# relative_time, cycles_done, cur_item, corpus_count, pending_total, pending_favs, total_edges, saved_crashes, saved_hangs, max_depth, execs_per_sec, execs_done, edges_found16,0,44,278,248,0,11200,0,0,0,2485,2485,2227
31,0,145,325,253,0,11200,0,0,0,4699,4699,2274
46,0,206,357,244,0,11200,0,0,0,6939,6939,2309
61,0,247,392,247,0,11200,0,0,0,8864,8864,2329
77,0,307,414,236,0,11200,0,0,0,11030,11030,2391
92,0,360,436,227,0,11200,0,0,0,13321,13321,2405
107,0,440,467,225,0,11200,0,0,0,15540,15540,2457
123,0,493,504,230,0,11200,0,0,0,17681,17681,2489
139,1,90,512,230,0,11200,0,0,0,20230,20230,2493
154,1,155,516,233,0,11200,0,0,0,22687,22687,2496
169,1,213,525,242,0,11200,0,0,0,24993,24993,2513
184,1,258,534,250,0,11200,0,0,0,27162,27162,2542
200,1,331,541,257,0,11200,0,0,0,29261,29261,2551
215,1,399,552,263,0,11200,0,0,0,31304,31304,2560
230,1,459,559,268,0,11200,0,0,0,33267,33267,2565
246,1,502,566,275,0,11200,0,0,0,35333,35333,2573
262,1,550,578,258,0,11200,0,0,0,37347,37347,2596
277,2,31,584,254,0,11200,0,0,0,39728,39728,2596
292,2,131,588,254,0,11200,0,0,0,41950,41950,2599
308,2,191,591,255,0,11200,0,0,0,44737,44737,2600
323,2,244,593,257,0,11200,0,0,0,46772,46772,2601
338,2,311,594,258,0,11200,0,0,0,49053,49053,2601
354,2,377,598,261,0,11200,0,0,0,50990,50990,2606
369,2,453,602,261,0,11200,0,0,0,53048,53048,2606
384,2,528,606,265,0,11200,0,0,0,55075,55075,2608
400,2,583,610,263,0,11200,0,0,0,56670,56670,2611
415,3,11,615,255,0,11200,0,0,0,58360,58360,2613
430,3,123,617,256,0,11200,0,0,0,60815,60815,2613
445,3,179,618,257,0,11200,0,0,0,63119,63119,2613
461,3,221,618,257,0,11200,0,0,0,65168,65168,2613
476,3,269,619,255,0,11200,0,0,0,67487,67487,2613
491,3,338,619,254,0,11200,0,0,0,69522,69522,2613
507,3,405,624,257,0,11200,0,0,0,71626,71626,2615
522,3,471,630,262,0,11200,0,0,0,73732,73732,2619
537,3,522,633,264,0,11200,0,0,0,75574,75574,2620
553,3,567,634,265,0,11200,0,0,0,77179,77179,2622
568,4,8,638,262,0,11200,0,0,0,79023,79023,2623
583,4,95,638,259,0,11200,0,0,0,81411,81411,2623
598,4,153,638,257,0,11200,0,0,0,83839,83839,2623
613,4,206,639,258,0,11200,0,0,0,85978,85978,2625
628,4,264,642,261,0,11200,0,0,0,88397,88397,2627
643,4,322,643,261,0,11200,0,0,0,90305,90305,2627
659,4,391,643,259,0,11200,0,0,0,92454,92454,2627
674,4,471,645,260,0,11200,0,0,0,94512,94512,2627
690,4,524,647,261,0,11200,0,0,0,96593,96593,2628
705,4,567,649,261,0,11200,0,0,0,98281,98281,2628
721,4,631,653,264,0,11200,0,0,0,99897,99897,2643
736,5,24,657,258,0,11200,0,0,0,102070,102070,2649
752,5,133,657,254,0,11200,0,0,0,104345,104345,2649
767,5,183,657,251,0,11200,0,0,0,106515,106515,2649
782,5,237,658,252,0,11200,0,0,0,108965,108965,2650
797,5,301,660,252,0,11200,0,0,0,111117,111117,2660
813,5,348,663,253,0,11200,0,0,0,113401,113401,2661
828,5,434,664,251,0,11200,0,0,0,115422,115422,2661
843,5,486,665,250,0,11200,0,0,0,117149,117149,2661
858,5,532,667,251,0,11200,0,0,0,118903,118903,2669
873,5,588,671,253,0,11200,0,0,0,120713,120713,2671
889,5,649,672,251,0,11200,0,0,0,121935,121935,2671
904,6,47,672,242,0,11200,0,0,0,124431,124431,2671
919,6,150,672,238,0,11200,0,0,0,126982,126982,2671
934,6,190,673,239,0,11200,0,0,0,129138,129138,2671
949,6,238,673,239,0,11200,0,0,0,131376,131376,2671
965,6,301,673,239,0,11200,0,0,0,133682,133682,2671
980,6,361,676,242,0,11200,0,0,0,135843,135843,2673
995,6,453,677,240,0,11200,0,0,0,137952,137952,2674
1011,6,502,678,241,0,11200,0,0,0,139815,139815,2674
1026,6,559,679,242,0,11200,0,0,0,141801,141801,2674
1041,6,633,680,241,0,11200,0,0,0,143546,143546,2698
1057,6,675,682,240,0,11200,0,0,0,144935,144935,2708
1072,7,88,684,237,0,11200,0,0,0,147385,147385,2709
1087,7,161,685,237,0,11200,0,0,0,150082,150082,2709
1102,7,219,686,237,0,11200,0,0,0,152319,152319,2711
1118,7,278,688,239,0,11200,0,0,0,154564,154564,2712
1133,7,338,689,239,0,11200,0,0,0,156640,156640,2715
1149,7,434,689,239,0,11200,0,0,0,158808,158808,2715
1164,7,484,691,239,0,11200,0,0,0,160844,160844,2716
1179,7,532,692,237,0,11200,0,0,0,162751,162751,2716
1195,7,608,694,238,0,11200,0,0,0,164557,164557,2716
1211,7,670,698,241,0,11200,0,0,0,166513,166513,2718
1226,8,5,720,241,0,11200,0,0,0,168307,168307,2738
1241,8,101,722,240,0,11200,0,0,0,171009,171009,2738
1257,8,168,722,240,0,11200,0,0,0,173638,173638,2738
1272,8,216,722,240,0,11200,0,0,0,175812,175812,2738
1287,8,285,723,239,0,11200,0,0,0,178132,178132,2739
1302,8,345,724,238,0,11200,0,0,0,180455,180455,2741
1317,8,435,724,236,0,11200,0,0,0,182483,182483,2741
1333,8,483,725,236,0,11200,0,0,0,184346,184346,2741
1348,8,532,726,237,0,11200,0,0,0,186362,186362,2742
1363,8,616,727,234,0,11200,0,0,0,188506,188506,2742
1378,8,683,730,235,0,11200,0,0,0,190373,190373,2742
1394,9,3,744,239,0,11200,0,0,0,192149,192149,2749
1409,9,99,744,237,0,11200,0,0,0,194351,194351,2749
1424,9,161,747,240,0,11200,0,0,0,196710,196710,2756
1439,9,212,747,238,0,11200,0,0,0,199086,199086,2756
1454,9,254,747,238,0,11200,0,0,0,201021,201021,2756
1469,9,311,748,239,0,11200,0,0,0,203251,203251,2762
1486,9,369,749,240,0,11200,0,0,0,205314,205314,2762
1501,9,448,750,239,0,11200,0,0,0,207501,207501,2762
1517,9,508,751,240,0,11200,0,0,0,209615,209615,2765
1532,9,556,751,240,0,11200,0,0,0,211100,211100,2765
1548,9,648,755,243,0,11200,0,0,0,213045,213045,2767
1563,9,707,761,247,0,11200,0,0,0,215063,215063,2767
1578,10,9,762,241,0,11200,0,0,0,216944,216944,2767
1593,10,105,762,236,0,11200,0,0,0,219376,219376,2767
1608,10,169,762,236,0,11200,0,0,0,221909,221909,2767
1623,10,218,763,236,0,11200,0,0,0,224343,224343,2767
1639,10,278,763,236,0,11200,0,0,0,226635,226635,2767
1654,10,330,763,233,0,11200,0,0,0,228653,228653,2767
1670,10,405,763,233,0,11200,0,0,0,230876,230876,2767
1686,10,471,765,235,0,11200,0,0,0,232796,232796,2767
1702,10,527,766,235,0,11200,0,0,0,234805,234805,2767
1717,10,603,767,235,0,11200,0,0,0,237001,237001,2768
1732,10,652,770,237,0,11200,0,0,0,238517,238517,2769
1747,10,708,773,237,0,11200,0,0,0,240527,240527,2786
1762,11,774,780,234,0,11200,0,0,0,242311,242311,2787
1778,11,99,780,230,0,11200,0,0,0,244789,244789,2787
1793,11,153,781,230,0,11200,0,0,0,247097,247097,2788
1808,11,215,781,228,0,11200,0,0,0,249495,249495,2788
1824,11,274,782,229,0,11200,0,0,0,251931,251931,2788
1839,11,332,783,230,0,11200,0,0,0,253939,253939,2788
1854,11,405,783,230,0,11200,0,0,0,256059,256059,2788
1869,11,475,783,226,0,11200,0,0,0,258260,258260,2788
1885,11,516,783,225,0,11200,0,0,0,260251,260251,2788
1900,11,588,783,223,0,11200,0,0,0,262178,262178,2788
1916,11,661,783,221,0,11200,0,0,0,264239,264239,2788
1932,11,712,787,225,0,11200,0,0,0,265870,265870,2790
1947,11,780,789,226,0,11200,0,0,0,267806,267806,2796
1963,12,72,790,221,0,11200,0,0,0,269837,269837,2796
1978,12,138,791,220,0,11200,0,0,0,272004,272004,2796
1993,12,206,793,222,0,11200,0,0,0,274496,274496,2796
2008,12,252,793,222,0,11200,0,0,0,276676,276676,2796
2023,12,308,793,222,0,11200,0,0,0,278706,278706,2796
2038,12,383,793,222,0,11200,0,0,0,280721,280721,2796
2054,12,466,794,222,0,11200,0,0,0,282845,282845,2796
2069,12,513,796,223,0,11200,0,0,0,284796,284796,2798
2084,12,560,796,222,0,11200,0,0,0,286423,286423,2798
2099,12,638,796,221,0,11200,0,0,0,287954,287954,2798
2114,12,681,800,224,0,11200,0,0,0,289743,289743,2799
2129,12,725,803,227,0,11200,0,0,0,291380,291380,2799
2146,12,797,805,223,0,11200,0,0,0,293318,293318,2799
2161,13,88,807,221,0,11200,0,0,0,295853,295853,2801
2177,13,170,807,221,0,11200,0,0,0,298243,298243,2801
2192,13,222,807,221,0,11200,0,0,0,300523,300523,2801
2207,13,270,807,219,0,11200,0,0,0,302611,302611,2801
2223,13,332,807,219,0,11200,0,0,0,304504,304504,2801
2238,13,403,807,218,0,11200,0,0,0,306620,306620,2801
2253,13,469,807,218,0,11200,0,0,0,308655,308655,2801
2268,13,523,807,217,0,11200,0,0,0,310802,310802,2801
2284,13,597,807,216,0,11200,0,0,0,312601,312601,2801
2301,13,670,810,217,0,11200,0,0,0,314526,314526,2801
2317,13,714,811,217,0,11200,0,0,0,316130,316130,2803
2332,13,785,813,218,0,11200,0,0,0,318105,318105,2803
2347,14,8,814,216,0,11200,0,0,0,319422,319422,2803
2362,14,107,814,214,0,11200,0,0,0,321730,321730,2803
2378,14,159,814,213,0,11200,0,0,0,324641,324641,2803
2393,14,217,817,215,0,11200,0,0,0,327045,327045,2803
2410,14,277,817,215,0,11200,0,0,0,329287,329287,2803
2425,14,337,820,218,0,11200,0,0,0,331340,331340,2804
2442,14,434,820,217,0,11200,0,0,0,333598,333598,2804
2457,14,488,820,217,0,11200,0,0,0,335600,335600,2804
2472,14,539,822,219,0,11200,0,0,0,337565,337565,2805
2488,14,620,822,216,0,11200,0,0,0,339726,339726,2805
2504,14,679,822,214,0,11200,0,0,0,341541,341541,2805
2519,14,732,822,214,0,11200,0,0,0,343574,343574,2805
2537,14,788,827,219,0,11200,0,0,0,345644,345644,2806
2552,15,32,827,216,0,11200,0,0,0,347975,347975,2806
2568,15,132,827,215,0,11200,0,0,0,350407,350407,2806
2583,15,187,827,214,0,11200,0,0,0,353235,353235,2806
2599,15,223,827,212,0,11200,0,0,0,355407,355407,2806
2614,15,285,827,212,0,11200,0,0,0,357647,357647,2806
2629,15,345,827,209,0,11200,0,0,0,359790,359790,2806
2644,15,434,827,208,0,11200,0,0,0,361894,361894,2806
2659,15,487,827,208,0,11200,0,0,0,363903,363903,2806
2675,15,534,827,208,0,11200,0,0,0,365876,365876,2806
2690,15,597,827,207,0,11200,0,0,0,367652,367652,2806
2706,15,661,827,207,0,11200,0,0,0,369606,369606,2806
2721,15,722,827,206,0,11200,0,0,0,371582,371582,2806
2736,15,772,827,204,0,11200,0,0,0,373347,373347,2806
2751,16,13,827,202,0,11200,0,0,0,375137,375137,2806
2766,16,121,827,199,0,11200,0,0,0,377668,377668,2806
2782,16,178,827,199,0,11200,0,0,0,380127,380127,2806
2797,16,228,827,199,0,11200,0,0,0,382295,382295,2806
2813,16,292,827,198,0,11200,0,0,0,384523,384523,2806
2828,16,360,827,198,0,11200,0,0,0,386733,386733,2806
2843,16,450,829,199,0,11200,0,0,0,388846,388846,2807
2859,16,502,830,197,0,11200,0,0,0,391064,391064,2807
2877,16,556,831,198,0,11200,0,0,0,393044,393044,2807
2892,16,625,831,196,0,11200,0,0,0,394850,394850,2807
2908,16,703,832,197,0,11200,0,0,0,397172,397172,2809
2923,16,771,832,195,0,11200,0,0,0,398988,398988,2809
2941,17,826,832,194,0,11200,0,0,0,400592,400592,2809
2957,17,99,833,191,0,11200,0,0,0,402972,402972,2810
2972,17,161,834,192,0,11200,0,0,0,405382,405382,2810
2987,17,219,834,192,0,11200,0,0,0,407237,407237,2810
3002,17,278,834,192,0,11200,0,0,0,409523,409523,2810
3018,17,345,835,193,0,11200,0,0,0,411600,411600,2810
3033,17,433,835,193,0,11200,0,0,0,413732,413732,2810
3048,17,483,835,192,0,11200,0,0,0,416055,416055,2810
3063,17,525,835,191,0,11200,0,0,0,417963,417963,2810
3078,17,586,835,190,0,11200,0,0,0,419733,419733,2810
3094,17,658,837,190,0,11200,0,0,0,421638,421638,2810
3109,17,708,837,189,0,11200,0,0,0,423265,423265,2810
3124,17,771,837,188,0,11200,0,0,0,425211,425211,2810
3140,17,800,839,189,0,11200,0,0,0,426656,426656,2812
3155,18,27,840,185,0,11200,0,0,0,428700,428700,2812
3170,18,134,840,184,0,11200,0,0,0,431092,431092,2812
3185,18,186,840,184,0,11200,0,0,0,433386,433386,2812
3200,18,229,840,184,0,11200,0,0,0,435399,435399,2812
3215,18,288,840,184,0,11200,0,0,0,437431,437431,2812
3230,18,356,840,184,0,11200,0,0,0,439586,439586,2812
3246,18,432,841,183,0,11200,0,0,0,441851,441851,2813
3261,18,482,841,181,0,11200,0,0,0,443847,443847,2813
3276,18,543,843,183,0,11200,0,0,0,445938,445938,2813
3293,18,608,845,183,0,11200,0,0,0,447499,447499,2813
3308,18,670,846,184,0,11200,0,0,0,449285,449285,2814
3323,18,734,846,184,0,11200,0,0,0,451261,451261,2814
3338,18,780,847,183,0,11200,0,0,0,452914,452914,2814
3354,19,1,847,179,0,11200,0,0,0,454578,454578,2814
3369,19,96,847,179,0,11200,0,0,0,456883,456883,2814
3384,19,159,848,179,0,11200,0,0,0,459276,459276,2814
3400,19,215,848,179,0,11200,0,0,0,461623,461623,2814
3415,19,277,849,179,0,11200,0,0,0,463822,463822,2815
3431,19,340,850,179,0,11200,0,0,0,466035,466035,2815
3446,19,431,850,178,0,11200,0,0,0,468119,468119,2815
3461,19,471,851,179,0,11200,0,0,0,469617,469617,2815
3477,19,529,851,178,0,11200,0,0,0,471598,471598,2815
3492,19,588,853,180,0,11200,0,0,0,473380,473380,2817
3507,19,645,854,181,0,11200,0,0,0,474601,474601,2818
3523,19,685,854,180,0,11200,0,0,0,476259,476259,2818
3539,19,755,854,179,0,11200,0,0,0,478398,478398,2818
3556,19,800,854,179,0,11200,0,0,0,479765,479765,2818
3572,20,854,855,173,0,11200,0,0,0,481305,481305,2820
3588,20,90,856,171,0,11200,0,0,0,483843,483843,2820
3603,20,154,856,170,0,11200,0,0,0,486110,486110,2820
3618,20,213,856,170,0,11200,0,0,0,488314,488314,2820
3633,20,264,857,171,0,11200,0,0,0,490360,490360,2821
3649,20,325,857,171,0,11200,0,0,0,492491,492491,2821
3664,20,398,857,167,0,11200,0,0,0,494596,494596,2821
3680,20,448,857,167,0,11200,0,0,0,496131,496131,2821
3695,20,500,858,167,0,11200,0,0,0,498149,498149,2821
3710,20,546,858,166,0,11200,0,0,0,500122,500122,2821
3727,20,608,858,166,0,11200,0,0,0,501583,501583,2821
3742,20,661,858,166,0,11200,0,0,0,503405,503405,2821
3758,20,725,858,164,0,11200,0,0,0,505348,505348,2821
3773,20,794,858,161,0,11200,0,0,0,507207,507207,2821
3788,21,19,858,159,0,11200,0,0,0,509354,509354,2821
3804,21,119,858,157,0,11200,0,0,0,511609,511609,2821
3819,21,178,860,159,0,11200,0,0,0,514089,514089,2822
3835,21,227,860,158,0,11200,0,0,0,516379,516379,2822
3850,21,288,860,158,0,11200,0,0,0,518651,518651,2822
3865,21,363,862,160,0,11200,0,0,0,520845,520845,2823
3881,21,446,862,159,0,11200,0,0,0,522958,522958,2823
3896,21,490,862,158,0,11200,0,0,0,524934,524934,2823
3911,21,536,862,158,0,11200,0,0,0,526996,526996,2823
3929,21,608,862,157,0,11200,0,0,0,529021,529021,2823
3945,21,670,862,157,0,11200,0,0,0,530664,530664,2823
3960,21,719,864,157,0,11200,0,0,0,532586,532586,2823
3977,21,780,866,159,0,11200,0,0,0,534536,534536,2823
3993,21,845,867,158,0,11200,0,0,0,536432,536432,2823
4008,22,19,869,155,0,11200,0,0,0,538616,538616,2825
4023,22,121,870,155,0,11200,0,0,0,540921,540921,2825
4038,22,178,870,154,0,11200,0,0,0,543296,543296,2825
4053,22,224,871,154,0,11200,0,0,0,545251,545251,2825
4069,22,282,871,152,0,11200,0,0,0,547548,547548,2825
4084,22,355,871,151,0,11200,0,0,0,549670,549670,2825
4099,22,434,872,152,0,11200,0,0,0,551519,551519,2825
4114,22,496,873,153,0,11200,0,0,0,553460,553460,2825
4129,22,556,873,153,0,11200,0,0,0,555478,555478,2825
4145,22,646,873,152,0,11200,0,0,0,557773,557773,2825
4160,22,703,874,152,0,11200,0,0,0,559670,559670,2827
4176,22,770,874,151,0,11200,0,0,0,561499,561499,2827
4193,22,805,874,151,0,11200,0,0,0,562901,562901,2827
4208,23,3,878,151,0,11200,0,0,0,564753,564753,2830
4223,23,84,878,150,0,11200,0,0,0,567013,567013,2830
4238,23,147,878,150,0,11200,0,0,0,569335,569335,2830
4253,23,196,878,149,0,11200,0,0,0,571551,571551,2830
4269,23,254,878,149,0,11200,0,0,0,573765,573765,2830
4284,23,315,878,149,0,11200,0,0,0,575822,575822,2830
4299,23,390,878,149,0,11200,0,0,0,577792,577792,2830
4314,23,471,878,149,0,11200,0,0,0,579849,579849,2830
4329,23,524,878,148,0,11200,0,0,0,581844,581844,2830
4345,23,587,879,149,0,11200,0,0,0,583897,583897,2830
4360,23,651,879,148,0,11200,0,0,0,585397,585397,2830
4376,23,703,880,148,0,11200,0,0,0,587558,587558,2832
4391,23,779,880,145,0,11200,0,0,0,589525,589525,2832
4407,23,826,880,144,0,11200,0,0,0,590840,590840,2832
4424,23,866,880,143,0,11200,0,0,0,592486,592486,2832
4439,24,78,880,142,0,11200,0,0,0,594840,594840,2832
4454,24,139,880,141,0,11200,0,0,0,597052,597052,2832
4470,24,202,881,141,0,11200,0,0,0,599449,599449,2832
4485,24,255,881,141,0,11200,0,0,0,601705,601705,2832
4501,24,325,881,141,0,11200,0,0,0,603833,603833,2832
4516,24,406,881,139,0,11200,0,0,0,606062,606062,2832
4531,24,478,881,139,0,11200,0,0,0,608119,608119,2832
4546,24,514,882,140,0,11200,0,0,0,610010,610010,2834
4562,24,567,882,140,0,11200,0,0,0,611956,611956,2834
4577,24,633,882,139,0,11200,0,0,0,613583,613583,2834
4593,24,698,882,139,0,11200,0,0,0,615805,615805,2834
4609,24,770,882,139,0,11200,0,0,0,617587,617587,2834
4624,24,817,883,139,0,11200,0,0,0,619290,619290,2834
4640,25,873,884,139,0,11200,0,0,0,620820,620820,2834
4655,25,78,885,138,0,11200,0,0,0,623225,623225,2834
4671,25,150,885,138,0,11200,0,0,0,625445,625445,2834
4686,25,213,885,138,0,11200,0,0,0,627692,627692,2834
4701,25,266,887,139,0,11200,0,0,0,629869,629869,2834
4717,25,332,887,138,0,11200,0,0,0,632185,632185,2834
4732,25,402,887,138,0,11200,0,0,0,634261,634261,2834
4747,25,488,887,138,0,11200,0,0,0,636445,636445,2834
4763,25,540,887,138,0,11200,0,0,0,638403,638403,2834
4778,25,612,888,138,0,11200,0,0,0,640419,640419,2835
4793,25,670,888,138,0,11200,0,0,0,641923,641923,2835
4808,25,731,888,138,0,11200,0,0,0,643860,643860,2835
4824,25,783,888,137,0,11200,0,0,0,645623,645623,2835
4839,25,849,889,138,0,11200,0,0,0,647353,647353,2835
4854,26,13,889,136,0,11200,0,0,0,649343,649343,2835
4870,26,107,890,136,0,11200,0,0,0,651762,651762,2835
4885,26,165,890,136,0,11200,0,0,0,654314,654314,2835
4900,26,215,890,136,0,11200,0,0,0,656300,656300,2835
4916,26,283,890,136,0,11200,0,0,0,658470,658470,2835
4931,26,337,890,136,0,11200,0,0,0,660537,660537,2835
4946,26,432,890,136,0,11200,0,0,0,662702,662702,2835
4961,26,481,890,136,0,11200,0,0,0,664679,664679,2835
4977,26,527,890,136,0,11200,0,0,0,666636,666636,2835
4992,26,587,890,136,0,11200,0,0,0,668832,668832,2835
5007,26,659,891,136,0,11200,0,0,0,670544,670544,2837
5023,26,715,892,137,0,11200,0,0,0,672492,672492,2839
5039,26,779,892,137,0,11200,0,0,0,674288,674288,2839
5054,26,831,892,136,0,11200,0,0,0,675568,675568,2839
5069,27,890,896,136,0,11200,0,0,0,677334,677334,2840
5084,27,65,897,134,0,11200,0,0,0,679519,679519,2842
5100,27,145,897,134,0,11200,0,0,0,681940,681940,2842
5115,27,198,897,134,0,11200,0,0,0,684268,684268,2842
5130,27,234,898,135,0,11200,0,0,0,686228,686228,2842
5145,27,301,898,135,0,11200,0,0,0,688547,688547,2842
5161,27,381,898,135,0,11200,0,0,0,690806,690806,2842
5176,27,457,898,133,0,11200,0,0,0,692820,692820,2842
5191,27,503,900,135,0,11200,0,0,0,694859,694859,2842
5207,27,558,900,135,0,11200,0,0,0,696749,696749,2842
5222,27,638,900,134,0,11200,0,0,0,698856,698856,2842
5238,27,694,901,133,0,11200,0,0,0,700911,700911,2842
5253,27,763,901,132,0,11200,0,0,0,702958,702958,2842
5272,27,797,901,132,0,11200,0,0,0,704331,704331,2842
5287,27,873,901,132,0,11200,0,0,0,706010,706010,2842
5302,28,27,902,129,0,11200,0,0,0,708216,708216,2842
5317,28,115,902,129,0,11200,0,0,0,710451,710451,2842
5333,28,175,902,129,0,11200,0,0,0,712836,712836,2842
5348,28,222,902,129,0,11200,0,0,0,714799,714799,2842
5363,28,279,902,129,0,11200,0,0,0,717011,717011,2842
5378,28,348,902,129,0,11200,0,0,0,719074,719074,2842
5394,28,438,902,129,0,11200,0,0,0,721237,721237,2842
5409,28,489,902,129,0,11200,0,0,0,723407,723407,2842
5425,28,540,903,130,0,11200,0,0,0,725087,725087,2842
5442,28,608,903,130,0,11200,0,0,0,726953,726953,2842
5457,28,670,904,131,0,11200,0,0,0,728596,728596,2843
5473,28,723,904,131,0,11200,0,0,0,730500,730500,2843
5488,28,776,908,133,0,11200,0,0,0,732304,732304,2843
5503,28,848,908,133,0,11200,0,0,0,733886,733886,2843
5518,29,13,908,130,0,11200,0,0,0,735970,735970,2843
5534,29,115,908,130,0,11200,0,0,0,738225,738225,2843
5549,29,171,908,130,0,11200,0,0,0,740552,740552,2843
5564,29,217,908,130,0,11200,0,0,0,742652,742652,2843
5579,29,279,908,130,0,11200,0,0,0,744849,744849,2843
5595,29,336,909,130,0,11200,0,0,0,746995,746995,2845
5610,29,405,909,129,0,11200,0,0,0,749200,749200,2845
5625,29,484,909,129,0,11200,0,0,0,751211,751211,2845
5641,29,538,909,129,0,11200,0,0,0,753249,753249,2845
5656,29,608,909,128,0,11200,0,0,0,754917,754917,2845
5671,29,661,911,130,0,11200,0,0,0,756548,756548,2846
5686,29,708,911,130,0,11200,0,0,0,758489,758489,2846
5702,29,775,911,130,0,11200,0,0,0,760334,760334,2846
5717,29,840,911,129,0,11200,0,0,0,761999,761999,2846
5732,30,903,911,127,0,11200,0,0,0,763740,763740,2846
5748,30,78,912,126,0,11200,0,0,0,766057,766057,2846
5763,30,155,912,126,0,11200,0,0,0,768522,768522,2846
5778,30,212,912,126,0,11200,0,0,0,770536,770536,2846
5793,30,269,913,127,0,11200,0,0,0,772688,772688,2846
5808,30,325,913,127,0,11200,0,0,0,774798,774798,2846
5824,30,398,913,126,0,11200,0,0,0,776938,776938,2846
5839,30,463,913,126,0,11200,0,0,0,779153,779153,2846
5854,30,522,914,127,0,11200,0,0,0,781057,781057,2848
5869,30,586,914,127,0,11200,0,0,0,783051,783051,2848
5884,30,650,914,127,0,11200,0,0,0,784779,784779,2848
5900,30,707,914,127,0,11200,0,0,0,786788,786788,2848
5915,30,755,915,128,0,11200,0,0,0,788436,788436,2855
5931,30,831,915,126,0,11200,0,0,0,790530,790530,2855
5946,31,908,915,124,0,11200,0,0,0,792540,792540,2855
5961,31,58,917,123,0,11200,0,0,0,794779,794779,2857
5977,31,148,919,123,0,11200,0,0,0,797096,797096,2859
5992,31,202,919,123,0,11200,0,0,0,799478,799478,2859
6007,31,244,919,123,0,11200,0,0,0,801666,801666,2859
6023,31,301,919,122,0,11200,0,0,0,803676,803676,2859
6039,31,377,919,122,0,11200,0,0,0,806084,806084,2859
6054,31,452,919,122,0,11200,0,0,0,808175,808175,2859
6069,31,514,919,122,0,11200,0,0,0,810075,810075,2859
6084,31,573,919,121,0,11200,0,0,0,811808,811808,2859
6100,31,650,919,121,0,11200,0,0,0,813853,813853,2859
6115,31,702,919,119,0,11200,0,0,0,815877,815877,2859
6130,31,772,919,118,0,11200,0,0,0,817557,817557,2859
6145,31,805,920,118,0,11200,0,0,0,818754,818754,2859
6161,31,887,920,117,0,11200,0,0,0,820721,820721,2859
6176,32,23,921,113,0,11200,0,0,0,822821,822821,2859
6191,32,136,921,113,0,11200,0,0,0,825286,825286,2859
6207,32,205,921,113,0,11200,0,0,0,827726,827726,2859
6222,32,255,921,113,0,11200,0,0,0,829983,829983,2859
6237,32,324,921,113,0,11200,0,0,0,831941,831941,2859
6253,32,385,921,113,0,11200,0,0,0,833976,833976,2859
6268,32,460,921,113,0,11200,0,0,0,836115,836115,2859
6283,32,510,921,113,0,11200,0,0,0,838161,838161,2859
6298,32,567,921,113,0,11200,0,0,0,839779,839779,2859
6313,32,634,922,114,0,11200,0,0,0,841508,841508,2859
6329,32,698,922,114,0,11200,0,0,0,843198,843198,2859
6344,32,772,922,114,0,11200,0,0,0,844986,844986,2859
6359,32,838,922,110,0,11200,0,0,0,846628,846628,2859
6375,32,904,923,110,0,11200,0,0,0,848527,848527,2859
6390,33,31,923,110,0,11200,0,0,0,850750,850750,2859
6405,33,137,923,109,0,11200,0,0,0,853111,853111,2859
6420,33,189,924,110,0,11200,0,0,0,855458,855458,2859
6435,33,238,924,110,0,11200,0,0,0,857581,857581,2859
6451,33,306,924,109,0,11200,0,0,0,859820,859820,2859
6467,33,381,924,109,0,11200,0,0,0,861862,861862,2859
6482,33,452,924,108,0,11200,0,0,0,863962,863962,2859
6497,33,501,924,108,0,11200,0,0,0,865893,865893,2859
6515,33,556,925,109,0,11200,0,0,0,867938,867938,2859
6530,33,633,925,109,0,11200,0,0,0,869699,869699,2859
6546,33,683,925,109,0,11200,0,0,0,871464,871464,2859
6561,33,745,925,109,0,11200,0,0,0,873254,873254,2859
6577,33,794,925,108,0,11200,0,0,0,875124,875124,2859
6592,33,838,925,108,0,11200,0,0,0,875942,875942,2859
6607,33,892,925,106,0,11200,0,0,0,877983,877983,2859
6622,34,25,925,105,0,11200,0,0,0,880165,880165,2859
6638,34,128,925,105,0,11200,0,0,0,882443,882443,2859
6653,34,200,925,105,0,11200,0,0,0,884807,884807,2859
6669,34,268,925,105,0,11200,0,0,0,887288,887288,2859
6684,34,332,925,105,0,11200,0,0,0,889373,889373,2859
6699,34,408,925,104,0,11200,0,0,0,891400,891400,2859
6714,34,481,925,104,0,11200,0,0,0,893591,893591,2859
6729,34,527,925,104,0,11200,0,0,0,895533,895533,2859
6745,34,583,925,104,0,11200,0,0,0,897156,897156,2859
6760,34,645,925,104,0,11200,0,0,0,898840,898840,2859
6776,34,685,926,104,0,11200,0,0,0,900278,900278,2859
6791,34,732,926,104,0,11200,0,0,0,901938,901938,2859
6807,34,788,926,103,0,11200,0,0,0,903743,903743,2859
6822,34,877,928,103,0,11200,0,0,0,905872,905872,2860
6838,35,13,929,98,0,11200,0,0,0,907798,907798,2863
6853,35,90,929,98,0,11200,0,0,0,910110,910110,2863
6869,35,154,929,98,0,11200,0,0,0,912466,912466,2863
6884,35,223,930,99,0,11200,0,0,0,914916,914916,2863
6899,35,282,930,98,0,11200,0,0,0,916920,916920,2863
6914,35,360,930,97,0,11200,0,0,0,919005,919005,2863
6930,35,445,930,96,0,11200,0,0,0,921088,921088,2863
6945,35,508,930,96,0,11200,0,0,0,923028,923028,2863
6960,35,588,930,96,0,11200,0,0,0,925131,925131,2863
6975,35,655,930,96,0,11200,0,0,0,926661,926661,2863
6991,35,718,930,96,0,11200,0,0,0,928676,928676,2863
7006,35,783,930,96,0,11200,0,0,0,930435,930435,2863
7022,35,848,930,96,0,11200,0,0,0,932327,932327,2863
7038,35,913,933,99,0,11200,0,0,0,934233,934233,2864
7053,36,29,933,95,0,11200,0,0,0,936280,936280,2864
7068,36,136,933,95,0,11200,0,0,0,938658,938658,2864
7083,36,187,933,95,0,11200,0,0,0,940953,940953,2864
7099,36,242,933,94,0,11200,0,0,0,943141,943141,2864
7114,36,329,933,94,0,11200,0,0,0,945396,945396,2864
7129,36,402,933,94,0,11200,0,0,0,947429,947429,2864
7145,36,463,933,94,0,11200,0,0,0,949448,949448,2864
7160,36,510,933,94,0,11200,0,0,0,951292,951292,2864
7175,36,584,933,94,0,11200,0,0,0,953111,953111,2864
7190,36,651,933,94,0,11200,0,0,0,955047,955047,2864
7205,36,707,933,94,0,11200,0,0,0,956806,956806,2864
7221,36,766,933,93,0,11200,0,0,0,958500,958500,2864
7236,36,800,933,93,0,11200,0,0,0,959622,959622,2864
7252,36,875,933,92,0,11200,0,0,0,961534,961534,2864
7267,37,11,933,92,0,11200,0,0,0,963429,963429,2864
7282,37,110,933,92,0,11200,0,0,0,965844,965844,2864
7297,37,176,933,92,0,11200,0,0,0,968187,968187,2864
7312,37,222,933,92,0,11200,0,0,0,970298,970298,2864
7327,37,277,933,92,0,11200,0,0,0,972510,972510,2864
7343,37,336,933,92,0,11200,0,0,0,974559,974559,2864
7358,37,402,933,92,0,11200,0,0,0,976753,976753,2864
7373,37,479,933,92,0,11200,0,0,0,978758,978758,2864
7389,37,524,933,92,0,11200,0,0,0,980727,980727,2864
7405,37,558,933,92,0,11200,0,0,0,982325,982325,2864
7420,37,651,933,91,0,11200,0,0,0,984286,984286,2864
7436,37,702,933,91,0,11200,0,0,0,986132,986132,2864
7451,37,752,934,91,0,11200,0,0,0,987925,987925,2864
7468,37,826,934,91,0,11200,0,0,0,989561,989561,2864
7483,37,910,934,90,0,11200,0,0,0,991595,991595,2864
7499,38,44,934,90,0,11200,0,0,0,994040,994040,2864
7514,38,134,934,90,0,11200,0,0,0,996272,996272,2864
7529,38,180,934,90,0,11200,0,0,0,998660,998660,2864
7544,38,225,934,89,0,11200,0,0,0,1000806,1000806,2864
7560,38,288,934,89,0,11200,0,0,0,1003176,1003176,2864
7575,38,360,934,89,0,11200,0,0,0,1005210,1005210,2864
7590,38,450,934,89,0,11200,0,0,0,1007282,1007282,2864
7605,38,503,934,89,0,11200,0,0,0,1009376,1009376,2864
7622,38,558,934,89,0,11200,0,0,0,1011071,1011071,2864
7637,38,631,935,89,0,11200,0,0,0,1012882,1012882,2864
7652,38,682,936,89,0,11200,0,0,0,1014542,1014542,2864
7668,38,732,936,89,0,11200,0,0,0,1016254,1016254,2864
7683,38,790,936,88,0,11200,0,0,0,1017956,1017956,2864
7698,38,849,937,88,0,11200,0,0,0,1019591,1019591,2864
7713,38,913,937,86,0,11200,0,0,0,1021273,1021273,2864
7728,39,31,937,85,0,11200,0,0,0,1023258,1023258,2864
7744,39,136,937,84,0,11200,0,0,0,1025509,1025509,2864
7759,39,188,937,84,0,11200,0,0,0,1027841,1027841,2864
7774,39,240,937,84,0,11200,0,0,0,1030120,1030120,2864
7790,39,301,937,84,0,11200,0,0,0,1032206,1032206,2864
7805,39,363,937,84,0,11200,0,0,0,1034340,1034340,2864
7821,39,445,937,84,0,11200,0,0,0,1036229,1036229,2864
7836,39,493,937,84,0,11200,0,0,0,1038159,1038159,2864
7851,39,540,937,84,0,11200,0,0,0,1040047,1040047,2864
7866,39,625,939,85,0,11200,0,0,0,1041857,1041857,2865
7881,39,687,939,85,0,11200,0,0,0,1043902,1043902,2865
7898,39,749,939,84,0,11200,0,0,0,1045779,1045779,2865
7913,39,810,940,85,0,11200,0,0,0,1047604,1047604,2865
7931,39,891,940,84,0,11200,0,0,0,1049662,1049662,2865
7947,40,8,940,83,0,11200,0,0,0,1051516,1051516,2865
7962,40,100,940,83,0,11200,0,0,0,1053839,1053839,2865
7977,40,156,940,83,0,11200,0,0,0,1056362,1056362,2865
7992,40,212,940,83,0,11200,0,0,0,1058719,1058719,2865
8008,40,273,940,83,0,11200,0,0,0,1061051,1061051,2865
8023,40,333,940,83,0,11200,0,0,0,1062974,1062974,2865
8039,40,406,940,83,0,11200,0,0,0,1065102,1065102,2865
8054,40,494,940,82,0,11200,0,0,0,1067106,1067106,2865
8070,40,555,940,82,0,11200,0,0,0,1069065,1069065,2865
8085,40,613,940,80,0,11200,0,0,0,1070902,1070902,2865
8100,40,679,941,80,0,11200,0,0,0,1072811,1072811,2865
8116,40,732,941,80,0,11200,0,0,0,1074693,1074693,2865
8131,40,813,941,80,0,11200,0,0,0,1076430,1076430,2865
8146,40,876,943,82,0,11200,0,0,0,1078245,1078245,2865
8162,41,938,944,81,0,11200,0,0,0,1080064,1080064,2865
8177,41,83,944,78,0,11200,0,0,0,1082345,1082345,2865
8192,41,141,944,77,0,11200,0,0,0,1084759,1084759,2865
8207,41,194,944,77,0,11200,0,0,0,1087053,1087053,2865
8223,41,244,944,77,0,11200,0,0,0,1089259,1089259,2865
8238,41,298,944,77,0,11200,0,0,0,1091348,1091348,2865
8254,41,361,944,77,0,11200,0,0,0,1093257,1093257,2865
8269,41,445,944,77,0,11200,0,0,0,1095165,1095165,2865
8285,41,500,944,77,0,11200,0,0,0,1097454,1097454,2865
8300,41,543,944,77,0,11200,0,0,0,1099093,1099093,2865
8315,41,607,944,77,0,11200,0,0,0,1100762,1100762,2865
8330,41,670,944,77,0,11200,0,0,0,1102513,1102513,2865
8346,41,731,944,77,0,11200,0,0,0,1104608,1104608,2865
8364,41,788,944,77,0,11200,0,0,0,1106380,1106380,2865
8379,41,851,944,75,0,11200,0,0,0,1108134,1108134,2865
8395,41,915,944,75,0,11200,0,0,0,1109854,1109854,2865
8410,42,19,944,74,0,11200,0,0,0,1111504,1111504,2865
8425,42,120,945,75,0,11200,0,0,0,1113907,1113907,2865
8441,42,171,945,75,0,11200,0,0,0,1116225,1116225,2865
8456,42,222,945,75,0,11200,0,0,0,1118350,1118350,2865
8472,42,271,945,75,0,11200,0,0,0,1120328,1120328,2865
8487,42,324,945,75,0,11200,0,0,0,1122455,1122455,2865
8502,42,390,945,75,0,11200,0,0,0,1124478,1124478,2865
8518,42,466,945,75,0,11200,0,0,0,1126266,1126266,2865
8533,42,522,945,75,0,11200,0,0,0,1128209,1128209,2865
8548,42,588,945,75,0,11200,0,0,0,1130223,1130223,2865
8564,42,657,945,75,0,11200,0,0,0,1131958,1131958,2865
8579,42,703,945,75,0,11200,0,0,0,1133754,1133754,2865
8595,42,770,945,74,0,11200,0,0,0,1135567,1135567,2865
8610,42,817,945,74,0,11200,0,0,0,1137182,1137182,2865
8626,42,876,945,74,0,11200,0,0,0,1139204,1139204,2865
8641,43,2,945,74,0,11200,0,0,0,1141332,1141332,2865
8657,43,90,945,74,0,11200,0,0,0,1143514,1143514,2865
8672,43,148,946,74,0,11200,0,0,0,1145869,1145869,2865
8687,43,200,946,74,0,11200,0,0,0,1148038,1148038,2865
8702,43,242,946,74,0,11200,0,0,0,1150036,1150036,2865
8718,43,294,946,74,0,11200,0,0,0,1152290,1152290,2865
8733,43,360,946,74,0,11200,0,0,0,1154455,1154455,2865
8749,43,434,946,73,0,11200,0,0,0,1156391,1156391,2865
8764,43,488,946,73,0,11200,0,0,0,1158093,1158093,2865
8783,43,555,946,73,0,11200,0,0,0,1160211,1160211,2865
8800,43,633,946,73,0,11200,0,0,0,1162198,1162198,2865
8815,43,696,946,73,0,11200,0,0,0,1164052,1164052,2865
8831,43,766,946,73,0,11200,0,0,0,1165951,1165951,2865
8846,43,800,946,73,0,11200,0,0,0,1167372,1167372,2865
8861,43,879,946,72,0,11200,0,0,0,1169459,1169459,2865
8877,44,938,946,70,0,11200,0,0,0,1171036,1171036,2865
8892,44,90,946,68,0,11200,0,0,0,1173422,1173422,2865
8907,44,153,947,69,0,11200,0,0,0,1175898,1175898,2865
8923,44,215,947,69,0,11200,0,0,0,1178299,1178299,2865
8938,44,269,947,69,0,11200,0,0,0,1180352,1180352,2865
8954,44,325,948,70,0,11200,0,0,0,1182345,1182345,2868
8969,44,391,948,70,0,11200,0,0,0,1184561,1184561,2868
8984,44,457,949,71,0,11200,0,0,0,1186506,1186506,2870
9000,44,509,949,71,0,11200,0,0,0,1188597,1188597,2870
9015,44,559,949,71,0,11200,0,0,0,1190464,1190464,2870
9030,44,638,949,71,0,11200,0,0,0,1192123,1192123,2870
9045,44,687,950,71,0,11200,0,0,0,1194136,1194136,2872
9061,44,746,950,70,0,11200,0,0,0,1195869,1195869,2872
9077,44,788,950,70,0,11200,0,0,0,1197304,1197304,2872
9092,44,873,951,70,0,11200,0,0,0,1199425,1199425,2872
9108,45,938,951,69,0,11200,0,0,0,1201248,1201248,2872
9123,45,47,951,66,0,11200,0,0,0,1203628,1203628,2872
9138,45,139,951,66,0,11200,0,0,0,1205951,1205951,2872
9154,45,189,951,66,0,11200,0,0,0,1208146,1208146,2872
9169,45,235,951,66,0,11200,0,0,0,1210274,1210274,2872
9184,45,297,951,65,0,11200,0,0,0,1212480,1212480,2872
9199,45,356,951,65,0,11200,0,0,0,1214348,1214348,2872
9215,45,435,951,63,0,11200,0,0,0,1216456,1216456,2872
9230,45,497,951,63,0,11200,0,0,0,1218594,1218594,2872
9245,45,540,951,63,0,11200,0,0,0,1220553,1220553,2872
9260,45,625,951,63,0,11200,0,0,0,1222834,1222834,2872
9275,45,676,951,63,0,11200,0,0,0,1224705,1224705,2872
9291,45,731,951,63,0,11200,0,0,0,1226461,1226461,2872
9306,45,780,951,63,0,11200,0,0,0,1228081,1228081,2872
9321,45,835,951,63,0,11200,0,0,0,1229630,1229630,2872
9339,45,891,951,63,0,11200,0,0,0,1231342,1231342,2872
9354,46,3,951,62,0,11200,0,0,0,1233019,1233019,2872
9369,46,110,951,62,0,11200,0,0,0,1235459,1235459,2872
9384,46,158,951,62,0,11200,0,0,0,1237617,1237617,2872
9400,46,205,951,61,0,11200,0,0,0,1239731,1239731,2872
9415,46,252,951,61,0,11200,0,0,0,1241815,1241815,2872
9431,46,306,951,61,0,11200,0,0,0,1243771,1243771,2872
9447,46,369,951,61,0,11200,0,0,0,1245578,1245578,2872
9462,46,445,951,61,0,11200,0,0,0,1247648,1247648,2872
9477,46,497,951,60,0,11200,0,0,0,1249686,1249686,2872
9494,46,555,951,60,0,11200,0,0,0,1251817,1251817,2872
9509,46,624,952,60,0,11200,0,0,0,1253313,1253313,2872
9524,46,685,952,60,0,11200,0,0,0,1255309,1255309,2872
9539,46,747,952,59,0,11200,0,0,0,1257120,1257120,2872
9555,46,794,952,59,0,11200,0,0,0,1258797,1258797,2872
9570,46,851,952,58,0,11200,0,0,0,1260175,1260175,2872
9586,46,914,952,55,0,11200,0,0,0,1262009,1262009,2872
9601,47,28,953,55,0,11200,0,0,0,1264128,1264128,2872
9617,47,127,953,55,0,11200,0,0,0,1266135,1266135,2872
9632,47,186,953,55,0,11200,0,0,0,1268486,1268486,2872
9647,47,234,953,55,0,11200,0,0,0,1270759,1270759,2872
9662,47,282,953,55,0,11200,0,0,0,1272843,1272843,2872
9677,47,352,953,55,0,11200,0,0,0,1274951,1274951,2872
9693,47,436,953,54,0,11200,0,0,0,1277076,1277076,2872
9708,47,494,953,54,0,11200,0,0,0,1279063,1279063,2872
9724,47,556,953,54,0,11200,0,0,0,1280938,1280938,2872
9739,47,631,953,54,0,11200,0,0,0,1282707,1282707,2872
9754,47,685,953,54,0,11200,0,0,0,1284302,1284302,2872
9769,47,738,953,54,0,11200,0,0,0,1286092,1286092,2872
9784,47,785,953,54,0,11200,0,0,0,1287834,1287834,2872
9800,47,856,953,53,0,11200,0,0,0,1289451,1289451,2872
9815,47,915,953,53,0,11200,0,0,0,1291443,1291443,2872
9830,48,27,953,51,0,11200,0,0,0,1293671,1293671,2872
9845,48,141,953,51,0,11200,0,0,0,1296067,1296067,2872
9860,48,202,953,51,0,11200,0,0,0,1298426,1298426,2872
9876,48,246,953,51,0,11200,0,0,0,1300534,1300534,2872
9891,48,307,953,51,0,11200,0,0,0,1302621,1302621,2872
9907,48,377,953,51,0,11200,0,0,0,1304745,1304745,2872
9922,48,440,953,51,0,11200,0,0,0,1306504,1306504,2872
9937,48,494,953,51,0,11200,0,0,0,1308565,1308565,2872
9952,48,545,953,51,0,11200,0,0,0,1310318,1310318,2872
9968,48,610,953,51,0,11200,0,0,0,1312089,1312089,2872
9983,48,694,953,51,0,11200,0,0,0,1314218,1314218,2872
9999,48,770,953,51,0,11200,0,0,0,1316026,1316026,2872
10014,48,817,955,52,0,11200,0,0,0,1317402,1317402,2872
10029,48,873,955,51,0,11200,0,0,0,1319171,1319171,2872
10045,49,955,956,50,0,11200,0,0,0,1321078,1321078,2872
10060,49,52,956,50,0,11200,0,0,0,1323067,1323067,2872
10075,49,139,956,50,0,11200,0,0,0,1325430,1325430,2872
10091,49,191,956,50,0,11200,0,0,0,1327806,1327806,2872
10106,49,229,956,50,0,11200,0,0,0,1329569,1329569,2872
10122,49,288,956,49,0,11200,0,0,0,1331867,1331867,2872
10137,49,356,957,50,0,11200,0,0,0,1333947,1333947,2875
10152,49,433,957,50,0,11200,0,0,0,1335991,1335991,2875
10168,49,494,957,50,0,11200,0,0,0,1338231,1338231,2875
10184,49,555,957,50,0,11200,0,0,0,1340404,1340404,2875
10201,49,608,957,50,0,11200,0,0,0,1341653,1341653,2875
10216,49,659,957,50,0,11200,0,0,0,1343434,1343434,2875
10231,49,718,957,50,0,11200,0,0,0,1345312,1345312,2875
10247,49,786,957,50,0,11200,0,0,0,1347206,1347206,2875
10262,49,852,957,50,0,11200,0,0,0,1348897,1348897,2875
10277,49,915,957,49,0,11200,0,0,0,1350585,1350585,2875
10293,50,17,959,48,0,11200,0,0,0,1352700,1352700,2875
10309,50,110,959,48,0,11200,0,0,0,1355159,1355159,2875
10324,50,170,959,48,0,11200,0,0,0,1357509,1357509,2875
10339,50,218,959,48,0,11200,0,0,0,1359734,1359734,2875
10354,50,289,959,48,0,11200,0,0,0,1361987,1361987,2875
10370,50,344,959,48,0,11200,0,0,0,1364000,1364000,2875
10385,50,438,960,48,0,11200,0,0,0,1365971,1365971,2876
10400,50,488,960,47,0,11200,0,0,0,1367989,1367989,2876
10416,50,543,960,47,0,11200,0,0,0,1369851,1369851,2876
10431,50,623,960,47,0,11200,0,0,0,1371762,1371762,2876
10447,50,675,960,47,0,11200,0,0,0,1373317,1373317,2876
10463,50,718,961,48,0,11200,0,0,0,1375030,1375030,2877
10478,50,784,962,49,0,11200,0,0,0,1376689,1376689,2877
10494,50,854,963,50,0,11200,0,0,0,1378382,1378382,2878
10509,50,938,963,50,0,11200,0,0,0,1380372,1380372,2878
10524,51,25,964,46,0,11200,0,0,0,1382514,1382514,2879
10540,51,123,964,44,0,11200,0,0,0,1384701,1384701,2879
10555,51,186,965,45,0,11200,0,0,0,1387053,1387053,2880
10570,51,232,965,45,0,11200,0,0,0,1388989,1388989,2880
10585,51,292,966,46,0,11200,0,0,0,1391082,1391082,2881
10601,51,357,966,46,0,11200,0,0,0,1393121,1393121,2881
10616,51,446,966,46,0,11200,0,0,0,1395127,1395127,2881
10631,51,508,966,46,0,11200,0,0,0,1397169,1397169,2881
10646,51,560,967,47,0,11200,0,0,0,1398778,1398778,2882
10661,51,625,967,47,0,11200,0,0,0,1400638,1400638,2882
10676,51,695,967,47,0,11200,0,0,0,1402659,1402659,2882
10691,51,767,968,48,0,11200,0,0,0,1404416,1404416,2882
10707,51,821,968,46,0,11200,0,0,0,1406081,1406081,2882
10722,51,876,968,46,0,11200,0,0,0,1407672,1407672,2882
10737,51,935,968,46,0,11200,0,0,0,1409400,1409400,2882
10753,52,19,968,43,0,11200,0,0,0,1411567,1411567,2882
10768,52,127,968,43,0,11200,0,0,0,1413984,1413984,2882
10783,52,186,968,43,0,11200,0,0,0,1416212,1416212,2882
10799,52,242,968,43,0,11200,0,0,0,1418376,1418376,2882
10814,52,301,968,43,0,11200,0,0,0,1420564,1420564,2882
10829,52,363,968,43,0,11200,0,0,0,1422610,1422610,2882
10846,52,438,968,43,0,11200,0,0,0,1424571,1424571,2882
10861,52,497,968,43,0,11200,0,0,0,1426616,1426616,2882
10877,52,555,968,43,0,11200,0,0,0,1428669,1428669,2882
10895,52,608,968,43,0,11200,0,0,0,1430254,1430254,2882
10910,52,670,969,44,0,11200,0,0,0,1432169,1432169,2883
10926,52,719,969,44,0,11200,0,0,0,1434019,1434019,2883
10943,52,770,969,44,0,11200,0,0,0,1435674,1435674,2883
10959,52,797,969,44,0,11200,0,0,0,1436771,1436771,2883
10974,52,875,969,44,0,11200,0,0,0,1438627,1438627,2883
10989,52,931,969,44,0,11200,0,0,0,1440475,1440475,2883
11005,53,39,969,43,0,11200,0,0,0,1442948,1442948,2883
11020,53,133,969,43,0,11200,0,0,0,1445144,1445144,2883
11035,53,194,969,43,0,11200,0,0,0,1447473,1447473,2883
11050,53,243,969,43,0,11200,0,0,0,1449686,1449686,2883
11065,53,304,969,43,0,11200,0,0,0,1451865,1451865,2883
11081,53,365,969,43,0,11200,0,0,0,1453895,1453895,2883
11096,53,447,970,44,0,11200,0,0,0,1456041,1456041,2884
11111,53,501,970,44,0,11200,0,0,0,1457998,1457998,2884
11128,53,555,970,44,0,11200,0,0,0,1459930,1459930,2884
11143,53,626,970,44,0,11200,0,0,0,1461717,1461717,2884
11159,53,687,970,44,0,11200,0,0,0,1463729,1463729,2884
11174,53,750,970,44,0,11200,0,0,0,1465507,1465507,2884
11189,53,785,970,44,0,11200,0,0,0,1467058,1467058,2884
11205,53,840,970,42,0,11200,0,0,0,1468523,1468523,2884
11220,53,904,971,43,0,11200,0,0,0,1470341,1470341,2884
11235,54,969,971,42,0,11200,0,0,0,1472185,1472185,2884
11250,54,65,971,42,0,11200,0,0,0,1474429,1474429,2884
11265,54,156,971,42,0,11200,0,0,0,1476947,1476947,2884
11280,54,211,971,42,0,11200,0,0,0,1479088,1479088,2884
11296,54,255,971,42,0,11200,0,0,0,1481376,1481376,2884
11311,54,324,971,41,0,11200,0,0,0,1483512,1483512,2884
11326,54,402,971,41,0,11200,0,0,0,1485625,1485625,2884
11341,54,478,972,42,0,11200,0,0,0,1487820,1487820,2884
11357,54,525,972,42,0,11200,0,0,0,1489724,1489724,2884
11372,54,588,972,42,0,11200,0,0,0,1491285,1491285,2884
11387,54,660,972,42,0,11200,0,0,0,1493186,1493186,2884
11403,54,732,972,42,0,11200,0,0,0,1495208,1495208,2884
11421,54,805,972,42,0,11200,0,0,0,1497174,1497174,2884
11436,54,890,972,42,0,11200,0,0,0,1499158,1499158,2884
11452,55,955,972,42,0,11200,0,0,0,1500994,1500994,2884
11467,55,28,972,41,0,11200,0,0,0,1503085,1503085,2884
11483,55,134,972,41,0,11200,0,0,0,1505357,1505357,2884
11498,55,186,972,41,0,11200,0,0,0,1507841,1507841,2884
11514,55,243,972,41,0,11200,0,0,0,1510156,1510156,2884
11529,55,307,972,41,0,11200,0,0,0,1512263,1512263,2884
11545,55,376,972,41,0,11200,0,0,0,1514321,1514321,2884
11560,55,455,972,41,0,11200,0,0,0,1516492,1516492,2884
11576,55,513,972,41,0,11200,0,0,0,1518549,1518549,2884
11592,55,556,972,41,0,11200,0,0,0,1520140,1520140,2884
11609,55,608,972,41,0,11200,0,0,0,1521676,1521676,2884
11624,55,651,972,41,0,11200,0,0,0,1523187,1523187,2884
11639,55,708,972,41,0,11200,0,0,0,1525123,1525123,2884
11656,55,772,972,41,0,11200,0,0,0,1526767,1526767,2884
11672,55,800,972,41,0,11200,0,0,0,1527974,1527974,2884
11688,55,892,972,40,0,11200,0,0,0,1529813,1529813,2884
11703,55,949,973,40,0,11200,0,0,0,1531615,1531615,2884
11718,56,22,973,36,0,11200,0,0,0,1533946,1533946,2884
11733,56,118,973,36,0,11200,0,0,0,1536241,1536241,2884
11749,56,180,973,36,0,11200,0,0,0,1538696,1538696,2884
11764,56,234,973,36,0,11200,0,0,0,1541072,1541072,2884
11780,56,300,973,36,0,11200,0,0,0,1543344,1543344,2884
11795,56,361,973,36,0,11200,0,0,0,1545505,1545505,2884
11810,56,446,973,36,0,11200,0,0,0,1547611,1547611,2884
11826,56,501,973,36,0,11200,0,0,0,1549626,1549626,2884
11841,56,546,973,36,0,11200,0,0,0,1551432,1551432,2884
11856,56,603,973,36,0,11200,0,0,0,1552937,1552937,2884
11872,56,670,973,36,0,11200,0,0,0,1554620,1554620,2884
11887,56,732,973,36,0,11200,0,0,0,1556450,1556450,2884
11903,56,784,973,36,0,11200,0,0,0,1557950,1557950,2884
11918,56,853,973,36,0,11200,0,0,0,1559406,1559406,2884
11933,56,913,973,36,0,11200,0,0,0,1561214,1561214,2884
11949,57,3,974,37,0,11200,0,0,0,1563123,1563123,2884
11964,57,95,975,38,0,11200,0,0,0,1565578,1565578,2886
11979,57,168,975,38,0,11200,0,0,0,1568133,1568133,2886
11995,57,217,975,38,0,11200,0,0,0,1570369,1570369,2886
12010,57,278,975,38,0,11200,0,0,0,1572527,1572527,2886
12025,57,348,975,38,0,11200,0,0,0,1574689,1574689,2886
12041,57,438,975,38,0,11200,0,0,0,1576535,1576535,2886
12056,57,493,975,38,0,11200,0,0,0,1578598,1578598,2886
12071,57,545,975,38,0,11200,0,0,0,1580630,1580630,2886
12087,57,620,975,38,0,11200,0,0,0,1582511,1582511,2886
12103,57,672,975,38,0,11200,0,0,0,1584048,1584048,2886
12118,57,722,975,38,0,11200,0,0,0,1585946,1585946,2886
12133,57,784,975,38,0,11200,0,0,0,1587626,1587626,2886
12149,57,875,975,38,0,11200,0,0,0,1589501,1589501,2886
12164,57,945,977,40,0,11200,0,0,0,1591263,1591263,2886
12179,58,13,979,39,0,11200,0,0,0,1593375,1593375,2886
12194,58,120,980,40,0,11200,0,0,0,1595867,1595867,2886
12210,58,180,980,40,0,11200,0,0,0,1598259,1598259,2886
12225,58,232,980,40,0,11200,0,0,0,1600501,1600501,2886
12240,58,290,980,39,0,11200,0,0,0,1602721,1602721,2886
12256,58,356,980,39,0,11200,0,0,0,1604868,1604868,2886
12272,58,436,980,39,0,11200,0,0,0,1606735,1606735,2886
12287,58,502,980,39,0,11200,0,0,0,1608901,1608901,2886
12304,58,556,983,42,0,11200,0,0,0,1610861,1610861,2890
12319,58,634,983,42,0,11200,0,0,0,1612518,1612518,2890
12335,58,685,983,42,0,11200,0,0,0,1614317,1614317,2890
12351,58,738,983,42,0,11200,0,0,0,1616074,1616074,2890
12368,58,797,983,42,0,11200,0,0,0,1617926,1617926,2890
12383,58,873,983,41,0,11200,0,0,0,1619634,1619634,2890
12398,58,928,983,40,0,11200,0,0,0,1621313,1621313,2890
12414,59,1,984,37,0,11200,0,0,0,1623212,1623212,2891
12429,59,109,984,37,0,11200,0,0,0,1625550,1625550,2891
12444,59,181,984,37,0,11200,0,0,0,1628164,1628164,2891
12459,59,228,984,37,0,11200,0,0,0,1630274,1630274,2891
12475,59,279,984,37,0,11200,0,0,0,1632613,1632613,2891
12490,59,336,984,37,0,11200,0,0,0,1634577,1634577,2891
12505,59,403,984,37,0,11200,0,0,0,1636648,1636648,2891
12520,59,475,984,37,0,11200,0,0,0,1638781,1638781,2891
12536,59,522,985,38,0,11200,0,0,0,1640657,1640657,2891
12551,59,584,985,38,0,11200,0,0,0,1642504,1642504,2891
12567,59,652,985,38,0,11200,0,0,0,1644392,1644392,2891
12582,59,708,985,37,0,11200,0,0,0,1646134,1646134,2891
12598,59,769,985,37,0,11200,0,0,0,1647693,1647693,2891
12613,59,821,985,37,0,11200,0,0,0,1649425,1649425,2891
12628,59,898,985,37,0,11200,0,0,0,1651407,1651407,2891
12643,60,966,985,37,0,11200,0,0,0,1653194,1653194,2891
12659,60,44,985,37,0,11200,0,0,0,1655552,1655552,2891
12674,60,137,985,37,0,11200,0,0,0,1657818,1657818,2891
12689,60,188,985,37,0,11200,0,0,0,1660076,1660076,2891
12704,60,237,985,37,0,11200,0,0,0,1662257,1662257,2891
12719,60,299,985,37,0,11200,0,0,0,1664304,1664304,2891
12735,60,363,985,37,0,11200,0,0,0,1666414,1666414,2891
12750,60,450,985,37,0,11200,0,0,0,1668421,1668421,2891
12765,60,503,985,37,0,11200,0,0,0,1670375,1670375,2891
12781,60,567,985,37,0,11200,0,0,0,1672550,1672550,2891
12796,60,650,985,37,0,11200,0,0,0,1674685,1674685,2891
12812,60,702,986,38,0,11200,0,0,0,1676196,1676196,2894
12827,60,764,986,38,0,11200,0,0,0,1677785,1677785,2894
12842,60,800,986,38,0,11200,0,0,0,1679396,1679396,2894
12858,60,868,986,38,0,11200,0,0,0,1681020,1681020,2894
12873,60,930,986,38,0,11200,0,0,0,1682815,1682815,2894
12889,61,987,988,37,0,11200,0,0,0,1684808,1684808,2901
12904,61,88,988,37,0,11200,0,0,0,1687108,1687108,2901
12919,61,153,988,37,0,11200,0,0,0,1689528,1689528,2901
12934,61,216,988,37,0,11200,0,0,0,1691828,1691828,2901
12949,61,269,989,38,0,11200,0,0,0,1694014,1694014,2901
12965,61,329,989,38,0,11200,0,0,0,1696073,1696073,2901
12980,61,406,989,38,0,11200,0,0,0,1698258,1698258,2901
12996,61,469,989,38,0,11200,0,0,0,1699987,1699987,2901
13011,61,516,990,39,0,11200,0,0,0,1701876,1701876,2901
13026,61,584,990,39,0,11200,0,0,0,1703664,1703664,2901
13041,61,669,990,39,0,11200,0,0,0,1705596,1705596,2901
13056,61,718,990,39,0,11200,0,0,0,1707143,1707143,2901
13071,61,779,990,39,0,11200,0,0,0,1709048,1709048,2901
13088,61,811,990,39,0,11200,0,0,0,1710078,1710078,2901
13103,61,881,990,39,0,11200,0,0,0,1711573,1711573,2901
13118,61,935,990,39,0,11200,0,0,0,1712790,1712790,2901
13134,62,13,991,38,0,11200,0,0,0,1714852,1714852,2903
13149,62,114,991,38,0,11200,0,0,0,1717199,1717199,2903
13165,62,174,991,38,0,11200,0,0,0,1719718,1719718,2903
13180,62,218,991,38,0,11200,0,0,0,1721902,1721902,2903
13195,62,285,991,38,0,11200,0,0,0,1724044,1724044,2903
13210,62,335,991,38,0,11200,0,0,0,1726004,1726004,2903
13226,62,435,991,38,0,11200,0,0,0,1728091,1728091,2903
13241,62,482,991,38,0,11200,0,0,0,1730068,1730068,2903
13257,62,527,991,37,0,11200,0,0,0,1731764,1731764,2903
13272,62,576,991,37,0,11200,0,0,0,1733290,1733290,2903
13287,62,657,991,37,0,11200,0,0,0,1735127,1735127,2903
13302,62,707,991,37,0,11200,0,0,0,1737030,1737030,2903
13318,62,771,991,37,0,11200,0,0,0,1738861,1738861,2903
13333,62,817,991,37,0,11200,0,0,0,1739864,1739864,2903
13348,62,883,992,37,0,11200,0,0,0,1741799,1741799,2903
13364,62,928,992,36,0,11200,0,0,0,1743454,1743454,2903
13379,63,987,992,36,0,11200,0,0,0,1745545,1745545,2903
13395,63,52,992,36,0,11200,0,0,0,1748068,1748068,2903
13410,63,141,992,36,0,11200,0,0,0,1750317,1750317,2903
13425,63,215,992,36,0,11200,0,0,0,1752773,1752773,2903
13440,63,264,992,36,0,11200,0,0,0,1754968,1754968,2903
13456,63,314,992,36,0,11200,0,0,0,1757019,1757019,2903
13471,63,377,992,36,0,11200,0,0,0,1759080,1759080,2903
13486,63,440,992,36,0,11200,0,0,0,1760700,1760700,2903
13501,63,500,992,36,0,11200,0,0,0,1762953,1762953,2903
13517,63,556,993,37,0,11200,0,0,0,1764872,1764872,2903
13532,63,638,993,37,0,11200,0,0,0,1766723,1766723,2903
13547,63,686,993,37,0,11200,0,0,0,1768578,1768578,2903
13563,63,741,993,37,0,11200,0,0,0,1770372,1770372,2903
13578,63,788,993,37,0,11200,0,0,0,1772031,1772031,2903
13594,63,854,993,37,0,11200,0,0,0,1773589,1773589,2903
13609,63,928,993,37,0,11200,0,0,0,1775521,1775521,2903
13624,64,987,993,36,0,11200,0,0,0,1777567,1777567,2903
13640,64,71,993,34,0,11200,0,0,0,1779887,1779887,2903
13655,64,137,993,34,0,11200,0,0,0,1782103,1782103,2903
13670,64,208,993,34,0,11200,0,0,0,1784567,1784567,2903
13686,64,258,993,34,0,11200,0,0,0,1786631,1786631,2903
13701,64,327,993,34,0,11200,0,0,0,1788714,1788714,2903
13716,64,402,993,34,0,11200,0,0,0,1790844,1790844,2903
13732,64,475,993,34,0,11200,0,0,0,1792905,1792905,2903
13747,64,523,994,35,0,11200,0,0,0,1794944,1794944,2904
13762,64,567,994,35,0,11200,0,0,0,1796406,1796406,2904
13777,64,646,994,35,0,11200,0,0,0,1798307,1798307,2904
13793,64,695,994,35,0,11200,0,0,0,1800071,1800071,2904
13808,64,753,994,35,0,11200,0,0,0,1801869,1801869,2904
13824,64,805,995,36,0,11200,0,0,0,1803410,1803410,2904
13839,64,873,995,36,0,11200,0,0,0,1805190,1805190,2904
13854,64,935,995,36,0,11200,0,0,0,1806933,1806933,2904
13869,65,992,995,34,0,11200,0,0,0,1808909,1808909,2904
13885,65,65,997,33,0,11200,0,0,0,1811277,1811277,2904
13901,65,128,997,33,0,11200,0,0,0,1813411,1813411,2904
13916,65,183,997,33,0,11200,0,0,0,1815872,1815872,2904
13931,65,229,997,33,0,11200,0,0,0,1818007,1818007,2904
13946,65,282,997,33,0,11200,0,0,0,1820135,1820135,2904
13962,65,352,997,33,0,11200,0,0,0,1822145,1822145,2904
13977,65,440,997,33,0,11200,0,0,0,1824267,1824267,2904
13992,65,483,997,33,0,11200,0,0,0,1826056,1826056,2904
14007,65,543,997,33,0,11200,0,0,0,1828021,1828021,2904
14022,65,591,997,33,0,11200,0,0,0,1829542,1829542,2904
14038,65,670,997,33,0,11200,0,0,0,1831532,1831532,2904
14053,65,722,997,33,0,11200,0,0,0,1833273,1833273,2904
14068,65,780,997,33,0,11200,0,0,0,1834920,1834920,2904
14083,65,845,997,33,0,11200,0,0,0,1836609,1836609,2904
14099,65,915,997,33,0,11200,0,0,0,1838368,1838368,2904
14114,66,972,998,34,0,11200,0,0,0,1840342,1840342,2904
14130,66,29,998,33,0,11200,0,0,0,1842649,1842649,2904
14145,66,132,998,33,0,11200,0,0,0,1844980,1844980,2904
14160,66,186,998,33,0,11200,0,0,0,1847315,1847315,2904
14176,66,227,998,33,0,11200,0,0,0,1849211,1849211,2904
14191,66,288,998,33,0,11200,0,0,0,1851435,1851435,2904
14206,66,338,998,33,0,11200,0,0,0,1853261,1853261,2904
14222,66,408,998,33,0,11200,0,0,0,1855442,1855442,2904
14238,66,483,998,33,0,11200,0,0,0,1857409,1857409,2904
14253,66,540,998,33,0,11200,0,0,0,1859347,1859347,2904
14268,66,627,998,33,0,11200,0,0,0,1861395,1861395,2904
14284,66,685,998,33,0,11200,0,0,0,1863312,1863312,2904
14300,66,755,998,33,0,11200,0,0,0,1865167,1865167,2904
14315,66,805,998,33,0,11200,0,0,0,1866741,1866741,2904
14330,66,877,998,33,0,11200,0,0,0,1868679,1868679,2904
14345,66,943,999,34,0,11200,0,0,0,1870427,1870427,2904
14360,67,1,999,33,0,11200,0,0,0,1872406,1872406,2904
14375,67,111,1000,34,0,11200,0,0,0,1874576,1874576,2904
14390,67,170,1000,34,0,11200,0,0,0,1876942,1876942,2904
14405,67,229,1000,34,0,11200,0,0,0,1879225,1879225,2904
14421,67,285,1000,34,0,11200,0,0,0,1881388,1881388,2904
14437,67,338,1000,34,0,11200,0,0,0,1883260,1883260,2904
14452,67,434,1000,34,0,11200,0,0,0,1885449,1885449,2904
14468,67,484,1000,34,0,11200,0,0,0,1887624,1887624,2904
14483,67,536,1000,34,0,11200,0,0,0,1889621,1889621,2904
14498,67,613,1000,34,0,11200,0,0,0,1891524,1891524,2904
14514,67,676,1000,34,0,11200,0,0,0,1893501,1893501,2904
14529,67,741,1000,34,0,11200,0,0,0,1895285,1895285,2904
14544,67,794,1000,34,0,11200,0,0,0,1896957,1896957,2904
14559,67,853,1000,34,0,11200,0,0,0,1898585,1898585,2904
14575,67,937,1000,33,0,11200,0,0,0,1900759,1900759,2904
14591,68,998,1001,32,0,11200,0,0,0,1902905,1902905,2904
14606,68,64,1001,30,0,11200,0,0,0,1905151,1905151,2904
14621,68,147,1001,30,0,11200,0,0,0,1907581,1907581,2904
14636,68,194,1001,30,0,11200,0,0,0,1909690,1909690,2904
14651,68,242,1001,30,0,11200,0,0,0,1911890,1911890,2904
14666,68,301,1001,30,0,11200,0,0,0,1913901,1913901,2904
14681,68,368,1001,30,0,11200,0,0,0,1915951,1915951,2904
14697,68,448,1001,30,0,11200,0,0,0,1917944,1917944,2904
14712,68,502,1001,30,0,11200,0,0,0,1920034,1920034,2904
14727,68,567,1001,30,0,11200,0,0,0,1921962,1921962,2904
14742,68,629,1001,30,0,11200,0,0,0,1923747,1923747,2904
14758,68,694,1001,30,0,11200,0,0,0,1925436,1925436,2904
14774,68,751,1001,30,0,11200,0,0,0,1927173,1927173,2904
14794,68,788,1001,30,0,11200,0,0,0,1928507,1928507,2904
14809,68,856,1001,30,0,11200,0,0,0,1930276,1930276,2904
14824,68,932,1001,29,0,11200,0,0,0,1932099,1932099,2904
14839,69,987,1002,30,0,11200,0,0,0,1934007,1934007,2904
14854,69,99,1002,30,0,11200,0,0,0,1936448,1936448,2904
14870,69,165,1003,31,0,11200,0,0,0,1938749,1938749,2904
14885,69,217,1003,31,0,11200,0,0,0,1940912,1940912,2904
14900,69,276,1003,31,0,11200,0,0,0,1943063,1943063,2904
14915,69,329,1003,31,0,11200,0,0,0,1945098,1945098,2904
14931,69,401,1003,31,0,11200,0,0,0,1947107,1947107,2904
14946,69,481,1003,31,0,11200,0,0,0,1949150,1949150,2904
14961,69,534,1003,31,0,11200,0,0,0,1951090,1951090,2904
14977,69,613,1003,31,0,11200,0,0,0,1953182,1953182,2904
14992,69,672,1003,31,0,11200,0,0,0,1955198,1955198,2904
15007,69,722,1003,31,0,11200,0,0,0,1957011,1957011,2904
15022,69,776,1003,31,0,11200,0,0,0,1958558,1958558,2904
15037,69,832,1003,31,0,11200,0,0,0,1960031,1960031,2904
15053,69,901,1003,31,0,11200,0,0,0,1961952,1961952,2904
15068,69,963,1005,33,0,11200,0,0,0,1963783,1963783,2904
15083,70,14,1008,33,0,11200,0,0,0,1965874,1965874,2908
15098,70,105,1008,33,0,11200,0,0,0,1968095,1968095,2908
15114,70,168,1008,33,0,11200,0,0,0,1970504,1970504,2908
15129,70,216,1008,33,0,11200,0,0,0,1972781,1972781,2908
15144,70,269,1008,33,0,11200,0,0,0,1974888,1974888,2908
15160,70,327,1008,33,0,11200,0,0,0,1976963,1976963,2908
15175,70,378,1008,33,0,11200,0,0,0,1978685,1978685,2908
15190,70,455,1008,33,0,11200,0,0,0,1980710,1980710,2908
15205,70,508,1008,33,0,11200,0,0,0,1982948,1982948,2908
15220,70,570,1008,33,0,11200,0,0,0,1984830,1984830,2908
15236,70,640,1008,33,0,11200,0,0,0,1986850,1986850,2908
15251,70,694,1008,33,0,11200,0,0,0,1988798,1988798,2908
15267,70,752,1008,32,0,11200,0,0,0,1990554,1990554,2908
15282,70,816,1008,31,0,11200,0,0,0,1992311,1992311,2908
15297,70,887,1008,31,0,11200,0,0,0,1994315,1994315,2908
15312,70,955,1009,32,0,11200,0,0,0,1996127,1996127,2909
15328,71,8,1009,30,0,11200,0,0,0,1998249,1998249,2909
15343,71,101,1009,30,0,11200,0,0,0,2000557,2000557,2909
15358,71,167,1009,30,0,11200,0,0,0,2002958,2002958,2909
15374,71,213,1009,30,0,11200,0,0,0,2005153,2005153,2909
15390,71,264,1009,30,0,11200,0,0,0,2007516,2007516,2909
15406,71,336,1009,30,0,11200,0,0,0,2009567,2009567,2909
15421,71,406,1009,30,0,11200,0,0,0,2011311,2011311,2909
15436,71,473,1009,30,0,11200,0,0,0,2013079,2013079,2909
15451,71,528,1009,30,0,11200,0,0,0,2014973,2014973,2909
15466,71,585,1009,30,0,11200,0,0,0,2016879,2016879,2909
15481,71,645,1009,30,0,11200,0,0,0,2018472,2018472,2909
15497,71,708,1009,30,0,11200,0,0,0,2020381,2020381,2909
15512,71,773,1009,30,0,11200,0,0,0,2022073,2022073,2909
15528,71,831,1010,31,0,11200,0,0,0,2023740,2023740,2910
15543,71,891,1010,31,0,11200,0,0,0,2025458,2025458,2910
15559,71,960,1011,32,0,11200,0,0,0,2027237,2027237,2910
15574,72,7,1011,31,0,11200,0,0,0,2029394,2029394,2910
15589,72,99,1011,31,0,11200,0,0,0,2031857,2031857,2910
15605,72,156,1011,31,0,11200,0,0,0,2034260,2034260,2910
15620,72,205,1011,31,0,11200,0,0,0,2036421,2036421,2910
15635,72,258,1011,31,0,11200,0,0,0,2038539,2038539,2910
15651,72,313,1011,31,0,11200,0,0,0,2040463,2040463,2910
15666,72,385,1011,31,0,11200,0,0,0,2042547,2042547,2910
15681,72,463,1011,31,0,11200,0,0,0,2044289,2044289,2910
15696,72,508,1011,31,0,11200,0,0,0,2046263,2046263,2910
15711,72,579,1011,31,0,11200,0,0,0,2048006,2048006,2910
15727,72,631,1011,31,0,11200,0,0,0,2049609,2049609,2910
15742,72,687,1011,31,0,11200,0,0,0,2051453,2051453,2910
15757,72,747,1011,31,0,11200,0,0,0,2053288,2053288,2910
15772,72,797,1011,31,0,11200,0,0,0,2054652,2054652,2910
15787,72,877,1011,31,0,11200,0,0,0,2056752,2056752,2910
15804,72,953,1011,30,0,11200,0,0,0,2058735,2058735,2910
15819,73,2,1011,30,0,11200,0,0,0,2060950,2060950,2910
15834,73,88,1011,30,0,11200,0,0,0,2063235,2063235,2910
15849,73,156,1011,30,0,11200,0,0,0,2065781,2065781,2910
15864,73,214,1011,30,0,11200,0,0,0,2067898,2067898,2910
15880,73,268,1011,30,0,11200,0,0,0,2070200,2070200,2910
15895,73,314,1011,30,0,11200,0,0,0,2072072,2072072,2910
15910,73,398,1011,30,0,11200,0,0,0,2074014,2074014,2910
15925,73,469,1011,30,0,11200,0,0,0,2076133,2076133,2910
15941,73,514,1011,30,0,11200,0,0,0,2078162,2078162,2910
15957,73,556,1011,30,0,11200,0,0,0,2079749,2079749,2910
15973,73,633,1011,30,0,11200,0,0,0,2081750,2081750,2910
15989,73,698,1011,30,0,11200,0,0,0,2083798,2083798,2910
16004,73,766,1011,30,0,11200,0,0,0,2085628,2085628,2910
16021,73,805,1011,30,0,11200,0,0,0,2087014,2087014,2910
16036,73,879,1011,30,0,11200,0,0,0,2089000,2089000,2910
16051,73,960,1011,30,0,11200,0,0,0,2090877,2090877,2910
16067,74,8,1011,30,0,11200,0,0,0,2093032,2093032,2910
16082,74,108,1011,30,0,11200,0,0,0,2095422,2095422,2910
16097,74,168,1011,30,0,11200,0,0,0,2097988,2097988,2910
16113,74,211,1011,30,0,11200,0,0,0,2100086,2100086,2910
16128,74,268,1011,30,0,11200,0,0,0,2102337,2102337,2910
16144,74,313,1011,30,0,11200,0,0,0,2104158,2104158,2910
16159,74,378,1011,30,0,11200,0,0,0,2106175,2106175,2910
16175,74,447,1011,30,0,11200,0,0,0,2108070,2108070,2910
16190,74,514,1011,30,0,11200,0,0,0,2110258,2110258,2910
16206,74,567,1011,30,0,11200,0,0,0,2112000,2112000,2910
16221,74,646,1011,30,0,11200,0,0,0,2113985,2113985,2910
16236,74,703,1011,29,0,11200,0,0,0,2115967,2115967,2910
16252,74,767,1011,29,0,11200,0,0,0,2117511,2117511,2910
16270,74,800,1011,29,0,11200,0,0,0,2118865,2118865,2910
16285,74,861,1011,29,0,11200,0,0,0,2120747,2120747,2910
16300,74,943,1011,29,0,11200,0,0,0,2122514,2122514,2910
16315,75,995,1012,30,0,11200,0,0,0,2124572,2124572,2910
16331,75,65,1012,29,0,11200,0,0,0,2127082,2127082,2910
16346,75,147,1012,29,0,11200,0,0,0,2129462,2129462,2910
16361,75,196,1012,29,0,11200,0,0,0,2131542,2131542,2910
16376,75,237,1012,29,0,11200,0,0,0,2133533,2133533,2910
16392,75,302,1012,29,0,11200,0,0,0,2135811,2135811,2910
16407,75,357,1013,29,0,11200,0,0,0,2137659,2137659,2916
16422,75,434,1013,29,0,11200,0,0,0,2139517,2139517,2916
16437,75,483,1013,28,0,11200,0,0,0,2141726,2141726,2916
16452,75,528,1013,28,0,11200,0,0,0,2143630,2143630,2916
16468,75,587,1013,28,0,11200,0,0,0,2145839,2145839,2916
16483,75,669,1013,28,0,11200,0,0,0,2147847,2147847,2916
16498,75,722,1013,28,0,11200,0,0,0,2149642,2149642,2916
16514,75,780,1013,28,0,11200,0,0,0,2151316,2151316,2916
16530,75,851,1014,28,0,11200,0,0,0,2152803,2152803,2916
16545,75,930,1014,28,0,11200,0,0,0,2154806,2154806,2916
16560,76,984,1014,28,0,11200,0,0,0,2156728,2156728,2916
16575,76,24,1014,27,0,11200,0,0,0,2158972,2158972,2916
16590,76,121,1014,27,0,11200,0,0,0,2161293,2161293,2916
16606,76,184,1014,27,0,11200,0,0,0,2163447,2163447,2916
16621,76,223,1014,27,0,11200,0,0,0,2165315,2165315,2916
16637,76,290,1014,27,0,11200,0,0,0,2167584,2167584,2916
16652,76,352,1014,27,0,11200,0,0,0,2169497,2169497,2916
16667,76,423,1014,27,0,11200,0,0,0,2171458,2171458,2916
16682,76,484,1014,27,0,11200,0,0,0,2173568,2173568,2916
16697,76,536,1015,28,0,11200,0,0,0,2175624,2175624,2916
16713,76,626,1015,28,0,11200,0,0,0,2177799,2177799,2916
16728,76,675,1015,28,0,11200,0,0,0,2179614,2179614,2916
16743,76,738,1015,28,0,11200,0,0,0,2181475,2181475,2916
16758,76,785,1015,28,0,11200,0,0,0,2183008,2183008,2916
16774,76,847,1015,28,0,11200,0,0,0,2184362,2184362,2916
16790,76,914,1015,28,0,11200,0,0,0,2186183,2186183,2916
16805,76,971,1016,29,0,11200,0,0,0,2187941,2187941,2916
16820,77,8,1018,28,0,11200,0,0,0,2189944,2189944,2926
16836,77,99,1018,28,0,11200,0,0,0,2192186,2192186,2926
16851,77,159,1018,28,0,11200,0,0,0,2194559,2194559,2926
16867,77,214,1018,28,0,11200,0,0,0,2196859,2196859,2926
16883,77,268,1019,29,0,11200,0,0,0,2199269,2199269,2928
16898,77,325,1019,29,0,11200,0,0,0,2201238,2201238,2928
16913,77,384,1019,29,0,11200,0,0,0,2203195,2203195,2928
16929,77,457,1019,29,0,11200,0,0,0,2205234,2205234,2928
16944,77,514,1019,29,0,11200,0,0,0,2207156,2207156,2928
16959,77,559,1019,29,0,11200,0,0,0,2209060,2209060,2928
16975,77,631,1019,28,0,11200,0,0,0,2211077,2211077,2928
16990,77,685,1019,28,0,11200,0,0,0,2212881,2212881,2928
17005,77,732,1019,28,0,11200,0,0,0,2214610,2214610,2928
17020,77,813,1019,28,0,11200,0,0,0,2216708,2216708,2928
17035,77,853,1019,28,0,11200,0,0,0,2218064,2218064,2928
17050,77,915,1019,28,0,11200,0,0,0,2219925,2219925,2928
17067,77,966,1019,27,0,11200,0,0,0,2221734,2221734,2928
17082,78,16,1019,26,0,11200,0,0,0,2223950,2223950,2928
17097,78,118,1019,26,0,11200,0,0,0,2226341,2226341,2928
17112,78,186,1019,26,0,11200,0,0,0,2228717,2228717,2928
17127,78,234,1019,26,0,11200,0,0,0,2230712,2230712,2928
17143,78,294,1019,26,0,11200,0,0,0,2232766,2232766,2928
17158,78,361,1019,26,0,11200,0,0,0,2234788,2234788,2928
17174,78,445,1019,26,0,11200,0,0,0,2236769,2236769,2928
17189,78,493,1019,26,0,11200,0,0,0,2238806,2238806,2928
17204,78,543,1019,26,0,11200,0,0,0,2240646,2240646,2928
17219,78,603,1019,26,0,11200,0,0,0,2242044,2242044,2928
17234,78,655,1019,26,0,11200,0,0,0,2243432,2243432,2928
17250,78,713,1019,26,0,11200,0,0,0,2245181,2245181,2928
17265,78,775,1019,26,0,11200,0,0,0,2247033,2247033,2928
17280,78,831,1019,26,0,11200,0,0,0,2248279,2248279,2928
17295,78,890,1019,26,0,11200,0,0,0,2249852,2249852,2928
17311,78,928,1019,26,0,11200,0,0,0,2251268,2251268,2928
17326,79,986,1019,26,0,11200,0,0,0,2253264,2253264,2928
17341,79,13,1019,25,0,11200,0,0,0,2255425,2255425,2928
17357,79,111,1019,25,0,11200,0,0,0,2257794,2257794,2928
17372,79,170,1019,25,0,11200,0,0,0,2259966,2259966,2928
17387,79,218,1019,25,0,11200,0,0,0,2262207,2262207,2928
17402,79,278,1019,25,0,11200,0,0,0,2264360,2264360,2928
17418,79,345,1019,24,0,11200,0,0,0,2266347,2266347,2928
17433,79,434,1019,24,0,11200,0,0,0,2268469,2268469,2928
17449,79,486,1019,24,0,11200,0,0,0,2270508,2270508,2928
17464,79,542,1019,24,0,11200,0,0,0,2272480,2272480,2928
17479,79,608,1019,24,0,11200,0,0,0,2273996,2273996,2928
17494,79,675,1019,24,0,11200,0,0,0,2276056,2276056,2928
17510,79,722,1019,23,0,11200,0,0,0,2277949,2277949,2928
17525,79,780,1019,23,0,11200,0,0,0,2279727,2279727,2928
17542,79,838,1019,23,0,11200,0,0,0,2280939,2280939,2928
17557,79,898,1019,23,0,11200,0,0,0,2282673,2282673,2928
17573,79,956,1019,23,0,11200,0,0,0,2284446,2284446,2928
17588,80,1018,1019,23,0,11200,0,0,0,2286433,2286433,2928
17603,80,88,1019,23,0,11200,0,0,0,2288868,2288868,2928
17618,80,153,1019,23,0,11200,0,0,0,2291145,2291145,2928
17633,80,200,1019,23,0,11200,0,0,0,2293194,2293194,2928
17648,80,245,1019,23,0,11200,0,0,0,2295542,2295542,2928
17664,80,301,1019,23,0,11200,0,0,0,2297496,2297496,2928
17679,80,363,1019,23,0,11200,0,0,0,2299603,2299603,2928
17694,80,452,1019,23,0,11200,0,0,0,2301701,2301701,2928
17709,80,504,1019,23,0,11200,0,0,0,2303901,2303901,2928
17724,80,559,1019,23,0,11200,0,0,0,2305630,2305630,2928
17740,80,644,1019,23,0,11200,0,0,0,2307414,2307414,2928
17755,80,690,1019,23,0,11200,0,0,0,2309299,2309299,2928
17770,80,746,1019,23,0,11200,0,0,0,2311098,2311098,2928
17786,80,815,1019,23,0,11200,0,0,0,2312922,2312922,2928
17802,80,891,1020,24,0,11200,0,0,0,2314778,2314778,2928
17817,80,959,1020,24,0,11200,0,0,0,2316689,2316689,2928
17832,81,1012,1020,24,0,11200,0,0,0,2318585,2318585,2928
17847,81,47,1020,23,0,11200,0,0,0,2321063,2321063,2928
17863,81,134,1020,23,0,11200,0,0,0,2323306,2323306,2928
17878,81,181,1021,24,0,11200,0,0,0,2325307,2325307,2931
17894,81,230,1021,24,0,11200,0,0,0,2327426,2327426,2931
17909,81,300,1021,24,0,11200,0,0,0,2329654,2329654,2931
17924,81,357,1021,24,0,11200,0,0,0,2331561,2331561,2931
17939,81,447,1021,24,0,11200,0,0,0,2333740,2333740,2931
17955,81,502,1021,24,0,11200,0,0,0,2335727,2335727,2931
17970,81,559,1021,24,0,11200,0,0,0,2337973,2337973,2931
17985,81,625,1021,24,0,11200,0,0,0,2339788,2339788,2931
18001,81,686,1022,25,0,11200,0,0,0,2341472,2341472,2934
18016,81,747,1022,25,0,11200,0,0,0,2343193,2343193,2934
18031,81,787,1022,25,0,11200,0,0,0,2344656,2344656,2934
18046,81,873,1022,25,0,11200,0,0,0,2346592,2346592,2934
18062,81,963,1022,25,0,11200,0,0,0,2348552,2348552,2934
18077,82,1017,1023,24,0,11200,0,0,0,2350670,2350670,2935
18092,82,65,1023,21,0,11200,0,0,0,2353013,2353013,2935
18107,82,139,1024,22,0,11200,0,0,0,2355250,2355250,2936
18123,82,189,1024,22,0,11200,0,0,0,2357548,2357548,2936
18138,82,242,1024,22,0,11200,0,0,0,2359692,2359692,2936
18153,82,306,1024,22,0,11200,0,0,0,2361871,2361871,2936
18168,82,365,1024,22,0,11200,0,0,0,2363990,2363990,2936
18183,82,440,1024,22,0,11200,0,0,0,2365998,2365998,2936
18198,82,502,1024,22,0,11200,0,0,0,2368119,2368119,2936
18214,82,560,1024,22,0,11200,0,0,0,2370149,2370149,2936
18229,82,654,1024,22,0,11200,0,0,0,2372180,2372180,2936
18245,82,700,1024,22,0,11200,0,0,0,2373735,2373735,2936
18260,82,764,1024,22,0,11200,0,0,0,2375490,2375490,2936
18275,82,837,1024,22,0,11200,0,0,0,2377421,2377421,2936
18290,82,908,1024,22,0,11200,0,0,0,2379461,2379461,2936
18306,82,971,1024,22,0,11200,0,0,0,2381349,2381349,2936
18321,83,1021,1025,21,0,11200,0,0,0,2383346,2383346,2938
18336,83,44,1025,19,0,11200,0,0,0,2385675,2385675,2938
18351,83,134,1025,19,0,11200,0,0,0,2387889,2387889,2938
18366,83,194,1025,19,0,11200,0,0,0,2390257,2390257,2938
18382,83,244,1025,19,0,11200,0,0,0,2392501,2392501,2938
18397,83,301,1025,19,0,11200,0,0,0,2394735,2394735,2938
18412,83,356,1025,19,0,11200,0,0,0,2396747,2396747,2938
18427,83,436,1025,19,0,11200,0,0,0,2398638,2398638,2938
18443,83,501,1025,19,0,11200,0,0,0,2400953,2400953,2938
18458,83,550,1025,19,0,11200,0,0,0,2402835,2402835,2938
18473,83,629,1025,18,0,11200,0,0,0,2404873,2404873,2938
18488,83,670,1025,18,0,11200,0,0,0,2406187,2406187,2938
18504,83,719,1025,18,0,11200,0,0,0,2407882,2407882,2938
18519,83,772,1026,19,0,11200,0,0,0,2409667,2409667,2938
18535,83,829,1026,19,0,11200,0,0,0,2411246,2411246,2938
18550,83,891,1026,19,0,11200,0,0,0,2412985,2412985,2938
18565,83,945,1026,19,0,11200,0,0,0,2414795,2414795,2938
18581,84,1002,1026,19,0,11200,0,0,0,2416913,2416913,2938
18596,84,23,1026,17,0,11200,0,0,0,2419249,2419249,2938
18611,84,123,1026,17,0,11200,0,0,0,2421669,2421669,2938
18627,84,179,1026,17,0,11200,0,0,0,2423901,2423901,2938
18642,84,232,1027,18,0,11200,0,0,0,2425998,2425998,2938
18658,84,289,1027,18,0,11200,0,0,0,2428131,2428131,2938
18673,84,344,1027,18,0,11200,0,0,0,2430373,2430373,2938
18688,84,436,1027,18,0,11200,0,0,0,2432470,2432470,2938
18703,84,494,1027,18,0,11200,0,0,0,2434724,2434724,2938
18719,84,570,1027,18,0,11200,0,0,0,2436551,2436551,2938
18737,84,633,1027,18,0,11200,0,0,0,2438218,2438218,2938
18752,84,695,1027,18,0,11200,0,0,0,2440176,2440176,2938
18768,84,741,1027,18,0,11200,0,0,0,2441913,2441913,2938
18783,84,790,1027,18,0,11200,0,0,0,2443738,2443738,2938
18798,84,848,1027,18,0,11200,0,0,0,2445177,2445177,2938
18814,84,915,1027,18,0,11200,0,0,0,2446975,2446975,2938
18829,84,987,1028,18,0,11200,0,0,0,2448980,2448980,2940
18845,85,18,1029,17,0,11200,0,0,0,2451294,2451294,2941
18860,85,118,1029,17,0,11200,0,0,0,2453785,2453785,2941
18875,85,168,1029,17,0,11200,0,0,0,2455948,2455948,2941
18891,85,214,1029,16,0,11200,0,0,0,2458105,2458105,2941
18906,85,258,1029,16,0,11200,0,0,0,2460023,2460023,2941
18922,85,327,1029,16,0,11200,0,0,0,2462254,2462254,2941
18937,85,403,1029,16,0,11200,0,0,0,2464478,2464478,2941
18952,85,460,1029,16,0,11200,0,0,0,2466336,2466336,2941
18967,85,523,1029,16,0,11200,0,0,0,2468331,2468331,2941
18983,85,587,1029,16,0,11200,0,0,0,2470206,2470206,2941
18998,85,640,1029,16,0,11200,0,0,0,2471721,2471721,2941
19013,85,680,1029,16,0,11200,0,0,0,2473378,2473378,2941
19029,85,723,1029,16,0,11200,0,0,0,2475016,2475016,2941
19045,85,780,1029,16,0,11200,0,0,0,2476732,2476732,2941
19060,85,861,1029,16,0,11200,0,0,0,2478429,2478429,2941
19075,85,938,1029,15,0,11200,0,0,0,2480330,2480330,2941
19091,86,995,1030,16,0,11200,0,0,0,2482369,2482369,2941
19106,86,17,1030,16,0,11200,0,0,0,2484634,2484634,2941
19121,86,118,1030,16,0,11200,0,0,0,2487033,2487033,2941
19137,86,184,1030,16,0,11200,0,0,0,2489423,2489423,2941
19152,86,237,1030,16,0,11200,0,0,0,2491505,2491505,2941
19167,86,302,1030,16,0,11200,0,0,0,2493572,2493572,2941
19183,86,384,1030,16,0,11200,0,0,0,2495729,2495729,2941
19198,86,463,1030,16,0,11200,0,0,0,2497700,2497700,2941
19213,86,524,1030,16,0,11200,0,0,0,2499589,2499589,2941
19228,86,558,1030,16,0,11200,0,0,0,2501149,2501149,2941
19243,86,632,1030,16,0,11200,0,0,0,2503042,2503042,2941
19259,86,685,1030,16,0,11200,0,0,0,2504941,2504941,2941
19274,86,751,1030,16,0,11200,0,0,0,2506552,2506552,2941
19290,86,810,1030,16,0,11200,0,0,0,2508293,2508293,2941
19305,86,868,1030,16,0,11200,0,0,0,2510084,2510084,2941
19320,86,956,1030,16,0,11200,0,0,0,2511855,2511855,2941
19336,87,1016,1031,17,0,11200,0,0,0,2513920,2513920,2941
19351,87,68,1031,17,0,11200,0,0,0,2516251,2516251,2941
19367,87,145,1031,17,0,11200,0,0,0,2518661,2518661,2941
19382,87,195,1031,17,0,11200,0,0,0,2520936,2520936,2941
19397,87,240,1031,17,0,11200,0,0,0,2522935,2522935,2941
19412,87,294,1031,17,0,11200,0,0,0,2525000,2525000,2941
19428,87,355,1031,17,0,11200,0,0,0,2527059,2527059,2941
19443,87,435,1031,17,0,11200,0,0,0,2529218,2529218,2941
19458,87,488,1031,17,0,11200,0,0,0,2531243,2531243,2941
19473,87,538,1031,17,0,11200,0,0,0,2533121,2533121,2941
19488,87,573,1031,17,0,11200,0,0,0,2534014,2534014,2941
19503,87,658,1031,17,0,11200,0,0,0,2535929,2535929,2941
19519,87,708,1031,17,0,11200,0,0,0,2537474,2537474,2941
19535,87,773,1031,17,0,11200,0,0,0,2539135,2539135,2941
19550,87,817,1031,17,0,11200,0,0,0,2540256,2540256,2941
19565,87,891,1031,17,0,11200,0,0,0,2542053,2542053,2941
19581,87,955,1031,17,0,11200,0,0,0,2543928,2543928,2941
19596,88,1002,1032,18,0,11200,0,0,0,2545804,2545804,2941
19611,88,25,1032,18,0,11200,0,0,0,2548044,2548044,2941
19626,88,118,1032,18,0,11200,0,0,0,2550203,2550203,2941
19641,88,181,1032,18,0,11200,0,0,0,2552472,2552472,2941
19656,88,237,1032,18,0,11200,0,0,0,2554770,2554770,2941
19672,88,301,1032,18,0,11200,0,0,0,2557005,2557005,2941
19687,88,368,1032,18,0,11200,0,0,0,2559119,2559119,2941
19702,88,452,1032,17,0,11200,0,0,0,2561256,2561256,2941
19717,88,503,1032,17,0,11200,0,0,0,2563042,2563042,2941
19734,88,558,1032,17,0,11200,0,0,0,2564989,2564989,2941
19750,88,646,1032,17,0,11200,0,0,0,2566833,2566833,2941
19765,88,688,1032,17,0,11200,0,0,0,2568782,2568782,2941
19781,88,750,1032,17,0,11200,0,0,0,2570507,2570507,2941
19796,88,826,1032,17,0,11200,0,0,0,2571960,2571960,2941
19811,88,896,1032,17,0,11200,0,0,0,2573759,2573759,2941
19827,88,949,1032,17,0,11200,0,0,0,2575441,2575441,2941
19842,89,1005,1032,17,0,11200,0,0,0,2577476,2577476,2941
19857,89,42,1032,17,0,11200,0,0,0,2580014,2580014,2941
19872,89,141,1032,17,0,11200,0,0,0,2582351,2582351,2941
19888,89,202,1032,17,0,11200,0,0,0,2584478,2584478,2941
19904,89,243,1032,17,0,11200,0,0,0,2586687,2586687,2941
19919,89,302,1032,17,0,11200,0,0,0,2588689,2588689,2941
19934,89,369,1032,17,0,11200,0,0,0,2590906,2590906,2941
19950,89,445,1032,17,0,11200,0,0,0,2592906,2592906,2941
19965,89,495,1032,17,0,11200,0,0,0,2595012,2595012,2941
19980,89,536,1032,17,0,11200,0,0,0,2596730,2596730,2941
19995,89,591,1032,17,0,11200,0,0,0,2598271,2598271,2941
20011,89,675,1032,17,0,11200,0,0,0,2600356,2600356,2941
20026,89,736,1032,16,0,11200,0,0,0,2602101,2602101,2941
20043,89,788,1032,16,0,11200,0,0,0,2603745,2603745,2941
20059,89,861,1032,16,0,11200,0,0,0,2605523,2605523,2941
20074,89,948,1032,16,0,11200,0,0,0,2607515,2607515,2941
20089,90,1003,1032,16,0,11200,0,0,0,2609498,2609498,2941
20104,90,29,1032,16,0,11200,0,0,0,2611904,2611904,2941
20120,90,133,1032,16,0,11200,0,0,0,2614058,2614058,2941
20135,90,186,1032,16,0,11200,0,0,0,2616316,2616316,2941
20150,90,234,1032,16,0,11200,0,0,0,2618579,2618579,2941
20166,90,300,1032,16,0,11200,0,0,0,2620932,2620932,2941
20181,90,363,1032,16,0,11200,0,0,0,2623067,2623067,2941
20196,90,446,1032,16,0,11200,0,0,0,2625007,2625007,2941
20212,90,500,1032,16,0,11200,0,0,0,2626834,2626834,2941
20227,90,543,1032,16,0,11200,0,0,0,2628642,2628642,2941
20243,90,609,1032,16,0,11200,0,0,0,2630175,2630175,2941
20258,90,675,1033,17,0,11200,0,0,0,2632060,2632060,2941
20274,90,741,1033,17,0,11200,0,0,0,2633984,2633984,2941
20289,90,787,1033,17,0,11200,0,0,0,2635530,2635530,2941
20304,90,858,1033,17,0,11200,0,0,0,2637418,2637418,2941
20319,90,917,1033,17,0,11200,0,0,0,2638783,2638783,2941
20335,90,981,1033,17,0,11200,0,0,0,2640899,2640899,2941
20350,91,11,1033,17,0,11200,0,0,0,2643032,2643032,2941
20365,91,107,1033,17,0,11200,0,0,0,2645275,2645275,2941
20381,91,174,1033,17,0,11200,0,0,0,2647853,2647853,2941
20396,91,238,1033,17,0,11200,0,0,0,2650090,2650090,2941
20412,91,302,1033,17,0,11200,0,0,0,2652359,2652359,2941
20427,91,365,1033,17,0,11200,0,0,0,2654296,2654296,2941
20442,91,440,1033,17,0,11200,0,0,0,2656311,2656311,2941
20457,91,502,1033,17,0,11200,0,0,0,2658251,2658251,2941
20472,91,556,1033,17,0,11200,0,0,0,2660220,2660220,2941
20488,91,634,1033,17,0,11200,0,0,0,2662098,2662098,2941
20503,91,683,1033,17,0,11200,0,0,0,2663846,2663846,2941
20518,91,735,1033,17,0,11200,0,0,0,2665474,2665474,2941
20534,91,790,1033,17,0,11200,0,0,0,2667284,2667284,2941
20549,91,844,1033,17,0,11200,0,0,0,2668772,2668772,2941
20564,91,913,1033,17,0,11200,0,0,0,2670610,2670610,2941
20579,91,974,1033,17,0,11200,0,0,0,2672575,2672575,2941
20595,92,3,1033,16,0,11200,0,0,0,2674689,2674689,2941
20610,92,110,1033,16,0,11200,0,0,0,2677195,2677195,2941
20625,92,169,1033,16,0,11200,0,0,0,2679699,2679699,2941
20640,92,219,1033,16,0,11200,0,0,0,2681813,2681813,2941
20656,92,271,1033,16,0,11200,0,0,0,2683868,2683868,2941
20671,92,332,1033,16,0,11200,0,0,0,2685870,2685870,2941
20686,92,418,1033,16,0,11200,0,0,0,2687995,2687995,2941
20701,92,486,1033,16,0,11200,0,0,0,2690126,2690126,2941
20716,92,535,1033,16,0,11200,0,0,0,2692151,2692151,2941
20732,92,588,1033,16,0,11200,0,0,0,2693821,2693821,2941
20748,92,670,1033,16,0,11200,0,0,0,2695855,2695855,2941
20764,92,718,1033,16,0,11200,0,0,0,2697703,2697703,2941
20779,92,774,1033,16,0,11200,0,0,0,2699316,2699316,2941
20795,92,830,1033,16,0,11200,0,0,0,2700874,2700874,2941
20810,92,901,1034,17,0,11200,0,0,0,2702731,2702731,2941
20826,92,966,1034,17,0,11200,0,0,0,2704555,2704555,2941
20843,93,1017,1034,16,0,11200,0,0,0,2706691,2706691,2941
20858,93,24,1034,15,0,11200,0,0,0,2708916,2708916,2941
20873,93,115,1034,15,0,11200,0,0,0,2711073,2711073,2941
20888,93,174,1035,16,0,11200,0,0,0,2713311,2713311,2941
20904,93,218,1035,16,0,11200,0,0,0,2715371,2715371,2941
20919,93,274,1035,16,0,11200,0,0,0,2717460,2717460,2941
20934,93,337,1035,16,0,11200,0,0,0,2719496,2719496,2941
20950,93,433,1035,16,0,11200,0,0,0,2721661,2721661,2941
20965,93,486,1035,16,0,11200,0,0,0,2723533,2723533,2941
20981,93,538,1035,16,0,11200,0,0,0,2725541,2725541,2941
20996,93,608,1035,16,0,11200,0,0,0,2727292,2727292,2941
21011,93,670,1035,16,0,11200,0,0,0,2728945,2728945,2941
21026,93,738,1035,16,0,11200,0,0,0,2730812,2730812,2941
21042,93,796,1035,16,0,11200,0,0,0,2732718,2732718,2941
21059,93,866,1035,16,0,11200,0,0,0,2734566,2734566,2941
21074,93,941,1035,16,0,11200,0,0,0,2736611,2736611,2941
21089,94,998,1035,16,0,11200,0,0,0,2738796,2738796,2941
21105,94,27,1035,16,0,11200,0,0,0,2741091,2741091,2941
21120,94,133,1035,16,0,11200,0,0,0,2743483,2743483,2941
21136,94,188,1035,16,0,11200,0,0,0,2745962,2745962,2941
21151,94,243,1035,16,0,11200,0,0,0,2748133,2748133,2941
21166,94,307,1035,16,0,11200,0,0,0,2750303,2750303,2941
21181,94,361,1035,16,0,11200,0,0,0,2752333,2752333,2941
21196,94,446,1035,16,0,11200,0,0,0,2754133,2754133,2941
21211,94,497,1035,16,0,11200,0,0,0,2755873,2755873,2941
21227,94,549,1035,16,0,11200,0,0,0,2757945,2757945,2941
21242,94,645,1035,16,0,11200,0,0,0,2759962,2759962,2941
21258,94,714,1035,16,0,11200,0,0,0,2761838,2761838,2941
21273,94,771,1035,16,0,11200,0,0,0,2763478,2763478,2941
21288,94,805,1037,18,0,11200,0,0,0,2764709,2764709,2941
21305,94,891,1037,18,0,11200,0,0,0,2766750,2766750,2941
21320,94,956,1037,18,0,11200,0,0,0,2768694,2768694,2941
21336,95,1021,1037,18,0,11200,0,0,0,2770737,2770737,2941
21351,95,82,1037,18,0,11200,0,0,0,2773103,2773103,2941
21366,95,148,1037,18,0,11200,0,0,0,2775406,2775406,2941
21381,95,210,1037,18,0,11200,0,0,0,2777789,2777789,2941
21396,95,254,1037,18,0,11200,0,0,0,2779895,2779895,2941
21411,95,325,1037,18,0,11200,0,0,0,2782156,2782156,2941
21426,95,384,1037,18,0,11200,0,0,0,2784211,2784211,2941
21442,95,457,1037,18,0,11200,0,0,0,2786226,2786226,2941
21457,95,510,1037,18,0,11200,0,0,0,2788346,2788346,2941
21473,95,558,1037,18,0,11200,0,0,0,2789912,2789912,2941
21489,95,623,1037,18,0,11200,0,0,0,2791282,2791282,2941
21505,95,700,1037,18,0,11200,0,0,0,2793206,2793206,2941
21520,95,767,1037,18,0,11200,0,0,0,2794759,2794759,2941
21535,95,828,1037,18,0,11200,0,0,0,2796500,2796500,2941
21550,95,898,1037,18,0,11200,0,0,0,2798604,2798604,2941
21566,95,968,1037,18,0,11200,0,0,0,2800546,2800546,2941
21581,96,6,1037,18,0,11200,0,0,0,2802704,2802704,2941
21596,96,95,1037,18,0,11200,0,0,0,2805025,2805025,2941
21611,96,154,1037,17,0,11200,0,0,0,2807469,2807469,2941
21627,96,211,1037,17,0,11200,0,0,0,2809680,2809680,2941
21642,96,270,1037,17,0,11200,0,0,0,2811817,2811817,2941
21658,96,330,1037,17,0,11200,0,0,0,2813840,2813840,2941
21673,96,418,1037,17,0,11200,0,0,0,2815971,2815971,2941
21688,96,492,1037,17,0,11200,0,0,0,2818044,2818044,2941
21704,96,543,1038,18,0,11200,0,0,0,2819983,2819983,2941
21720,96,608,1038,18,0,11200,0,0,0,2821516,2821516,2941
21735,96,679,1038,18,0,11200,0,0,0,2823381,2823381,2941
21750,96,731,1038,18,0,11200,0,0,0,2825118,2825118,2941
21768,96,788,1038,18,0,11200,0,0,0,2826881,2826881,2941
21783,96,845,1038,18,0,11200,0,0,0,2828538,2828538,2941
21798,96,901,1039,19,0,11200,0,0,0,2830388,2830388,2941
21813,96,968,1039,19,0,11200,0,0,0,2832246,2832246,2941
21829,97,1033,1039,19,0,11200,0,0,0,2834272,2834272,2941
21844,97,85,1039,19,0,11200,0,0,0,2836825,2836825,2941
21859,97,174,1039,19,0,11200,0,0,0,2839218,2839218,2941
21874,97,230,1039,19,0,11200,0,0,0,2841542,2841542,2941
21890,97,296,1039,19,0,11200,0,0,0,2843820,2843820,2941
21905,97,352,1039,19,0,11200,0,0,0,2845973,2845973,2941
21920,97,431,1039,19,0,11200,0,0,0,2847681,2847681,2941
21935,97,486,1039,19,0,11200,0,0,0,2849412,2849412,2941
21951,97,531,1039,19,0,11200,0,0,0,2851379,2851379,2941
21966,97,572,1039,19,0,11200,0,0,0,2852710,2852710,2941
21982,97,652,1039,19,0,11200,0,0,0,2854592,2854592,2941
21997,97,699,1039,19,0,11200,0,0,0,2856238,2856238,2941
22012,97,755,1039,19,0,11200,0,0,0,2857876,2857876,2941
22028,97,829,1039,19,0,11200,0,0,0,2859767,2859767,2941
22043,97,898,1039,19,0,11200,0,0,0,2861940,2861940,2941
22058,97,964,1039,19,0,11200,0,0,0,2863906,2863906,2941
22074,98,1017,1040,20,0,11200,0,0,0,2865977,2865977,2943
22089,98,24,1041,18,0,11200,0,0,0,2868296,2868296,2943
22104,98,135,1041,18,0,11200,0,0,0,2870561,2870561,2943
22120,98,191,1041,18,0,11200,0,0,0,2872978,2872978,2943
22135,98,240,1041,18,0,11200,0,0,0,2875238,2875238,2943
22150,98,302,1041,18,0,11200,0,0,0,2877542,2877542,2943
22166,98,377,1041,18,0,11200,0,0,0,2879567,2879567,2943
22181,98,451,1041,18,0,11200,0,0,0,2881513,2881513,2943
22196,98,500,1041,18,0,11200,0,0,0,2883460,2883460,2943
22211,98,556,1041,18,0,11200,0,0,0,2885459,2885459,2943
22227,98,620,1041,18,0,11200,0,0,0,2887099,2887099,2943
22242,98,681,1041,18,0,11200,0,0,0,2889072,2889072,2943
22257,98,732,1041,18,0,11200,0,0,0,2890569,2890569,2943
22272,98,783,1041,18,0,11200,0,0,0,2891908,2891908,2943
22288,98,817,1042,19,0,11200,0,0,0,2893022,2893022,2943
22303,98,876,1042,19,0,11200,0,0,0,2895052,2895052,2943
22319,98,956,1042,19,0,11200,0,0,0,2897167,2897167,2943
22334,99,1011,1042,18,0,11200,0,0,0,2899160,2899160,2943
22350,99,26,1044,20,0,11200,0,0,0,2901647,2901647,2943
22365,99,129,1044,20,0,11200,0,0,0,2904074,2904074,2943
22380,99,208,1044,20,0,11200,0,0,0,2906553,2906553,2943
22396,99,258,1044,20,0,11200,0,0,0,2908842,2908842,2943
22411,99,313,1044,20,0,11200,0,0,0,2910804,2910804,2943
22427,99,369,1044,20,0,11200,0,0,0,2912914,2912914,2943
22443,99,448,1044,20,0,11200,0,0,0,2914830,2914830,2943
22458,99,503,1044,20,0,11200,0,0,0,2916887,2916887,2943
22473,99,555,1044,20,0,11200,0,0,0,2918828,2918828,2943
22491,99,608,1044,20,0,11200,0,0,0,2920101,2920101,2943
22507,99,676,1044,20,0,11200,0,0,0,2922014,2922014,2943
22522,99,741,1044,20,0,11200,0,0,0,2923688,2923688,2943
22538,99,810,1044,20,0,11200,0,0,0,2925626,2925626,2943
22553,99,898,1044,20,0,11200,0,0,0,2927663,2927663,2943
22568,99,966,1045,21,0,11200,0,0,0,2929601,2929601,2943
22583,100,1027,1045,21,0,11200,0,0,0,2931657,2931657,2943
22599,100,73,1045,21,0,11200,0,0,0,2934090,2934090,2943
22614,100,139,1045,21,0,11200,0,0,0,2936279,2936279,2943
22629,100,187,1045,21,0,11200,0,0,0,2938560,2938560,2943
22644,100,225,1045,21,0,11200,0,0,0,2940620,2940620,2943
22659,100,288,1045,21,0,11200,0,0,0,2942656,2942656,2943
22675,100,356,1045,21,0,11200,0,0,0,2944640,2944640,2943
22690,100,438,1045,21,0,11200,0,0,0,2946605,2946605,2943
22705,100,501,1045,21,0,11200,0,0,0,2948498,2948498,2943
22720,100,545,1045,21,0,11200,0,0,0,2950238,2950238,2943
22736,100,591,1045,21,0,11200,0,0,0,2951605,2951605,2943
22751,100,661,1045,21,0,11200,0,0,0,2953564,2953564,2943
22767,100,702,1045,21,0,11200,0,0,0,2955080,2955080,2943
22782,100,766,1045,21,0,11200,0,0,0,2956895,2956895,2943
22797,100,800,1045,21,0,11200,0,0,0,2958286,2958286,2943
22812,100,873,1045,21,0,11200,0,0,0,2960002,2960002,2943
22828,100,948,1045,21,0,11200,0,0,0,2961845,2961845,2943
22843,100,995,1045,21,0,11200,0,0,0,2963585,2963585,2943
22858,101,6,1045,21,0,11200,0,0,0,2965524,2965524,2943
22873,101,107,1045,21,0,11200,0,0,0,2967922,2967922,2943
22889,101,170,1045,21,0,11200,0,0,0,2970290,2970290,2943
22904,101,234,1045,21,0,11200,0,0,0,2972645,2972645,2943
22919,101,294,1045,21,0,11200,0,0,0,2974799,2974799,2943
22935,101,361,1045,21,0,11200,0,0,0,2976855,2976855,2943
22951,101,438,1045,21,0,11200,0,0,0,2978716,2978716,2943
22966,101,486,1045,21,0,11200,0,0,0,2980405,2980405,2943
22981,101,545,1045,21,0,11200,0,0,0,2982308,2982308,2943
22996,101,638,1045,21,0,11200,0,0,0,2984193,2984193,2943
23011,101,698,1045,21,0,11200,0,0,0,2985897,2985897,2943
23027,101,772,1045,21,0,11200,0,0,0,2987656,2987656,2943
23043,101,828,1045,21,0,11200,0,0,0,2989161,2989161,2943
23058,101,908,1045,21,0,11200,0,0,0,2991146,2991146,2943
23074,101,980,1045,21,0,11200,0,0,0,2993065,2993065,2943
23089,102,1039,1045,21,0,11200,0,0,0,2995097,2995097,2943
23104,102,90,1045,21,0,11200,0,0,0,2997656,2997656,2943
23119,102,147,1045,21,0,11200,0,0,0,2999997,2999997,2943
23135,102,205,1045,21,0,11200,0,0,0,3002371,3002371,2943
23150,102,245,1045,21,0,11200,0,0,0,3004561,3004561,2943
23165,102,300,1045,21,0,11200,0,0,0,3006781,3006781,2943
23180,102,379,1045,21,0,11200,0,0,0,3008887,3008887,2943
23195,102,450,1045,21,0,11200,0,0,0,3010954,3010954,2943
23211,102,497,1045,21,0,11200,0,0,0,3012860,3012860,2943
23226,102,546,1045,21,0,11200,0,0,0,3014666,3014666,2943
23241,102,597,1045,21,0,11200,0,0,0,3016275,3016275,2943
23256,102,661,1045,21,0,11200,0,0,0,3017968,3017968,2943
23271,102,702,1045,21,0,11200,0,0,0,3019469,3019469,2943
23287,102,768,1045,21,0,11200,0,0,0,3021296,3021296,2943
23302,102,800,1045,21,0,11200,0,0,0,3022452,3022452,2943
23318,102,873,1045,21,0,11200,0,0,0,3024374,3024374,2943
23333,102,949,1045,21,0,11200,0,0,0,3026324,3026324,2943
23348,103,1024,1046,21,0,11200,0,0,0,3028338,3028338,2943
23363,103,93,1046,20,0,11200,0,0,0,3030730,3030730,2943
23379,103,161,1046,20,0,11200,0,0,0,3033087,3033087,2943
23394,103,217,1046,20,0,11200,0,0,0,3035328,3035328,2943
23409,103,279,1046,20,0,11200,0,0,0,3037619,3037619,2943
23424,103,336,1046,20,0,11200,0,0,0,3039717,3039717,2943
23440,103,405,1046,20,0,11200,0,0,0,3041479,3041479,2943
23455,103,484,1047,21,0,11200,0,0,0,3043334,3043334,2943
23470,103,532,1047,21,0,11200,0,0,0,3045131,3045131,2943
23485,103,586,1047,21,0,11200,0,0,0,3046885,3046885,2943
23500,103,655,1047,21,0,11200,0,0,0,3048367,3048367,2943
23516,103,716,1047,21,0,11200,0,0,0,3050071,3050071,2943
23532,103,773,1047,21,0,11200,0,0,0,3051876,3051876,2943
23548,103,851,1047,21,0,11200,0,0,0,3053819,3053819,2943
23563,103,914,1047,21,0,11200,0,0,0,3055644,3055644,2943
23578,103,968,1048,22,0,11200,0,0,0,3057371,3057371,2943
23593,104,1018,1048,22,0,11200,0,0,0,3059237,3059237,2943
23609,104,17,1050,22,0,11200,0,0,0,3061382,3061382,2946
23624,104,123,1050,22,0,11200,0,0,0,3063642,3063642,2946
23639,104,187,1050,22,0,11200,0,0,0,3066107,3066107,2946
23654,104,239,1050,22,0,11200,0,0,0,3068384,3068384,2946
23670,104,300,1050,22,0,11200,0,0,0,3070466,3070466,2946
23685,104,357,1050,22,0,11200,0,0,0,3072415,3072415,2946
23700,104,435,1050,22,0,11200,0,0,0,3074450,3074450,2946
23716,104,489,1050,22,0,11200,0,0,0,3076252,3076252,2946
23731,104,546,1050,22,0,11200,0,0,0,3078323,3078323,2946
23748,104,633,1050,22,0,11200,0,0,0,3080114,3080114,2946
23763,104,695,1050,22,0,11200,0,0,0,3081958,3081958,2946
23778,104,745,1050,22,0,11200,0,0,0,3083485,3083485,2946
23793,104,790,1050,22,0,11200,0,0,0,3085133,3085133,2946
23808,104,853,1050,22,0,11200,0,0,0,3086665,3086665,2946
23824,104,933,1050,22,0,11200,0,0,0,3088532,3088532,2946
23839,104,998,1050,22,0,11200,0,0,0,3090422,3090422,2946
23855,105,7,1050,20,0,11200,0,0,0,3092351,3092351,2946
23870,105,93,1050,20,0,11200,0,0,0,3094774,3094774,2946
23885,105,168,1050,20,0,11200,0,0,0,3097344,3097344,2946
23900,105,223,1050,20,0,11200,0,0,0,3099312,3099312,2946
23915,105,277,1050,20,0,11200,0,0,0,3101619,3101619,2946
23930,105,329,1050,20,0,11200,0,0,0,3103518,3103518,2946
23945,105,405,1050,20,0,11200,0,0,0,3105534,3105534,2946
23961,105,478,1050,20,0,11200,0,0,0,3107382,3107382,2946
23976,105,531,1050,20,0,11200,0,0,0,3109246,3109246,2946
23992,105,608,1050,20,0,11200,0,0,0,3110884,3110884,2946
24007,105,669,1050,20,0,11200,0,0,0,3112422,3112422,2946
24022,105,723,1050,20,0,11200,0,0,0,3114347,3114347,2946
24038,105,772,1050,20,0,11200,0,0,0,3116093,3116093,2946
24053,105,829,1050,20,0,11200,0,0,0,3117596,3117596,2946
24068,105,898,1051,21,0,11200,0,0,0,3119364,3119364,2946
24084,105,965,1051,21,0,11200,0,0,0,3121066,3121066,2946
24099,106,1027,1051,21,0,11200,0,0,0,3123109,3123109,2946
24115,106,42,1051,20,0,11200,0,0,0,3125524,3125524,2946
24130,106,136,1051,20,0,11200,0,0,0,3127893,3127893,2946
24145,106,188,1051,20,0,11200,0,0,0,3130128,3130128,2946
24161,106,232,1051,20,0,11200,0,0,0,3132301,3132301,2946
24176,106,304,1051,20,0,11200,0,0,0,3134513,3134513,2946
24192,106,365,1051,20,0,11200,0,0,0,3136684,3136684,2946
24208,106,438,1051,20,0,11200,0,0,0,3138484,3138484,2946
24224,106,493,1051,20,0,11200,0,0,0,3140729,3140729,2946
24239,106,556,1051,20,0,11200,0,0,0,3142898,3142898,2946
24254,106,643,1051,19,0,11200,0,0,0,3144836,3144836,2946
24270,106,688,1051,19,0,11200,0,0,0,3146648,3146648,2946
24285,106,745,1051,19,0,11200,0,0,0,3148242,3148242,2946
24300,106,785,1051,19,0,11200,0,0,0,3149793,3149793,2946
24315,106,837,1052,20,0,11200,0,0,0,3151023,3151023,2947
24331,106,896,1052,20,0,11200,0,0,0,3152863,3152863,2947
24346,106,959,1052,20,0,11200,0,0,0,3154503,3154503,2947
24363,107,1019,1052,20,0,11200,0,0,0,3156514,3156514,2947
24379,107,27,1052,18,0,11200,0,0,0,3158836,3158836,2947
24394,107,128,1052,17,0,11200,0,0,0,3161106,3161106,2947
24409,107,180,1052,17,0,11200,0,0,0,3163323,3163323,2947
24425,107,228,1052,17,0,11200,0,0,0,3165479,3165479,2947
24440,107,289,1052,17,0,11200,0,0,0,3167826,3167826,2947
24455,107,344,1052,17,0,11200,0,0,0,3169670,3169670,2947
24471,107,406,1052,17,0,11200,0,0,0,3171531,3171531,2947
24486,107,483,1052,17,0,11200,0,0,0,3173757,3173757,2947
24501,107,529,1052,17,0,11200,0,0,0,3175657,3175657,2947
24517,107,587,1052,17,0,11200,0,0,0,3177452,3177452,2947
24532,107,651,1052,17,0,11200,0,0,0,3179066,3179066,2947
24547,107,694,1052,17,0,11200,0,0,0,3180790,3180790,2947
24562,107,749,1052,17,0,11200,0,0,0,3182432,3182432,2947
24577,107,810,1052,17,0,11200,0,0,0,3184102,3184102,2947
24592,107,879,1052,17,0,11200,0,0,0,3185699,3185699,2947
24607,107,941,1052,17,0,11200,0,0,0,3187422,3187422,2947
24622,107,998,1053,18,0,11200,0,0,0,3189309,3189309,2949
24638,108,3,1054,17,0,11200,0,0,0,3191335,3191335,2949
24653,108,83,1054,17,0,11200,0,0,0,3193546,3193546,2949
24669,108,149,1054,17,0,11200,0,0,0,3195977,3195977,2949
24684,108,202,1054,17,0,11200,0,0,0,3198186,3198186,2949
24700,108,255,1054,17,0,11200,0,0,0,3200339,3200339,2949
24715,108,314,1054,17,0,11200,0,0,0,3202562,3202562,2949
24731,108,385,1054,17,0,11200,0,0,0,3204694,3204694,2949
24747,108,457,1054,17,0,11200,0,0,0,3206520,3206520,2949
24762,108,508,1054,17,0,11200,0,0,0,3208487,3208487,2949
24779,108,556,1054,17,0,11200,0,0,0,3210218,3210218,2949
24794,108,633,1054,17,0,11200,0,0,0,3211820,3211820,2949
24809,108,698,1054,17,0,11200,0,0,0,3213733,3213733,2949
24824,108,766,1054,17,0,11200,0,0,0,3215387,3215387,2949
24840,108,797,1054,17,0,11200,0,0,0,3216743,3216743,2949
24855,108,875,1054,17,0,11200,0,0,0,3218456,3218456,2949
24871,108,915,1054,17,0,11200,0,0,0,3219902,3219902,2949
24887,108,985,1055,18,0,11200,0,0,0,3221994,3221994,2949
24902,109,1048,1056,19,0,11200,0,0,0,3224018,3224018,2949
24917,109,100,1056,19,0,11200,0,0,0,3226240,3226240,2949
24932,109,168,1056,19,0,11200,0,0,0,3228540,3228540,2949
24948,109,230,1056,19,0,11200,0,0,0,3230646,3230646,2949
24963,109,292,1056,19,0,11200,0,0,0,3232683,3232683,2949
24978,109,361,1056,19,0,11200,0,0,0,3234685,3234685,2949
24994,109,438,1056,19,0,11200,0,0,0,3236863,3236863,2949
25009,109,493,1056,19,0,11200,0,0,0,3238795,3238795,2949
25024,109,538,1056,19,0,11200,0,0,0,3240732,3240732,2949
25040,109,603,1056,19,0,11200,0,0,0,3242437,3242437,2949
25055,109,669,1056,19,0,11200,0,0,0,3244341,3244341,2949
25071,109,719,1056,19,0,11200,0,0,0,3246033,3246033,2949
25086,109,777,1056,19,0,11200,0,0,0,3247514,3247514,2949
25101,109,826,1056,19,0,11200,0,0,0,3248696,3248696,2949
25116,109,918,1056,19,0,11200,0,0,0,3250802,3250802,2949
25132,109,972,1056,19,0,11200,0,0,0,3252602,3252602,2949
25147,110,1027,1056,19,0,11200,0,0,0,3254689,3254689,2949
25162,110,42,1056,19,0,11200,0,0,0,3256829,3256829,2949
25177,110,133,1056,19,0,11200,0,0,0,3258896,3258896,2949
25193,110,191,1056,19,0,11200,0,0,0,3261191,3261191,2949
25208,110,242,1056,19,0,11200,0,0,0,3263345,3263345,2949
25223,110,296,1056,19,0,11200,0,0,0,3265474,3265474,2949
25239,110,346,1056,19,0,11200,0,0,0,3267401,3267401,2949
25254,110,436,1056,19,0,11200,0,0,0,3269565,3269565,2949
25269,110,488,1056,19,0,11200,0,0,0,3271618,3271618,2949
25284,110,549,1056,19,0,11200,0,0,0,3273748,3273748,2949
25300,110,629,1056,19,0,11200,0,0,0,3275745,3275745,2949
25315,110,687,1056,19,0,11200,0,0,0,3277529,3277529,2949
25330,110,746,1056,19,0,11200,0,0,0,3279164,3279164,2949
25346,110,794,1056,19,0,11200,0,0,0,3280721,3280721,2949
25362,110,862,1056,19,0,11200,0,0,0,3282731,3282731,2949
25377,110,943,1056,19,0,11200,0,0,0,3284630,3284630,2949
25393,110,1005,1056,19,0,11200,0,0,0,3286665,3286665,2949
25408,111,16,1057,18,0,11200,0,0,0,3288865,3288865,2950
25423,111,117,1057,18,0,11200,0,0,0,3291201,3291201,2950
25438,111,175,1057,18,0,11200,0,0,0,3293535,3293535,2950
25454,111,227,1057,18,0,11200,0,0,0,3295743,3295743,2950
25469,111,290,1057,18,0,11200,0,0,0,3297953,3297953,2950
25485,111,356,1057,18,0,11200,0,0,0,3300079,3300079,2950
25500,111,455,1057,17,0,11200,0,0,0,3302190,3302190,2950
25515,111,497,1057,17,0,11200,0,0,0,3303925,3303925,2950
25531,111,549,1057,17,0,11200,0,0,0,3306075,3306075,2950
25546,111,640,1057,17,0,11200,0,0,0,3308031,3308031,2950
25561,111,695,1057,17,0,11200,0,0,0,3309948,3309948,2950
25576,111,745,1058,18,0,11200,0,0,0,3311438,3311438,2951
25592,111,799,1058,18,0,11200,0,0,0,3313208,3313208,2951
25608,111,839,1058,18,0,11200,0,0,0,3314213,3314213,2951
25623,111,901,1058,18,0,11200,0,0,0,3315752,3315752,2951
25638,111,941,1058,18,0,11200,0,0,0,3316939,3316939,2951
25653,111,995,1058,18,0,11200,0,0,0,3318793,3318793,2951
25669,112,7,1058,15,0,11200,0,0,0,3320860,3320860,2951
25684,112,107,1058,15,0,11200,0,0,0,3323163,3323163,2951
25699,112,175,1058,15,0,11200,0,0,0,3325502,3325502,2951
25715,112,224,1058,15,0,11200,0,0,0,3327812,3327812,2951
25730,112,288,1058,15,0,11200,0,0,0,3329988,3329988,2951
25746,112,344,1058,15,0,11200,0,0,0,3332007,3332007,2951
25761,112,434,1058,15,0,11200,0,0,0,3334090,3334090,2951
25776,112,502,1058,15,0,11200,0,0,0,3336324,3336324,2951
25792,112,573,1058,15,0,11200,0,0,0,3338416,3338416,2951
25807,112,637,1058,15,0,11200,0,0,0,3340116,3340116,2951
25822,112,690,1058,15,0,11200,0,0,0,3341803,3341803,2951
25838,112,763,1058,15,0,11200,0,0,0,3343639,3343639,2951
25853,112,796,1058,15,0,11200,0,0,0,3345264,3345264,2951
25868,112,851,1058,15,0,11200,0,0,0,3346766,3346766,2951
25883,112,917,1058,15,0,11200,0,0,0,3348545,3348545,2951
25898,112,983,1058,15,0,11200,0,0,0,3350349,3350349,2951
25914,113,1048,1059,16,0,11200,0,0,0,3352217,3352217,2951
25929,113,29,1059,16,0,11200,0,0,0,3354348,3354348,2951
25944,113,123,1059,16,0,11200,0,0,0,3356563,3356563,2951
25959,113,191,1059,16,0,11200,0,0,0,3359056,3359056,2951
25975,113,252,1059,16,0,11200,0,0,0,3361317,3361317,2951
25991,113,306,1059,16,0,11200,0,0,0,3363339,3363339,2951
26006,113,370,1059,16,0,11200,0,0,0,3365323,3365323,2951
26021,113,469,1059,16,0,11200,0,0,0,3367557,3367557,2951
26036,113,524,1059,16,0,11200,0,0,0,3369616,3369616,2951
26052,113,572,1059,16,0,11200,0,0,0,3371270,3371270,2951
26067,113,650,1059,16,0,11200,0,0,0,3373296,3373296,2951
26083,113,716,1059,16,0,11200,0,0,0,3375275,3375275,2951
26098,113,774,1059,16,0,11200,0,0,0,3377119,3377119,2951
26114,113,826,1059,16,0,11200,0,0,0,3378448,3378448,2951
26129,113,887,1059,16,0,11200,0,0,0,3380194,3380194,2951
26145,113,943,1059,16,0,11200,0,0,0,3381906,3381906,2951
26160,114,1012,1059,16,0,11200,0,0,0,3384102,3384102,2951
26175,114,21,1059,16,0,11200,0,0,0,3386272,3386272,2951
26190,114,121,1059,16,0,11200,0,0,0,3388450,3388450,2951
26206,114,179,1059,16,0,11200,0,0,0,3390841,3390841,2951
26222,114,224,1059,16,0,11200,0,0,0,3392841,3392841,2951
26237,114,290,1059,16,0,11200,0,0,0,3395117,3395117,2951
26252,114,363,1059,16,0,11200,0,0,0,3397215,3397215,2951
26268,114,447,1059,16,0,11200,0,0,0,3399396,3399396,2951
26283,114,508,1059,16,0,11200,0,0,0,3401482,3401482,2951
26299,114,558,1059,16,0,11200,0,0,0,3403214,3403214,2951
26314,114,640,1059,16,0,11200,0,0,0,3405348,3405348,2951
26329,114,695,1059,16,0,11200,0,0,0,3407124,3407124,2951
26344,114,755,1059,16,0,11200,0,0,0,3408760,3408760,2951
26359,114,805,1059,16,0,11200,0,0,0,3410049,3410049,2951
26375,114,879,1060,17,0,11200,0,0,0,3411896,3411896,2951
26390,114,943,1060,17,0,11200,0,0,0,3413606,3413606,2951
26406,114,999,1060,17,0,11200,0,0,0,3415531,3415531,2951
26421,115,3,1061,17,0,11200,0,0,0,3417639,3417639,2952
26436,115,88,1061,17,0,11200,0,0,0,3419941,3419941,2952
26451,115,153,1061,17,0,11200,0,0,0,3422229,3422229,2952
26467,115,209,1061,17,0,11200,0,0,0,3424463,3424463,2952
26482,115,260,1061,17,0,11200,0,0,0,3426683,3426683,2952
26497,115,327,1061,17,0,11200,0,0,0,3428740,3428740,2952
26512,115,403,1061,17,0,11200,0,0,0,3430858,3430858,2952
26528,115,484,1061,17,0,11200,0,0,0,3432569,3432569,2952
26543,115,538,1061,17,0,11200,0,0,0,3434754,3434754,2952
26558,115,586,1061,17,0,11200,0,0,0,3436102,3436102,2952
26574,115,651,1061,17,0,11200,0,0,0,3438034,3438034,2952
26589,115,719,1061,17,0,11200,0,0,0,3440042,3440042,2952
26606,115,791,1061,17,0,11200,0,0,0,3441745,3441745,2952
26621,115,876,1061,17,0,11200,0,0,0,3443639,3443639,2952
26636,115,927,1061,17,0,11200,0,0,0,3445280,3445280,2952
26651,115,987,1061,17,0,11200,0,0,0,3447267,3447267,2952
26667,116,1060,1061,17,0,11200,0,0,0,3449484,3449484,2952
26682,116,84,1061,17,0,11200,0,0,0,3452071,3452071,2952
26697,116,137,1061,17,0,11200,0,0,0,3454158,3454158,2952
26713,116,200,1061,17,0,11200,0,0,0,3456431,3456431,2952
26728,116,263,1061,17,0,11200,0,0,0,3458747,3458747,2952
26743,116,315,1061,17,0,11200,0,0,0,3460783,3460783,2952
26758,116,401,1061,17,0,11200,0,0,0,3462966,3462966,2952
26774,116,478,1061,17,0,11200,0,0,0,3464894,3464894,2952
26789,116,529,1061,17,0,11200,0,0,0,3466836,3466836,2952
26804,116,608,1061,17,0,11200,0,0,0,3468874,3468874,2952
26819,116,681,1061,17,0,11200,0,0,0,3470896,3470896,2952
26835,116,719,1061,17,0,11200,0,0,0,3472599,3472599,2952
26851,116,780,1061,17,0,11200,0,0,0,3474374,3474374,2952
26866,116,821,1061,17,0,11200,0,0,0,3475578,3475578,2952
26881,116,873,1061,17,0,11200,0,0,0,3477200,3477200,2952
26896,116,930,1061,17,0,11200,0,0,0,3478704,3478704,2952
26911,116,981,1061,17,0,11200,0,0,0,3480584,3480584,2952
26926,117,1044,1061,15,0,11200,0,0,0,3482619,3482619,2952
26941,117,29,1061,15,0,11200,0,0,0,3484891,3484891,2952
26956,117,134,1061,15,0,11200,0,0,0,3487021,3487021,2952
26972,117,191,1061,15,0,11200,0,0,0,3489375,3489375,2952
26987,117,252,1061,15,0,11200,0,0,0,3491511,3491511,2952
27002,117,313,1061,15,0,11200,0,0,0,3493497,3493497,2952
27017,117,391,1061,15,0,11200,0,0,0,3495662,3495662,2952
27033,117,457,1061,15,0,11200,0,0,0,3497642,3497642,2952
27048,117,514,1061,15,0,11200,0,0,0,3499551,3499551,2952
27063,117,572,1061,15,0,11200,0,0,0,3501355,3501355,2952
27079,117,631,1061,15,0,11200,0,0,0,3502840,3502840,2952
27094,117,698,1061,15,0,11200,0,0,0,3504895,3504895,2952
27110,117,768,1061,15,0,11200,0,0,0,3506702,3506702,2952
27125,117,829,1061,15,0,11200,0,0,0,3508217,3508217,2952
27141,117,892,1061,15,0,11200,0,0,0,3510170,3510170,2952
27156,117,941,1061,15,0,11200,0,0,0,3511545,3511545,2952
27171,117,1002,1061,15,0,11200,0,0,0,3513474,3513474,2952
27186,118,9,1061,15,0,11200,0,0,0,3515383,3515383,2952
27202,118,101,1061,15,0,11200,0,0,0,3517882,3517882,2952
27217,118,168,1061,15,0,11200,0,0,0,3520342,3520342,2952
27233,118,227,1061,15,0,11200,0,0,0,3522574,3522574,2952
27248,118,288,1061,15,0,11200,0,0,0,3524793,3524793,2952
27264,118,356,1061,15,0,11200,0,0,0,3527219,3527219,2952
27280,118,433,1061,15,0,11200,0,0,0,3529297,3529297,2952
27296,118,484,1061,15,0,11200,0,0,0,3531341,3531341,2952
27311,118,527,1061,15,0,11200,0,0,0,3533322,3533322,2952
27326,118,574,1061,15,0,11200,0,0,0,3534899,3534899,2952
27342,118,649,1061,15,0,11200,0,0,0,3536881,3536881,2952
27357,118,706,1061,15,0,11200,0,0,0,3538914,3538914,2952
27373,118,776,1061,15,0,11200,0,0,0,3540665,3540665,2952
27388,118,845,1061,15,0,11200,0,0,0,3542401,3542401,2952
27403,118,910,1061,15,0,11200,0,0,0,3544201,3544201,2952
27418,118,959,1061,15,0,11200,0,0,0,3545722,3545722,2952
27433,119,1017,1061,15,0,11200,0,0,0,3547505,3547505,2952
27449,119,28,1061,14,0,11200,0,0,0,3549854,3549854,2952
27464,119,123,1061,14,0,11200,0,0,0,3552095,3552095,2952
27479,119,179,1061,14,0,11200,0,0,0,3554387,3554387,2952
27495,119,225,1061,14,0,11200,0,0,0,3556483,3556483,2952
27510,119,290,1061,14,0,11200,0,0,0,3558617,3558617,2952
27526,119,377,1061,14,0,11200,0,0,0,3560758,3560758,2952
27542,119,457,1061,14,0,11200,0,0,0,3562703,3562703,2952
27557,119,509,1061,14,0,11200,0,0,0,3564787,3564787,2952
27572,119,570,1061,14,0,11200,0,0,0,3566614,3566614,2952
27588,119,638,1061,14,0,11200,0,0,0,3568539,3568539,2952
27604,119,688,1061,14,0,11200,0,0,0,3570479,3570479,2952
27619,119,750,1061,14,0,11200,0,0,0,3572165,3572165,2952
27635,119,797,1061,14,0,11200,0,0,0,3573812,3573812,2952
27651,119,876,1061,14,0,11200,0,0,0,3575617,3575617,2952
27666,119,941,1061,14,0,11200,0,0,0,3577416,3577416,2952
27681,119,990,1061,14,0,11200,0,0,0,3579125,3579125,2952
27697,120,1056,1061,14,0,11200,0,0,0,3581140,3581140,2952
27712,120,68,1061,14,0,11200,0,0,0,3583497,3583497,2952
27728,120,145,1061,14,0,11200,0,0,0,3585822,3585822,2952
27743,120,191,1061,14,0,11200,0,0,0,3588081,3588081,2952
27758,120,255,1061,14,0,11200,0,0,0,3590353,3590353,2952
27773,120,322,1061,14,0,11200,0,0,0,3592360,3592360,2952
27789,120,370,1061,14,0,11200,0,0,0,3594412,3594412,2952
27804,120,466,1061,14,0,11200,0,0,0,3596551,3596551,2952
27820,120,504,1061,14,0,11200,0,0,0,3598521,3598521,2952
27836,120,555,1061,14,0,11200,0,0,0,3600360,3600360,2952
27851,120,629,1061,14,0,11200,0,0,0,3602090,3602090,2952
27867,120,681,1061,14,0,11200,0,0,0,3603897,3603897,2952
27882,120,719,1062,15,0,11200,0,0,0,3605377,3605377,2952
27897,120,779,1062,15,0,11200,0,0,0,3607115,3607115,2952
27912,120,832,1062,15,0,11200,0,0,0,3608659,3608659,2952
27928,120,907,1062,14,0,11200,0,0,0,3610444,3610444,2952
27944,120,965,1062,14,0,11200,0,0,0,3612320,3612320,2952
27959,121,1019,1062,14,0,11200,0,0,0,3614436,3614436,2952
27974,121,15,1063,14,0,11200,0,0,0,3616498,3616498,2957
27989,121,118,1063,14,0,11200,0,0,0,3618764,3618764,2957
28005,121,180,1063,14,0,11200,0,0,0,3621376,3621376,2957
28020,121,225,1063,14,0,11200,0,0,0,3623484,3623484,2957
28035,121,282,1063,14,0,11200,0,0,0,3625719,3625719,2957
28050,121,343,1063,14,0,11200,0,0,0,3627979,3627979,2957
28066,121,408,1063,14,0,11200,0,0,0,3629972,3629972,2957
28081,121,488,1063,14,0,11200,0,0,0,3632060,3632060,2957
28096,121,546,1063,14,0,11200,0,0,0,3634054,3634054,2957
28114,121,608,1063,14,0,11200,0,0,0,3635789,3635789,2957
28130,121,661,1063,14,0,11200,0,0,0,3637277,3637277,2957
28146,121,719,1063,14,0,11200,0,0,0,3639027,3639027,2957
28161,121,785,1063,14,0,11200,0,0,0,3640522,3640522,2957
28176,121,854,1063,14,0,11200,0,0,0,3642324,3642324,2957
28191,121,917,1063,14,0,11200,0,0,0,3643887,3643887,2957
28206,121,981,1063,14,0,11200,0,0,0,3645945,3645945,2957
28222,122,1037,1063,14,0,11200,0,0,0,3647960,3647960,2957
28237,122,27,1063,14,0,11200,0,0,0,3650009,3650009,2957
28252,122,132,1063,14,0,11200,0,0,0,3652410,3652410,2957
28267,122,184,1063,14,0,11200,0,0,0,3654711,3654711,2957
28282,122,229,1063,14,0,11200,0,0,0,3656841,3656841,2957
28298,122,294,1063,14,0,11200,0,0,0,3659168,3659168,2957
28314,122,357,1063,14,0,11200,0,0,0,3661344,3661344,2957
28329,122,447,1063,14,0,11200,0,0,0,3663409,3663409,2957
28344,122,497,1063,14,0,11200,0,0,0,3665305,3665305,2957
28361,122,558,1063,14,0,11200,0,0,0,3667137,3667137,2957
28376,122,645,1063,14,0,11200,0,0,0,3669022,3669022,2957
28391,122,708,1064,15,0,11200,0,0,0,3671017,3671017,2957
28408,122,767,1064,15,0,11200,0,0,0,3672631,3672631,2957
28423,122,821,1064,15,0,11200,0,0,0,3674212,3674212,2957
28438,122,887,1064,15,0,11200,0,0,0,3676126,3676126,2957
28453,122,943,1064,15,0,11200,0,0,0,3677787,3677787,2957
28469,122,999,1064,15,0,11200,0,0,0,3679656,3679656,2957
28484,123,3,1064,15,0,11200,0,0,0,3681723,3681723,2957
28499,123,101,1064,15,0,11200,0,0,0,3683924,3683924,2957
28515,123,162,1064,15,0,11200,0,0,0,3686341,3686341,2957
28530,123,213,1064,15,0,11200,0,0,0,3688522,3688522,2957
28545,123,269,1064,15,0,11200,0,0,0,3690752,3690752,2957
28560,123,314,1064,15,0,11200,0,0,0,3692942,3692942,2957
28576,123,398,1064,15,0,11200,0,0,0,3695149,3695149,2957
28591,123,463,1064,15,0,11200,0,0,0,3697134,3697134,2957
28606,123,514,1064,15,0,11200,0,0,0,3699103,3699103,2957
28621,123,572,1064,15,0,11200,0,0,0,3700831,3700831,2957
28637,123,634,1064,15,0,11200,0,0,0,3702755,3702755,2957
28652,123,683,1064,15,0,11200,0,0,0,3704318,3704318,2957
28668,123,741,1064,15,0,11200,0,0,0,3705907,3705907,2957
28685,123,785,1064,15,0,11200,0,0,0,3707504,3707504,2957
28700,123,847,1064,15,0,11200,0,0,0,3709196,3709196,2957
28716,123,913,1064,15,0,11200,0,0,0,3711010,3711010,2957
28731,123,980,1064,15,0,11200,0,0,0,3712769,3712769,2957
28749,124,1051,1064,15,0,11200,0,0,0,3714723,3714723,2957
28765,124,88,1064,15,0,11200,0,0,0,3717178,3717178,2957
28780,124,159,1064,15,0,11200,0,0,0,3719601,3719601,2957
28795,124,218,1064,15,0,11200,0,0,0,3721845,3721845,2957
28811,124,273,1064,15,0,11200,0,0,0,3724167,3724167,2957
28826,124,331,1064,15,0,11200,0,0,0,3726189,3726189,2957
28841,124,406,1064,15,0,11200,0,0,0,3728525,3728525,2957
28857,124,457,1064,15,0,11200,0,0,0,3730181,3730181,2957
28872,124,516,1064,15,0,11200,0,0,0,3732196,3732196,2957
28887,124,556,1064,15,0,11200,0,0,0,3733227,3733227,2957
28903,124,625,1065,16,0,11200,0,0,0,3734819,3734819,2957
28918,124,685,1065,16,0,11200,0,0,0,3736783,3736783,2957
28933,124,739,1065,16,0,11200,0,0,0,3738345,3738345,2957
28948,124,790,1065,16,0,11200,0,0,0,3739917,3739917,2957
28964,124,854,1065,16,0,11200,0,0,0,3741575,3741575,2957
28980,124,913,1065,16,0,11200,0,0,0,3743061,3743061,2957
28996,124,974,1065,16,0,11200,0,0,0,3744946,3744946,2957
29011,125,1028,1065,15,0,11200,0,0,0,3746805,3746805,2957
29026,125,27,1065,15,0,11200,0,0,0,3748945,3748945,2957
29041,125,123,1065,15,0,11200,0,0,0,3751280,3751280,2957
29056,125,176,1065,15,0,11200,0,0,0,3753609,3753609,2957
29072,125,221,1065,15,0,11200,0,0,0,3755626,3755626,2957
29087,125,289,1065,15,0,11200,0,0,0,3757706,3757706,2957
29102,125,356,1065,15,0,11200,0,0,0,3759815,3759815,2957
29118,125,435,1065,15,0,11200,0,0,0,3761818,3761818,2957
29133,125,494,1065,15,0,11200,0,0,0,3763951,3763951,2957
29148,125,543,1065,15,0,11200,0,0,0,3765811,3765811,2957
29163,125,631,1065,15,0,11200,0,0,0,3767846,3767846,2957
29179,125,685,1065,15,0,11200,0,0,0,3769471,3769471,2957
29194,125,750,1065,15,0,11200,0,0,0,3771168,3771168,2957
29213,125,797,1065,15,0,11200,0,0,0,3772831,3772831,2957
29228,125,892,1065,15,0,11200,0,0,0,3774805,3774805,2957
29244,125,960,1065,15,0,11200,0,0,0,3776561,3776561,2957
29259,126,1015,1065,15,0,11200,0,0,0,3778630,3778630,2957
29274,126,7,1065,14,0,11200,0,0,0,3780495,3780495,2957
29289,126,101,1065,14,0,11200,0,0,0,3782824,3782824,2957
29305,126,165,1065,14,0,11200,0,0,0,3785345,3785345,2957
29320,126,214,1065,14,0,11200,0,0,0,3787449,3787449,2957
29335,126,285,1065,14,0,11200,0,0,0,3789678,3789678,2957
29351,126,344,1065,14,0,11200,0,0,0,3791788,3791788,2957
29366,126,431,1065,14,0,11200,0,0,0,3793930,3793930,2957
29381,126,492,1065,14,0,11200,0,0,0,3795928,3795928,2957
29397,126,560,1065,14,0,11200,0,0,0,3798013,3798013,2957
29412,126,649,1065,14,0,11200,0,0,0,3800208,3800208,2957
29427,126,690,1065,14,0,11200,0,0,0,3801573,3801573,2957
29443,126,747,1065,14,0,11200,0,0,0,3803262,3803262,2957
29458,126,810,1065,14,0,11200,0,0,0,3804870,3804870,2957
29473,126,877,1065,14,0,11200,0,0,0,3806498,3806498,2957
29489,126,949,1065,14,0,11200,0,0,0,3808123,3808123,2957
29504,127,1016,1065,14,0,11200,0,0,0,3810074,3810074,2957
29519,127,16,1065,14,0,11200,0,0,0,3812217,3812217,2957
29534,127,120,1065,14,0,11200,0,0,0,3814451,3814451,2957
29550,127,179,1065,14,0,11200,0,0,0,3816880,3816880,2957
29566,127,222,1065,14,0,11200,0,0,0,3818911,3818911,2957
29581,127,288,1065,14,0,11200,0,0,0,3821066,3821066,2957
29597,127,361,1065,14,0,11200,0,0,0,3823190,3823190,2957
29612,127,437,1065,14,0,11200,0,0,0,3825202,3825202,2957
29627,127,489,1065,14,0,11200,0,0,0,3827188,3827188,2957
29642,127,546,1065,14,0,11200,0,0,0,3829158,3829158,2957
29657,127,609,1065,14,0,11200,0,0,0,3830694,3830694,2957
29672,127,681,1065,14,0,11200,0,0,0,3832675,3832675,2957
29688,127,739,1065,14,0,11200,0,0,0,3834387,3834387,2957
29704,127,788,1065,14,0,11200,0,0,0,3835926,3835926,2957
29720,127,856,1065,14,0,11200,0,0,0,3837512,3837512,2957
29735,127,917,1065,14,0,11200,0,0,0,3839160,3839160,2957
29750,127,994,1065,14,0,11200,0,0,0,3841225,3841225,2957
29766,128,1059,1065,13,0,11200,0,0,0,3843266,3843266,2957
29781,128,99,1065,13,0,11200,0,0,0,3845489,3845489,2957
29796,128,161,1065,13,0,11200,0,0,0,3847906,3847906,2957
29812,128,214,1065,13,0,11200,0,0,0,3849957,3849957,2957
29827,128,274,1065,13,0,11200,0,0,0,3852185,3852185,2957
29842,128,333,1065,13,0,11200,0,0,0,3854187,3854187,2957
29858,128,408,1065,13,0,11200,0,0,0,3856147,3856147,2957
29873,128,486,1065,13,0,11200,0,0,0,3858381,3858381,2957
29888,128,536,1065,13,0,11200,0,0,0,3860536,3860536,2957
29903,128,603,1065,13,0,11200,0,0,0,3862372,3862372,2957
29918,128,659,1065,13,0,11200,0,0,0,3864164,3864164,2957
29934,128,723,1065,13,0,11200,0,0,0,3866084,3866084,2957
29949,128,780,1065,13,0,11200,0,0,0,3867890,3867890,2957
29965,128,847,1065,13,0,11200,0,0,0,3869469,3869469,2957
29980,128,910,1065,13,0,11200,0,0,0,3871207,3871207,2957
29996,128,976,1065,13,0,11200,0,0,0,3873170,3873170,2957
30011,129,1028,1065,13,0,11200,0,0,0,3875067,3875067,2957
30026,129,23,1066,12,0,11200,0,0,0,3877198,3877198,2959
30042,129,123,1066,12,0,11200,0,0,0,3879349,3879349,2959
30057,129,185,1066,12,0,11200,0,0,0,3881812,3881812,2959
30073,129,224,1066,12,0,11200,0,0,0,3884070,3884070,2959
30088,129,290,1066,12,0,11200,0,0,0,3886297,3886297,2959
30103,129,365,1066,12,0,11200,0,0,0,3888258,3888258,2959
30118,129,455,1066,12,0,11200,0,0,0,3890404,3890404,2959
30134,129,513,1066,12,0,11200,0,0,0,3891995,3891995,2959
30150,129,569,1066,12,0,11200,0,0,0,3894126,3894126,2959
30165,129,629,1066,12,0,11200,0,0,0,3896020,3896020,2959
30181,129,672,1066,12,0,11200,0,0,0,3897457,3897457,2959
30197,129,732,1066,12,0,11200,0,0,0,3899262,3899262,2959
30212,129,776,1066,12,0,11200,0,0,0,3900846,3900846,2959
30228,129,832,1066,12,0,11200,0,0,0,3902382,3902382,2959
30243,129,910,1066,12,0,11200,0,0,0,3904396,3904396,2959
30259,129,983,1066,12,0,11200,0,0,0,3906363,3906363,2959
30275,130,1049,1068,14,0,11200,0,0,0,3908434,3908434,2961
30290,130,31,1068,13,0,11200,0,0,0,3910364,3910364,2961
30305,130,136,1068,13,0,11200,0,0,0,3912660,3912660,2961
30320,130,191,1068,13,0,11200,0,0,0,3914876,3914876,2961
30336,130,240,1068,13,0,11200,0,0,0,3916987,3916987,2961
30351,130,301,1068,13,0,11200,0,0,0,3919115,3919115,2961
30367,130,360,1068,13,0,11200,0,0,0,3921279,3921279,2961
30382,130,452,1068,13,0,11200,0,0,0,3923455,3923455,2961
30398,130,508,1068,13,0,11200,0,0,0,3925620,3925620,2961
30414,130,556,1068,13,0,11200,0,0,0,3927326,3927326,2961
30429,130,633,1068,13,0,11200,0,0,0,3929132,3929132,2961
30445,130,707,1068,13,0,11200,0,0,0,3931102,3931102,2961
30460,130,765,1068,13,0,11200,0,0,0,3932776,3932776,2961
30476,130,821,1068,13,0,11200,0,0,0,3934697,3934697,2961
30491,130,890,1068,13,0,11200,0,0,0,3936621,3936621,2961
30506,130,956,1068,13,0,11200,0,0,0,3938145,3938145,2961
30521,131,1016,1068,13,0,11200,0,0,0,3940176,3940176,2961
30536,131,8,1068,13,0,11200,0,0,0,3942167,3942167,2961
30552,131,107,1068,13,0,11200,0,0,0,3944577,3944577,2961
30567,131,171,1068,13,0,11200,0,0,0,3946952,3946952,2961
30582,131,218,1068,13,0,11200,0,0,0,3949054,3949054,2961
30598,131,277,1068,13,0,11200,0,0,0,3951222,3951222,2961
30613,131,330,1068,13,0,11200,0,0,0,3953233,3953233,2961
30629,131,402,1068,13,0,11200,0,0,0,3955489,3955489,2961
30644,131,479,1068,13,0,11200,0,0,0,3957570,3957570,2961
30659,131,531,1068,13,0,11200,0,0,0,3959401,3959401,2961
30674,131,570,1068,13,0,11200,0,0,0,3960646,3960646,2961
30690,131,634,1068,13,0,11200,0,0,0,3962363,3962363,2961
30706,131,685,1068,13,0,11200,0,0,0,3964073,3964073,2961
30721,131,725,1068,13,0,11200,0,0,0,3965641,3965641,2961
30736,131,796,1068,13,0,11200,0,0,0,3967299,3967299,2961
30752,131,887,1068,13,0,11200,0,0,0,3969203,3969203,2961
30767,131,945,1068,13,0,11200,0,0,0,3970858,3970858,2961
30783,131,999,1068,13,0,11200,0,0,0,3972753,3972753,2961
30798,132,1060,1070,14,0,11200,0,0,0,3974771,3974771,2963
30814,132,88,1071,12,0,11200,0,0,0,3977109,3977109,2964
30829,132,156,1071,12,0,11200,0,0,0,3979488,3979488,2964
30844,132,211,1071,12,0,11200,0,0,0,3981553,3981553,2964
30860,132,274,1071,12,0,11200,0,0,0,3983830,3983830,2964
30875,132,330,1071,12,0,11200,0,0,0,3985756,3985756,2964
30891,132,407,1071,12,0,11200,0,0,0,3987887,3987887,2964
30906,132,478,1071,12,0,11200,0,0,0,3989706,3989706,2964
30921,132,524,1071,12,0,11200,0,0,0,3991526,3991526,2964
30936,132,583,1071,12,0,11200,0,0,0,3993415,3993415,2964
30952,132,658,1071,12,0,11200,0,0,0,3995409,3995409,2964
30967,132,722,1071,12,0,11200,0,0,0,3997083,3997083,2964
30982,132,780,1071,12,0,11200,0,0,0,3998613,3998613,2964
30997,132,845,1071,12,0,11200,0,0,0,3999969,3999969,2964
31013,132,915,1071,12,0,11200,0,0,0,4001767,4001767,2964
31029,132,983,1071,12,0,11200,0,0,0,4003757,4003757,2964
31044,133,1048,1071,12,0,11200,0,0,0,4005655,4005655,2964
31059,133,39,1071,12,0,11200,0,0,0,4007803,4007803,2964
31075,133,139,1071,12,0,11200,0,0,0,4010223,4010223,2964
31090,133,194,1071,12,0,11200,0,0,0,4012611,4012611,2964
31106,133,242,1071,12,0,11200,0,0,0,4014728,4014728,2964
31121,133,314,1071,12,0,11200,0,0,0,4016939,4016939,2964
31136,133,384,1071,12,0,11200,0,0,0,4019058,4019058,2964
31151,133,452,1071,12,0,11200,0,0,0,4020755,4020755,2964
31167,133,513,1071,12,0,11200,0,0,0,4022862,4022862,2964
31183,133,584,1071,12,0,11200,0,0,0,4024969,4024969,2964
31198,133,649,1071,12,0,11200,0,0,0,4027034,4027034,2964
31214,133,719,1071,12,0,11200,0,0,0,4028940,4028940,2964
31229,133,779,1071,12,0,11200,0,0,0,4030571,4030571,2964
31244,133,851,1071,12,0,11200,0,0,0,4032173,4032173,2964
31261,133,915,1071,12,0,11200,0,0,0,4033789,4033789,2964
31276,133,983,1071,12,0,11200,0,0,0,4035658,4035658,2964
31292,134,1039,1072,13,0,11200,0,0,0,4037682,4037682,2964
31307,134,28,1072,13,0,11200,0,0,0,4039999,4039999,2964
31322,134,123,1072,13,0,11200,0,0,0,4042321,4042321,2964
31337,134,176,1072,13,0,11200,0,0,0,4044695,4044695,2964
31353,134,221,1072,13,0,11200,0,0,0,4046735,4046735,2964
31368,134,282,1072,13,0,11200,0,0,0,4049033,4049033,2964
31384,134,353,1072,13,0,11200,0,0,0,4051176,4051176,2964
31399,134,436,1072,13,0,11200,0,0,0,4053229,4053229,2964
31414,134,488,1072,13,0,11200,0,0,0,4055115,4055115,2964
31429,134,531,1072,13,0,11200,0,0,0,4057150,4057150,2964
31444,134,595,1072,13,0,11200,0,0,0,4058746,4058746,2964
31459,134,652,1072,13,0,11200,0,0,0,4060221,4060221,2964
31474,134,707,1072,13,0,11200,0,0,0,4061997,4061997,2964
31490,134,773,1072,13,0,11200,0,0,0,4063774,4063774,2964
31505,134,838,1072,13,0,11200,0,0,0,4065304,4065304,2964
31520,134,901,1072,13,0,11200,0,0,0,4067153,4067153,2964
31536,134,962,1072,13,0,11200,0,0,0,4069133,4069133,2964
31551,135,1021,1072,13,0,11200,0,0,0,4071316,4071316,2964
31566,135,7,1072,13,0,11200,0,0,0,4073217,4073217,2964
31582,135,107,1072,13,0,11200,0,0,0,4075656,4075656,2964
31597,135,168,1072,13,0,11200,0,0,0,4077926,4077926,2964
31612,135,221,1072,13,0,11200,0,0,0,4080090,4080090,2964
31628,135,278,1072,13,0,11200,0,0,0,4082467,4082467,2964
31643,135,336,1073,14,0,11200,0,0,0,4084439,4084439,2964
31658,135,406,1073,14,0,11200,0,0,0,4086505,4086505,2964
31674,135,477,1073,14,0,11200,0,0,0,4088496,4088496,2964
31689,135,522,1073,14,0,11200,0,0,0,4090491,4090491,2964
31705,135,595,1073,14,0,11200,0,0,0,4092377,4092377,2964
31720,135,669,1073,14,0,11200,0,0,0,4094247,4094247,2964
31735,135,703,1073,14,0,11200,0,0,0,4095712,4095712,2964
31751,135,771,1073,14,0,11200,0,0,0,4097447,4097447,2964
31766,135,830,1073,14,0,11200,0,0,0,4099078,4099078,2964
31781,135,892,1073,14,0,11200,0,0,0,4100970,4100970,2964
31797,135,949,1073,14,0,11200,0,0,0,4102886,4102886,2964
31812,135,1003,1073,14,0,11200,0,0,0,4104823,4104823,2964
31828,136,1071,1073,12,0,11200,0,0,0,4106773,4106773,2964
31843,136,83,1073,12,0,11200,0,0,0,4109352,4109352,2964
31858,136,152,1073,12,0,11200,0,0,0,4111842,4111842,2964
31874,136,208,1073,12,0,11200,0,0,0,4113908,4113908,2964
31889,136,270,1073,12,0,11200,0,0,0,4115998,4115998,2964
31904,136,337,1073,12,0,11200,0,0,0,4118086,4118086,2964
31919,136,418,1073,12,0,11200,0,0,0,4119949,4119949,2964
31934,136,477,1073,12,0,11200,0,0,0,4121753,4121753,2964
31949,136,532,1073,12,0,11200,0,0,0,4123848,4123848,2964
31965,136,608,1073,12,0,11200,0,0,0,4125775,4125775,2964
31980,136,670,1073,12,0,11200,0,0,0,4127431,4127431,2964
31997,136,714,1073,12,0,11200,0,0,0,4129230,4129230,2964
32012,136,772,1073,12,0,11200,0,0,0,4130953,4130953,2964
32027,136,831,1073,12,0,11200,0,0,0,4132452,4132452,2964
32043,136,896,1073,12,0,11200,0,0,0,4134238,4134238,2964
32058,136,971,1073,12,0,11200,0,0,0,4136095,4136095,2964
32073,137,1040,1073,12,0,11200,0,0,0,4138190,4138190,2964
32088,137,19,1073,12,0,11200,0,0,0,4140174,4140174,2964
32103,137,123,1073,12,0,11200,0,0,0,4142563,4142563,2964
32119,137,180,1073,12,0,11200,0,0,0,4144959,4144959,2964
32134,137,225,1073,12,0,11200,0,0,0,4146957,4146957,2964
32149,137,287,1073,12,0,11200,0,0,0,4149247,4149247,2964
32165,137,357,1073,12,0,11200,0,0,0,4151376,4151376,2964
32180,137,446,1073,12,0,11200,0,0,0,4153520,4153520,2964
32195,137,488,1073,12,0,11200,0,0,0,4155411,4155411,2964
32210,137,538,1073,12,0,11200,0,0,0,4157280,4157280,2964
32226,137,620,1073,12,0,11200,0,0,0,4158868,4158868,2964
32241,137,694,1073,12,0,11200,0,0,0,4160772,4160772,2964
32257,137,770,1073,12,0,11200,0,0,0,4162539,4162539,2964
32273,137,826,1073,12,0,11200,0,0,0,4164232,4164232,2964
32288,137,892,1073,12,0,11200,0,0,0,4165911,4165911,2964
32303,137,955,1073,12,0,11200,0,0,0,4167645,4167645,2964
32318,137,1008,1073,12,0,11200,0,0,0,4169562,4169562,2964
32334,138,8,1073,12,0,11200,0,0,0,4171698,4171698,2964
32349,138,115,1074,13,0,11200,0,0,0,4174168,4174168,2965
32364,138,176,1074,13,0,11200,0,0,0,4176565,4176565,2965
32380,138,218,1074,13,0,11200,0,0,0,4178768,4178768,2965
32395,138,277,1074,13,0,11200,0,0,0,4180985,4180985,2965
32411,138,340,1074,13,0,11200,0,0,0,4183010,4183010,2965
32426,138,435,1074,13,0,11200,0,0,0,4185096,4185096,2965
32441,138,489,1074,13,0,11200,0,0,0,4186950,4186950,2965
32457,138,536,1074,13,0,11200,0,0,0,4188875,4188875,2965
32473,138,613,1074,13,0,11200,0,0,0,4190506,4190506,2965
32488,138,663,1074,13,0,11200,0,0,0,4192308,4192308,2965
32503,138,716,1074,13,0,11200,0,0,0,4194256,4194256,2965
32519,138,773,1074,13,0,11200,0,0,0,4196094,4196094,2965
32535,138,844,1074,13,0,11200,0,0,0,4198138,4198138,2965
32550,138,896,1074,13,0,11200,0,0,0,4199985,4199985,2965
32565,138,960,1074,13,0,11200,0,0,0,4201877,4201877,2965
32580,138,1008,1074,13,0,11200,0,0,0,4203851,4203851,2965
32595,139,1062,1074,13,0,11200,0,0,0,4205377,4205377,2965
32611,139,66,1074,12,0,11200,0,0,0,4207723,4207723,2965
32626,139,139,1074,12,0,11200,0,0,0,4210086,4210086,2965
32641,139,212,1074,12,0,11200,0,0,0,4212539,4212539,2965
32656,139,271,1074,12,0,11200,0,0,0,4214648,4214648,2965
32672,139,327,1074,12,0,11200,0,0,0,4216789,4216789,2965
32687,139,403,1074,12,0,11200,0,0,0,4218841,4218841,2965
32703,139,465,1074,12,0,11200,0,0,0,4220591,4220591,2965
32718,139,514,1074,12,0,11200,0,0,0,4222361,4222361,2965
32734,139,573,1074,12,0,11200,0,0,0,4223931,4223931,2965
32751,139,633,1074,12,0,11200,0,0,0,4225426,4225426,2965
32766,139,698,1074,12,0,11200,0,0,0,4227284,4227284,2965
32782,139,750,1074,12,0,11200,0,0,0,4229007,4229007,2965
32797,139,826,1074,12,0,11200,0,0,0,4230557,4230557,2965
32812,139,904,1074,12,0,11200,0,0,0,4232625,4232625,2965
32827,139,966,1074,12,0,11200,0,0,0,4234335,4234335,2965
32843,140,1028,1074,12,0,11200,0,0,0,4236269,4236269,2965
32858,140,21,1074,12,0,11200,0,0,0,4238329,4238329,2965
32873,140,121,1074,12,0,11200,0,0,0,4240623,4240623,2965
32889,140,188,1074,12,0,11200,0,0,0,4243153,4243153,2965
32904,140,234,1074,12,0,11200,0,0,0,4245192,4245192,2965
32920,140,300,1074,12,0,11200,0,0,0,4247233,4247233,2965
32935,140,365,1074,12,0,11200,0,0,0,4249235,4249235,2965
32950,140,445,1074,12,0,11200,0,0,0,4250941,4250941,2965
32966,140,497,1074,12,0,11200,0,0,0,4253065,4253065,2965
32983,140,555,1074,12,0,11200,0,0,0,4255052,4255052,2965
32998,140,634,1074,12,0,11200,0,0,0,4256768,4256768,2965
33014,140,691,1074,12,0,11200,0,0,0,4258656,4258656,2965
33029,140,747,1074,12,0,11200,0,0,0,4260388,4260388,2965
33044,140,821,1074,12,0,11200,0,0,0,4262231,4262231,2965
33059,140,901,1074,12,0,11200,0,0,0,4264039,4264039,2965
33075,140,964,1074,12,0,11200,0,0,0,4265911,4265911,2965
33090,141,1021,1074,12,0,11200,0,0,0,4268117,4268117,2965
33105,141,8,1074,12,0,11200,0,0,0,4270182,4270182,2965
33121,141,107,1074,12,0,11200,0,0,0,4272481,4272481,2965
33136,141,154,1074,12,0,11200,0,0,0,4274776,4274776,2965
33151,141,211,1074,12,0,11200,0,0,0,4276916,4276916,2965
33167,141,255,1074,12,0,11200,0,0,0,4278979,4278979,2965
33183,141,322,1074,12,0,11200,0,0,0,4281111,4281111,2965
33198,141,378,1074,12,0,11200,0,0,0,4282930,4282930,2965
33214,141,457,1074,12,0,11200,0,0,0,4284856,4284856,2965
33229,141,506,1074,12,0,11200,0,0,0,4286979,4286979,2965
33244,141,569,1074,12,0,11200,0,0,0,4288740,4288740,2965
33259,141,649,1074,12,0,11200,0,0,0,4290655,4290655,2965
33276,141,707,1074,12,0,11200,0,0,0,4292851,4292851,2965
33291,141,773,1074,12,0,11200,0,0,0,4294418,4294418,2965
33306,141,837,1074,12,0,11200,0,0,0,4296144,4296144,2965
33321,141,898,1074,12,0,11200,0,0,0,4298043,4298043,2965
33337,141,965,1074,12,0,11200,0,0,0,4300014,4300014,2965
33352,142,1022,1074,12,0,11200,0,0,0,4302053,4302053,2965
33367,142,16,1074,11,0,11200,0,0,0,4304272,4304272,2965
33382,142,115,1074,11,0,11200,0,0,0,4306529,4306529,2965
33397,142,168,1074,11,0,11200,0,0,0,4308885,4308885,2965
33412,142,216,1074,11,0,11200,0,0,0,4311012,4311012,2965
33428,142,264,1074,11,0,11200,0,0,0,4313086,4313086,2965
33443,142,315,1074,11,0,11200,0,0,0,4315104,4315104,2965
33458,142,390,1074,11,0,11200,0,0,0,4317313,4317313,2965
33473,142,479,1074,11,0,11200,0,0,0,4319200,4319200,2965
33488,142,538,1074,11,0,11200,0,0,0,4321241,4321241,2965
33504,142,597,1074,11,0,11200,0,0,0,4322678,4322678,2965
33519,142,659,1074,11,0,11200,0,0,0,4324446,4324446,2965
33534,142,714,1074,11,0,11200,0,0,0,4326159,4326159,2965
33552,142,770,1074,11,0,11200,0,0,0,4327578,4327578,2965
33567,142,817,1074,11,0,11200,0,0,0,4328876,4328876,2965
33582,142,891,1074,11,0,11200,0,0,0,4330743,4330743,2965
33598,142,948,1074,11,0,11200,0,0,0,4332651,4332651,2965
33613,142,1012,1074,11,0,11200,0,0,0,4334653,4334653,2965
33628,143,9,1074,10,0,11200,0,0,0,4336612,4336612,2965
33644,143,110,1074,10,0,11200,0,0,0,4338906,4338906,2965
33659,143,168,1074,10,0,11200,0,0,0,4341252,4341252,2965
33674,143,215,1074,10,0,11200,0,0,0,4343334,4343334,2965
33690,143,285,1074,10,0,11200,0,0,0,4345429,4345429,2965
33705,143,344,1074,10,0,11200,0,0,0,4347503,4347503,2965
33720,143,431,1074,10,0,11200,0,0,0,4349647,4349647,2965
33735,143,482,1074,10,0,11200,0,0,0,4351508,4351508,2965
33750,143,534,1074,10,0,11200,0,0,0,4353409,4353409,2965
33765,143,586,1074,10,0,11200,0,0,0,4355031,4355031,2965
33781,143,659,1074,10,0,11200,0,0,0,4356915,4356915,2965
33797,143,718,1074,10,0,11200,0,0,0,4358593,4358593,2965
33813,143,780,1074,10,0,11200,0,0,0,4360250,4360250,2965
33828,143,853,1074,10,0,11200,0,0,0,4361982,4361982,2965
33843,143,927,1074,10,0,11200,0,0,0,4364032,4364032,2965
33858,143,994,1074,10,0,11200,0,0,0,4365923,4365923,2965
33874,144,1060,1074,9,0,11200,0,0,0,4367982,4367982,2965
33890,144,78,1074,9,0,11200,0,0,0,4370384,4370384,2965
33905,144,145,1074,9,0,11200,0,0,0,4372851,4372851,2965
33920,144,200,1074,9,0,11200,0,0,0,4375101,4375101,2965
33935,144,239,1074,9,0,11200,0,0,0,4377190,4377190,2965
33951,144,301,1074,9,0,11200,0,0,0,4379278,4379278,2965
33966,144,377,1074,9,0,11200,0,0,0,4381547,4381547,2965
33982,144,457,1074,9,0,11200,0,0,0,4383612,4383612,2965
33997,144,506,1074,9,0,11200,0,0,0,4385573,4385573,2965
34016,144,558,1074,9,0,11200,0,0,0,4387289,4387289,2965
34031,144,609,1074,9,0,11200,0,0,0,4388895,4388895,2965
34047,144,679,1074,9,0,11200,0,0,0,4390945,4390945,2965
34062,144,731,1074,9,0,11200,0,0,0,4392529,4392529,2965
34078,144,785,1074,9,0,11200,0,0,0,4394277,4394277,2965
34094,144,856,1074,9,0,11200,0,0,0,4395840,4395840,2965
34109,144,949,1074,9,0,11200,0,0,0,4397854,4397854,2965
34125,144,1003,1074,9,0,11200,0,0,0,4399795,4399795,2965
34141,145,7,1074,9,0,11200,0,0,0,4401974,4401974,2965
34156,145,114,1074,9,0,11200,0,0,0,4404259,4404259,2965
34171,145,173,1074,9,0,11200,0,0,0,4406716,4406716,2965
34186,145,224,1074,9,0,11200,0,0,0,4408795,4408795,2965
34202,145,290,1074,9,0,11200,0,0,0,4410963,4410963,2965
34217,145,368,1074,9,0,11200,0,0,0,4413145,4413145,2965
34232,145,460,1074,9,0,11200,0,0,0,4415292,4415292,2965
34247,145,516,1074,9,0,11200,0,0,0,4417259,4417259,2965
34262,145,586,1074,9,0,11200,0,0,0,4419381,4419381,2965
34277,145,646,1074,9,0,11200,0,0,0,4421091,4421091,2965
34293,145,707,1074,9,0,11200,0,0,0,4422959,4422959,2965
34309,145,755,1074,9,0,11200,0,0,0,4424699,4424699,2965
34324,145,826,1074,9,0,11200,0,0,0,4426314,4426314,2965
34339,145,887,1074,9,0,11200,0,0,0,4427924,4427924,2965
34355,145,948,1074,9,0,11200,0,0,0,4429659,4429659,2965
34370,145,1001,1074,9,0,11200,0,0,0,4431562,4431562,2965
34385,146,1052,1074,8,0,11200,0,0,0,4433139,4433139,2965
34401,146,47,1074,8,0,11200,0,0,0,4435538,4435538,2965
34416,146,134,1074,8,0,11200,0,0,0,4437858,4437858,2965
34431,146,187,1074,8,0,11200,0,0,0,4440243,4440243,2965
34446,146,234,1074,8,0,11200,0,0,0,4442265,4442265,2965
34461,146,292,1074,8,0,11200,0,0,0,4444367,4444367,2965
34477,146,357,1074,8,0,11200,0,0,0,4446622,4446622,2965
34493,146,434,1074,8,0,11200,0,0,0,4448483,4448483,2965
34508,146,484,1074,8,0,11200,0,0,0,4450324,4450324,2965
34524,146,540,1074,8,0,11200,0,0,0,4452488,4452488,2965
34539,146,620,1074,8,0,11200,0,0,0,4454547,4454547,2965
34557,146,670,1074,8,0,11200,0,0,0,4456298,4456298,2965
34573,146,708,1074,8,0,11200,0,0,0,4458127,4458127,2965
34588,146,768,1074,8,0,11200,0,0,0,4459652,4459652,2965
34604,146,797,1074,8,0,11200,0,0,0,4461166,4461166,2965
34620,146,861,1074,8,0,11200,0,0,0,4462753,4462753,2965
34635,146,948,1074,8,0,11200,0,0,0,4464776,4464776,2965
34650,146,1009,1074,8,0,11200,0,0,0,4466732,4466732,2965
34666,147,1057,1074,8,0,11200,0,0,0,4468277,4468277,2965
34681,147,55,1074,7,0,11200,0,0,0,4470666,4470666,2965
34696,147,153,1074,7,0,11200,0,0,0,4473241,4473241,2965
34711,147,209,1074,7,0,11200,0,0,0,4475359,4475359,2965
34727,147,254,1074,7,0,11200,0,0,0,4477513,4477513,2965
34743,147,326,1074,7,0,11200,0,0,0,4479608,4479608,2965
34758,147,405,1074,7,0,11200,0,0,0,4481639,4481639,2965
34773,147,484,1074,7,0,11200,0,0,0,4483753,4483753,2965
34789,147,543,1074,7,0,11200,0,0,0,4485810,4485810,2965
34804,147,621,1074,7,0,11200,0,0,0,4487576,4487576,2965
34819,147,679,1074,7,0,11200,0,0,0,4489549,4489549,2965
34835,147,731,1074,7,0,11200,0,0,0,4491171,4491171,2965
34850,147,798,1074,7,0,11200,0,0,0,4492818,4492818,2965
34866,147,847,1074,7,0,11200,0,0,0,4494128,4494128,2965
34882,147,915,1074,7,0,11200,0,0,0,4496035,4496035,2965
34898,147,985,1074,7,0,11200,0,0,0,4498195,4498195,2965
34914,148,1056,1074,7,0,11200,0,0,0,4500028,4500028,2965
34929,148,64,1074,7,0,11200,0,0,0,4502330,4502330,2965
34944,148,136,1074,7,0,11200,0,0,0,4504603,4504603,2965
34960,148,191,1074,7,0,11200,0,0,0,4506985,4506985,2965
34975,148,240,1074,7,0,11200,0,0,0,4509054,4509054,2965
34990,148,315,1074,7,0,11200,0,0,0,4511151,4511151,2965
35005,148,381,1074,7,0,11200,0,0,0,4513197,4513197,2965
35021,148,448,1074,7,0,11200,0,0,0,4515225,4515225,2965
35036,148,494,1074,7,0,11200,0,0,0,4517327,4517327,2965
35051,148,540,1074,7,0,11200,0,0,0,4519426,4519426,2965
35066,148,613,1074,7,0,11200,0,0,0,4521212,4521212,2965
35082,148,679,1074,7,0,11200,0,0,0,4522896,4522896,2965
35097,148,738,1074,7,0,11200,0,0,0,4524520,4524520,2965
35113,148,779,1074,7,0,11200,0,0,0,4526163,4526163,2965
35128,148,831,1074,7,0,11200,0,0,0,4527866,4527866,2965
35144,148,903,1074,7,0,11200,0,0,0,4529730,4529730,2965
35159,148,965,1074,7,0,11200,0,0,0,4531483,4531483,2965
35174,149,1023,1074,7,0,11200,0,0,0,4533360,4533360,2965
35190,149,8,1074,7,0,11200,0,0,0,4535366,4535366,2965
35206,149,114,1074,7,0,11200,0,0,0,4537865,4537865,2965
35222,149,170,1074,7,0,11200,0,0,0,4540225,4540225,2965
35237,149,221,1074,7,0,11200,0,0,0,4542242,4542242,2965
35252,149,279,1074,7,0,11200,0,0,0,4544594,4544594,2965
35268,149,333,1074,7,0,11200,0,0,0,4546513,4546513,2965
35283,149,434,1074,7,0,11200,0,0,0,4548833,4548833,2965
35298,149,489,1074,7,0,11200,0,0,0,4551070,4551070,2965
35314,149,546,1074,7,0,11200,0,0,0,4553173,4553173,2965
35329,149,645,1074,7,0,11200,0,0,0,4555180,4555180,2965
35344,149,698,1074,7,0,11200,0,0,0,4557045,4557045,2965
35359,149,750,1074,7,0,11200,0,0,0,4558546,4558546,2965
35375,149,810,1074,7,0,11200,0,0,0,4560291,4560291,2965
35390,149,904,1074,7,0,11200,0,0,0,4562146,4562146,2965
35406,149,971,1074,7,0,11200,0,0,0,4563949,4563949,2965
35421,150,1021,1074,7,0,11200,0,0,0,4566079,4566079,2965
35436,150,2,1074,7,0,11200,0,0,0,4567704,4567704,2965
35451,150,83,1074,7,0,11200,0,0,0,4569881,4569881,2965
35466,150,152,1074,7,0,11200,0,0,0,4572261,4572261,2965
35481,150,214,1074,7,0,11200,0,0,0,4574500,4574500,2965
35497,150,269,1074,7,0,11200,0,0,0,4576648,4576648,2965
35512,150,338,1074,7,0,11200,0,0,0,4578896,4578896,2965
35527,150,436,1074,7,0,11200,0,0,0,4580896,4580896,2965
35542,150,487,1074,7,0,11200,0,0,0,4582754,4582754,2965
35557,150,539,1074,7,0,11200,0,0,0,4584692,4584692,2965
35573,150,620,1074,7,0,11200,0,0,0,4586511,4586511,2965
35589,150,670,1074,7,0,11200,0,0,0,4588131,4588131,2965
35605,150,714,1074,7,0,11200,0,0,0,4589822,4589822,2965
35620,150,788,1074,7,0,11200,0,0,0,4591516,4591516,2965
35635,150,856,1074,7,0,11200,0,0,0,4593120,4593120,2965
35650,150,902,1075,8,0,11200,0,0,0,4594599,4594599,2965
35666,150,968,1076,9,0,11200,0,0,0,4596457,4596457,2965
35681,151,1022,1077,10,0,11200,0,0,0,4598461,4598461,2965
35696,151,9,1077,8,0,11200,0,0,0,4600393,4600393,2965
35711,151,107,1077,8,0,11200,0,0,0,4602773,4602773,2965
35726,151,163,1077,8,0,11200,0,0,0,4604993,4604993,2965
35742,151,216,1077,8,0,11200,0,0,0,4607029,4607029,2965
35757,151,255,1077,8,0,11200,0,0,0,4609367,4609367,2965
35773,151,327,1077,8,0,11200,0,0,0,4611521,4611521,2965
35788,151,399,1077,8,0,11200,0,0,0,4613751,4613751,2965
35803,151,460,1077,8,0,11200,0,0,0,4615687,4615687,2965
35819,151,508,1077,8,0,11200,0,0,0,4617847,4617847,2965
35834,151,567,1077,8,0,11200,0,0,0,4619656,4619656,2965
35849,151,657,1077,8,0,11200,0,0,0,4621671,4621671,2965
35865,151,716,1077,8,0,11200,0,0,0,4623362,4623362,2965
35881,151,770,1077,8,0,11200,0,0,0,4624946,4624946,2965
35896,151,832,1077,8,0,11200,0,0,0,4626512,4626512,2965
35912,151,890,1078,9,0,11200,0,0,0,4628195,4628195,2965
35927,151,955,1078,9,0,11200,0,0,0,4629901,4629901,2965
35942,151,1017,1078,9,0,11200,0,0,0,4632071,4632071,2965
35958,152,10,1078,9,0,11200,0,0,0,4634240,4634240,2965
35973,152,95,1078,9,0,11200,0,0,0,4636545,4636545,2965
35988,152,153,1078,9,0,11200,0,0,0,4638844,4638844,2965
36003,152,205,1078,9,0,11200,0,0,0,4640986,4640986,2965
36019,152,247,1078,9,0,11200,0,0,0,4643087,4643087,2965
36034,152,315,1078,9,0,11200,0,0,0,4645306,4645306,2965
36049,152,403,1078,9,0,11200,0,0,0,4647288,4647288,2965
36064,152,469,1078,9,0,11200,0,0,0,4649229,4649229,2965
36079,152,509,1078,9,0,11200,0,0,0,4651198,4651198,2965
36095,152,593,1078,9,0,11200,0,0,0,4653512,4653512,2965
36110,152,650,1078,9,0,11200,0,0,0,4655075,4655075,2965
36125,152,707,1078,9,0,11200,0,0,0,4657121,4657121,2965
36141,152,771,1078,9,0,11200,0,0,0,4658742,4658742,2965
36157,152,808,1078,9,0,11200,0,0,0,4659915,4659915,2965
36173,152,875,1078,8,0,11200,0,0,0,4661615,4661615,2965
36188,152,928,1078,8,0,11200,0,0,0,4663394,4663394,2965
36204,152,992,1078,8,0,11200,0,0,0,4665373,4665373,2965
36219,153,1062,1079,9,0,11200,0,0,0,4667341,4667341,2966
36235,153,47,1080,9,0,11200,0,0,0,4669646,4669646,2966
36250,153,135,1080,9,0,11200,0,0,0,4671800,4671800,2966
36266,153,190,1080,9,0,11200,0,0,0,4674162,4674162,2966
36282,153,228,1080,9,0,11200,0,0,0,4676174,4676174,2966
36297,153,301,1080,9,0,11200,0,0,0,4678330,4678330,2966
36312,153,361,1080,9,0,11200,0,0,0,4680264,4680264,2966
36327,153,450,1080,9,0,11200,0,0,0,4682363,4682363,2966
36343,153,508,1080,9,0,11200,0,0,0,4684411,4684411,2966
36358,153,570,1080,9,0,11200,0,0,0,4686298,4686298,2966
36379,153,633,1080,9,0,11200,0,0,0,4688291,4688291,2966
36394,153,688,1080,9,0,11200,0,0,0,4689941,4689941,2966
36409,153,739,1080,9,0,11200,0,0,0,4691489,4691489,2966
36425,153,788,1080,9,0,11200,0,0,0,4693236,4693236,2966
36441,153,841,1080,9,0,11200,0,0,0,4694526,4694526,2966
36456,153,908,1080,9,0,11200,0,0,0,4696323,4696323,2966
36471,153,969,1080,9,0,11200,0,0,0,4698217,4698217,2966
36486,154,1023,1081,10,0,11200,0,0,0,4700169,4700169,2966
36502,154,21,1081,10,0,11200,0,0,0,4702364,4702364,2966
36517,154,112,1081,10,0,11200,0,0,0,4704410,4704410,2966
36533,154,167,1081,10,0,11200,0,0,0,4706938,4706938,2966
36548,154,216,1081,10,0,11200,0,0,0,4709103,4709103,2966
36563,154,277,1081,10,0,11200,0,0,0,4711504,4711504,2966
36578,154,333,1081,10,0,11200,0,0,0,4713601,4713601,2966
36594,154,402,1081,10,0,11200,0,0,0,4715788,4715788,2966
36609,154,483,1081,10,0,11200,0,0,0,4717785,4717785,2966
36625,154,532,1081,10,0,11200,0,0,0,4719919,4719919,2966
36640,154,584,1081,10,0,11200,0,0,0,4721634,4721634,2966
36655,154,646,1081,10,0,11200,0,0,0,4723297,4723297,2966
36670,154,694,1081,10,0,11200,0,0,0,4725019,4725019,2966
36686,154,744,1081,10,0,11200,0,0,0,4726518,4726518,2966
36701,154,796,1081,10,0,11200,0,0,0,4728155,4728155,2966
36716,154,873,1081,10,0,11200,0,0,0,4729930,4729930,2966
36732,154,928,1081,10,0,11200,0,0,0,4731635,4731635,2966
36747,154,987,1081,10,0,11200,0,0,0,4733426,4733426,2966
36762,155,1043,1081,10,0,11200,0,0,0,4735510,4735510,2966
36778,155,24,1082,10,0,11200,0,0,0,4737698,4737698,2969
36793,155,127,1082,10,0,11200,0,0,0,4739824,4739824,2969
36808,155,189,1082,10,0,11200,0,0,0,4742230,4742230,2969
36824,155,246,1082,10,0,11200,0,0,0,4744583,4744583,2969
36839,155,304,1082,10,0,11200,0,0,0,4746611,4746611,2969
36854,155,384,1082,10,0,11200,0,0,0,4748846,4748846,2969
36869,155,463,1082,10,0,11200,0,0,0,4750986,4750986,2969
36884,155,500,1082,10,0,11200,0,0,0,4752830,4752830,2969
36900,155,556,1082,10,0,11200,0,0,0,4754687,4754687,2969
36916,155,621,1082,10,0,11200,0,0,0,4756406,4756406,2969
36931,155,683,1082,10,0,11200,0,0,0,4758397,4758397,2969
36946,155,723,1082,10,0,11200,0,0,0,4759713,4759713,2969
36961,155,785,1082,10,0,11200,0,0,0,4761545,4761545,2969
36976,155,831,1082,10,0,11200,0,0,0,4762727,4762727,2969
36992,155,904,1082,10,0,11200,0,0,0,4764481,4764481,2969
37007,155,966,1082,10,0,11200,0,0,0,4766262,4766262,2969
37023,155,1016,1082,10,0,11200,0,0,0,4768331,4768331,2969
37038,156,8,1082,10,0,11200,0,0,0,4770451,4770451,2969
37053,156,88,1082,10,0,11200,0,0,0,4772678,4772678,2969
37069,156,157,1082,10,0,11200,0,0,0,4775006,4775006,2969
37084,156,202,1082,10,0,11200,0,0,0,4777072,4777072,2969
37099,156,252,1082,10,0,11200,0,0,0,4779378,4779378,2969
37115,156,315,1083,11,0,11200,0,0,0,4781561,4781561,2974
37130,156,391,1083,11,0,11200,0,0,0,4783787,4783787,2974
37145,156,455,1084,12,0,11200,0,0,0,4785723,4785723,2975
37161,156,506,1084,12,0,11200,0,0,0,4787831,4787831,2975
37176,156,560,1085,13,0,11200,0,0,0,4789793,4789793,2975
37192,156,633,1085,13,0,11200,0,0,0,4791375,4791375,2975
37207,156,686,1085,13,0,11200,0,0,0,4793061,4793061,2975
37222,156,745,1085,13,0,11200,0,0,0,4794596,4794596,2975
37238,156,783,1085,13,0,11200,0,0,0,4795859,4795859,2975
37253,156,849,1086,14,0,11200,0,0,0,4797604,4797604,2977
37270,156,915,1086,13,0,11200,0,0,0,4799368,4799368,2977
37285,156,964,1086,12,0,11200,0,0,0,4800937,4800937,2977
37301,156,1020,1086,12,0,11200,0,0,0,4802979,4802979,2977
37316,157,1083,1086,10,0,11200,0,0,0,4804774,4804774,2977
37332,157,88,1086,9,0,11200,0,0,0,4807243,4807243,2977
37347,157,159,1086,9,0,11200,0,0,0,4809547,4809547,2977
37363,157,218,1086,9,0,11200,0,0,0,4811849,4811849,2977
37378,157,273,1086,9,0,11200,0,0,0,4814065,4814065,2977
37394,157,327,1086,9,0,11200,0,0,0,4816093,4816093,2977
37409,157,401,1086,9,0,11200,0,0,0,4818218,4818218,2977
37424,157,464,1086,9,0,11200,0,0,0,4820100,4820100,2977
37440,157,514,1086,9,0,11200,0,0,0,4822024,4822024,2977
37455,157,572,1086,9,0,11200,0,0,0,4823920,4823920,2977
37470,157,638,1086,9,0,11200,0,0,0,4825683,4825683,2977
37486,157,688,1086,9,0,11200,0,0,0,4827501,4827501,2977
37501,157,767,1086,9,0,11200,0,0,0,4829172,4829172,2977
37520,157,800,1086,9,0,11200,0,0,0,4830749,4830749,2977
37535,157,861,1086,9,0,11200,0,0,0,4832358,4832358,2977
37550,157,918,1086,9,0,11200,0,0,0,4833955,4833955,2977
37565,157,985,1086,9,0,11200,0,0,0,4835953,4835953,2977
37580,158,1052,1086,9,0,11200,0,0,0,4837919,4837919,2977
37595,158,24,1086,9,0,11200,0,0,0,4840090,4840090,2977
37610,158,123,1086,9,0,11200,0,0,0,4842300,4842300,2977
37625,158,179,1086,9,0,11200,0,0,0,4844782,4844782,2977
37641,158,222,1086,9,0,11200,0,0,0,4847012,4847012,2977
37656,158,287,1086,9,0,11200,0,0,0,4849294,4849294,2977
37671,158,352,1086,9,0,11200,0,0,0,4851462,4851462,2977
37686,158,438,1086,9,0,11200,0,0,0,4853413,4853413,2977
37702,158,490,1086,9,0,11200,0,0,0,4855242,4855242,2977
37717,158,536,1086,9,0,11200,0,0,0,4857089,4857089,2977
37732,158,623,1086,9,0,11200,0,0,0,4859289,4859289,2977
37748,158,690,1086,9,0,11200,0,0,0,4861152,4861152,2977
37763,158,746,1086,9,0,11200,0,0,0,4862720,4862720,2977
37779,158,794,1086,9,0,11200,0,0,0,4864206,4864206,2977
37795,158,847,1086,9,0,11200,0,0,0,4865621,4865621,2977
37810,158,931,1086,9,0,11200,0,0,0,4867556,4867556,2977
37825,158,998,1086,9,0,11200,0,0,0,4869462,4869462,2977
37841,159,1060,1086,9,0,11200,0,0,0,4871479,4871479,2977
37856,159,19,1086,8,0,11200,0,0,0,4873488,4873488,2977
37871,159,132,1086,8,0,11200,0,0,0,4875647,4875647,2977
37886,159,188,1086,8,0,11200,0,0,0,4878022,4878022,2977
37901,159,244,1086,8,0,11200,0,0,0,4880393,4880393,2977
37916,159,315,1086,8,0,11200,0,0,0,4882715,4882715,2977
37932,159,401,1086,8,0,11200,0,0,0,4884761,4884761,2977
37951,159,457,1086,8,0,11200,0,0,0,4886539,4886539,2977
37966,159,513,1086,8,0,11200,0,0,0,4888577,4888577,2977
37981,159,575,1086,8,0,11200,0,0,0,4890702,4890702,2977
37998,159,633,1086,8,0,11200,0,0,0,4892348,4892348,2977
38014,159,690,1086,8,0,11200,0,0,0,4894031,4894031,2977
38029,159,738,1086,8,0,11200,0,0,0,4895432,4895432,2977
38044,159,784,1086,8,0,11200,0,0,0,4897068,4897068,2977
38059,159,838,1086,8,0,11200,0,0,0,4898423,4898423,2977
38075,159,927,1086,8,0,11200,0,0,0,4900429,4900429,2977
38090,159,992,1086,8,0,11200,0,0,0,4902245,4902245,2977
38105,160,1068,1086,8,0,11200,0,0,0,4904201,4904201,2977
38120,160,22,1086,7,0,11200,0,0,0,4906059,4906059,2977
38136,160,128,1086,7,0,11200,0,0,0,4908422,4908422,2977
38151,160,192,1086,7,0,11200,0,0,0,4910825,4910825,2977
38167,160,245,1086,7,0,11200,0,0,0,4912960,4912960,2977
38182,160,324,1086,7,0,11200,0,0,0,4915033,4915033,2977
38198,160,413,1086,7,0,11200,0,0,0,4917343,4917343,2977
38213,160,475,1086,7,0,11200,0,0,0,4919227,4919227,2977
38228,160,529,1086,7,0,11200,0,0,0,4921171,4921171,2977
38243,160,586,1086,7,0,11200,0,0,0,4922819,4922819,2977
38259,160,640,1086,7,0,11200,0,0,0,4924509,4924509,2977
38274,160,688,1086,7,0,11200,0,0,0,4926171,4926171,2977
38290,160,725,1086,7,0,11200,0,0,0,4927536,4927536,2977
38305,160,775,1086,7,0,11200,0,0,0,4929097,4929097,2977
38321,160,837,1086,7,0,11200,0,0,0,4930588,4930588,2977
38336,160,901,1086,7,0,11200,0,0,0,4932388,4932388,2977
38351,160,965,1086,7,0,11200,0,0,0,4934140,4934140,2977
38366,160,1020,1086,7,0,11200,0,0,0,4936199,4936199,2977
38381,161,1085,1086,7,0,11200,0,0,0,4938097,4938097,2977
38397,161,83,1086,7,0,11200,0,0,0,4940494,4940494,2977
38412,161,159,1086,7,0,11200,0,0,0,4943051,4943051,2977
38428,161,217,1086,7,0,11200,0,0,0,4945302,4945302,2977
38443,161,279,1086,7,0,11200,0,0,0,4947499,4947499,2977
38458,161,340,1086,7,0,11200,0,0,0,4949509,4949509,2977
38473,161,433,1086,7,0,11200,0,0,0,4951533,4951533,2977
38489,161,493,1086,7,0,11200,0,0,0,4953514,4953514,2977
38504,161,546,1087,8,0,11200,0,0,0,4955390,4955390,2978
38519,161,626,1087,8,0,11200,0,0,0,4957242,4957242,2978
38535,161,685,1087,8,0,11200,0,0,0,4958736,4958736,2978
38550,161,741,1087,8,0,11200,0,0,0,4960422,4960422,2978
38566,161,787,1087,8,0,11200,0,0,0,4962077,4962077,2978
38581,161,877,1087,8,0,11200,0,0,0,4964103,4964103,2978
38597,161,947,1087,8,0,11200,0,0,0,4965876,4965876,2978
38612,161,1007,1087,8,0,11200,0,0,0,4967848,4967848,2978
38628,162,1073,1087,8,0,11200,0,0,0,4969971,4969971,2978
38643,162,42,1087,6,0,11200,0,0,0,4972188,4972188,2978
38658,162,145,1087,6,0,11200,0,0,0,4974464,4974464,2978
38673,162,189,1087,6,0,11200,0,0,0,4976658,4976658,2978
38688,162,238,1087,6,0,11200,0,0,0,4978705,4978705,2978
38704,162,300,1087,6,0,11200,0,0,0,4981016,4981016,2978
38719,162,369,1087,6,0,11200,0,0,0,4983111,4983111,2978
38734,162,438,1087,6,0,11200,0,0,0,4985056,4985056,2978
38749,162,497,1087,6,0,11200,0,0,0,4986998,4986998,2978
38765,162,555,1087,6,0,11200,0,0,0,4988779,4988779,2978
38780,162,638,1087,6,0,11200,0,0,0,4990689,4990689,2978
38796,162,695,1087,6,0,11200,0,0,0,4992508,4992508,2978
38811,162,741,1087,6,0,11200,0,0,0,4993952,4993952,2978
38828,162,780,1087,6,0,11200,0,0,0,4995384,4995384,2978
38844,162,851,1088,7,0,11200,0,0,0,4997012,4997012,2979
38859,162,914,1088,7,0,11200,0,0,0,4998900,4998900,2979
38874,162,986,1088,7,0,11200,0,0,0,5000813,5000813,2979
38889,163,1052,1088,6,0,11200,0,0,0,5002901,5002901,2979
38905,163,15,1088,5,0,11200,0,0,0,5004823,5004823,2979
38920,163,118,1088,5,0,11200,0,0,0,5007001,5007001,2979
38935,163,179,1088,5,0,11200,0,0,0,5009378,5009378,2979
38950,163,227,1088,5,0,11200,0,0,0,5011182,5011182,2979
38966,163,307,1088,5,0,11200,0,0,0,5013362,5013362,2979
38981,163,368,1088,5,0,11200,0,0,0,5015336,5015336,2979
38996,163,447,1088,5,0,11200,0,0,0,5017224,5017224,2979
39012,163,494,1088,5,0,11200,0,0,0,5018933,5018933,2979
39027,163,547,1088,5,0,11200,0,0,0,5021012,5021012,2979
39042,163,644,1088,5,0,11200,0,0,0,5023101,5023101,2979
39058,163,694,1088,5,0,11200,0,0,0,5024735,5024735,2979
39074,163,741,1088,5,0,11200,0,0,0,5026282,5026282,2979
39089,163,784,1088,5,0,11200,0,0,0,5027650,5027650,2979
39106,163,826,1088,5,0,11200,0,0,0,5028729,5028729,2979
39121,163,890,1088,5,0,11200,0,0,0,5030668,5030668,2979
39137,163,947,1089,6,0,11200,0,0,0,5032448,5032448,2979
39152,163,994,1089,6,0,11200,0,0,0,5034012,5034012,2979
39168,164,1051,1089,6,0,11200,0,0,0,5035975,5035975,2979
39184,164,17,1090,7,0,11200,0,0,0,5038059,5038059,2979
39199,164,118,1090,7,0,11200,0,0,0,5040331,5040331,2979
39214,164,180,1090,7,0,11200,0,0,0,5042689,5042689,2979
39230,164,227,1091,8,0,11200,0,0,0,5044746,5044746,2979
39245,164,289,1091,8,0,11200,0,0,0,5046940,5046940,2979
39260,164,336,1091,8,0,11200,0,0,0,5048755,5048755,2979
39275,164,432,1091,8,0,11200,0,0,0,5050954,5050954,2979
39290,164,475,1091,8,0,11200,0,0,0,5052561,5052561,2979
39306,164,525,1091,8,0,11200,0,0,0,5054399,5054399,2979
39321,164,558,1091,8,0,11200,0,0,0,5055324,5055324,2979
39336,164,634,1091,8,0,11200,0,0,0,5057022,5057022,2979
39352,164,685,1091,8,0,11200,0,0,0,5058742,5058742,2979
39367,164,746,1091,8,0,11200,0,0,0,5060409,5060409,2979
39383,164,813,1091,8,0,11200,0,0,0,5062143,5062143,2979
39398,164,877,1091,8,0,11200,0,0,0,5063770,5063770,2979
39416,164,916,1091,8,0,11200,0,0,0,5064861,5064861,2979
39431,164,990,1091,8,0,11200,0,0,0,5067040,5067040,2979
39446,165,1057,1091,8,0,11200,0,0,0,5069151,5069151,2979
39462,165,29,1091,8,0,11200,0,0,0,5071369,5071369,2979
39477,165,128,1091,8,0,11200,0,0,0,5073500,5073500,2979
39492,165,187,1091,8,0,11200,0,0,0,5075883,5075883,2979
39507,165,234,1091,8,0,11200,0,0,0,5077823,5077823,2979
39523,165,294,1091,8,0,11200,0,0,0,5079923,5079923,2979
39538,165,356,1091,8,0,11200,0,0,0,5082122,5082122,2979
39553,165,423,1091,8,0,11200,0,0,0,5084022,5084022,2979
39569,165,494,1091,8,0,11200,0,0,0,5086148,5086148,2979
39584,165,546,1091,8,0,11200,0,0,0,5088013,5088013,2979
39599,165,608,1091,8,0,11200,0,0,0,5089315,5089315,2979
39615,165,687,1091,8,0,11200,0,0,0,5091351,5091351,2979
39631,165,745,1091,8,0,11200,0,0,0,5092945,5092945,2979
39647,165,797,1091,8,0,11200,0,0,0,5094562,5094562,2979
39662,165,892,1091,8,0,11200,0,0,0,5096356,5096356,2979
39678,165,960,1091,8,0,11200,0,0,0,5098125,5098125,2979
39693,165,1022,1091,8,0,11200,0,0,0,5100158,5100158,2979
39708,166,1086,1091,7,0,11200,0,0,0,5101955,5101955,2979
39724,166,58,1091,7,0,11200,0,0,0,5103993,5103993,2979
39739,166,138,1091,7,0,11200,0,0,0,5106163,5106163,2979
39754,166,202,1091,7,0,11200,0,0,0,5108456,5108456,2979
39770,166,254,1091,7,0,11200,0,0,0,5110550,5110550,2979
39785,166,304,1091,7,0,11200,0,0,0,5112507,5112507,2979
39800,166,365,1091,7,0,11200,0,0,0,5114502,5114502,2979
39816,166,450,1091,7,0,11200,0,0,0,5116440,5116440,2979
39831,166,501,1091,7,0,11200,0,0,0,5118380,5118380,2979
39846,166,546,1091,7,0,11200,0,0,0,5120226,5120226,2979
39862,166,623,1091,7,0,11200,0,0,0,5121837,5121837,2979
39877,166,670,1091,7,0,11200,0,0,0,5123514,5123514,2979
39892,166,718,1091,7,0,11200,0,0,0,5125064,5125064,2979
39908,166,779,1091,7,0,11200,0,0,0,5126844,5126844,2979
39924,166,873,1091,7,0,11200,0,0,0,5128879,5128879,2979
39940,166,930,1091,7,0,11200,0,0,0,5130848,5130848,2979
39955,166,992,1091,7,0,11200,0,0,0,5132746,5132746,2979
39970,167,1036,1091,7,0,11200,0,0,0,5134567,5134567,2979
39986,167,1085,1091,7,0,11200,0,0,0,5136017,5136017,2979
40001,167,47,1091,7,0,11200,0,0,0,5138313,5138313,2979
40017,167,133,1091,7,0,11200,0,0,0,5140585,5140585,2979
40032,167,189,1091,7,0,11200,0,0,0,5142956,5142956,2979
40048,167,243,1091,7,0,11200,0,0,0,5145012,5145012,2979
40063,167,304,1091,7,0,11200,0,0,0,5147084,5147084,2979
40079,167,370,1091,7,0,11200,0,0,0,5149121,5149121,2979
40094,167,450,1091,7,0,11200,0,0,0,5151092,5151092,2979
40109,167,506,1091,7,0,11200,0,0,0,5153197,5153197,2979
40124,167,555,1091,7,0,11200,0,0,0,5155161,5155161,2979
40140,167,634,1091,7,0,11200,0,0,0,5157035,5157035,2979
40155,167,687,1091,7,0,11200,0,0,0,5158745,5158745,2979
40170,167,741,1091,7,0,11200,0,0,0,5160237,5160237,2979
40185,167,823,1091,7,0,11200,0,0,0,5161989,5161989,2979
40202,167,891,1091,7,0,11200,0,0,0,5163942,5163942,2979
40217,167,962,1091,7,0,11200,0,0,0,5165854,5165854,2979
40232,167,1020,1091,7,0,11200,0,0,0,5167762,5167762,2979
40248,168,1085,1091,7,0,11200,0,0,0,5169869,5169869,2979
40263,168,73,1091,7,0,11200,0,0,0,5172086,5172086,2979
40278,168,145,1091,7,0,11200,0,0,0,5174410,5174410,2979
40294,168,194,1091,7,0,11200,0,0,0,5176455,5176455,2979
40309,168,239,1091,7,0,11200,0,0,0,5178733,5178733,2979
40324,168,304,1091,7,0,11200,0,0,0,5180692,5180692,2979
40339,168,360,1091,7,0,11200,0,0,0,5182567,5182567,2979
40354,168,445,1091,7,0,11200,0,0,0,5184615,5184615,2979
40370,168,500,1091,7,0,11200,0,0,0,5186735,5186735,2979
40385,168,556,1091,7,0,11200,0,0,0,5188638,5188638,2979
40400,168,646,1091,7,0,11200,0,0,0,5190598,5190598,2979
40416,168,698,1091,7,0,11200,0,0,0,5192709,5192709,2979
40432,168,741,1091,7,0,11200,0,0,0,5194163,5194163,2979
40447,168,787,1091,7,0,11200,0,0,0,5195855,5195855,2979
40462,168,837,1091,7,0,11200,0,0,0,5197117,5197117,2979
40477,168,892,1091,7,0,11200,0,0,0,5198867,5198867,2979
40493,168,969,1091,7,0,11200,0,0,0,5200683,5200683,2979
40508,168,1028,1091,7,0,11200,0,0,0,5202720,5202720,2979
40523,169,8,1091,6,0,11200,0,0,0,5204651,5204651,2979
40538,169,110,1091,6,0,11200,0,0,0,5207010,5207010,2979
40553,169,174,1091,6,0,11200,0,0,0,5209378,5209378,2979
40569,169,219,1091,6,0,11200,0,0,0,5211587,5211587,2979
40584,169,270,1091,6,0,11200,0,0,0,5213640,5213640,2979
40599,169,327,1091,6,0,11200,0,0,0,5215570,5215570,2979
40614,169,405,1091,6,0,11200,0,0,0,5217685,5217685,2979
40629,169,479,1091,6,0,11200,0,0,0,5219648,5219648,2979
40645,169,532,1091,6,0,11200,0,0,0,5221776,5221776,2979
40660,169,581,1091,6,0,11200,0,0,0,5223145,5223145,2979
40676,169,633,1091,6,0,11200,0,0,0,5224660,5224660,2979
40692,169,683,1091,6,0,11200,0,0,0,5226353,5226353,2979
40708,169,718,1091,6,0,11200,0,0,0,5227759,5227759,2979
40724,169,770,1091,6,0,11200,0,0,0,5229446,5229446,2979
40741,169,800,1091,6,0,11200,0,0,0,5230834,5230834,2979
40756,169,877,1091,6,0,11200,0,0,0,5232571,5232571,2979
40771,169,943,1091,6,0,11200,0,0,0,5234109,5234109,2979
40787,169,990,1091,6,0,11200,0,0,0,5235816,5235816,2979
40802,170,1057,1091,6,0,11200,0,0,0,5237890,5237890,2979
40817,170,15,1091,5,0,11200,0,0,0,5239842,5239842,2979
40833,170,110,1091,5,0,11200,0,0,0,5242225,5242225,2979
40849,170,170,1091,5,0,11200,0,0,0,5244598,5244598,2979
40865,170,217,1091,5,0,11200,0,0,0,5246771,5246771,2979
40880,170,270,1091,5,0,11200,0,0,0,5248743,5248743,2979
40895,170,333,1091,5,0,11200,0,0,0,5250793,5250793,2979
40910,170,428,1091,5,0,11200,0,0,0,5252945,5252945,2979
40925,170,486,1091,5,0,11200,0,0,0,5255049,5255049,2979
40940,170,542,1091,5,0,11200,0,0,0,5257066,5257066,2979
40955,170,609,1091,5,0,11200,0,0,0,5258716,5258716,2979
40971,170,672,1091,5,0,11200,0,0,0,5260537,5260537,2979
40986,170,722,1091,5,0,11200,0,0,0,5262286,5262286,2979
41002,170,784,1091,5,0,11200,0,0,0,5264061,5264061,2979
41017,170,847,1091,5,0,11200,0,0,0,5265829,5265829,2979
41032,170,901,1091,5,0,11200,0,0,0,5267389,5267389,2979
41048,170,960,1091,5,0,11200,0,0,0,5269210,5269210,2979
41063,170,1018,1091,5,0,11200,0,0,0,5271184,5271184,2979
41079,171,1082,1091,5,0,11200,0,0,0,5273003,5273003,2979
41094,171,73,1091,5,0,11200,0,0,0,5275347,5275347,2979
41109,171,156,1091,5,0,11200,0,0,0,5277602,5277602,2979
41124,171,206,1091,5,0,11200,0,0,0,5279797,5279797,2979
41140,171,252,1091,5,0,11200,0,0,0,5282046,5282046,2979
41155,171,329,1091,5,0,11200,0,0,0,5284218,5284218,2979
41171,171,405,1091,5,0,11200,0,0,0,5286298,5286298,2979
41186,171,466,1091,5,0,11200,0,0,0,5288205,5288205,2979
41201,171,510,1091,5,0,11200,0,0,0,5290143,5290143,2979
41217,171,570,1091,5,0,11200,0,0,0,5292007,5292007,2979
41232,171,651,1091,5,0,11200,0,0,0,5293942,5293942,2979
41248,171,714,1091,5,0,11200,0,0,0,5295644,5295644,2979
41263,171,770,1091,5,0,11200,0,0,0,5297078,5297078,2979
41279,171,826,1091,5,0,11200,0,0,0,5298711,5298711,2979
41294,171,863,1091,5,0,11200,0,0,0,5299945,5299945,2979
41309,171,915,1091,5,0,11200,0,0,0,5301390,5301390,2979
41324,171,972,1091,5,0,11200,0,0,0,5303179,5303179,2979
41339,171,1023,1091,5,0,11200,0,0,0,5305075,5305075,2979
41355,172,1083,1091,4,0,11200,0,0,0,5306837,5306837,2979
41370,172,95,1092,5,0,11200,0,0,0,5309307,5309307,2979
41385,172,167,1092,5,0,11200,0,0,0,5311777,5311777,2979
41401,172,222,1092,5,0,11200,0,0,0,5314016,5314016,2979
41416,172,287,1092,5,0,11200,0,0,0,5316333,5316333,2979
41432,172,345,1092,5,0,11200,0,0,0,5318305,5318305,2979
41447,172,418,1092,5,0,11200,0,0,0,5320233,5320233,2979
41462,172,484,1092,5,0,11200,0,0,0,5322199,5322199,2979
41477,172,529,1092,5,0,11200,0,0,0,5324091,5324091,2979
41493,172,608,1092,5,0,11200,0,0,0,5325923,5325923,2979
41508,172,679,1092,5,0,11200,0,0,0,5328134,5328134,2979
41524,172,715,1092,5,0,11200,0,0,0,5329696,5329696,2979
41540,172,774,1092,5,0,11200,0,0,0,5331610,5331610,2979
41555,172,832,1092,5,0,11200,0,0,0,5333230,5333230,2979
41571,172,903,1092,5,0,11200,0,0,0,5334994,5334994,2979
41586,172,962,1092,5,0,11200,0,0,0,5336786,5336786,2979
41601,172,1012,1092,5,0,11200,0,0,0,5338721,5338721,2979
41617,173,1069,1092,5,0,11200,0,0,0,5340224,5340224,2979
41632,173,58,1093,6,0,11200,0,0,0,5342480,5342480,2979
41647,173,147,1093,6,0,11200,0,0,0,5344952,5344952,2979
41663,173,208,1093,6,0,11200,0,0,0,5347196,5347196,2979
41678,173,254,1093,6,0,11200,0,0,0,5349480,5349480,2979
41693,173,301,1093,6,0,11200,0,0,0,5351627,5351627,2979
41709,173,361,1093,6,0,11200,0,0,0,5353786,5353786,2979
41725,173,434,1093,6,0,11200,0,0,0,5355840,5355840,2979
41740,173,477,1093,6,0,11200,0,0,0,5357416,5357416,2979
41755,173,525,1093,6,0,11200,0,0,0,5359361,5359361,2979
41770,173,586,1093,6,0,11200,0,0,0,5360988,5360988,2979
41786,173,655,1093,6,0,11200,0,0,0,5362751,5362751,2979
41801,173,712,1093,6,0,11200,0,0,0,5364684,5364684,2979
41817,173,774,1093,6,0,11200,0,0,0,5366112,5366112,2979
41833,173,838,1093,6,0,11200,0,0,0,5367747,5367747,2979
41848,173,908,1093,6,0,11200,0,0,0,5369646,5369646,2979
41863,173,969,1093,6,0,11200,0,0,0,5371283,5371283,2979
41879,173,1027,1093,6,0,11200,0,0,0,5373276,5373276,2979
41894,174,8,1093,6,0,11200,0,0,0,5375022,5375022,2979
41909,174,110,1093,6,0,11200,0,0,0,5377483,5377483,2979
41925,174,167,1093,6,0,11200,0,0,0,5379975,5379975,2979
41940,174,215,1093,6,0,11200,0,0,0,5382113,5382113,2979
41955,174,277,1093,6,0,11200,0,0,0,5384458,5384458,2979
41970,174,337,1093,6,0,11200,0,0,0,5386409,5386409,2979
41985,174,401,1093,6,0,11200,0,0,0,5388402,5388402,2979
42001,174,466,1093,6,0,11200,0,0,0,5390347,5390347,2979
42016,174,530,1093,6,0,11200,0,0,0,5392303,5392303,2979
42031,174,587,1093,6,0,11200,0,0,0,5394175,5394175,2979
42046,174,665,1093,6,0,11200,0,0,0,5396210,5396210,2979
42061,174,714,1093,6,0,11200,0,0,0,5397931,5397931,2979
42077,174,772,1093,6,0,11200,0,0,0,5399427,5399427,2979
42092,174,826,1093,6,0,11200,0,0,0,5400845,5400845,2979
42107,174,891,1093,6,0,11200,0,0,0,5402329,5402329,2979
42123,174,947,1093,6,0,11200,0,0,0,5403757,5403757,2979
42138,174,1002,1093,6,0,11200,0,0,0,5405697,5405697,2979
42153,175,1066,1093,6,0,11200,0,0,0,5407808,5407808,2979
42168,175,24,1093,5,0,11200,0,0,0,5410201,5410201,2979
42183,175,118,1093,5,0,11200,0,0,0,5412401,5412401,2979
42198,175,179,1093,5,0,11200,0,0,0,5414745,5414745,2979
42213,175,220,1093,5,0,11200,0,0,0,5416960,5416960,2979
42228,175,277,1093,5,0,11200,0,0,0,5419152,5419152,2979
42244,175,344,1093,5,0,11200,0,0,0,5421341,5421341,2979
42259,175,436,1093,5,0,11200,0,0,0,5423277,5423277,2979
42274,175,489,1093,5,0,11200,0,0,0,5425173,5425173,2979
42289,175,555,1093,5,0,11200,0,0,0,5427118,5427118,2979
42305,175,623,1093,5,0,11200,0,0,0,5428603,5428603,2979
42320,175,676,1093,5,0,11200,0,0,0,5430348,5430348,2979
42335,175,738,1093,5,0,11200,0,0,0,5431927,5431927,2979
42351,175,783,1093,5,0,11200,0,0,0,5433726,5433726,2979
42366,175,849,1093,5,0,11200,0,0,0,5435544,5435544,2979
42382,175,917,1093,5,0,11200,0,0,0,5437206,5437206,2979
42397,175,985,1093,5,0,11200,0,0,0,5439132,5439132,2979
42412,175,1027,1093,5,0,11200,0,0,0,5440997,5440997,2979
42428,176,9,1093,5,0,11200,0,0,0,5442969,5442969,2979
42444,176,83,1093,5,0,11200,0,0,0,5445459,5445459,2979
42459,176,139,1093,5,0,11200,0,0,0,5447802,5447802,2979
42474,176,206,1093,5,0,11200,0,0,0,5450179,5450179,2979
42489,176,255,1093,5,0,11200,0,0,0,5452205,5452205,2979
42505,176,330,1093,5,0,11200,0,0,0,5454116,5454116,2979
42520,176,402,1093,5,0,11200,0,0,0,5456288,5456288,2979
42536,176,460,1093,5,0,11200,0,0,0,5458101,5458101,2979
42551,176,522,1093,5,0,11200,0,0,0,5460131,5460131,2979
42567,176,572,1093,5,0,11200,0,0,0,5461990,5461990,2979
42583,176,633,1093,5,0,11200,0,0,0,5463604,5463604,2979
42598,176,687,1093,5,0,11200,0,0,0,5465572,5465572,2979
42614,176,747,1093,5,0,11200,0,0,0,5467038,5467038,2979
42630,176,788,1093,5,0,11200,0,0,0,5468549,5468549,2979
42645,176,867,1093,5,0,11200,0,0,0,5470125,5470125,2979
42660,176,941,1093,5,0,11200,0,0,0,5471862,5471862,2979
42675,176,1002,1093,5,0,11200,0,0,0,5473621,5473621,2979
42691,177,1070,1094,6,0,11200,0,0,0,5475770,5475770,2979
42706,177,28,1094,6,0,11200,0,0,0,5477898,5477898,2979
42721,177,127,1094,6,0,11200,0,0,0,5480128,5480128,2979
42737,177,188,1094,6,0,11200,0,0,0,5482578,5482578,2979
42752,177,227,1094,6,0,11200,0,0,0,5484510,5484510,2979
42768,177,287,1094,6,0,11200,0,0,0,5486848,5486848,2979
42783,177,352,1094,6,0,11200,0,0,0,5488796,5488796,2979
42798,177,445,1094,6,0,11200,0,0,0,5490790,5490790,2979
42813,177,506,1094,6,0,11200,0,0,0,5492787,5492787,2979
42828,177,558,1094,6,0,11200,0,0,0,5494407,5494407,2979
42843,177,654,1094,6,0,11200,0,0,0,5496208,5496208,2979
42859,177,698,1094,6,0,11200,0,0,0,5497836,5497836,2979
42874,177,749,1094,6,0,11200,0,0,0,5499418,5499418,2979
42890,177,797,1094,6,0,11200,0,0,0,5501088,5501088,2979
42905,177,868,1094,6,0,11200,0,0,0,5502576,5502576,2979
42921,177,931,1094,6,0,11200,0,0,0,5504400,5504400,2979
42937,177,983,1094,6,0,11200,0,0,0,5505789,5505789,2979
42952,177,1027,1095,7,0,11200,0,0,0,5507731,5507731,2979
42967,178,1088,1095,6,0,11200,0,0,0,5509638,5509638,2979
42983,178,99,1095,5,0,11200,0,0,0,5512079,5512079,2979
42998,178,158,1095,5,0,11200,0,0,0,5514358,5514358,2979
43013,178,219,1095,5,0,11200,0,0,0,5516594,5516594,2979
43028,178,279,1095,5,0,11200,0,0,0,5518691,5518691,2979
43044,178,331,1095,5,0,11200,0,0,0,5520620,5520620,2979
43059,178,435,1095,5,0,11200,0,0,0,5522707,5522707,2979
43074,178,501,1095,5,0,11200,0,0,0,5524734,5524734,2979
43093,178,558,1095,5,0,11200,0,0,0,5526449,5526449,2979
43108,178,633,1095,5,0,11200,0,0,0,5528131,5528131,2979
43123,178,701,1095,5,0,11200,0,0,0,5530169,5530169,2979
43139,178,755,1095,5,0,11200,0,0,0,5531999,5531999,2979
43154,178,794,1095,5,0,11200,0,0,0,5533342,5533342,2979
43169,178,877,1095,5,0,11200,0,0,0,5535164,5535164,2979
43185,178,926,1095,5,0,11200,0,0,0,5536777,5536777,2979
43200,178,966,1095,5,0,11200,0,0,0,5538128,5538128,2979
43215,178,1021,1095,5,0,11200,0,0,0,5540071,5540071,2979
43230,179,1082,1095,5,0,11200,0,0,0,5541647,5541647,2979
43245,179,53,1095,3,0,11200,0,0,0,5544050,5544050,2979
43261,179,136,1095,3,0,11200,0,0,0,5546567,5546567,2979
43276,179,196,1095,3,0,11200,0,0,0,5548927,5548927,2979
43292,179,243,1095,3,0,11200,0,0,0,5551041,5551041,2979
43308,179,294,1095,3,0,11200,0,0,0,5553386,5553386,2979
43323,179,356,1095,3,0,11200,0,0,0,5555656,5555656,2979
43339,179,434,1095,3,0,11200,0,0,0,5557683,5557683,2979
43354,179,489,1095,3,0,11200,0,0,0,5559694,5559694,2979
43369,179,539,1095,3,0,11200,0,0,0,5561659,5561659,2979
43385,179,583,1095,3,0,11200,0,0,0,5563347,5563347,2979
43400,179,650,1095,3,0,11200,0,0,0,5564812,5564812,2979
43416,179,698,1095,3,0,11200,0,0,0,5566628,5566628,2979
43431,179,751,1095,3,0,11200,0,0,0,5568279,5568279,2979
43446,179,797,1095,3,0,11200,0,0,0,5569457,5569457,2979
43462,179,873,1096,4,0,11200,0,0,0,5571353,5571353,2979
43477,179,935,1096,4,0,11200,0,0,0,5573281,5573281,2979
43493,179,1003,1096,4,0,11200,0,0,0,5575172,5575172,2979
43508,180,1069,1096,4,0,11200,0,0,0,5576919,5576919,2979
43523,180,23,1096,4,0,11200,0,0,0,5578970,5578970,2979
43538,180,115,1096,4,0,11200,0,0,0,5581174,5581174,2979
43554,180,180,1096,4,0,11200,0,0,0,5583547,5583547,2979
43569,180,232,1096,4,0,11200,0,0,0,5585559,5585559,2979
43584,180,304,1096,4,0,11200,0,0,0,5587784,5587784,2979
43599,180,381,1096,4,0,11200,0,0,0,5589920,5589920,2979
43614,180,461,1096,4,0,11200,0,0,0,5592003,5592003,2979
43630,180,516,1096,4,0,11200,0,0,0,5593852,5593852,2979
43645,180,570,1096,4,0,11200,0,0,0,5595654,5595654,2979
43660,180,640,1096,4,0,11200,0,0,0,5597465,5597465,2979
43676,180,698,1096,4,0,11200,0,0,0,5599335,5599335,2979
43692,180,749,1096,4,0,11200,0,0,0,5600852,5600852,2979
43707,180,794,1096,4,0,11200,0,0,0,5602267,5602267,2979
43722,180,876,1096,4,0,11200,0,0,0,5604038,5604038,2979
43738,180,943,1096,4,0,11200,0,0,0,5605782,5605782,2979
43753,180,1009,1096,4,0,11200,0,0,0,5607745,5607745,2979
43768,181,1068,1096,4,0,11200,0,0,0,5609767,5609767,2979
43783,181,27,1096,4,0,11200,0,0,0,5611895,5611895,2979
43798,181,147,1096,4,0,11200,0,0,0,5614189,5614189,2979
43813,181,206,1096,4,0,11200,0,0,0,5616339,5616339,2979
43829,181,264,1096,4,0,11200,0,0,0,5618453,5618453,2979
43844,181,324,1096,4,0,11200,0,0,0,5620456,5620456,2979
43859,181,398,1096,4,0,11200,0,0,0,5622399,5622399,2979
43874,181,481,1096,4,0,11200,0,0,0,5624387,5624387,2979
43890,181,529,1096,4,0,11200,0,0,0,5626351,5626351,2979
43905,181,595,1096,4,0,11200,0,0,0,5628342,5628342,2979
43921,181,659,1096,4,0,11200,0,0,0,5630060,5630060,2979
43937,181,712,1096,4,0,11200,0,0,0,5631903,5631903,2979
43952,181,775,1096,4,0,11200,0,0,0,5633505,5633505,2979
43967,181,840,1096,4,0,11200,0,0,0,5635020,5635020,2979
43982,181,922,1096,4,0,11200,0,0,0,5636879,5636879,2979
43997,181,980,1096,4,0,11200,0,0,0,5638727,5638727,2979
44012,182,1040,1096,4,0,11200,0,0,0,5640679,5640679,2979
44027,182,8,1096,3,0,11200,0,0,0,5642433,5642433,2979
44042,182,109,1096,3,0,11200,0,0,0,5644905,5644905,2979
44058,182,168,1096,3,0,11200,0,0,0,5647334,5647334,2979
44073,182,219,1096,3,0,11200,0,0,0,5649543,5649543,2979
44088,182,269,1096,3,0,11200,0,0,0,5651453,5651453,2979
44103,182,322,1096,3,0,11200,0,0,0,5653431,5653431,2979
44119,182,390,1096,3,0,11200,0,0,0,5655392,5655392,2979
44134,182,457,1096,3,0,11200,0,0,0,5657130,5657130,2979
44149,182,514,1096,3,0,11200,0,0,0,5659062,5659062,2979
44165,182,567,1096,3,0,11200,0,0,0,5660765,5660765,2979
44180,182,654,1096,3,0,11200,0,0,0,5662561,5662561,2979
44196,182,706,1096,3,0,11200,0,0,0,5664467,5664467,2979
44211,182,752,1096,3,0,11200,0,0,0,5665968,5665968,2979
44229,182,797,1096,3,0,11200,0,0,0,5667432,5667432,2979
44244,182,892,1096,3,0,11200,0,0,0,5669147,5669147,2979
44260,182,949,1096,3,0,11200,0,0,0,5670768,5670768,2979
44275,182,1012,1096,3,0,11200,0,0,0,5672764,5672764,2979
44291,183,1075,1096,3,0,11200,0,0,0,5674648,5674648,2979
44306,183,81,1096,3,0,11200,0,0,0,5677067,5677067,2979
44321,183,145,1096,3,0,11200,0,0,0,5679451,5679451,2979
44336,183,206,1096,3,0,11200,0,0,0,5681759,5681759,2979
44351,183,241,1096,3,0,11200,0,0,0,5683690,5683690,2979
44366,183,307,1096,3,0,11200,0,0,0,5685649,5685649,2979
44382,183,374,1096,3,0,11200,0,0,0,5687793,5687793,2979
44398,183,457,1096,3,0,11200,0,0,0,5689887,5689887,2979
44413,183,514,1096,3,0,11200,0,0,0,5691766,5691766,2979
44429,183,583,1096,3,0,11200,0,0,0,5693627,5693627,2979
44444,183,646,1096,3,0,11200,0,0,0,5695206,5695206,2979
44460,183,708,1096,3,0,11200,0,0,0,5697182,5697182,2979
44476,183,770,1096,3,0,11200,0,0,0,5698814,5698814,2979
44492,183,805,1096,3,0,11200,0,0,0,5699852,5699852,2979
44507,183,881,1096,3,0,11200,0,0,0,5701628,5701628,2979
44523,183,934,1096,3,0,11200,0,0,0,5703125,5703125,2979
44539,183,998,1096,3,0,11200,0,0,0,5705011,5705011,2979
44554,184,1070,1097,4,0,11200,0,0,0,5707074,5707074,2980
44569,184,27,1097,3,0,11200,0,0,0,5709143,5709143,2980
44585,184,121,1097,3,0,11200,0,0,0,5711374,5711374,2980
44600,184,178,1097,3,0,11200,0,0,0,5713742,5713742,2980
44616,184,224,1097,3,0,11200,0,0,0,5715732,5715732,2980
44631,184,287,1097,3,0,11200,0,0,0,5718042,5718042,2980
44647,184,352,1097,3,0,11200,0,0,0,5720279,5720279,2980
44662,184,403,1097,3,0,11200,0,0,0,5722156,5722156,2980
44677,184,457,1097,3,0,11200,0,0,0,5723716,5723716,2980
44693,184,513,1097,3,0,11200,0,0,0,5725794,5725794,2980
44708,184,575,1097,3,0,11200,0,0,0,5727502,5727502,2980
44723,184,675,1097,3,0,11200,0,0,0,5729506,5729506,2980
44739,184,732,1097,3,0,11200,0,0,0,5731277,5731277,2980
44755,184,779,1097,3,0,11200,0,0,0,5733053,5733053,2980
44770,184,831,1097,3,0,11200,0,0,0,5734547,5734547,2980
44785,184,903,1097,3,0,11200,0,0,0,5736511,5736511,2980
44800,184,950,1097,3,0,11200,0,0,0,5737964,5737964,2980
44815,184,1009,1097,3,0,11200,0,0,0,5739951,5739951,2980
44831,185,1085,1097,3,0,11200,0,0,0,5742201,5742201,2980
44846,185,88,1097,3,0,11200,0,0,0,5744494,5744494,2980
44862,185,149,1097,3,0,11200,0,0,0,5746869,5746869,2980
44877,185,206,1097,3,0,11200,0,0,0,5748955,5748955,2980
44892,185,255,1097,3,0,11200,0,0,0,5751355,5751355,2980
44907,185,313,1097,3,0,11200,0,0,0,5753241,5753241,2980
44923,185,380,1097,3,0,11200,0,0,0,5755156,5755156,2980
44938,185,450,1097,3,0,11200,0,0,0,5757084,5757084,2980
44953,185,503,1097,3,0,11200,0,0,0,5759092,5759092,2980
44969,185,560,1097,3,0,11200,0,0,0,5760797,5760797,2980
44984,185,638,1097,3,0,11200,0,0,0,5762608,5762608,2980
45000,185,695,1097,3,0,11200,0,0,0,5764624,5764624,2980
45015,185,741,1097,3,0,11200,0,0,0,5766069,5766069,2980
45031,185,837,1097,3,0,11200,0,0,0,5768013,5768013,2980
45047,185,904,1097,3,0,11200,0,0,0,5769792,5769792,2980
45062,185,969,1097,3,0,11200,0,0,0,5771697,5771697,2980
45077,186,1033,1097,3,0,11200,0,0,0,5773862,5773862,2980
45093,186,7,1097,3,0,11200,0,0,0,5775754,5775754,2980
45109,186,111,1097,3,0,11200,0,0,0,5778070,5778070,2980
45124,186,171,1097,3,0,11200,0,0,0,5780336,5780336,2980
45139,186,224,1097,3,0,11200,0,0,0,5782533,5782533,2980
45154,186,280,1097,3,0,11200,0,0,0,5784859,5784859,2980
45170,186,338,1097,3,0,11200,0,0,0,5786686,5786686,2980
45185,186,434,1097,3,0,11200,0,0,0,5788682,5788682,2980
45200,186,483,1097,3,0,11200,0,0,0,5790476,5790476,2980
45216,186,530,1097,3,0,11200,0,0,0,5792320,5792320,2980
45232,186,608,1097,3,0,11200,0,0,0,5794524,5794524,2980
45248,186,673,1097,3,0,11200,0,0,0,5796556,5796556,2980
45264,186,718,1097,3,0,11200,0,0,0,5798260,5798260,2980
45280,186,784,1097,3,0,11200,0,0,0,5799983,5799983,2980
45296,186,845,1097,3,0,11200,0,0,0,5801622,5801622,2980
45311,186,908,1097,3,0,11200,0,0,0,5803295,5803295,2980
45326,186,974,1097,3,0,11200,0,0,0,5805253,5805253,2980
45342,187,1033,1097,3,0,11200,0,0,0,5807314,5807314,2980
45357,187,10,1097,3,0,11200,0,0,0,5809411,5809411,2980
45372,187,120,1097,3,0,11200,0,0,0,5812025,5812025,2980
45388,187,181,1097,3,0,11200,0,0,0,5814438,5814438,2980
45403,187,230,1097,3,0,11200,0,0,0,5816606,5816606,2980
45419,187,300,1097,3,0,11200,0,0,0,5818748,5818748,2980
45434,187,356,1097,3,0,11200,0,0,0,5820906,5820906,2980
45450,187,447,1097,3,0,11200,0,0,0,5823180,5823180,2980
45465,187,500,1097,3,0,11200,0,0,0,5825102,5825102,2980
45483,187,555,1097,3,0,11200,0,0,0,5827189,5827189,2980
45498,187,620,1097,3,0,11200,0,0,0,5828972,5828972,2980
45514,187,675,1097,3,0,11200,0,0,0,5830722,5830722,2980
45529,187,739,1097,3,0,11200,0,0,0,5832391,5832391,2980
45545,187,790,1097,3,0,11200,0,0,0,5834055,5834055,2980
45560,187,875,1097,3,0,11200,0,0,0,5835828,5835828,2980
45575,187,914,1097,3,0,11200,0,0,0,5837218,5837218,2980
45590,187,972,1097,3,0,11200,0,0,0,5839347,5839347,2980
45605,187,1020,1097,3,0,11200,0,0,0,5841225,5841225,2980
45620,188,3,1097,3,0,11200,0,0,0,5843376,5843376,2980
45636,188,107,1097,3,0,11200,0,0,0,5845858,5845858,2980
45651,188,158,1097,3,0,11200,0,0,0,5848130,5848130,2980
45667,188,213,1097,3,0,11200,0,0,0,5850261,5850261,2980
45682,188,264,1097,3,0,11200,0,0,0,5852555,5852555,2980
45698,188,327,1097,3,0,11200,0,0,0,5854552,5854552,2980
45713,188,401,1097,3,0,11200,0,0,0,5856640,5856640,2980
45728,188,475,1097,3,0,11200,0,0,0,5858906,5858906,2980
45744,188,527,1097,3,0,11200,0,0,0,5860774,5860774,2980
45759,188,587,1097,3,0,11200,0,0,0,5862477,5862477,2980
45774,188,664,1097,3,0,11200,0,0,0,5864203,5864203,2980
45790,188,719,1097,3,0,11200,0,0,0,5865800,5865800,2980
45805,188,779,1097,3,0,11200,0,0,0,5867593,5867593,2980
45821,188,826,1098,4,0,11200,0,0,0,5869009,5869009,2980
45837,188,898,1098,4,0,11200,0,0,0,5870985,5870985,2980
45852,188,955,1099,5,0,11200,0,0,0,5872632,5872632,2980
45868,188,1018,1099,5,0,11200,0,0,0,5874876,5874876,2980
45883,189,2,1099,4,0,11200,0,0,0,5876918,5876918,2980
45898,189,79,1099,4,0,11200,0,0,0,5879129,5879129,2980
45914,189,146,1099,4,0,11200,0,0,0,5881453,5881453,2980
45930,189,200,1099,4,0,11200,0,0,0,5883662,5883662,2980
45945,189,258,1099,4,0,11200,0,0,0,5885787,5885787,2980
45960,189,312,1099,4,0,11200,0,0,0,5887757,5887757,2980
45976,189,398,1099,4,0,11200,0,0,0,5890015,5890015,2980
45991,189,477,1099,4,0,11200,0,0,0,5892048,5892048,2980
46006,189,531,1099,4,0,11200,0,0,0,5894049,5894049,2980
46022,189,603,1099,4,0,11200,0,0,0,5895838,5895838,2980
46037,189,679,1099,4,0,11200,0,0,0,5897716,5897716,2980
46052,189,732,1099,4,0,11200,0,0,0,5899336,5899336,2980
46069,189,788,1099,4,0,11200,0,0,0,5901094,5901094,2980
46084,189,854,1099,4,0,11200,0,0,0,5902945,5902945,2980
46100,189,936,1099,4,0,11200,0,0,0,5904681,5904681,2980
46115,189,993,1099,4,0,11200,0,0,0,5906615,5906615,2980
46131,190,1054,1099,4,0,11200,0,0,0,5908771,5908771,2980
46147,190,1099,1100,4,0,11200,0,0,0,5910397,5910397,2981
46162,190,91,1100,4,0,11200,0,0,0,5912652,5912652,2981
46177,190,145,1100,4,0,11200,0,0,0,5914951,5914951,2981
46193,190,208,1100,4,0,11200,0,0,0,5917160,5917160,2981
46208,190,282,1100,4,0,11200,0,0,0,5919407,5919407,2981
46223,190,352,1100,4,0,11200,0,0,0,5921693,5921693,2981
46240,190,434,1100,4,0,11200,0,0,0,5923714,5923714,2981
46255,190,493,1100,4,0,11200,0,0,0,5925828,5925828,2981
46271,190,549,1100,4,0,11200,0,0,0,5927901,5927901,2981
46286,190,625,1100,4,0,11200,0,0,0,5929539,5929539,2981
46301,190,681,1100,4,0,11200,0,0,0,5931402,5931402,2981
46317,190,723,1100,4,0,11200,0,0,0,5932857,5932857,2981
46332,190,780,1100,4,0,11200,0,0,0,5934702,5934702,2981
46347,190,845,1100,4,0,11200,0,0,0,5936362,5936362,2981
46363,190,901,1100,4,0,11200,0,0,0,5938185,5938185,2981
46378,190,955,1100,4,0,11200,0,0,0,5939779,5939779,2981
46394,190,1003,1100,4,0,11200,0,0,0,5941705,5941705,2981
46410,191,1070,1101,5,0,11200,0,0,0,5943497,5943497,2981
46425,191,23,1102,4,0,11200,0,0,0,5945773,5945773,2981
46440,191,120,1102,4,0,11200,0,0,0,5948041,5948041,2981
46455,191,184,1102,4,0,11200,0,0,0,5950425,5950425,2981
46470,191,230,1102,4,0,11200,0,0,0,5952496,5952496,2981
46486,191,289,1102,4,0,11200,0,0,0,5954665,5954665,2981
46501,191,361,1102,4,0,11200,0,0,0,5956697,5956697,2981
46517,191,438,1102,4,0,11200,0,0,0,5958785,5958785,2981
46533,191,501,1102,4,0,11200,0,0,0,5960787,5960787,2981
46550,191,556,1102,4,0,11200,0,0,0,5962752,5962752,2981
46565,191,608,1102,4,0,11200,0,0,0,5964023,5964023,2981
46580,191,676,1102,4,0,11200,0,0,0,5965856,5965856,2981
46597,191,714,1102,4,0,11200,0,0,0,5967411,5967411,2981
46612,191,774,1102,4,0,11200,0,0,0,5969057,5969057,2981
46628,191,811,1102,4,0,11200,0,0,0,5970320,5970320,2981
46644,191,875,1102,4,0,11200,0,0,0,5972151,5972151,2981
46659,191,949,1102,4,0,11200,0,0,0,5974012,5974012,2981
46675,191,1019,1102,4,0,11200,0,0,0,5976028,5976028,2981
46690,192,1082,1102,3,0,11200,0,0,0,5978058,5978058,2981
46705,192,39,1102,3,0,11200,0,0,0,5980223,5980223,2981
46720,192,133,1102,3,0,11200,0,0,0,5982455,5982455,2981
46736,192,191,1102,3,0,11200,0,0,0,5984880,5984880,2981
46751,192,244,1102,3,0,11200,0,0,0,5987137,5987137,2981
46766,192,300,1102,3,0,11200,0,0,0,5989273,5989273,2981
46782,192,360,1102,3,0,11200,0,0,0,5991446,5991446,2981
46797,192,447,1102,3,0,11200,0,0,0,5993442,5993442,2981
46812,192,501,1102,3,0,11200,0,0,0,5995570,5995570,2981
46827,192,573,1102,3,0,11200,0,0,0,5997792,5997792,2981
46844,192,633,1102,3,0,11200,0,0,0,5999074,5999074,2981
46859,192,702,1102,3,0,11200,0,0,0,6001184,6001184,2981
46875,192,760,1102,3,0,11200,0,0,0,6002779,6002779,2981
46890,192,810,1102,3,0,11200,0,0,0,6004435,6004435,2981
46906,192,859,1102,3,0,11200,0,0,0,6005911,6005911,2981
46922,192,915,1102,3,0,11200,0,0,0,6007486,6007486,2981
46938,192,960,1102,3,0,11200,0,0,0,6008946,6008946,2981
46953,192,1016,1102,3,0,11200,0,0,0,6010869,6010869,2981
46968,193,1094,1102,3,0,11200,0,0,0,6013012,6013012,2981
46984,193,65,1102,3,0,11200,0,0,0,6015415,6015415,2981
46999,193,147,1102,3,0,11200,0,0,0,6017777,6017777,2981
47014,193,191,1102,3,0,11200,0,0,0,6019981,6019981,2981
47030,193,247,1102,3,0,11200,0,0,0,6022277,6022277,2981
47046,193,311,1102,3,0,11200,0,0,0,6024391,6024391,2981
47061,193,377,1102,3,0,11200,0,0,0,6026453,6026453,2981
47077,193,447,1102,3,0,11200,0,0,0,6028418,6028418,2981
47092,193,496,1102,3,0,11200,0,0,0,6030226,6030226,2981
47107,193,549,1102,3,0,11200,0,0,0,6032243,6032243,2981
47123,193,633,1102,3,0,11200,0,0,0,6033693,6033693,2981
47139,193,694,1102,3,0,11200,0,0,0,6035576,6035576,2981
47154,193,747,1102,3,0,11200,0,0,0,6037250,6037250,2981
47170,193,785,1102,3,0,11200,0,0,0,6038752,6038752,2981
47185,193,848,1102,3,0,11200,0,0,0,6040344,6040344,2981
47200,193,918,1102,3,0,11200,0,0,0,6042440,6042440,2981
47216,193,987,1102,3,0,11200,0,0,0,6044470,6044470,2981
47231,194,1046,1102,3,0,11200,0,0,0,6046672,6046672,2981
47246,194,1098,1102,3,0,11200,0,0,0,6048401,6048401,2981
47262,194,95,1102,3,0,11200,0,0,0,6050539,6050539,2981
47277,194,154,1102,3,0,11200,0,0,0,6052790,6052790,2981
47292,194,210,1102,3,0,11200,0,0,0,6055000,6055000,2981
47307,194,269,1102,3,0,11200,0,0,0,6057073,6057073,2981
47323,194,322,1102,3,0,11200,0,0,0,6058972,6058972,2981
47338,194,398,1102,3,0,11200,0,0,0,6061055,6061055,2981
47353,194,479,1102,3,0,11200,0,0,0,6063021,6063021,2981
47368,194,525,1102,3,0,11200,0,0,0,6064852,6064852,2981
47383,194,580,1102,3,0,11200,0,0,0,6066932,6066932,2981
47398,194,640,1102,3,0,11200,0,0,0,6068792,6068792,2981
47414,194,698,1102,3,0,11200,0,0,0,6070746,6070746,2981
47429,194,741,1102,3,0,11200,0,0,0,6072215,6072215,2981
47445,194,784,1102,3,0,11200,0,0,0,6073741,6073741,2981
47460,194,875,1102,3,0,11200,0,0,0,6075709,6075709,2981
47475,194,930,1102,3,0,11200,0,0,0,6077510,6077510,2981
47490,194,1003,1102,3,0,11200,0,0,0,6079565,6079565,2981
47506,195,1078,1102,3,0,11200,0,0,0,6081735,6081735,2981
47521,195,28,1102,3,0,11200,0,0,0,6083983,6083983,2981
47536,195,121,1102,3,0,11200,0,0,0,6086022,6086022,2981
47552,195,188,1102,3,0,11200,0,0,0,6088445,6088445,2981
47567,195,239,1102,3,0,11200,0,0,0,6090623,6090623,2981
47582,195,304,1102,3,0,11200,0,0,0,6092622,6092622,2981
47598,195,381,1102,3,0,11200,0,0,0,6094700,6094700,2981
47613,195,471,1102,3,0,11200,0,0,0,6096922,6096922,2981
47629,195,524,1102,3,0,11200,0,0,0,6098962,6098962,2981
47644,195,584,1102,3,0,11200,0,0,0,6100989,6100989,2981
47659,195,658,1102,3,0,11200,0,0,0,6102939,6102939,2981
47674,195,716,1102,3,0,11200,0,0,0,6104869,6104869,2981
47689,195,771,1102,3,0,11200,0,0,0,6106265,6106265,2981
47705,195,810,1102,3,0,11200,0,0,0,6107193,6107193,2981
47723,195,891,1102,3,0,11200,0,0,0,6109275,6109275,2981
47738,195,947,1102,3,0,11200,0,0,0,6111145,6111145,2981
47754,195,999,1102,3,0,11200,0,0,0,6113171,6113171,2981
47769,196,1068,1102,3,0,11200,0,0,0,6115103,6115103,2981
47785,196,8,1102,2,0,11200,0,0,0,6116720,6116720,2981
47801,196,123,1102,2,0,11200,0,0,0,6119212,6119212,2981
47816,196,181,1102,2,0,11200,0,0,0,6121638,6121638,2981
47831,196,228,1102,2,0,11200,0,0,0,6123615,6123615,2981
47846,196,292,1102,2,0,11200,0,0,0,6125768,6125768,2981
47862,196,357,1102,2,0,11200,0,0,0,6127658,6127658,2981
47877,196,438,1102,2,0,11200,0,0,0,6129598,6129598,2981
47892,196,486,1102,2,0,11200,0,0,0,6131392,6131392,2981
47907,196,546,1102,2,0,11200,0,0,0,6133344,6133344,2981
47923,196,609,1102,2,0,11200,0,0,0,6134918,6134918,2981
47938,196,670,1102,2,0,11200,0,0,0,6136713,6136713,2981
47954,196,732,1102,2,0,11200,0,0,0,6138516,6138516,2981
47971,196,797,1102,2,0,11200,0,0,0,6140412,6140412,2981
47987,196,891,1102,2,0,11200,0,0,0,6142454,6142454,2981
48003,196,955,1102,2,0,11200,0,0,0,6144416,6144416,2981
48018,196,1009,1102,2,0,11200,0,0,0,6146439,6146439,2981
48034,197,1074,1102,2,0,11200,0,0,0,6148298,6148298,2981
48049,197,44,1102,2,0,11200,0,0,0,6150620,6150620,2981
48064,197,145,1102,2,0,11200,0,0,0,6152818,6152818,2981
48079,197,212,1102,2,0,11200,0,0,0,6155086,6155086,2981
48094,197,270,1102,2,0,11200,0,0,0,6157256,6157256,2981
48109,197,330,1102,2,0,11200,0,0,0,6159271,6159271,2981
48124,197,399,1102,2,0,11200,0,0,0,6161360,6161360,2981
48139,197,479,1102,2,0,11200,0,0,0,6163451,6163451,2981
48154,197,537,1102,2,0,11200,0,0,0,6165331,6165331,2981
48171,197,608,1102,2,0,11200,0,0,0,6167291,6167291,2981
48186,197,681,1102,2,0,11200,0,0,0,6169214,6169214,2981
48201,197,721,1102,2,0,11200,0,0,0,6170606,6170606,2981
48217,197,780,1102,2,0,11200,0,0,0,6172295,6172295,2981
48232,197,853,1102,2,0,11200,0,0,0,6174117,6174117,2981
48248,197,915,1102,2,0,11200,0,0,0,6175925,6175925,2981
48263,197,973,1102,2,0,11200,0,0,0,6177719,6177719,2981
48279,198,1051,1102,2,0,11200,0,0,0,6179811,6179811,2981
48295,198,16,1103,2,0,11200,0,0,0,6181976,6181976,2981
48310,198,120,1103,2,0,11200,0,0,0,6184265,6184265,2981
48326,198,182,1103,2,0,11200,0,0,0,6186676,6186676,2981
48341,198,229,1103,2,0,11200,0,0,0,6188777,6188777,2981
48356,198,285,1103,2,0,11200,0,0,0,6190679,6190679,2981
48371,198,365,1103,2,0,11200,0,0,0,6192731,6192731,2981
48386,198,448,1103,2,0,11200,0,0,0,6194691,6194691,2981
48402,198,508,1103,2,0,11200,0,0,0,6196775,6196775,2981
48417,198,562,1103,2,0,11200,0,0,0,6198450,6198450,2981
48433,198,646,1103,2,0,11200,0,0,0,6200393,6200393,2981
48448,198,700,1103,2,0,11200,0,0,0,6202293,6202293,2981
48463,198,749,1103,2,0,11200,0,0,0,6203807,6203807,2981
48478,198,788,1103,2,0,11200,0,0,0,6205254,6205254,2981
48494,198,854,1103,2,0,11200,0,0,0,6206973,6206973,2981
48509,198,921,1103,2,0,11200,0,0,0,6209028,6209028,2981
48524,198,993,1103,2,0,11200,0,0,0,6210999,6210999,2981
48539,199,1069,1103,2,0,11200,0,0,0,6212943,6212943,2981
48555,199,39,1103,2,0,11200,0,0,0,6215255,6215255,2981
48570,199,150,1103,2,0,11200,0,0,0,6217540,6217540,2981
48585,199,211,1103,2,0,11200,0,0,0,6219852,6219852,2981
48600,199,260,1103,2,0,11200,0,0,0,6222133,6222133,2981
48616,199,332,1103,2,0,11200,0,0,0,6224161,6224161,2981
48631,199,431,1103,2,0,11200,0,0,0,6226237,6226237,2981
48646,199,489,1103,2,0,11200,0,0,0,6228349,6228349,2981
48661,199,538,1103,2,0,11200,0,0,0,6230162,6230162,2981
48679,199,608,1103,2,0,11200,0,0,0,6231837,6231837,2981
48694,199,690,1103,2,0,11200,0,0,0,6233797,6233797,2981
48709,199,741,1103,2,0,11200,0,0,0,6235238,6235238,2981
48724,199,796,1103,2,0,11200,0,0,0,6237160,6237160,2981
48739,199,876,1103,2,0,11200,0,0,0,6238876,6238876,2981
48754,199,947,1103,2,0,11200,0,0,0,6240853,6240853,2981
48770,199,999,1103,2,0,11200,0,0,0,6242613,6242613,2981
48785,200,1068,1103,2,0,11200,0,0,0,6244648,6244648,2981
48800,200,16,1103,2,0,11200,0,0,0,6246686,6246686,2981
48815,200,125,1103,2,0,11200,0,0,0,6249208,6249208,2981
48831,200,181,1103,2,0,11200,0,0,0,6251357,6251357,2981
48846,200,228,1103,2,0,11200,0,0,0,6253534,6253534,2981
48861,200,288,1103,2,0,11200,0,0,0,6255519,6255519,2981
48876,200,345,1103,2,0,11200,0,0,0,6257640,6257640,2981
48892,200,438,1103,2,0,11200,0,0,0,6259796,6259796,2981
48907,200,494,1103,2,0,11200,0,0,0,6261846,6261846,2981
48922,200,546,1103,2,0,11200,0,0,0,6263867,6263867,2981
48938,200,629,1103,2,0,11200,0,0,0,6266092,6266092,2981
48954,200,686,1103,2,0,11200,0,0,0,6267645,6267645,2981
48970,200,747,1103,2,0,11200,0,0,0,6269424,6269424,2981
48985,200,797,1103,2,0,11200,0,0,0,6270948,6270948,2981
49000,200,875,1103,2,0,11200,0,0,0,6272901,6272901,2981
49016,200,945,1103,2,0,11200,0,0,0,6274787,6274787,2981
49031,200,1004,1103,2,0,11200,0,0,0,6276866,6276866,2981
49047,201,1083,1103,2,0,11200,0,0,0,6278670,6278670,2981
49062,201,42,1103,2,0,11200,0,0,0,6280779,6280779,2981
49078,201,133,1103,2,0,11200,0,0,0,6282756,6282756,2981
49093,201,191,1103,2,0,11200,0,0,0,6285164,6285164,2981
49108,201,244,1103,2,0,11200,0,0,0,6287228,6287228,2981
49124,201,307,1103,2,0,11200,0,0,0,6289221,6289221,2981
49140,201,384,1103,2,0,11200,0,0,0,6291239,6291239,2981
49155,201,447,1103,2,0,11200,0,0,0,6292830,6292830,2981
49170,201,492,1103,2,0,11200,0,0,0,6294589,6294589,2981
49185,201,534,1103,2,0,11200,0,0,0,6296427,6296427,2981
49200,201,608,1103,2,0,11200,0,0,0,6298166,6298166,2981
49216,201,672,1103,2,0,11200,0,0,0,6300069,6300069,2981
49231,201,719,1103,2,0,11200,0,0,0,6301819,6301819,2981
49246,201,773,1103,2,0,11200,0,0,0,6303612,6303612,2981
49262,201,828,1103,2,0,11200,0,0,0,6305024,6305024,2981
49277,201,904,1103,2,0,11200,0,0,0,6307147,6307147,2981
49292,201,962,1103,2,0,11200,0,0,0,6308989,6308989,2981
49308,201,1022,1103,2,0,11200,0,0,0,6311161,6311161,2981
49323,202,1094,1103,2,0,11200,0,0,0,6313209,6313209,2981
49338,202,65,1103,1,0,11200,0,0,0,6315407,6315407,2981
49354,202,141,1103,1,0,11200,0,0,0,6317842,6317842,2981
49369,202,191,1103,1,0,11200,0,0,0,6319870,6319870,2981
49385,202,247,1103,1,0,11200,0,0,0,6321966,6321966,2981
49400,202,307,1103,1,0,11200,0,0,0,6323829,6323829,2981
49415,202,361,1103,1,0,11200,0,0,0,6325709,6325709,2981
49431,202,438,1103,1,0,11200,0,0,0,6327722,6327722,2981
49446,202,500,1103,1,0,11200,0,0,0,6329729,6329729,2981
49461,202,546,1103,1,0,11200,0,0,0,6331635,6331635,2981
49479,202,608,1103,1,0,11200,0,0,0,6333017,6333017,2981
49495,202,670,1103,1,0,11200,0,0,0,6334719,6334719,2981
49511,202,738,1103,1,0,11200,0,0,0,6336455,6336455,2981
49526,202,784,1103,1,0,11200,0,0,0,6338132,6338132,2981
49541,202,849,1103,1,0,11200,0,0,0,6339765,6339765,2981
49556,202,917,1103,1,0,11200,0,0,0,6341649,6341649,2981
49572,202,984,1103,1,0,11200,0,0,0,6343474,6343474,2981
49588,203,1048,1104,2,0,11200,0,0,0,6345450,6345450,2981
49603,203,2,1104,1,0,11200,0,0,0,6346929,6346929,2981
49618,203,90,1104,1,0,11200,0,0,0,6349070,6349070,2981
49633,203,159,1104,1,0,11200,0,0,0,6351505,6351505,2981
49649,203,211,1104,1,0,11200,0,0,0,6353811,6353811,2981
49664,203,257,1104,1,0,11200,0,0,0,6355924,6355924,2981
49679,203,330,1104,1,0,11200,0,0,0,6357972,6357972,2981
49694,203,402,1104,1,0,11200,0,0,0,6359906,6359906,2981
49709,203,482,1104,1,0,11200,0,0,0,6361957,6361957,2981
49724,203,534,1104,1,0,11200,0,0,0,6364034,6364034,2981
49740,203,620,1104,1,0,11200,0,0,0,6365876,6365876,2981
49758,203,685,1104,1,0,11200,0,0,0,6367639,6367639,2981
49774,203,738,1104,1,0,11200,0,0,0,6369223,6369223,2981
49789,203,796,1104,1,0,11200,0,0,0,6371103,6371103,2981
49804,203,871,1104,1,0,11200,0,0,0,6372764,6372764,2981
49820,203,928,1104,1,0,11200,0,0,0,6374679,6374679,2981
49835,203,986,1104,1,0,11200,0,0,0,6376665,6376665,2981
49851,204,1039,1104,1,0,11200,0,0,0,6378743,6378743,2981
49866,204,1100,1104,1,0,11200,0,0,0,6380441,6380441,2981
49881,204,78,1104,1,0,11200,0,0,0,6382674,6382674,2981
49897,204,156,1104,1,0,11200,0,0,0,6385114,6385114,2981
49912,204,211,1104,1,0,11200,0,0,0,6387136,6387136,2981
49927,204,264,1104,1,0,11200,0,0,0,6389337,6389337,2981
49944,204,315,1104,1,0,11200,0,0,0,6391440,6391440,2981
49960,204,377,1104,1,0,11200,0,0,0,6393458,6393458,2981
49975,204,455,1104,1,0,11200,0,0,0,6395464,6395464,2981
49990,204,504,1104,1,0,11200,0,0,0,6397378,6397378,2981
50005,204,556,1104,1,0,11200,0,0,0,6399229,6399229,2981
50021,204,634,1104,1,0,11200,0,0,0,6400654,6400654,2981
50036,204,686,1104,1,0,11200,0,0,0,6402526,6402526,2981
50052,204,738,1104,1,0,11200,0,0,0,6404136,6404136,2981
50068,204,787,1104,1,0,11200,0,0,0,6405727,6405727,2981
50083,204,848,1104,1,0,11200,0,0,0,6407490,6407490,2981
50098,204,915,1104,1,0,11200,0,0,0,6409228,6409228,2981
50114,204,983,1104,1,0,11200,0,0,0,6411157,6411157,2981
50129,205,1039,1104,1,0,11200,0,0,0,6413239,6413239,2981
50144,205,1100,1104,1,0,11200,0,0,0,6414992,6414992,2981
50159,205,90,1104,1,0,11200,0,0,0,6417045,6417045,2981
50175,205,153,1104,1,0,11200,0,0,0,6419444,6419444,2981
50191,205,211,1104,1,0,11200,0,0,0,6421688,6421688,2981
50206,205,269,1104,1,0,11200,0,0,0,6423788,6423788,2981
50221,205,324,1104,1,0,11200,0,0,0,6425888,6425888,2981
50236,205,405,1104,1,0,11200,0,0,0,6428105,6428105,2981
50252,205,481,1104,1,0,11200,0,0,0,6430217,6430217,2981
50267,205,532,1104,1,0,11200,0,0,0,6432374,6432374,2981
50282,205,607,1104,1,0,11200,0,0,0,6434044,6434044,2981
50297,205,659,1104,1,0,11200,0,0,0,6435587,6435587,2981
50312,205,716,1104,1,0,11200,0,0,0,6437432,6437432,2981
50328,205,767,1104,1,0,11200,0,0,0,6438968,6438968,2981
50348,205,797,1104,1,0,11200,0,0,0,6440354,6440354,2981
50363,205,868,1104,1,0,11200,0,0,0,6441984,6441984,2981
50378,205,938,1104,1,0,11200,0,0,0,6443635,6443635,2981
50393,205,993,1104,1,0,11200,0,0,0,6445521,6445521,2981
50409,206,1065,1104,1,0,11200,0,0,0,6447406,6447406,2981
50424,206,1100,1104,1,0,11200,0,0,0,6449121,6449121,2981
50439,206,31,1104,1,0,11200,0,0,0,6451018,6451018,2981
50455,206,127,1104,1,0,11200,0,0,0,6453121,6453121,2981
50470,206,169,1104,1,0,11200,0,0,0,6455084,6455084,2981
50486,206,222,1104,1,0,11200,0,0,0,6457229,6457229,2981
50501,206,282,1104,1,0,11200,0,0,0,6459502,6459502,2981
50516,206,333,1104,1,0,11200,0,0,0,6461506,6461506,2981
50532,206,418,1104,1,0,11200,0,0,0,6463597,6463597,2981
50547,206,478,1104,1,0,11200,0,0,0,6465424,6465424,2981
50562,206,523,1104,1,0,11200,0,0,0,6467424,6467424,2981
50578,206,573,1104,1,0,11200,0,0,0,6469064,6469064,2981
50593,206,648,1104,1,0,11200,0,0,0,6470833,6470833,2981
50608,206,695,1104,1,0,11200,0,0,0,6472575,6472575,2981
50623,206,745,1104,1,0,11200,0,0,0,6473973,6473973,2981
50640,206,788,1104,1,0,11200,0,0,0,6475385,6475385,2981
50655,206,887,1104,1,0,11200,0,0,0,6477035,6477035,2981
50670,206,949,1104,1,0,11200,0,0,0,6478636,6478636,2981
50686,206,1010,1104,1,0,11200,0,0,0,6480747,6480747,2981
50701,207,1073,1104,1,0,11200,0,0,0,6482738,6482738,2981
50717,207,16,1104,1,0,11200,0,0,0,6484658,6484658,2981
50732,207,121,1104,1,0,11200,0,0,0,6487215,6487215,2981
50747,207,187,1104,1,0,11200,0,0,0,6489534,6489534,2981
50762,207,243,1104,1,0,11200,0,0,0,6491682,6491682,2981
50777,207,302,1104,1,0,11200,0,0,0,6493929,6493929,2981
50793,207,391,1104,1,0,11200,0,0,0,6496057,6496057,2981
50808,207,463,1104,1,0,11200,0,0,0,6498353,6498353,2981
50824,207,513,1104,1,0,11200,0,0,0,6500320,6500320,2981
50842,207,558,1104,1,0,11200,0,0,0,6502097,6502097,2981
50857,207,633,1104,1,0,11200,0,0,0,6504000,6504000,2981
50873,207,688,1104,1,0,11200,0,0,0,6505793,6505793,2981
50888,207,747,1104,1,0,11200,0,0,0,6507366,6507366,2981
50903,207,794,1104,1,0,11200,0,0,0,6508804,6508804,2981
50919,207,877,1104,1,0,11200,0,0,0,6510638,6510638,2981
50934,207,955,1104,1,0,11200,0,0,0,6512545,6512545,2981
50950,207,999,1104,1,0,11200,0,0,0,6514442,6514442,2981
50965,208,1066,1104,1,0,11200,0,0,0,6516375,6516375,2981
50980,208,21,1104,0,0,11200,0,0,0,6518567,6518567,2981
50996,208,125,1104,0,0,11200,0,0,0,6520916,6520916,2981
51011,208,185,1104,0,0,11200,0,0,0,6523118,6523118,2981
51026,208,225,1104,0,0,11200,0,0,0,6525239,6525239,2981
51041,208,288,1104,0,0,11200,0,0,0,6527436,6527436,2981
51056,208,355,1104,0,0,11200,0,0,0,6529545,6529545,2981
51071,208,434,1104,0,0,11200,0,0,0,6531631,6531631,2981
51086,208,489,1104,0,0,11200,0,0,0,6533582,6533582,2981
51102,208,532,1104,0,0,11200,0,0,0,6535535,6535535,2981
51117,208,597,1104,0,0,11200,0,0,0,6537109,6537109,2981
51133,208,646,1104,0,0,11200,0,0,0,6538265,6538265,2981
51148,208,700,1104,0,0,11200,0,0,0,6540231,6540231,2981
51164,208,751,1104,0,0,11200,0,0,0,6541803,6541803,2981
51179,208,796,1104,0,0,11200,0,0,0,6543105,6543105,2981
51194,208,859,1104,0,0,11200,0,0,0,6544545,6544545,2981
51209,208,938,1104,0,0,11200,0,0,0,6546189,6546189,2981
51225,208,1007,1104,0,0,11200,0,0,0,6548143,6548143,2981
51240,209,1073,1104,0,0,11200,0,0,0,6550115,6550115,2981
51256,209,17,1104,0,0,11200,0,0,0,6551976,6551976,2981
51271,209,114,1104,0,0,11200,0,0,0,6554048,6554048,2981
51286,209,178,1104,0,0,11200,0,0,0,6556483,6556483,2981
51301,209,222,1104,0,0,11200,0,0,0,6558518,6558518,2981
51317,209,270,1104,0,0,11200,0,0,0,6560558,6560558,2981
51332,209,330,1104,0,0,11200,0,0,0,6562752,6562752,2981
51348,209,434,1104,0,0,11200,0,0,0,6565034,6565034,2981
51364,209,492,1104,0,0,11200,0,0,0,6567032,6567032,2981
51380,209,556,1104,0,0,11200,0,0,0,6568913,6568913,2981
51395,209,623,1104,0,0,11200,0,0,0,6570542,6570542,2981
51410,209,680,1104,0,0,11200,0,0,0,6572333,6572333,2981
51426,209,732,1104,0,0,11200,0,0,0,6573881,6573881,2981
51441,209,791,1104,0,0,11200,0,0,0,6575584,6575584,2981
51456,209,847,1104,0,0,11200,0,0,0,6576674,6576674,2981
51473,209,892,1104,0,0,11200,0,0,0,6578156,6578156,2981
51488,209,955,1104,0,0,11200,0,0,0,6579777,6579777,2981
51503,209,1009,1104,0,0,11200,0,0,0,6581842,6581842,2981
51519,210,1078,1104,0,0,11200,0,0,0,6583718,6583718,2981
51534,210,19,1104,0,0,11200,0,0,0,6585487,6585487,2981
51549,210,109,1104,0,0,11200,0,0,0,6587702,6587702,2981
51564,210,165,1104,0,0,11200,0,0,0,6589989,6589989,2981
51579,210,218,1104,0,0,11200,0,0,0,6592128,6592128,2981
51594,210,278,1104,0,0,11200,0,0,0,6594315,6594315,2981
51610,210,348,1104,0,0,11200,0,0,0,6596462,6596462,2981
51625,210,435,1104,0,0,11200,0,0,0,6598481,6598481,2981
51641,210,484,1104,0,0,11200,0,0,0,6600140,6600140,2981
51656,210,530,1104,0,0,11200,0,0,0,6602003,6602003,2981
51672,210,595,1104,0,0,11200,0,0,0,6603894,6603894,2981
51688,210,654,1104,0,0,11200,0,0,0,6605644,6605644,2981
51703,210,714,1105,1,0,11200,0,0,0,6607491,6607491,2982
51719,210,780,1105,1,0,11200,0,0,0,6609046,6609046,2982
51735,210,821,1105,1,0,11200,0,0,0,6610357,6610357,2982
51750,210,880,1105,1,0,11200,0,0,0,6612156,6612156,2982
51765,210,955,1105,1,0,11200,0,0,0,6613951,6613951,2982
51780,210,1016,1105,1,0,11200,0,0,0,6615829,6615829,2982
51796,211,1085,1105,1,0,11200,0,0,0,6617745,6617745,2982
51811,211,23,1106,1,0,11200,0,0,0,6619674,6619674,2982
51826,211,111,1106,1,0,11200,0,0,0,6621664,6621664,2982
51842,211,179,1106,1,0,11200,0,0,0,6624054,6624054,2982
51857,211,230,1106,1,0,11200,0,0,0,6626263,6626263,2982
51872,211,289,1106,1,0,11200,0,0,0,6628306,6628306,2982
51887,211,356,1106,1,0,11200,0,0,0,6630355,6630355,2982
51903,211,445,1106,1,0,11200,0,0,0,6632491,6632491,2982
51918,211,506,1106,1,0,11200,0,0,0,6634346,6634346,2982
51934,211,572,1106,1,0,11200,0,0,0,6636529,6636529,2982
51949,211,638,1106,1,0,11200,0,0,0,6638401,6638401,2982
51965,211,700,1106,1,0,11200,0,0,0,6640365,6640365,2982
51980,211,746,1106,1,0,11200,0,0,0,6641768,6641768,2982
51996,211,784,1106,1,0,11200,0,0,0,6643272,6643272,2982
52011,211,838,1106,1,0,11200,0,0,0,6644727,6644727,2982
52026,211,904,1106,1,0,11200,0,0,0,6646450,6646450,2982
52042,211,971,1106,1,0,11200,0,0,0,6648283,6648283,2982
52057,211,1023,1106,1,0,11200,0,0,0,6650174,6650174,2982
52072,212,1086,1107,2,0,11200,0,0,0,6651863,6651863,2983
52087,212,31,1107,1,0,11200,0,0,0,6654016,6654016,2983
52102,212,123,1107,1,0,11200,0,0,0,6656266,6656266,2983
52117,212,179,1107,1,0,11200,0,0,0,6658619,6658619,2983
52132,212,228,1107,1,0,11200,0,0,0,6660830,6660830,2983
52148,212,288,1107,1,0,11200,0,0,0,6662963,6662963,2983
52163,212,357,1107,1,0,11200,0,0,0,6665018,6665018,2983
52178,212,440,1107,1,0,11200,0,0,0,6666928,6666928,2983
52193,212,489,1107,1,0,11200,0,0,0,6668892,6668892,2983
52208,212,532,1107,1,0,11200,0,0,0,6670936,6670936,2983
52224,212,608,1107,1,0,11200,0,0,0,6672865,6672865,2983
52239,212,687,1107,1,0,11200,0,0,0,6674881,6674881,2983
52255,212,738,1107,1,0,11200,0,0,0,6676414,6676414,2983
52270,212,780,1107,1,0,11200,0,0,0,6677904,6677904,2983
52285,212,854,1107,1,0,11200,0,0,0,6679406,6679406,2983
52301,212,927,1107,1,0,11200,0,0,0,6681310,6681310,2983
52316,212,985,1107,1,0,11200,0,0,0,6683440,6683440,2983
52331,212,1033,1107,1,0,11200,0,0,0,6685366,6685366,2983
52346,213,1098,1107,1,0,11200,0,0,0,6687053,6687053,2983
52361,213,58,1107,1,0,11200,0,0,0,6689262,6689262,2983
52377,213,148,1107,1,0,11200,0,0,0,6691665,6691665,2983
52392,213,206,1107,1,0,11200,0,0,0,6693772,6693772,2983
52407,213,244,1107,1,0,11200,0,0,0,6695790,6695790,2983
52422,213,300,1107,1,0,11200,0,0,0,6697844,6697844,2983
52438,213,366,1107,1,0,11200,0,0,0,6699810,6699810,2983
52453,213,452,1107,1,0,11200,0,0,0,6701800,6701800,2983
52468,213,502,1107,1,0,11200,0,0,0,6703703,6703703,2983
52483,213,567,1107,1,0,11200,0,0,0,6705862,6705862,2983
52499,213,646,1107,1,0,11200,0,0,0,6707393,6707393,2983
52515,213,704,1107,1,0,11200,0,0,0,6709148,6709148,2983
52530,213,755,1107,1,0,11200,0,0,0,6710731,6710731,2983
52546,213,805,1107,1,0,11200,0,0,0,6712368,6712368,2983
52561,213,890,1107,1,0,11200,0,0,0,6714365,6714365,2983
52576,213,945,1107,1,0,11200,0,0,0,6716100,6716100,2983
52592,213,1002,1107,1,0,11200,0,0,0,6718061,6718061,2983
52608,214,1062,1107,1,0,11200,0,0,0,6719987,6719987,2983
52623,214,5,1107,1,0,11200,0,0,0,6721597,6721597,2983
52638,214,90,1107,1,0,11200,0,0,0,6723979,6723979,2983
52653,214,168,1107,1,0,11200,0,0,0,6726288,6726288,2983
52668,214,218,1107,1,0,11200,0,0,0,6728560,6728560,2983
52684,214,277,1107,1,0,11200,0,0,0,6730546,6730546,2983
52699,214,331,1107,1,0,11200,0,0,0,6732551,6732551,2983
52714,214,402,1107,1,0,11200,0,0,0,6734506,6734506,2983
52730,214,471,1107,1,0,11200,0,0,0,6736433,6736433,2983
52745,214,525,1107,1,0,11200,0,0,0,6738438,6738438,2983
52760,214,617,1107,1,0,11200,0,0,0,6740663,6740663,2983
52776,214,685,1107,1,0,11200,0,0,0,6742625,6742625,2983
52792,214,731,1107,1,0,11200,0,0,0,6744140,6744140,2983
52808,214,779,1107,1,0,11200,0,0,0,6745477,6745477,2983
52823,214,847,1107,1,0,11200,0,0,0,6747075,6747075,2983
52838,214,903,1107,1,0,11200,0,0,0,6748761,6748761,2983
52854,214,965,1107,1,0,11200,0,0,0,6750497,6750497,2983
52869,215,1048,1107,1,0,11200,0,0,0,6752422,6752422,2983
52886,215,1103,1107,1,0,11200,0,0,0,6753988,6753988,2983
52901,215,44,1107,1,0,11200,0,0,0,6756248,6756248,2983
52916,215,148,1107,1,0,11200,0,0,0,6758617,6758617,2983
52932,215,198,1107,1,0,11200,0,0,0,6760813,6760813,2983
52947,215,242,1107,1,0,11200,0,0,0,6762749,6762749,2983
52962,215,292,1107,1,0,11200,0,0,0,6764814,6764814,2983
52977,215,360,1107,1,0,11200,0,0,0,6766955,6766955,2983
52992,215,434,1107,1,0,11200,0,0,0,6768777,6768777,2983
53008,215,488,1107,1,0,11200,0,0,0,6770901,6770901,2983
53023,215,530,1107,1,0,11200,0,0,0,6772889,6772889,2983
53038,215,607,1107,1,0,11200,0,0,0,6774743,6774743,2983
53054,215,672,1107,1,0,11200,0,0,0,6776721,6776721,2983
53069,215,714,1107,1,0,11200,0,0,0,6778237,6778237,2983
53084,215,775,1107,1,0,11200,0,0,0,6779794,6779794,2983
53099,215,832,1107,1,0,11200,0,0,0,6781044,6781044,2983
53114,215,896,1107,1,0,11200,0,0,0,6782975,6782975,2983
53130,215,955,1107,1,0,11200,0,0,0,6784715,6784715,2983
53145,215,1019,1107,1,0,11200,0,0,0,6786585,6786585,2983
53160,216,1083,1107,1,0,11200,0,0,0,6788539,6788539,2983
53175,216,22,1107,1,0,11200,0,0,0,6790315,6790315,2983
53190,216,121,1107,1,0,11200,0,0,0,6792574,6792574,2983
53205,216,161,1107,1,0,11200,0,0,0,6794731,6794731,2983
53221,216,219,1107,1,0,11200,0,0,0,6797075,6797075,2983
53236,216,273,1107,1,0,11200,0,0,0,6799188,6799188,2983
53251,216,333,1107,1,0,11200,0,0,0,6801272,6801272,2983
53267,216,408,1107,1,0,11200,0,0,0,6803360,6803360,2983
53282,216,477,1107,1,0,11200,0,0,0,6805413,6805413,2983
53297,216,522,1107,1,0,11200,0,0,0,6807350,6807350,2983
53313,216,572,1107,1,0,11200,0,0,0,6809181,6809181,2983
53329,216,634,1107,1,0,11200,0,0,0,6810678,6810678,2983
53344,216,696,1107,1,0,11200,0,0,0,6812618,6812618,2983
53360,216,741,1107,1,0,11200,0,0,0,6814124,6814124,2983
53375,216,794,1107,1,0,11200,0,0,0,6815637,6815637,2983
53390,216,887,1107,1,0,11200,0,0,0,6817502,6817502,2983
53405,216,949,1107,1,0,11200,0,0,0,6819299,6819299,2983
53421,216,1018,1107,1,0,11200,0,0,0,6821141,6821141,2983
53439,217,1085,1107,1,0,11200,0,0,0,6822933,6822933,2983
53454,217,22,1107,1,0,11200,0,0,0,6824886,6824886,2983
53471,217,123,1107,1,0,11200,0,0,0,6827092,6827092,2983
53486,217,176,1107,1,0,11200,0,0,0,6829499,6829499,2983
53501,217,223,1107,1,0,11200,0,0,0,6831582,6831582,2983
53516,217,277,1107,1,0,11200,0,0,0,6833733,6833733,2983
53531,217,344,1107,1,0,11200,0,0,0,6835746,6835746,2983
53547,217,405,1107,1,0,11200,0,0,0,6837771,6837771,2983
53562,217,483,1107,1,0,11200,0,0,0,6839818,6839818,2983
53577,217,530,1107,1,0,11200,0,0,0,6841661,6841661,2983
53593,217,591,1107,1,0,11200,0,0,0,6843372,6843372,2983
53608,217,675,1107,1,0,11200,0,0,0,6845267,6845267,2983
53623,217,722,1107,1,0,11200,0,0,0,6846845,6846845,2983
53638,217,767,1107,1,0,11200,0,0,0,6848639,6848639,2983
53654,217,797,1107,1,0,11200,0,0,0,6850064,6850064,2983
53669,217,877,1107,1,0,11200,0,0,0,6852105,6852105,2983
53684,217,947,1107,1,0,11200,0,0,0,6853805,6853805,2983
53699,217,992,1107,1,0,11200,0,0,0,6855614,6855614,2983
53715,218,1055,1107,1,0,11200,0,0,0,6857621,6857621,2983
53730,218,2,1107,1,0,11200,0,0,0,6859387,6859387,2983
53745,218,65,1107,1,0,11200,0,0,0,6861676,6861676,2983
53761,218,141,1107,1,0,11200,0,0,0,6863810,6863810,2983
53776,218,188,1107,1,0,11200,0,0,0,6865869,6865869,2983
53791,218,234,1107,1,0,11200,0,0,0,6867791,6867791,2983
53807,218,292,1107,1,0,11200,0,0,0,6870073,6870073,2983
53822,218,361,1107,1,0,11200,0,0,0,6872189,6872189,2983
53837,218,441,1107,1,0,11200,0,0,0,6874213,6874213,2983
53852,218,497,1107,1,0,11200,0,0,0,6876267,6876267,2983
53868,218,546,1107,1,0,11200,0,0,0,6878147,6878147,2983
53884,218,608,1107,1,0,11200,0,0,0,6879776,6879776,2983
53899,218,683,1107,1,0,11200,0,0,0,6881778,6881778,2983
53915,218,732,1107,1,0,11200,0,0,0,6883339,6883339,2983
53931,218,797,1107,1,0,11200,0,0,0,6884949,6884949,2983
53946,218,877,1107,1,0,11200,0,0,0,6886928,6886928,2983
53962,218,948,1107,1,0,11200,0,0,0,6888785,6888785,2983
53977,218,1008,1107,1,0,11200,0,0,0,6890521,6890521,2983
53992,219,1065,1107,1,0,11200,0,0,0,6892308,6892308,2983
54008,219,25,1107,1,0,11200,0,0,0,6894457,6894457,2983
54023,219,123,1107,1,0,11200,0,0,0,6896538,6896538,2983
54038,219,180,1107,1,0,11200,0,0,0,6898812,6898812,2983
54054,219,232,1107,1,0,11200,0,0,0,6900941,6900941,2983
54069,219,294,1107,1,0,11200,0,0,0,6903031,6903031,2983
54085,219,356,1107,1,0,11200,0,0,0,6905109,6905109,2983
54100,219,452,1107,1,0,11200,0,0,0,6907191,6907191,2983
54115,219,502,1107,1,0,11200,0,0,0,6909173,6909173,2983
54135,219,558,1107,1,0,11200,0,0,0,6911256,6911256,2983
54150,219,613,1107,1,0,11200,0,0,0,6912688,6912688,2983
54165,219,676,1107,1,0,11200,0,0,0,6914556,6914556,2983
54180,219,723,1107,1,0,11200,0,0,0,6916130,6916130,2983
54199,219,780,1107,1,0,11200,0,0,0,6917625,6917625,2983
54214,219,848,1107,1,0,11200,0,0,0,6919240,6919240,2983
54229,219,917,1107,1,0,11200,0,0,0,6920912,6920912,2983
54245,219,969,1107,1,0,11200,0,0,0,6922645,6922645,2983
54260,219,1020,1107,1,0,11200,0,0,0,6924689,6924689,2983
54275,220,1097,1107,1,0,11200,0,0,0,6926762,6926762,2983
54291,220,42,1107,1,0,11200,0,0,0,6928974,6928974,2983
54306,220,139,1107,1,0,11200,0,0,0,6931240,6931240,2983
54322,220,189,1107,1,0,11200,0,0,0,6933422,6933422,2983
54337,220,237,1107,1,0,11200,0,0,0,6935614,6935614,2983
54352,220,294,1107,1,0,11200,0,0,0,6937732,6937732,2983
54368,220,357,1107,1,0,11200,0,0,0,6939919,6939919,2983
54383,220,446,1107,1,0,11200,0,0,0,6941827,6941827,2983
54398,220,506,1107,1,0,11200,0,0,0,6943818,6943818,2983
54414,220,556,1107,1,0,11200,0,0,0,6945726,6945726,2983
54429,220,631,1107,1,0,11200,0,0,0,6947777,6947777,2983
54445,220,695,1107,1,0,11200,0,0,0,6949545,6949545,2983
54460,220,745,1107,1,0,11200,0,0,0,6951030,6951030,2983
54475,220,817,1107,1,0,11200,0,0,0,6952860,6952860,2983
54490,220,875,1107,1,0,11200,0,0,0,6954321,6954321,2983
54505,220,927,1107,1,0,11200,0,0,0,6955637,6955637,2983
54520,220,990,1107,1,0,11200,0,0,0,6957602,6957602,2983
54536,221,1060,1107,1,0,11200,0,0,0,6959672,6959672,2983
54551,221,3,1107,1,0,11200,0,0,0,6961212,6961212,2983
54566,221,107,1107,1,0,11200,0,0,0,6963441,6963441,2983
54581,221,167,1107,1,0,11200,0,0,0,6966004,6966004,2983
54598,221,218,1107,1,0,11200,0,0,0,6968357,6968357,2983
54614,221,287,1107,1,0,11200,0,0,0,6970578,6970578,2983
54629,221,352,1107,1,0,11200,0,0,0,6972564,6972564,2983
54644,221,440,1107,1,0,11200,0,0,0,6974654,6974654,2983
54660,221,492,1107,1,0,11200,0,0,0,6976733,6976733,2983
54675,221,546,1107,1,0,11200,0,0,0,6978831,6978831,2983
54691,221,631,1107,1,0,11200,0,0,0,6980880,6980880,2983
54706,221,676,1107,1,0,11200,0,0,0,6982529,6982529,2983
54721,221,722,1107,1,0,11200,0,0,0,6984115,6984115,2983
54737,221,780,1107,1,0,11200,0,0,0,6985668,6985668,2983
54752,221,851,1107,1,0,11200,0,0,0,6987356,6987356,2983
54768,221,917,1107,1,0,11200,0,0,0,6989029,6989029,2983
54783,221,990,1107,1,0,11200,0,0,0,6990943,6990943,2983
54799,222,1041,1107,1,0,11200,0,0,0,6993022,6993022,2983
54814,222,1106,1107,1,0,11200,0,0,0,6994719,6994719,2983
54829,222,90,1107,1,0,11200,0,0,0,6997106,6997106,2983
54844,222,159,1107,1,0,11200,0,0,0,6999502,6999502,2983
54859,222,208,1107,1,0,11200,0,0,0,7001664,7001664,2983
54875,222,269,1107,1,0,11200,0,0,0,7003741,7003741,2983
54890,222,331,1107,1,0,11200,0,0,0,7005635,7005635,2983
54905,222,405,1107,1,0,11200,0,0,0,7007715,7007715,2983
54921,222,475,1107,1,0,11200,0,0,0,7009837,7009837,2983
54936,222,529,1107,1,0,11200,0,0,0,7011978,7011978,2983
54951,222,587,1107,1,0,11200,0,0,0,7013698,7013698,2983
54967,222,658,1107,1,0,11200,0,0,0,7015596,7015596,2983
54982,222,703,1107,1,0,11200,0,0,0,7017065,7017065,2983
54998,222,764,1107,1,0,11200,0,0,0,7018591,7018591,2983
55015,222,805,1107,1,0,11200,0,0,0,7019984,7019984,2983
55030,222,890,1107,1,0,11200,0,0,0,7021760,7021760,2983
55045,222,945,1107,1,0,11200,0,0,0,7023314,7023314,2983
55060,222,1009,1107,1,0,11200,0,0,0,7025326,7025326,2983
55075,223,1068,1107,1,0,11200,0,0,0,7027186,7027186,2983
55090,223,23,1107,1,0,11200,0,0,0,7029365,7029365,2983
55106,223,121,1107,1,0,11200,0,0,0,7031468,7031468,2983
55121,223,179,1107,1,0,11200,0,0,0,7033952,7033952,2983
55136,223,227,1107,1,0,11200,0,0,0,7036030,7036030,2983
55151,223,288,1107,1,0,11200,0,0,0,7038264,7038264,2983
55167,223,348,1107,1,0,11200,0,0,0,7040405,7040405,2983
55182,223,418,1107,1,0,11200,0,0,0,7042254,7042254,2983
55197,223,469,1107,1,0,11200,0,0,0,7043781,7043781,2983
55212,223,506,1107,1,0,11200,0,0,0,7045595,7045595,2983
55227,223,570,1107,1,0,11200,0,0,0,7047597,7047597,2983
55243,223,640,1107,1,0,11200,0,0,0,7049549,7049549,2983
55258,223,687,1107,1,0,11200,0,0,0,7051100,7051100,2983
55273,223,731,1107,1,0,11200,0,0,0,7052536,7052536,2983
55289,223,788,1107,1,0,11200,0,0,0,7054158,7054158,2983
55304,223,853,1107,1,0,11200,0,0,0,7055561,7055561,2983
55319,223,913,1107,1,0,11200,0,0,0,7057297,7057297,2983
55334,223,968,1107,1,0,11200,0,0,0,7059157,7059157,2983
55350,223,1023,1107,1,0,11200,0,0,0,7061059,7061059,2983
55365,224,1096,1107,1,0,11200,0,0,0,7062882,7062882,2983
55380,224,23,1107,1,0,11200,0,0,0,7064862,7064862,2983
55396,224,123,1107,1,0,11200,0,0,0,7066965,7066965,2983
55411,224,180,1107,1,0,11200,0,0,0,7069320,7069320,2983
55426,224,229,1107,1,0,11200,0,0,0,7071356,7071356,2983
55441,224,289,1107,1,0,11200,0,0,0,7073624,7073624,2983
55457,224,337,1107,1,0,11200,0,0,0,7075363,7075363,2983
55472,224,402,1107,1,0,11200,0,0,0,7077374,7077374,2983
55487,224,463,1107,1,0,11200,0,0,0,7079150,7079150,2983
55502,224,525,1107,1,0,11200,0,0,0,7081112,7081112,2983
55518,224,575,1107,1,0,11200,0,0,0,7082696,7082696,2983
55533,224,651,1107,1,0,11200,0,0,0,7084641,7084641,2983
55548,224,703,1107,1,0,11200,0,0,0,7086181,7086181,2983
55564,224,779,1107,1,0,11200,0,0,0,7088014,7088014,2983
55579,224,848,1107,1,0,11200,0,0,0,7089508,7089508,2983
55594,224,908,1107,1,0,11200,0,0,0,7091260,7091260,2983
55610,224,965,1107,1,0,11200,0,0,0,7093051,7093051,2983
55625,224,1024,1107,1,0,11200,0,0,0,7094804,7094804,2983
55640,225,1094,1108,2,0,11200,0,0,0,7096532,7096532,2983
55655,225,83,1108,2,0,11200,0,0,0,7098663,7098663,2983
55671,225,152,1108,2,0,11200,0,0,0,7100880,7100880,2983
55686,225,200,1108,2,0,11200,0,0,0,7103005,7103005,2983
55701,225,264,1108,2,0,11200,0,0,0,7105300,7105300,2983
55716,225,307,1108,2,0,11200,0,0,0,7107166,7107166,2983
55731,225,385,1108,2,0,11200,0,0,0,7109155,7109155,2983
55749,225,457,1108,2,0,11200,0,0,0,7110928,7110928,2983
55764,225,508,1108,2,0,11200,0,0,0,7112829,7112829,2983
55781,225,555,1108,2,0,11200,0,0,0,7114829,7114829,2983
55796,225,649,1108,2,0,11200,0,0,0,7116748,7116748,2983
55812,225,712,1108,2,0,11200,0,0,0,7118789,7118789,2983
55828,225,771,1108,2,0,11200,0,0,0,7120521,7120521,2983
55844,225,832,1108,2,0,11200,0,0,0,7122000,7122000,2983
55859,225,903,1108,2,0,11200,0,0,0,7124294,7124294,2983
55875,225,953,1108,2,0,11200,0,0,0,7125874,7125874,2983
55890,225,1021,1108,2,0,11200,0,0,0,7127866,7127866,2983
55906,226,1096,1108,2,0,11200,0,0,0,7129834,7129834,2983
55921,226,44,1108,2,0,11200,0,0,0,7132162,7132162,2983
55936,226,128,1108,2,0,11200,0,0,0,7134403,7134403,2983
55952,226,185,1108,2,0,11200,0,0,0,7136807,7136807,2983
55967,226,232,1108,2,0,11200,0,0,0,7138940,7138940,2983
55982,226,289,1108,2,0,11200,0,0,0,7141049,7141049,2983
55998,226,365,1108,2,0,11200,0,0,0,7143097,7143097,2983
56013,226,446,1108,2,0,11200,0,0,0,7145118,7145118,2983
56028,226,504,1108,2,0,11200,0,0,0,7146998,7146998,2983
56044,226,567,1108,2,0,11200,0,0,0,7148970,7148970,2983
56059,226,638,1108,2,0,11200,0,0,0,7150770,7150770,2983
56074,226,698,1108,2,0,11200,0,0,0,7152714,7152714,2983
56090,226,766,1108,2,0,11200,0,0,0,7154385,7154385,2983
56105,226,817,1108,2,0,11200,0,0,0,7156081,7156081,2983
56120,226,893,1108,2,0,11200,0,0,0,7158114,7158114,2983
56135,226,962,1108,2,0,11200,0,0,0,7159814,7159814,2983
56150,226,1024,1108,2,0,11200,0,0,0,7161811,7161811,2983
56166,227,1094,1108,2,0,11200,0,0,0,7163672,7163672,2983
56181,227,39,1108,2,0,11200,0,0,0,7165861,7165861,2983
56196,227,136,1108,2,0,11200,0,0,0,7168221,7168221,2983
56212,227,189,1108,2,0,11200,0,0,0,7170565,7170565,2983
56227,227,234,1108,2,0,11200,0,0,0,7172655,7172655,2983
56243,227,288,1108,2,0,11200,0,0,0,7174895,7174895,2983
56258,227,355,1108,2,0,11200,0,0,0,7177021,7177021,2983
56273,227,442,1108,2,0,11200,0,0,0,7179094,7179094,2983
56289,227,501,1108,2,0,11200,0,0,0,7181122,7181122,2983
56304,227,547,1108,2,0,11200,0,0,0,7182883,7182883,2983
56319,227,634,1108,2,0,11200,0,0,0,7184709,7184709,2983
56335,227,696,1108,2,0,11200,0,0,0,7186895,7186895,2983
56350,227,765,1108,2,0,11200,0,0,0,7188500,7188500,2983
56365,227,800,1108,2,0,11200,0,0,0,7189923,7189923,2983
56380,227,873,1108,2,0,11200,0,0,0,7191725,7191725,2983
56395,227,945,1108,2,0,11200,0,0,0,7193528,7193528,2983
56411,227,1002,1108,2,0,11200,0,0,0,7195421,7195421,2983
56427,228,1069,1109,3,0,11200,0,0,0,7197228,7197228,2984
56442,228,2,1109,2,0,11200,0,0,0,7198929,7198929,2984
56457,228,95,1109,2,0,11200,0,0,0,7201298,7201298,2984
56472,228,161,1109,2,0,11200,0,0,0,7203666,7203666,2984
56487,228,217,1109,2,0,11200,0,0,0,7205985,7205985,2984
56503,228,269,1109,2,0,11200,0,0,0,7207949,7207949,2984
56518,228,325,1109,2,0,11200,0,0,0,7210003,7210003,2984
56533,228,402,1109,2,0,11200,0,0,0,7212023,7212023,2984
56548,228,483,1109,2,0,11200,0,0,0,7214031,7214031,2984
56563,228,525,1109,2,0,11200,0,0,0,7215728,7215728,2984
56579,228,583,1109,2,0,11200,0,0,0,7217452,7217452,2984
56594,228,658,1109,2,0,11200,0,0,0,7219465,7219465,2984
56609,228,704,1109,2,0,11200,0,0,0,7221092,7221092,2984
56625,228,766,1109,2,0,11200,0,0,0,7222724,7222724,2984
56640,228,818,1109,2,0,11200,0,0,0,7224323,7224323,2984
56656,228,891,1109,2,0,11200,0,0,0,7226074,7226074,2984
56671,228,969,1109,2,0,11200,0,0,0,7227896,7227896,2984
56686,229,1038,1109,2,0,11200,0,0,0,7230003,7230003,2984
56702,229,1104,1109,2,0,11200,0,0,0,7231691,7231691,2984
56717,229,88,1109,2,0,11200,0,0,0,7234044,7234044,2984
56732,229,154,1109,2,0,11200,0,0,0,7236331,7236331,2984
56748,229,200,1109,2,0,11200,0,0,0,7238367,7238367,2984
56763,229,255,1109,2,0,11200,0,0,0,7240573,7240573,2984
56778,229,308,1109,2,0,11200,0,0,0,7242531,7242531,2984
56794,229,377,1109,2,0,11200,0,0,0,7244589,7244589,2984
56809,229,435,1109,2,0,11200,0,0,0,7246509,7246509,2984
56824,229,484,1109,2,0,11200,0,0,0,7248115,7248115,2984
56839,229,547,1109,2,0,11200,0,0,0,7250069,7250069,2984
56854,229,607,1109,2,0,11200,0,0,0,7251723,7251723,2984
56870,229,652,1109,2,0,11200,0,0,0,7253160,7253160,2984
56885,229,702,1109,2,0,11200,0,0,0,7255066,7255066,2984
56900,229,752,1109,2,0,11200,0,0,0,7256613,7256613,2984
56916,229,805,1109,2,0,11200,0,0,0,7257909,7257909,2984
56931,229,877,1109,2,0,11200,0,0,0,7259868,7259868,2984
56946,229,964,1109,2,0,11200,0,0,0,7261884,7261884,2984
56962,230,1040,1109,2,0,11200,0,0,0,7263992,7263992,2984
56977,230,1,1109,2,0,11200,0,0,0,7265963,7265963,2984
56992,230,73,1109,2,0,11200,0,0,0,7268350,7268350,2984
57007,230,136,1109,2,0,11200,0,0,0,7270435,7270435,2984
57022,230,196,1109,2,0,11200,0,0,0,7272827,7272827,2984
57037,230,242,1109,2,0,11200,0,0,0,7274950,7274950,2984
57053,230,297,1109,2,0,11200,0,0,0,7277015,7277015,2984
57068,230,345,1109,2,0,11200,0,0,0,7278972,7278972,2984
57084,230,441,1109,2,0,11200,0,0,0,7281222,7281222,2984
57099,230,503,1109,2,0,11200,0,0,0,7283350,7283350,2984
57114,230,573,1109,2,0,11200,0,0,0,7285491,7285491,2984
57129,230,640,1109,2,0,11200,0,0,0,7287155,7287155,2984
57144,230,694,1109,2,0,11200,0,0,0,7288947,7288947,2984
57160,230,747,1109,2,0,11200,0,0,0,7290542,7290542,2984
57175,230,788,1109,2,0,11200,0,0,0,7292165,7292165,2984
57190,230,831,1109,2,0,11200,0,0,0,7293240,7293240,2984
57205,230,901,1110,3,0,11200,0,0,0,7295170,7295170,2984
57220,230,971,1110,3,0,11200,0,0,0,7297149,7297149,2984
57235,230,1033,1110,3,0,11200,0,0,0,7299190,7299190,2984
57251,231,1098,1110,3,0,11200,0,0,0,7300909,7300909,2984
57266,231,65,1110,3,0,11200,0,0,0,7302975,7302975,2984
57281,231,134,1110,3,0,11200,0,0,0,7305078,7305078,2984
57296,231,186,1110,3,0,11200,0,0,0,7307467,7307467,2984
57311,231,225,1110,3,0,11200,0,0,0,7309314,7309314,2984
57326,231,278,1110,3,0,11200,0,0,0,7311540,7311540,2984
57342,231,336,1110,3,0,11200,0,0,0,7313452,7313452,2984
57358,231,405,1110,3,0,11200,0,0,0,7315551,7315551,2984
57373,231,469,1110,3,0,11200,0,0,0,7317146,7317146,2984
57388,231,523,1110,3,0,11200,0,0,0,7318721,7318721,2984
57403,231,558,1110,3,0,11200,0,0,0,7320028,7320028,2984
57419,231,633,1110,3,0,11200,0,0,0,7321814,7321814,2984
57434,231,703,1110,3,0,11200,0,0,0,7323811,7323811,2984
57450,231,766,1110,3,0,11200,0,0,0,7325520,7325520,2984
57465,231,797,1110,3,0,11200,0,0,0,7326891,7326891,2984
57480,231,856,1110,3,0,11200,0,0,0,7328337,7328337,2984
57496,231,928,1110,3,0,11200,0,0,0,7330110,7330110,2984
57511,231,993,1110,3,0,11200,0,0,0,7332019,7332019,2984
57527,232,1051,1110,3,0,11200,0,0,0,7333954,7333954,2984
57543,232,1103,1110,3,0,11200,0,0,0,7335698,7335698,2984
57558,232,78,1110,3,0,11200,0,0,0,7337987,7337987,2984
57573,232,139,1110,3,0,11200,0,0,0,7340141,7340141,2984
57589,232,208,1110,3,0,11200,0,0,0,7342503,7342503,2984
57604,232,255,1110,3,0,11200,0,0,0,7344550,7344550,2984
57619,232,311,1110,3,0,11200,0,0,0,7346567,7346567,2984
57634,232,384,1110,3,0,11200,0,0,0,7348557,7348557,2984
57650,232,452,1110,3,0,11200,0,0,0,7350256,7350256,2984
57665,232,510,1110,3,0,11200,0,0,0,7352113,7352113,2984
57680,232,572,1110,3,0,11200,0,0,0,7354233,7354233,2984
57695,232,649,1110,3,0,11200,0,0,0,7355964,7355964,2984
57710,232,685,1110,3,0,11200,0,0,0,7357564,7357564,2984
57726,232,747,1110,3,0,11200,0,0,0,7359180,7359180,2984
57741,232,797,1110,3,0,11200,0,0,0,7360395,7360395,2984
57756,232,861,1110,3,0,11200,0,0,0,7361997,7361997,2984
57771,232,928,1110,3,0,11200,0,0,0,7363734,7363734,2984
57787,232,985,1110,3,0,11200,0,0,0,7365671,7365671,2984
57802,233,1057,1110,3,0,11200,0,0,0,7367680,7367680,2984
57818,233,1104,1110,3,0,11200,0,0,0,7369304,7369304,2984
57833,233,90,1110,3,0,11200,0,0,0,7371622,7371622,2984
57848,233,161,1110,3,0,11200,0,0,0,7373898,7373898,2984
57864,233,215,1110,3,0,11200,0,0,0,7375892,7375892,2984
57879,233,268,1110,3,0,11200,0,0,0,7377863,7377863,2984
57894,233,322,1110,3,0,11200,0,0,0,7379651,7379651,2984
57910,233,384,1110,3,0,11200,0,0,0,7381745,7381745,2984
57925,233,478,1110,3,0,11200,0,0,0,7383826,7383826,2984
57940,233,525,1110,3,0,11200,0,0,0,7385817,7385817,2984
57955,233,581,1110,3,0,11200,0,0,0,7387472,7387472,2984
57971,233,651,1110,3,0,11200,0,0,0,7389414,7389414,2984
57986,233,707,1110,3,0,11200,0,0,0,7390956,7390956,2984
58001,233,751,1110,3,0,11200,0,0,0,7392401,7392401,2984
58016,233,810,1110,3,0,11200,0,0,0,7393807,7393807,2984
58032,233,876,1110,3,0,11200,0,0,0,7395595,7395595,2984
58047,233,938,1110,3,0,11200,0,0,0,7397239,7397239,2984
58062,233,990,1110,3,0,11200,0,0,0,7399089,7399089,2984
58077,234,1049,1110,3,0,11200,0,0,0,7401083,7401083,2984
58093,234,1106,1110,3,0,11200,0,0,0,7402553,7402553,2984
58108,234,78,1110,3,0,11200,0,0,0,7404613,7404613,2984
58123,234,135,1110,3,0,11200,0,0,0,7406768,7406768,2984
58139,234,187,1110,3,0,11200,0,0,0,7409133,7409133,2984
58154,234,227,1110,3,0,11200,0,0,0,7410997,7410997,2984
58169,234,292,1110,3,0,11200,0,0,0,7413283,7413283,2984
58184,234,368,1110,3,0,11200,0,0,0,7415446,7415446,2984
58199,234,453,1110,3,0,11200,0,0,0,7417471,7417471,2984
58214,234,504,1110,3,0,11200,0,0,0,7419460,7419460,2984
58229,234,570,1110,3,0,11200,0,0,0,7421356,7421356,2984
58245,234,634,1110,3,0,11200,0,0,0,7423010,7423010,2984
58260,234,675,1110,3,0,11200,0,0,0,7424422,7424422,2984
58275,234,719,1110,3,0,11200,0,0,0,7426124,7426124,2984
58291,234,772,1110,3,0,11200,0,0,0,7427779,7427779,2984
58306,234,821,1110,3,0,11200,0,0,0,7429205,7429205,2984
58321,234,903,1110,3,0,11200,0,0,0,7431357,7431357,2984
58337,234,963,1110,3,0,11200,0,0,0,7433106,7433106,2984
58352,234,1015,1110,3,0,11200,0,0,0,7435120,7435120,2984
58368,235,1073,1110,3,0,11200,0,0,0,7436937,7436937,2984
58383,235,22,1110,2,0,11200,0,0,0,7438932,7438932,2984
58399,235,125,1110,2,0,11200,0,0,0,7441039,7441039,2984
58414,235,180,1110,2,0,11200,0,0,0,7443219,7443219,2984
58429,235,227,1110,2,0,11200,0,0,0,7445302,7445302,2984
58444,235,287,1110,2,0,11200,0,0,0,7447539,7447539,2984
58459,235,344,1110,2,0,11200,0,0,0,7449581,7449581,2984
58475,235,406,1110,2,0,11200,0,0,0,7451587,7451587,2984
58490,235,478,1110,2,0,11200,0,0,0,7453493,7453493,2984
58505,235,527,1110,2,0,11200,0,0,0,7455467,7455467,2984
58520,235,587,1110,2,0,11200,0,0,0,7457341,7457341,2984
58536,235,634,1110,2,0,11200,0,0,0,7458593,7458593,2984
58551,235,694,1110,2,0,11200,0,0,0,7460340,7460340,2984
58567,235,741,1110,2,0,11200,0,0,0,7461833,7461833,2984
58582,235,775,1110,2,0,11200,0,0,0,7463500,7463500,2984
58598,235,829,1110,2,0,11200,0,0,0,7465106,7465106,2984
58613,235,904,1110,2,0,11200,0,0,0,7466861,7466861,2984
58628,235,963,1110,2,0,11200,0,0,0,7468628,7468628,2984
58643,235,1018,1110,2,0,11200,0,0,0,7470554,7470554,2984
58659,236,1083,1110,2,0,11200,0,0,0,7472221,7472221,2984
58674,236,24,1110,1,0,11200,0,0,0,7474143,7474143,2984
58689,236,128,1110,1,0,11200,0,0,0,7476471,7476471,2984
58704,236,179,1110,1,0,11200,0,0,0,7478745,7478745,2984
58719,236,224,1110,1,0,11200,0,0,0,7480821,7480821,2984
58735,236,279,1110,1,0,11200,0,0,0,7482969,7482969,2984
58750,236,355,1110,1,0,11200,0,0,0,7485209,7485209,2984
58765,236,448,1110,1,0,11200,0,0,0,7487157,7487157,2984
58781,236,503,1110,1,0,11200,0,0,0,7488953,7488953,2984
58797,236,556,1110,1,0,11200,0,0,0,7490968,7490968,2984
58812,236,613,1110,1,0,11200,0,0,0,7492274,7492274,2984
58828,236,669,1110,1,0,11200,0,0,0,7494067,7494067,2984
58843,236,716,1110,1,0,11200,0,0,0,7495720,7495720,2984
58859,236,772,1110,1,0,11200,0,0,0,7497217,7497217,2984
58874,236,845,1110,1,0,11200,0,0,0,7498831,7498831,2984
58891,236,915,1110,1,0,11200,0,0,0,7500379,7500379,2984
58906,236,986,1110,1,0,11200,0,0,0,7502273,7502273,2984
58922,237,1051,1110,1,0,11200,0,0,0,7504237,7504237,2984
58937,237,3,1110,1,0,11200,0,0,0,7506044,7506044,2984
58953,237,94,1110,1,0,11200,0,0,0,7508341,7508341,2984
58968,237,153,1110,1,0,11200,0,0,0,7510629,7510629,2984
58983,237,204,1110,1,0,11200,0,0,0,7512910,7512910,2984
58998,237,245,1110,1,0,11200,0,0,0,7514991,7514991,2984
59013,237,305,1110,1,0,11200,0,0,0,7517058,7517058,2984
59029,237,384,1110,1,0,11200,0,0,0,7519334,7519334,2984
59045,237,457,1110,1,0,11200,0,0,0,7521282,7521282,2984
59060,237,508,1110,1,0,11200,0,0,0,7523238,7523238,2984
59077,237,556,1110,1,0,11200,0,0,0,7525123,7525123,2984
59092,237,621,1110,1,0,11200,0,0,0,7526579,7526579,2984
59108,237,680,1110,1,0,11200,0,0,0,7528372,7528372,2984
59123,237,722,1110,1,0,11200,0,0,0,7529885,7529885,2984
59138,237,773,1110,1,0,11200,0,0,0,7531288,7531288,2984
59153,237,840,1110,1,0,11200,0,0,0,7533011,7533011,2984
59168,237,904,1110,1,0,11200,0,0,0,7534658,7534658,2984
59183,237,966,1110,1,0,11200,0,0,0,7536613,7536613,2984
59199,237,1023,1110,1,0,11200,0,0,0,7538665,7538665,2984
59214,238,1074,1110,1,0,11200,0,0,0,7540237,7540237,2984
59229,238,28,1110,1,0,11200,0,0,0,7542515,7542515,2984
59245,238,120,1110,1,0,11200,0,0,0,7544722,7544722,2984
59260,238,169,1110,1,0,11200,0,0,0,7546928,7546928,2984
59275,238,218,1110,1,0,11200,0,0,0,7549238,7549238,2984
59291,238,269,1110,1,0,11200,0,0,0,7551478,7551478,2984
59306,238,324,1110,1,0,11200,0,0,0,7553652,7553652,2984
59321,238,403,1110,1,0,11200,0,0,0,7555947,7555947,2984
59336,238,469,1110,1,0,11200,0,0,0,7557781,7557781,2984
59351,238,514,1110,1,0,11200,0,0,0,7559563,7559563,2984
59367,238,581,1110,1,0,11200,0,0,0,7561503,7561503,2984
59382,238,659,1110,1,0,11200,0,0,0,7563550,7563550,2984
59397,238,714,1110,1,0,11200,0,0,0,7565216,7565216,2984
59412,238,774,1110,1,0,11200,0,0,0,7566757,7566757,2984
59429,238,826,1110,1,0,11200,0,0,0,7568204,7568204,2984
59444,238,896,1110,1,0,11200,0,0,0,7570061,7570061,2984
59460,238,955,1110,1,0,11200,0,0,0,7571573,7571573,2984
59475,238,1003,1110,1,0,11200,0,0,0,7573530,7573530,2984
59490,239,1069,1110,1,0,11200,0,0,0,7575424,7575424,2984
59506,239,17,1110,0,0,11200,0,0,0,7577365,7577365,2984
59521,239,120,1110,0,0,11200,0,0,0,7579683,7579683,2984
59537,239,181,1110,0,0,11200,0,0,0,7582142,7582142,2984
59552,239,229,1110,0,0,11200,0,0,0,7584553,7584553,2984
59567,239,289,1110,0,0,11200,0,0,0,7586775,7586775,2984
59583,239,363,1110,0,0,11200,0,0,0,7588944,7588944,2984
59599,239,446,1110,0,0,11200,0,0,0,7591005,7591005,2984
59614,239,502,1110,0,0,11200,0,0,0,7592933,7592933,2984
59629,239,558,1110,0,0,11200,0,0,0,7594737,7594737,2984
59644,239,646,1110,0,0,11200,0,0,0,7596835,7596835,2984
59660,239,695,1110,0,0,11200,0,0,0,7598605,7598605,2984
59675,239,746,1110,0,0,11200,0,0,0,7600092,7600092,2984
59690,239,780,1110,0,0,11200,0,0,0,7601356,7601356,2984
59706,239,840,1110,0,0,11200,0,0,0,7603043,7603043,2984
59721,239,881,1110,0,0,11200,0,0,0,7604546,7604546,2984
59737,239,927,1110,0,0,11200,0,0,0,7605985,7605985,2984
59752,239,1002,1110,0,0,11200,0,0,0,7607933,7607933,2984
59767,240,1060,1110,0,0,11200,0,0,0,7609712,7609712,2984
59782,240,13,1110,0,0,11200,0,0,0,7611728,7611728,2984
59797,240,116,1110,0,0,11200,0,0,0,7614091,7614091,2984
59813,240,178,1110,0,0,11200,0,0,0,7616462,7616462,2984
59828,240,232,1110,0,0,11200,0,0,0,7618737,7618737,2984
59843,240,287,1110,0,0,11200,0,0,0,7620791,7620791,2984
59859,240,336,1110,0,0,11200,0,0,0,7622687,7622687,2984
59874,240,398,1110,0,0,11200,0,0,0,7624677,7624677,2984
59889,240,469,1110,0,0,11200,0,0,0,7626662,7626662,2984
59904,240,524,1110,0,0,11200,0,0,0,7628665,7628665,2984
59919,240,609,1110,0,0,11200,0,0,0,7630737,7630737,2984
59935,240,669,1110,0,0,11200,0,0,0,7632359,7632359,2984
59950,240,716,1110,0,0,11200,0,0,0,7633757,7633757,2984
59966,240,774,1110,0,0,11200,0,0,0,7635175,7635175,2984
59981,240,830,1110,0,0,11200,0,0,0,7636716,7636716,2984
59997,240,904,1110,0,0,11200,0,0,0,7638546,7638546,2984
60012,240,972,1110,0,0,11200,0,0,0,7640464,7640464,2984
60028,241,1039,1110,0,0,11200,0,0,0,7642396,7642396,2984
60043,241,1099,1110,0,0,11200,0,0,0,7644342,7644342,2984
60058,241,58,1110,0,0,11200,0,0,0,7646453,7646453,2984
60073,241,136,1110,0,0,11200,0,0,0,7648754,7648754,2984
60088,241,205,1110,0,0,11200,0,0,0,7651050,7651050,2984
60104,241,249,1110,0,0,11200,0,0,0,7653063,7653063,2984
60119,241,322,1110,0,0,11200,0,0,0,7655135,7655135,2984
60135,241,398,1110,0,0,11200,0,0,0,7657224,7657224,2984
60150,241,448,1110,0,0,11200,0,0,0,7658998,7658998,2984
60165,241,506,1110,0,0,11200,0,0,0,7660870,7660870,2984
60180,241,560,1110,0,0,11200,0,0,0,7662757,7662757,2984
60196,241,633,1110,0,0,11200,0,0,0,7664560,7664560,2984
60212,241,685,1110,0,0,11200,0,0,0,7666352,7666352,2984
60228,241,723,1110,0,0,11200,0,0,0,7667818,7667818,2984
60245,241,780,1110,0,0,11200,0,0,0,7669325,7669325,2984
60260,241,832,1110,0,0,11200,0,0,0,7670347,7670347,2984
60275,241,901,1110,0,0,11200,0,0,0,7672097,7672097,2984
60290,241,966,1110,0,0,11200,0,0,0,7673853,7673853,2984
60306,241,1028,1110,0,0,11200,0,0,0,7676117,7676117,2984
60322,242,1103,1110,0,0,11200,0,0,0,7677658,7677658,2984
60338,242,84,1110,0,0,11200,0,0,0,7679879,7679879,2984
60353,242,153,1110,0,0,11200,0,0,0,7682254,7682254,2984
60368,242,216,1110,0,0,11200,0,0,0,7684501,7684501,2984
60383,242,270,1110,0,0,11200,0,0,0,7686691,7686691,2984
60398,242,344,1110,0,0,11200,0,0,0,7688595,7688595,2984
60414,242,413,1110,0,0,11200,0,0,0,7690665,7690665,2984
60429,242,477,1110,0,0,11200,0,0,0,7692647,7692647,2984
60445,242,530,1110,0,0,11200,0,0,0,7694461,7694461,2984
60460,242,629,1110,0,0,11200,0,0,0,7696570,7696570,2984
60476,242,686,1110,0,0,11200,0,0,0,7698379,7698379,2984
60492,242,745,1110,0,0,11200,0,0,0,7699746,7699746,2984
60507,242,787,1110,0,0,11200,0,0,0,7701144,7701144,2984
60522,242,873,1110,0,0,11200,0,0,0,7702969,7702969,2984
60538,242,943,1110,0,0,11200,0,0,0,7704830,7704830,2984
60553,242,993,1110,0,0,11200,0,0,0,7706797,7706797,2984
60569,243,1051,1110,0,0,11200,0,0,0,7708627,7708627,2984
60584,243,1,1110,0,0,11200,0,0,0,7710570,7710570,2984
60600,243,83,1110,0,0,11200,0,0,0,7713012,7713012,2984
60615,243,154,1110,0,0,11200,0,0,0,7715457,7715457,2984
60630,243,213,1110,0,0,11200,0,0,0,7717874,7717874,2984
60646,243,273,1110,0,0,11200,0,0,0,7720149,7720149,2984
60661,243,331,1110,0,0,11200,0,0,0,7722249,7722249,2984
60676,243,391,1110,0,0,11200,0,0,0,7724091,7724091,2984
60691,243,463,1110,0,0,11200,0,0,0,7726033,7726033,2984
60707,243,516,1110,0,0,11200,0,0,0,7727955,7727955,2984
60722,243,570,1110,0,0,11200,0,0,0,7729515,7729515,2984
60737,243,651,1110,0,0,11200,0,0,0,7731431,7731431,2984
60753,243,714,1110,0,0,11200,0,0,0,7733190,7733190,2984
60768,243,774,1110,0,0,11200,0,0,0,7734863,7734863,2984
60783,243,826,1110,0,0,11200,0,0,0,7736362,7736362,2984
60799,243,892,1110,0,0,11200,0,0,0,7738327,7738327,2984
60814,243,959,1111,1,0,11200,0,0,0,7740067,7740067,2984
60830,243,1015,1111,1,0,11200,0,0,0,7741985,7741985,2984
60845,244,1078,1111,1,0,11200,0,0,0,7743867,7743867,2984
60860,244,31,1111,0,0,11200,0,0,0,7746006,7746006,2984
60875,244,133,1111,0,0,11200,0,0,0,7748244,7748244,2984
60890,244,190,1111,0,0,11200,0,0,0,7750598,7750598,2984
60906,244,232,1111,0,0,11200,0,0,0,7752577,7752577,2984
60921,244,294,1111,0,0,11200,0,0,0,7754800,7754800,2984
60936,244,365,1111,0,0,11200,0,0,0,7756874,7756874,2984
60952,244,446,1111,0,0,11200,0,0,0,7758944,7758944,2984
60967,244,502,1111,0,0,11200,0,0,0,7760895,7760895,2984
60982,244,572,1111,0,0,11200,0,0,0,7762952,7762952,2984
60997,244,634,1111,0,0,11200,0,0,0,7764670,7764670,2984
61013,244,694,1111,0,0,11200,0,0,0,7766105,7766105,2984
61028,244,746,1111,0,0,11200,0,0,0,7767638,7767638,2984
61043,244,805,1111,0,0,11200,0,0,0,7769265,7769265,2984
61058,244,876,1111,0,0,11200,0,0,0,7771174,7771174,2984
61074,244,945,1111,0,0,11200,0,0,0,7772896,7772896,2984
61089,244,1002,1111,0,0,11200,0,0,0,7774823,7774823,2984
61104,245,1065,1111,0,0,11200,0,0,0,7776782,7776782,2984
61120,245,25,1111,0,0,11200,0,0,0,7778967,7778967,2984
61135,245,132,1111,0,0,11200,0,0,0,7781343,7781343,2984
61151,245,184,1111,0,0,11200,0,0,0,7783700,7783700,2984
61166,245,234,1111,0,0,11200,0,0,0,7785829,7785829,2984
61182,245,311,1111,0,0,11200,0,0,0,7787881,7787881,2984
61197,245,368,1111,0,0,11200,0,0,0,7789940,7789940,2984
61212,245,440,1111,0,0,11200,0,0,0,7791939,7791939,2984
61228,245,493,1111,0,0,11200,0,0,0,7793862,7793862,2984
61243,245,547,1111,0,0,11200,0,0,0,7795791,7795791,2984
61258,245,608,1111,0,0,11200,0,0,0,7797343,7797343,2984
61274,245,676,1111,0,0,11200,0,0,0,7799113,7799113,2984
61289,245,739,1111,0,0,11200,0,0,0,7800712,7800712,2984
61305,245,785,1111,0,0,11200,0,0,0,7802402,7802402,2984
61320,245,841,1111,0,0,11200,0,0,0,7803846,7803846,2984
61336,245,915,1111,0,0,11200,0,0,0,7805693,7805693,2984
61352,245,980,1111,0,0,11200,0,0,0,7807642,7807642,2984
61367,245,1028,1112,1,0,11200,0,0,0,7809657,7809657,2985
61382,246,1103,1112,1,0,11200,0,0,0,7811473,7811473,2985
61398,246,84,1112,0,0,11200,0,0,0,7813807,7813807,2985
61413,246,155,1112,0,0,11200,0,0,0,7815805,7815805,2985
61428,246,223,1112,0,0,11200,0,0,0,7818063,7818063,2985
61443,246,271,1112,0,0,11200,0,0,0,7820087,7820087,2985
61459,246,330,1112,0,0,11200,0,0,0,7822016,7822016,2985
61475,246,405,1112,0,0,11200,0,0,0,7824057,7824057,2985
61490,246,473,1112,0,0,11200,0,0,0,7826005,7826005,2985
61506,246,514,1112,0,0,11200,0,0,0,7827803,7827803,2985
61521,246,556,1112,0,0,11200,0,0,0,7829706,7829706,2985
61536,246,633,1112,0,0,11200,0,0,0,7831445,7831445,2985
61551,246,706,1112,0,0,11200,0,0,0,7833464,7833464,2985
61566,246,773,1112,0,0,11200,0,0,0,7834981,7834981,2985
61581,246,832,1112,0,0,11200,0,0,0,7836626,7836626,2985
61597,246,903,1112,0,0,11200,0,0,0,7838586,7838586,2985
61612,246,963,1112,0,0,11200,0,0,0,7840477,7840477,2985
61628,246,1022,1112,0,0,11200,0,0,0,7842587,7842587,2985
61643,247,1083,1113,1,0,11200,0,0,0,7844403,7844403,2987
61658,247,18,1113,0,0,11200,0,0,0,7846440,7846440,2987
61673,247,105,1113,0,0,11200,0,0,0,7848616,7848616,2987
61689,247,165,1113,0,0,11200,0,0,0,7851071,7851071,2987
61704,247,216,1113,0,0,11200,0,0,0,7853107,7853107,2987
61720,247,268,1113,0,0,11200,0,0,0,7855195,7855195,2987
61736,247,336,1113,0,0,11200,0,0,0,7857234,7857234,2987
61751,247,435,1113,0,0,11200,0,0,0,7859381,7859381,2987
61766,247,484,1113,0,0,11200,0,0,0,7861288,7861288,2987
61781,247,540,1113,0,0,11200,0,0,0,7863441,7863441,2987
61798,247,608,1113,0,0,11200,0,0,0,7865028,7865028,2987
61816,247,670,1113,0,0,11200,0,0,0,7867019,7867019,2987
61831,247,716,1113,0,0,11200,0,0,0,7868766,7868766,2987
61847,247,770,1113,0,0,11200,0,0,0,7870365,7870365,2987
61862,247,821,1113,0,0,11200,0,0,0,7871852,7871852,2987
61877,247,898,1113,0,0,11200,0,0,0,7873949,7873949,2987
61892,247,940,1113,0,0,11200,0,0,0,7875339,7875339,2987
61907,247,1005,1113,0,0,11200,0,0,0,7877238,7877238,2987
61922,248,1057,1113,0,0,11200,0,0,0,7878803,7878803,2987
61938,248,18,1113,0,0,11200,0,0,0,7880935,7880935,2987
61953,248,111,1113,0,0,11200,0,0,0,7883026,7883026,2987
61968,248,181,1113,0,0,11200,0,0,0,7885313,7885313,2987
61983,248,224,1113,0,0,11200,0,0,0,7887234,7887234,2987
61998,248,287,1113,0,0,11200,0,0,0,7889490,7889490,2987
62014,248,338,1113,0,0,11200,0,0,0,7891653,7891653,2987
62029,248,433,1113,0,0,11200,0,0,0,7893617,7893617,2987
62044,248,492,1113,0,0,11200,0,0,0,7895435,7895435,2987
62059,248,549,1113,0,0,11200,0,0,0,7897547,7897547,2987
62075,248,607,1113,0,0,11200,0,0,0,7899083,7899083,2987
62090,248,655,1113,0,0,11200,0,0,0,7900516,7900516,2987
62105,248,702,1113,0,0,11200,0,0,0,7902129,7902129,2987
62121,248,752,1113,0,0,11200,0,0,0,7903733,7903733,2987
62136,248,820,1113,0,0,11200,0,0,0,7905465,7905465,2987
62152,248,881,1113,0,0,11200,0,0,0,7907370,7907370,2987
62167,248,918,1113,0,0,11200,0,0,0,7908408,7908408,2987
62182,248,974,1113,0,0,11200,0,0,0,7910188,7910188,2987
62198,249,1049,1114,1,0,11200,0,0,0,7912214,7912214,2988
62216,249,1103,1114,1,0,11200,0,0,0,7913867,7913867,2988
62231,249,63,1114,0,0,11200,0,0,0,7916177,7916177,2988
62247,249,128,1114,0,0,11200,0,0,0,7918277,7918277,2988
62262,249,186,1114,0,0,11200,0,0,0,7920669,7920669,2988
62278,249,238,1114,0,0,11200,0,0,0,7922608,7922608,2988
62293,249,294,1114,0,0,11200,0,0,0,7924707,7924707,2988
62308,249,356,1114,0,0,11200,0,0,0,7926663,7926663,2988
62324,249,440,1114,0,0,11200,0,0,0,7928756,7928756,2988
62339,249,483,1114,0,0,11200,0,0,0,7930577,7930577,2988
62354,249,545,1114,0,0,11200,0,0,0,7932583,7932583,2988
62373,249,608,1114,0,0,11200,0,0,0,7934035,7934035,2988
62390,249,670,1114,0,0,11200,0,0,0,7935657,7935657,2988
62405,249,716,1114,0,0,11200,0,0,0,7937221,7937221,2988
62420,249,766,1114,0,0,11200,0,0,0,7938759,7938759,2988
62436,249,797,1114,0,0,11200,0,0,0,7940094,7940094,2988
62452,249,875,1114,0,0,11200,0,0,0,7941597,7941597,2988
62467,249,935,1114,0,0,11200,0,0,0,7943109,7943109,2988
62482,249,987,1114,0,0,11200,0,0,0,7944979,7944979,2988
62498,250,1049,1114,0,0,11200,0,0,0,7946908,7946908,2988
62514,250,1112,1114,0,0,11200,0,0,0,7948662,7948662,2988
62529,250,88,1114,0,0,11200,0,0,0,7951036,7951036,2988
62544,250,156,1114,0,0,11200,0,0,0,7953337,7953337,2988
62560,250,209,1114,0,0,11200,0,0,0,7955511,7955511,2988
62575,250,256,1114,0,0,11200,0,0,0,7957670,7957670,2988
62590,250,322,1114,0,0,11200,0,0,0,7959698,7959698,2988
62606,250,403,1114,0,0,11200,0,0,0,7961813,7961813,2988
62622,250,479,1114,0,0,11200,0,0,0,7963927,7963927,2988
62637,250,534,1114,0,0,11200,0,0,0,7965829,7965829,2988
62652,250,609,1114,0,0,11200,0,0,0,7967734,7967734,2988
62669,250,670,1114,0,0,11200,0,0,0,7969543,7969543,2988
62685,250,712,1114,0,0,11200,0,0,0,7971143,7971143,2988
62700,250,770,1114,0,0,11200,0,0,0,7972641,7972641,2988
62717,250,805,1114,0,0,11200,0,0,0,7973652,7973652,2988
62732,250,879,1114,0,0,11200,0,0,0,7975676,7975676,2988
62747,250,966,1114,0,0,11200,0,0,0,7977648,7977648,2988
62763,250,1018,1114,0,0,11200,0,0,0,7979446,7979446,2988
62778,251,1083,1114,0,0,11200,0,0,0,7981306,7981306,2988
62793,251,19,1114,0,0,11200,0,0,0,7983579,7983579,2988
62808,251,118,1114,0,0,11200,0,0,0,7985871,7985871,2988
62824,251,178,1114,0,0,11200,0,0,0,7988305,7988305,2988
62839,251,222,1114,0,0,11200,0,0,0,7990505,7990505,2988
62854,251,287,1114,0,0,11200,0,0,0,7992786,7992786,2988
62870,251,344,1114,0,0,11200,0,0,0,7994838,7994838,2988
62885,251,408,1114,0,0,11200,0,0,0,7996816,7996816,2988
62901,251,479,1114,0,0,11200,0,0,0,7998383,7998383,2988
62916,251,532,1114,0,0,11200,0,0,0,8000373,8000373,2988
62931,251,613,1114,0,0,11200,0,0,0,8002493,8002493,2988
62946,251,676,1114,0,0,11200,0,0,0,8004214,8004214,2988
62962,251,716,1114,0,0,11200,0,0,0,8005530,8005530,2988
62978,251,770,1114,0,0,11200,0,0,0,8007205,8007205,2988
62994,251,828,1114,0,0,11200,0,0,0,8009017,8009017,2988
63009,251,910,1114,0,0,11200,0,0,0,8010964,8010964,2988
63024,251,969,1114,0,0,11200,0,0,0,8012687,8012687,2988
63039,251,1028,1114,0,0,11200,0,0,0,8014654,8014654,2988
63055,252,1104,1115,1,0,11200,0,0,0,8016497,8016497,2988
63070,252,65,1115,0,0,11200,0,0,0,8018992,8018992,2988
63085,252,147,1115,0,0,11200,0,0,0,8021320,8021320,2988
63100,252,194,1115,0,0,11200,0,0,0,8023625,8023625,2988
63116,252,242,1115,0,0,11200,0,0,0,8025765,8025765,2988
63131,252,311,1115,0,0,11200,0,0,0,8027866,8027866,2988
63147,252,384,1115,0,0,11200,0,0,0,8029871,8029871,2988
63162,252,466,1115,0,0,11200,0,0,0,8031757,8031757,2988
63177,252,510,1115,0,0,11200,0,0,0,8033581,8033581,2988
63192,252,573,1115,0,0,11200,0,0,0,8035619,8035619,2988
63208,252,645,1115,0,0,11200,0,0,0,8037473,8037473,2988
63223,252,702,1115,0,0,11200,0,0,0,8039338,8039338,2988
63238,252,766,1115,0,0,11200,0,0,0,8040852,8040852,2988
63254,252,838,1115,0,0,11200,0,0,0,8042660,8042660,2988
63269,252,908,1115,0,0,11200,0,0,0,8044591,8044591,2988
63285,252,972,1115,0,0,11200,0,0,0,8046478,8046478,2988
63300,253,1048,1115,0,0,11200,0,0,0,8048526,8048526,2988
63317,253,1103,1115,0,0,11200,0,0,0,8050110,8050110,2988
63333,253,65,1115,0,0,11200,0,0,0,8052539,8052539,2988
63349,253,137,1115,0,0,11200,0,0,0,8055031,8055031,2988
63364,253,188,1115,0,0,11200,0,0,0,8057371,8057371,2988
63379,253,238,1115,0,0,11200,0,0,0,8059502,8059502,2988
63395,253,302,1115,0,0,11200,0,0,0,8061765,8061765,2988
63410,253,370,1115,0,0,11200,0,0,0,8063764,8063764,2988
63425,253,450,1115,0,0,11200,0,0,0,8065925,8065925,2988
63440,253,498,1115,0,0,11200,0,0,0,8067689,8067689,2988
63455,253,558,1115,0,0,11200,0,0,0,8069554,8069554,2988
63470,253,620,1115,0,0,11200,0,0,0,8071029,8071029,2988
63485,253,672,1115,0,0,11200,0,0,0,8072669,8072669,2988
63501,253,718,1115,0,0,11200,0,0,0,8074259,8074259,2988
63516,253,772,1115,0,0,11200,0,0,0,8075694,8075694,2988
63531,253,841,1115,0,0,11200,0,0,0,8077288,8077288,2988
63547,253,904,1116,1,0,11200,0,0,0,8079036,8079036,2988
63562,253,962,1116,1,0,11200,0,0,0,8080901,8080901,2988
63577,253,1018,1116,1,0,11200,0,0,0,8082896,8082896,2988
63593,254,1096,1116,1,0,11200,0,0,0,8085083,8085083,2988
63608,254,42,1116,0,0,11200,0,0,0,8087398,8087398,2988
63624,254,139,1116,0,0,11200,0,0,0,8089733,8089733,2988
63639,254,208,1116,0,0,11200,0,0,0,8092090,8092090,2988
63654,254,266,1116,0,0,11200,0,0,0,8094234,8094234,2988
63670,254,327,1116,0,0,11200,0,0,0,8096241,8096241,2988
63685,254,401,1117,1,0,11200,0,0,0,8098128,8098128,2988
63701,254,469,1117,1,0,11200,0,0,0,8100036,8100036,2988
63716,254,514,1117,1,0,11200,0,0,0,8101683,8101683,2988
63731,254,613,1117,1,0,11200,0,0,0,8103812,8103812,2988
63746,254,685,1117,1,0,11200,0,0,0,8105798,8105798,2988
63761,254,723,1117,1,0,11200,0,0,0,8107143,8107143,2988
63776,254,775,1117,1,0,11200,0,0,0,8108496,8108496,2988
63792,254,845,1117,1,0,11200,0,0,0,8109860,8109860,2988
63807,254,914,1117,1,0,11200,0,0,0,8111835,8111835,2988
63822,254,981,1117,1,0,11200,0,0,0,8113829,8113829,2988
63837,254,1033,1117,1,0,11200,0,0,0,8115816,8115816,2988
63853,255,1104,1117,1,0,11200,0,0,0,8117638,8117638,2988
63869,255,65,1118,0,0,11200,0,0,0,8120234,8120234,2988
63884,255,137,1118,0,0,11200,0,0,0,8122413,8122413,2988
63899,255,196,1118,0,0,11200,0,0,0,8124947,8124947,2988
63914,255,247,1118,0,0,11200,0,0,0,8127061,8127061,2988
63930,255,315,1118,0,0,11200,0,0,0,8129166,8129166,2988
63945,255,385,1118,0,0,11200,0,0,0,8131243,8131243,2988
63960,255,447,1118,0,0,11200,0,0,0,8133054,8133054,2988
63976,255,497,1118,0,0,11200,0,0,0,8135065,8135065,2988
63991,255,546,1118,0,0,11200,0,0,0,8136836,8136836,2988
64007,255,608,1118,0,0,11200,0,0,0,8138508,8138508,2988
64022,255,679,1118,0,0,11200,0,0,0,8140361,8140361,2988
64038,255,732,1118,0,0,11200,0,0,0,8142004,8142004,2988
64055,255,788,1118,0,0,11200,0,0,0,8143530,8143530,2988
64070,255,849,1118,0,0,11200,0,0,0,8144832,8144832,2988
64088,255,936,1118,0,0,11200,0,0,0,8146883,8146883,2988
64103,255,995,1118,0,0,11200,0,0,0,8148785,8148785,2988
64118,256,1062,1118,0,0,11200,0,0,0,8150644,8150644,2988
64133,256,1116,1119,1,0,11200,0,0,0,8152656,8152656,2992
64149,256,90,1119,0,0,11200,0,0,0,8155075,8155075,2992
64164,256,153,1119,0,0,11200,0,0,0,8157351,8157351,2992
64180,256,200,1119,0,0,11200,0,0,0,8159669,8159669,2992
64195,256,259,1119,0,0,11200,0,0,0,8161806,8161806,2992
64210,256,311,1119,0,0,11200,0,0,0,8163762,8163762,2992
64225,256,378,1119,0,0,11200,0,0,0,8165817,8165817,2992
64241,256,440,1119,0,0,11200,0,0,0,8167483,8167483,2992
64256,256,502,1119,0,0,11200,0,0,0,8169320,8169320,2992
64271,256,547,1119,0,0,11200,0,0,0,8171316,8171316,2992
64286,256,629,1119,0,0,11200,0,0,0,8173083,8173083,2992
64303,256,685,1119,0,0,11200,0,0,0,8174858,8174858,2992
64318,256,729,1119,0,0,11200,0,0,0,8176368,8176368,2992
64336,256,788,1119,0,0,11200,0,0,0,8178000,8178000,2992
64352,256,858,1119,0,0,11200,0,0,0,8179686,8179686,2992
64367,256,940,1119,0,0,11200,0,0,0,8181420,8181420,2992
64383,256,999,1119,0,0,11200,0,0,0,8183363,8183363,2992
64398,257,1070,1119,0,0,11200,0,0,0,8185345,8185345,2992
64413,257,2,1119,0,0,11200,0,0,0,8187179,8187179,2992
64429,257,101,1119,0,0,11200,0,0,0,8189653,8189653,2992
64444,257,170,1119,0,0,11200,0,0,0,8191873,8191873,2992
64459,257,223,1119,0,0,11200,0,0,0,8194137,8194137,2992
64475,257,289,1119,0,0,11200,0,0,0,8196296,8196296,2992
64490,257,355,1119,0,0,11200,0,0,0,8198377,8198377,2992
64505,257,445,1119,0,0,11200,0,0,0,8200282,8200282,2992
64521,257,493,1119,0,0,11200,0,0,0,8202111,8202111,2992
64536,257,547,1119,0,0,11200,0,0,0,8204104,8204104,2992
64551,257,609,1119,0,0,11200,0,0,0,8205559,8205559,2992
64566,257,688,1119,0,0,11200,0,0,0,8207757,8207757,2992
64582,257,732,1119,0,0,11200,0,0,0,8209257,8209257,2992
64598,257,785,1119,0,0,11200,0,0,0,8210837,8210837,2992
64613,257,854,1119,0,0,11200,0,0,0,8212671,8212671,2992
64628,257,935,1119,0,0,11200,0,0,0,8214623,8214623,2992
64643,257,992,1119,0,0,11200,0,0,0,8216419,8216419,2992
64659,258,1057,1119,0,0,11200,0,0,0,8218502,8218502,2992
64674,258,1108,1119,0,0,11200,0,0,0,8220072,8220072,2992
64690,258,52,1119,0,0,11200,0,0,0,8222611,8222611,2992
64705,258,155,1119,0,0,11200,0,0,0,8224875,8224875,2992
64720,258,211,1119,0,0,11200,0,0,0,8226956,8226956,2992
64735,258,268,1119,0,0,11200,0,0,0,8229145,8229145,2992
64751,258,331,1119,0,0,11200,0,0,0,8231206,8231206,2992
64766,258,408,1119,0,0,11200,0,0,0,8233192,8233192,2992
64781,258,483,1119,0,0,11200,0,0,0,8235138,8235138,2992
64796,258,525,1119,0,0,11200,0,0,0,8237006,8237006,2992
64811,258,595,1119,0,0,11200,0,0,0,8238838,8238838,2992
64826,258,669,1119,0,0,11200,0,0,0,8240752,8240752,2992
64842,258,712,1119,0,0,11200,0,0,0,8242216,8242216,2992
64857,258,771,1119,0,0,11200,0,0,0,8243734,8243734,2992
64872,258,826,1119,0,0,11200,0,0,0,8245114,8245114,2992
64888,258,881,1119,0,0,11200,0,0,0,8246756,8246756,2992
64903,258,949,1119,0,0,11200,0,0,0,8248518,8248518,2992
64918,258,1005,1119,0,0,11200,0,0,0,8250392,8250392,2992
64933,259,1078,1119,0,0,11200,0,0,0,8252404,8252404,2992
64949,259,16,1119,0,0,11200,0,0,0,8254420,8254420,2992
64964,259,118,1119,0,0,11200,0,0,0,8256628,8256628,2992
64979,259,184,1119,0,0,11200,0,0,0,8259119,8259119,2992
64994,259,222,1119,0,0,11200,0,0,0,8261162,8261162,2992
65010,259,280,1119,0,0,11200,0,0,0,8263364,8263364,2992
65025,259,331,1119,0,0,11200,0,0,0,8265290,8265290,2992
65041,259,391,1119,0,0,11200,0,0,0,8267177,8267177,2992
65056,259,463,1119,0,0,11200,0,0,0,8269274,8269274,2992
65071,259,523,1119,0,0,11200,0,0,0,8271457,8271457,2992
65086,259,583,1119,0,0,11200,0,0,0,8273568,8273568,2992
65102,259,659,1119,0,0,11200,0,0,0,8275718,8275718,2992
65117,259,708,1119,0,0,11200,0,0,0,8277498,8277498,2992
65133,259,767,1119,0,0,11200,0,0,0,8278987,8278987,2992
65148,259,794,1119,0,0,11200,0,0,0,8280301,8280301,2992
65164,259,879,1119,0,0,11200,0,0,0,8282275,8282275,2992
65179,259,943,1119,0,0,11200,0,0,0,8283943,8283943,2992
65195,259,1005,1119,0,0,11200,0,0,0,8285768,8285768,2992
65210,260,1074,1119,0,0,11200,0,0,0,8287694,8287694,2992
65225,260,5,1119,0,0,11200,0,0,0,8289344,8289344,2992
65240,260,95,1119,0,0,11200,0,0,0,8291743,8291743,2992
65255,260,148,1119,0,0,11200,0,0,0,8293909,8293909,2992
65270,260,210,1119,0,0,11200,0,0,0,8296308,8296308,2992
65286,260,252,1119,0,0,11200,0,0,0,8298216,8298216,2992
65301,260,327,1119,0,0,11200,0,0,0,8300181,8300181,2992
65316,260,378,1119,0,0,11200,0,0,0,8302154,8302154,2992
65331,260,440,1119,0,0,11200,0,0,0,8303942,8303942,2992
65346,260,493,1119,0,0,11200,0,0,0,8306007,8306007,2992
65362,260,546,1119,0,0,11200,0,0,0,8307970,8307970,2992
65377,260,631,1119,0,0,11200,0,0,0,8309964,8309964,2992
65393,260,700,1119,0,0,11200,0,0,0,8312050,8312050,2992
65408,260,751,1119,0,0,11200,0,0,0,8313603,8313603,2992
65423,260,805,1119,0,0,11200,0,0,0,8315292,8315292,2992
65438,260,873,1119,0,0,11200,0,0,0,8316840,8316840,2992
65454,260,915,1119,0,0,11200,0,0,0,8318371,8318371,2992
65469,260,980,1119,0,0,11200,0,0,0,8320271,8320271,2992
65484,260,1040,1119,0,0,11200,0,0,0,8322220,8322220,2992
65500,261,1103,1119,0,0,11200,0,0,0,8323729,8323729,2992
65515,261,44,1119,0,0,11200,0,0,0,8326118,8326118,2992
65530,261,136,1119,0,0,11200,0,0,0,8328366,8328366,2992
65545,261,190,1119,0,0,11200,0,0,0,8330710,8330710,2992
65561,261,244,1119,0,0,11200,0,0,0,8332838,8332838,2992
65576,261,308,1119,0,0,11200,0,0,0,8335037,8335037,2992
65591,261,369,1119,0,0,11200,0,0,0,8336989,8336989,2992
65606,261,453,1119,0,0,11200,0,0,0,8339014,8339014,2992
65622,261,513,1119,0,0,11200,0,0,0,8341214,8341214,2992
65637,261,581,1119,0,0,11200,0,0,0,8343248,8343248,2992
65652,261,651,1119,0,0,11200,0,0,0,8345033,8345033,2992
65667,261,696,1119,0,0,11200,0,0,0,8346765,8346765,2992
65683,261,739,1119,0,0,11200,0,0,0,8348120,8348120,2992
65698,261,780,1119,0,0,11200,0,0,0,8349641,8349641,2992
65714,261,851,1119,0,0,11200,0,0,0,8351403,8351403,2992
65729,261,927,1119,0,0,11200,0,0,0,8353291,8353291,2992
65745,261,983,1119,0,0,11200,0,0,0,8355124,8355124,2992
65760,262,1049,1119,0,0,11200,0,0,0,8357068,8357068,2992
65776,262,1104,1119,0,0,11200,0,0,0,8358843,8358843,2992
65791,262,78,1119,0,0,11200,0,0,0,8361269,8361269,2992
65806,262,148,1119,0,0,11200,0,0,0,8363627,8363627,2992
65821,262,202,1119,0,0,11200,0,0,0,8365993,8365993,2992
65837,262,258,1119,0,0,11200,0,0,0,8368224,8368224,2992
65852,262,314,1119,0,0,11200,0,0,0,8370294,8370294,2992
65869,262,369,1119,0,0,11200,0,0,0,8372264,8372264,2992
65884,262,447,1119,0,0,11200,0,0,0,8374093,8374093,2992
65899,262,497,1119,0,0,11200,0,0,0,8376051,8376051,2992
65917,262,555,1119,0,0,11200,0,0,0,8378077,8378077,2992
65932,262,623,1119,0,0,11200,0,0,0,8379856,8379856,2992
65947,262,690,1119,0,0,11200,0,0,0,8381802,8381802,2992
65962,262,732,1119,0,0,11200,0,0,0,8383121,8383121,2992
65977,262,783,1119,0,0,11200,0,0,0,8384724,8384724,2992
65993,262,853,1119,0,0,11200,0,0,0,8386687,8386687,2992
66008,262,917,1119,0,0,11200,0,0,0,8388474,8388474,2992
66023,262,983,1119,0,0,11200,0,0,0,8390235,8390235,2992
66039,262,1040,1119,0,0,11200,0,0,0,8392277,8392277,2992
66054,263,1104,1119,0,0,11200,0,0,0,8394110,8394110,2992
66069,263,39,1119,0,0,11200,0,0,0,8396518,8396518,2992
66084,263,128,1119,0,0,11200,0,0,0,8398906,8398906,2992
66100,263,187,1119,0,0,11200,0,0,0,8401330,8401330,2992
66115,263,232,1119,0,0,11200,0,0,0,8403390,8403390,2992
66130,263,289,1119,0,0,11200,0,0,0,8405548,8405548,2992
66145,263,368,1119,0,0,11200,0,0,0,8407734,8407734,2992
66161,263,446,1119,0,0,11200,0,0,0,8409850,8409850,2992
66176,263,496,1119,0,0,11200,0,0,0,8411977,8411977,2992
66192,263,556,1119,0,0,11200,0,0,0,8413884,8413884,2992
66208,263,629,1119,0,0,11200,0,0,0,8415582,8415582,2992
66223,263,681,1119,0,0,11200,0,0,0,8417295,8417295,2992
66238,263,751,1119,0,0,11200,0,0,0,8418995,8418995,2992
66255,263,826,1119,0,0,11200,0,0,0,8420707,8420707,2992
66270,263,901,1119,0,0,11200,0,0,0,8422521,8422521,2992
66285,263,966,1119,0,0,11200,0,0,0,8424454,8424454,2992
66301,263,1022,1119,0,0,11200,0,0,0,8426525,8426525,2992
66316,264,1083,1119,0,0,11200,0,0,0,8428307,8428307,2992
66331,264,16,1119,0,0,11200,0,0,0,8430274,8430274,2992
66346,264,127,1119,0,0,11200,0,0,0,8432828,8432828,2992
66361,264,180,1119,0,0,11200,0,0,0,8434992,8434992,2992
66376,264,227,1119,0,0,11200,0,0,0,8437133,8437133,2992
66391,264,287,1119,0,0,11200,0,0,0,8439395,8439395,2992
66407,264,381,1119,0,0,11200,0,0,0,8441488,8441488,2992
66423,264,457,1119,0,0,11200,0,0,0,8443467,8443467,2992
66438,264,509,1119,0,0,11200,0,0,0,8445506,8445506,2992
66453,264,559,1119,0,0,11200,0,0,0,8446959,8446959,2992
66469,264,625,1119,0,0,11200,0,0,0,8448834,8448834,2992
66484,264,687,1119,0,0,11200,0,0,0,8450760,8450760,2992
66499,264,731,1119,0,0,11200,0,0,0,8452159,8452159,2992
66515,264,779,1119,0,0,11200,0,0,0,8453633,8453633,2992
66530,264,853,1119,0,0,11200,0,0,0,8455281,8455281,2992
66545,264,917,1119,0,0,11200,0,0,0,8456934,8456934,2992
66561,264,974,1119,0,0,11200,0,0,0,8458764,8458764,2992
66576,264,1039,1119,0,0,11200,0,0,0,8460703,8460703,2992
66591,265,1090,1119,0,0,11200,0,0,0,8462563,8462563,2992
66607,265,17,1119,0,0,11200,0,0,0,8464181,8464181,2992
66622,265,120,1119,0,0,11200,0,0,0,8466432,8466432,2992
66637,265,176,1119,0,0,11200,0,0,0,8468810,8468810,2992
66652,265,223,1119,0,0,11200,0,0,0,8470797,8470797,2992
66667,265,278,1119,0,0,11200,0,0,0,8473095,8473095,2992
66682,265,348,1119,0,0,11200,0,0,0,8475247,8475247,2992
66697,265,433,1119,0,0,11200,0,0,0,8477300,8477300,2992
66713,265,489,1119,0,0,11200,0,0,0,8479406,8479406,2992
66728,265,528,1119,0,0,11200,0,0,0,8481087,8481087,2992
66743,265,560,1119,0,0,11200,0,0,0,8482395,8482395,2992
66758,265,633,1119,0,0,11200,0,0,0,8483942,8483942,2992
66774,265,698,1119,0,0,11200,0,0,0,8485663,8485663,2992
66789,265,747,1119,0,0,11200,0,0,0,8487158,8487158,2992
66804,265,796,1119,0,0,11200,0,0,0,8488932,8488932,2992
66820,265,874,1119,0,0,11200,0,0,0,8490694,8490694,2992
66835,265,935,1119,0,0,11200,0,0,0,8492557,8492557,2992
66851,265,995,1119,0,0,11200,0,0,0,8494540,8494540,2992
66867,266,1073,1119,0,0,11200,0,0,0,8496405,8496405,2992
66882,266,1119,1121,1,0,11200,0,0,0,8498082,8498082,2994
66897,266,95,1121,1,0,11200,0,0,0,8500478,8500478,2994
66912,266,167,1121,1,0,11200,0,0,0,8502982,8502982,2994
66927,266,225,1121,1,0,11200,0,0,0,8505268,8505268,2994
66943,266,287,1121,1,0,11200,0,0,0,8507374,8507374,2994
66958,266,345,1121,1,0,11200,0,0,0,8509437,8509437,2994
66973,266,418,1121,1,0,11200,0,0,0,8511469,8511469,2994
66988,266,477,1121,1,0,11200,0,0,0,8513438,8513438,2994
67003,266,531,1121,1,0,11200,0,0,0,8515434,8515434,2994
67019,266,584,1121,1,0,11200,0,0,0,8516829,8516829,2994
67035,266,649,1121,1,0,11200,0,0,0,8518271,8518271,2994
67050,266,706,1121,1,0,11200,0,0,0,8520187,8520187,2994
67066,266,751,1121,1,0,11200,0,0,0,8521788,8521788,2994
67081,266,837,1121,1,0,11200,0,0,0,8523675,8523675,2994
67097,266,896,1121,1,0,11200,0,0,0,8525469,8525469,2994
67112,266,930,1121,1,0,11200,0,0,0,8526776,8526776,2994
67127,266,995,1121,1,0,11200,0,0,0,8528690,8528690,2994
67142,267,1068,1121,1,0,11200,0,0,0,8530660,8530660,2994
67157,267,1103,1121,1,0,11200,0,0,0,8531944,8531944,2994
67173,267,33,1121,0,0,11200,0,0,0,8534514,8534514,2994
67188,267,139,1121,0,0,11200,0,0,0,8536795,8536795,2994
67204,267,202,1121,0,0,11200,0,0,0,8539322,8539322,2994
67219,267,245,1121,0,0,11200,0,0,0,8541490,8541490,2994
67234,267,307,1121,0,0,11200,0,0,0,8543459,8543459,2994
67250,267,374,1121,0,0,11200,0,0,0,8545190,8545190,2994
67265,267,445,1121,0,0,11200,0,0,0,8547188,8547188,2994
67281,267,503,1121,0,0,11200,0,0,0,8549135,8549135,2994
67298,267,558,1121,0,0,11200,0,0,0,8550768,8550768,2994
67314,267,636,1121,0,0,11200,0,0,0,8552588,8552588,2994
67329,267,683,1121,0,0,11200,0,0,0,8554178,8554178,2994
67344,267,738,1121,0,0,11200,0,0,0,8555756,8555756,2994
67360,267,785,1121,0,0,11200,0,0,0,8557348,8557348,2994
67375,267,855,1121,0,0,11200,0,0,0,8558878,8558878,2994
67391,267,928,1121,0,0,11200,0,0,0,8560475,8560475,2994
67406,267,992,1121,0,0,11200,0,0,0,8562438,8562438,2994
67421,268,1056,1121,0,0,11200,0,0,0,8564500,8564500,2994
67436,268,1108,1121,0,0,11200,0,0,0,8566218,8566218,2994
67452,268,58,1121,0,0,11200,0,0,0,8568697,8568697,2994
67467,268,149,1121,0,0,11200,0,0,0,8571137,8571137,2994
67483,268,209,1121,0,0,11200,0,0,0,8573364,8573364,2994
67498,268,258,1121,0,0,11200,0,0,0,8575540,8575540,2994
67513,268,332,1121,0,0,11200,0,0,0,8577750,8577750,2994
67528,268,406,1121,0,0,11200,0,0,0,8579677,8579677,2994
67544,268,473,1121,0,0,11200,0,0,0,8581276,8581276,2994
67559,268,528,1121,0,0,11200,0,0,0,8583234,8583234,2994
67574,268,597,1121,0,0,11200,0,0,0,8585267,8585267,2994
67589,268,674,1121,0,0,11200,0,0,0,8587149,8587149,2994
67605,268,714,1121,0,0,11200,0,0,0,8588774,8588774,2994
67621,268,787,1121,0,0,11200,0,0,0,8590550,8590550,2994
67636,268,877,1121,0,0,11200,0,0,0,8592720,8592720,2994
67651,268,943,1121,0,0,11200,0,0,0,8594656,8594656,2994
67666,268,985,1121,0,0,11200,0,0,0,8596399,8596399,2994
67682,269,1052,1121,0,0,11200,0,0,0,8598406,8598406,2994
67697,269,1112,1121,0,0,11200,0,0,0,8600171,8600171,2994
67712,269,78,1121,0,0,11200,0,0,0,8602439,8602439,2994
67728,269,150,1121,0,0,11200,0,0,0,8604708,8604708,2994
67744,269,214,1121,0,0,11200,0,0,0,8607007,8607007,2994
67759,269,266,1121,0,0,11200,0,0,0,8609194,8609194,2994
67774,269,322,1121,0,0,11200,0,0,0,8611112,8611112,2994
67790,269,398,1121,0,0,11200,0,0,0,8613320,8613320,2994
67807,269,457,1121,0,0,11200,0,0,0,8615280,8615280,2994
67822,269,504,1121,0,0,11200,0,0,0,8617252,8617252,2994
67843,269,558,1121,0,0,11200,0,0,0,8619120,8619120,2994
67864,269,633,1121,0,0,11200,0,0,0,8620924,8620924,2994
67880,269,700,1121,0,0,11200,0,0,0,8623074,8623074,2994
67895,269,749,1121,0,0,11200,0,0,0,8624711,8624711,2994
67910,269,794,1121,0,0,11200,0,0,0,8626151,8626151,2994
67925,269,890,1121,0,0,11200,0,0,0,8628271,8628271,2994
67940,269,947,1121,0,0,11200,0,0,0,8629947,8629947,2994
67956,269,1009,1121,0,0,11200,0,0,0,8631994,8631994,2994
67971,270,1069,1121,0,0,11200,0,0,0,8633672,8633672,2994
67987,270,1118,1121,0,0,11200,0,0,0,8635548,8635548,2994
68002,270,90,1121,0,0,11200,0,0,0,8637966,8637966,2994
68018,270,170,1121,0,0,11200,0,0,0,8640417,8640417,2994
68033,270,217,1121,0,0,11200,0,0,0,8642478,8642478,2994
68049,270,271,1121,0,0,11200,0,0,0,8644647,8644647,2994
68064,270,333,1121,0,0,11200,0,0,0,8646516,8646516,2994
68079,270,406,1121,0,0,11200,0,0,0,8648540,8648540,2994
68094,270,481,1121,0,0,11200,0,0,0,8650185,8650185,2994
68110,270,531,1121,0,0,11200,0,0,0,8652012,8652012,2994
68128,270,608,1121,0,0,11200,0,0,0,8654120,8654120,2994
68143,270,680,1121,0,0,11200,0,0,0,8656173,8656173,2994
68159,270,731,1121,0,0,11200,0,0,0,8657664,8657664,2994
68174,270,785,1121,0,0,11200,0,0,0,8659359,8659359,2994
68190,270,854,1121,0,0,11200,0,0,0,8661110,8661110,2994
68205,270,928,1121,0,0,11200,0,0,0,8662925,8662925,2994
68220,270,990,1121,0,0,11200,0,0,0,8664855,8664855,2994
68236,271,1051,1121,0,0,11200,0,0,0,8666797,8666797,2994
68252,271,1100,1121,0,0,11200,0,0,0,8668709,8668709,2994
68267,271,31,1121,0,0,11200,0,0,0,8671126,8671126,2994
68282,271,134,1121,0,0,11200,0,0,0,8673446,8673446,2994
68298,271,180,1121,0,0,11200,0,0,0,8675680,8675680,2994
68313,271,225,1121,0,0,11200,0,0,0,8677701,8677701,2994
68328,271,289,1121,0,0,11200,0,0,0,8679892,8679892,2994
68343,271,356,1121,0,0,11200,0,0,0,8681896,8681896,2994
68358,271,438,1121,0,0,11200,0,0,0,8683783,8683783,2994
68374,271,490,1121,0,0,11200,0,0,0,8685677,8685677,2994
68389,271,545,1121,0,0,11200,0,0,0,8687650,8687650,2994
68404,271,629,1121,0,0,11200,0,0,0,8689578,8689578,2994
68419,271,694,1121,0,0,11200,0,0,0,8691240,8691240,2994
68435,271,739,1121,0,0,11200,0,0,0,8692817,8692817,2994
68450,271,797,1121,0,0,11200,0,0,0,8694362,8694362,2994
68465,271,873,1121,0,0,11200,0,0,0,8695771,8695771,2994
68480,271,938,1121,0,0,11200,0,0,0,8697590,8697590,2994
68496,271,981,1121,0,0,11200,0,0,0,8699462,8699462,2994
68512,271,1039,1121,0,0,11200,0,0,0,8701445,8701445,2994
68528,272,1103,1121,0,0,11200,0,0,0,8703326,8703326,2994
68543,272,42,1121,0,0,11200,0,0,0,8705641,8705641,2994
68558,272,138,1121,0,0,11200,0,0,0,8707781,8707781,2994
68574,272,191,1121,0,0,11200,0,0,0,8710185,8710185,2994
68589,272,244,1121,0,0,11200,0,0,0,8712403,8712403,2994
68605,272,311,1121,0,0,11200,0,0,0,8714550,8714550,2994
68620,272,383,1121,0,0,11200,0,0,0,8716613,8716613,2994
68635,272,466,1121,0,0,11200,0,0,0,8718652,8718652,2994
68651,272,513,1121,0,0,11200,0,0,0,8720633,8720633,2994
68666,272,567,1121,0,0,11200,0,0,0,8722599,8722599,2994
68681,272,646,1121,0,0,11200,0,0,0,8724569,8724569,2994
68697,272,702,1121,0,0,11200,0,0,0,8726293,8726293,2994
68712,272,759,1121,0,0,11200,0,0,0,8727959,8727959,2994
68728,272,828,1121,0,0,11200,0,0,0,8729656,8729656,2994
68743,272,892,1121,0,0,11200,0,0,0,8731581,8731581,2994
68759,272,951,1121,0,0,11200,0,0,0,8733204,8733204,2994
68774,272,1002,1121,0,0,11200,0,0,0,8735102,8735102,2994
68789,273,1069,1121,0,0,11200,0,0,0,8737124,8737124,2994
68805,273,6,1121,0,0,11200,0,0,0,8739156,8739156,2994
68820,273,114,1121,0,0,11200,0,0,0,8741579,8741579,2994
68835,273,175,1121,0,0,11200,0,0,0,8743992,8743992,2994
68850,273,227,1121,0,0,11200,0,0,0,8746174,8746174,2994
68866,273,289,1121,0,0,11200,0,0,0,8748477,8748477,2994
68881,273,355,1121,0,0,11200,0,0,0,8750597,8750597,2994
68896,273,423,1121,0,0,11200,0,0,0,8752376,8752376,2994
68911,273,481,1121,0,0,11200,0,0,0,8754082,8754082,2994
68927,273,523,1121,0,0,11200,0,0,0,8755827,8755827,2994
68942,273,586,1121,0,0,11200,0,0,0,8757672,8757672,2994
68957,273,655,1121,0,0,11200,0,0,0,8759323,8759323,2994
68973,273,707,1121,0,0,11200,0,0,0,8760928,8760928,2994
68988,273,771,1121,0,0,11200,0,0,0,8762426,8762426,2994
69005,273,805,1121,0,0,11200,0,0,0,8763915,8763915,2994
69021,273,892,1121,0,0,11200,0,0,0,8765776,8765776,2994
69037,273,969,1121,0,0,11200,0,0,0,8767554,8767554,2994
69052,273,1022,1121,0,0,11200,0,0,0,8769650,8769650,2994
69067,274,1078,1121,0,0,11200,0,0,0,8771444,8771444,2994
69082,274,17,1121,0,0,11200,0,0,0,8773393,8773393,2994
69097,274,118,1121,0,0,11200,0,0,0,8775718,8775718,2994
69113,274,181,1121,0,0,11200,0,0,0,8778168,8778168,2994
69128,274,230,1121,0,0,11200,0,0,0,8780309,8780309,2994
69144,274,302,1121,0,0,11200,0,0,0,8782702,8782702,2994
69159,274,385,1121,0,0,11200,0,0,0,8784935,8784935,2994
69174,274,461,1121,0,0,11200,0,0,0,8786886,8786886,2994
69190,274,510,1121,0,0,11200,0,0,0,8788854,8788854,2994
69206,274,558,1121,0,0,11200,0,0,0,8790551,8790551,2994
69222,274,638,1121,0,0,11200,0,0,0,8792581,8792581,2994
69237,274,706,1121,0,0,11200,0,0,0,8794480,8794480,2994
69253,274,772,1121,0,0,11200,0,0,0,8796131,8796131,2994
69270,274,797,1121,0,0,11200,0,0,0,8797233,8797233,2994
69285,274,856,1121,0,0,11200,0,0,0,8798737,8798737,2994
69303,274,916,1121,0,0,11200,0,0,0,8800348,8800348,2994
69319,274,980,1121,0,0,11200,0,0,0,8802236,8802236,2994
69334,274,1028,1122,1,0,11200,0,0,0,8804145,8804145,2996
69349,275,1100,1122,1,0,11200,0,0,0,8806042,8806042,2996
69364,275,27,1122,0,0,11200,0,0,0,8808216,8808216,2996
69380,275,123,1122,0,0,11200,0,0,0,8810536,8810536,2996
69396,275,179,1122,0,0,11200,0,0,0,8812866,8812866,2996
69411,275,232,1122,0,0,11200,0,0,0,8815047,8815047,2996
69426,275,282,1122,0,0,11200,0,0,0,8817140,8817140,2996
69441,275,336,1122,0,0,11200,0,0,0,8819077,8819077,2996
69457,275,431,1122,0,0,11200,0,0,0,8821271,8821271,2996
69472,275,492,1122,0,0,11200,0,0,0,8823151,8823151,2996
69487,275,545,1122,0,0,11200,0,0,0,8825170,8825170,2996
69502,275,595,1122,0,0,11200,0,0,0,8826677,8826677,2996
69517,275,669,1122,0,0,11200,0,0,0,8828732,8828732,2996
69533,275,714,1122,0,0,11200,0,0,0,8830460,8830460,2996
69549,275,772,1122,0,0,11200,0,0,0,8832036,8832036,2996
69564,275,845,1122,0,0,11200,0,0,0,8833815,8833815,2996
69579,275,913,1122,0,0,11200,0,0,0,8835663,8835663,2996
69594,275,974,1122,0,0,11200,0,0,0,8837619,8837619,2996
69609,275,1040,1122,0,0,11200,0,0,0,8839528,8839528,2996
69626,276,1103,1122,0,0,11200,0,0,0,8841192,8841192,2996
69641,276,65,1122,0,0,11200,0,0,0,8843599,8843599,2996
69657,276,139,1122,0,0,11200,0,0,0,8845804,8845804,2996
69673,276,191,1122,0,0,11200,0,0,0,8848066,8848066,2996
69688,276,247,1122,0,0,11200,0,0,0,8850275,8850275,2996
69704,276,313,1122,0,0,11200,0,0,0,8852398,8852398,2996
69719,276,377,1122,0,0,11200,0,0,0,8854333,8854333,2996
69734,276,455,1122,0,0,11200,0,0,0,8856535,8856535,2996
69750,276,502,1122,0,0,11200,0,0,0,8858366,8858366,2996
69766,276,558,1122,0,0,11200,0,0,0,8860454,8860454,2996
69781,276,646,1122,0,0,11200,0,0,0,8862344,8862344,2996
69796,276,698,1122,0,0,11200,0,0,0,8864096,8864096,2996
69811,276,746,1122,0,0,11200,0,0,0,8865458,8865458,2996
69827,276,797,1122,0,0,11200,0,0,0,8866848,8866848,2996
69842,276,845,1122,0,0,11200,0,0,0,8868409,8868409,2996
69858,276,908,1122,0,0,11200,0,0,0,8870110,8870110,2996
69873,276,963,1122,0,0,11200,0,0,0,8871795,8871795,2996
69888,276,1023,1122,0,0,11200,0,0,0,8873699,8873699,2996
69904,277,1099,1122,0,0,11200,0,0,0,8875657,8875657,2996
69919,277,39,1123,1,0,11200,0,0,0,8878005,8878005,2996
69935,277,132,1123,1,0,11200,0,0,0,8880120,8880120,2996
69950,277,178,1123,1,0,11200,0,0,0,8882518,8882518,2996
69965,277,224,1123,1,0,11200,0,0,0,8884405,8884405,2996
69981,277,288,1123,1,0,11200,0,0,0,8886727,8886727,2996
69996,277,357,1123,1,0,11200,0,0,0,8888918,8888918,2996
70011,277,446,1123,1,0,11200,0,0,0,8890952,8890952,2996
70027,277,497,1123,1,0,11200,0,0,0,8892776,8892776,2996
70043,277,558,1123,1,0,11200,0,0,0,8894676,8894676,2996
70059,277,631,1123,1,0,11200,0,0,0,8896182,8896182,2996
70074,277,681,1123,1,0,11200,0,0,0,8897753,8897753,2996
70089,277,725,1123,1,0,11200,0,0,0,8899354,8899354,2996
70105,277,800,1123,1,0,11200,0,0,0,8901108,8901108,2996
70120,277,876,1123,1,0,11200,0,0,0,8903145,8903145,2996
70135,277,948,1123,1,0,11200,0,0,0,8905105,8905105,2996
70150,277,1005,1123,1,0,11200,0,0,0,8906830,8906830,2996
70165,278,1068,1123,1,0,11200,0,0,0,8908902,8908902,2996
70181,278,1112,1123,1,0,11200,0,0,0,8910528,8910528,2996
70196,278,42,1123,1,0,11200,0,0,0,8912813,8912813,2996
70211,278,128,1123,1,0,11200,0,0,0,8914993,8914993,2996
70226,278,185,1123,1,0,11200,0,0,0,8917271,8917271,2996
70242,278,232,1123,1,0,11200,0,0,0,8919328,8919328,2996
70257,278,294,1123,1,0,11200,0,0,0,8921555,8921555,2996
70272,278,361,1123,1,0,11200,0,0,0,8923587,8923587,2996
70288,278,445,1123,1,0,11200,0,0,0,8925715,8925715,2996
70303,278,492,1123,1,0,11200,0,0,0,8927954,8927954,2996
70318,278,547,1123,1,0,11200,0,0,0,8929953,8929953,2996
70334,278,633,1123,1,0,11200,0,0,0,8931829,8931829,2996
70349,278,685,1123,1,0,11200,0,0,0,8933310,8933310,2996
70364,278,725,1123,1,0,11200,0,0,0,8934862,8934862,2996
70379,278,788,1123,1,0,11200,0,0,0,8936546,8936546,2996
70395,278,851,1123,1,0,11200,0,0,0,8938174,8938174,2996
70411,278,926,1123,1,0,11200,0,0,0,8939848,8939848,2996
70426,278,981,1123,1,0,11200,0,0,0,8941592,8941592,2996
70441,278,1028,1123,1,0,11200,0,0,0,8943404,8943404,2996
70461,279,1103,1123,1,0,11200,0,0,0,8945293,8945293,2996
70476,279,24,1123,1,0,11200,0,0,0,8947256,8947256,2996
70491,279,123,1123,1,0,11200,0,0,0,8949412,8949412,2996
70507,279,188,1123,1,0,11200,0,0,0,8951958,8951958,2996
70522,279,239,1123,1,0,11200,0,0,0,8954288,8954288,2996
70537,279,300,1123,1,0,11200,0,0,0,8956527,8956527,2996
70552,279,361,1123,1,0,11200,0,0,0,8958651,8958651,2996
70568,279,450,1123,1,0,11200,0,0,0,8960771,8960771,2996
70584,279,502,1123,1,0,11200,0,0,0,8962916,8962916,2996
70599,279,567,1123,1,0,11200,0,0,0,8965167,8965167,2996
70615,279,633,1123,1,0,11200,0,0,0,8966813,8966813,2996
70630,279,683,1123,1,0,11200,0,0,0,8968419,8968419,2996
70646,279,725,1123,1,0,11200,0,0,0,8970036,8970036,2996
70661,279,784,1123,1,0,11200,0,0,0,8971538,8971538,2996
70677,279,837,1123,1,0,11200,0,0,0,8972934,8972934,2996
70692,279,908,1123,1,0,11200,0,0,0,8974741,8974741,2996
70707,279,948,1123,1,0,11200,0,0,0,8976246,8976246,2996
70723,279,1015,1123,1,0,11200,0,0,0,8978143,8978143,2996
70738,280,1069,1123,1,0,11200,0,0,0,8979935,8979935,2996
70753,280,8,1124,2,0,11200,0,0,0,8981867,8981867,2996
70768,280,105,1124,2,0,11200,0,0,0,8984052,8984052,2996
70784,280,168,1124,2,0,11200,0,0,0,8986437,8986437,2996
70799,280,216,1124,2,0,11200,0,0,0,8988717,8988717,2996
70815,280,269,1124,2,0,11200,0,0,0,8990884,8990884,2996
70830,280,332,1124,2,0,11200,0,0,0,8992861,8992861,2996
70845,280,390,1124,2,0,11200,0,0,0,8994872,8994872,2996
70861,280,453,1124,2,0,11200,0,0,0,8996586,8996586,2996
70876,280,501,1124,2,0,11200,0,0,0,8998442,8998442,2996
70891,280,545,1124,2,0,11200,0,0,0,9000333,9000333,2996
70907,280,607,1124,2,0,11200,0,0,0,9002297,9002297,2996
70922,280,665,1124,2,0,11200,0,0,0,9004120,9004120,2996
70938,280,712,1124,2,0,11200,0,0,0,9005696,9005696,2996
70953,280,775,1124,2,0,11200,0,0,0,9007223,9007223,2996
70968,280,830,1124,2,0,11200,0,0,0,9008441,9008441,2996
70983,280,898,1124,2,0,11200,0,0,0,9010064,9010064,2996
70999,280,961,1124,2,0,11200,0,0,0,9011827,9011827,2996
71014,280,1024,1124,2,0,11200,0,0,0,9014042,9014042,2996
71030,281,1098,1124,2,0,11200,0,0,0,9015906,9015906,2996
71045,281,38,1124,2,0,11200,0,0,0,9018081,9018081,2996
71060,281,138,1124,2,0,11200,0,0,0,9020371,9020371,2996
71076,281,198,1124,2,0,11200,0,0,0,9022736,9022736,2996
71091,281,244,1124,2,0,11200,0,0,0,9025174,9025174,2996
71106,281,306,1124,2,0,11200,0,0,0,9027232,9027232,2996
71122,281,385,1124,2,0,11200,0,0,0,9029414,9029414,2996
71137,281,457,1124,2,0,11200,0,0,0,9031451,9031451,2996
71153,281,516,1124,2,0,11200,0,0,0,9033489,9033489,2996
71168,281,576,1124,2,0,11200,0,0,0,9035339,9035339,2996
71183,281,645,1124,2,0,11200,0,0,0,9037112,9037112,2996
71199,281,698,1124,2,0,11200,0,0,0,9038623,9038623,2996
71214,281,750,1124,2,0,11200,0,0,0,9040130,9040130,2996
71230,281,797,1124,2,0,11200,0,0,0,9041541,9041541,2996
71245,281,861,1124,2,0,11200,0,0,0,9043431,9043431,2996
71261,281,955,1124,2,0,11200,0,0,0,9045250,9045250,2996
71276,281,1005,1124,2,0,11200,0,0,0,9047142,9047142,2996
71291,282,1078,1124,2,0,11200,0,0,0,9049191,9049191,2996
71307,282,6,1124,2,0,11200,0,0,0,9051206,9051206,2996
71322,282,112,1124,2,0,11200,0,0,0,9053461,9053461,2996
71337,282,173,1124,2,0,11200,0,0,0,9055721,9055721,2996
71352,282,222,1124,2,0,11200,0,0,0,9057778,9057778,2996
71367,282,288,1124,2,0,11200,0,0,0,9060008,9060008,2996
71383,282,363,1124,2,0,11200,0,0,0,9062040,9062040,2996
71398,282,447,1124,2,0,11200,0,0,0,9064058,9064058,2996
71413,282,504,1124,2,0,11200,0,0,0,9066084,9066084,2996
71428,282,556,1124,2,0,11200,0,0,0,9068083,9068083,2996
71444,282,654,1124,2,0,11200,0,0,0,9070273,9070273,2996
71460,282,703,1124,2,0,11200,0,0,0,9072039,9072039,2996
71475,282,749,1124,2,0,11200,0,0,0,9073267,9073267,2996
71492,282,797,1124,2,0,11200,0,0,0,9074715,9074715,2996
71508,282,891,1124,2,0,11200,0,0,0,9076580,9076580,2996
71523,282,962,1124,2,0,11200,0,0,0,9078311,9078311,2996
71538,282,1005,1124,2,0,11200,0,0,0,9079898,9079898,2996
71554,283,1083,1124,2,0,11200,0,0,0,9082145,9082145,2996
71569,283,14,1124,2,0,11200,0,0,0,9084373,9084373,2996
71584,283,114,1124,2,0,11200,0,0,0,9086661,9086661,2996
71599,283,187,1124,2,0,11200,0,0,0,9089183,9089183,2996
71615,283,243,1124,2,0,11200,0,0,0,9091402,9091402,2996
71630,283,300,1124,2,0,11200,0,0,0,9093603,9093603,2996
71645,283,357,1124,2,0,11200,0,0,0,9095554,9095554,2996
71661,283,440,1124,2,0,11200,0,0,0,9097624,9097624,2996
71676,283,492,1124,2,0,11200,0,0,0,9099235,9099235,2996
71691,283,556,1124,2,0,11200,0,0,0,9101207,9101207,2996
71707,283,634,1124,2,0,11200,0,0,0,9102912,9102912,2996
71722,283,688,1124,2,0,11200,0,0,0,9104657,9104657,2996
71738,283,738,1124,2,0,11200,0,0,0,9105982,9105982,2996
71754,283,784,1124,2,0,11200,0,0,0,9107501,9107501,2996
71769,283,849,1124,2,0,11200,0,0,0,9109208,9109208,2996
71785,283,918,1124,2,0,11200,0,0,0,9111010,9111010,2996
71800,283,993,1124,2,0,11200,0,0,0,9112967,9112967,2996
71815,284,1060,1124,2,0,11200,0,0,0,9115055,9115055,2996
71831,284,1121,1124,2,0,11200,0,0,0,9117159,9117159,2996
71847,284,84,1124,2,0,11200,0,0,0,9119529,9119529,2996
71862,284,155,1124,2,0,11200,0,0,0,9121762,9121762,2996
71878,284,206,1124,2,0,11200,0,0,0,9123755,9123755,2996
71893,284,241,1124,2,0,11200,0,0,0,9125897,9125897,2996
71909,284,296,1124,2,0,11200,0,0,0,9127944,9127944,2996
71924,284,352,1124,2,0,11200,0,0,0,9129862,9129862,2996
71939,284,440,1124,2,0,11200,0,0,0,9131951,9131951,2996
71954,284,497,1124,2,0,11200,0,0,0,9133929,9133929,2996
71969,284,560,1124,2,0,11200,0,0,0,9136008,9136008,2996
71984,284,633,1124,2,0,11200,0,0,0,9137821,9137821,2996
72000,284,686,1124,2,0,11200,0,0,0,9139945,9139945,2996
72016,284,719,1124,2,0,11200,0,0,0,9141209,9141209,2996
72032,284,785,1124,2,0,11200,0,0,0,9142971,9142971,2996
72047,284,853,1124,2,0,11200,0,0,0,9144590,9144590,2996
72062,284,927,1124,2,0,11200,0,0,0,9146259,9146259,2996
72078,284,981,1124,2,0,11200,0,0,0,9147895,9147895,2996
72093,284,1033,1124,2,0,11200,0,0,0,9149834,9149834,2996
72111,285,1085,1125,3,0,11200,0,0,0,9151326,9151326,2997
72126,285,28,1125,2,0,11200,0,0,0,9153395,9153395,2997
72142,285,123,1125,2,0,11200,0,0,0,9155636,9155636,2997
72157,285,174,1125,2,0,11200,0,0,0,9157787,9157787,2997
72172,285,219,1125,2,0,11200,0,0,0,9159919,9159919,2997
72187,285,277,1125,2,0,11200,0,0,0,9162133,9162133,2997
72203,285,345,1125,2,0,11200,0,0,0,9164250,9164250,2997
72218,285,440,1125,2,0,11200,0,0,0,9166442,9166442,2997
72233,285,508,1125,2,0,11200,0,0,0,9168576,9168576,2997
72248,285,567,1125,2,0,11200,0,0,0,9170421,9170421,2997
72264,285,640,1125,2,0,11200,0,0,0,9172097,9172097,2997
72279,285,706,1125,2,0,11200,0,0,0,9173975,9173975,2997
72294,285,768,1125,2,0,11200,0,0,0,9175518,9175518,2997
72309,285,810,1125,2,0,11200,0,0,0,9176920,9176920,2997
72325,285,896,1125,2,0,11200,0,0,0,9178905,9178905,2997
72340,285,960,1125,2,0,11200,0,0,0,9180433,9180433,2997
72356,285,1008,1125,2,0,11200,0,0,0,9182415,9182415,2997
72371,286,1074,1125,2,0,11200,0,0,0,9184331,9184331,2997
72386,286,1116,1125,2,0,11200,0,0,0,9185753,9185753,2997
72402,286,65,1125,2,0,11200,0,0,0,9188072,9188072,2997
72417,286,135,1125,2,0,11200,0,0,0,9189971,9189971,2997
72433,286,196,1125,2,0,11200,0,0,0,9192225,9192225,2997
72448,286,239,1125,2,0,11200,0,0,0,9194310,9194310,2997
72463,286,306,1125,2,0,11200,0,0,0,9196454,9196454,2997
72479,286,381,1125,2,0,11200,0,0,0,9198565,9198565,2997
72494,286,452,1125,2,0,11200,0,0,0,9200429,9200429,2997
72510,286,502,1125,2,0,11200,0,0,0,9202525,9202525,2997
72525,286,563,1125,2,0,11200,0,0,0,9204575,9204575,2997
72541,286,649,1125,2,0,11200,0,0,0,9206521,9206521,2997
72557,286,702,1125,2,0,11200,0,0,0,9208570,9208570,2997
72572,286,741,1125,2,0,11200,0,0,0,9209974,9209974,2997
72588,286,810,1125,2,0,11200,0,0,0,9211831,9211831,2997
72604,286,875,1125,2,0,11200,0,0,0,9213737,9213737,2997
72619,286,941,1125,2,0,11200,0,0,0,9215486,9215486,2997
72634,286,994,1125,2,0,11200,0,0,0,9217408,9217408,2997
72649,287,1062,1125,2,0,11200,0,0,0,9219467,9219467,2997
72664,287,1118,1125,2,0,11200,0,0,0,9221236,9221236,2997
72680,287,78,1125,2,0,11200,0,0,0,9223489,9223489,2997
72696,287,159,1125,2,0,11200,0,0,0,9225950,9225950,2997
72711,287,208,1125,2,0,11200,0,0,0,9228085,9228085,2997
72727,287,260,1125,2,0,11200,0,0,0,9230191,9230191,2997
72742,287,313,1125,2,0,11200,0,0,0,9232331,9232331,2997
72757,287,377,1125,2,0,11200,0,0,0,9234269,9234269,2997
72772,287,457,1125,2,0,11200,0,0,0,9236301,9236301,2997
72787,287,514,1125,2,0,11200,0,0,0,9238404,9238404,2997
72802,287,583,1125,2,0,11200,0,0,0,9240227,9240227,2997
72817,287,645,1125,2,0,11200,0,0,0,9242041,9242041,2997
72833,287,688,1125,2,0,11200,0,0,0,9243637,9243637,2997
72848,287,745,1125,2,0,11200,0,0,0,9245045,9245045,2997
72864,287,780,1125,2,0,11200,0,0,0,9246442,9246442,2997
72880,287,837,1125,2,0,11200,0,0,0,9247676,9247676,2997
72895,287,910,1125,2,0,11200,0,0,0,9249544,9249544,2997
72910,287,981,1125,2,0,11200,0,0,0,9251632,9251632,2997
72926,287,1022,1125,2,0,11200,0,0,0,9253528,9253528,2997
72942,288,1103,1125,2,0,11200,0,0,0,9255598,9255598,2997
72957,288,28,1125,2,0,11200,0,0,0,9257957,9257957,2997
72972,288,125,1125,2,0,11200,0,0,0,9260101,9260101,2997
72987,288,184,1125,2,0,11200,0,0,0,9262415,9262415,2997
73003,288,227,1125,2,0,11200,0,0,0,9264544,9264544,2997
73018,288,287,1125,2,0,11200,0,0,0,9266892,9266892,2997
73033,288,340,1125,2,0,11200,0,0,0,9268845,9268845,2997
73048,288,438,1125,2,0,11200,0,0,0,9270981,9270981,2997
73064,288,493,1125,2,0,11200,0,0,0,9272943,9272943,2997
73079,288,549,1125,2,0,11200,0,0,0,9274895,9274895,2997
73094,288,631,1125,2,0,11200,0,0,0,9276519,9276519,2997
73109,288,695,1125,2,0,11200,0,0,0,9278477,9278477,2997
73125,288,743,1125,2,0,11200,0,0,0,9279832,9279832,2997
73141,288,785,1125,2,0,11200,0,0,0,9281163,9281163,2997
73157,288,848,1125,2,0,11200,0,0,0,9282796,9282796,2997
73172,288,908,1125,2,0,11200,0,0,0,9284514,9284514,2997
73187,288,949,1125,2,0,11200,0,0,0,9285679,9285679,2997
73202,288,1003,1125,2,0,11200,0,0,0,9287559,9287559,2997
73218,289,1065,1125,2,0,11200,0,0,0,9289395,9289395,2997
73234,289,1,1125,2,0,11200,0,0,0,9291227,9291227,2997
73249,289,99,1125,2,0,11200,0,0,0,9293671,9293671,2997
73264,289,152,1125,2,0,11200,0,0,0,9296131,9296131,2997
73279,289,208,1125,2,0,11200,0,0,0,9298191,9298191,2997
73295,289,258,1125,2,0,11200,0,0,0,9300378,9300378,2997
73310,289,313,1125,2,0,11200,0,0,0,9302492,9302492,2997
73325,289,393,1125,2,0,11200,0,0,0,9304557,9304557,2997
73340,289,466,1125,2,0,11200,0,0,0,9306547,9306547,2997
73355,289,525,1125,2,0,11200,0,0,0,9308557,9308557,2997
73370,289,595,1125,2,0,11200,0,0,0,9310466,9310466,2997
73386,289,659,1125,2,0,11200,0,0,0,9312449,9312449,2997
73401,289,688,1125,2,0,11200,0,0,0,9313777,9313777,2997
73417,289,732,1125,2,0,11200,0,0,0,9315194,9315194,2997
73435,289,780,1125,2,0,11200,0,0,0,9316747,9316747,2997
73450,289,837,1125,2,0,11200,0,0,0,9318316,9318316,2997
73466,289,904,1125,2,0,11200,0,0,0,9319923,9319923,2997
73481,289,974,1125,2,0,11200,0,0,0,9321930,9321930,2997
73497,289,1039,1125,2,0,11200,0,0,0,9324091,9324091,2997
73514,290,1103,1125,2,0,11200,0,0,0,9326038,9326038,2997
73529,290,28,1125,2,0,11200,0,0,0,9328275,9328275,2997
73544,290,133,1125,2,0,11200,0,0,0,9330569,9330569,2997
73560,290,189,1125,2,0,11200,0,0,0,9332796,9332796,2997
73575,290,245,1125,2,0,11200,0,0,0,9335075,9335075,2997
73590,290,319,1125,2,0,11200,0,0,0,9337246,9337246,2997
73606,290,398,1125,2,0,11200,0,0,0,9339146,9339146,2997
73621,290,478,1125,2,0,11200,0,0,0,9341229,9341229,2997
73636,290,529,1125,2,0,11200,0,0,0,9343004,9343004,2997
73651,290,597,1125,2,0,11200,0,0,0,9345010,9345010,2997
73666,290,665,1125,2,0,11200,0,0,0,9346878,9346878,2997
73682,290,707,1125,2,0,11200,0,0,0,9348587,9348587,2997
73698,290,755,1125,2,0,11200,0,0,0,9350015,9350015,2997
73713,290,841,1125,2,0,11200,0,0,0,9351685,9351685,2997
73729,290,903,1125,2,0,11200,0,0,0,9353430,9353430,2997
73744,290,949,1125,2,0,11200,0,0,0,9354904,9354904,2997
73760,290,1017,1125,2,0,11200,0,0,0,9356835,9356835,2997
73775,291,1086,1125,2,0,11200,0,0,0,9358712,9358712,2997
73790,291,15,1125,2,0,11200,0,0,0,9360598,9360598,2997
73806,291,111,1125,2,0,11200,0,0,0,9362802,9362802,2997
73821,291,179,1125,2,0,11200,0,0,0,9365317,9365317,2997
73836,291,229,1125,2,0,11200,0,0,0,9367599,9367599,2997
73852,291,285,1125,2,0,11200,0,0,0,9369780,9369780,2997
73867,291,355,1125,2,0,11200,0,0,0,9371928,9371928,2997
73882,291,445,1125,2,0,11200,0,0,0,9374076,9374076,2997
73897,291,504,1125,2,0,11200,0,0,0,9376259,9376259,2997
73912,291,586,1125,2,0,11200,0,0,0,9378332,9378332,2997
73928,291,645,1125,2,0,11200,0,0,0,9379922,9379922,2997
73943,291,696,1125,2,0,11200,0,0,0,9381579,9381579,2997
73958,291,759,1125,2,0,11200,0,0,0,9383194,9383194,2997
73975,291,800,1125,2,0,11200,0,0,0,9384667,9384667,2997
73990,291,858,1125,2,0,11200,0,0,0,9386203,9386203,2997
74005,291,926,1125,2,0,11200,0,0,0,9387913,9387913,2997
74020,291,978,1125,2,0,11200,0,0,0,9389723,9389723,2997
74035,291,1028,1125,2,0,11200,0,0,0,9391630,9391630,2997
74051,292,1104,1125,2,0,11200,0,0,0,9393716,9393716,2997
74066,292,44,1125,2,0,11200,0,0,0,9396187,9396187,2997
74082,292,152,1125,2,0,11200,0,0,0,9398548,9398548,2997
74097,292,206,1125,2,0,11200,0,0,0,9400482,9400482,2997
74113,292,269,1125,2,0,11200,0,0,0,9402866,9402866,2997
74128,292,322,1125,2,0,11200,0,0,0,9404985,9404985,2997
74144,292,385,1125,2,0,11200,0,0,0,9407061,9407061,2997
74159,292,453,1125,2,0,11200,0,0,0,9409022,9409022,2997
74175,292,503,1125,2,0,11200,0,0,0,9411209,9411209,2997
74194,292,556,1125,2,0,11200,0,0,0,9413244,9413244,2997
74210,292,645,1125,2,0,11200,0,0,0,9414826,9414826,2997
74225,292,696,1125,2,0,11200,0,0,0,9416612,9416612,2997
74240,292,750,1125,2,0,11200,0,0,0,9418016,9418016,2997
74258,292,788,1125,2,0,11200,0,0,0,9419524,9419524,2997
74273,292,849,1125,2,0,11200,0,0,0,9421008,9421008,2997
74288,292,917,1125,2,0,11200,0,0,0,9422894,9422894,2997
74303,292,968,1125,2,0,11200,0,0,0,9424784,9424784,2997
74318,292,1023,1125,2,0,11200,0,0,0,9426995,9426995,2997
74335,293,1103,1125,2,0,11200,0,0,0,9428810,9428810,2997
74350,293,39,1125,2,0,11200,0,0,0,9430991,9430991,2997
74367,293,136,1125,2,0,11200,0,0,0,9433189,9433189,2997
74382,293,191,1125,2,0,11200,0,0,0,9435605,9435605,2997
74397,293,247,1125,2,0,11200,0,0,0,9437776,9437776,2997
74412,293,313,1125,2,0,11200,0,0,0,9440001,9440001,2997
74427,293,383,1125,2,0,11200,0,0,0,9441844,9441844,2997
74442,293,453,1125,2,0,11200,0,0,0,9443892,9443892,2997
74458,293,514,1125,2,0,11200,0,0,0,9445789,9445789,2997
74473,293,583,1125,2,0,11200,0,0,0,9447498,9447498,2997
74488,293,669,1125,2,0,11200,0,0,0,9449469,9449469,2997
74503,293,732,1125,2,0,11200,0,0,0,9450985,9450985,2997
74519,293,785,1125,2,0,11200,0,0,0,9452708,9452708,2997
74534,293,847,1125,2,0,11200,0,0,0,9454475,9454475,2997
74549,293,917,1125,2,0,11200,0,0,0,9456359,9456359,2997
74564,293,993,1125,2,0,11200,0,0,0,9458395,9458395,2997
74579,294,1053,1125,2,0,11200,0,0,0,9460141,9460141,2997
74595,294,1124,1125,2,0,11200,0,0,0,9462205,9462205,2997
74611,294,90,1125,2,0,11200,0,0,0,9464685,9464685,2997
74626,294,158,1125,2,0,11200,0,0,0,9467048,9467048,2997
74641,294,214,1125,2,0,11200,0,0,0,9469082,9469082,2997
74656,294,264,1125,2,0,11200,0,0,0,9471398,9471398,2997
74671,294,327,1125,2,0,11200,0,0,0,9473447,9473447,2997
74687,294,385,1125,2,0,11200,0,0,0,9475524,9475524,2997
74702,294,457,1125,2,0,11200,0,0,0,9477495,9477495,2997
74717,294,508,1125,2,0,11200,0,0,0,9479395,9479395,2997
74732,294,558,1125,2,0,11200,0,0,0,9481114,9481114,2997
74748,294,633,1125,2,0,11200,0,0,0,9483062,9483062,2997
74763,294,700,1125,2,0,11200,0,0,0,9484908,9484908,2997
74778,294,767,1125,2,0,11200,0,0,0,9486557,9486557,2997
74793,294,790,1125,2,0,11200,0,0,0,9487732,9487732,2997
74809,294,865,1125,2,0,11200,0,0,0,9489399,9489399,2997
74825,294,915,1125,2,0,11200,0,0,0,9491173,9491173,2997
74840,294,974,1125,2,0,11200,0,0,0,9493110,9493110,2997
74855,295,1047,1125,2,0,11200,0,0,0,9495189,9495189,2997
74871,295,1103,1125,2,0,11200,0,0,0,9497070,9497070,2997
74886,295,44,1125,1,0,11200,0,0,0,9499171,9499171,2997
74901,295,136,1125,1,0,11200,0,0,0,9501456,9501456,2997
74917,295,191,1125,1,0,11200,0,0,0,9503962,9503962,2997
74932,295,237,1125,1,0,11200,0,0,0,9506045,9506045,2997
74947,295,290,1125,1,0,11200,0,0,0,9508345,9508345,2997
74963,295,357,1125,1,0,11200,0,0,0,9510396,9510396,2997
74978,295,440,1125,1,0,11200,0,0,0,9512373,9512373,2997
74994,295,497,1125,1,0,11200,0,0,0,9514412,9514412,2997
75009,295,545,1125,1,0,11200,0,0,0,9516258,9516258,2997
75024,295,629,1125,1,0,11200,0,0,0,9518428,9518428,2997
75040,295,685,1125,1,0,11200,0,0,0,9520115,9520115,2997
75055,295,732,1125,1,0,11200,0,0,0,9521600,9521600,2997
75071,295,794,1125,1,0,11200,0,0,0,9523401,9523401,2997
75086,295,848,1125,1,0,11200,0,0,0,9524810,9524810,2997
75102,295,914,1125,1,0,11200,0,0,0,9526366,9526366,2997
75118,295,980,1125,1,0,11200,0,0,0,9528436,9528436,2997
75134,296,1048,1125,1,0,11200,0,0,0,9530626,9530626,2997
75149,296,1111,1125,1,0,11200,0,0,0,9532587,9532587,2997
75164,296,58,1125,1,0,11200,0,0,0,9534903,9534903,2997
75179,296,152,1125,1,0,11200,0,0,0,9537181,9537181,2997
75194,296,211,1125,1,0,11200,0,0,0,9539385,9539385,2997
75209,296,270,1125,1,0,11200,0,0,0,9541512,9541512,2997
75225,296,329,1125,1,0,11200,0,0,0,9543599,9543599,2997
75241,296,402,1125,1,0,11200,0,0,0,9545707,9545707,2997
75256,296,462,1125,1,0,11200,0,0,0,9547647,9547647,2997
75271,296,523,1125,1,0,11200,0,0,0,9549678,9549678,2997
75288,296,608,1125,1,0,11200,0,0,0,9551623,9551623,2997
75304,296,676,1125,1,0,11200,0,0,0,9553615,9553615,2997
75320,296,719,1125,1,0,11200,0,0,0,9555173,9555173,2997
75335,296,784,1125,1,0,11200,0,0,0,9556730,9556730,2997
75351,296,838,1125,1,0,11200,0,0,0,9558172,9558172,2997
75366,296,914,1125,1,0,11200,0,0,0,9560018,9560018,2997
75381,296,986,1125,1,0,11200,0,0,0,9561840,9561840,2997
75397,297,1057,1125,1,0,11200,0,0,0,9564011,9564011,2997
75412,297,1112,1125,1,0,11200,0,0,0,9565658,9565658,2997
75427,297,84,1125,1,0,11200,0,0,0,9567882,9567882,2997
75443,297,170,1125,1,0,11200,0,0,0,9570249,9570249,2997
75458,297,229,1125,1,0,11200,0,0,0,9572453,9572453,2997
75473,297,293,1125,1,0,11200,0,0,0,9574792,9574792,2997
75488,297,347,1125,1,0,11200,0,0,0,9576805,9576805,2997
75504,297,445,1125,1,0,11200,0,0,0,9578924,9578924,2997
75519,297,494,1125,1,0,11200,0,0,0,9581010,9581010,2997
75534,297,545,1125,1,0,11200,0,0,0,9582977,9582977,2997
75549,297,625,1125,1,0,11200,0,0,0,9584965,9584965,2997
75565,297,683,1125,1,0,11200,0,0,0,9586878,9586878,2997
75581,297,732,1125,1,0,11200,0,0,0,9588437,9588437,2997
75597,297,785,1125,1,0,11200,0,0,0,9590056,9590056,2997
75612,297,847,1125,1,0,11200,0,0,0,9591660,9591660,2997
75628,297,914,1125,1,0,11200,0,0,0,9593574,9593574,2997
75644,297,978,1125,1,0,11200,0,0,0,9595400,9595400,2997
75659,297,1027,1125,1,0,11200,0,0,0,9597385,9597385,2997
75675,298,1103,1125,1,0,11200,0,0,0,9599309,9599309,2997
75690,298,25,1125,1,0,11200,0,0,0,9601645,9601645,2997
75705,298,131,1125,1,0,11200,0,0,0,9603845,9603845,2997
75720,298,180,1125,1,0,11200,0,0,0,9606272,9606272,2997
75735,298,239,1125,1,0,11200,0,0,0,9608570,9608570,2997
75751,298,301,1125,1,0,11200,0,0,0,9610826,9610826,2997
75767,298,369,1125,1,0,11200,0,0,0,9612953,9612953,2997
75783,298,469,1125,1,0,11200,0,0,0,9615003,9615003,2997
75798,298,510,1125,1,0,11200,0,0,0,9616900,9616900,2997
75813,298,567,1125,1,0,11200,0,0,0,9618742,9618742,2997
75828,298,650,1125,1,0,11200,0,0,0,9620700,9620700,2997
75843,298,698,1125,1,0,11200,0,0,0,9622448,9622448,2997
75858,298,745,1125,1,0,11200,0,0,0,9623756,9623756,2997
75876,298,780,1125,1,0,11200,0,0,0,9625020,9625020,2997
75892,298,848,1125,1,0,11200,0,0,0,9626841,9626841,2997
75908,298,927,1125,1,0,11200,0,0,0,9628705,9628705,2997
75923,298,985,1125,1,0,11200,0,0,0,9630522,9630522,2997
75938,298,1024,1125,1,0,11200,0,0,0,9632354,9632354,2997
75957,299,1103,1125,1,0,11200,0,0,0,9634253,9634253,2997
75973,299,47,1125,0,0,11200,0,0,0,9636566,9636566,2997
75988,299,148,1125,0,0,11200,0,0,0,9638811,9638811,2997
76003,299,211,1125,0,0,11200,0,0,0,9641214,9641214,2997
76019,299,264,1125,0,0,11200,0,0,0,9643503,9643503,2997
76034,299,325,1125,0,0,11200,0,0,0,9645501,9645501,2997
76049,299,403,1125,0,0,11200,0,0,0,9647521,9647521,2997
76066,299,457,1125,0,0,11200,0,0,0,9649234,9649234,2997
76081,299,514,1125,0,0,11200,0,0,0,9651107,9651107,2997
76096,299,583,1125,0,0,11200,0,0,0,9652826,9652826,2997
76111,299,654,1125,0,0,11200,0,0,0,9654701,9654701,2997
76127,299,707,1125,0,0,11200,0,0,0,9656614,9656614,2997
76142,299,768,1125,0,0,11200,0,0,0,9658254,9658254,2997
76157,299,810,1125,0,0,11200,0,0,0,9659564,9659564,2997
76173,299,876,1125,0,0,11200,0,0,0,9661405,9661405,2997
76189,299,955,1125,0,0,11200,0,0,0,9663325,9663325,2997
76204,299,1015,1125,0,0,11200,0,0,0,9665374,9665374,2997
76220,300,1082,1125,0,0,11200,0,0,0,9667133,9667133,2997
76235,300,11,1125,0,0,11200,0,0,0,9669023,9669023,2997
76251,300,110,1125,0,0,11200,0,0,0,9671290,9671290,2997
76266,300,165,1125,0,0,11200,0,0,0,9673535,9673535,2997
76281,300,210,1125,0,0,11200,0,0,0,9675336,9675336,2997
76296,300,268,1125,0,0,11200,0,0,0,9677551,9677551,2997
76312,300,322,1125,0,0,11200,0,0,0,9679593,9679593,2997
76327,300,384,1125,0,0,11200,0,0,0,9681262,9681262,2997
76342,300,456,1125,0,0,11200,0,0,0,9683052,9683052,2997
76357,300,530,1125,0,0,11200,0,0,0,9685096,9685096,2997
76372,300,607,1125,0,0,11200,0,0,0,9686850,9686850,2997
76388,300,649,1125,0,0,11200,0,0,0,9688137,9688137,2997
76404,300,700,1125,0,0,11200,0,0,0,9690065,9690065,2997
76419,300,749,1125,0,0,11200,0,0,0,9691502,9691502,2997
76434,300,788,1125,0,0,11200,0,0,0,9692974,9692974,2997
76449,300,868,1125,0,0,11200,0,0,0,9694741,9694741,2997
76465,300,928,1125,0,0,11200,0,0,0,9696548,9696548,2997
76480,300,987,1125,0,0,11200,0,0,0,9698324,9698324,2997
76496,301,1052,1125,0,0,11200,0,0,0,9700269,9700269,2997
76512,301,1103,1125,0,0,11200,0,0,0,9702025,9702025,2997
76527,301,27,1125,0,0,11200,0,0,0,9704169,9704169,2997
76543,301,120,1125,0,0,11200,0,0,0,9706252,9706252,2997
76558,301,184,1125,0,0,11200,0,0,0,9708645,9708645,2997
76573,301,234,1125,0,0,11200,0,0,0,9710766,9710766,2997
76588,301,289,1125,0,0,11200,0,0,0,9712803,9712803,2997
76603,301,338,1125,0,0,11200,0,0,0,9714613,9714613,2997
76618,301,433,1125,0,0,11200,0,0,0,9716757,9716757,2997
76634,301,488,1125,0,0,11200,0,0,0,9718663,9718663,2997
76649,301,543,1125,0,0,11200,0,0,0,9720544,9720544,2997
76664,301,607,1125,0,0,11200,0,0,0,9722107,9722107,2997
76679,301,658,1125,0,0,11200,0,0,0,9723685,9723685,2997
76695,301,719,1125,0,0,11200,0,0,0,9725387,9725387,2997
76711,301,783,1125,0,0,11200,0,0,0,9727100,9727100,2997
76726,301,838,1125,0,0,11200,0,0,0,9728737,9728737,2997
76741,301,908,1125,0,0,11200,0,0,0,9730728,9730728,2997
76757,301,987,1125,0,0,11200,0,0,0,9732549,9732549,2997
76772,302,1051,1125,0,0,11200,0,0,0,9734268,9734268,2997
76788,302,1105,1125,0,0,11200,0,0,0,9735753,9735753,2997
76804,302,18,1125,0,0,11200,0,0,0,9737459,9737459,2997
76819,302,127,1125,0,0,11200,0,0,0,9739791,9739791,2997
76834,302,180,1125,0,0,11200,0,0,0,9742198,9742198,2997
76850,302,223,1125,0,0,11200,0,0,0,9744271,9744271,2997
76865,302,288,1125,0,0,11200,0,0,0,9746492,9746492,2997
76881,302,344,1125,0,0,11200,0,0,0,9748518,9748518,2997
76897,302,434,1125,0,0,11200,0,0,0,9750525,9750525,2997
76912,302,490,1125,0,0,11200,0,0,0,9752521,9752521,2997
76927,302,543,1125,0,0,11200,0,0,0,9754530,9754530,2997
76945,302,608,1125,0,0,11200,0,0,0,9756405,9756405,2997
76961,302,680,1125,0,0,11200,0,0,0,9758354,9758354,2997
76976,302,731,1125,0,0,11200,0,0,0,9760040,9760040,2997
76991,302,787,1125,0,0,11200,0,0,0,9761521,9761521,2997
77006,302,851,1125,0,0,11200,0,0,0,9763411,9763411,2997
77021,302,908,1125,0,0,11200,0,0,0,9765132,9765132,2997
77036,302,963,1125,0,0,11200,0,0,0,9766768,9766768,2997
77051,302,1031,1125,0,0,11200,0,0,0,9768755,9768755,2997
77067,303,1106,1125,0,0,11200,0,0,0,9770729,9770729,2997
77082,303,34,1125,0,0,11200,0,0,0,9773194,9773194,2997
77097,303,123,1125,0,0,11200,0,0,0,9775322,9775322,2997
77113,303,196,1125,0,0,11200,0,0,0,9777726,9777726,2997
77128,303,247,1125,0,0,11200,0,0,0,9779884,9779884,2997
77144,303,306,1125,0,0,11200,0,0,0,9782020,9782020,2997
77159,303,365,1125,0,0,11200,0,0,0,9784018,9784018,2997
77174,303,450,1125,0,0,11200,0,0,0,9786113,9786113,2997
77189,303,502,1125,0,0,11200,0,0,0,9788105,9788105,2997
77206,303,555,1125,0,0,11200,0,0,0,9790014,9790014,2997
77222,303,629,1125,0,0,11200,0,0,0,9791706,9791706,2997
77238,303,698,1125,0,0,11200,0,0,0,9793660,9793660,2997
77254,303,752,1125,0,0,11200,0,0,0,9795139,9795139,2997
77269,303,817,1125,0,0,11200,0,0,0,9796734,9796734,2997
77284,303,861,1125,0,0,11200,0,0,0,9798278,9798278,2997
77300,303,927,1125,0,0,11200,0,0,0,9800157,9800157,2997
77316,303,981,1125,0,0,11200,0,0,0,9801829,9801829,2997
77331,303,1023,1125,0,0,11200,0,0,0,9803680,9803680,2997
77347,304,1085,1125,0,0,11200,0,0,0,9805341,9805341,2997
77362,304,16,1125,0,0,11200,0,0,0,9807532,9807532,2997
77377,304,99,1125,0,0,11200,0,0,0,9809667,9809667,2997
77392,304,152,1125,0,0,11200,0,0,0,9812009,9812009,2997
77408,304,208,1125,0,0,11200,0,0,0,9814370,9814370,2997
77423,304,252,1125,0,0,11200,0,0,0,9816513,9816513,2997
77438,304,306,1125,0,0,11200,0,0,0,9818627,9818627,2997
77453,304,383,1125,0,0,11200,0,0,0,9820801,9820801,2997
77468,304,460,1125,0,0,11200,0,0,0,9822919,9822919,2997
77484,304,509,1125,0,0,11200,0,0,0,9824717,9824717,2997
77499,304,586,1125,0,0,11200,0,0,0,9826717,9826717,2997
77514,304,649,1125,0,0,11200,0,0,0,9828168,9828168,2997
77529,304,700,1125,0,0,11200,0,0,0,9830000,9830000,2997
77545,304,741,1125,0,0,11200,0,0,0,9831247,9831247,2997
77560,304,780,1125,0,0,11200,0,0,0,9832680,9832680,2997
77577,304,826,1125,0,0,11200,0,0,0,9833734,9833734,2997
77594,304,891,1125,0,0,11200,0,0,0,9835540,9835540,2997
77609,304,941,1125,0,0,11200,0,0,0,9837062,9837062,2997
77625,304,999,1125,0,0,11200,0,0,0,9839081,9839081,2997
77640,305,1074,1125,0,0,11200,0,0,0,9841112,9841112,2997
77655,305,7,1125,0,0,11200,0,0,0,9842912,9842912,2997
77671,305,106,1125,0,0,11200,0,0,0,9845293,9845293,2997
77686,305,171,1125,0,0,11200,0,0,0,9847662,9847662,2997
77702,305,221,1125,0,0,11200,0,0,0,9850058,9850058,2997
77717,305,287,1125,0,0,11200,0,0,0,9852246,9852246,2997
77733,305,357,1125,0,0,11200,0,0,0,9854392,9854392,2997
77748,305,457,1125,0,0,11200,0,0,0,9856476,9856476,2997
77763,305,508,1125,0,0,11200,0,0,0,9858413,9858413,2997
77778,305,556,1125,0,0,11200,0,0,0,9860239,9860239,2997
77795,305,633,1125,0,0,11200,0,0,0,9862156,9862156,2997
77811,305,687,1125,0,0,11200,0,0,0,9864090,9864090,2997
77826,305,724,1125,0,0,11200,0,0,0,9865539,9865539,2997
77841,305,785,1125,0,0,11200,0,0,0,9867096,9867096,2997
77856,305,854,1125,0,0,11200,0,0,0,9868850,9868850,2997
77872,305,915,1125,0,0,11200,0,0,0,9870609,9870609,2997
77887,305,974,1125,0,0,11200,0,0,0,9872521,9872521,2997
77903,305,1039,1125,0,0,11200,0,0,0,9874559,9874559,2997
77918,306,1099,1126,1,0,11200,0,0,0,9876248,9876248,2998
77933,306,27,1126,0,0,11200,0,0,0,9878402,9878402,2998
77949,306,128,1126,0,0,11200,0,0,0,9880459,9880459,2998
77964,306,184,1126,0,0,11200,0,0,0,9882760,9882760,2998
77979,306,230,1126,0,0,11200,0,0,0,9884852,9884852,2998
77995,306,300,1126,0,0,11200,0,0,0,9887043,9887043,2998
78010,306,360,1126,0,0,11200,0,0,0,9889176,9889176,2998
78025,306,435,1126,0,0,11200,0,0,0,9891099,9891099,2998
78040,306,490,1126,0,0,11200,0,0,0,9893266,9893266,2998
78056,306,547,1126,0,0,11200,0,0,0,9895312,9895312,2998
78071,306,650,1126,0,0,11200,0,0,0,9897272,9897272,2998
78087,306,702,1126,0,0,11200,0,0,0,9899103,9899103,2998
78102,306,750,1126,0,0,11200,0,0,0,9900506,9900506,2998
78117,306,794,1126,0,0,11200,0,0,0,9902129,9902129,2998
78132,306,861,1126,0,0,11200,0,0,0,9903839,9903839,2998
78148,306,938,1126,0,0,11200,0,0,0,9905538,9905538,2998
78163,306,1005,1126,0,0,11200,0,0,0,9907451,9907451,2998
78178,307,1068,1126,0,0,11200,0,0,0,9909137,9909137,2998
78194,307,1115,1126,0,0,11200,0,0,0,9910719,9910719,2998
78209,307,46,1126,0,0,11200,0,0,0,9913034,9913034,2998
78225,307,145,1126,0,0,11200,0,0,0,9915320,9915320,2998
78240,307,196,1126,0,0,11200,0,0,0,9917409,9917409,2998
78256,307,242,1126,0,0,11200,0,0,0,9919375,9919375,2998
78271,307,314,1126,0,0,11200,0,0,0,9921389,9921389,2998
78286,307,369,1126,0,0,11200,0,0,0,9923220,9923220,2998
78301,307,452,1126,0,0,11200,0,0,0,9925316,9925316,2998
78316,307,500,1126,0,0,11200,0,0,0,9927249,9927249,2998
78332,307,555,1126,0,0,11200,0,0,0,9929283,9929283,2998
78348,307,626,1126,0,0,11200,0,0,0,9931130,9931130,2998
78363,307,688,1126,0,0,11200,0,0,0,9933012,9933012,2998
78379,307,750,1126,0,0,11200,0,0,0,9934498,9934498,2998
78395,307,790,1126,0,0,11200,0,0,0,9936013,9936013,2998
78410,307,856,1126,0,0,11200,0,0,0,9937689,9937689,2998
78425,307,930,1126,0,0,11200,0,0,0,9939664,9939664,2998
78440,307,998,1126,0,0,11200,0,0,0,9941589,9941589,2998
78455,308,1068,1126,0,0,11200,0,0,0,9943674,9943674,2998
78471,308,1112,1126,0,0,11200,0,0,0,9945410,9945410,2998
78486,308,29,1126,0,0,11200,0,0,0,9947603,9947603,2998
78501,308,134,1126,0,0,11200,0,0,0,9949954,9949954,2998
78517,308,186,1126,0,0,11200,0,0,0,9952432,9952432,2998
78532,308,245,1126,0,0,11200,0,0,0,9954482,9954482,2998
78547,308,307,1126,0,0,11200,0,0,0,9956487,9956487,2998
78563,308,369,1126,0,0,11200,0,0,0,9958653,9958653,2998
78578,308,452,1126,0,0,11200,0,0,0,9960707,9960707,2998
78594,308,503,1126,0,0,11200,0,0,0,9962702,9962702,2998
78609,308,558,1126,0,0,11200,0,0,0,9964632,9964632,2998
78626,308,633,1126,0,0,11200,0,0,0,9966558,9966558,2998
78641,308,706,1126,0,0,11200,0,0,0,9968521,9968521,2998
78656,308,755,1126,0,0,11200,0,0,0,9969990,9969990,2998
78672,308,826,1126,0,0,11200,0,0,0,9971491,9971491,2998
78687,308,896,1126,0,0,11200,0,0,0,9973429,9973429,2998
78702,308,969,1126,0,0,11200,0,0,0,9975473,9975473,2998
78718,308,1023,1126,0,0,11200,0,0,0,9977488,9977488,2998
78733,309,1099,1126,0,0,11200,0,0,0,9979287,9979287,2998
78748,309,23,1126,0,0,11200,0,0,0,9981504,9981504,2998
78763,309,125,1126,0,0,11200,0,0,0,9983740,9983740,2998
78778,309,188,1126,0,0,11200,0,0,0,9986079,9986079,2998
78794,309,240,1126,0,0,11200,0,0,0,9988112,9988112,2998
78809,309,301,1126,0,0,11200,0,0,0,9990361,9990361,2998
78825,309,387,1126,0,0,11200,0,0,0,9992485,9992485,2998
78840,309,469,1126,0,0,11200,0,0,0,9994498,9994498,2998
78855,309,525,1127,1,0,11200,0,0,0,9996353,9996353,2998
78871,309,567,1127,1,0,11200,0,0,0,9998105,9998105,2998
78887,309,646,1127,1,0,11200,0,0,0,10000034,10000034,2998
78902,309,690,1127,1,0,11200,0,0,0,10001581,10001581,2998
78918,309,740,1127,1,0,11200,0,0,0,10003080,10003080,2998
78933,309,787,1127,1,0,11200,0,0,0,10004594,10004594,2998
78948,309,861,1127,1,0,11200,0,0,0,10006240,10006240,2998
78964,309,930,1127,1,0,11200,0,0,0,10008077,10008077,2998
78979,309,998,1127,1,0,11200,0,0,0,10010144,10010144,2998
78995,310,1052,1128,2,0,11200,0,0,0,10011886,10011886,2998
79010,310,1108,1128,2,0,11200,0,0,0,10013630,10013630,2998
79026,310,71,1128,1,0,11200,0,0,0,10015974,10015974,2998
79041,310,141,1128,1,0,11200,0,0,0,10018204,10018204,2998
79056,310,198,1128,1,0,11200,0,0,0,10020331,10020331,2998
79071,310,254,1128,1,0,11200,0,0,0,10022509,10022509,2998
79087,310,330,1128,1,0,11200,0,0,0,10024754,10024754,2998
79102,310,399,1128,1,0,11200,0,0,0,10026795,10026795,2998
79117,310,481,1128,1,0,11200,0,0,0,10028930,10028930,2998
79133,310,530,1128,1,0,11200,0,0,0,10030829,10030829,2998
79148,310,607,1128,1,0,11200,0,0,0,10032729,10032729,2998
79163,310,675,1128,1,0,11200,0,0,0,10034483,10034483,2998
79179,310,719,1128,1,0,11200,0,0,0,10036040,10036040,2998
79194,310,774,1128,1,0,11200,0,0,0,10037657,10037657,2998
79209,310,832,1128,1,0,11200,0,0,0,10039262,10039262,2998
79224,310,913,1129,2,0,11200,0,0,0,10041100,10041100,2999
79240,310,971,1129,2,0,11200,0,0,0,10042914,10042914,2999
79255,310,1020,1129,2,0,11200,0,0,0,10044831,10044831,2999
79270,311,1100,1129,2,0,11200,0,0,0,10046831,10046831,2999
79286,311,16,1129,1,0,11200,0,0,0,10048911,10048911,2999
79301,311,127,1129,1,0,11200,0,0,0,10051277,10051277,2999
79316,311,188,1129,1,0,11200,0,0,0,10053677,10053677,2999
79332,311,237,1129,1,0,11200,0,0,0,10055724,10055724,2999
79347,311,301,1129,1,0,11200,0,0,0,10057700,10057700,2999
79362,311,385,1129,1,0,11200,0,0,0,10059797,10059797,2999
79377,311,453,1129,1,0,11200,0,0,0,10061780,10061780,2999
79393,311,503,1129,1,0,11200,0,0,0,10063696,10063696,2999
79408,311,570,1129,1,0,11200,0,0,0,10065755,10065755,2999
79424,311,646,1129,1,0,11200,0,0,0,10067382,10067382,2999
79439,311,687,1129,1,0,11200,0,0,0,10069077,10069077,2999
79455,311,731,1129,1,0,11200,0,0,0,10070461,10070461,2999
79471,311,780,1129,1,0,11200,0,0,0,10072004,10072004,2999
79486,311,838,1129,1,0,11200,0,0,0,10073276,10073276,2999
79501,311,896,1129,1,0,11200,0,0,0,10075179,10075179,2999
79517,311,955,1129,1,0,11200,0,0,0,10077024,10077024,2999
79532,311,1012,1129,1,0,11200,0,0,0,10078928,10078928,2999
79548,312,1057,1130,2,0,11200,0,0,0,10080721,10080721,2999
79563,312,1108,1130,2,0,11200,0,0,0,10082255,10082255,2999
79578,312,39,1131,2,0,11200,0,0,0,10084399,10084399,3001
79593,312,134,1131,2,0,11200,0,0,0,10086622,10086622,3001
79609,312,187,1131,2,0,11200,0,0,0,10088898,10088898,3001
79624,312,238,1131,2,0,11200,0,0,0,10091158,10091158,3001
79639,312,300,1131,2,0,11200,0,0,0,10093180,10093180,3001
79656,312,369,1131,2,0,11200,0,0,0,10095247,10095247,3001
79671,312,445,1131,2,0,11200,0,0,0,10097168,10097168,3001
79686,312,492,1131,2,0,11200,0,0,0,10099299,10099299,3001
79701,312,538,1131,2,0,11200,0,0,0,10100915,10100915,3001
79716,312,603,1131,2,0,11200,0,0,0,10102547,10102547,3001
79732,312,659,1131,2,0,11200,0,0,0,10104349,10104349,3001
79747,312,718,1131,2,0,11200,0,0,0,10106082,10106082,3001
79764,312,774,1131,2,0,11200,0,0,0,10107690,10107690,3001
79779,312,821,1131,2,0,11200,0,0,0,10109142,10109142,3001
79795,312,891,1131,2,0,11200,0,0,0,10110984,10110984,3001
79810,312,949,1131,2,0,11200,0,0,0,10112419,10112419,3001
79826,312,1005,1131,2,0,11200,0,0,0,10114366,10114366,3001
79841,313,1078,1131,2,0,11200,0,0,0,10116392,10116392,3001
79856,313,1125,1131,2,0,11200,0,0,0,10117940,10117940,3001
79872,313,84,1131,2,0,11200,0,0,0,10120121,10120121,3001
79887,313,145,1131,2,0,11200,0,0,0,10122353,10122353,3001
79902,313,186,1131,2,0,11200,0,0,0,10124513,10124513,3001
79917,313,242,1131,2,0,11200,0,0,0,10126545,10126545,3001
79933,313,306,1131,2,0,11200,0,0,0,10128652,10128652,3001
79948,313,383,1131,2,0,11200,0,0,0,10130830,10130830,3001
79966,313,457,1131,2,0,11200,0,0,0,10132811,10132811,3001
79981,313,503,1131,2,0,11200,0,0,0,10134725,10134725,3001
79996,313,581,1131,2,0,11200,0,0,0,10136870,10136870,3001
80012,313,645,1131,2,0,11200,0,0,0,10138628,10138628,3001
80027,313,695,1131,2,0,11200,0,0,0,10140108,10140108,3001
80043,313,745,1131,2,0,11200,0,0,0,10141529,10141529,3001
80058,313,780,1131,2,0,11200,0,0,0,10142863,10142863,3001
80074,313,831,1131,2,0,11200,0,0,0,10144414,10144414,3001
80089,313,910,1131,2,0,11200,0,0,0,10146271,10146271,3001
80104,313,969,1131,2,0,11200,0,0,0,10147949,10147949,3001
80119,313,1022,1131,2,0,11200,0,0,0,10149891,10149891,3001
80135,314,1085,1131,2,0,11200,0,0,0,10151576,10151576,3001
80150,314,10,1131,2,0,11200,0,0,0,10153552,10153552,3001
80165,314,118,1131,2,0,11200,0,0,0,10155822,10155822,3001
80180,314,167,1131,2,0,11200,0,0,0,10158004,10158004,3001
80196,314,219,1131,2,0,11200,0,0,0,10160081,10160081,3001
80211,314,282,1131,2,0,11200,0,0,0,10162317,10162317,3001
80226,314,357,1131,2,0,11200,0,0,0,10164385,10164385,3001
80241,314,446,1131,2,0,11200,0,0,0,10166410,10166410,3001
80256,314,504,1131,2,0,11200,0,0,0,10168344,10168344,3001
80271,314,573,1131,2,0,11200,0,0,0,10170523,10170523,3001
80287,314,654,1131,2,0,11200,0,0,0,10172458,10172458,3001
80302,314,703,1131,2,0,11200,0,0,0,10173978,10173978,3001
80317,314,778,1131,2,0,11200,0,0,0,10175697,10175697,3001
80332,314,810,1131,2,0,11200,0,0,0,10176727,10176727,3001
80347,314,887,1131,2,0,11200,0,0,0,10178628,10178628,3001
80363,314,935,1131,2,0,11200,0,0,0,10180146,10180146,3001
80378,314,986,1131,2,0,11200,0,0,0,10182067,10182067,3001
80393,315,1049,1131,2,0,11200,0,0,0,10184056,10184056,3001
80409,315,1103,1131,2,0,11200,0,0,0,10185540,10185540,3001
80425,315,39,1131,2,0,11200,0,0,0,10187981,10187981,3001
80440,315,131,1131,2,0,11200,0,0,0,10190046,10190046,3001
80455,315,188,1131,2,0,11200,0,0,0,10192394,10192394,3001
80471,315,230,1131,2,0,11200,0,0,0,10194423,10194423,3001
80486,315,279,1131,2,0,11200,0,0,0,10196454,10196454,3001
80501,315,348,1131,2,0,11200,0,0,0,10198614,10198614,3001
80517,315,450,1131,2,0,11200,0,0,0,10200700,10200700,3001
80532,315,513,1131,2,0,11200,0,0,0,10202618,10202618,3001
80547,315,559,1131,2,0,11200,0,0,0,10204578,10204578,3001
80563,315,625,1131,2,0,11200,0,0,0,10206006,10206006,3001
80578,315,695,1131,2,0,11200,0,0,0,10208078,10208078,3001
80593,315,745,1131,2,0,11200,0,0,0,10209388,10209388,3001
80611,315,788,1131,2,0,11200,0,0,0,10210975,10210975,3001
80626,315,868,1131,2,0,11200,0,0,0,10212850,10212850,3001
80641,315,927,1131,2,0,11200,0,0,0,10214506,10214506,3001
80656,315,992,1131,2,0,11200,0,0,0,10216343,10216343,3001
80671,316,1070,1131,2,0,11200,0,0,0,10218215,10218215,3001
80687,316,1127,1131,1,0,11200,0,0,0,10220086,10220086,3001
80702,316,83,1131,1,0,11200,0,0,0,10222404,10222404,3001
80717,316,139,1131,1,0,11200,0,0,0,10224625,10224625,3001
80732,316,206,1131,1,0,11200,0,0,0,10226969,10226969,3001
80747,316,252,1131,1,0,11200,0,0,0,10228934,10228934,3001
80763,316,331,1131,1,0,11200,0,0,0,10231101,10231101,3001
80778,316,405,1131,1,0,11200,0,0,0,10233304,10233304,3001
80793,316,471,1131,1,0,11200,0,0,0,10235418,10235418,3001
80808,316,514,1131,1,0,11200,0,0,0,10237187,10237187,3001
80824,316,583,1131,1,0,11200,0,0,0,10239141,10239141,3001
80839,316,655,1131,1,0,11200,0,0,0,10241018,10241018,3001
80855,316,703,1131,1,0,11200,0,0,0,10242553,10242553,3001
80870,316,768,1131,1,0,11200,0,0,0,10244088,10244088,3001
80887,316,805,1131,1,0,11200,0,0,0,10245250,10245250,3001
80902,316,882,1131,1,0,11200,0,0,0,10247008,10247008,3001
80917,316,947,1131,1,0,11200,0,0,0,10248715,10248715,3001
80932,316,1015,1131,1,0,11200,0,0,0,10250695,10250695,3001
80947,317,1085,1131,1,0,11200,0,0,0,10252671,10252671,3001
80962,317,1128,1131,1,0,11200,0,0,0,10254277,10254277,3001
80978,317,83,1131,1,0,11200,0,0,0,10256706,10256706,3001
80993,317,155,1131,1,0,11200,0,0,0,10259115,10259115,3001
81008,317,214,1131,1,0,11200,0,0,0,10261172,10261172,3001
81024,317,271,1131,1,0,11200,0,0,0,10263242,10263242,3001
81039,317,336,1131,1,0,11200,0,0,0,10265276,10265276,3001
81054,317,423,1131,1,0,11200,0,0,0,10267358,10267358,3001
81069,317,486,1131,1,0,11200,0,0,0,10269364,10269364,3001
81084,317,530,1131,1,0,11200,0,0,0,10271283,10271283,3001
81099,317,607,1131,1,0,11200,0,0,0,10273389,10273389,3001
81115,317,676,1131,1,0,11200,0,0,0,10275186,10275186,3001
81130,317,722,1131,1,0,11200,0,0,0,10276687,10276687,3001
81145,317,781,1131,1,0,11200,0,0,0,10278324,10278324,3001
81161,317,876,1131,1,0,11200,0,0,0,10280280,10280280,3001
81176,317,938,1131,1,0,11200,0,0,0,10281876,10281876,3001
81191,317,990,1131,1,0,11200,0,0,0,10283828,10283828,3001
81206,317,1042,1131,1,0,11200,0,0,0,10285572,10285572,3001
81222,318,1103,1131,1,0,11200,0,0,0,10287428,10287428,3001
81237,318,21,1131,1,0,11200,0,0,0,10289623,10289623,3001
81252,318,127,1131,1,0,11200,0,0,0,10291803,10291803,3001
81268,318,184,1131,1,0,11200,0,0,0,10294193,10294193,3001
81284,318,237,1131,1,0,11200,0,0,0,10296386,10296386,3001
81299,318,292,1131,1,0,11200,0,0,0,10298581,10298581,3001
81315,318,377,1131,1,0,11200,0,0,0,10300676,10300676,3001
81330,318,447,1131,1,0,11200,0,0,0,10302723,10302723,3001
81345,318,489,1131,1,0,11200,0,0,0,10304276,10304276,3001
81360,318,539,1131,1,0,11200,0,0,0,10306099,10306099,3001
81375,318,617,1131,1,0,11200,0,0,0,10308186,10308186,3001
81391,318,670,1131,1,0,11200,0,0,0,10309939,10309939,3001
81406,318,712,1132,2,0,11200,0,0,0,10311501,10311501,3003
81421,318,766,1132,2,0,11200,0,0,0,10312885,10312885,3003
81436,318,826,1132,2,0,11200,0,0,0,10314533,10314533,3003
81453,318,915,1132,2,0,11200,0,0,0,10316429,10316429,3003
81468,318,966,1132,2,0,11200,0,0,0,10318158,10318158,3003
81483,318,1033,1132,2,0,11200,0,0,0,10320074,10320074,3003
81498,319,1112,1133,3,0,11200,0,0,0,10321783,10321783,3003
81513,319,28,1133,2,0,11200,0,0,0,10323966,10323966,3003
81529,319,120,1133,2,0,11200,0,0,0,10326159,10326159,3003
81544,319,181,1133,2,0,11200,0,0,0,10328539,10328539,3003
81559,319,238,1133,2,0,11200,0,0,0,10330703,10330703,3003
81574,319,296,1133,2,0,11200,0,0,0,10332945,10332945,3003
81590,319,369,1133,2,0,11200,0,0,0,10334990,10334990,3003
81606,319,450,1133,2,0,11200,0,0,0,10337172,10337172,3003
81621,319,503,1133,2,0,11200,0,0,0,10339093,10339093,3003
81636,319,570,1133,2,0,11200,0,0,0,10340948,10340948,3003
81651,319,633,1133,2,0,11200,0,0,0,10342746,10342746,3003
81667,319,685,1133,2,0,11200,0,0,0,10344379,10344379,3003
81682,319,719,1133,2,0,11200,0,0,0,10345596,10345596,3003
81698,319,780,1133,2,0,11200,0,0,0,10347221,10347221,3003
81714,319,851,1133,2,0,11200,0,0,0,10348786,10348786,3003
81729,319,905,1133,2,0,11200,0,0,0,10350416,10350416,3003
81745,319,960,1133,2,0,11200,0,0,0,10352043,10352043,3003
81761,319,1016,1133,2,0,11200,0,0,0,10354114,10354114,3003
81776,320,1094,1133,2,0,11200,0,0,0,10356239,10356239,3003
81791,320,17,1133,2,0,11200,0,0,0,10358376,10358376,3003
81806,320,127,1133,2,0,11200,0,0,0,10360873,10360873,3003
81822,320,189,1133,2,0,11200,0,0,0,10363309,10363309,3003
81837,320,243,1133,2,0,11200,0,0,0,10365491,10365491,3003
81852,320,306,1133,2,0,11200,0,0,0,10367564,10367564,3003
81867,320,366,1133,2,0,11200,0,0,0,10369564,10369564,3003
81882,320,455,1133,2,0,11200,0,0,0,10371706,10371706,3003
81898,320,516,1133,2,0,11200,0,0,0,10373798,10373798,3003
81913,320,572,1133,2,0,11200,0,0,0,10375774,10375774,3003
81929,320,651,1133,2,0,11200,0,0,0,10377721,10377721,3003
81944,320,696,1133,2,0,11200,0,0,0,10379285,10379285,3003
81960,320,730,1133,2,0,11200,0,0,0,10380505,10380505,3003
81975,320,784,1133,2,0,11200,0,0,0,10382027,10382027,3003
81991,320,840,1133,2,0,11200,0,0,0,10383052,10383052,3003
82006,320,891,1133,2,0,11200,0,0,0,10384670,10384670,3003
82021,320,945,1133,2,0,11200,0,0,0,10386492,10386492,3003
82036,320,1006,1133,2,0,11200,0,0,0,10388348,10388348,3003
82052,321,1069,1133,2,0,11200,0,0,0,10390339,10390339,3003
82067,321,1119,1133,2,0,11200,0,0,0,10391972,10391972,3003
82083,321,32,1133,2,0,11200,0,0,0,10394412,10394412,3003
82098,321,128,1133,2,0,11200,0,0,0,10396492,10396492,3003
82113,321,189,1133,2,0,11200,0,0,0,10398880,10398880,3003
82129,321,238,1133,2,0,11200,0,0,0,10400869,10400869,3003
82144,321,294,1133,2,0,11200,0,0,0,10402920,10402920,3003
82161,321,356,1133,2,0,11200,0,0,0,10404841,10404841,3003
82176,321,436,1133,2,0,11200,0,0,0,10406698,10406698,3003
82192,321,486,1133,2,0,11200,0,0,0,10408699,10408699,3003
82207,321,543,1133,2,0,11200,0,0,0,10410576,10410576,3003
82225,321,608,1133,2,0,11200,0,0,0,10412209,10412209,3003
82241,321,679,1133,2,0,11200,0,0,0,10413997,10413997,3003
82257,321,731,1133,2,0,11200,0,0,0,10415619,10415619,3003
82272,321,774,1133,2,0,11200,0,0,0,10416997,10416997,3003
82288,321,849,1133,2,0,11200,0,0,0,10418613,10418613,3003
82304,321,927,1133,2,0,11200,0,0,0,10420653,10420653,3003
82319,321,990,1133,2,0,11200,0,0,0,10422578,10422578,3003
82335,322,1062,1133,2,0,11200,0,0,0,10424524,10424524,3003
82350,322,1118,1133,2,0,11200,0,0,0,10426561,10426561,3003
82365,322,78,1133,2,0,11200,0,0,0,10428930,10428930,3003
82380,322,147,1133,2,0,11200,0,0,0,10431347,10431347,3003
82396,322,216,1133,2,0,11200,0,0,0,10433862,10433862,3003
82411,322,271,1133,2,0,11200,0,0,0,10435918,10435918,3003
82426,322,327,1133,2,0,11200,0,0,0,10437946,10437946,3003
82442,322,406,1133,2,0,11200,0,0,0,10439997,10439997,3003
82457,322,469,1133,2,0,11200,0,0,0,10441690,10441690,3003
82472,322,504,1133,2,0,11200,0,0,0,10443326,10443326,3003
82487,322,584,1133,2,0,11200,0,0,0,10445429,10445429,3003
82502,322,650,1133,2,0,11200,0,0,0,10447015,10447015,3003
82517,322,701,1133,2,0,11200,0,0,0,10448584,10448584,3003
82533,322,751,1133,2,0,11200,0,0,0,10449919,10449919,3003
82548,322,805,1133,2,0,11200,0,0,0,10451116,10451116,3003
82564,322,868,1133,2,0,11200,0,0,0,10452463,10452463,3003
82579,322,941,1133,2,0,11200,0,0,0,10454379,10454379,3003
82594,322,993,1133,2,0,11200,0,0,0,10456403,10456403,3003
82609,323,1051,1133,2,0,11200,0,0,0,10457990,10457990,3003
82624,323,1104,1133,2,0,11200,0,0,0,10459835,10459835,3003
82640,323,27,1133,2,0,11200,0,0,0,10462276,10462276,3003
82655,323,128,1133,2,0,11200,0,0,0,10464624,10464624,3003
82670,323,184,1133,2,0,11200,0,0,0,10467003,10467003,3003
82686,323,224,1133,2,0,11200,0,0,0,10468924,10468924,3003
82701,323,292,1133,2,0,11200,0,0,0,10471007,10471007,3003
82716,323,365,1133,2,0,11200,0,0,0,10473051,10473051,3003
82732,323,438,1133,2,0,11200,0,0,0,10474983,10474983,3003
82747,323,492,1133,2,0,11200,0,0,0,10476979,10476979,3003
82763,323,546,1133,2,0,11200,0,0,0,10478975,10478975,3003
82778,323,620,1133,2,0,11200,0,0,0,10480887,10480887,3003
82793,323,679,1133,2,0,11200,0,0,0,10482758,10482758,3003
82809,323,738,1133,2,0,11200,0,0,0,10484422,10484422,3003
82826,323,788,1133,2,0,11200,0,0,0,10486078,10486078,3003
82842,323,849,1133,2,0,11200,0,0,0,10487441,10487441,3003
82857,323,908,1133,2,0,11200,0,0,0,10489090,10489090,3003
82872,323,963,1133,2,0,11200,0,0,0,10490593,10490593,3003
82887,323,1019,1133,2,0,11200,0,0,0,10492610,10492610,3003
82902,324,1073,1133,2,0,11200,0,0,0,10494444,10494444,3003
82918,324,2,1133,2,0,11200,0,0,0,10496243,10496243,3003
82933,324,105,1133,2,0,11200,0,0,0,10498569,10498569,3003
82948,324,172,1133,2,0,11200,0,0,0,10501087,10501087,3003
82963,324,229,1133,2,0,11200,0,0,0,10503167,10503167,3003
82979,324,290,1133,2,0,11200,0,0,0,10505415,10505415,3003
82994,324,350,1133,2,0,11200,0,0,0,10507578,10507578,3003
83010,324,434,1133,2,0,11200,0,0,0,10509625,10509625,3003
83025,324,485,1133,2,0,11200,0,0,0,10511703,10511703,3003
83040,324,539,1133,2,0,11200,0,0,0,10513605,10513605,3003
83055,324,612,1133,2,0,11200,0,0,0,10515182,10515182,3003
83071,324,670,1133,2,0,11200,0,0,0,10516986,10516986,3003
83086,324,714,1134,3,0,11200,0,0,0,10518730,10518730,3003
83101,324,775,1134,3,0,11200,0,0,0,10520364,10520364,3003
83117,324,828,1134,3,0,11200,0,0,0,10521932,10521932,3003
83132,324,901,1134,3,0,11200,0,0,0,10523778,10523778,3003
83147,324,964,1134,3,0,11200,0,0,0,10525474,10525474,3003
83163,324,1017,1134,3,0,11200,0,0,0,10527414,10527414,3003
83179,325,1083,1134,3,0,11200,0,0,0,10529068,10529068,3003
83194,325,8,1134,3,0,11200,0,0,0,10530900,10530900,3003
83209,325,107,1134,3,0,11200,0,0,0,10533063,10533063,3003
83225,325,168,1134,3,0,11200,0,0,0,10535499,10535499,3003
83240,325,218,1134,3,0,11200,0,0,0,10537527,10537527,3003
83255,325,282,1134,3,0,11200,0,0,0,10539583,10539583,3003
83270,325,329,1134,3,0,11200,0,0,0,10541297,10541297,3003
83285,325,401,1134,3,0,11200,0,0,0,10543343,10543343,3003
83301,325,476,1134,3,0,11200,0,0,0,10545436,10545436,3003
83316,325,516,1134,3,0,11200,0,0,0,10547258,10547258,3003
83331,325,586,1134,3,0,11200,0,0,0,10548920,10548920,3003
83346,325,638,1134,3,0,11200,0,0,0,10550478,10550478,3003
83362,325,694,1134,3,0,11200,0,0,0,10552246,10552246,3003
83377,325,739,1134,3,0,11200,0,0,0,10553492,10553492,3003
83392,325,784,1134,3,0,11200,0,0,0,10554972,10554972,3003
83408,325,851,1134,3,0,11200,0,0,0,10556482,10556482,3003
83423,325,921,1134,3,0,11200,0,0,0,10558345,10558345,3003
83438,325,983,1134,3,0,11200,0,0,0,10560095,10560095,3003
83453,325,1049,1134,3,0,11200,0,0,0,10561965,10561965,3003
83469,326,1112,1134,3,0,11200,0,0,0,10563830,10563830,3003
83484,326,37,1135,3,0,11200,0,0,0,10566145,10566145,3005
83499,326,135,1135,3,0,11200,0,0,0,10568403,10568403,3005
83515,326,196,1135,3,0,11200,0,0,0,10570660,10570660,3005
83530,326,246,1135,3,0,11200,0,0,0,10572694,10572694,3005
83546,326,315,1135,3,0,11200,0,0,0,10574780,10574780,3005
83562,326,398,1135,3,0,11200,0,0,0,10576804,10576804,3005
83577,326,460,1135,3,0,11200,0,0,0,10578763,10578763,3005
83592,326,503,1135,3,0,11200,0,0,0,10580715,10580715,3005
83607,326,557,1135,3,0,11200,0,0,0,10582794,10582794,3005
83623,326,625,1135,3,0,11200,0,0,0,10584504,10584504,3005
83638,326,675,1135,3,0,11200,0,0,0,10586129,10586129,3005
83653,326,722,1135,3,0,11200,0,0,0,10587401,10587401,3005
83669,326,772,1135,3,0,11200,0,0,0,10588892,10588892,3005
83684,326,847,1135,3,0,11200,0,0,0,10590873,10590873,3005
83700,326,927,1135,3,0,11200,0,0,0,10592803,10592803,3005
83716,326,981,1135,3,0,11200,0,0,0,10594684,10594684,3005
83731,326,1048,1135,3,0,11200,0,0,0,10596651,10596651,3005
83746,327,1117,1135,3,0,11200,0,0,0,10598579,10598579,3005
83761,327,47,1135,2,0,11200,0,0,0,10600957,10600957,3005
83777,327,138,1135,2,0,11200,0,0,0,10603051,10603051,3005
83792,327,187,1135,2,0,11200,0,0,0,10605197,10605197,3005
83808,327,229,1135,2,0,11200,0,0,0,10607088,10607088,3005
83823,327,294,1135,2,0,11200,0,0,0,10609246,10609246,3005
83839,327,357,1135,2,0,11200,0,0,0,10611182,10611182,3005
83854,327,447,1135,2,0,11200,0,0,0,10613255,10613255,3005
83869,327,494,1135,2,0,11200,0,0,0,10615225,10615225,3005
83886,327,556,1135,2,0,11200,0,0,0,10617120,10617120,3005
83901,327,629,1135,2,0,11200,0,0,0,10618833,10618833,3005
83916,327,688,1135,2,0,11200,0,0,0,10620852,10620852,3005
83931,327,732,1135,2,0,11200,0,0,0,10622270,10622270,3005
83948,327,784,1135,2,0,11200,0,0,0,10623866,10623866,3005
83963,327,848,1135,2,0,11200,0,0,0,10625418,10625418,3005
83978,327,913,1135,2,0,11200,0,0,0,10626945,10626945,3005
83994,327,974,1135,2,0,11200,0,0,0,10628775,10628775,3005
84009,327,1039,1135,2,0,11200,0,0,0,10630704,10630704,3005
84025,328,1083,1135,2,0,11200,0,0,0,10632372,10632372,3005
84040,328,1125,1135,2,0,11200,0,0,0,10633945,10633945,3005
84056,328,28,1135,2,0,11200,0,0,0,10636108,10636108,3005
84072,328,132,1135,2,0,11200,0,0,0,10638460,10638460,3005
84087,328,187,1135,2,0,11200,0,0,0,10640770,10640770,3005
84102,328,230,1135,2,0,11200,0,0,0,10642467,10642467,3005
84117,328,296,1135,2,0,11200,0,0,0,10644832,10644832,3005
84133,328,356,1135,2,0,11200,0,0,0,10646912,10646912,3005
84148,328,438,1135,2,0,11200,0,0,0,10648765,10648765,3005
84163,328,503,1135,2,0,11200,0,0,0,10650854,10650854,3005
84179,328,556,1135,2,0,11200,0,0,0,10652592,10652592,3005
84195,328,638,1135,2,0,11200,0,0,0,10654760,10654760,3005
84210,328,700,1135,2,0,11200,0,0,0,10656562,10656562,3005
84226,328,767,1135,2,0,11200,0,0,0,10658127,10658127,3005
84242,328,802,1135,2,0,11200,0,0,0,10659315,10659315,3005
84257,328,878,1135,2,0,11200,0,0,0,10661216,10661216,3005
84272,328,943,1135,2,0,11200,0,0,0,10662828,10662828,3005
84287,328,999,1135,2,0,11200,0,0,0,10664678,10664678,3005
84303,329,1056,1135,2,0,11200,0,0,0,10666472,10666472,3005
84319,329,1112,1135,2,0,11200,0,0,0,10668226,10668226,3005
84334,329,29,1135,0,0,11200,0,0,0,10670480,10670480,3005
84349,329,127,1135,0,0,11200,0,0,0,10672722,10672722,3005
84364,329,179,1135,0,0,11200,0,0,0,10674803,10674803,3005
84380,329,229,1135,0,0,11200,0,0,0,10676883,10676883,3005
84395,329,289,1135,0,0,11200,0,0,0,10679036,10679036,3005
84410,329,369,1135,0,0,11200,0,0,0,10681014,10681014,3005
84426,329,453,1135,0,0,11200,0,0,0,10683026,10683026,3005
84441,329,514,1135,0,0,11200,0,0,0,10684963,10684963,3005
84456,329,558,1135,0,0,11200,0,0,0,10686375,10686375,3005
84471,329,649,1135,0,0,11200,0,0,0,10688516,10688516,3005
84487,329,702,1135,0,0,11200,0,0,0,10690215,10690215,3005
84503,329,741,1135,0,0,11200,0,0,0,10691670,10691670,3005
84519,329,797,1135,0,0,11200,0,0,0,10693327,10693327,3005
84534,329,879,1135,0,0,11200,0,0,0,10695324,10695324,3005
84550,329,943,1135,0,0,11200,0,0,0,10696930,10696930,3005
84565,329,998,1135,0,0,11200,0,0,0,10698775,10698775,3005
84580,330,1062,1135,0,0,11200,0,0,0,10700330,10700330,3005
84596,330,1127,1135,0,0,11200,0,0,0,10702206,10702206,3005
84612,330,95,1135,0,0,11200,0,0,0,10704660,10704660,3005
84628,330,161,1135,0,0,11200,0,0,0,10706990,10706990,3005
84643,330,215,1135,0,0,11200,0,0,0,10709201,10709201,3005
84659,330,264,1135,0,0,11200,0,0,0,10711488,10711488,3005
84674,330,336,1135,0,0,11200,0,0,0,10713576,10713576,3005
84689,330,402,1135,0,0,11200,0,0,0,10715510,10715510,3005
84704,330,462,1135,0,0,11200,0,0,0,10717488,10717488,3005
84719,330,524,1135,0,0,11200,0,0,0,10719447,10719447,3005
84735,330,584,1135,0,0,11200,0,0,0,10721465,10721465,3005
84750,330,654,1135,0,0,11200,0,0,0,10723425,10723425,3005
84765,330,706,1135,0,0,11200,0,0,0,10725073,10725073,3005
84780,330,772,1135,0,0,11200,0,0,0,10726597,10726597,3005
84795,330,800,1135,0,0,11200,0,0,0,10727610,10727610,3005
84811,330,881,1135,0,0,11200,0,0,0,10729585,10729585,3005
84826,330,948,1135,0,0,11200,0,0,0,10731085,10731085,3005
84842,330,994,1135,0,0,11200,0,0,0,10733017,10733017,3005
84857,331,1070,1135,0,0,11200,0,0,0,10735014,10735014,3005
84872,331,1125,1135,0,0,11200,0,0,0,10736835,10736835,3005
84888,331,29,1135,0,0,11200,0,0,0,10739140,10739140,3005
84903,331,127,1135,0,0,11200,0,0,0,10741350,10741350,3005
84918,331,185,1135,0,0,11200,0,0,0,10743772,10743772,3005
84934,331,229,1135,0,0,11200,0,0,0,10745829,10745829,3005
84949,331,289,1135,0,0,11200,0,0,0,10747992,10747992,3005
84964,331,344,1135,0,0,11200,0,0,0,10749912,10749912,3005
84980,331,433,1135,0,0,11200,0,0,0,10751969,10751969,3005
84995,331,490,1135,0,0,11200,0,0,0,10753950,10753950,3005
85010,331,536,1135,0,0,11200,0,0,0,10755858,10755858,3005
85026,331,603,1135,0,0,11200,0,0,0,10757622,10757622,3005
85041,331,652,1135,0,0,11200,0,0,0,10759287,10759287,3005
85056,331,695,1135,0,0,11200,0,0,0,10760783,10760783,3005
85072,331,739,1135,0,0,11200,0,0,0,10762000,10762000,3005
85087,331,785,1135,0,0,11200,0,0,0,10763307,10763307,3005
85102,331,861,1135,0,0,11200,0,0,0,10764987,10764987,3005
85117,331,927,1135,0,0,11200,0,0,0,10766481,10766481,3005
85133,331,986,1135,0,0,11200,0,0,0,10768359,10768359,3005
85148,331,1039,1135,0,0,11200,0,0,0,10770149,10770149,3005
85163,332,1085,1135,0,0,11200,0,0,0,10771656,10771656,3005
85178,332,1134,1135,0,0,11200,0,0,0,10773425,10773425,3005
85194,332,90,1135,0,0,11200,0,0,0,10775648,10775648,3005
85209,332,140,1135,0,0,11200,0,0,0,10777993,10777993,3005
85224,332,190,1135,0,0,11200,0,0,0,10780239,10780239,3005
85239,332,247,1135,0,0,11200,0,0,0,10782520,10782520,3005
85255,332,307,1135,0,0,11200,0,0,0,10784643,10784643,3005
85270,332,369,1135,0,0,11200,0,0,0,10786697,10786697,3005
85286,332,457,1135,0,0,11200,0,0,0,10788809,10788809,3005
85301,332,509,1135,0,0,11200,0,0,0,10790618,10790618,3005
85318,332,556,1135,0,0,11200,0,0,0,10792125,10792125,3005
85337,332,633,1135,0,0,11200,0,0,0,10794016,10794016,3005
85352,332,684,1135,0,0,11200,0,0,0,10795707,10795707,3005
85368,332,731,1135,0,0,11200,0,0,0,10797310,10797310,3005
85383,332,787,1135,0,0,11200,0,0,0,10798907,10798907,3005
85399,332,853,1135,0,0,11200,0,0,0,10800771,10800771,3005
85414,332,926,1135,0,0,11200,0,0,0,10802618,10802618,3005
85430,332,966,1135,0,0,11200,0,0,0,10804233,10804233,3005
85445,332,1021,1135,0,0,11200,0,0,0,10806237,10806237,3005
85460,333,1085,1135,0,0,11200,0,0,0,10807937,10807937,3005
85475,333,6,1135,0,0,11200,0,0,0,10809817,10809817,3005
85491,333,109,1135,0,0,11200,0,0,0,10812019,10812019,3005
85506,333,169,1135,0,0,11200,0,0,0,10814408,10814408,3005
85521,333,217,1135,0,0,11200,0,0,0,10816683,10816683,3005
85536,333,282,1135,0,0,11200,0,0,0,10818892,10818892,3005
85552,333,337,1135,0,0,11200,0,0,0,10820820,10820820,3005
85567,333,406,1135,0,0,11200,0,0,0,10822629,10822629,3005
85583,333,492,1135,0,0,11200,0,0,0,10824608,10824608,3005
85598,333,555,1135,0,0,11200,0,0,0,10826422,10826422,3005
85614,333,608,1135,0,0,11200,0,0,0,10827934,10827934,3005
85629,333,665,1135,0,0,11200,0,0,0,10829510,10829510,3005
85644,333,716,1135,0,0,11200,0,0,0,10831175,10831175,3005
85659,333,768,1135,0,0,11200,0,0,0,10832545,10832545,3005
85674,333,794,1135,0,0,11200,0,0,0,10833646,10833646,3005
85689,333,845,1135,0,0,11200,0,0,0,10834958,10834958,3005
85705,333,915,1135,0,0,11200,0,0,0,10836793,10836793,3005
85721,333,964,1135,0,0,11200,0,0,0,10838495,10838495,3005
85736,333,1020,1135,0,0,11200,0,0,0,10840486,10840486,3005
85752,334,1100,1135,0,0,11200,0,0,0,10842370,10842370,3005
85767,334,17,1135,0,0,11200,0,0,0,10844434,10844434,3005
85782,334,115,1135,0,0,11200,0,0,0,10846702,10846702,3005
85797,334,176,1135,0,0,11200,0,0,0,10849018,10849018,3005
85813,334,218,1135,0,0,11200,0,0,0,10850949,10850949,3005
85828,334,269,1135,0,0,11200,0,0,0,10853039,10853039,3005
85843,334,322,1135,0,0,11200,0,0,0,10854881,10854881,3005
85858,334,377,1135,0,0,11200,0,0,0,10856761,10856761,3005
85873,334,453,1135,0,0,11200,0,0,0,10858772,10858772,3005
85888,334,502,1135,0,0,11200,0,0,0,10860336,10860336,3005
85903,334,546,1135,0,0,11200,0,0,0,10862175,10862175,3005
85918,334,612,1135,0,0,11200,0,0,0,10863620,10863620,3005
85933,334,669,1135,0,0,11200,0,0,0,10865364,10865364,3005
85949,334,706,1135,0,0,11200,0,0,0,10867055,10867055,3005
85964,334,752,1135,0,0,11200,0,0,0,10868266,10868266,3005
85979,334,821,1135,0,0,11200,0,0,0,10869867,10869867,3005
85994,334,879,1135,0,0,11200,0,0,0,10871526,10871526,3005
86009,334,935,1135,0,0,11200,0,0,0,10873044,10873044,3005
86025,334,1003,1135,0,0,11200,0,0,0,10874983,10874983,3005
86040,335,1073,1135,0,0,11200,0,0,0,10876926,10876926,3005
86055,335,1119,1135,0,0,11200,0,0,0,10878833,10878833,3005
86070,335,24,1135,0,0,11200,0,0,0,10880967,10880967,3005
86085,335,128,1135,0,0,11200,0,0,0,10883287,10883287,3005
86100,335,175,1135,0,0,11200,0,0,0,10885428,10885428,3005
86115,335,224,1135,0,0,11200,0,0,0,10887506,10887506,3005
86130,335,279,1135,0,0,11200,0,0,0,10889635,10889635,3005
86145,335,333,1135,0,0,11200,0,0,0,10891482,10891482,3005
86161,335,402,1135,0,0,11200,0,0,0,10893545,10893545,3005
86176,335,482,1135,0,0,11200,0,0,0,10895625,10895625,3005
86191,335,528,1135,0,0,11200,0,0,0,10897481,10897481,3005
86207,335,586,1135,0,0,11200,0,0,0,10899030,10899030,3005
86222,335,640,1135,0,0,11200,0,0,0,10900548,10900548,3005
86238,335,688,1135,0,0,11200,0,0,0,10902271,10902271,3005
86253,335,732,1135,0,0,11200,0,0,0,10903544,10903544,3005
86268,335,794,1135,0,0,11200,0,0,0,10905241,10905241,3005
86284,335,871,1135,0,0,11200,0,0,0,10906999,10906999,3005
86300,335,955,1135,0,0,11200,0,0,0,10908780,10908780,3005
86316,335,1019,1135,0,0,11200,0,0,0,10910856,10910856,3005
86331,336,1081,1135,0,0,11200,0,0,0,10912800,10912800,3005
86346,336,2,1137,1,0,11200,0,0,0,10914740,10914740,3006
86361,336,101,1137,1,0,11200,0,0,0,10916946,10916946,3006
86377,336,165,1137,1,0,11200,0,0,0,10919329,10919329,3006
86392,336,218,1137,1,0,11200,0,0,0,10921334,10921334,3006
86408,336,269,1137,1,0,11200,0,0,0,10923391,10923391,3006
86423,336,333,1137,1,0,11200,0,0,0,10925502,10925502,3006
86438,336,398,1137,1,0,11200,0,0,0,10927611,10927611,3006
86453,336,477,1137,1,0,11200,0,0,0,10929640,10929640,3006
86468,336,527,1137,1,0,11200,0,0,0,10931461,10931461,3006
86484,336,588,1137,1,0,11200,0,0,0,10933209,10933209,3006
86499,336,664,1137,1,0,11200,0,0,0,10935248,10935248,3006
86514,336,714,1137,1,0,11200,0,0,0,10936986,10936986,3006
86530,336,772,1137,1,0,11200,0,0,0,10938534,10938534,3006
86546,336,835,1137,1,0,11200,0,0,0,10940020,10940020,3006
86561,336,891,1137,1,0,11200,0,0,0,10941686,10941686,3006
86577,336,941,1137,1,0,11200,0,0,0,10943340,10943340,3006
86592,336,995,1137,1,0,11200,0,0,0,10945329,10945329,3006
86607,337,1066,1137,1,0,11200,0,0,0,10947196,10947196,3006
86622,337,1125,1137,1,0,11200,0,0,0,10948964,10948964,3006
86638,337,44,1137,1,0,11200,0,0,0,10951282,10951282,3006
86653,337,134,1137,1,0,11200,0,0,0,10953476,10953476,3006
86668,337,194,1137,1,0,11200,0,0,0,10955762,10955762,3006
86684,337,238,1137,1,0,11200,0,0,0,10957917,10957917,3006
86699,337,304,1137,1,0,11200,0,0,0,10960139,10960139,3006
86714,337,378,1137,1,0,11200,0,0,0,10962034,10962034,3006
86730,337,448,1137,1,0,11200,0,0,0,10963873,10963873,3006
86745,337,497,1137,1,0,11200,0,0,0,10965833,10965833,3006
86761,337,558,1137,1,0,11200,0,0,0,10967762,10967762,3006
86776,337,646,1137,1,0,11200,0,0,0,10969638,10969638,3006
86792,337,706,1137,1,0,11200,0,0,0,10971385,10971385,3006
86808,337,772,1137,1,0,11200,0,0,0,10973046,10973046,3006
86823,337,821,1137,1,0,11200,0,0,0,10974230,10974230,3006
86839,337,904,1137,1,0,11200,0,0,0,10976282,10976282,3006
86854,337,964,1137,1,0,11200,0,0,0,10978081,10978081,3006
86870,337,1015,1137,1,0,11200,0,0,0,10979964,10979964,3006
86885,338,1069,1137,1,0,11200,0,0,0,10981835,10981835,3006
86901,338,1123,1137,1,0,11200,0,0,0,10983720,10983720,3006
86916,338,27,1137,1,0,11200,0,0,0,10985712,10985712,3006
86931,338,127,1137,1,0,11200,0,0,0,10987845,10987845,3006
86947,338,170,1137,1,0,11200,0,0,0,10990054,10990054,3006
86962,338,223,1137,1,0,11200,0,0,0,10992225,10992225,3006
86978,338,287,1137,1,0,11200,0,0,0,10994405,10994405,3006
86993,338,344,1137,1,0,11200,0,0,0,10996525,10996525,3006
87009,338,431,1137,1,0,11200,0,0,0,10998591,10998591,3006
87024,338,482,1137,1,0,11200,0,0,0,11000454,11000454,3006
87039,338,540,1137,1,0,11200,0,0,0,11002437,11002437,3006
87055,338,607,1137,1,0,11200,0,0,0,11003781,11003781,3006
87070,338,675,1137,1,0,11200,0,0,0,11005684,11005684,3006
87086,338,722,1137,1,0,11200,0,0,0,11007153,11007153,3006
87101,338,787,1137,1,0,11200,0,0,0,11008830,11008830,3006
87117,338,859,1138,2,0,11200,0,0,0,11010529,11010529,3006
87132,338,930,1138,2,0,11200,0,0,0,11012251,11012251,3006
87148,338,992,1138,2,0,11200,0,0,0,11014285,11014285,3006
87163,339,1052,1138,2,0,11200,0,0,0,11016161,11016161,3006
87178,339,1108,1138,2,0,11200,0,0,0,11017835,11017835,3006
87193,339,23,1138,1,0,11200,0,0,0,11019859,11019859,3006
87209,339,120,1138,1,0,11200,0,0,0,11022035,11022035,3006
87224,339,171,1138,1,0,11200,0,0,0,11024334,11024334,3006
87240,339,225,1138,1,0,11200,0,0,0,11026418,11026418,3006
87255,339,287,1138,1,0,11200,0,0,0,11028522,11028522,3006
87270,339,355,1138,1,0,11200,0,0,0,11030675,11030675,3006
87286,339,434,1138,1,0,11200,0,0,0,11032726,11032726,3006
87302,339,492,1138,1,0,11200,0,0,0,11034830,11034830,3006
87317,339,540,1138,1,0,11200,0,0,0,11036732,11036732,3006
87332,339,586,1138,1,0,11200,0,0,0,11038311,11038311,3006
87348,339,659,1138,1,0,11200,0,0,0,11040099,11040099,3006
87363,339,706,1138,1,0,11200,0,0,0,11041660,11041660,3006
87379,339,751,1138,1,0,11200,0,0,0,11043046,11043046,3006
87397,339,805,1138,1,0,11200,0,0,0,11044780,11044780,3006
87413,339,868,1138,1,0,11200,0,0,0,11046467,11046467,3006
87428,339,926,1138,1,0,11200,0,0,0,11048119,11048119,3006
87443,339,980,1138,1,0,11200,0,0,0,11049976,11049976,3006
87458,339,1028,1138,1,0,11200,0,0,0,11052056,11052056,3006
87473,340,1108,1138,1,0,11200,0,0,0,11053738,11053738,3006
87489,340,42,1138,1,0,11200,0,0,0,11056092,11056092,3006
87504,340,154,1138,1,0,11200,0,0,0,11058488,11058488,3006
87519,340,205,1138,1,0,11200,0,0,0,11060569,11060569,3006
87535,340,273,1138,1,0,11200,0,0,0,11062819,11062819,3006
87550,340,330,1138,1,0,11200,0,0,0,11064698,11064698,3006
87566,340,398,1138,1,0,11200,0,0,0,11066812,11066812,3006
87581,340,471,1138,1,0,11200,0,0,0,11068739,11068739,3006
87596,340,527,1138,1,0,11200,0,0,0,11070696,11070696,3006
87613,340,608,1138,1,0,11200,0,0,0,11072751,11072751,3006
87629,340,675,1138,1,0,11200,0,0,0,11074611,11074611,3006
87645,340,714,1138,1,0,11200,0,0,0,11076079,11076079,3006
87660,340,775,1138,1,0,11200,0,0,0,11077587,11077587,3006
87676,340,817,1138,1,0,11200,0,0,0,11078851,11078851,3006
87691,340,868,1138,1,0,11200,0,0,0,11080231,11080231,3006
87706,340,934,1138,1,0,11200,0,0,0,11081932,11081932,3006
87722,340,992,1138,1,0,11200,0,0,0,11083859,11083859,3006
87738,340,1040,1138,1,0,11200,0,0,0,11085657,11085657,3006
87755,341,1103,1139,2,0,11200,0,0,0,11087451,11087451,3007
87770,341,7,1139,1,0,11200,0,0,0,11089397,11089397,3007
87786,341,101,1139,1,0,11200,0,0,0,11091589,11091589,3007
87801,341,168,1139,1,0,11200,0,0,0,11094072,11094072,3007
87816,341,221,1139,1,0,11200,0,0,0,11096275,11096275,3007
87832,341,282,1139,1,0,11200,0,0,0,11098360,11098360,3007
87847,341,355,1139,1,0,11200,0,0,0,11100461,11100461,3007
87862,341,438,1139,1,0,11200,0,0,0,11102441,11102441,3007
87877,341,497,1139,1,0,11200,0,0,0,11104427,11104427,3007
87894,341,556,1139,1,0,11200,0,0,0,11106382,11106382,3007
87909,341,645,1139,1,0,11200,0,0,0,11108240,11108240,3007
87925,341,700,1140,2,0,11200,0,0,0,11110256,11110256,3007
87940,341,755,1140,2,0,11200,0,0,0,11111734,11111734,3007
87955,341,813,1140,2,0,11200,0,0,0,11113337,11113337,3007
87970,341,892,1140,2,0,11200,0,0,0,11115443,11115443,3007
87986,341,960,1140,2,0,11200,0,0,0,11117169,11117169,3007
88001,341,1017,1140,2,0,11200,0,0,0,11119127,11119127,3007
88016,342,1082,1140,2,0,11200,0,0,0,11120890,11120890,3007
88032,342,1127,1140,2,0,11200,0,0,0,11122561,11122561,3007
88048,342,42,1140,2,0,11200,0,0,0,11124820,11124820,3007
88064,342,133,1140,2,0,11200,0,0,0,11126851,11126851,3007
88079,342,196,1140,2,0,11200,0,0,0,11129162,11129162,3007
88095,342,245,1140,2,0,11200,0,0,0,11131277,11131277,3007
88110,342,300,1140,2,0,11200,0,0,0,11133125,11133125,3007
88125,342,361,1140,2,0,11200,0,0,0,11135226,11135226,3007
88141,342,455,1140,2,0,11200,0,0,0,11137309,11137309,3007
88156,342,509,1140,2,0,11200,0,0,0,11139167,11139167,3007
88172,342,558,1140,2,0,11200,0,0,0,11140932,11140932,3007
88187,342,640,1140,2,0,11200,0,0,0,11143040,11143040,3007
88202,342,688,1140,2,0,11200,0,0,0,11144824,11144824,3007
88217,342,722,1140,2,0,11200,0,0,0,11146197,11146197,3007
88234,342,778,1140,2,0,11200,0,0,0,11147850,11147850,3007
88249,342,826,1140,2,0,11200,0,0,0,11149300,11149300,3007
88265,342,891,1140,2,0,11200,0,0,0,11150956,11150956,3007
88280,342,949,1140,2,0,11200,0,0,0,11152306,11152306,3007
88295,342,1017,1140,2,0,11200,0,0,0,11154270,11154270,3007
88310,343,1087,1140,2,0,11200,0,0,0,11155817,11155817,3007
88325,343,1138,1140,2,0,11200,0,0,0,11157649,11157649,3007
88340,343,83,1140,2,0,11200,0,0,0,11159853,11159853,3007
88356,343,161,1140,2,0,11200,0,0,0,11162190,11162190,3007
88371,343,224,1140,2,0,11200,0,0,0,11164249,11164249,3007
88386,343,287,1140,2,0,11200,0,0,0,11166402,11166402,3007
88402,343,361,1140,2,0,11200,0,0,0,11168321,11168321,3007
88417,343,440,1140,2,0,11200,0,0,0,11170309,11170309,3007
88432,343,494,1140,2,0,11200,0,0,0,11172284,11172284,3007
88447,343,547,1140,2,0,11200,0,0,0,11174118,11174118,3007
88463,343,612,1140,2,0,11200,0,0,0,11175768,11175768,3007
88478,343,680,1140,2,0,11200,0,0,0,11177664,11177664,3007
88493,343,715,1141,3,0,11200,0,0,0,11178983,11178983,3007
88509,343,773,1141,3,0,11200,0,0,0,11180551,11180551,3007
88524,343,830,1141,3,0,11200,0,0,0,11182150,11182150,3007
88541,343,915,1141,3,0,11200,0,0,0,11184125,11184125,3007
88557,343,985,1141,3,0,11200,0,0,0,11186191,11186191,3007
88572,343,1052,1141,3,0,11200,0,0,0,11188137,11188137,3007
88588,344,1108,1141,3,0,11200,0,0,0,11190017,11190017,3007
88603,344,21,1141,2,0,11200,0,0,0,11192112,11192112,3007
88618,344,118,1141,2,0,11200,0,0,0,11194413,11194413,3007
88634,344,169,1141,2,0,11200,0,0,0,11196747,11196747,3007
88649,344,227,1141,2,0,11200,0,0,0,11198892,11198892,3007
88665,344,288,1141,2,0,11200,0,0,0,11200986,11200986,3007
88680,344,356,1141,2,0,11200,0,0,0,11202875,11202875,3007
88695,344,452,1141,2,0,11200,0,0,0,11204923,11204923,3007
88711,344,497,1141,2,0,11200,0,0,0,11206849,11206849,3007
88726,344,535,1141,2,0,11200,0,0,0,11208637,11208637,3007
88741,344,583,1141,2,0,11200,0,0,0,11210223,11210223,3007
88756,344,645,1141,2,0,11200,0,0,0,11211983,11211983,3007
88771,344,698,1141,2,0,11200,0,0,0,11213944,11213944,3007
88786,344,750,1141,2,0,11200,0,0,0,11215287,11215287,3007
88801,344,794,1141,2,0,11200,0,0,0,11216812,11216812,3007
88816,344,848,1141,2,0,11200,0,0,0,11218156,11218156,3007
88832,344,917,1141,2,0,11200,0,0,0,11220047,11220047,3007
88847,344,981,1141,2,0,11200,0,0,0,11221877,11221877,3007
88863,344,1028,1141,2,0,11200,0,0,0,11223606,11223606,3007
88878,345,1099,1141,2,0,11200,0,0,0,11225629,11225629,3007
88893,345,9,1141,2,0,11200,0,0,0,11227731,11227731,3007
88909,345,107,1141,2,0,11200,0,0,0,11230004,11230004,3007
88925,345,178,1141,2,0,11200,0,0,0,11232329,11232329,3007
88940,345,228,1141,2,0,11200,0,0,0,11234336,11234336,3007
88955,345,300,1141,2,0,11200,0,0,0,11236716,11236716,3007
88970,345,360,1141,2,0,11200,0,0,0,11238689,11238689,3007
88986,345,431,1141,2,0,11200,0,0,0,11240522,11240522,3007
89001,345,486,1141,2,0,11200,0,0,0,11242650,11242650,3007
89016,345,539,1141,2,0,11200,0,0,0,11244505,11244505,3007
89031,345,629,1141,2,0,11200,0,0,0,11246261,11246261,3007
89046,345,683,1141,2,0,11200,0,0,0,11248067,11248067,3007
89062,345,732,1141,2,0,11200,0,0,0,11249442,11249442,3007
89078,345,784,1141,2,0,11200,0,0,0,11250854,11250854,3007
89093,345,837,1141,2,0,11200,0,0,0,11252051,11252051,3007
89108,345,895,1141,2,0,11200,0,0,0,11253619,11253619,3007
89123,345,964,1141,2,0,11200,0,0,0,11255470,11255470,3007
89138,345,1021,1141,2,0,11200,0,0,0,11257366,11257366,3007
89154,346,1087,1141,2,0,11200,0,0,0,11259247,11259247,3007
89170,346,3,1141,1,0,11200,0,0,0,11261274,11261274,3007
89185,346,90,1141,1,0,11200,0,0,0,11263463,11263463,3007
89200,346,152,1141,1,0,11200,0,0,0,11265819,11265819,3007
89215,346,206,1141,1,0,11200,0,0,0,11267972,11267972,3007
89231,346,255,1141,1,0,11200,0,0,0,11270018,11270018,3007
89246,346,322,1141,1,0,11200,0,0,0,11272097,11272097,3007
89262,346,384,1141,1,0,11200,0,0,0,11274116,11274116,3007
89278,346,463,1141,1,0,11200,0,0,0,11275990,11275990,3007
89293,346,524,1141,1,0,11200,0,0,0,11278107,11278107,3007
89308,346,591,1141,1,0,11200,0,0,0,11280156,11280156,3007
89323,346,659,1141,1,0,11200,0,0,0,11281719,11281719,3007
89339,346,706,1141,1,0,11200,0,0,0,11283349,11283349,3007
89354,346,749,1141,1,0,11200,0,0,0,11284726,11284726,3007
89370,346,788,1141,1,0,11200,0,0,0,11286277,11286277,3007
89386,346,838,1141,1,0,11200,0,0,0,11287502,11287502,3007
89401,346,898,1141,1,0,11200,0,0,0,11289056,11289056,3007
89417,346,980,1141,1,0,11200,0,0,0,11291096,11291096,3007
89432,346,1023,1141,1,0,11200,0,0,0,11293076,11293076,3007
89448,347,1085,1142,2,0,11200,0,0,0,11294679,11294679,3010
89463,347,2,1143,1,0,11200,0,0,0,11296495,11296495,3011
89478,347,78,1143,1,0,11200,0,0,0,11298638,11298638,3011
89493,347,148,1143,1,0,11200,0,0,0,11300934,11300934,3011
89508,347,205,1143,1,0,11200,0,0,0,11303288,11303288,3011
89523,347,255,1143,1,0,11200,0,0,0,11305710,11305710,3011
89539,347,308,1143,1,0,11200,0,0,0,11307756,11307756,3011
89554,347,402,1143,1,0,11200,0,0,0,11309875,11309875,3011
89569,347,486,1143,1,0,11200,0,0,0,11312080,11312080,3011
89585,347,545,1143,1,0,11200,0,0,0,11314052,11314052,3011
89600,347,633,1143,1,0,11200,0,0,0,11315781,11315781,3011
89616,347,702,1143,1,0,11200,0,0,0,11317571,11317571,3011
89631,347,745,1143,1,0,11200,0,0,0,11318837,11318837,3011
89646,347,788,1143,1,0,11200,0,0,0,11320390,11320390,3011
89662,347,861,1143,1,0,11200,0,0,0,11322218,11322218,3011
89677,347,935,1143,1,0,11200,0,0,0,11323956,11323956,3011
89692,347,1008,1143,1,0,11200,0,0,0,11325754,11325754,3011
89708,348,1083,1143,1,0,11200,0,0,0,11327859,11327859,3011
89723,348,1130,1143,1,0,11200,0,0,0,11329496,11329496,3011
89738,348,65,1143,1,0,11200,0,0,0,11331888,11331888,3011
89754,348,135,1143,1,0,11200,0,0,0,11333945,11333945,3011
89769,348,196,1143,1,0,11200,0,0,0,11336288,11336288,3011
89784,348,246,1143,1,0,11200,0,0,0,11338334,11338334,3011
89800,348,293,1143,1,0,11200,0,0,0,11340398,11340398,3011
89815,348,356,1143,1,0,11200,0,0,0,11342459,11342459,3011
89830,348,445,1143,1,0,11200,0,0,0,11344412,11344412,3011
89846,348,500,1143,1,0,11200,0,0,0,11346469,11346469,3011
89862,348,555,1143,1,0,11200,0,0,0,11348530,11348530,3011
89877,348,634,1143,1,0,11200,0,0,0,11350397,11350397,3011
89893,348,685,1143,1,0,11200,0,0,0,11351937,11351937,3011
89908,348,725,1143,1,0,11200,0,0,0,11353354,11353354,3011
89923,348,784,1143,1,0,11200,0,0,0,11354857,11354857,3011
89938,348,848,1143,1,0,11200,0,0,0,11356231,11356231,3011
89955,348,927,1143,1,0,11200,0,0,0,11357943,11357943,3011
89970,348,980,1143,1,0,11200,0,0,0,11359889,11359889,3011
89985,348,1048,1143,1,0,11200,0,0,0,11361868,11361868,3011
90001,349,1085,1143,1,0,11200,0,0,0,11363131,11363131,3011
90016,349,1127,1143,1,0,11200,0,0,0,11364812,11364812,3011
90031,349,39,1143,1,0,11200,0,0,0,11367092,11367092,3011
90046,349,139,1143,1,0,11200,0,0,0,11369474,11369474,3011
90062,349,200,1143,1,0,11200,0,0,0,11371601,11371601,3011
90077,349,246,1143,1,0,11200,0,0,0,11373731,11373731,3011
90092,349,307,1143,1,0,11200,0,0,0,11375644,11375644,3011
90107,349,368,1143,1,0,11200,0,0,0,11377634,11377634,3011
90123,349,447,1143,1,0,11200,0,0,0,11379671,11379671,3011
90138,349,502,1143,1,0,11200,0,0,0,11381692,11381692,3011
90153,349,572,1143,1,0,11200,0,0,0,11383580,11383580,3011
90168,349,634,1143,1,0,11200,0,0,0,11385309,11385309,3011
90184,349,698,1143,1,0,11200,0,0,0,11387093,11387093,3011
90199,349,731,1143,1,0,11200,0,0,0,11388331,11388331,3011
90214,349,783,1143,1,0,11200,0,0,0,11389927,11389927,3011
90229,349,852,1143,1,0,11200,0,0,0,11391445,11391445,3011
90244,349,910,1143,1,0,11200,0,0,0,11393352,11393352,3011
90260,349,965,1143,1,0,11200,0,0,0,11395000,11395000,3011
90275,349,1016,1143,1,0,11200,0,0,0,11396894,11396894,3011
90291,350,1069,1143,1,0,11200,0,0,0,11398536,11398536,3011
90306,350,1124,1143,1,0,11200,0,0,0,11400439,11400439,3011
90321,350,44,1143,1,0,11200,0,0,0,11402724,11402724,3011
90337,350,138,1143,1,0,11200,0,0,0,11404799,11404799,3011
90352,350,214,1143,1,0,11200,0,0,0,11407081,11407081,3011
90368,350,268,1143,1,0,11200,0,0,0,11409368,11409368,3011
90383,350,327,1143,1,0,11200,0,0,0,11411587,11411587,3011
90398,350,402,1143,1,0,11200,0,0,0,11413477,11413477,3011
90414,350,470,1143,1,0,11200,0,0,0,11415513,11415513,3011
90429,350,531,1143,1,0,11200,0,0,0,11417621,11417621,3011
90445,350,596,1143,1,0,11200,0,0,0,11419408,11419408,3011
90460,350,672,1143,1,0,11200,0,0,0,11421375,11421375,3011
90476,350,718,1143,1,0,11200,0,0,0,11422931,11422931,3011
90492,350,774,1143,1,0,11200,0,0,0,11424477,11424477,3011
90507,350,810,1143,1,0,11200,0,0,0,11425616,11425616,3011
90522,350,892,1143,1,0,11200,0,0,0,11427448,11427448,3011
90537,350,963,1143,1,0,11200,0,0,0,11429246,11429246,3011
90553,350,1016,1143,1,0,11200,0,0,0,11431275,11431275,3011
90568,351,1078,1143,1,0,11200,0,0,0,11433240,11433240,3011
90585,351,1134,1143,1,0,11200,0,0,0,11435055,11435055,3011
90600,351,101,1143,1,0,11200,0,0,0,11437387,11437387,3011
90615,351,152,1143,1,0,11200,0,0,0,11439818,11439818,3011
90631,351,211,1143,1,0,11200,0,0,0,11442235,11442235,3011
90646,351,264,1143,1,0,11200,0,0,0,11444441,11444441,3011
90661,351,332,1143,1,0,11200,0,0,0,11446601,11446601,3011
90677,351,421,1143,1,0,11200,0,0,0,11448784,11448784,3011
90692,351,483,1143,1,0,11200,0,0,0,11450930,11450930,3011
90707,351,531,1143,1,0,11200,0,0,0,11452781,11452781,3011
90726,351,633,1143,1,0,11200,0,0,0,11455061,11455061,3011
90742,351,694,1143,1,0,11200,0,0,0,11456898,11456898,3011
90757,351,741,1143,1,0,11200,0,0,0,11458267,11458267,3011
90773,351,784,1143,1,0,11200,0,0,0,11459607,11459607,3011
90789,351,826,1143,1,0,11200,0,0,0,11460976,11460976,3011
90804,351,896,1143,1,0,11200,0,0,0,11462811,11462811,3011
90819,351,949,1143,1,0,11200,0,0,0,11464504,11464504,3011
90835,351,1015,1143,1,0,11200,0,0,0,11466427,11466427,3011
90850,352,1087,1143,1,0,11200,0,0,0,11468323,11468323,3011
90866,352,1124,1143,1,0,11200,0,0,0,11469830,11469830,3011
90881,352,29,1143,1,0,11200,0,0,0,11472226,11472226,3011
90896,352,125,1143,1,0,11200,0,0,0,11474465,11474465,3011
90911,352,179,1143,1,0,11200,0,0,0,11476832,11476832,3011
90928,352,224,1143,1,0,11200,0,0,0,11479031,11479031,3011
90943,352,279,1143,1,0,11200,0,0,0,11481432,11481432,3011
90959,352,338,1143,1,0,11200,0,0,0,11483527,11483527,3011
90974,352,408,1143,1,0,11200,0,0,0,11485542,11485542,3011
90989,352,487,1143,1,0,11200,0,0,0,11487468,11487468,3011
91004,352,532,1143,1,0,11200,0,0,0,11489240,11489240,3011
91019,352,595,1143,1,0,11200,0,0,0,11491105,11491105,3011
91035,352,655,1143,1,0,11200,0,0,0,11492851,11492851,3011
91050,352,695,1143,1,0,11200,0,0,0,11494214,11494214,3011
91065,352,727,1143,1,0,11200,0,0,0,11495534,11495534,3011
91080,352,779,1143,1,0,11200,0,0,0,11496973,11496973,3011
91096,352,810,1143,1,0,11200,0,0,0,11497751,11497751,3011
91111,352,873,1143,1,0,11200,0,0,0,11499505,11499505,3011
91128,352,939,1143,1,0,11200,0,0,0,11501446,11501446,3011
91143,352,1005,1143,1,0,11200,0,0,0,11503138,11503138,3011
91158,353,1074,1143,1,0,11200,0,0,0,11505142,11505142,3011
91173,353,1121,1143,1,0,11200,0,0,0,11506947,11506947,3011
91189,353,31,1144,1,0,11200,0,0,0,11509225,11509225,3011
91204,353,131,1144,1,0,11200,0,0,0,11511351,11511351,3011
91219,353,181,1144,1,0,11200,0,0,0,11513802,11513802,3011
91234,353,230,1144,1,0,11200,0,0,0,11515836,11515836,3011
91250,353,302,1144,1,0,11200,0,0,0,11518050,11518050,3011
91265,353,381,1144,1,0,11200,0,0,0,11520147,11520147,3011
91281,353,457,1144,1,0,11200,0,0,0,11522106,11522106,3011
91296,353,501,1144,1,0,11200,0,0,0,11523962,11523962,3011
91311,353,548,1144,1,0,11200,0,0,0,11525944,11525944,3011
91326,353,620,1144,1,0,11200,0,0,0,11527543,11527543,3011
91342,353,686,1144,1,0,11200,0,0,0,11529468,11529468,3011
91358,353,738,1144,1,0,11200,0,0,0,11530880,11530880,3011
91373,353,780,1144,1,0,11200,0,0,0,11532478,11532478,3011
91389,353,861,1144,1,0,11200,0,0,0,11534096,11534096,3011
91404,353,943,1144,1,0,11200,0,0,0,11535965,11535965,3011
91419,353,1003,1144,1,0,11200,0,0,0,11537927,11537927,3011
91434,354,1069,1144,1,0,11200,0,0,0,11540007,11540007,3011
91449,354,1125,1144,1,0,11200,0,0,0,11541679,11541679,3011
91465,354,23,1145,1,0,11200,0,0,0,11543790,11543790,3013
91480,354,118,1145,1,0,11200,0,0,0,11546004,11546004,3013
91495,354,175,1145,1,0,11200,0,0,0,11548233,11548233,3013
91511,354,224,1145,1,0,11200,0,0,0,11550548,11550548,3013
91526,354,287,1145,1,0,11200,0,0,0,11552839,11552839,3013
91541,354,349,1145,1,0,11200,0,0,0,11554921,11554921,3013
91556,354,434,1145,1,0,11200,0,0,0,11556929,11556929,3013
91571,354,483,1145,1,0,11200,0,0,0,11558811,11558811,3013
91586,354,525,1145,1,0,11200,0,0,0,11560588,11560588,3013
91602,354,603,1145,1,0,11200,0,0,0,11562649,11562649,3013
91617,354,657,1145,1,0,11200,0,0,0,11564175,11564175,3013
91633,354,702,1145,1,0,11200,0,0,0,11565775,11565775,3013
91648,354,739,1145,1,0,11200,0,0,0,11567071,11567071,3013
91663,354,790,1145,1,0,11200,0,0,0,11568703,11568703,3013
91679,354,853,1145,1,0,11200,0,0,0,11569981,11569981,3013
91694,354,896,1145,1,0,11200,0,0,0,11571574,11571574,3013
91710,354,968,1145,1,0,11200,0,0,0,11573493,11573493,3013
91726,354,1048,1145,1,0,11200,0,0,0,11575598,11575598,3013
91741,355,1103,1145,1,0,11200,0,0,0,11577259,11577259,3013
91757,355,1140,1145,0,0,11200,0,0,0,11578786,11578786,3013
91772,355,65,1145,0,0,11200,0,0,0,11581002,11581002,3013
91787,355,156,1145,0,0,11200,0,0,0,11583061,11583061,3013
91803,355,223,1145,0,0,11200,0,0,0,11585184,11585184,3013
91818,355,282,1145,0,0,11200,0,0,0,11587344,11587344,3013
91833,355,355,1145,0,0,11200,0,0,0,11589159,11589159,3013
91848,355,437,1145,0,0,11200,0,0,0,11590992,11590992,3013
91864,355,497,1145,0,0,11200,0,0,0,11592870,11592870,3013
91881,355,555,1145,0,0,11200,0,0,0,11594847,11594847,3013
91896,355,645,1145,0,0,11200,0,0,0,11596654,11596654,3013
91911,355,700,1145,0,0,11200,0,0,0,11598308,11598308,3013
91926,355,741,1145,0,0,11200,0,0,0,11599486,11599486,3013
91942,355,788,1145,0,0,11200,0,0,0,11601231,11601231,3013
91958,355,856,1145,0,0,11200,0,0,0,11602926,11602926,3013
91973,355,915,1145,0,0,11200,0,0,0,11604543,11604543,3013
91988,355,986,1145,0,0,11200,0,0,0,11606322,11606322,3013
92003,356,1066,1145,0,0,11200,0,0,0,11608330,11608330,3013
92018,356,1127,1145,0,0,11200,0,0,0,11610206,11610206,3013
92033,356,24,1145,0,0,11200,0,0,0,11612403,11612403,3013
92049,356,114,1145,0,0,11200,0,0,0,11614483,11614483,3013
92064,356,175,1145,0,0,11200,0,0,0,11616807,11616807,3013
92079,356,225,1145,0,0,11200,0,0,0,11618819,11618819,3013
92094,356,285,1145,0,0,11200,0,0,0,11621166,11621166,3013
92109,356,348,1145,0,0,11200,0,0,0,11623248,11623248,3013
92125,356,438,1145,0,0,11200,0,0,0,11625135,11625135,3013
92140,356,497,1145,0,0,11200,0,0,0,11627266,11627266,3013
92155,356,572,1145,0,0,11200,0,0,0,11629117,11629117,3013
92171,356,653,1145,0,0,11200,0,0,0,11631082,11631082,3013
92186,356,708,1145,0,0,11200,0,0,0,11632875,11632875,3013
92201,356,767,1145,0,0,11200,0,0,0,11634421,11634421,3013
92216,356,821,1145,0,0,11200,0,0,0,11635766,11635766,3013
92232,356,891,1145,0,0,11200,0,0,0,11637789,11637789,3013
92248,356,945,1145,0,0,11200,0,0,0,11639353,11639353,3013
92264,356,986,1145,0,0,11200,0,0,0,11641077,11641077,3013
92279,356,1052,1145,0,0,11200,0,0,0,11643106,11643106,3013
92295,357,1104,1145,0,0,11200,0,0,0,11644831,11644831,3013
92310,357,4,1145,0,0,11200,0,0,0,11646588,11646588,3013
92325,357,84,1145,0,0,11200,0,0,0,11648652,11648652,3013
92340,357,154,1145,0,0,11200,0,0,0,11650864,11650864,3013
92356,357,200,1145,0,0,11200,0,0,0,11652821,11652821,3013
92371,357,252,1145,0,0,11200,0,0,0,11654814,11654814,3013
92386,357,311,1145,0,0,11200,0,0,0,11656895,11656895,3013
92401,357,368,1145,0,0,11200,0,0,0,11658920,11658920,3013
92416,357,446,1145,0,0,11200,0,0,0,11660911,11660911,3013
92432,357,501,1145,0,0,11200,0,0,0,11662853,11662853,3013
92447,357,556,1145,0,0,11200,0,0,0,11664683,11664683,3013
92462,357,623,1145,0,0,11200,0,0,0,11666342,11666342,3013
92477,357,687,1145,0,0,11200,0,0,0,11668308,11668308,3013
92493,357,731,1145,0,0,11200,0,0,0,11669612,11669612,3013
92509,357,800,1145,0,0,11200,0,0,0,11671230,11671230,3013
92525,357,876,1145,0,0,11200,0,0,0,11673112,11673112,3013
92540,357,941,1145,0,0,11200,0,0,0,11674959,11674959,3013
92555,357,993,1145,0,0,11200,0,0,0,11676817,11676817,3013
92570,357,1051,1145,0,0,11200,0,0,0,11678747,11678747,3013
92586,358,1112,1145,0,0,11200,0,0,0,11680383,11680383,3013
92601,358,10,1146,0,0,11200,0,0,0,11682395,11682395,3014
92616,358,110,1146,0,0,11200,0,0,0,11684509,11684509,3014
92631,358,185,1146,0,0,11200,0,0,0,11686865,11686865,3014
92647,358,225,1146,0,0,11200,0,0,0,11688830,11688830,3014
92662,358,287,1146,0,0,11200,0,0,0,11691044,11691044,3014
92678,358,356,1146,0,0,11200,0,0,0,11693203,11693203,3014
92693,358,446,1146,0,0,11200,0,0,0,11695475,11695475,3014
92708,358,501,1146,0,0,11200,0,0,0,11697580,11697580,3014
92725,358,556,1146,0,0,11200,0,0,0,11699318,11699318,3014
92740,358,623,1146,0,0,11200,0,0,0,11700996,11700996,3014
92756,358,676,1146,0,0,11200,0,0,0,11702603,11702603,3014
92771,358,716,1146,0,0,11200,0,0,0,11704116,11704116,3014
92786,358,772,1146,0,0,11200,0,0,0,11705482,11705482,3014
92801,358,832,1146,0,0,11200,0,0,0,11707204,11707204,3014
92816,358,918,1146,0,0,11200,0,0,0,11709134,11709134,3014
92832,358,981,1146,0,0,11200,0,0,0,11710941,11710941,3014
92847,358,1028,1146,0,0,11200,0,0,0,11712829,11712829,3014
92864,359,1103,1146,0,0,11200,0,0,0,11714685,11714685,3014
92879,359,9,1146,0,0,11200,0,0,0,11716756,11716756,3014
92894,359,112,1146,0,0,11200,0,0,0,11719168,11719168,3014
92910,359,176,1146,0,0,11200,0,0,0,11721531,11721531,3014
92925,359,219,1146,0,0,11200,0,0,0,11723661,11723661,3014
92940,359,278,1146,0,0,11200,0,0,0,11725850,11725850,3014
92955,359,330,1146,0,0,11200,0,0,0,11727807,11727807,3014
92970,359,399,1146,0,0,11200,0,0,0,11729883,11729883,3014
92986,359,471,1146,0,0,11200,0,0,0,11731831,11731831,3014
93001,359,529,1146,0,0,11200,0,0,0,11733804,11733804,3014
93017,359,588,1146,0,0,11200,0,0,0,11735878,11735878,3014
93032,359,657,1146,0,0,11200,0,0,0,11737558,11737558,3014
93047,359,716,1146,0,0,11200,0,0,0,11739125,11739125,3014
93063,359,768,1146,0,0,11200,0,0,0,11740602,11740602,3014
93078,359,797,1146,0,0,11200,0,0,0,11742089,11742089,3014
93093,359,858,1146,0,0,11200,0,0,0,11743789,11743789,3014
93109,359,929,1146,0,0,11200,0,0,0,11745518,11745518,3014
93124,359,985,1146,0,0,11200,0,0,0,11747343,11747343,3014
93139,360,1060,1146,0,0,11200,0,0,0,11749216,11749216,3014
93155,360,1118,1146,0,0,11200,0,0,0,11750932,11750932,3014
93170,360,25,1146,0,0,11200,0,0,0,11753278,11753278,3014
93186,360,134,1146,0,0,11200,0,0,0,11755458,11755458,3014
93202,360,191,1146,0,0,11200,0,0,0,11757808,11757808,3014
93217,360,260,1146,0,0,11200,0,0,0,11760036,11760036,3014
93232,360,315,1146,0,0,11200,0,0,0,11762091,11762091,3014
93248,360,391,1146,0,0,11200,0,0,0,11764369,11764369,3014
93263,360,475,1146,0,0,11200,0,0,0,11766694,11766694,3014
93279,360,514,1146,0,0,11200,0,0,0,11768484,11768484,3014
93294,360,597,1146,0,0,11200,0,0,0,11770556,11770556,3014
93310,360,670,1146,0,0,11200,0,0,0,11772544,11772544,3014
93326,360,712,1146,0,0,11200,0,0,0,11774051,11774051,3014
93342,360,772,1146,0,0,11200,0,0,0,11775592,11775592,3014
93357,360,828,1146,0,0,11200,0,0,0,11777001,11777001,3014
93372,360,891,1146,0,0,11200,0,0,0,11778735,11778735,3014
93387,360,963,1146,0,0,11200,0,0,0,11780416,11780416,3014
93402,360,1016,1146,0,0,11200,0,0,0,11782267,11782267,3014
93417,361,1084,1146,0,0,11200,0,0,0,11784194,11784194,3014
93433,361,1112,1146,0,0,11200,0,0,0,11785267,11785267,3014
93448,361,16,1146,0,0,11200,0,0,0,11787261,11787261,3014
93463,361,118,1146,0,0,11200,0,0,0,11789647,11789647,3014
93479,361,174,1146,0,0,11200,0,0,0,11792061,11792061,3014
93494,361,228,1146,0,0,11200,0,0,0,11794330,11794330,3014
93510,361,285,1146,0,0,11200,0,0,0,11796515,11796515,3014
93525,361,342,1146,0,0,11200,0,0,0,11798564,11798564,3014
93540,361,431,1146,0,0,11200,0,0,0,11800604,11800604,3014
93555,361,479,1146,0,0,11200,0,0,0,11802286,11802286,3014
93571,361,537,1146,0,0,11200,0,0,0,11804209,11804209,3014
93587,361,612,1146,0,0,11200,0,0,0,11805998,11805998,3014
93602,361,669,1146,0,0,11200,0,0,0,11807619,11807619,3014
93617,361,712,1146,0,0,11200,0,0,0,11809040,11809040,3014
93633,361,779,1146,0,0,11200,0,0,0,11810564,11810564,3014
93648,361,817,1146,0,0,11200,0,0,0,11811609,11811609,3014
93663,361,887,1146,0,0,11200,0,0,0,11813440,11813440,3014
93678,361,948,1146,0,0,11200,0,0,0,11815087,11815087,3014
93693,361,995,1146,0,0,11200,0,0,0,11816749,11816749,3014
93709,362,1060,1146,0,0,11200,0,0,0,11818699,11818699,3014
93724,362,1110,1146,0,0,11200,0,0,0,11820375,11820375,3014
93739,362,9,1146,0,0,11200,0,0,0,11822368,11822368,3014
93755,362,120,1146,0,0,11200,0,0,0,11824967,11824967,3014
93770,362,176,1146,0,0,11200,0,0,0,11827301,11827301,3014
93785,362,221,1146,0,0,11200,0,0,0,11829561,11829561,3014
93800,362,277,1146,0,0,11200,0,0,0,11831648,11831648,3014
93815,362,360,1146,0,0,11200,0,0,0,11833673,11833673,3014
93830,362,447,1146,0,0,11200,0,0,0,11835723,11835723,3014
93847,362,500,1146,0,0,11200,0,0,0,11837627,11837627,3014
93862,362,549,1146,0,0,11200,0,0,0,11839686,11839686,3014
93877,362,620,1146,0,0,11200,0,0,0,11841487,11841487,3014
93892,362,681,1146,0,0,11200,0,0,0,11843126,11843126,3014
93908,362,712,1146,0,0,11200,0,0,0,11844428,11844428,3014
93924,362,774,1146,0,0,11200,0,0,0,11846074,11846074,3014
93939,362,826,1146,0,0,11200,0,0,0,11847253,11847253,3014
93954,362,868,1146,0,0,11200,0,0,0,11848817,11848817,3014
93969,362,947,1146,0,0,11200,0,0,0,11850730,11850730,3014
93985,362,1015,1146,0,0,11200,0,0,0,11852775,11852775,3014
94000,363,1094,1146,0,0,11200,0,0,0,11854698,11854698,3014
94015,363,1140,1147,1,0,11200,0,0,0,11856556,11856556,3017
94031,363,84,1147,0,0,11200,0,0,0,11859012,11859012,3017
94046,363,168,1147,0,0,11200,0,0,0,11861597,11861597,3017
94061,363,216,1147,0,0,11200,0,0,0,11863655,11863655,3017
94077,363,266,1147,0,0,11200,0,0,0,11865786,11865786,3017
94092,363,324,1147,0,0,11200,0,0,0,11867790,11867790,3017
94107,363,401,1147,0,0,11200,0,0,0,11869741,11869741,3017
94123,363,477,1147,0,0,11200,0,0,0,11871629,11871629,3017
94138,363,529,1147,0,0,11200,0,0,0,11873694,11873694,3017
94154,363,581,1147,0,0,11200,0,0,0,11875314,11875314,3017
94169,363,658,1147,0,0,11200,0,0,0,11877035,11877035,3017
94184,363,707,1147,0,0,11200,0,0,0,11878440,11878440,3017
94200,363,770,1147,0,0,11200,0,0,0,11879956,11879956,3017
94215,363,821,1147,0,0,11200,0,0,0,11881105,11881105,3017
94230,363,881,1147,0,0,11200,0,0,0,11882924,11882924,3017
94245,363,947,1147,0,0,11200,0,0,0,11884794,11884794,3017
94261,363,1005,1147,0,0,11200,0,0,0,11886613,11886613,3017
94276,364,1081,1148,1,0,11200,0,0,0,11888430,11888430,3019
94291,364,1115,1148,1,0,11200,0,0,0,11889572,11889572,3019
94306,364,18,1148,0,0,11200,0,0,0,11891670,11891670,3019
94322,364,114,1148,0,0,11200,0,0,0,11893871,11893871,3019
94337,364,169,1148,0,0,11200,0,0,0,11896325,11896325,3019
94352,364,218,1148,0,0,11200,0,0,0,11898374,11898374,3019
94368,364,268,1148,0,0,11200,0,0,0,11900497,11900497,3019
94384,364,328,1148,0,0,11200,0,0,0,11902628,11902628,3019
94399,364,398,1148,0,0,11200,0,0,0,11904702,11904702,3019
94414,364,478,1148,0,0,11200,0,0,0,11906717,11906717,3019
94430,364,534,1148,0,0,11200,0,0,0,11908734,11908734,3019
94445,364,591,1148,0,0,11200,0,0,0,11910108,11910108,3019
94461,364,676,1148,0,0,11200,0,0,0,11912153,11912153,3019
94476,364,719,1148,0,0,11200,0,0,0,11913695,11913695,3019
94491,364,776,1148,0,0,11200,0,0,0,11915222,11915222,3019
94507,364,826,1148,0,0,11200,0,0,0,11916536,11916536,3019
94522,364,898,1148,0,0,11200,0,0,0,11918478,11918478,3019
94537,364,966,1148,0,0,11200,0,0,0,11920356,11920356,3019
94552,364,1024,1148,0,0,11200,0,0,0,11922388,11922388,3019
94568,365,1100,1148,0,0,11200,0,0,0,11924178,11924178,3019
94583,365,1146,1148,0,0,11200,0,0,0,11925964,11925964,3019
94598,365,99,1148,0,0,11200,0,0,0,11928508,11928508,3019
94614,365,169,1148,0,0,11200,0,0,0,11931027,11931027,3019
94629,365,230,1148,0,0,11200,0,0,0,11933084,11933084,3019
94645,365,279,1148,0,0,11200,0,0,0,11935350,11935350,3019
94661,365,336,1148,0,0,11200,0,0,0,11937338,11937338,3019
94677,365,408,1148,0,0,11200,0,0,0,11939247,11939247,3019
94693,365,478,1148,0,0,11200,0,0,0,11941281,11941281,3019
94708,365,522,1148,0,0,11200,0,0,0,11943161,11943161,3019
94723,365,586,1148,0,0,11200,0,0,0,11944973,11944973,3019
94738,365,652,1148,0,0,11200,0,0,0,11946579,11946579,3019
94754,365,707,1148,0,0,11200,0,0,0,11948336,11948336,3019
94769,365,750,1148,0,0,11200,0,0,0,11949557,11949557,3019
94785,365,794,1148,0,0,11200,0,0,0,11950839,11950839,3019
94800,365,846,1148,0,0,11200,0,0,0,11951979,11951979,3019
94816,365,915,1148,0,0,11200,0,0,0,11953824,11953824,3019
94831,365,990,1148,0,0,11200,0,0,0,11955642,11955642,3019
94848,365,1051,1148,0,0,11200,0,0,0,11957548,11957548,3019
94863,366,1119,1148,0,0,11200,0,0,0,11959500,11959500,3019
94878,366,31,1148,0,0,11200,0,0,0,11961996,11961996,3019
94893,366,150,1148,0,0,11200,0,0,0,11964227,11964227,3019
94908,366,211,1148,0,0,11200,0,0,0,11966563,11966563,3019
94924,366,266,1148,0,0,11200,0,0,0,11968885,11968885,3019
94939,366,331,1148,0,0,11200,0,0,0,11970952,11970952,3019
94954,366,409,1148,0,0,11200,0,0,0,11973055,11973055,3019
94969,366,471,1148,0,0,11200,0,0,0,11974799,11974799,3019
94984,366,522,1148,0,0,11200,0,0,0,11976654,11976654,3019
95000,366,575,1148,0,0,11200,0,0,0,11978333,11978333,3019
95015,366,626,1148,0,0,11200,0,0,0,11979882,11979882,3019
95031,366,685,1148,0,0,11200,0,0,0,11981579,11981579,3019
95047,366,731,1148,0,0,11200,0,0,0,11983023,11983023,3019
95064,366,780,1148,0,0,11200,0,0,0,11984603,11984603,3019
95080,366,848,1148,0,0,11200,0,0,0,11986065,11986065,3019
95096,366,914,1148,0,0,11200,0,0,0,11988039,11988039,3019
95111,366,968,1148,0,0,11200,0,0,0,11989858,11989858,3019
95127,366,1028,1148,0,0,11200,0,0,0,11991873,11991873,3019
95143,367,1096,1148,0,0,11200,0,0,0,11993676,11993676,3019
95158,367,1,1148,0,0,11200,0,0,0,11995559,11995559,3019
95173,367,95,1148,0,0,11200,0,0,0,11998147,11998147,3019
95189,367,165,1148,0,0,11200,0,0,0,12000817,12000817,3019
95204,367,215,1148,0,0,11200,0,0,0,12002799,12002799,3019
95219,367,285,1148,0,0,11200,0,0,0,12005195,12005195,3019
95235,367,344,1148,0,0,11200,0,0,0,12007086,12007086,3019
95250,367,423,1148,0,0,11200,0,0,0,12009088,12009088,3019
95265,367,494,1148,0,0,11200,0,0,0,12011150,12011150,3019
95282,367,558,1148,0,0,11200,0,0,0,12013055,12013055,3019
95297,367,640,1148,0,0,11200,0,0,0,12014988,12014988,3019
95314,367,703,1148,0,0,11200,0,0,0,12016777,12016777,3019
95329,367,752,1148,0,0,11200,0,0,0,12018146,12018146,3019
95345,367,788,1148,0,0,11200,0,0,0,12019361,12019361,3019
95360,367,854,1148,0,0,11200,0,0,0,12021092,12021092,3019
95376,367,914,1148,0,0,11200,0,0,0,12022844,12022844,3019
95392,367,981,1148,0,0,11200,0,0,0,12024807,12024807,3019
95407,367,1035,1148,0,0,11200,0,0,0,12027004,12027004,3019
95423,368,1094,1148,0,0,11200,0,0,0,12028545,12028545,3019
95438,368,1143,1148,0,0,11200,0,0,0,12030370,12030370,3019
95453,368,65,1148,0,0,11200,0,0,0,12032531,12032531,3019
95468,368,139,1148,0,0,11200,0,0,0,12034776,12034776,3019
95484,368,191,1148,0,0,11200,0,0,0,12036896,12036896,3019
95500,368,252,1148,0,0,11200,0,0,0,12039077,12039077,3019
95515,368,301,1148,0,0,11200,0,0,0,12041077,12041077,3019
95530,368,369,1148,0,0,11200,0,0,0,12043134,12043134,3019
95546,368,439,1148,0,0,11200,0,0,0,12044792,12044792,3019
95561,368,494,1148,0,0,11200,0,0,0,12046849,12046849,3019
95576,368,532,1148,0,0,11200,0,0,0,12048685,12048685,3019
95592,368,602,1148,0,0,11200,0,0,0,12050664,12050664,3019
95607,368,680,1148,0,0,11200,0,0,0,12052398,12052398,3019
95623,368,722,1148,0,0,11200,0,0,0,12053751,12053751,3019
95638,368,781,1148,0,0,11200,0,0,0,12055395,12055395,3019
95654,368,841,1148,0,0,11200,0,0,0,12057032,12057032,3019
95669,368,910,1148,0,0,11200,0,0,0,12058897,12058897,3019
95685,368,965,1148,0,0,11200,0,0,0,12060633,12060633,3019
95700,368,1028,1148,0,0,11200,0,0,0,12062576,12062576,3019
95715,369,1117,1149,1,0,11200,0,0,0,12064657,12064657,3020
95730,369,10,1149,0,0,11200,0,0,0,12066535,12066535,3020
95746,369,111,1149,0,0,11200,0,0,0,12068796,12068796,3020
95761,369,174,1149,0,0,11200,0,0,0,12071232,12071232,3020
95776,369,223,1149,0,0,11200,0,0,0,12073240,12073240,3020
95792,369,277,1149,0,0,11200,0,0,0,12075451,12075451,3020
95807,369,345,1149,0,0,11200,0,0,0,12077609,12077609,3020
95822,369,445,1149,0,0,11200,0,0,0,12079667,12079667,3020
95838,369,493,1149,0,0,11200,0,0,0,12081667,12081667,3020
95853,369,546,1149,0,0,11200,0,0,0,12083424,12083424,3020
95869,369,607,1149,0,0,11200,0,0,0,12084832,12084832,3020
95884,369,659,1149,0,0,11200,0,0,0,12086595,12086595,3020
95900,369,712,1149,0,0,11200,0,0,0,12088126,12088126,3020
95915,369,770,1149,0,0,11200,0,0,0,12089576,12089576,3020
95931,369,826,1149,0,0,11200,0,0,0,12090912,12090912,3020
95946,369,887,1149,0,0,11200,0,0,0,12092754,12092754,3020
95962,369,938,1149,0,0,11200,0,0,0,12094247,12094247,3020
95977,369,985,1149,0,0,11200,0,0,0,12095878,12095878,3020
95993,369,1039,1149,0,0,11200,0,0,0,12097666,12097666,3020
96008,370,1104,1149,0,0,11200,0,0,0,12099354,12099354,3020
96025,370,1146,1151,2,0,11200,0,0,0,12101236,12101236,3021
96040,370,78,1151,1,0,11200,0,0,0,12103515,12103515,3021
96056,370,152,1151,1,0,11200,0,0,0,12105848,12105848,3021
96071,370,212,1151,1,0,11200,0,0,0,12108192,12108192,3021
96086,370,266,1151,1,0,11200,0,0,0,12110263,12110263,3021
96102,370,327,1151,1,0,11200,0,0,0,12112272,12112272,3021
96118,370,403,1151,1,0,11200,0,0,0,12114173,12114173,3021
96133,370,477,1151,1,0,11200,0,0,0,12116118,12116118,3021
96148,370,514,1151,1,0,11200,0,0,0,12117651,12117651,3021
96164,370,567,1151,1,0,11200,0,0,0,12119419,12119419,3021
96179,370,638,1151,1,0,11200,0,0,0,12121189,12121189,3021
96194,370,686,1151,1,0,11200,0,0,0,12122710,12122710,3021
96209,370,732,1151,1,0,11200,0,0,0,12124071,12124071,3021
96225,370,776,1151,1,0,11200,0,0,0,12125573,12125573,3021
96241,370,810,1151,1,0,11200,0,0,0,12126600,12126600,3021
96256,370,875,1151,1,0,11200,0,0,0,12128177,12128177,3021
96272,370,943,1151,1,0,11200,0,0,0,12129797,12129797,3021
96287,370,993,1151,1,0,11200,0,0,0,12131383,12131383,3021
96302,370,1051,1151,1,0,11200,0,0,0,12133172,12133172,3021
96317,371,1099,1151,1,0,11200,0,0,0,12134411,12134411,3021
96333,371,1148,1151,1,0,11200,0,0,0,12136335,12136335,3021
96348,371,101,1151,0,0,11200,0,0,0,12138673,12138673,3021
96363,371,165,1151,0,0,11200,0,0,0,12140908,12140908,3021
96378,371,215,1151,0,0,11200,0,0,0,12142933,12142933,3021
96393,371,273,1151,0,0,11200,0,0,0,12145179,12145179,3021
96408,371,333,1151,0,0,11200,0,0,0,12147129,12147129,3021
96425,371,405,1151,0,0,11200,0,0,0,12149169,12149169,3021
96440,371,486,1151,0,0,11200,0,0,0,12151199,12151199,3021
96455,371,543,1151,0,0,11200,0,0,0,12153047,12153047,3021
96470,371,623,1151,0,0,11200,0,0,0,12154757,12154757,3021
96487,371,685,1151,0,0,11200,0,0,0,12156476,12156476,3021
96503,371,719,1151,0,0,11200,0,0,0,12157856,12157856,3021
96518,371,768,1151,0,0,11200,0,0,0,12159170,12159170,3021
96533,371,813,1151,0,0,11200,0,0,0,12160255,12160255,3021
96548,371,887,1151,0,0,11200,0,0,0,12161936,12161936,3021
96564,371,938,1151,0,0,11200,0,0,0,12163334,12163334,3021
96579,371,983,1151,0,0,11200,0,0,0,12164996,12164996,3021
96594,371,1040,1151,0,0,11200,0,0,0,12166968,12166968,3021
96611,372,1103,1151,0,0,11200,0,0,0,12168696,12168696,3021
96627,372,1149,1151,0,0,11200,0,0,0,12170727,12170727,3021
96642,372,74,1151,0,0,11200,0,0,0,12172900,12172900,3021
96658,372,137,1151,0,0,11200,0,0,0,12174986,12174986,3021
96673,372,187,1151,0,0,11200,0,0,0,12177199,12177199,3021
96689,372,232,1151,0,0,11200,0,0,0,12179109,12179109,3021
96704,372,307,1151,0,0,11200,0,0,0,12181292,12181292,3021
96720,372,391,1151,0,0,11200,0,0,0,12183420,12183420,3021
96735,372,460,1151,0,0,11200,0,0,0,12185462,12185462,3021
96750,372,513,1151,0,0,11200,0,0,0,12187319,12187319,3021
96765,372,586,1151,0,0,11200,0,0,0,12189528,12189528,3021
96781,372,655,1151,0,0,11200,0,0,0,12191325,12191325,3021
96797,372,706,1151,0,0,11200,0,0,0,12193041,12193041,3021
96812,372,768,1151,0,0,11200,0,0,0,12194586,12194586,3021
96827,372,805,1151,0,0,11200,0,0,0,12195945,12195945,3021
96843,372,858,1151,0,0,11200,0,0,0,12197546,12197546,3021
96858,372,915,1151,0,0,11200,0,0,0,12198742,12198742,3021
96873,372,966,1151,0,0,11200,0,0,0,12200639,12200639,3021
96889,372,1018,1151,0,0,11200,0,0,0,12202644,12202644,3021
96904,373,1083,1151,0,0,11200,0,0,0,12204445,12204445,3021
96919,373,1111,1151,0,0,11200,0,0,0,12205678,12205678,3021
96935,373,14,1151,0,0,11200,0,0,0,12207801,12207801,3021
96950,373,114,1151,0,0,11200,0,0,0,12210205,12210205,3021
96965,373,169,1151,0,0,11200,0,0,0,12212697,12212697,3021
96980,373,221,1151,0,0,11200,0,0,0,12214682,12214682,3021
96995,373,289,1151,0,0,11200,0,0,0,12216839,12216839,3021
97011,373,348,1151,0,0,11200,0,0,0,12218786,12218786,3021
97026,373,406,1151,0,0,11200,0,0,0,12220357,12220357,3021
97041,373,492,1151,0,0,11200,0,0,0,12222313,12222313,3021
97057,373,545,1151,0,0,11200,0,0,0,12224310,12224310,3021
97072,373,625,1151,0,0,11200,0,0,0,12226305,12226305,3021
97087,373,680,1151,0,0,11200,0,0,0,12227874,12227874,3021
97103,373,727,1151,0,0,11200,0,0,0,12229248,12229248,3021
97118,373,779,1151,0,0,11200,0,0,0,12230907,12230907,3021
97135,373,838,1151,0,0,11200,0,0,0,12232520,12232520,3021
97152,373,891,1151,0,0,11200,0,0,0,12234093,12234093,3021
97167,373,960,1151,0,0,11200,0,0,0,12235730,12235730,3021
97182,373,1022,1151,0,0,11200,0,0,0,12237732,12237732,3021
97197,374,1086,1151,0,0,11200,0,0,0,12239432,12239432,3021
97212,374,1124,1151,0,0,11200,0,0,0,12240954,12240954,3021
97227,374,22,1151,0,0,11200,0,0,0,12243231,12243231,3021
97243,374,115,1151,0,0,11200,0,0,0,12245435,12245435,3021
97258,374,174,1151,0,0,11200,0,0,0,12247814,12247814,3021
97274,374,222,1151,0,0,11200,0,0,0,12249783,12249783,3021
97289,374,288,1151,0,0,11200,0,0,0,12251819,12251819,3021
97305,374,352,1151,0,0,11200,0,0,0,12253937,12253937,3021
97320,374,421,1151,0,0,11200,0,0,0,12255893,12255893,3021
97335,374,478,1151,0,0,11200,0,0,0,12257924,12257924,3021
97352,374,532,1151,0,0,11200,0,0,0,12259958,12259958,3021
97367,374,587,1151,0,0,11200,0,0,0,12261723,12261723,3021
97382,374,652,1151,0,0,11200,0,0,0,12263536,12263536,3021
97397,374,706,1151,0,0,11200,0,0,0,12264957,12264957,3021
97413,374,745,1151,0,0,11200,0,0,0,12266249,12266249,3021
97429,374,785,1151,0,0,11200,0,0,0,12267732,12267732,3021
97445,374,854,1151,0,0,11200,0,0,0,12269485,12269485,3021
97460,374,927,1151,0,0,11200,0,0,0,12271256,12271256,3021
97475,374,987,1151,0,0,11200,0,0,0,12273231,12273231,3021
97490,374,1051,1151,0,0,11200,0,0,0,12275062,12275062,3021
97506,375,1110,1151,0,0,11200,0,0,0,12276879,12276879,3021
97521,375,8,1151,0,0,11200,0,0,0,12278857,12278857,3021
97536,375,100,1151,0,0,11200,0,0,0,12281247,12281247,3021
97552,375,158,1151,0,0,11200,0,0,0,12283571,12283571,3021
97567,375,216,1151,0,0,11200,0,0,0,12285648,12285648,3021
97582,375,287,1151,0,0,11200,0,0,0,12287922,12287922,3021
97598,375,345,1151,0,0,11200,0,0,0,12289974,12289974,3021
97613,375,438,1151,0,0,11200,0,0,0,12292104,12292104,3021
97629,375,492,1151,0,0,11200,0,0,0,12294099,12294099,3021
97644,375,547,1151,0,0,11200,0,0,0,12296095,12296095,3021
97662,375,608,1151,0,0,11200,0,0,0,12297428,12297428,3021
97679,375,670,1151,0,0,11200,0,0,0,12299203,12299203,3021
97694,375,719,1151,0,0,11200,0,0,0,12300688,12300688,3021
97710,375,774,1151,0,0,11200,0,0,0,12302274,12302274,3021
97726,375,821,1151,0,0,11200,0,0,0,12303534,12303534,3021
97742,375,904,1151,0,0,11200,0,0,0,12305552,12305552,3021
97757,375,962,1151,0,0,11200,0,0,0,12307204,12307204,3021
97772,375,1017,1151,0,0,11200,0,0,0,12309216,12309216,3021
97787,376,1090,1151,0,0,11200,0,0,0,12311196,12311196,3021
97803,376,1130,1151,0,0,11200,0,0,0,12312783,12312783,3021
97818,376,24,1151,0,0,11200,0,0,0,12314989,12314989,3021
97833,376,131,1151,0,0,11200,0,0,0,12317135,12317135,3021
97848,376,179,1151,0,0,11200,0,0,0,12319549,12319549,3021
97863,376,229,1151,0,0,11200,0,0,0,12321687,12321687,3021
97878,376,301,1151,0,0,11200,0,0,0,12323978,12323978,3021
97893,376,378,1151,0,0,11200,0,0,0,12325966,12325966,3021
97908,376,450,1151,0,0,11200,0,0,0,12327934,12327934,3021
97924,376,502,1151,0,0,11200,0,0,0,12329978,12329978,3021
97939,376,570,1151,0,0,11200,0,0,0,12332000,12332000,3021
97955,376,646,1151,0,0,11200,0,0,0,12333684,12333684,3021
97970,376,708,1151,0,0,11200,0,0,0,12335401,12335401,3021
97985,376,768,1151,0,0,11200,0,0,0,12336936,12336936,3021
98000,376,830,1151,0,0,11200,0,0,0,12338339,12338339,3021
98015,376,881,1151,0,0,11200,0,0,0,12340109,12340109,3021
98031,376,938,1151,0,0,11200,0,0,0,12341631,12341631,3021
98046,376,1003,1151,0,0,11200,0,0,0,12343540,12343540,3021
98061,377,1066,1151,0,0,11200,0,0,0,12345525,12345525,3021
98077,377,1104,1151,0,0,11200,0,0,0,12346969,12346969,3021
98092,377,1150,1151,0,0,11200,0,0,0,12348696,12348696,3021
98107,377,78,1151,0,0,11200,0,0,0,12350921,12350921,3021
98123,377,139,1151,0,0,11200,0,0,0,12353098,12353098,3021
98138,377,191,1151,0,0,11200,0,0,0,12355404,12355404,3021
98153,377,245,1151,0,0,11200,0,0,0,12357586,12357586,3021
98169,377,327,1151,0,0,11200,0,0,0,12359725,12359725,3021
98184,377,399,1151,0,0,11200,0,0,0,12361701,12361701,3021
98199,377,473,1151,0,0,11200,0,0,0,12363604,12363604,3021
98215,377,532,1151,0,0,11200,0,0,0,12365662,12365662,3021
98230,377,591,1151,0,0,11200,0,0,0,12367222,12367222,3021
98246,377,672,1151,0,0,11200,0,0,0,12369239,12369239,3021
98261,377,706,1151,0,0,11200,0,0,0,12370722,12370722,3021
98276,377,752,1151,0,0,11200,0,0,0,12372171,12372171,3021
98292,377,788,1151,0,0,11200,0,0,0,12373417,12373417,3021
98307,377,837,1151,0,0,11200,0,0,0,12374654,12374654,3021
98322,377,896,1151,0,0,11200,0,0,0,12376246,12376246,3021
98337,377,949,1151,0,0,11200,0,0,0,12377804,12377804,3021
98353,377,1016,1151,0,0,11200,0,0,0,12379844,12379844,3021
98368,378,1081,1151,0,0,11200,0,0,0,12381605,12381605,3021
98383,378,1130,1151,0,0,11200,0,0,0,12383318,12383318,3021
98399,378,25,1151,0,0,11200,0,0,0,12385590,12385590,3021
98414,378,128,1151,0,0,11200,0,0,0,12388019,12388019,3021
98429,378,194,1151,0,0,11200,0,0,0,12390375,12390375,3021
98444,378,264,1151,0,0,11200,0,0,0,12392676,12392676,3021
98460,378,337,1151,0,0,11200,0,0,0,12394938,12394938,3021
98476,378,433,1151,0,0,11200,0,0,0,12397168,12397168,3021
98491,378,494,1151,0,0,11200,0,0,0,12399327,12399327,3021
98506,378,540,1151,0,0,11200,0,0,0,12401314,12401314,3021
98521,378,598,1151,0,0,11200,0,0,0,12402876,12402876,3021
98537,378,663,1151,0,0,11200,0,0,0,12404536,12404536,3021
98553,378,700,1151,0,0,11200,0,0,0,12405988,12405988,3021
98568,378,747,1151,0,0,11200,0,0,0,12407157,12407157,3021
98584,378,805,1151,0,0,11200,0,0,0,12408688,12408688,3021
98599,378,868,1151,0,0,11200,0,0,0,12410418,12410418,3021
98614,378,925,1151,0,0,11200,0,0,0,12412054,12412054,3021
98629,378,964,1151,0,0,11200,0,0,0,12413601,12413601,3021
98645,378,1015,1151,0,0,11200,0,0,0,12415724,12415724,3021
98660,379,1085,1151,0,0,11200,0,0,0,12417535,12417535,3021
98675,379,1141,1151,0,0,11200,0,0,0,12419532,12419532,3021
98690,379,42,1151,0,0,11200,0,0,0,12421772,12421772,3021
98705,379,141,1151,0,0,11200,0,0,0,12424145,12424145,3021
98721,379,196,1151,0,0,11200,0,0,0,12426537,12426537,3021
98736,379,247,1151,0,0,11200,0,0,0,12428916,12428916,3021
98751,379,311,1151,0,0,11200,0,0,0,12430929,12430929,3021
98766,379,381,1151,0,0,11200,0,0,0,12433064,12433064,3021
98781,379,455,1151,0,0,11200,0,0,0,12434954,12434954,3021
98797,379,504,1151,0,0,11200,0,0,0,12436938,12436938,3021
98813,379,555,1151,0,0,11200,0,0,0,12438761,12438761,3021
98828,379,631,1151,0,0,11200,0,0,0,12440277,12440277,3021
98844,379,683,1151,0,0,11200,0,0,0,12441762,12441762,3021
98859,379,714,1151,0,0,11200,0,0,0,12442831,12442831,3021
98875,379,767,1151,0,0,11200,0,0,0,12444419,12444419,3021
98890,379,794,1151,0,0,11200,0,0,0,12445722,12445722,3021
98905,379,881,1151,0,0,11200,0,0,0,12447680,12447680,3021
98921,379,945,1151,0,0,11200,0,0,0,12449251,12449251,3021
98936,379,1003,1151,0,0,11200,0,0,0,12451129,12451129,3021
98951,380,1069,1151,0,0,11200,0,0,0,12453108,12453108,3021
98966,380,1125,1151,0,0,11200,0,0,0,12454914,12454914,3021
98981,380,21,1151,0,0,11200,0,0,0,12457208,12457208,3021
98997,380,132,1151,0,0,11200,0,0,0,12459433,12459433,3021
99012,380,196,1151,0,0,11200,0,0,0,12462001,12462001,3021
99028,380,255,1151,0,0,11200,0,0,0,12464260,12464260,3021
99043,380,313,1151,0,0,11200,0,0,0,12466433,12466433,3021
99058,380,391,1151,0,0,11200,0,0,0,12468471,12468471,3021
99074,380,452,1151,0,0,11200,0,0,0,12470396,12470396,3021
99089,380,508,1151,0,0,11200,0,0,0,12472334,12472334,3021
99104,380,559,1151,0,0,11200,0,0,0,12474203,12474203,3021
99120,380,633,1151,0,0,11200,0,0,0,12475855,12475855,3021
99135,380,680,1151,0,0,11200,0,0,0,12477460,12477460,3021
99150,380,731,1151,0,0,11200,0,0,0,12479007,12479007,3021
99166,380,779,1151,0,0,11200,0,0,0,12480621,12480621,3021
99181,380,826,1151,0,0,11200,0,0,0,12481560,12481560,3021
99196,380,887,1151,0,0,11200,0,0,0,12483496,12483496,3021
99211,380,938,1151,0,0,11200,0,0,0,12485001,12485001,3021
99227,380,994,1151,0,0,11200,0,0,0,12486886,12486886,3021
99242,380,1053,1151,0,0,11200,0,0,0,12488714,12488714,3021
99257,381,1104,1151,0,0,11200,0,0,0,12490454,12490454,3021
99273,381,1146,1151,0,0,11200,0,0,0,12492290,12492290,3021
99288,381,84,1151,0,0,11200,0,0,0,12494199,12494199,3021
99304,381,150,1151,0,0,11200,0,0,0,12496463,12496463,3021
99319,381,213,1151,0,0,11200,0,0,0,12498704,12498704,3021
99334,381,273,1151,0,0,11200,0,0,0,12501126,12501126,3021
99350,381,343,1151,0,0,11200,0,0,0,12503104,12503104,3021
99365,381,403,1151,0,0,11200,0,0,0,12504873,12504873,3021
99380,381,469,1151,0,0,11200,0,0,0,12506759,12506759,3021
99395,381,513,1151,0,0,11200,0,0,0,12508694,12508694,3021
99411,381,572,1151,0,0,11200,0,0,0,12510684,12510684,3021
99426,381,654,1151,0,0,11200,0,0,0,12512492,12512492,3021
99441,381,703,1151,0,0,11200,0,0,0,12514319,12514319,3021
99457,381,752,1151,0,0,11200,0,0,0,12515729,12515729,3021
99473,381,800,1151,0,0,11200,0,0,0,12517051,12517051,3021
99488,381,877,1151,0,0,11200,0,0,0,12518685,12518685,3021
99503,381,947,1151,0,0,11200,0,0,0,12520493,12520493,3021
99518,381,1005,1151,0,0,11200,0,0,0,12522387,12522387,3021
99534,382,1066,1151,0,0,11200,0,0,0,12524331,12524331,3021
99549,382,1113,1151,0,0,11200,0,0,0,12525904,12525904,3021
99564,382,1148,1151,0,0,11200,0,0,0,12527598,12527598,3021
99580,382,88,1151,0,0,11200,0,0,0,12529836,12529836,3021
99595,382,147,1151,0,0,11200,0,0,0,12532126,12532126,3021
99610,382,199,1151,0,0,11200,0,0,0,12534416,12534416,3021
99625,382,246,1151,0,0,11200,0,0,0,12536597,12536597,3021
99640,382,313,1151,0,0,11200,0,0,0,12538706,12538706,3021
99655,382,390,1151,0,0,11200,0,0,0,12540906,12540906,3021
99670,382,455,1151,0,0,11200,0,0,0,12542926,12542926,3021
99686,382,502,1151,0,0,11200,0,0,0,12544775,12544775,3021
99701,382,545,1151,0,0,11200,0,0,0,12546677,12546677,3021
99716,382,620,1151,0,0,11200,0,0,0,12548486,12548486,3021
99731,382,683,1151,0,0,11200,0,0,0,12550425,12550425,3021
99746,382,732,1151,0,0,11200,0,0,0,12551885,12551885,3021
99762,382,788,1151,0,0,11200,0,0,0,12553280,12553280,3021
99777,382,876,1151,0,0,11200,0,0,0,12555133,12555133,3021
99792,382,935,1151,0,0,11200,0,0,0,12556774,12556774,3021
99808,382,998,1151,0,0,11200,0,0,0,12558889,12558889,3021
99823,383,1065,1151,0,0,11200,0,0,0,12560843,12560843,3021
99839,383,1118,1151,0,0,11200,0,0,0,12562767,12562767,3021
99854,383,21,1151,0,0,11200,0,0,0,12565082,12565082,3021
99869,383,112,1151,0,0,11200,0,0,0,12567327,12567327,3021
99885,383,175,1151,0,0,11200,0,0,0,12569560,12569560,3021
99900,383,224,1151,0,0,11200,0,0,0,12571695,12571695,3021
99916,383,288,1151,0,0,11200,0,0,0,12573888,12573888,3021
99931,383,363,1151,0,0,11200,0,0,0,12575912,12575912,3021
99946,383,446,1151,0,0,11200,0,0,0,12577856,12577856,3021
99961,383,497,1151,0,0,11200,0,0,0,12579795,12579795,3021
99977,383,549,1151,0,0,11200,0,0,0,12581833,12581833,3021
99992,383,608,1151,0,0,11200,0,0,0,12583326,12583326,3021
100007,383,687,1151,0,0,11200,0,0,0,12585191,12585191,3021
100023,383,736,1151,0,0,11200,0,0,0,12586526,12586526,3021
100039,383,785,1151,0,0,11200,0,0,0,12588150,12588150,3021
100054,383,832,1151,0,0,11200,0,0,0,12589500,12589500,3021
100070,383,892,1151,0,0,11200,0,0,0,12591187,12591187,3021
100085,383,962,1151,0,0,11200,0,0,0,12593036,12593036,3021
100101,383,1019,1151,0,0,11200,0,0,0,12595097,12595097,3021
100116,384,1098,1152,1,0,11200,0,0,0,12597056,12597056,3023
100131,384,1145,1152,1,0,11200,0,0,0,12599081,12599081,3023
100147,384,101,1152,0,0,11200,0,0,0,12601605,12601605,3023
100162,384,167,1152,0,0,11200,0,0,0,12603966,12603966,3023
100177,384,223,1152,0,0,11200,0,0,0,12606023,12606023,3023
100193,384,277,1152,0,0,11200,0,0,0,12608329,12608329,3023
100208,384,340,1152,0,0,11200,0,0,0,12610404,12610404,3023
100224,384,408,1153,1,0,11200,0,0,0,12612429,12612429,3023
100239,384,493,1153,1,0,11200,0,0,0,12614464,12614464,3023
100254,384,545,1153,1,0,11200,0,0,0,12616494,12616494,3023
100269,384,597,1153,1,0,11200,0,0,0,12618073,12618073,3023
100285,384,652,1153,1,0,11200,0,0,0,12619428,12619428,3023
100300,384,700,1153,1,0,11200,0,0,0,12621177,12621177,3023
100315,384,755,1153,1,0,11200,0,0,0,12622560,12622560,3023
100330,384,788,1153,1,0,11200,0,0,0,12623809,12623809,3023
100345,384,854,1153,1,0,11200,0,0,0,12625278,12625278,3023
100360,384,927,1153,1,0,11200,0,0,0,12627013,12627013,3023
100375,384,983,1153,1,0,11200,0,0,0,12628778,12628778,3023
100390,384,1048,1153,1,0,11200,0,0,0,12630656,12630656,3023
100406,385,1118,1154,2,0,11200,0,0,0,12632475,12632475,3024
100421,385,1,1155,1,0,11200,0,0,0,12634521,12634521,3025
100436,385,84,1155,1,0,11200,0,0,0,12636760,12636760,3025
100452,385,148,1156,2,0,11200,0,0,0,12639055,12639055,3025
100467,385,206,1156,2,0,11200,0,0,0,12641219,12641219,3025
100482,385,260,1156,2,0,11200,0,0,0,12643517,12643517,3025
100498,385,314,1156,2,0,11200,0,0,0,12645489,12645489,3025
100513,385,378,1156,2,0,11200,0,0,0,12647413,12647413,3025
100528,385,446,1156,2,0,11200,0,0,0,12649401,12649401,3025
100544,385,497,1156,2,0,11200,0,0,0,12651194,12651194,3025
100559,385,560,1156,2,0,11200,0,0,0,12653181,12653181,3025
100574,385,634,1156,2,0,11200,0,0,0,12654713,12654713,3025
100589,385,698,1156,2,0,11200,0,0,0,12656683,12656683,3025
100604,385,741,1156,2,0,11200,0,0,0,12657977,12657977,3025
100619,385,775,1156,2,0,11200,0,0,0,12659281,12659281,3025
100634,385,859,1156,2,0,11200,0,0,0,12661349,12661349,3025
100650,385,941,1156,2,0,11200,0,0,0,12663165,12663165,3025
100665,385,1002,1156,2,0,11200,0,0,0,12665029,12665029,3025
100681,386,1070,1156,2,0,11200,0,0,0,12666973,12666973,3025
100697,386,1117,1156,2,0,11200,0,0,0,12668849,12668849,3025
100713,386,10,1156,2,0,11200,0,0,0,12670941,12670941,3025
100728,386,95,1156,2,0,11200,0,0,0,12673223,12673223,3025
100744,386,161,1156,2,0,11200,0,0,0,12675614,12675614,3025
100759,386,222,1156,2,0,11200,0,0,0,12677881,12677881,3025
100774,386,277,1156,2,0,11200,0,0,0,12679940,12679940,3025
100790,386,333,1156,2,0,11200,0,0,0,12681992,12681992,3025
100805,386,405,1156,2,0,11200,0,0,0,12684110,12684110,3025
100820,386,477,1156,2,0,11200,0,0,0,12685993,12685993,3025
100835,386,527,1156,2,0,11200,0,0,0,12687935,12687935,3025
100850,386,591,1156,2,0,11200,0,0,0,12689766,12689766,3025
100866,386,661,1156,2,0,11200,0,0,0,12691643,12691643,3025
100881,386,716,1156,2,0,11200,0,0,0,12693083,12693083,3025
100896,386,790,1156,2,0,11200,0,0,0,12694685,12694685,3025
100912,386,858,1156,2,0,11200,0,0,0,12696516,12696516,3025
100927,386,915,1156,2,0,11200,0,0,0,12698258,12698258,3025
100943,386,987,1156,2,0,11200,0,0,0,12700189,12700189,3025
100958,387,1060,1156,2,0,11200,0,0,0,12702304,12702304,3025
100973,387,1116,1156,2,0,11200,0,0,0,12704198,12704198,3025
100988,387,10,1156,2,0,11200,0,0,0,12706203,12706203,3025
101004,387,111,1156,2,0,11200,0,0,0,12708494,12708494,3025
101020,387,170,1156,2,0,11200,0,0,0,12710917,12710917,3025
101035,387,222,1156,2,0,11200,0,0,0,12713002,12713002,3025
101050,387,273,1156,2,0,11200,0,0,0,12715055,12715055,3025
101065,387,332,1156,2,0,11200,0,0,0,12717035,12717035,3025
101081,387,405,1156,2,0,11200,0,0,0,12719182,12719182,3025
101097,387,466,1156,2,0,11200,0,0,0,12720820,12720820,3025
101112,387,508,1156,2,0,11200,0,0,0,12722617,12722617,3025
101127,387,559,1156,2,0,11200,0,0,0,12724396,12724396,3025
101142,387,629,1156,2,0,11200,0,0,0,12726435,12726435,3025
101157,387,675,1156,2,0,11200,0,0,0,12728040,12728040,3025
101173,387,719,1156,2,0,11200,0,0,0,12729628,12729628,3025
101188,387,773,1156,2,0,11200,0,0,0,12731144,12731144,3025
101203,387,827,1156,2,0,11200,0,0,0,12732516,12732516,3025
101219,387,892,1156,2,0,11200,0,0,0,12734340,12734340,3025
101234,387,959,1156,2,0,11200,0,0,0,12736035,12736035,3025
101249,387,1021,1156,2,0,11200,0,0,0,12737965,12737965,3025
101264,388,1100,1157,3,0,11200,0,0,0,12739960,12739960,3025
101280,388,1146,1157,3,0,11200,0,0,0,12741837,12741837,3025
101295,388,70,1157,3,0,11200,0,0,0,12744280,12744280,3025
101310,388,153,1157,3,0,11200,0,0,0,12746697,12746697,3025
101325,388,208,1157,3,0,11200,0,0,0,12748855,12748855,3025
101340,388,255,1157,3,0,11200,0,0,0,12750871,12750871,3025
101356,388,322,1157,3,0,11200,0,0,0,12752919,12752919,3025
101371,388,391,1157,3,0,11200,0,0,0,12754933,12754933,3025
101386,388,466,1157,3,0,11200,0,0,0,12756953,12756953,3025
101401,388,514,1157,3,0,11200,0,0,0,12758724,12758724,3025
101419,388,558,1157,3,0,11200,0,0,0,12760312,12760312,3025
101434,388,631,1157,3,0,11200,0,0,0,12762022,12762022,3025
101449,388,686,1157,3,0,11200,0,0,0,12763768,12763768,3025
101465,388,731,1157,3,0,11200,0,0,0,12765305,12765305,3025
101480,388,775,1157,3,0,11200,0,0,0,12766766,12766766,3025
101495,388,821,1157,3,0,11200,0,0,0,12767943,12767943,3025
101511,388,886,1157,3,0,11200,0,0,0,12769556,12769556,3025
101526,388,949,1157,3,0,11200,0,0,0,12771333,12771333,3025
101542,388,1016,1157,3,0,11200,0,0,0,12773375,12773375,3025
101557,389,1086,1157,3,0,11200,0,0,0,12775273,12775273,3025
101573,389,1128,1157,3,0,11200,0,0,0,12776957,12776957,3025
101588,389,18,1157,2,0,11200,0,0,0,12779145,12779145,3025
101603,389,123,1157,2,0,11200,0,0,0,12781547,12781547,3025
101619,389,187,1157,2,0,11200,0,0,0,12783888,12783888,3025
101634,389,240,1157,2,0,11200,0,0,0,12786047,12786047,3025
101649,389,308,1157,2,0,11200,0,0,0,12788150,12788150,3025
101664,389,390,1157,2,0,11200,0,0,0,12790374,12790374,3025
101679,389,457,1157,2,0,11200,0,0,0,12792028,12792028,3025
101695,389,508,1157,2,0,11200,0,0,0,12793830,12793830,3025
101710,389,558,1157,2,0,11200,0,0,0,12795538,12795538,3025
101726,389,650,1157,2,0,11200,0,0,0,12797447,12797447,3025
101741,389,696,1157,2,0,11200,0,0,0,12799106,12799106,3025
101756,389,739,1157,2,0,11200,0,0,0,12800329,12800329,3025
101772,389,785,1157,2,0,11200,0,0,0,12801997,12801997,3025
101787,389,840,1157,2,0,11200,0,0,0,12803152,12803152,3025
101803,389,908,1157,2,0,11200,0,0,0,12805089,12805089,3025
101818,389,968,1157,2,0,11200,0,0,0,12806865,12806865,3025
101833,389,1022,1157,2,0,11200,0,0,0,12809018,12809018,3025
101848,390,1082,1157,2,0,11200,0,0,0,12810958,12810958,3025
101864,390,1140,1159,4,0,11200,0,0,0,12813064,12813064,3028
101879,390,25,1159,2,0,11200,0,0,0,12815258,12815258,3028
101894,390,128,1159,2,0,11200,0,0,0,12817486,12817486,3028
101909,390,191,1159,2,0,11200,0,0,0,12819811,12819811,3028
101925,390,228,1159,2,0,11200,0,0,0,12821722,12821722,3028
101941,390,287,1159,2,0,11200,0,0,0,12823690,12823690,3028
101956,390,344,1159,2,0,11200,0,0,0,12825503,12825503,3028
101972,390,436,1159,2,0,11200,0,0,0,12827266,12827266,3028
101987,390,490,1159,2,0,11200,0,0,0,12828985,12828985,3028
102002,390,532,1159,2,0,11200,0,0,0,12830609,12830609,3028
102017,390,603,1159,2,0,11200,0,0,0,12832538,12832538,3028
102032,390,665,1159,2,0,11200,0,0,0,12834332,12834332,3028
102047,390,712,1159,2,0,11200,0,0,0,12836144,12836144,3028
102062,390,767,1159,2,0,11200,0,0,0,12837577,12837577,3028
102079,390,805,1159,2,0,11200,0,0,0,12838753,12838753,3028
102094,390,873,1159,2,0,11200,0,0,0,12840383,12840383,3028
102109,390,945,1159,2,0,11200,0,0,0,12842107,12842107,3028
102125,390,1012,1159,2,0,11200,0,0,0,12844100,12844100,3028
102140,391,1070,1159,2,0,11200,0,0,0,12846067,12846067,3028
102155,391,1134,1159,2,0,11200,0,0,0,12847904,12847904,3028
102171,391,22,1159,2,0,11200,0,0,0,12850105,12850105,3028
102186,391,112,1159,2,0,11200,0,0,0,12852249,12852249,3028
102201,391,169,1159,2,0,11200,0,0,0,12854607,12854607,3028
102217,391,215,1159,2,0,11200,0,0,0,12856576,12856576,3028
102232,391,269,1159,2,0,11200,0,0,0,12858637,12858637,3028
102247,391,336,1159,2,0,11200,0,0,0,12860633,12860633,3028
102262,391,408,1159,2,0,11200,0,0,0,12862600,12862600,3028
102277,391,482,1159,2,0,11200,0,0,0,12864823,12864823,3028
102292,391,530,1159,2,0,11200,0,0,0,12866578,12866578,3028
102307,391,587,1159,2,0,11200,0,0,0,12868282,12868282,3028
102323,391,651,1159,2,0,11200,0,0,0,12870055,12870055,3028
102338,391,700,1159,2,0,11200,0,0,0,12871438,12871438,3028
102354,391,767,1159,2,0,11200,0,0,0,12872981,12872981,3028
102371,391,804,1159,2,0,11200,0,0,0,12874207,12874207,3028
102386,391,861,1159,2,0,11200,0,0,0,12875685,12875685,3028
102401,391,917,1159,2,0,11200,0,0,0,12877303,12877303,3028
102417,391,986,1159,2,0,11200,0,0,0,12879084,12879084,3028
102432,391,1039,1159,2,0,11200,0,0,0,12881099,12881099,3028
102447,392,1100,1159,2,0,11200,0,0,0,12882960,12882960,3028
102462,392,1146,1159,2,0,11200,0,0,0,12884634,12884634,3028
102478,392,61,1159,2,0,11200,0,0,0,12887082,12887082,3028
102493,392,136,1159,2,0,11200,0,0,0,12889306,12889306,3028
102509,392,188,1159,2,0,11200,0,0,0,12891520,12891520,3028
102524,392,244,1159,2,0,11200,0,0,0,12893613,12893613,3028
102539,392,311,1159,2,0,11200,0,0,0,12895924,12895924,3028
102554,392,391,1159,2,0,11200,0,0,0,12897993,12897993,3028
102570,392,466,1159,2,0,11200,0,0,0,12900099,12900099,3028
102585,392,522,1159,2,0,11200,0,0,0,12901885,12901885,3028
102600,392,588,1159,2,0,11200,0,0,0,12903915,12903915,3028
102615,392,657,1159,2,0,11200,0,0,0,12905841,12905841,3028
102631,392,705,1159,2,0,11200,0,0,0,12907445,12907445,3028
102646,392,751,1159,2,0,11200,0,0,0,12908959,12908959,3028
102661,392,817,1159,2,0,11200,0,0,0,12910436,12910436,3028
102676,392,876,1159,2,0,11200,0,0,0,12912057,12912057,3028
102692,392,945,1159,2,0,11200,0,0,0,12913828,12913828,3028
102707,392,1002,1159,2,0,11200,0,0,0,12915636,12915636,3028
102723,393,1069,1159,2,0,11200,0,0,0,12917479,12917479,3028
102738,393,1118,1159,2,0,11200,0,0,0,12919054,12919054,3028
102754,393,7,1159,2,0,11200,0,0,0,12921190,12921190,3028
102769,393,84,1159,2,0,11200,0,0,0,12923504,12923504,3028
102784,393,145,1159,2,0,11200,0,0,0,12925801,12925801,3028
102799,393,211,1159,2,0,11200,0,0,0,12928136,12928136,3028
102815,393,268,1159,2,0,11200,0,0,0,12930318,12930318,3028
102830,393,327,1159,2,0,11200,0,0,0,12932338,12932338,3028
102845,393,402,1159,2,0,11200,0,0,0,12934234,12934234,3028
102861,393,470,1159,2,0,11200,0,0,0,12935987,12935987,3028
102876,393,513,1159,2,0,11200,0,0,0,12937713,12937713,3028
102892,393,573,1159,2,0,11200,0,0,0,12939386,12939386,3028
102907,393,640,1159,2,0,11200,0,0,0,12941005,12941005,3028
102924,393,685,1159,2,0,11200,0,0,0,12942615,12942615,3028
102940,393,714,1159,2,0,11200,0,0,0,12943894,12943894,3028
102956,393,772,1159,2,0,11200,0,0,0,12945389,12945389,3028
102972,393,800,1159,2,0,11200,0,0,0,12946578,12946578,3028
102987,393,873,1159,2,0,11200,0,0,0,12948126,12948126,3028
103003,393,927,1159,2,0,11200,0,0,0,12949530,12949530,3028
103018,393,981,1159,2,0,11200,0,0,0,12951159,12951159,3028
103033,393,1024,1159,2,0,11200,0,0,0,12952717,12952717,3028
103049,394,1098,1159,2,0,11200,0,0,0,12954439,12954439,3028
103065,394,1140,1159,2,0,11200,0,0,0,12956186,12956186,3028
103080,394,16,1159,2,0,11200,0,0,0,12957969,12957969,3028
103095,394,109,1159,2,0,11200,0,0,0,12960088,12960088,3028
103110,394,156,1159,2,0,11200,0,0,0,12962201,12962201,3028
103125,394,194,1159,2,0,11200,0,0,0,12964082,12964082,3028
103140,394,239,1159,2,0,11200,0,0,0,12965891,12965891,3028
103156,394,306,1159,2,0,11200,0,0,0,12967922,12967922,3028
103171,394,378,1159,2,0,11200,0,0,0,12969951,12969951,3028
103186,394,448,1159,2,0,11200,0,0,0,12971780,12971780,3028
103201,394,501,1159,2,0,11200,0,0,0,12973647,12973647,3028
103216,394,545,1159,2,0,11200,0,0,0,12975343,12975343,3028
103234,394,608,1159,2,0,11200,0,0,0,12976821,12976821,3028
103249,394,659,1159,2,0,11200,0,0,0,12978233,12978233,3028
103266,394,700,1159,2,0,11200,0,0,0,12979486,12979486,3028
103282,394,741,1159,2,0,11200,0,0,0,12980595,12980595,3028
103298,394,783,1159,2,0,11200,0,0,0,12982021,12982021,3028
103313,394,831,1159,2,0,11200,0,0,0,12983062,12983062,3028
103328,394,891,1159,2,0,11200,0,0,0,12984739,12984739,3028
103343,394,928,1159,2,0,11200,0,0,0,12986141,12986141,3028
103359,394,986,1159,2,0,11200,0,0,0,12987923,12987923,3028
103374,394,1039,1159,2,0,11200,0,0,0,12989803,12989803,3028
103390,395,1100,1159,2,0,11200,0,0,0,12991497,12991497,3028
103405,395,1153,1159,2,0,11200,0,0,0,12993230,12993230,3028
103420,395,45,1159,2,0,11200,0,0,0,12995452,12995452,3028
103436,395,128,1159,2,0,11200,0,0,0,12997374,12997374,3028
103451,395,178,1159,2,0,11200,0,0,0,12999317,12999317,3028
103466,395,218,1159,2,0,11200,0,0,0,13001051,13001051,3028
103481,395,266,1159,2,0,11200,0,0,0,13002923,13002923,3028
103496,395,323,1159,2,0,11200,0,0,0,13004744,13004744,3028
103511,395,383,1159,2,0,11200,0,0,0,13006518,13006518,3028
103527,395,473,1159,2,0,11200,0,0,0,13008394,13008394,3028
103542,395,522,1159,2,0,11200,0,0,0,13010157,13010157,3028
103559,395,556,1159,2,0,11200,0,0,0,13011547,13011547,3028
103574,395,625,1159,2,0,11200,0,0,0,13012901,13012901,3028
103589,395,669,1159,2,0,11200,0,0,0,13014358,13014358,3028
103604,395,700,1159,2,0,11200,0,0,0,13015591,13015591,3028
103621,395,747,1159,2,0,11200,0,0,0,13016901,13016901,3028
103636,395,784,1159,2,0,11200,0,0,0,13018247,13018247,3028
103651,395,840,1159,2,0,11200,0,0,0,13019687,13019687,3028
103666,395,901,1159,2,0,11200,0,0,0,13021262,13021262,3028
103681,395,960,1159,2,0,11200,0,0,0,13022761,13022761,3028
103696,395,1017,1159,2,0,11200,0,0,0,13024620,13024620,3028
103712,396,1082,1159,2,0,11200,0,0,0,13026529,13026529,3028
103728,396,1130,1159,2,0,11200,0,0,0,13028007,13028007,3028
103744,396,16,1159,1,0,11200,0,0,0,13029977,13029977,3028
103759,396,109,1159,1,0,11200,0,0,0,13031940,13031940,3028
103774,396,158,1159,1,0,11200,0,0,0,13034078,13034078,3028
103789,396,222,1159,1,0,11200,0,0,0,13035959,13035959,3028
103804,396,278,1159,1,0,11200,0,0,0,13037899,13037899,3028
103819,396,332,1159,1,0,11200,0,0,0,13039695,13039695,3028
103835,396,403,1159,1,0,11200,0,0,0,13041477,13041477,3028
103850,396,477,1159,1,0,11200,0,0,0,13043185,13043185,3028
103865,396,514,1159,1,0,11200,0,0,0,13044713,13044713,3028
103880,396,570,1159,1,0,11200,0,0,0,13046218,13046218,3028
103896,396,638,1159,1,0,11200,0,0,0,13047923,13047923,3028
103912,396,688,1159,1,0,11200,0,0,0,13049617,13049617,3028
103928,396,723,1159,1,0,11200,0,0,0,13050874,13050874,3028
103943,396,772,1159,1,0,11200,0,0,0,13052107,13052107,3028
103959,396,821,1159,1,0,11200,0,0,0,13053594,13053594,3028
103974,396,881,1159,1,0,11200,0,0,0,13055397,13055397,3028
103989,396,927,1159,1,0,11200,0,0,0,13056556,13056556,3028
104005,396,975,1159,1,0,11200,0,0,0,13058169,13058169,3028
104020,396,1028,1159,1,0,11200,0,0,0,13059852,13059852,3028
104035,397,1085,1159,1,0,11200,0,0,0,13061337,13061337,3028
104051,397,1130,1159,1,0,11200,0,0,0,13062921,13062921,3028
104066,397,16,1159,1,0,11200,0,0,0,13064778,13064778,3028
104081,397,111,1159,1,0,11200,0,0,0,13066764,13066764,3028
104096,397,160,1159,1,0,11200,0,0,0,13068893,13068893,3028
104111,397,216,1159,1,0,11200,0,0,0,13070845,13070845,3028
104127,397,260,1159,1,0,11200,0,0,0,13072726,13072726,3028
104142,397,311,1159,1,0,11200,0,0,0,13074541,13074541,3028
104157,397,361,1159,1,0,11200,0,0,0,13076354,13076354,3028
104172,397,418,1159,1,0,11200,0,0,0,13078159,13078159,3028
104188,397,475,1159,1,0,11200,0,0,0,13079828,13079828,3028
104203,397,523,1159,1,0,11200,0,0,0,13081591,13081591,3028
104219,397,558,1159,1,0,11200,0,0,0,13082999,13082999,3028
104234,397,638,1159,1,0,11200,0,0,0,13084669,13084669,3028
104249,397,694,1159,1,0,11200,0,0,0,13086247,13086247,3028
104264,397,732,1159,1,0,11200,0,0,0,13087463,13087463,3028
104280,397,788,1159,1,0,11200,0,0,0,13088951,13088951,3028
104295,397,851,1159,1,0,11200,0,0,0,13090565,13090565,3028
104310,397,917,1159,1,0,11200,0,0,0,13092218,13092218,3028
104325,397,980,1159,1,0,11200,0,0,0,13093907,13093907,3028
104341,397,1049,1159,1,0,11200,0,0,0,13095845,13095845,3028
104357,398,1100,1160,2,0,11200,0,0,0,13097524,13097524,3030
104372,398,1148,1160,2,0,11200,0,0,0,13099338,13099338,3030
104388,398,28,1160,1,0,11200,0,0,0,13101228,13101228,3030
104403,398,122,1160,1,0,11200,0,0,0,13103144,13103144,3030
104418,398,170,1160,1,0,11200,0,0,0,13105089,13105089,3030
104433,398,216,1160,1,0,11200,0,0,0,13106939,13106939,3030
104449,398,274,1160,1,0,11200,0,0,0,13108886,13108886,3030
104465,398,332,1160,1,0,11200,0,0,0,13110829,13110829,3030
104480,398,401,1160,1,0,11200,0,0,0,13112696,13112696,3030
104495,398,461,1160,1,0,11200,0,0,0,13114364,13114364,3030
104511,398,503,1160,1,0,11200,0,0,0,13116191,13116191,3030
104527,398,550,1160,1,0,11200,0,0,0,13117945,13117945,3030
104542,398,623,1160,1,0,11200,0,0,0,13119492,13119492,3030
104557,398,685,1160,1,0,11200,0,0,0,13121314,13121314,3030
104574,398,718,1160,1,0,11200,0,0,0,13122642,13122642,3030
104589,398,767,1160,1,0,11200,0,0,0,13123952,13123952,3030
104605,398,810,1160,1,0,11200,0,0,0,13125259,13125259,3030
104620,398,879,1160,1,0,11200,0,0,0,13126978,13126978,3030
104636,398,956,1160,1,0,11200,0,0,0,13128553,13128553,3030
104651,398,1020,1160,1,0,11200,0,0,0,13130320,13130320,3030
104667,399,1096,1160,1,0,11200,0,0,0,13132082,13132082,3030
104682,399,1131,1160,1,0,11200,0,0,0,13133611,13133611,3030
104697,399,11,1160,1,0,11200,0,0,0,13135300,13135300,3030
104712,399,84,1160,1,0,11200,0,0,0,13137149,13137149,3030
104727,399,159,1160,1,0,11200,0,0,0,13139492,13139492,3030
104742,399,218,1160,1,0,11200,0,0,0,13141724,13141724,3030
104758,399,274,1160,1,0,11200,0,0,0,13144038,13144038,3030
104773,399,329,1160,1,0,11200,0,0,0,13145783,13145783,3030
104788,399,391,1160,1,0,11200,0,0,0,13147820,13147820,3030
104804,399,463,1160,1,0,11200,0,0,0,13149707,13149707,3030
104819,399,524,1160,1,0,11200,0,0,0,13151724,13151724,3030
104834,399,608,1160,1,0,11200,0,0,0,13154020,13154020,3030
104850,399,683,1160,1,0,11200,0,0,0,13155974,13155974,3030
104865,399,723,1160,1,0,11200,0,0,0,13157424,13157424,3030
104880,399,774,1160,1,0,11200,0,0,0,13158806,13158806,3030
104896,399,826,1160,1,0,11200,0,0,0,13160443,13160443,3030
104914,399,891,1160,1,0,11200,0,0,0,13162486,13162486,3030
104929,399,960,1160,1,0,11200,0,0,0,13163898,13163898,3030
104944,399,1027,1160,1,0,11200,0,0,0,13165859,13165859,3030
104966,400,1103,1160,1,0,11200,0,0,0,13167679,13167679,3030
104981,400,1151,1160,1,0,11200,0,0,0,13169683,13169683,3030
104996,400,44,1160,1,0,11200,0,0,0,13171700,13171700,3030
105011,400,136,1160,1,0,11200,0,0,0,13173806,13173806,3030
105027,400,190,1160,1,0,11200,0,0,0,13176264,13176264,3030
105042,400,243,1160,1,0,11200,0,0,0,13178315,13178315,3030
105057,400,324,1160,1,0,11200,0,0,0,13180544,13180544,3030
105072,400,390,1160,1,0,11200,0,0,0,13182840,13182840,3030
105088,400,450,1160,1,0,11200,0,0,0,13184703,13184703,3030
105103,400,501,1160,1,0,11200,0,0,0,13186755,13186755,3030
105118,400,572,1160,1,0,11200,0,0,0,13188669,13188669,3030
105133,400,633,1160,1,0,11200,0,0,0,13190163,13190163,3030
105149,400,700,1160,1,0,11200,0,0,0,13192108,13192108,3030
105164,400,746,1160,1,0,11200,0,0,0,13193448,13193448,3030
105180,400,805,1160,1,0,11200,0,0,0,13194973,13194973,3030
105195,400,876,1160,1,0,11200,0,0,0,13196572,13196572,3030
105210,400,945,1160,1,0,11200,0,0,0,13198204,13198204,3030
105225,400,999,1160,1,0,11200,0,0,0,13199900,13199900,3030
105240,401,1069,1160,1,0,11200,0,0,0,13201891,13201891,3030
105256,401,1112,1160,1,0,11200,0,0,0,13203300,13203300,3030
105271,401,1157,1160,1,0,11200,0,0,0,13205199,13205199,3030
105286,401,84,1160,1,0,11200,0,0,0,13207396,13207396,3030
105302,401,167,1160,1,0,11200,0,0,0,13209535,13209535,3030
105317,401,221,1160,1,0,11200,0,0,0,13211701,13211701,3030
105332,401,300,1160,1,0,11200,0,0,0,13214063,13214063,3030
105347,401,369,1160,1,0,11200,0,0,0,13216012,13216012,3030
105363,401,457,1160,1,0,11200,0,0,0,13217942,13217942,3030
105378,401,513,1160,1,0,11200,0,0,0,13220015,13220015,3030
105393,401,581,1160,1,0,11200,0,0,0,13221749,13221749,3030
105408,401,646,1160,1,0,11200,0,0,0,13223240,13223240,3030
105424,401,698,1160,1,0,11200,0,0,0,13224796,13224796,3030
105439,401,751,1160,1,0,11200,0,0,0,13226158,13226158,3030
105456,401,800,1160,1,0,11200,0,0,0,13227627,13227627,3030
105471,401,871,1160,1,0,11200,0,0,0,13229311,13229311,3030
105486,401,914,1160,1,0,11200,0,0,0,13230807,13230807,3030
105502,401,972,1160,1,0,11200,0,0,0,13232389,13232389,3030
105517,401,1023,1160,1,0,11200,0,0,0,13234119,13234119,3030
105532,402,1096,1160,1,0,11200,0,0,0,13235867,13235867,3030
105548,402,1154,1160,1,0,11200,0,0,0,13237850,13237850,3030
105563,402,44,1160,1,0,11200,0,0,0,13240049,13240049,3030
105578,402,133,1160,1,0,11200,0,0,0,13242326,13242326,3030
105593,402,196,1160,1,0,11200,0,0,0,13244788,13244788,3030
105609,402,245,1160,1,0,11200,0,0,0,13246908,13246908,3030
105624,402,307,1160,1,0,11200,0,0,0,13248994,13248994,3030
105639,402,385,1160,1,0,11200,0,0,0,13251137,13251137,3030
105654,402,466,1160,1,0,11200,0,0,0,13253099,13253099,3030
105669,402,524,1160,1,0,11200,0,0,0,13255123,13255123,3030
105685,402,586,1160,1,0,11200,0,0,0,13256731,13256731,3030
105700,402,645,1160,1,0,11200,0,0,0,13258283,13258283,3030
105715,402,694,1160,1,0,11200,0,0,0,13260007,13260007,3030
105731,402,732,1160,1,0,11200,0,0,0,13261138,13261138,3030
105747,402,784,1160,1,0,11200,0,0,0,13262640,13262640,3030
105763,402,849,1160,1,0,11200,0,0,0,13264386,13264386,3030
105778,402,913,1160,1,0,11200,0,0,0,13266139,13266139,3030
105794,402,969,1160,1,0,11200,0,0,0,13267780,13267780,3030
105809,402,1033,1160,1,0,11200,0,0,0,13269940,13269940,3030
105825,403,1098,1160,1,0,11200,0,0,0,13271786,13271786,3030
105841,403,1153,1160,1,0,11200,0,0,0,13273644,13273644,3030
105856,403,84,1160,1,0,11200,0,0,0,13276284,13276284,3030
105872,403,156,1160,1,0,11200,0,0,0,13278707,13278707,3030
105887,403,221,1160,1,0,11200,0,0,0,13280955,13280955,3030
105902,403,285,1160,1,0,11200,0,0,0,13283178,13283178,3030
105917,403,331,1160,1,0,11200,0,0,0,13285084,13285084,3030
105932,403,422,1160,1,0,11200,0,0,0,13287049,13287049,3030
105948,403,484,1160,1,0,11200,0,0,0,13289230,13289230,3030
105963,403,531,1160,1,0,11200,0,0,0,13291149,13291149,3030
105979,403,608,1160,1,0,11200,0,0,0,13292938,13292938,3030
105994,403,680,1160,1,0,11200,0,0,0,13294958,13294958,3030
106010,403,718,1160,1,0,11200,0,0,0,13296424,13296424,3030
106025,403,785,1160,1,0,11200,0,0,0,13298092,13298092,3030
106041,403,840,1160,1,0,11200,0,0,0,13299543,13299543,3030
106056,403,892,1161,2,0,11200,0,0,0,13300976,13300976,3030
106072,403,955,1161,2,0,11200,0,0,0,13302689,13302689,3030
106087,403,999,1161,2,0,11200,0,0,0,13304366,13304366,3030
106102,404,1078,1161,2,0,11200,0,0,0,13306403,13306403,3030
106118,404,1127,1161,2,0,11200,0,0,0,13308226,13308226,3030
106133,404,23,1161,2,0,11200,0,0,0,13310486,13310486,3030
106148,404,122,1161,2,0,11200,0,0,0,13312777,13312777,3030
106163,404,187,1161,2,0,11200,0,0,0,13315006,13315006,3030
106178,404,239,1161,2,0,11200,0,0,0,13317112,13317112,3030
106194,404,313,1161,2,0,11200,0,0,0,13319125,13319125,3030
106209,404,398,1161,2,0,11200,0,0,0,13321220,13321220,3030
106224,404,469,1161,2,0,11200,0,0,0,13323108,13323108,3030
106239,404,523,1161,2,0,11200,0,0,0,13325135,13325135,3030
106254,404,583,1161,2,0,11200,0,0,0,13327141,13327141,3030
106270,404,649,1161,2,0,11200,0,0,0,13329127,13329127,3030
106286,404,706,1161,2,0,11200,0,0,0,13330852,13330852,3030
106301,404,740,1161,2,0,11200,0,0,0,13332054,13332054,3030
106316,404,784,1161,2,0,11200,0,0,0,13333400,13333400,3030
106331,404,851,1161,2,0,11200,0,0,0,13335068,13335068,3030
106347,404,918,1161,2,0,11200,0,0,0,13336880,13336880,3030
106362,404,974,1161,2,0,11200,0,0,0,13338657,13338657,3030
106377,404,1033,1161,2,0,11200,0,0,0,13340739,13340739,3030
106392,405,1103,1161,2,0,11200,0,0,0,13342476,13342476,3030
106408,405,1154,1161,2,0,11200,0,0,0,13344480,13344480,3030
106423,405,78,1161,2,0,11200,0,0,0,13346980,13346980,3030
106439,405,152,1161,2,0,11200,0,0,0,13349343,13349343,3030
106454,405,211,1161,2,0,11200,0,0,0,13351483,13351483,3030
106469,405,255,1161,2,0,11200,0,0,0,13353670,13353670,3030
106485,405,322,1161,2,0,11200,0,0,0,13355805,13355805,3030
106500,405,398,1161,2,0,11200,0,0,0,13357827,13357827,3030
106515,405,463,1161,2,0,11200,0,0,0,13359717,13359717,3030
106531,405,523,1161,2,0,11200,0,0,0,13361643,13361643,3030
106547,405,596,1161,2,0,11200,0,0,0,13363631,13363631,3030
106562,405,659,1161,2,0,11200,0,0,0,13365515,13365515,3030
106577,405,714,1161,2,0,11200,0,0,0,13367172,13367172,3030
106593,405,783,1161,2,0,11200,0,0,0,13368718,13368718,3030
106608,405,832,1161,2,0,11200,0,0,0,13369879,13369879,3030
106623,405,896,1161,2,0,11200,0,0,0,13371737,13371737,3030
106640,405,946,1161,2,0,11200,0,0,0,13373438,13373438,3030
106655,405,1009,1161,2,0,11200,0,0,0,13375469,13375469,3030
106670,406,1069,1161,2,0,11200,0,0,0,13377016,13377016,3030
106686,406,1125,1161,2,0,11200,0,0,0,13378821,13378821,3030
106701,406,25,1161,2,0,11200,0,0,0,13381066,13381066,3030
106716,406,128,1161,2,0,11200,0,0,0,13383414,13383414,3030
106731,406,189,1161,2,0,11200,0,0,0,13385777,13385777,3030
106746,406,246,1161,2,0,11200,0,0,0,13388034,13388034,3030
106762,406,329,1161,2,0,11200,0,0,0,13390172,13390172,3030
106777,406,403,1161,2,0,11200,0,0,0,13392131,13392131,3030
106792,406,475,1161,2,0,11200,0,0,0,13394155,13394155,3030
106807,406,516,1161,2,0,11200,0,0,0,13396027,13396027,3030
106823,406,572,1161,2,0,11200,0,0,0,13397719,13397719,3030
106838,406,663,1161,2,0,11200,0,0,0,13399715,13399715,3030
106854,406,719,1161,2,0,11200,0,0,0,13401330,13401330,3030
106869,406,780,1161,2,0,11200,0,0,0,13402961,13402961,3030
106884,406,828,1161,2,0,11200,0,0,0,13404187,13404187,3030
106899,406,889,1161,2,0,11200,0,0,0,13405932,13405932,3030
106915,406,964,1161,2,0,11200,0,0,0,13407499,13407499,3030
106930,406,1039,1161,2,0,11200,0,0,0,13409564,13409564,3030
106945,407,1100,1161,2,0,11200,0,0,0,13411025,13411025,3030
106961,407,1146,1161,2,0,11200,0,0,0,13412939,13412939,3030
106976,407,24,1161,2,0,11200,0,0,0,13415127,13415127,3030
106992,407,133,1161,2,0,11200,0,0,0,13417704,13417704,3030
107007,407,191,1161,2,0,11200,0,0,0,13419915,13419915,3030
107022,407,242,1161,2,0,11200,0,0,0,13422036,13422036,3030
107038,407,300,1161,2,0,11200,0,0,0,13424238,13424238,3030
107053,407,365,1161,2,0,11200,0,0,0,13426333,13426333,3030
107068,407,446,1161,2,0,11200,0,0,0,13428294,13428294,3030
107083,407,495,1161,2,0,11200,0,0,0,13430254,13430254,3030
107099,407,555,1161,2,0,11200,0,0,0,13432319,13432319,3030
107115,407,633,1161,2,0,11200,0,0,0,13434366,13434366,3030
107130,407,676,1161,2,0,11200,0,0,0,13435774,13435774,3030
107146,407,731,1161,2,0,11200,0,0,0,13437384,13437384,3030
107163,407,780,1161,2,0,11200,0,0,0,13438652,13438652,3030
107178,407,840,1161,2,0,11200,0,0,0,13439996,13439996,3030
107193,407,901,1161,2,0,11200,0,0,0,13441919,13441919,3030
107208,407,971,1161,2,0,11200,0,0,0,13443687,13443687,3030
107223,407,1039,1161,2,0,11200,0,0,0,13445773,13445773,3030
107239,408,1099,1161,2,0,11200,0,0,0,13447720,13447720,3030
107254,408,1147,1161,2,0,11200,0,0,0,13449771,13449771,3030
107270,408,50,1161,2,0,11200,0,0,0,13452120,13452120,3030
107285,408,144,1161,2,0,11200,0,0,0,13454377,13454377,3030
107300,408,198,1161,2,0,11200,0,0,0,13456613,13456613,3030
107315,408,247,1161,2,0,11200,0,0,0,13458821,13458821,3030
107331,408,304,1161,2,0,11200,0,0,0,13460850,13460850,3030
107346,408,378,1161,2,0,11200,0,0,0,13462932,13462932,3030
107361,408,448,1161,2,0,11200,0,0,0,13464956,13464956,3030
107377,408,497,1161,2,0,11200,0,0,0,13466702,13466702,3030
107393,408,553,1161,2,0,11200,0,0,0,13468795,13468795,3030
107408,408,620,1161,2,0,11200,0,0,0,13470599,13470599,3030
107424,408,679,1161,2,0,11200,0,0,0,13472547,13472547,3030
107439,408,725,1161,2,0,11200,0,0,0,13474064,13474064,3030
107455,408,774,1161,2,0,11200,0,0,0,13475546,13475546,3030
107470,408,832,1161,2,0,11200,0,0,0,13477021,13477021,3030
107486,408,891,1161,2,0,11200,0,0,0,13478664,13478664,3030
107501,408,955,1161,2,0,11200,0,0,0,13480502,13480502,3030
107516,408,1015,1161,2,0,11200,0,0,0,13482556,13482556,3030
107531,409,1074,1161,2,0,11200,0,0,0,13484510,13484510,3030
107547,409,1115,1161,2,0,11200,0,0,0,13485796,13485796,3030
107562,409,1157,1161,2,0,11200,0,0,0,13487727,13487727,3030
107578,409,91,1161,2,0,11200,0,0,0,13490132,13490132,3030
107594,409,159,1161,2,0,11200,0,0,0,13492315,13492315,3030
107609,409,206,1161,2,0,11200,0,0,0,13494419,13494419,3030
107624,409,269,1161,2,0,11200,0,0,0,13496500,13496500,3030
107640,409,333,1161,2,0,11200,0,0,0,13498418,13498418,3030
107655,409,445,1161,2,0,11200,0,0,0,13500671,13500671,3030
107670,409,500,1161,2,0,11200,0,0,0,13502817,13502817,3030
107685,409,552,1161,2,0,11200,0,0,0,13504688,13504688,3030
107701,409,629,1161,2,0,11200,0,0,0,13506352,13506352,3030
107716,409,686,1161,2,0,11200,0,0,0,13508203,13508203,3030
107732,409,732,1161,2,0,11200,0,0,0,13509494,13509494,3030
107747,409,780,1161,2,0,11200,0,0,0,13510958,13510958,3030
107762,409,848,1161,2,0,11200,0,0,0,13512517,13512517,3030
107778,409,915,1161,2,0,11200,0,0,0,13514411,13514411,3030
107793,409,992,1161,2,0,11200,0,0,0,13516277,13516277,3030
107808,409,1056,1161,2,0,11200,0,0,0,13518187,13518187,3030
107824,410,1113,1161,2,0,11200,0,0,0,13520122,13520122,3030
107839,410,9,1161,2,0,11200,0,0,0,13522333,13522333,3030
107854,410,101,1161,2,0,11200,0,0,0,13524489,13524489,3030
107869,410,168,1161,2,0,11200,0,0,0,13526912,13526912,3030
107884,410,218,1161,2,0,11200,0,0,0,13529080,13529080,3030
107900,410,279,1161,2,0,11200,0,0,0,13531261,13531261,3030
107915,410,356,1161,2,0,11200,0,0,0,13533386,13533386,3030
107930,410,453,1161,2,0,11200,0,0,0,13535379,13535379,3030
107945,410,501,1161,2,0,11200,0,0,0,13537241,13537241,3030
107961,410,546,1161,2,0,11200,0,0,0,13539059,13539059,3030
107976,410,623,1161,2,0,11200,0,0,0,13540626,13540626,3030
107991,410,670,1161,2,0,11200,0,0,0,13541942,13541942,3030
108007,410,716,1161,2,0,11200,0,0,0,13543438,13543438,3030
108023,410,774,1161,2,0,11200,0,0,0,13545143,13545143,3030
108038,410,837,1161,2,0,11200,0,0,0,13546668,13546668,3030
108054,410,917,1161,2,0,11200,0,0,0,13548401,13548401,3030
108069,410,966,1161,2,0,11200,0,0,0,13550039,13550039,3030
108084,410,1023,1161,2,0,11200,0,0,0,13552003,13552003,3030
108099,411,1104,1161,2,0,11200,0,0,0,13554076,13554076,3030
108114,411,1159,1161,2,0,11200,0,0,0,13555866,13555866,3030
108129,411,105,1162,3,0,11200,0,0,0,13558093,13558093,3031
108145,411,168,1162,3,0,11200,0,0,0,13560539,13560539,3031
108160,411,225,1162,3,0,11200,0,0,0,13562690,13562690,3031
108176,411,288,1162,3,0,11200,0,0,0,13564788,13564788,3031
108191,411,344,1162,3,0,11200,0,0,0,13566811,13566811,3031
108206,411,423,1162,3,0,11200,0,0,0,13568917,13568917,3031
108221,411,484,1162,3,0,11200,0,0,0,13570771,13570771,3031
108237,411,539,1162,3,0,11200,0,0,0,13572756,13572756,3031
108252,411,593,1162,3,0,11200,0,0,0,13574193,13574193,3031
108268,411,645,1162,3,0,11200,0,0,0,13575446,13575446,3031
108283,411,699,1162,3,0,11200,0,0,0,13577157,13577157,3031
108299,411,755,1162,3,0,11200,0,0,0,13578569,13578569,3031
108314,411,828,1162,3,0,11200,0,0,0,13580310,13580310,3031
108329,411,901,1162,3,0,11200,0,0,0,13582224,13582224,3031
108345,411,943,1162,3,0,11200,0,0,0,13583807,13583807,3031
108360,411,990,1162,3,0,11200,0,0,0,13585597,13585597,3031
108376,411,1051,1162,3,0,11200,0,0,0,13587304,13587304,3031
108391,412,1103,1162,3,0,11200,0,0,0,13589069,13589069,3031
108406,412,1145,1162,3,0,11200,0,0,0,13591065,13591065,3031
108421,412,25,1162,2,0,11200,0,0,0,13593171,13593171,3031
108437,412,137,1162,2,0,11200,0,0,0,13595614,13595614,3031
108452,412,196,1162,2,0,11200,0,0,0,13598021,13598021,3031
108468,412,246,1162,2,0,11200,0,0,0,13600205,13600205,3031
108484,412,322,1162,2,0,11200,0,0,0,13602400,13602400,3031
108499,412,402,1162,2,0,11200,0,0,0,13604576,13604576,3031
108514,412,481,1162,2,0,11200,0,0,0,13606572,13606572,3031
108529,412,530,1162,2,0,11200,0,0,0,13608577,13608577,3031
108545,412,603,1162,2,0,11200,0,0,0,13610505,13610505,3031
108560,412,640,1162,2,0,11200,0,0,0,13611706,13611706,3031
108576,412,695,1162,2,0,11200,0,0,0,13613367,13613367,3031
108592,412,767,1162,2,0,11200,0,0,0,13614933,13614933,3031
108607,412,813,1162,2,0,11200,0,0,0,13616241,13616241,3031
108622,412,879,1162,2,0,11200,0,0,0,13617973,13617973,3031
108638,412,948,1162,2,0,11200,0,0,0,13619814,13619814,3031
108653,412,1002,1162,2,0,11200,0,0,0,13621624,13621624,3031
108668,413,1060,1162,2,0,11200,0,0,0,13623517,13623517,3031
108683,413,1113,1162,2,0,11200,0,0,0,13625188,13625188,3031
108699,413,6,1162,1,0,11200,0,0,0,13627100,13627100,3031
108714,413,105,1162,1,0,11200,0,0,0,13629265,13629265,3031
108729,413,178,1162,1,0,11200,0,0,0,13631733,13631733,3031
108744,413,218,1162,1,0,11200,0,0,0,13633856,13633856,3031
108760,413,272,1162,1,0,11200,0,0,0,13636103,13636103,3031
108775,413,344,1162,1,0,11200,0,0,0,13638200,13638200,3031
108791,413,431,1162,1,0,11200,0,0,0,13640222,13640222,3031
108806,413,472,1162,1,0,11200,0,0,0,13641863,13641863,3031
108821,413,527,1162,1,0,11200,0,0,0,13643706,13643706,3031
108836,413,603,1162,1,0,11200,0,0,0,13645604,13645604,3031
108851,413,679,1162,1,0,11200,0,0,0,13647546,13647546,3031
108868,413,718,1162,1,0,11200,0,0,0,13648976,13648976,3031
108883,413,768,1162,1,0,11200,0,0,0,13650510,13650510,3031
108902,413,805,1162,1,0,11200,0,0,0,13651837,13651837,3031
108918,413,851,1162,1,0,11200,0,0,0,13653046,13653046,3031
108933,413,928,1162,1,0,11200,0,0,0,13655007,13655007,3031
108948,413,994,1162,1,0,11200,0,0,0,13657138,13657138,3031
108964,414,1073,1162,1,0,11200,0,0,0,13659218,13659218,3031
108979,414,1134,1162,1,0,11200,0,0,0,13661167,13661167,3031
108994,414,19,1162,1,0,11200,0,0,0,13663309,13663309,3031
109009,414,122,1162,1,0,11200,0,0,0,13665646,13665646,3031
109024,414,174,1162,1,0,11200,0,0,0,13667772,13667772,3031
109040,414,227,1162,1,0,11200,0,0,0,13669926,13669926,3031
109055,414,294,1162,1,0,11200,0,0,0,13672138,13672138,3031
109070,414,360,1162,1,0,11200,0,0,0,13674238,13674238,3031
109086,414,453,1162,1,0,11200,0,0,0,13676272,13676272,3031
109101,414,508,1162,1,0,11200,0,0,0,13678202,13678202,3031
109117,414,570,1162,1,0,11200,0,0,0,13680226,13680226,3031
109132,414,655,1162,1,0,11200,0,0,0,13682115,13682115,3031
109147,414,702,1162,1,0,11200,0,0,0,13683741,13683741,3031
109162,414,741,1162,1,0,11200,0,0,0,13685068,13685068,3031
109178,414,785,1162,1,0,11200,0,0,0,13686545,13686545,3031
109193,414,876,1162,1,0,11200,0,0,0,13688559,13688559,3031
109209,414,941,1162,1,0,11200,0,0,0,13690109,13690109,3031
109224,414,992,1162,1,0,11200,0,0,0,13692090,13692090,3031
109240,415,1068,1162,1,0,11200,0,0,0,13694316,13694316,3031
109255,415,1121,1162,1,0,11200,0,0,0,13696045,13696045,3031
109270,415,8,1162,1,0,11200,0,0,0,13698025,13698025,3031
109286,415,101,1162,1,0,11200,0,0,0,13700332,13700332,3031
109301,415,150,1162,1,0,11200,0,0,0,13702494,13702494,3031
109316,415,202,1162,1,0,11200,0,0,0,13704541,13704541,3031
109331,415,270,1162,1,0,11200,0,0,0,13706827,13706827,3031
109346,415,329,1162,1,0,11200,0,0,0,13708738,13708738,3031
109361,415,403,1162,1,0,11200,0,0,0,13710634,13710634,3031
109376,415,475,1162,1,0,11200,0,0,0,13712477,13712477,3031
109391,415,524,1162,1,0,11200,0,0,0,13714454,13714454,3031
109407,415,581,1162,1,0,11200,0,0,0,13716265,13716265,3031
109422,415,633,1162,1,0,11200,0,0,0,13718110,13718110,3031
109438,415,688,1162,1,0,11200,0,0,0,13719854,13719854,3031
109453,415,745,1162,1,0,11200,0,0,0,13721268,13721268,3031
109469,415,800,1162,1,0,11200,0,0,0,13722843,13722843,3031
109486,415,891,1162,1,0,11200,0,0,0,13724633,13724633,3031
109501,415,949,1162,1,0,11200,0,0,0,13726326,13726326,3031
109517,415,1017,1162,1,0,11200,0,0,0,13728296,13728296,3031
109532,416,1069,1162,1,0,11200,0,0,0,13730213,13730213,3031
109547,416,1116,1162,1,0,11200,0,0,0,13731936,13731936,3031
109562,416,1159,1162,1,0,11200,0,0,0,13733776,13733776,3031
109577,416,112,1162,1,0,11200,0,0,0,13736054,13736054,3031
109593,416,179,1162,1,0,11200,0,0,0,13738531,13738531,3031
109608,416,224,1162,1,0,11200,0,0,0,13740480,13740480,3031
109623,416,288,1162,1,0,11200,0,0,0,13742626,13742626,3031
109639,416,336,1162,1,0,11200,0,0,0,13744518,13744518,3031
109654,416,411,1162,1,0,11200,0,0,0,13746496,13746496,3031
109669,416,488,1162,1,0,11200,0,0,0,13748616,13748616,3031
109684,416,537,1162,1,0,11200,0,0,0,13750449,13750449,3031
109699,416,625,1162,1,0,11200,0,0,0,13752431,13752431,3031
109716,416,676,1162,1,0,11200,0,0,0,13754287,13754287,3031
109732,416,718,1162,1,0,11200,0,0,0,13755733,13755733,3031
109748,416,772,1162,1,0,11200,0,0,0,13757178,13757178,3031
109765,416,826,1162,1,0,11200,0,0,0,13758518,13758518,3031
109780,416,898,1162,1,0,11200,0,0,0,13760495,13760495,3031
109795,416,947,1162,1,0,11200,0,0,0,13762077,13762077,3031
109810,416,998,1162,1,0,11200,0,0,0,13763959,13763959,3031
109825,416,1052,1162,1,0,11200,0,0,0,13765604,13765604,3031
109841,417,1100,1162,1,0,11200,0,0,0,13767309,13767309,3031
109856,417,1141,1162,1,0,11200,0,0,0,13769062,13769062,3031
109871,417,18,1162,1,0,11200,0,0,0,13771190,13771190,3031
109886,417,118,1162,1,0,11200,0,0,0,13773411,13773411,3031
109902,417,170,1162,1,0,11200,0,0,0,13775485,13775485,3031
109917,417,217,1162,1,0,11200,0,0,0,13777556,13777556,3031
109932,417,270,1162,1,0,11200,0,0,0,13779767,13779767,3031
109947,417,330,1162,1,0,11200,0,0,0,13781512,13781512,3031
109962,417,433,1162,1,0,11200,0,0,0,13783612,13783612,3031
109978,417,489,1162,1,0,11200,0,0,0,13785719,13785719,3031
109993,417,534,1162,1,0,11200,0,0,0,13787590,13787590,3031
110008,417,587,1162,1,0,11200,0,0,0,13789548,13789548,3031
110024,417,657,1162,1,0,11200,0,0,0,13791354,13791354,3031
110039,417,703,1162,1,0,11200,0,0,0,13792837,13792837,3031
110054,417,749,1162,1,0,11200,0,0,0,13794193,13794193,3031
110070,417,797,1162,1,0,11200,0,0,0,13795670,13795670,3031
110085,417,858,1162,1,0,11200,0,0,0,13797056,13797056,3031
110100,417,918,1162,1,0,11200,0,0,0,13798731,13798731,3031
110115,417,987,1162,1,0,11200,0,0,0,13800748,13800748,3031
110130,417,1056,1162,1,0,11200,0,0,0,13802743,13802743,3031
110145,418,1103,1162,1,0,11200,0,0,0,13804439,13804439,3031
110161,418,1144,1162,1,0,11200,0,0,0,13806250,13806250,3031
110176,418,25,1162,1,0,11200,0,0,0,13808480,13808480,3031
110191,418,112,1162,1,0,11200,0,0,0,13810399,13810399,3031
110206,418,178,1162,1,0,11200,0,0,0,13812773,13812773,3031
110221,418,229,1162,1,0,11200,0,0,0,13814837,13814837,3031
110236,418,296,1162,1,0,11200,0,0,0,13817067,13817067,3031
110251,418,356,1162,1,0,11200,0,0,0,13818855,13818855,3031
110266,418,434,1162,1,0,11200,0,0,0,13820904,13820904,3031
110281,418,484,1162,1,0,11200,0,0,0,13822891,13822891,3031
110297,418,539,1162,1,0,11200,0,0,0,13824768,13824768,3031
110313,418,608,1162,1,0,11200,0,0,0,13826209,13826209,3031
110328,418,670,1162,1,0,11200,0,0,0,13827927,13827927,3031
110344,418,718,1162,1,0,11200,0,0,0,13829347,13829347,3031
110359,418,787,1162,1,0,11200,0,0,0,13831001,13831001,3031
110374,418,853,1162,1,0,11200,0,0,0,13832527,13832527,3031
110389,418,930,1162,1,0,11200,0,0,0,13834417,13834417,3031
110405,418,992,1162,1,0,11200,0,0,0,13836235,13836235,3031
110420,419,1062,1162,1,0,11200,0,0,0,13838240,13838240,3031
110435,419,1110,1162,1,0,11200,0,0,0,13839869,13839869,3031
110450,419,1151,1162,1,0,11200,0,0,0,13841743,13841743,3031
110466,419,65,1162,1,0,11200,0,0,0,13843953,13843953,3031
110481,419,155,1162,1,0,11200,0,0,0,13846117,13846117,3031
110496,419,211,1162,1,0,11200,0,0,0,13848514,13848514,3031
110512,419,266,1162,1,0,11200,0,0,0,13850670,13850670,3031
110527,419,315,1162,1,0,11200,0,0,0,13852598,13852598,3031
110542,419,382,1162,1,0,11200,0,0,0,13854436,13854436,3031
110558,419,445,1162,1,0,11200,0,0,0,13856135,13856135,3031
110573,419,493,1162,1,0,11200,0,0,0,13858236,13858236,3031
110588,419,557,1162,1,0,11200,0,0,0,13860224,13860224,3031
110604,419,629,1162,1,0,11200,0,0,0,13861838,13861838,3031
110619,419,686,1162,1,0,11200,0,0,0,13863622,13863622,3031
110634,419,738,1162,1,0,11200,0,0,0,13865090,13865090,3031
110650,419,785,1162,1,0,11200,0,0,0,13866553,13866553,3031
110666,419,840,1162,1,0,11200,0,0,0,13867968,13867968,3031
110681,419,903,1162,1,0,11200,0,0,0,13869861,13869861,3031
110696,419,968,1162,1,0,11200,0,0,0,13871569,13871569,3031
110711,419,1022,1162,1,0,11200,0,0,0,13873450,13873450,3031
110727,420,1099,1163,2,0,11200,0,0,0,13875289,13875289,3033
110742,420,1150,1163,2,0,11200,0,0,0,13877388,13877388,3033
110758,420,28,1163,1,0,11200,0,0,0,13879478,13879478,3033
110774,420,136,1163,1,0,11200,0,0,0,13881742,13881742,3033
110789,420,196,1163,1,0,11200,0,0,0,13884104,13884104,3033
110804,420,256,1163,1,0,11200,0,0,0,13886405,13886405,3033
110819,420,314,1163,1,0,11200,0,0,0,13888399,13888399,3033
110834,420,381,1163,1,0,11200,0,0,0,13890413,13890413,3033
110849,420,452,1163,1,0,11200,0,0,0,13892358,13892358,3033
110865,420,516,1163,1,0,11200,0,0,0,13894649,13894649,3033
110880,420,588,1163,1,0,11200,0,0,0,13896648,13896648,3033
110896,420,645,1163,1,0,11200,0,0,0,13898207,13898207,3033
110911,420,702,1163,1,0,11200,0,0,0,13900106,13900106,3033
110927,420,752,1163,1,0,11200,0,0,0,13901596,13901596,3033
110942,420,831,1163,1,0,11200,0,0,0,13903299,13903299,3033
110957,420,873,1163,1,0,11200,0,0,0,13904706,13904706,3033
110973,420,945,1163,1,0,11200,0,0,0,13906651,13906651,3033
110988,420,995,1163,1,0,11200,0,0,0,13908452,13908452,3033
111003,421,1068,1163,1,0,11200,0,0,0,13910564,13910564,3033
111018,421,1112,1163,1,0,11200,0,0,0,13912081,13912081,3033
111034,421,1159,1163,1,0,11200,0,0,0,13914047,13914047,3033
111049,421,111,1163,1,0,11200,0,0,0,13916552,13916552,3033
111064,421,179,1163,1,0,11200,0,0,0,13919138,13919138,3033
111080,421,247,1163,1,0,11200,0,0,0,13921448,13921448,3033
111095,421,314,1163,1,0,11200,0,0,0,13923515,13923515,3033
111111,421,384,1163,1,0,11200,0,0,0,13925437,13925437,3033
111126,421,453,1163,1,0,11200,0,0,0,13927153,13927153,3033
111141,421,510,1163,1,0,11200,0,0,0,13929126,13929126,3033
111156,421,581,1163,1,0,11200,0,0,0,13931072,13931072,3033
111171,421,659,1163,1,0,11200,0,0,0,13933122,13933122,3033
111186,421,708,1163,1,0,11200,0,0,0,13934641,13934641,3033
111202,421,772,1163,1,0,11200,0,0,0,13936216,13936216,3033
111218,421,810,1163,1,0,11200,0,0,0,13937603,13937603,3033
111233,421,876,1163,1,0,11200,0,0,0,13939290,13939290,3033
111248,421,936,1163,1,0,11200,0,0,0,13940862,13940862,3033
111264,421,990,1163,1,0,11200,0,0,0,13942743,13942743,3033
111279,422,1073,1163,1,0,11200,0,0,0,13944713,13944713,3033
111294,422,1118,1163,1,0,11200,0,0,0,13946517,13946517,3033
111310,422,9,1163,0,0,11200,0,0,0,13948499,13948499,3033
111325,422,110,1163,0,0,11200,0,0,0,13950830,13950830,3033
111340,422,169,1163,0,0,11200,0,0,0,13953177,13953177,3033
111355,422,221,1163,0,0,11200,0,0,0,13955271,13955271,3033
111370,422,268,1163,0,0,11200,0,0,0,13957308,13957308,3033
111386,422,309,1163,0,0,11200,0,0,0,13959237,13959237,3033
111401,422,399,1163,0,0,11200,0,0,0,13961457,13961457,3033
111417,422,484,1163,0,0,11200,0,0,0,13963624,13963624,3033
111432,422,532,1163,0,0,11200,0,0,0,13965485,13965485,3033
111447,422,607,1163,0,0,11200,0,0,0,13967539,13967539,3033
111462,422,649,1163,0,0,11200,0,0,0,13968973,13968973,3033
111478,422,707,1163,0,0,11200,0,0,0,13970885,13970885,3033
111494,422,738,1163,0,0,11200,0,0,0,13972052,13972052,3033
111509,422,779,1163,0,0,11200,0,0,0,13973398,13973398,3033
111524,422,830,1163,0,0,11200,0,0,0,13974776,13974776,3033
111540,422,892,1163,0,0,11200,0,0,0,13976364,13976364,3033
111555,422,941,1163,0,0,11200,0,0,0,13978049,13978049,3033
111570,422,1002,1163,0,0,11200,0,0,0,13979947,13979947,3033
111585,423,1066,1163,0,0,11200,0,0,0,13981605,13981605,3033
111601,423,1108,1163,0,0,11200,0,0,0,13983215,13983215,3033
111616,423,1157,1163,0,0,11200,0,0,0,13985094,13985094,3033
111631,423,84,1163,0,0,11200,0,0,0,13987514,13987514,3033
111646,423,158,1163,0,0,11200,0,0,0,13989798,13989798,3033
111661,423,213,1163,0,0,11200,0,0,0,13991828,13991828,3033
111677,423,270,1163,0,0,11200,0,0,0,13994100,13994100,3033
111692,423,332,1163,0,0,11200,0,0,0,13996337,13996337,3033
111707,423,403,1163,0,0,11200,0,0,0,13998326,13998326,3033
111722,423,481,1163,0,0,11200,0,0,0,14000261,14000261,3033
111738,423,531,1163,0,0,11200,0,0,0,14002197,14002197,3033
111753,423,603,1163,0,0,11200,0,0,0,14004350,14004350,3033
111768,423,670,1163,0,0,11200,0,0,0,14006202,14006202,3033
111785,423,714,1163,0,0,11200,0,0,0,14007750,14007750,3033
111800,423,775,1163,0,0,11200,0,0,0,14009231,14009231,3033
111816,423,810,1163,0,0,11200,0,0,0,14010259,14010259,3033
111832,423,868,1163,0,0,11200,0,0,0,14011885,14011885,3033
111847,423,927,1163,0,0,11200,0,0,0,14013414,14013414,3033
111863,423,992,1163,0,0,11200,0,0,0,14015269,14015269,3033
111878,424,1069,1163,0,0,11200,0,0,0,14017382,14017382,3033
111893,424,1115,1163,0,0,11200,0,0,0,14019067,14019067,3033
111908,424,1159,1163,0,0,11200,0,0,0,14020897,14020897,3033
111923,424,95,1163,0,0,11200,0,0,0,14023266,14023266,3033
111939,424,168,1163,0,0,11200,0,0,0,14025816,14025816,3033
111954,424,216,1163,0,0,11200,0,0,0,14027815,14027815,3033
111969,424,268,1163,0,0,11200,0,0,0,14029772,14029772,3033
111984,424,336,1163,0,0,11200,0,0,0,14031943,14031943,3033
111999,424,431,1163,0,0,11200,0,0,0,14034065,14034065,3033
112015,424,484,1163,0,0,11200,0,0,0,14035967,14035967,3033
112030,424,529,1163,0,0,11200,0,0,0,14037796,14037796,3033
112045,424,583,1163,0,0,11200,0,0,0,14039341,14039341,3033
112061,424,649,1163,0,0,11200,0,0,0,14041033,14041033,3033
112076,424,702,1163,0,0,11200,0,0,0,14042982,14042982,3033
112091,424,745,1163,0,0,11200,0,0,0,14044153,14044153,3033
112106,424,797,1163,0,0,11200,0,0,0,14045742,14045742,3033
112122,424,887,1163,0,0,11200,0,0,0,14047771,14047771,3033
112137,424,926,1163,0,0,11200,0,0,0,14049168,14049168,3033
112152,424,987,1163,0,0,11200,0,0,0,14051102,14051102,3033
112168,424,1049,1163,0,0,11200,0,0,0,14053203,14053203,3033
112184,425,1110,1163,0,0,11200,0,0,0,14054998,14054998,3033
112199,425,1158,1163,0,0,11200,0,0,0,14056909,14056909,3033
112214,425,42,1163,0,0,11200,0,0,0,14059177,14059177,3033
112229,425,127,1163,0,0,11200,0,0,0,14061399,14061399,3033
112244,425,180,1163,0,0,11200,0,0,0,14063680,14063680,3033
112259,425,240,1163,0,0,11200,0,0,0,14065897,14065897,3033
112275,425,306,1163,0,0,11200,0,0,0,14067991,14067991,3033
112290,425,384,1163,0,0,11200,0,0,0,14070239,14070239,3033
112306,425,471,1163,0,0,11200,0,0,0,14072323,14072323,3033
112321,425,528,1163,0,0,11200,0,0,0,14074347,14074347,3033
112336,425,607,1163,0,0,11200,0,0,0,14076198,14076198,3033
112352,425,661,1163,0,0,11200,0,0,0,14077856,14077856,3033
112367,425,706,1163,0,0,11200,0,0,0,14079215,14079215,3033
112382,425,768,1163,0,0,11200,0,0,0,14080613,14080613,3033
112401,425,788,1163,0,0,11200,0,0,0,14081678,14081678,3033
112416,425,856,1163,0,0,11200,0,0,0,14083427,14083427,3033
112431,425,939,1163,0,0,11200,0,0,0,14085253,14085253,3033
112446,425,1002,1164,1,0,11200,0,0,0,14087330,14087330,3033
112462,426,1060,1164,1,0,11200,0,0,0,14089194,14089194,3033
112477,426,1108,1164,1,0,11200,0,0,0,14090860,14090860,3033
112493,426,1151,1164,1,0,11200,0,0,0,14092772,14092772,3033
112508,426,32,1164,0,0,11200,0,0,0,14095169,14095169,3033
112523,426,133,1164,0,0,11200,0,0,0,14097376,14097376,3033
112539,426,190,1164,0,0,11200,0,0,0,14099515,14099515,3033
112554,426,243,1164,0,0,11200,0,0,0,14101727,14101727,3033
112569,426,304,1164,0,0,11200,0,0,0,14103908,14103908,3033
112584,426,368,1164,0,0,11200,0,0,0,14106035,14106035,3033
112600,426,450,1164,0,0,11200,0,0,0,14108024,14108024,3033
112615,426,500,1164,0,0,11200,0,0,0,14109987,14109987,3033
112632,426,556,1164,0,0,11200,0,0,0,14111789,14111789,3033
112647,426,629,1164,0,0,11200,0,0,0,14113799,14113799,3033
112662,426,687,1164,0,0,11200,0,0,0,14115702,14115702,3033
112678,426,731,1164,0,0,11200,0,0,0,14117005,14117005,3033
112693,426,785,1164,0,0,11200,0,0,0,14118420,14118420,3033
112708,426,853,1164,0,0,11200,0,0,0,14120170,14120170,3033
112724,426,912,1164,0,0,11200,0,0,0,14121758,14121758,3033
112739,426,990,1164,0,0,11200,0,0,0,14123678,14123678,3033
112754,427,1062,1164,0,0,11200,0,0,0,14125711,14125711,3033
112769,427,1112,1164,0,0,11200,0,0,0,14127323,14127323,3033
112784,427,1162,1165,1,0,11200,0,0,0,14129405,14129405,3033
112800,427,92,1165,0,0,11200,0,0,0,14131668,14131668,3033
112815,427,159,1165,0,0,11200,0,0,0,14134036,14134036,3033
112830,427,221,1165,0,0,11200,0,0,0,14136370,14136370,3033
112846,427,269,1165,0,0,11200,0,0,0,14138597,14138597,3033
112861,427,324,1165,0,0,11200,0,0,0,14140345,14140345,3033
112877,427,401,1165,0,0,11200,0,0,0,14142501,14142501,3033
112892,427,459,1165,0,0,11200,0,0,0,14143915,14143915,3033
112907,427,503,1165,0,0,11200,0,0,0,14145592,14145592,3033
112923,427,558,1165,0,0,11200,0,0,0,14147489,14147489,3033
112939,427,633,1165,0,0,11200,0,0,0,14149256,14149256,3033
112954,427,696,1165,0,0,11200,0,0,0,14151268,14151268,3033
112970,427,741,1165,0,0,11200,0,0,0,14152383,14152383,3033
112987,427,788,1165,0,0,11200,0,0,0,14153928,14153928,3033
113002,427,858,1165,0,0,11200,0,0,0,14155319,14155319,3033
113017,427,926,1165,0,0,11200,0,0,0,14157173,14157173,3033
113032,427,990,1165,0,0,11200,0,0,0,14158824,14158824,3033
113048,428,1066,1165,0,0,11200,0,0,0,14160925,14160925,3033
113064,428,1105,1165,0,0,11200,0,0,0,14162181,14162181,3033
113079,428,1159,1165,0,0,11200,0,0,0,14164244,14164244,3033
113094,428,78,1165,0,0,11200,0,0,0,14166561,14166561,3033
113110,428,150,1165,0,0,11200,0,0,0,14168846,14168846,3033
113125,428,200,1165,0,0,11200,0,0,0,14170870,14170870,3033
113140,428,258,1165,0,0,11200,0,0,0,14172992,14172992,3033
113155,428,327,1165,0,0,11200,0,0,0,14175023,14175023,3033
113171,428,408,1165,0,0,11200,0,0,0,14177016,14177016,3033
113186,428,486,1165,0,0,11200,0,0,0,14179046,14179046,3033
113201,428,547,1165,0,0,11200,0,0,0,14181058,14181058,3033
113216,428,591,1165,0,0,11200,0,0,0,14182248,14182248,3033
113232,428,659,1165,0,0,11200,0,0,0,14183955,14183955,3033
113247,428,708,1165,0,0,11200,0,0,0,14185660,14185660,3033
113262,428,768,1165,0,0,11200,0,0,0,14187273,14187273,3033
113277,428,832,1165,0,0,11200,0,0,0,14188972,14188972,3033
113294,428,891,1165,0,0,11200,0,0,0,14190691,14190691,3033
113309,428,944,1165,0,0,11200,0,0,0,14192457,14192457,3033
113324,428,994,1165,0,0,11200,0,0,0,14194318,14194318,3033
113340,429,1066,1165,0,0,11200,0,0,0,14196221,14196221,3033
113355,429,1124,1165,0,0,11200,0,0,0,14198077,14198077,3033
113370,429,9,1165,0,0,11200,0,0,0,14200047,14200047,3033
113385,429,95,1165,0,0,11200,0,0,0,14202276,14202276,3033
113400,429,161,1165,0,0,11200,0,0,0,14204707,14204707,3033
113416,429,213,1165,0,0,11200,0,0,0,14206954,14206954,3033
113431,429,270,1165,0,0,11200,0,0,0,14208943,14208943,3033
113446,429,325,1165,0,0,11200,0,0,0,14210972,14210972,3033
113461,429,390,1165,0,0,11200,0,0,0,14212932,14212932,3033
113477,429,478,1165,0,0,11200,0,0,0,14215156,14215156,3033
113492,429,523,1165,0,0,11200,0,0,0,14217209,14217209,3033
113507,429,586,1165,0,0,11200,0,0,0,14218890,14218890,3033
113523,429,665,1165,0,0,11200,0,0,0,14220619,14220619,3033
113538,429,712,1165,0,0,11200,0,0,0,14222193,14222193,3033
113553,429,766,1165,0,0,11200,0,0,0,14223767,14223767,3033
113568,429,802,1165,0,0,11200,0,0,0,14225033,14225033,3033
113584,429,876,1165,0,0,11200,0,0,0,14226854,14226854,3033
113599,429,930,1165,0,0,11200,0,0,0,14228390,14228390,3033
113614,429,1005,1165,0,0,11200,0,0,0,14230352,14230352,3033
113629,430,1081,1165,0,0,11200,0,0,0,14232275,14232275,3033
113645,430,1127,1165,0,0,11200,0,0,0,14233930,14233930,3033
113660,430,1,1165,0,0,11200,0,0,0,14235750,14235750,3033
113676,430,78,1165,0,0,11200,0,0,0,14238189,14238189,3033
113691,430,136,1165,0,0,11200,0,0,0,14240107,14240107,3033
113706,430,191,1165,0,0,11200,0,0,0,14242523,14242523,3033
113721,430,254,1165,0,0,11200,0,0,0,14244580,14244580,3033
113737,430,304,1165,0,0,11200,0,0,0,14246626,14246626,3033
113753,430,361,1165,0,0,11200,0,0,0,14248602,14248602,3033
113768,430,435,1165,0,0,11200,0,0,0,14250535,14250535,3033
113783,430,490,1165,0,0,11200,0,0,0,14252083,14252083,3033
113798,430,538,1165,0,0,11200,0,0,0,14254027,14254027,3033
113813,430,613,1165,0,0,11200,0,0,0,14255598,14255598,3033
113829,430,658,1165,0,0,11200,0,0,0,14257113,14257113,3033
113844,430,714,1165,0,0,11200,0,0,0,14258738,14258738,3033
113859,430,767,1165,0,0,11200,0,0,0,14260099,14260099,3033
113876,430,800,1165,0,0,11200,0,0,0,14261199,14261199,3033
113891,430,868,1165,0,0,11200,0,0,0,14262666,14262666,3033
113906,430,930,1165,0,0,11200,0,0,0,14264453,14264453,3033
113921,430,987,1165,0,0,11200,0,0,0,14266299,14266299,3033
113936,430,1057,1165,0,0,11200,0,0,0,14268316,14268316,3033
113952,431,1118,1165,0,0,11200,0,0,0,14270114,14270114,3033
113968,431,3,1165,0,0,11200,0,0,0,14272263,14272263,3033
113983,431,83,1165,0,0,11200,0,0,0,14274475,14274475,3033
113998,431,143,1165,0,0,11200,0,0,0,14276672,14276672,3033
114013,431,200,1165,0,0,11200,0,0,0,14278955,14278955,3033
114028,431,269,1165,0,0,11200,0,0,0,14281168,14281168,3033
114044,431,327,1165,0,0,11200,0,0,0,14283099,14283099,3033
114059,431,399,1165,0,0,11200,0,0,0,14285124,14285124,3033
114074,431,477,1165,0,0,11200,0,0,0,14287216,14287216,3033
114089,431,540,1165,0,0,11200,0,0,0,14289365,14289365,3033
114104,431,607,1165,0,0,11200,0,0,0,14290899,14290899,3033
114122,431,670,1165,0,0,11200,0,0,0,14292611,14292611,3033
114137,431,725,1165,0,0,11200,0,0,0,14294269,14294269,3033
114153,431,779,1165,0,0,11200,0,0,0,14295843,14295843,3033
114168,431,837,1165,0,0,11200,0,0,0,14297287,14297287,3033
114184,431,914,1165,0,0,11200,0,0,0,14299028,14299028,3033
114199,431,963,1165,0,0,11200,0,0,0,14300524,14300524,3033
114215,431,1017,1165,0,0,11200,0,0,0,14302601,14302601,3033
114230,432,1085,1165,0,0,11200,0,0,0,14304551,14304551,3033
114245,432,1143,1165,0,0,11200,0,0,0,14306513,14306513,3033
114261,432,39,1165,0,0,11200,0,0,0,14308914,14308914,3033
114276,432,125,1165,0,0,11200,0,0,0,14310872,14310872,3033
114292,432,186,1165,0,0,11200,0,0,0,14313182,14313182,3033
114308,432,234,1165,0,0,11200,0,0,0,14315356,14315356,3033
114324,432,296,1165,0,0,11200,0,0,0,14317471,14317471,3033
114339,432,366,1165,0,0,11200,0,0,0,14319473,14319473,3033
114354,432,445,1165,0,0,11200,0,0,0,14321538,14321538,3033
114369,432,493,1165,0,0,11200,0,0,0,14323617,14323617,3033
114385,432,549,1165,0,0,11200,0,0,0,14325627,14325627,3033
114400,432,634,1165,0,0,11200,0,0,0,14327644,14327644,3033
114415,432,683,1165,0,0,11200,0,0,0,14329451,14329451,3033
114431,432,741,1165,0,0,11200,0,0,0,14330921,14330921,3033
114446,432,786,1165,0,0,11200,0,0,0,14332327,14332327,3033
114462,432,875,1165,0,0,11200,0,0,0,14334264,14334264,3033
114477,432,945,1165,0,0,11200,0,0,0,14336241,14336241,3033
114492,432,1002,1165,0,0,11200,0,0,0,14338077,14338077,3033
114508,433,1082,1165,0,0,11200,0,0,0,14340289,14340289,3033
114523,433,1128,1165,0,0,11200,0,0,0,14341850,14341850,3033
114539,433,7,1165,0,0,11200,0,0,0,14343821,14343821,3033
114555,433,90,1165,0,0,11200,0,0,0,14346072,14346072,3033
114570,433,154,1165,0,0,11200,0,0,0,14348352,14348352,3033
114586,433,211,1165,0,0,11200,0,0,0,14350567,14350567,3033
114601,433,260,1165,0,0,11200,0,0,0,14352548,14352548,3033
114616,433,324,1165,0,0,11200,0,0,0,14354546,14354546,3033
114631,433,385,1165,0,0,11200,0,0,0,14356558,14356558,3033
114647,433,460,1165,0,0,11200,0,0,0,14358427,14358427,3033
114662,433,514,1165,0,0,11200,0,0,0,14360521,14360521,3033
114677,433,584,1165,0,0,11200,0,0,0,14362401,14362401,3033
114692,433,638,1165,0,0,11200,0,0,0,14363952,14363952,3033
114707,433,698,1165,0,0,11200,0,0,0,14365754,14365754,3033
114722,433,745,1165,0,0,11200,0,0,0,14366942,14366942,3033
114738,433,784,1165,0,0,11200,0,0,0,14368294,14368294,3033
114754,433,847,1165,0,0,11200,0,0,0,14369995,14369995,3033
114770,433,903,1165,0,0,11200,0,0,0,14371743,14371743,3033
114785,433,968,1165,0,0,11200,0,0,0,14373355,14373355,3033
114800,433,1020,1165,0,0,11200,0,0,0,14375327,14375327,3033
114815,434,1086,1165,0,0,11200,0,0,0,14377230,14377230,3033
114831,434,1148,1165,0,0,11200,0,0,0,14379167,14379167,3033
114846,434,44,1165,0,0,11200,0,0,0,14381406,14381406,3033
114861,434,134,1165,0,0,11200,0,0,0,14383487,14383487,3033
114876,434,170,1165,0,0,11200,0,0,0,14385082,14385082,3033
114892,434,210,1165,0,0,11200,0,0,0,14386646,14386646,3033
114908,434,244,1165,0,0,11200,0,0,0,14388252,14388252,3033
114923,434,285,1165,0,0,11200,0,0,0,14389856,14389856,3033
114938,434,333,1165,0,0,11200,0,0,0,14391556,14391556,3033
114954,434,401,1165,0,0,11200,0,0,0,14393115,14393115,3033
114969,434,453,1165,0,0,11200,0,0,0,14394475,14394475,3033
114984,434,502,1165,0,0,11200,0,0,0,14395984,14395984,3033
114999,434,538,1165,0,0,11200,0,0,0,14397483,14397483,3033
115015,434,588,1165,0,0,11200,0,0,0,14398664,14398664,3033
115030,434,649,1165,0,0,11200,0,0,0,14400202,14400202,3033
115046,434,688,1165,0,0,11200,0,0,0,14401560,14401560,3033
115062,434,716,1165,0,0,11200,0,0,0,14402574,14402574,3033
115077,434,749,1165,0,0,11200,0,0,0,14403563,14403563,3033
115092,434,796,1165,0,0,11200,0,0,0,14404947,14404947,3033
115108,434,859,1165,0,0,11200,0,0,0,14406526,14406526,3033
115123,434,918,1165,0,0,11200,0,0,0,14407887,14407887,3033
115139,434,968,1165,0,0,11200,0,0,0,14409397,14409397,3033
115154,434,1023,1165,0,0,11200,0,0,0,14410991,14410991,3033
115169,435,1068,1165,0,0,11200,0,0,0,14412167,14412167,3033
115185,435,1112,1165,0,0,11200,0,0,0,14413567,14413567,3033
115201,435,1150,1165,0,0,11200,0,0,0,14415195,14415195,3033
115216,435,24,1165,0,0,11200,0,0,0,14416767,14416767,3033
115232,435,105,1165,0,0,11200,0,0,0,14418321,14418321,3033
115247,435,141,1165,0,0,11200,0,0,0,14420066,14420066,3033
115262,435,187,1165,0,0,11200,0,0,0,14421722,14421722,3033
115277,435,217,1165,0,0,11200,0,0,0,14423261,14423261,3033
115293,435,265,1165,0,0,11200,0,0,0,14425051,14425051,3033
115309,435,302,1165,0,0,11200,0,0,0,14426422,14426422,3033
115324,435,330,1165,0,0,11200,0,0,0,14427414,14427414,3033
115339,435,365,1165,0,0,11200,0,0,0,14428412,14428412,3033
115356,435,405,1165,0,0,11200,0,0,0,14429348,14429348,3033
115372,435,452,1165,0,0,11200,0,0,0,14430324,14430324,3033
115388,435,484,1165,0,0,11200,0,0,0,14431382,14431382,3033
115404,435,504,1165,0,0,11200,0,0,0,14432394,14432394,3033
115420,435,528,1165,0,0,11200,0,0,0,14433373,14433373,3033
115436,435,560,1165,0,0,11200,0,0,0,14434407,14434407,3033
115451,435,595,1165,0,0,11200,0,0,0,14435351,14435351,3033
115467,435,640,1165,0,0,11200,0,0,0,14436293,14436293,3033
115484,435,679,1165,0,0,11200,0,0,0,14437304,14437304,3033
115499,435,700,1165,0,0,11200,0,0,0,14438158,14438158,3033
115515,435,732,1165,0,0,11200,0,0,0,14438953,14438953,3033
115532,435,767,1165,0,0,11200,0,0,0,14439872,14439872,3033
115547,435,785,1165,0,0,11200,0,0,0,14440698,14440698,3033
115562,435,817,1165,0,0,11200,0,0,0,14441480,14441480,3033
115579,435,850,1165,0,0,11200,0,0,0,14442540,14442540,3033
115594,435,891,1165,0,0,11200,0,0,0,14443553,14443553,3033
115609,435,926,1165,0,0,11200,0,0,0,14444490,14444490,3033
115625,435,959,1165,0,0,11200,0,0,0,14445378,14445378,3033
115640,435,992,1165,0,0,11200,0,0,0,14446339,14446339,3033
115655,435,1020,1165,0,0,11200,0,0,0,14447293,14447293,3033
115671,436,1066,1165,0,0,11200,0,0,0,14448251,14448251,3033
115687,436,1098,1165,0,0,11200,0,0,0,14449145,14449145,3033
115703,436,1121,1165,0,0,11200,0,0,0,14450160,14450160,3033
115718,436,1145,1165,0,0,11200,0,0,0,14451115,14451115,3033
115735,436,1,1165,0,0,11200,0,0,0,14452166,14452166,3033
115750,436,25,1165,0,0,11200,0,0,0,14453319,14453319,3033
115766,436,67,1165,0,0,11200,0,0,0,14454268,14454268,3033
115781,436,114,1165,0,0,11200,0,0,0,14455303,14455303,3033
115796,436,150,1165,0,0,11200,0,0,0,14456501,14456501,3033
115812,436,178,1165,0,0,11200,0,0,0,14457616,14457616,3033
115827,436,206,1165,0,0,11200,0,0,0,14458632,14458632,3033
115843,436,227,1165,0,0,11200,0,0,0,14459641,14459641,3033
115859,436,258,1166,1,0,11200,0,0,0,14460744,14460744,3033
115874,436,294,1166,1,0,11200,0,0,0,14461778,14461778,3033
115889,436,329,1166,1,0,11200,0,0,0,14462631,14462631,3033
115904,436,358,1166,1,0,11200,0,0,0,14463641,14463641,3033
115920,436,391,1166,1,0,11200,0,0,0,14464552,14464552,3033
115935,436,434,1166,1,0,11200,0,0,0,14465540,14465540,3033
115951,436,463,1166,1,0,11200,0,0,0,14466510,14466510,3033
115967,436,488,1166,1,0,11200,0,0,0,14467510,14467510,3033
115983,436,510,1166,1,0,11200,0,0,0,14468456,14468456,3033
115999,436,545,1166,1,0,11200,0,0,0,14469425,14469425,3033
116014,436,583,1166,1,0,11200,0,0,0,14470342,14470342,3033
116029,436,609,1166,1,0,11200,0,0,0,14471326,14471326,3033
116045,436,649,1166,1,0,11200,0,0,0,14472389,14472389,3033
116061,436,683,1166,1,0,11200,0,0,0,14473409,14473409,3033
116077,436,708,1166,1,0,11200,0,0,0,14474367,14474367,3033
116093,436,732,1166,1,0,11200,0,0,0,14475101,14475101,3033
116108,436,767,1166,1,0,11200,0,0,0,14475914,14475914,3033
116123,436,778,1166,1,0,11200,0,0,0,14476675,14476675,3033
116139,436,833,1166,1,0,11200,0,0,0,14477615,14477615,3033
116155,436,857,1166,1,0,11200,0,0,0,14478483,14478483,3033
116171,436,900,1166,1,0,11200,0,0,0,14479426,14479426,3033
116186,436,930,1166,1,0,11200,0,0,0,14480206,14480206,3033
116202,436,966,1166,1,0,11200,0,0,0,14481201,14481201,3033
116217,436,995,1166,1,0,11200,0,0,0,14482099,14482099,3033
116232,436,1021,1166,1,0,11200,0,0,0,14483090,14483090,3033
116249,437,1060,1166,1,0,11200,0,0,0,14483996,14483996,3033
116265,437,1082,1166,1,0,11200,0,0,0,14484930,14484930,3033
116280,437,1113,1166,1,0,11200,0,0,0,14485906,14485906,3033
116296,437,1140,1166,1,0,11200,0,0,0,14486886,14486886,3033
116312,437,1159,1166,1,0,11200,0,0,0,14487882,14487882,3033
116327,437,10,1166,1,0,11200,0,0,0,14488868,14488868,3033
116342,437,78,1166,1,0,11200,0,0,0,14489966,14489966,3033
116358,437,115,1166,1,0,11200,0,0,0,14490974,14490974,3033
116374,437,141,1166,1,0,11200,0,0,0,14492097,14492097,3033
116390,437,168,1166,1,0,11200,0,0,0,14493226,14493226,3033
116405,437,189,1166,1,0,11200,0,0,0,14494167,14494167,3033
116421,437,217,1166,1,0,11200,0,0,0,14495247,14495247,3033
116436,437,238,1166,1,0,11200,0,0,0,14496200,14496200,3033
116452,437,269,1166,1,0,11200,0,0,0,14497230,14497230,3033
116467,437,292,1166,1,0,11200,0,0,0,14498185,14498185,3033
116482,437,322,1166,1,0,11200,0,0,0,14499225,14499225,3033
116498,437,352,1166,1,0,11200,0,0,0,14500291,14500291,3033
116514,437,391,1166,1,0,11200,0,0,0,14501262,14501262,3033
116529,437,432,1166,1,0,11200,0,0,0,14502137,14502137,3033
116544,437,463,1166,1,0,11200,0,0,0,14503077,14503077,3033
116560,437,493,1166,1,0,11200,0,0,0,14504103,14504103,3033
116575,437,523,1166,1,0,11200,0,0,0,14505023,14505023,3033
116590,437,546,1166,1,0,11200,0,0,0,14506045,14506045,3033
116606,437,581,1166,1,0,11200,0,0,0,14506912,14506912,3033
116622,437,620,1166,1,0,11200,0,0,0,14507964,14507964,3033
116637,437,652,1166,1,0,11200,0,0,0,14508850,14508850,3033
116653,437,683,1166,1,0,11200,0,0,0,14509849,14509849,3033
116669,437,702,1166,1,0,11200,0,0,0,14510709,14510709,3033
116685,437,734,1166,1,0,11200,0,0,0,14511516,14511516,3033
116701,437,772,1166,1,0,11200,0,0,0,14512441,14512441,3033
116717,437,794,1166,1,0,11200,0,0,0,14513129,14513129,3033
116732,437,838,1166,1,0,11200,0,0,0,14513975,14513975,3033
116748,437,876,1166,1,0,11200,0,0,0,14514930,14514930,3033
116763,437,914,1166,1,0,11200,0,0,0,14515896,14515896,3033
116778,437,955,1166,1,0,11200,0,0,0,14516800,14516800,3033
116794,437,986,1166,1,0,11200,0,0,0,14517719,14517719,3033
116809,437,1017,1166,1,0,11200,0,0,0,14518684,14518684,3033
116825,437,1052,1166,1,0,11200,0,0,0,14519666,14519666,3033
116841,438,1094,1166,1,0,11200,0,0,0,14520708,14520708,3033
116857,438,1124,1166,1,0,11200,0,0,0,14521619,14521619,3033
116874,438,1150,1166,1,0,11200,0,0,0,14522629,14522629,3033
116889,438,9,1166,1,0,11200,0,0,0,14523618,14523618,3033
116905,438,42,1166,1,0,11200,0,0,0,14524860,14524860,3033
116921,438,99,1166,1,0,11200,0,0,0,14525768,14525768,3033
116937,438,127,1166,1,0,11200,0,0,0,14526911,14526911,3033
116952,438,153,1166,1,0,11200,0,0,0,14528087,14528087,3033
116968,438,179,1166,1,0,11200,0,0,0,14529150,14529150,3033
116983,438,200,1166,1,0,11200,0,0,0,14530171,14530171,3033
116999,438,217,1166,1,0,11200,0,0,0,14531203,14531203,3033
117014,438,234,1166,1,0,11200,0,0,0,14532138,14532138,3033
117031,438,269,1166,1,0,11200,0,0,0,14533250,14533250,3033
117046,438,294,1166,1,0,11200,0,0,0,14534247,14534247,3033
117062,438,329,1166,1,0,11200,0,0,0,14535212,14535212,3033
117077,438,357,1166,1,0,11200,0,0,0,14536149,14536149,3033
117093,438,403,1166,1,0,11200,0,0,0,14537151,14537151,3033
117108,438,440,1166,1,0,11200,0,0,0,14538059,14538059,3033
117123,438,466,1166,1,0,11200,0,0,0,14538986,14538986,3033
117139,438,489,1166,1,0,11200,0,0,0,14540096,14540096,3033
117155,438,513,1166,1,0,11200,0,0,0,14541026,14541026,3033
117171,438,538,1166,1,0,11200,0,0,0,14542012,14542012,3033
117186,438,572,1166,1,0,11200,0,0,0,14542965,14542965,3033
117202,438,608,1166,1,0,11200,0,0,0,14543998,14543998,3033
117219,438,652,1166,1,0,11200,0,0,0,14545078,14545078,3033
117235,438,683,1166,1,0,11200,0,0,0,14546136,14546136,3033
117250,438,706,1166,1,0,11200,0,0,0,14547015,14547015,3033
117266,438,739,1166,1,0,11200,0,0,0,14547723,14547723,3033
117283,438,772,1166,1,0,11200,0,0,0,14548568,14548568,3033
117299,438,794,1166,1,0,11200,0,0,0,14549420,14549420,3033
117315,438,837,1166,1,0,11200,0,0,0,14550237,14550237,3033
117331,438,858,1166,1,0,11200,0,0,0,14551189,14551189,3033
117347,438,896,1166,1,0,11200,0,0,0,14552163,14552163,3033
117363,438,927,1166,1,0,11200,0,0,0,14552999,14552999,3033
117379,438,949,1166,1,0,11200,0,0,0,14553984,14553984,3033
117394,438,985,1166,1,0,11200,0,0,0,14555024,14555024,3033
117410,438,1015,1166,1,0,11200,0,0,0,14555962,14555962,3033
117426,438,1052,1166,1,0,11200,0,0,0,14557000,14557000,3033
117442,439,1085,1166,1,0,11200,0,0,0,14558003,14558003,3033
117457,439,1111,1166,1,0,11200,0,0,0,14558945,14558945,3033
117472,439,1143,1166,1,0,11200,0,0,0,14559878,14559878,3033
117487,439,1161,1166,1,0,11200,0,0,0,14560791,14560791,3033
117502,439,27,1166,1,0,11200,0,0,0,14562027,14562027,3033
117518,439,84,1166,1,0,11200,0,0,0,14562939,14562939,3033
117533,439,127,1166,1,0,11200,0,0,0,14564024,14564024,3033
117550,439,159,1166,1,0,11200,0,0,0,14565236,14565236,3033
117566,439,187,1166,1,0,11200,0,0,0,14566256,14566256,3033
117581,439,213,1166,1,0,11200,0,0,0,14567209,14567209,3033
117597,439,238,1166,1,0,11200,0,0,0,14568293,14568293,3033
117613,439,269,1166,1,0,11200,0,0,0,14569361,14569361,3033
117629,439,296,1166,1,0,11200,0,0,0,14570334,14570334,3033
117644,439,324,1166,1,0,11200,0,0,0,14571388,14571388,3033
117659,439,348,1166,1,0,11200,0,0,0,14572329,14572329,3033
117675,439,379,1166,1,0,11200,0,0,0,14573218,14573218,3033
117690,439,423,1166,1,0,11200,0,0,0,14574211,14574211,3033
117705,439,448,1166,1,0,11200,0,0,0,14575205,14575205,3033
117721,439,483,1166,1,0,11200,0,0,0,14576221,14576221,3033
117737,439,506,1166,1,0,11200,0,0,0,14577208,14577208,3033
117752,439,540,1166,1,0,11200,0,0,0,14578230,14578230,3033
117768,439,581,1166,1,0,11200,0,0,0,14579220,14579220,3033
117783,439,623,1166,1,0,11200,0,0,0,14580249,14580249,3033
117799,439,651,1166,1,0,11200,0,0,0,14581186,14581186,3033
117815,439,688,1166,1,0,11200,0,0,0,14582168,14582168,3033
117830,439,708,1166,1,0,11200,0,0,0,14582891,14582891,3033
117846,439,739,1166,1,0,11200,0,0,0,14583587,14583587,3033
117861,439,772,1166,1,0,11200,0,0,0,14584393,14584393,3033
117877,439,797,1166,1,0,11200,0,0,0,14585099,14585099,3033
117892,439,845,1166,1,0,11200,0,0,0,14585979,14585979,3033
117908,439,891,1166,1,0,11200,0,0,0,14587065,14587065,3033
117924,439,926,1166,1,0,11200,0,0,0,14587870,14587870,3033
117939,439,962,1166,1,0,11200,0,0,0,14588742,14588742,3033
117955,439,982,1166,1,0,11200,0,0,0,14589602,14589602,3033
117970,439,1015,1166,1,0,11200,0,0,0,14590587,14590587,3033
117986,439,1049,1166,1,0,11200,0,0,0,14591612,14591612,3033
118001,440,1081,1166,1,0,11200,0,0,0,14592561,14592561,3033
118016,440,1100,1166,1,0,11200,0,0,0,14593435,14593435,3033
118032,440,1134,1166,1,0,11200,0,0,0,14594427,14594427,3033
118049,440,1162,1166,1,0,11200,0,0,0,14595378,14595378,3033
118064,440,22,1166,1,0,11200,0,0,0,14596673,14596673,3033
118080,440,84,1166,1,0,11200,0,0,0,14597705,14597705,3033
118095,440,115,1166,1,0,11200,0,0,0,14598638,14598638,3033
118111,440,145,1166,1,0,11200,0,0,0,14599805,14599805,3033
118126,440,171,1166,1,0,11200,0,0,0,14600832,14600832,3033
118141,440,200,1166,1,0,11200,0,0,0,14601780,14601780,3033
118157,440,221,1166,1,0,11200,0,0,0,14602817,14602817,3033
118172,440,247,1166,1,0,11200,0,0,0,14603862,14603862,3033
118188,440,274,1166,1,0,11200,0,0,0,14604854,14604854,3033
118203,440,301,1166,1,0,11200,0,0,0,14605831,14605831,3033
118218,440,331,1166,1,0,11200,0,0,0,14606792,14606792,3033
118234,440,368,1166,1,0,11200,0,0,0,14607900,14607900,3033
118250,440,405,1166,1,0,11200,0,0,0,14608919,14608919,3033
118266,440,452,1166,1,0,11200,0,0,0,14609960,14609960,3033
118281,440,483,1166,1,0,11200,0,0,0,14610948,14610948,3033
118297,440,506,1166,1,0,11200,0,0,0,14611955,14611955,3033
118313,440,529,1166,1,0,11200,0,0,0,14612799,14612799,3033
118328,440,573,1166,1,0,11200,0,0,0,14613853,14613853,3033
118345,440,601,1166,1,0,11200,0,0,0,14614957,14614957,3033
118360,440,633,1166,1,0,11200,0,0,0,14615892,14615892,3033
118375,440,659,1166,1,0,11200,0,0,0,14616911,14616911,3033
118390,440,688,1166,1,0,11200,0,0,0,14617788,14617788,3033
118405,440,712,1166,1,0,11200,0,0,0,14618548,14618548,3033
118422,440,732,1166,1,0,11200,0,0,0,14619286,14619286,3033
118438,440,767,1166,1,0,11200,0,0,0,14620056,14620056,3033
118453,440,784,1166,1,0,11200,0,0,0,14620739,14620739,3033
118468,440,821,1166,1,0,11200,0,0,0,14621580,14621580,3033
118484,440,848,1166,1,0,11200,0,0,0,14622425,14622425,3033
118500,440,890,1166,1,0,11200,0,0,0,14623333,14623333,3033
118518,440,916,1166,1,0,11200,0,0,0,14624074,14624074,3033
118533,440,956,1166,1,0,11200,0,0,0,14625063,14625063,3033
118548,440,985,1166,1,0,11200,0,0,0,14626095,14626095,3033
118564,440,1017,1166,1,0,11200,0,0,0,14627136,14627136,3033
118580,441,1062,1166,1,0,11200,0,0,0,14628189,14628189,3033
118596,441,1100,1166,1,0,11200,0,0,0,14629251,14629251,3033
118612,441,1125,1166,1,0,11200,0,0,0,14630185,14630185,3033
118628,441,1148,1166,1,0,11200,0,0,0,14631201,14631201,3033
118643,441,1,1166,1,0,11200,0,0,0,14632075,14632075,3033
118659,441,22,1166,1,0,11200,0,0,0,14633314,14633314,3033
118675,441,58,1166,1,0,11200,0,0,0,14634295,14634295,3033
118690,441,110,1166,1,0,11200,0,0,0,14635251,14635251,3033
118705,441,141,1166,1,0,11200,0,0,0,14636427,14636427,3033
118721,441,167,1166,1,0,11200,0,0,0,14637579,14637579,3033
118736,441,196,1166,1,0,11200,0,0,0,14638627,14638627,3033
118752,441,225,1166,1,0,11200,0,0,0,14639710,14639710,3033
118767,441,247,1166,1,0,11200,0,0,0,14640734,14640734,3033
118783,441,278,1166,1,0,11200,0,0,0,14641741,14641741,3033
118799,441,302,1166,1,0,11200,0,0,0,14642756,14642756,3033
118814,441,330,1166,1,0,11200,0,0,0,14643674,14643674,3033
118829,441,357,1166,1,0,11200,0,0,0,14644714,14644714,3033
118845,441,390,1166,1,0,11200,0,0,0,14645719,14645719,3033
118860,441,431,1166,1,0,11200,0,0,0,14646663,14646663,3033
118876,441,460,1166,1,0,11200,0,0,0,14647705,14647705,3033
118891,441,487,1166,1,0,11200,0,0,0,14648723,14648723,3033
118906,441,509,1166,1,0,11200,0,0,0,14649651,14649651,3033
118921,441,536,1166,1,0,11200,0,0,0,14650671,14650671,3033
118938,441,572,1166,1,0,11200,0,0,0,14651705,14651705,3033
118955,441,608,1166,1,0,11200,0,0,0,14652729,14652729,3033
118970,441,649,1166,1,0,11200,0,0,0,14653644,14653644,3033
118986,441,680,1166,1,0,11200,0,0,0,14654573,14654573,3033
119001,441,706,1166,1,0,11200,0,0,0,14655391,14655391,3033
119017,441,725,1166,1,0,11200,0,0,0,14656061,14656061,3033
119032,441,766,1166,1,0,11200,0,0,0,14656868,14656868,3033
119050,441,785,1166,1,0,11200,0,0,0,14657683,14657683,3033
119066,441,837,1166,1,0,11200,0,0,0,14658730,14658730,3033
119081,441,873,1166,1,0,11200,0,0,0,14659647,14659647,3033
119097,441,913,1166,1,0,11200,0,0,0,14660602,14660602,3033
119112,441,955,1166,1,0,11200,0,0,0,14661476,14661476,3033
119128,441,974,1166,1,0,11200,0,0,0,14662441,14662441,3033
119145,441,1003,1166,1,0,11200,0,0,0,14663444,14663444,3033
119160,441,1033,1166,1,0,11200,0,0,0,14664447,14664447,3033
119176,442,1074,1166,1,0,11200,0,0,0,14665280,14665280,3033
119192,442,1110,1166,1,0,11200,0,0,0,14666232,14666232,3033
119208,442,1136,1166,1,0,11200,0,0,0,14667311,14667311,3033
119224,442,1157,1166,1,0,11200,0,0,0,14668351,14668351,3033
119240,442,18,1166,1,0,11200,0,0,0,14669586,14669586,3033
119255,442,83,1166,1,0,11200,0,0,0,14670592,14670592,3033
119270,442,118,1166,1,0,11200,0,0,0,14671627,14671627,3033
119286,442,145,1166,1,0,11200,0,0,0,14672816,14672816,3033
119302,442,177,1166,1,0,11200,0,0,0,14673980,14673980,3033
119318,442,194,1166,1,0,11200,0,0,0,14674980,14674980,3033
119334,442,218,1166,1,0,11200,0,0,0,14676054,14676054,3033
119349,442,242,1166,1,0,11200,0,0,0,14677068,14677068,3033
119364,442,277,1166,1,0,11200,0,0,0,14678139,14678139,3033
119381,442,301,1166,1,0,11200,0,0,0,14679136,14679136,3033
119397,442,331,1166,1,0,11200,0,0,0,14680089,14680089,3033
119412,442,365,1166,1,0,11200,0,0,0,14681148,14681148,3033
119428,442,401,1166,1,0,11200,0,0,0,14682161,14682161,3033
119444,442,438,1166,1,0,11200,0,0,0,14683142,14683142,3033
119459,442,477,1166,1,0,11200,0,0,0,14684116,14684116,3033
119474,442,492,1166,1,0,11200,0,0,0,14685066,14685066,3033
119490,442,513,1166,1,0,11200,0,0,0,14686029,14686029,3033
119506,442,540,1166,1,0,11200,0,0,0,14687036,14687036,3033
119521,442,581,1166,1,0,11200,0,0,0,14688062,14688062,3033
119537,442,623,1166,1,0,11200,0,0,0,14688998,14688998,3033
119554,442,652,1166,1,0,11200,0,0,0,14689953,14689953,3033
119569,442,683,1166,1,0,11200,0,0,0,14690813,14690813,3033
119584,442,714,1166,1,0,11200,0,0,0,14691627,14691627,3033
119601,442,739,1166,1,0,11200,0,0,0,14692365,14692365,3033
119616,442,779,1166,1,0,11200,0,0,0,14693250,14693250,3033
119632,442,797,1166,1,0,11200,0,0,0,14694066,14694066,3033
119648,442,854,1166,1,0,11200,0,0,0,14695108,14695108,3033
119666,442,896,1166,1,0,11200,0,0,0,14696178,14696178,3033
119682,442,920,1166,1,0,11200,0,0,0,14697030,14697030,3033
119697,442,948,1166,1,0,11200,0,0,0,14697909,14697909,3033
119713,442,971,1166,1,0,11200,0,0,0,14698861,14698861,3033
119729,442,1008,1166,1,0,11200,0,0,0,14699867,14699867,3033
119746,442,1036,1166,1,0,11200,0,0,0,14700844,14700844,3033
119761,443,1074,1166,1,0,11200,0,0,0,14701768,14701768,3033
119776,443,1110,1166,1,0,11200,0,0,0,14702825,14702825,3033
119792,443,1136,1166,1,0,11200,0,0,0,14703826,14703826,3033
119808,443,1154,1166,1,0,11200,0,0,0,14704737,14704737,3033
119823,443,13,1166,1,0,11200,0,0,0,14705781,14705781,3033
119838,443,31,1166,1,0,11200,0,0,0,14706926,14706926,3033
119854,443,109,1166,1,0,11200,0,0,0,14707948,14707948,3033
119869,443,138,1166,1,0,11200,0,0,0,14709047,14709047,3033
119885,443,171,1166,1,0,11200,0,0,0,14710109,14710109,3033
119900,443,191,1166,1,0,11200,0,0,0,14711118,14711118,3033
119915,443,218,1166,1,0,11200,0,0,0,14712020,14712020,3033
119931,443,245,1166,1,0,11200,0,0,0,14713113,14713113,3033
119946,443,285,1166,1,0,11200,0,0,0,14714085,14714085,3033
119962,443,313,1166,1,0,11200,0,0,0,14715021,14715021,3033
119977,443,340,1166,1,0,11200,0,0,0,14715952,14715952,3033
119993,443,381,1166,1,0,11200,0,0,0,14716986,14716986,3033
120008,443,433,1166,1,0,11200,0,0,0,14717949,14717949,3033
120024,443,466,1166,1,0,11200,0,0,0,14718932,14718932,3033
120040,443,492,1166,1,0,11200,0,0,0,14719928,14719928,3033
120056,443,513,1166,1,0,11200,0,0,0,14720842,14720842,3033
120071,443,540,1166,1,0,11200,0,0,0,14721829,14721829,3033
120087,443,584,1166,1,0,11200,0,0,0,14722845,14722845,3033
120102,443,626,1166,1,0,11200,0,0,0,14723847,14723847,3033
120118,443,654,1166,1,0,11200,0,0,0,14724719,14724719,3033
120133,443,683,1166,1,0,11200,0,0,0,14725684,14725684,3033
120149,443,708,1166,1,0,11200,0,0,0,14726655,14726655,3033
120165,443,741,1166,1,0,11200,0,0,0,14727435,14727435,3033
120181,443,775,1166,1,0,11200,0,0,0,14728329,14728329,3033
120197,443,805,1166,1,0,11200,0,0,0,14729255,14729255,3033
120212,443,851,1166,1,0,11200,0,0,0,14730147,14730147,3033
120228,443,887,1166,1,0,11200,0,0,0,14731108,14731108,3033
120244,443,927,1166,1,0,11200,0,0,0,14731908,14731908,3033
120260,443,960,1166,1,0,11200,0,0,0,14732924,14732924,3033
120275,443,990,1166,1,0,11200,0,0,0,14733890,14733890,3033
120291,443,1020,1166,1,0,11200,0,0,0,14734915,14734915,3033
120306,443,1057,1166,1,0,11200,0,0,0,14736001,14736001,3033
120322,444,1087,1166,1,0,11200,0,0,0,14736978,14736978,3033
120337,444,1115,1166,1,0,11200,0,0,0,14737938,14737938,3033
120353,444,1134,1166,1,0,11200,0,0,0,14738843,14738843,3033
120369,444,1154,1166,1,0,11200,0,0,0,14739835,14739835,3033
120385,444,14,1166,1,0,11200,0,0,0,14740863,14740863,3033
120400,444,36,1166,1,0,11200,0,0,0,14741961,14741961,3033
120416,444,107,1166,1,0,11200,0,0,0,14742971,14742971,3033
120431,444,131,1166,1,0,11200,0,0,0,14744058,14744058,3033
120446,444,165,1166,1,0,11200,0,0,0,14745105,14745105,3033
120461,444,196,1166,1,0,11200,0,0,0,14746154,14746154,3033
120477,444,221,1166,1,0,11200,0,0,0,14747166,14747166,3033
120492,444,238,1166,1,0,11200,0,0,0,14748143,14748143,3033
120508,444,269,1166,1,0,11200,0,0,0,14749183,14749183,3033
120523,444,304,1166,1,0,11200,0,0,0,14750152,14750152,3033
120539,444,332,1166,1,0,11200,0,0,0,14751147,14751147,3033
120555,444,368,1166,1,0,11200,0,0,0,14752205,14752205,3033
120570,444,432,1166,1,0,11200,0,0,0,14753251,14753251,3033
120586,444,453,1166,1,0,11200,0,0,0,14754145,14754145,3033
120602,444,483,1166,1,0,11200,0,0,0,14755252,14755252,3033
120618,444,506,1166,1,0,11200,0,0,0,14756187,14756187,3033
120634,444,530,1166,1,0,11200,0,0,0,14757242,14757242,3033
120649,444,570,1166,1,0,11200,0,0,0,14758304,14758304,3033
120666,444,608,1166,1,0,11200,0,0,0,14759336,14759336,3033
120681,444,645,1166,1,0,11200,0,0,0,14760349,14760349,3033
120696,444,675,1166,1,0,11200,0,0,0,14761247,14761247,3033
120712,444,690,1166,1,0,11200,0,0,0,14762056,14762056,3033
120728,444,718,1166,1,0,11200,0,0,0,14762811,14762811,3033
120744,444,745,1166,1,0,11200,0,0,0,14763606,14763606,3033
120760,444,772,1166,1,0,11200,0,0,0,14764451,14764451,3033
120777,444,788,1166,1,0,11200,0,0,0,14765220,14765220,3033
120793,444,828,1166,1,0,11200,0,0,0,14766152,14766152,3033
120808,444,875,1166,1,0,11200,0,0,0,14767102,14767102,3033
120824,444,915,1166,1,0,11200,0,0,0,14768017,14768017,3033
120839,444,949,1166,1,0,11200,0,0,0,14769050,14769050,3033
120855,444,980,1166,1,0,11200,0,0,0,14770008,14770008,3033
120870,444,1009,1166,1,0,11200,0,0,0,14770892,14770892,3033
120885,444,1051,1166,1,0,11200,0,0,0,14771831,14771831,3033
120901,445,1085,1166,1,0,11200,0,0,0,14772786,14772786,3033
120916,445,1111,1166,1,0,11200,0,0,0,14773751,14773751,3033
120932,445,1140,1166,1,0,11200,0,0,0,14774681,14774681,3033
120948,445,1161,1166,1,0,11200,0,0,0,14775614,14775614,3033
120963,445,24,1166,1,0,11200,0,0,0,14776781,14776781,3033
120978,445,88,1166,1,0,11200,0,0,0,14777690,14777690,3033
120994,445,121,1166,1,0,11200,0,0,0,14778770,14778770,3033
121010,445,150,1166,1,0,11200,0,0,0,14779890,14779890,3033
121026,445,178,1166,1,0,11200,0,0,0,14780922,14780922,3033
121043,445,202,1166,1,0,11200,0,0,0,14782081,14782081,3033
121058,445,223,1166,1,0,11200,0,0,0,14783006,14783006,3033
121073,445,245,1166,1,0,11200,0,0,0,14784041,14784041,3033
121089,445,274,1166,1,0,11200,0,0,0,14784965,14784965,3033
121105,445,304,1166,1,0,11200,0,0,0,14785968,14785968,3033
121120,445,344,1166,1,0,11200,0,0,0,14786925,14786925,3033
121137,445,384,1166,1,0,11200,0,0,0,14788066,14788066,3033
121152,445,432,1166,1,0,11200,0,0,0,14789013,14789013,3033
121167,445,466,1166,1,0,11200,0,0,0,14789978,14789978,3033
121182,445,489,1166,1,0,11200,0,0,0,14790946,14790946,3033
121197,445,510,1166,1,0,11200,0,0,0,14791966,14791966,3033
121212,445,536,1166,1,0,11200,0,0,0,14793004,14793004,3033
121229,445,570,1166,1,0,11200,0,0,0,14793987,14793987,3033
121245,445,607,1166,1,0,11200,0,0,0,14795034,14795034,3033
121261,445,645,1166,1,0,11200,0,0,0,14795998,14795998,3033
121277,445,679,1166,1,0,11200,0,0,0,14796963,14796963,3033
121293,445,707,1166,1,0,11200,0,0,0,14797865,14797865,3033
121308,445,723,1166,1,0,11200,0,0,0,14798485,14798485,3033
121324,445,747,1166,1,0,11200,0,0,0,14799237,14799237,3033
121339,445,772,1166,1,0,11200,0,0,0,14799990,14799990,3033
121355,445,794,1166,1,0,11200,0,0,0,14800773,14800773,3033
121371,445,821,1166,1,0,11200,0,0,0,14801645,14801645,3033
121386,445,853,1166,1,0,11200,0,0,0,14802549,14802549,3033
121401,445,904,1166,1,0,11200,0,0,0,14803533,14803533,3033
121416,445,945,1166,1,0,11200,0,0,0,14804371,14804371,3033
121432,445,972,1166,1,0,11200,0,0,0,14805325,14805325,3033
121447,445,1002,1166,1,0,11200,0,0,0,14806257,14806257,3033
121463,445,1040,1166,1,0,11200,0,0,0,14807274,14807274,3033
121478,446,1069,1166,1,0,11200,0,0,0,14808235,14808235,3033
121494,446,1094,1166,1,0,11200,0,0,0,14809066,14809066,3033
121510,446,1113,1166,1,0,11200,0,0,0,14809969,14809969,3033
121525,446,1141,1166,1,0,11200,0,0,0,14810949,14810949,3033
121541,446,1158,1166,1,0,11200,0,0,0,14811870,14811870,3033
121556,446,10,1166,1,0,11200,0,0,0,14812935,14812935,3033
121571,446,39,1166,1,0,11200,0,0,0,14814054,14814054,3033
121587,446,99,1166,1,0,11200,0,0,0,14814981,14814981,3033
121603,446,131,1166,1,0,11200,0,0,0,14816088,14816088,3033
121618,446,153,1166,1,0,11200,0,0,0,14817117,14817117,3033
121635,446,180,1166,1,0,11200,0,0,0,14818211,14818211,3033
121650,446,208,1166,1,0,11200,0,0,0,14819174,14819174,3033
121666,446,230,1166,1,0,11200,0,0,0,14820283,14820283,3033
121682,446,258,1167,2,0,11200,0,0,0,14821386,14821386,3033
121697,446,289,1167,2,0,11200,0,0,0,14822464,14822464,3033
121713,446,329,1167,2,0,11200,0,0,0,14823433,14823433,3033
121728,446,363,1167,2,0,11200,0,0,0,14824515,14824515,3033
121744,446,405,1167,2,0,11200,0,0,0,14825432,14825432,3033
121759,446,445,1167,2,0,11200,0,0,0,14826419,14826419,3033
121775,446,473,1167,2,0,11200,0,0,0,14827489,14827489,3033
121792,446,500,1167,2,0,11200,0,0,0,14828499,14828499,3033
121807,446,527,1167,2,0,11200,0,0,0,14829482,14829482,3033
121822,446,546,1167,2,0,11200,0,0,0,14830490,14830490,3033
121837,446,581,1167,2,0,11200,0,0,0,14831430,14831430,3033
121853,446,623,1167,2,0,11200,0,0,0,14832472,14832472,3033
121868,446,655,1167,2,0,11200,0,0,0,14833440,14833440,3033
121884,446,680,1167,2,0,11200,0,0,0,14834402,14834402,3033
121900,446,698,1167,2,0,11200,0,0,0,14835148,14835148,3033
121915,446,718,1167,2,0,11200,0,0,0,14835838,14835838,3033
121930,446,750,1167,2,0,11200,0,0,0,14836691,14836691,3033
121946,446,779,1167,2,0,11200,0,0,0,14837441,14837441,3033
121961,446,797,1167,2,0,11200,0,0,0,14838107,14838107,3033
121977,446,848,1167,2,0,11200,0,0,0,14839140,14839140,3033
121993,446,887,1167,2,0,11200,0,0,0,14840112,14840112,3033
122009,446,928,1167,2,0,11200,0,0,0,14841057,14841057,3033
122026,446,954,1167,2,0,11200,0,0,0,14841996,14841996,3033
122042,446,983,1167,2,0,11200,0,0,0,14843003,14843003,3033
122058,446,1009,1167,2,0,11200,0,0,0,14843979,14843979,3033
122074,446,1047,1167,2,0,11200,0,0,0,14844997,14844997,3033
122091,447,1074,1167,2,0,11200,0,0,0,14846041,14846041,3033
122106,447,1108,1167,2,0,11200,0,0,0,14846953,14846953,3033
122121,447,1140,1167,2,0,11200,0,0,0,14847923,14847923,3033
122137,447,1164,1167,2,0,11200,0,0,0,14848896,14848896,3033
122152,447,19,1167,2,0,11200,0,0,0,14850021,14850021,3033
122168,447,78,1167,2,0,11200,0,0,0,14851105,14851105,3033
122183,447,120,1167,2,0,11200,0,0,0,14852203,14852203,3033
122199,447,149,1167,2,0,11200,0,0,0,14853440,14853440,3033
122214,447,178,1167,2,0,11200,0,0,0,14854463,14854463,3033
122229,447,208,1167,2,0,11200,0,0,0,14855380,14855380,3033
122245,447,225,1167,2,0,11200,0,0,0,14856387,14856387,3033
122260,447,255,1167,2,0,11200,0,0,0,14857490,14857490,3033
122277,447,287,1167,2,0,11200,0,0,0,14858511,14858511,3033
122293,447,325,1167,2,0,11200,0,0,0,14859639,14859639,3033
122308,447,355,1167,2,0,11200,0,0,0,14860731,14860731,3033
122323,447,399,1167,2,0,11200,0,0,0,14861797,14861797,3033
122338,447,434,1167,2,0,11200,0,0,0,14862713,14862713,3033
122354,447,461,1167,2,0,11200,0,0,0,14863662,14863662,3033
122369,447,486,1167,2,0,11200,0,0,0,14864642,14864642,3033
122385,447,509,1167,2,0,11200,0,0,0,14865602,14865602,3033
122401,447,534,1167,2,0,11200,0,0,0,14866662,14866662,3033
122417,447,583,1167,2,0,11200,0,0,0,14867770,14867770,3033
122433,447,623,1167,2,0,11200,0,0,0,14868703,14868703,3033
122448,447,656,1167,2,0,11200,0,0,0,14869663,14869663,3033
122464,447,688,1167,2,0,11200,0,0,0,14870653,14870653,3033
122479,447,718,1167,2,0,11200,0,0,0,14871428,14871428,3033
122495,447,752,1167,2,0,11200,0,0,0,14872314,14872314,3033
122510,447,780,1167,2,0,11200,0,0,0,14873198,14873198,3033
122526,447,828,1167,2,0,11200,0,0,0,14874069,14874069,3033
122542,447,849,1167,2,0,11200,0,0,0,14874823,14874823,3033
122558,447,887,1167,2,0,11200,0,0,0,14875847,14875847,3033
122574,447,910,1167,2,0,11200,0,0,0,14876626,14876626,3033
122589,447,938,1167,2,0,11200,0,0,0,14877558,14877558,3033
122605,447,968,1167,2,0,11200,0,0,0,14878505,14878505,3033
122620,447,998,1167,2,0,11200,0,0,0,14879415,14879415,3033
122636,447,1021,1167,2,0,11200,0,0,0,14880399,14880399,3033
122653,447,1052,1167,2,0,11200,0,0,0,14881521,14881521,3033
122668,448,1099,1167,2,0,11200,0,0,0,14882469,14882469,3033
122684,448,1125,1167,2,0,11200,0,0,0,14883493,14883493,3033
122699,448,1148,1167,2,0,11200,0,0,0,14884505,14884505,3033
122714,448,1164,1167,2,0,11200,0,0,0,14885361,14885361,3033
122730,448,29,1167,2,0,11200,0,0,0,14886662,14886662,3033
122746,448,99,1167,2,0,11200,0,0,0,14887735,14887735,3033
122762,448,134,1167,2,0,11200,0,0,0,14888928,14888928,3033
122778,448,156,1167,2,0,11200,0,0,0,14890130,14890130,3033
122794,448,181,1167,2,0,11200,0,0,0,14891170,14891170,3033
122809,448,211,1167,2,0,11200,0,0,0,14892213,14892213,3033
122825,448,229,1167,2,0,11200,0,0,0,14893261,14893261,3033
122840,448,260,1167,2,0,11200,0,0,0,14894352,14894352,3033
122856,448,289,1167,2,0,11200,0,0,0,14895311,14895311,3033
122871,448,322,1167,2,0,11200,0,0,0,14896375,14896375,3033
122887,448,360,1167,2,0,11200,0,0,0,14897422,14897422,3033
122902,448,401,1167,2,0,11200,0,0,0,14898436,14898436,3033
122918,448,448,1167,2,0,11200,0,0,0,14899500,14899500,3033
122934,448,475,1167,2,0,11200,0,0,0,14900472,14900472,3033
122950,448,497,1167,2,0,11200,0,0,0,14901541,14901541,3033
122965,448,528,1167,2,0,11200,0,0,0,14902468,14902468,3033
122981,448,556,1167,2,0,11200,0,0,0,14903397,14903397,3033
122996,448,587,1167,2,0,11200,0,0,0,14904355,14904355,3033
123011,448,645,1167,2,0,11200,0,0,0,14905339,14905339,3033
123026,448,679,1167,2,0,11200,0,0,0,14906324,14906324,3033
123043,448,703,1167,2,0,11200,0,0,0,14907250,14907250,3033
123059,448,739,1167,2,0,11200,0,0,0,14907990,14907990,3033
123074,448,771,1167,2,0,11200,0,0,0,14908891,14908891,3033
123090,448,787,1167,2,0,11200,0,0,0,14909609,14909609,3033
123107,448,831,1167,2,0,11200,0,0,0,14910486,14910486,3033
123122,448,853,1167,2,0,11200,0,0,0,14911128,14911128,3033
123138,448,896,1167,2,0,11200,0,0,0,14912163,14912163,3033
123154,448,928,1167,2,0,11200,0,0,0,14913115,14913115,3033
123169,448,949,1167,2,0,11200,0,0,0,14913979,14913979,3033
123185,448,980,1167,2,0,11200,0,0,0,14915020,14915020,3033
123201,448,1009,1167,2,0,11200,0,0,0,14915910,14915910,3033
123216,448,1033,1167,2,0,11200,0,0,0,14916856,14916856,3033
123231,449,1062,1167,2,0,11200,0,0,0,14917719,14917719,3033
123247,449,1096,1167,2,0,11200,0,0,0,14918728,14918728,3033
123263,449,1121,1167,2,0,11200,0,0,0,14919735,14919735,3033
123279,449,1146,1167,2,0,11200,0,0,0,14920769,14920769,3033
123295,449,0,1167,2,0,11200,0,0,0,14921759,14921759,3033
123311,449,24,1167,2,0,11200,0,0,0,14923029,14923029,3033
123326,449,88,1167,2,0,11200,0,0,0,14924060,14924060,3033
123343,449,132,1167,2,0,11200,0,0,0,14925276,14925276,3033
123359,449,167,1167,2,0,11200,0,0,0,14926512,14926512,3033
123374,449,188,1167,2,0,11200,0,0,0,14927519,14927519,3033
123390,449,214,1167,2,0,11200,0,0,0,14928598,14928598,3033
123405,449,229,1167,2,0,11200,0,0,0,14929517,14929517,3033
123420,449,260,1167,2,0,11200,0,0,0,14930594,14930594,3033
123436,449,287,1167,2,0,11200,0,0,0,14931620,14931620,3033
123452,449,314,1167,2,0,11200,0,0,0,14932623,14932623,3033
123467,449,352,1167,2,0,11200,0,0,0,14933674,14933674,3033
123483,449,381,1167,2,0,11200,0,0,0,14934672,14934672,3033
123498,449,418,1167,2,0,11200,0,0,0,14935554,14935554,3033
123513,449,453,1167,2,0,11200,0,0,0,14936494,14936494,3033
123529,449,484,1167,2,0,11200,0,0,0,14937541,14937541,3033
123544,449,508,1167,2,0,11200,0,0,0,14938508,14938508,3033
123559,449,531,1167,2,0,11200,0,0,0,14939474,14939474,3033
123575,449,560,1167,2,0,11200,0,0,0,14940636,14940636,3033
123591,449,597,1167,2,0,11200,0,0,0,14941600,14941600,3033
123606,449,638,1167,2,0,11200,0,0,0,14942551,14942551,3033
123621,449,680,1167,2,0,11200,0,0,0,14943553,14943553,3033
123637,449,703,1167,2,0,11200,0,0,0,14944434,14944434,3033
123653,449,731,1167,2,0,11200,0,0,0,14945226,14945226,3033
123668,449,752,1167,2,0,11200,0,0,0,14945999,14945999,3033
123684,449,776,1167,2,0,11200,0,0,0,14946774,14946774,3033
123699,449,802,1167,2,0,11200,0,0,0,14947434,14947434,3033
123716,449,847,1167,2,0,11200,0,0,0,14948403,14948403,3033
123732,449,880,1167,2,0,11200,0,0,0,14949379,14949379,3033
123749,449,915,1167,2,0,11200,0,0,0,14950334,14950334,3033
123765,449,953,1167,2,0,11200,0,0,0,14951417,14951417,3033
123780,449,971,1167,2,0,11200,0,0,0,14952188,14952188,3033
123795,449,1005,1167,2,0,11200,0,0,0,14953171,14953171,3033
123811,449,1048,1167,2,0,11200,0,0,0,14954141,14954141,3033
123826,450,1076,1167,2,0,11200,0,0,0,14955091,14955091,3033
123842,450,1110,1167,2,0,11200,0,0,0,14956083,14956083,3033
123858,450,1130,1167,2,0,11200,0,0,0,14957127,14957127,3033
123874,450,1151,1167,2,0,11200,0,0,0,14958160,14958160,3033
123890,450,8,1167,2,0,11200,0,0,0,14959120,14959120,3033
123905,450,31,1167,2,0,11200,0,0,0,14960403,14960403,3033
123921,450,107,1167,2,0,11200,0,0,0,14961448,14961448,3033
123937,450,136,1167,2,0,11200,0,0,0,14962551,14962551,3033
123952,450,171,1167,2,0,11200,0,0,0,14963734,14963734,3033
123967,450,194,1167,2,0,11200,0,0,0,14964717,14964717,3033
123983,450,217,1167,2,0,11200,0,0,0,14965762,14965762,3033
123998,450,242,1167,2,0,11200,0,0,0,14966799,14966799,3033
124014,450,270,1167,2,0,11200,0,0,0,14967834,14967834,3033
124029,450,300,1167,2,0,11200,0,0,0,14968810,14968810,3033
124045,450,331,1167,2,0,11200,0,0,0,14969786,14969786,3033
124060,450,365,1167,2,0,11200,0,0,0,14970788,14970788,3033
124077,450,405,1167,2,0,11200,0,0,0,14971794,14971794,3033
124092,450,446,1167,2,0,11200,0,0,0,14972750,14972750,3033
124107,450,484,1167,2,0,11200,0,0,0,14973805,14973805,3033
124123,450,510,1167,2,0,11200,0,0,0,14974779,14974779,3033
124138,450,534,1167,2,0,11200,0,0,0,14975775,14975775,3033
124154,450,583,1167,2,0,11200,0,0,0,14976783,14976783,3033
124170,450,629,1167,2,0,11200,0,0,0,14977879,14977879,3033
124185,450,675,1167,2,0,11200,0,0,0,14978848,14978848,3033
124201,450,703,1167,2,0,11200,0,0,0,14979747,14979747,3033
124217,450,739,1167,2,0,11200,0,0,0,14980478,14980478,3033
124232,450,773,1167,2,0,11200,0,0,0,14981349,14981349,3033
124249,450,810,1167,2,0,11200,0,0,0,14982346,14982346,3033
124265,450,856,1167,2,0,11200,0,0,0,14983360,14983360,3033
124281,450,892,1167,2,0,11200,0,0,0,14984407,14984407,3033
124296,450,927,1167,2,0,11200,0,0,0,14985318,14985318,3033
124312,450,960,1167,2,0,11200,0,0,0,14986299,14986299,3033
124327,450,985,1167,2,0,11200,0,0,0,14987287,14987287,3033
124343,450,1016,1167,2,0,11200,0,0,0,14988391,14988391,3033
124359,450,1051,1167,2,0,11200,0,0,0,14989396,14989396,3033
124375,451,1087,1167,2,0,11200,0,0,0,14990379,14990379,3033
124390,451,1111,1167,2,0,11200,0,0,0,14991190,14991190,3033
124405,451,1142,1167,2,0,11200,0,0,0,14992131,14992131,3033
124420,451,3,1167,2,0,11200,0,0,0,14993104,14993104,3033
124437,451,27,1167,2,0,11200,0,0,0,14994315,14994315,3033
124452,451,95,1167,2,0,11200,0,0,0,14995266,14995266,3033
124467,451,132,1167,2,0,11200,0,0,0,14996304,14996304,3033
124483,451,156,1167,2,0,11200,0,0,0,14997554,14997554,3033
124498,451,185,1167,2,0,11200,0,0,0,14998558,14998558,3033
124513,451,211,1167,2,0,11200,0,0,0,14999572,14999572,3033
124529,451,234,1167,2,0,11200,0,0,0,15000527,15000527,3033
124545,451,266,1167,2,0,11200,0,0,0,15001703,15001703,3033
124560,451,290,1167,2,0,11200,0,0,0,15002669,15002669,3033
124576,451,322,1167,2,0,11200,0,0,0,15003728,15003728,3033
124591,451,357,1167,2,0,11200,0,0,0,15004710,15004710,3033
124607,451,399,1167,2,0,11200,0,0,0,15005679,15005679,3033
124623,451,450,1167,2,0,11200,0,0,0,15006720,15006720,3033
124639,451,486,1167,2,0,11200,0,0,0,15007666,15007666,3033
124654,451,525,1167,2,0,11200,0,0,0,15008646,15008646,3033
124670,451,549,1167,2,0,11200,0,0,0,15009697,15009697,3033
124685,451,595,1167,2,0,11200,0,0,0,15010695,15010695,3033
124701,451,640,1167,2,0,11200,0,0,0,15011686,15011686,3033
124716,451,670,1167,2,0,11200,0,0,0,15012539,15012539,3033
124734,451,698,1167,2,0,11200,0,0,0,15013540,15013540,3033
124750,451,718,1167,2,0,11200,0,0,0,15014277,15014277,3033
124766,451,747,1167,2,0,11200,0,0,0,15015136,15015136,3033
124782,451,775,1167,2,0,11200,0,0,0,15015986,15015986,3033
124797,451,800,1167,2,0,11200,0,0,0,15016724,15016724,3033
124813,451,854,1167,2,0,11200,0,0,0,15017659,15017659,3033
124828,451,892,1167,2,0,11200,0,0,0,15018565,15018565,3033
124844,451,917,1167,2,0,11200,0,0,0,15019400,15019400,3033
124859,451,956,1167,2,0,11200,0,0,0,15020338,15020338,3033
124874,451,987,1167,2,0,11200,0,0,0,15021267,15021267,3033
124890,451,1022,1167,2,0,11200,0,0,0,15022329,15022329,3033
124906,452,1066,1167,2,0,11200,0,0,0,15023329,15023329,3033
124922,452,1104,1167,2,0,11200,0,0,0,15024346,15024346,3033
124937,452,1134,1167,2,0,11200,0,0,0,15025357,15025357,3033
124953,452,1150,1167,2,0,11200,0,0,0,15026301,15026301,3033
124969,452,3,1167,2,0,11200,0,0,0,15027303,15027303,3033
124985,452,58,1167,2,0,11200,0,0,0,15028557,15028557,3033
125001,452,111,1167,2,0,11200,0,0,0,15029513,15029513,3033
125017,452,136,1167,2,0,11200,0,0,0,15030673,15030673,3033
125033,452,161,1167,2,0,11200,0,0,0,15031888,15031888,3033
125049,452,188,1167,2,0,11200,0,0,0,15033048,15033048,3033
125064,452,215,1167,2,0,11200,0,0,0,15034127,15034127,3033
125080,452,237,1167,2,0,11200,0,0,0,15035173,15035173,3033
125096,452,270,1167,2,0,11200,0,0,0,15036285,15036285,3033
125112,452,301,1167,2,0,11200,0,0,0,15037243,15037243,3033
125127,452,330,1167,2,0,11200,0,0,0,15038223,15038223,3033
125143,452,361,1167,2,0,11200,0,0,0,15039321,15039321,3033
125159,452,398,1167,2,0,11200,0,0,0,15040387,15040387,3033
125174,452,435,1167,2,0,11200,0,0,0,15041386,15041386,3033
125190,452,469,1167,2,0,11200,0,0,0,15042416,15042416,3033
125206,452,494,1167,2,0,11200,0,0,0,15043366,15043366,3033
125222,452,523,1167,2,0,11200,0,0,0,15044363,15044363,3033
125238,452,559,1167,2,0,11200,0,0,0,15045503,15045503,3033
125254,452,595,1167,2,0,11200,0,0,0,15046591,15046591,3033
125269,452,645,1167,2,0,11200,0,0,0,15047657,15047657,3033
125285,452,675,1167,2,0,11200,0,0,0,15048738,15048738,3033
125300,452,702,1167,2,0,11200,0,0,0,15049669,15049669,3033
125316,452,730,1167,2,0,11200,0,0,0,15050338,15050338,3033
125331,452,767,1167,2,0,11200,0,0,0,15051131,15051131,3033
125347,452,790,1167,2,0,11200,0,0,0,15052002,15052002,3033
125363,452,841,1167,2,0,11200,0,0,0,15052901,15052901,3033
125378,452,877,1167,2,0,11200,0,0,0,15053836,15053836,3033
125394,452,914,1167,2,0,11200,0,0,0,15054805,15054805,3033
125410,452,948,1167,2,0,11200,0,0,0,15055755,15055755,3033
125427,452,972,1167,2,0,11200,0,0,0,15056788,15056788,3033
125443,452,1003,1167,2,0,11200,0,0,0,15057756,15057756,3033
125458,452,1039,1167,2,0,11200,0,0,0,15058762,15058762,3033
125474,453,1081,1167,2,0,11200,0,0,0,15059748,15059748,3033
125491,453,1104,1167,2,0,11200,0,0,0,15060602,15060602,3033
125506,453,1127,1167,2,0,11200,0,0,0,15061535,15061535,3033
125521,453,1148,1167,2,0,11200,0,0,0,15062411,15062411,3033
125537,453,11,1167,1,0,11200,0,0,0,15063496,15063496,3033
125552,453,42,1167,1,0,11200,0,0,0,15064683,15064683,3033
125568,453,101,1167,1,0,11200,0,0,0,15065678,15065678,3033
125584,453,125,1167,1,0,11200,0,0,0,15066875,15066875,3033
125600,453,148,1167,1,0,11200,0,0,0,15068094,15068094,3033
125615,453,178,1167,1,0,11200,0,0,0,15069195,15069195,3033
125631,453,200,1167,1,0,11200,0,0,0,15070175,15070175,3033
125646,453,222,1167,1,0,11200,0,0,0,15071155,15071155,3033
125661,453,245,1167,1,0,11200,0,0,0,15072308,15072308,3033
125676,453,278,1167,1,0,11200,0,0,0,15073227,15073227,3033
125691,453,314,1167,1,0,11200,0,0,0,15074176,15074176,3033
125707,453,345,1167,1,0,11200,0,0,0,15075234,15075234,3033
125723,453,385,1167,1,0,11200,0,0,0,15076253,15076253,3033
125739,453,431,1167,1,0,11200,0,0,0,15077119,15077119,3033
125754,453,461,1167,1,0,11200,0,0,0,15078154,15078154,3033
125769,453,493,1167,1,0,11200,0,0,0,15079195,15079195,3033
125784,453,522,1167,1,0,11200,0,0,0,15080142,15080142,3033
125800,453,553,1167,1,0,11200,0,0,0,15081269,15081269,3033
125815,453,587,1167,1,0,11200,0,0,0,15082184,15082184,3033
125831,453,626,1167,1,0,11200,0,0,0,15083114,15083114,3033
125846,453,669,1167,1,0,11200,0,0,0,15084095,15084095,3033
125862,453,706,1167,1,0,11200,0,0,0,15085013,15085013,3033
125878,453,731,1167,1,0,11200,0,0,0,15085712,15085712,3033
125893,453,770,1167,1,0,11200,0,0,0,15086622,15086622,3033
125908,453,787,1167,1,0,11200,0,0,0,15087360,15087360,3033
125924,453,832,1167,1,0,11200,0,0,0,15088317,15088317,3033
125940,453,856,1167,1,0,11200,0,0,0,15089266,15089266,3033
125956,453,898,1167,1,0,11200,0,0,0,15090197,15090197,3033
125972,453,931,1167,1,0,11200,0,0,0,15090967,15090967,3033
125987,453,964,1167,1,0,11200,0,0,0,15091936,15091936,3033
126003,453,992,1167,1,0,11200,0,0,0,15092942,15092942,3033
126018,453,1017,1167,1,0,11200,0,0,0,15093867,15093867,3033
126034,453,1052,1167,1,0,11200,0,0,0,15094816,15094816,3033
126050,454,1081,1167,1,0,11200,0,0,0,15095793,15095793,3033
126065,454,1113,1167,1,0,11200,0,0,0,15096701,15096701,3033
126081,454,1131,1167,1,0,11200,0,0,0,15097643,15097643,3033
126097,454,1151,1167,1,0,11200,0,0,0,15098603,15098603,3033
126112,454,13,1167,1,0,11200,0,0,0,15099668,15099668,3033
126127,454,44,1167,1,0,11200,0,0,0,15100726,15100726,3033
126143,454,101,1167,1,0,11200,0,0,0,15101636,15101636,3033
126158,454,128,1167,1,0,11200,0,0,0,15102786,15102786,3033
126174,454,158,1168,2,0,11200,0,0,0,15103881,15103881,3033
126190,454,188,1168,2,0,11200,0,0,0,15104967,15104967,3033
126206,454,214,1168,2,0,11200,0,0,0,15106083,15106083,3033
126222,454,234,1168,2,0,11200,0,0,0,15107084,15107084,3033
126237,454,269,1168,2,0,11200,0,0,0,15108280,15108280,3033
126252,454,300,1168,2,0,11200,0,0,0,15109340,15109340,3033
126268,454,333,1168,2,0,11200,0,0,0,15110425,15110425,3033
126284,454,384,1168,2,0,11200,0,0,0,15111470,15111470,3033
126299,454,438,1168,2,0,11200,0,0,0,15112470,15112470,3033
126314,454,469,1168,2,0,11200,0,0,0,15113560,15113560,3033
126330,454,488,1168,2,0,11200,0,0,0,15114605,15114605,3033
126346,454,508,1168,2,0,11200,0,0,0,15115597,15115597,3033
126362,454,538,1168,2,0,11200,0,0,0,15116672,15116672,3033
126377,454,587,1168,2,0,11200,0,0,0,15117655,15117655,3033
126392,454,631,1168,2,0,11200,0,0,0,15118506,15118506,3033
126408,454,669,1168,2,0,11200,0,0,0,15119522,15119522,3033
126424,454,695,1168,2,0,11200,0,0,0,15120470,15120470,3033
126439,454,719,1168,2,0,11200,0,0,0,15121169,15121169,3033
126454,454,755,1168,2,0,11200,0,0,0,15122021,15122021,3033
126471,454,777,1168,2,0,11200,0,0,0,15122858,15122858,3033
126487,454,800,1168,2,0,11200,0,0,0,15123658,15123658,3033
126502,454,845,1168,2,0,11200,0,0,0,15124597,15124597,3033
126518,454,890,1168,2,0,11200,0,0,0,15125435,15125435,3033
126533,454,927,1168,2,0,11200,0,0,0,15126341,15126341,3033
126548,454,956,1168,2,0,11200,0,0,0,15127091,15127091,3033
126564,454,987,1168,2,0,11200,0,0,0,15128018,15128018,3033
126579,454,1017,1168,2,0,11200,0,0,0,15128974,15128974,3033
126594,454,1049,1168,2,0,11200,0,0,0,15129922,15129922,3033
126610,455,1082,1168,2,0,11200,0,0,0,15130835,15130835,3033
126626,455,1112,1168,2,0,11200,0,0,0,15131649,15131649,3033
126642,455,1146,1168,2,0,11200,0,0,0,15132658,15132658,3033
126658,455,8,1168,2,0,11200,0,0,0,15133784,15133784,3033
126673,455,31,1168,2,0,11200,0,0,0,15134964,15134964,3033
126689,455,84,1168,2,0,11200,0,0,0,15135926,15135926,3033
126704,455,118,1168,2,0,11200,0,0,0,15136937,15136937,3033
126719,455,167,1168,2,0,11200,0,0,0,15138161,15138161,3033
126735,455,190,1168,2,0,11200,0,0,0,15139121,15139121,3033
126750,455,216,1168,2,0,11200,0,0,0,15140176,15140176,3033
126765,455,237,1168,2,0,11200,0,0,0,15141122,15141122,3033
126780,455,271,1168,2,0,11200,0,0,0,15142151,15142151,3033
126797,455,304,1168,2,0,11200,0,0,0,15143317,15143317,3033
126813,455,337,1168,2,0,11200,0,0,0,15144272,15144272,3033
126828,455,378,1168,2,0,11200,0,0,0,15145278,15145278,3033
126844,455,431,1168,2,0,11200,0,0,0,15146327,15146327,3033
126859,455,469,1168,2,0,11200,0,0,0,15147307,15147307,3033
126874,455,491,1168,2,0,11200,0,0,0,15148307,15148307,3033
126890,455,516,1168,2,0,11200,0,0,0,15149219,15149219,3033
126905,455,545,1168,2,0,11200,0,0,0,15150164,15150164,3033
126920,455,584,1168,2,0,11200,0,0,0,15151081,15151081,3033
126935,455,633,1168,2,0,11200,0,0,0,15152060,15152060,3033
126951,455,661,1168,2,0,11200,0,0,0,15152953,15152953,3033
126966,455,685,1168,2,0,11200,0,0,0,15153890,15153890,3033
126981,455,706,1168,2,0,11200,0,0,0,15154659,15154659,3033
126996,455,746,1168,2,0,11200,0,0,0,15155424,15155424,3033
127013,455,774,1168,2,0,11200,0,0,0,15156288,15156288,3033
127030,455,805,1168,2,0,11200,0,0,0,15157263,15157263,3033
127045,455,856,1168,2,0,11200,0,0,0,15158256,15158256,3033
127061,455,883,1168,2,0,11200,0,0,0,15159193,15159193,3033
127076,455,926,1168,2,0,11200,0,0,0,15159994,15159994,3033
127092,455,955,1168,2,0,11200,0,0,0,15160835,15160835,3033
127107,455,990,1168,2,0,11200,0,0,0,15161824,15161824,3033
127124,455,1017,1168,2,0,11200,0,0,0,15162847,15162847,3033
127139,455,1056,1168,2,0,11200,0,0,0,15163766,15163766,3033
127156,456,1098,1168,2,0,11200,0,0,0,15164782,15164782,3033
127171,456,1124,1168,2,0,11200,0,0,0,15165747,15165747,3033
127187,456,1153,1168,2,0,11200,0,0,0,15166706,15166706,3033
127202,456,14,1168,2,0,11200,0,0,0,15167673,15167673,3033
127217,456,78,1168,2,0,11200,0,0,0,15168748,15168748,3033
127232,456,118,1168,2,0,11200,0,0,0,15169724,15169724,3033
127248,456,145,1168,2,0,11200,0,0,0,15170883,15170883,3033
127264,456,170,1168,2,0,11200,0,0,0,15171970,15171970,3033
127279,456,190,1168,2,0,11200,0,0,0,15172974,15172974,3033
127295,456,217,1168,2,0,11200,0,0,0,15173981,15173981,3033
127310,456,245,1168,2,0,11200,0,0,0,15175017,15175017,3033
127326,456,271,1168,2,0,11200,0,0,0,15176059,15176059,3033
127342,456,300,1168,2,0,11200,0,0,0,15177078,15177078,3033
127357,456,330,1168,2,0,11200,0,0,0,15177959,15177959,3033
127372,456,365,1168,2,0,11200,0,0,0,15179033,15179033,3033
127388,456,403,1168,2,0,11200,0,0,0,15180023,15180023,3033
127403,456,446,1168,2,0,11200,0,0,0,15181093,15181093,3033
127419,456,475,1168,2,0,11200,0,0,0,15182078,15182078,3033
127434,456,494,1168,2,0,11200,0,0,0,15183090,15183090,3033
127450,456,522,1168,2,0,11200,0,0,0,15184086,15184086,3033
127466,456,556,1168,2,0,11200,0,0,0,15185067,15185067,3033
127481,456,595,1168,2,0,11200,0,0,0,15186015,15186015,3033
127497,456,633,1168,2,0,11200,0,0,0,15186935,15186935,3033
127513,456,667,1168,2,0,11200,0,0,0,15187937,15187937,3033
127529,456,698,1168,2,0,11200,0,0,0,15188888,15188888,3033
127544,456,719,1168,2,0,11200,0,0,0,15189580,15189580,3033
127560,456,748,1168,2,0,11200,0,0,0,15190305,15190305,3033
127575,456,784,1168,2,0,11200,0,0,0,15191220,15191220,3033
127590,456,821,1168,2,0,11200,0,0,0,15191976,15191976,3033
127606,456,853,1168,2,0,11200,0,0,0,15192922,15192922,3033
127621,456,891,1168,2,0,11200,0,0,0,15193913,15193913,3033
127637,456,917,1168,2,0,11200,0,0,0,15194767,15194767,3033
127653,456,951,1168,2,0,11200,0,0,0,15195729,15195729,3033
127669,456,983,1168,2,0,11200,0,0,0,15196785,15196785,3033
127684,456,1017,1168,2,0,11200,0,0,0,15197805,15197805,3033
127701,456,1052,1168,2,0,11200,0,0,0,15198907,15198907,3033
127716,457,1087,1168,2,0,11200,0,0,0,15199942,15199942,3033
127732,457,1116,1168,2,0,11200,0,0,0,15200943,15200943,3033
127748,457,1138,1168,2,0,11200,0,0,0,15201888,15201888,3033
127763,457,1158,1168,2,0,11200,0,0,0,15202878,15202878,3033
127778,457,14,1168,2,0,11200,0,0,0,15203978,15203978,3033
127794,457,78,1168,2,0,11200,0,0,0,15205081,15205081,3033
127809,457,114,1168,2,0,11200,0,0,0,15206103,15206103,3033
127824,457,152,1168,2,0,11200,0,0,0,15207349,15207349,3033
127840,457,184,1168,2,0,11200,0,0,0,15208389,15208389,3033
127856,457,210,1168,2,0,11200,0,0,0,15209445,15209445,3033
127871,457,230,1168,2,0,11200,0,0,0,15210402,15210402,3033
127887,457,254,1168,2,0,11200,0,0,0,15211499,15211499,3033
127902,457,279,1168,2,0,11200,0,0,0,15212435,15212435,3033
127918,457,306,1168,2,0,11200,0,0,0,15213465,15213465,3033
127933,457,345,1168,2,0,11200,0,0,0,15214397,15214397,3033
127949,457,368,1168,2,0,11200,0,0,0,15215467,15215467,3033
127964,457,418,1168,2,0,11200,0,0,0,15216453,15216453,3033
127979,457,460,1168,2,0,11200,0,0,0,15217376,15217376,3033
127995,457,486,1168,2,0,11200,0,0,0,15218291,15218291,3033
128012,457,506,1168,2,0,11200,0,0,0,15219346,15219346,3033
128028,457,530,1168,2,0,11200,0,0,0,15220346,15220346,3033
128044,457,563,1168,2,0,11200,0,0,0,15221233,15221233,3033
128059,457,609,1168,2,0,11200,0,0,0,15222127,15222127,3033
128074,457,650,1168,2,0,11200,0,0,0,15223055,15223055,3033
128089,457,683,1168,2,0,11200,0,0,0,15224030,15224030,3033
128105,457,703,1168,2,0,11200,0,0,0,15224824,15224824,3033
128120,457,741,1168,2,0,11200,0,0,0,15225590,15225590,3033
128135,457,773,1168,2,0,11200,0,0,0,15226504,15226504,3033
128151,457,796,1168,2,0,11200,0,0,0,15227277,15227277,3033
128166,457,839,1168,2,0,11200,0,0,0,15228019,15228019,3033
128181,457,875,1168,2,0,11200,0,0,0,15228946,15228946,3033
128197,457,903,1168,2,0,11200,0,0,0,15229870,15229870,3033
128212,457,941,1168,2,0,11200,0,0,0,15230788,15230788,3033
128227,457,971,1168,2,0,11200,0,0,0,15231717,15231717,3033
128242,457,998,1168,2,0,11200,0,0,0,15232640,15232640,3033
128258,457,1033,1168,2,0,11200,0,0,0,15233690,15233690,3033
128273,458,1068,1168,2,0,11200,0,0,0,15234600,15234600,3033
128290,458,1089,1168,2,0,11200,0,0,0,15235560,15235560,3033
128305,458,1115,1168,2,0,11200,0,0,0,15236491,15236491,3033
128322,458,1144,1168,2,0,11200,0,0,0,15237451,15237451,3033
128338,458,1164,1168,2,0,11200,0,0,0,15238469,15238469,3033
128354,458,24,1168,2,0,11200,0,0,0,15239740,15239740,3033
128369,458,78,1168,2,0,11200,0,0,0,15240646,15240646,3033
128384,458,123,1168,2,0,11200,0,0,0,15241761,15241761,3033
128399,458,153,1168,2,0,11200,0,0,0,15242892,15242892,3033
128415,458,178,1168,2,0,11200,0,0,0,15244058,15244058,3033
128431,458,206,1168,2,0,11200,0,0,0,15245107,15245107,3033
128447,458,225,1168,2,0,11200,0,0,0,15246069,15246069,3033
128462,458,252,1168,2,0,11200,0,0,0,15247140,15247140,3033
128477,458,277,1168,2,0,11200,0,0,0,15248224,15248224,3033
128493,458,311,1168,2,0,11200,0,0,0,15249263,15249263,3033
128509,458,344,1168,2,0,11200,0,0,0,15250238,15250238,3033
128525,458,385,1168,2,0,11200,0,0,0,15251248,15251248,3033
128541,458,418,1168,2,0,11200,0,0,0,15252090,15252090,3033
128556,458,457,1168,2,0,11200,0,0,0,15253070,15253070,3033
128572,458,487,1168,2,0,11200,0,0,0,15254063,15254063,3033
128587,458,508,1168,2,0,11200,0,0,0,15254984,15254984,3033
128602,458,536,1168,2,0,11200,0,0,0,15255943,15255943,3033
128618,458,561,1168,2,0,11200,0,0,0,15256952,15256952,3033
128633,458,608,1168,2,0,11200,0,0,0,15257930,15257930,3033
128649,458,634,1168,2,0,11200,0,0,0,15258904,15258904,3033
128664,458,665,1168,2,0,11200,0,0,0,15259904,15259904,3033
128680,458,694,1168,2,0,11200,0,0,0,15260809,15260809,3033
128696,458,713,1168,2,0,11200,0,0,0,15261527,15261527,3033
128712,458,732,1168,2,0,11200,0,0,0,15262269,15262269,3033
128727,458,772,1168,2,0,11200,0,0,0,15263206,15263206,3033
128742,458,787,1168,2,0,11200,0,0,0,15263959,15263959,3033
128759,458,832,1168,2,0,11200,0,0,0,15264910,15264910,3033
128775,458,859,1168,2,0,11200,0,0,0,15265894,15265894,3033
128790,458,898,1168,2,0,11200,0,0,0,15266846,15266846,3033
128805,458,931,1168,2,0,11200,0,0,0,15267711,15267711,3033
128821,458,966,1168,2,0,11200,0,0,0,15268737,15268737,3033
128837,458,993,1168,2,0,11200,0,0,0,15269676,15269676,3033
128852,458,1017,1168,2,0,11200,0,0,0,15270607,15270607,3033
128867,458,1060,1168,2,0,11200,0,0,0,15271560,15271560,3033
128883,459,1083,1168,2,0,11200,0,0,0,15272596,15272596,3033
128899,459,1111,1168,2,0,11200,0,0,0,15273476,15273476,3033
128914,459,1142,1168,2,0,11200,0,0,0,15274432,15274432,3033
128930,459,1,1168,2,0,11200,0,0,0,15275428,15275428,3033
128946,459,39,1168,2,0,11200,0,0,0,15276701,15276701,3033
128961,459,110,1168,2,0,11200,0,0,0,15277752,15277752,3033
128977,459,133,1168,2,0,11200,0,0,0,15278915,15278915,3033
128992,459,165,1168,2,0,11200,0,0,0,15280067,15280067,3033
129008,459,186,1168,2,0,11200,0,0,0,15281106,15281106,3033
129023,459,215,1168,2,0,11200,0,0,0,15282138,15282138,3033
129039,459,234,1168,2,0,11200,0,0,0,15283304,15283304,3033
129055,459,269,1168,2,0,11200,0,0,0,15284300,15284300,3033
129070,459,294,1168,2,0,11200,0,0,0,15285332,15285332,3033
129086,459,329,1168,2,0,11200,0,0,0,15286283,15286283,3033
129101,459,355,1168,2,0,11200,0,0,0,15287203,15287203,3033
129116,459,399,1168,2,0,11200,0,0,0,15288161,15288161,3033
129132,459,440,1168,2,0,11200,0,0,0,15289241,15289241,3033
129148,459,471,1168,2,0,11200,0,0,0,15290237,15290237,3033
129164,459,501,1168,2,0,11200,0,0,0,15291187,15291187,3033
129179,459,527,1168,2,0,11200,0,0,0,15292202,15292202,3033
129196,459,546,1168,2,0,11200,0,0,0,15293255,15293255,3033
129211,459,584,1168,2,0,11200,0,0,0,15294197,15294197,3033
129227,459,616,1168,2,0,11200,0,0,0,15295092,15295092,3033
129242,459,646,1168,2,0,11200,0,0,0,15295992,15295992,3033
129257,459,681,1168,2,0,11200,0,0,0,15296919,15296919,3033
129272,459,706,1168,2,0,11200,0,0,0,15297781,15297781,3033
129288,459,741,1168,2,0,11200,0,0,0,15298495,15298495,3033
129304,459,775,1168,2,0,11200,0,0,0,15299436,15299436,3033
129319,459,796,1168,2,0,11200,0,0,0,15300174,15300174,3033
129334,459,840,1168,2,0,11200,0,0,0,15300915,15300915,3033
129350,459,891,1168,2,0,11200,0,0,0,15301948,15301948,3033
129366,459,928,1168,2,0,11200,0,0,0,15302811,15302811,3033
129383,459,961,1168,2,0,11200,0,0,0,15303828,15303828,3033
129398,459,987,1168,2,0,11200,0,0,0,15304829,15304829,3033
129414,459,1016,1168,2,0,11200,0,0,0,15305819,15305819,3033
129430,459,1051,1168,2,0,11200,0,0,0,15306843,15306843,3033
129445,460,1083,1168,2,0,11200,0,0,0,15307832,15307832,3033
129460,460,1113,1168,2,0,11200,0,0,0,15308863,15308863,3033
129476,460,1141,1168,2,0,11200,0,0,0,15309899,15309899,3033
129492,460,1159,1168,2,0,11200,0,0,0,15310865,15310865,3033
129507,460,17,1168,2,0,11200,0,0,0,15312042,15312042,3033
129524,460,83,1168,2,0,11200,0,0,0,15313213,15313213,3033
129539,460,114,1168,2,0,11200,0,0,0,15314189,15314189,3033
129555,460,152,1168,2,0,11200,0,0,0,15315369,15315369,3033
129571,460,178,1168,2,0,11200,0,0,0,15316470,15316470,3033
129587,460,202,1168,2,0,11200,0,0,0,15317405,15317405,3033
129602,460,221,1168,2,0,11200,0,0,0,15318412,15318412,3033
129618,460,244,1168,2,0,11200,0,0,0,15319504,15319504,3033
129633,460,287,1168,2,0,11200,0,0,0,15320538,15320538,3033
129649,460,327,1168,2,0,11200,0,0,0,15321555,15321555,3033
129665,460,356,1168,2,0,11200,0,0,0,15322531,15322531,3033
129680,460,391,1168,2,0,11200,0,0,0,15323492,15323492,3033
129696,460,438,1168,2,0,11200,0,0,0,15324390,15324390,3033
129712,460,475,1168,2,0,11200,0,0,0,15325430,15325430,3033
129728,460,500,1168,2,0,11200,0,0,0,15326426,15326426,3033
129744,460,527,1168,2,0,11200,0,0,0,15327322,15327322,3033
129761,460,567,1168,2,0,11200,0,0,0,15328479,15328479,3033
129776,460,613,1168,2,0,11200,0,0,0,15329452,15329452,3033
129792,460,651,1168,2,0,11200,0,0,0,15330407,15330407,3033
129807,460,683,1168,2,0,11200,0,0,0,15331458,15331458,3033
129822,460,708,1168,2,0,11200,0,0,0,15332326,15332326,3033
129839,460,741,1168,2,0,11200,0,0,0,15333046,15333046,3033
129856,460,774,1168,2,0,11200,0,0,0,15333969,15333969,3033
129872,460,797,1168,2,0,11200,0,0,0,15334817,15334817,3033
129888,460,848,1168,2,0,11200,0,0,0,15335751,15335751,3033
129904,460,881,1168,2,0,11200,0,0,0,15336672,15336672,3033
129920,460,915,1168,2,0,11200,0,0,0,15337605,15337605,3033
129936,460,955,1168,2,0,11200,0,0,0,15338540,15338540,3033
129951,460,983,1168,2,0,11200,0,0,0,15339478,15339478,3033
129967,460,1012,1168,2,0,11200,0,0,0,15340399,15340399,3033
129982,460,1057,1168,2,0,11200,0,0,0,15341367,15341367,3033
129998,461,1085,1168,2,0,11200,0,0,0,15342230,15342230,3033
130013,461,1124,1168,2,0,11200,0,0,0,15343273,15343273,3033
130029,461,1150,1168,2,0,11200,0,0,0,15344236,15344236,3033
130045,461,7,1168,2,0,11200,0,0,0,15345267,15345267,3033
130061,461,39,1168,2,0,11200,0,0,0,15346486,15346486,3033
130077,461,90,1168,2,0,11200,0,0,0,15347452,15347452,3033
130093,461,127,1168,2,0,11200,0,0,0,15348561,15348561,3033
130108,461,150,1168,2,0,11200,0,0,0,15349602,15349602,3033
130123,461,178,1168,2,0,11200,0,0,0,15350637,15350637,3033
130139,461,208,1168,2,0,11200,0,0,0,15351749,15351749,3033
130155,461,225,1168,2,0,11200,0,0,0,15352768,15352768,3033
130170,461,252,1168,2,0,11200,0,0,0,15353789,15353789,3033
130185,461,288,1168,2,0,11200,0,0,0,15354778,15354778,3033
130200,461,311,1168,2,0,11200,0,0,0,15355732,15355732,3033
130216,461,338,1168,2,0,11200,0,0,0,15356806,15356806,3033
130232,461,383,1168,2,0,11200,0,0,0,15357934,15357934,3033
130247,461,412,1168,2,0,11200,0,0,0,15358913,15358913,3033
130262,461,452,1168,2,0,11200,0,0,0,15359901,15359901,3033
130277,461,482,1168,2,0,11200,0,0,0,15360969,15360969,3033
130293,461,508,1168,2,0,11200,0,0,0,15361952,15361952,3033
130308,461,540,1168,2,0,11200,0,0,0,15362973,15362973,3033
130324,461,573,1168,2,0,11200,0,0,0,15363827,15363827,3033
130339,461,613,1168,2,0,11200,0,0,0,15364892,15364892,3033
130355,461,654,1168,2,0,11200,0,0,0,15365908,15365908,3033
130370,461,688,1168,2,0,11200,0,0,0,15366912,15366912,3033
130386,461,716,1168,2,0,11200,0,0,0,15367809,15367809,3033
130403,461,739,1168,2,0,11200,0,0,0,15368531,15368531,3033
130419,461,772,1168,2,0,11200,0,0,0,15369391,15369391,3033
130434,461,785,1168,2,0,11200,0,0,0,15370154,15370154,3033
130449,461,837,1168,2,0,11200,0,0,0,15371000,15371000,3033
130465,461,877,1168,2,0,11200,0,0,0,15371953,15371953,3033
130480,461,913,1168,2,0,11200,0,0,0,15372834,15372834,3033
130496,461,949,1168,2,0,11200,0,0,0,15373714,15373714,3033
130512,461,983,1168,2,0,11200,0,0,0,15374710,15374710,3033
130527,461,1018,1168,2,0,11200,0,0,0,15375776,15375776,3033
130542,461,1049,1168,2,0,11200,0,0,0,15376732,15376732,3033
130558,462,1083,1168,2,0,11200,0,0,0,15377636,15377636,3033
130573,462,1115,1168,2,0,11200,0,0,0,15378536,15378536,3033
130590,462,1143,1169,3,0,11200,0,0,0,15379621,15379621,3033
130605,462,1163,1169,3,0,11200,0,0,0,15380559,15380559,3033
130620,462,19,1169,3,0,11200,0,0,0,15381659,15381659,3033
130636,462,83,1169,3,0,11200,0,0,0,15382664,15382664,3033
130652,462,114,1169,3,0,11200,0,0,0,15383712,15383712,3033
130667,462,147,1169,3,0,11200,0,0,0,15384905,15384905,3033
130682,462,171,1169,3,0,11200,0,0,0,15386012,15386012,3033
130697,462,198,1169,3,0,11200,0,0,0,15386952,15386952,3033
130713,462,223,1169,3,0,11200,0,0,0,15387976,15387976,3033
130728,462,255,1169,3,0,11200,0,0,0,15389100,15389100,3033
130745,462,282,1169,3,0,11200,0,0,0,15390135,15390135,3033
130761,462,313,1169,3,0,11200,0,0,0,15391132,15391132,3033
130777,462,345,1169,3,0,11200,0,0,0,15392183,15392183,3033
130793,462,399,1169,3,0,11200,0,0,0,15393267,15393267,3033
130808,462,446,1169,3,0,11200,0,0,0,15394268,15394268,3033
130825,462,478,1169,3,0,11200,0,0,0,15395232,15395232,3033
130840,462,500,1169,3,0,11200,0,0,0,15396190,15396190,3033
130856,462,525,1169,3,0,11200,0,0,0,15397187,15397187,3033
130871,462,555,1169,3,0,11200,0,0,0,15398209,15398209,3033
130886,462,581,1169,3,0,11200,0,0,0,15399141,15399141,3033
130902,462,612,1169,3,0,11200,0,0,0,15400125,15400125,3033
130917,462,652,1169,3,0,11200,0,0,0,15401056,15401056,3033
130932,462,686,1169,3,0,11200,0,0,0,15402079,15402079,3033
130948,462,708,1169,3,0,11200,0,0,0,15402960,15402960,3033
130964,462,741,1169,3,0,11200,0,0,0,15403638,15403638,3033
130980,462,773,1169,3,0,11200,0,0,0,15404507,15404507,3033
130995,462,794,1169,3,0,11200,0,0,0,15405355,15405355,3033
131011,462,845,1169,3,0,11200,0,0,0,15406361,15406361,3033
131026,462,888,1169,3,0,11200,0,0,0,15407375,15407375,3033
131042,462,914,1169,3,0,11200,0,0,0,15408265,15408265,3033
131057,462,945,1169,3,0,11200,0,0,0,15409055,15409055,3033
131072,462,971,1169,3,0,11200,0,0,0,15410073,15410073,3033
131088,462,1002,1169,3,0,11200,0,0,0,15411137,15411137,3033
131104,462,1028,1169,3,0,11200,0,0,0,15412152,15412152,3033
131120,463,1073,1169,3,0,11200,0,0,0,15413127,15413127,3033
131136,463,1106,1169,3,0,11200,0,0,0,15414122,15414122,3033
131151,463,1130,1169,3,0,11200,0,0,0,15415108,15415108,3033
131167,463,1150,1169,3,0,11200,0,0,0,15416079,15416079,3033
131182,463,14,1169,3,0,11200,0,0,0,15417035,15417035,3033
131198,463,47,1169,3,0,11200,0,0,0,15418201,15418201,3033
131213,463,101,1169,3,0,11200,0,0,0,15419045,15419045,3033
131229,463,136,1169,3,0,11200,0,0,0,15420236,15420236,3033
131244,463,168,1169,3,0,11200,0,0,0,15421415,15421415,3033
131261,463,191,1169,3,0,11200,0,0,0,15422467,15422467,3033
131276,463,213,1169,3,0,11200,0,0,0,15423450,15423450,3033
131291,463,233,1169,3,0,11200,0,0,0,15424553,15424553,3033
131307,463,264,1169,3,0,11200,0,0,0,15425568,15425568,3033
131322,463,287,1169,3,0,11200,0,0,0,15426446,15426446,3033
131337,463,313,1169,3,0,11200,0,0,0,15427390,15427390,3033
131353,463,338,1169,3,0,11200,0,0,0,15428369,15428369,3033
131368,463,381,1169,3,0,11200,0,0,0,15429408,15429408,3033
131384,463,436,1169,3,0,11200,0,0,0,15430384,15430384,3033
131401,463,465,1169,3,0,11200,0,0,0,15431472,15431472,3033
131416,463,486,1169,3,0,11200,0,0,0,15432464,15432464,3033
131432,463,513,1169,3,0,11200,0,0,0,15433398,15433398,3033
131448,463,543,1169,3,0,11200,0,0,0,15434397,15434397,3033
131464,463,584,1169,3,0,11200,0,0,0,15435372,15435372,3033
131479,463,638,1169,3,0,11200,0,0,0,15436334,15436334,3033
131496,463,675,1169,3,0,11200,0,0,0,15437382,15437382,3033
131511,463,700,1169,3,0,11200,0,0,0,15438291,15438291,3033
131527,463,722,1169,3,0,11200,0,0,0,15438962,15438962,3033
131542,463,755,1169,3,0,11200,0,0,0,15439786,15439786,3033
131558,463,779,1169,3,0,11200,0,0,0,15440539,15440539,3033
131573,463,813,1169,3,0,11200,0,0,0,15441368,15441368,3033
131590,463,856,1169,3,0,11200,0,0,0,15442369,15442369,3033
131605,463,890,1169,3,0,11200,0,0,0,15443305,15443305,3033
131620,463,918,1169,3,0,11200,0,0,0,15444157,15444157,3033
131635,463,948,1169,3,0,11200,0,0,0,15445095,15445095,3033
131652,463,992,1169,3,0,11200,0,0,0,15446142,15446142,3033
131668,463,1019,1169,3,0,11200,0,0,0,15447084,15447084,3033
131683,463,1057,1169,3,0,11200,0,0,0,15447956,15447956,3033
131699,464,1088,1169,3,0,11200,0,0,0,15448996,15448996,3033
131716,464,1112,1169,3,0,11200,0,0,0,15449977,15449977,3033
131732,464,1145,1169,3,0,11200,0,0,0,15450990,15450990,3033
131748,464,7,1169,3,0,11200,0,0,0,15451958,15451958,3033
131763,464,28,1169,3,0,11200,0,0,0,15453171,15453171,3033
131778,464,109,1169,3,0,11200,0,0,0,15454077,15454077,3033
131793,464,135,1169,3,0,11200,0,0,0,15455175,15455175,3033
131809,464,167,1169,3,0,11200,0,0,0,15456350,15456350,3033
131825,464,188,1169,3,0,11200,0,0,0,15457422,15457422,3033
131840,464,213,1169,3,0,11200,0,0,0,15458453,15458453,3033
131856,464,230,1169,3,0,11200,0,0,0,15459462,15459462,3033
131871,464,266,1169,3,0,11200,0,0,0,15460555,15460555,3033
131886,464,290,1169,3,0,11200,0,0,0,15461499,15461499,3033
131902,464,324,1169,3,0,11200,0,0,0,15462555,15462555,3033
131918,464,345,1169,3,0,11200,0,0,0,15463536,15463536,3033
131934,464,385,1169,3,0,11200,0,0,0,15464556,15464556,3033
131949,464,423,1169,3,0,11200,0,0,0,15465494,15465494,3033
131964,464,447,1169,3,0,11200,0,0,0,15466452,15466452,3033
131979,464,477,1169,3,0,11200,0,0,0,15467315,15467315,3033
131996,464,497,1169,3,0,11200,0,0,0,15468365,15468365,3033
132012,464,527,1169,3,0,11200,0,0,0,15469436,15469436,3033
132028,464,560,1169,3,0,11200,0,0,0,15470516,15470516,3033
132044,464,612,1169,3,0,11200,0,0,0,15471474,15471474,3033
132060,464,646,1169,3,0,11200,0,0,0,15472426,15472426,3033
132075,464,681,1169,3,0,11200,0,0,0,15473441,15473441,3033
132091,464,707,1169,3,0,11200,0,0,0,15474227,15474227,3033
132109,464,732,1169,3,0,11200,0,0,0,15474999,15474999,3033
132125,464,751,1169,3,0,11200,0,0,0,15475865,15475865,3033
132140,464,784,1169,3,0,11200,0,0,0,15476687,15476687,3033
132156,464,826,1169,3,0,11200,0,0,0,15477594,15477594,3033
132172,464,853,1169,3,0,11200,0,0,0,15478450,15478450,3033
132188,464,897,1169,3,0,11200,0,0,0,15479391,15479391,3033
132204,464,927,1169,3,0,11200,0,0,0,15480200,15480200,3033
132221,464,962,1169,3,0,11200,0,0,0,15481218,15481218,3033
132236,464,998,1169,3,0,11200,0,0,0,15482214,15482214,3033
132252,464,1039,1169,3,0,11200,0,0,0,15483303,15483303,3033
132268,465,1068,1169,3,0,11200,0,0,0,15484197,15484197,3033
132284,465,1103,1169,3,0,11200,0,0,0,15485159,15485159,3033
132300,465,1136,1169,3,0,11200,0,0,0,15486180,15486180,3033
132316,465,1153,1169,3,0,11200,0,0,0,15487177,15487177,3033
132332,465,13,1169,3,0,11200,0,0,0,15488268,15488268,3033
132347,465,39,1169,3,0,11200,0,0,0,15489534,15489534,3033
132362,465,95,1169,3,0,11200,0,0,0,15490473,15490473,3033
132377,465,123,1169,3,0,11200,0,0,0,15491516,15491516,3033
132393,465,147,1169,3,0,11200,0,0,0,15492598,15492598,3033
132408,465,179,1169,3,0,11200,0,0,0,15493740,15493740,3033
132423,465,205,1169,3,0,11200,0,0,0,15494741,15494741,3033
132439,465,227,1169,3,0,11200,0,0,0,15495807,15495807,3033
132455,465,254,1169,3,0,11200,0,0,0,15496938,15496938,3033
132470,465,280,1169,3,0,11200,0,0,0,15497944,15497944,3033
132485,465,302,1169,3,0,11200,0,0,0,15498925,15498925,3033
132501,465,332,1169,3,0,11200,0,0,0,15499952,15499952,3033
132516,465,363,1169,3,0,11200,0,0,0,15500912,15500912,3033
132531,465,405,1169,3,0,11200,0,0,0,15501879,15501879,3033
132546,465,453,1169,3,0,11200,0,0,0,15502911,15502911,3033
132562,465,490,1169,3,0,11200,0,0,0,15504027,15504027,3033
132578,465,523,1169,3,0,11200,0,0,0,15504948,15504948,3033
132594,465,555,1169,3,0,11200,0,0,0,15505992,15505992,3033
132610,465,591,1169,3,0,11200,0,0,0,15506994,15506994,3033
132626,465,629,1169,3,0,11200,0,0,0,15507912,15507912,3033
132641,465,659,1169,3,0,11200,0,0,0,15508772,15508772,3033
132658,465,683,1169,3,0,11200,0,0,0,15509705,15509705,3033
132674,465,707,1169,3,0,11200,0,0,0,15510534,15510534,3033
132689,465,739,1169,3,0,11200,0,0,0,15511260,15511260,3033
132705,465,771,1169,3,0,11200,0,0,0,15512198,15512198,3033
132720,465,790,1169,3,0,11200,0,0,0,15512987,15512987,3033
132735,465,828,1169,3,0,11200,0,0,0,15513854,15513854,3033
132750,465,856,1169,3,0,11200,0,0,0,15514695,15514695,3033
132766,465,892,1169,3,0,11200,0,0,0,15515559,15515559,3033
132782,465,927,1169,3,0,11200,0,0,0,15516354,15516354,3033
132798,465,966,1169,3,0,11200,0,0,0,15517389,15517389,3033
132813,465,995,1169,3,0,11200,0,0,0,15518301,15518301,3033
132828,465,1024,1169,3,0,11200,0,0,0,15519326,15519326,3033
132844,465,1057,1169,3,0,11200,0,0,0,15520274,15520274,3033
132860,466,1086,1169,3,0,11200,0,0,0,15521180,15521180,3033
132876,466,1118,1169,3,0,11200,0,0,0,15522250,15522250,3033
132892,466,1144,1169,3,0,11200,0,0,0,15523218,15523218,3033
132908,466,1161,1169,3,0,11200,0,0,0,15524180,15524180,3033
132923,466,24,1169,3,0,11200,0,0,0,15525353,15525353,3033
132939,466,65,1169,3,0,11200,0,0,0,15526322,15526322,3033
132954,466,112,1169,3,0,11200,0,0,0,15527352,15527352,3033
132970,466,141,1169,3,0,11200,0,0,0,15528437,15528437,3033
132986,466,167,1169,3,0,11200,0,0,0,15529525,15529525,3033
133002,466,191,1169,3,0,11200,0,0,0,15530617,15530617,3033
133019,466,222,1169,3,0,11200,0,0,0,15531678,15531678,3033
133034,466,255,1169,3,0,11200,0,0,0,15532849,15532849,3033
133050,466,287,1169,3,0,11200,0,0,0,15533954,15533954,3033
133066,466,319,1169,3,0,11200,0,0,0,15534933,15534933,3033
133082,466,345,1169,3,0,11200,0,0,0,15535922,15535922,3033
133097,466,381,1169,3,0,11200,0,0,0,15536901,15536901,3033
133113,466,435,1169,3,0,11200,0,0,0,15537893,15537893,3033
133129,466,455,1169,3,0,11200,0,0,0,15538818,15538818,3033
133144,466,483,1169,3,0,11200,0,0,0,15539830,15539830,3033
133160,466,513,1169,3,0,11200,0,0,0,15540742,15540742,3033
133175,466,538,1169,3,0,11200,0,0,0,15541702,15541702,3033
133190,466,579,1169,3,0,11200,0,0,0,15542646,15542646,3033
133206,466,620,1169,3,0,11200,0,0,0,15543618,15543618,3033
133221,466,651,1169,3,0,11200,0,0,0,15544573,15544573,3033
133237,466,681,1169,3,0,11200,0,0,0,15545554,15545554,3033
133254,466,707,1169,3,0,11200,0,0,0,15546458,15546458,3033
133269,466,732,1169,3,0,11200,0,0,0,15547147,15547147,3033
133284,466,770,1169,3,0,11200,0,0,0,15548093,15548093,3033
133301,466,790,1169,3,0,11200,0,0,0,15548862,15548862,3033
133316,466,838,1169,3,0,11200,0,0,0,15549738,15549738,3033
133331,466,876,1169,3,0,11200,0,0,0,15550720,15550720,3033
133346,466,910,1169,3,0,11200,0,0,0,15551706,15551706,3033
133363,466,930,1169,3,0,11200,0,0,0,15552381,15552381,3033
133379,466,964,1169,3,0,11200,0,0,0,15553417,15553417,3033
133395,466,995,1169,3,0,11200,0,0,0,15554488,15554488,3033
133411,466,1020,1169,3,0,11200,0,0,0,15555501,15555501,3033
133426,466,1057,1169,3,0,11200,0,0,0,15556494,15556494,3033
133442,467,1081,1169,3,0,11200,0,0,0,15557434,15557434,3033
133457,467,1118,1169,3,0,11200,0,0,0,15558446,15558446,3033
133472,467,1138,1169,3,0,11200,0,0,0,15559408,15559408,3033
133488,467,1157,1169,3,0,11200,0,0,0,15560366,15560366,3033
133503,467,14,1169,3,0,11200,0,0,0,15561499,15561499,3033
133519,467,39,1169,3,0,11200,0,0,0,15562634,15562634,3033
133535,467,107,1169,3,0,11200,0,0,0,15563547,15563547,3033
133550,467,132,1169,3,0,11200,0,0,0,15564630,15564630,3033
133566,467,159,1169,3,0,11200,0,0,0,15565845,15565845,3033
133582,467,187,1169,3,0,11200,0,0,0,15566969,15566969,3033
133598,467,212,1169,3,0,11200,0,0,0,15567975,15567975,3033
133613,467,230,1169,3,0,11200,0,0,0,15569045,15569045,3033
133629,467,264,1169,3,0,11200,0,0,0,15570195,15570195,3033
133646,467,301,1169,3,0,11200,0,0,0,15571198,15571198,3033
133661,467,344,1169,3,0,11200,0,0,0,15572277,15572277,3033
133676,467,378,1169,3,0,11200,0,0,0,15573287,15573287,3033
133692,467,423,1169,3,0,11200,0,0,0,15574260,15574260,3033
133708,467,450,1169,3,0,11200,0,0,0,15575263,15575263,3033
133724,467,488,1169,3,0,11200,0,0,0,15576257,15576257,3033
133739,467,513,1169,3,0,11200,0,0,0,15577193,15577193,3033
133755,467,555,1169,3,0,11200,0,0,0,15578231,15578231,3033
133770,467,586,1169,3,0,11200,0,0,0,15579133,15579133,3033
133785,467,633,1169,3,0,11200,0,0,0,15580090,15580090,3033
133800,467,670,1169,3,0,11200,0,0,0,15580995,15580995,3033
133815,467,702,1169,3,0,11200,0,0,0,15581930,15581930,3033
133833,467,738,1169,3,0,11200,0,0,0,15582697,15582697,3033
133848,467,771,1169,3,0,11200,0,0,0,15583572,15583572,3033
133864,467,787,1169,3,0,11200,0,0,0,15584263,15584263,3033
133880,467,821,1169,3,0,11200,0,0,0,15585176,15585176,3033
133895,467,856,1169,3,0,11200,0,0,0,15586047,15586047,3033
133911,467,900,1169,3,0,11200,0,0,0,15586947,15586947,3033
133926,467,943,1169,3,0,11200,0,0,0,15587921,15587921,3033
133942,467,971,1169,3,0,11200,0,0,0,15588811,15588811,3033
133957,467,995,1169,3,0,11200,0,0,0,15589753,15589753,3033
133973,467,1028,1169,3,0,11200,0,0,0,15590840,15590840,3033
133989,468,1068,1169,3,0,11200,0,0,0,15591815,15591815,3033
134004,468,1094,1169,3,0,11200,0,0,0,15592728,15592728,3033
134019,468,1118,1169,3,0,11200,0,0,0,15593639,15593639,3033
134035,468,1145,1169,3,0,11200,0,0,0,15594620,15594620,3033
134051,468,1163,1169,3,0,11200,0,0,0,15595642,15595642,3033
134066,468,18,1169,2,0,11200,0,0,0,15596683,15596683,3033
134082,468,88,1169,2,0,11200,0,0,0,15597774,15597774,3033
134097,468,127,1169,2,0,11200,0,0,0,15598790,15598790,3033
134112,468,155,1169,2,0,11200,0,0,0,15599880,15599880,3033
134128,468,186,1169,2,0,11200,0,0,0,15600920,15600920,3033
134143,468,216,1169,2,0,11200,0,0,0,15601900,15601900,3033
134158,468,237,1169,2,0,11200,0,0,0,15602803,15602803,3033
134174,468,270,1169,2,0,11200,0,0,0,15603930,15603930,3033
134189,468,300,1169,2,0,11200,0,0,0,15604888,15604888,3033
134205,468,336,1169,2,0,11200,0,0,0,15605853,15605853,3033
134220,468,369,1169,2,0,11200,0,0,0,15606784,15606784,3033
134236,468,403,1169,2,0,11200,0,0,0,15607774,15607774,3033
134252,468,440,1169,2,0,11200,0,0,0,15608818,15608818,3033
134267,468,469,1169,2,0,11200,0,0,0,15609792,15609792,3033
134283,468,494,1169,2,0,11200,0,0,0,15610837,15610837,3033
134298,468,527,1169,2,0,11200,0,0,0,15611763,15611763,3033
134313,468,559,1169,2,0,11200,0,0,0,15612809,15612809,3033
134329,468,603,1169,2,0,11200,0,0,0,15613832,15613832,3033
134345,468,640,1169,2,0,11200,0,0,0,15614808,15614808,3033
134360,468,680,1169,2,0,11200,0,0,0,15615885,15615885,3033
134378,468,698,1169,2,0,11200,0,0,0,15616745,15616745,3033
134393,468,722,1169,2,0,11200,0,0,0,15617456,15617456,3033
134409,468,747,1169,2,0,11200,0,0,0,15618269,15618269,3033
134424,468,783,1169,2,0,11200,0,0,0,15619198,15619198,3033
134440,468,830,1169,2,0,11200,0,0,0,15620091,15620091,3033
134455,468,851,1169,2,0,11200,0,0,0,15620819,15620819,3033
134471,468,887,1169,2,0,11200,0,0,0,15621782,15621782,3033
134491,468,916,1169,2,0,11200,0,0,0,15622697,15622697,3033
134506,468,955,1169,2,0,11200,0,0,0,15623630,15623630,3033
134521,468,980,1169,2,0,11200,0,0,0,15624607,15624607,3033
134537,468,1018,1169,2,0,11200,0,0,0,15625654,15625654,3033
134552,468,1057,1169,2,0,11200,0,0,0,15626617,15626617,3033
134568,469,1086,1169,2,0,11200,0,0,0,15627546,15627546,3033
134584,469,1113,1169,2,0,11200,0,0,0,15628542,15628542,3033
134599,469,1143,1169,2,0,11200,0,0,0,15629555,15629555,3033
134614,469,3,1169,1,0,11200,0,0,0,15630506,15630506,3033
134630,469,25,1169,1,0,11200,0,0,0,15631747,15631747,3033
134645,469,99,1169,1,0,11200,0,0,0,15632747,15632747,3033
134660,469,132,1169,1,0,11200,0,0,0,15633777,15633777,3033
134677,469,167,1169,1,0,11200,0,0,0,15634971,15634971,3033
134693,469,189,1169,1,0,11200,0,0,0,15636037,15636037,3033
134708,469,218,1169,1,0,11200,0,0,0,15637036,15637036,3033
134724,469,245,1170,2,0,11200,0,0,0,15638079,15638079,3033
134740,469,281,1170,2,0,11200,0,0,0,15639223,15639223,3033
134756,469,308,1170,2,0,11200,0,0,0,15640193,15640193,3033
134771,469,336,1170,2,0,11200,0,0,0,15641145,15641145,3033
134786,469,378,1170,2,0,11200,0,0,0,15642250,15642250,3033
134801,469,408,1170,2,0,11200,0,0,0,15643192,15643192,3033
134816,469,448,1170,2,0,11200,0,0,0,15644207,15644207,3033
134832,469,475,1170,2,0,11200,0,0,0,15645262,15645262,3033
134848,469,506,1170,2,0,11200,0,0,0,15646391,15646391,3033
134864,469,534,1170,2,0,11200,0,0,0,15647423,15647423,3033
134880,469,581,1170,2,0,11200,0,0,0,15648505,15648505,3033
134896,469,620,1170,2,0,11200,0,0,0,15649595,15649595,3033
134911,469,651,1170,2,0,11200,0,0,0,15650479,15650479,3033
134926,469,679,1170,2,0,11200,0,0,0,15651460,15651460,3033
134943,469,707,1170,2,0,11200,0,0,0,15652397,15652397,3033
134958,469,741,1170,2,0,11200,0,0,0,15653142,15653142,3033
134974,469,776,1170,2,0,11200,0,0,0,15654131,15654131,3033
134990,469,830,1170,2,0,11200,0,0,0,15655121,15655121,3033
135006,469,851,1170,2,0,11200,0,0,0,15655836,15655836,3033
135021,469,898,1170,2,0,11200,0,0,0,15656785,15656785,3033
135036,469,927,1170,2,0,11200,0,0,0,15657536,15657536,3033
135052,469,962,1170,2,0,11200,0,0,0,15658603,15658603,3033
135068,469,986,1170,2,0,11200,0,0,0,15659566,15659566,3033
135083,469,1013,1170,2,0,11200,0,0,0,15660543,15660543,3033
135098,469,1052,1170,2,0,11200,0,0,0,15661525,15661525,3033
135114,470,1096,1170,2,0,11200,0,0,0,15662554,15662554,3033
135129,470,1125,1170,2,0,11200,0,0,0,15663524,15663524,3033
135145,470,1147,1170,2,0,11200,0,0,0,15664529,15664529,3033
135160,470,2,1170,0,0,11200,0,0,0,15665457,15665457,3033
135176,470,25,1170,0,0,11200,0,0,0,15666680,15666680,3033
135191,470,83,1170,0,0,11200,0,0,0,15667671,15667671,3033
135206,470,120,1170,0,0,11200,0,0,0,15668622,15668622,3033
135222,470,152,1170,0,0,11200,0,0,0,15669832,15669832,3033
135237,470,181,1170,0,0,11200,0,0,0,15670911,15670911,3033
135253,470,215,1170,0,0,11200,0,0,0,15671929,15671929,3033
135268,470,234,1170,0,0,11200,0,0,0,15672951,15672951,3033
135283,470,266,1170,0,0,11200,0,0,0,15674080,15674080,3033
135298,470,285,1170,0,0,11200,0,0,0,15674961,15674961,3033
135313,470,311,1170,0,0,11200,0,0,0,15675991,15675991,3033
135329,470,343,1170,0,0,11200,0,0,0,15677024,15677024,3033
135344,470,380,1170,0,0,11200,0,0,0,15678020,15678020,3033
135360,470,415,1170,0,0,11200,0,0,0,15679039,15679039,3033
135375,470,453,1170,0,0,11200,0,0,0,15679990,15679990,3033
135391,470,486,1170,0,0,11200,0,0,0,15680906,15680906,3033
135406,470,510,1170,0,0,11200,0,0,0,15681909,15681909,3033
135421,470,547,1170,0,0,11200,0,0,0,15682990,15682990,3033
135437,470,586,1170,0,0,11200,0,0,0,15683951,15683951,3033
135452,470,620,1170,0,0,11200,0,0,0,15684918,15684918,3033
135468,470,652,1170,0,0,11200,0,0,0,15685837,15685837,3033
135483,470,686,1170,0,0,11200,0,0,0,15686771,15686771,3033
135498,470,706,1170,0,0,11200,0,0,0,15687564,15687564,3033
135515,470,738,1170,0,0,11200,0,0,0,15688358,15688358,3033
135530,470,768,1170,0,0,11200,0,0,0,15689254,15689254,3033
135547,470,790,1170,0,0,11200,0,0,0,15690123,15690123,3033
135563,470,837,1170,0,0,11200,0,0,0,15691031,15691031,3033
135578,470,868,1170,0,0,11200,0,0,0,15692027,15692027,3033
135594,470,898,1170,0,0,11200,0,0,0,15692982,15692982,3033
135609,470,927,1170,0,0,11200,0,0,0,15693793,15693793,3033
135624,470,956,1170,0,0,11200,0,0,0,15694702,15694702,3033
135640,470,981,1170,0,0,11200,0,0,0,15695709,15695709,3033
135656,470,1015,1170,0,0,11200,0,0,0,15696737,15696737,3033
135672,470,1040,1170,0,0,11200,0,0,0,15697691,15697691,3033
135689,471,1070,1170,0,0,11200,0,0,0,15698789,15698789,3033
135705,471,1099,1170,0,0,11200,0,0,0,15699598,15699598,3033
135720,471,1118,1170,0,0,11200,0,0,0,15700534,15700534,3033
135736,471,1138,1170,0,0,11200,0,0,0,15701492,15701492,3033
135752,471,1162,1170,0,0,11200,0,0,0,15702446,15702446,3033
135767,471,16,1170,0,0,11200,0,0,0,15703557,15703557,3033
135784,471,65,1170,0,0,11200,0,0,0,15704703,15704703,3033
135799,471,114,1170,0,0,11200,0,0,0,15705689,15705689,3033
135815,471,135,1170,0,0,11200,0,0,0,15706714,15706714,3033
135830,471,168,1170,0,0,11200,0,0,0,15707902,15707902,3033
135845,471,200,1170,0,0,11200,0,0,0,15708937,15708937,3033
135861,471,223,1170,0,0,11200,0,0,0,15709990,15709990,3033
135876,471,246,1170,0,0,11200,0,0,0,15711120,15711120,3033
135891,471,279,1170,0,0,11200,0,0,0,15712081,15712081,3033
135906,471,324,1170,0,0,11200,0,0,0,15713076,15713076,3033
135922,471,357,1170,0,0,11200,0,0,0,15714073,15714073,3033
135937,471,401,1170,0,0,11200,0,0,0,15715018,15715018,3033
135954,471,450,1170,0,0,11200,0,0,0,15716044,15716044,3033
135969,471,483,1170,0,0,11200,0,0,0,15717124,15717124,3033
135984,471,505,1170,0,0,11200,0,0,0,15718134,15718134,3033
136000,471,534,1170,0,0,11200,0,0,0,15719116,15719116,3033
136015,471,586,1170,0,0,11200,0,0,0,15720094,15720094,3033
136030,471,625,1170,0,0,11200,0,0,0,15720969,15720969,3033
136046,471,655,1170,0,0,11200,0,0,0,15721963,15721963,3033
136062,471,687,1170,0,0,11200,0,0,0,15723028,15723028,3033
136078,471,708,1170,0,0,11200,0,0,0,15723782,15723782,3033
136094,471,741,1170,0,0,11200,0,0,0,15724495,15724495,3033
136110,471,774,1170,0,0,11200,0,0,0,15725398,15725398,3033
136125,471,810,1170,0,0,11200,0,0,0,15726138,15726138,3033
136141,471,847,1170,0,0,11200,0,0,0,15727050,15727050,3033
136156,471,877,1170,0,0,11200,0,0,0,15727967,15727967,3033
136172,471,915,1170,0,0,11200,0,0,0,15728703,15728703,3033
136188,471,955,1170,0,0,11200,0,0,0,15729667,15729667,3033
136203,471,981,1170,0,0,11200,0,0,0,15730666,15730666,3033
136219,471,1002,1170,0,0,11200,0,0,0,15731507,15731507,3033
136235,471,1027,1170,0,0,11200,0,0,0,15732490,15732490,3033
136250,471,1060,1170,0,0,11200,0,0,0,15733405,15733405,3033
136266,472,1091,1170,0,0,11200,0,0,0,15734322,15734322,3033
136281,472,1121,1170,0,0,11200,0,0,0,15735397,15735397,3033
136297,472,1147,1170,0,0,11200,0,0,0,15736418,15736418,3033
136314,472,3,1170,0,0,11200,0,0,0,15737311,15737311,3033
136329,472,28,1170,0,0,11200,0,0,0,15738455,15738455,3033
136344,472,84,1170,0,0,11200,0,0,0,15739405,15739405,3033
136359,472,118,1170,0,0,11200,0,0,0,15740449,15740449,3033
136375,472,141,1170,0,0,11200,0,0,0,15741707,15741707,3033
136391,472,169,1170,0,0,11200,0,0,0,15742864,15742864,3033
136407,472,191,1170,0,0,11200,0,0,0,15743932,15743932,3033
136422,472,215,1170,0,0,11200,0,0,0,15744902,15744902,3033
136438,472,234,1170,0,0,11200,0,0,0,15745999,15745999,3033
136454,472,269,1170,0,0,11200,0,0,0,15747059,15747059,3033
136469,472,294,1170,0,0,11200,0,0,0,15748042,15748042,3033
136486,472,327,1170,0,0,11200,0,0,0,15749113,15749113,3033
136501,472,357,1170,0,0,11200,0,0,0,15750171,15750171,3033
136516,472,391,1170,0,0,11200,0,0,0,15751157,15751157,3033
136531,472,445,1170,0,0,11200,0,0,0,15752170,15752170,3033
136547,472,477,1170,0,0,11200,0,0,0,15753189,15753189,3033
136563,472,501,1170,0,0,11200,0,0,0,15754226,15754226,3033
136578,472,524,1170,0,0,11200,0,0,0,15755235,15755235,3033
136596,472,556,1170,0,0,11200,0,0,0,15756356,15756356,3033
136611,472,595,1170,0,0,11200,0,0,0,15757305,15757305,3033
136626,472,633,1170,0,0,11200,0,0,0,15758220,15758220,3033
136643,472,675,1170,0,0,11200,0,0,0,15759310,15759310,3033
136658,472,700,1170,0,0,11200,0,0,0,15760149,15760149,3033
136675,472,731,1170,0,0,11200,0,0,0,15761014,15761014,3033
136691,472,767,1170,0,0,11200,0,0,0,15761808,15761808,3033
136706,472,783,1170,0,0,11200,0,0,0,15762706,15762706,3033
136721,472,819,1170,0,0,11200,0,0,0,15763569,15763569,3033
136737,472,856,1170,0,0,11200,0,0,0,15764546,15764546,3033
136753,472,896,1170,0,0,11200,0,0,0,15765653,15765653,3033
136769,472,931,1170,0,0,11200,0,0,0,15766552,15766552,3033
136784,472,964,1170,0,0,11200,0,0,0,15767519,15767519,3033
136800,472,992,1170,0,0,11200,0,0,0,15768464,15768464,3033
136816,472,1018,1170,0,0,11200,0,0,0,15769445,15769445,3033
136832,472,1052,1170,0,0,11200,0,0,0,15770463,15770463,3033
136847,473,1094,1170,0,0,11200,0,0,0,15771448,15771448,3033
136864,473,1113,1170,0,0,11200,0,0,0,15772468,15772468,3033
136879,473,1141,1170,0,0,11200,0,0,0,15773459,15773459,3033
136895,473,1163,1170,0,0,11200,0,0,0,15774387,15774387,3033
136911,473,23,1170,0,0,11200,0,0,0,15775519,15775519,3033
136927,473,84,1170,0,0,11200,0,0,0,15776491,15776491,3033
136942,473,123,1170,0,0,11200,0,0,0,15777584,15777584,3033
136958,473,154,1170,0,0,11200,0,0,0,15778762,15778762,3033
136974,473,186,1170,0,0,11200,0,0,0,15779833,15779833,3033
136989,473,210,1170,0,0,11200,0,0,0,15780824,15780824,3033
137005,473,230,1170,0,0,11200,0,0,0,15781869,15781869,3033
137020,473,270,1170,0,0,11200,0,0,0,15782969,15782969,3033
137037,473,300,1170,0,0,11200,0,0,0,15784046,15784046,3033
137052,473,330,1170,0,0,11200,0,0,0,15784996,15784996,3033
137067,473,358,1170,0,0,11200,0,0,0,15786061,15786061,3033
137082,473,402,1170,0,0,11200,0,0,0,15786989,15786989,3033
137098,473,441,1170,0,0,11200,0,0,0,15788010,15788010,3033
137114,473,469,1170,0,0,11200,0,0,0,15788953,15788953,3033
137130,473,489,1170,0,0,11200,0,0,0,15790014,15790014,3033
137146,473,513,1170,0,0,11200,0,0,0,15790993,15790993,3033
137162,473,543,1170,0,0,11200,0,0,0,15792034,15792034,3033
137177,473,583,1170,0,0,11200,0,0,0,15792967,15792967,3033
137192,473,620,1170,0,0,11200,0,0,0,15793870,15793870,3033
137208,473,654,1170,0,0,11200,0,0,0,15794816,15794816,3033
137225,473,683,1170,0,0,11200,0,0,0,15795814,15795814,3033
137240,473,706,1170,0,0,11200,0,0,0,15796606,15796606,3033
137256,473,751,1170,0,0,11200,0,0,0,15797387,15797387,3033
137271,473,779,1170,0,0,11200,0,0,0,15798121,15798121,3033
137286,473,794,1170,0,0,11200,0,0,0,15798712,15798712,3033
137301,473,838,1170,0,0,11200,0,0,0,15799522,15799522,3033
137318,473,873,1170,0,0,11200,0,0,0,15800486,15800486,3033
137334,473,917,1170,0,0,11200,0,0,0,15801394,15801394,3033
137349,473,959,1170,0,0,11200,0,0,0,15802296,15802296,3033
137364,473,987,1170,0,0,11200,0,0,0,15803268,15803268,3033
137380,473,1009,1170,0,0,11200,0,0,0,15804257,15804257,3033
137395,473,1039,1170,0,0,11200,0,0,0,15805233,15805233,3033
137411,474,1070,1170,0,0,11200,0,0,0,15806251,15806251,3033
137427,474,1108,1170,0,0,11200,0,0,0,15807217,15807217,3033
137442,474,1131,1170,0,0,11200,0,0,0,15808092,15808092,3033
137457,474,1148,1170,0,0,11200,0,0,0,15809051,15809051,3033
137473,474,3,1170,0,0,11200,0,0,0,15809973,15809973,3033
137488,474,27,1170,0,0,11200,0,0,0,15811099,15811099,3033
137504,474,84,1170,0,0,11200,0,0,0,15812193,15812193,3033
137519,474,121,1170,0,0,11200,0,0,0,15813307,15813307,3033
137535,474,141,1170,0,0,11200,0,0,0,15814462,15814462,3033
137551,474,167,1170,0,0,11200,0,0,0,15815580,15815580,3033
137567,474,191,1170,0,0,11200,0,0,0,15816545,15816545,3033
137583,474,218,1170,0,0,11200,0,0,0,15817545,15817545,3033
137599,474,243,1170,0,0,11200,0,0,0,15818601,15818601,3033
137614,474,277,1170,0,0,11200,0,0,0,15819694,15819694,3033
137630,474,305,1170,0,0,11200,0,0,0,15820678,15820678,3033
137645,474,337,1170,0,0,11200,0,0,0,15821684,15821684,3033
137660,474,365,1170,0,0,11200,0,0,0,15822722,15822722,3033
137677,474,405,1170,0,0,11200,0,0,0,15823733,15823733,3033
137692,474,447,1170,0,0,11200,0,0,0,15824832,15824832,3033
137708,474,477,1170,0,0,11200,0,0,0,15825698,15825698,3033
137724,474,497,1170,0,0,11200,0,0,0,15826611,15826611,3033
137739,474,530,1170,0,0,11200,0,0,0,15827613,15827613,3033
137754,474,556,1170,0,0,11200,0,0,0,15828586,15828586,3033
137770,474,608,1170,0,0,11200,0,0,0,15829571,15829571,3033
137785,474,657,1170,0,0,11200,0,0,0,15830583,15830583,3033
137803,474,685,1171,1,0,11200,0,0,0,15831616,15831616,3034
137821,474,706,1171,1,0,11200,0,0,0,15832484,15832484,3034
137836,474,731,1171,1,0,11200,0,0,0,15833248,15833248,3034
137851,474,749,1171,1,0,11200,0,0,0,15833965,15833965,3034
137866,474,775,1171,1,0,11200,0,0,0,15834796,15834796,3034
137882,474,811,1171,1,0,11200,0,0,0,15835671,15835671,3034
137898,474,848,1171,1,0,11200,0,0,0,15836644,15836644,3034
137914,474,881,1171,1,0,11200,0,0,0,15837651,15837651,3034
137930,474,915,1171,1,0,11200,0,0,0,15838590,15838590,3034
137945,474,962,1171,1,0,11200,0,0,0,15839579,15839579,3034
137961,474,987,1171,1,0,11200,0,0,0,15840585,15840585,3034
137976,474,1015,1171,1,0,11200,0,0,0,15841528,15841528,3034
137991,474,1057,1171,1,0,11200,0,0,0,15842548,15842548,3034
138007,475,1083,1171,1,0,11200,0,0,0,15843502,15843502,3034
138023,475,1114,1171,1,0,11200,0,0,0,15844518,15844518,3034
138039,475,1143,1171,1,0,11200,0,0,0,15845520,15845520,3034
138055,475,1163,1171,1,0,11200,0,0,0,15846507,15846507,3034
138071,475,16,1171,0,0,11200,0,0,0,15847674,15847674,3034
138088,475,47,1171,0,0,11200,0,0,0,15848822,15848822,3034
138103,475,95,1171,0,0,11200,0,0,0,15849740,15849740,3034
138118,475,131,1171,0,0,11200,0,0,0,15850852,15850852,3034
138135,475,161,1171,0,0,11200,0,0,0,15852023,15852023,3034
138150,475,187,1171,0,0,11200,0,0,0,15853038,15853038,3034
138167,475,217,1171,0,0,11200,0,0,0,15854228,15854228,3034
138182,475,240,1171,0,0,11200,0,0,0,15855236,15855236,3034
138197,475,269,1171,0,0,11200,0,0,0,15856222,15856222,3034
138212,475,296,1171,0,0,11200,0,0,0,15857255,15857255,3034
138229,475,329,1171,0,0,11200,0,0,0,15858273,15858273,3034
138245,475,361,1171,0,0,11200,0,0,0,15859264,15859264,3034
138260,475,398,1171,0,0,11200,0,0,0,15860220,15860220,3034
138275,475,440,1171,0,0,11200,0,0,0,15861145,15861145,3034
138290,475,467,1171,0,0,11200,0,0,0,15862124,15862124,3034
138306,475,493,1171,0,0,11200,0,0,0,15863159,15863159,3034
138322,475,523,1171,0,0,11200,0,0,0,15864114,15864114,3034
138338,475,558,1171,0,0,11200,0,0,0,15865143,15865143,3034
138353,475,597,1171,0,0,11200,0,0,0,15866147,15866147,3034
138369,475,633,1171,0,0,11200,0,0,0,15867015,15867015,3034
138385,475,672,1171,0,0,11200,0,0,0,15868014,15868014,3034
138400,475,703,1171,0,0,11200,0,0,0,15868859,15868859,3034
138416,475,732,1171,0,0,11200,0,0,0,15869575,15869575,3034
138432,475,772,1171,0,0,11200,0,0,0,15870427,15870427,3034
138448,475,787,1171,0,0,11200,0,0,0,15871193,15871193,3034
138464,475,837,1171,0,0,11200,0,0,0,15872283,15872283,3034
138481,475,868,1171,0,0,11200,0,0,0,15873257,15873257,3034
138496,475,904,1171,0,0,11200,0,0,0,15874216,15874216,3034
138511,475,941,1171,0,0,11200,0,0,0,15875044,15875044,3034
138527,475,974,1171,0,0,11200,0,0,0,15876045,15876045,3034
138543,475,995,1171,0,0,11200,0,0,0,15876992,15876992,3034
138558,475,1024,1171,0,0,11200,0,0,0,15877924,15877924,3034
138574,476,1078,1171,0,0,11200,0,0,0,15878968,15878968,3034
138589,476,1104,1171,0,0,11200,0,0,0,15879865,15879865,3034
138605,476,1133,1171,0,0,11200,0,0,0,15880817,15880817,3034
138621,476,1162,1171,0,0,11200,0,0,0,15881838,15881838,3034
138637,476,16,1171,0,0,11200,0,0,0,15882976,15882976,3034
138653,476,47,1171,0,0,11200,0,0,0,15884076,15884076,3034
138668,476,109,1171,0,0,11200,0,0,0,15885014,15885014,3034
138684,476,136,1171,0,0,11200,0,0,0,15886163,15886163,3034
138700,476,169,1171,0,0,11200,0,0,0,15887287,15887287,3034
138715,476,198,1171,0,0,11200,0,0,0,15888432,15888432,3034
138732,476,221,1171,0,0,11200,0,0,0,15889479,15889479,3034
138748,476,244,1171,0,0,11200,0,0,0,15890462,15890462,3034
138763,476,273,1171,0,0,11200,0,0,0,15891439,15891439,3034
138778,476,301,1171,0,0,11200,0,0,0,15892397,15892397,3034
138794,476,329,1171,0,0,11200,0,0,0,15893325,15893325,3034
138810,476,381,1171,0,0,11200,0,0,0,15894426,15894426,3034
138826,476,434,1171,0,0,11200,0,0,0,15895413,15895413,3034
138841,476,453,1171,0,0,11200,0,0,0,15896361,15896361,3034
138857,476,479,1171,0,0,11200,0,0,0,15897420,15897420,3034
138872,476,506,1171,0,0,11200,0,0,0,15898348,15898348,3034
138887,476,532,1171,0,0,11200,0,0,0,15899376,15899376,3034
138902,476,570,1171,0,0,11200,0,0,0,15900383,15900383,3034
138918,476,618,1171,0,0,11200,0,0,0,15901331,15901331,3034
138934,476,646,1171,0,0,11200,0,0,0,15902288,15902288,3034
138951,476,682,1171,0,0,11200,0,0,0,15903340,15903340,3034
138967,476,705,1171,0,0,11200,0,0,0,15904170,15904170,3034
138983,476,738,1171,0,0,11200,0,0,0,15904890,15904890,3034
138998,476,767,1171,0,0,11200,0,0,0,15905796,15905796,3034
139013,476,787,1171,0,0,11200,0,0,0,15906586,15906586,3034
139028,476,821,1171,0,0,11200,0,0,0,15907426,15907426,3034
139044,476,858,1171,0,0,11200,0,0,0,15908379,15908379,3034
139060,476,891,1171,0,0,11200,0,0,0,15909308,15909308,3034
139075,476,915,1171,0,0,11200,0,0,0,15910091,15910091,3034
139091,476,960,1171,0,0,11200,0,0,0,15911036,15911036,3034
139107,476,985,1171,0,0,11200,0,0,0,15912022,15912022,3034
139122,476,1014,1171,0,0,11200,0,0,0,15913023,15913023,3034
139138,476,1052,1171,0,0,11200,0,0,0,15914062,15914062,3034
139154,477,1098,1171,0,0,11200,0,0,0,15915041,15915041,3034
139169,477,1121,1171,0,0,11200,0,0,0,15916012,15916012,3034
139186,477,1145,1171,0,0,11200,0,0,0,15917113,15917113,3034
139201,477,1163,1171,0,0,11200,0,0,0,15918074,15918074,3034
139216,477,18,1171,0,0,11200,0,0,0,15919164,15919164,3034
139232,477,68,1171,0,0,11200,0,0,0,15920217,15920217,3034
139247,477,118,1171,0,0,11200,0,0,0,15921327,15921327,3034
139264,477,149,1171,0,0,11200,0,0,0,15922645,15922645,3034
139279,477,170,1171,0,0,11200,0,0,0,15923581,15923581,3034
139295,477,191,1171,0,0,11200,0,0,0,15924551,15924551,3034
139311,477,218,1171,0,0,11200,0,0,0,15925633,15925633,3034
139327,477,243,1171,0,0,11200,0,0,0,15926701,15926701,3034
139343,477,277,1171,0,0,11200,0,0,0,15927768,15927768,3034
139359,477,307,1171,0,0,11200,0,0,0,15928731,15928731,3034
139375,477,345,1171,0,0,11200,0,0,0,15929800,15929800,3034
139391,477,401,1171,0,0,11200,0,0,0,15930852,15930852,3034
139407,477,445,1171,0,0,11200,0,0,0,15931853,15931853,3034
139422,477,475,1171,0,0,11200,0,0,0,15932822,15932822,3034
139437,477,500,1171,0,0,11200,0,0,0,15933811,15933811,3034
139453,477,523,1171,0,0,11200,0,0,0,15934732,15934732,3034
139468,477,556,1171,0,0,11200,0,0,0,15935723,15935723,3034
139483,477,603,1171,0,0,11200,0,0,0,15936673,15936673,3034
139499,477,634,1171,0,0,11200,0,0,0,15937687,15937687,3034
139514,477,668,1171,0,0,11200,0,0,0,15938682,15938682,3034
139529,477,694,1171,0,0,11200,0,0,0,15939666,15939666,3034
139545,477,718,1171,0,0,11200,0,0,0,15940393,15940393,3034
139560,477,751,1171,0,0,11200,0,0,0,15941213,15941213,3034
139576,477,783,1171,0,0,11200,0,0,0,15942085,15942085,3034
139593,477,826,1171,0,0,11200,0,0,0,15943062,15943062,3034
139608,477,859,1171,0,0,11200,0,0,0,15944029,15944029,3034
139624,477,896,1171,0,0,11200,0,0,0,15944831,15944831,3034
139639,477,930,1171,0,0,11200,0,0,0,15945640,15945640,3034
139654,477,955,1171,0,0,11200,0,0,0,15946527,15946527,3034
139670,477,981,1171,0,0,11200,0,0,0,15947505,15947505,3034
139685,477,1012,1171,0,0,11200,0,0,0,15948454,15948454,3034
139701,477,1045,1171,0,0,11200,0,0,0,15949404,15949404,3034
139716,478,1081,1171,0,0,11200,0,0,0,15950318,15950318,3034
139731,478,1110,1171,0,0,11200,0,0,0,15951233,15951233,3034
139747,478,1140,1171,0,0,11200,0,0,0,15952222,15952222,3034
139762,478,1161,1171,0,0,11200,0,0,0,15953145,15953145,3034
139778,478,13,1171,0,0,11200,0,0,0,15954217,15954217,3034
139794,478,44,1171,0,0,11200,0,0,0,15955407,15955407,3034
139809,478,109,1171,0,0,11200,0,0,0,15956371,15956371,3034
139825,478,141,1171,0,0,11200,0,0,0,15957595,15957595,3034
139842,478,169,1171,0,0,11200,0,0,0,15958742,15958742,3034
139858,478,194,1171,0,0,11200,0,0,0,15959815,15959815,3034
139873,478,216,1171,0,0,11200,0,0,0,15960843,15960843,3034
139889,478,242,1171,0,0,11200,0,0,0,15961887,15961887,3034
139904,478,274,1171,0,0,11200,0,0,0,15962987,15962987,3034
139919,478,306,1171,0,0,11200,0,0,0,15964003,15964003,3034
139935,478,345,1171,0,0,11200,0,0,0,15965085,15965085,3034
139951,478,381,1171,0,0,11200,0,0,0,15966125,15966125,3034
139966,478,433,1171,0,0,11200,0,0,0,15967055,15967055,3034
139981,478,463,1171,0,0,11200,0,0,0,15967998,15967998,3034
139997,478,489,1171,0,0,11200,0,0,0,15969050,15969050,3034
140012,478,514,1171,0,0,11200,0,0,0,15969969,15969969,3034
140028,478,545,1171,0,0,11200,0,0,0,15971033,15971033,3034
140044,478,584,1171,0,0,11200,0,0,0,15971985,15971985,3034
140060,478,625,1171,0,0,11200,0,0,0,15972988,15972988,3034
140075,478,661,1171,0,0,11200,0,0,0,15973920,15973920,3034
140091,478,690,1171,0,0,11200,0,0,0,15974948,15974948,3034
140107,478,708,1171,0,0,11200,0,0,0,15975739,15975739,3034
140122,478,732,1171,0,0,11200,0,0,0,15976472,15976472,3034
140138,478,768,1172,1,0,11200,0,0,0,15977307,15977307,3034
140153,478,784,1172,1,0,11200,0,0,0,15978108,15978108,3034
140168,478,826,1172,1,0,11200,0,0,0,15978967,15978967,3034
140184,478,849,1172,1,0,11200,0,0,0,15979831,15979831,3034
140199,478,898,1172,1,0,11200,0,0,0,15980812,15980812,3034
140215,478,931,1172,1,0,11200,0,0,0,15981719,15981719,3034
140230,478,965,1172,1,0,11200,0,0,0,15982599,15982599,3034
140246,478,999,1172,1,0,11200,0,0,0,15983630,15983630,3034
140261,478,1024,1172,1,0,11200,0,0,0,15984671,15984671,3034
140279,479,1070,1172,1,0,11200,0,0,0,15985726,15985726,3034
140294,479,1099,1172,1,0,11200,0,0,0,15986630,15986630,3034
140309,479,1128,1172,1,0,11200,0,0,0,15987560,15987560,3034
140326,479,1150,1172,1,0,11200,0,0,0,15988571,15988571,3034
140341,479,2,1172,1,0,11200,0,0,0,15989534,15989534,3034
140356,479,39,1172,1,0,11200,0,0,0,15990656,15990656,3034
140371,479,101,1172,1,0,11200,0,0,0,15991601,15991601,3034
140387,479,132,1172,1,0,11200,0,0,0,15992756,15992756,3034
140402,479,153,1172,1,0,11200,0,0,0,15993936,15993936,3034
140418,479,180,1172,1,0,11200,0,0,0,15995063,15995063,3034
140435,479,208,1172,1,0,11200,0,0,0,15996183,15996183,3034
140450,479,229,1172,1,0,11200,0,0,0,15997154,15997154,3034
140465,479,269,1172,1,0,11200,0,0,0,15998194,15998194,3034
140481,479,300,1172,1,0,11200,0,0,0,15999226,15999226,3034
140496,479,332,1172,1,0,11200,0,0,0,16000208,16000208,3034
140513,479,373,1172,1,0,11200,0,0,0,16001331,16001331,3034
140530,479,402,1172,1,0,11200,0,0,0,16002389,16002389,3034
140545,479,448,1172,1,0,11200,0,0,0,16003391,16003391,3034
140561,479,481,1172,1,0,11200,0,0,0,16004363,16004363,3034
140577,479,506,1172,1,0,11200,0,0,0,16005341,16005341,3034
140592,479,531,1172,1,0,11200,0,0,0,16006306,16006306,3034
140608,479,558,1172,1,0,11200,0,0,0,16007325,16007325,3034
140623,479,608,1172,1,0,11200,0,0,0,16008281,16008281,3034
140639,479,645,1172,1,0,11200,0,0,0,16009223,16009223,3034
140654,479,675,1172,1,0,11200,0,0,0,16010205,16010205,3034
140669,479,703,1172,1,0,11200,0,0,0,16011073,16011073,3034
140686,479,731,1172,1,0,11200,0,0,0,16011903,16011903,3034
140701,479,767,1172,1,0,11200,0,0,0,16012731,16012731,3034
140716,479,785,1172,1,0,11200,0,0,0,16013414,16013414,3034
140733,479,832,1172,1,0,11200,0,0,0,16014347,16014347,3034
140749,479,868,1172,1,0,11200,0,0,0,16015292,16015292,3034
140765,479,898,1172,1,0,11200,0,0,0,16016333,16016333,3034
140780,479,930,1172,1,0,11200,0,0,0,16017193,16017193,3034
140796,479,965,1172,1,0,11200,0,0,0,16018239,16018239,3034
140811,479,986,1172,1,0,11200,0,0,0,16019192,16019192,3034
140827,479,1016,1172,1,0,11200,0,0,0,16020169,16020169,3034
140843,479,1048,1172,1,0,11200,0,0,0,16021116,16021116,3034
140858,480,1078,1172,1,0,11200,0,0,0,16022084,16022084,3034
140874,480,1110,1172,1,0,11200,0,0,0,16023160,16023160,3034
140889,480,1136,1172,1,0,11200,0,0,0,16024138,16024138,3034
140905,480,1161,1172,1,0,11200,0,0,0,16025107,16025107,3034
140920,480,18,1172,1,0,11200,0,0,0,16026229,16026229,3034
140935,480,65,1172,1,0,11200,0,0,0,16027218,16027218,3034
140951,480,122,1172,1,0,11200,0,0,0,16028336,16028336,3034
140966,480,153,1172,1,0,11200,0,0,0,16029520,16029520,3034
140981,480,185,1172,1,0,11200,0,0,0,16030627,16030627,3034
140997,480,215,1172,1,0,11200,0,0,0,16031708,16031708,3034
141013,480,244,1172,1,0,11200,0,0,0,16032739,16032739,3034
141028,480,273,1172,1,0,11200,0,0,0,16033801,16033801,3034
141044,480,300,1172,1,0,11200,0,0,0,16034796,16034796,3034
141059,480,332,1172,1,0,11200,0,0,0,16035720,16035720,3034
141075,480,378,1172,1,0,11200,0,0,0,16036724,16036724,3034
141092,480,433,1172,1,0,11200,0,0,0,16037786,16037786,3034
141107,480,452,1172,1,0,11200,0,0,0,16038759,16038759,3034
141123,480,481,1172,1,0,11200,0,0,0,16039852,16039852,3034
141138,480,509,1172,1,0,11200,0,0,0,16040851,16040851,3034
141154,480,538,1172,1,0,11200,0,0,0,16041845,16041845,3034
141169,480,573,1172,1,0,11200,0,0,0,16042861,16042861,3034
141184,480,612,1172,1,0,11200,0,0,0,16043813,16043813,3034
141200,480,654,1172,1,0,11200,0,0,0,16044823,16044823,3034
141215,480,686,1172,1,0,11200,0,0,0,16045798,16045798,3034
141230,480,718,1172,1,0,11200,0,0,0,16046529,16046529,3034
141245,480,747,1172,1,0,11200,0,0,0,16047206,16047206,3034
141261,480,773,1172,1,0,11200,0,0,0,16048007,16048007,3034
141279,480,788,1172,1,0,11200,0,0,0,16048851,16048851,3034
141294,480,837,1172,1,0,11200,0,0,0,16049826,16049826,3034
141310,480,868,1172,1,0,11200,0,0,0,16050823,16050823,3034
141326,480,903,1172,1,0,11200,0,0,0,16051803,16051803,3034
141341,480,928,1172,1,0,11200,0,0,0,16052718,16052718,3034
141358,480,964,1172,1,0,11200,0,0,0,16053696,16053696,3034
141374,480,993,1172,1,0,11200,0,0,0,16054666,16054666,3034
141390,480,1022,1172,1,0,11200,0,0,0,16055691,16055691,3034
141406,480,1060,1172,1,0,11200,0,0,0,16056506,16056506,3034
141421,481,1082,1172,1,0,11200,0,0,0,16057402,16057402,3034
141437,481,1110,1172,1,0,11200,0,0,0,16058325,16058325,3034
141452,481,1138,1172,1,0,11200,0,0,0,16059338,16059338,3034
141468,481,1161,1172,1,0,11200,0,0,0,16060259,16060259,3034
141483,481,14,1172,1,0,11200,0,0,0,16061379,16061379,3034
141499,481,46,1172,1,0,11200,0,0,0,16062582,16062582,3034
141514,481,110,1172,1,0,11200,0,0,0,16063562,16063562,3034
141530,481,139,1172,1,0,11200,0,0,0,16064670,16064670,3034
141545,481,168,1172,1,0,11200,0,0,0,16065863,16065863,3034
141560,481,194,1172,1,0,11200,0,0,0,16066883,16066883,3034
141576,481,223,1172,1,0,11200,0,0,0,16067950,16067950,3034
141591,481,245,1172,1,0,11200,0,0,0,16068990,16068990,3034
141607,481,273,1172,1,0,11200,0,0,0,16070079,16070079,3034
141624,481,301,1172,1,0,11200,0,0,0,16071039,16071039,3034
141639,481,331,1172,1,0,11200,0,0,0,16071928,16071928,3034
141654,481,361,1172,1,0,11200,0,0,0,16072958,16072958,3034
141671,481,405,1172,1,0,11200,0,0,0,16074008,16074008,3034
141686,481,445,1172,1,0,11200,0,0,0,16074989,16074989,3034
141701,481,477,1172,1,0,11200,0,0,0,16076023,16076023,3034
141717,481,502,1172,1,0,11200,0,0,0,16077015,16077015,3034
141733,481,536,1172,1,0,11200,0,0,0,16078124,16078124,3034
141749,481,572,1172,1,0,11200,0,0,0,16079189,16079189,3034
141764,481,612,1172,1,0,11200,0,0,0,16080141,16080141,3034
141780,481,654,1172,1,0,11200,0,0,0,16081194,16081194,3034
141797,481,683,1172,1,0,11200,0,0,0,16082296,16082296,3034
141813,481,703,1172,1,0,11200,0,0,0,16083206,16083206,3034
141830,481,731,1172,1,0,11200,0,0,0,16083901,16083901,3034
141845,481,767,1172,1,0,11200,0,0,0,16084821,16084821,3034
141860,481,785,1172,1,0,11200,0,0,0,16085592,16085592,3034
141876,481,828,1172,1,0,11200,0,0,0,16086385,16086385,3034
141891,481,858,1172,1,0,11200,0,0,0,16087339,16087339,3034
141906,481,901,1172,1,0,11200,0,0,0,16088335,16088335,3034
141921,481,928,1172,1,0,11200,0,0,0,16089252,16089252,3034
141939,481,966,1172,1,0,11200,0,0,0,16090267,16090267,3034
141955,481,994,1172,1,0,11200,0,0,0,16091236,16091236,3034
141970,481,1021,1172,1,0,11200,0,0,0,16092205,16092205,3034
141985,482,1068,1172,1,0,11200,0,0,0,16093179,16093179,3034
142000,482,1104,1172,1,0,11200,0,0,0,16094098,16094098,3034
142016,482,1131,1172,1,0,11200,0,0,0,16095098,16095098,3034
142032,482,1162,1172,1,0,11200,0,0,0,16096082,16096082,3034
142047,482,18,1172,1,0,11200,0,0,0,16097182,16097182,3034
142063,482,78,1172,1,0,11200,0,0,0,16098135,16098135,3034
142078,482,120,1172,1,0,11200,0,0,0,16099151,16099151,3034
142094,482,145,1172,1,0,11200,0,0,0,16100280,16100280,3034
142110,482,174,1172,1,0,11200,0,0,0,16101428,16101428,3034
142125,482,198,1172,1,0,11200,0,0,0,16102487,16102487,3034
142140,482,223,1172,1,0,11200,0,0,0,16103594,16103594,3034
142156,482,246,1172,1,0,11200,0,0,0,16104650,16104650,3034
142172,482,282,1172,1,0,11200,0,0,0,16105654,16105654,3034
142188,482,315,1172,1,0,11200,0,0,0,16106732,16106732,3034
142203,482,345,1172,1,0,11200,0,0,0,16107745,16107745,3034
142219,482,385,1172,1,0,11200,0,0,0,16108826,16108826,3034
142235,482,423,1172,1,0,11200,0,0,0,16109758,16109758,3034
142250,482,450,1172,1,0,11200,0,0,0,16110688,16110688,3034
142266,482,483,1172,1,0,11200,0,0,0,16111650,16111650,3034
142281,482,502,1172,1,0,11200,0,0,0,16112607,16112607,3034
142296,482,529,1172,1,0,11200,0,0,0,16113523,16113523,3034
142311,482,559,1172,1,0,11200,0,0,0,16114521,16114521,3034
142326,482,603,1172,1,0,11200,0,0,0,16115447,16115447,3034
142342,482,646,1172,1,0,11200,0,0,0,16116465,16116465,3034
142357,482,670,1172,1,0,11200,0,0,0,16117382,16117382,3034
142372,482,696,1172,1,0,11200,0,0,0,16118273,16118273,3034
142389,482,719,1172,1,0,11200,0,0,0,16118968,16118968,3034
142405,482,755,1172,1,0,11200,0,0,0,16119824,16119824,3034
142422,482,774,1172,1,0,11200,0,0,0,16120562,16120562,3034
142438,482,794,1172,1,0,11200,0,0,0,16121258,16121258,3034
142454,482,838,1172,1,0,11200,0,0,0,16122159,16122159,3034
142470,482,866,1172,1,0,11200,0,0,0,16123008,16123008,3034
142485,482,901,1172,1,0,11200,0,0,0,16123942,16123942,3034
142501,482,926,1172,1,0,11200,0,0,0,16124601,16124601,3034
142516,482,956,1172,1,0,11200,0,0,0,16125598,16125598,3034
142532,482,985,1172,1,0,11200,0,0,0,16126547,16126547,3034
142547,482,1015,1172,1,0,11200,0,0,0,16127528,16127528,3034
142562,482,1051,1172,1,0,11200,0,0,0,16128478,16128478,3034
142577,483,1078,1173,2,0,11200,0,0,0,16129417,16129417,3034
142593,483,1116,1173,2,0,11200,0,0,0,16130420,16130420,3034
142608,483,1140,1173,2,0,11200,0,0,0,16131347,16131347,3034
142624,483,1166,1173,2,0,11200,0,0,0,16132312,16132312,3034
142640,483,24,1173,2,0,11200,0,0,0,16133559,16133559,3034
142655,483,58,1173,2,0,11200,0,0,0,16134493,16134493,3034
142672,483,119,1173,2,0,11200,0,0,0,16135653,16135653,3034
142687,483,139,1173,2,0,11200,0,0,0,16136754,16136754,3034
142702,483,168,1173,2,0,11200,0,0,0,16137925,16137925,3034
142718,483,189,1173,2,0,11200,0,0,0,16138895,16138895,3034
142733,483,216,1173,2,0,11200,0,0,0,16139973,16139973,3034
142748,483,245,1173,2,0,11200,0,0,0,16141104,16141104,3034
142764,483,279,1173,2,0,11200,0,0,0,16142148,16142148,3034
142779,483,313,1173,2,0,11200,0,0,0,16143092,16143092,3034
142796,483,336,1173,2,0,11200,0,0,0,16143999,16143999,3034
142811,483,377,1173,2,0,11200,0,0,0,16145045,16145045,3034
142827,483,405,1173,2,0,11200,0,0,0,16145908,16145908,3034
142842,483,445,1173,2,0,11200,0,0,0,16146984,16146984,3034
142858,483,479,1173,2,0,11200,0,0,0,16148042,16148042,3034
142874,483,501,1173,2,0,11200,0,0,0,16149039,16149039,3034
142890,483,529,1173,2,0,11200,0,0,0,16149990,16149990,3034
142905,483,573,1173,2,0,11200,0,0,0,16151012,16151012,3034
142921,483,623,1173,2,0,11200,0,0,0,16151945,16151945,3034
142936,483,655,1173,2,0,11200,0,0,0,16152885,16152885,3034
142952,483,683,1173,2,0,11200,0,0,0,16153855,16153855,3034
142967,483,708,1173,2,0,11200,0,0,0,16154811,16154811,3034
142983,483,741,1173,2,0,11200,0,0,0,16155504,16155504,3034
143000,483,774,1173,2,0,11200,0,0,0,16156413,16156413,3034
143016,483,796,1173,2,0,11200,0,0,0,16157228,16157228,3034
143031,483,841,1173,2,0,11200,0,0,0,16158226,16158226,3034
143047,483,873,1173,2,0,11200,0,0,0,16159152,16159152,3034
143063,483,901,1173,2,0,11200,0,0,0,16160138,16160138,3034
143079,483,930,1173,2,0,11200,0,0,0,16161048,16161048,3034
143095,483,971,1173,2,0,11200,0,0,0,16162072,16162072,3034
143110,483,1008,1173,2,0,11200,0,0,0,16163022,16163022,3034
143126,483,1048,1173,2,0,11200,0,0,0,16164053,16164053,3034
143142,484,1083,1173,2,0,11200,0,0,0,16165040,16165040,3034
143158,484,1111,1173,2,0,11200,0,0,0,16166019,16166019,3034
143174,484,1144,1173,2,0,11200,0,0,0,16167048,16167048,3034
143191,484,1162,1173,2,0,11200,0,0,0,16168039,16168039,3034
143206,484,14,1173,1,0,11200,0,0,0,16169104,16169104,3034
143222,484,65,1173,1,0,11200,0,0,0,16170328,16170328,3034
143237,484,112,1173,1,0,11200,0,0,0,16171343,16171343,3034
143253,484,145,1173,1,0,11200,0,0,0,16172506,16172506,3034
143269,484,167,1173,1,0,11200,0,0,0,16173600,16173600,3034
143285,484,188,1173,1,0,11200,0,0,0,16174721,16174721,3034
143302,484,219,1173,1,0,11200,0,0,0,16175815,16175815,3034
143317,484,242,1173,1,0,11200,0,0,0,16176836,16176836,3034
143333,484,270,1173,1,0,11200,0,0,0,16177843,16177843,3034
143348,484,307,1173,1,0,11200,0,0,0,16178809,16178809,3034
143363,484,336,1173,1,0,11200,0,0,0,16179769,16179769,3034
143379,484,377,1173,1,0,11200,0,0,0,16180767,16180767,3034
143396,484,406,1173,1,0,11200,0,0,0,16181838,16181838,3034
143411,484,446,1173,1,0,11200,0,0,0,16182838,16182838,3034
143428,484,478,1173,1,0,11200,0,0,0,16183910,16183910,3034
143443,484,504,1173,1,0,11200,0,0,0,16184884,16184884,3034
143459,484,532,1173,1,0,11200,0,0,0,16185850,16185850,3034
143474,484,582,1173,1,0,11200,0,0,0,16186882,16186882,3034
143489,484,626,1173,1,0,11200,0,0,0,16187905,16187905,3034
143504,484,661,1173,1,0,11200,0,0,0,16188838,16188838,3034
143519,484,695,1173,1,0,11200,0,0,0,16189801,16189801,3034
143538,484,714,1173,1,0,11200,0,0,0,16190646,16190646,3034
143553,484,739,1173,1,0,11200,0,0,0,16191378,16191378,3034
143568,484,774,1173,1,0,11200,0,0,0,16192165,16192165,3034
143584,484,800,1173,1,0,11200,0,0,0,16193069,16193069,3034
143600,484,847,1173,1,0,11200,0,0,0,16194069,16194069,3034
143615,484,881,1173,1,0,11200,0,0,0,16195026,16195026,3034
143630,484,926,1173,1,0,11200,0,0,0,16195944,16195944,3034
143646,484,965,1173,1,0,11200,0,0,0,16196907,16196907,3034
143662,484,999,1173,1,0,11200,0,0,0,16197879,16197879,3034
143678,484,1024,1174,2,0,11200,0,0,0,16198986,16198986,3035
143693,484,1061,1174,2,0,11200,0,0,0,16199954,16199954,3035
143709,485,1098,1174,2,0,11200,0,0,0,16200964,16200964,3035
143726,485,1121,1174,2,0,11200,0,0,0,16201977,16201977,3035
143741,485,1151,1174,2,0,11200,0,0,0,16202953,16202953,3035
143757,485,2,1174,1,0,11200,0,0,0,16203939,16203939,3035
143774,485,28,1174,1,0,11200,0,0,0,16205267,16205267,3035
143790,485,88,1174,1,0,11200,0,0,0,16206325,16206325,3035
143805,485,121,1174,1,0,11200,0,0,0,16207341,16207341,3035
143821,485,150,1174,1,0,11200,0,0,0,16208513,16208513,3035
143837,485,179,1174,1,0,11200,0,0,0,16209612,16209612,3035
143852,485,198,1174,1,0,11200,0,0,0,16210601,16210601,3035
143868,485,222,1174,1,0,11200,0,0,0,16211611,16211611,3035
143884,485,247,1174,1,0,11200,0,0,0,16212728,16212728,3035
143900,485,287,1174,1,0,11200,0,0,0,16213810,16213810,3035
143916,485,311,1174,1,0,11200,0,0,0,16214838,16214838,3035
143932,485,343,1174,1,0,11200,0,0,0,16215811,16215811,3035
143948,485,381,1174,1,0,11200,0,0,0,16216799,16216799,3035
143963,485,433,1174,1,0,11200,0,0,0,16217809,16217809,3035
143979,485,460,1174,1,0,11200,0,0,0,16218751,16218751,3035
143995,485,490,1174,1,0,11200,0,0,0,16219886,16219886,3035
144010,485,527,1174,1,0,11200,0,0,0,16220869,16220869,3035
144026,485,559,1174,1,0,11200,0,0,0,16221950,16221950,3035
144042,485,587,1174,1,0,11200,0,0,0,16222964,16222964,3035
144058,485,638,1174,1,0,11200,0,0,0,16224016,16224016,3035
144074,485,665,1174,1,0,11200,0,0,0,16225017,16225017,3035
144089,485,698,1174,1,0,11200,0,0,0,16225955,16225955,3035
144106,485,725,1174,1,0,11200,0,0,0,16226721,16226721,3035
144122,485,755,1174,1,0,11200,0,0,0,16227556,16227556,3035
144138,485,784,1174,1,0,11200,0,0,0,16228471,16228471,3035
144154,485,826,1174,1,0,11200,0,0,0,16229479,16229479,3035
144170,485,858,1174,1,0,11200,0,0,0,16230433,16230433,3035
144185,485,898,1174,1,0,11200,0,0,0,16231384,16231384,3035
144201,485,940,1174,1,0,11200,0,0,0,16232224,16232224,3035
144216,485,971,1174,1,0,11200,0,0,0,16233239,16233239,3035
144232,485,1002,1174,1,0,11200,0,0,0,16234198,16234198,3035
144247,485,1034,1174,1,0,11200,0,0,0,16235226,16235226,3035
144263,486,1068,1174,1,0,11200,0,0,0,16236200,16236200,3035
144278,486,1106,1174,1,0,11200,0,0,0,16237189,16237189,3035
144294,486,1130,1174,1,0,11200,0,0,0,16238189,16238189,3035
144311,486,1157,1174,1,0,11200,0,0,0,16239217,16239217,3035
144326,486,9,1174,1,0,11200,0,0,0,16240142,16240142,3035
144341,486,31,1174,1,0,11200,0,0,0,16241376,16241376,3035
144356,486,110,1174,1,0,11200,0,0,0,16242336,16242336,3035
144372,486,138,1174,1,0,11200,0,0,0,16243474,16243474,3035
144387,486,161,1174,1,0,11200,0,0,0,16244488,16244488,3035
144404,486,189,1174,1,0,11200,0,0,0,16245595,16245595,3035
144420,486,213,1174,1,0,11200,0,0,0,16246703,16246703,3035
144436,486,229,1174,1,0,11200,0,0,0,16247742,16247742,3035
144452,486,260,1174,1,0,11200,0,0,0,16248897,16248897,3035
144467,486,289,1174,1,0,11200,0,0,0,16249854,16249854,3035
144483,486,315,1174,1,0,11200,0,0,0,16250814,16250814,3035
144500,486,357,1174,1,0,11200,0,0,0,16251945,16251945,3035
144515,486,398,1174,1,0,11200,0,0,0,16252978,16252978,3035
144531,486,436,1174,1,0,11200,0,0,0,16254003,16254003,3035
144546,486,473,1174,1,0,11200,0,0,0,16255029,16255029,3035
144561,486,493,1174,1,0,11200,0,0,0,16256044,16256044,3035
144577,486,524,1174,1,0,11200,0,0,0,16257048,16257048,3035
144592,486,565,1174,1,0,11200,0,0,0,16258134,16258134,3035
144608,486,596,1174,1,0,11200,0,0,0,16259133,16259133,3035
144623,486,629,1174,1,0,11200,0,0,0,16259989,16259989,3035
144640,486,672,1174,1,0,11200,0,0,0,16261085,16261085,3035
144656,486,690,1174,1,0,11200,0,0,0,16261924,16261924,3035
144671,486,708,1174,1,0,11200,0,0,0,16262663,16262663,3035
144686,486,732,1174,1,0,11200,0,0,0,16263340,16263340,3035
144701,486,752,1174,1,0,11200,0,0,0,16264214,16264214,3035
144716,486,779,1175,2,0,11200,0,0,0,16265004,16265004,3036
144732,486,810,1175,2,0,11200,0,0,0,16265839,16265839,3036
144747,486,851,1175,2,0,11200,0,0,0,16266630,16266630,3036
144762,486,890,1175,2,0,11200,0,0,0,16267621,16267621,3036
144778,486,917,1175,2,0,11200,0,0,0,16268410,16268410,3036
144793,486,961,1175,2,0,11200,0,0,0,16269418,16269418,3036
144808,486,983,1175,2,0,11200,0,0,0,16270334,16270334,3036
144824,486,1008,1175,2,0,11200,0,0,0,16271218,16271218,3036
144839,486,1039,1175,2,0,11200,0,0,0,16272174,16272174,3036
144855,487,1070,1175,2,0,11200,0,0,0,16273058,16273058,3036
144870,487,1108,1175,2,0,11200,0,0,0,16273952,16273952,3036
144885,487,1130,1175,2,0,11200,0,0,0,16274930,16274930,3036
144901,487,1159,1175,2,0,11200,0,0,0,16275829,16275829,3036
144916,487,11,1175,1,0,11200,0,0,0,16276902,16276902,3036
144931,487,29,1175,1,0,11200,0,0,0,16277991,16277991,3036
144947,487,107,1175,1,0,11200,0,0,0,16278936,16278936,3036
144962,487,138,1175,1,0,11200,0,0,0,16279957,16279957,3036
144978,487,174,1175,1,0,11200,0,0,0,16281102,16281102,3036
144995,487,202,1175,1,0,11200,0,0,0,16282262,16282262,3036
145011,487,225,1175,1,0,11200,0,0,0,16283381,16283381,3036
145026,487,255,1175,1,0,11200,0,0,0,16284395,16284395,3036
145041,487,287,1175,1,0,11200,0,0,0,16285395,16285395,3036
145056,487,314,1175,1,0,11200,0,0,0,16286364,16286364,3036
145072,487,344,1175,1,0,11200,0,0,0,16287377,16287377,3036
145087,487,369,1175,1,0,11200,0,0,0,16288307,16288307,3036
145102,487,431,1175,1,0,11200,0,0,0,16289263,16289263,3036
145118,487,457,1175,1,0,11200,0,0,0,16290204,16290204,3036
145133,487,486,1175,1,0,11200,0,0,0,16291251,16291251,3036
145148,487,504,1175,1,0,11200,0,0,0,16292233,16292233,3036
145163,487,529,1175,1,0,11200,0,0,0,16293154,16293154,3036
145179,487,559,1175,1,0,11200,0,0,0,16294255,16294255,3036
145195,487,595,1175,1,0,11200,0,0,0,16295240,16295240,3036
145210,487,626,1175,1,0,11200,0,0,0,16296236,16296236,3036
145226,487,659,1175,1,0,11200,0,0,0,16297237,16297237,3036
145241,487,686,1175,1,0,11200,0,0,0,16298144,16298144,3036
145257,487,702,1175,1,0,11200,0,0,0,16298984,16298984,3036
145273,487,723,1175,1,0,11200,0,0,0,16299732,16299732,3036
145288,487,749,1175,1,0,11200,0,0,0,16300560,16300560,3036
145305,487,784,1175,1,0,11200,0,0,0,16301438,16301438,3036
145320,487,817,1175,1,0,11200,0,0,0,16302218,16302218,3036
145335,487,848,1175,1,0,11200,0,0,0,16303135,16303135,3036
145351,487,887,1175,1,0,11200,0,0,0,16304054,16304054,3036
145366,487,914,1175,1,0,11200,0,0,0,16304923,16304923,3036
145382,487,949,1175,1,0,11200,0,0,0,16305750,16305750,3036
145399,487,972,1175,1,0,11200,0,0,0,16306761,16306761,3036
145416,487,1005,1175,1,0,11200,0,0,0,16307767,16307767,3036
145431,487,1033,1175,1,0,11200,0,0,0,16308696,16308696,3036
145446,488,1078,1175,1,0,11200,0,0,0,16309613,16309613,3036
145461,488,1112,1175,1,0,11200,0,0,0,16310653,16310653,3036
145477,488,1138,1175,1,0,11200,0,0,0,16311635,16311635,3036
145493,488,1158,1175,1,0,11200,0,0,0,16312623,16312623,3036
145509,488,8,1175,0,0,11200,0,0,0,16313644,16313644,3036
145524,488,29,1175,0,0,11200,0,0,0,16314836,16314836,3036
145540,488,99,1175,0,0,11200,0,0,0,16315774,16315774,3036
145555,488,127,1175,0,0,11200,0,0,0,16316806,16316806,3036
145571,488,155,1175,0,0,11200,0,0,0,16317960,16317960,3036
145587,488,181,1175,0,0,11200,0,0,0,16319036,16319036,3036
145602,488,211,1175,0,0,11200,0,0,0,16320103,16320103,3036
145618,488,232,1175,0,0,11200,0,0,0,16321161,16321161,3036
145634,488,260,1175,0,0,11200,0,0,0,16322239,16322239,3036
145649,488,290,1175,0,0,11200,0,0,0,16323254,16323254,3036
145664,488,329,1175,0,0,11200,0,0,0,16324233,16324233,3036
145680,488,363,1175,0,0,11200,0,0,0,16325315,16325315,3036
145695,488,401,1175,0,0,11200,0,0,0,16326297,16326297,3036
145710,488,440,1175,0,0,11200,0,0,0,16327260,16327260,3036
145726,488,466,1175,0,0,11200,0,0,0,16328207,16328207,3036
145741,488,494,1175,0,0,11200,0,0,0,16329243,16329243,3036
145756,488,524,1175,0,0,11200,0,0,0,16330250,16330250,3036
145772,488,556,1175,0,0,11200,0,0,0,16331303,16331303,3036
145788,488,587,1175,0,0,11200,0,0,0,16332328,16332328,3036
145803,488,626,1175,0,0,11200,0,0,0,16333260,16333260,3036
145818,488,652,1175,0,0,11200,0,0,0,16334071,16334071,3036
145834,488,683,1175,0,0,11200,0,0,0,16334962,16334962,3036
145850,488,712,1175,0,0,11200,0,0,0,16335832,16335832,3036
145866,488,746,1175,0,0,11200,0,0,0,16336585,16336585,3036
145883,488,774,1175,0,0,11200,0,0,0,16337465,16337465,3036
145898,488,794,1175,0,0,11200,0,0,0,16338266,16338266,3036
145914,488,840,1175,0,0,11200,0,0,0,16339214,16339214,3036
145930,488,877,1175,0,0,11200,0,0,0,16340145,16340145,3036
145950,488,916,1175,0,0,11200,0,0,0,16341125,16341125,3036
145965,488,947,1175,0,0,11200,0,0,0,16342025,16342025,3036
145980,488,970,1175,0,0,11200,0,0,0,16342899,16342899,3036
145995,488,993,1175,0,0,11200,0,0,0,16343850,16343850,3036
146012,488,1020,1175,0,0,11200,0,0,0,16344904,16344904,3036
146028,488,1065,1175,0,0,11200,0,0,0,16345922,16345922,3036
146043,489,1099,1175,0,0,11200,0,0,0,16346812,16346812,3036
146058,489,1131,1175,0,0,11200,0,0,0,16347746,16347746,3036
146073,489,1158,1175,0,0,11200,0,0,0,16348743,16348743,3036
146089,489,13,1175,0,0,11200,0,0,0,16349741,16349741,3036
146105,489,65,1175,0,0,11200,0,0,0,16351014,16351014,3036
146120,489,122,1175,0,0,11200,0,0,0,16352079,16352079,3036
146135,489,153,1175,0,0,11200,0,0,0,16353214,16353214,3036
146151,489,179,1175,0,0,11200,0,0,0,16354295,16354295,3036
146166,489,200,1175,0,0,11200,0,0,0,16355253,16355253,3036
146182,489,221,1175,0,0,11200,0,0,0,16356310,16356310,3036
146198,489,246,1175,0,0,11200,0,0,0,16357441,16357441,3036
146213,489,278,1175,0,0,11200,0,0,0,16358430,16358430,3036
146230,489,315,1175,0,0,11200,0,0,0,16359526,16359526,3036
146246,489,352,1175,0,0,11200,0,0,0,16360610,16360610,3036
146262,489,398,1175,0,0,11200,0,0,0,16361625,16361625,3036
146277,489,440,1175,0,0,11200,0,0,0,16362584,16362584,3036
146293,489,466,1175,0,0,11200,0,0,0,16363584,16363584,3036
146309,489,493,1175,0,0,11200,0,0,0,16364591,16364591,3036
146324,489,528,1175,0,0,11200,0,0,0,16365551,16365551,3036
146339,489,546,1175,0,0,11200,0,0,0,16366446,16366446,3036
146354,489,595,1175,0,0,11200,0,0,0,16367395,16367395,3036
146370,489,629,1175,0,0,11200,0,0,0,16368350,16368350,3036
146386,489,655,1175,0,0,11200,0,0,0,16369372,16369372,3036
146402,489,686,1175,0,0,11200,0,0,0,16370339,16370339,3036
146420,489,714,1175,0,0,11200,0,0,0,16371239,16371239,3036
146435,489,734,1175,0,0,11200,0,0,0,16371960,16371960,3036
146450,489,767,1175,0,0,11200,0,0,0,16372774,16372774,3036
146466,489,798,1175,0,0,11200,0,0,0,16373629,16373629,3036
146482,489,841,1175,0,0,11200,0,0,0,16374513,16374513,3036
146498,489,886,1175,0,0,11200,0,0,0,16375470,16375470,3036
146513,489,928,1175,0,0,11200,0,0,0,16376369,16376369,3036
146529,489,956,1175,0,0,11200,0,0,0,16377223,16377223,3036
146544,489,994,1175,0,0,11200,0,0,0,16378271,16378271,3036
146560,489,1020,1175,0,0,11200,0,0,0,16379292,16379292,3036
146575,489,1065,1175,0,0,11200,0,0,0,16380248,16380248,3036
146591,490,1098,1175,0,0,11200,0,0,0,16381162,16381162,3036
146607,490,1128,1175,0,0,11200,0,0,0,16382171,16382171,3036
146623,490,1154,1175,0,0,11200,0,0,0,16383246,16383246,3036
146638,490,3,1175,0,0,11200,0,0,0,16384215,16384215,3036
146655,490,25,1175,0,0,11200,0,0,0,16385386,16385386,3036
146670,490,90,1175,0,0,11200,0,0,0,16386341,16386341,3036
146685,490,128,1175,0,0,11200,0,0,0,16387493,16387493,3036
146701,490,158,1175,0,0,11200,0,0,0,16388743,16388743,3036
146718,490,186,1175,0,0,11200,0,0,0,16389805,16389805,3036
146733,490,212,1175,0,0,11200,0,0,0,16390790,16390790,3036
146748,490,230,1175,0,0,11200,0,0,0,16391818,16391818,3036
146764,490,264,1175,0,0,11200,0,0,0,16392905,16392905,3036
146780,490,288,1175,0,0,11200,0,0,0,16393874,16393874,3036
146795,490,325,1175,0,0,11200,0,0,0,16394853,16394853,3036
146811,490,352,1175,0,0,11200,0,0,0,16395846,16395846,3036
146827,490,406,1175,0,0,11200,0,0,0,16396958,16396958,3036
146842,490,450,1175,0,0,11200,0,0,0,16397941,16397941,3036
146857,490,484,1175,0,0,11200,0,0,0,16398905,16398905,3036
146872,490,502,1175,0,0,11200,0,0,0,16399807,16399807,3036
146887,490,529,1175,0,0,11200,0,0,0,16400746,16400746,3036
146902,490,559,1175,0,0,11200,0,0,0,16401836,16401836,3036
146918,490,588,1175,0,0,11200,0,0,0,16402748,16402748,3036
146934,490,634,1175,0,0,11200,0,0,0,16403807,16403807,3036
146949,490,657,1175,0,0,11200,0,0,0,16404679,16404679,3036
146965,490,681,1175,0,0,11200,0,0,0,16405607,16405607,3036
146982,490,700,1175,0,0,11200,0,0,0,16406455,16406455,3036
146997,490,723,1175,0,0,11200,0,0,0,16407157,16407157,3036
147013,490,753,1175,0,0,11200,0,0,0,16407996,16407996,3036
147028,490,776,1175,0,0,11200,0,0,0,16408876,16408876,3036
147043,490,805,1175,0,0,11200,0,0,0,16409794,16409794,3036
147059,490,845,1175,0,0,11200,0,0,0,16410610,16410610,3036
147074,490,875,1175,0,0,11200,0,0,0,16411514,16411514,3036
147089,490,902,1175,0,0,11200,0,0,0,16412443,16412443,3036
147105,490,927,1175,0,0,11200,0,0,0,16413285,16413285,3036
147120,490,963,1175,0,0,11200,0,0,0,16414302,16414302,3036
147136,490,990,1175,0,0,11200,0,0,0,16415311,16415311,3036
147152,490,1017,1175,0,0,11200,0,0,0,16416299,16416299,3036
147168,490,1057,1175,0,0,11200,0,0,0,16417329,16417329,3036
147183,491,1086,1175,0,0,11200,0,0,0,16418301,16418301,3036
147198,491,1110,1175,0,0,11200,0,0,0,16419216,16419216,3036
147213,491,1136,1175,0,0,11200,0,0,0,16420228,16420228,3036
147228,491,1157,1175,0,0,11200,0,0,0,16421169,16421169,3036
147244,491,8,1175,0,0,11200,0,0,0,16422132,16422132,3036
147259,491,28,1175,0,0,11200,0,0,0,16423280,16423280,3036
147274,491,81,1175,0,0,11200,0,0,0,16424157,16424157,3036
147290,491,123,1175,0,0,11200,0,0,0,16425310,16425310,3036
147306,491,156,1175,0,0,11200,0,0,0,16426543,16426543,3036
147321,491,180,1175,0,0,11200,0,0,0,16427533,16427533,3036
147336,491,206,1175,0,0,11200,0,0,0,16428515,16428515,3036
147352,491,228,1175,0,0,11200,0,0,0,16429632,16429632,3036
147367,491,260,1175,0,0,11200,0,0,0,16430781,16430781,3036
147382,491,290,1175,0,0,11200,0,0,0,16431725,16431725,3036
147398,491,322,1175,0,0,11200,0,0,0,16432759,16432759,3036
147414,491,356,1175,0,0,11200,0,0,0,16433731,16433731,3036
147429,491,402,1175,0,0,11200,0,0,0,16434702,16434702,3036
147445,491,450,1175,0,0,11200,0,0,0,16435689,16435689,3036
147460,491,490,1175,0,0,11200,0,0,0,16436705,16436705,3036
147476,491,513,1175,0,0,11200,0,0,0,16437618,16437618,3036
147492,491,538,1175,0,0,11200,0,0,0,16438669,16438669,3036
147508,491,584,1175,0,0,11200,0,0,0,16439661,16439661,3036
147524,491,617,1175,0,0,11200,0,0,0,16440569,16440569,3036
147539,491,655,1175,0,0,11200,0,0,0,16441547,16441547,3036
147555,491,686,1175,0,0,11200,0,0,0,16442617,16442617,3036
147571,491,712,1175,0,0,11200,0,0,0,16443408,16443408,3036
147586,491,739,1175,0,0,11200,0,0,0,16444207,16444207,3036
147601,491,771,1175,0,0,11200,0,0,0,16445026,16445026,3036
147617,491,787,1175,0,0,11200,0,0,0,16445779,16445779,3036
147632,491,826,1175,0,0,11200,0,0,0,16446603,16446603,3036
147647,491,858,1175,0,0,11200,0,0,0,16447579,16447579,3036
147662,491,896,1175,0,0,11200,0,0,0,16448506,16448506,3036
147678,491,917,1175,0,0,11200,0,0,0,16449292,16449292,3036
147694,491,956,1175,0,0,11200,0,0,0,16450288,16450288,3036
147709,491,987,1175,0,0,11200,0,0,0,16451278,16451278,3036
147724,491,1017,1175,0,0,11200,0,0,0,16452241,16452241,3036
147740,491,1049,1175,0,0,11200,0,0,0,16453204,16453204,3036
147756,492,1078,1175,0,0,11200,0,0,0,16454132,16454132,3036
147771,492,1112,1175,0,0,11200,0,0,0,16455068,16455068,3036
147788,492,1143,1175,0,0,11200,0,0,0,16456069,16456069,3036
147803,492,1170,1175,0,0,11200,0,0,0,16456932,16456932,3036
147819,492,19,1175,0,0,11200,0,0,0,16458076,16458076,3036
147835,492,65,1175,0,0,11200,0,0,0,16459046,16459046,3036
147851,492,120,1175,0,0,11200,0,0,0,16460126,16460126,3036
147867,492,155,1175,0,0,11200,0,0,0,16461339,16461339,3036
147882,492,186,1175,0,0,11200,0,0,0,16462379,16462379,3036
147897,492,214,1175,0,0,11200,0,0,0,16463405,16463405,3036
147912,492,234,1175,0,0,11200,0,0,0,16464413,16464413,3036
147927,492,277,1175,0,0,11200,0,0,0,16465575,16465575,3036
147943,492,300,1175,0,0,11200,0,0,0,16466611,16466611,3036
147960,492,337,1175,0,0,11200,0,0,0,16467661,16467661,3036
147975,492,368,1175,0,0,11200,0,0,0,16468728,16468728,3036
147991,492,408,1175,0,0,11200,0,0,0,16469678,16469678,3036
148007,492,450,1175,0,0,11200,0,0,0,16470685,16470685,3036
148022,492,484,1175,0,0,11200,0,0,0,16471651,16471651,3036
148038,492,509,1175,0,0,11200,0,0,0,16472631,16472631,3036
148053,492,539,1175,0,0,11200,0,0,0,16473594,16473594,3036
148068,492,573,1175,0,0,11200,0,0,0,16474549,16474549,3036
148084,492,623,1175,0,0,11200,0,0,0,16475481,16475481,3036
148099,492,659,1175,0,0,11200,0,0,0,16476414,16476414,3036
148116,492,688,1175,0,0,11200,0,0,0,16477398,16477398,3036
148132,492,712,1175,0,0,11200,0,0,0,16478179,16478179,3036
148147,492,739,1175,0,0,11200,0,0,0,16478884,16478884,3036
148163,492,771,1175,0,0,11200,0,0,0,16479846,16479846,3036
148178,492,790,1175,0,0,11200,0,0,0,16480646,16480646,3036
148193,492,847,1175,0,0,11200,0,0,0,16481636,16481636,3036
148209,492,890,1175,0,0,11200,0,0,0,16482607,16482607,3036
148224,492,935,1175,0,0,11200,0,0,0,16483518,16483518,3036
148240,492,964,1175,0,0,11200,0,0,0,16484486,16484486,3036
148255,492,990,1175,0,0,11200,0,0,0,16485466,16485466,3036
148271,492,1015,1175,0,0,11200,0,0,0,16486517,16486517,3036
148287,492,1052,1175,0,0,11200,0,0,0,16487566,16487566,3036
148302,493,1087,1175,0,0,11200,0,0,0,16488566,16488566,3036
148318,493,1116,1175,0,0,11200,0,0,0,16489515,16489515,3036
148335,493,1140,1175,0,0,11200,0,0,0,16490435,16490435,3036
148350,493,1161,1175,0,0,11200,0,0,0,16491338,16491338,3036
148365,493,9,1175,0,0,11200,0,0,0,16492256,16492256,3036
148381,493,46,1175,0,0,11200,0,0,0,16493359,16493359,3036
148396,493,107,1175,0,0,11200,0,0,0,16494329,16494329,3036
148412,493,135,1175,0,0,11200,0,0,0,16495441,16495441,3036
148427,493,167,1175,0,0,11200,0,0,0,16496695,16496695,3036
148444,493,191,1175,0,0,11200,0,0,0,16497758,16497758,3036
148460,493,218,1175,0,0,11200,0,0,0,16498772,16498772,3036
148476,493,245,1175,0,0,11200,0,0,0,16499866,16499866,3036
148491,493,278,1175,0,0,11200,0,0,0,16500970,16500970,3036
148507,493,308,1175,0,0,11200,0,0,0,16502031,16502031,3036
148522,493,344,1175,0,0,11200,0,0,0,16502957,16502957,3036
148538,493,381,1175,0,0,11200,0,0,0,16503995,16503995,3036
148553,493,423,1175,0,0,11200,0,0,0,16504917,16504917,3036
148569,493,447,1175,0,0,11200,0,0,0,16505909,16505909,3036
148585,493,478,1175,0,0,11200,0,0,0,16506921,16506921,3036
148601,493,509,1175,0,0,11200,0,0,0,16507971,16507971,3036
148617,493,539,1175,0,0,11200,0,0,0,16509014,16509014,3036
148633,493,583,1175,0,0,11200,0,0,0,16510067,16510067,3036
148648,493,626,1175,0,0,11200,0,0,0,16511015,16511015,3036
148665,493,651,1175,0,0,11200,0,0,0,16512050,16512050,3036
148681,493,676,1175,0,0,11200,0,0,0,16513035,16513035,3036
148698,493,707,1175,0,0,11200,0,0,0,16513957,16513957,3036
148713,493,719,1175,0,0,11200,0,0,0,16514583,16514583,3036
148729,493,750,1175,0,0,11200,0,0,0,16515300,16515300,3036
148744,493,775,1175,0,0,11200,0,0,0,16516042,16516042,3036
148759,493,794,1175,0,0,11200,0,0,0,16516667,16516667,3036
148775,493,841,1175,0,0,11200,0,0,0,16517550,16517550,3036
148791,493,873,1175,0,0,11200,0,0,0,16518543,16518543,3036
148807,493,910,1175,0,0,11200,0,0,0,16519540,16519540,3036
148823,493,959,1175,0,0,11200,0,0,0,16520509,16520509,3036
148839,493,985,1175,0,0,11200,0,0,0,16521476,16521476,3036
148854,493,1016,1175,0,0,11200,0,0,0,16522495,16522495,3036
148869,493,1056,1175,0,0,11200,0,0,0,16523430,16523430,3036
148885,494,1092,1175,0,0,11200,0,0,0,16524506,16524506,3036
148901,494,1113,1175,0,0,11200,0,0,0,16525493,16525493,3036
148917,494,1144,1175,0,0,11200,0,0,0,16526509,16526509,3036
148933,494,1162,1175,0,0,11200,0,0,0,16527541,16527541,3036
148948,494,15,1175,0,0,11200,0,0,0,16528663,16528663,3036
148963,494,50,1175,0,0,11200,0,0,0,16529765,16529765,3036
148978,494,99,1175,0,0,11200,0,0,0,16530681,16530681,3036
148994,494,125,1175,0,0,11200,0,0,0,16531854,16531854,3036
149009,494,153,1175,0,0,11200,0,0,0,16533053,16533053,3036
149025,494,181,1175,0,0,11200,0,0,0,16534122,16534122,3036
149040,494,206,1175,0,0,11200,0,0,0,16535141,16535141,3036
149056,494,225,1175,0,0,11200,0,0,0,16536179,16536179,3036
149071,494,254,1175,0,0,11200,0,0,0,16537227,16537227,3036
149087,494,277,1175,0,0,11200,0,0,0,16538244,16538244,3036
149102,494,306,1175,0,0,11200,0,0,0,16539255,16539255,3036
149118,494,336,1175,0,0,11200,0,0,0,16540269,16540269,3036
149134,494,378,1175,0,0,11200,0,0,0,16541281,16541281,3036
149149,494,406,1175,0,0,11200,0,0,0,16542157,16542157,3036
149166,494,447,1175,0,0,11200,0,0,0,16543225,16543225,3036
149181,494,477,1175,0,0,11200,0,0,0,16544182,16544182,3036
149197,494,492,1175,0,0,11200,0,0,0,16545150,16545150,3036
149213,494,527,1175,0,0,11200,0,0,0,16546155,16546155,3036
149228,494,555,1175,0,0,11200,0,0,0,16547147,16547147,3036
149243,494,597,1175,0,0,11200,0,0,0,16548039,16548039,3036
149259,494,629,1175,0,0,11200,0,0,0,16549012,16549012,3036
149275,494,659,1175,0,0,11200,0,0,0,16549880,16549880,3036
149291,494,700,1175,0,0,11200,0,0,0,16550757,16550757,3036
149307,494,730,1175,0,0,11200,0,0,0,16551494,16551494,3036
149323,494,760,1175,0,0,11200,0,0,0,16552369,16552369,3036
149339,494,784,1175,0,0,11200,0,0,0,16553198,16553198,3036
149354,494,826,1175,0,0,11200,0,0,0,16554077,16554077,3036
149369,494,856,1175,0,0,11200,0,0,0,16554937,16554937,3036
149385,494,901,1175,0,0,11200,0,0,0,16555969,16555969,3036
149400,494,931,1175,0,0,11200,0,0,0,16556878,16556878,3036
149415,494,963,1175,0,0,11200,0,0,0,16557826,16557826,3036
149431,494,986,1175,0,0,11200,0,0,0,16558751,16558751,3036
149446,494,1005,1175,0,0,11200,0,0,0,16559648,16559648,3036
149462,494,1039,1175,0,0,11200,0,0,0,16560689,16560689,3036
149478,495,1082,1175,0,0,11200,0,0,0,16561751,16561751,3036
149494,495,1113,1175,0,0,11200,0,0,0,16562765,16562765,3036
149509,495,1139,1175,0,0,11200,0,0,0,16563800,16563800,3036
149525,495,1161,1175,0,0,11200,0,0,0,16564744,16564744,3036
149540,495,14,1175,0,0,11200,0,0,0,16565921,16565921,3036
149556,495,39,1175,0,0,11200,0,0,0,16567091,16567091,3036
149571,495,101,1175,0,0,11200,0,0,0,16568054,16568054,3036
149587,495,133,1175,0,0,11200,0,0,0,16569078,16569078,3036
149602,495,158,1175,0,0,11200,0,0,0,16570239,16570239,3036
149619,495,178,1175,0,0,11200,0,0,0,16571230,16571230,3036
149634,495,210,1175,0,0,11200,0,0,0,16572271,16572271,3036
149649,495,230,1175,0,0,11200,0,0,0,16573304,16573304,3036
149665,495,268,1175,0,0,11200,0,0,0,16574456,16574456,3036
149681,495,300,1175,0,0,11200,0,0,0,16575493,16575493,3036
149697,495,337,1175,0,0,11200,0,0,0,16576507,16576507,3036
149712,495,368,1175,0,0,11200,0,0,0,16577537,16577537,3036
149728,495,431,1175,0,0,11200,0,0,0,16578572,16578572,3036
149745,495,475,1175,0,0,11200,0,0,0,16579552,16579552,3036
149760,495,504,1175,0,0,11200,0,0,0,16580444,16580444,3036
149776,495,529,1175,0,0,11200,0,0,0,16581405,16581405,3036
149791,495,563,1175,0,0,11200,0,0,0,16582433,16582433,3036
149806,495,612,1175,0,0,11200,0,0,0,16583341,16583341,3036
149822,495,651,1175,0,0,11200,0,0,0,16584361,16584361,3036
149838,495,686,1175,0,0,11200,0,0,0,16585509,16585509,3036
149854,495,708,1175,0,0,11200,0,0,0,16586329,16586329,3036
149869,495,731,1175,0,0,11200,0,0,0,16586974,16586974,3036
149884,495,752,1175,0,0,11200,0,0,0,16587788,16587788,3036
149899,495,775,1175,0,0,11200,0,0,0,16588590,16588590,3036
149917,495,799,1175,0,0,11200,0,0,0,16589480,16589480,3036
149932,495,837,1175,0,0,11200,0,0,0,16590178,16590178,3036
149949,495,875,1175,0,0,11200,0,0,0,16591227,16591227,3036
149964,495,903,1175,0,0,11200,0,0,0,16592203,16592203,3036
149979,495,935,1175,0,0,11200,0,0,0,16592991,16592991,3036
149994,495,971,1175,0,0,11200,0,0,0,16593989,16593989,3036
150010,495,998,1175,0,0,11200,0,0,0,16594905,16594905,3036
150026,495,1033,1175,0,0,11200,0,0,0,16595962,16595962,3036
150041,495,1062,1175,0,0,11200,0,0,0,16596870,16596870,3036
150056,496,1097,1175,0,0,11200,0,0,0,16597853,16597853,3036
150072,496,1124,1175,0,0,11200,0,0,0,16598875,16598875,3036
150089,496,1145,1175,0,0,11200,0,0,0,16599849,16599849,3036
150104,496,1174,1175,0,0,11200,0,0,0,16600781,16600781,3036
150119,496,24,1175,0,0,11200,0,0,0,16601994,16601994,3036
150134,496,99,1175,0,0,11200,0,0,0,16602961,16602961,3036
150151,496,123,1175,0,0,11200,0,0,0,16604183,16604183,3036
150166,496,154,1175,0,0,11200,0,0,0,16605388,16605388,3036
150182,496,181,1175,0,0,11200,0,0,0,16606531,16606531,3036
150197,496,202,1175,0,0,11200,0,0,0,16607496,16607496,3036
150213,496,221,1175,0,0,11200,0,0,0,16608485,16608485,3036
150228,496,243,1175,0,0,11200,0,0,0,16609596,16609596,3036
150244,496,277,1175,0,0,11200,0,0,0,16610630,16610630,3036
150260,496,304,1175,0,0,11200,0,0,0,16611692,16611692,3036
150275,496,332,1175,0,0,11200,0,0,0,16612585,16612585,3036
150291,496,378,1175,0,0,11200,0,0,0,16613665,16613665,3036
150308,496,405,1175,0,0,11200,0,0,0,16614659,16614659,3036
150325,496,446,1175,0,0,11200,0,0,0,16615717,16615717,3036
150340,496,475,1175,0,0,11200,0,0,0,16616692,16616692,3036
150357,496,494,1175,0,0,11200,0,0,0,16617810,16617810,3036
150373,496,522,1175,0,0,11200,0,0,0,16618777,16618777,3036
150388,496,546,1175,0,0,11200,0,0,0,16619817,16619817,3036
150403,496,586,1175,0,0,11200,0,0,0,16620765,16620765,3036
150419,496,631,1175,0,0,11200,0,0,0,16621743,16621743,3036
150435,496,659,1175,0,0,11200,0,0,0,16622752,16622752,3036
150450,496,694,1175,0,0,11200,0,0,0,16623733,16623733,3036
150466,496,712,1175,0,0,11200,0,0,0,16624525,16624525,3036
150483,496,741,1175,0,0,11200,0,0,0,16625217,16625217,3036
150499,496,770,1175,0,0,11200,0,0,0,16626198,16626198,3036
150516,496,785,1175,0,0,11200,0,0,0,16626983,16626983,3036
150531,496,826,1175,0,0,11200,0,0,0,16628007,16628007,3036
150547,496,854,1175,0,0,11200,0,0,0,16628957,16628957,3036
150563,496,896,1175,0,0,11200,0,0,0,16629867,16629867,3036
150579,496,928,1175,0,0,11200,0,0,0,16630816,16630816,3036
150595,496,959,1175,0,0,11200,0,0,0,16631781,16631781,3036
150610,496,986,1175,0,0,11200,0,0,0,16632751,16632751,3036
150626,496,1018,1175,0,0,11200,0,0,0,16633696,16633696,3036
150641,496,1049,1175,0,0,11200,0,0,0,16634691,16634691,3036
150657,497,1078,1175,0,0,11200,0,0,0,16635581,16635581,3036
150672,497,1103,1175,0,0,11200,0,0,0,16636576,16636576,3036
150687,497,1124,1175,0,0,11200,0,0,0,16637515,16637515,3036
150703,497,1147,1175,0,0,11200,0,0,0,16638556,16638556,3036
150719,497,1,1175,0,0,11200,0,0,0,16639451,16639451,3036
150734,497,25,1175,0,0,11200,0,0,0,16640647,16640647,3036
150749,497,88,1175,0,0,11200,0,0,0,16641545,16641545,3036
150764,497,127,1175,0,0,11200,0,0,0,16642571,16642571,3036
150781,497,161,1175,0,0,11200,0,0,0,16643782,16643782,3036
150797,497,188,1175,0,0,11200,0,0,0,16644885,16644885,3036
150812,497,214,1175,0,0,11200,0,0,0,16645936,16645936,3036
150828,497,237,1175,0,0,11200,0,0,0,16647008,16647008,3036
150844,497,271,1175,0,0,11200,0,0,0,16648058,16648058,3036
150860,497,300,1175,0,0,11200,0,0,0,16649122,16649122,3036
150875,497,329,1175,0,0,11200,0,0,0,16650076,16650076,3036
150891,497,360,1175,0,0,11200,0,0,0,16651173,16651173,3036
150907,497,401,1175,0,0,11200,0,0,0,16652245,16652245,3036
150923,497,438,1175,0,0,11200,0,0,0,16653166,16653166,3036
150938,497,461,1175,0,0,11200,0,0,0,16654146,16654146,3036
150955,497,484,1175,0,0,11200,0,0,0,16655209,16655209,3036
150971,497,514,1175,0,0,11200,0,0,0,16656308,16656308,3036
150987,497,546,1175,0,0,11200,0,0,0,16657388,16657388,3036
151003,497,587,1175,0,0,11200,0,0,0,16658417,16658417,3036
151019,497,619,1175,0,0,11200,0,0,0,16659388,16659388,3036
151034,497,650,1175,0,0,11200,0,0,0,16660336,16660336,3036
151050,497,680,1175,0,0,11200,0,0,0,16661366,16661366,3036
151066,497,706,1175,0,0,11200,0,0,0,16662247,16662247,3036
151082,497,739,1175,0,0,11200,0,0,0,16662993,16662993,3036
151097,497,772,1175,0,0,11200,0,0,0,16663880,16663880,3036
151113,497,796,1175,0,0,11200,0,0,0,16664737,16664737,3036
151129,497,847,1175,0,0,11200,0,0,0,16665726,16665726,3036
151144,497,887,1175,0,0,11200,0,0,0,16666731,16666731,3036
151160,497,926,1175,0,0,11200,0,0,0,16667644,16667644,3036
151175,497,959,1175,0,0,11200,0,0,0,16668508,16668508,3036
151191,497,986,1175,0,0,11200,0,0,0,16669428,16669428,3036
151206,497,1017,1175,0,0,11200,0,0,0,16670443,16670443,3036
151221,497,1050,1175,0,0,11200,0,0,0,16671388,16671388,3036
151238,498,1085,1175,0,0,11200,0,0,0,16672444,16672444,3036
151253,498,1111,1175,0,0,11200,0,0,0,16673333,16673333,3036
151269,498,1140,1175,0,0,11200,0,0,0,16674284,16674284,3036
151284,498,1161,1175,0,0,11200,0,0,0,16675189,16675189,3036
151299,498,11,1175,0,0,11200,0,0,0,16676269,16676269,3036
151315,498,40,1175,0,0,11200,0,0,0,16677456,16677456,3036
151331,498,101,1175,0,0,11200,0,0,0,16678447,16678447,3036
151346,498,131,1175,0,0,11200,0,0,0,16679651,16679651,3036
151362,498,158,1175,0,0,11200,0,0,0,16680824,16680824,3036
151377,498,189,1175,0,0,11200,0,0,0,16681956,16681956,3036
151393,498,213,1175,0,0,11200,0,0,0,16683044,16683044,3036
151409,498,238,1175,0,0,11200,0,0,0,16684139,16684139,3036
151424,498,269,1175,0,0,11200,0,0,0,16685231,16685231,3036
151439,498,296,1175,0,0,11200,0,0,0,16686266,16686266,3036
151456,498,331,1175,0,0,11200,0,0,0,16687217,16687217,3036
151471,498,361,1175,0,0,11200,0,0,0,16688200,16688200,3036
151487,498,398,1175,0,0,11200,0,0,0,16689236,16689236,3036
151502,498,438,1175,0,0,11200,0,0,0,16690155,16690155,3036
151518,498,478,1175,0,0,11200,0,0,0,16691216,16691216,3036
151533,498,503,1175,0,0,11200,0,0,0,16692258,16692258,3036
151549,498,526,1175,0,0,11200,0,0,0,16693169,16693169,3036
151564,498,555,1175,0,0,11200,0,0,0,16694161,16694161,3036
151579,498,587,1175,0,0,11200,0,0,0,16695020,16695020,3036
151595,498,633,1175,0,0,11200,0,0,0,16696017,16696017,3036
151610,498,670,1175,0,0,11200,0,0,0,16697008,16697008,3036
151625,498,703,1175,0,0,11200,0,0,0,16697945,16697945,3036
151641,498,731,1175,0,0,11200,0,0,0,16698667,16698667,3036
151656,498,770,1175,0,0,11200,0,0,0,16699631,16699631,3036
151671,498,787,1175,0,0,11200,0,0,0,16700405,16700405,3036
151688,498,826,1175,0,0,11200,0,0,0,16701314,16701314,3036
151704,498,861,1175,0,0,11200,0,0,0,16702305,16702305,3036
151720,498,913,1175,0,0,11200,0,0,0,16703328,16703328,3036
151735,498,960,1175,0,0,11200,0,0,0,16704183,16704183,3036
151750,498,983,1175,0,0,11200,0,0,0,16705158,16705158,3036
151766,498,1016,1175,0,0,11200,0,0,0,16706180,16706180,3036
151781,498,1048,1175,0,0,11200,0,0,0,16707085,16707085,3036
151796,499,1083,1175,0,0,11200,0,0,0,16708014,16708014,3036
151812,499,1106,1175,0,0,11200,0,0,0,16708917,16708917,3036
151827,499,1136,1175,0,0,11200,0,0,0,16709912,16709912,3036
151843,499,1154,1175,0,0,11200,0,0,0,16710870,16710870,3036
151858,499,10,1175,0,0,11200,0,0,0,16711938,16711938,3036
151874,499,40,1175,0,0,11200,0,0,0,16713197,16713197,3036
151889,499,102,1175,0,0,11200,0,0,0,16714080,16714080,3036
151904,499,132,1175,0,0,11200,0,0,0,16715109,16715109,3036
151921,499,167,1175,0,0,11200,0,0,0,16716332,16716332,3036
151937,499,188,1175,0,0,11200,0,0,0,16717393,16717393,3036
151953,499,227,1175,0,0,11200,0,0,0,16718491,16718491,3036
151969,499,268,1175,0,0,11200,0,0,0,16719655,16719655,3036
151985,499,293,1175,0,0,11200,0,0,0,16720621,16720621,3036
152001,499,322,1175,0,0,11200,0,0,0,16721648,16721648,3036
152016,499,355,1175,0,0,11200,0,0,0,16722671,16722671,3036
152031,499,391,1175,0,0,11200,0,0,0,16723687,16723687,3036
152047,499,434,1175,0,0,11200,0,0,0,16724660,16724660,3036
152062,499,469,1175,0,0,11200,0,0,0,16725699,16725699,3036
152078,499,493,1175,0,0,11200,0,0,0,16726734,16726734,3036
152094,499,525,1175,0,0,11200,0,0,0,16727762,16727762,3036
152109,499,556,1175,0,0,11200,0,0,0,16728712,16728712,3036
152125,499,597,1175,0,0,11200,0,0,0,16729767,16729767,3036
152141,499,631,1175,0,0,11200,0,0,0,16730772,16730772,3036
152157,499,659,1175,0,0,11200,0,0,0,16731861,16731861,3036
152172,499,695,1175,0,0,11200,0,0,0,16732828,16732828,3036
152189,499,719,1175,0,0,11200,0,0,0,16733557,16733557,3036
152206,499,761,1175,0,0,11200,0,0,0,16734432,16734432,3036
152221,499,784,1175,0,0,11200,0,0,0,16735164,16735164,3036
152237,499,830,1175,0,0,11200,0,0,0,16735988,16735988,3036
152253,499,856,1175,0,0,11200,0,0,0,16736896,16736896,3036
152268,499,892,1175,0,0,11200,0,0,0,16737805,16737805,3036
152284,499,935,1175,0,0,11200,0,0,0,16738690,16738690,3036
152300,499,960,1175,0,0,11200,0,0,0,16739595,16739595,3036
152316,499,993,1175,0,0,11200,0,0,0,16740559,16740559,3036
152332,499,1020,1175,0,0,11200,0,0,0,16741582,16741582,3036
152347,500,1068,1175,0,0,11200,0,0,0,16742485,16742485,3036
152363,500,1100,1175,0,0,11200,0,0,0,16743447,16743447,3036
152379,500,1127,1175,0,0,11200,0,0,0,16744442,16744442,3036
152394,500,1150,1175,0,0,11200,0,0,0,16745404,16745404,3036
152410,500,1,1175,0,0,11200,0,0,0,16746342,16746342,3036
152426,500,36,1175,0,0,11200,0,0,0,16747642,16747642,3036
152441,500,99,1175,0,0,11200,0,0,0,16748620,16748620,3036
152457,500,133,1175,0,0,11200,0,0,0,16749714,16749714,3036
152472,500,165,1175,0,0,11200,0,0,0,16750885,16750885,3036
152488,500,190,1175,0,0,11200,0,0,0,16751929,16751929,3036
152503,500,216,1175,0,0,11200,0,0,0,16752975,16752975,3036
152519,500,242,1175,0,0,11200,0,0,0,16754091,16754091,3036
152534,500,277,1175,0,0,11200,0,0,0,16755157,16755157,3036
152550,500,302,1175,0,0,11200,0,0,0,16756110,16756110,3036
152565,500,329,1175,0,0,11200,0,0,0,16757036,16757036,3036
152580,500,357,1175,0,0,11200,0,0,0,16758203,16758203,3036
152595,500,391,1175,0,0,11200,0,0,0,16759157,16759157,3036
152611,500,440,1175,0,0,11200,0,0,0,16760099,16760099,3036
152626,500,477,1175,0,0,11200,0,0,0,16761073,16761073,3036
152641,500,494,1175,0,0,11200,0,0,0,16762068,16762068,3036
152657,500,526,1175,0,0,11200,0,0,0,16763019,16763019,3036
152672,500,558,1175,0,0,11200,0,0,0,16763992,16763992,3036
152688,500,608,1175,0,0,11200,0,0,0,16764881,16764881,3036
152703,500,645,1175,0,0,11200,0,0,0,16765811,16765811,3036
152719,500,676,1175,0,0,11200,0,0,0,16766785,16766785,3036
152734,500,702,1175,0,0,11200,0,0,0,16767677,16767677,3036
152750,500,726,1175,0,0,11200,0,0,0,16768486,16768486,3036
152766,500,752,1175,0,0,11200,0,0,0,16769266,16769266,3036
152781,500,780,1175,0,0,11200,0,0,0,16770029,16770029,3036
152796,500,813,1175,0,0,11200,0,0,0,16770858,16770858,3036
152811,500,848,1175,0,0,11200,0,0,0,16771794,16771794,3036
152826,500,892,1175,0,0,11200,0,0,0,16772796,16772796,3036
152842,500,918,1175,0,0,11200,0,0,0,16773701,16773701,3036
152858,500,959,1175,0,0,11200,0,0,0,16774661,16774661,3036
152874,500,986,1175,0,0,11200,0,0,0,16775689,16775689,3036
152889,500,1016,1175,0,0,11200,0,0,0,16776671,16776671,3036
152905,500,1045,1175,0,0,11200,0,0,0,16777653,16777653,3036
152921,501,1082,1175,0,0,11200,0,0,0,16778536,16778536,3036
152937,501,1110,1175,0,0,11200,0,0,0,16779508,16779508,3036
152952,501,1138,1175,0,0,11200,0,0,0,16780491,16780491,3036
152968,501,1157,1175,0,0,11200,0,0,0,16781447,16781447,3036
152984,501,5,1175,0,0,11200,0,0,0,16782458,16782458,3036
153002,501,24,1175,0,0,11200,0,0,0,16783810,16783810,3036
153017,501,84,1175,0,0,11200,0,0,0,16784749,16784749,3036
153033,501,127,1175,0,0,11200,0,0,0,16785816,16785816,3036
153049,501,154,1175,0,0,11200,0,0,0,16787000,16787000,3036
153064,501,180,1175,0,0,11200,0,0,0,16787990,16787990,3036
153079,501,210,1175,0,0,11200,0,0,0,16789013,16789013,3036
153094,501,234,1175,0,0,11200,0,0,0,16789989,16789989,3036
153109,501,266,1175,0,0,11200,0,0,0,16791091,16791091,3036
153125,501,294,1175,0,0,11200,0,0,0,16792059,16792059,3036
153141,501,330,1175,0,0,11200,0,0,0,16793076,16793076,3036
153156,501,367,1175,0,0,11200,0,0,0,16794037,16794037,3036
153173,501,403,1175,0,0,11200,0,0,0,16795061,16795061,3036
153189,501,445,1175,0,0,11200,0,0,0,16796068,16796068,3036
153204,501,481,1175,0,0,11200,0,0,0,16797073,16797073,3036
153220,501,504,1175,0,0,11200,0,0,0,16798105,16798105,3036
153235,501,539,1175,0,0,11200,0,0,0,16799183,16799183,3036
153250,501,570,1175,0,0,11200,0,0,0,16800063,16800063,3036
153267,501,612,1175,0,0,11200,0,0,0,16801101,16801101,3036
153283,501,649,1175,0,0,11200,0,0,0,16802148,16802148,3036
153299,501,680,1175,0,0,11200,0,0,0,16803182,16803182,3036
153315,501,698,1175,0,0,11200,0,0,0,16804027,16804027,3036
153331,501,716,1175,0,0,11200,0,0,0,16804773,16804773,3036
153347,501,741,1175,0,0,11200,0,0,0,16805521,16805521,3036
153363,501,773,1175,0,0,11200,0,0,0,16806343,16806343,3036
153378,501,805,1175,0,0,11200,0,0,0,16807158,16807158,3036
153394,501,836,1175,0,0,11200,0,0,0,16808081,16808081,3036
153409,501,859,1175,0,0,11200,0,0,0,16808951,16808951,3036
153424,501,899,1175,0,0,11200,0,0,0,16809786,16809786,3036
153440,501,926,1175,0,0,11200,0,0,0,16810507,16810507,3036
153455,501,962,1175,0,0,11200,0,0,0,16811419,16811419,3036
153472,501,987,1175,0,0,11200,0,0,0,16812506,16812506,3036
153487,501,1015,1175,0,0,11200,0,0,0,16813468,16813468,3036
153502,501,1042,1175,0,0,11200,0,0,0,16814467,16814467,3036
153518,502,1073,1175,0,0,11200,0,0,0,16815376,16815376,3036
153533,502,1106,1175,0,0,11200,0,0,0,16816250,16816250,3036
153549,502,1128,1175,0,0,11200,0,0,0,16817313,16817313,3036
153564,502,1147,1175,0,0,11200,0,0,0,16818232,16818232,3036
153579,502,1174,1175,0,0,11200,0,0,0,16819130,16819130,3036
153595,502,25,1175,0,0,11200,0,0,0,16820313,16820313,3036
153610,502,90,1175,0,0,11200,0,0,0,16821276,16821276,3036
153626,502,120,1175,0,0,11200,0,0,0,16822276,16822276,3036
153641,502,148,1175,0,0,11200,0,0,0,16823450,16823450,3036
153656,502,175,1175,0,0,11200,0,0,0,16824527,16824527,3036
153672,502,200,1175,0,0,11200,0,0,0,16825569,16825569,3036
153688,502,223,1175,0,0,11200,0,0,0,16826693,16826693,3036
153704,502,258,1175,0,0,11200,0,0,0,16827839,16827839,3036
153719,502,292,1175,0,0,11200,0,0,0,16828874,16828874,3036
153736,502,327,1175,0,0,11200,0,0,0,16829902,16829902,3036
153752,502,361,1175,0,0,11200,0,0,0,16830904,16830904,3036
153767,502,399,1175,0,0,11200,0,0,0,16831873,16831873,3036
153783,502,438,1175,0,0,11200,0,0,0,16832845,16832845,3036
153799,502,471,1175,0,0,11200,0,0,0,16833813,16833813,3036
153814,502,494,1175,0,0,11200,0,0,0,16834792,16834792,3036
153829,502,529,1175,0,0,11200,0,0,0,16835906,16835906,3036
153844,502,584,1175,0,0,11200,0,0,0,16837565,16837565,3036
153859,502,652,1175,0,0,11200,0,0,0,16839037,16839037,3036
153875,502,696,1175,0,0,11200,0,0,0,16840853,16840853,3036
153891,502,732,1175,0,0,11200,0,0,0,16842064,16842064,3036
153906,502,783,1175,0,0,11200,0,0,0,16843601,16843601,3036
153921,502,837,1175,0,0,11200,0,0,0,16844767,16844767,3036
153937,502,891,1175,0,0,11200,0,0,0,16846262,16846262,3036
153953,502,966,1175,0,0,11200,0,0,0,16848041,16848041,3036
153969,502,1017,1175,0,0,11200,0,0,0,16850049,16850049,3036
153984,503,1077,1175,0,0,11200,0,0,0,16851982,16851982,3036
154000,503,1128,1175,0,0,11200,0,0,0,16853791,16853791,3036
154015,503,1165,1175,0,0,11200,0,0,0,16855613,16855613,3036
154030,503,67,1175,0,0,11200,0,0,0,16857663,16857663,3036
154046,503,147,1175,0,0,11200,0,0,0,16859869,16859869,3036
154061,503,194,1175,0,0,11200,0,0,0,16862041,16862041,3036
154076,503,240,1175,0,0,11200,0,0,0,16864000,16864000,3036
154091,503,307,1175,0,0,11200,0,0,0,16866023,16866023,3036
154106,503,377,1175,0,0,11200,0,0,0,16867915,16867915,3036
154121,503,461,1175,0,0,11200,0,0,0,16869626,16869626,3036
154136,503,524,1175,0,0,11200,0,0,0,16871524,16871524,3036
154151,503,590,1175,0,0,11200,0,0,0,16873500,16873500,3036
154167,503,672,1175,0,0,11200,0,0,0,16875161,16875161,3036
154182,503,731,1175,0,0,11200,0,0,0,16876608,16876608,3036
154198,503,784,1175,0,0,11200,0,0,0,16878188,16878188,3036
154213,503,845,1175,0,0,11200,0,0,0,16879485,16879485,3036
154228,503,914,1175,0,0,11200,0,0,0,16881359,16881359,3036
154243,503,972,1175,0,0,11200,0,0,0,16883039,16883039,3036
154258,503,1023,1175,0,0,11200,0,0,0,16884958,16884958,3036
154274,504,1104,1175,0,0,11200,0,0,0,16886867,16886867,3036
154289,504,1146,1175,0,0,11200,0,0,0,16888680,16888680,3036
154304,504,19,1175,0,0,11200,0,0,0,16890628,16890628,3036
154319,504,128,1175,0,0,11200,0,0,0,16892894,16892894,3036
154335,504,185,1175,0,0,11200,0,0,0,16895173,16895173,3036
154350,504,229,1175,0,0,11200,0,0,0,16896886,16896886,3036
154366,504,290,1175,0,0,11200,0,0,0,16899166,16899166,3036
154381,504,361,1175,0,0,11200,0,0,0,16901256,16901256,3036
154396,504,435,1175,0,0,11200,0,0,0,16903075,16903075,3036
154411,504,487,1175,0,0,11200,0,0,0,16904879,16904879,3036
154426,504,534,1175,0,0,11200,0,0,0,16906746,16906746,3036
154441,504,586,1175,0,0,11200,0,0,0,16907816,16907816,3036
154457,504,651,1175,0,0,11200,0,0,0,16909714,16909714,3036
154473,504,719,1175,0,0,11200,0,0,0,16911643,16911643,3036
154488,504,772,1175,0,0,11200,0,0,0,16913163,16913163,3036
154503,504,821,1175,0,0,11200,0,0,0,16914439,16914439,3036
154519,504,879,1175,0,0,11200,0,0,0,16916114,16916114,3036
154534,504,958,1175,0,0,11200,0,0,0,16918085,16918085,3036
154550,504,1016,1175,0,0,11200,0,0,0,16920196,16920196,3036
154565,505,1083,1175,0,0,11200,0,0,0,16922200,16922200,3036
154581,505,1142,1175,0,0,11200,0,0,0,16924135,16924135,3036
154596,505,8,1175,0,0,11200,0,0,0,16925717,16925717,3036
154611,505,107,1175,0,0,11200,0,0,0,16927940,16927940,3036
154626,505,176,1175,0,0,11200,0,0,0,16930327,16930327,3036
154642,505,227,1175,0,0,11200,0,0,0,16932429,16932429,3036
154657,505,287,1175,0,0,11200,0,0,0,16934507,16934507,3036
154672,505,356,1175,0,0,11200,0,0,0,16936575,16936575,3036
154688,505,434,1175,0,0,11200,0,0,0,16938670,16938670,3036
154703,505,494,1175,0,0,11200,0,0,0,16940916,16940916,3036
154718,505,572,1175,0,0,11200,0,0,0,16942808,16942808,3036
154734,505,638,1175,0,0,11200,0,0,0,16944489,16944489,3036
154749,505,696,1175,0,0,11200,0,0,0,16946164,16946164,3036
154765,505,732,1175,0,0,11200,0,0,0,16947513,16947513,3036
154781,505,776,1175,0,0,11200,0,0,0,16949103,16949103,3036
154797,505,838,1175,0,0,11200,0,0,0,16950645,16950645,3036
154814,505,891,1175,0,0,11200,0,0,0,16952203,16952203,3036
154830,505,949,1175,0,0,11200,0,0,0,16953724,16953724,3036
154845,505,1002,1175,0,0,11200,0,0,0,16955572,16955572,3036
154861,506,1068,1175,0,0,11200,0,0,0,16957379,16957379,3036
154877,506,1112,1175,0,0,11200,0,0,0,16958760,16958760,3036
154892,506,1153,1175,0,0,11200,0,0,0,16960436,16960436,3036
154907,506,19,1175,0,0,11200,0,0,0,16962414,16962414,3036
154923,506,121,1175,0,0,11200,0,0,0,16964561,16964561,3036
154938,506,171,1175,0,0,11200,0,0,0,16966969,16966969,3036
154953,506,213,1175,0,0,11200,0,0,0,16969093,16969093,3036
154969,506,268,1175,0,0,11200,0,0,0,16971328,16971328,3036
154984,506,330,1175,0,0,11200,0,0,0,16973459,16973459,3036
154999,506,403,1175,0,0,11200,0,0,0,16975658,16975658,3036
155014,506,482,1175,0,0,11200,0,0,0,16977749,16977749,3036
155029,506,528,1175,0,0,11200,0,0,0,16979562,16979562,3036
155044,506,597,1175,0,0,11200,0,0,0,16981582,16981582,3036
155059,506,658,1175,0,0,11200,0,0,0,16983197,16983197,3036
155075,506,706,1175,0,0,11200,0,0,0,16984708,16984708,3036
155090,506,755,1175,0,0,11200,0,0,0,16986143,16986143,3036
155105,506,800,1175,0,0,11200,0,0,0,16987427,16987427,3036
155120,506,892,1175,0,0,11200,0,0,0,16989361,16989361,3036
155135,506,959,1175,0,0,11200,0,0,0,16990964,16990964,3036
155151,506,1017,1175,0,0,11200,0,0,0,16992844,16992844,3036
155166,507,1081,1175,0,0,11200,0,0,0,16994781,16994781,3036
155181,507,1138,1175,0,0,11200,0,0,0,16996472,16996472,3036
155197,507,9,1175,0,0,11200,0,0,0,16998586,16998586,3036
155212,507,114,1175,0,0,11200,0,0,0,17000866,17000866,3036
155227,507,169,1175,0,0,11200,0,0,0,17003164,17003164,3036
155242,507,224,1175,0,0,11200,0,0,0,17005183,17005183,3036
155257,507,289,1175,0,0,11200,0,0,0,17007418,17007418,3036
155273,507,357,1175,0,0,11200,0,0,0,17009583,17009583,3036
155288,507,453,1175,0,0,11200,0,0,0,17011464,17011464,3036
155304,507,493,1175,0,0,11200,0,0,0,17013357,17013357,3036
155322,507,555,1175,0,0,11200,0,0,0,17015431,17015431,3036
155337,507,638,1175,0,0,11200,0,0,0,17017585,17017585,3036
155352,507,690,1175,0,0,11200,0,0,0,17019318,17019318,3036
155368,507,732,1175,0,0,11200,0,0,0,17020503,17020503,3036
155385,507,780,1176,1,0,11200,0,0,0,17021868,17021868,3037
155400,507,837,1176,1,0,11200,0,0,0,17023158,17023158,3037
155415,507,913,1176,1,0,11200,0,0,0,17025121,17025121,3037
155431,507,981,1176,1,0,11200,0,0,0,17026994,17026994,3037
155446,507,1033,1176,1,0,11200,0,0,0,17028936,17028936,3037
155461,508,1087,1176,1,0,11200,0,0,0,17030441,17030441,3037
155476,508,1143,1176,1,0,11200,0,0,0,17032319,17032319,3037
155492,508,8,1176,0,0,11200,0,0,0,17034188,17034188,3037
155507,508,95,1176,0,0,11200,0,0,0,17036419,17036419,3037
155522,508,155,1176,0,0,11200,0,0,0,17038771,17038771,3037
155538,508,213,1176,0,0,11200,0,0,0,17040992,17040992,3037
155553,508,264,1176,0,0,11200,0,0,0,17043191,17043191,3037
155568,508,322,1176,0,0,11200,0,0,0,17045232,17045232,3037
155583,508,399,1176,0,0,11200,0,0,0,17047364,17047364,3037
155598,508,473,1176,0,0,11200,0,0,0,17049188,17049188,3037
155613,508,516,1176,0,0,11200,0,0,0,17051140,17051140,3037
155628,508,568,1176,0,0,11200,0,0,0,17052922,17052922,3037
155643,508,644,1176,0,0,11200,0,0,0,17054964,17054964,3037
155658,508,700,1176,0,0,11200,0,0,0,17056764,17056764,3037
155674,508,745,1176,0,0,11200,0,0,0,17057926,17057926,3037
155690,508,788,1176,0,0,11200,0,0,0,17059265,17059265,3037
155708,508,891,1177,1,0,11200,0,0,0,17061218,17061218,3037
155723,508,948,1177,1,0,11200,0,0,0,17062936,17062936,3037
155738,508,1015,1177,1,0,11200,0,0,0,17064843,17064843,3037
155753,508,1066,1177,1,0,11200,0,0,0,17066279,17066279,3037
155769,509,1124,1177,1,0,11200,0,0,0,17068093,17068093,3037
155784,509,1170,1177,1,0,11200,0,0,0,17070015,17070015,3037
155800,509,56,1177,1,0,11200,0,0,0,17072109,17072109,3037
155815,509,135,1177,1,0,11200,0,0,0,17074349,17074349,3037
155830,509,186,1177,1,0,11200,0,0,0,17076713,17076713,3037
155846,509,240,1177,1,0,11200,0,0,0,17078847,17078847,3037
155861,509,301,1177,1,0,11200,0,0,0,17081012,17081012,3037
155877,509,356,1177,1,0,11200,0,0,0,17083090,17083090,3037
155892,509,439,1177,1,0,11200,0,0,0,17085013,17085013,3037
155907,509,502,1177,1,0,11200,0,0,0,17086747,17086747,3037
155922,509,555,1177,1,0,11200,0,0,0,17088446,17088446,3037
155937,509,631,1177,1,0,11200,0,0,0,17090224,17090224,3037
155953,509,690,1177,1,0,11200,0,0,0,17092071,17092071,3037
155968,509,745,1177,1,0,11200,0,0,0,17093409,17093409,3037
155986,509,797,1177,1,0,11200,0,0,0,17095018,17095018,3037
156001,509,856,1177,1,0,11200,0,0,0,17096627,17096627,3037
156016,509,926,1177,1,0,11200,0,0,0,17098376,17098376,3037
156031,509,990,1177,1,0,11200,0,0,0,17100014,17100014,3037
156046,509,1052,1177,1,0,11200,0,0,0,17101876,17101876,3037
156062,510,1118,1177,1,0,11200,0,0,0,17103619,17103619,3037
156077,510,1159,1177,1,0,11200,0,0,0,17105361,17105361,3037
156092,510,44,1177,1,0,11200,0,0,0,17107593,17107593,3037
156108,510,150,1177,1,0,11200,0,0,0,17109915,17109915,3037
156123,510,210,1177,1,0,11200,0,0,0,17112047,17112047,3037
156139,510,247,1177,1,0,11200,0,0,0,17114161,17114161,3037
156154,510,304,1177,1,0,11200,0,0,0,17115988,17115988,3037
156169,510,380,1177,1,0,11200,0,0,0,17118130,17118130,3037
156184,510,446,1177,1,0,11200,0,0,0,17119982,17119982,3037
156200,510,503,1177,1,0,11200,0,0,0,17121944,17121944,3037
156215,510,547,1177,1,0,11200,0,0,0,17123807,17123807,3037
156230,510,623,1177,1,0,11200,0,0,0,17125786,17125786,3037
156246,510,680,1177,1,0,11200,0,0,0,17127686,17127686,3037
156261,510,727,1177,1,0,11200,0,0,0,17129158,17129158,3037
156276,510,775,1177,1,0,11200,0,0,0,17130468,17130468,3037
156292,510,814,1177,1,0,11200,0,0,0,17131510,17131510,3037
156307,510,881,1177,1,0,11200,0,0,0,17133424,17133424,3037
156322,510,949,1177,1,0,11200,0,0,0,17135290,17135290,3037
156337,510,995,1177,1,0,11200,0,0,0,17137256,17137256,3037
156352,511,1069,1177,1,0,11200,0,0,0,17139308,17139308,3037
156368,511,1138,1177,1,0,11200,0,0,0,17141235,17141235,3037
156383,511,11,1177,1,0,11200,0,0,0,17143157,17143157,3037
156398,511,111,1177,1,0,11200,0,0,0,17145309,17145309,3037
156414,511,168,1177,1,0,11200,0,0,0,17147638,17147638,3037
156430,511,218,1177,1,0,11200,0,0,0,17149665,17149665,3037
156445,511,260,1177,1,0,11200,0,0,0,17151715,17151715,3037
156460,511,322,1177,1,0,11200,0,0,0,17153818,17153818,3037
156475,511,399,1177,1,0,11200,0,0,0,17155870,17155870,3037
156491,511,471,1177,1,0,11200,0,0,0,17157819,17157819,3037
156507,511,527,1177,1,0,11200,0,0,0,17159789,17159789,3037
156522,511,567,1177,1,0,11200,0,0,0,17161304,17161304,3037
156537,511,645,1177,1,0,11200,0,0,0,17163021,17163021,3037
156552,511,695,1177,1,0,11200,0,0,0,17164967,17164967,3037
156567,511,728,1177,1,0,11200,0,0,0,17166131,17166131,3037
156583,511,783,1177,1,0,11200,0,0,0,17167592,17167592,3037
156599,511,826,1177,1,0,11200,0,0,0,17168915,17168915,3037
156614,511,899,1177,1,0,11200,0,0,0,17170760,17170760,3037
156629,511,949,1177,1,0,11200,0,0,0,17172282,17172282,3037
156646,511,1005,1177,1,0,11200,0,0,0,17174273,17174273,3037
156661,512,1076,1177,1,0,11200,0,0,0,17176122,17176122,3037
156676,512,1128,1177,1,0,11200,0,0,0,17177866,17177866,3037
156691,512,1175,1177,1,0,11200,0,0,0,17179630,17179630,3037
156706,512,84,1177,1,0,11200,0,0,0,17181784,17181784,3037
156722,512,155,1177,1,0,11200,0,0,0,17184293,17184293,3037
156737,512,206,1177,1,0,11200,0,0,0,17186412,17186412,3037
156752,512,245,1177,1,0,11200,0,0,0,17188322,17188322,3037
156767,512,300,1177,1,0,11200,0,0,0,17190404,17190404,3037
156783,512,356,1177,1,0,11200,0,0,0,17192478,17192478,3037
156798,512,438,1177,1,0,11200,0,0,0,17194570,17194570,3037
156814,512,490,1177,1,0,11200,0,0,0,17196598,17196598,3037
156829,512,545,1177,1,0,11200,0,0,0,17198463,17198463,3037
156845,512,597,1177,1,0,11200,0,0,0,17199570,17199570,3037
156860,512,651,1177,1,0,11200,0,0,0,17201111,17201111,3037
156875,512,687,1177,1,0,11200,0,0,0,17202422,17202422,3037
156890,512,731,1177,1,0,11200,0,0,0,17203802,17203802,3037
156907,512,788,1177,1,0,11200,0,0,0,17205206,17205206,3037
156922,512,872,1177,1,0,11200,0,0,0,17207234,17207234,3037
156938,512,927,1177,1,0,11200,0,0,0,17208798,17208798,3037
156953,512,983,1177,1,0,11200,0,0,0,17210637,17210637,3037
156968,512,1049,1177,1,0,11200,0,0,0,17212746,17212746,3037
156984,513,1124,1177,1,0,11200,0,0,0,17214645,17214645,3037
156999,513,1164,1177,1,0,11200,0,0,0,17216439,17216439,3037
157014,513,47,1177,1,0,11200,0,0,0,17218791,17218791,3037
157029,513,127,1177,1,0,11200,0,0,0,17220722,17220722,3037
157044,513,180,1177,1,0,11200,0,0,0,17222942,17222942,3037
157060,513,228,1177,1,0,11200,0,0,0,17225151,17225151,3037
157075,513,296,1177,1,0,11200,0,0,0,17227393,17227393,3037
157090,513,363,1177,1,0,11200,0,0,0,17229445,17229445,3037
157106,513,448,1177,1,0,11200,0,0,0,17231285,17231285,3037
157121,513,504,1177,1,0,11200,0,0,0,17233216,17233216,3037
157136,513,572,1177,1,0,11200,0,0,0,17235182,17235182,3037
157152,513,646,1177,1,0,11200,0,0,0,17236715,17236715,3037
157167,513,700,1177,1,0,11200,0,0,0,17238499,17238499,3037
157183,513,741,1177,1,0,11200,0,0,0,17239636,17239636,3037
157199,513,788,1177,1,0,11200,0,0,0,17241252,17241252,3037
157214,513,853,1177,1,0,11200,0,0,0,17243096,17243096,3037
157229,513,928,1177,1,0,11200,0,0,0,17245110,17245110,3037
157245,513,974,1177,1,0,11200,0,0,0,17246907,17246907,3037
157260,513,1051,1177,1,0,11200,0,0,0,17248902,17248902,3037
157275,514,1108,1177,1,0,11200,0,0,0,17250585,17250585,3037
157290,514,1145,1177,1,0,11200,0,0,0,17252100,17252100,3037
157305,514,28,1177,1,0,11200,0,0,0,17254086,17254086,3037
157321,514,133,1177,1,0,11200,0,0,0,17256383,17256383,3037
157336,514,198,1177,1,0,11200,0,0,0,17258724,17258724,3037
157352,514,255,1177,1,0,11200,0,0,0,17260979,17260979,3037
157367,514,340,1177,1,0,11200,0,0,0,17263057,17263057,3037
157382,514,406,1177,1,0,11200,0,0,0,17265031,17265031,3037
157398,514,486,1177,1,0,11200,0,0,0,17266932,17266932,3037
157413,514,536,1177,1,0,11200,0,0,0,17268929,17268929,3037
157428,514,603,1177,1,0,11200,0,0,0,17270722,17270722,3037
157443,514,651,1177,1,0,11200,0,0,0,17272128,17272128,3037
157459,514,694,1177,1,0,11200,0,0,0,17273748,17273748,3037
157475,514,766,1177,1,0,11200,0,0,0,17275187,17275187,3037
157490,514,797,1177,1,0,11200,0,0,0,17276336,17276336,3037
157506,514,886,1177,1,0,11200,0,0,0,17278153,17278153,3037
157521,514,935,1177,1,0,11200,0,0,0,17279738,17279738,3037
157536,514,999,1177,1,0,11200,0,0,0,17281662,17281662,3037
157552,515,1073,1177,1,0,11200,0,0,0,17283536,17283536,3037
157567,515,1115,1177,1,0,11200,0,0,0,17285020,17285020,3037
157582,515,1164,1177,1,0,11200,0,0,0,17286883,17286883,3037
157597,515,84,1177,1,0,11200,0,0,0,17289178,17289178,3037
157612,515,154,1177,1,0,11200,0,0,0,17291532,17291532,3037
157628,515,214,1177,1,0,11200,0,0,0,17293743,17293743,3037
157643,515,255,1177,1,0,11200,0,0,0,17295831,17295831,3037
157658,515,313,1177,1,0,11200,0,0,0,17297839,17297839,3037
157673,515,381,1177,1,0,11200,0,0,0,17299820,17299820,3037
157688,515,450,1177,1,0,11200,0,0,0,17301633,17301633,3037
157703,515,502,1177,1,0,11200,0,0,0,17303429,17303429,3037
157720,515,556,1177,1,0,11200,0,0,0,17305380,17305380,3037
157735,515,613,1177,1,0,11200,0,0,0,17306775,17306775,3037
157750,515,661,1177,1,0,11200,0,0,0,17308708,17308708,3037
157767,515,718,1177,1,0,11200,0,0,0,17310350,17310350,3037
157782,515,767,1177,1,0,11200,0,0,0,17311678,17311678,3037
157798,515,809,1177,1,0,11200,0,0,0,17313062,17313062,3037
157816,515,866,1177,1,0,11200,0,0,0,17314594,17314594,3037
157831,515,918,1177,1,0,11200,0,0,0,17316246,17316246,3037
157847,515,986,1177,1,0,11200,0,0,0,17318139,17318139,3037
157862,515,1056,1177,1,0,11200,0,0,0,17319881,17319881,3037
157877,516,1106,1177,1,0,11200,0,0,0,17321512,17321512,3037
157892,516,1159,1177,1,0,11200,0,0,0,17323367,17323367,3037
157908,516,44,1177,1,0,11200,0,0,0,17325756,17325756,3037
157923,516,139,1177,1,0,11200,0,0,0,17327807,17327807,3037
157938,516,206,1177,1,0,11200,0,0,0,17330015,17330015,3037
157954,516,266,1177,1,0,11200,0,0,0,17332297,17332297,3037
157969,516,322,1177,1,0,11200,0,0,0,17334367,17334367,3037
157985,516,391,1177,1,0,11200,0,0,0,17336497,17336497,3037
158000,516,475,1177,1,0,11200,0,0,0,17338551,17338551,3037
158015,516,525,1177,1,0,11200,0,0,0,17340383,17340383,3037
158030,516,586,1177,1,0,11200,0,0,0,17342155,17342155,3037
158046,516,646,1177,1,0,11200,0,0,0,17343912,17343912,3037
158062,516,706,1177,1,0,11200,0,0,0,17345663,17345663,3037
158077,516,767,1177,1,0,11200,0,0,0,17347161,17347161,3037
158092,516,813,1177,1,0,11200,0,0,0,17348517,17348517,3037
158108,516,896,1177,1,0,11200,0,0,0,17350188,17350188,3037
158123,516,948,1177,1,0,11200,0,0,0,17351729,17351729,3037
158138,516,1012,1177,1,0,11200,0,0,0,17353594,17353594,3037
158153,517,1081,1177,1,0,11200,0,0,0,17355420,17355420,3037
158168,517,1131,1177,1,0,11200,0,0,0,17357162,17357162,3037
158183,517,8,1177,1,0,11200,0,0,0,17358973,17358973,3037
158198,517,121,1177,1,0,11200,0,0,0,17361338,17361338,3037
158214,517,174,1177,1,0,11200,0,0,0,17363484,17363484,3037
158229,517,221,1177,1,0,11200,0,0,0,17365428,17365428,3037
158244,517,273,1177,1,0,11200,0,0,0,17367628,17367628,3037
158260,517,333,1177,1,0,11200,0,0,0,17369723,17369723,3037
158275,517,401,1177,1,0,11200,0,0,0,17371689,17371689,3037
158290,517,471,1177,1,0,11200,0,0,0,17373530,17373530,3037
158305,517,525,1177,1,0,11200,0,0,0,17375545,17375545,3037
158320,517,573,1177,1,0,11200,0,0,0,17377410,17377410,3037
158335,517,650,1177,1,0,11200,0,0,0,17379167,17379167,3037
158350,517,688,1177,1,0,11200,0,0,0,17380675,17380675,3037
158366,517,717,1177,1,0,11200,0,0,0,17381763,17381763,3037
158381,517,774,1177,1,0,11200,0,0,0,17383307,17383307,3037
158396,517,838,1177,1,0,11200,0,0,0,17384912,17384912,3037
158411,517,904,1177,1,0,11200,0,0,0,17386773,17386773,3037
158427,517,963,1177,1,0,11200,0,0,0,17388597,17388597,3037
158442,517,1016,1177,1,0,11200,0,0,0,17390552,17390552,3037
158457,518,1070,1177,1,0,11200,0,0,0,17392150,17392150,3037
158472,518,1119,1177,1,0,11200,0,0,0,17393825,17393825,3037
158488,518,1161,1177,1,0,11200,0,0,0,17395752,17395752,3037
158503,518,58,1177,1,0,11200,0,0,0,17398131,17398131,3037
158519,518,135,1177,1,0,11200,0,0,0,17400249,17400249,3037
158534,518,190,1177,1,0,11200,0,0,0,17402265,17402265,3037
158550,518,228,1177,1,0,11200,0,0,0,17404131,17404131,3037
158565,518,290,1177,1,0,11200,0,0,0,17406180,17406180,3037
158580,518,336,1177,1,0,11200,0,0,0,17407905,17407905,3037
158595,518,440,1177,1,0,11200,0,0,0,17410104,17410104,3037
158611,518,494,1177,1,0,11200,0,0,0,17412139,17412139,3037
158626,518,549,1177,1,0,11200,0,0,0,17414210,17414210,3037
158641,518,629,1177,1,0,11200,0,0,0,17416043,17416043,3037
158657,518,687,1177,1,0,11200,0,0,0,17417933,17417933,3037
158672,518,723,1177,1,0,11200,0,0,0,17419121,17419121,3037
158687,518,775,1177,1,0,11200,0,0,0,17420418,17420418,3037
158702,518,832,1177,1,0,11200,0,0,0,17421774,17421774,3037
158718,518,881,1177,1,0,11200,0,0,0,17423334,17423334,3037
158733,518,948,1177,1,0,11200,0,0,0,17425117,17425117,3037
158748,518,999,1177,1,0,11200,0,0,0,17426793,17426793,3037
158763,519,1081,1177,1,0,11200,0,0,0,17428660,17428660,3037
158778,519,1142,1177,1,0,11200,0,0,0,17430528,17430528,3037
158794,519,9,1177,1,0,11200,0,0,0,17432359,17432359,3037
158810,519,90,1177,1,0,11200,0,0,0,17434480,17434480,3037
158825,519,154,1177,1,0,11200,0,0,0,17436711,17436711,3037
158840,519,208,1177,1,0,11200,0,0,0,17438751,17438751,3037
158856,519,260,1177,1,0,11200,0,0,0,17441044,17441044,3037
158871,519,315,1177,1,0,11200,0,0,0,17443124,17443124,3037
158887,519,402,1177,1,0,11200,0,0,0,17445405,17445405,3037
158902,519,469,1177,1,0,11200,0,0,0,17447202,17447202,3037
158917,519,520,1177,1,0,11200,0,0,0,17449197,17449197,3037
158932,519,584,1177,1,0,11200,0,0,0,17451084,17451084,3037
158948,519,646,1177,1,0,11200,0,0,0,17452663,17452663,3037
158963,519,695,1177,1,0,11200,0,0,0,17454432,17454432,3037
158979,519,732,1177,1,0,11200,0,0,0,17455656,17455656,3037
158994,519,779,1177,1,0,11200,0,0,0,17457178,17457178,3037
159009,519,805,1177,1,0,11200,0,0,0,17458018,17458018,3037
159024,519,890,1177,1,0,11200,0,0,0,17459714,17459714,3037
159040,519,938,1177,1,0,11200,0,0,0,17461024,17461024,3037
159055,519,974,1177,1,0,11200,0,0,0,17462744,17462744,3037
159071,519,1037,1177,1,0,11200,0,0,0,17464660,17464660,3037
159086,520,1098,1177,1,0,11200,0,0,0,17466425,17466425,3037
159102,520,1145,1177,1,0,11200,0,0,0,17468335,17468335,3037
159117,520,16,1177,1,0,11200,0,0,0,17470343,17470343,3037
159132,520,121,1177,1,0,11200,0,0,0,17472661,17472661,3037
159148,520,184,1177,1,0,11200,0,0,0,17474913,17474913,3037
159163,520,243,1177,1,0,11200,0,0,0,17477119,17477119,3037
159178,520,306,1177,1,0,11200,0,0,0,17479331,17479331,3037
159193,520,365,1177,1,0,11200,0,0,0,17481214,17481214,3037
159209,520,465,1177,1,0,11200,0,0,0,17483359,17483359,3037
159224,520,513,1177,1,0,11200,0,0,0,17485477,17485477,3037
159239,520,587,1177,1,0,11200,0,0,0,17487656,17487656,3037
159254,520,658,1177,1,0,11200,0,0,0,17489806,17489806,3037
159270,520,703,1177,1,0,11200,0,0,0,17491436,17491436,3037
159285,520,755,1177,1,0,11200,0,0,0,17492883,17492883,3037
159300,520,796,1177,1,0,11200,0,0,0,17494148,17494148,3037
159316,520,861,1177,1,0,11200,0,0,0,17495419,17495419,3037
159331,520,931,1177,1,0,11200,0,0,0,17497208,17497208,3037
159347,520,999,1177,1,0,11200,0,0,0,17499222,17499222,3037
159362,521,1069,1177,1,0,11200,0,0,0,17501036,17501036,3037
159377,521,1124,1177,1,0,11200,0,0,0,17502938,17502938,3037
159392,521,1173,1177,1,0,11200,0,0,0,17504805,17504805,3037
159408,521,111,1177,1,0,11200,0,0,0,17507084,17507084,3037
159423,521,168,1177,1,0,11200,0,0,0,17509381,17509381,3037
159439,521,219,1177,1,0,11200,0,0,0,17511524,17511524,3037
159454,521,288,1177,1,0,11200,0,0,0,17513729,17513729,3037
159470,521,369,1177,1,0,11200,0,0,0,17515794,17515794,3037
159485,521,437,1177,1,0,11200,0,0,0,17517745,17517745,3037
159501,521,494,1177,1,0,11200,0,0,0,17519799,17519799,3037
159516,521,547,1177,1,0,11200,0,0,0,17521712,17521712,3037
159531,521,623,1177,1,0,11200,0,0,0,17523451,17523451,3037
159547,521,678,1177,1,0,11200,0,0,0,17525291,17525291,3037
159563,521,714,1177,1,0,11200,0,0,0,17526799,17526799,3037
159578,521,767,1177,1,0,11200,0,0,0,17528323,17528323,3037
159594,521,785,1177,1,0,11200,0,0,0,17529591,17529591,3037
159609,521,854,1177,1,0,11200,0,0,0,17531140,17531140,3037
159625,521,917,1177,1,0,11200,0,0,0,17532617,17532617,3037
159640,521,981,1177,1,0,11200,0,0,0,17534445,17534445,3037
159656,521,1033,1177,1,0,11200,0,0,0,17536376,17536376,3037
159672,522,1104,1177,1,0,11200,0,0,0,17538096,17538096,3037
159687,522,1150,1177,1,0,11200,0,0,0,17539997,17539997,3037
159702,522,31,1177,0,0,11200,0,0,0,17542356,17542356,3037
159717,522,132,1177,0,0,11200,0,0,0,17544643,17544643,3037
159733,522,185,1177,0,0,11200,0,0,0,17546789,17546789,3037
159748,522,238,1177,0,0,11200,0,0,0,17548829,17548829,3037
159763,522,301,1177,0,0,11200,0,0,0,17550905,17550905,3037
159778,522,369,1177,0,0,11200,0,0,0,17553104,17553104,3037
159793,522,446,1177,0,0,11200,0,0,0,17554844,17554844,3037
159809,522,479,1177,0,0,11200,0,0,0,17556091,17556091,3037
159824,522,531,1177,0,0,11200,0,0,0,17557960,17557960,3037
159839,522,603,1177,0,0,11200,0,0,0,17559713,17559713,3037
159855,522,659,1177,0,0,11200,0,0,0,17561637,17561637,3037
159871,522,698,1177,0,0,11200,0,0,0,17562934,17562934,3037
159886,522,738,1177,0,0,11200,0,0,0,17564174,17564174,3037
159903,522,785,1177,0,0,11200,0,0,0,17565820,17565820,3037
159918,522,849,1177,0,0,11200,0,0,0,17567285,17567285,3037
159933,522,910,1177,0,0,11200,0,0,0,17569114,17569114,3037
159948,522,971,1177,0,0,11200,0,0,0,17570961,17570961,3037
159964,522,1048,1177,0,0,11200,0,0,0,17573098,17573098,3037
159979,523,1106,1177,0,0,11200,0,0,0,17574818,17574818,3037
159994,523,1164,1178,1,0,11200,0,0,0,17576908,17576908,3039
160009,523,42,1178,0,0,11200,0,0,0,17579033,17579033,3039
160024,523,133,1178,0,0,11200,0,0,0,17581248,17581248,3039
160040,523,185,1178,0,0,11200,0,0,0,17583434,17583434,3039
160055,523,252,1178,0,0,11200,0,0,0,17585471,17585471,3039
160070,523,300,1178,0,0,11200,0,0,0,17587353,17587353,3039
160085,523,361,1178,0,0,11200,0,0,0,17589334,17589334,3039
160100,523,453,1178,0,0,11200,0,0,0,17591434,17591434,3039
160115,523,504,1178,0,0,11200,0,0,0,17593307,17593307,3039
160131,523,558,1178,0,0,11200,0,0,0,17595128,17595128,3039
160146,523,651,1178,0,0,11200,0,0,0,17597155,17597155,3039
160161,523,707,1178,0,0,11200,0,0,0,17598935,17598935,3039
160176,523,754,1178,0,0,11200,0,0,0,17600377,17600377,3039
160192,523,813,1178,0,0,11200,0,0,0,17601663,17601663,3039
160207,523,873,1178,0,0,11200,0,0,0,17603500,17603500,3039
160223,523,955,1178,0,0,11200,0,0,0,17605388,17605388,3039
160238,523,1017,1178,0,0,11200,0,0,0,17607318,17607318,3039
160254,524,1083,1178,0,0,11200,0,0,0,17609324,17609324,3039
160269,524,1114,1178,0,0,11200,0,0,0,17610418,17610418,3039
160284,524,1162,1178,0,0,11200,0,0,0,17612342,17612342,3039
160299,524,78,1178,0,0,11200,0,0,0,17614598,17614598,3039
160314,524,147,1178,0,0,11200,0,0,0,17616803,17616803,3039
160330,524,202,1178,0,0,11200,0,0,0,17618871,17618871,3039
160345,524,258,1178,0,0,11200,0,0,0,17621130,17621130,3039
160361,524,348,1178,0,0,11200,0,0,0,17623228,17623228,3039
160376,524,434,1178,0,0,11200,0,0,0,17625165,17625165,3039
160391,524,493,1178,0,0,11200,0,0,0,17627273,17627273,3039
160407,524,549,1178,0,0,11200,0,0,0,17629426,17629426,3039
160422,524,608,1178,0,0,11200,0,0,0,17630322,17630322,3039
160437,524,676,1178,0,0,11200,0,0,0,17631949,17631949,3039
160453,524,723,1178,0,0,11200,0,0,0,17633531,17633531,3039
160468,524,784,1178,0,0,11200,0,0,0,17635093,17635093,3039
160484,524,837,1178,0,0,11200,0,0,0,17636262,17636262,3039
160500,524,896,1178,0,0,11200,0,0,0,17638133,17638133,3039
160515,524,941,1178,0,0,11200,0,0,0,17639600,17639600,3039
160530,524,999,1178,0,0,11200,0,0,0,17641427,17641427,3039
160546,525,1075,1178,0,0,11200,0,0,0,17643478,17643478,3039
160561,525,1136,1178,0,0,11200,0,0,0,17645463,17645463,3039
160577,525,2,1178,0,0,11200,0,0,0,17647460,17647460,3039
160592,525,83,1178,0,0,11200,0,0,0,17649615,17649615,3039
160607,525,154,1178,0,0,11200,0,0,0,17651805,17651805,3039
160622,525,200,1178,0,0,11200,0,0,0,17654079,17654079,3039
160637,525,245,1178,0,0,11200,0,0,0,17655950,17655950,3039
160653,525,304,1178,0,0,11200,0,0,0,17657990,17657990,3039
160668,525,377,1178,0,0,11200,0,0,0,17660093,17660093,3039
160683,525,463,1178,0,0,11200,0,0,0,17662035,17662035,3039
160699,525,520,1178,0,0,11200,0,0,0,17664054,17664054,3039
160715,525,587,1178,0,0,11200,0,0,0,17666175,17666175,3039
160730,525,647,1178,0,0,11200,0,0,0,17667774,17667774,3039
160745,525,695,1178,0,0,11200,0,0,0,17669649,17669649,3039
160761,525,746,1178,0,0,11200,0,0,0,17670861,17670861,3039
160776,525,785,1178,0,0,11200,0,0,0,17672547,17672547,3039
160793,525,838,1178,0,0,11200,0,0,0,17673549,17673549,3039
160808,525,904,1178,0,0,11200,0,0,0,17675371,17675371,3039
160823,525,963,1178,0,0,11200,0,0,0,17677078,17677078,3039
160838,525,1016,1178,0,0,11200,0,0,0,17678957,17678957,3039
160854,526,1083,1178,0,0,11200,0,0,0,17680760,17680760,3039
160869,526,1136,1178,0,0,11200,0,0,0,17682775,17682775,3039
160884,526,7,1178,0,0,11200,0,0,0,17684581,17684581,3039
160899,526,88,1178,0,0,11200,0,0,0,17686600,17686600,3039
160915,526,141,1178,0,0,11200,0,0,0,17688788,17688788,3039
160930,526,194,1178,0,0,11200,0,0,0,17690979,17690979,3039
160945,526,239,1178,0,0,11200,0,0,0,17692989,17692989,3039
160960,526,300,1178,0,0,11200,0,0,0,17695036,17695036,3039
160976,526,378,1178,0,0,11200,0,0,0,17696976,17696976,3039
160991,526,455,1178,0,0,11200,0,0,0,17698899,17698899,3039
161007,526,503,1178,0,0,11200,0,0,0,17700794,17700794,3039
161022,526,587,1178,0,0,11200,0,0,0,17702715,17702715,3039
161037,526,659,1178,0,0,11200,0,0,0,17704822,17704822,3039
161053,526,710,1178,0,0,11200,0,0,0,17706457,17706457,3039
161069,526,755,1178,0,0,11200,0,0,0,17707844,17707844,3039
161087,526,788,1178,0,0,11200,0,0,0,17709127,17709127,3039
161104,526,861,1178,0,0,11200,0,0,0,17710958,17710958,3039
161119,526,938,1178,0,0,11200,0,0,0,17712773,17712773,3039
161134,526,994,1178,0,0,11200,0,0,0,17714561,17714561,3039
161150,526,1052,1178,0,0,11200,0,0,0,17716420,17716420,3039
161165,527,1110,1178,0,0,11200,0,0,0,17718054,17718054,3039
161181,527,1157,1178,0,0,11200,0,0,0,17720040,17720040,3039
161196,527,27,1178,0,0,11200,0,0,0,17722298,17722298,3039
161211,527,107,1178,0,0,11200,0,0,0,17724225,17724225,3039
161227,527,158,1178,0,0,11200,0,0,0,17726459,17726459,3039
161242,527,202,1178,0,0,11200,0,0,0,17728142,17728142,3039
161257,527,254,1178,0,0,11200,0,0,0,17730433,17730433,3039
161273,527,315,1178,0,0,11200,0,0,0,17732463,17732463,3039
161288,527,378,1178,0,0,11200,0,0,0,17734339,17734339,3039
161303,527,446,1178,0,0,11200,0,0,0,17736215,17736215,3039
161318,527,502,1178,0,0,11200,0,0,0,17738009,17738009,3039
161334,527,584,1178,0,0,11200,0,0,0,17739923,17739923,3039
161349,527,658,1178,0,0,11200,0,0,0,17741690,17741690,3039
161364,527,706,1178,0,0,11200,0,0,0,17743159,17743159,3039
161380,527,772,1178,0,0,11200,0,0,0,17744732,17744732,3039
161395,527,817,1178,0,0,11200,0,0,0,17745925,17745925,3039
161411,527,892,1178,0,0,11200,0,0,0,17747735,17747735,3039
161426,527,947,1178,0,0,11200,0,0,0,17749451,17749451,3039
161442,527,1003,1178,0,0,11200,0,0,0,17751321,17751321,3039
161458,528,1074,1178,0,0,11200,0,0,0,17753102,17753102,3039
161473,528,1127,1178,0,0,11200,0,0,0,17754716,17754716,3039
161488,528,1170,1178,0,0,11200,0,0,0,17756583,17756583,3039
161504,528,44,1178,0,0,11200,0,0,0,17758666,17758666,3039
161519,528,149,1178,0,0,11200,0,0,0,17760797,17760797,3039
161534,528,211,1178,0,0,11200,0,0,0,17762809,17762809,3039
161549,528,264,1178,0,0,11200,0,0,0,17764923,17764923,3039
161565,528,327,1178,0,0,11200,0,0,0,17767063,17767063,3039
161580,528,408,1178,0,0,11200,0,0,0,17769097,17769097,3039
161595,528,484,1178,0,0,11200,0,0,0,17771239,17771239,3039
161610,528,529,1178,0,0,11200,0,0,0,17772946,17772946,3039
161625,528,578,1178,0,0,11200,0,0,0,17774693,17774693,3039
161640,528,650,1178,0,0,11200,0,0,0,17776627,17776627,3039
161656,528,694,1178,0,0,11200,0,0,0,17778251,17778251,3039
161671,528,732,1178,0,0,11200,0,0,0,17779573,17779573,3039
161687,528,788,1178,0,0,11200,0,0,0,17781122,17781122,3039
161702,528,861,1178,0,0,11200,0,0,0,17782800,17782800,3039
161718,528,928,1178,0,0,11200,0,0,0,17784378,17784378,3039
161733,528,994,1178,0,0,11200,0,0,0,17786247,17786247,3039
161748,528,1068,1178,0,0,11200,0,0,0,17788237,17788237,3039
161763,529,1116,1178,0,0,11200,0,0,0,17789814,17789814,3039
161779,529,1153,1178,0,0,11200,0,0,0,17791679,17791679,3039
161794,529,21,1178,0,0,11200,0,0,0,17793785,17793785,3039
161810,529,121,1178,0,0,11200,0,0,0,17796076,17796076,3039
161825,529,180,1178,0,0,11200,0,0,0,17798393,17798393,3039
161840,529,229,1178,0,0,11200,0,0,0,17800374,17800374,3039
161856,529,296,1178,0,0,11200,0,0,0,17802594,17802594,3039
161871,529,361,1178,0,0,11200,0,0,0,17804629,17804629,3039
161887,529,438,1178,0,0,11200,0,0,0,17806546,17806546,3039
161902,529,494,1178,0,0,11200,0,0,0,17808575,17808575,3039
161919,529,556,1178,0,0,11200,0,0,0,17810435,17810435,3039
161935,529,633,1178,0,0,11200,0,0,0,17812257,17812257,3039
161951,529,687,1178,0,0,11200,0,0,0,17814297,17814297,3039
161966,529,722,1178,0,0,11200,0,0,0,17815610,17815610,3039
161982,529,785,1178,0,0,11200,0,0,0,17817139,17817139,3039
161997,529,851,1178,0,0,11200,0,0,0,17818697,17818697,3039
162012,529,910,1178,0,0,11200,0,0,0,17820234,17820234,3039
162028,529,972,1178,0,0,11200,0,0,0,17822073,17822073,3039
162043,529,1024,1178,0,0,11200,0,0,0,17824031,17824031,3039
162058,530,1085,1178,0,0,11200,0,0,0,17825548,17825548,3039
162073,530,1141,1178,0,0,11200,0,0,0,17827339,17827339,3039
162089,530,2,1178,0,0,11200,0,0,0,17829199,17829199,3039
162104,530,110,1178,0,0,11200,0,0,0,17831520,17831520,3039
162119,530,173,1178,0,0,11200,0,0,0,17833758,17833758,3039
162134,530,217,1178,0,0,11200,0,0,0,17835744,17835744,3039
162149,530,285,1178,0,0,11200,0,0,0,17837944,17837944,3039
162165,530,336,1178,0,0,11200,0,0,0,17839823,17839823,3039
162180,530,431,1178,0,0,11200,0,0,0,17841879,17841879,3039
162195,530,484,1178,0,0,11200,0,0,0,17843571,17843571,3039
162210,530,531,1178,0,0,11200,0,0,0,17845557,17845557,3039
162225,530,608,1178,0,0,11200,0,0,0,17847245,17847245,3039
162240,530,661,1178,0,0,11200,0,0,0,17848875,17848875,3039
162255,530,708,1178,0,0,11200,0,0,0,17850354,17850354,3039
162271,530,770,1178,0,0,11200,0,0,0,17851948,17851948,3039
162286,530,820,1178,0,0,11200,0,0,0,17853352,17853352,3039
162301,530,901,1178,0,0,11200,0,0,0,17855269,17855269,3039
162317,530,953,1178,0,0,11200,0,0,0,17856827,17856827,3039
162333,530,1009,1178,0,0,11200,0,0,0,17858660,17858660,3039
162348,531,1073,1178,0,0,11200,0,0,0,17860521,17860521,3039
162363,531,1118,1178,0,0,11200,0,0,0,17862083,17862083,3039
162378,531,1169,1178,0,0,11200,0,0,0,17864007,17864007,3039
162394,531,42,1178,0,0,11200,0,0,0,17866338,17866338,3039
162409,531,135,1178,0,0,11200,0,0,0,17868285,17868285,3039
162425,531,188,1178,0,0,11200,0,0,0,17870556,17870556,3039
162440,531,227,1178,0,0,11200,0,0,0,17872588,17872588,3039
162456,531,292,1178,0,0,11200,0,0,0,17874826,17874826,3039
162471,531,361,1178,0,0,11200,0,0,0,17876884,17876884,3039
162486,531,434,1178,0,0,11200,0,0,0,17878667,17878667,3039
162502,531,488,1178,0,0,11200,0,0,0,17880778,17880778,3039
162517,531,545,1178,0,0,11200,0,0,0,17882599,17882599,3039
162532,531,587,1178,0,0,11200,0,0,0,17883828,17883828,3039
162547,531,659,1178,0,0,11200,0,0,0,17885725,17885725,3039
162563,531,706,1178,0,0,11200,0,0,0,17887080,17887080,3039
162579,531,767,1178,0,0,11200,0,0,0,17888543,17888543,3039
162594,531,791,1178,0,0,11200,0,0,0,17889593,17889593,3039
162609,531,845,1178,0,0,11200,0,0,0,17891147,17891147,3039
162625,531,908,1178,0,0,11200,0,0,0,17893026,17893026,3039
162640,531,964,1178,0,0,11200,0,0,0,17894578,17894578,3039
162655,531,1023,1178,0,0,11200,0,0,0,17896475,17896475,3039
162670,532,1087,1178,0,0,11200,0,0,0,17898238,17898238,3039
162686,532,1136,1178,0,0,11200,0,0,0,17899954,17899954,3039
162701,532,1173,1178,0,0,11200,0,0,0,17901709,17901709,3039
162716,532,84,1178,0,0,11200,0,0,0,17904072,17904072,3039
162731,532,159,1178,0,0,11200,0,0,0,17906517,17906517,3039
162747,532,214,1178,0,0,11200,0,0,0,17908709,17908709,3039
162762,532,258,1178,0,0,11200,0,0,0,17910909,17910909,3039
162777,532,325,1178,0,0,11200,0,0,0,17913042,17913042,3039
162793,532,398,1178,0,0,11200,0,0,0,17915031,17915031,3039
162808,532,478,1178,0,0,11200,0,0,0,17917027,17917027,3039
162823,532,528,1178,0,0,11200,0,0,0,17919040,17919040,3039
162840,532,608,1178,0,0,11200,0,0,0,17920885,17920885,3039
162855,532,663,1178,0,0,11200,0,0,0,17922757,17922757,3039
162871,532,703,1178,0,0,11200,0,0,0,17924306,17924306,3039
162886,532,773,1178,0,0,11200,0,0,0,17925718,17925718,3039
162901,532,841,1178,0,0,11200,0,0,0,17927294,17927294,3039
162916,532,927,1178,0,0,11200,0,0,0,17929207,17929207,3039
162932,532,990,1178,0,0,11200,0,0,0,17931090,17931090,3039
162947,532,1056,1178,0,0,11200,0,0,0,17932805,17932805,3039
162962,533,1116,1178,0,0,11200,0,0,0,17934575,17934575,3039
162978,533,1158,1178,0,0,11200,0,0,0,17936465,17936465,3039
162993,533,44,1178,0,0,11200,0,0,0,17938666,17938666,3039
163008,533,133,1178,0,0,11200,0,0,0,17940745,17940745,3039
163023,533,187,1178,0,0,11200,0,0,0,17942947,17942947,3039
163038,533,240,1178,0,0,11200,0,0,0,17945095,17945095,3039
163054,533,301,1178,0,0,11200,0,0,0,17947216,17947216,3039
163069,533,375,1178,0,0,11200,0,0,0,17949434,17949434,3039
163084,533,450,1178,0,0,11200,0,0,0,17951393,17951393,3039
163100,533,504,1178,0,0,11200,0,0,0,17953334,17953334,3039
163115,533,560,1178,0,0,11200,0,0,0,17955066,17955066,3039
163130,533,638,1178,0,0,11200,0,0,0,17956880,17956880,3039
163146,533,688,1178,0,0,11200,0,0,0,17958494,17958494,3039
163161,533,732,1178,0,0,11200,0,0,0,17959788,17959788,3039
163177,533,779,1178,0,0,11200,0,0,0,17961520,17961520,3039
163192,533,846,1178,0,0,11200,0,0,0,17962934,17962934,3039
163207,533,896,1178,0,0,11200,0,0,0,17964485,17964485,3039
163223,533,960,1178,0,0,11200,0,0,0,17966282,17966282,3039
163238,533,1018,1178,0,0,11200,0,0,0,17968241,17968241,3039
163254,534,1086,1178,0,0,11200,0,0,0,17970078,17970078,3039
163269,534,1127,1178,0,0,11200,0,0,0,17971503,17971503,3039
163285,534,1169,1178,0,0,11200,0,0,0,17973348,17973348,3039
163300,534,65,1178,0,0,11200,0,0,0,17975578,17975578,3039
163315,534,141,1178,0,0,11200,0,0,0,17977727,17977727,3039
163330,534,212,1178,0,0,11200,0,0,0,17979983,17979983,3039
163345,534,264,1178,0,0,11200,0,0,0,17982129,17982129,3039
163361,534,332,1178,0,0,11200,0,0,0,17984202,17984202,3039
163376,534,403,1178,0,0,11200,0,0,0,17986196,17986196,3039
163391,534,483,1178,0,0,11200,0,0,0,17988339,17988339,3039
163407,534,523,1178,0,0,11200,0,0,0,17990100,17990100,3039
163422,534,564,1178,0,0,11200,0,0,0,17991532,17991532,3039
163437,534,631,1178,0,0,11200,0,0,0,17993361,17993361,3039
163453,534,688,1178,0,0,11200,0,0,0,17995082,17995082,3039
163468,534,732,1178,0,0,11200,0,0,0,17996413,17996413,3039
163484,534,779,1178,0,0,11200,0,0,0,17997818,17997818,3039
163499,534,847,1178,0,0,11200,0,0,0,17999383,17999383,3039
163515,534,935,1178,0,0,11200,0,0,0,18001310,18001310,3039
163531,534,995,1178,0,0,11200,0,0,0,18003300,18003300,3039
163546,534,1051,1178,0,0,11200,0,0,0,18005063,18005063,3039
163564,535,1103,1178,0,0,11200,0,0,0,18006679,18006679,3039
163579,535,1145,1178,0,0,11200,0,0,0,18008444,18008444,3039
163594,535,18,1178,0,0,11200,0,0,0,18010420,18010420,3039
163610,535,121,1178,0,0,11200,0,0,0,18012668,18012668,3039
163625,535,178,1178,0,0,11200,0,0,0,18014920,18014920,3039
163640,535,229,1178,0,0,11200,0,0,0,18016871,18016871,3039
163656,535,306,1178,0,0,11200,0,0,0,18018978,18018978,3039
163671,535,381,1178,0,0,11200,0,0,0,18020841,18020841,3039
163686,535,447,1178,0,0,11200,0,0,0,18022903,18022903,3039
163701,535,497,1178,0,0,11200,0,0,0,18024744,18024744,3039
163716,535,549,1178,0,0,11200,0,0,0,18026804,18026804,3039
163732,535,620,1178,0,0,11200,0,0,0,18028375,18028375,3039
163747,535,675,1178,0,0,11200,0,0,0,18030057,18030057,3039
163763,535,708,1178,0,0,11200,0,0,0,18031388,18031388,3039
163778,535,767,1178,0,0,11200,0,0,0,18032776,18032776,3039
163794,535,788,1178,0,0,11200,0,0,0,18033808,18033808,3039
163809,535,861,1178,0,0,11200,0,0,0,18035852,18035852,3039
163824,535,930,1178,0,0,11200,0,0,0,18037568,18037568,3039
163839,535,983,1178,0,0,11200,0,0,0,18039414,18039414,3039
163855,535,1051,1178,0,0,11200,0,0,0,18041309,18041309,3039
163870,536,1104,1178,0,0,11200,0,0,0,18043190,18043190,3039
163886,536,1147,1178,0,0,11200,0,0,0,18045050,18045050,3039
163901,536,16,1178,0,0,11200,0,0,0,18047016,18047016,3039
163916,536,123,1178,0,0,11200,0,0,0,18049354,18049354,3039
163932,536,184,1178,0,0,11200,0,0,0,18051712,18051712,3039
163947,536,229,1178,0,0,11200,0,0,0,18053889,18053889,3039
163963,536,292,1178,0,0,11200,0,0,0,18055966,18055966,3039
163978,536,368,1178,0,0,11200,0,0,0,18058058,18058058,3039
163993,536,453,1178,0,0,11200,0,0,0,18060051,18060051,3039
164009,536,502,1178,0,0,11200,0,0,0,18061869,18061869,3039
164024,536,556,1178,0,0,11200,0,0,0,18063689,18063689,3039
164039,536,646,1178,0,0,11200,0,0,0,18065515,18065515,3039
164055,536,688,1178,0,0,11200,0,0,0,18067302,18067302,3039
164071,536,732,1178,0,0,11200,0,0,0,18068625,18068625,3039
164086,536,783,1178,0,0,11200,0,0,0,18070255,18070255,3039
164102,536,841,1178,0,0,11200,0,0,0,18071752,18071752,3039
164117,536,901,1178,0,0,11200,0,0,0,18073093,18073093,3039
164132,536,955,1178,0,0,11200,0,0,0,18074558,18074558,3039
164148,536,1017,1178,0,0,11200,0,0,0,18076450,18076450,3039
164163,537,1085,1178,0,0,11200,0,0,0,18078399,18078399,3039
164179,537,1145,1178,0,0,11200,0,0,0,18080301,18080301,3039
164194,537,16,1178,0,0,11200,0,0,0,18082296,18082296,3039
164210,537,111,1178,0,0,11200,0,0,0,18084508,18084508,3039
164225,537,178,1178,0,0,11200,0,0,0,18086916,18086916,3039
164241,537,238,1178,0,0,11200,0,0,0,18089056,18089056,3039
164256,537,290,1178,0,0,11200,0,0,0,18091205,18091205,3039
164271,537,352,1178,0,0,11200,0,0,0,18093063,18093063,3039
164286,537,433,1178,0,0,11200,0,0,0,18095178,18095178,3039
164302,537,485,1178,0,0,11200,0,0,0,18097031,18097031,3039
164317,537,531,1178,0,0,11200,0,0,0,18099131,18099131,3039
164332,537,608,1178,0,0,11200,0,0,0,18100726,18100726,3039
164348,537,683,1178,0,0,11200,0,0,0,18102679,18102679,3039
164363,537,716,1178,0,0,11200,0,0,0,18104092,18104092,3039
164379,537,768,1178,0,0,11200,0,0,0,18105455,18105455,3039
164394,537,805,1178,0,0,11200,0,0,0,18106710,18106710,3039
164409,537,890,1178,0,0,11200,0,0,0,18108435,18108435,3039
164424,537,945,1178,0,0,11200,0,0,0,18110148,18110148,3039
164440,537,992,1178,0,0,11200,0,0,0,18111975,18111975,3039
164455,538,1069,1178,0,0,11200,0,0,0,18113772,18113772,3039
164470,538,1112,1178,0,0,11200,0,0,0,18115253,18115253,3039
164485,538,1154,1178,0,0,11200,0,0,0,18117125,18117125,3039
164501,538,42,1178,0,0,11200,0,0,0,18119457,18119457,3039
164516,538,134,1178,0,0,11200,0,0,0,18121677,18121677,3039
164531,538,185,1178,0,0,11200,0,0,0,18123621,18123621,3039
164546,538,229,1178,0,0,11200,0,0,0,18125526,18125526,3039
164562,538,300,1178,0,0,11200,0,0,0,18127756,18127756,3039
164577,538,357,1178,0,0,11200,0,0,0,18129814,18129814,3039
164592,538,434,1178,0,0,11200,0,0,0,18131731,18131731,3039
164608,538,489,1178,0,0,11200,0,0,0,18133742,18133742,3039
164623,538,550,1178,0,0,11200,0,0,0,18135846,18135846,3039
164638,538,623,1178,0,0,11200,0,0,0,18137486,18137486,3039
164654,538,679,1178,0,0,11200,0,0,0,18139439,18139439,3039
164669,538,719,1178,0,0,11200,0,0,0,18140746,18140746,3039
164686,538,773,1178,0,0,11200,0,0,0,18142264,18142264,3039
164703,538,803,1178,0,0,11200,0,0,0,18143440,18143440,3039
164718,538,879,1178,0,0,11200,0,0,0,18145032,18145032,3039
164733,538,936,1178,0,0,11200,0,0,0,18146605,18146605,3039
164749,538,999,1178,0,0,11200,0,0,0,18148536,18148536,3039
164765,538,1069,1179,1,0,11200,0,0,0,18150488,18150488,3040
164780,539,1131,1179,1,0,11200,0,0,0,18152365,18152365,3040
164795,539,1178,1179,0,0,11200,0,0,0,18154134,18154134,3040
164811,539,95,1179,0,0,11200,0,0,0,18156440,18156440,3040
164826,539,161,1179,0,0,11200,0,0,0,18158731,18158731,3040
164841,539,210,1179,0,0,11200,0,0,0,18160732,18160732,3040
164856,539,254,1179,0,0,11200,0,0,0,18162794,18162794,3040
164872,539,315,1179,0,0,11200,0,0,0,18164862,18164862,3040
164887,539,365,1179,0,0,11200,0,0,0,18166803,18166803,3040
164904,539,438,1179,0,0,11200,0,0,0,18168748,18168748,3040
164919,539,490,1179,0,0,11200,0,0,0,18170390,18170390,3040
164934,539,547,1179,0,0,11200,0,0,0,18172300,18172300,3040
164950,539,608,1179,0,0,11200,0,0,0,18173727,18173727,3040
164965,539,685,1179,0,0,11200,0,0,0,18175622,18175622,3040
164980,539,718,1179,0,0,11200,0,0,0,18176862,18176862,3040
164995,539,770,1179,0,0,11200,0,0,0,18178218,18178218,3040
165010,539,817,1179,0,0,11200,0,0,0,18179590,18179590,3040
165026,539,890,1179,0,0,11200,0,0,0,18181434,18181434,3040
165041,539,943,1179,0,0,11200,0,0,0,18183095,18183095,3040
165056,539,1003,1179,0,0,11200,0,0,0,18184939,18184939,3040
165072,540,1082,1179,0,0,11200,0,0,0,18187205,18187205,3040
165087,540,1132,1179,0,0,11200,0,0,0,18189027,18189027,3040
165102,540,1177,1179,0,0,11200,0,0,0,18190849,18190849,3040
165117,540,109,1179,0,0,11200,0,0,0,18193122,18193122,3040
165132,540,170,1179,0,0,11200,0,0,0,18195466,18195466,3040
165147,540,217,1179,0,0,11200,0,0,0,18197593,18197593,3040
165163,540,269,1179,0,0,11200,0,0,0,18199607,18199607,3040
165178,540,332,1179,0,0,11200,0,0,0,18201572,18201572,3040
165194,540,398,1179,0,0,11200,0,0,0,18203557,18203557,3040
165209,540,479,1179,0,0,11200,0,0,0,18205511,18205511,3040
165224,540,516,1179,0,0,11200,0,0,0,18207252,18207252,3040
165239,540,556,1179,0,0,11200,0,0,0,18208479,18208479,3040
165254,540,629,1179,0,0,11200,0,0,0,18209897,18209897,3040
165271,540,682,1179,0,0,11200,0,0,0,18211583,18211583,3040
165287,540,718,1179,0,0,11200,0,0,0,18212929,18212929,3040
165302,540,779,1179,0,0,11200,0,0,0,18214531,18214531,3040
165318,540,837,1179,0,0,11200,0,0,0,18215855,18215855,3040
165334,540,903,1179,0,0,11200,0,0,0,18217626,18217626,3040
165349,540,966,1179,0,0,11200,0,0,0,18219349,18219349,3040
165365,540,1044,1179,0,0,11200,0,0,0,18221466,18221466,3040
165380,541,1111,1179,0,0,11200,0,0,0,18223243,18223243,3040
165396,541,1162,1179,0,0,11200,0,0,0,18225201,18225201,3040
165411,541,36,1179,0,0,11200,0,0,0,18227457,18227457,3040
165426,541,135,1179,0,0,11200,0,0,0,18229573,18229573,3040
165442,541,191,1179,0,0,11200,0,0,0,18231717,18231717,3040
165457,541,234,1179,0,0,11200,0,0,0,18233670,18233670,3040
165472,541,290,1179,0,0,11200,0,0,0,18235674,18235674,3040
165487,541,344,1179,0,0,11200,0,0,0,18237617,18237617,3040
165502,541,423,1179,0,0,11200,0,0,0,18239622,18239622,3040
165517,541,484,1179,0,0,11200,0,0,0,18241716,18241716,3040
165533,541,543,1179,0,0,11200,0,0,0,18243678,18243678,3040
165548,541,612,1179,0,0,11200,0,0,0,18244955,18244955,3040
165564,541,687,1179,0,0,11200,0,0,0,18246933,18246933,3040
165579,541,739,1179,0,0,11200,0,0,0,18248329,18248329,3040
165594,541,790,1179,0,0,11200,0,0,0,18249691,18249691,3040
165610,541,861,1179,0,0,11200,0,0,0,18251557,18251557,3040
165626,541,927,1179,0,0,11200,0,0,0,18253177,18253177,3040
165642,541,992,1179,0,0,11200,0,0,0,18255191,18255191,3040
165657,541,1060,1179,0,0,11200,0,0,0,18257153,18257153,3040
165672,542,1127,1179,0,0,11200,0,0,0,18259045,18259045,3040
165688,542,1175,1179,0,0,11200,0,0,0,18260986,18260986,3040
165703,542,83,1179,0,0,11200,0,0,0,18263211,18263211,3040
165719,542,159,1179,0,0,11200,0,0,0,18265467,18265467,3040
165735,542,212,1179,0,0,11200,0,0,0,18267560,18267560,3040
165750,542,264,1179,0,0,11200,0,0,0,18269769,18269769,3040
165765,542,315,1179,0,0,11200,0,0,0,18271726,18271726,3040
165780,542,381,1179,0,0,11200,0,0,0,18273771,18273771,3040
165795,542,440,1179,0,0,11200,0,0,0,18275809,18275809,3040
165811,542,497,1179,0,0,11200,0,0,0,18278014,18278014,3040
165826,542,553,1179,0,0,11200,0,0,0,18280090,18280090,3040
165841,542,608,1179,0,0,11200,0,0,0,18281242,18281242,3040
165857,542,661,1179,0,0,11200,0,0,0,18282696,18282696,3040
165872,542,706,1179,0,0,11200,0,0,0,18284233,18284233,3040
165888,542,772,1179,0,0,11200,0,0,0,18285805,18285805,3040
165904,542,804,1179,0,0,11200,0,0,0,18286819,18286819,3040
165919,542,875,1179,0,0,11200,0,0,0,18288788,18288788,3040
165935,542,938,1179,0,0,11200,0,0,0,18290270,18290270,3040
165950,542,1003,1179,0,0,11200,0,0,0,18292151,18292151,3040
165966,542,1066,1179,0,0,11200,0,0,0,18294009,18294009,3040
165981,543,1115,1179,0,0,11200,0,0,0,18295419,18295419,3040
165996,543,1154,1179,0,0,11200,0,0,0,18297055,18297055,3040
166011,543,27,1179,0,0,11200,0,0,0,18299351,18299351,3040
166027,543,118,1179,0,0,11200,0,0,0,18301241,18301241,3040
166042,543,178,1179,0,0,11200,0,0,0,18303518,18303518,3040
166057,543,245,1179,0,0,11200,0,0,0,18305793,18305793,3040
166072,543,308,1179,0,0,11200,0,0,0,18307849,18307849,3040
166088,543,373,1179,0,0,11200,0,0,0,18309770,18309770,3040
166103,543,448,1179,0,0,11200,0,0,0,18311713,18311713,3040
166119,543,493,1179,0,0,11200,0,0,0,18313487,18313487,3040
166134,543,545,1179,0,0,11200,0,0,0,18315468,18315468,3040
166150,543,620,1179,0,0,11200,0,0,0,18317188,18317188,3040
166165,543,681,1179,0,0,11200,0,0,0,18319072,18319072,3040
166181,543,723,1179,0,0,11200,0,0,0,18320446,18320446,3040
166196,543,771,1179,0,0,11200,0,0,0,18321896,18321896,3040
166212,543,797,1179,0,0,11200,0,0,0,18322841,18322841,3040
166227,543,875,1179,0,0,11200,0,0,0,18324617,18324617,3040
166242,543,927,1179,0,0,11200,0,0,0,18325886,18325886,3040
166257,543,978,1179,0,0,11200,0,0,0,18327531,18327531,3040
166273,543,1019,1179,0,0,11200,0,0,0,18329305,18329305,3040
166290,544,1070,1179,0,0,11200,0,0,0,18331179,18331179,3040
166305,544,1124,1179,0,0,11200,0,0,0,18332883,18332883,3040
166320,544,1178,1179,0,0,11200,0,0,0,18334913,18334913,3040
166335,544,65,1179,0,0,11200,0,0,0,18337168,18337168,3040
166351,544,152,1179,0,0,11200,0,0,0,18339567,18339567,3040
166366,544,205,1179,0,0,11200,0,0,0,18341763,18341763,3040
166382,544,237,1179,0,0,11200,0,0,0,18343670,18343670,3040
166397,544,290,1179,0,0,11200,0,0,0,18345724,18345724,3040
166413,544,350,1179,0,0,11200,0,0,0,18347686,18347686,3040
166428,544,436,1179,0,0,11200,0,0,0,18349816,18349816,3040
166443,544,484,1179,0,0,11200,0,0,0,18351330,18351330,3040
166459,544,536,1179,0,0,11200,0,0,0,18353201,18353201,3040
166474,544,597,1179,0,0,11200,0,0,0,18354901,18354901,3040
166489,544,649,1179,0,0,11200,0,0,0,18356368,18356368,3040
166505,544,698,1179,0,0,11200,0,0,0,18357993,18357993,3040
166520,544,730,1179,0,0,11200,0,0,0,18359124,18359124,3040
166536,544,774,1179,0,0,11200,0,0,0,18360561,18360561,3040
166552,544,832,1179,0,0,11200,0,0,0,18362329,18362329,3040
166567,544,896,1179,0,0,11200,0,0,0,18364126,18364126,3040
166582,544,955,1179,0,0,11200,0,0,0,18365753,18365753,3040
166597,544,1017,1179,0,0,11200,0,0,0,18367631,18367631,3040
166613,545,1073,1179,0,0,11200,0,0,0,18369344,18369344,3040
166628,545,1134,1179,0,0,11200,0,0,0,18371174,18371174,3040
166643,545,2,1179,0,0,11200,0,0,0,18373016,18373016,3040
166658,545,83,1179,0,0,11200,0,0,0,18375380,18375380,3040
166674,545,159,1179,0,0,11200,0,0,0,18377718,18377718,3040
166689,545,208,1179,0,0,11200,0,0,0,18379893,18379893,3040
166705,545,256,1179,0,0,11200,0,0,0,18382060,18382060,3040
166720,545,333,1179,0,0,11200,0,0,0,18384120,18384120,3040
166735,545,406,1179,0,0,11200,0,0,0,18386140,18386140,3040
166751,545,484,1179,0,0,11200,0,0,0,18388110,18388110,3040
166766,545,531,1179,0,0,11200,0,0,0,18389943,18389943,3040
166783,545,608,1179,0,0,11200,0,0,0,18391583,18391583,3040
166798,545,670,1179,0,0,11200,0,0,0,18393326,18393326,3040
166814,545,703,1179,0,0,11200,0,0,0,18394532,18394532,3040
166830,545,755,1179,0,0,11200,0,0,0,18395925,18395925,3040
166845,545,800,1179,0,0,11200,0,0,0,18397209,18397209,3040
166860,545,877,1179,0,0,11200,0,0,0,18399063,18399063,3040
166876,545,934,1179,0,0,11200,0,0,0,18400511,18400511,3040
166891,545,995,1179,0,0,11200,0,0,0,18402427,18402427,3040
166907,546,1070,1179,0,0,11200,0,0,0,18404310,18404310,3040
166922,546,1125,1179,0,0,11200,0,0,0,18406165,18406165,3040
166937,546,1175,1179,0,0,11200,0,0,0,18408078,18408078,3040
166952,546,92,1179,0,0,11200,0,0,0,18410272,18410272,3040
166968,546,156,1179,0,0,11200,0,0,0,18412624,18412624,3040
166983,546,214,1179,0,0,11200,0,0,0,18414639,18414639,3040
166998,546,260,1179,0,0,11200,0,0,0,18416646,18416646,3040
167013,546,322,1179,0,0,11200,0,0,0,18418816,18418816,3040
167029,546,384,1179,0,0,11200,0,0,0,18420812,18420812,3040
167045,546,457,1179,0,0,11200,0,0,0,18422585,18422585,3040
167060,546,513,1179,0,0,11200,0,0,0,18424590,18424590,3040
167076,546,556,1179,0,0,11200,0,0,0,18425982,18425982,3040
167091,546,634,1179,0,0,11200,0,0,0,18427772,18427772,3040
167106,546,688,1179,0,0,11200,0,0,0,18429405,18429405,3040
167122,546,723,1179,0,0,11200,0,0,0,18430766,18430766,3040
167137,546,785,1179,0,0,11200,0,0,0,18432273,18432273,3040
167152,546,858,1179,0,0,11200,0,0,0,18434070,18434070,3040
167168,546,927,1179,0,0,11200,0,0,0,18435864,18435864,3040
167183,546,993,1179,0,0,11200,0,0,0,18437856,18437856,3040
167198,546,1060,1179,0,0,11200,0,0,0,18439865,18439865,3040
167213,547,1108,1179,0,0,11200,0,0,0,18441562,18441562,3040
167229,547,1162,1179,0,0,11200,0,0,0,18443473,18443473,3040
167244,547,29,1179,0,0,11200,0,0,0,18445648,18445648,3040
167260,547,127,1179,0,0,11200,0,0,0,18447960,18447960,3040
167275,547,191,1179,0,0,11200,0,0,0,18449887,18449887,3040
167291,547,245,1179,0,0,11200,0,0,0,18451962,18451962,3040
167306,547,312,1179,0,0,11200,0,0,0,18453865,18453865,3040
167321,547,365,1179,0,0,11200,0,0,0,18455836,18455836,3040
167338,547,438,1179,0,0,11200,0,0,0,18457637,18457637,3040
167354,547,484,1179,0,0,11200,0,0,0,18459736,18459736,3040
167369,547,531,1179,0,0,11200,0,0,0,18461691,18461691,3040
167385,547,620,1179,0,0,11200,0,0,0,18463346,18463346,3040
167400,547,683,1179,0,0,11200,0,0,0,18465164,18465164,3040
167416,547,738,1179,0,0,11200,0,0,0,18466682,18466682,3040
167432,547,797,1179,0,0,11200,0,0,0,18468234,18468234,3040
167448,547,856,1179,0,0,11200,0,0,0,18469950,18469950,3040
167464,547,927,1179,0,0,11200,0,0,0,18471485,18471485,3040
167479,547,987,1179,0,0,11200,0,0,0,18473066,18473066,3040
167494,547,1048,1179,0,0,11200,0,0,0,18474942,18474942,3040
167509,548,1115,1179,0,0,11200,0,0,0,18476920,18476920,3040
167524,548,1158,1179,0,0,11200,0,0,0,18478715,18478715,3040
167540,548,17,1179,0,0,11200,0,0,0,18480778,18480778,3040
167555,548,105,1179,0,0,11200,0,0,0,18482758,18482758,3040
167570,548,159,1179,0,0,11200,0,0,0,18485246,18485246,3040
167585,548,210,1179,0,0,11200,0,0,0,18487294,18487294,3040
167600,548,264,1179,0,0,11200,0,0,0,18489284,18489284,3040
167616,548,322,1179,0,0,11200,0,0,0,18491239,18491239,3040
167631,548,398,1179,0,0,11200,0,0,0,18493259,18493259,3040
167646,548,460,1179,0,0,11200,0,0,0,18495122,18495122,3040
167661,548,501,1179,0,0,11200,0,0,0,18496865,18496865,3040
167676,548,559,1179,0,0,11200,0,0,0,18498783,18498783,3040
167691,548,655,1179,0,0,11200,0,0,0,18500777,18500777,3040
167707,548,712,1179,0,0,11200,0,0,0,18502437,18502437,3040
167723,548,752,1179,0,0,11200,0,0,0,18503779,18503779,3040
167738,548,805,1179,0,0,11200,0,0,0,18505349,18505349,3040
167753,548,877,1179,0,0,11200,0,0,0,18507130,18507130,3040
167768,548,931,1179,0,0,11200,0,0,0,18508762,18508762,3040
167784,548,992,1179,0,0,11200,0,0,0,18510668,18510668,3040
167799,548,1057,1179,0,0,11200,0,0,0,18512577,18512577,3040
167815,549,1108,1179,0,0,11200,0,0,0,18514268,18514268,3040
167830,549,1148,1179,0,0,11200,0,0,0,18515862,18515862,3040
167845,549,6,1179,0,0,11200,0,0,0,18517651,18517651,3040
167861,549,105,1179,0,0,11200,0,0,0,18519897,18519897,3040
167876,549,159,1179,0,0,11200,0,0,0,18522402,18522402,3040
167892,549,215,1179,0,0,11200,0,0,0,18524238,18524238,3040
167907,549,273,1179,0,0,11200,0,0,0,18526482,18526482,3040
167922,549,337,1179,0,0,11200,0,0,0,18528569,18528569,3040
167938,549,436,1179,0,0,11200,0,0,0,18530710,18530710,3040
167953,549,492,1179,0,0,11200,0,0,0,18532513,18532513,3040
167969,549,546,1179,0,0,11200,0,0,0,18534432,18534432,3040
167984,549,607,1179,0,0,11200,0,0,0,18536108,18536108,3040
167999,549,661,1179,0,0,11200,0,0,0,18537680,18537680,3040
168014,549,702,1179,0,0,11200,0,0,0,18539257,18539257,3040
168030,549,766,1179,0,0,11200,0,0,0,18540806,18540806,3040
168045,549,794,1179,0,0,11200,0,0,0,18542188,18542188,3040
168060,549,847,1179,0,0,11200,0,0,0,18543494,18543494,3040
168076,549,908,1179,0,0,11200,0,0,0,18545371,18545371,3040
168091,549,981,1179,0,0,11200,0,0,0,18547145,18547145,3040
168107,549,1041,1179,0,0,11200,0,0,0,18549042,18549042,3040
168123,550,1096,1179,0,0,11200,0,0,0,18550692,18550692,3040
168138,550,1144,1179,0,0,11200,0,0,0,18552394,18552394,3040
168153,550,23,1179,0,0,11200,0,0,0,18554779,18554779,3040
168168,550,123,1179,0,0,11200,0,0,0,18556947,18556947,3040
168183,550,187,1179,0,0,11200,0,0,0,18559119,18559119,3040
168198,550,244,1179,0,0,11200,0,0,0,18561194,18561194,3040
168213,550,318,1179,0,0,11200,0,0,0,18563501,18563501,3040
168229,550,377,1179,0,0,11200,0,0,0,18565375,18565375,3040
168244,550,461,1179,0,0,11200,0,0,0,18567440,18567440,3040
168260,550,509,1179,0,0,11200,0,0,0,18569474,18569474,3040
168275,550,560,1179,0,0,11200,0,0,0,18571288,18571288,3040
168291,550,650,1179,0,0,11200,0,0,0,18573142,18573142,3040
168306,550,706,1179,0,0,11200,0,0,0,18574772,18574772,3040
168321,550,758,1179,0,0,11200,0,0,0,18576325,18576325,3040
168337,550,794,1179,0,0,11200,0,0,0,18577618,18577618,3040
168353,550,850,1179,0,0,11200,0,0,0,18579006,18579006,3040
168369,550,915,1179,0,0,11200,0,0,0,18580665,18580665,3040
168385,550,987,1179,0,0,11200,0,0,0,18582609,18582609,3040
168400,550,1052,1179,0,0,11200,0,0,0,18584519,18584519,3040
168416,551,1106,1179,0,0,11200,0,0,0,18586177,18586177,3040
168431,551,1146,1179,0,0,11200,0,0,0,18588144,18588144,3040
168446,551,22,1179,0,0,11200,0,0,0,18590309,18590309,3040
168461,551,132,1179,0,0,11200,0,0,0,18592615,18592615,3040
168477,551,185,1179,0,0,11200,0,0,0,18594936,18594936,3040
168492,551,225,1179,0,0,11200,0,0,0,18596991,18596991,3040
168507,551,278,1179,0,0,11200,0,0,0,18599168,18599168,3040
168523,551,337,1179,0,0,11200,0,0,0,18601012,18601012,3040
168539,551,405,1179,0,0,11200,0,0,0,18603110,18603110,3040
168554,551,469,1179,0,0,11200,0,0,0,18605005,18605005,3040
168569,551,516,1179,0,0,11200,0,0,0,18606820,18606820,3040
168584,551,581,1179,0,0,11200,0,0,0,18608233,18608233,3040
168600,551,645,1179,0,0,11200,0,0,0,18609750,18609750,3040
168616,551,700,1179,0,0,11200,0,0,0,18611693,18611693,3040
168631,551,771,1179,0,0,11200,0,0,0,18613172,18613172,3040
168647,551,816,1179,0,0,11200,0,0,0,18614424,18614424,3040
168662,551,883,1179,0,0,11200,0,0,0,18616158,18616158,3040
168678,551,947,1179,0,0,11200,0,0,0,18617855,18617855,3040
168693,551,1009,1179,0,0,11200,0,0,0,18619612,18619612,3040
168708,552,1083,1179,0,0,11200,0,0,0,18621375,18621375,3040
168723,552,1131,1179,0,0,11200,0,0,0,18623093,18623093,3040
168739,552,1177,1179,0,0,11200,0,0,0,18624937,18624937,3040
168755,552,84,1179,0,0,11200,0,0,0,18627094,18627094,3040
168770,552,147,1179,0,0,11200,0,0,0,18629502,18629502,3040
168785,552,194,1179,0,0,11200,0,0,0,18631559,18631559,3040
168800,552,240,1179,0,0,11200,0,0,0,18633591,18633591,3040
168815,552,325,1179,0,0,11200,0,0,0,18635643,18635643,3040
168831,552,398,1179,0,0,11200,0,0,0,18637680,18637680,3040
168846,552,481,1179,0,0,11200,0,0,0,18639707,18639707,3040
168861,552,527,1179,0,0,11200,0,0,0,18641493,18641493,3040
168877,552,584,1179,0,0,11200,0,0,0,18643313,18643313,3040
168893,552,670,1179,0,0,11200,0,0,0,18645366,18645366,3040
168908,552,722,1179,0,0,11200,0,0,0,18646932,18646932,3040
168925,552,785,1179,0,0,11200,0,0,0,18648542,18648542,3040
168940,552,858,1179,0,0,11200,0,0,0,18650530,18650530,3040
168955,552,928,1179,0,0,11200,0,0,0,18652092,18652092,3040
168970,552,986,1179,0,0,11200,0,0,0,18653800,18653800,3040
168985,552,1062,1179,0,0,11200,0,0,0,18655786,18655786,3040
169001,553,1108,1179,0,0,11200,0,0,0,18657359,18657359,3040
169017,553,1151,1179,0,0,11200,0,0,0,18659277,18659277,3040
169033,553,28,1179,0,0,11200,0,0,0,18661405,18661405,3040
169048,553,125,1179,0,0,11200,0,0,0,18663460,18663460,3040
169063,553,179,1179,0,0,11200,0,0,0,18665595,18665595,3040
169079,553,229,1179,0,0,11200,0,0,0,18667665,18667665,3040
169094,553,289,1179,0,0,11200,0,0,0,18669915,18669915,3040
169110,553,357,1179,0,0,11200,0,0,0,18672072,18672072,3040
169125,553,445,1179,0,0,11200,0,0,0,18674200,18674200,3040
169140,553,497,1179,0,0,11200,0,0,0,18676080,18676080,3040
169155,553,573,1179,0,0,11200,0,0,0,18678164,18678164,3040
169171,553,646,1179,0,0,11200,0,0,0,18679954,18679954,3040
169187,553,680,1179,0,0,11200,0,0,0,18681439,18681439,3040
169202,553,718,1179,0,0,11200,0,0,0,18682755,18682755,3040
169218,553,774,1179,0,0,11200,0,0,0,18684132,18684132,3040
169233,553,821,1179,0,0,11200,0,0,0,18685367,18685367,3040
169251,553,891,1179,0,0,11200,0,0,0,18687423,18687423,3040
169267,553,960,1179,0,0,11200,0,0,0,18689103,18689103,3040
169282,553,1009,1179,0,0,11200,0,0,0,18691041,18691041,3040
169297,553,1066,1179,0,0,11200,0,0,0,18692807,18692807,3040
169313,554,1106,1179,0,0,11200,0,0,0,18694213,18694213,3040
169328,554,1154,1179,0,0,11200,0,0,0,18696150,18696150,3040
169344,554,39,1179,0,0,11200,0,0,0,18698493,18698493,3040
169359,554,123,1179,0,0,11200,0,0,0,18700378,18700378,3040
169374,554,180,1179,0,0,11200,0,0,0,18702523,18702523,3040
169390,554,230,1179,0,0,11200,0,0,0,18704735,18704735,3040
169405,554,296,1179,0,0,11200,0,0,0,18706969,18706969,3040
169420,554,377,1179,0,0,11200,0,0,0,18708857,18708857,3040
169436,554,441,1179,0,0,11200,0,0,0,18710848,18710848,3040
169451,554,490,1179,0,0,11200,0,0,0,18712710,18712710,3040
169466,554,530,1179,0,0,11200,0,0,0,18714552,18714552,3040
169481,554,597,1179,0,0,11200,0,0,0,18716163,18716163,3040
169497,554,665,1179,0,0,11200,0,0,0,18717897,18717897,3040
169512,554,706,1179,0,0,11200,0,0,0,18719401,18719401,3040
169527,554,747,1179,0,0,11200,0,0,0,18720653,18720653,3040
169543,554,784,1179,0,0,11200,0,0,0,18722065,18722065,3040
169559,554,851,1179,0,0,11200,0,0,0,18723915,18723915,3040
169574,554,913,1179,0,0,11200,0,0,0,18725649,18725649,3040
169589,554,969,1179,0,0,11200,0,0,0,18727296,18727296,3040
169605,554,1041,1179,0,0,11200,0,0,0,18729280,18729280,3040
169620,555,1103,1179,0,0,11200,0,0,0,18730968,18730968,3040
169635,555,1153,1179,0,0,11200,0,0,0,18732787,18732787,3040
169651,555,38,1179,0,0,11200,0,0,0,18734715,18734715,3040
169666,555,128,1179,0,0,11200,0,0,0,18736737,18736737,3040
169681,555,178,1179,0,0,11200,0,0,0,18739065,18739065,3040
169696,555,223,1179,0,0,11200,0,0,0,18741132,18741132,3040
169712,555,277,1179,0,0,11200,0,0,0,18743372,18743372,3040
169727,555,340,1179,0,0,11200,0,0,0,18745489,18745489,3040
169742,555,419,1179,0,0,11200,0,0,0,18747480,18747480,3040
169757,555,481,1179,0,0,11200,0,0,0,18749290,18749290,3040
169772,555,531,1179,0,0,11200,0,0,0,18751277,18751277,3040
169788,555,587,1179,0,0,11200,0,0,0,18753007,18753007,3040
169803,555,654,1179,0,0,11200,0,0,0,18754620,18754620,3040
169818,555,703,1179,0,0,11200,0,0,0,18756298,18756298,3040
169834,555,746,1179,0,0,11200,0,0,0,18757666,18757666,3040
169850,555,797,1179,0,0,11200,0,0,0,18759165,18759165,3040
169865,555,875,1179,0,0,11200,0,0,0,18760983,18760983,3040
169880,555,930,1179,0,0,11200,0,0,0,18762593,18762593,3040
169895,555,992,1179,0,0,11200,0,0,0,18764367,18764367,3040
169911,555,1051,1179,0,0,11200,0,0,0,18766076,18766076,3040
169926,556,1106,1179,0,0,11200,0,0,0,18767817,18767817,3040
169941,556,1147,1179,0,0,11200,0,0,0,18769689,18769689,3040
169956,556,15,1179,0,0,11200,0,0,0,18771537,18771537,3040
169972,556,111,1179,0,0,11200,0,0,0,18773783,18773783,3040
169987,556,174,1179,0,0,11200,0,0,0,18776193,18776193,3040
170002,556,225,1179,0,0,11200,0,0,0,18778253,18778253,3040
170018,556,289,1179,0,0,11200,0,0,0,18780495,18780495,3040
170033,556,357,1179,0,0,11200,0,0,0,18782565,18782565,3040
170048,556,447,1179,0,0,11200,0,0,0,18784596,18784596,3040
170063,556,502,1179,0,0,11200,0,0,0,18786476,18786476,3040
170078,556,558,1179,0,0,11200,0,0,0,18788252,18788252,3040
170093,556,649,1179,0,0,11200,0,0,0,18790437,18790437,3040
170109,556,706,1179,0,0,11200,0,0,0,18792254,18792254,3040
170124,556,770,1179,0,0,11200,0,0,0,18793800,18793800,3040
170140,556,805,1179,0,0,11200,0,0,0,18795231,18795231,3040
170156,556,910,1179,0,0,11200,0,0,0,18797184,18797184,3040
170171,556,974,1179,0,0,11200,0,0,0,18799090,18799090,3040
170186,556,1060,1179,0,0,11200,0,0,0,18801161,18801161,3040
170201,557,1112,1179,0,0,11200,0,0,0,18802869,18802869,3040
170217,557,1162,1179,0,0,11200,0,0,0,18804743,18804743,3040
170232,557,65,1179,0,0,11200,0,0,0,18806837,18806837,3040
170247,557,139,1179,0,0,11200,0,0,0,18809051,18809051,3040
170263,557,196,1179,0,0,11200,0,0,0,18811291,18811291,3040
170278,557,242,1179,0,0,11200,0,0,0,18813161,18813161,3040
170293,557,313,1179,0,0,11200,0,0,0,18815243,18815243,3040
170309,557,383,1179,0,0,11200,0,0,0,18817188,18817188,3040
170324,557,457,1179,0,0,11200,0,0,0,18818983,18818983,3040
170339,557,503,1179,0,0,11200,0,0,0,18820737,18820737,3040
170354,557,586,1179,0,0,11200,0,0,0,18822823,18822823,3040
170370,557,654,1179,0,0,11200,0,0,0,18824509,18824509,3040
170386,557,703,1179,0,0,11200,0,0,0,18826214,18826214,3040
170401,557,747,1179,0,0,11200,0,0,0,18827504,18827504,3040
170417,557,784,1179,0,0,11200,0,0,0,18828644,18828644,3040
170432,557,845,1179,0,0,11200,0,0,0,18829807,18829807,3040
170447,557,914,1179,0,0,11200,0,0,0,18831635,18831635,3040
170463,557,986,1179,0,0,11200,0,0,0,18833538,18833538,3040
170478,557,1040,1179,0,0,11200,0,0,0,18835466,18835466,3040
170494,558,1104,1179,0,0,11200,0,0,0,18837321,18837321,3040
170509,558,1145,1179,0,0,11200,0,0,0,18839104,18839104,3040
170524,558,3,1179,0,0,11200,0,0,0,18840908,18840908,3040
170540,558,95,1179,0,0,11200,0,0,0,18843159,18843159,3040
170555,558,155,1179,0,0,11200,0,0,0,18845312,18845312,3040
170570,558,203,1179,0,0,11200,0,0,0,18847272,18847272,3040
170586,558,268,1179,0,0,11200,0,0,0,18849510,18849510,3040
170601,558,330,1179,0,0,11200,0,0,0,18851629,18851629,3040
170616,558,423,1179,0,0,11200,0,0,0,18853551,18853551,3040
170632,558,488,1179,0,0,11200,0,0,0,18855609,18855609,3040
170647,558,538,1179,0,0,11200,0,0,0,18857477,18857477,3040
170662,558,613,1179,0,0,11200,0,0,0,18859223,18859223,3040
170678,558,681,1179,0,0,11200,0,0,0,18861121,18861121,3040
170693,558,718,1179,0,0,11200,0,0,0,18862446,18862446,3040
170708,558,774,1179,0,0,11200,0,0,0,18863995,18863995,3040
170724,558,828,1179,0,0,11200,0,0,0,18865527,18865527,3040
170739,558,904,1179,0,0,11200,0,0,0,18867412,18867412,3040
170754,558,943,1179,0,0,11200,0,0,0,18868477,18868477,3040
170769,558,995,1179,0,0,11200,0,0,0,18870274,18870274,3040
170784,558,1052,1179,0,0,11200,0,0,0,18872079,18872079,3040
170800,559,1113,1179,0,0,11200,0,0,0,18873835,18873835,3040
170816,559,1154,1179,0,0,11200,0,0,0,18875741,18875741,3040
170831,559,24,1179,0,0,11200,0,0,0,18877729,18877729,3040
170846,559,138,1179,0,0,11200,0,0,0,18879933,18879933,3040
170862,559,200,1179,0,0,11200,0,0,0,18882167,18882167,3040
170877,559,245,1179,0,0,11200,0,0,0,18884203,18884203,3040
170892,559,311,1179,0,0,11200,0,0,0,18886321,18886321,3040
170908,559,391,1179,0,0,11200,0,0,0,18888450,18888450,3040
170923,559,477,1179,0,0,11200,0,0,0,18890111,18890111,3040
170938,559,516,1179,0,0,11200,0,0,0,18891928,18891928,3040
170953,559,584,1179,0,0,11200,0,0,0,18893817,18893817,3040
170969,559,659,1179,0,0,11200,0,0,0,18895596,18895596,3040
170984,559,712,1179,0,0,11200,0,0,0,18897304,18897304,3040
171001,559,772,1179,0,0,11200,0,0,0,18898769,18898769,3040
171016,559,826,1179,0,0,11200,0,0,0,18900547,18900547,3040
171031,559,901,1179,0,0,11200,0,0,0,18902022,18902022,3040
171046,559,971,1179,0,0,11200,0,0,0,18903890,18903890,3040
171061,559,1033,1179,0,0,11200,0,0,0,18905830,18905830,3040
171077,560,1108,1179,0,0,11200,0,0,0,18907702,18907702,3040
171092,560,1173,1179,0,0,11200,0,0,0,18909580,18909580,3040
171107,560,56,1179,0,0,11200,0,0,0,18911664,18911664,3040
171122,560,137,1179,0,0,11200,0,0,0,18913848,18913848,3040
171138,560,196,1179,0,0,11200,0,0,0,18916050,18916050,3040
171153,560,248,1179,0,0,11200,0,0,0,18918263,18918263,3040
171169,560,308,1179,0,0,11200,0,0,0,18920320,18920320,3040
171184,560,385,1179,0,0,11200,0,0,0,18922369,18922369,3040
171199,560,460,1179,0,0,11200,0,0,0,18924355,18924355,3040
171215,560,508,1179,0,0,11200,0,0,0,18926258,18926258,3040
171230,560,588,1179,0,0,11200,0,0,0,18928316,18928316,3040
171245,560,646,1179,0,0,11200,0,0,0,18929691,18929691,3040
171260,560,695,1179,0,0,11200,0,0,0,18931201,18931201,3040
171276,560,732,1179,0,0,11200,0,0,0,18932422,18932422,3040
171291,560,787,1179,0,0,11200,0,0,0,18934070,18934070,3040
171306,560,851,1179,0,0,11200,0,0,0,18935679,18935679,3040
171322,560,906,1179,0,0,11200,0,0,0,18937363,18937363,3040
171337,560,972,1179,0,0,11200,0,0,0,18939128,18939128,3040
171352,560,1025,1179,0,0,11200,0,0,0,18941153,18941153,3040
171368,561,1085,1179,0,0,11200,0,0,0,18942931,18942931,3040
171383,561,1142,1179,0,0,11200,0,0,0,18944675,18944675,3040
171398,561,13,1179,0,0,11200,0,0,0,18946615,18946615,3040
171413,561,114,1179,0,0,11200,0,0,0,18948876,18948876,3040
171428,561,178,1179,0,0,11200,0,0,0,18951117,18951117,3040
171443,561,221,1179,0,0,11200,0,0,0,18953196,18953196,3040
171459,561,273,1179,0,0,11200,0,0,0,18955238,18955238,3040
171474,561,325,1179,0,0,11200,0,0,0,18957161,18957161,3040
171489,561,398,1179,0,0,11200,0,0,0,18958891,18958891,3040
171505,561,466,1179,0,0,11200,0,0,0,18960804,18960804,3040
171520,561,514,1179,0,0,11200,0,0,0,18962825,18962825,3040
171535,561,584,1179,0,0,11200,0,0,0,18964632,18964632,3040
171550,561,633,1179,0,0,11200,0,0,0,18965960,18965960,3040
171566,561,692,1179,0,0,11200,0,0,0,18967723,18967723,3040
171582,561,738,1179,0,0,11200,0,0,0,18968938,18968938,3040
171597,561,784,1179,0,0,11200,0,0,0,18970313,18970313,3040
171612,561,856,1179,0,0,11200,0,0,0,18972056,18972056,3040
171628,561,917,1179,0,0,11200,0,0,0,18973610,18973610,3040
171643,561,980,1179,0,0,11200,0,0,0,18975300,18975300,3040
171659,561,1051,1179,0,0,11200,0,0,0,18977089,18977089,3040
171675,562,1121,1180,1,0,11200,0,0,0,18978920,18978920,3040
171690,562,1169,1180,1,0,11200,0,0,0,18980861,18980861,3040
171705,562,47,1180,1,0,11200,0,0,0,18983048,18983048,3040
171720,562,154,1180,1,0,11200,0,0,0,18985379,18985379,3040
171735,562,205,1180,1,0,11200,0,0,0,18987311,18987311,3040
171751,562,242,1180,1,0,11200,0,0,0,18989376,18989376,3040
171766,562,302,1180,1,0,11200,0,0,0,18991337,18991337,3040
171781,562,361,1180,1,0,11200,0,0,0,18993308,18993308,3040
171796,562,441,1180,1,0,11200,0,0,0,18995258,18995258,3040
171811,562,500,1180,1,0,11200,0,0,0,18997249,18997249,3040
171827,562,558,1180,1,0,11200,0,0,0,18999096,18999096,3040
171842,562,638,1180,1,0,11200,0,0,0,19001043,19001043,3040
171857,562,685,1180,1,0,11200,0,0,0,19002741,19002741,3040
171873,562,731,1180,1,0,11200,0,0,0,19004278,19004278,3040
171888,562,780,1180,1,0,11200,0,0,0,19005595,19005595,3040
171904,562,838,1180,1,0,11200,0,0,0,19006919,19006919,3040
171920,562,917,1180,1,0,11200,0,0,0,19008751,19008751,3040
171935,562,981,1180,1,0,11200,0,0,0,19010569,19010569,3040
171950,562,1052,1180,1,0,11200,0,0,0,19012721,19012721,3040
171966,563,1103,1180,1,0,11200,0,0,0,19014169,19014169,3040
171981,563,1153,1180,1,0,11200,0,0,0,19016071,19016071,3040
171996,563,18,1180,1,0,11200,0,0,0,19018031,19018031,3040
172011,563,135,1180,1,0,11200,0,0,0,19020317,19020317,3040
172026,563,189,1180,1,0,11200,0,0,0,19022522,19022522,3040
172042,563,247,1180,1,0,11200,0,0,0,19024619,19024619,3040
172058,563,304,1180,1,0,11200,0,0,0,19026753,19026753,3040
172073,563,378,1180,1,0,11200,0,0,0,19028888,19028888,3040
172089,563,454,1180,1,0,11200,0,0,0,19030740,19030740,3040
172104,563,516,1180,1,0,11200,0,0,0,19032828,19032828,3040
172119,563,581,1180,1,0,11200,0,0,0,19034680,19034680,3040
172134,563,669,1180,1,0,11200,0,0,0,19036671,19036671,3040
172149,563,716,1180,1,0,11200,0,0,0,19038154,19038154,3040
172165,563,783,1180,1,0,11200,0,0,0,19039812,19039812,3040
172181,563,848,1180,1,0,11200,0,0,0,19041320,19041320,3040
172196,563,908,1180,1,0,11200,0,0,0,19042956,19042956,3040
172211,563,966,1180,1,0,11200,0,0,0,19044552,19044552,3040
172226,563,1048,1180,1,0,11200,0,0,0,19046574,19046574,3040
172242,564,1113,1180,1,0,11200,0,0,0,19048330,19048330,3040
172258,564,1159,1180,1,0,11200,0,0,0,19050256,19050256,3040
172273,564,31,1180,1,0,11200,0,0,0,19052402,19052402,3040
172288,564,131,1180,1,0,11200,0,0,0,19054500,19054500,3040
172303,564,196,1180,1,0,11200,0,0,0,19056500,19056500,3040
172319,564,247,1180,1,0,11200,0,0,0,19058732,19058732,3040
172334,564,296,1180,1,0,11200,0,0,0,19060760,19060760,3040
172349,564,360,1180,1,0,11200,0,0,0,19062814,19062814,3040
172365,564,431,1180,1,0,11200,0,0,0,19064512,19064512,3040
172380,564,488,1180,1,0,11200,0,0,0,19066684,19066684,3040
172395,564,540,1180,1,0,11200,0,0,0,19068439,19068439,3040
172410,564,612,1180,1,0,11200,0,0,0,19070328,19070328,3040
172426,564,696,1180,1,0,11200,0,0,0,19072524,19072524,3040
172442,564,741,1180,1,0,11200,0,0,0,19073768,19073768,3040
172458,564,787,1180,1,0,11200,0,0,0,19075394,19075394,3040
172473,564,848,1180,1,0,11200,0,0,0,19076936,19076936,3040
172488,564,920,1180,1,0,11200,0,0,0,19078532,19078532,3040
172503,564,985,1180,1,0,11200,0,0,0,19080334,19080334,3040
172519,564,1052,1180,1,0,11200,0,0,0,19082260,19082260,3040
172534,565,1106,1180,1,0,11200,0,0,0,19083896,19083896,3040
172549,565,1157,1180,1,0,11200,0,0,0,19085708,19085708,3040
172565,565,27,1180,1,0,11200,0,0,0,19087879,19087879,3040
172580,565,112,1180,1,0,11200,0,0,0,19089740,19089740,3040
172595,565,169,1180,1,0,11200,0,0,0,19091921,19091921,3040
172610,565,217,1180,1,0,11200,0,0,0,19094016,19094016,3040
172625,565,277,1180,1,0,11200,0,0,0,19096079,19096079,3040
172640,565,330,1180,1,0,11200,0,0,0,19097996,19097996,3040
172656,565,401,1180,1,0,11200,0,0,0,19099986,19099986,3040
172672,565,484,1180,1,0,11200,0,0,0,19102186,19102186,3040
172687,565,532,1180,1,0,11200,0,0,0,19104154,19104154,3040
172702,565,613,1180,1,0,11200,0,0,0,19106139,19106139,3040
172717,565,683,1180,1,0,11200,0,0,0,19107933,19107933,3040
172733,565,741,1180,1,0,11200,0,0,0,19109380,19109380,3040
172749,565,788,1180,1,0,11200,0,0,0,19110926,19110926,3040
172764,565,856,1180,1,0,11200,0,0,0,19112511,19112511,3040
172779,565,914,1180,1,0,11200,0,0,0,19114238,19114238,3040
172795,565,983,1180,1,0,11200,0,0,0,19115934,19115934,3040
172810,565,1057,1180,1,0,11200,0,0,0,19117841,19117841,3040
172825,566,1108,1180,1,0,11200,0,0,0,19119483,19119483,3040
172840,566,1150,1180,1,0,11200,0,0,0,19121268,19121268,3040
172856,566,13,1180,1,0,11200,0,0,0,19123223,19123223,3040
172872,566,90,1180,1,0,11200,0,0,0,19125237,19125237,3040
172887,566,170,1180,1,0,11200,0,0,0,19127206,19127206,3040
172903,566,215,1180,1,0,11200,0,0,0,19129182,19129182,3040
172919,566,279,1180,1,0,11200,0,0,0,19131398,19131398,3040
172934,566,336,1180,1,0,11200,0,0,0,19133458,19133458,3040
172950,566,406,1180,1,0,11200,0,0,0,19135464,19135464,3040
172965,566,484,1180,1,0,11200,0,0,0,19137523,19137523,3040
172981,566,541,1180,1,0,11200,0,0,0,19139402,19139402,3040
172997,566,613,1180,1,0,11200,0,0,0,19141341,19141341,3040
173012,566,680,1180,1,0,11200,0,0,0,19143303,19143303,3040
173028,566,718,1180,1,0,11200,0,0,0,19144589,19144589,3040
173043,566,772,1180,1,0,11200,0,0,0,19146211,19146211,3040
173059,566,837,1180,1,0,11200,0,0,0,19147615,19147615,3040
173074,566,892,1180,1,0,11200,0,0,0,19149435,19149435,3040
173089,566,959,1180,1,0,11200,0,0,0,19151098,19151098,3040
173104,566,1016,1180,1,0,11200,0,0,0,19152991,19152991,3040
173119,567,1073,1180,1,0,11200,0,0,0,19154842,19154842,3040
173134,567,1127,1180,1,0,11200,0,0,0,19156570,19156570,3040
173150,567,1175,1181,2,0,11200,0,0,0,19158367,19158367,3040
173165,567,83,1181,2,0,11200,0,0,0,19160667,19160667,3040
173180,567,145,1181,2,0,11200,0,0,0,19162831,19162831,3040
173195,567,191,1181,2,0,11200,0,0,0,19164774,19164774,3040
173210,567,269,1181,2,0,11200,0,0,0,19167075,19167075,3040
173226,567,332,1181,2,0,11200,0,0,0,19169088,19169088,3040
173241,567,399,1181,2,0,11200,0,0,0,19171003,19171003,3040
173256,567,488,1181,2,0,11200,0,0,0,19173267,19173267,3040
173271,567,545,1181,2,0,11200,0,0,0,19175294,19175294,3040
173286,567,631,1181,2,0,11200,0,0,0,19177020,19177020,3040
173302,567,685,1181,2,0,11200,0,0,0,19178668,19178668,3040
173317,567,726,1181,2,0,11200,0,0,0,19179956,19179956,3040
