# relative_time, cycles_done, cur_item, corpus_count, pending_total, pending_favs, total_edges, saved_crashes, saved_hangs, max_depth, execs_per_sec, execs_done, edges_found15,0,117,293,247,0,11200,0,0,0,2440,2440,2283
31,0,166,322,243,0,11200,0,0,0,4592,4592,2323
46,0,211,355,245,0,11200,0,0,0,6682,6682,2405
61,0,253,382,239,0,11200,0,0,0,8908,8908,2430
76,0,295,398,223,0,11200,0,0,0,10985,10985,2438
91,0,342,419,214,0,11200,0,0,0,12824,12824,2452
106,0,420,447,204,0,11200,0,0,0,15108,15108,2482
122,0,478,480,205,0,11200,0,0,0,17083,17083,2496
138,1,104,488,206,0,11200,0,0,0,19657,19657,2505
153,1,158,490,207,0,11200,0,0,0,21816,21816,2507
168,1,194,497,213,0,11200,0,0,0,23882,23882,2510
183,1,246,503,219,0,11200,0,0,0,26247,26247,2512
198,1,289,510,224,0,11200,0,0,0,28242,28242,2518
213,1,340,519,232,0,11200,0,0,0,30189,30189,2525
229,1,434,524,237,0,11200,0,0,0,32701,32701,2528
244,1,481,535,246,0,11200,0,0,0,34536,34536,2530
259,2,7,549,229,0,11200,0,0,0,36623,36623,2542
275,2,118,556,236,0,11200,0,0,0,39063,39063,2547
290,2,177,560,239,0,11200,0,0,0,41224,41224,2560
306,2,236,563,241,0,11200,0,0,0,43934,43934,2561
321,2,275,569,247,0,11200,0,0,0,45751,45751,2564
336,2,316,572,250,0,11200,0,0,0,47633,47633,2571
351,2,380,573,251,0,11200,0,0,0,49871,49871,2571
366,2,438,579,256,0,11200,0,0,0,52018,52018,2573
382,2,489,585,260,0,11200,0,0,0,53851,53851,2574
398,2,537,590,262,0,11200,0,0,0,55356,55356,2577
413,3,3,596,240,0,11200,0,0,0,57441,57441,2582
428,3,105,597,239,0,11200,0,0,0,60055,60055,2582
444,3,153,598,239,0,11200,0,0,0,62335,62335,2584
459,3,219,599,240,0,11200,0,0,0,65032,65032,2586
474,3,267,603,244,0,11200,0,0,0,67363,67363,2589
489,3,322,603,244,0,11200,0,0,0,69667,69667,2589
505,3,397,603,242,0,11200,0,0,0,72019,72019,2589
520,3,462,607,246,0,11200,0,0,0,74250,74250,2591
535,3,506,608,243,0,11200,0,0,0,76159,76159,2591
550,3,588,611,243,0,11200,0,0,0,78275,78275,2593
566,4,10,617,235,0,11200,0,0,0,80051,80051,2615
581,4,120,617,232,0,11200,0,0,0,82642,82642,2615
596,4,179,618,232,0,11200,0,0,0,84909,84909,2615
611,4,228,621,234,0,11200,0,0,0,87239,87239,2615
626,4,273,622,235,0,11200,0,0,0,89422,89422,2615
641,4,319,623,235,0,11200,0,0,0,91472,91472,2617
657,4,383,624,236,0,11200,0,0,0,93802,93802,2617
673,4,440,630,240,0,11200,0,0,0,95875,95875,2618
688,4,514,635,244,0,11200,0,0,0,97912,97912,2619
704,4,589,641,250,0,11200,0,0,0,99874,99874,2622
719,5,3,645,240,0,11200,0,0,0,102122,102122,2625
735,5,111,647,238,0,11200,0,0,0,104566,104566,2625
750,5,153,647,237,0,11200,0,0,0,106748,106748,2625
765,5,188,647,235,0,11200,0,0,0,108527,108527,2625
780,5,244,647,235,0,11200,0,0,0,111007,111007,2625
795,5,294,649,237,0,11200,0,0,0,113233,113233,2625
811,5,342,649,237,0,11200,0,0,0,115020,115020,2625
826,5,418,653,239,0,11200,0,0,0,117283,117283,2630
842,5,470,654,238,0,11200,0,0,0,119272,119272,2630
857,5,522,654,237,0,11200,0,0,0,121212,121212,2630
872,5,590,659,240,0,11200,0,0,0,123179,123179,2632
887,5,645,665,243,0,11200,0,0,0,125138,125138,2635
902,6,29,667,237,0,11200,0,0,0,126949,126949,2642
918,6,147,667,232,0,11200,0,0,0,129452,129452,2642
933,6,211,667,232,0,11200,0,0,0,131687,131687,2642
948,6,261,668,232,0,11200,0,0,0,133943,133943,2642
964,6,309,669,233,0,11200,0,0,0,136120,136120,2642
979,6,362,671,235,0,11200,0,0,0,138202,138202,2642
995,6,424,673,236,0,11200,0,0,0,140479,140479,2643
1010,6,483,674,237,0,11200,0,0,0,142521,142521,2643
1026,6,554,675,238,0,11200,0,0,0,144632,144632,2643
1041,6,613,675,238,0,11200,0,0,0,146689,146689,2643
1056,6,665,675,237,0,11200,0,0,0,148335,148335,2643
1071,7,107,676,234,0,11200,0,0,0,150676,150676,2643
1086,7,158,676,233,0,11200,0,0,0,152988,152988,2643
1102,7,215,676,232,0,11200,0,0,0,155586,155586,2643
1118,7,265,677,232,0,11200,0,0,0,157870,157870,2643
1133,7,309,677,231,0,11200,0,0,0,159998,159998,2643
1148,7,363,677,231,0,11200,0,0,0,161865,161865,2643
1164,7,431,678,232,0,11200,0,0,0,163835,163835,2643
1179,7,482,679,232,0,11200,0,0,0,165833,165833,2643
1194,7,557,679,231,0,11200,0,0,0,167951,167951,2643
1210,7,615,680,232,0,11200,0,0,0,169816,169816,2644
1225,7,666,683,232,0,11200,0,0,0,171254,171254,2647
1241,8,78,686,227,0,11200,0,0,0,173675,173675,2656
1256,8,148,688,227,0,11200,0,0,0,176085,176085,2658
1271,8,206,689,227,0,11200,0,0,0,178539,178539,2658
1287,8,255,690,228,0,11200,0,0,0,180870,180870,2658
1302,8,305,692,229,0,11200,0,0,0,183013,183013,2659
1318,8,334,692,229,0,11200,0,0,0,184264,184264,2659
1333,8,393,693,229,0,11200,0,0,0,186402,186402,2659
1349,8,463,693,228,0,11200,0,0,0,188551,188551,2659
1364,8,508,693,227,0,11200,0,0,0,190482,190482,2659
1380,8,590,694,228,0,11200,0,0,0,192833,192833,2659
1395,8,645,694,227,0,11200,0,0,0,194536,194536,2659
1411,8,688,697,228,0,11200,0,0,0,195790,195790,2661
1426,9,108,699,223,0,11200,0,0,0,198137,198137,2667
1441,9,167,699,223,0,11200,0,0,0,200517,200517,2667
1457,9,236,699,223,0,11200,0,0,0,203119,203119,2667
1472,9,279,699,223,0,11200,0,0,0,205349,205349,2667
1487,9,341,699,223,0,11200,0,0,0,207387,207387,2667
1502,9,411,699,220,0,11200,0,0,0,209526,209526,2667
1518,9,476,699,219,0,11200,0,0,0,211699,211699,2667
1533,9,538,699,217,0,11200,0,0,0,213777,213777,2667
1549,9,598,703,221,0,11200,0,0,0,215853,215853,2668
1564,9,685,704,221,0,11200,0,0,0,217929,217929,2668
1579,10,86,705,219,0,11200,0,0,0,220426,220426,2668
1594,10,154,705,219,0,11200,0,0,0,222721,222721,2668
1610,10,220,706,220,0,11200,0,0,0,225324,225324,2668
1625,10,265,706,219,0,11200,0,0,0,227553,227553,2668
1640,10,309,706,219,0,11200,0,0,0,229670,229670,2668
1655,10,368,706,219,0,11200,0,0,0,231583,231583,2668
1671,10,437,708,219,0,11200,0,0,0,233966,233966,2670
1686,10,498,709,220,0,11200,0,0,0,235892,235892,2670
1702,10,567,709,219,0,11200,0,0,0,238043,238043,2670
1717,10,649,713,223,0,11200,0,0,0,240277,240277,2672
1733,10,706,715,220,0,11200,0,0,0,242039,242039,2672
1749,11,103,717,216,0,11200,0,0,0,244491,244491,2673
1765,11,141,718,216,0,11200,0,0,0,246620,246620,2673
1780,11,197,718,216,0,11200,0,0,0,249252,249252,2673
1796,11,250,718,216,0,11200,0,0,0,251629,251629,2673
1811,11,301,718,216,0,11200,0,0,0,253839,253839,2673
1826,11,368,720,216,0,11200,0,0,0,256108,256108,2678
1841,11,447,720,215,0,11200,0,0,0,258149,258149,2678
1857,11,500,721,215,0,11200,0,0,0,260082,260082,2680
1872,11,574,722,215,0,11200,0,0,0,262174,262174,2680
1887,11,632,723,215,0,11200,0,0,0,263923,263923,2686
1902,11,696,725,217,0,11200,0,0,0,265868,265868,2686
1917,12,28,725,207,0,11200,0,0,0,268267,268267,2686
1933,12,135,725,204,0,11200,0,0,0,270714,270714,2686
1948,12,194,729,207,0,11200,0,0,0,273289,273289,2726
1963,12,258,729,206,0,11200,0,0,0,275418,275418,2726
1979,12,316,729,206,0,11200,0,0,0,277452,277452,2726
1994,12,368,729,203,0,11200,0,0,0,279202,279202,2726
2010,12,418,729,202,0,11200,0,0,0,281156,281156,2726
2025,12,470,731,203,0,11200,0,0,0,283023,283023,2726
2041,12,547,732,204,0,11200,0,0,0,285083,285083,2726
2056,12,608,738,210,0,11200,0,0,0,287055,287055,2733
2071,12,679,738,208,0,11200,0,0,0,289097,289097,2733
2086,12,728,747,214,0,11200,0,0,0,291093,291093,2736
2102,13,16,760,213,0,11200,0,0,0,293206,293206,2741
2117,13,131,760,213,0,11200,0,0,0,295586,295586,2741
2132,13,185,760,213,0,11200,0,0,0,297866,297866,2741
2148,13,235,760,213,0,11200,0,0,0,300461,300461,2741
2163,13,278,761,214,0,11200,0,0,0,302582,302582,2741
2178,13,331,762,214,0,11200,0,0,0,304696,304696,2742
2194,13,392,762,214,0,11200,0,0,0,306890,306890,2742
2209,13,470,762,212,0,11200,0,0,0,309059,309059,2742
2225,13,528,762,209,0,11200,0,0,0,311070,311070,2742
2240,13,592,762,208,0,11200,0,0,0,312983,312983,2742
2255,13,661,763,208,0,11200,0,0,0,314910,314910,2742
2270,13,713,764,207,0,11200,0,0,0,316380,316380,2742
2285,14,5,779,214,0,11200,0,0,0,318283,318283,2761
2301,14,108,780,215,0,11200,0,0,0,320881,320881,2761
2316,14,153,780,214,0,11200,0,0,0,323132,323132,2761
2331,14,214,780,213,0,11200,0,0,0,325747,325747,2761
2346,14,259,780,213,0,11200,0,0,0,327979,327979,2761
2362,14,307,780,212,0,11200,0,0,0,330136,330136,2761
2377,14,349,781,213,0,11200,0,0,0,331892,331892,2761
2392,14,417,781,212,0,11200,0,0,0,334158,334158,2761
2407,14,476,783,214,0,11200,0,0,0,336180,336180,2768
2422,14,547,783,213,0,11200,0,0,0,338257,338257,2768
2437,14,626,784,214,0,11200,0,0,0,340175,340175,2768
2454,14,688,785,215,0,11200,0,0,0,342350,342350,2768
2469,14,752,788,216,0,11200,0,0,0,344320,344320,2773
2485,15,7,790,209,0,11200,0,0,0,345932,345932,2773
2500,15,108,790,206,0,11200,0,0,0,348393,348393,2773
2515,15,166,791,207,0,11200,0,0,0,350876,350876,2780
2530,15,218,792,208,0,11200,0,0,0,353170,353170,2786
2545,15,263,794,210,0,11200,0,0,0,355430,355430,2791
2561,15,318,794,210,0,11200,0,0,0,357394,357394,2791
2576,15,385,794,209,0,11200,0,0,0,359781,359781,2791
2591,15,453,794,208,0,11200,0,0,0,361925,361925,2791
2606,15,498,794,208,0,11200,0,0,0,363787,363787,2791
2622,15,571,795,208,0,11200,0,0,0,365909,365909,2791
2638,15,622,796,208,0,11200,0,0,0,367722,367722,2791
2653,15,696,796,207,0,11200,0,0,0,369903,369903,2791
2668,15,757,797,207,0,11200,0,0,0,371991,371991,2791
2684,16,18,800,202,0,11200,0,0,0,374190,374190,2794
2699,16,126,800,202,0,11200,0,0,0,376557,376557,2794
2714,16,181,800,201,0,11200,0,0,0,378909,378909,2794
2729,16,237,803,204,0,11200,0,0,0,381489,381489,2794
2745,16,284,803,204,0,11200,0,0,0,383657,383657,2794
2760,16,362,803,202,0,11200,0,0,0,385811,385811,2794
2775,16,434,803,202,0,11200,0,0,0,388126,388126,2794
2790,16,482,803,202,0,11200,0,0,0,389854,389854,2794
2806,16,553,803,202,0,11200,0,0,0,391732,391732,2794
2822,16,615,804,203,0,11200,0,0,0,393854,393854,2794
2838,16,666,804,200,0,11200,0,0,0,395609,395609,2794
2853,16,733,806,200,0,11200,0,0,0,397814,397814,2794
2868,17,5,807,200,0,11200,0,0,0,399661,399661,2794
2883,17,108,807,199,0,11200,0,0,0,402195,402195,2794
2898,17,154,808,200,0,11200,0,0,0,404450,404450,2795
2914,17,219,808,199,0,11200,0,0,0,407045,407045,2795
2929,17,266,808,199,0,11200,0,0,0,409131,409131,2795
2944,17,322,808,199,0,11200,0,0,0,411257,411257,2795
2959,17,388,808,198,0,11200,0,0,0,413489,413489,2795
2974,17,454,809,198,0,11200,0,0,0,415611,415611,2795
2989,17,518,810,199,0,11200,0,0,0,417724,417724,2795
3004,17,582,810,198,0,11200,0,0,0,419789,419789,2795
3020,17,639,810,197,0,11200,0,0,0,421760,421760,2795
3035,17,697,810,194,0,11200,0,0,0,423927,423927,2795
3050,17,766,811,195,0,11200,0,0,0,426118,426118,2795
3066,18,16,813,191,0,11200,0,0,0,427892,427892,2795
3082,18,132,814,190,0,11200,0,0,0,430265,430265,2797
3097,18,185,814,189,0,11200,0,0,0,432566,432566,2797
3112,18,236,814,188,0,11200,0,0,0,434954,434954,2797
3127,18,283,814,188,0,11200,0,0,0,437202,437202,2797
3142,18,358,814,188,0,11200,0,0,0,439187,439187,2797
3158,18,440,814,188,0,11200,0,0,0,441473,441473,2797
3173,18,487,814,187,0,11200,0,0,0,443451,443451,2797
3189,18,560,814,187,0,11200,0,0,0,445550,445550,2797
3204,18,612,814,186,0,11200,0,0,0,447113,447113,2797
3219,18,682,815,186,0,11200,0,0,0,449030,449030,2797
3234,18,734,819,190,0,11200,0,0,0,451126,451126,2798
3249,19,6,821,188,0,11200,0,0,0,453135,453135,2799
3265,19,122,821,186,0,11200,0,0,0,455704,455704,2799
3281,19,177,822,187,0,11200,0,0,0,457963,457963,2800
3297,19,234,822,186,0,11200,0,0,0,460600,460600,2800
3312,19,278,823,184,0,11200,0,0,0,462911,462911,2800
3327,19,324,824,185,0,11200,0,0,0,465009,465009,2800
3343,19,402,825,186,0,11200,0,0,0,467106,467106,2800
3358,19,469,825,186,0,11200,0,0,0,469142,469142,2800
3373,19,518,825,185,0,11200,0,0,0,471018,471018,2800
3388,19,569,825,183,0,11200,0,0,0,472460,472460,2800
3403,19,651,826,184,0,11200,0,0,0,474634,474634,2800
3419,19,708,826,184,0,11200,0,0,0,476323,476323,2800
3434,19,769,826,184,0,11200,0,0,0,478447,478447,2800
3449,20,14,830,182,0,11200,0,0,0,480608,480608,2802
3464,20,122,831,179,0,11200,0,0,0,483010,483010,2802
3480,20,172,831,179,0,11200,0,0,0,485261,485261,2802
3495,20,225,831,179,0,11200,0,0,0,487533,487533,2802
3511,20,269,831,179,0,11200,0,0,0,489807,489807,2802
3526,20,324,831,179,0,11200,0,0,0,492009,492009,2802
3542,20,391,831,178,0,11200,0,0,0,494303,494303,2802
3558,20,453,831,178,0,11200,0,0,0,496291,496291,2802
3573,20,507,831,177,0,11200,0,0,0,498237,498237,2802
3588,20,557,831,176,0,11200,0,0,0,500444,500444,2802
3603,20,632,831,175,0,11200,0,0,0,502381,502381,2802
3618,20,683,831,175,0,11200,0,0,0,503971,503971,2802
3634,20,735,831,175,0,11200,0,0,0,505797,505797,2802
3649,21,816,831,173,0,11200,0,0,0,507933,507933,2802
3664,21,62,833,174,0,11200,0,0,0,510114,510114,2802
3679,21,135,833,173,0,11200,0,0,0,512291,512291,2802
3694,21,181,833,173,0,11200,0,0,0,514401,514401,2802
3710,21,234,833,173,0,11200,0,0,0,516795,516795,2802
3725,21,278,833,173,0,11200,0,0,0,518976,518976,2802
3740,21,341,833,173,0,11200,0,0,0,520955,520955,2802
3756,21,399,833,172,0,11200,0,0,0,523229,523229,2802
3771,21,458,833,170,0,11200,0,0,0,525392,525392,2802
3786,21,507,833,170,0,11200,0,0,0,527199,527199,2802
3802,21,579,833,168,0,11200,0,0,0,529190,529190,2802
3818,21,645,833,168,0,11200,0,0,0,531186,531186,2802
3833,21,709,833,166,0,11200,0,0,0,533236,533236,2802
3849,21,771,835,168,0,11200,0,0,0,535370,535370,2803
3864,22,4,837,166,0,11200,0,0,0,537299,537299,2803
3879,22,107,839,168,0,11200,0,0,0,539778,539778,2807
3894,22,147,839,168,0,11200,0,0,0,541729,541729,2807
3909,22,208,839,168,0,11200,0,0,0,544023,544023,2807
3925,22,256,839,168,0,11200,0,0,0,546433,546433,2807
3941,22,306,839,168,0,11200,0,0,0,548609,548609,2807
3956,22,356,839,168,0,11200,0,0,0,550267,550267,2807
3971,22,435,839,168,0,11200,0,0,0,552524,552524,2807
3987,22,483,839,168,0,11200,0,0,0,554418,554418,2807
4002,22,543,839,168,0,11200,0,0,0,556247,556247,2807
4019,22,589,840,168,0,11200,0,0,0,558025,558025,2808
4034,22,661,841,169,0,11200,0,0,0,560114,560114,2808
4050,22,722,842,169,0,11200,0,0,0,562144,562144,2809
4065,22,792,842,168,0,11200,0,0,0,563991,563991,2809
4080,23,11,844,164,0,11200,0,0,0,566083,566083,2810
4096,23,123,844,163,0,11200,0,0,0,568424,568424,2810
4114,23,177,845,164,0,11200,0,0,0,570796,570796,2815
4130,23,236,845,163,0,11200,0,0,0,573209,573209,2815
4145,23,282,845,163,0,11200,0,0,0,575089,575089,2815
4161,23,331,845,162,0,11200,0,0,0,577148,577148,2815
4176,23,403,845,161,0,11200,0,0,0,579308,579308,2815
4191,23,473,846,160,0,11200,0,0,0,581456,581456,2815
4207,23,537,846,160,0,11200,0,0,0,583373,583373,2815
4223,23,589,846,160,0,11200,0,0,0,585433,585433,2815
4239,23,661,846,160,0,11200,0,0,0,587505,587505,2815
4255,23,725,846,159,0,11200,0,0,0,589673,589673,2815
4270,23,807,847,158,0,11200,0,0,0,591753,591753,2815
4285,24,17,849,158,0,11200,0,0,0,593894,593894,2816
4300,24,135,849,158,0,11200,0,0,0,596170,596170,2816
4316,24,187,849,158,0,11200,0,0,0,598418,598418,2816
4331,24,235,850,159,0,11200,0,0,0,600799,600799,2817
4347,24,275,851,160,0,11200,0,0,0,603045,603045,2817
4362,24,320,851,160,0,11200,0,0,0,605112,605112,2817
4377,24,383,851,159,0,11200,0,0,0,607340,607340,2817
4392,24,455,851,159,0,11200,0,0,0,609544,609544,2817
4408,24,516,851,159,0,11200,0,0,0,611494,611494,2817
4423,24,588,851,158,0,11200,0,0,0,613576,613576,2817
4438,24,644,851,158,0,11200,0,0,0,615427,615427,2817
4454,24,706,852,158,0,11200,0,0,0,617365,617365,2817
4469,24,782,853,157,0,11200,0,0,0,619339,619339,2817
4485,25,838,854,158,0,11200,0,0,0,621020,621020,2818
4500,25,22,857,155,0,11200,0,0,0,623225,623225,2824
4515,25,136,857,153,0,11200,0,0,0,625735,625735,2824
4530,25,208,857,153,0,11200,0,0,0,628272,628272,2824
4545,25,275,857,153,0,11200,0,0,0,630558,630558,2824
4560,25,331,857,152,0,11200,0,0,0,632610,632610,2824
4575,25,386,857,151,0,11200,0,0,0,634532,634532,2824
4591,25,462,857,149,0,11200,0,0,0,636675,636675,2824
4606,25,507,857,149,0,11200,0,0,0,638658,638658,2824
4621,25,582,859,151,0,11200,0,0,0,640751,640751,2825
4636,25,640,859,151,0,11200,0,0,0,642563,642563,2825
4651,25,713,859,151,0,11200,0,0,0,644652,644652,2825
4666,25,789,860,152,0,11200,0,0,0,646693,646693,2825
4682,26,847,863,155,0,11200,0,0,0,648462,648462,2827
4697,26,24,864,151,0,11200,0,0,0,650640,650640,2830
4712,26,135,864,150,0,11200,0,0,0,653112,653112,2830
4728,26,189,864,150,0,11200,0,0,0,655519,655519,2830
4744,26,244,864,147,0,11200,0,0,0,657927,657927,2830
4759,26,289,865,148,0,11200,0,0,0,660062,660062,2833
4775,26,334,865,148,0,11200,0,0,0,661879,661879,2833
4790,26,392,867,149,0,11200,0,0,0,663838,663838,2833
4805,26,466,867,149,0,11200,0,0,0,666020,666020,2833
4821,26,531,867,148,0,11200,0,0,0,667851,667851,2833
4836,26,600,867,147,0,11200,0,0,0,669847,669847,2833
4852,26,665,867,147,0,11200,0,0,0,671551,671551,2833
4867,26,716,868,148,0,11200,0,0,0,673431,673431,2833
4882,26,797,869,147,0,11200,0,0,0,675556,675556,2833
4898,27,844,870,147,0,11200,0,0,0,677279,677279,2833
4913,27,24,870,142,0,11200,0,0,0,679361,679361,2833
4928,27,139,870,140,0,11200,0,0,0,681731,681731,2833
4944,27,191,870,139,0,11200,0,0,0,684184,684184,2833
4959,27,243,870,139,0,11200,0,0,0,686647,686647,2833
4974,27,286,870,139,0,11200,0,0,0,688722,688722,2833
4989,27,344,870,139,0,11200,0,0,0,691049,691049,2833
5004,27,399,870,138,0,11200,0,0,0,693171,693171,2833
5020,27,473,870,137,0,11200,0,0,0,695183,695183,2833
5035,27,528,870,137,0,11200,0,0,0,697317,697317,2833
5050,27,595,871,138,0,11200,0,0,0,698959,698959,2833
5067,27,665,871,136,0,11200,0,0,0,701124,701124,2833
5082,27,715,872,136,0,11200,0,0,0,703030,703030,2834
5097,27,761,872,134,0,11200,0,0,0,704852,704852,2834
5113,27,839,873,132,0,11200,0,0,0,706953,706953,2834
5128,28,17,874,130,0,11200,0,0,0,709058,709058,2835
5143,28,126,875,128,0,11200,0,0,0,711357,711357,2835
5158,28,184,876,129,0,11200,0,0,0,713751,713751,2835
5173,28,236,876,129,0,11200,0,0,0,716182,716182,2835
5189,28,283,876,129,0,11200,0,0,0,718054,718054,2835
5204,28,341,876,128,0,11200,0,0,0,719992,719992,2835
5219,28,420,876,128,0,11200,0,0,0,722285,722285,2835
5235,28,477,876,128,0,11200,0,0,0,724269,724269,2835
5250,28,533,876,127,0,11200,0,0,0,726305,726305,2835
5265,28,591,876,126,0,11200,0,0,0,728247,728247,2835
5280,28,639,876,125,0,11200,0,0,0,730032,730032,2835
5296,28,695,876,125,0,11200,0,0,0,731565,731565,2835
5311,28,753,876,125,0,11200,0,0,0,733650,733650,2835
5327,28,820,877,125,0,11200,0,0,0,735532,735532,2835
5342,29,15,877,125,0,11200,0,0,0,737502,737502,2835
5357,29,128,877,124,0,11200,0,0,0,739969,739969,2835
5373,29,187,877,124,0,11200,0,0,0,742333,742333,2835
5388,29,240,877,124,0,11200,0,0,0,744647,744647,2835
5403,29,283,877,124,0,11200,0,0,0,746602,746602,2835
5419,29,334,877,123,0,11200,0,0,0,748464,748464,2835
5434,29,397,878,123,0,11200,0,0,0,750497,750497,2835
5450,29,467,878,121,0,11200,0,0,0,752629,752629,2835
5465,29,528,878,121,0,11200,0,0,0,754521,754521,2835
5481,29,589,878,121,0,11200,0,0,0,756396,756396,2835
5497,29,660,878,121,0,11200,0,0,0,758306,758306,2835
5513,29,728,878,121,0,11200,0,0,0,760110,760110,2835
5528,29,797,878,121,0,11200,0,0,0,762152,762152,2835
5544,30,852,881,123,0,11200,0,0,0,763918,763918,2838
5559,30,21,881,121,0,11200,0,0,0,766158,766158,2838
5574,30,128,881,121,0,11200,0,0,0,768420,768420,2838
5590,30,182,881,121,0,11200,0,0,0,771049,771049,2838
5605,30,239,882,122,0,11200,0,0,0,773289,773289,2838
5620,30,280,882,121,0,11200,0,0,0,775371,775371,2838
5635,30,325,882,120,0,11200,0,0,0,777461,777461,2838
5650,30,385,882,120,0,11200,0,0,0,779232,779232,2838
5665,30,454,882,119,0,11200,0,0,0,781139,781139,2838
5680,30,503,882,118,0,11200,0,0,0,782927,782927,2838
5695,30,565,882,116,0,11200,0,0,0,784856,784856,2838
5711,30,623,882,115,0,11200,0,0,0,786697,786697,2838
5727,30,695,883,116,0,11200,0,0,0,788793,788793,2838
5743,30,737,883,116,0,11200,0,0,0,790694,790694,2838
5758,30,811,883,114,0,11200,0,0,0,792801,792801,2838
5774,31,870,887,115,0,11200,0,0,0,794455,794455,2841
5789,31,77,888,113,0,11200,0,0,0,796501,796501,2841
5804,31,147,888,112,0,11200,0,0,0,798614,798614,2841
5819,31,211,888,112,0,11200,0,0,0,800848,800848,2841
5835,31,262,888,112,0,11200,0,0,0,803132,803132,2841
5850,31,311,889,113,0,11200,0,0,0,805160,805160,2842
5865,31,380,890,114,0,11200,0,0,0,807401,807401,2842
5881,31,457,890,114,0,11200,0,0,0,809497,809497,2842
5896,31,506,890,114,0,11200,0,0,0,811330,811330,2842
5912,31,566,890,114,0,11200,0,0,0,813239,813239,2842
5927,31,629,890,113,0,11200,0,0,0,814954,814954,2842
5943,31,688,890,113,0,11200,0,0,0,816641,816641,2842
5958,31,744,890,112,0,11200,0,0,0,818626,818626,2842
5974,31,837,890,112,0,11200,0,0,0,820681,820681,2842
5989,32,11,891,111,0,11200,0,0,0,822795,822795,2842
6004,32,122,892,111,0,11200,0,0,0,824996,824996,2842
6019,32,178,892,111,0,11200,0,0,0,827321,827321,2842
6035,32,243,892,111,0,11200,0,0,0,829822,829822,2842
6050,32,305,892,111,0,11200,0,0,0,832098,832098,2842
6065,32,367,892,111,0,11200,0,0,0,834190,834190,2842
6081,32,430,892,109,0,11200,0,0,0,836264,836264,2842
6096,32,481,892,109,0,11200,0,0,0,838058,838058,2842
6111,32,553,892,108,0,11200,0,0,0,840001,840001,2842
6127,32,611,892,107,0,11200,0,0,0,841930,841930,2842
6142,32,683,893,107,0,11200,0,0,0,844039,844039,2842
6158,32,756,895,107,0,11200,0,0,0,846008,846008,2842
6173,32,837,896,107,0,11200,0,0,0,848043,848043,2842
6188,33,894,897,104,0,11200,0,0,0,849892,849892,2843
6204,33,105,897,102,0,11200,0,0,0,852443,852443,2843
6219,33,161,897,102,0,11200,0,0,0,854888,854888,2843
6234,33,205,897,102,0,11200,0,0,0,857136,857136,2843
6250,33,254,897,102,0,11200,0,0,0,859480,859480,2843
6265,33,306,897,102,0,11200,0,0,0,861623,861623,2843
6281,33,359,897,102,0,11200,0,0,0,863411,863411,2843
6296,33,434,898,103,0,11200,0,0,0,865605,865605,2843
6312,33,482,898,103,0,11200,0,0,0,867491,867491,2843
6327,33,543,898,103,0,11200,0,0,0,869038,869038,2843
6342,33,605,898,103,0,11200,0,0,0,871103,871103,2843
6357,33,661,898,102,0,11200,0,0,0,873004,873004,2843
6373,33,723,898,102,0,11200,0,0,0,875172,875172,2843
6391,33,775,898,102,0,11200,0,0,0,876529,876529,2843
6406,33,844,898,102,0,11200,0,0,0,878438,878438,2843
6421,34,19,898,101,0,11200,0,0,0,880620,880620,2843
6436,34,123,898,98,0,11200,0,0,0,882866,882866,2843
6452,34,177,898,98,0,11200,0,0,0,885137,885137,2843
6467,34,234,898,98,0,11200,0,0,0,887670,887670,2843
6482,34,270,898,98,0,11200,0,0,0,889760,889760,2843
6497,34,318,899,99,0,11200,0,0,0,891866,891866,2843
6513,34,375,900,100,0,11200,0,0,0,893683,893683,2844
6528,34,435,900,99,0,11200,0,0,0,895819,895819,2844
6544,34,479,900,99,0,11200,0,0,0,897727,897727,2844
6560,34,537,900,99,0,11200,0,0,0,899608,899608,2844
6575,34,605,900,98,0,11200,0,0,0,901635,901635,2844
6590,34,679,900,98,0,11200,0,0,0,903659,903659,2844
6606,34,748,900,97,0,11200,0,0,0,905786,905786,2844
6621,34,832,901,98,0,11200,0,0,0,907763,907763,2844
6637,35,894,901,96,0,11200,0,0,0,909818,909818,2844
6652,35,107,901,95,0,11200,0,0,0,912220,912220,2844
6667,35,153,901,95,0,11200,0,0,0,914535,914535,2844
6682,35,218,901,95,0,11200,0,0,0,917002,917002,2844
6698,35,255,902,96,0,11200,0,0,0,918994,918994,2844
6713,35,308,902,96,0,11200,0,0,0,921018,921018,2844
6728,35,348,902,96,0,11200,0,0,0,923082,923082,2844
6744,35,411,902,96,0,11200,0,0,0,925202,925202,2844
6759,35,466,902,96,0,11200,0,0,0,927052,927052,2844
6774,35,508,902,96,0,11200,0,0,0,928923,928923,2844
6790,35,582,902,96,0,11200,0,0,0,930866,930866,2844
6805,35,644,902,96,0,11200,0,0,0,932851,932851,2844
6820,35,696,902,95,0,11200,0,0,0,934485,934485,2844
6836,35,753,902,95,0,11200,0,0,0,936457,936457,2844
6851,35,842,902,95,0,11200,0,0,0,938536,938536,2844
6866,36,11,903,96,0,11200,0,0,0,940655,940655,2844
6882,36,135,903,96,0,11200,0,0,0,943318,943318,2844
6898,36,190,903,96,0,11200,0,0,0,945539,945539,2844
6913,36,240,903,96,0,11200,0,0,0,947854,947854,2844
6928,36,280,903,96,0,11200,0,0,0,949987,949987,2844
6944,36,334,903,96,0,11200,0,0,0,951932,951932,2844
6959,36,402,903,95,0,11200,0,0,0,953952,953952,2844
6974,36,464,903,95,0,11200,0,0,0,955746,955746,2844
6990,36,538,903,95,0,11200,0,0,0,957752,957752,2844
7005,36,592,903,95,0,11200,0,0,0,959638,959638,2844
7022,36,666,903,94,0,11200,0,0,0,961689,961689,2844
7038,36,722,903,93,0,11200,0,0,0,963821,963821,2844
7053,36,819,903,93,0,11200,0,0,0,965718,965718,2844
7068,37,885,903,93,0,11200,0,0,0,967730,967730,2844
7083,37,51,903,90,0,11200,0,0,0,970049,970049,2844
7099,37,135,903,90,0,11200,0,0,0,972386,972386,2844
7114,37,193,903,90,0,11200,0,0,0,974808,974808,2844
7130,37,247,903,90,0,11200,0,0,0,977083,977083,2844
7145,37,297,903,90,0,11200,0,0,0,979255,979255,2844
7161,37,342,904,91,0,11200,0,0,0,981319,981319,2844
7176,37,410,904,91,0,11200,0,0,0,983357,983357,2844
7191,37,475,904,91,0,11200,0,0,0,985184,985184,2844
7206,37,551,904,91,0,11200,0,0,0,987344,987344,2844
7222,37,605,904,90,0,11200,0,0,0,989221,989221,2844
7238,37,670,904,90,0,11200,0,0,0,991072,991072,2844
7253,37,723,904,90,0,11200,0,0,0,993190,993190,2844
7269,37,791,905,91,0,11200,0,0,0,995115,995115,2844
7284,37,854,906,92,0,11200,0,0,0,997066,997066,2844
7299,38,15,906,91,0,11200,0,0,0,999225,999225,2844
7314,38,125,906,91,0,11200,0,0,0,1001473,1001473,2844
7329,38,177,906,91,0,11200,0,0,0,1003936,1003936,2844
7344,38,225,906,91,0,11200,0,0,0,1006379,1006379,2844
7360,38,270,907,92,0,11200,0,0,0,1008627,1008627,2844
7375,38,318,907,92,0,11200,0,0,0,1010509,1010509,2844
7391,38,367,907,91,0,11200,0,0,0,1012265,1012265,2844
7406,38,438,907,91,0,11200,0,0,0,1014320,1014320,2844
7421,38,503,907,91,0,11200,0,0,0,1016309,1016309,2844
7437,38,568,907,91,0,11200,0,0,0,1018250,1018250,2844
7452,38,632,908,92,0,11200,0,0,0,1020221,1020221,2844
7467,38,690,908,92,0,11200,0,0,0,1021876,1021876,2844
7483,38,744,908,92,0,11200,0,0,0,1023839,1023839,2844
7498,38,829,908,92,0,11200,0,0,0,1025937,1025937,2844
7514,39,9,908,90,0,11200,0,0,0,1028030,1028030,2844
7529,39,122,908,90,0,11200,0,0,0,1030379,1030379,2844
7544,39,182,909,91,0,11200,0,0,0,1032748,1032748,2844
7559,39,237,909,91,0,11200,0,0,0,1035162,1035162,2844
7574,39,273,909,91,0,11200,0,0,0,1037205,1037205,2844
7590,39,325,909,91,0,11200,0,0,0,1039393,1039393,2844
7605,39,388,909,91,0,11200,0,0,0,1041347,1041347,2844
7620,39,454,909,91,0,11200,0,0,0,1043388,1043388,2844
7635,39,502,909,91,0,11200,0,0,0,1045277,1045277,2844
7651,39,565,909,90,0,11200,0,0,0,1047414,1047414,2844
7666,39,632,909,90,0,11200,0,0,0,1049227,1049227,2844
7681,39,683,909,90,0,11200,0,0,0,1050555,1050555,2844
7697,39,734,909,90,0,11200,0,0,0,1052452,1052452,2844
7712,39,820,909,90,0,11200,0,0,0,1054458,1054458,2844
7727,40,896,910,90,0,11200,0,0,0,1056454,1056454,2845
7742,40,95,911,88,0,11200,0,0,0,1058743,1058743,2845
7757,40,150,911,88,0,11200,0,0,0,1061096,1061096,2845
7773,40,206,911,87,0,11200,0,0,0,1063361,1063361,2845
7788,40,254,911,87,0,11200,0,0,0,1065662,1065662,2845
7804,40,299,911,87,0,11200,0,0,0,1067803,1067803,2845
7819,40,350,911,87,0,11200,0,0,0,1069670,1069670,2845
7834,40,413,911,87,0,11200,0,0,0,1071709,1071709,2845
7849,40,463,911,87,0,11200,0,0,0,1073557,1073557,2845
7865,40,508,911,86,0,11200,0,0,0,1075405,1075405,2845
7880,40,577,911,85,0,11200,0,0,0,1077420,1077420,2845
7895,40,645,911,85,0,11200,0,0,0,1079509,1079509,2845
7911,40,704,912,86,0,11200,0,0,0,1081081,1081081,2845
7926,40,785,912,85,0,11200,0,0,0,1083139,1083139,2845
7942,40,853,914,86,0,11200,0,0,0,1085017,1085017,2847
7957,41,11,915,85,0,11200,0,0,0,1087138,1087138,2847
7972,41,113,915,85,0,11200,0,0,0,1089472,1089472,2847
7987,41,167,915,85,0,11200,0,0,0,1091850,1091850,2847
8002,41,220,915,85,0,11200,0,0,0,1093960,1093960,2847
8018,41,266,915,85,0,11200,0,0,0,1096252,1096252,2847
8033,41,318,915,85,0,11200,0,0,0,1098104,1098104,2847
8048,41,375,915,84,0,11200,0,0,0,1100254,1100254,2847
8064,41,430,915,84,0,11200,0,0,0,1102344,1102344,2847
8079,41,481,915,84,0,11200,0,0,0,1104265,1104265,2847
8094,41,543,915,84,0,11200,0,0,0,1106184,1106184,2847
8109,41,597,915,84,0,11200,0,0,0,1107632,1107632,2847
8124,41,665,915,84,0,11200,0,0,0,1109389,1109389,2847
8140,41,726,915,84,0,11200,0,0,0,1111327,1111327,2847
8156,41,810,915,83,0,11200,0,0,0,1113369,1113369,2847
8171,41,871,915,83,0,11200,0,0,0,1115213,1115213,2847
8187,42,31,915,81,0,11200,0,0,0,1117538,1117538,2847
8202,42,141,915,81,0,11200,0,0,0,1119788,1119788,2847
8217,42,205,915,81,0,11200,0,0,0,1122339,1122339,2847
8233,42,247,915,81,0,11200,0,0,0,1124670,1124670,2847
8248,42,283,915,81,0,11200,0,0,0,1126502,1126502,2847
8263,42,341,915,80,0,11200,0,0,0,1128556,1128556,2847
8279,42,421,915,80,0,11200,0,0,0,1130860,1130860,2847
8294,42,472,915,80,0,11200,0,0,0,1132659,1132659,2847
8309,42,537,916,81,0,11200,0,0,0,1134613,1134613,2847
8325,42,597,916,81,0,11200,0,0,0,1136642,1136642,2847
8340,42,661,916,80,0,11200,0,0,0,1138681,1138681,2847
8356,42,733,916,80,0,11200,0,0,0,1140813,1140813,2847
8371,42,810,916,80,0,11200,0,0,0,1142541,1142541,2847
8387,42,871,916,80,0,11200,0,0,0,1144468,1144468,2847
8402,43,27,917,81,0,11200,0,0,0,1146630,1146630,2847
8417,43,136,917,81,0,11200,0,0,0,1149069,1149069,2847
8432,43,179,917,81,0,11200,0,0,0,1150975,1150975,2847
8448,43,236,917,81,0,11200,0,0,0,1153472,1153472,2847
8464,43,277,917,81,0,11200,0,0,0,1155476,1155476,2847
8479,43,332,917,81,0,11200,0,0,0,1157448,1157448,2847
8494,43,388,917,81,0,11200,0,0,0,1159425,1159425,2847
8509,43,454,917,81,0,11200,0,0,0,1161460,1161460,2847
8524,43,503,920,84,0,11200,0,0,0,1163283,1163283,2848
8540,43,577,920,84,0,11200,0,0,0,1165375,1165375,2848
8555,43,639,920,84,0,11200,0,0,0,1167354,1167354,2848
8570,43,690,920,84,0,11200,0,0,0,1168876,1168876,2848
8586,43,744,920,84,0,11200,0,0,0,1171013,1171013,2848
8601,43,817,920,83,0,11200,0,0,0,1172880,1172880,2848
8617,44,884,920,82,0,11200,0,0,0,1174803,1174803,2848
8632,44,78,921,79,0,11200,0,0,0,1177203,1177203,2852
8647,44,144,923,81,0,11200,0,0,0,1179404,1179404,2854
8662,44,197,923,81,0,11200,0,0,0,1181641,1181641,2854
8677,44,256,923,81,0,11200,0,0,0,1183925,1183925,2854
8693,44,306,923,81,0,11200,0,0,0,1185940,1185940,2854
8708,44,364,923,81,0,11200,0,0,0,1187926,1187926,2854
8723,44,440,924,82,0,11200,0,0,0,1190232,1190232,2854
8739,44,492,924,81,0,11200,0,0,0,1192202,1192202,2854
8754,44,552,926,81,0,11200,0,0,0,1194142,1194142,2857
8769,44,610,926,81,0,11200,0,0,0,1196028,1196028,2857
8784,44,700,926,81,0,11200,0,0,0,1198251,1198251,2857
8799,44,766,926,81,0,11200,0,0,0,1200297,1200297,2857
8815,44,844,927,82,0,11200,0,0,0,1202305,1202305,2860
8830,45,11,927,77,0,11200,0,0,0,1204537,1204537,2860
8845,45,125,927,77,0,11200,0,0,0,1206948,1206948,2860
8861,45,180,929,79,0,11200,0,0,0,1209265,1209265,2862
8876,45,235,929,79,0,11200,0,0,0,1211597,1211597,2862
8892,45,279,929,79,0,11200,0,0,0,1213682,1213682,2862
8908,45,331,929,79,0,11200,0,0,0,1215985,1215985,2862
8924,45,397,929,79,0,11200,0,0,0,1218193,1218193,2862
8939,45,462,929,79,0,11200,0,0,0,1220151,1220151,2862
8954,45,522,929,79,0,11200,0,0,0,1222104,1222104,2862
8969,45,589,929,79,0,11200,0,0,0,1223914,1223914,2862
8985,45,651,929,79,0,11200,0,0,0,1225753,1225753,2862
9001,45,712,929,79,0,11200,0,0,0,1227374,1227374,2862
9016,45,765,929,78,0,11200,0,0,0,1229328,1229328,2862
9032,45,832,929,77,0,11200,0,0,0,1231095,1231095,2862
9047,45,884,929,76,0,11200,0,0,0,1232781,1232781,2862
9062,46,21,929,75,0,11200,0,0,0,1234871,1234871,2862
9077,46,131,929,75,0,11200,0,0,0,1237338,1237338,2862
9093,46,180,929,75,0,11200,0,0,0,1239562,1239562,2862
9108,46,239,929,75,0,11200,0,0,0,1241865,1241865,2862
9123,46,284,929,75,0,11200,0,0,0,1244032,1244032,2862
9138,46,334,929,74,0,11200,0,0,0,1245998,1245998,2862
9154,46,392,929,74,0,11200,0,0,0,1247991,1247991,2862
9169,46,462,929,73,0,11200,0,0,0,1249980,1249980,2862
9185,46,513,929,73,0,11200,0,0,0,1251875,1251875,2862
9201,46,582,929,72,0,11200,0,0,0,1253891,1253891,2862
9216,46,635,929,71,0,11200,0,0,0,1255894,1255894,2862
9231,46,700,929,71,0,11200,0,0,0,1257713,1257713,2862
9247,46,753,929,70,0,11200,0,0,0,1259544,1259544,2862
9262,46,816,929,69,0,11200,0,0,0,1261498,1261498,2862
9278,46,885,929,69,0,11200,0,0,0,1263479,1263479,2862
9293,47,27,929,67,0,11200,0,0,0,1265827,1265827,2862
9309,47,137,929,67,0,11200,0,0,0,1268342,1268342,2862
9325,47,187,930,68,0,11200,0,0,0,1270664,1270664,2862
9340,47,237,930,67,0,11200,0,0,0,1273152,1273152,2862
9355,47,280,930,67,0,11200,0,0,0,1275295,1275295,2862
9370,47,323,930,67,0,11200,0,0,0,1277325,1277325,2862
9385,47,383,930,67,0,11200,0,0,0,1279332,1279332,2862
9401,47,452,930,67,0,11200,0,0,0,1281400,1281400,2862
9416,47,501,930,67,0,11200,0,0,0,1283357,1283357,2862
9432,47,553,930,67,0,11200,0,0,0,1285203,1285203,2862
9447,47,595,930,67,0,11200,0,0,0,1286645,1286645,2862
9463,47,644,930,67,0,11200,0,0,0,1288327,1288327,2862
9478,47,700,930,67,0,11200,0,0,0,1290041,1290041,2862
9493,47,744,930,67,0,11200,0,0,0,1291929,1291929,2862
9510,47,788,930,65,0,11200,0,0,0,1293293,1293293,2862
9526,47,844,930,64,0,11200,0,0,0,1295344,1295344,2862
9541,48,4,931,64,0,11200,0,0,0,1297457,1297457,2862
9557,48,118,931,64,0,11200,0,0,0,1299971,1299971,2862
9572,48,166,931,64,0,11200,0,0,0,1302285,1302285,2862
9587,48,215,931,64,0,11200,0,0,0,1304672,1304672,2862
9602,48,256,931,63,0,11200,0,0,0,1306939,1306939,2862
9618,48,299,931,63,0,11200,0,0,0,1308994,1308994,2862
9634,48,363,932,64,0,11200,0,0,0,1311200,1311200,2862
9649,48,430,932,64,0,11200,0,0,0,1313371,1313371,2862
9665,48,483,932,64,0,11200,0,0,0,1315335,1315335,2862
9681,48,543,932,64,0,11200,0,0,0,1317413,1317413,2862
9696,48,591,932,64,0,11200,0,0,0,1319166,1319166,2862
9711,48,649,932,64,0,11200,0,0,0,1321152,1321152,2862
9727,48,700,933,65,0,11200,0,0,0,1322575,1322575,2862
9742,48,761,933,65,0,11200,0,0,0,1324565,1324565,2862
9757,48,834,933,65,0,11200,0,0,0,1326490,1326490,2862
9773,49,909,933,64,0,11200,0,0,0,1328479,1328479,2862
9788,49,27,933,62,0,11200,0,0,0,1330595,1330595,2862
9804,49,137,933,62,0,11200,0,0,0,1332921,1332921,2862
9819,49,187,933,62,0,11200,0,0,0,1335174,1335174,2862
9834,49,243,933,62,0,11200,0,0,0,1337524,1337524,2862
9850,49,292,933,62,0,11200,0,0,0,1339691,1339691,2862
9865,49,341,933,62,0,11200,0,0,0,1341480,1341480,2862
9881,49,402,933,62,0,11200,0,0,0,1343758,1343758,2862
9896,49,473,933,62,0,11200,0,0,0,1345731,1345731,2862
9913,49,537,933,62,0,11200,0,0,0,1347374,1347374,2862
9929,49,589,933,62,0,11200,0,0,0,1349150,1349150,2862
9944,49,655,933,62,0,11200,0,0,0,1351299,1351299,2862
9960,49,708,933,62,0,11200,0,0,0,1352544,1352544,2862
9975,49,769,933,62,0,11200,0,0,0,1354612,1354612,2862
9991,49,855,933,62,0,11200,0,0,0,1356707,1356707,2862
10006,50,5,934,59,0,11200,0,0,0,1358737,1358737,2862
10021,50,111,934,58,0,11200,0,0,0,1361048,1361048,2862
10037,50,158,934,58,0,11200,0,0,0,1363277,1363277,2862
10052,50,212,934,58,0,11200,0,0,0,1365602,1365602,2862
10068,50,267,934,58,0,11200,0,0,0,1367772,1367772,2862
10083,50,313,934,58,0,11200,0,0,0,1369796,1369796,2862
10099,50,374,934,58,0,11200,0,0,0,1371904,1371904,2862
10114,50,439,934,58,0,11200,0,0,0,1374058,1374058,2862
10129,50,503,934,58,0,11200,0,0,0,1375886,1375886,2862
10144,50,578,934,57,0,11200,0,0,0,1377979,1377979,2862
10159,50,641,934,57,0,11200,0,0,0,1379864,1379864,2862
10175,50,704,935,58,0,11200,0,0,0,1381494,1381494,2862
10190,50,752,935,58,0,11200,0,0,0,1383480,1383480,2862
10205,50,821,935,58,0,11200,0,0,0,1385349,1385349,2862
10220,51,913,935,58,0,11200,0,0,0,1387225,1387225,2862
10235,51,48,935,57,0,11200,0,0,0,1389527,1389527,2862
10251,51,149,935,57,0,11200,0,0,0,1391728,1391728,2862
10266,51,210,936,57,0,11200,0,0,0,1394142,1394142,2862
10282,51,256,936,57,0,11200,0,0,0,1396309,1396309,2862
10297,51,290,936,57,0,11200,0,0,0,1398335,1398335,2862
10312,51,342,937,57,0,11200,0,0,0,1400120,1400120,2862
10327,51,402,937,57,0,11200,0,0,0,1402177,1402177,2862
10342,51,475,937,57,0,11200,0,0,0,1404135,1404135,2862
10358,51,546,938,58,0,11200,0,0,0,1406381,1406381,2863
10374,51,591,938,58,0,11200,0,0,0,1407969,1407969,2863
10389,51,645,938,58,0,11200,0,0,0,1410004,1410004,2863
10405,51,716,938,58,0,11200,0,0,0,1411736,1411736,2863
10420,51,789,938,56,0,11200,0,0,0,1413671,1413671,2863
10435,51,855,938,55,0,11200,0,0,0,1415878,1415878,2863
10455,51,887,939,56,0,11200,0,0,0,1416692,1416692,2864
10477,52,938,940,53,0,11200,0,0,0,1418026,1418026,2864
10493,52,113,940,53,0,11200,0,0,0,1420403,1420403,2864
10508,52,164,940,53,0,11200,0,0,0,1422659,1422659,2864
10523,52,214,940,53,0,11200,0,0,0,1424839,1424839,2864
10538,52,262,940,53,0,11200,0,0,0,1427098,1427098,2864
10554,52,307,941,54,0,11200,0,0,0,1429206,1429206,2869
10570,52,344,941,54,0,11200,0,0,0,1430794,1430794,2869
10585,52,414,941,54,0,11200,0,0,0,1432815,1432815,2869
10600,52,478,941,53,0,11200,0,0,0,1434666,1434666,2869
10616,52,538,941,53,0,11200,0,0,0,1436796,1436796,2869
10631,52,605,941,53,0,11200,0,0,0,1438900,1438900,2869
10646,52,670,942,54,0,11200,0,0,0,1440680,1440680,2870
10662,52,725,942,54,0,11200,0,0,0,1442442,1442442,2870
10677,52,791,942,54,0,11200,0,0,0,1444359,1444359,2870
10692,52,864,942,54,0,11200,0,0,0,1446369,1446369,2870
10710,53,938,943,55,0,11200,0,0,0,1448206,1448206,2871
10725,53,108,943,52,0,11200,0,0,0,1450721,1450721,2871
10741,53,159,943,52,0,11200,0,0,0,1452961,1452961,2871
10757,53,218,943,52,0,11200,0,0,0,1455284,1455284,2871
10772,53,261,943,52,0,11200,0,0,0,1457484,1457484,2871
10787,53,322,943,52,0,11200,0,0,0,1459663,1459663,2871
10803,53,380,944,53,0,11200,0,0,0,1461474,1461474,2871
10818,53,449,944,53,0,11200,0,0,0,1463643,1463643,2871
10833,53,503,944,53,0,11200,0,0,0,1465599,1465599,2871
10848,53,557,944,52,0,11200,0,0,0,1467626,1467626,2871
10864,53,635,944,52,0,11200,0,0,0,1469739,1469739,2871
10879,53,695,944,51,0,11200,0,0,0,1471447,1471447,2871
10894,53,766,945,52,0,11200,0,0,0,1473447,1473447,2873
10909,53,821,946,52,0,11200,0,0,0,1475152,1475152,2873
10924,53,888,947,53,0,11200,0,0,0,1477133,1477133,2873
10943,54,938,948,54,0,11200,0,0,0,1478460,1478460,2873
10958,54,51,948,52,0,11200,0,0,0,1480790,1480790,2873
10974,54,137,948,51,0,11200,0,0,0,1482838,1482838,2873
10989,54,188,948,51,0,11200,0,0,0,1484927,1484927,2873
11004,54,239,948,51,0,11200,0,0,0,1487464,1487464,2873
11020,54,270,948,51,0,11200,0,0,0,1489630,1489630,2873
11035,54,323,948,51,0,11200,0,0,0,1491760,1491760,2873
11051,54,385,948,50,0,11200,0,0,0,1493657,1493657,2873
11067,54,457,948,50,0,11200,0,0,0,1495799,1495799,2873
11082,54,514,948,50,0,11200,0,0,0,1497814,1497814,2873
11098,54,583,948,50,0,11200,0,0,0,1500128,1500128,2873
11113,54,643,948,50,0,11200,0,0,0,1501830,1501830,2873
11128,54,688,948,50,0,11200,0,0,0,1503228,1503228,2873
11144,54,757,948,50,0,11200,0,0,0,1505268,1505268,2873
11159,54,842,948,50,0,11200,0,0,0,1507214,1507214,2873
11174,55,924,950,51,0,11200,0,0,0,1509195,1509195,2874
11189,55,5,950,48,0,11200,0,0,0,1510149,1510149,2874
11204,55,117,950,48,0,11200,0,0,0,1512378,1512378,2874
11220,55,166,951,49,0,11200,0,0,0,1514651,1514651,2875
11235,55,214,951,49,0,11200,0,0,0,1517133,1517133,2875
11250,55,260,951,49,0,11200,0,0,0,1519092,1519092,2875
11265,55,313,952,50,0,11200,0,0,0,1521197,1521197,2876
11280,55,374,952,50,0,11200,0,0,0,1523112,1523112,2876
11296,55,437,952,50,0,11200,0,0,0,1525189,1525189,2876
11311,55,506,952,50,0,11200,0,0,0,1527269,1527269,2876
11327,55,559,952,50,0,11200,0,0,0,1529153,1529153,2876
11342,55,626,952,50,0,11200,0,0,0,1531079,1531079,2876
11357,55,696,952,50,0,11200,0,0,0,1532553,1532553,2876
11372,55,750,952,49,0,11200,0,0,0,1534307,1534307,2876
11387,55,820,952,48,0,11200,0,0,0,1536297,1536297,2876
11402,55,884,952,48,0,11200,0,0,0,1537980,1537980,2876
11430,56,938,953,49,0,11200,0,0,0,1539524,1539524,2876
11446,56,33,953,47,0,11200,0,0,0,1541815,1541815,2876
11461,56,135,953,47,0,11200,0,0,0,1544059,1544059,2876
11476,56,185,953,47,0,11200,0,0,0,1546099,1546099,2876
11491,56,236,953,47,0,11200,0,0,0,1548511,1548511,2876
11507,56,279,953,47,0,11200,0,0,0,1550592,1550592,2876
11522,56,335,953,47,0,11200,0,0,0,1552653,1552653,2876
11537,56,397,953,47,0,11200,0,0,0,1554822,1554822,2876
11552,56,472,953,47,0,11200,0,0,0,1556997,1556997,2876
11568,56,533,953,47,0,11200,0,0,0,1559163,1559163,2876
11584,56,590,953,47,0,11200,0,0,0,1561074,1561074,2876
11599,56,643,953,47,0,11200,0,0,0,1562663,1562663,2876
11614,56,696,954,48,0,11200,0,0,0,1564214,1564214,2876
11630,56,753,954,48,0,11200,0,0,0,1566133,1566133,2876
11645,56,821,954,48,0,11200,0,0,0,1567951,1567951,2876
11660,56,864,954,48,0,11200,0,0,0,1569620,1569620,2876
11686,57,938,955,47,0,11200,0,0,0,1571665,1571665,2876
11701,57,48,957,48,0,11200,0,0,0,1574049,1574049,2876
11717,57,135,957,48,0,11200,0,0,0,1576172,1576172,2876
11732,57,188,957,48,0,11200,0,0,0,1578602,1578602,2876
11747,57,243,957,48,0,11200,0,0,0,1581044,1581044,2876
11762,57,289,957,48,0,11200,0,0,0,1583111,1583111,2876
11777,57,341,957,48,0,11200,0,0,0,1585038,1585038,2876
11793,57,421,958,49,0,11200,0,0,0,1587339,1587339,2876
11808,57,481,958,49,0,11200,0,0,0,1589214,1589214,2876
11823,57,551,958,49,0,11200,0,0,0,1591274,1591274,2876
11838,57,600,958,49,0,11200,0,0,0,1593308,1593308,2876
11853,57,673,958,49,0,11200,0,0,0,1595057,1595057,2876
11869,57,722,958,48,0,11200,0,0,0,1596917,1596917,2876
11884,57,790,958,48,0,11200,0,0,0,1598759,1598759,2876
11899,57,857,958,46,0,11200,0,0,0,1600607,1600607,2876
11915,58,937,960,46,0,11200,0,0,0,1602563,1602563,2878
11930,58,21,962,45,0,11200,0,0,0,1604293,1604293,2878
11945,58,131,962,45,0,11200,0,0,0,1606800,1606800,2878
11960,58,189,962,45,0,11200,0,0,0,1609157,1609157,2878
11975,58,246,962,45,0,11200,0,0,0,1611646,1611646,2878
11991,58,296,962,45,0,11200,0,0,0,1613843,1613843,2878
12006,58,345,962,45,0,11200,0,0,0,1615912,1615912,2878
12021,58,399,962,45,0,11200,0,0,0,1617870,1617870,2878
12036,58,463,962,45,0,11200,0,0,0,1620009,1620009,2878
12051,58,520,962,45,0,11200,0,0,0,1622036,1622036,2878
12067,58,589,962,45,0,11200,0,0,0,1624147,1624147,2878
12082,58,651,962,45,0,11200,0,0,0,1626080,1626080,2878
12097,58,702,962,45,0,11200,0,0,0,1627640,1627640,2878
12112,58,757,962,45,0,11200,0,0,0,1629526,1629526,2878
12127,58,839,962,45,0,11200,0,0,0,1631440,1631440,2878
12142,59,918,962,45,0,11200,0,0,0,1633424,1633424,2878
12164,59,938,962,43,0,11200,0,0,0,1634225,1634225,2878
12179,59,27,964,44,0,11200,0,0,0,1636291,1636291,2885
12195,59,134,964,44,0,11200,0,0,0,1638682,1638682,2885
12210,59,192,964,44,0,11200,0,0,0,1640999,1640999,2885
12225,59,247,964,44,0,11200,0,0,0,1643391,1643391,2885
12241,59,287,964,44,0,11200,0,0,0,1645436,1645436,2885
12256,59,349,964,44,0,11200,0,0,0,1647473,1647473,2885
12271,59,405,965,45,0,11200,0,0,0,1649333,1649333,2885
12286,59,462,965,45,0,11200,0,0,0,1651189,1651189,2885
12302,59,520,965,45,0,11200,0,0,0,1653055,1653055,2885
12317,59,582,966,46,0,11200,0,0,0,1655153,1655153,2885
12333,59,643,966,46,0,11200,0,0,0,1657099,1657099,2885
12348,59,707,966,46,0,11200,0,0,0,1659071,1659071,2885
12363,59,769,966,46,0,11200,0,0,0,1661104,1661104,2885
12378,59,853,966,46,0,11200,0,0,0,1663060,1663060,2885
12397,60,938,966,46,0,11200,0,0,0,1664969,1664969,2885
12413,60,19,966,44,0,11200,0,0,0,1667222,1667222,2885
12428,60,127,966,44,0,11200,0,0,0,1669749,1669749,2885
12443,60,184,966,44,0,11200,0,0,0,1672184,1672184,2885
12458,60,241,966,44,0,11200,0,0,0,1674461,1674461,2885
12473,60,289,966,44,0,11200,0,0,0,1676561,1676561,2885
12489,60,341,966,44,0,11200,0,0,0,1678679,1678679,2885
12505,60,403,966,44,0,11200,0,0,0,1680874,1680874,2885
12521,60,466,966,44,0,11200,0,0,0,1682956,1682956,2885
12536,60,520,966,44,0,11200,0,0,0,1684924,1684924,2885
12551,60,588,966,44,0,11200,0,0,0,1686859,1686859,2885
12567,60,643,966,44,0,11200,0,0,0,1688428,1688428,2885
12582,60,702,966,43,0,11200,0,0,0,1690113,1690113,2885
12597,60,769,966,43,0,11200,0,0,0,1691977,1691977,2885
12612,60,827,966,42,0,11200,0,0,0,1693480,1693480,2885
12628,61,920,966,42,0,11200,0,0,0,1695323,1695323,2885
12644,61,12,966,41,0,11200,0,0,0,1697306,1697306,2885
12659,61,122,966,41,0,11200,0,0,0,1699607,1699607,2885
12674,61,168,966,41,0,11200,0,0,0,1701810,1701810,2885
12689,61,232,966,41,0,11200,0,0,0,1704129,1704129,2885
12704,61,277,966,41,0,11200,0,0,0,1706243,1706243,2885
12720,61,323,966,41,0,11200,0,0,0,1708441,1708441,2885
12735,61,374,966,41,0,11200,0,0,0,1709973,1709973,2885
12750,61,434,966,41,0,11200,0,0,0,1712145,1712145,2885
12765,61,486,966,41,0,11200,0,0,0,1713905,1713905,2885
12780,61,554,966,41,0,11200,0,0,0,1715760,1715760,2885
12796,61,624,966,41,0,11200,0,0,0,1717962,1717962,2885
12811,61,690,966,41,0,11200,0,0,0,1719960,1719960,2885
12827,61,757,966,41,0,11200,0,0,0,1721909,1721909,2885
12842,61,837,966,41,0,11200,0,0,0,1723867,1723867,2885
12857,61,913,966,41,0,11200,0,0,0,1725940,1725940,2885
12877,62,938,966,41,0,11200,0,0,0,1726587,1726587,2885
12892,62,26,966,39,0,11200,0,0,0,1728861,1728861,2885
12907,62,136,966,39,0,11200,0,0,0,1731314,1731314,2885
12923,62,195,966,39,0,11200,0,0,0,1733995,1733995,2885
12938,62,246,966,39,0,11200,0,0,0,1736401,1736401,2885
12953,62,299,966,38,0,11200,0,0,0,1738396,1738396,2885
12968,62,363,966,38,0,11200,0,0,0,1740521,1740521,2885
12984,62,426,966,37,0,11200,0,0,0,1742760,1742760,2885
12999,62,472,966,37,0,11200,0,0,0,1744471,1744471,2885
13014,62,543,966,37,0,11200,0,0,0,1746466,1746466,2885
13029,62,596,966,36,0,11200,0,0,0,1748363,1748363,2885
13045,62,649,966,36,0,11200,0,0,0,1750280,1750280,2885
13060,62,702,966,36,0,11200,0,0,0,1752013,1752013,2885
13076,62,753,966,35,0,11200,0,0,0,1754035,1754035,2885
13091,62,820,966,34,0,11200,0,0,0,1755890,1755890,2885
13106,62,877,966,34,0,11200,0,0,0,1757690,1757690,2885
13121,63,942,966,34,0,11200,0,0,0,1759252,1759252,2885
13136,63,27,966,32,0,11200,0,0,0,1761519,1761519,2885
13152,63,135,966,32,0,11200,0,0,0,1763929,1763929,2885
13167,63,192,966,32,0,11200,0,0,0,1766329,1766329,2885
13182,63,244,966,32,0,11200,0,0,0,1768616,1768616,2885
13197,63,288,966,32,0,11200,0,0,0,1770681,1770681,2885
13213,63,334,966,32,0,11200,0,0,0,1772650,1772650,2885
13228,63,401,966,32,0,11200,0,0,0,1774712,1774712,2885
13244,63,470,966,32,0,11200,0,0,0,1776812,1776812,2885
13260,63,537,966,32,0,11200,0,0,0,1778788,1778788,2885
13276,63,605,966,32,0,11200,0,0,0,1780840,1780840,2885
13291,63,655,966,31,0,11200,0,0,0,1782523,1782523,2885
13306,63,713,966,31,0,11200,0,0,0,1784056,1784056,2885
13321,63,769,966,31,0,11200,0,0,0,1785952,1785952,2885
13337,63,854,966,31,0,11200,0,0,0,1788017,1788017,2885
13352,64,932,966,30,0,11200,0,0,0,1789891,1789891,2885
13368,64,3,966,30,0,11200,0,0,0,1791047,1791047,2885
13383,64,104,966,30,0,11200,0,0,0,1793430,1793430,2885
13399,64,158,966,30,0,11200,0,0,0,1795740,1795740,2885
13414,64,210,966,30,0,11200,0,0,0,1798273,1798273,2885
13429,64,257,966,30,0,11200,0,0,0,1800677,1800677,2885
13445,64,316,966,30,0,11200,0,0,0,1803045,1803045,2885
13460,64,385,966,30,0,11200,0,0,0,1805264,1805264,2885
13476,64,452,966,30,0,11200,0,0,0,1807398,1807398,2885
13491,64,514,966,30,0,11200,0,0,0,1809383,1809383,2885
13506,64,577,966,30,0,11200,0,0,0,1811445,1811445,2885
13521,64,630,966,30,0,11200,0,0,0,1813185,1813185,2885
13536,64,688,966,30,0,11200,0,0,0,1815014,1815014,2885
13551,64,756,966,30,0,11200,0,0,0,1816963,1816963,2885
13566,64,837,966,30,0,11200,0,0,0,1818790,1818790,2885
13581,64,909,966,30,0,11200,0,0,0,1820830,1820830,2885
13597,65,938,966,30,0,11200,0,0,0,1821747,1821747,2885
13612,65,23,966,29,0,11200,0,0,0,1823823,1823823,2885
13627,65,137,966,29,0,11200,0,0,0,1826124,1826124,2885
13643,65,194,966,28,0,11200,0,0,0,1828627,1828627,2885
13658,65,251,966,28,0,11200,0,0,0,1831081,1831081,2885
13673,65,302,966,28,0,11200,0,0,0,1833273,1833273,2885
13688,65,352,966,28,0,11200,0,0,0,1835033,1835033,2885
13703,65,421,966,28,0,11200,0,0,0,1836895,1836895,2885
13719,65,477,966,28,0,11200,0,0,0,1838837,1838837,2885
13734,65,551,966,28,0,11200,0,0,0,1840978,1840978,2885
13750,65,609,966,28,0,11200,0,0,0,1842851,1842851,2885
13765,65,666,966,28,0,11200,0,0,0,1844501,1844501,2885
13780,65,729,966,28,0,11200,0,0,0,1846535,1846535,2885
13796,65,793,966,28,0,11200,0,0,0,1848573,1848573,2885
13811,65,861,966,28,0,11200,0,0,0,1850605,1850605,2885
13832,66,938,967,29,0,11200,0,0,0,1852214,1852214,2888
13847,66,32,968,28,0,11200,0,0,0,1854505,1854505,2891
13862,66,153,968,28,0,11200,0,0,0,1856723,1856723,2891
13878,66,208,968,28,0,11200,0,0,0,1859072,1859072,2891
13893,66,259,968,28,0,11200,0,0,0,1861369,1861369,2891
13908,66,308,968,28,0,11200,0,0,0,1863520,1863520,2891
13923,66,368,969,29,0,11200,0,0,0,1865668,1865668,2891
13939,66,430,969,29,0,11200,0,0,0,1867744,1867744,2891
13954,66,492,969,29,0,11200,0,0,0,1869751,1869751,2891
13969,66,552,969,29,0,11200,0,0,0,1872095,1872095,2891
13985,66,612,969,29,0,11200,0,0,0,1874126,1874126,2891
14000,66,695,970,30,0,11200,0,0,0,1876059,1876059,2892
14015,66,744,970,30,0,11200,0,0,0,1877889,1877889,2892
14030,66,817,970,30,0,11200,0,0,0,1879853,1879853,2892
14046,66,880,971,31,0,11200,0,0,0,1881786,1881786,2898
14071,67,938,971,28,0,11200,0,0,0,1883287,1883287,2898
14086,67,17,971,25,0,11200,0,0,0,1885477,1885477,2898
14102,67,134,971,25,0,11200,0,0,0,1887928,1887928,2898
14117,67,197,971,25,0,11200,0,0,0,1890264,1890264,2898
14132,67,254,971,25,0,11200,0,0,0,1892314,1892314,2898
14147,67,292,971,25,0,11200,0,0,0,1894332,1894332,2898
14162,67,358,971,25,0,11200,0,0,0,1896297,1896297,2898
14178,67,421,971,25,0,11200,0,0,0,1898439,1898439,2898
14193,67,473,971,25,0,11200,0,0,0,1900478,1900478,2898
14208,67,522,971,25,0,11200,0,0,0,1902417,1902417,2898
14224,67,597,971,25,0,11200,0,0,0,1904437,1904437,2898
14239,67,655,972,26,0,11200,0,0,0,1906256,1906256,2898
14255,67,708,972,26,0,11200,0,0,0,1908005,1908005,2898
14270,67,769,972,25,0,11200,0,0,0,1910013,1910013,2898
14285,67,839,973,26,0,11200,0,0,0,1911701,1911701,2898
14304,68,938,973,26,0,11200,0,0,0,1913583,1913583,2898
14319,68,19,973,25,0,11200,0,0,0,1915732,1915732,2898
14334,68,134,973,25,0,11200,0,0,0,1918263,1918263,2898
14349,68,181,973,25,0,11200,0,0,0,1920443,1920443,2898
14365,68,233,973,25,0,11200,0,0,0,1922872,1922872,2898
14380,68,273,973,25,0,11200,0,0,0,1925072,1925072,2898
14395,68,322,973,25,0,11200,0,0,0,1927158,1927158,2898
14410,68,383,973,25,0,11200,0,0,0,1929202,1929202,2898
14426,68,440,973,25,0,11200,0,0,0,1931090,1931090,2898
14441,68,496,973,25,0,11200,0,0,0,1932873,1932873,2898
14456,68,559,973,25,0,11200,0,0,0,1934912,1934912,2898
14472,68,624,973,25,0,11200,0,0,0,1936879,1936879,2898
14487,68,689,973,25,0,11200,0,0,0,1938846,1938846,2898
14502,68,744,973,25,0,11200,0,0,0,1940555,1940555,2898
14517,68,811,973,25,0,11200,0,0,0,1942082,1942082,2898
14532,68,854,973,25,0,11200,0,0,0,1943605,1943605,2898
14554,69,938,973,25,0,11200,0,0,0,1945410,1945410,2898
14569,69,21,973,25,0,11200,0,0,0,1947717,1947717,2898
14584,69,132,973,25,0,11200,0,0,0,1950106,1950106,2898
14599,69,195,973,25,0,11200,0,0,0,1952405,1952405,2898
14614,69,251,973,25,0,11200,0,0,0,1954784,1954784,2898
14630,69,307,973,25,0,11200,0,0,0,1957045,1957045,2898
14646,69,350,973,25,0,11200,0,0,0,1959003,1959003,2898
14661,69,434,973,25,0,11200,0,0,0,1961136,1961136,2898
14676,69,479,973,25,0,11200,0,0,0,1962948,1962948,2898
14691,69,554,973,25,0,11200,0,0,0,1965075,1965075,2898
14707,69,608,973,25,0,11200,0,0,0,1967094,1967094,2898
14722,69,673,973,24,0,11200,0,0,0,1968975,1968975,2898
14737,69,728,973,24,0,11200,0,0,0,1970680,1970680,2898
14752,69,798,974,25,0,11200,0,0,0,1972608,1972608,2898
14767,69,854,974,24,0,11200,0,0,0,1974513,1974513,2898
14783,70,937,974,22,0,11200,0,0,0,1976559,1976559,2898
14801,70,938,974,22,0,11200,0,0,0,1976655,1976655,2898
14816,70,19,974,22,0,11200,0,0,0,1978934,1978934,2898
14831,70,128,974,22,0,11200,0,0,0,1981097,1981097,2898
14847,70,187,974,22,0,11200,0,0,0,1983491,1983491,2898
14862,70,242,974,22,0,11200,0,0,0,1985637,1985637,2898
14878,70,294,975,23,0,11200,0,0,0,1987821,1987821,2898
14893,70,344,975,23,0,11200,0,0,0,1989597,1989597,2898
14908,70,417,975,23,0,11200,0,0,0,1991800,1991800,2898
14924,70,473,975,23,0,11200,0,0,0,1993724,1993724,2898
14939,70,544,975,23,0,11200,0,0,0,1995702,1995702,2898
14954,70,609,975,23,0,11200,0,0,0,1997663,1997663,2898
14969,70,683,975,23,0,11200,0,0,0,1999603,1999603,2898
14984,70,752,975,23,0,11200,0,0,0,2001559,2001559,2898
15000,70,813,975,23,0,11200,0,0,0,2003001,2003001,2898
15015,70,890,975,23,0,11200,0,0,0,2005106,2005106,2898
15030,71,967,975,22,0,11200,0,0,0,2006869,2006869,2898
15045,71,78,975,21,0,11200,0,0,0,2009173,2009173,2898
15060,71,153,975,21,0,11200,0,0,0,2011246,2011246,2898
15076,71,189,975,21,0,11200,0,0,0,2013035,2013035,2898
15091,71,246,975,21,0,11200,0,0,0,2015391,2015391,2898
15107,71,281,975,21,0,11200,0,0,0,2017458,2017458,2898
15122,71,334,975,21,0,11200,0,0,0,2019495,2019495,2898
15137,71,397,975,21,0,11200,0,0,0,2021489,2021489,2898
15152,71,467,975,21,0,11200,0,0,0,2023543,2023543,2898
15168,71,526,975,21,0,11200,0,0,0,2025619,2025619,2898
15183,71,590,975,21,0,11200,0,0,0,2027502,2027502,2898
15199,71,654,975,21,0,11200,0,0,0,2029245,2029245,2898
15214,71,713,975,21,0,11200,0,0,0,2031143,2031143,2898
15229,71,767,975,21,0,11200,0,0,0,2032995,2032995,2898
15245,71,834,975,21,0,11200,0,0,0,2034633,2034633,2898
15260,72,926,975,20,0,11200,0,0,0,2036715,2036715,2898
15275,72,938,975,20,0,11200,0,0,0,2037070,2037070,2898
15291,72,23,975,19,0,11200,0,0,0,2039175,2039175,2898
15306,72,137,975,19,0,11200,0,0,0,2041528,2041528,2898
15321,72,210,975,19,0,11200,0,0,0,2043925,2043925,2898
15336,72,253,975,19,0,11200,0,0,0,2046077,2046077,2898
15352,72,308,975,19,0,11200,0,0,0,2048209,2048209,2898
15367,72,359,975,19,0,11200,0,0,0,2050045,2050045,2898
15382,72,411,975,19,0,11200,0,0,0,2052084,2052084,2898
15397,72,464,975,19,0,11200,0,0,0,2054085,2054085,2898
15414,72,520,976,20,0,11200,0,0,0,2055918,2055918,2899
15429,72,595,976,20,0,11200,0,0,0,2057817,2057817,2899
15446,72,666,976,20,0,11200,0,0,0,2059823,2059823,2899
15461,72,727,976,20,0,11200,0,0,0,2061795,2061795,2899
15477,72,789,976,20,0,11200,0,0,0,2063614,2063614,2899
15492,72,844,977,21,0,11200,0,0,0,2065636,2065636,2899
15508,72,924,977,20,0,11200,0,0,0,2067594,2067594,2899
15530,73,938,977,20,0,11200,0,0,0,2067921,2067921,2899
15545,73,16,977,19,0,11200,0,0,0,2069893,2069893,2899
15561,73,125,977,19,0,11200,0,0,0,2072378,2072378,2899
15576,73,184,977,19,0,11200,0,0,0,2074782,2074782,2899
15592,73,243,977,19,0,11200,0,0,0,2077189,2077189,2899
15607,73,289,977,19,0,11200,0,0,0,2079238,2079238,2899
15623,73,351,977,19,0,11200,0,0,0,2081446,2081446,2899
15638,73,424,977,19,0,11200,0,0,0,2083457,2083457,2899
15653,73,478,977,19,0,11200,0,0,0,2085244,2085244,2899
15669,73,540,977,19,0,11200,0,0,0,2087103,2087103,2899
15684,73,590,977,19,0,11200,0,0,0,2088833,2088833,2899
15699,73,649,977,19,0,11200,0,0,0,2090582,2090582,2899
15715,73,709,978,20,0,11200,0,0,0,2092411,2092411,2899
15730,73,756,978,20,0,11200,0,0,0,2094058,2094058,2899
15745,73,832,978,20,0,11200,0,0,0,2095714,2095714,2899
15760,73,920,978,20,0,11200,0,0,0,2097838,2097838,2899
15776,74,978,979,20,0,11200,0,0,0,2099731,2099731,2900
15791,74,104,979,20,0,11200,0,0,0,2102074,2102074,2900
15806,74,166,979,20,0,11200,0,0,0,2104345,2104345,2900
15822,74,222,979,20,0,11200,0,0,0,2106842,2106842,2900
15837,74,265,979,20,0,11200,0,0,0,2109111,2109111,2900
15852,74,310,979,20,0,11200,0,0,0,2111169,2111169,2900
15867,74,367,979,20,0,11200,0,0,0,2113203,2113203,2900
15883,74,437,979,20,0,11200,0,0,0,2115368,2115368,2900
15898,74,483,979,20,0,11200,0,0,0,2117045,2117045,2900
15913,74,547,979,20,0,11200,0,0,0,2119023,2119023,2900
15928,74,624,979,20,0,11200,0,0,0,2120863,2120863,2900
15943,74,683,979,20,0,11200,0,0,0,2122653,2122653,2900
15958,74,736,979,20,0,11200,0,0,0,2124711,2124711,2900
15974,74,793,979,20,0,11200,0,0,0,2126452,2126452,2900
15989,74,861,979,20,0,11200,0,0,0,2128381,2128381,2900
16010,75,938,979,20,0,11200,0,0,0,2129966,2129966,2900
16026,75,16,979,20,0,11200,0,0,0,2132000,2132000,2900
16041,75,126,979,20,0,11200,0,0,0,2134282,2134282,2900
16057,75,197,979,20,0,11200,0,0,0,2136781,2136781,2900
16072,75,251,979,20,0,11200,0,0,0,2139113,2139113,2900
16087,75,295,979,20,0,11200,0,0,0,2141190,2141190,2900
16103,75,344,979,20,0,11200,0,0,0,2143160,2143160,2900
16118,75,418,979,20,0,11200,0,0,0,2145298,2145298,2900
16134,75,472,979,20,0,11200,0,0,0,2147051,2147051,2900
16150,75,537,979,20,0,11200,0,0,0,2149028,2149028,2900
16165,75,600,980,21,0,11200,0,0,0,2150623,2150623,2900
16180,75,679,980,21,0,11200,0,0,0,2152457,2152457,2900
16196,75,744,980,21,0,11200,0,0,0,2154406,2154406,2900
16211,75,813,980,21,0,11200,0,0,0,2156251,2156251,2900
16226,75,881,980,21,0,11200,0,0,0,2158109,2158109,2900
16251,76,938,980,21,0,11200,0,0,0,2159735,2159735,2900
16266,76,16,980,21,0,11200,0,0,0,2161832,2161832,2900
16282,76,125,980,21,0,11200,0,0,0,2164396,2164396,2900
16297,76,189,980,21,0,11200,0,0,0,2166863,2166863,2900
16313,76,242,980,21,0,11200,0,0,0,2169466,2169466,2900
16328,76,290,980,21,0,11200,0,0,0,2171655,2171655,2900
16343,76,348,980,21,0,11200,0,0,0,2173708,2173708,2900
16358,76,424,980,21,0,11200,0,0,0,2175783,2175783,2900
16374,76,473,980,21,0,11200,0,0,0,2177590,2177590,2900
16389,76,537,980,21,0,11200,0,0,0,2179518,2179518,2900
16404,76,600,980,21,0,11200,0,0,0,2181301,2181301,2900
16419,76,665,980,21,0,11200,0,0,0,2183196,2183196,2900
16435,76,719,980,21,0,11200,0,0,0,2185027,2185027,2900
16450,76,789,980,21,0,11200,0,0,0,2186683,2186683,2900
16465,76,862,980,21,0,11200,0,0,0,2188829,2188829,2900
16483,77,938,980,21,0,11200,0,0,0,2190537,2190537,2900
16498,77,6,980,20,0,11200,0,0,0,2192504,2192504,2900
16513,77,105,980,20,0,11200,0,0,0,2194970,2194970,2900
16528,77,162,980,20,0,11200,0,0,0,2197253,2197253,2900
16544,77,224,980,20,0,11200,0,0,0,2199685,2199685,2900
16559,77,266,980,20,0,11200,0,0,0,2201841,2201841,2900
16574,77,320,980,20,0,11200,0,0,0,2203808,2203808,2900
16589,77,385,980,20,0,11200,0,0,0,2205709,2205709,2900
16604,77,453,980,20,0,11200,0,0,0,2207731,2207731,2900
16620,77,506,980,20,0,11200,0,0,0,2209723,2209723,2900
16636,77,583,980,20,0,11200,0,0,0,2211766,2211766,2900
16651,77,639,980,20,0,11200,0,0,0,2213160,2213160,2900
16666,77,697,980,20,0,11200,0,0,0,2214926,2214926,2900
16681,77,765,980,20,0,11200,0,0,0,2216885,2216885,2900
16697,77,821,980,20,0,11200,0,0,0,2218736,2218736,2900
16712,77,890,980,19,0,11200,0,0,0,2220665,2220665,2900
16731,78,938,980,19,0,11200,0,0,0,2221985,2221985,2900
16746,78,7,980,16,0,11200,0,0,0,2224012,2224012,2900
16761,78,125,980,16,0,11200,0,0,0,2226586,2226586,2900
16777,78,179,980,16,0,11200,0,0,0,2228835,2228835,2900
16792,78,226,980,16,0,11200,0,0,0,2230943,2230943,2900
16807,78,266,980,16,0,11200,0,0,0,2233069,2233069,2900
16822,78,319,980,16,0,11200,0,0,0,2235087,2235087,2900
16837,78,385,980,16,0,11200,0,0,0,2237131,2237131,2900
16852,78,452,980,16,0,11200,0,0,0,2239150,2239150,2900
16867,78,502,980,16,0,11200,0,0,0,2241019,2241019,2900
16883,78,564,980,16,0,11200,0,0,0,2242879,2242879,2900
16898,78,613,980,16,0,11200,0,0,0,2244503,2244503,2900
16913,78,695,980,16,0,11200,0,0,0,2246597,2246597,2900
16928,78,737,980,16,0,11200,0,0,0,2248411,2248411,2900
16943,78,811,980,16,0,11200,0,0,0,2250343,2250343,2900
16963,78,883,980,16,0,11200,0,0,0,2252267,2252267,2900
16978,79,940,980,16,0,11200,0,0,0,2253497,2253497,2900
16994,79,19,981,17,0,11200,0,0,0,2255742,2255742,2900
17009,79,132,981,16,0,11200,0,0,0,2258068,2258068,2900
17024,79,184,981,16,0,11200,0,0,0,2260635,2260635,2900
17040,79,239,981,16,0,11200,0,0,0,2263012,2263012,2900
17055,79,280,981,16,0,11200,0,0,0,2265130,2265130,2900
17070,79,328,981,16,0,11200,0,0,0,2267270,2267270,2900
17086,79,388,981,16,0,11200,0,0,0,2269053,2269053,2900
17101,79,457,982,17,0,11200,0,0,0,2271151,2271151,2900
17118,79,520,982,17,0,11200,0,0,0,2273176,2273176,2900
17133,79,599,982,17,0,11200,0,0,0,2275069,2275069,2900
17148,79,643,982,17,0,11200,0,0,0,2276590,2276590,2900
17163,79,702,983,18,0,11200,0,0,0,2278318,2278318,2901
17179,79,769,983,18,0,11200,0,0,0,2280233,2280233,2901
17194,79,837,983,18,0,11200,0,0,0,2281932,2281932,2901
17209,79,914,983,18,0,11200,0,0,0,2283809,2283809,2901
17226,80,938,983,18,0,11200,0,0,0,2284511,2284511,2901
17242,80,17,983,17,0,11200,0,0,0,2286706,2286706,2901
17257,80,127,983,17,0,11200,0,0,0,2288930,2288930,2901
17272,80,189,983,17,0,11200,0,0,0,2291352,2291352,2901
17288,80,240,983,17,0,11200,0,0,0,2293660,2293660,2901
17303,80,284,983,17,0,11200,0,0,0,2295779,2295779,2901
17318,80,334,984,18,0,11200,0,0,0,2297447,2297447,2901
17334,80,397,984,18,0,11200,0,0,0,2299534,2299534,2901
17349,80,462,984,18,0,11200,0,0,0,2301605,2301605,2901
17365,80,503,984,18,0,11200,0,0,0,2303618,2303618,2901
17380,80,554,984,18,0,11200,0,0,0,2305430,2305430,2901
17396,80,610,984,18,0,11200,0,0,0,2307507,2307507,2901
17412,80,679,984,18,0,11200,0,0,0,2309266,2309266,2901
17427,80,728,984,18,0,11200,0,0,0,2311139,2311139,2901
17442,80,810,984,18,0,11200,0,0,0,2313050,2313050,2901
17457,80,863,984,18,0,11200,0,0,0,2314922,2314922,2901
17476,81,938,984,18,0,11200,0,0,0,2316393,2316393,2901
17491,81,12,984,17,0,11200,0,0,0,2318464,2318464,2901
17507,81,108,984,17,0,11200,0,0,0,2320794,2320794,2901
17522,81,159,984,17,0,11200,0,0,0,2323127,2323127,2901
17537,81,215,984,17,0,11200,0,0,0,2325480,2325480,2901
17552,81,258,984,17,0,11200,0,0,0,2327717,2327717,2901
17567,81,299,984,17,0,11200,0,0,0,2329701,2329701,2901
17583,81,368,984,17,0,11200,0,0,0,2331890,2331890,2901
17598,81,426,984,17,0,11200,0,0,0,2333987,2333987,2901
17613,81,487,984,17,0,11200,0,0,0,2336040,2336040,2901
17629,81,560,984,17,0,11200,0,0,0,2338114,2338114,2901
17644,81,615,984,17,0,11200,0,0,0,2339686,2339686,2901
17660,81,683,984,17,0,11200,0,0,0,2341578,2341578,2901
17675,81,732,984,17,0,11200,0,0,0,2343471,2343471,2901
17691,81,790,984,17,0,11200,0,0,0,2345320,2345320,2901
17707,81,871,984,17,0,11200,0,0,0,2347408,2347408,2901
17722,82,957,984,17,0,11200,0,0,0,2349537,2349537,2901
17737,82,28,984,17,0,11200,0,0,0,2351728,2351728,2901
17752,82,136,984,16,0,11200,0,0,0,2353907,2353907,2901
17768,82,180,984,16,0,11200,0,0,0,2356040,2356040,2901
17783,82,237,984,16,0,11200,0,0,0,2358468,2358468,2901
17798,82,278,984,16,0,11200,0,0,0,2360501,2360501,2901
17813,82,324,984,16,0,11200,0,0,0,2362693,2362693,2901
17829,82,386,984,16,0,11200,0,0,0,2364715,2364715,2901
17844,82,449,984,16,0,11200,0,0,0,2366833,2366833,2901
17859,82,500,984,16,0,11200,0,0,0,2368855,2368855,2901
17874,82,556,985,17,0,11200,0,0,0,2370681,2370681,2905
17891,82,615,985,17,0,11200,0,0,0,2372736,2372736,2905
17907,82,695,985,17,0,11200,0,0,0,2374808,2374808,2905
17924,82,734,985,17,0,11200,0,0,0,2376532,2376532,2905
17939,82,811,985,17,0,11200,0,0,0,2378426,2378426,2905
17955,82,858,985,17,0,11200,0,0,0,2380060,2380060,2905
17970,82,931,986,18,0,11200,0,0,0,2381809,2381809,2905
17985,83,955,986,18,0,11200,0,0,0,2382603,2382603,2905
18000,83,16,988,16,0,11200,0,0,0,2384626,2384626,2907
18015,83,124,988,16,0,11200,0,0,0,2387005,2387005,2907
18033,83,177,988,16,0,11200,0,0,0,2389377,2389377,2907
18048,83,228,988,16,0,11200,0,0,0,2391704,2391704,2907
18064,83,265,988,16,0,11200,0,0,0,2393854,2393854,2907
18080,83,310,988,16,0,11200,0,0,0,2395825,2395825,2907
18095,83,368,988,16,0,11200,0,0,0,2397944,2397944,2907
18111,83,435,988,16,0,11200,0,0,0,2400107,2400107,2907
18126,83,492,989,17,0,11200,0,0,0,2401995,2401995,2907
18142,83,560,989,17,0,11200,0,0,0,2403884,2403884,2907
18157,83,629,989,17,0,11200,0,0,0,2405846,2405846,2907
18172,83,683,989,17,0,11200,0,0,0,2407663,2407663,2907
18187,83,734,989,17,0,11200,0,0,0,2409299,2409299,2907
18202,83,791,989,17,0,11200,0,0,0,2410412,2410412,2907
18217,83,854,989,17,0,11200,0,0,0,2412437,2412437,2907
18232,84,933,989,16,0,11200,0,0,0,2414281,2414281,2907
18248,84,970,990,17,0,11200,0,0,0,2415621,2415621,2907
18263,84,91,990,16,0,11200,0,0,0,2417990,2417990,2907
18278,84,147,990,16,0,11200,0,0,0,2420083,2420083,2907
18293,84,194,990,16,0,11200,0,0,0,2422365,2422365,2907
18309,84,251,990,16,0,11200,0,0,0,2424724,2424724,2907
18324,84,299,990,16,0,11200,0,0,0,2426651,2426651,2907
18339,84,358,990,16,0,11200,0,0,0,2428515,2428515,2907
18354,84,411,990,16,0,11200,0,0,0,2430403,2430403,2907
18370,84,473,990,16,0,11200,0,0,0,2432362,2432362,2907
18385,84,540,990,16,0,11200,0,0,0,2434314,2434314,2907
18400,84,592,990,16,0,11200,0,0,0,2436146,2436146,2907
18416,84,640,990,16,0,11200,0,0,0,2437710,2437710,2907
18431,84,700,990,16,0,11200,0,0,0,2439540,2439540,2907
18447,84,785,990,15,0,11200,0,0,0,2441729,2441729,2907
18462,84,844,990,15,0,11200,0,0,0,2443620,2443620,2907
18480,84,903,990,14,0,11200,0,0,0,2445299,2445299,2907
18498,85,938,990,14,0,11200,0,0,0,2446205,2446205,2907
18513,85,7,991,15,0,11200,0,0,0,2448222,2448222,2907
18528,85,115,991,15,0,11200,0,0,0,2450669,2450669,2907
18543,85,171,991,15,0,11200,0,0,0,2452792,2452792,2907
18559,85,208,991,15,0,11200,0,0,0,2454504,2454504,2907
18574,85,257,991,15,0,11200,0,0,0,2456831,2456831,2907
18589,85,310,991,15,0,11200,0,0,0,2458883,2458883,2907
18605,85,368,991,15,0,11200,0,0,0,2461025,2461025,2907
18620,85,426,991,15,0,11200,0,0,0,2463207,2463207,2907
18636,85,477,991,15,0,11200,0,0,0,2465013,2465013,2907
18651,85,551,991,15,0,11200,0,0,0,2466922,2466922,2907
18666,85,600,991,15,0,11200,0,0,0,2468859,2468859,2907
18681,85,689,991,15,0,11200,0,0,0,2471127,2471127,2907
18696,85,740,991,15,0,11200,0,0,0,2473138,2473138,2907
18711,85,816,991,15,0,11200,0,0,0,2474980,2474980,2907
18726,85,869,991,15,0,11200,0,0,0,2476543,2476543,2907
18745,86,938,991,15,0,11200,0,0,0,2478098,2478098,2907
18760,86,7,991,15,0,11200,0,0,0,2480351,2480351,2907
18775,86,124,991,15,0,11200,0,0,0,2482593,2482593,2907
18791,86,181,991,15,0,11200,0,0,0,2484928,2484928,2907
18806,86,246,991,15,0,11200,0,0,0,2487393,2487393,2907
18822,86,282,991,15,0,11200,0,0,0,2489311,2489311,2907
18837,86,334,991,15,0,11200,0,0,0,2491392,2491392,2907
18852,86,413,991,15,0,11200,0,0,0,2493552,2493552,2907
18867,86,477,991,15,0,11200,0,0,0,2495576,2495576,2907
18883,86,537,991,15,0,11200,0,0,0,2497440,2497440,2907
18898,86,591,991,15,0,11200,0,0,0,2499078,2499078,2907
18913,86,661,992,16,0,11200,0,0,0,2501095,2501095,2908
18928,86,713,992,16,0,11200,0,0,0,2502888,2502888,2908
18943,86,769,992,16,0,11200,0,0,0,2504700,2504700,2908
18959,86,842,992,16,0,11200,0,0,0,2506660,2506660,2908
18974,86,924,992,16,0,11200,0,0,0,2508600,2508600,2908
18990,87,967,993,17,0,11200,0,0,0,2510015,2510015,2909
19005,87,992,993,15,0,11200,0,0,0,2510999,2510999,2909
19020,87,106,993,15,0,11200,0,0,0,2513403,2513403,2909
19036,87,151,993,15,0,11200,0,0,0,2515595,2515595,2909
19052,87,191,993,15,0,11200,0,0,0,2517618,2517618,2909
19067,87,243,993,15,0,11200,0,0,0,2520061,2520061,2909
19083,87,289,993,15,0,11200,0,0,0,2522093,2522093,2909
19098,87,352,993,15,0,11200,0,0,0,2524175,2524175,2909
19113,87,430,993,15,0,11200,0,0,0,2526429,2526429,2909
19129,87,479,993,15,0,11200,0,0,0,2528327,2528327,2909
19144,87,547,993,15,0,11200,0,0,0,2530502,2530502,2909
19160,87,605,993,15,0,11200,0,0,0,2532433,2532433,2909
19175,87,666,993,15,0,11200,0,0,0,2533982,2533982,2909
19190,87,722,993,15,0,11200,0,0,0,2536000,2536000,2909
19206,87,786,993,15,0,11200,0,0,0,2537746,2537746,2909
19221,87,861,993,15,0,11200,0,0,0,2539694,2539694,2909
19247,88,938,993,14,0,11200,0,0,0,2541768,2541768,2909
19262,88,982,993,14,0,11200,0,0,0,2543401,2543401,2909
19277,88,103,993,14,0,11200,0,0,0,2545738,2545738,2909
19293,88,144,993,14,0,11200,0,0,0,2547938,2547938,2909
19308,88,215,993,14,0,11200,0,0,0,2550258,2550258,2909
19324,88,258,993,14,0,11200,0,0,0,2552479,2552479,2909
19339,88,316,993,14,0,11200,0,0,0,2554602,2554602,2909
19354,88,359,993,14,0,11200,0,0,0,2556014,2556014,2909
19369,88,426,993,14,0,11200,0,0,0,2558292,2558292,2909
19384,88,482,993,14,0,11200,0,0,0,2560209,2560209,2909
19400,88,545,993,14,0,11200,0,0,0,2562180,2562180,2909
19415,88,613,993,14,0,11200,0,0,0,2564198,2564198,2909
19431,88,666,993,14,0,11200,0,0,0,2565657,2565657,2909
19447,88,732,993,13,0,11200,0,0,0,2567673,2567673,2909
19462,88,807,993,13,0,11200,0,0,0,2569497,2569497,2909
19478,88,861,993,13,0,11200,0,0,0,2571349,2571349,2909
19496,89,938,993,13,0,11200,0,0,0,2572897,2572897,2909
19511,89,4,993,13,0,11200,0,0,0,2574597,2574597,2909
19526,89,48,993,13,0,11200,0,0,0,2576685,2576685,2909
19541,89,151,993,13,0,11200,0,0,0,2578949,2578949,2909
19557,89,207,993,13,0,11200,0,0,0,2581142,2581142,2909
19572,89,255,993,13,0,11200,0,0,0,2583371,2583371,2909
19587,89,308,993,13,0,11200,0,0,0,2585351,2585351,2909
19603,89,358,993,13,0,11200,0,0,0,2587137,2587137,2909
19618,89,432,993,13,0,11200,0,0,0,2589148,2589148,2909
19633,89,492,993,13,0,11200,0,0,0,2591071,2591071,2909
19648,89,565,993,13,0,11200,0,0,0,2593200,2593200,2909
19663,89,612,993,13,0,11200,0,0,0,2594918,2594918,2909
19678,89,686,993,13,0,11200,0,0,0,2597122,2597122,2909
19693,89,734,993,13,0,11200,0,0,0,2598902,2598902,2909
19709,89,800,993,13,0,11200,0,0,0,2600793,2600793,2909
19724,89,871,993,13,0,11200,0,0,0,2602698,2602698,2909
19754,90,938,993,13,0,11200,0,0,0,2604381,2604381,2909
19772,90,992,993,13,0,11200,0,0,0,2606170,2606170,2909
19788,90,113,993,13,0,11200,0,0,0,2608558,2608558,2909
19804,90,176,993,13,0,11200,0,0,0,2611063,2611063,2909
19820,90,222,993,13,0,11200,0,0,0,2613096,2613096,2909
19835,90,280,993,13,0,11200,0,0,0,2615304,2615304,2909
19850,90,334,993,13,0,11200,0,0,0,2617277,2617277,2909
19867,90,393,993,13,0,11200,0,0,0,2619384,2619384,2909
19882,90,466,993,13,0,11200,0,0,0,2621367,2621367,2909
19898,90,551,993,13,0,11200,0,0,0,2623599,2623599,2909
19913,90,624,993,13,0,11200,0,0,0,2625330,2625330,2909
19928,90,689,993,13,0,11200,0,0,0,2627207,2627207,2909
19944,90,752,993,13,0,11200,0,0,0,2629128,2629128,2909
19959,90,827,994,14,0,11200,0,0,0,2631029,2631029,2909
19985,90,887,994,14,0,11200,0,0,0,2632602,2632602,2909
20002,91,938,995,15,0,11200,0,0,0,2633758,2633758,2909
20022,91,992,995,15,0,11200,0,0,0,2635676,2635676,2909
20037,91,118,995,15,0,11200,0,0,0,2638092,2638092,2909
20052,91,176,995,15,0,11200,0,0,0,2640426,2640426,2909
20067,91,235,995,15,0,11200,0,0,0,2642835,2642835,2909
20083,91,273,995,15,0,11200,0,0,0,2644841,2644841,2909
20098,91,323,995,15,0,11200,0,0,0,2647074,2647074,2909
20114,91,387,995,15,0,11200,0,0,0,2648885,2648885,2909
20129,91,457,995,15,0,11200,0,0,0,2650960,2650960,2909
20145,91,526,995,15,0,11200,0,0,0,2653014,2653014,2909
20160,91,579,995,15,0,11200,0,0,0,2654754,2654754,2909
20176,91,641,995,15,0,11200,0,0,0,2656588,2656588,2909
20191,91,697,995,15,0,11200,0,0,0,2658312,2658312,2909
20207,91,753,995,15,0,11200,0,0,0,2660101,2660101,2909
20222,91,825,996,16,0,11200,0,0,0,2661893,2661893,2910
20237,91,899,996,16,0,11200,0,0,0,2663872,2663872,2910
20252,92,948,996,16,0,11200,0,0,0,2665274,2665274,2910
20268,92,18,996,15,0,11200,0,0,0,2667396,2667396,2910
20284,92,127,996,15,0,11200,0,0,0,2669811,2669811,2910
20299,92,179,996,15,0,11200,0,0,0,2672310,2672310,2910
20315,92,234,996,15,0,11200,0,0,0,2674740,2674740,2910
20330,92,275,996,15,0,11200,0,0,0,2676848,2676848,2910
20345,92,314,996,15,0,11200,0,0,0,2678917,2678917,2910
20361,92,377,996,15,0,11200,0,0,0,2681019,2681019,2910
20376,92,437,996,15,0,11200,0,0,0,2682994,2682994,2910
20391,92,498,996,15,0,11200,0,0,0,2684887,2684887,2910
20407,92,566,996,15,0,11200,0,0,0,2687086,2687086,2910
20422,92,624,996,15,0,11200,0,0,0,2689055,2689055,2910
20438,92,689,996,15,0,11200,0,0,0,2690924,2690924,2910
20453,92,740,996,15,0,11200,0,0,0,2692833,2692833,2910
20469,92,792,996,15,0,11200,0,0,0,2694043,2694043,2910
20484,92,861,996,15,0,11200,0,0,0,2696189,2696189,2910
20500,92,934,996,15,0,11200,0,0,0,2697678,2697678,2910
20515,93,962,996,15,0,11200,0,0,0,2698503,2698503,2910
20531,93,5,996,14,0,11200,0,0,0,2700019,2700019,2910
20546,93,113,996,14,0,11200,0,0,0,2702296,2702296,2910
20561,93,162,996,13,0,11200,0,0,0,2704336,2704336,2910
20576,93,218,996,13,0,11200,0,0,0,2706943,2706943,2910
20591,93,261,997,14,0,11200,0,0,0,2709206,2709206,2910
20607,93,320,997,14,0,11200,0,0,0,2711411,2711411,2910
20622,93,378,997,14,0,11200,0,0,0,2713728,2713728,2910
20637,93,453,997,14,0,11200,0,0,0,2715836,2715836,2910
20652,93,507,997,14,0,11200,0,0,0,2717676,2717676,2910
20668,93,574,997,14,0,11200,0,0,0,2719574,2719574,2910
20683,93,643,997,14,0,11200,0,0,0,2721643,2721643,2910
20698,93,706,997,14,0,11200,0,0,0,2723600,2723600,2910
20713,93,756,997,14,0,11200,0,0,0,2725377,2725377,2910
20728,93,816,997,14,0,11200,0,0,0,2726935,2726935,2910
20744,93,873,997,14,0,11200,0,0,0,2728677,2728677,2910
20764,94,938,997,14,0,11200,0,0,0,2729970,2729970,2910
20779,94,992,997,14,0,11200,0,0,0,2732089,2732089,2910
20794,94,95,997,14,0,11200,0,0,0,2734549,2734549,2910
20809,94,151,997,14,0,11200,0,0,0,2736748,2736748,2910
20825,94,211,997,14,0,11200,0,0,0,2739184,2739184,2910
20840,94,253,997,14,0,11200,0,0,0,2741133,2741133,2910
20855,94,294,997,14,0,11200,0,0,0,2743181,2743181,2910
20870,94,334,997,14,0,11200,0,0,0,2745025,2745025,2910
20885,94,392,997,14,0,11200,0,0,0,2746956,2746956,2910
20901,94,458,997,14,0,11200,0,0,0,2748917,2748917,2910
20916,94,510,997,14,0,11200,0,0,0,2750781,2750781,2910
20931,94,582,997,14,0,11200,0,0,0,2752911,2752911,2910
20946,94,651,997,14,0,11200,0,0,0,2754913,2754913,2910
20961,94,723,997,14,0,11200,0,0,0,2756834,2756834,2910
20976,94,786,997,14,0,11200,0,0,0,2758516,2758516,2910
20992,94,853,998,15,0,11200,0,0,0,2760274,2760274,2910
21013,94,938,998,15,0,11200,0,0,0,2762074,2762074,2910
21028,95,1,998,14,0,11200,0,0,0,2764185,2764185,2910
21043,95,95,998,14,0,11200,0,0,0,2766588,2766588,2910
21059,95,150,998,14,0,11200,0,0,0,2768906,2768906,2910
21074,95,215,998,14,0,11200,0,0,0,2771210,2771210,2910
21090,95,267,998,14,0,11200,0,0,0,2773597,2773597,2910
21105,95,320,998,14,0,11200,0,0,0,2775804,2775804,2910
21121,95,377,998,14,0,11200,0,0,0,2777777,2777777,2910
21136,95,449,998,14,0,11200,0,0,0,2779934,2779934,2910
21152,95,503,998,14,0,11200,0,0,0,2781957,2781957,2910
21167,95,577,998,14,0,11200,0,0,0,2784199,2784199,2910
21183,95,630,998,14,0,11200,0,0,0,2786148,2786148,2910
21198,95,686,999,15,0,11200,0,0,0,2787818,2787818,2910
21214,95,735,999,15,0,11200,0,0,0,2789610,2789610,2910
21229,95,775,999,15,0,11200,0,0,0,2790819,2790819,2910
21244,95,849,999,15,0,11200,0,0,0,2792617,2792617,2910
21259,95,920,999,15,0,11200,0,0,0,2794489,2794489,2910
21277,95,938,999,15,0,11200,0,0,0,2795172,2795172,2910
21293,96,992,1000,13,0,11200,0,0,0,2797017,2797017,2910
21308,96,93,1001,13,0,11200,0,0,0,2799312,2799312,2910
21324,96,161,1001,13,0,11200,0,0,0,2801710,2801710,2910
21339,96,222,1001,13,0,11200,0,0,0,2804250,2804250,2910
21354,96,270,1001,13,0,11200,0,0,0,2806465,2806465,2910
21370,96,320,1001,13,0,11200,0,0,0,2808627,2808627,2910
21386,96,386,1001,13,0,11200,0,0,0,2810855,2810855,2910
21401,96,457,1001,13,0,11200,0,0,0,2812994,2812994,2910
21417,96,522,1001,13,0,11200,0,0,0,2815150,2815150,2910
21433,96,588,1001,13,0,11200,0,0,0,2817276,2817276,2910
21448,96,671,1001,13,0,11200,0,0,0,2819355,2819355,2910
21464,96,726,1001,13,0,11200,0,0,0,2821083,2821083,2910
21479,96,782,1001,13,0,11200,0,0,0,2822723,2822723,2910
21495,96,836,1001,13,0,11200,0,0,0,2824363,2824363,2910
21510,96,894,1001,13,0,11200,0,0,0,2825782,2825782,2910
21526,97,947,1001,13,0,11200,0,0,0,2827143,2827143,2910
21543,97,992,1001,13,0,11200,0,0,0,2828466,2828466,2910
21558,97,111,1001,13,0,11200,0,0,0,2830931,2830931,2910
21573,97,158,1001,13,0,11200,0,0,0,2833185,2833185,2910
21588,97,218,1001,13,0,11200,0,0,0,2835615,2835615,2910
21604,97,256,1001,13,0,11200,0,0,0,2837777,2837777,2910
21619,97,305,1001,13,0,11200,0,0,0,2839855,2839855,2910
21634,97,365,1002,14,0,11200,0,0,0,2841820,2841820,2910
21649,97,421,1002,14,0,11200,0,0,0,2843823,2843823,2910
21665,97,478,1002,14,0,11200,0,0,0,2845822,2845822,2910
21680,97,538,1002,14,0,11200,0,0,0,2847917,2847917,2910
21696,97,591,1002,14,0,11200,0,0,0,2849626,2849626,2910
21711,97,649,1002,14,0,11200,0,0,0,2851222,2851222,2910
21726,97,713,1002,14,0,11200,0,0,0,2853100,2853100,2910
21741,97,757,1002,14,0,11200,0,0,0,2854798,2854798,2910
21757,97,837,1002,14,0,11200,0,0,0,2856771,2856771,2910
21772,97,922,1002,14,0,11200,0,0,0,2858684,2858684,2910
21795,98,992,1004,15,0,11200,0,0,0,2860796,2860796,2910
21810,98,103,1004,14,0,11200,0,0,0,2863301,2863301,2910
21826,98,153,1004,14,0,11200,0,0,0,2865607,2865607,2910
21841,98,206,1004,14,0,11200,0,0,0,2867865,2867865,2910
21856,98,267,1004,14,0,11200,0,0,0,2870321,2870321,2910
21871,98,318,1004,14,0,11200,0,0,0,2872485,2872485,2910
21887,98,377,1004,14,0,11200,0,0,0,2874570,2874570,2910
21902,98,450,1004,14,0,11200,0,0,0,2876785,2876785,2910
21917,98,502,1004,14,0,11200,0,0,0,2878665,2878665,2910
21932,98,569,1004,14,0,11200,0,0,0,2880808,2880808,2910
21947,98,624,1004,14,0,11200,0,0,0,2882373,2882373,2910
21962,98,675,1005,15,0,11200,0,0,0,2884088,2884088,2910
21978,98,725,1005,15,0,11200,0,0,0,2885885,2885885,2910
21994,98,786,1005,15,0,11200,0,0,0,2887665,2887665,2910
22009,98,847,1006,16,0,11200,0,0,0,2889511,2889511,2910
22026,98,938,1006,16,0,11200,0,0,0,2891323,2891323,2910
22049,99,992,1006,16,0,11200,0,0,0,2893208,2893208,2910
22064,99,103,1006,15,0,11200,0,0,0,2895555,2895555,2910
22079,99,150,1006,15,0,11200,0,0,0,2897730,2897730,2910
22094,99,194,1006,15,0,11200,0,0,0,2899884,2899884,2910
22110,99,256,1006,15,0,11200,0,0,0,2902398,2902398,2910
22125,99,311,1006,15,0,11200,0,0,0,2904509,2904509,2910
22141,99,382,1006,15,0,11200,0,0,0,2906878,2906878,2910
22156,99,452,1006,15,0,11200,0,0,0,2909006,2909006,2910
22171,99,507,1006,15,0,11200,0,0,0,2910948,2910948,2910
22187,99,565,1006,15,0,11200,0,0,0,2912824,2912824,2910
22202,99,643,1006,15,0,11200,0,0,0,2914883,2914883,2910
22217,99,696,1006,15,0,11200,0,0,0,2916428,2916428,2910
22232,99,753,1006,15,0,11200,0,0,0,2918248,2918248,2910
22248,99,819,1006,15,0,11200,0,0,0,2920097,2920097,2910
22263,99,873,1007,16,0,11200,0,0,0,2921999,2921999,2910
22279,100,960,1008,17,0,11200,0,0,0,2923810,2923810,2910
22294,100,9,1008,17,0,11200,0,0,0,2925524,2925524,2910
22309,100,127,1008,17,0,11200,0,0,0,2927888,2927888,2910
22325,100,181,1008,17,0,11200,0,0,0,2930327,2930327,2910
22340,100,237,1008,17,0,11200,0,0,0,2932887,2932887,2910
22356,100,278,1008,17,0,11200,0,0,0,2935041,2935041,2910
22372,100,334,1008,17,0,11200,0,0,0,2937303,2937303,2910
22387,100,388,1008,17,0,11200,0,0,0,2939463,2939463,2910
22403,100,464,1008,17,0,11200,0,0,0,2941572,2941572,2910
22418,100,520,1008,17,0,11200,0,0,0,2943685,2943685,2910
22433,100,592,1008,17,0,11200,0,0,0,2945676,2945676,2910
22449,100,655,1008,17,0,11200,0,0,0,2947629,2947629,2910
22465,100,700,1008,17,0,11200,0,0,0,2949008,2949008,2910
22481,100,741,1008,17,0,11200,0,0,0,2950809,2950809,2910
22496,100,824,1008,17,0,11200,0,0,0,2952716,2952716,2910
22511,100,909,1008,17,0,11200,0,0,0,2954630,2954630,2910
22529,100,938,1008,17,0,11200,0,0,0,2955548,2955548,2910
22546,101,992,1008,17,0,11200,0,0,0,2957547,2957547,2910
22562,101,78,1008,16,0,11200,0,0,0,2959829,2959829,2910
22577,101,139,1008,16,0,11200,0,0,0,2962064,2962064,2910
22592,101,211,1008,16,0,11200,0,0,0,2964320,2964320,2910
22607,101,257,1008,16,0,11200,0,0,0,2966635,2966635,2910
22622,101,308,1008,16,0,11200,0,0,0,2968716,2968716,2910
22637,101,381,1008,16,0,11200,0,0,0,2970911,2970911,2910
22653,101,452,1008,16,0,11200,0,0,0,2973156,2973156,2910
22669,101,503,1008,16,0,11200,0,0,0,2975266,2975266,2910
22684,101,583,1008,16,0,11200,0,0,0,2977355,2977355,2910
22700,101,657,1008,16,0,11200,0,0,0,2979305,2979305,2910
22715,101,716,1008,16,0,11200,0,0,0,2980954,2980954,2910
22730,101,769,1008,16,0,11200,0,0,0,2982606,2982606,2910
22745,101,842,1008,16,0,11200,0,0,0,2984494,2984494,2910
22761,101,912,1008,16,0,11200,0,0,0,2986217,2986217,2910
22779,101,938,1008,16,0,11200,0,0,0,2986987,2986987,2910
22799,102,992,1008,16,0,11200,0,0,0,2988822,2988822,2910
22815,102,104,1008,16,0,11200,0,0,0,2991263,2991263,2910
22831,102,161,1008,16,0,11200,0,0,0,2993643,2993643,2910
22846,102,206,1008,16,0,11200,0,0,0,2995659,2995659,2910
22862,102,251,1008,16,0,11200,0,0,0,2997945,2997945,2910
22878,102,307,1008,16,0,11200,0,0,0,3000162,3000162,2910
22893,102,375,1008,16,0,11200,0,0,0,3002248,3002248,2910
22908,102,440,1008,16,0,11200,0,0,0,3004352,3004352,2910
22924,102,490,1008,16,0,11200,0,0,0,3006334,3006334,2910
22939,102,537,1008,16,0,11200,0,0,0,3008194,3008194,2910
22954,102,598,1008,16,0,11200,0,0,0,3009830,3009830,2910
22969,102,686,1008,16,0,11200,0,0,0,3011683,3011683,2910
22984,102,722,1008,16,0,11200,0,0,0,3013110,3013110,2910
22999,102,771,1008,16,0,11200,0,0,0,3014712,3014712,2910
23015,102,853,1008,16,0,11200,0,0,0,3016795,3016795,2910
23030,102,926,1008,16,0,11200,0,0,0,3018741,3018741,2910
23056,102,938,1008,16,0,11200,0,0,0,3019133,3019133,2910
23083,103,992,1008,16,0,11200,0,0,0,3020844,3020844,2910
23098,103,108,1008,16,0,11200,0,0,0,3023439,3023439,2910
23113,103,161,1008,16,0,11200,0,0,0,3025703,3025703,2910
23128,103,215,1008,16,0,11200,0,0,0,3028142,3028142,2910
23144,103,261,1008,16,0,11200,0,0,0,3030274,3030274,2910
23159,103,313,1008,16,0,11200,0,0,0,3032366,3032366,2910
23174,103,382,1008,16,0,11200,0,0,0,3034690,3034690,2910
23189,103,440,1008,16,0,11200,0,0,0,3036706,3036706,2910
23205,103,489,1008,16,0,11200,0,0,0,3038543,3038543,2910
23220,103,552,1008,16,0,11200,0,0,0,3040404,3040404,2910
23235,103,615,1008,16,0,11200,0,0,0,3042356,3042356,2910
23251,103,685,1008,16,0,11200,0,0,0,3044180,3044180,2910
23266,103,744,1008,16,0,11200,0,0,0,3046080,3046080,2910
23282,103,817,1009,17,0,11200,0,0,0,3047850,3047850,2910
23297,103,869,1009,17,0,11200,0,0,0,3049456,3049456,2910
23325,103,938,1010,18,0,11200,0,0,0,3050910,3050910,2910
23340,104,985,1010,18,0,11200,0,0,0,3052815,3052815,2910
23355,104,33,1011,18,0,11200,0,0,0,3054965,3054965,2911
23371,104,141,1011,18,0,11200,0,0,0,3057227,3057227,2911
23386,104,206,1011,18,0,11200,0,0,0,3059785,3059785,2911
23401,104,254,1011,18,0,11200,0,0,0,3062061,3062061,2911
23417,104,305,1011,18,0,11200,0,0,0,3064163,3064163,2911
23432,104,368,1011,18,0,11200,0,0,0,3066223,3066223,2911
23447,104,434,1011,18,0,11200,0,0,0,3068153,3068153,2911
23463,104,496,1011,18,0,11200,0,0,0,3069991,3069991,2911
23478,104,559,1011,18,0,11200,0,0,0,3072051,3072051,2911
23493,104,622,1011,18,0,11200,0,0,0,3074141,3074141,2911
23508,104,679,1011,18,0,11200,0,0,0,3075865,3075865,2911
23524,104,734,1011,18,0,11200,0,0,0,3077827,3077827,2911
23539,104,809,1011,18,0,11200,0,0,0,3079624,3079624,2911
23554,104,862,1011,18,0,11200,0,0,0,3081449,3081449,2911
23581,104,938,1011,17,0,11200,0,0,0,3083050,3083050,2911
23597,105,992,1011,17,0,11200,0,0,0,3085023,3085023,2911
23612,105,78,1011,16,0,11200,0,0,0,3087374,3087374,2911
23627,105,144,1011,16,0,11200,0,0,0,3089667,3089667,2911
23642,105,211,1011,16,0,11200,0,0,0,3092189,3092189,2911
23658,105,261,1011,16,0,11200,0,0,0,3094458,3094458,2911
23673,105,309,1011,16,0,11200,0,0,0,3096357,3096357,2911
23688,105,383,1011,16,0,11200,0,0,0,3098467,3098467,2911
23703,105,457,1011,16,0,11200,0,0,0,3100604,3100604,2911
23719,105,514,1011,16,0,11200,0,0,0,3102518,3102518,2911
23734,105,589,1011,16,0,11200,0,0,0,3104618,3104618,2911
23750,105,648,1011,16,0,11200,0,0,0,3106465,3106465,2911
23765,105,708,1011,16,0,11200,0,0,0,3108198,3108198,2911
23781,105,771,1011,16,0,11200,0,0,0,3110115,3110115,2911
23796,105,861,1011,16,0,11200,0,0,0,3112017,3112017,2911
23812,105,927,1011,16,0,11200,0,0,0,3113561,3113561,2911
23827,106,985,1011,16,0,11200,0,0,0,3115341,3115341,2911
23843,106,11,1011,16,0,11200,0,0,0,3116447,3116447,2911
23858,106,122,1011,16,0,11200,0,0,0,3118777,3118777,2911
23873,106,167,1011,16,0,11200,0,0,0,3120939,3120939,2911
23888,106,222,1011,16,0,11200,0,0,0,3123345,3123345,2911
23903,106,265,1011,16,0,11200,0,0,0,3125529,3125529,2911
23918,106,317,1011,16,0,11200,0,0,0,3127655,3127655,2911
23934,106,378,1011,16,0,11200,0,0,0,3129756,3129756,2911
23950,106,447,1011,16,0,11200,0,0,0,3131826,3131826,2911
23965,106,506,1011,16,0,11200,0,0,0,3133687,3133687,2911
23980,106,588,1011,16,0,11200,0,0,0,3135703,3135703,2911
23995,106,656,1011,16,0,11200,0,0,0,3137616,3137616,2911
24010,106,715,1011,16,0,11200,0,0,0,3139281,3139281,2911
24026,106,791,1011,16,0,11200,0,0,0,3141042,3141042,2911
24041,106,853,1011,16,0,11200,0,0,0,3142952,3142952,2911
24058,106,938,1011,16,0,11200,0,0,0,3144820,3144820,2911
24073,107,995,1011,16,0,11200,0,0,0,3146560,3146560,2911
24088,107,115,1011,16,0,11200,0,0,0,3148966,3148966,2911
24104,107,173,1011,16,0,11200,0,0,0,3151209,3151209,2911
24119,107,233,1011,16,0,11200,0,0,0,3153551,3153551,2911
24134,107,274,1011,16,0,11200,0,0,0,3155669,3155669,2911
24149,107,320,1011,16,0,11200,0,0,0,3157696,3157696,2911
24164,107,378,1011,16,0,11200,0,0,0,3159541,3159541,2911
24179,107,439,1011,16,0,11200,0,0,0,3161519,3161519,2911
24195,107,487,1011,16,0,11200,0,0,0,3163347,3163347,2911
24210,107,559,1011,16,0,11200,0,0,0,3165203,3165203,2911
24226,107,626,1012,17,0,11200,0,0,0,3167011,3167011,2911
24242,107,688,1012,17,0,11200,0,0,0,3168845,3168845,2911
24257,107,736,1012,17,0,11200,0,0,0,3170646,3170646,2911
24274,107,775,1012,17,0,11200,0,0,0,3171716,3171716,2911
24289,107,838,1012,16,0,11200,0,0,0,3173576,3173576,2911
24304,107,912,1012,16,0,11200,0,0,0,3175552,3175552,2911
24319,107,940,1012,16,0,11200,0,0,0,3176597,3176597,2911
24337,108,992,1012,16,0,11200,0,0,0,3178126,3178126,2911
24352,108,124,1012,16,0,11200,0,0,0,3180546,3180546,2911
24368,108,184,1012,16,0,11200,0,0,0,3182771,3182771,2911
24383,108,241,1012,16,0,11200,0,0,0,3185120,3185120,2911
24399,108,280,1012,16,0,11200,0,0,0,3187140,3187140,2911
24414,108,331,1012,16,0,11200,0,0,0,3189063,3189063,2911
24430,108,399,1012,16,0,11200,0,0,0,3191135,3191135,2911
24445,108,470,1012,16,0,11200,0,0,0,3193279,3193279,2911
24462,108,537,1013,17,0,11200,0,0,0,3195295,3195295,2912
24477,108,610,1013,17,0,11200,0,0,0,3197323,3197323,2912
24493,108,683,1013,17,0,11200,0,0,0,3199307,3199307,2912
24508,108,729,1013,17,0,11200,0,0,0,3201264,3201264,2912
24524,108,792,1013,17,0,11200,0,0,0,3203027,3203027,2912
24539,108,849,1013,17,0,11200,0,0,0,3204871,3204871,2912
24554,108,928,1013,17,0,11200,0,0,0,3206642,3206642,2912
24570,109,966,1013,17,0,11200,0,0,0,3207851,3207851,2912
24585,109,16,1014,15,0,11200,0,0,0,3210049,3210049,2913
24600,109,123,1014,15,0,11200,0,0,0,3212353,3212353,2913
24616,109,176,1014,15,0,11200,0,0,0,3214641,3214641,2913
24631,109,217,1014,15,0,11200,0,0,0,3216689,3216689,2913
24646,109,261,1014,15,0,11200,0,0,0,3218933,3218933,2913
24661,109,305,1014,15,0,11200,0,0,0,3220800,3220800,2913
24677,109,359,1014,15,0,11200,0,0,0,3222605,3222605,2913
24692,109,421,1014,15,0,11200,0,0,0,3224760,3224760,2913
24708,109,483,1014,15,0,11200,0,0,0,3226721,3226721,2913
24723,109,559,1015,16,0,11200,0,0,0,3228977,3228977,2913
24738,109,622,1015,16,0,11200,0,0,0,3230828,3230828,2913
24753,109,690,1015,16,0,11200,0,0,0,3232807,3232807,2913
24769,109,735,1015,16,0,11200,0,0,0,3234406,3234406,2913
24787,109,775,1015,16,0,11200,0,0,0,3235394,3235394,2913
24803,109,829,1015,16,0,11200,0,0,0,3237126,3237126,2913
24818,109,890,1015,16,0,11200,0,0,0,3238990,3238990,2913
24845,109,938,1015,16,0,11200,0,0,0,3240219,3240219,2913
24860,110,991,1015,16,0,11200,0,0,0,3242301,3242301,2913
24875,110,32,1015,15,0,11200,0,0,0,3244220,3244220,2913
24891,110,151,1015,15,0,11200,0,0,0,3246538,3246538,2913
24906,110,214,1015,15,0,11200,0,0,0,3248872,3248872,2913
24921,110,249,1015,15,0,11200,0,0,0,3251066,3251066,2913
24937,110,284,1015,15,0,11200,0,0,0,3253279,3253279,2913
24952,110,364,1015,15,0,11200,0,0,0,3255590,3255590,2913
24967,110,426,1015,15,0,11200,0,0,0,3257591,3257591,2913
24983,110,489,1015,15,0,11200,0,0,0,3259635,3259635,2913
24998,110,559,1015,15,0,11200,0,0,0,3261731,3261731,2913
25013,110,615,1015,15,0,11200,0,0,0,3263344,3263344,2913
25029,110,683,1015,15,0,11200,0,0,0,3265297,3265297,2913
25044,110,728,1015,15,0,11200,0,0,0,3266965,3266965,2913
25059,110,789,1015,15,0,11200,0,0,0,3268543,3268543,2913
25075,110,841,1015,15,0,11200,0,0,0,3270451,3270451,2913
25090,110,894,1015,15,0,11200,0,0,0,3272087,3272087,2913
25108,110,938,1015,15,0,11200,0,0,0,3272936,3272936,2913
25124,111,995,1015,15,0,11200,0,0,0,3274628,3274628,2913
25139,111,106,1015,15,0,11200,0,0,0,3277042,3277042,2913
25154,111,162,1015,15,0,11200,0,0,0,3279157,3279157,2913
25169,111,220,1015,15,0,11200,0,0,0,3281609,3281609,2913
25185,111,267,1015,15,0,11200,0,0,0,3283761,3283761,2913
25200,111,323,1015,15,0,11200,0,0,0,3285918,3285918,2913
25215,111,381,1015,15,0,11200,0,0,0,3287943,3287943,2913
25230,111,438,1015,15,0,11200,0,0,0,3290032,3290032,2913
25245,111,487,1015,15,0,11200,0,0,0,3291795,3291795,2913
25261,111,538,1015,15,0,11200,0,0,0,3293487,3293487,2913
25276,111,597,1015,15,0,11200,0,0,0,3295516,3295516,2913
25294,111,665,1015,15,0,11200,0,0,0,3297633,3297633,2913
25310,111,726,1016,16,0,11200,0,0,0,3299767,3299767,2914
25325,111,789,1016,16,0,11200,0,0,0,3301201,3301201,2914
25340,111,864,1016,16,0,11200,0,0,0,3303250,3303250,2914
25355,111,936,1016,16,0,11200,0,0,0,3304840,3304840,2914
25371,112,957,1016,16,0,11200,0,0,0,3305755,3305755,2914
25386,112,18,1016,13,0,11200,0,0,0,3308037,3308037,2914
25402,112,131,1016,13,0,11200,0,0,0,3310537,3310537,2914
25417,112,177,1016,13,0,11200,0,0,0,3312704,3312704,2914
25432,112,236,1016,13,0,11200,0,0,0,3314969,3314969,2914
25447,112,273,1016,13,0,11200,0,0,0,3317072,3317072,2914
25462,112,314,1016,13,0,11200,0,0,0,3319047,3319047,2914
25478,112,377,1016,13,0,11200,0,0,0,3320917,3320917,2914
25493,112,439,1016,13,0,11200,0,0,0,3323065,3323065,2914
25509,112,487,1016,13,0,11200,0,0,0,3325018,3325018,2914
25525,112,565,1016,13,0,11200,0,0,0,3327131,3327131,2914
25540,112,632,1016,13,0,11200,0,0,0,3328940,3328940,2914
25556,112,688,1016,13,0,11200,0,0,0,3330878,3330878,2914
25571,112,753,1016,13,0,11200,0,0,0,3332599,3332599,2914
25587,112,834,1016,13,0,11200,0,0,0,3334626,3334626,2914
25603,112,919,1016,13,0,11200,0,0,0,3336395,3336395,2914
25618,112,938,1016,13,0,11200,0,0,0,3337028,3337028,2914
25634,113,996,1016,13,0,11200,0,0,0,3338925,3338925,2914
25649,113,63,1016,13,0,11200,0,0,0,3341093,3341093,2914
25665,113,142,1016,13,0,11200,0,0,0,3343295,3343295,2914
25680,113,206,1016,13,0,11200,0,0,0,3345716,3345716,2914
25696,113,255,1016,13,0,11200,0,0,0,3348107,3348107,2914
25711,113,308,1016,13,0,11200,0,0,0,3350266,3350266,2914
25726,113,376,1016,13,0,11200,0,0,0,3352509,3352509,2914
25741,113,433,1016,13,0,11200,0,0,0,3354576,3354576,2914
25756,113,489,1016,13,0,11200,0,0,0,3356502,3356502,2914
25772,113,577,1016,13,0,11200,0,0,0,3358652,3358652,2914
25788,113,643,1016,13,0,11200,0,0,0,3360608,3360608,2914
25803,113,686,1016,13,0,11200,0,0,0,3362135,3362135,2914
25818,113,736,1016,13,0,11200,0,0,0,3363979,3363979,2914
25833,113,813,1016,13,0,11200,0,0,0,3365893,3365893,2914
25849,113,909,1016,13,0,11200,0,0,0,3367758,3367758,2914
25864,114,978,1016,12,0,11200,0,0,0,3369759,3369759,2914
25879,114,16,1016,12,0,11200,0,0,0,3371309,3371309,2914
25894,114,125,1016,12,0,11200,0,0,0,3373324,3373324,2914
25909,114,184,1016,12,0,11200,0,0,0,3375860,3375860,2914
25924,114,243,1016,12,0,11200,0,0,0,3378082,3378082,2914
25940,114,297,1016,12,0,11200,0,0,0,3379994,3379994,2914
25955,114,334,1016,12,0,11200,0,0,0,3381537,3381537,2914
25970,114,402,1016,12,0,11200,0,0,0,3383716,3383716,2914
25986,114,473,1016,12,0,11200,0,0,0,3385759,3385759,2914
26002,114,533,1016,12,0,11200,0,0,0,3387842,3387842,2914
26017,114,586,1016,12,0,11200,0,0,0,3389654,3389654,2914
26032,114,653,1016,12,0,11200,0,0,0,3391724,3391724,2914
26048,114,700,1016,12,0,11200,0,0,0,3393411,3393411,2914
26063,114,748,1017,13,0,11200,0,0,0,3395278,3395278,2916
26078,114,819,1017,13,0,11200,0,0,0,3397229,3397229,2916
26094,114,894,1017,13,0,11200,0,0,0,3399104,3399104,2916
26109,114,938,1017,13,0,11200,0,0,0,3399852,3399852,2916
26124,115,991,1017,13,0,11200,0,0,0,3401780,3401780,2916
26140,115,107,1017,12,0,11200,0,0,0,3404283,3404283,2916
26155,115,158,1017,12,0,11200,0,0,0,3406547,3406547,2916
26170,115,217,1017,12,0,11200,0,0,0,3409083,3409083,2916
26185,115,260,1017,12,0,11200,0,0,0,3411312,3411312,2916
26200,115,308,1017,12,0,11200,0,0,0,3413372,3413372,2916
26216,115,364,1017,12,0,11200,0,0,0,3415214,3415214,2916
26231,115,424,1017,12,0,11200,0,0,0,3417201,3417201,2916
26246,115,485,1017,12,0,11200,0,0,0,3419130,3419130,2916
26261,115,574,1017,12,0,11200,0,0,0,3421358,3421358,2916
26277,115,643,1017,12,0,11200,0,0,0,3423475,3423475,2916
26292,115,689,1017,12,0,11200,0,0,0,3424782,3424782,2916
26308,115,740,1017,12,0,11200,0,0,0,3426599,3426599,2916
26323,115,824,1017,12,0,11200,0,0,0,3428437,3428437,2916
26339,115,912,1017,12,0,11200,0,0,0,3430270,3430270,2916
26355,115,938,1017,12,0,11200,0,0,0,3431064,3431064,2916
26370,116,1015,1017,11,0,11200,0,0,0,3433037,3433037,2916
26386,116,107,1017,11,0,11200,0,0,0,3435305,3435305,2916
26401,116,151,1017,11,0,11200,0,0,0,3437488,3437488,2916
26416,116,205,1017,11,0,11200,0,0,0,3439980,3439980,2916
26431,116,246,1017,11,0,11200,0,0,0,3442106,3442106,2916
26446,116,286,1017,11,0,11200,0,0,0,3444122,3444122,2916
26462,116,331,1017,11,0,11200,0,0,0,3445912,3445912,2916
26477,116,383,1017,11,0,11200,0,0,0,3447597,3447597,2916
26492,116,455,1017,11,0,11200,0,0,0,3449784,3449784,2916
26507,116,505,1017,11,0,11200,0,0,0,3451598,3451598,2916
26523,116,575,1017,11,0,11200,0,0,0,3453377,3453377,2916
26538,116,632,1017,11,0,11200,0,0,0,3455168,3455168,2916
26553,116,689,1017,11,0,11200,0,0,0,3456831,3456831,2916
26568,116,740,1017,11,0,11200,0,0,0,3458740,3458740,2916
26583,116,813,1017,11,0,11200,0,0,0,3460572,3460572,2916
26598,116,871,1017,11,0,11200,0,0,0,3462571,3462571,2916
26627,116,938,1017,11,0,11200,0,0,0,3464074,3464074,2916
26651,117,992,1017,11,0,11200,0,0,0,3465988,3465988,2916
26667,117,33,1018,10,0,11200,0,0,0,3468350,3468350,2917
26682,117,136,1018,10,0,11200,0,0,0,3470616,3470616,2917
26697,117,187,1018,10,0,11200,0,0,0,3472938,3472938,2917
26712,117,249,1018,10,0,11200,0,0,0,3475248,3475248,2917
26728,117,297,1018,10,0,11200,0,0,0,3477410,3477410,2917
26744,117,351,1018,10,0,11200,0,0,0,3479387,3479387,2917
26759,117,414,1018,10,0,11200,0,0,0,3481571,3481571,2917
26774,117,467,1018,10,0,11200,0,0,0,3483392,3483392,2917
26789,117,526,1018,10,0,11200,0,0,0,3485330,3485330,2917
26804,117,574,1018,10,0,11200,0,0,0,3487009,3487009,2917
26819,117,639,1018,10,0,11200,0,0,0,3489023,3489023,2917
26834,117,697,1018,10,0,11200,0,0,0,3490780,3490780,2917
26850,117,757,1019,11,0,11200,0,0,0,3492684,3492684,2917
26867,117,829,1019,11,0,11200,0,0,0,3494295,3494295,2917
26882,117,894,1019,11,0,11200,0,0,0,3496064,3496064,2917
26898,118,957,1019,11,0,11200,0,0,0,3497542,3497542,2917
26913,118,13,1019,11,0,11200,0,0,0,3499465,3499465,2917
26928,118,118,1019,11,0,11200,0,0,0,3501856,3501856,2917
26943,118,166,1019,11,0,11200,0,0,0,3504093,3504093,2917
26958,118,212,1019,11,0,11200,0,0,0,3506174,3506174,2917
26973,118,258,1019,11,0,11200,0,0,0,3508408,3508408,2917
26988,118,306,1019,11,0,11200,0,0,0,3510375,3510375,2917
27004,118,358,1019,11,0,11200,0,0,0,3512280,3512280,2917
27019,118,421,1019,11,0,11200,0,0,0,3514274,3514274,2917
27034,118,470,1019,11,0,11200,0,0,0,3516259,3516259,2917
27049,118,537,1019,11,0,11200,0,0,0,3518315,3518315,2917
27064,118,597,1020,12,0,11200,0,0,0,3520164,3520164,2918
27080,118,655,1020,12,0,11200,0,0,0,3522019,3522019,2918
27095,118,713,1020,12,0,11200,0,0,0,3523768,3523768,2918
27110,118,768,1020,12,0,11200,0,0,0,3525469,3525469,2918
27126,118,829,1020,12,0,11200,0,0,0,3527191,3527191,2918
27141,118,871,1020,12,0,11200,0,0,0,3528776,3528776,2918
27161,118,938,1021,13,0,11200,0,0,0,3530432,3530432,2918
27178,119,992,1021,13,0,11200,0,0,0,3532075,3532075,2918
27193,119,32,1021,12,0,11200,0,0,0,3534315,3534315,2918
27209,119,148,1021,12,0,11200,0,0,0,3536667,3536667,2918
27224,119,210,1021,12,0,11200,0,0,0,3539033,3539033,2918
27240,119,255,1021,12,0,11200,0,0,0,3541255,3541255,2918
27256,119,297,1021,12,0,11200,0,0,0,3543504,3543504,2918
27271,119,358,1021,12,0,11200,0,0,0,3545305,3545305,2918
27287,119,420,1021,12,0,11200,0,0,0,3547387,3547387,2918
27302,119,487,1021,12,0,11200,0,0,0,3549379,3549379,2918
27317,119,543,1021,12,0,11200,0,0,0,3551457,3551457,2918
27332,119,598,1021,12,0,11200,0,0,0,3553488,3553488,2918
27347,119,671,1021,12,0,11200,0,0,0,3555283,3555283,2918
27362,119,720,1021,12,0,11200,0,0,0,3556991,3556991,2918
27378,119,786,1021,12,0,11200,0,0,0,3558757,3558757,2918
27393,119,837,1021,12,0,11200,0,0,0,3560371,3560371,2918
27408,119,899,1021,12,0,11200,0,0,0,3562160,3562160,2918
27423,119,947,1021,12,0,11200,0,0,0,3563114,3563114,2918
27439,120,992,1021,12,0,11200,0,0,0,3564427,3564427,2918
27454,120,32,1021,12,0,11200,0,0,0,3566865,3566865,2918
27469,120,139,1021,12,0,11200,0,0,0,3569124,3569124,2918
27484,120,206,1021,12,0,11200,0,0,0,3571411,3571411,2918
27499,120,254,1021,12,0,11200,0,0,0,3573681,3573681,2918
27515,120,297,1021,12,0,11200,0,0,0,3575652,3575652,2918
27530,120,348,1021,12,0,11200,0,0,0,3577513,3577513,2918
27545,120,418,1021,12,0,11200,0,0,0,3579776,3579776,2918
27561,120,477,1021,12,0,11200,0,0,0,3581789,3581789,2918
27576,120,522,1021,12,0,11200,0,0,0,3583767,3583767,2918
27592,120,590,1021,12,0,11200,0,0,0,3585676,3585676,2918
27609,120,665,1021,12,0,11200,0,0,0,3587677,3587677,2918
27624,120,723,1021,12,0,11200,0,0,0,3589731,3589731,2918
27639,120,785,1021,12,0,11200,0,0,0,3591138,3591138,2918
27655,120,847,1021,12,0,11200,0,0,0,3592889,3592889,2918
27670,120,925,1021,12,0,11200,0,0,0,3594739,3594739,2918
27686,120,938,1021,12,0,11200,0,0,0,3595315,3595315,2918
27701,121,995,1021,12,0,11200,0,0,0,3597057,3597057,2918
27716,121,57,1022,12,0,11200,0,0,0,3599402,3599402,2919
27731,121,148,1022,12,0,11200,0,0,0,3601648,3601648,2919
27747,121,215,1022,12,0,11200,0,0,0,3604116,3604116,2919
27762,121,258,1022,12,0,11200,0,0,0,3606149,3606149,2919
27777,121,306,1022,12,0,11200,0,0,0,3608126,3608126,2919
27792,121,363,1022,12,0,11200,0,0,0,3610317,3610317,2919
27807,121,433,1022,12,0,11200,0,0,0,3612471,3612471,2919
27823,121,475,1022,12,0,11200,0,0,0,3614214,3614214,2919
27838,121,545,1022,12,0,11200,0,0,0,3616431,3616431,2919
27853,121,600,1022,12,0,11200,0,0,0,3618508,3618508,2919
27869,121,686,1023,13,0,11200,0,0,0,3620600,3620600,2919
27884,121,740,1023,13,0,11200,0,0,0,3622520,3622520,2919
27899,121,798,1023,13,0,11200,0,0,0,3624188,3624188,2919
27915,121,869,1023,13,0,11200,0,0,0,3625975,3625975,2919
27930,121,937,1023,13,0,11200,0,0,0,3627750,3627750,2919
27945,122,986,1023,13,0,11200,0,0,0,3629461,3629461,2919
27960,122,1019,1023,12,0,11200,0,0,0,3630588,3630588,2919
27976,122,103,1023,11,0,11200,0,0,0,3632757,3632757,2919
27991,122,159,1023,11,0,11200,0,0,0,3634964,3634964,2919
28006,122,210,1023,11,0,11200,0,0,0,3637474,3637474,2919
28021,122,266,1023,11,0,11200,0,0,0,3639842,3639842,2919
28036,122,313,1023,11,0,11200,0,0,0,3641903,3641903,2919
28052,122,381,1023,11,0,11200,0,0,0,3643893,3643893,2919
28067,122,452,1023,11,0,11200,0,0,0,3646089,3646089,2919
28082,122,514,1023,11,0,11200,0,0,0,3648048,3648048,2919
28098,122,592,1023,11,0,11200,0,0,0,3650093,3650093,2919
28113,122,655,1023,11,0,11200,0,0,0,3651862,3651862,2919
28128,122,700,1023,11,0,11200,0,0,0,3653406,3653406,2919
28143,122,761,1023,11,0,11200,0,0,0,3655272,3655272,2919
28159,122,820,1023,11,0,11200,0,0,0,3656983,3656983,2919
28174,122,894,1023,11,0,11200,0,0,0,3658548,3658548,2919
28196,122,938,1023,11,0,11200,0,0,0,3659621,3659621,2919
28215,123,992,1023,11,0,11200,0,0,0,3661548,3661548,2919
28231,123,22,1023,11,0,11200,0,0,0,3663742,3663742,2919
28246,123,132,1023,11,0,11200,0,0,0,3666133,3666133,2919
28261,123,187,1023,11,0,11200,0,0,0,3668226,3668226,2919
28276,123,242,1023,11,0,11200,0,0,0,3670564,3670564,2919
28291,123,284,1023,11,0,11200,0,0,0,3672637,3672637,2919
28306,123,331,1023,11,0,11200,0,0,0,3674697,3674697,2919
28322,123,413,1023,11,0,11200,0,0,0,3676864,3676864,2919
28337,123,467,1023,11,0,11200,0,0,0,3678809,3678809,2919
28353,123,538,1023,11,0,11200,0,0,0,3680992,3680992,2919
28368,123,595,1023,11,0,11200,0,0,0,3682635,3682635,2919
28384,123,654,1023,11,0,11200,0,0,0,3684558,3684558,2919
28399,123,709,1023,11,0,11200,0,0,0,3686207,3686207,2919
28414,123,756,1023,11,0,11200,0,0,0,3687706,3687706,2919
28430,123,829,1023,11,0,11200,0,0,0,3689595,3689595,2919
28445,123,888,1023,11,0,11200,0,0,0,3691264,3691264,2919
28460,124,959,1023,11,0,11200,0,0,0,3692997,3692997,2919
28476,124,3,1024,10,0,11200,0,0,0,3694702,3694702,2922
28491,124,108,1024,10,0,11200,0,0,0,3697040,3697040,2922
28506,124,159,1024,10,0,11200,0,0,0,3699167,3699167,2922
28521,124,195,1024,10,0,11200,0,0,0,3700994,3700994,2922
28537,124,253,1024,10,0,11200,0,0,0,3703434,3703434,2922
28552,124,295,1024,10,0,11200,0,0,0,3705454,3705454,2922
28567,124,368,1024,10,0,11200,0,0,0,3707791,3707791,2922
28583,124,439,1024,10,0,11200,0,0,0,3709855,3709855,2922
28598,124,492,1024,10,0,11200,0,0,0,3711751,3711751,2922
28614,124,551,1024,10,0,11200,0,0,0,3713518,3713518,2922
28629,124,624,1024,10,0,11200,0,0,0,3715508,3715508,2922
28645,124,697,1024,10,0,11200,0,0,0,3717289,3717289,2922
28660,124,753,1024,10,0,11200,0,0,0,3719051,3719051,2922
28676,124,817,1024,10,0,11200,0,0,0,3721015,3721015,2922
28692,124,883,1024,10,0,11200,0,0,0,3722618,3722618,2922
28721,124,938,1024,10,0,11200,0,0,0,3724097,3724097,2922
28736,125,1001,1024,10,0,11200,0,0,0,3726145,3726145,2922
28752,125,63,1024,10,0,11200,0,0,0,3728643,3728643,2922
28767,125,139,1024,10,0,11200,0,0,0,3730848,3730848,2922
28783,125,197,1024,10,0,11200,0,0,0,3733165,3733165,2922
28798,125,251,1024,10,0,11200,0,0,0,3735518,3735518,2922
28814,125,307,1024,10,0,11200,0,0,0,3737727,3737727,2922
28830,125,380,1024,10,0,11200,0,0,0,3739776,3739776,2922
28845,125,457,1024,10,0,11200,0,0,0,3741958,3741958,2922
28860,125,516,1024,10,0,11200,0,0,0,3743990,3743990,2922
28875,125,578,1024,10,0,11200,0,0,0,3746152,3746152,2922
28890,125,632,1024,10,0,11200,0,0,0,3747860,3747860,2922
28905,125,696,1024,10,0,11200,0,0,0,3749584,3749584,2922
28921,125,753,1024,10,0,11200,0,0,0,3751444,3751444,2922
28936,125,809,1024,10,0,11200,0,0,0,3753122,3753122,2922
28952,125,861,1024,10,0,11200,0,0,0,3754969,3754969,2922
28975,125,938,1024,10,0,11200,0,0,0,3756817,3756817,2922
28995,126,992,1024,10,0,11200,0,0,0,3758456,3758456,2922
29011,126,27,1024,9,0,11200,0,0,0,3760707,3760707,2922
29026,126,135,1024,9,0,11200,0,0,0,3762976,3762976,2922
29042,126,180,1024,9,0,11200,0,0,0,3765449,3765449,2922
29057,126,231,1024,9,0,11200,0,0,0,3767761,3767761,2922
29073,126,281,1024,9,0,11200,0,0,0,3769905,3769905,2922
29088,126,325,1024,9,0,11200,0,0,0,3772050,3772050,2922
29103,126,362,1024,9,0,11200,0,0,0,3773273,3773273,2922
29118,126,435,1024,9,0,11200,0,0,0,3775488,3775488,2922
29134,126,501,1024,9,0,11200,0,0,0,3777607,3777607,2922
29149,126,565,1024,9,0,11200,0,0,0,3779645,3779645,2922
29164,126,624,1024,9,0,11200,0,0,0,3781484,3781484,2922
29179,126,681,1024,9,0,11200,0,0,0,3783079,3783079,2922
29195,126,728,1024,9,0,11200,0,0,0,3784980,3784980,2922
29210,126,813,1024,9,0,11200,0,0,0,3786806,3786806,2922
29225,126,890,1024,9,0,11200,0,0,0,3788522,3788522,2922
29245,126,938,1024,9,0,11200,0,0,0,3789620,3789620,2922
29267,127,992,1024,9,0,11200,0,0,0,3791279,3791279,2922
29282,127,27,1024,8,0,11200,0,0,0,3793238,3793238,2922
29297,127,135,1024,8,0,11200,0,0,0,3795415,3795415,2922
29313,127,181,1024,8,0,11200,0,0,0,3797400,3797400,2922
29328,127,232,1024,8,0,11200,0,0,0,3799776,3799776,2922
29343,127,268,1024,8,0,11200,0,0,0,3801936,3801936,2922
29358,127,317,1024,8,0,11200,0,0,0,3804042,3804042,2922
29373,127,369,1025,9,0,11200,0,0,0,3805906,3805906,2922
29389,127,430,1025,9,0,11200,0,0,0,3808073,3808073,2922
29404,127,478,1025,9,0,11200,0,0,0,3809937,3809937,2922
29419,127,543,1025,9,0,11200,0,0,0,3811944,3811944,2922
29434,127,609,1025,9,0,11200,0,0,0,3813536,3813536,2922
29450,127,681,1025,9,0,11200,0,0,0,3815238,3815238,2922
29465,127,729,1025,9,0,11200,0,0,0,3817182,3817182,2922
29481,127,785,1025,9,0,11200,0,0,0,3818643,3818643,2922
29496,127,844,1025,9,0,11200,0,0,0,3820464,3820464,2922
29511,127,934,1025,9,0,11200,0,0,0,3822651,3822651,2922
29527,127,938,1025,9,0,11200,0,0,0,3822871,3822871,2922
29548,128,992,1025,9,0,11200,0,0,0,3824852,3824852,2922
29563,128,32,1025,7,0,11200,0,0,0,3827119,3827119,2922
29578,128,147,1025,7,0,11200,0,0,0,3829493,3829493,2922
29593,128,203,1025,7,0,11200,0,0,0,3832016,3832016,2922
29609,128,247,1025,7,0,11200,0,0,0,3834310,3834310,2922
29624,128,294,1025,7,0,11200,0,0,0,3836339,3836339,2922
29640,128,364,1025,7,0,11200,0,0,0,3838425,3838425,2922
29655,128,436,1025,7,0,11200,0,0,0,3840520,3840520,2922
29670,128,479,1025,7,0,11200,0,0,0,3842349,3842349,2922
29686,128,551,1025,7,0,11200,0,0,0,3844456,3844456,2922
29701,128,597,1025,7,0,11200,0,0,0,3846098,3846098,2922
29718,128,665,1025,7,0,11200,0,0,0,3848037,3848037,2922
29734,128,712,1025,7,0,11200,0,0,0,3849852,3849852,2922
29750,128,771,1025,7,0,11200,0,0,0,3851709,3851709,2922
29765,128,838,1025,7,0,11200,0,0,0,3853589,3853589,2922
29782,128,885,1025,7,0,11200,0,0,0,3855260,3855260,2922
29814,128,938,1026,8,0,11200,0,0,0,3856889,3856889,2923
29830,129,1000,1026,8,0,11200,0,0,0,3858797,3858797,2923
29845,129,24,1027,7,0,11200,0,0,0,3861114,3861114,2923
29860,129,135,1027,7,0,11200,0,0,0,3863473,3863473,2923
29875,129,197,1027,7,0,11200,0,0,0,3865950,3865950,2923
29890,129,251,1027,7,0,11200,0,0,0,3868204,3868204,2923
29906,129,289,1027,7,0,11200,0,0,0,3870123,3870123,2923
29921,129,334,1027,7,0,11200,0,0,0,3871865,3871865,2923
29936,129,392,1027,7,0,11200,0,0,0,3873890,3873890,2923
29951,129,476,1027,7,0,11200,0,0,0,3875898,3875898,2923
29967,129,533,1027,7,0,11200,0,0,0,3877704,3877704,2923
29982,129,592,1027,7,0,11200,0,0,0,3879648,3879648,2923
29998,129,655,1027,7,0,11200,0,0,0,3881661,3881661,2923
30013,129,728,1027,7,0,11200,0,0,0,3883644,3883644,2923
30028,129,790,1027,7,0,11200,0,0,0,3885393,3885393,2923
30043,129,853,1027,7,0,11200,0,0,0,3887246,3887246,2923
30063,129,938,1027,7,0,11200,0,0,0,3889011,3889011,2923
30084,130,992,1027,7,0,11200,0,0,0,3890947,3890947,2923
30099,130,64,1027,7,0,11200,0,0,0,3893301,3893301,2923
30115,130,141,1027,7,0,11200,0,0,0,3895478,3895478,2923
30130,130,190,1027,7,0,11200,0,0,0,3897511,3897511,2923
30145,130,236,1027,7,0,11200,0,0,0,3899806,3899806,2923
30160,130,278,1027,7,0,11200,0,0,0,3901911,3901911,2923
30175,130,325,1027,7,0,11200,0,0,0,3904135,3904135,2923
30190,130,372,1027,7,0,11200,0,0,0,3905574,3905574,2923
30205,130,440,1027,7,0,11200,0,0,0,3907661,3907661,2923
30221,130,510,1027,7,0,11200,0,0,0,3909536,3909536,2923
30236,130,577,1027,7,0,11200,0,0,0,3911474,3911474,2923
30251,130,629,1027,7,0,11200,0,0,0,3913116,3913116,2923
30267,130,685,1027,7,0,11200,0,0,0,3914671,3914671,2923
30282,130,733,1027,7,0,11200,0,0,0,3916565,3916565,2923
30298,130,809,1027,7,0,11200,0,0,0,3918431,3918431,2923
30314,130,880,1027,7,0,11200,0,0,0,3920341,3920341,2923
30329,130,940,1027,7,0,11200,0,0,0,3921832,3921832,2923
30344,131,1001,1027,7,0,11200,0,0,0,3923821,3923821,2923
30360,131,28,1027,7,0,11200,0,0,0,3926150,3926150,2923
30375,131,139,1027,7,0,11200,0,0,0,3928470,3928470,2923
30390,131,206,1028,8,0,11200,0,0,0,3931015,3931015,2924
30405,131,253,1028,8,0,11200,0,0,0,3933287,3933287,2924
30421,131,294,1028,8,0,11200,0,0,0,3935279,3935279,2924
30436,131,358,1028,8,0,11200,0,0,0,3937352,3937352,2924
30451,131,420,1028,8,0,11200,0,0,0,3939544,3939544,2924
30467,131,479,1028,8,0,11200,0,0,0,3941410,3941410,2924
30482,131,552,1028,8,0,11200,0,0,0,3943299,3943299,2924
30498,131,612,1028,8,0,11200,0,0,0,3945134,3945134,2924
30514,131,666,1028,8,0,11200,0,0,0,3946678,3946678,2924
30529,131,726,1028,8,0,11200,0,0,0,3948692,3948692,2924
30545,131,798,1028,8,0,11200,0,0,0,3950387,3950387,2924
30560,131,858,1028,8,0,11200,0,0,0,3952386,3952386,2924
30575,131,933,1028,8,0,11200,0,0,0,3954249,3954249,2924
30591,132,974,1028,8,0,11200,0,0,0,3955768,3955768,2924
30606,132,1000,1028,8,0,11200,0,0,0,3956648,3956648,2924
30621,132,29,1028,6,0,11200,0,0,0,3958979,3958979,2924
30636,132,135,1028,6,0,11200,0,0,0,3961270,3961270,2924
30652,132,192,1028,6,0,11200,0,0,0,3963731,3963731,2924
30667,132,243,1028,6,0,11200,0,0,0,3965875,3965875,2924
30683,132,294,1028,6,0,11200,0,0,0,3967978,3967978,2924
30698,132,334,1028,6,0,11200,0,0,0,3969580,3969580,2924
30713,132,399,1028,6,0,11200,0,0,0,3971474,3971474,2924
30728,132,475,1028,6,0,11200,0,0,0,3973349,3973349,2924
30743,132,540,1028,6,0,11200,0,0,0,3975144,3975144,2924
30759,132,605,1028,6,0,11200,0,0,0,3977052,3977052,2924
30774,132,675,1028,6,0,11200,0,0,0,3978979,3978979,2924
30790,132,733,1028,6,0,11200,0,0,0,3980651,3980651,2924
30806,132,809,1028,6,0,11200,0,0,0,3982537,3982537,2924
30821,132,870,1028,6,0,11200,0,0,0,3984421,3984421,2924
30848,132,938,1028,6,0,11200,0,0,0,3986067,3986067,2924
30868,133,992,1028,6,0,11200,0,0,0,3987960,3987960,2924
30883,133,33,1028,6,0,11200,0,0,0,3990354,3990354,2924
30899,133,137,1028,6,0,11200,0,0,0,3992648,3992648,2924
30914,133,195,1028,6,0,11200,0,0,0,3994977,3994977,2924
30929,133,251,1028,6,0,11200,0,0,0,3997074,3997074,2924
30944,133,306,1028,6,0,11200,0,0,0,3999131,3999131,2924
30959,133,350,1028,6,0,11200,0,0,0,4001005,4001005,2924
30974,133,403,1028,6,0,11200,0,0,0,4002933,4002933,2924
30990,133,463,1028,6,0,11200,0,0,0,4004904,4004904,2924
31005,133,507,1028,6,0,11200,0,0,0,4006940,4006940,2924
31021,133,566,1028,6,0,11200,0,0,0,4008760,4008760,2924
31036,133,643,1028,6,0,11200,0,0,0,4010669,4010669,2924
31051,133,716,1028,6,0,11200,0,0,0,4012607,4012607,2924
31068,133,753,1028,6,0,11200,0,0,0,4014317,4014317,2924
31083,133,820,1028,6,0,11200,0,0,0,4016005,4016005,2924
31098,133,912,1028,6,0,11200,0,0,0,4018157,4018157,2924
31113,133,947,1028,6,0,11200,0,0,0,4019437,4019437,2924
31132,134,992,1028,6,0,11200,0,0,0,4021214,4021214,2924
31147,134,31,1028,6,0,11200,0,0,0,4023503,4023503,2924
31163,134,148,1028,6,0,11200,0,0,0,4025941,4025941,2924
31178,134,210,1028,6,0,11200,0,0,0,4028406,4028406,2924
31193,134,255,1028,6,0,11200,0,0,0,4030499,4030499,2924
31208,134,305,1028,6,0,11200,0,0,0,4032667,4032667,2924
31224,134,342,1028,6,0,11200,0,0,0,4034508,4034508,2924
31240,134,421,1028,6,0,11200,0,0,0,4036543,4036543,2924
31255,134,477,1028,6,0,11200,0,0,0,4038405,4038405,2924
31270,134,543,1028,6,0,11200,0,0,0,4040152,4040152,2924
31285,134,589,1028,6,0,11200,0,0,0,4041776,4041776,2924
31300,134,655,1028,6,0,11200,0,0,0,4043742,4043742,2924
31316,134,708,1028,6,0,11200,0,0,0,4045606,4045606,2924
31332,134,767,1028,6,0,11200,0,0,0,4047663,4047663,2924
31348,134,834,1028,6,0,11200,0,0,0,4049674,4049674,2924
31363,134,928,1028,6,0,11200,0,0,0,4051742,4051742,2924
31378,135,970,1028,6,0,11200,0,0,0,4053110,4053110,2924
31393,135,1021,1028,6,0,11200,0,0,0,4054520,4054520,2924
31409,135,120,1028,6,0,11200,0,0,0,4056911,4056911,2924
31424,135,166,1028,6,0,11200,0,0,0,4059268,4059268,2924
31440,135,214,1028,6,0,11200,0,0,0,4061552,4061552,2924
31455,135,256,1028,6,0,11200,0,0,0,4063690,4063690,2924
31471,135,306,1028,6,0,11200,0,0,0,4065738,4065738,2924
31486,135,368,1028,6,0,11200,0,0,0,4067969,4067969,2924
31502,135,424,1028,6,0,11200,0,0,0,4069699,4069699,2924
31517,135,483,1028,6,0,11200,0,0,0,4071551,4071551,2924
31532,135,554,1028,6,0,11200,0,0,0,4073432,4073432,2924
31547,135,630,1028,6,0,11200,0,0,0,4075486,4075486,2924
31563,135,689,1028,6,0,11200,0,0,0,4077388,4077388,2924
31580,135,735,1028,6,0,11200,0,0,0,4079170,4079170,2924
31595,135,811,1028,6,0,11200,0,0,0,4080995,4080995,2924
31610,135,896,1028,6,0,11200,0,0,0,4082831,4082831,2924
31628,135,938,1028,6,0,11200,0,0,0,4083821,4083821,2924
31647,136,992,1028,6,0,11200,0,0,0,4085823,4085823,2924
31663,136,23,1028,6,0,11200,0,0,0,4088047,4088047,2924
31678,136,129,1028,6,0,11200,0,0,0,4090505,4090505,2924
31693,136,180,1028,6,0,11200,0,0,0,4092637,4092637,2924
31709,136,233,1028,6,0,11200,0,0,0,4095074,4095074,2924
31725,136,278,1028,6,0,11200,0,0,0,4097175,4097175,2924
31740,136,348,1028,6,0,11200,0,0,0,4099379,4099379,2924
31755,136,418,1028,6,0,11200,0,0,0,4101502,4101502,2924
31771,136,477,1028,6,0,11200,0,0,0,4103372,4103372,2924
31786,136,540,1028,6,0,11200,0,0,0,4105195,4105195,2924
31801,136,598,1028,6,0,11200,0,0,0,4107089,4107089,2924
31816,136,666,1028,6,0,11200,0,0,0,4109132,4109132,2924
31831,136,708,1028,6,0,11200,0,0,0,4110714,4110714,2924
31847,136,761,1028,6,0,11200,0,0,0,4112498,4112498,2924
31862,136,829,1028,6,0,11200,0,0,0,4114145,4114145,2924
31878,136,912,1028,6,0,11200,0,0,0,4115924,4115924,2924
31893,136,938,1028,6,0,11200,0,0,0,4116805,4116805,2924
31912,137,992,1028,6,0,11200,0,0,0,4118686,4118686,2924
31928,137,21,1028,6,0,11200,0,0,0,4120829,4120829,2924
31943,137,135,1028,6,0,11200,0,0,0,4123188,4123188,2924
31958,137,197,1028,6,0,11200,0,0,0,4125657,4125657,2924
31974,137,253,1028,6,0,11200,0,0,0,4127913,4127913,2924
31989,137,305,1028,6,0,11200,0,0,0,4130028,4130028,2924
32005,137,348,1028,6,0,11200,0,0,0,4131686,4131686,2924
32020,137,420,1028,6,0,11200,0,0,0,4133782,4133782,2924
32035,137,475,1028,6,0,11200,0,0,0,4135734,4135734,2924
32050,137,543,1028,6,0,11200,0,0,0,4137679,4137679,2924
32066,137,598,1028,6,0,11200,0,0,0,4139539,4139539,2924
32082,137,665,1028,6,0,11200,0,0,0,4141571,4141571,2924
32097,137,720,1028,6,0,11200,0,0,0,4143382,4143382,2924
32112,137,800,1029,7,0,11200,0,0,0,4145077,4145077,2925
32127,137,867,1029,7,0,11200,0,0,0,4147073,4147073,2925
32160,137,938,1029,7,0,11200,0,0,0,4148687,4148687,2925
32180,138,992,1029,7,0,11200,0,0,0,4150351,4150351,2925
32195,138,18,1029,5,0,11200,0,0,0,4152643,4152643,2925
32211,138,123,1029,5,0,11200,0,0,0,4154902,4154902,2925
32226,138,172,1029,5,0,11200,0,0,0,4157072,4157072,2925
32241,138,232,1029,5,0,11200,0,0,0,4159449,4159449,2925
32257,138,270,1029,5,0,11200,0,0,0,4161390,4161390,2925
32272,138,320,1029,5,0,11200,0,0,0,4163443,4163443,2925
32287,138,386,1029,5,0,11200,0,0,0,4165493,4165493,2925
32303,138,455,1029,5,0,11200,0,0,0,4167539,4167539,2925
32318,138,508,1029,5,0,11200,0,0,0,4169504,4169504,2925
32334,138,599,1029,5,0,11200,0,0,0,4171657,4171657,2925
32349,138,666,1029,5,0,11200,0,0,0,4173619,4173619,2925
32364,138,733,1029,5,0,11200,0,0,0,4175652,4175652,2925
32380,138,816,1029,5,0,11200,0,0,0,4177628,4177628,2925
32396,138,855,1029,5,0,11200,0,0,0,4178829,4178829,2925
32411,138,933,1029,5,0,11200,0,0,0,4180685,4180685,2925
32426,138,949,1029,5,0,11200,0,0,0,4181379,4181379,2925
32446,139,992,1029,5,0,11200,0,0,0,4182990,4182990,2925
32462,139,22,1029,5,0,11200,0,0,0,4185183,4185183,2925
32477,139,135,1029,5,0,11200,0,0,0,4187596,4187596,2925
32493,139,190,1029,5,0,11200,0,0,0,4190083,4190083,2925
32508,139,239,1029,5,0,11200,0,0,0,4192312,4192312,2925
32523,139,282,1029,5,0,11200,0,0,0,4194411,4194411,2925
32538,139,331,1029,5,0,11200,0,0,0,4196492,4196492,2925
32553,139,399,1029,5,0,11200,0,0,0,4198559,4198559,2925
32568,139,455,1029,5,0,11200,0,0,0,4200314,4200314,2925
32586,139,520,1029,5,0,11200,0,0,0,4202160,4202160,2925
32601,139,595,1029,5,0,11200,0,0,0,4203968,4203968,2925
32618,139,665,1030,6,0,11200,0,0,0,4205952,4205952,2925
32633,139,725,1030,6,0,11200,0,0,0,4207722,4207722,2925
32649,139,789,1030,6,0,11200,0,0,0,4209262,4209262,2925
32665,139,844,1030,6,0,11200,0,0,0,4211243,4211243,2925
32680,139,913,1032,8,0,11200,0,0,0,4212906,4212906,2925
32695,139,950,1032,8,0,11200,0,0,0,4213915,4213915,2925
32713,140,992,1032,8,0,11200,0,0,0,4215510,4215510,2925
32728,140,7,1032,7,0,11200,0,0,0,4217254,4217254,2925
32744,140,113,1032,7,0,11200,0,0,0,4219514,4219514,2925
32759,140,154,1032,7,0,11200,0,0,0,4221501,4221501,2925
32774,140,210,1032,7,0,11200,0,0,0,4223778,4223778,2925
32789,140,256,1032,7,0,11200,0,0,0,4226057,4226057,2925
32805,140,309,1033,8,0,11200,0,0,0,4228014,4228014,2925
32820,140,374,1034,9,0,11200,0,0,0,4230032,4230032,2925
32835,140,439,1034,9,0,11200,0,0,0,4232069,4232069,2925
32851,140,492,1034,9,0,11200,0,0,0,4233913,4233913,2925
32866,140,545,1034,9,0,11200,0,0,0,4235502,4235502,2925
32881,140,608,1034,9,0,11200,0,0,0,4237290,4237290,2925
32897,140,670,1034,9,0,11200,0,0,0,4239012,4239012,2925
32912,140,725,1034,9,0,11200,0,0,0,4240904,4240904,2925
32927,140,785,1034,9,0,11200,0,0,0,4242651,4242651,2925
32942,140,841,1034,9,0,11200,0,0,0,4244539,4244539,2925
32958,140,921,1034,9,0,11200,0,0,0,4246680,4246680,2925
32973,140,942,1034,9,0,11200,0,0,0,4247406,4247406,2925
32996,141,992,1034,9,0,11200,0,0,0,4249396,4249396,2925
33011,141,17,1034,7,0,11200,0,0,0,4251583,4251583,2925
33027,141,125,1034,7,0,11200,0,0,0,4253956,4253956,2925
33042,141,179,1034,7,0,11200,0,0,0,4256514,4256514,2925
33057,141,232,1034,7,0,11200,0,0,0,4258900,4258900,2925
33073,141,267,1034,7,0,11200,0,0,0,4260821,4260821,2925
33088,141,323,1034,7,0,11200,0,0,0,4262963,4262963,2925
33103,141,388,1034,7,0,11200,0,0,0,4264736,4264736,2925
33118,141,463,1034,7,0,11200,0,0,0,4266817,4266817,2925
33135,141,516,1034,7,0,11200,0,0,0,4268924,4268924,2925
33150,141,579,1034,7,0,11200,0,0,0,4270878,4270878,2925
33165,141,624,1034,7,0,11200,0,0,0,4272584,4272584,2925
33181,141,686,1034,7,0,11200,0,0,0,4274203,4274203,2925
33196,141,737,1034,7,0,11200,0,0,0,4276141,4276141,2925
33211,141,837,1034,7,0,11200,0,0,0,4278184,4278184,2925
33227,141,926,1034,7,0,11200,0,0,0,4280347,4280347,2925
33242,142,986,1034,7,0,11200,0,0,0,4282476,4282476,2925
33257,142,1032,1034,7,0,11200,0,0,0,4283943,4283943,2925
33273,142,108,1034,7,0,11200,0,0,0,4286235,4286235,2925
33288,142,147,1034,7,0,11200,0,0,0,4288074,4288074,2925
33303,142,192,1034,7,0,11200,0,0,0,4290126,4290126,2925
33319,142,251,1034,7,0,11200,0,0,0,4292627,4292627,2925
33334,142,294,1034,7,0,11200,0,0,0,4294677,4294677,2925
33349,142,374,1034,7,0,11200,0,0,0,4296727,4296727,2925
33364,142,437,1035,8,0,11200,0,0,0,4298794,4298794,2925
33380,142,498,1035,8,0,11200,0,0,0,4300835,4300835,2925
33396,142,553,1035,8,0,11200,0,0,0,4302850,4302850,2925
33411,142,612,1035,8,0,11200,0,0,0,4304960,4304960,2925
33427,142,685,1035,8,0,11200,0,0,0,4306701,4306701,2925
33442,142,744,1035,8,0,11200,0,0,0,4308559,4308559,2925
33458,142,791,1035,8,0,11200,0,0,0,4309756,4309756,2925
33473,142,844,1035,8,0,11200,0,0,0,4311601,4311601,2925
33489,142,933,1035,8,0,11200,0,0,0,4313563,4313563,2925
33504,143,984,1035,8,0,11200,0,0,0,4315034,4315034,2925
33519,143,1031,1035,8,0,11200,0,0,0,4316391,4316391,2925
33535,143,95,1035,8,0,11200,0,0,0,4318634,4318634,2925
33550,143,144,1035,8,0,11200,0,0,0,4320530,4320530,2925
33566,143,190,1035,8,0,11200,0,0,0,4322407,4322407,2925
33581,143,243,1035,8,0,11200,0,0,0,4324526,4324526,2925
33596,143,282,1035,8,0,11200,0,0,0,4326521,4326521,2925
33611,143,322,1035,8,0,11200,0,0,0,4328486,4328486,2925
33626,143,377,1036,9,0,11200,0,0,0,4330322,4330322,2925
33642,143,439,1036,9,0,11200,0,0,0,4332432,4332432,2925
33657,143,503,1036,9,0,11200,0,0,0,4334384,4334384,2925
33672,143,565,1036,9,0,11200,0,0,0,4336398,4336398,2925
33688,143,615,1036,9,0,11200,0,0,0,4338011,4338011,2925
33703,143,671,1036,9,0,11200,0,0,0,4339611,4339611,2925
33718,143,720,1036,9,0,11200,0,0,0,4341476,4341476,2925
33734,143,782,1036,9,0,11200,0,0,0,4343245,4343245,2925
33750,143,849,1036,9,0,11200,0,0,0,4345147,4345147,2925
33766,143,924,1036,9,0,11200,0,0,0,4346952,4346952,2925
33781,143,949,1036,9,0,11200,0,0,0,4347760,4347760,2925
33796,144,1015,1036,9,0,11200,0,0,0,4349687,4349687,2925
33811,144,32,1036,9,0,11200,0,0,0,4352008,4352008,2925
33827,144,136,1036,9,0,11200,0,0,0,4354273,4354273,2925
33842,144,193,1036,9,0,11200,0,0,0,4356796,4356796,2925
33857,144,241,1036,9,0,11200,0,0,0,4358961,4358961,2925
33872,144,283,1036,9,0,11200,0,0,0,4360919,4360919,2925
33887,144,334,1036,9,0,11200,0,0,0,4363048,4363048,2925
33903,144,411,1036,9,0,11200,0,0,0,4365137,4365137,2925
33918,144,467,1036,9,0,11200,0,0,0,4367159,4367159,2925
33934,144,520,1036,9,0,11200,0,0,0,4369012,4369012,2925
33949,144,591,1037,10,0,11200,0,0,0,4371076,4371076,2925
33965,144,666,1037,10,0,11200,0,0,0,4373209,4373209,2925
33980,144,722,1037,10,0,11200,0,0,0,4375039,4375039,2925
33995,144,797,1037,10,0,11200,0,0,0,4376853,4376853,2925
34010,144,858,1037,10,0,11200,0,0,0,4378833,4378833,2925
34030,144,938,1037,10,0,11200,0,0,0,4380797,4380797,2925
34053,145,992,1037,10,0,11200,0,0,0,4382674,4382674,2925
34068,145,27,1037,10,0,11200,0,0,0,4384779,4384779,2925
34084,145,135,1037,10,0,11200,0,0,0,4387029,4387029,2925
34099,145,197,1037,10,0,11200,0,0,0,4389510,4389510,2925
34115,145,253,1037,10,0,11200,0,0,0,4391711,4391711,2925
34130,145,305,1037,10,0,11200,0,0,0,4393811,4393811,2925
34145,145,378,1038,11,0,11200,0,0,0,4396114,4396114,2926
34160,145,435,1038,11,0,11200,0,0,0,4398156,4398156,2926
34176,145,496,1038,11,0,11200,0,0,0,4400218,4400218,2926
34191,145,554,1038,11,0,11200,0,0,0,4402128,4402128,2926
34206,145,599,1038,11,0,11200,0,0,0,4404012,4404012,2926
34223,145,666,1038,11,0,11200,0,0,0,4406001,4406001,2926
34238,145,713,1038,11,0,11200,0,0,0,4407661,4407661,2926
34253,145,785,1038,11,0,11200,0,0,0,4409345,4409345,2926
34268,145,842,1038,11,0,11200,0,0,0,4411314,4411314,2926
34284,145,894,1038,11,0,11200,0,0,0,4413008,4413008,2926
34307,145,938,1038,11,0,11200,0,0,0,4413957,4413957,2926
34322,146,1015,1038,11,0,11200,0,0,0,4415864,4415864,2926
34337,146,52,1038,10,0,11200,0,0,0,4418148,4418148,2926
34353,146,148,1038,10,0,11200,0,0,0,4420278,4420278,2926
34368,146,202,1038,10,0,11200,0,0,0,4422763,4422763,2926
34383,146,247,1038,10,0,11200,0,0,0,4424948,4424948,2926
34398,146,290,1038,10,0,11200,0,0,0,4427167,4427167,2926
34413,146,358,1038,10,0,11200,0,0,0,4429343,4429343,2926
34429,146,431,1038,10,0,11200,0,0,0,4431364,4431364,2926
34444,146,481,1038,10,0,11200,0,0,0,4433197,4433197,2926
34460,146,537,1038,10,0,11200,0,0,0,4434959,4434959,2926
34475,146,590,1038,10,0,11200,0,0,0,4436622,4436622,2926
34490,146,651,1038,10,0,11200,0,0,0,4438573,4438573,2926
34505,146,719,1038,10,0,11200,0,0,0,4440671,4440671,2926
34521,146,791,1038,10,0,11200,0,0,0,4442249,4442249,2926
34537,146,861,1038,10,0,11200,0,0,0,4444461,4444461,2926
34552,146,933,1038,10,0,11200,0,0,0,4446308,4446308,2926
34567,146,951,1038,10,0,11200,0,0,0,4447067,4447067,2926
34590,147,992,1038,10,0,11200,0,0,0,4448385,4448385,2926
34605,147,24,1038,9,0,11200,0,0,0,4450537,4450537,2926
34620,147,139,1038,9,0,11200,0,0,0,4452795,4452795,2926
34635,147,195,1038,9,0,11200,0,0,0,4455208,4455208,2926
34651,147,256,1038,9,0,11200,0,0,0,4457269,4457269,2926
34666,147,307,1038,9,0,11200,0,0,0,4459400,4459400,2926
34681,147,364,1038,9,0,11200,0,0,0,4461716,4461716,2926
34697,147,424,1038,9,0,11200,0,0,0,4463876,4463876,2926
34713,147,482,1038,9,0,11200,0,0,0,4465743,4465743,2926
34728,147,557,1038,9,0,11200,0,0,0,4467792,4467792,2926
34743,147,622,1038,9,0,11200,0,0,0,4469706,4469706,2926
34759,147,682,1038,9,0,11200,0,0,0,4471485,4471485,2926
34775,147,737,1038,9,0,11200,0,0,0,4473417,4473417,2926
34790,147,811,1038,9,0,11200,0,0,0,4475204,4475204,2926
34805,147,873,1038,9,0,11200,0,0,0,4477029,4477029,2926
34837,147,938,1038,9,0,11200,0,0,0,4478693,4478693,2926
34852,148,1001,1038,9,0,11200,0,0,0,4480551,4480551,2926
34867,148,22,1038,9,0,11200,0,0,0,4482738,4482738,2926
34883,148,137,1038,9,0,11200,0,0,0,4485093,4485093,2926
34898,148,190,1038,9,0,11200,0,0,0,4487454,4487454,2926
34913,148,246,1038,9,0,11200,0,0,0,4489698,4489698,2926
34928,148,283,1038,9,0,11200,0,0,0,4491626,4491626,2926
34943,148,331,1038,9,0,11200,0,0,0,4493296,4493296,2926
34958,148,378,1038,9,0,11200,0,0,0,4494941,4494941,2926
34974,148,437,1038,9,0,11200,0,0,0,4496990,4496990,2926
34989,148,500,1038,9,0,11200,0,0,0,4498963,4498963,2926
35004,148,571,1038,9,0,11200,0,0,0,4500716,4500716,2926
35019,148,640,1038,9,0,11200,0,0,0,4502501,4502501,2926
35035,148,704,1038,9,0,11200,0,0,0,4504440,4504440,2926
35050,148,756,1038,9,0,11200,0,0,0,4506236,4506236,2926
35065,148,816,1038,9,0,11200,0,0,0,4507769,4507769,2926
35081,148,871,1038,9,0,11200,0,0,0,4509526,4509526,2926
35096,148,948,1038,9,0,11200,0,0,0,4511191,4511191,2926
35115,149,992,1038,9,0,11200,0,0,0,4512571,4512571,2926
35131,149,16,1038,9,0,11200,0,0,0,4514508,4514508,2926
35146,149,127,1038,9,0,11200,0,0,0,4516813,4516813,2926
35162,149,180,1038,9,0,11200,0,0,0,4519196,4519196,2926
35177,149,242,1038,9,0,11200,0,0,0,4521456,4521456,2926
35193,149,281,1038,9,0,11200,0,0,0,4523395,4523395,2926
35208,149,363,1038,9,0,11200,0,0,0,4525606,4525606,2926
35223,149,420,1038,9,0,11200,0,0,0,4527377,4527377,2926
35239,149,475,1038,9,0,11200,0,0,0,4529387,4529387,2926
35255,149,543,1038,9,0,11200,0,0,0,4531498,4531498,2926
35271,149,615,1038,9,0,11200,0,0,0,4533454,4533454,2926
35286,149,696,1038,9,0,11200,0,0,0,4535548,4535548,2926
35301,149,750,1038,9,0,11200,0,0,0,4537464,4537464,2926
35317,149,820,1038,9,0,11200,0,0,0,4539445,4539445,2926
35332,149,896,1038,9,0,11200,0,0,0,4541211,4541211,2926
35347,149,950,1038,9,0,11200,0,0,0,4542856,4542856,2926
35363,150,992,1038,9,0,11200,0,0,0,4544134,4544134,2926
35379,150,19,1038,8,0,11200,0,0,0,4546245,4546245,2926
35394,150,135,1038,8,0,11200,0,0,0,4548515,4548515,2926
35409,150,193,1038,8,0,11200,0,0,0,4550730,4550730,2926
35425,150,249,1038,8,0,11200,0,0,0,4553073,4553073,2926
35440,150,289,1038,8,0,11200,0,0,0,4555042,4555042,2926
35455,150,344,1038,8,0,11200,0,0,0,4557074,4557074,2926
35470,150,417,1038,8,0,11200,0,0,0,4559326,4559326,2926
35485,150,472,1038,8,0,11200,0,0,0,4561072,4561072,2926
35501,150,537,1038,8,0,11200,0,0,0,4563062,4563062,2926
35516,150,605,1038,8,0,11200,0,0,0,4565214,4565214,2926
35531,150,679,1038,8,0,11200,0,0,0,4567173,4567173,2926
35546,150,735,1038,8,0,11200,0,0,0,4569160,4569160,2926
35561,150,813,1038,8,0,11200,0,0,0,4570824,4570824,2926
35576,150,896,1038,8,0,11200,0,0,0,4572771,4572771,2926
35593,150,938,1038,8,0,11200,0,0,0,4573725,4573725,2926
35608,151,995,1038,8,0,11200,0,0,0,4575636,4575636,2926
35623,151,21,1038,8,0,11200,0,0,0,4577797,4577797,2926
35638,151,129,1038,8,0,11200,0,0,0,4580029,4580029,2926
35654,151,178,1038,8,0,11200,0,0,0,4582203,4582203,2926
35669,151,222,1038,8,0,11200,0,0,0,4584524,4584524,2926
35684,151,270,1038,8,0,11200,0,0,0,4586609,4586609,2926
35699,151,319,1038,8,0,11200,0,0,0,4588644,4588644,2926
35714,151,392,1038,8,0,11200,0,0,0,4590827,4590827,2926
35729,151,458,1038,8,0,11200,0,0,0,4592781,4592781,2926
35744,151,516,1038,8,0,11200,0,0,0,4594589,4594589,2926
35760,151,577,1038,8,0,11200,0,0,0,4596525,4596525,2926
35775,151,635,1038,8,0,11200,0,0,0,4598343,4598343,2926
35791,151,688,1038,8,0,11200,0,0,0,4599965,4599965,2926
35806,151,741,1038,8,0,11200,0,0,0,4601893,4601893,2926
35821,151,817,1038,8,0,11200,0,0,0,4603784,4603784,2926
35836,151,865,1038,8,0,11200,0,0,0,4605393,4605393,2926
35851,151,928,1038,8,0,11200,0,0,0,4607189,4607189,2926
35868,151,938,1038,8,0,11200,0,0,0,4607566,4607566,2926
35883,152,1001,1038,8,0,11200,0,0,0,4609706,4609706,2926
35898,152,29,1038,8,0,11200,0,0,0,4611992,4611992,2926
35913,152,137,1038,8,0,11200,0,0,0,4614107,4614107,2926
35928,152,189,1038,8,0,11200,0,0,0,4616308,4616308,2926
35944,152,244,1038,8,0,11200,0,0,0,4618462,4618462,2926
35959,152,289,1038,8,0,11200,0,0,0,4620540,4620540,2926
35974,152,358,1038,8,0,11200,0,0,0,4622771,4622771,2926
35990,152,430,1038,8,0,11200,0,0,0,4624756,4624756,2926
36005,152,503,1038,8,0,11200,0,0,0,4626759,4626759,2926
36021,152,578,1038,8,0,11200,0,0,0,4628870,4628870,2926
36036,152,651,1038,8,0,11200,0,0,0,4631017,4631017,2926
36051,152,690,1038,8,0,11200,0,0,0,4632306,4632306,2926
36067,152,735,1038,8,0,11200,0,0,0,4634008,4634008,2926
36083,152,817,1038,8,0,11200,0,0,0,4635887,4635887,2926
36098,152,899,1038,8,0,11200,0,0,0,4637848,4637848,2926
36121,152,938,1038,8,0,11200,0,0,0,4638783,4638783,2926
36142,153,992,1038,8,0,11200,0,0,0,4640920,4640920,2926
36158,153,18,1038,7,0,11200,0,0,0,4643108,4643108,2926
36173,153,134,1038,7,0,11200,0,0,0,4645337,4645337,2926
36188,153,177,1038,7,0,11200,0,0,0,4647107,4647107,2926
36203,153,232,1038,7,0,11200,0,0,0,4649456,4649456,2926
36218,153,278,1038,7,0,11200,0,0,0,4651509,4651509,2926
36234,153,323,1038,7,0,11200,0,0,0,4653561,4653561,2926
36249,153,378,1038,7,0,11200,0,0,0,4655136,4655136,2926
36264,153,449,1038,7,0,11200,0,0,0,4657232,4657232,2926
36280,153,508,1039,8,0,11200,0,0,0,4659236,4659236,2928
36295,153,583,1039,8,0,11200,0,0,0,4661158,4661158,2928
36311,153,654,1039,8,0,11200,0,0,0,4663123,4663123,2928
36326,153,716,1039,8,0,11200,0,0,0,4665122,4665122,2928
36341,153,792,1039,8,0,11200,0,0,0,4666951,4666951,2928
36356,153,853,1039,8,0,11200,0,0,0,4668733,4668733,2928
36372,153,924,1039,8,0,11200,0,0,0,4670632,4670632,2928
36389,153,938,1039,8,0,11200,0,0,0,4671129,4671129,2928
36404,154,987,1039,8,0,11200,0,0,0,4673087,4673087,2928
36420,154,1031,1039,7,0,11200,0,0,0,4674314,4674314,2928
36435,154,86,1039,6,0,11200,0,0,0,4676570,4676570,2928
36450,154,159,1039,6,0,11200,0,0,0,4678625,4678625,2928
36465,154,211,1039,6,0,11200,0,0,0,4680747,4680747,2928
36481,154,255,1039,6,0,11200,0,0,0,4682743,4682743,2928
36496,154,307,1039,6,0,11200,0,0,0,4684890,4684890,2928
36514,154,361,1039,6,0,11200,0,0,0,4686967,4686967,2928
36530,154,420,1039,6,0,11200,0,0,0,4689060,4689060,2928
36545,154,472,1039,6,0,11200,0,0,0,4691050,4691050,2928
36560,154,543,1039,6,0,11200,0,0,0,4693247,4693247,2928
36575,154,597,1040,7,0,11200,0,0,0,4695143,4695143,2928
36591,154,670,1040,7,0,11200,0,0,0,4697247,4697247,2928
36606,154,735,1040,7,0,11200,0,0,0,4699267,4699267,2928
36621,154,809,1040,7,0,11200,0,0,0,4701058,4701058,2928
36637,154,874,1040,7,0,11200,0,0,0,4703056,4703056,2928
36652,154,950,1040,7,0,11200,0,0,0,4704697,4704697,2928
36668,155,995,1040,7,0,11200,0,0,0,4706048,4706048,2928
36684,155,24,1040,6,0,11200,0,0,0,4708277,4708277,2928
36699,155,137,1040,6,0,11200,0,0,0,4710534,4710534,2928
36714,155,189,1040,6,0,11200,0,0,0,4712831,4712831,2928
36730,155,241,1040,6,0,11200,0,0,0,4715100,4715100,2928
36745,155,282,1040,6,0,11200,0,0,0,4717051,4717051,2928
36761,155,334,1040,6,0,11200,0,0,0,4718999,4718999,2928
36776,155,399,1040,6,0,11200,0,0,0,4720846,4720846,2928
36791,155,462,1040,6,0,11200,0,0,0,4722833,4722833,2928
36806,155,520,1040,6,0,11200,0,0,0,4724974,4724974,2928
36822,155,589,1040,6,0,11200,0,0,0,4726883,4726883,2928
36840,155,666,1040,6,0,11200,0,0,0,4728943,4728943,2928
36855,155,723,1040,6,0,11200,0,0,0,4730985,4730985,2928
36871,155,789,1040,6,0,11200,0,0,0,4732773,4732773,2928
36886,155,858,1040,6,0,11200,0,0,0,4734743,4734743,2928
36901,155,937,1041,7,0,11200,0,0,0,4736692,4736692,2928
36916,156,984,1041,7,0,11200,0,0,0,4738082,4738082,2928
36932,156,1031,1041,7,0,11200,0,0,0,4739505,4739505,2928
36947,156,103,1041,7,0,11200,0,0,0,4741922,4741922,2928
36963,156,166,1041,7,0,11200,0,0,0,4744204,4744204,2928
36979,156,210,1041,7,0,11200,0,0,0,4746218,4746218,2928
36994,156,261,1041,7,0,11200,0,0,0,4748438,4748438,2928
37009,156,307,1041,7,0,11200,0,0,0,4750397,4750397,2928
37025,156,378,1041,7,0,11200,0,0,0,4752526,4752526,2928
37040,156,453,1041,7,0,11200,0,0,0,4754657,4754657,2928
37055,156,508,1041,7,0,11200,0,0,0,4756484,4756484,2928
37070,156,588,1041,7,0,11200,0,0,0,4758574,4758574,2928
37086,156,654,1041,7,0,11200,0,0,0,4760695,4760695,2928
37101,156,715,1041,7,0,11200,0,0,0,4762412,4762412,2928
37116,156,769,1041,7,0,11200,0,0,0,4764192,4764192,2928
37132,156,834,1041,7,0,11200,0,0,0,4765923,4765923,2928
37147,156,918,1041,7,0,11200,0,0,0,4767800,4767800,2928
37167,156,938,1041,7,0,11200,0,0,0,4768410,4768410,2928
37182,157,1012,1041,7,0,11200,0,0,0,4770295,4770295,2928
37198,157,31,1041,6,0,11200,0,0,0,4772426,4772426,2928
37213,157,137,1041,6,0,11200,0,0,0,4774839,4774839,2928
37229,157,191,1041,6,0,11200,0,0,0,4776950,4776950,2928
37244,157,242,1041,6,0,11200,0,0,0,4779253,4779253,2928
37259,157,284,1041,6,0,11200,0,0,0,4781163,4781163,2928
37275,157,336,1041,6,0,11200,0,0,0,4783195,4783195,2928
37290,157,399,1041,6,0,11200,0,0,0,4785139,4785139,2928
37305,157,466,1041,6,0,11200,0,0,0,4787092,4787092,2928
37320,157,523,1041,6,0,11200,0,0,0,4788981,4788981,2928
37336,157,591,1041,6,0,11200,0,0,0,4790829,4790829,2928
37352,157,665,1041,6,0,11200,0,0,0,4792868,4792868,2928
37367,157,716,1041,6,0,11200,0,0,0,4794706,4794706,2928
37383,157,797,1041,6,0,11200,0,0,0,4796609,4796609,2928
37398,157,858,1041,6,0,11200,0,0,0,4798527,4798527,2928
37414,157,933,1041,6,0,11200,0,0,0,4800395,4800395,2928
37429,158,975,1041,6,0,11200,0,0,0,4801543,4801543,2928
37444,158,5,1041,5,0,11200,0,0,0,4803360,4803360,2928
37459,158,113,1041,5,0,11200,0,0,0,4805644,4805644,2928
37474,158,147,1041,5,0,11200,0,0,0,4807666,4807666,2928
37489,158,193,1041,5,0,11200,0,0,0,4809774,4809774,2928
37505,158,246,1041,5,0,11200,0,0,0,4812276,4812276,2928
37521,158,283,1041,5,0,11200,0,0,0,4814255,4814255,2928
37537,158,329,1041,5,0,11200,0,0,0,4815866,4815866,2928
37552,158,403,1041,5,0,11200,0,0,0,4817717,4817717,2928
37568,158,467,1041,5,0,11200,0,0,0,4819702,4819702,2928
37583,158,540,1041,5,0,11200,0,0,0,4821790,4821790,2928
37598,158,612,1041,5,0,11200,0,0,0,4823727,4823727,2928
37614,158,666,1041,5,0,11200,0,0,0,4825314,4825314,2928
37629,158,720,1041,5,0,11200,0,0,0,4827232,4827232,2928
37645,158,789,1041,5,0,11200,0,0,0,4828967,4828967,2928
37661,158,855,1041,5,0,11200,0,0,0,4830917,4830917,2928
37683,158,938,1041,5,0,11200,0,0,0,4832813,4832813,2928
37701,159,992,1041,5,0,11200,0,0,0,4834737,4834737,2928
37716,159,19,1041,4,0,11200,0,0,0,4836803,4836803,2928
37731,159,133,1041,4,0,11200,0,0,0,4839105,4839105,2928
37746,159,188,1041,4,0,11200,0,0,0,4841398,4841398,2928
37761,159,242,1041,4,0,11200,0,0,0,4843743,4843743,2928
37777,159,294,1041,4,0,11200,0,0,0,4845763,4845763,2928
37792,159,339,1041,4,0,11200,0,0,0,4847283,4847283,2928
37807,159,400,1041,4,0,11200,0,0,0,4849327,4849327,2928
37822,159,462,1041,4,0,11200,0,0,0,4851262,4851262,2928
37837,159,522,1041,4,0,11200,0,0,0,4852971,4852971,2928
37852,159,591,1041,4,0,11200,0,0,0,4854734,4854734,2928
37868,159,645,1041,4,0,11200,0,0,0,4856619,4856619,2928
37883,159,702,1041,4,0,11200,0,0,0,4858378,4858378,2928
37898,159,771,1041,4,0,11200,0,0,0,4860294,4860294,2928
37914,159,832,1041,4,0,11200,0,0,0,4861771,4861771,2928
37929,159,926,1041,4,0,11200,0,0,0,4863808,4863808,2928
37944,160,982,1041,4,0,11200,0,0,0,4865799,4865799,2928
37959,160,10,1041,4,0,11200,0,0,0,4867706,4867706,2928
37974,160,115,1041,4,0,11200,0,0,0,4869978,4869978,2928
37990,160,176,1041,4,0,11200,0,0,0,4872317,4872317,2928
38005,160,228,1041,4,0,11200,0,0,0,4874537,4874537,2928
38020,160,267,1041,4,0,11200,0,0,0,4876761,4876761,2928
38035,160,318,1041,4,0,11200,0,0,0,4878644,4878644,2928
38051,160,386,1041,4,0,11200,0,0,0,4880662,4880662,2928
38066,160,455,1041,4,0,11200,0,0,0,4882587,4882587,2928
38082,160,521,1041,4,0,11200,0,0,0,4884665,4884665,2928
38097,160,579,1041,4,0,11200,0,0,0,4886534,4886534,2928
38112,160,647,1041,4,0,11200,0,0,0,4888498,4888498,2928
38127,160,695,1041,4,0,11200,0,0,0,4890014,4890014,2928
38143,160,735,1041,4,0,11200,0,0,0,4891905,4891905,2928
38158,160,811,1041,4,0,11200,0,0,0,4893659,4893659,2928
38174,160,880,1041,4,0,11200,0,0,0,4895626,4895626,2928
38189,160,967,1041,4,0,11200,0,0,0,4897342,4897342,2928
38204,161,1028,1041,4,0,11200,0,0,0,4898811,4898811,2928
38220,161,32,1041,3,0,11200,0,0,0,4901000,4901000,2928
38236,161,135,1041,3,0,11200,0,0,0,4903465,4903465,2928
38251,161,189,1041,3,0,11200,0,0,0,4905945,4905945,2928
38267,161,246,1041,3,0,11200,0,0,0,4908095,4908095,2928
38282,161,290,1041,3,0,11200,0,0,0,4910242,4910242,2928
38297,161,349,1041,3,0,11200,0,0,0,4912238,4912238,2928
38312,161,402,1041,3,0,11200,0,0,0,4913920,4913920,2928
38328,161,462,1041,3,0,11200,0,0,0,4915972,4915972,2928
38343,161,522,1041,3,0,11200,0,0,0,4917856,4917856,2928
38359,161,590,1041,3,0,11200,0,0,0,4919801,4919801,2928
38374,161,643,1041,3,0,11200,0,0,0,4921848,4921848,2928
38389,161,702,1041,3,0,11200,0,0,0,4923485,4923485,2928
38404,161,757,1041,3,0,11200,0,0,0,4925320,4925320,2928
38420,161,824,1041,3,0,11200,0,0,0,4927269,4927269,2928
38435,161,885,1041,3,0,11200,0,0,0,4928752,4928752,2928
38451,161,957,1041,3,0,11200,0,0,0,4930954,4930954,2928
38468,162,992,1041,3,0,11200,0,0,0,4931954,4931954,2928
38484,162,15,1041,3,0,11200,0,0,0,4934213,4934213,2928
38499,162,125,1041,3,0,11200,0,0,0,4936464,4936464,2928
38514,162,178,1041,3,0,11200,0,0,0,4938564,4938564,2928
38530,162,232,1041,3,0,11200,0,0,0,4940953,4940953,2928
38545,162,270,1041,3,0,11200,0,0,0,4942996,4942996,2928
38560,162,332,1041,3,0,11200,0,0,0,4945015,4945015,2928
38575,162,387,1041,3,0,11200,0,0,0,4946748,4946748,2928
38591,162,458,1041,3,0,11200,0,0,0,4948805,4948805,2928
38606,162,506,1041,3,0,11200,0,0,0,4950772,4950772,2928
38622,162,579,1041,3,0,11200,0,0,0,4952911,4952911,2928
38637,162,629,1041,3,0,11200,0,0,0,4954425,4954425,2928
38653,162,688,1041,3,0,11200,0,0,0,4956202,4956202,2928
38669,162,737,1041,3,0,11200,0,0,0,4958094,4958094,2928
38684,162,810,1041,3,0,11200,0,0,0,4959658,4959658,2928
38700,162,863,1041,3,0,11200,0,0,0,4961576,4961576,2928
38715,162,933,1041,3,0,11200,0,0,0,4963343,4963343,2928
38730,162,949,1041,3,0,11200,0,0,0,4963965,4963965,2928
38745,163,1019,1041,3,0,11200,0,0,0,4965614,4965614,2928
38761,163,61,1041,3,0,11200,0,0,0,4967864,4967864,2928
38776,163,148,1041,3,0,11200,0,0,0,4970053,4970053,2928
38791,163,214,1041,3,0,11200,0,0,0,4972601,4972601,2928
38806,163,253,1041,3,0,11200,0,0,0,4974767,4974767,2928
38822,163,305,1041,3,0,11200,0,0,0,4976886,4976886,2928
38837,163,375,1041,3,0,11200,0,0,0,4978945,4978945,2928
38852,163,436,1041,3,0,11200,0,0,0,4981026,4981026,2928
38867,163,478,1041,3,0,11200,0,0,0,4982747,4982747,2928
38883,163,540,1041,3,0,11200,0,0,0,4984948,4984948,2928
38898,163,604,1041,3,0,11200,0,0,0,4986835,4986835,2928
38913,163,686,1041,3,0,11200,0,0,0,4988649,4988649,2928
38928,163,725,1041,3,0,11200,0,0,0,4990242,4990242,2928
38944,163,798,1041,3,0,11200,0,0,0,4992085,4992085,2928
38959,163,884,1041,3,0,11200,0,0,0,4994028,4994028,2928
38977,163,938,1041,3,0,11200,0,0,0,4995501,4995501,2928
38993,164,992,1041,3,0,11200,0,0,0,4997270,4997270,2928
39009,164,12,1041,3,0,11200,0,0,0,4999133,4999133,2928
39024,164,123,1041,3,0,11200,0,0,0,5001618,5001618,2928
39039,164,177,1041,3,0,11200,0,0,0,5003745,5003745,2928
39055,164,230,1041,3,0,11200,0,0,0,5006089,5006089,2928
39070,164,277,1041,3,0,11200,0,0,0,5008083,5008083,2928
39085,164,318,1041,3,0,11200,0,0,0,5010020,5010020,2928
39100,164,388,1041,3,0,11200,0,0,0,5012329,5012329,2928
39116,164,455,1041,3,0,11200,0,0,0,5014349,5014349,2928
39131,164,506,1041,3,0,11200,0,0,0,5016195,5016195,2928
39146,164,571,1041,3,0,11200,0,0,0,5018119,5018119,2928
39161,164,610,1041,3,0,11200,0,0,0,5019785,5019785,2928
39177,164,679,1041,3,0,11200,0,0,0,5021862,5021862,2928
39192,164,722,1041,3,0,11200,0,0,0,5023501,5023501,2928
39208,164,769,1041,3,0,11200,0,0,0,5025315,5025315,2928
39223,164,841,1041,3,0,11200,0,0,0,5027259,5027259,2928
39239,164,918,1041,3,0,11200,0,0,0,5029319,5029319,2928
39254,164,966,1041,3,0,11200,0,0,0,5030636,5030636,2928
39269,165,1031,1041,3,0,11200,0,0,0,5032183,5032183,2928
39284,165,65,1041,3,0,11200,0,0,0,5034509,5034509,2928
39299,165,144,1041,3,0,11200,0,0,0,5036640,5036640,2928
39314,165,196,1041,3,0,11200,0,0,0,5038741,5038741,2928
39330,165,254,1041,3,0,11200,0,0,0,5041069,5041069,2928
39345,165,305,1041,3,0,11200,0,0,0,5043013,5043013,2928
39361,165,367,1041,3,0,11200,0,0,0,5045233,5045233,2928
39376,165,438,1041,3,0,11200,0,0,0,5047396,5047396,2928
39392,165,498,1041,3,0,11200,0,0,0,5049220,5049220,2928
39407,165,565,1041,3,0,11200,0,0,0,5051297,5051297,2928
39422,165,613,1041,3,0,11200,0,0,0,5053324,5053324,2928
39437,165,679,1041,3,0,11200,0,0,0,5054942,5054942,2928
39454,165,726,1041,3,0,11200,0,0,0,5057000,5057000,2928
39469,165,794,1041,3,0,11200,0,0,0,5058792,5058792,2928
39484,165,849,1041,3,0,11200,0,0,0,5060533,5060533,2928
39514,165,938,1041,3,0,11200,0,0,0,5062396,5062396,2928
39529,166,991,1042,4,0,11200,0,0,0,5064505,5064505,2928
39545,166,9,1042,4,0,11200,0,0,0,5065882,5065882,2928
39560,166,123,1042,4,0,11200,0,0,0,5068095,5068095,2928
39576,166,177,1042,4,0,11200,0,0,0,5070178,5070178,2928
39591,166,230,1042,4,0,11200,0,0,0,5072579,5072579,2928
39606,166,267,1042,4,0,11200,0,0,0,5074621,5074621,2928
39621,166,313,1042,4,0,11200,0,0,0,5076514,5076514,2928
39636,166,375,1042,4,0,11200,0,0,0,5078564,5078564,2928
39652,166,435,1042,4,0,11200,0,0,0,5080659,5080659,2928
39667,166,483,1042,4,0,11200,0,0,0,5082638,5082638,2928
39683,166,550,1042,4,0,11200,0,0,0,5084848,5084848,2928
39698,166,610,1042,4,0,11200,0,0,0,5086753,5086753,2928
39713,166,683,1042,4,0,11200,0,0,0,5088580,5088580,2928
39729,166,732,1042,4,0,11200,0,0,0,5090524,5090524,2928
39744,166,809,1042,4,0,11200,0,0,0,5092221,5092221,2928
39761,166,885,1042,4,0,11200,0,0,0,5094153,5094153,2928
39784,166,938,1042,4,0,11200,0,0,0,5095568,5095568,2928
39799,167,987,1042,4,0,11200,0,0,0,5097503,5097503,2928
39815,167,3,1042,3,0,11200,0,0,0,5099229,5099229,2928
39830,167,104,1042,3,0,11200,0,0,0,5101541,5101541,2928
39846,167,147,1042,3,0,11200,0,0,0,5103605,5103605,2928
39861,167,214,1042,3,0,11200,0,0,0,5106146,5106146,2928
39876,167,256,1042,3,0,11200,0,0,0,5108311,5108311,2928
39892,167,309,1042,3,0,11200,0,0,0,5110360,5110360,2928
39907,167,382,1042,3,0,11200,0,0,0,5112501,5112501,2928
39922,167,449,1042,3,0,11200,0,0,0,5114596,5114596,2928
39938,167,507,1042,3,0,11200,0,0,0,5116479,5116479,2928
39953,167,578,1042,3,0,11200,0,0,0,5118518,5118518,2928
39968,167,641,1042,3,0,11200,0,0,0,5120497,5120497,2928
39984,167,709,1042,3,0,11200,0,0,0,5122603,5122603,2928
39999,167,773,1042,3,0,11200,0,0,0,5124361,5124361,2928
40015,167,829,1042,3,0,11200,0,0,0,5125990,5125990,2928
40030,167,896,1042,3,0,11200,0,0,0,5127804,5127804,2928
40049,167,938,1042,3,0,11200,0,0,0,5128875,5128875,2928
40064,168,1010,1042,3,0,11200,0,0,0,5130814,5130814,2928
40079,168,19,1042,3,0,11200,0,0,0,5132747,5132747,2928
40094,168,124,1042,3,0,11200,0,0,0,5134993,5134993,2928
40110,168,184,1042,3,0,11200,0,0,0,5137247,5137247,2928
40125,168,233,1042,3,0,11200,0,0,0,5139644,5139644,2928
40140,168,270,1042,3,0,11200,0,0,0,5141669,5141669,2928
40156,168,314,1042,3,0,11200,0,0,0,5143674,5143674,2928
40171,168,385,1043,4,0,11200,0,0,0,5145892,5145892,2930
40186,168,453,1043,4,0,11200,0,0,0,5148018,5148018,2930
40201,168,502,1043,4,0,11200,0,0,0,5149852,5149852,2930
40217,168,574,1043,4,0,11200,0,0,0,5151927,5151927,2930
40232,168,639,1043,4,0,11200,0,0,0,5153620,5153620,2930
40248,168,688,1043,4,0,11200,0,0,0,5155082,5155082,2930
40264,168,734,1043,4,0,11200,0,0,0,5157060,5157060,2930
40281,168,788,1043,4,0,11200,0,0,0,5158551,5158551,2930
40297,168,842,1043,4,0,11200,0,0,0,5160290,5160290,2930
40312,168,937,1043,4,0,11200,0,0,0,5162469,5162469,2930
40328,168,955,1043,4,0,11200,0,0,0,5163243,5163243,2930
40346,169,992,1043,4,0,11200,0,0,0,5164666,5164666,2930
40361,169,19,1043,2,0,11200,0,0,0,5166834,5166834,2930
40376,169,116,1043,2,0,11200,0,0,0,5168882,5168882,2930
40391,169,176,1043,2,0,11200,0,0,0,5171250,5171250,2930
40406,169,224,1043,2,0,11200,0,0,0,5173557,5173557,2930
40422,169,283,1043,2,0,11200,0,0,0,5175838,5175838,2930
40437,169,332,1043,2,0,11200,0,0,0,5177894,5177894,2930
40452,169,386,1043,2,0,11200,0,0,0,5179795,5179795,2930
40468,169,467,1043,2,0,11200,0,0,0,5181762,5181762,2930
40483,169,523,1043,2,0,11200,0,0,0,5183662,5183662,2930
40498,169,591,1043,2,0,11200,0,0,0,5185638,5185638,2930
40513,169,654,1043,2,0,11200,0,0,0,5187617,5187617,2930
40528,169,709,1043,2,0,11200,0,0,0,5189358,5189358,2930
40545,169,769,1043,2,0,11200,0,0,0,5191138,5191138,2930
40560,169,840,1043,2,0,11200,0,0,0,5193043,5193043,2930
40575,169,924,1043,2,0,11200,0,0,0,5195177,5195177,2930
40593,169,938,1044,3,0,11200,0,0,0,5195858,5195858,2930
40610,170,992,1044,3,0,11200,0,0,0,5197551,5197551,2930
40625,170,17,1044,2,0,11200,0,0,0,5199770,5199770,2930
40640,170,137,1044,2,0,11200,0,0,0,5202150,5202150,2930
40655,170,184,1044,2,0,11200,0,0,0,5204209,5204209,2930
40671,170,239,1044,2,0,11200,0,0,0,5206767,5206767,2930
40686,170,295,1044,2,0,11200,0,0,0,5208706,5208706,2930
40701,170,345,1044,2,0,11200,0,0,0,5210356,5210356,2930
40716,170,420,1044,2,0,11200,0,0,0,5212437,5212437,2930
40731,170,478,1044,2,0,11200,0,0,0,5214247,5214247,2930
40747,170,544,1044,2,0,11200,0,0,0,5216246,5216246,2930
40762,170,610,1044,2,0,11200,0,0,0,5218127,5218127,2930
40777,170,671,1044,2,0,11200,0,0,0,5219830,5219830,2930
40792,170,722,1044,2,0,11200,0,0,0,5221736,5221736,2930
40808,170,798,1044,2,0,11200,0,0,0,5223583,5223583,2930
40823,170,853,1044,2,0,11200,0,0,0,5225354,5225354,2930
40855,170,938,1044,2,0,11200,0,0,0,5227188,5227188,2930
40874,171,992,1044,2,0,11200,0,0,0,5229201,5229201,2930
40889,171,24,1044,1,0,11200,0,0,0,5231558,5231558,2930
40905,171,134,1044,1,0,11200,0,0,0,5234035,5234035,2930
40920,171,193,1044,1,0,11200,0,0,0,5236260,5236260,2930
40935,171,250,1044,1,0,11200,0,0,0,5238554,5238554,2930
40950,171,306,1044,1,0,11200,0,0,0,5240593,5240593,2930
40965,171,349,1044,1,0,11200,0,0,0,5242040,5242040,2930
40981,171,411,1044,1,0,11200,0,0,0,5244019,5244019,2930
40997,171,477,1044,1,0,11200,0,0,0,5246015,5246015,2930
41012,171,543,1044,1,0,11200,0,0,0,5247861,5247861,2930
41028,171,589,1044,1,0,11200,0,0,0,5249893,5249893,2930
41044,171,651,1044,1,0,11200,0,0,0,5251927,5251927,2930
41059,171,716,1044,1,0,11200,0,0,0,5253718,5253718,2930
41074,171,771,1044,1,0,11200,0,0,0,5255374,5255374,2930
41089,171,841,1044,1,0,11200,0,0,0,5257151,5257151,2930
41105,171,930,1044,1,0,11200,0,0,0,5259217,5259217,2930
41120,172,978,1044,1,0,11200,0,0,0,5260976,5260976,2930
41136,172,1027,1044,1,0,11200,0,0,0,5262344,5262344,2930
41151,172,108,1044,1,0,11200,0,0,0,5264826,5264826,2930
41167,172,168,1044,1,0,11200,0,0,0,5266996,5266996,2930
41182,172,221,1044,1,0,11200,0,0,0,5269228,5269228,2930
41197,172,267,1044,1,0,11200,0,0,0,5271498,5271498,2930
41212,172,310,1044,1,0,11200,0,0,0,5273373,5273373,2930
41227,172,363,1044,1,0,11200,0,0,0,5275358,5275358,2930
41242,172,433,1044,1,0,11200,0,0,0,5277410,5277410,2930
41257,172,489,1044,1,0,11200,0,0,0,5279086,5279086,2930
41273,172,554,1044,1,0,11200,0,0,0,5281098,5281098,2930
41288,172,615,1044,1,0,11200,0,0,0,5283018,5283018,2930
41303,172,671,1044,1,0,11200,0,0,0,5284751,5284751,2930
41318,172,726,1044,1,0,11200,0,0,0,5286359,5286359,2930
41334,172,792,1044,1,0,11200,0,0,0,5288052,5288052,2930
41349,172,858,1044,1,0,11200,0,0,0,5289644,5289644,2930
41364,172,933,1044,1,0,11200,0,0,0,5291541,5291541,2930
41379,173,1015,1044,1,0,11200,0,0,0,5293527,5293527,2930
41395,173,27,1044,1,0,11200,0,0,0,5295655,5295655,2930
41410,173,132,1044,1,0,11200,0,0,0,5297858,5297858,2930
41425,173,180,1044,1,0,11200,0,0,0,5300226,5300226,2930
41440,173,235,1044,1,0,11200,0,0,0,5302545,5302545,2930
41456,173,281,1044,1,0,11200,0,0,0,5304589,5304589,2930
41471,173,332,1044,1,0,11200,0,0,0,5306548,5306548,2930
41486,173,413,1044,1,0,11200,0,0,0,5308256,5308256,2930
41501,173,470,1044,1,0,11200,0,0,0,5310215,5310215,2930
41517,173,526,1044,1,0,11200,0,0,0,5312064,5312064,2930
41532,173,591,1044,1,0,11200,0,0,0,5313749,5313749,2930
41547,173,661,1045,2,0,11200,0,0,0,5315899,5315899,2930
41562,173,719,1045,2,0,11200,0,0,0,5317690,5317690,2930
41578,173,771,1045,2,0,11200,0,0,0,5319213,5319213,2930
41593,173,844,1045,2,0,11200,0,0,0,5321142,5321142,2930
41608,173,924,1045,2,0,11200,0,0,0,5323056,5323056,2930
41623,173,948,1045,2,0,11200,0,0,0,5323918,5323918,2930
41638,174,1011,1045,2,0,11200,0,0,0,5325688,5325688,2930
41653,174,21,1045,2,0,11200,0,0,0,5327846,5327846,2930
41668,174,126,1045,2,0,11200,0,0,0,5330235,5330235,2930
41685,174,177,1045,2,0,11200,0,0,0,5332363,5332363,2930
41700,174,226,1045,2,0,11200,0,0,0,5334743,5334743,2930
41715,174,277,1045,2,0,11200,0,0,0,5336930,5336930,2930
41730,174,335,1045,2,0,11200,0,0,0,5339061,5339061,2930
41745,174,395,1045,2,0,11200,0,0,0,5340981,5340981,2930
41760,174,462,1045,2,0,11200,0,0,0,5342938,5342938,2930
41776,174,509,1045,2,0,11200,0,0,0,5344768,5344768,2930
41791,174,578,1045,2,0,11200,0,0,0,5346922,5346922,2930
41806,174,630,1045,2,0,11200,0,0,0,5348485,5348485,2930
41821,174,700,1045,2,0,11200,0,0,0,5350340,5350340,2930
41836,174,753,1045,2,0,11200,0,0,0,5352230,5352230,2930
41852,174,820,1045,2,0,11200,0,0,0,5354006,5354006,2930
41868,174,885,1045,2,0,11200,0,0,0,5355696,5355696,2930
41883,174,962,1045,2,0,11200,0,0,0,5357651,5357651,2930
41898,175,1017,1045,2,0,11200,0,0,0,5359027,5359027,2930
41913,175,33,1045,2,0,11200,0,0,0,5361309,5361309,2930
41929,175,141,1045,2,0,11200,0,0,0,5363599,5363599,2930
41944,175,202,1045,2,0,11200,0,0,0,5366069,5366069,2930
41959,175,258,1045,2,0,11200,0,0,0,5368319,5368319,2930
41974,175,297,1045,2,0,11200,0,0,0,5370209,5370209,2930
41989,175,344,1045,2,0,11200,0,0,0,5372121,5372121,2930
42005,175,420,1045,2,0,11200,0,0,0,5374140,5374140,2930
42020,175,470,1045,2,0,11200,0,0,0,5375920,5375920,2930
42035,175,538,1045,2,0,11200,0,0,0,5377846,5377846,2930
42051,175,594,1045,2,0,11200,0,0,0,5379521,5379521,2930
42067,175,665,1045,2,0,11200,0,0,0,5381623,5381623,2930
42082,175,726,1045,2,0,11200,0,0,0,5383612,5383612,2930
42098,175,798,1045,2,0,11200,0,0,0,5385242,5385242,2930
42115,175,846,1045,2,0,11200,0,0,0,5386865,5386865,2930
42130,175,934,1045,2,0,11200,0,0,0,5388900,5388900,2930
42145,175,969,1045,2,0,11200,0,0,0,5390398,5390398,2930
42160,176,1043,1045,2,0,11200,0,0,0,5392187,5392187,2930
42176,176,106,1045,2,0,11200,0,0,0,5394652,5394652,2930
42191,176,150,1045,2,0,11200,0,0,0,5396743,5396743,2930
42206,176,210,1045,2,0,11200,0,0,0,5399228,5399228,2930
42221,176,254,1045,2,0,11200,0,0,0,5401294,5401294,2930
42236,176,301,1045,2,0,11200,0,0,0,5403301,5403301,2930
42252,176,359,1045,2,0,11200,0,0,0,5405150,5405150,2930
42267,176,424,1045,2,0,11200,0,0,0,5407346,5407346,2930
42283,176,475,1045,2,0,11200,0,0,0,5409196,5409196,2930
42298,176,533,1045,2,0,11200,0,0,0,5411050,5411050,2930
42313,176,589,1045,2,0,11200,0,0,0,5412942,5412942,2930
42331,176,665,1045,2,0,11200,0,0,0,5414942,5414942,2930
42347,176,723,1045,2,0,11200,0,0,0,5416727,5416727,2930
42362,176,769,1045,2,0,11200,0,0,0,5418452,5418452,2930
42377,176,820,1045,2,0,11200,0,0,0,5420219,5420219,2930
42393,176,899,1045,2,0,11200,0,0,0,5422182,5422182,2930
42408,176,963,1045,2,0,11200,0,0,0,5423846,5423846,2930
42424,177,1028,1046,3,0,11200,0,0,0,5425848,5425848,2931
42439,177,29,1046,1,0,11200,0,0,0,5428157,5428157,2931
42454,177,135,1046,1,0,11200,0,0,0,5430530,5430530,2931
42469,177,188,1046,1,0,11200,0,0,0,5432594,5432594,2931
42485,177,242,1046,1,0,11200,0,0,0,5434960,5434960,2931
42500,177,286,1046,1,0,11200,0,0,0,5436854,5436854,2931
42515,177,340,1046,1,0,11200,0,0,0,5439074,5439074,2931
42530,177,399,1046,1,0,11200,0,0,0,5441085,5441085,2931
42546,177,455,1046,1,0,11200,0,0,0,5443052,5443052,2931
42561,177,508,1046,1,0,11200,0,0,0,5444934,5444934,2931
42577,177,578,1046,1,0,11200,0,0,0,5446751,5446751,2931
42592,177,632,1046,1,0,11200,0,0,0,5448668,5448668,2931
42607,177,698,1046,1,0,11200,0,0,0,5450451,5450451,2931
42622,177,753,1046,1,0,11200,0,0,0,5452299,5452299,2931
42638,177,821,1046,1,0,11200,0,0,0,5454242,5454242,2931
42653,177,885,1046,1,0,11200,0,0,0,5455889,5455889,2931
42685,177,938,1046,1,0,11200,0,0,0,5457020,5457020,2931
42700,178,995,1046,1,0,11200,0,0,0,5458985,5458985,2931
42715,178,21,1046,1,0,11200,0,0,0,5461439,5461439,2931
42730,178,131,1046,1,0,11200,0,0,0,5463972,5463972,2931
42746,178,181,1046,1,0,11200,0,0,0,5466089,5466089,2931
42761,178,236,1046,1,0,11200,0,0,0,5468181,5468181,2931
42776,178,281,1046,1,0,11200,0,0,0,5470160,5470160,2931
42792,178,345,1046,1,0,11200,0,0,0,5472040,5472040,2931
42807,178,403,1046,1,0,11200,0,0,0,5474078,5474078,2931
42822,178,470,1046,1,0,11200,0,0,0,5475972,5475972,2931
42838,178,523,1046,1,0,11200,0,0,0,5477908,5477908,2931
42853,178,588,1046,1,0,11200,0,0,0,5479922,5479922,2931
42868,178,645,1046,1,0,11200,0,0,0,5481564,5481564,2931
42883,178,690,1046,1,0,11200,0,0,0,5482774,5482774,2931
42899,178,744,1046,1,0,11200,0,0,0,5484596,5484596,2931
42914,178,817,1046,1,0,11200,0,0,0,5486423,5486423,2931
42929,178,885,1046,1,0,11200,0,0,0,5488196,5488196,2931
42947,178,938,1046,1,0,11200,0,0,0,5489157,5489157,2931
42962,179,984,1046,1,0,11200,0,0,0,5490738,5490738,2931
42977,179,12,1046,1,0,11200,0,0,0,5492674,5492674,2931
42992,179,125,1046,1,0,11200,0,0,0,5494878,5494878,2931
43007,179,184,1046,1,0,11200,0,0,0,5497355,5497355,2931
43022,179,239,1046,1,0,11200,0,0,0,5499632,5499632,2931
43037,179,285,1046,1,0,11200,0,0,0,5501667,5501667,2931
43053,179,341,1046,1,0,11200,0,0,0,5503543,5503543,2931
43068,179,403,1046,1,0,11200,0,0,0,5505610,5505610,2931
43083,179,467,1046,1,0,11200,0,0,0,5507470,5507470,2931
43099,179,520,1046,1,0,11200,0,0,0,5509493,5509493,2931
43114,179,583,1046,1,0,11200,0,0,0,5511562,5511562,2931
43130,179,643,1046,1,0,11200,0,0,0,5513408,5513408,2931
43145,179,713,1046,1,0,11200,0,0,0,5515126,5515126,2931
43161,179,766,1046,1,0,11200,0,0,0,5516873,5516873,2931
43176,179,839,1046,1,0,11200,0,0,0,5518730,5518730,2931
43191,179,931,1046,1,0,11200,0,0,0,5520731,5520731,2931
43207,180,985,1046,1,0,11200,0,0,0,5522308,5522308,2931
43222,180,9,1046,1,0,11200,0,0,0,5524256,5524256,2931
43237,180,118,1046,1,0,11200,0,0,0,5526420,5526420,2931
43253,180,179,1046,1,0,11200,0,0,0,5528827,5528827,2931
43268,180,230,1046,1,0,11200,0,0,0,5531203,5531203,2931
43283,180,275,1046,1,0,11200,0,0,0,5533364,5533364,2931
43298,180,320,1046,1,0,11200,0,0,0,5535286,5535286,2931
43313,180,387,1046,1,0,11200,0,0,0,5537330,5537330,2931
43329,180,458,1046,1,0,11200,0,0,0,5539486,5539486,2931
43345,180,520,1046,1,0,11200,0,0,0,5541376,5541376,2931
43361,180,590,1046,1,0,11200,0,0,0,5543402,5543402,2931
43376,180,670,1046,1,0,11200,0,0,0,5545418,5545418,2931
43392,180,725,1046,1,0,11200,0,0,0,5547362,5547362,2931
43407,180,768,1046,1,0,11200,0,0,0,5548785,5548785,2931
43423,180,847,1046,1,0,11200,0,0,0,5550762,5550762,2931
43446,180,938,1046,1,0,11200,0,0,0,5552765,5552765,2931
43464,181,992,1046,1,0,11200,0,0,0,5554692,5554692,2931
43479,181,6,1046,1,0,11200,0,0,0,5556670,5556670,2931
43495,181,113,1046,1,0,11200,0,0,0,5558926,5558926,2931
43510,181,167,1046,1,0,11200,0,0,0,5561275,5561275,2931
43525,181,232,1046,1,0,11200,0,0,0,5563595,5563595,2931
43541,181,275,1046,1,0,11200,0,0,0,5565781,5565781,2931
43556,181,322,1046,1,0,11200,0,0,0,5567922,5567922,2931
43571,181,378,1046,1,0,11200,0,0,0,5569880,5569880,2931
43587,181,453,1046,1,0,11200,0,0,0,5572038,5572038,2931
43603,181,520,1046,1,0,11200,0,0,0,5574009,5574009,2931
43618,181,574,1046,1,0,11200,0,0,0,5575751,5575751,2931
43633,181,639,1046,1,0,11200,0,0,0,5577555,5577555,2931
43649,181,706,1046,1,0,11200,0,0,0,5579571,5579571,2931
43664,181,761,1046,1,0,11200,0,0,0,5581158,5581158,2931
43680,181,841,1046,1,0,11200,0,0,0,5583144,5583144,2931
43695,181,922,1046,1,0,11200,0,0,0,5585174,5585174,2931
43714,181,938,1046,1,0,11200,0,0,0,5585602,5585602,2931
43732,182,992,1046,1,0,11200,0,0,0,5587308,5587308,2931
43747,182,9,1046,1,0,11200,0,0,0,5589470,5589470,2931
43762,182,117,1046,1,0,11200,0,0,0,5591679,5591679,2931
43778,182,163,1046,1,0,11200,0,0,0,5593897,5593897,2931
43793,182,221,1046,1,0,11200,0,0,0,5596128,5596128,2931
43809,182,270,1046,1,0,11200,0,0,0,5598358,5598358,2931
43824,182,320,1046,1,0,11200,0,0,0,5600186,5600186,2931
43839,182,383,1046,1,0,11200,0,0,0,5602294,5602294,2931
43854,182,449,1046,1,0,11200,0,0,0,5604405,5604405,2931
43869,182,489,1046,1,0,11200,0,0,0,5606302,5606302,2931
43885,182,567,1046,1,0,11200,0,0,0,5608441,5608441,2931
43900,182,649,1046,1,0,11200,0,0,0,5610564,5610564,2931
43915,182,708,1046,1,0,11200,0,0,0,5612311,5612311,2931
43930,182,789,1046,1,0,11200,0,0,0,5614108,5614108,2931
43946,182,854,1046,1,0,11200,0,0,0,5616013,5616013,2931
43971,182,938,1046,1,0,11200,0,0,0,5618034,5618034,2931
43988,183,992,1046,1,0,11200,0,0,0,5619787,5619787,2931
44004,183,12,1047,0,0,11200,0,0,0,5621886,5621886,2932
44019,183,113,1047,0,0,11200,0,0,0,5624212,5624212,2932
44035,183,176,1047,0,0,11200,0,0,0,5626406,5626406,2932
44050,183,222,1047,0,0,11200,0,0,0,5628660,5628660,2932
44066,183,268,1047,0,0,11200,0,0,0,5630829,5630829,2932
44081,183,318,1047,0,0,11200,0,0,0,5632889,5632889,2932
44096,183,379,1047,0,0,11200,0,0,0,5634884,5634884,2932
44111,183,452,1047,0,0,11200,0,0,0,5637057,5637057,2932
44126,183,501,1047,0,0,11200,0,0,0,5638795,5638795,2932
44142,183,566,1047,0,0,11200,0,0,0,5640804,5640804,2932
44157,183,626,1047,0,0,11200,0,0,0,5642567,5642567,2932
44172,183,690,1047,0,0,11200,0,0,0,5644404,5644404,2932
44188,183,767,1047,0,0,11200,0,0,0,5646428,5646428,2932
44204,183,834,1047,0,0,11200,0,0,0,5648179,5648179,2932
44219,183,918,1047,0,0,11200,0,0,0,5650158,5650158,2932
44235,183,949,1047,0,0,11200,0,0,0,5651148,5651148,2932
44251,184,1015,1047,0,0,11200,0,0,0,5652949,5652949,2932
44266,184,17,1047,0,0,11200,0,0,0,5654929,5654929,2932
44281,184,127,1047,0,0,11200,0,0,0,5657250,5657250,2932
44296,184,185,1047,0,0,11200,0,0,0,5659639,5659639,2932
44312,184,241,1047,0,0,11200,0,0,0,5661884,5661884,2932
44327,184,294,1047,0,0,11200,0,0,0,5664122,5664122,2932
44342,184,363,1047,0,0,11200,0,0,0,5666144,5666144,2932
44357,184,431,1047,0,0,11200,0,0,0,5668112,5668112,2932
44372,184,487,1047,0,0,11200,0,0,0,5670042,5670042,2932
44388,184,560,1047,0,0,11200,0,0,0,5672155,5672155,2932
44403,184,632,1047,0,0,11200,0,0,0,5674097,5674097,2932
44419,184,686,1047,0,0,11200,0,0,0,5675765,5675765,2932
44434,184,729,1047,0,0,11200,0,0,0,5677606,5677606,2932
44449,184,798,1047,0,0,11200,0,0,0,5679139,5679139,2932
44464,184,858,1047,0,0,11200,0,0,0,5680812,5680812,2932
44485,184,938,1047,0,0,11200,0,0,0,5682521,5682521,2932
44505,185,992,1047,0,0,11200,0,0,0,5684260,5684260,2932
44520,185,5,1047,0,0,11200,0,0,0,5685914,5685914,2932
44536,185,115,1047,0,0,11200,0,0,0,5688330,5688330,2932
44551,185,167,1047,0,0,11200,0,0,0,5690678,5690678,2932
44566,185,218,1047,0,0,11200,0,0,0,5692963,5692963,2932
44581,185,266,1047,0,0,11200,0,0,0,5695267,5695267,2932
44597,185,316,1047,0,0,11200,0,0,0,5697303,5697303,2932
44612,185,370,1047,0,0,11200,0,0,0,5698900,5698900,2932
44628,185,437,1047,0,0,11200,0,0,0,5701099,5701099,2932
44643,185,496,1047,0,0,11200,0,0,0,5703013,5703013,2932
44658,185,548,1047,0,0,11200,0,0,0,5704756,5704756,2932
44674,185,626,1047,0,0,11200,0,0,0,5706763,5706763,2932
44690,185,688,1047,0,0,11200,0,0,0,5708719,5708719,2932
44705,185,735,1047,0,0,11200,0,0,0,5710436,5710436,2932
44721,185,807,1047,0,0,11200,0,0,0,5712210,5712210,2932
44737,185,869,1047,0,0,11200,0,0,0,5714138,5714138,2932
44756,185,938,1047,0,0,11200,0,0,0,5715716,5715716,2932
44775,186,992,1047,0,0,11200,0,0,0,5717478,5717478,2932
44790,186,5,1047,0,0,11200,0,0,0,5719213,5719213,2932
44806,186,111,1047,0,0,11200,0,0,0,5721666,5721666,2932
44821,186,175,1047,0,0,11200,0,0,0,5724057,5724057,2932
44836,186,225,1047,0,0,11200,0,0,0,5726171,5726171,2932
44851,186,269,1047,0,0,11200,0,0,0,5728367,5728367,2932
44868,186,331,1047,0,0,11200,0,0,0,5730260,5730260,2932
44884,186,393,1047,0,0,11200,0,0,0,5732348,5732348,2932
44900,186,466,1047,0,0,11200,0,0,0,5734309,5734309,2932
44915,186,523,1047,0,0,11200,0,0,0,5736288,5736288,2932
44931,186,608,1047,0,0,11200,0,0,0,5738428,5738428,2932
44946,186,679,1047,0,0,11200,0,0,0,5740410,5740410,2932
44961,186,729,1047,0,0,11200,0,0,0,5742252,5742252,2932
44977,186,775,1047,0,0,11200,0,0,0,5743537,5743537,2932
44992,186,841,1047,0,0,11200,0,0,0,5745348,5745348,2932
45008,186,918,1047,0,0,11200,0,0,0,5747210,5747210,2932
45023,186,950,1047,0,0,11200,0,0,0,5748458,5748458,2932
45039,187,1005,1047,0,0,11200,0,0,0,5750142,5750142,2932
45054,187,14,1047,0,0,11200,0,0,0,5752070,5752070,2932
45069,187,123,1047,0,0,11200,0,0,0,5754247,5754247,2932
45085,187,180,1047,0,0,11200,0,0,0,5756777,5756777,2932
45100,187,240,1047,0,0,11200,0,0,0,5758999,5758999,2932
45115,187,280,1047,0,0,11200,0,0,0,5760872,5760872,2932
45133,187,331,1047,0,0,11200,0,0,0,5763043,5763043,2932
45148,187,381,1047,0,0,11200,0,0,0,5764939,5764939,2932
45164,187,455,1047,0,0,11200,0,0,0,5767088,5767088,2932
45179,187,501,1047,0,0,11200,0,0,0,5768922,5768922,2932
45195,187,571,1047,0,0,11200,0,0,0,5771011,5771011,2932
45210,187,659,1047,0,0,11200,0,0,0,5772997,5772997,2932
45225,187,713,1047,0,0,11200,0,0,0,5774737,5774737,2932
45240,187,757,1047,0,0,11200,0,0,0,5776471,5776471,2932
45258,187,829,1047,0,0,11200,0,0,0,5778388,5778388,2932
45273,187,888,1047,0,0,11200,0,0,0,5780275,5780275,2932
45297,187,938,1047,0,0,11200,0,0,0,5781487,5781487,2932
45319,188,992,1047,0,0,11200,0,0,0,5783501,5783501,2932
45335,188,12,1047,0,0,11200,0,0,0,5785600,5785600,2932
45350,188,111,1047,0,0,11200,0,0,0,5787907,5787907,2932
45365,188,166,1047,0,0,11200,0,0,0,5790346,5790346,2932
45380,188,218,1047,0,0,11200,0,0,0,5792447,5792447,2932
45396,188,258,1047,0,0,11200,0,0,0,5794525,5794525,2932
45412,188,297,1047,0,0,11200,0,0,0,5796450,5796450,2932
45427,188,335,1047,0,0,11200,0,0,0,5798255,5798255,2932
45443,188,411,1047,0,0,11200,0,0,0,5800346,5800346,2932
45458,188,464,1047,0,0,11200,0,0,0,5802339,5802339,2932
45473,188,520,1047,0,0,11200,0,0,0,5803972,5803972,2932
45489,188,583,1047,0,0,11200,0,0,0,5805805,5805805,2932
45504,188,660,1047,0,0,11200,0,0,0,5807605,5807605,2932
45519,188,725,1047,0,0,11200,0,0,0,5809656,5809656,2932
45535,188,791,1047,0,0,11200,0,0,0,5811421,5811421,2932
45550,188,849,1047,0,0,11200,0,0,0,5812994,5812994,2932
45565,188,928,1047,0,0,11200,0,0,0,5814807,5814807,2932
45580,188,948,1047,0,0,11200,0,0,0,5815579,5815579,2932
45596,189,992,1047,0,0,11200,0,0,0,5817217,5817217,2932
45611,189,14,1047,0,0,11200,0,0,0,5819547,5819547,2932
45626,189,128,1047,0,0,11200,0,0,0,5821902,5821902,2932
45642,189,178,1047,0,0,11200,0,0,0,5824047,5824047,2932
45657,189,222,1047,0,0,11200,0,0,0,5826236,5826236,2932
45672,189,275,1047,0,0,11200,0,0,0,5828404,5828404,2932
45687,189,323,1047,0,0,11200,0,0,0,5830574,5830574,2932
45703,189,381,1047,0,0,11200,0,0,0,5832408,5832408,2932
45718,189,449,1047,0,0,11200,0,0,0,5834540,5834540,2932
45733,189,498,1047,0,0,11200,0,0,0,5836407,5836407,2932
45748,189,566,1047,0,0,11200,0,0,0,5838336,5838336,2932
45764,189,643,1047,0,0,11200,0,0,0,5840370,5840370,2932
45779,189,690,1047,0,0,11200,0,0,0,5841959,5841959,2932
45795,189,753,1047,0,0,11200,0,0,0,5843756,5843756,2932
45810,189,827,1047,0,0,11200,0,0,0,5845636,5845636,2932
45825,189,912,1047,0,0,11200,0,0,0,5847556,5847556,2932
45846,189,938,1047,0,0,11200,0,0,0,5848449,5848449,2932
45868,190,992,1047,0,0,11200,0,0,0,5850500,5850500,2932
45883,190,17,1047,0,0,11200,0,0,0,5852765,5852765,2932
45899,190,124,1047,0,0,11200,0,0,0,5854950,5854950,2932
45914,190,179,1047,0,0,11200,0,0,0,5857264,5857264,2932
45929,190,233,1047,0,0,11200,0,0,0,5859763,5859763,2932
45945,190,268,1047,0,0,11200,0,0,0,5861687,5861687,2932
45960,190,320,1047,0,0,11200,0,0,0,5863721,5863721,2932
45975,190,397,1047,0,0,11200,0,0,0,5865774,5865774,2932
45991,190,464,1047,0,0,11200,0,0,0,5867951,5867951,2932
46006,190,532,1047,0,0,11200,0,0,0,5869986,5869986,2932
46022,190,597,1047,0,0,11200,0,0,0,5871900,5871900,2932
46037,190,649,1047,0,0,11200,0,0,0,5873648,5873648,2932
46052,190,704,1047,0,0,11200,0,0,0,5875250,5875250,2932
46068,190,785,1047,0,0,11200,0,0,0,5877031,5877031,2932
46083,190,838,1047,0,0,11200,0,0,0,5878848,5878848,2932
46098,190,920,1047,0,0,11200,0,0,0,5880922,5880922,2932
46114,191,986,1047,0,0,11200,0,0,0,5882985,5882985,2932
46131,191,1045,1047,0,0,11200,0,0,0,5884514,5884514,2932
46146,191,104,1047,0,0,11200,0,0,0,5886722,5886722,2932
46162,191,142,1047,0,0,11200,0,0,0,5888682,5888682,2932
46177,191,193,1047,0,0,11200,0,0,0,5890901,5890901,2932
46192,191,254,1047,0,0,11200,0,0,0,5893284,5893284,2932
46208,191,297,1047,0,0,11200,0,0,0,5895306,5895306,2932
46223,191,374,1047,0,0,11200,0,0,0,5897486,5897486,2932
46238,191,438,1047,0,0,11200,0,0,0,5899546,5899546,2932
46253,191,502,1047,0,0,11200,0,0,0,5901369,5901369,2932
46268,191,582,1047,0,0,11200,0,0,0,5903309,5903309,2932
46284,191,643,1047,0,0,11200,0,0,0,5905138,5905138,2932
46299,191,685,1047,0,0,11200,0,0,0,5906368,5906368,2932
46315,191,740,1047,0,0,11200,0,0,0,5908292,5908292,2932
46330,191,820,1047,0,0,11200,0,0,0,5910205,5910205,2932
46347,191,885,1047,0,0,11200,0,0,0,5911962,5911962,2932
46370,191,938,1047,0,0,11200,0,0,0,5913238,5913238,2932
46392,192,992,1047,0,0,11200,0,0,0,5915192,5915192,2932
46407,192,7,1047,0,0,11200,0,0,0,5917212,5917212,2932
46422,192,106,1047,0,0,11200,0,0,0,5919574,5919574,2932
46438,192,161,1047,0,0,11200,0,0,0,5921967,5921967,2932
46454,192,197,1047,0,0,11200,0,0,0,5923768,5923768,2932
46469,192,261,1047,0,0,11200,0,0,0,5926048,5926048,2932
46485,192,307,1047,0,0,11200,0,0,0,5928056,5928056,2932
46500,192,376,1047,0,0,11200,0,0,0,5930308,5930308,2932
46515,192,440,1047,0,0,11200,0,0,0,5932442,5932442,2932
46530,192,514,1047,0,0,11200,0,0,0,5934479,5934479,2932
46546,192,583,1047,0,0,11200,0,0,0,5936289,5936289,2932
46561,192,643,1047,0,0,11200,0,0,0,5937991,5937991,2932
46576,192,689,1047,0,0,11200,0,0,0,5939701,5939701,2932
46593,192,744,1047,0,0,11200,0,0,0,5941503,5941503,2932
46608,192,817,1047,0,0,11200,0,0,0,5943254,5943254,2932
46623,192,885,1047,0,0,11200,0,0,0,5945310,5945310,2932
46639,192,947,1047,0,0,11200,0,0,0,5946953,5946953,2932
46654,193,1021,1048,1,0,11200,0,0,0,5948864,5948864,2932
46670,193,16,1048,0,0,11200,0,0,0,5950866,5950866,2932
46685,193,123,1048,0,0,11200,0,0,0,5953169,5953169,2932
46700,193,179,1048,0,0,11200,0,0,0,5955402,5955402,2932
46715,193,224,1048,0,0,11200,0,0,0,5957562,5957562,2932
46731,193,275,1048,0,0,11200,0,0,0,5959912,5959912,2932
46746,193,322,1048,0,0,11200,0,0,0,5961826,5961826,2932
46762,193,388,1048,0,0,11200,0,0,0,5964060,5964060,2932
46777,193,457,1048,0,0,11200,0,0,0,5966052,5966052,2932
46792,193,516,1048,0,0,11200,0,0,0,5967924,5967924,2932
46807,193,589,1048,0,0,11200,0,0,0,5969867,5969867,2932
46822,193,660,1048,0,0,11200,0,0,0,5971951,5971951,2932
46837,193,702,1048,0,0,11200,0,0,0,5973467,5973467,2932
46853,193,766,1048,0,0,11200,0,0,0,5975203,5975203,2932
46868,193,832,1048,0,0,11200,0,0,0,5976870,5976870,2932
46883,193,873,1048,0,0,11200,0,0,0,5978563,5978563,2932
46898,193,940,1048,0,0,11200,0,0,0,5980096,5980096,2932
46915,194,992,1048,0,0,11200,0,0,0,5981843,5981843,2932
46930,194,7,1048,0,0,11200,0,0,0,5983755,5983755,2932
46945,194,113,1048,0,0,11200,0,0,0,5985965,5985965,2932
46961,194,167,1048,0,0,11200,0,0,0,5988188,5988188,2932
46976,194,220,1048,0,0,11200,0,0,0,5990534,5990534,2932
46992,194,275,1048,0,0,11200,0,0,0,5992877,5992877,2932
47007,194,334,1048,0,0,11200,0,0,0,5994914,5994914,2932
47022,194,388,1048,0,0,11200,0,0,0,5996936,5996936,2932
47038,194,466,1048,0,0,11200,0,0,0,5998969,5998969,2932
47053,194,516,1048,0,0,11200,0,0,0,6000865,6000865,2932
47069,194,589,1048,0,0,11200,0,0,0,6002909,6002909,2932
47084,194,661,1048,0,0,11200,0,0,0,6004939,6004939,2932
47099,194,719,1048,0,0,11200,0,0,0,6006703,6006703,2932
47115,194,790,1048,0,0,11200,0,0,0,6008314,6008314,2932
47130,194,853,1048,0,0,11200,0,0,0,6010236,6010236,2932
47145,194,918,1048,0,0,11200,0,0,0,6011899,6011899,2932
47160,194,967,1048,0,0,11200,0,0,0,6013666,6013666,2932
47176,195,1026,1048,0,0,11200,0,0,0,6015252,6015252,2932
47191,195,23,1048,0,0,11200,0,0,0,6017380,6017380,2932
47206,195,132,1048,0,0,11200,0,0,0,6019563,6019563,2932
47221,195,192,1048,0,0,11200,0,0,0,6021983,6021983,2932
47236,195,250,1048,0,0,11200,0,0,0,6024352,6024352,2932
47251,195,299,1048,0,0,11200,0,0,0,6026511,6026511,2932
47267,195,348,1048,0,0,11200,0,0,0,6028409,6028409,2932
47282,195,417,1048,0,0,11200,0,0,0,6030500,6030500,2932
47297,195,464,1048,0,0,11200,0,0,0,6032314,6032314,2932
47313,195,520,1048,0,0,11200,0,0,0,6034301,6034301,2932
47329,195,589,1048,0,0,11200,0,0,0,6036191,6036191,2932
47344,195,651,1048,0,0,11200,0,0,0,6038093,6038093,2932
47359,195,719,1048,0,0,11200,0,0,0,6039947,6039947,2932
47374,195,786,1048,0,0,11200,0,0,0,6041602,6041602,2932
47389,195,839,1048,0,0,11200,0,0,0,6043254,6043254,2932
47404,195,893,1048,0,0,11200,0,0,0,6044788,6044788,2932
47432,195,938,1048,0,0,11200,0,0,0,6045906,6045906,2932
47448,196,1001,1048,0,0,11200,0,0,0,6047941,6047941,2932
47463,196,12,1048,0,0,11200,0,0,0,6049842,6049842,2932
47478,196,128,1048,0,0,11200,0,0,0,6052238,6052238,2932
47494,196,187,1048,0,0,11200,0,0,0,6054873,6054873,2932
47509,196,254,1048,0,0,11200,0,0,0,6057428,6057428,2932
47525,196,307,1048,0,0,11200,0,0,0,6059488,6059488,2932
47540,196,350,1048,0,0,11200,0,0,0,6061099,6061099,2932
47555,196,420,1048,0,0,11200,0,0,0,6063305,6063305,2932
47570,196,476,1048,0,0,11200,0,0,0,6065069,6065069,2932
47586,196,537,1048,0,0,11200,0,0,0,6067053,6067053,2932
47601,196,599,1048,0,0,11200,0,0,0,6069101,6069101,2932
47616,196,658,1048,0,0,11200,0,0,0,6070902,6070902,2932
47631,196,716,1048,0,0,11200,0,0,0,6072850,6072850,2932
47646,196,768,1048,0,0,11200,0,0,0,6074202,6074202,2932
47662,196,838,1048,0,0,11200,0,0,0,6076107,6076107,2932
47692,196,938,1048,0,0,11200,0,0,0,6078153,6078153,2932
47713,197,992,1048,0,0,11200,0,0,0,6079880,6079880,2932
47729,197,15,1048,0,0,11200,0,0,0,6081920,6081920,2932
47744,197,126,1048,0,0,11200,0,0,0,6084328,6084328,2932
47760,197,190,1048,0,0,11200,0,0,0,6086607,6086607,2932
47775,197,247,1048,0,0,11200,0,0,0,6089020,6089020,2932
47791,197,297,1048,0,0,11200,0,0,0,6091068,6091068,2932
47806,197,364,1048,0,0,11200,0,0,0,6093247,6093247,2932
47821,197,438,1048,0,0,11200,0,0,0,6095366,6095366,2932
47837,197,489,1048,0,0,11200,0,0,0,6097173,6097173,2932
47852,197,560,1048,0,0,11200,0,0,0,6099247,6099247,2932
47867,197,624,1048,0,0,11200,0,0,0,6101089,6101089,2932
47882,197,671,1048,0,0,11200,0,0,0,6102614,6102614,2932
47897,197,722,1048,0,0,11200,0,0,0,6104588,6104588,2932
47912,197,798,1048,0,0,11200,0,0,0,6106373,6106373,2932
47928,197,856,1048,0,0,11200,0,0,0,6108088,6108088,2932
47949,197,938,1048,0,0,11200,0,0,0,6109981,6109981,2932
47964,198,1001,1048,0,0,11200,0,0,0,6111740,6111740,2932
47980,198,7,1048,0,0,11200,0,0,0,6113425,6113425,2932
47995,198,115,1048,0,0,11200,0,0,0,6115744,6115744,2932
48010,198,163,1048,0,0,11200,0,0,0,6117967,6117967,2932
48026,198,221,1048,0,0,11200,0,0,0,6120452,6120452,2932
48041,198,268,1048,0,0,11200,0,0,0,6122529,6122529,2932
48056,198,323,1048,0,0,11200,0,0,0,6124475,6124475,2932
48072,198,399,1048,0,0,11200,0,0,0,6126622,6126622,2932
48088,198,462,1048,0,0,11200,0,0,0,6128768,6128768,2932
48104,198,523,1048,0,0,11200,0,0,0,6130611,6130611,2932
48120,198,589,1048,0,0,11200,0,0,0,6132423,6132423,2932
48136,198,651,1048,0,0,11200,0,0,0,6134437,6134437,2932
48151,198,709,1048,0,0,11200,0,0,0,6136148,6136148,2932
48167,198,744,1048,0,0,11200,0,0,0,6138013,6138013,2932
48182,198,829,1048,0,0,11200,0,0,0,6139703,6139703,2932
48198,198,894,1048,0,0,11200,0,0,0,6141484,6141484,2932
48213,198,962,1048,0,0,11200,0,0,0,6143537,6143537,2932
48228,199,1045,1048,0,0,11200,0,0,0,6145448,6145448,2932
48243,199,106,1048,0,0,11200,0,0,0,6147760,6147760,2932
48259,199,161,1048,0,0,11200,0,0,0,6149944,6149944,2932
48274,199,224,1048,0,0,11200,0,0,0,6152452,6152452,2932
48289,199,269,1048,0,0,11200,0,0,0,6154606,6154606,2932
48304,199,322,1049,1,0,11200,0,0,0,6156747,6156747,2932
48320,199,397,1049,1,0,11200,0,0,0,6158991,6158991,2932
48335,199,455,1049,1,0,11200,0,0,0,6160997,6160997,2932
48350,199,523,1049,1,0,11200,0,0,0,6162918,6162918,2932
48365,199,598,1049,1,0,11200,0,0,0,6164913,6164913,2932
48383,199,665,1049,1,0,11200,0,0,0,6166678,6166678,2932
48398,199,702,1049,1,0,11200,0,0,0,6168030,6168030,2932
48413,199,753,1049,1,0,11200,0,0,0,6169721,6169721,2932
48429,199,849,1049,1,0,11200,0,0,0,6171733,6171733,2932
48444,199,933,1049,1,0,11200,0,0,0,6173744,6173744,2932
48460,200,982,1049,1,0,11200,0,0,0,6175343,6175343,2932
48475,200,1035,1049,1,0,11200,0,0,0,6176980,6176980,2932
48490,200,29,1049,1,0,11200,0,0,0,6178929,6178929,2932
48506,200,132,1049,1,0,11200,0,0,0,6181143,6181143,2932
48521,200,189,1049,1,0,11200,0,0,0,6183449,6183449,2932
48536,200,241,1049,1,0,11200,0,0,0,6185794,6185794,2932
48552,200,286,1049,1,0,11200,0,0,0,6187745,6187745,2932
48567,200,342,1049,1,0,11200,0,0,0,6189648,6189648,2932
48582,200,397,1049,1,0,11200,0,0,0,6191619,6191619,2932
48597,200,464,1049,1,0,11200,0,0,0,6193569,6193569,2932
48613,200,537,1049,1,0,11200,0,0,0,6195600,6195600,2932
48628,200,598,1049,1,0,11200,0,0,0,6197561,6197561,2932
48644,200,665,1049,1,0,11200,0,0,0,6199530,6199530,2932
48659,200,720,1049,1,0,11200,0,0,0,6201363,6201363,2932
48674,200,766,1049,1,0,11200,0,0,0,6202970,6202970,2932
48690,200,834,1049,1,0,11200,0,0,0,6204880,6204880,2932
48706,200,912,1049,1,0,11200,0,0,0,6206818,6206818,2932
48722,201,977,1049,1,0,11200,0,0,0,6209059,6209059,2932
48737,201,1031,1049,1,0,11200,0,0,0,6210404,6210404,2932
48752,201,64,1049,1,0,11200,0,0,0,6212687,6212687,2932
48767,201,133,1049,1,0,11200,0,0,0,6214918,6214918,2932
48782,201,185,1049,1,0,11200,0,0,0,6217239,6217239,2932
48798,201,237,1049,1,0,11200,0,0,0,6219699,6219699,2932
48813,201,281,1049,1,0,11200,0,0,0,6221767,6221767,2932
48830,201,331,1049,1,0,11200,0,0,0,6223788,6223788,2932
48845,201,383,1049,1,0,11200,0,0,0,6225558,6225558,2932
48861,201,458,1049,1,0,11200,0,0,0,6227584,6227584,2932
48876,201,523,1049,1,0,11200,0,0,0,6229463,6229463,2932
48892,201,597,1049,1,0,11200,0,0,0,6231561,6231561,2932
48910,201,654,1049,1,0,11200,0,0,0,6233344,6233344,2932
48925,201,716,1049,1,0,11200,0,0,0,6235076,6235076,2932
48940,201,785,1049,1,0,11200,0,0,0,6236854,6236854,2932
48956,201,853,1049,1,0,11200,0,0,0,6238770,6238770,2932
48974,201,938,1049,1,0,11200,0,0,0,6240875,6240875,2932
48989,202,992,1049,1,0,11200,0,0,0,6242558,6242558,2932
49004,202,1037,1049,1,0,11200,0,0,0,6243826,6243826,2932
49019,202,63,1049,1,0,11200,0,0,0,6246195,6246195,2932
49034,202,151,1049,1,0,11200,0,0,0,6248549,6248549,2932
49049,202,215,1049,1,0,11200,0,0,0,6251022,6251022,2932
49064,202,259,1049,1,0,11200,0,0,0,6253215,6253215,2932
49080,202,314,1049,1,0,11200,0,0,0,6255248,6255248,2932
49095,202,385,1049,1,0,11200,0,0,0,6257484,6257484,2932
49110,202,462,1049,1,0,11200,0,0,0,6259467,6259467,2932
49125,202,537,1049,1,0,11200,0,0,0,6261391,6261391,2932
49140,202,599,1049,1,0,11200,0,0,0,6263312,6263312,2932
49156,202,679,1049,1,0,11200,0,0,0,6265278,6265278,2932
49172,202,726,1049,1,0,11200,0,0,0,6267088,6267088,2932
49187,202,792,1049,1,0,11200,0,0,0,6268869,6268869,2932
49202,202,861,1049,1,0,11200,0,0,0,6270715,6270715,2932
49218,202,955,1049,1,0,11200,0,0,0,6272707,6272707,2932
49235,203,992,1049,1,0,11200,0,0,0,6273888,6273888,2932
49251,203,3,1049,1,0,11200,0,0,0,6275688,6275688,2932
49266,203,95,1049,1,0,11200,0,0,0,6277923,6277923,2932
49281,203,150,1049,1,0,11200,0,0,0,6280262,6280262,2932
49296,203,205,1049,1,0,11200,0,0,0,6282463,6282463,2932
49311,203,255,1049,1,0,11200,0,0,0,6284863,6284863,2932
49326,203,307,1049,1,0,11200,0,0,0,6286905,6286905,2932
49341,203,367,1049,1,0,11200,0,0,0,6289016,6289016,2932
49356,203,437,1049,1,0,11200,0,0,0,6291027,6291027,2932
49372,203,485,1049,1,0,11200,0,0,0,6292733,6292733,2932
49387,203,543,1049,1,0,11200,0,0,0,6294426,6294426,2932
49402,203,597,1049,1,0,11200,0,0,0,6296220,6296220,2932
49417,203,660,1049,1,0,11200,0,0,0,6297840,6297840,2932
49433,203,712,1049,1,0,11200,0,0,0,6299458,6299458,2932
49448,203,753,1049,1,0,11200,0,0,0,6301050,6301050,2932
49464,203,810,1049,1,0,11200,0,0,0,6302732,6302732,2932
49479,203,885,1049,1,0,11200,0,0,0,6304602,6304602,2932
49498,203,938,1049,1,0,11200,0,0,0,6305775,6305775,2932
49518,204,992,1049,1,0,11200,0,0,0,6307406,6307406,2932
49533,204,2,1049,1,0,11200,0,0,0,6309342,6309342,2932
49549,204,111,1049,1,0,11200,0,0,0,6311782,6311782,2932
49564,204,161,1049,1,0,11200,0,0,0,6313938,6313938,2932
49579,204,221,1049,1,0,11200,0,0,0,6316418,6316418,2932
49594,204,267,1049,1,0,11200,0,0,0,6318678,6318678,2932
49610,204,311,1049,1,0,11200,0,0,0,6320578,6320578,2932
49625,204,383,1049,1,0,11200,0,0,0,6322734,6322734,2932
49640,204,453,1049,1,0,11200,0,0,0,6324863,6324863,2932
49655,204,501,1049,1,0,11200,0,0,0,6326759,6326759,2932
49671,204,576,1049,1,0,11200,0,0,0,6328968,6328968,2932
49686,204,643,1049,1,0,11200,0,0,0,6330906,6330906,2932
49701,204,706,1049,1,0,11200,0,0,0,6332730,6332730,2932
49716,204,766,1049,1,0,11200,0,0,0,6334521,6334521,2932
49732,204,839,1049,1,0,11200,0,0,0,6336427,6336427,2932
49747,204,938,1049,1,0,11200,0,0,0,6338391,6338391,2932
49762,205,991,1049,1,0,11200,0,0,0,6340268,6340268,2932
49777,205,1038,1049,1,0,11200,0,0,0,6341168,6341168,2932
49792,205,30,1049,1,0,11200,0,0,0,6343223,6343223,2932
49808,205,147,1049,1,0,11200,0,0,0,6345657,6345657,2932
49823,205,202,1049,1,0,11200,0,0,0,6347940,6347940,2932
49839,205,255,1049,1,0,11200,0,0,0,6350276,6350276,2932
49854,205,305,1049,1,0,11200,0,0,0,6352244,6352244,2932
49869,205,375,1049,1,0,11200,0,0,0,6354335,6354335,2932
49885,205,433,1049,1,0,11200,0,0,0,6356180,6356180,2932
49900,205,496,1049,1,0,11200,0,0,0,6358131,6358131,2932
49915,205,559,1049,1,0,11200,0,0,0,6360280,6360280,2932
49930,205,629,1049,1,0,11200,0,0,0,6362153,6362153,2932
49946,205,686,1049,1,0,11200,0,0,0,6364087,6364087,2932
49962,205,740,1049,1,0,11200,0,0,0,6366004,6366004,2932
49977,205,817,1049,1,0,11200,0,0,0,6367931,6367931,2932
49992,205,863,1049,1,0,11200,0,0,0,6369708,6369708,2932
50007,205,938,1049,1,0,11200,0,0,0,6371292,6371292,2932
50023,206,1018,1049,1,0,11200,0,0,0,6373475,6373475,2932
50038,206,22,1049,1,0,11200,0,0,0,6375454,6375454,2932
50053,206,126,1049,1,0,11200,0,0,0,6377761,6377761,2932
50068,206,182,1049,1,0,11200,0,0,0,6380217,6380217,2932
50083,206,225,1049,1,0,11200,0,0,0,6382507,6382507,2932
50098,206,263,1049,1,0,11200,0,0,0,6384623,6384623,2932
50114,206,316,1049,1,0,11200,0,0,0,6386657,6386657,2932
50129,206,382,1049,1,0,11200,0,0,0,6388836,6388836,2932
50144,206,433,1049,1,0,11200,0,0,0,6390553,6390553,2932
50159,206,492,1049,1,0,11200,0,0,0,6392526,6392526,2932
50174,206,571,1049,1,0,11200,0,0,0,6394477,6394477,2932
50190,206,619,1049,1,0,11200,0,0,0,6396239,6396239,2932
50205,206,681,1049,1,0,11200,0,0,0,6398094,6398094,2932
50221,206,726,1049,1,0,11200,0,0,0,6399904,6399904,2932
50236,206,798,1049,1,0,11200,0,0,0,6401874,6401874,2932
50251,206,847,1049,1,0,11200,0,0,0,6403463,6403463,2932
50266,206,931,1049,1,0,11200,0,0,0,6405559,6405559,2932
50283,206,938,1049,1,0,11200,0,0,0,6405868,6405868,2932
50298,207,986,1049,1,0,11200,0,0,0,6407790,6407790,2932
50314,207,1045,1049,1,0,11200,0,0,0,6409287,6409287,2932
50329,207,63,1049,1,0,11200,0,0,0,6411588,6411588,2932
50344,207,135,1049,1,0,11200,0,0,0,6413691,6413691,2932
50360,207,190,1049,1,0,11200,0,0,0,6416053,6416053,2932
50375,207,240,1049,1,0,11200,0,0,0,6418306,6418306,2932
50391,207,282,1049,1,0,11200,0,0,0,6420216,6420216,2932
50409,207,334,1049,1,0,11200,0,0,0,6422172,6422172,2932
50424,207,405,1049,1,0,11200,0,0,0,6424198,6424198,2932
50439,207,463,1049,1,0,11200,0,0,0,6426093,6426093,2932
50455,207,526,1049,1,0,11200,0,0,0,6428057,6428057,2932
50470,207,588,1049,1,0,11200,0,0,0,6429975,6429975,2932
50485,207,661,1049,1,0,11200,0,0,0,6431875,6431875,2932
50501,207,709,1049,1,0,11200,0,0,0,6433689,6433689,2932
50516,207,757,1049,1,0,11200,0,0,0,6435393,6435393,2932
50531,207,811,1049,1,0,11200,0,0,0,6437053,6437053,2932
50549,207,881,1049,1,0,11200,0,0,0,6439182,6439182,2932
50564,207,938,1049,1,0,11200,0,0,0,6440898,6440898,2932
50589,208,992,1049,1,0,11200,0,0,0,6442683,6442683,2932
50604,208,18,1049,1,0,11200,0,0,0,6444908,6444908,2932
50619,208,136,1049,1,0,11200,0,0,0,6447308,6447308,2932
50635,208,185,1049,1,0,11200,0,0,0,6449523,6449523,2932
50650,208,239,1049,1,0,11200,0,0,0,6452019,6452019,2932
50665,208,284,1049,1,0,11200,0,0,0,6454063,6454063,2932
50681,208,341,1049,1,0,11200,0,0,0,6456233,6456233,2932
50696,208,402,1049,1,0,11200,0,0,0,6458364,6458364,2932
50712,208,466,1049,1,0,11200,0,0,0,6460433,6460433,2932
50727,208,522,1049,1,0,11200,0,0,0,6462502,6462502,2932
50743,208,589,1049,1,0,11200,0,0,0,6464141,6464141,2932
50758,208,651,1049,1,0,11200,0,0,0,6466062,6466062,2932
50773,208,700,1049,1,0,11200,0,0,0,6467711,6467711,2932
50788,208,761,1049,1,0,11200,0,0,0,6469479,6469479,2932
50804,208,798,1049,1,0,11200,0,0,0,6470506,6470506,2932
50819,208,853,1049,1,0,11200,0,0,0,6472187,6472187,2932
50835,208,941,1049,1,0,11200,0,0,0,6473818,6473818,2932
50850,209,986,1049,1,0,11200,0,0,0,6475499,6475499,2932
50866,209,1031,1049,1,0,11200,0,0,0,6476924,6476924,2932
50881,209,72,1049,1,0,11200,0,0,0,6479162,6479162,2932
50896,209,144,1049,1,0,11200,0,0,0,6481342,6481342,2932
50911,209,195,1049,1,0,11200,0,0,0,6483475,6483475,2932
50926,209,247,1049,1,0,11200,0,0,0,6485674,6485674,2932
50942,209,301,1049,1,0,11200,0,0,0,6487738,6487738,2932
50957,209,359,1049,1,0,11200,0,0,0,6489554,6489554,2932
50973,209,420,1049,1,0,11200,0,0,0,6491724,6491724,2932
50988,209,473,1049,1,0,11200,0,0,0,6493397,6493397,2932
51003,209,528,1049,1,0,11200,0,0,0,6495472,6495472,2932
51018,209,583,1049,1,0,11200,0,0,0,6496941,6496941,2932
51033,209,643,1049,1,0,11200,0,0,0,6498581,6498581,2932
51049,209,688,1049,1,0,11200,0,0,0,6500185,6500185,2932
51064,209,744,1049,1,0,11200,0,0,0,6502116,6502116,2932
51079,209,827,1049,1,0,11200,0,0,0,6503940,6503940,2932
51094,209,893,1049,1,0,11200,0,0,0,6505670,6505670,2932
51113,209,938,1049,1,0,11200,0,0,0,6506928,6506928,2932
51128,210,991,1049,1,0,11200,0,0,0,6508741,6508741,2932
51145,210,1027,1049,1,0,11200,0,0,0,6509751,6509751,2932
51160,210,28,1049,1,0,11200,0,0,0,6511840,6511840,2932
51175,210,141,1049,1,0,11200,0,0,0,6514047,6514047,2932
51190,210,194,1049,1,0,11200,0,0,0,6516533,6516533,2932
51205,210,240,1049,1,0,11200,0,0,0,6518853,6518853,2932
51221,210,283,1049,1,0,11200,0,0,0,6520869,6520869,2932
51236,210,334,1049,1,0,11200,0,0,0,6522766,6522766,2932
51252,210,402,1049,1,0,11200,0,0,0,6524749,6524749,2932
51267,210,464,1049,1,0,11200,0,0,0,6526706,6526706,2932
51283,210,531,1049,1,0,11200,0,0,0,6528687,6528687,2932
51298,210,597,1049,1,0,11200,0,0,0,6530320,6530320,2932
51313,210,665,1049,1,0,11200,0,0,0,6532244,6532244,2932
51328,210,720,1049,1,0,11200,0,0,0,6534026,6534026,2932
51343,210,785,1049,1,0,11200,0,0,0,6535573,6535573,2932
51358,210,821,1049,1,0,11200,0,0,0,6537023,6537023,2932
51374,210,872,1049,1,0,11200,0,0,0,6538794,6538794,2932
51390,210,951,1049,1,0,11200,0,0,0,6540400,6540400,2932
51405,211,1017,1049,1,0,11200,0,0,0,6542014,6542014,2932
51420,211,12,1049,1,0,11200,0,0,0,6543885,6543885,2932
51435,211,124,1049,1,0,11200,0,0,0,6546112,6546112,2932
51450,211,175,1049,1,0,11200,0,0,0,6548394,6548394,2932
51465,211,234,1049,1,0,11200,0,0,0,6550781,6550781,2932
51481,211,275,1049,1,0,11200,0,0,0,6552504,6552504,2932
51496,211,340,1049,1,0,11200,0,0,0,6554705,6554705,2932
51511,211,399,1049,1,0,11200,0,0,0,6556669,6556669,2932
51526,211,472,1049,1,0,11200,0,0,0,6558599,6558599,2932
51542,211,537,1049,1,0,11200,0,0,0,6560673,6560673,2932
51557,211,599,1049,1,0,11200,0,0,0,6562643,6562643,2932
51572,211,654,1049,1,0,11200,0,0,0,6564628,6564628,2932
51588,211,719,1049,1,0,11200,0,0,0,6566542,6566542,2932
51603,211,768,1049,1,0,11200,0,0,0,6568221,6568221,2932
51618,211,820,1049,1,0,11200,0,0,0,6569731,6569731,2932
51634,211,890,1049,1,0,11200,0,0,0,6571760,6571760,2932
51657,211,938,1049,1,0,11200,0,0,0,6572994,6572994,2932
51673,212,995,1049,1,0,11200,0,0,0,6574405,6574405,2932
51688,212,15,1049,1,0,11200,0,0,0,6576619,6576619,2932
51703,212,122,1049,1,0,11200,0,0,0,6579021,6579021,2932
51719,212,167,1049,1,0,11200,0,0,0,6581142,6581142,2932
51734,212,225,1049,1,0,11200,0,0,0,6583493,6583493,2932
51750,212,262,1049,1,0,11200,0,0,0,6585578,6585578,2932
51765,212,310,1049,1,0,11200,0,0,0,6587709,6587709,2932
51780,212,381,1049,1,0,11200,0,0,0,6589595,6589595,2932
51795,212,454,1049,1,0,11200,0,0,0,6591649,6591649,2932
51810,212,510,1049,1,0,11200,0,0,0,6593455,6593455,2932
51826,212,577,1049,1,0,11200,0,0,0,6595298,6595298,2932
51841,212,635,1049,1,0,11200,0,0,0,6597056,6597056,2932
51856,212,704,1049,1,0,11200,0,0,0,6599017,6599017,2932
51871,212,756,1049,1,0,11200,0,0,0,6600876,6600876,2932
51887,212,818,1049,1,0,11200,0,0,0,6602721,6602721,2932
51902,212,888,1049,1,0,11200,0,0,0,6604688,6604688,2932
51917,213,978,1049,1,0,11200,0,0,0,6606662,6606662,2932
51933,213,1045,1049,1,0,11200,0,0,0,6608208,6608208,2932
51948,213,106,1049,1,0,11200,0,0,0,6610445,6610445,2932
51963,213,159,1049,1,0,11200,0,0,0,6612571,6612571,2932
51978,213,212,1049,1,0,11200,0,0,0,6614890,6614890,2932
51994,213,254,1049,1,0,11200,0,0,0,6616988,6616988,2932
52009,213,295,1049,1,0,11200,0,0,0,6618896,6618896,2932
52024,213,341,1049,1,0,11200,0,0,0,6620847,6620847,2932
52039,213,402,1049,1,0,11200,0,0,0,6622845,6622845,2932
52055,213,472,1049,1,0,11200,0,0,0,6624881,6624881,2932
52070,213,537,1049,1,0,11200,0,0,0,6626755,6626755,2932
52085,213,595,1049,1,0,11200,0,0,0,6628562,6628562,2932
52101,213,673,1049,1,0,11200,0,0,0,6630652,6630652,2932
52117,213,729,1049,1,0,11200,0,0,0,6632624,6632624,2932
52132,213,800,1049,1,0,11200,0,0,0,6634305,6634305,2932
52147,213,869,1049,1,0,11200,0,0,0,6636243,6636243,2932
52168,213,938,1049,1,0,11200,0,0,0,6637960,6637960,2932
52186,214,992,1049,1,0,11200,0,0,0,6639699,6639699,2932
52201,214,6,1049,1,0,11200,0,0,0,6641544,6641544,2932
52217,214,108,1049,1,0,11200,0,0,0,6644144,6644144,2932
52232,214,159,1049,1,0,11200,0,0,0,6646292,6646292,2932
52247,214,215,1049,1,0,11200,0,0,0,6648656,6648656,2932
52262,214,256,1049,1,0,11200,0,0,0,6650746,6650746,2932
52277,214,297,1049,1,0,11200,0,0,0,6652718,6652718,2932
52292,214,364,1049,1,0,11200,0,0,0,6654833,6654833,2932
52308,214,424,1049,1,0,11200,0,0,0,6656919,6656919,2932
52323,214,477,1049,1,0,11200,0,0,0,6658848,6658848,2932
52339,214,533,1049,1,0,11200,0,0,0,6660891,6660891,2932
52354,214,591,1049,1,0,11200,0,0,0,6662572,6662572,2932
52369,214,665,1049,1,0,11200,0,0,0,6664587,6664587,2932
52385,214,726,1049,1,0,11200,0,0,0,6666567,6666567,2932
52400,214,813,1049,1,0,11200,0,0,0,6668488,6668488,2932
52416,214,849,1049,1,0,11200,0,0,0,6670000,6670000,2932
52431,214,922,1049,1,0,11200,0,0,0,6671937,6671937,2932
52447,214,974,1049,1,0,11200,0,0,0,6673930,6673930,2932
52463,215,1025,1049,1,0,11200,0,0,0,6675362,6675362,2932
52478,215,21,1049,1,0,11200,0,0,0,6677268,6677268,2932
52493,215,128,1049,1,0,11200,0,0,0,6679666,6679666,2932
52509,215,177,1049,1,0,11200,0,0,0,6681820,6681820,2932
52524,215,232,1049,1,0,11200,0,0,0,6683814,6683814,2932
52539,215,275,1049,1,0,11200,0,0,0,6685925,6685925,2932
52555,215,324,1049,1,0,11200,0,0,0,6688016,6688016,2932
52570,215,383,1049,1,0,11200,0,0,0,6689950,6689950,2932
52586,215,448,1049,1,0,11200,0,0,0,6692024,6692024,2932
52601,215,502,1050,2,0,11200,0,0,0,6693933,6693933,2932
52616,215,566,1050,2,0,11200,0,0,0,6695973,6695973,2932
52631,215,630,1050,2,0,11200,0,0,0,6697837,6697837,2932
52647,215,695,1050,2,0,11200,0,0,0,6699730,6699730,2932
52662,215,737,1050,2,0,11200,0,0,0,6701741,6701741,2932
52678,215,816,1050,2,0,11200,0,0,0,6703425,6703425,2932
52693,215,873,1050,2,0,11200,0,0,0,6705169,6705169,2932
52714,215,938,1050,2,0,11200,0,0,0,6706470,6706470,2932
52734,216,992,1050,2,0,11200,0,0,0,6708159,6708159,2932
52749,216,11,1050,2,0,11200,0,0,0,6710117,6710117,2932
52765,216,113,1050,2,0,11200,0,0,0,6712356,6712356,2932
52780,216,167,1050,2,0,11200,0,0,0,6714712,6714712,2932
52795,216,218,1050,2,0,11200,0,0,0,6716961,6716961,2932
52810,216,256,1051,3,0,11200,0,0,0,6718880,6718880,2932
52826,216,308,1051,3,0,11200,0,0,0,6720907,6720907,2932
52842,216,334,1051,3,0,11200,0,0,0,6722125,6722125,2932
52857,216,417,1051,3,0,11200,0,0,0,6724185,6724185,2932
52872,216,478,1051,3,0,11200,0,0,0,6726223,6726223,2932
52887,216,543,1051,3,0,11200,0,0,0,6728125,6728125,2932
52903,216,609,1051,3,0,11200,0,0,0,6730174,6730174,2932
52918,216,674,1051,3,0,11200,0,0,0,6731966,6731966,2932
52933,216,736,1051,3,0,11200,0,0,0,6734013,6734013,2932
52949,216,813,1051,3,0,11200,0,0,0,6735913,6735913,2932
52964,216,869,1051,3,0,11200,0,0,0,6737680,6737680,2932
52986,216,938,1051,3,0,11200,0,0,0,6739159,6739159,2932
53008,217,992,1051,3,0,11200,0,0,0,6741024,6741024,2932
53023,217,6,1051,2,0,11200,0,0,0,6743053,6743053,2932
53039,217,113,1051,2,0,11200,0,0,0,6745299,6745299,2932
53054,217,167,1051,2,0,11200,0,0,0,6747421,6747421,2932
53069,217,224,1051,2,0,11200,0,0,0,6749549,6749549,2932
53084,217,266,1051,2,0,11200,0,0,0,6751580,6751580,2932
53100,217,316,1051,2,0,11200,0,0,0,6753646,6753646,2932
53115,217,382,1051,2,0,11200,0,0,0,6755653,6755653,2932
53130,217,439,1051,2,0,11200,0,0,0,6757591,6757591,2932
53145,217,516,1051,2,0,11200,0,0,0,6759587,6759587,2932
53161,217,577,1051,2,0,11200,0,0,0,6761541,6761541,2932
53176,217,655,1051,2,0,11200,0,0,0,6763659,6763659,2932
53191,217,702,1051,2,0,11200,0,0,0,6765170,6765170,2932
53207,217,771,1051,2,0,11200,0,0,0,6767063,6767063,2932
53223,217,838,1051,2,0,11200,0,0,0,6768914,6768914,2932
53238,217,928,1051,2,0,11200,0,0,0,6771016,6771016,2932
53253,217,962,1051,2,0,11200,0,0,0,6772303,6772303,2932
53270,218,1027,1051,2,0,11200,0,0,0,6774089,6774089,2932
53285,218,32,1051,2,0,11200,0,0,0,6776340,6776340,2932
53301,218,142,1051,2,0,11200,0,0,0,6778621,6778621,2932
53316,218,194,1051,2,0,11200,0,0,0,6780705,6780705,2932
53332,218,258,1051,2,0,11200,0,0,0,6782825,6782825,2932
53347,218,311,1051,2,0,11200,0,0,0,6784790,6784790,2932
53362,218,367,1051,2,0,11200,0,0,0,6786907,6786907,2932
53377,218,424,1051,2,0,11200,0,0,0,6788977,6788977,2932
53393,218,478,1051,2,0,11200,0,0,0,6790841,6790841,2932
53408,218,548,1051,2,0,11200,0,0,0,6792974,6792974,2932
53424,218,612,1051,2,0,11200,0,0,0,6794876,6794876,2932
53440,218,695,1051,2,0,11200,0,0,0,6796978,6796978,2932
53455,218,747,1051,2,0,11200,0,0,0,6798818,6798818,2932
53470,218,817,1051,2,0,11200,0,0,0,6800228,6800228,2932
53485,218,884,1051,2,0,11200,0,0,0,6802306,6802306,2932
53505,218,938,1051,2,0,11200,0,0,0,6803758,6803758,2932
53523,219,992,1051,2,0,11200,0,0,0,6805559,6805559,2932
53539,219,11,1051,2,0,11200,0,0,0,6807700,6807700,2932
53554,219,122,1051,2,0,11200,0,0,0,6810082,6810082,2932
53569,219,169,1051,2,0,11200,0,0,0,6812346,6812346,2932
53585,219,219,1051,2,0,11200,0,0,0,6814816,6814816,2932
53600,219,257,1051,2,0,11200,0,0,0,6816908,6816908,2932
53615,219,309,1051,2,0,11200,0,0,0,6818956,6818956,2932
53631,219,359,1051,2,0,11200,0,0,0,6820856,6820856,2932
53646,219,440,1051,2,0,11200,0,0,0,6822875,6822875,2932
53661,219,496,1051,2,0,11200,0,0,0,6824734,6824734,2932
53676,219,566,1051,2,0,11200,0,0,0,6826802,6826802,2932
53692,219,624,1051,2,0,11200,0,0,0,6828571,6828571,2932
53707,219,690,1051,2,0,11200,0,0,0,6830516,6830516,2932
53722,219,735,1051,2,0,11200,0,0,0,6832439,6832439,2932
53740,219,788,1051,2,0,11200,0,0,0,6833696,6833696,2932
53756,219,844,1051,2,0,11200,0,0,0,6835732,6835732,2932
53771,219,924,1051,2,0,11200,0,0,0,6837564,6837564,2932
53792,219,938,1051,2,0,11200,0,0,0,6837979,6837979,2932
53808,220,995,1051,2,0,11200,0,0,0,6839814,6839814,2932
53823,220,1045,1051,2,0,11200,0,0,0,6841556,6841556,2932
53838,220,103,1051,2,0,11200,0,0,0,6843900,6843900,2932
53854,220,144,1051,2,0,11200,0,0,0,6846025,6846025,2932
53869,220,192,1051,2,0,11200,0,0,0,6848121,6848121,2932
53884,220,247,1051,2,0,11200,0,0,0,6850371,6850371,2932
53899,220,294,1051,2,0,11200,0,0,0,6852311,6852311,2932
53914,220,342,1051,2,0,11200,0,0,0,6854035,6854035,2932
53930,220,402,1051,2,0,11200,0,0,0,6856105,6856105,2932
53945,220,464,1051,2,0,11200,0,0,0,6858052,6858052,2932
53960,220,534,1051,2,0,11200,0,0,0,6860058,6860058,2932
53975,220,604,1051,2,0,11200,0,0,0,6861844,6861844,2932
53991,220,685,1051,2,0,11200,0,0,0,6863975,6863975,2932
54006,220,732,1051,2,0,11200,0,0,0,6865640,6865640,2932
54022,220,789,1051,2,0,11200,0,0,0,6867067,6867067,2932
54037,220,853,1051,2,0,11200,0,0,0,6869053,6869053,2932
54066,220,938,1051,2,0,11200,0,0,0,6870885,6870885,2932
54085,221,992,1051,2,0,11200,0,0,0,6872602,6872602,2932
54100,221,1,1051,2,0,11200,0,0,0,6874410,6874410,2932
54115,221,111,1051,2,0,11200,0,0,0,6876585,6876585,2932
54130,221,153,1051,2,0,11200,0,0,0,6878761,6878761,2932
54146,221,205,1051,2,0,11200,0,0,0,6880927,6880927,2932
54161,221,258,1051,2,0,11200,0,0,0,6883113,6883113,2932
54176,221,313,1051,2,0,11200,0,0,0,6884935,6884935,2932
54192,221,382,1051,2,0,11200,0,0,0,6887190,6887190,2932
54207,221,439,1051,2,0,11200,0,0,0,6889174,6889174,2932
54222,221,496,1051,2,0,11200,0,0,0,6891000,6891000,2932
54238,221,565,1051,2,0,11200,0,0,0,6893171,6893171,2932
54254,221,622,1051,2,0,11200,0,0,0,6895018,6895018,2932
54269,221,688,1051,2,0,11200,0,0,0,6897030,6897030,2932
54284,221,740,1051,2,0,11200,0,0,0,6898828,6898828,2932
54299,221,798,1051,2,0,11200,0,0,0,6900393,6900393,2932
54315,221,863,1051,2,0,11200,0,0,0,6902180,6902180,2932
54332,221,938,1051,2,0,11200,0,0,0,6903525,6903525,2932
54351,222,992,1051,2,0,11200,0,0,0,6905366,6905366,2932
54366,222,5,1052,2,0,11200,0,0,0,6907311,6907311,2934
54381,222,95,1052,2,0,11200,0,0,0,6909617,6909617,2934
54397,222,147,1052,2,0,11200,0,0,0,6911766,6911766,2934
54412,222,210,1052,2,0,11200,0,0,0,6914054,6914054,2934
54427,222,257,1052,2,0,11200,0,0,0,6916139,6916139,2934
54443,222,313,1052,2,0,11200,0,0,0,6918185,6918185,2934
54458,222,383,1052,2,0,11200,0,0,0,6920241,6920241,2934
54473,222,449,1052,2,0,11200,0,0,0,6922453,6922453,2934
54489,222,487,1052,2,0,11200,0,0,0,6924193,6924193,2934
54504,222,552,1052,2,0,11200,0,0,0,6926168,6926168,2934
54520,222,608,1052,2,0,11200,0,0,0,6928085,6928085,2934
54537,222,666,1052,2,0,11200,0,0,0,6929802,6929802,2934
54552,222,720,1052,2,0,11200,0,0,0,6931917,6931917,2934
54568,222,769,1052,2,0,11200,0,0,0,6933590,6933590,2934
54583,222,844,1052,2,0,11200,0,0,0,6935410,6935410,2934
54598,222,922,1052,2,0,11200,0,0,0,6937342,6937342,2934
54614,222,966,1053,3,0,11200,0,0,0,6938706,6938706,2934
54629,223,1013,1053,3,0,11200,0,0,0,6939934,6939934,2934
54644,223,21,1053,3,0,11200,0,0,0,6941957,6941957,2934
54660,223,129,1053,3,0,11200,0,0,0,6944327,6944327,2934
54675,223,181,1053,3,0,11200,0,0,0,6946383,6946383,2934
54690,223,233,1053,3,0,11200,0,0,0,6948708,6948708,2934
54705,223,278,1053,3,0,11200,0,0,0,6950588,6950588,2934
54720,223,332,1053,3,0,11200,0,0,0,6952567,6952567,2934
54735,223,392,1053,3,0,11200,0,0,0,6954663,6954663,2934
54751,223,464,1053,3,0,11200,0,0,0,6956929,6956929,2934
54767,223,514,1053,3,0,11200,0,0,0,6958835,6958835,2934
54782,223,583,1053,3,0,11200,0,0,0,6960834,6960834,2934
54797,223,641,1053,3,0,11200,0,0,0,6962623,6962623,2934
54814,223,688,1053,3,0,11200,0,0,0,6964195,6964195,2934
54830,223,734,1053,3,0,11200,0,0,0,6965977,6965977,2934
54845,223,791,1053,3,0,11200,0,0,0,6967691,6967691,2934
54860,223,854,1053,3,0,11200,0,0,0,6969518,6969518,2934
54875,223,922,1053,3,0,11200,0,0,0,6971345,6971345,2934
54894,223,938,1053,3,0,11200,0,0,0,6971894,6971894,2934
54912,224,992,1053,3,0,11200,0,0,0,6973552,6973552,2934
54928,224,1,1053,3,0,11200,0,0,0,6975343,6975343,2934
54943,224,107,1053,3,0,11200,0,0,0,6977699,6977699,2934
54958,224,168,1053,3,0,11200,0,0,0,6979906,6979906,2934
54973,224,212,1053,3,0,11200,0,0,0,6981884,6981884,2934
54989,224,253,1053,3,0,11200,0,0,0,6984066,6984066,2934
55004,224,297,1053,3,0,11200,0,0,0,6985980,6985980,2934
55019,224,348,1053,3,0,11200,0,0,0,6987884,6987884,2934
55034,224,410,1053,3,0,11200,0,0,0,6989823,6989823,2934
55050,224,466,1053,3,0,11200,0,0,0,6991847,6991847,2934
55065,224,537,1053,3,0,11200,0,0,0,6993926,6993926,2934
55080,224,610,1054,4,0,11200,0,0,0,6996038,6996038,2934
55096,224,665,1054,4,0,11200,0,0,0,6997979,6997979,2934
55112,224,713,1054,4,0,11200,0,0,0,6999823,6999823,2934
55127,224,767,1054,4,0,11200,0,0,0,7001522,7001522,2934
55142,224,811,1054,4,0,11200,0,0,0,7002818,7002818,2934
55158,224,885,1054,4,0,11200,0,0,0,7004695,7004695,2934
55176,224,938,1054,4,0,11200,0,0,0,7005941,7005941,2934
55197,225,992,1054,4,0,11200,0,0,0,7007750,7007750,2934
55212,225,16,1055,5,0,11200,0,0,0,7009968,7009968,2934
55227,225,131,1055,5,0,11200,0,0,0,7012250,7012250,2934
55243,225,181,1055,5,0,11200,0,0,0,7014461,7014461,2934
55259,225,246,1055,5,0,11200,0,0,0,7016912,7016912,2934
55274,225,294,1055,5,0,11200,0,0,0,7018809,7018809,2934
55289,225,345,1055,5,0,11200,0,0,0,7021007,7021007,2934
55305,225,414,1055,5,0,11200,0,0,0,7023048,7023048,2934
55320,225,472,1055,5,0,11200,0,0,0,7024964,7024964,2934
55336,225,528,1055,5,0,11200,0,0,0,7026872,7026872,2934
55351,225,588,1055,5,0,11200,0,0,0,7028582,7028582,2934
55366,225,666,1055,5,0,11200,0,0,0,7030582,7030582,2934
55382,225,722,1055,5,0,11200,0,0,0,7032383,7032383,2934
55398,225,769,1055,5,0,11200,0,0,0,7034003,7034003,2934
55413,225,829,1055,5,0,11200,0,0,0,7035872,7035872,2934
55428,225,914,1055,5,0,11200,0,0,0,7037877,7037877,2934
55444,226,982,1055,5,0,11200,0,0,0,7039664,7039664,2934
55459,226,1051,1055,5,0,11200,0,0,0,7041201,7041201,2934
55475,226,107,1055,5,0,11200,0,0,0,7043521,7043521,2934
55490,226,162,1055,5,0,11200,0,0,0,7045732,7045732,2934
55506,226,210,1055,5,0,11200,0,0,0,7047970,7047970,2934
55521,226,255,1055,5,0,11200,0,0,0,7050261,7050261,2934
55536,226,306,1055,5,0,11200,0,0,0,7052427,7052427,2934
55552,226,359,1055,5,0,11200,0,0,0,7054460,7054460,2934
55568,226,421,1055,5,0,11200,0,0,0,7056613,7056613,2934
55583,226,477,1055,5,0,11200,0,0,0,7058499,7058499,2934
55599,226,551,1055,5,0,11200,0,0,0,7060613,7060613,2934
55614,226,612,1055,5,0,11200,0,0,0,7062466,7062466,2934
55629,226,682,1055,5,0,11200,0,0,0,7064126,7064126,2934
55645,226,732,1055,5,0,11200,0,0,0,7066120,7066120,2934
55660,226,800,1055,5,0,11200,0,0,0,7067777,7067777,2934
55676,226,856,1055,5,0,11200,0,0,0,7069588,7069588,2934
55691,226,922,1055,5,0,11200,0,0,0,7071533,7071533,2934
55706,226,941,1055,5,0,11200,0,0,0,7072267,7072267,2934
55721,227,991,1055,5,0,11200,0,0,0,7074152,7074152,2934
55737,227,1045,1055,5,0,11200,0,0,0,7075463,7075463,2934
55752,227,78,1055,3,0,11200,0,0,0,7077765,7077765,2934
55767,227,147,1055,3,0,11200,0,0,0,7079821,7079821,2934
55782,227,185,1055,3,0,11200,0,0,0,7081689,7081689,2934
55798,227,237,1055,3,0,11200,0,0,0,7084107,7084107,2934
55813,227,278,1055,3,0,11200,0,0,0,7086151,7086151,2934
55828,227,340,1055,3,0,11200,0,0,0,7088292,7088292,2934
55844,227,392,1055,3,0,11200,0,0,0,7090352,7090352,2934
55859,227,463,1055,3,0,11200,0,0,0,7092462,7092462,2934
55874,227,526,1055,3,0,11200,0,0,0,7094475,7094475,2934
55889,227,590,1055,3,0,11200,0,0,0,7096133,7096133,2934
55907,227,654,1055,3,0,11200,0,0,0,7098014,7098014,2934
55922,227,719,1055,3,0,11200,0,0,0,7100093,7100093,2934
55938,227,782,1055,3,0,11200,0,0,0,7101818,7101818,2934
55953,227,834,1055,3,0,11200,0,0,0,7103672,7103672,2934
55968,227,899,1055,3,0,11200,0,0,0,7105408,7105408,2934
55987,227,938,1055,3,0,11200,0,0,0,7106384,7106384,2934
56002,228,995,1055,3,0,11200,0,0,0,7108213,7108213,2934
56017,228,15,1055,3,0,11200,0,0,0,7110278,7110278,2934
56033,228,125,1055,3,0,11200,0,0,0,7112592,7112592,2934
56048,228,169,1055,3,0,11200,0,0,0,7114454,7114454,2934
56063,228,220,1055,3,0,11200,0,0,0,7116885,7116885,2934
56078,228,259,1055,3,0,11200,0,0,0,7118961,7118961,2934
56093,228,307,1055,3,0,11200,0,0,0,7120876,7120876,2934
56109,228,372,1055,3,0,11200,0,0,0,7122932,7122932,2934
56124,228,434,1055,3,0,11200,0,0,0,7124980,7124980,2934
56139,228,503,1055,3,0,11200,0,0,0,7127058,7127058,2934
56154,228,577,1055,3,0,11200,0,0,0,7128994,7128994,2934
56170,228,640,1055,3,0,11200,0,0,0,7130947,7130947,2934
56185,228,706,1055,3,0,11200,0,0,0,7132855,7132855,2934
56200,228,766,1055,3,0,11200,0,0,0,7134793,7134793,2934
56216,228,834,1055,3,0,11200,0,0,0,7136603,7136603,2934
56231,228,922,1055,3,0,11200,0,0,0,7138546,7138546,2934
56247,229,987,1055,3,0,11200,0,0,0,7140688,7140688,2934
56262,229,1031,1055,3,0,11200,0,0,0,7141934,7141934,2934
56277,229,28,1055,3,0,11200,0,0,0,7144074,7144074,2934
56292,229,132,1055,3,0,11200,0,0,0,7146213,7146213,2934
56308,229,184,1055,3,0,11200,0,0,0,7148403,7148403,2934
56324,229,237,1055,3,0,11200,0,0,0,7150711,7150711,2934
56339,229,282,1055,3,0,11200,0,0,0,7152874,7152874,2934
56354,229,325,1055,3,0,11200,0,0,0,7154999,7154999,2934
56369,229,385,1055,3,0,11200,0,0,0,7156590,7156590,2934
56385,229,454,1055,3,0,11200,0,0,0,7158724,7158724,2934
56400,229,506,1055,3,0,11200,0,0,0,7160449,7160449,2934
56415,229,554,1055,3,0,11200,0,0,0,7162096,7162096,2934
56430,229,612,1055,3,0,11200,0,0,0,7164120,7164120,2934
56446,229,686,1055,3,0,11200,0,0,0,7165992,7165992,2934
56461,229,731,1055,3,0,11200,0,0,0,7167942,7167942,2934
56476,229,789,1055,3,0,11200,0,0,0,7169398,7169398,2934
56492,229,853,1055,3,0,11200,0,0,0,7171156,7171156,2934
56507,229,926,1055,3,0,11200,0,0,0,7173153,7173153,2934
56522,229,974,1055,3,0,11200,0,0,0,7174865,7174865,2934
56538,230,1045,1055,3,0,11200,0,0,0,7176770,7176770,2934
56553,230,118,1055,3,0,11200,0,0,0,7179093,7179093,2934
56568,230,168,1055,3,0,11200,0,0,0,7181241,7181241,2934
56583,230,222,1055,3,0,11200,0,0,0,7183560,7183560,2934
56598,230,268,1055,3,0,11200,0,0,0,7185723,7185723,2934
56614,230,310,1055,3,0,11200,0,0,0,7187669,7187669,2934
56629,230,374,1055,3,0,11200,0,0,0,7189829,7189829,2934
56644,230,439,1055,3,0,11200,0,0,0,7191890,7191890,2934
56659,230,498,1055,3,0,11200,0,0,0,7193862,7193862,2934
56675,230,565,1055,3,0,11200,0,0,0,7195928,7195928,2934
56690,230,641,1055,3,0,11200,0,0,0,7198140,7198140,2934
56706,230,695,1055,3,0,11200,0,0,0,7199712,7199712,2934
56721,230,733,1055,3,0,11200,0,0,0,7201377,7201377,2934
56737,230,817,1055,3,0,11200,0,0,0,7203271,7203271,2934
56753,230,885,1055,3,0,11200,0,0,0,7204956,7204956,2934
56769,230,962,1055,3,0,11200,0,0,0,7206910,7206910,2934
56784,231,1041,1055,3,0,11200,0,0,0,7209091,7209091,2934
56799,231,78,1055,3,0,11200,0,0,0,7211429,7211429,2934
56815,231,151,1055,3,0,11200,0,0,0,7213572,7213572,2934
56830,231,197,1055,3,0,11200,0,0,0,7215806,7215806,2934
56845,231,251,1055,3,0,11200,0,0,0,7217880,7217880,2934
56860,231,297,1055,3,0,11200,0,0,0,7219862,7219862,2934
56876,231,367,1055,3,0,11200,0,0,0,7222060,7222060,2934
56891,231,440,1055,3,0,11200,0,0,0,7224135,7224135,2934
56906,231,506,1055,3,0,11200,0,0,0,7226149,7226149,2934
56922,231,577,1055,3,0,11200,0,0,0,7227992,7227992,2934
56937,231,660,1055,3,0,11200,0,0,0,7229940,7229940,2934
56952,231,725,1055,3,0,11200,0,0,0,7231883,7231883,2934
56967,231,771,1055,3,0,11200,0,0,0,7233452,7233452,2934
56983,231,837,1055,3,0,11200,0,0,0,7235090,7235090,2934
56998,231,918,1055,3,0,11200,0,0,0,7237047,7237047,2934
57013,231,959,1055,3,0,11200,0,0,0,7238672,7238672,2934
57029,232,1032,1055,3,0,11200,0,0,0,7240787,7240787,2934
57044,232,15,1055,3,0,11200,0,0,0,7242183,7242183,2934
57059,232,127,1055,3,0,11200,0,0,0,7244386,7244386,2934
57075,232,184,1055,3,0,11200,0,0,0,7246699,7246699,2934
57090,232,235,1055,3,0,11200,0,0,0,7249092,7249092,2934
57106,232,269,1055,3,0,11200,0,0,0,7251175,7251175,2934
57121,232,323,1055,3,0,11200,0,0,0,7253310,7253310,2934
57136,232,380,1055,3,0,11200,0,0,0,7255234,7255234,2934
57152,232,439,1055,3,0,11200,0,0,0,7257362,7257362,2934
57167,232,487,1055,3,0,11200,0,0,0,7259275,7259275,2934
57182,232,557,1055,3,0,11200,0,0,0,7261187,7261187,2934
57197,232,613,1055,3,0,11200,0,0,0,7262958,7262958,2934
57213,232,689,1055,3,0,11200,0,0,0,7265040,7265040,2934
57228,232,733,1055,3,0,11200,0,0,0,7266943,7266943,2934
57244,232,789,1055,3,0,11200,0,0,0,7268398,7268398,2934
57259,232,862,1055,3,0,11200,0,0,0,7270286,7270286,2934
57274,232,922,1055,3,0,11200,0,0,0,7271492,7271492,2934
57289,232,942,1055,3,0,11200,0,0,0,7272137,7272137,2934
57310,233,992,1056,4,0,11200,0,0,0,7273912,7273912,2934
57326,233,14,1056,4,0,11200,0,0,0,7276198,7276198,2934
57341,233,111,1056,4,0,11200,0,0,0,7278453,7278453,2934
57357,233,177,1056,4,0,11200,0,0,0,7280768,7280768,2934
57372,233,219,1056,4,0,11200,0,0,0,7283082,7283082,2934
57387,233,268,1056,4,0,11200,0,0,0,7285185,7285185,2934
57402,233,318,1056,4,0,11200,0,0,0,7287120,7287120,2934
57418,233,398,1056,4,0,11200,0,0,0,7289521,7289521,2934
57433,233,464,1056,4,0,11200,0,0,0,7291690,7291690,2934
57448,233,523,1056,4,0,11200,0,0,0,7293663,7293663,2934
57464,233,590,1056,4,0,11200,0,0,0,7295577,7295577,2934
57480,233,665,1056,4,0,11200,0,0,0,7297355,7297355,2934
57495,233,719,1056,4,0,11200,0,0,0,7299174,7299174,2934
57510,233,772,1056,4,0,11200,0,0,0,7300753,7300753,2934
57525,233,837,1056,4,0,11200,0,0,0,7302468,7302468,2934
57550,233,938,1057,5,0,11200,0,0,0,7304555,7304555,2935
57566,234,986,1057,5,0,11200,0,0,0,7306381,7306381,2935
57581,234,23,1057,4,0,11200,0,0,0,7308747,7308747,2935
57597,234,125,1057,4,0,11200,0,0,0,7311142,7311142,2935
57612,234,172,1057,4,0,11200,0,0,0,7313203,7313203,2935
57627,234,215,1057,4,0,11200,0,0,0,7315238,7315238,2935
57642,234,255,1057,4,0,11200,0,0,0,7317377,7317377,2935
57657,234,309,1057,4,0,11200,0,0,0,7319573,7319573,2935
57673,234,358,1057,4,0,11200,0,0,0,7321297,7321297,2935
57688,234,430,1057,4,0,11200,0,0,0,7323418,7323418,2935
57704,234,477,1057,4,0,11200,0,0,0,7325202,7325202,2935
57719,234,556,1057,4,0,11200,0,0,0,7327372,7327372,2935
57734,234,639,1057,4,0,11200,0,0,0,7329404,7329404,2935
57751,234,688,1057,4,0,11200,0,0,0,7330969,7330969,2935
57766,234,735,1057,4,0,11200,0,0,0,7332887,7332887,2935
57781,234,786,1057,4,0,11200,0,0,0,7334224,7334224,2935
57796,234,832,1057,4,0,11200,0,0,0,7335879,7335879,2935
57812,234,918,1057,4,0,11200,0,0,0,7337934,7337934,2935
57827,234,957,1057,4,0,11200,0,0,0,7339113,7339113,2935
57844,235,992,1057,4,0,11200,0,0,0,7340424,7340424,2935
57859,235,1,1057,4,0,11200,0,0,0,7342406,7342406,2935
57874,235,107,1057,4,0,11200,0,0,0,7344718,7344718,2935
57889,235,154,1057,4,0,11200,0,0,0,7346828,7346828,2935
57905,235,210,1057,4,0,11200,0,0,0,7348970,7348970,2935
57920,235,259,1057,4,0,11200,0,0,0,7351290,7351290,2935
57935,235,310,1057,4,0,11200,0,0,0,7353248,7353248,2935
57951,235,359,1057,4,0,11200,0,0,0,7354852,7354852,2935
57966,235,424,1057,4,0,11200,0,0,0,7356888,7356888,2935
57981,235,476,1057,4,0,11200,0,0,0,7358758,7358758,2935
57997,235,538,1057,4,0,11200,0,0,0,7360728,7360728,2935
58012,235,599,1057,4,0,11200,0,0,0,7362735,7362735,2935
58027,235,670,1057,4,0,11200,0,0,0,7364628,7364628,2935
58042,235,728,1057,4,0,11200,0,0,0,7366537,7366537,2935
58057,235,782,1057,4,0,11200,0,0,0,7367870,7367870,2935
58072,235,834,1057,4,0,11200,0,0,0,7369283,7369283,2935
58088,235,922,1057,4,0,11200,0,0,0,7371215,7371215,2935
58103,235,947,1057,4,0,11200,0,0,0,7371933,7371933,2935
58118,236,1005,1057,4,0,11200,0,0,0,7373648,7373648,2935
58133,236,12,1057,4,0,11200,0,0,0,7375653,7375653,2935
58149,236,131,1057,4,0,11200,0,0,0,7378016,7378016,2935
58164,236,185,1057,4,0,11200,0,0,0,7380198,7380198,2935
58179,236,247,1057,4,0,11200,0,0,0,7382791,7382791,2935
58195,236,290,1057,4,0,11200,0,0,0,7384753,7384753,2935
58210,236,342,1057,4,0,11200,0,0,0,7386719,7386719,2935
58225,236,399,1057,4,0,11200,0,0,0,7388675,7388675,2935
58241,236,477,1057,4,0,11200,0,0,0,7390730,7390730,2935
58256,236,543,1057,4,0,11200,0,0,0,7392596,7392596,2935
58272,236,605,1057,4,0,11200,0,0,0,7394639,7394639,2935
58287,236,666,1057,4,0,11200,0,0,0,7396393,7396393,2935
58303,236,726,1057,4,0,11200,0,0,0,7398341,7398341,2935
58318,236,791,1057,4,0,11200,0,0,0,7399903,7399903,2935
58334,236,863,1057,4,0,11200,0,0,0,7401925,7401925,2935
58357,236,938,1057,4,0,11200,0,0,0,7403399,7403399,2935
58378,237,992,1057,4,0,11200,0,0,0,7405125,7405125,2935
58393,237,10,1057,4,0,11200,0,0,0,7407022,7407022,2935
58409,237,123,1057,4,0,11200,0,0,0,7409125,7409125,2935
58424,237,169,1057,4,0,11200,0,0,0,7411232,7411232,2935
58439,237,219,1057,4,0,11200,0,0,0,7413700,7413700,2935
58455,237,272,1057,4,0,11200,0,0,0,7416000,7416000,2935
58472,237,331,1057,4,0,11200,0,0,0,7417948,7417948,2935
58487,237,387,1057,4,0,11200,0,0,0,7419835,7419835,2935
58502,237,466,1057,4,0,11200,0,0,0,7421893,7421893,2935
58517,237,523,1057,4,0,11200,0,0,0,7423834,7423834,2935
58533,237,582,1057,4,0,11200,0,0,0,7425731,7425731,2935
58548,237,661,1057,4,0,11200,0,0,0,7427813,7427813,2935
58564,237,722,1057,4,0,11200,0,0,0,7429603,7429603,2935
58579,237,778,1057,4,0,11200,0,0,0,7431176,7431176,2935
58595,237,842,1057,4,0,11200,0,0,0,7432889,7432889,2935
58611,237,933,1057,4,0,11200,0,0,0,7434929,7434929,2935
58626,237,974,1057,4,0,11200,0,0,0,7436442,7436442,2935
58642,238,1019,1057,4,0,11200,0,0,0,7437715,7437715,2935
58657,238,19,1057,4,0,11200,0,0,0,7439830,7439830,2935
58672,238,123,1057,4,0,11200,0,0,0,7442043,7442043,2935
58688,238,177,1057,4,0,11200,0,0,0,7444370,7444370,2935
58703,238,235,1057,4,0,11200,0,0,0,7446737,7446737,2935
58719,238,275,1057,4,0,11200,0,0,0,7448828,7448828,2935
58734,238,318,1057,4,0,11200,0,0,0,7450650,7450650,2935
58749,238,378,1057,4,0,11200,0,0,0,7452588,7452588,2935
58764,238,447,1057,4,0,11200,0,0,0,7454695,7454695,2935
58779,238,492,1057,4,0,11200,0,0,0,7456507,7456507,2935
58795,238,560,1057,4,0,11200,0,0,0,7458478,7458478,2935
58810,238,615,1057,4,0,11200,0,0,0,7460216,7460216,2935
58826,238,666,1057,4,0,11200,0,0,0,7461828,7461828,2935
58841,238,726,1057,4,0,11200,0,0,0,7463662,7463662,2935
58856,238,797,1058,5,0,11200,0,0,0,7465292,7465292,2937
58872,238,853,1058,5,0,11200,0,0,0,7467020,7467020,2937
58887,238,937,1058,5,0,11200,0,0,0,7468829,7468829,2937
58902,238,951,1058,5,0,11200,0,0,0,7469531,7469531,2937
58918,239,995,1058,5,0,11200,0,0,0,7470975,7470975,2937
58933,239,11,1058,4,0,11200,0,0,0,7472951,7472951,2937
58949,239,122,1058,4,0,11200,0,0,0,7475351,7475351,2937
58964,239,169,1058,4,0,11200,0,0,0,7477598,7477598,2937
58979,239,214,1058,4,0,11200,0,0,0,7479538,7479538,2937
58994,239,258,1058,4,0,11200,0,0,0,7481489,7481489,2937
59010,239,307,1058,4,0,11200,0,0,0,7483599,7483599,2937
59025,239,364,1058,4,0,11200,0,0,0,7485671,7485671,2937
59040,239,421,1058,4,0,11200,0,0,0,7487640,7487640,2937
59056,239,481,1058,4,0,11200,0,0,0,7489530,7489530,2937
59072,239,544,1058,4,0,11200,0,0,0,7491427,7491427,2937
59087,239,595,1058,4,0,11200,0,0,0,7493194,7493194,2937
59102,239,649,1058,4,0,11200,0,0,0,7495062,7495062,2937
59117,239,700,1058,4,0,11200,0,0,0,7496808,7496808,2937
59132,239,745,1058,4,0,11200,0,0,0,7498446,7498446,2937
59148,239,820,1058,4,0,11200,0,0,0,7500252,7500252,2937
59163,239,888,1059,5,0,11200,0,0,0,7501901,7501901,2937
59184,239,938,1059,5,0,11200,0,0,0,7503001,7503001,2937
59206,240,992,1059,5,0,11200,0,0,0,7504663,7504663,2937
59221,240,1058,1059,4,0,11200,0,0,0,7506672,7506672,2937
59236,240,122,1059,4,0,11200,0,0,0,7508981,7508981,2937
59252,240,162,1059,4,0,11200,0,0,0,7511230,7511230,2937
59267,240,221,1059,4,0,11200,0,0,0,7513707,7513707,2937
59282,240,267,1059,4,0,11200,0,0,0,7515891,7515891,2937
59297,240,324,1059,4,0,11200,0,0,0,7518156,7518156,2937
59313,240,384,1059,4,0,11200,0,0,0,7520292,7520292,2937
59329,240,458,1059,4,0,11200,0,0,0,7522422,7522422,2937
59344,240,503,1059,4,0,11200,0,0,0,7524170,7524170,2937
59359,240,579,1059,4,0,11200,0,0,0,7525980,7525980,2937
59374,240,630,1059,4,0,11200,0,0,0,7527551,7527551,2937
59389,240,696,1059,4,0,11200,0,0,0,7529438,7529438,2937
59404,240,734,1059,4,0,11200,0,0,0,7531092,7531092,2937
59420,240,807,1059,4,0,11200,0,0,0,7532843,7532843,2937
59435,240,861,1059,4,0,11200,0,0,0,7534749,7534749,2937
59460,240,938,1059,4,0,11200,0,0,0,7536282,7536282,2937
59479,241,992,1059,4,0,11200,0,0,0,7538141,7538141,2937
59494,241,10,1059,4,0,11200,0,0,0,7540221,7540221,2937
59510,241,125,1059,4,0,11200,0,0,0,7542641,7542641,2937
59525,241,177,1059,4,0,11200,0,0,0,7544786,7544786,2937
59541,241,241,1059,4,0,11200,0,0,0,7547286,7547286,2937
59556,241,290,1059,4,0,11200,0,0,0,7549470,7549470,2937
59571,241,344,1059,4,0,11200,0,0,0,7551337,7551337,2937
59587,241,418,1059,4,0,11200,0,0,0,7553436,7553436,2937
59602,241,477,1059,4,0,11200,0,0,0,7555263,7555263,2937
59617,241,551,1059,4,0,11200,0,0,0,7557100,7557100,2937
59632,241,600,1059,4,0,11200,0,0,0,7558828,7558828,2937
59648,241,665,1059,4,0,11200,0,0,0,7560494,7560494,2937
59663,241,713,1059,4,0,11200,0,0,0,7562237,7562237,2937
59678,241,782,1059,4,0,11200,0,0,0,7563934,7563934,2937
59694,241,853,1059,4,0,11200,0,0,0,7565863,7565863,2937
59726,241,938,1059,4,0,11200,0,0,0,7567786,7567786,2937
59742,242,985,1059,4,0,11200,0,0,0,7569475,7569475,2937
59758,242,1020,1059,4,0,11200,0,0,0,7570755,7570755,2937
59773,242,11,1059,4,0,11200,0,0,0,7572400,7572400,2937
59788,242,126,1059,4,0,11200,0,0,0,7574787,7574787,2937
59803,242,181,1059,4,0,11200,0,0,0,7577184,7577184,2937
59818,242,238,1059,4,0,11200,0,0,0,7579593,7579593,2937
59834,242,277,1059,4,0,11200,0,0,0,7581552,7581552,2937
59849,242,350,1059,4,0,11200,0,0,0,7583753,7583753,2937
59865,242,426,1059,4,0,11200,0,0,0,7585780,7585780,2937
59880,242,479,1059,4,0,11200,0,0,0,7587746,7587746,2937
59896,242,553,1059,4,0,11200,0,0,0,7589750,7589750,2937
59911,242,615,1059,4,0,11200,0,0,0,7591700,7591700,2937
59926,242,682,1059,4,0,11200,0,0,0,7593623,7593623,2937
59942,242,722,1059,4,0,11200,0,0,0,7595103,7595103,2937
59957,242,771,1059,4,0,11200,0,0,0,7596751,7596751,2937
59972,242,829,1059,4,0,11200,0,0,0,7598265,7598265,2937
59987,242,912,1059,4,0,11200,0,0,0,7600071,7600071,2937
60003,242,957,1059,4,0,11200,0,0,0,7601418,7601418,2937
60018,243,1021,1059,4,0,11200,0,0,0,7603036,7603036,2937
60033,243,18,1059,4,0,11200,0,0,0,7605118,7605118,2937
60048,243,134,1059,4,0,11200,0,0,0,7607419,7607419,2937
60063,243,194,1059,4,0,11200,0,0,0,7609837,7609837,2937
60079,243,249,1059,4,0,11200,0,0,0,7612342,7612342,2937
60094,243,297,1059,4,0,11200,0,0,0,7614404,7614404,2937
60109,243,349,1059,4,0,11200,0,0,0,7616478,7616478,2937
60125,243,418,1059,4,0,11200,0,0,0,7618574,7618574,2937
60140,243,481,1059,4,0,11200,0,0,0,7620395,7620395,2937
60155,243,560,1059,4,0,11200,0,0,0,7622299,7622299,2937
60170,243,624,1059,4,0,11200,0,0,0,7624140,7624140,2937
60188,243,688,1059,4,0,11200,0,0,0,7626129,7626129,2937
60203,243,756,1059,4,0,11200,0,0,0,7628103,7628103,2937
60218,243,837,1059,4,0,11200,0,0,0,7629884,7629884,2937
60233,243,899,1059,4,0,11200,0,0,0,7631748,7631748,2937
60249,243,944,1059,4,0,11200,0,0,0,7632932,7632932,2937
60264,244,992,1059,4,0,11200,0,0,0,7634454,7634454,2937
60279,244,6,1059,4,0,11200,0,0,0,7636676,7636676,2937
60295,244,113,1059,4,0,11200,0,0,0,7638956,7638956,2937
60310,244,166,1059,4,0,11200,0,0,0,7641189,7641189,2937
60326,244,222,1059,4,0,11200,0,0,0,7643585,7643585,2937
60341,244,270,1059,4,0,11200,0,0,0,7645694,7645694,2937
60356,244,313,1059,4,0,11200,0,0,0,7647668,7647668,2937
60371,244,385,1059,4,0,11200,0,0,0,7649869,7649869,2937
60387,244,457,1059,4,0,11200,0,0,0,7651903,7651903,2937
60402,244,514,1059,4,0,11200,0,0,0,7653698,7653698,2937
60417,244,583,1059,4,0,11200,0,0,0,7655662,7655662,2937
60433,244,654,1059,4,0,11200,0,0,0,7657432,7657432,2937
60448,244,704,1059,4,0,11200,0,0,0,7659040,7659040,2937
60463,244,757,1059,4,0,11200,0,0,0,7660881,7660881,2937
60481,244,829,1059,4,0,11200,0,0,0,7662741,7662741,2937
60497,244,924,1059,4,0,11200,0,0,0,7664631,7664631,2937
60512,244,951,1059,4,0,11200,0,0,0,7665414,7665414,2937
60532,245,992,1059,4,0,11200,0,0,0,7666709,7666709,2937
60547,245,1045,1059,4,0,11200,0,0,0,7668508,7668508,2937
60562,245,48,1059,4,0,11200,0,0,0,7670652,7670652,2937
60577,245,136,1059,4,0,11200,0,0,0,7672832,7672832,2937
60593,245,189,1059,4,0,11200,0,0,0,7675151,7675151,2937
60609,245,255,1059,4,0,11200,0,0,0,7677454,7677454,2937
60624,245,307,1059,4,0,11200,0,0,0,7679603,7679603,2937
60639,245,359,1059,4,0,11200,0,0,0,7681306,7681306,2937
60655,245,426,1059,4,0,11200,0,0,0,7683458,7683458,2937
60670,245,494,1059,4,0,11200,0,0,0,7685359,7685359,2937
60686,245,560,1059,4,0,11200,0,0,0,7687371,7687371,2937
60701,245,622,1059,4,0,11200,0,0,0,7689288,7689288,2937
60716,245,690,1059,4,0,11200,0,0,0,7691200,7691200,2937
60732,245,744,1059,4,0,11200,0,0,0,7693008,7693008,2937
60747,245,820,1059,4,0,11200,0,0,0,7694861,7694861,2937
60763,245,886,1059,4,0,11200,0,0,0,7696765,7696765,2937
60778,245,949,1059,4,0,11200,0,0,0,7698063,7698063,2937
60793,246,1015,1059,4,0,11200,0,0,0,7699923,7699923,2937
60808,246,13,1059,4,0,11200,0,0,0,7701891,7701891,2937
60823,246,129,1059,4,0,11200,0,0,0,7704200,7704200,2937
60839,246,190,1059,4,0,11200,0,0,0,7706379,7706379,2937
60854,246,251,1059,4,0,11200,0,0,0,7708698,7708698,2937
60869,246,301,1059,4,0,11200,0,0,0,7710852,7710852,2937
60884,246,376,1059,4,0,11200,0,0,0,7712793,7712793,2937
60900,246,453,1059,4,0,11200,0,0,0,7714976,7714976,2937
60915,246,516,1059,4,0,11200,0,0,0,7716919,7716919,2937
60931,246,589,1059,4,0,11200,0,0,0,7718849,7718849,2937
60948,246,666,1059,4,0,11200,0,0,0,7720688,7720688,2937
60963,246,722,1059,4,0,11200,0,0,0,7722632,7722632,2937
60979,246,785,1059,4,0,11200,0,0,0,7724170,7724170,2937
60994,246,837,1059,4,0,11200,0,0,0,7725903,7725903,2937
61010,246,926,1059,4,0,11200,0,0,0,7727902,7727902,2937
61025,246,957,1059,4,0,11200,0,0,0,7728810,7728810,2937
61040,247,1015,1059,4,0,11200,0,0,0,7730567,7730567,2937
61055,247,1056,1059,4,0,11200,0,0,0,7731956,7731956,2937
61070,247,47,1059,4,0,11200,0,0,0,7734159,7734159,2937
61085,247,141,1059,4,0,11200,0,0,0,7736305,7736305,2937
61101,247,193,1059,4,0,11200,0,0,0,7738742,7738742,2937
61116,247,254,1059,4,0,11200,0,0,0,7741013,7741013,2937
61131,247,307,1059,4,0,11200,0,0,0,7742961,7742961,2937
61146,247,381,1059,4,0,11200,0,0,0,7745030,7745030,2937
61161,247,454,1059,4,0,11200,0,0,0,7747057,7747057,2937
61176,247,500,1059,4,0,11200,0,0,0,7748884,7748884,2937
61192,247,571,1059,4,0,11200,0,0,0,7751058,7751058,2937
61207,247,640,1059,4,0,11200,0,0,0,7752922,7752922,2937
61222,247,689,1059,4,0,11200,0,0,0,7754525,7754525,2937
61238,247,737,1059,4,0,11200,0,0,0,7756465,7756465,2937
61253,247,829,1059,4,0,11200,0,0,0,7758109,7758109,2937
61269,247,909,1059,4,0,11200,0,0,0,7759969,7759969,2937
61292,247,938,1059,4,0,11200,0,0,0,7760959,7760959,2937
61308,248,992,1059,4,0,11200,0,0,0,7762745,7762745,2937
61323,248,1056,1059,4,0,11200,0,0,0,7764335,7764335,2937
61338,248,103,1059,4,0,11200,0,0,0,7766614,7766614,2937
61353,248,159,1059,4,0,11200,0,0,0,7768725,7768725,2937
61369,248,214,1059,4,0,11200,0,0,0,7771128,7771128,2937
61384,248,258,1059,4,0,11200,0,0,0,7773196,7773196,2937
61400,248,305,1059,4,0,11200,0,0,0,7775235,7775235,2937
61415,248,349,1059,4,0,11200,0,0,0,7777048,7777048,2937
61430,248,406,1059,4,0,11200,0,0,0,7779106,7779106,2937
61445,248,472,1059,4,0,11200,0,0,0,7780915,7780915,2937
61460,248,545,1059,4,0,11200,0,0,0,7782792,7782792,2937
61476,248,612,1059,4,0,11200,0,0,0,7784771,7784771,2937
61491,248,675,1059,4,0,11200,0,0,0,7786687,7786687,2937
61507,248,719,1059,4,0,11200,0,0,0,7788454,7788454,2937
61522,248,785,1059,4,0,11200,0,0,0,7790110,7790110,2937
61537,248,842,1059,4,0,11200,0,0,0,7791912,7791912,2937
61552,248,931,1059,4,0,11200,0,0,0,7793921,7793921,2937
61568,248,938,1059,4,0,11200,0,0,0,7794281,7794281,2937
61585,249,992,1059,4,0,11200,0,0,0,7795750,7795750,2937
61601,249,12,1059,4,0,11200,0,0,0,7797823,7797823,2937
61616,249,125,1059,4,0,11200,0,0,0,7800201,7800201,2937
61631,249,190,1059,4,0,11200,0,0,0,7802576,7802576,2937
61646,249,244,1059,4,0,11200,0,0,0,7804908,7804908,2937
61661,249,294,1059,4,0,11200,0,0,0,7806956,7806956,2937
61676,249,358,1059,4,0,11200,0,0,0,7808944,7808944,2937
61691,249,424,1059,4,0,11200,0,0,0,7811027,7811027,2937
61707,249,475,1059,4,0,11200,0,0,0,7812875,7812875,2937
61722,249,544,1059,4,0,11200,0,0,0,7814892,7814892,2937
61737,249,599,1059,4,0,11200,0,0,0,7816822,7816822,2937
61753,249,682,1059,4,0,11200,0,0,0,7818899,7818899,2937
61768,249,732,1059,4,0,11200,0,0,0,7820624,7820624,2937
61783,249,791,1059,4,0,11200,0,0,0,7822021,7822021,2937
61799,249,849,1059,4,0,11200,0,0,0,7823643,7823643,2937
61815,249,888,1059,4,0,11200,0,0,0,7824772,7824772,2937
61830,249,955,1059,4,0,11200,0,0,0,7826287,7826287,2937
61846,250,992,1059,4,0,11200,0,0,0,7827347,7827347,2937
61862,250,1058,1059,4,0,11200,0,0,0,7829315,7829315,2937
61877,250,120,1059,4,0,11200,0,0,0,7831770,7831770,2937
61892,250,172,1059,4,0,11200,0,0,0,7834126,7834126,2937
61907,250,217,1059,4,0,11200,0,0,0,7836251,7836251,2937
61922,250,267,1059,4,0,11200,0,0,0,7838499,7838499,2937
61938,250,319,1059,4,0,11200,0,0,0,7840564,7840564,2937
61953,250,388,1059,4,0,11200,0,0,0,7842747,7842747,2937
61968,250,464,1059,4,0,11200,0,0,0,7844666,7844666,2937
61983,250,510,1059,4,0,11200,0,0,0,7846459,7846459,2937
61998,250,576,1059,4,0,11200,0,0,0,7848419,7848419,2937
62014,250,641,1059,4,0,11200,0,0,0,7850285,7850285,2937
62029,250,704,1059,4,0,11200,0,0,0,7851993,7851993,2937
62044,250,753,1059,4,0,11200,0,0,0,7853798,7853798,2937
62060,250,820,1059,4,0,11200,0,0,0,7855558,7855558,2937
62075,250,888,1059,4,0,11200,0,0,0,7857476,7857476,2937
62090,250,951,1059,4,0,11200,0,0,0,7859106,7859106,2937
62106,251,993,1059,4,0,11200,0,0,0,7860515,7860515,2937
62121,251,1057,1059,4,0,11200,0,0,0,7862406,7862406,2937
62136,251,104,1059,4,0,11200,0,0,0,7864685,7864685,2937
62152,251,153,1059,4,0,11200,0,0,0,7866851,7866851,2937
62168,251,210,1059,4,0,11200,0,0,0,7869096,7869096,2937
62183,251,262,1059,4,0,11200,0,0,0,7871380,7871380,2937
62199,251,317,1059,4,0,11200,0,0,0,7873477,7873477,2937
62214,251,386,1059,4,0,11200,0,0,0,7875567,7875567,2937
62230,251,453,1059,4,0,11200,0,0,0,7877647,7877647,2937
62245,251,498,1059,4,0,11200,0,0,0,7879417,7879417,2937
62260,251,556,1059,4,0,11200,0,0,0,7881377,7881377,2937
62275,251,615,1059,4,0,11200,0,0,0,7883382,7883382,2937
62291,251,679,1059,4,0,11200,0,0,0,7885241,7885241,2937
62306,251,728,1059,4,0,11200,0,0,0,7887083,7887083,2937
62321,251,790,1059,4,0,11200,0,0,0,7888564,7888564,2937
62337,251,858,1059,4,0,11200,0,0,0,7890381,7890381,2937
62356,251,938,1059,4,0,11200,0,0,0,7892200,7892200,2937
62382,252,992,1059,4,0,11200,0,0,0,7894261,7894261,2937
62398,252,9,1059,3,0,11200,0,0,0,7896245,7896245,2937
62413,252,111,1059,3,0,11200,0,0,0,7898287,7898287,2937
62428,252,171,1059,3,0,11200,0,0,0,7900445,7900445,2937
62443,252,218,1059,3,0,11200,0,0,0,7902689,7902689,2937
62458,252,257,1059,3,0,11200,0,0,0,7904860,7904860,2937
62473,252,307,1059,3,0,11200,0,0,0,7906808,7906808,2937
62489,252,381,1059,3,0,11200,0,0,0,7908996,7908996,2937
62504,252,439,1059,3,0,11200,0,0,0,7910800,7910800,2937
62519,252,488,1059,3,0,11200,0,0,0,7912588,7912588,2937
62534,252,540,1059,3,0,11200,0,0,0,7914284,7914284,2937
62549,252,608,1059,3,0,11200,0,0,0,7916346,7916346,2937
62564,252,679,1059,3,0,11200,0,0,0,7918190,7918190,2937
62579,252,726,1059,3,0,11200,0,0,0,7920040,7920040,2937
62595,252,798,1059,3,0,11200,0,0,0,7921719,7921719,2937
62610,252,864,1059,3,0,11200,0,0,0,7923792,7923792,2937
62630,252,938,1059,3,0,11200,0,0,0,7925270,7925270,2937
62645,253,1001,1059,3,0,11200,0,0,0,7926976,7926976,2937
62661,253,19,1059,3,0,11200,0,0,0,7929263,7929263,2937
62676,253,133,1059,3,0,11200,0,0,0,7931618,7931618,2937
62692,253,185,1059,3,0,11200,0,0,0,7933947,7933947,2937
62707,253,240,1059,3,0,11200,0,0,0,7936431,7936431,2937
62723,253,282,1059,3,0,11200,0,0,0,7938528,7938528,2937
62739,253,334,1059,3,0,11200,0,0,0,7940451,7940451,2937
62754,253,414,1059,3,0,11200,0,0,0,7942441,7942441,2937
62769,253,475,1059,3,0,11200,0,0,0,7944384,7944384,2937
62785,253,559,1059,3,0,11200,0,0,0,7946506,7946506,2937
62800,253,640,1059,3,0,11200,0,0,0,7948542,7948542,2937
62816,253,708,1059,3,0,11200,0,0,0,7950626,7950626,2937
62832,253,756,1059,3,0,11200,0,0,0,7952261,7952261,2937
62847,253,819,1059,3,0,11200,0,0,0,7953929,7953929,2937
62863,253,896,1059,3,0,11200,0,0,0,7955719,7955719,2937
62878,253,941,1059,3,0,11200,0,0,0,7956794,7956794,2937
62899,254,992,1059,3,0,11200,0,0,0,7958507,7958507,2937
62914,254,1051,1059,3,0,11200,0,0,0,7960238,7960238,2937
62929,254,104,1059,3,0,11200,0,0,0,7962352,7962352,2937
62945,254,166,1059,3,0,11200,0,0,0,7964752,7964752,2937
62960,254,219,1059,3,0,11200,0,0,0,7966779,7966779,2937
62975,254,261,1059,3,0,11200,0,0,0,7968898,7968898,2937
62990,254,334,1059,3,0,11200,0,0,0,7971069,7971069,2937
63006,254,399,1059,3,0,11200,0,0,0,7973143,7973143,2937
63021,254,464,1059,3,0,11200,0,0,0,7974855,7974855,2937
63036,254,514,1059,3,0,11200,0,0,0,7976837,7976837,2937
63051,254,592,1059,3,0,11200,0,0,0,7978895,7978895,2937
63067,254,654,1059,3,0,11200,0,0,0,7980759,7980759,2937
63082,254,716,1059,3,0,11200,0,0,0,7982745,7982745,2937
63097,254,768,1059,3,0,11200,0,0,0,7984403,7984403,2937
63113,254,837,1059,3,0,11200,0,0,0,7986044,7986044,2937
63128,254,913,1059,3,0,11200,0,0,0,7987945,7987945,2937
63144,254,938,1059,3,0,11200,0,0,0,7988795,7988795,2937
63160,255,992,1059,3,0,11200,0,0,0,7990343,7990343,2937
63175,255,1056,1059,3,0,11200,0,0,0,7992252,7992252,2937
63190,255,111,1059,3,0,11200,0,0,0,7994709,7994709,2937
63205,255,158,1059,3,0,11200,0,0,0,7996850,7996850,2937
63221,255,215,1059,3,0,11200,0,0,0,7999256,7999256,2937
63236,255,261,1059,3,0,11200,0,0,0,8001505,8001505,2937
63251,255,309,1059,3,0,11200,0,0,0,8003532,8003532,2937
63267,255,376,1059,3,0,11200,0,0,0,8005922,8005922,2937
63282,255,438,1059,3,0,11200,0,0,0,8008013,8008013,2937
63298,255,492,1059,3,0,11200,0,0,0,8009955,8009955,2937
63313,255,559,1059,3,0,11200,0,0,0,8012215,8012215,2937
63328,255,626,1059,3,0,11200,0,0,0,8014241,8014241,2937
63343,255,689,1059,3,0,11200,0,0,0,8016088,8016088,2937
63359,255,740,1059,3,0,11200,0,0,0,8017921,8017921,2937
63375,255,816,1059,3,0,11200,0,0,0,8019588,8019588,2937
63390,255,884,1059,3,0,11200,0,0,0,8021429,8021429,2937
63408,255,938,1059,3,0,11200,0,0,0,8022811,8022811,2937
63423,256,1013,1059,3,0,11200,0,0,0,8024834,8024834,2937
63438,256,15,1059,3,0,11200,0,0,0,8026611,8026611,2937
63454,256,127,1059,3,0,11200,0,0,0,8028980,8028980,2937
63469,256,176,1059,3,0,11200,0,0,0,8031199,8031199,2937
63484,256,219,1059,3,0,11200,0,0,0,8033187,8033187,2937
63499,256,263,1059,3,0,11200,0,0,0,8035302,8035302,2937
63514,256,308,1059,3,0,11200,0,0,0,8037197,8037197,2937
63529,256,375,1059,3,0,11200,0,0,0,8039380,8039380,2937
63545,256,437,1059,3,0,11200,0,0,0,8041488,8041488,2937
63561,256,500,1059,3,0,11200,0,0,0,8043477,8043477,2937
63576,256,565,1059,3,0,11200,0,0,0,8045613,8045613,2937
63592,256,654,1059,3,0,11200,0,0,0,8047698,8047698,2937
63607,256,708,1059,3,0,11200,0,0,0,8049211,8049211,2937
63623,256,757,1059,3,0,11200,0,0,0,8050958,8050958,2937
63638,256,829,1059,3,0,11200,0,0,0,8052650,8052650,2937
63654,256,896,1059,3,0,11200,0,0,0,8054475,8054475,2937
63675,256,938,1059,3,0,11200,0,0,0,8055552,8055552,2937
63693,257,992,1059,3,0,11200,0,0,0,8057402,8057402,2937
63708,257,7,1059,3,0,11200,0,0,0,8059280,8059280,2937
63723,257,106,1059,3,0,11200,0,0,0,8061616,8061616,2937
63739,257,161,1059,3,0,11200,0,0,0,8063785,8063785,2937
63754,257,221,1059,3,0,11200,0,0,0,8066287,8066287,2937
63769,257,262,1059,3,0,11200,0,0,0,8068470,8068470,2937
63784,257,316,1059,3,0,11200,0,0,0,8070549,8070549,2937
63799,257,375,1059,3,0,11200,0,0,0,8072424,8072424,2937
63814,257,430,1059,3,0,11200,0,0,0,8074431,8074431,2937
63830,257,489,1059,3,0,11200,0,0,0,8076470,8076470,2937
63845,257,551,1059,3,0,11200,0,0,0,8078513,8078513,2937
63861,257,608,1059,3,0,11200,0,0,0,8080397,8080397,2937
63876,257,675,1060,4,0,11200,0,0,0,8082077,8082077,2937
63891,257,728,1060,4,0,11200,0,0,0,8084109,8084109,2937
63906,257,797,1060,4,0,11200,0,0,0,8085672,8085672,2937
63921,257,849,1060,4,0,11200,0,0,0,8087499,8087499,2937
63953,257,938,1060,4,0,11200,0,0,0,8089650,8089650,2937
63969,257,982,1060,4,0,11200,0,0,0,8091460,8091460,2937
63984,258,1021,1060,4,0,11200,0,0,0,8092646,8092646,2937
64000,258,18,1060,4,0,11200,0,0,0,8094534,8094534,2937
64015,258,125,1060,4,0,11200,0,0,0,8096843,8096843,2937
64031,258,180,1060,4,0,11200,0,0,0,8099052,8099052,2937
64046,258,236,1060,4,0,11200,0,0,0,8101328,8101328,2937
64061,258,283,1060,4,0,11200,0,0,0,8103395,8103395,2937
64076,258,340,1060,4,0,11200,0,0,0,8105413,8105413,2937
64092,258,402,1060,4,0,11200,0,0,0,8107659,8107659,2937
64107,258,462,1060,4,0,11200,0,0,0,8109612,8109612,2937
64123,258,537,1060,4,0,11200,0,0,0,8111503,8111503,2937
64138,258,589,1060,4,0,11200,0,0,0,8113234,8113234,2937
64153,258,649,1060,4,0,11200,0,0,0,8115053,8115053,2937
64168,258,686,1060,4,0,11200,0,0,0,8116304,8116304,2937
64184,258,734,1060,4,0,11200,0,0,0,8118168,8118168,2937
64199,258,790,1060,4,0,11200,0,0,0,8119816,8119816,2937
64215,258,855,1060,4,0,11200,0,0,0,8121796,8121796,2937
64230,258,937,1060,4,0,11200,0,0,0,8123645,8123645,2937
64248,259,992,1060,4,0,11200,0,0,0,8125279,8125279,2937
64263,259,9,1060,4,0,11200,0,0,0,8127410,8127410,2937
64278,259,125,1060,4,0,11200,0,0,0,8129658,8129658,2937
64293,259,179,1060,4,0,11200,0,0,0,8132178,8132178,2937
64309,259,234,1060,4,0,11200,0,0,0,8134639,8134639,2937
64325,259,283,1060,4,0,11200,0,0,0,8136841,8136841,2937
64342,259,334,1060,4,0,11200,0,0,0,8139083,8139083,2937
64358,259,414,1060,4,0,11200,0,0,0,8141205,8141205,2937
64373,259,473,1060,4,0,11200,0,0,0,8143127,8143127,2937
64389,259,537,1060,4,0,11200,0,0,0,8145078,8145078,2937
64404,259,605,1061,5,0,11200,0,0,0,8146972,8146972,2937
64419,259,671,1061,5,0,11200,0,0,0,8148838,8148838,2937
64434,259,729,1061,5,0,11200,0,0,0,8150831,8150831,2937
64450,259,785,1061,5,0,11200,0,0,0,8152361,8152361,2937
64465,259,853,1061,5,0,11200,0,0,0,8154280,8154280,2937
64481,259,934,1061,5,0,11200,0,0,0,8156207,8156207,2937
64497,259,938,1061,5,0,11200,0,0,0,8156323,8156323,2937
64514,260,992,1061,5,0,11200,0,0,0,8158234,8158234,2937
64529,260,1050,1061,5,0,11200,0,0,0,8160099,8160099,2937
64545,260,80,1061,4,0,11200,0,0,0,8162442,8162442,2937
64560,260,143,1061,4,0,11200,0,0,0,8164577,8164577,2937
64575,260,197,1061,4,0,11200,0,0,0,8167065,8167065,2937
64590,260,254,1061,4,0,11200,0,0,0,8169196,8169196,2937
64605,260,305,1061,4,0,11200,0,0,0,8171252,8171252,2937
64620,260,349,1061,4,0,11200,0,0,0,8172771,8172771,2937
64635,260,410,1061,4,0,11200,0,0,0,8174747,8174747,2937
64651,260,472,1061,4,0,11200,0,0,0,8176734,8176734,2937
64666,260,538,1061,4,0,11200,0,0,0,8178825,8178825,2937
64681,260,599,1061,4,0,11200,0,0,0,8180743,8180743,2937
64696,260,675,1061,4,0,11200,0,0,0,8182798,8182798,2937
64712,260,719,1061,4,0,11200,0,0,0,8184283,8184283,2937
64727,260,769,1061,4,0,11200,0,0,0,8185748,8185748,2937
64742,260,837,1061,4,0,11200,0,0,0,8187343,8187343,2937
64757,260,931,1061,4,0,11200,0,0,0,8189510,8189510,2937
64772,260,959,1061,4,0,11200,0,0,0,8190647,8190647,2937
64787,261,998,1061,4,0,11200,0,0,0,8191912,8191912,2937
64802,261,9,1061,4,0,11200,0,0,0,8194031,8194031,2937
64817,261,123,1061,4,0,11200,0,0,0,8196436,8196436,2937
64833,261,177,1061,4,0,11200,0,0,0,8198703,8198703,2937
64848,261,242,1061,4,0,11200,0,0,0,8201093,8201093,2937
64864,261,282,1061,4,0,11200,0,0,0,8203148,8203148,2937
64880,261,341,1061,4,0,11200,0,0,0,8205093,8205093,2937
64895,261,420,1061,4,0,11200,0,0,0,8207148,8207148,2937
64910,261,472,1061,4,0,11200,0,0,0,8209094,8209094,2937
64926,261,541,1061,4,0,11200,0,0,0,8211080,8211080,2937
64941,261,597,1061,4,0,11200,0,0,0,8212970,8212970,2937
64957,261,666,1061,4,0,11200,0,0,0,8214783,8214783,2937
64972,261,726,1061,4,0,11200,0,0,0,8216702,8216702,2937
64987,261,790,1061,4,0,11200,0,0,0,8218204,8218204,2937
65002,261,847,1061,4,0,11200,0,0,0,8219732,8219732,2937
65018,261,937,1061,4,0,11200,0,0,0,8221917,8221917,2937
65034,262,992,1061,4,0,11200,0,0,0,8223407,8223407,2937
65049,262,5,1061,4,0,11200,0,0,0,8225386,8225386,2937
65065,262,111,1061,4,0,11200,0,0,0,8227772,8227772,2937
65080,262,166,1061,4,0,11200,0,0,0,8230129,8230129,2937
65095,262,215,1061,4,0,11200,0,0,0,8232534,8232534,2937
65110,262,259,1061,4,0,11200,0,0,0,8234827,8234827,2937
65125,262,308,1061,4,0,11200,0,0,0,8236726,8236726,2937
65141,262,372,1061,4,0,11200,0,0,0,8238819,8238819,2937
65156,262,426,1061,4,0,11200,0,0,0,8240925,8240925,2937
65171,262,482,1061,4,0,11200,0,0,0,8242848,8242848,2937
65186,262,554,1061,4,0,11200,0,0,0,8244993,8244993,2937
65201,262,609,1061,4,0,11200,0,0,0,8246754,8246754,2937
65217,262,686,1061,4,0,11200,0,0,0,8248707,8248707,2937
65232,262,735,1061,4,0,11200,0,0,0,8250445,8250445,2937
65247,262,792,1061,4,0,11200,0,0,0,8252006,8252006,2937
65262,262,847,1061,4,0,11200,0,0,0,8253848,8253848,2937
65277,262,933,1061,4,0,11200,0,0,0,8255793,8255793,2937
65293,262,950,1061,4,0,11200,0,0,0,8256787,8256787,2937
65309,263,1016,1061,4,0,11200,0,0,0,8258609,8258609,2937
65324,263,23,1061,3,0,11200,0,0,0,8260978,8260978,2937
65340,263,134,1061,3,0,11200,0,0,0,8263529,8263529,2937
65355,263,193,1061,3,0,11200,0,0,0,8265829,8265829,2937
65370,263,254,1061,3,0,11200,0,0,0,8268012,8268012,2937
65385,263,305,1061,3,0,11200,0,0,0,8270161,8270161,2937
65401,263,359,1061,3,0,11200,0,0,0,8272199,8272199,2937
65416,263,417,1061,3,0,11200,0,0,0,8274263,8274263,2937
65431,263,463,1061,3,0,11200,0,0,0,8276111,8276111,2937
65446,263,506,1061,3,0,11200,0,0,0,8277972,8277972,2937
65461,263,566,1061,3,0,11200,0,0,0,8279946,8279946,2937
65477,263,635,1061,3,0,11200,0,0,0,8281919,8281919,2937
65492,263,696,1061,3,0,11200,0,0,0,8283456,8283456,2937
65507,263,740,1061,3,0,11200,0,0,0,8285155,8285155,2937
65522,263,817,1061,3,0,11200,0,0,0,8287124,8287124,2937
65538,263,869,1061,3,0,11200,0,0,0,8289088,8289088,2937
65553,263,951,1061,3,0,11200,0,0,0,8291008,8291008,2937
65568,264,1013,1061,3,0,11200,0,0,0,8292408,8292408,2937
65583,264,19,1061,3,0,11200,0,0,0,8294452,8294452,2937
65599,264,127,1061,3,0,11200,0,0,0,8296716,8296716,2937
65614,264,185,1061,3,0,11200,0,0,0,8299029,8299029,2937
65629,264,236,1061,3,0,11200,0,0,0,8301308,8301308,2937
65644,264,280,1061,3,0,11200,0,0,0,8303328,8303328,2937
65660,264,318,1061,3,0,11200,0,0,0,8305369,8305369,2937
65675,264,383,1061,3,0,11200,0,0,0,8307402,8307402,2937
65690,264,457,1061,3,0,11200,0,0,0,8309372,8309372,2937
65705,264,510,1061,3,0,11200,0,0,0,8311257,8311257,2937
65721,264,583,1061,3,0,11200,0,0,0,8313192,8313192,2937
65736,264,639,1061,3,0,11200,0,0,0,8315036,8315036,2937
65751,264,700,1061,3,0,11200,0,0,0,8316730,8316730,2937
65766,264,753,1061,3,0,11200,0,0,0,8318450,8318450,2937
65781,264,811,1061,3,0,11200,0,0,0,8320238,8320238,2937
65797,264,855,1061,3,0,11200,0,0,0,8321946,8321946,2937
65812,264,950,1061,3,0,11200,0,0,0,8323921,8323921,2937
65828,265,1028,1061,3,0,11200,0,0,0,8325890,8325890,2937
65843,265,17,1061,3,0,11200,0,0,0,8327743,8327743,2937
65858,265,118,1061,3,0,11200,0,0,0,8329706,8329706,2937
65873,265,175,1061,3,0,11200,0,0,0,8332021,8332021,2937
65889,265,226,1061,3,0,11200,0,0,0,8334298,8334298,2937
65904,265,273,1061,3,0,11200,0,0,0,8336432,8336432,2937
65919,265,322,1061,3,0,11200,0,0,0,8338482,8338482,2937
65934,265,388,1061,3,0,11200,0,0,0,8340710,8340710,2937
65950,265,457,1061,3,0,11200,0,0,0,8342692,8342692,2937
65966,265,507,1061,3,0,11200,0,0,0,8344623,8344623,2937
65981,265,579,1061,3,0,11200,0,0,0,8346676,8346676,2937
65996,265,651,1061,3,0,11200,0,0,0,8348739,8348739,2937
66012,265,702,1061,3,0,11200,0,0,0,8350543,8350543,2937
66027,265,752,1061,3,0,11200,0,0,0,8352116,8352116,2937
66043,265,827,1061,3,0,11200,0,0,0,8353789,8353789,2937
66058,265,918,1061,3,0,11200,0,0,0,8355782,8355782,2937
66077,265,938,1061,3,0,11200,0,0,0,8356430,8356430,2937
66093,266,987,1061,3,0,11200,0,0,0,8358284,8358284,2937
66108,266,1056,1061,3,0,11200,0,0,0,8360009,8360009,2937
66123,266,95,1061,3,0,11200,0,0,0,8362419,8362419,2937
66139,266,166,1061,3,0,11200,0,0,0,8364893,8364893,2937
66154,266,217,1061,3,0,11200,0,0,0,8367208,8367208,2937
66169,266,256,1061,3,0,11200,0,0,0,8369437,8369437,2937
66185,266,309,1061,3,0,11200,0,0,0,8371443,8371443,2937
66200,266,383,1061,3,0,11200,0,0,0,8373743,8373743,2937
66215,266,440,1061,3,0,11200,0,0,0,8375786,8375786,2937
66231,266,498,1061,3,0,11200,0,0,0,8377655,8377655,2937
66246,266,574,1061,3,0,11200,0,0,0,8379820,8379820,2937
66261,266,635,1061,3,0,11200,0,0,0,8381777,8381777,2937
66277,266,681,1061,3,0,11200,0,0,0,8383317,8383317,2937
66294,266,726,1061,3,0,11200,0,0,0,8384930,8384930,2937
66309,266,791,1061,3,0,11200,0,0,0,8386563,8386563,2937
66324,266,849,1061,3,0,11200,0,0,0,8388446,8388446,2937
66351,266,938,1061,3,0,11200,0,0,0,8390240,8390240,2937
66366,267,998,1061,3,0,11200,0,0,0,8391997,8391997,2937
66381,267,9,1062,1,0,11200,0,0,0,8394068,8394068,2937
66397,267,111,1062,1,0,11200,0,0,0,8396403,8396403,2937
66412,267,169,1062,1,0,11200,0,0,0,8398711,8398711,2937
66428,267,220,1062,1,0,11200,0,0,0,8400966,8400966,2937
66443,267,261,1062,1,0,11200,0,0,0,8403157,8403157,2937
66458,267,310,1062,1,0,11200,0,0,0,8405235,8405235,2937
66473,267,382,1062,1,0,11200,0,0,0,8407388,8407388,2937
66489,267,452,1062,1,0,11200,0,0,0,8409521,8409521,2937
66504,267,512,1062,1,0,11200,0,0,0,8411367,8411367,2937
66519,267,565,1062,1,0,11200,0,0,0,8413027,8413027,2937
66535,267,649,1062,1,0,11200,0,0,0,8415007,8415007,2937
66550,267,702,1062,1,0,11200,0,0,0,8416507,8416507,2937
66566,267,753,1062,1,0,11200,0,0,0,8418280,8418280,2937
66581,267,832,1062,1,0,11200,0,0,0,8420277,8420277,2937
66597,267,894,1062,1,0,11200,0,0,0,8422438,8422438,2937
66613,267,938,1062,1,0,11200,0,0,0,8423382,8423382,2937
66628,268,1001,1062,1,0,11200,0,0,0,8425315,8425315,2937
66643,268,6,1062,1,0,11200,0,0,0,8427324,8427324,2937
66659,268,122,1062,1,0,11200,0,0,0,8429768,8429768,2937
66674,268,167,1062,1,0,11200,0,0,0,8432103,8432103,2937
66689,268,221,1062,1,0,11200,0,0,0,8434581,8434581,2937
66705,268,259,1062,1,0,11200,0,0,0,8436555,8436555,2937
66721,268,307,1062,1,0,11200,0,0,0,8438532,8438532,2937
66736,268,362,1062,1,0,11200,0,0,0,8440288,8440288,2937
66751,268,435,1062,1,0,11200,0,0,0,8442442,8442442,2937
66766,268,477,1062,1,0,11200,0,0,0,8444187,8444187,2937
66782,268,547,1062,1,0,11200,0,0,0,8446156,8446156,2937
66797,268,600,1062,1,0,11200,0,0,0,8448195,8448195,2937
66812,268,665,1062,1,0,11200,0,0,0,8450173,8450173,2937
66827,268,723,1062,1,0,11200,0,0,0,8452033,8452033,2937
66843,268,786,1062,1,0,11200,0,0,0,8453718,8453718,2937
66858,268,849,1062,1,0,11200,0,0,0,8455516,8455516,2937
66874,268,931,1062,1,0,11200,0,0,0,8457342,8457342,2937
66895,269,992,1062,1,0,11200,0,0,0,8459411,8459411,2937
66910,269,1058,1062,1,0,11200,0,0,0,8461223,8461223,2937
66925,269,106,1062,1,0,11200,0,0,0,8463610,8463610,2937
66940,269,168,1062,1,0,11200,0,0,0,8465853,8465853,2937
66955,269,228,1062,1,0,11200,0,0,0,8468396,8468396,2937
66971,269,270,1062,1,0,11200,0,0,0,8470473,8470473,2937
66986,269,324,1062,1,0,11200,0,0,0,8472638,8472638,2937
67001,269,385,1062,1,0,11200,0,0,0,8474749,8474749,2937
67016,269,458,1062,1,0,11200,0,0,0,8476772,8476772,2937
67032,269,502,1062,1,0,11200,0,0,0,8478593,8478593,2937
67048,269,577,1062,1,0,11200,0,0,0,8480703,8480703,2937
67063,269,635,1062,1,0,11200,0,0,0,8482619,8482619,2937
67078,269,702,1062,1,0,11200,0,0,0,8484684,8484684,2937
67094,269,756,1062,1,0,11200,0,0,0,8486526,8486526,2937
67109,269,827,1062,1,0,11200,0,0,0,8488228,8488228,2937
67124,269,894,1062,1,0,11200,0,0,0,8490097,8490097,2937
67139,269,963,1062,1,0,11200,0,0,0,8491909,8491909,2937
67154,270,1013,1063,2,0,11200,0,0,0,8493257,8493257,2937
67170,270,12,1063,2,0,11200,0,0,0,8495248,8495248,2937
67185,270,117,1063,2,0,11200,0,0,0,8497604,8497604,2937
67200,270,167,1063,2,0,11200,0,0,0,8499859,8499859,2937
67216,270,224,1063,2,0,11200,0,0,0,8502149,8502149,2937
67231,270,273,1063,2,0,11200,0,0,0,8504287,8504287,2937
67246,270,334,1063,2,0,11200,0,0,0,8506401,8506401,2937
67261,270,388,1063,2,0,11200,0,0,0,8508342,8508342,2937
67277,270,458,1063,2,0,11200,0,0,0,8510344,8510344,2937
67292,270,518,1063,2,0,11200,0,0,0,8512162,8512162,2937
67308,270,583,1063,2,0,11200,0,0,0,8514240,8514240,2937
67323,270,644,1063,2,0,11200,0,0,0,8516087,8516087,2937
67338,270,711,1063,2,0,11200,0,0,0,8518062,8518062,2937
67354,270,766,1063,2,0,11200,0,0,0,8519936,8519936,2937
67369,270,829,1063,2,0,11200,0,0,0,8521705,8521705,2937
67384,270,921,1063,2,0,11200,0,0,0,8523315,8523315,2937
67402,270,938,1063,2,0,11200,0,0,0,8524119,8524119,2937
67421,271,992,1063,2,0,11200,0,0,0,8526129,8526129,2937
67436,271,1060,1063,2,0,11200,0,0,0,8527735,8527735,2937
67451,271,95,1063,2,0,11200,0,0,0,8530128,8530128,2937
67467,271,161,1063,2,0,11200,0,0,0,8532419,8532419,2937
67482,271,215,1063,2,0,11200,0,0,0,8534542,8534542,2937
67497,271,266,1063,2,0,11200,0,0,0,8536869,8536869,2937
67512,271,314,1063,2,0,11200,0,0,0,8538779,8538779,2937
67527,271,374,1063,2,0,11200,0,0,0,8540544,8540544,2937
67543,271,439,1063,2,0,11200,0,0,0,8542608,8542608,2937
67558,271,500,1063,2,0,11200,0,0,0,8544419,8544419,2937
67573,271,577,1063,2,0,11200,0,0,0,8546427,8546427,2937
67588,271,654,1063,2,0,11200,0,0,0,8548434,8548434,2937
67604,271,716,1063,2,0,11200,0,0,0,8550279,8550279,2937
67619,271,769,1063,2,0,11200,0,0,0,8552119,8552119,2937
67635,271,829,1063,2,0,11200,0,0,0,8553779,8553779,2937
67654,271,887,1063,2,0,11200,0,0,0,8555266,8555266,2937
67669,271,949,1063,2,0,11200,0,0,0,8556627,8556627,2937
67684,272,1019,1063,2,0,11200,0,0,0,8558290,8558290,2937
67700,272,16,1063,2,0,11200,0,0,0,8560435,8560435,2937
67715,272,115,1063,2,0,11200,0,0,0,8562697,8562697,2937
67731,272,169,1063,2,0,11200,0,0,0,8565021,8565021,2937
67746,272,211,1063,2,0,11200,0,0,0,8566712,8566712,2937
67761,272,254,1063,2,0,11200,0,0,0,8568726,8568726,2937
67776,272,299,1063,2,0,11200,0,0,0,8570663,8570663,2937
67792,272,349,1063,2,0,11200,0,0,0,8572648,8572648,2937
67807,272,418,1063,2,0,11200,0,0,0,8574631,8574631,2937
67822,272,473,1063,2,0,11200,0,0,0,8576515,8576515,2937
67838,272,537,1063,2,0,11200,0,0,0,8578598,8578598,2937
67853,272,595,1063,2,0,11200,0,0,0,8580416,8580416,2937
67869,272,632,1063,2,0,11200,0,0,0,8581728,8581728,2937
67885,272,697,1063,2,0,11200,0,0,0,8583484,8583484,2937
67900,272,760,1063,2,0,11200,0,0,0,8585209,8585209,2937
67916,272,822,1063,2,0,11200,0,0,0,8587033,8587033,2937
67931,272,871,1063,2,0,11200,0,0,0,8588782,8588782,2937
67954,272,938,1063,2,0,11200,0,0,0,8590358,8590358,2937
67970,273,992,1063,2,0,11200,0,0,0,8592079,8592079,2937
67985,273,1057,1063,2,0,11200,0,0,0,8593977,8593977,2937
68000,273,103,1063,2,0,11200,0,0,0,8596271,8596271,2937
68016,273,166,1063,2,0,11200,0,0,0,8598667,8598667,2937
68031,273,214,1063,2,0,11200,0,0,0,8600897,8600897,2937
68047,273,261,1063,2,0,11200,0,0,0,8603021,8603021,2937
68062,273,307,1063,2,0,11200,0,0,0,8605022,8605022,2937
68078,273,374,1063,2,0,11200,0,0,0,8607236,8607236,2937
68093,273,439,1063,2,0,11200,0,0,0,8609398,8609398,2937
68108,273,492,1063,2,0,11200,0,0,0,8611087,8611087,2937
68124,273,556,1063,2,0,11200,0,0,0,8613050,8613050,2937
68140,273,615,1063,2,0,11200,0,0,0,8614955,8614955,2937
68155,273,690,1063,2,0,11200,0,0,0,8616802,8616802,2937
68171,273,753,1063,2,0,11200,0,0,0,8618729,8618729,2937
68186,273,819,1063,2,0,11200,0,0,0,8620475,8620475,2937
68202,273,891,1063,2,0,11200,0,0,0,8622491,8622491,2937
68218,273,949,1063,2,0,11200,0,0,0,8623947,8623947,2937
68233,274,1001,1063,2,0,11200,0,0,0,8625623,8625623,2937
68248,274,1060,1063,2,0,11200,0,0,0,8627590,8627590,2937
68264,274,108,1063,2,0,11200,0,0,0,8630212,8630212,2937
68280,274,159,1063,2,0,11200,0,0,0,8632482,8632482,2937
68295,274,210,1063,2,0,11200,0,0,0,8634802,8634802,2937
68310,274,257,1063,2,0,11200,0,0,0,8637116,8637116,2937
68326,274,297,1063,2,0,11200,0,0,0,8638884,8638884,2937
68341,274,363,1063,2,0,11200,0,0,0,8641162,8641162,2937
68356,274,431,1063,2,0,11200,0,0,0,8643107,8643107,2937
68371,274,478,1063,2,0,11200,0,0,0,8644845,8644845,2937
68386,274,544,1063,2,0,11200,0,0,0,8646913,8646913,2937
68402,274,609,1063,2,0,11200,0,0,0,8649057,8649057,2937
68417,274,675,1063,2,0,11200,0,0,0,8650880,8650880,2937
68432,274,733,1063,2,0,11200,0,0,0,8652737,8652737,2937
68447,274,797,1063,2,0,11200,0,0,0,8654341,8654341,2937
68463,274,846,1063,2,0,11200,0,0,0,8655970,8655970,2937
68478,274,926,1063,2,0,11200,0,0,0,8657917,8657917,2937
68494,274,982,1063,2,0,11200,0,0,0,8659411,8659411,2937
68509,275,3,1063,1,0,11200,0,0,0,8661376,8661376,2937
68525,275,113,1063,1,0,11200,0,0,0,8663854,8663854,2937
68540,275,175,1063,1,0,11200,0,0,0,8666129,8666129,2937
68555,275,228,1063,1,0,11200,0,0,0,8668538,8668538,2937
68570,275,278,1063,1,0,11200,0,0,0,8670657,8670657,2937
68586,275,348,1063,1,0,11200,0,0,0,8672878,8672878,2937
68601,275,411,1063,1,0,11200,0,0,0,8675030,8675030,2937
68616,275,475,1063,1,0,11200,0,0,0,8676992,8676992,2937
68631,275,552,1063,1,0,11200,0,0,0,8679161,8679161,2937
68647,275,622,1063,1,0,11200,0,0,0,8681020,8681020,2937
68662,275,686,1063,1,0,11200,0,0,0,8682758,8682758,2937
68677,275,730,1063,1,0,11200,0,0,0,8684590,8684590,2937
68693,275,786,1063,1,0,11200,0,0,0,8686051,8686051,2937
68708,275,863,1063,1,0,11200,0,0,0,8687913,8687913,2937
68729,275,938,1063,1,0,11200,0,0,0,8689701,8689701,2937
68745,276,992,1063,1,0,11200,0,0,0,8691193,8691193,2937
68760,276,1063,1064,1,0,11200,0,0,0,8693420,8693420,2938
68776,276,124,1064,1,0,11200,0,0,0,8695819,8695819,2938
68792,276,184,1064,1,0,11200,0,0,0,8698142,8698142,2938
68807,276,243,1064,1,0,11200,0,0,0,8700408,8700408,2938
68822,276,295,1064,1,0,11200,0,0,0,8702543,8702543,2938
68837,276,367,1064,1,0,11200,0,0,0,8704686,8704686,2938
68852,276,430,1064,1,0,11200,0,0,0,8706643,8706643,2938
68868,276,496,1064,1,0,11200,0,0,0,8708710,8708710,2938
68883,276,560,1064,1,0,11200,0,0,0,8710733,8710733,2938
68898,276,635,1064,1,0,11200,0,0,0,8712791,8712791,2938
68914,276,706,1064,1,0,11200,0,0,0,8714700,8714700,2938
68929,276,752,1064,1,0,11200,0,0,0,8716347,8716347,2938
68944,276,811,1064,1,0,11200,0,0,0,8717949,8717949,2938
68959,276,869,1064,1,0,11200,0,0,0,8719768,8719768,2938
68975,276,938,1064,1,0,11200,0,0,0,8721191,8721191,2938
68991,276,982,1064,1,0,11200,0,0,0,8722935,8722935,2938
69006,277,1032,1064,1,0,11200,0,0,0,8724367,8724367,2938
69021,277,23,1064,1,0,11200,0,0,0,8726482,8726482,2938
69037,277,135,1064,1,0,11200,0,0,0,8728672,8728672,2938
69052,277,192,1064,1,0,11200,0,0,0,8730861,8730861,2938
69067,277,244,1064,1,0,11200,0,0,0,8733211,8733211,2938
69082,277,283,1064,1,0,11200,0,0,0,8735116,8735116,2938
69097,277,334,1064,1,0,11200,0,0,0,8737250,8737250,2938
69113,277,403,1064,1,0,11200,0,0,0,8739238,8739238,2938
69128,277,470,1064,1,0,11200,0,0,0,8741259,8741259,2938
69143,277,553,1064,1,0,11200,0,0,0,8743370,8743370,2938
69158,277,624,1064,1,0,11200,0,0,0,8745373,8745373,2938
69173,277,679,1064,1,0,11200,0,0,0,8746975,8746975,2938
69188,277,732,1064,1,0,11200,0,0,0,8748793,8748793,2938
69203,277,791,1064,1,0,11200,0,0,0,8750411,8750411,2938
69219,277,853,1064,1,0,11200,0,0,0,8752351,8752351,2938
69234,277,937,1064,1,0,11200,0,0,0,8754391,8754391,2938
69249,277,981,1064,1,0,11200,0,0,0,8755849,8755849,2938
69265,278,1026,1064,1,0,11200,0,0,0,8757360,8757360,2938
69280,278,13,1064,1,0,11200,0,0,0,8759249,8759249,2938
69296,278,127,1064,1,0,11200,0,0,0,8761491,8761491,2938
69311,278,179,1064,1,0,11200,0,0,0,8763801,8763801,2938
69326,278,234,1064,1,0,11200,0,0,0,8766136,8766136,2938
69342,278,279,1064,1,0,11200,0,0,0,8768196,8768196,2938
69357,278,316,1064,1,0,11200,0,0,0,8770141,8770141,2938
69372,278,382,1064,1,0,11200,0,0,0,8772150,8772150,2938
69388,278,447,1064,1,0,11200,0,0,0,8774166,8774166,2938
69403,278,516,1064,1,0,11200,0,0,0,8776097,8776097,2938
69418,278,591,1064,1,0,11200,0,0,0,8778176,8778176,2938
69435,278,665,1065,2,0,11200,0,0,0,8780079,8780079,2938
69450,278,718,1065,2,0,11200,0,0,0,8781769,8781769,2938
69465,278,785,1065,2,0,11200,0,0,0,8783298,8783298,2938
69480,278,853,1065,2,0,11200,0,0,0,8785131,8785131,2938
69495,278,937,1065,2,0,11200,0,0,0,8787213,8787213,2938
69511,278,964,1065,2,0,11200,0,0,0,8788324,8788324,2938
69527,279,992,1065,2,0,11200,0,0,0,8789180,8789180,2938
69543,279,1051,1065,2,0,11200,0,0,0,8790970,8790970,2938
69558,279,93,1065,1,0,11200,0,0,0,8793339,8793339,2938
69573,279,151,1065,1,0,11200,0,0,0,8795423,8795423,2938
69589,279,215,1065,1,0,11200,0,0,0,8797888,8797888,2938
69604,279,262,1065,1,0,11200,0,0,0,8799932,8799932,2938
69620,279,308,1065,1,0,11200,0,0,0,8801901,8801901,2938
69635,279,377,1065,1,0,11200,0,0,0,8804018,8804018,2938
69650,279,452,1065,1,0,11200,0,0,0,8806172,8806172,2938
69666,279,502,1065,1,0,11200,0,0,0,8808054,8808054,2938
69681,279,567,1065,1,0,11200,0,0,0,8810102,8810102,2938
69696,279,632,1065,1,0,11200,0,0,0,8812047,8812047,2938
69712,279,702,1065,1,0,11200,0,0,0,8814002,8814002,2938
69727,279,744,1065,1,0,11200,0,0,0,8815723,8815723,2938
69743,279,819,1065,1,0,11200,0,0,0,8817403,8817403,2938
69758,279,901,1065,1,0,11200,0,0,0,8819371,8819371,2938
69774,279,947,1065,1,0,11200,0,0,0,8820817,8820817,2938
69789,280,992,1065,1,0,11200,0,0,0,8822566,8822566,2938
69807,280,1057,1065,1,0,11200,0,0,0,8824392,8824392,2938
69822,280,48,1065,1,0,11200,0,0,0,8826517,8826517,2938
69837,280,141,1065,1,0,11200,0,0,0,8828556,8828556,2938
69852,280,190,1065,1,0,11200,0,0,0,8830847,8830847,2938
69868,280,253,1065,1,0,11200,0,0,0,8833196,8833196,2938
69883,280,284,1065,1,0,11200,0,0,0,8834928,8834928,2938
69901,280,334,1065,1,0,11200,0,0,0,8836908,8836908,2938
69916,280,391,1065,1,0,11200,0,0,0,8838915,8838915,2938
69932,280,466,1065,1,0,11200,0,0,0,8840984,8840984,2938
69947,280,540,1065,1,0,11200,0,0,0,8842954,8842954,2938
69962,280,595,1065,1,0,11200,0,0,0,8844833,8844833,2938
69977,280,649,1065,1,0,11200,0,0,0,8846693,8846693,2938
69993,280,712,1065,1,0,11200,0,0,0,8848679,8848679,2938
70009,280,753,1065,1,0,11200,0,0,0,8850423,8850423,2938
70025,280,819,1065,1,0,11200,0,0,0,8852363,8852363,2938
70040,280,888,1065,1,0,11200,0,0,0,8854168,8854168,2938
70056,280,949,1065,1,0,11200,0,0,0,8855847,8855847,2938
70071,281,992,1065,1,0,11200,0,0,0,8857037,8857037,2938
70086,281,1057,1065,1,0,11200,0,0,0,8858562,8858562,2938
70102,281,74,1066,2,0,11200,0,0,0,8860794,8860794,2938
70117,281,151,1066,2,0,11200,0,0,0,8863012,8863012,2938
70132,281,206,1066,2,0,11200,0,0,0,8865416,8865416,2938
70148,281,250,1066,2,0,11200,0,0,0,8867441,8867441,2938
70163,281,297,1066,2,0,11200,0,0,0,8869581,8869581,2938
70178,281,367,1066,2,0,11200,0,0,0,8871720,8871720,2938
70194,281,438,1066,2,0,11200,0,0,0,8873801,8873801,2938
70209,281,500,1066,2,0,11200,0,0,0,8875583,8875583,2938
70225,281,565,1066,2,0,11200,0,0,0,8877584,8877584,2938
70240,281,640,1066,2,0,11200,0,0,0,8879666,8879666,2938
70255,281,688,1066,2,0,11200,0,0,0,8881260,8881260,2938
70270,281,744,1066,2,0,11200,0,0,0,8882990,8882990,2938
70285,281,817,1066,2,0,11200,0,0,0,8884606,8884606,2938
70301,281,885,1066,2,0,11200,0,0,0,8886435,8886435,2938
70317,281,938,1066,2,0,11200,0,0,0,8887591,8887591,2938
70335,282,992,1066,2,0,11200,0,0,0,8889342,8889342,2938
70350,282,1063,1066,2,0,11200,0,0,0,8891110,8891110,2938
70366,282,108,1066,2,0,11200,0,0,0,8893760,8893760,2938
70381,282,166,1066,2,0,11200,0,0,0,8896051,8896051,2938
70396,282,214,1066,2,0,11200,0,0,0,8898500,8898500,2938
70412,282,261,1066,2,0,11200,0,0,0,8900673,8900673,2938
70427,282,306,1066,2,0,11200,0,0,0,8902716,8902716,2938
70443,282,362,1066,2,0,11200,0,0,0,8904653,8904653,2938
70458,282,424,1066,2,0,11200,0,0,0,8906644,8906644,2938
70473,282,478,1066,2,0,11200,0,0,0,8908525,8908525,2938
70489,282,533,1066,2,0,11200,0,0,0,8910273,8910273,2938
70504,282,592,1066,2,0,11200,0,0,0,8912097,8912097,2938
70522,282,666,1066,2,0,11200,0,0,0,8914014,8914014,2938
70537,282,723,1066,2,0,11200,0,0,0,8916096,8916096,2938
70552,282,789,1066,2,0,11200,0,0,0,8917677,8917677,2938
70567,282,869,1066,2,0,11200,0,0,0,8919687,8919687,2938
70603,282,938,1066,2,0,11200,0,0,0,8921069,8921069,2938
70618,283,1005,1066,2,0,11200,0,0,0,8922906,8922906,2938
70634,283,6,1066,2,0,11200,0,0,0,8924651,8924651,2938
70649,283,124,1066,2,0,11200,0,0,0,8927082,8927082,2938
70664,283,175,1066,2,0,11200,0,0,0,8929210,8929210,2938
70679,283,225,1066,2,0,11200,0,0,0,8931514,8931514,2938
70694,283,269,1066,2,0,11200,0,0,0,8933713,8933713,2938
70710,283,320,1066,2,0,11200,0,0,0,8935748,8935748,2938
70725,283,397,1066,2,0,11200,0,0,0,8937852,8937852,2938
70740,283,463,1066,2,0,11200,0,0,0,8939666,8939666,2938
70755,283,523,1066,2,0,11200,0,0,0,8941485,8941485,2938
70770,283,600,1066,2,0,11200,0,0,0,8943432,8943432,2938
70786,283,685,1066,2,0,11200,0,0,0,8945447,8945447,2938
70801,283,732,1066,2,0,11200,0,0,0,8947096,8947096,2938
70816,283,793,1066,2,0,11200,0,0,0,8948577,8948577,2938
70832,283,861,1066,2,0,11200,0,0,0,8950449,8950449,2938
70847,283,949,1066,2,0,11200,0,0,0,8952513,8952513,2938
70862,284,1023,1066,2,0,11200,0,0,0,8954486,8954486,2938
70878,284,9,1066,1,0,11200,0,0,0,8956497,8956497,2938
70893,284,118,1066,1,0,11200,0,0,0,8958789,8958789,2938
70908,284,166,1066,1,0,11200,0,0,0,8960968,8960968,2938
70924,284,215,1066,1,0,11200,0,0,0,8963132,8963132,2938
70939,284,259,1066,1,0,11200,0,0,0,8965178,8965178,2938
70954,284,320,1066,1,0,11200,0,0,0,8967376,8967376,2938
70969,284,405,1066,1,0,11200,0,0,0,8969619,8969619,2938
70985,284,464,1066,1,0,11200,0,0,0,8971528,8971528,2938
71001,284,520,1066,1,0,11200,0,0,0,8973542,8973542,2938
71016,284,591,1066,1,0,11200,0,0,0,8975569,8975569,2938
71033,284,665,1066,1,0,11200,0,0,0,8977571,8977571,2938
71048,284,718,1066,1,0,11200,0,0,0,8979478,8979478,2938
71063,284,760,1066,1,0,11200,0,0,0,8981199,8981199,2938
71079,284,838,1066,1,0,11200,0,0,0,8982734,8982734,2938
71094,284,922,1066,1,0,11200,0,0,0,8984781,8984781,2938
71109,284,967,1066,1,0,11200,0,0,0,8986326,8986326,2938
71124,285,1031,1066,1,0,11200,0,0,0,8988151,8988151,2938
71140,285,15,1067,2,0,11200,0,0,0,8990187,8990187,2938
71156,285,134,1067,2,0,11200,0,0,0,8992452,8992452,2938
71171,285,188,1067,2,0,11200,0,0,0,8994779,8994779,2938
71187,285,243,1067,2,0,11200,0,0,0,8997123,8997123,2938
71202,285,289,1067,2,0,11200,0,0,0,8999244,8999244,2938
71218,285,350,1067,2,0,11200,0,0,0,9001377,9001377,2938
71233,285,414,1067,2,0,11200,0,0,0,9003343,9003343,2938
71249,285,467,1067,2,0,11200,0,0,0,9005286,9005286,2938
71264,285,540,1067,2,0,11200,0,0,0,9007238,9007238,2938
71279,285,592,1067,2,0,11200,0,0,0,9009145,9009145,2938
71296,285,665,1067,2,0,11200,0,0,0,9011214,9011214,2938
71311,285,725,1067,2,0,11200,0,0,0,9013053,9013053,2938
71327,285,776,1067,2,0,11200,0,0,0,9014563,9014563,2938
71342,285,841,1067,2,0,11200,0,0,0,9016435,9016435,2938
71357,285,933,1067,2,0,11200,0,0,0,9018414,9018414,2938
71372,285,938,1067,2,0,11200,0,0,0,9018557,9018557,2938
71389,286,992,1067,2,0,11200,0,0,0,9020073,9020073,2938
71405,286,1,1068,3,0,11200,0,0,0,9022156,9022156,2938
71420,286,104,1068,3,0,11200,0,0,0,9024595,9024595,2938
71436,286,148,1068,3,0,11200,0,0,0,9026614,9026614,2938
71451,286,188,1068,3,0,11200,0,0,0,9028530,9028530,2938
71466,286,250,1068,3,0,11200,0,0,0,9030956,9030956,2938
71481,286,306,1068,3,0,11200,0,0,0,9032923,9032923,2938
71497,286,364,1068,3,0,11200,0,0,0,9034691,9034691,2938
71512,286,438,1068,3,0,11200,0,0,0,9036737,9036737,2938
71527,286,500,1068,3,0,11200,0,0,0,9038593,9038593,2938
71542,286,574,1068,3,0,11200,0,0,0,9040651,9040651,2938
71557,286,643,1068,3,0,11200,0,0,0,9042738,9042738,2938
71573,286,688,1068,3,0,11200,0,0,0,9044209,9044209,2938
71589,286,737,1068,3,0,11200,0,0,0,9046174,9046174,2938
71604,286,813,1068,3,0,11200,0,0,0,9047926,9047926,2938
71619,286,885,1068,3,0,11200,0,0,0,9049870,9049870,2938
71635,286,962,1068,3,0,11200,0,0,0,9051719,9051719,2938
71650,287,1023,1068,3,0,11200,0,0,0,9053361,9053361,2938
71665,287,1063,1068,3,0,11200,0,0,0,9054759,9054759,2938
71681,287,106,1068,2,0,11200,0,0,0,9057138,9057138,2938
71696,287,159,1068,2,0,11200,0,0,0,9059531,9059531,2938
71711,287,212,1068,2,0,11200,0,0,0,9061921,9061921,2938
71727,287,255,1068,2,0,11200,0,0,0,9063998,9063998,2938
71742,287,295,1068,2,0,11200,0,0,0,9065846,9065846,2938
71757,287,358,1068,2,0,11200,0,0,0,9067938,9067938,2938
71772,287,418,1068,2,0,11200,0,0,0,9070019,9070019,2938
71787,287,473,1068,2,0,11200,0,0,0,9071708,9071708,2938
71803,287,543,1068,2,0,11200,0,0,0,9073896,9073896,2938
71818,287,605,1068,2,0,11200,0,0,0,9075977,9075977,2938
71833,287,681,1068,2,0,11200,0,0,0,9077786,9077786,2938
71849,287,736,1068,2,0,11200,0,0,0,9079644,9079644,2938
71865,287,809,1068,2,0,11200,0,0,0,9081079,9081079,2938
71880,287,849,1068,2,0,11200,0,0,0,9082879,9082879,2938
71895,287,934,1068,2,0,11200,0,0,0,9084762,9084762,2938
71912,287,938,1068,2,0,11200,0,0,0,9084898,9084898,2938
71932,288,992,1068,2,0,11200,0,0,0,9086652,9086652,2938
71947,288,1057,1068,2,0,11200,0,0,0,9088121,9088121,2938
71963,288,101,1068,2,0,11200,0,0,0,9090513,9090513,2938
71978,288,171,1068,2,0,11200,0,0,0,9092756,9092756,2938
71993,288,228,1068,2,0,11200,0,0,0,9095244,9095244,2938
72008,288,278,1068,2,0,11200,0,0,0,9097518,9097518,2938
72024,288,334,1068,2,0,11200,0,0,0,9099637,9099637,2938
72039,288,413,1068,2,0,11200,0,0,0,9101690,9101690,2938
72054,288,472,1068,2,0,11200,0,0,0,9103587,9103587,2938
72069,288,516,1068,2,0,11200,0,0,0,9105435,9105435,2938
72084,288,582,1068,2,0,11200,0,0,0,9107448,9107448,2938
72099,288,649,1068,2,0,11200,0,0,0,9109343,9109343,2938
72115,288,700,1068,2,0,11200,0,0,0,9110975,9110975,2938
72130,288,756,1068,2,0,11200,0,0,0,9112785,9112785,2938
72145,288,834,1068,2,0,11200,0,0,0,9114586,9114586,2938
72161,288,916,1068,2,0,11200,0,0,0,9116565,9116565,2938
72179,288,938,1068,2,0,11200,0,0,0,9117219,9117219,2938
72194,289,995,1068,2,0,11200,0,0,0,9118980,9118980,2938
72209,289,11,1068,2,0,11200,0,0,0,9121108,9121108,2938
72225,289,118,1068,2,0,11200,0,0,0,9123357,9123357,2938
72240,289,169,1068,2,0,11200,0,0,0,9125611,9125611,2938
72255,289,219,1068,2,0,11200,0,0,0,9128000,9128000,2938
72270,289,263,1068,2,0,11200,0,0,0,9130149,9130149,2938
72286,289,309,1068,2,0,11200,0,0,0,9131924,9131924,2938
72301,289,378,1068,2,0,11200,0,0,0,9133796,9133796,2938
72316,289,447,1068,2,0,11200,0,0,0,9135884,9135884,2938
72331,289,487,1068,2,0,11200,0,0,0,9137546,9137546,2938
72346,289,554,1068,2,0,11200,0,0,0,9139440,9139440,2938
72361,289,610,1068,2,0,11200,0,0,0,9141300,9141300,2938
72376,289,688,1068,2,0,11200,0,0,0,9143262,9143262,2938
72391,289,733,1068,2,0,11200,0,0,0,9144983,9144983,2938
72408,289,789,1068,2,0,11200,0,0,0,9146411,9146411,2938
72423,289,854,1068,2,0,11200,0,0,0,9148253,9148253,2938
72450,289,938,1068,2,0,11200,0,0,0,9150152,9150152,2938
72465,290,1002,1068,2,0,11200,0,0,0,9151959,9151959,2938
72480,290,1064,1068,2,0,11200,0,0,0,9153606,9153606,2938
72496,290,111,1068,2,0,11200,0,0,0,9155915,9155915,2938
72511,290,166,1068,2,0,11200,0,0,0,9157985,9157985,2938
72526,290,222,1068,2,0,11200,0,0,0,9160383,9160383,2938
72542,290,265,1068,2,0,11200,0,0,0,9162587,9162587,2938
72559,290,307,1068,2,0,11200,0,0,0,9164657,9164657,2938
72574,290,382,1068,2,0,11200,0,0,0,9166841,9166841,2938
72589,290,457,1068,2,0,11200,0,0,0,9168838,9168838,2938
72604,290,507,1068,2,0,11200,0,0,0,9170641,9170641,2938
72620,290,590,1068,2,0,11200,0,0,0,9172567,9172567,2938
72635,290,643,1068,2,0,11200,0,0,0,9174449,9174449,2938
72650,290,712,1069,3,0,11200,0,0,0,9176315,9176315,2938
72666,290,767,1069,3,0,11200,0,0,0,9178083,9178083,2938
72681,290,830,1069,3,0,11200,0,0,0,9179707,9179707,2938
72696,290,885,1069,3,0,11200,0,0,0,9181380,9181380,2938
72720,290,938,1069,3,0,11200,0,0,0,9182501,9182501,2938
72737,290,982,1069,3,0,11200,0,0,0,9184361,9184361,2938
72753,291,1031,1069,3,0,11200,0,0,0,9185805,9185805,2938
72768,291,10,1069,2,0,11200,0,0,0,9187659,9187659,2938
72783,291,126,1069,2,0,11200,0,0,0,9190254,9190254,2938
72798,291,176,1069,2,0,11200,0,0,0,9192663,9192663,2938
72813,291,241,1069,2,0,11200,0,0,0,9195005,9195005,2938
72829,291,294,1069,2,0,11200,0,0,0,9197130,9197130,2938
72844,291,362,1069,2,0,11200,0,0,0,9199120,9199120,2938
72859,291,417,1069,2,0,11200,0,0,0,9201188,9201188,2938
72874,291,472,1069,2,0,11200,0,0,0,9202990,9202990,2938
72890,291,551,1069,2,0,11200,0,0,0,9205012,9205012,2938
72905,291,624,1069,2,0,11200,0,0,0,9206980,9206980,2938
72920,291,683,1069,2,0,11200,0,0,0,9208616,9208616,2938
72935,291,735,1069,2,0,11200,0,0,0,9210432,9210432,2938
72950,291,813,1069,2,0,11200,0,0,0,9212021,9212021,2938
72965,291,864,1069,2,0,11200,0,0,0,9213891,9213891,2938
72981,291,934,1069,2,0,11200,0,0,0,9215374,9215374,2938
72997,291,938,1069,2,0,11200,0,0,0,9215489,9215489,2938
73012,292,995,1069,2,0,11200,0,0,0,9217173,9217173,2938
73028,292,1068,1069,1,0,11200,0,0,0,9219322,9219322,2938
73043,292,120,1069,1,0,11200,0,0,0,9221721,9221721,2938
73058,292,171,1069,1,0,11200,0,0,0,9224086,9224086,2938
73074,292,215,1069,1,0,11200,0,0,0,9226139,9226139,2938
73089,292,259,1069,1,0,11200,0,0,0,9228245,9228245,2938
73104,292,313,1069,1,0,11200,0,0,0,9230189,9230189,2938
73119,292,391,1069,1,0,11200,0,0,0,9232245,9232245,2938
73135,292,464,1069,1,0,11200,0,0,0,9234156,9234156,2938
73151,292,514,1069,1,0,11200,0,0,0,9235977,9235977,2938
73166,292,583,1069,1,0,11200,0,0,0,9237870,9237870,2938
73181,292,660,1069,1,0,11200,0,0,0,9239736,9239736,2938
73196,292,726,1069,1,0,11200,0,0,0,9241739,9241739,2938
73212,292,789,1069,1,0,11200,0,0,0,9243330,9243330,2938
73227,292,847,1069,1,0,11200,0,0,0,9245286,9245286,2938
73242,292,926,1069,1,0,11200,0,0,0,9247316,9247316,2938
73258,292,955,1069,1,0,11200,0,0,0,9248459,9248459,2938
73273,293,1023,1069,1,0,11200,0,0,0,9249970,9249970,2938
73288,293,5,1069,1,0,11200,0,0,0,9251771,9251771,2938
73303,293,123,1069,1,0,11200,0,0,0,9254209,9254209,2938
73318,293,178,1069,1,0,11200,0,0,0,9256522,9256522,2938
73334,293,225,1069,1,0,11200,0,0,0,9258835,9258835,2938
73349,293,265,1069,1,0,11200,0,0,0,9261017,9261017,2938
73364,293,310,1069,1,0,11200,0,0,0,9262909,9262909,2938
73379,293,387,1069,1,0,11200,0,0,0,9265119,9265119,2938
73395,293,462,1069,1,0,11200,0,0,0,9266949,9266949,2938
73410,293,518,1069,1,0,11200,0,0,0,9268895,9268895,2938
73425,293,583,1069,1,0,11200,0,0,0,9270821,9270821,2938
73441,293,644,1069,1,0,11200,0,0,0,9272695,9272695,2938
73456,293,700,1069,1,0,11200,0,0,0,9274587,9274587,2938
73471,293,744,1069,1,0,11200,0,0,0,9276385,9276385,2938
73487,293,829,1069,1,0,11200,0,0,0,9278255,9278255,2938
73504,293,883,1069,1,0,11200,0,0,0,9279941,9279941,2938
73529,293,938,1069,1,0,11200,0,0,0,9281583,9281583,2938
73544,294,992,1070,2,0,11200,0,0,0,9282929,9282929,2938
73559,294,1060,1070,2,0,11200,0,0,0,9284831,9284831,2938
73575,294,103,1070,2,0,11200,0,0,0,9287214,9287214,2938
73590,294,144,1070,2,0,11200,0,0,0,9289440,9289440,2938
73606,294,193,1070,2,0,11200,0,0,0,9291537,9291537,2938
73621,294,246,1070,2,0,11200,0,0,0,9293828,9293828,2938
73636,294,289,1070,2,0,11200,0,0,0,9295700,9295700,2938
73651,294,344,1070,2,0,11200,0,0,0,9297974,9297974,2938
73668,294,393,1070,2,0,11200,0,0,0,9299937,9299937,2938
73683,294,467,1070,2,0,11200,0,0,0,9301849,9301849,2938
73698,294,522,1070,2,0,11200,0,0,0,9303637,9303637,2938
73713,294,598,1070,2,0,11200,0,0,0,9305662,9305662,2938
73728,294,655,1070,2,0,11200,0,0,0,9307526,9307526,2938
73743,294,712,1070,2,0,11200,0,0,0,9309289,9309289,2938
73759,294,760,1070,2,0,11200,0,0,0,9310768,9310768,2938
73774,294,819,1070,2,0,11200,0,0,0,9312379,9312379,2938
73789,294,890,1070,2,0,11200,0,0,0,9314278,9314278,2938
73810,294,938,1070,2,0,11200,0,0,0,9315482,9315482,2938
73828,295,992,1070,2,0,11200,0,0,0,9317368,9317368,2938
73843,295,1068,1070,2,0,11200,0,0,0,9319513,9319513,2938
73859,295,111,1070,2,0,11200,0,0,0,9321903,9321903,2938
73874,295,168,1070,2,0,11200,0,0,0,9324171,9324171,2938
73889,295,205,1070,2,0,11200,0,0,0,9326280,9326280,2938
73904,295,257,1070,2,0,11200,0,0,0,9328556,9328556,2938
73919,295,299,1070,2,0,11200,0,0,0,9330472,9330472,2938
73935,295,362,1070,2,0,11200,0,0,0,9332533,9332533,2938
73950,295,433,1070,2,0,11200,0,0,0,9334615,9334615,2938
73965,295,482,1070,2,0,11200,0,0,0,9336662,9336662,2938
73981,295,556,1070,2,0,11200,0,0,0,9338686,9338686,2938
73996,295,615,1070,2,0,11200,0,0,0,9340608,9340608,2938
74011,295,686,1070,2,0,11200,0,0,0,9342402,9342402,2938
74026,295,733,1070,2,0,11200,0,0,0,9344048,9344048,2938
74042,295,782,1071,3,0,11200,0,0,0,9345074,9345074,2938
74058,295,829,1071,3,0,11200,0,0,0,9346663,9346663,2938
74074,295,890,1071,3,0,11200,0,0,0,9348536,9348536,2938
74106,295,938,1071,3,0,11200,0,0,0,9349732,9349732,2938
74125,296,992,1071,3,0,11200,0,0,0,9351552,9351552,2938
74140,296,1064,1071,3,0,11200,0,0,0,9353598,9353598,2938
74155,296,107,1071,3,0,11200,0,0,0,9355798,9355798,2938
74170,296,169,1071,3,0,11200,0,0,0,9358074,9358074,2938
74186,296,230,1071,3,0,11200,0,0,0,9360397,9360397,2938
74201,296,281,1071,3,0,11200,0,0,0,9362495,9362495,2938
74216,296,324,1071,3,0,11200,0,0,0,9364444,9364444,2938
74231,296,364,1071,3,0,11200,0,0,0,9366192,9366192,2938
74247,296,430,1071,3,0,11200,0,0,0,9368252,9368252,2938
74262,296,478,1071,3,0,11200,0,0,0,9370018,9370018,2938
74277,296,544,1071,3,0,11200,0,0,0,9371936,9371936,2938
74292,296,605,1071,3,0,11200,0,0,0,9373756,9373756,2938
74308,296,682,1071,3,0,11200,0,0,0,9375772,9375772,2938
74323,296,728,1071,3,0,11200,0,0,0,9377417,9377417,2938
74338,296,797,1071,3,0,11200,0,0,0,9379235,9379235,2938
74354,296,862,1071,3,0,11200,0,0,0,9381181,9381181,2938
74369,296,938,1071,3,0,11200,0,0,0,9382838,9382838,2938
74387,297,992,1071,3,0,11200,0,0,0,9384637,9384637,2938
74402,297,1057,1071,3,0,11200,0,0,0,9386364,9386364,2938
74418,297,48,1071,3,0,11200,0,0,0,9388781,9388781,2938
74434,297,135,1071,3,0,11200,0,0,0,9391082,9391082,2938
74449,297,194,1071,3,0,11200,0,0,0,9393442,9393442,2938
74465,297,246,1071,3,0,11200,0,0,0,9395783,9395783,2938
74480,297,283,1071,3,0,11200,0,0,0,9397579,9397579,2938
74495,297,335,1071,3,0,11200,0,0,0,9399584,9399584,2938
74510,297,392,1071,3,0,11200,0,0,0,9401406,9401406,2938
74526,297,463,1071,3,0,11200,0,0,0,9403503,9403503,2938
74541,297,522,1071,3,0,11200,0,0,0,9405417,9405417,2938
74556,297,578,1071,3,0,11200,0,0,0,9407082,9407082,2938
74571,297,641,1071,3,0,11200,0,0,0,9408786,9408786,2938
74586,297,718,1071,3,0,11200,0,0,0,9410626,9410626,2938
74601,297,768,1071,3,0,11200,0,0,0,9412289,9412289,2938
74616,297,839,1071,3,0,11200,0,0,0,9414082,9414082,2938
74632,297,912,1071,3,0,11200,0,0,0,9415672,9415672,2938
74647,297,948,1071,3,0,11200,0,0,0,9416674,9416674,2938
74663,298,1010,1071,3,0,11200,0,0,0,9418148,9418148,2938
74678,298,1063,1071,3,0,11200,0,0,0,9419899,9419899,2938
74693,298,103,1071,3,0,11200,0,0,0,9422267,9422267,2938
74708,298,158,1071,3,0,11200,0,0,0,9424505,9424505,2938
74724,298,197,1072,4,0,11200,0,0,0,9426489,9426489,2938
74739,298,254,1072,4,0,11200,0,0,0,9428808,9428808,2938
74755,298,294,1072,4,0,11200,0,0,0,9430864,9430864,2938
74770,298,349,1072,4,0,11200,0,0,0,9432748,9432748,2938
74785,298,420,1072,4,0,11200,0,0,0,9434802,9434802,2938
74800,298,479,1072,4,0,11200,0,0,0,9436654,9436654,2938
74815,298,544,1072,4,0,11200,0,0,0,9438374,9438374,2938
74831,298,612,1072,4,0,11200,0,0,0,9440369,9440369,2938
74846,298,673,1072,4,0,11200,0,0,0,9442174,9442174,2938
74861,298,734,1072,4,0,11200,0,0,0,9444191,9444191,2938
74878,298,810,1072,4,0,11200,0,0,0,9445853,9445853,2938
74893,298,863,1072,4,0,11200,0,0,0,9447783,9447783,2938
74913,298,938,1072,4,0,11200,0,0,0,9449236,9449236,2938
74931,299,992,1072,4,0,11200,0,0,0,9450954,9450954,2938
74948,299,1057,1072,4,0,11200,0,0,0,9453215,9453215,2938
74963,299,38,1072,4,0,11200,0,0,0,9455415,9455415,2938
74978,299,141,1072,4,0,11200,0,0,0,9457664,9457664,2938
74994,299,206,1072,4,0,11200,0,0,0,9460093,9460093,2938
75009,299,246,1072,4,0,11200,0,0,0,9462015,9462015,2938
75024,299,292,1072,4,0,11200,0,0,0,9464014,9464014,2938
75040,299,336,1072,4,0,11200,0,0,0,9465707,9465707,2938
75055,299,397,1072,4,0,11200,0,0,0,9467757,9467757,2938
75071,299,463,1072,4,0,11200,0,0,0,9469854,9469854,2938
75086,299,518,1072,4,0,11200,0,0,0,9471544,9471544,2938
75102,299,589,1072,4,0,11200,0,0,0,9473238,9473238,2938
75117,299,654,1072,4,0,11200,0,0,0,9475346,9475346,2938
75133,299,712,1072,4,0,11200,0,0,0,9476778,9476778,2938
75148,299,757,1072,4,0,11200,0,0,0,9478407,9478407,2938
75165,299,829,1072,4,0,11200,0,0,0,9480268,9480268,2938
75180,299,920,1072,4,0,11200,0,0,0,9482262,9482262,2938
75196,299,940,1072,4,0,11200,0,0,0,9483008,9483008,2938
75211,300,992,1072,4,0,11200,0,0,0,9484631,9484631,2938
75227,300,1057,1072,4,0,11200,0,0,0,9486464,9486464,2938
75242,300,108,1072,4,0,11200,0,0,0,9488608,9488608,2938
75257,300,158,1072,4,0,11200,0,0,0,9490874,9490874,2938
75272,300,214,1072,4,0,11200,0,0,0,9493016,9493016,2938
75288,300,254,1072,4,0,11200,0,0,0,9495013,9495013,2938
75303,300,289,1072,4,0,11200,0,0,0,9496881,9496881,2938
75318,300,334,1072,4,0,11200,0,0,0,9498535,9498535,2938
75333,300,388,1072,4,0,11200,0,0,0,9500533,9500533,2938
75349,300,464,1072,4,0,11200,0,0,0,9502360,9502360,2938
75364,300,528,1072,4,0,11200,0,0,0,9504398,9504398,2938
75380,300,590,1072,4,0,11200,0,0,0,9506487,9506487,2938
75395,300,655,1072,4,0,11200,0,0,0,9508621,9508621,2938
75410,300,719,1072,4,0,11200,0,0,0,9510137,9510137,2938
75426,300,785,1072,4,0,11200,0,0,0,9511777,9511777,2938
75442,300,842,1072,4,0,11200,0,0,0,9513366,9513366,2938
75457,300,920,1072,4,0,11200,0,0,0,9515169,9515169,2938
75473,300,941,1072,4,0,11200,0,0,0,9515959,9515959,2938
75495,301,992,1072,4,0,11200,0,0,0,9517836,9517836,2938
75511,301,1058,1072,4,0,11200,0,0,0,9519607,9519607,2938
75526,301,63,1072,4,0,11200,0,0,0,9521769,9521769,2938
75541,301,139,1072,4,0,11200,0,0,0,9523975,9523975,2938
75557,301,191,1072,4,0,11200,0,0,0,9526188,9526188,2938
75572,301,240,1072,4,0,11200,0,0,0,9528520,9528520,2938
75587,301,278,1072,4,0,11200,0,0,0,9530571,9530571,2938
75603,301,327,1072,4,0,11200,0,0,0,9532601,9532601,2938
75619,301,399,1072,4,0,11200,0,0,0,9534674,9534674,2938
75634,301,455,1072,4,0,11200,0,0,0,9536530,9536530,2938
75649,301,507,1072,4,0,11200,0,0,0,9538411,9538411,2938
75664,301,578,1072,4,0,11200,0,0,0,9540392,9540392,2938
75679,301,641,1072,4,0,11200,0,0,0,9542331,9542331,2938
75695,301,706,1072,4,0,11200,0,0,0,9544125,9544125,2938
75710,301,767,1072,4,0,11200,0,0,0,9545817,9545817,2938
75725,301,832,1072,4,0,11200,0,0,0,9547610,9547610,2938
75740,301,934,1072,4,0,11200,0,0,0,9549690,9549690,2938
75756,301,941,1072,4,0,11200,0,0,0,9549941,9549941,2938
75771,302,992,1072,4,0,11200,0,0,0,9551369,9551369,2938
75787,302,1064,1072,4,0,11200,0,0,0,9553422,9553422,2938
75802,302,104,1072,3,0,11200,0,0,0,9555818,9555818,2938
75817,302,147,1072,3,0,11200,0,0,0,9557894,9557894,2938
75832,302,194,1072,3,0,11200,0,0,0,9560093,9560093,2938
75848,302,243,1072,3,0,11200,0,0,0,9562296,9562296,2938
75863,302,290,1072,3,0,11200,0,0,0,9564271,9564271,2938
75878,302,349,1072,3,0,11200,0,0,0,9566321,9566321,2938
75893,302,411,1072,3,0,11200,0,0,0,9568176,9568176,2938
75909,302,464,1072,3,0,11200,0,0,0,9570071,9570071,2938
75924,302,510,1072,3,0,11200,0,0,0,9571779,9571779,2938
75939,302,579,1072,3,0,11200,0,0,0,9573696,9573696,2938
75955,302,645,1072,3,0,11200,0,0,0,9575702,9575702,2938
75970,302,702,1072,3,0,11200,0,0,0,9577399,9577399,2938
75986,302,744,1072,3,0,11200,0,0,0,9578937,9578937,2938
76001,302,817,1072,3,0,11200,0,0,0,9580602,9580602,2938
76016,302,869,1072,3,0,11200,0,0,0,9582259,9582259,2938
76033,302,938,1072,3,0,11200,0,0,0,9583673,9583673,2938
76053,303,992,1072,3,0,11200,0,0,0,9585298,9585298,2938
76068,303,1061,1072,3,0,11200,0,0,0,9587320,9587320,2938
76084,303,103,1072,3,0,11200,0,0,0,9589844,9589844,2938
76099,303,148,1072,3,0,11200,0,0,0,9591818,9591818,2938
76114,303,202,1072,3,0,11200,0,0,0,9594102,9594102,2938
76130,303,253,1072,3,0,11200,0,0,0,9596340,9596340,2938
76145,303,301,1072,3,0,11200,0,0,0,9598368,9598368,2938
76160,303,352,1072,3,0,11200,0,0,0,9600063,9600063,2938
76175,303,418,1072,3,0,11200,0,0,0,9602137,9602137,2938
76191,303,476,1072,3,0,11200,0,0,0,9603950,9603950,2938
76207,303,537,1072,3,0,11200,0,0,0,9606004,9606004,2938
76223,303,615,1072,3,0,11200,0,0,0,9608260,9608260,2938
76238,303,680,1072,3,0,11200,0,0,0,9609988,9609988,2938
76254,303,733,1072,3,0,11200,0,0,0,9611970,9611970,2938
76270,303,800,1072,3,0,11200,0,0,0,9613411,9613411,2938
76285,303,844,1072,3,0,11200,0,0,0,9614988,9614988,2938
76301,303,928,1072,3,0,11200,0,0,0,9617042,9617042,2938
76316,303,940,1072,3,0,11200,0,0,0,9617417,9617417,2938
76340,304,992,1072,3,0,11200,0,0,0,9618982,9618982,2938
76356,304,1045,1072,3,0,11200,0,0,0,9620609,9620609,2938
76371,304,63,1072,3,0,11200,0,0,0,9622703,9622703,2938
76386,304,142,1072,3,0,11200,0,0,0,9624869,9624869,2938
76401,304,191,1072,3,0,11200,0,0,0,9627054,9627054,2938
76416,304,240,1072,3,0,11200,0,0,0,9629374,9629374,2938
76432,304,284,1072,3,0,11200,0,0,0,9631470,9631470,2938
76448,304,331,1072,3,0,11200,0,0,0,9633175,9633175,2938
76463,304,397,1072,3,0,11200,0,0,0,9635089,9635089,2938
76478,304,467,1072,3,0,11200,0,0,0,9637053,9637053,2938
76494,304,537,1072,3,0,11200,0,0,0,9639067,9639067,2938
76509,304,600,1072,3,0,11200,0,0,0,9641038,9641038,2938
76525,304,661,1072,3,0,11200,0,0,0,9642843,9642843,2938
76540,304,726,1072,3,0,11200,0,0,0,9644607,9644607,2938
76555,304,786,1072,3,0,11200,0,0,0,9646074,9646074,2938
76571,304,855,1072,3,0,11200,0,0,0,9647902,9647902,2938
76604,304,938,1072,3,0,11200,0,0,0,9649728,9649728,2938
76620,305,992,1072,3,0,11200,0,0,0,9651690,9651690,2938
76635,305,1060,1072,3,0,11200,0,0,0,9653542,9653542,2938
76650,305,95,1072,3,0,11200,0,0,0,9655841,9655841,2938
76666,305,139,1072,3,0,11200,0,0,0,9657900,9657900,2938
76681,305,188,1072,3,0,11200,0,0,0,9660043,9660043,2938
76696,305,239,1072,3,0,11200,0,0,0,9662257,9662257,2938
76711,305,283,1072,3,0,11200,0,0,0,9664298,9664298,2938
76727,305,348,1072,3,0,11200,0,0,0,9666310,9666310,2938
76742,305,405,1072,3,0,11200,0,0,0,9668408,9668408,2938
76757,305,466,1072,3,0,11200,0,0,0,9670102,9670102,2938
76772,305,523,1072,3,0,11200,0,0,0,9672054,9672054,2938
76788,305,595,1072,3,0,11200,0,0,0,9674156,9674156,2938
76803,305,666,1072,3,0,11200,0,0,0,9675742,9675742,2938
76819,305,726,1072,3,0,11200,0,0,0,9677740,9677740,2938
76834,305,785,1072,3,0,11200,0,0,0,9679383,9679383,2938
76849,305,864,1072,3,0,11200,0,0,0,9681403,9681403,2938
76865,305,936,1072,3,0,11200,0,0,0,9683142,9683142,2938
76880,305,970,1072,3,0,11200,0,0,0,9684628,9684628,2938
76900,306,1027,1072,3,0,11200,0,0,0,9686372,9686372,2938
76915,306,21,1072,3,0,11200,0,0,0,9688548,9688548,2938
76930,306,132,1072,3,0,11200,0,0,0,9690840,9690840,2938
76946,306,190,1072,3,0,11200,0,0,0,9693101,9693101,2938
76961,306,242,1072,3,0,11200,0,0,0,9695360,9695360,2938
76976,306,297,1072,3,0,11200,0,0,0,9697545,9697545,2938
76992,306,348,1072,3,0,11200,0,0,0,9699341,9699341,2938
77007,306,418,1072,3,0,11200,0,0,0,9701387,9701387,2938
77022,306,483,1072,3,0,11200,0,0,0,9703320,9703320,2938
77037,306,552,1072,3,0,11200,0,0,0,9705321,9705321,2938
77052,306,615,1072,3,0,11200,0,0,0,9707201,9707201,2938
77067,306,681,1072,3,0,11200,0,0,0,9709143,9709143,2938
77083,306,733,1072,3,0,11200,0,0,0,9711167,9711167,2938
77099,306,808,1072,3,0,11200,0,0,0,9712798,9712798,2938
77114,306,894,1072,3,0,11200,0,0,0,9714842,9714842,2938
77129,306,955,1072,3,0,11200,0,0,0,9716533,9716533,2938
77145,307,1027,1072,3,0,11200,0,0,0,9718426,9718426,2938
77160,307,21,1072,3,0,11200,0,0,0,9720711,9720711,2938
77176,307,128,1072,3,0,11200,0,0,0,9722858,9722858,2938
77191,307,182,1072,3,0,11200,0,0,0,9725197,9725197,2938
77206,307,233,1072,3,0,11200,0,0,0,9727386,9727386,2938
77222,307,277,1072,3,0,11200,0,0,0,9729478,9729478,2938
77237,307,334,1072,3,0,11200,0,0,0,9731482,9731482,2938
77252,307,392,1072,3,0,11200,0,0,0,9733472,9733472,2938
77267,307,457,1072,3,0,11200,0,0,0,9735400,9735400,2938
77283,307,507,1072,3,0,11200,0,0,0,9737363,9737363,2938
77298,307,582,1072,3,0,11200,0,0,0,9739389,9739389,2938
77313,307,645,1072,3,0,11200,0,0,0,9741191,9741191,2938
77329,307,697,1072,3,0,11200,0,0,0,9742645,9742645,2938
77344,307,749,1072,3,0,11200,0,0,0,9744406,9744406,2938
77359,307,818,1073,4,0,11200,0,0,0,9746126,9746126,2938
77375,307,885,1073,4,0,11200,0,0,0,9747966,9747966,2938
77392,307,938,1073,4,0,11200,0,0,0,9749273,9749273,2938
77410,308,992,1073,4,0,11200,0,0,0,9751094,9751094,2938
77425,308,3,1073,3,0,11200,0,0,0,9753010,9753010,2938
77440,308,106,1073,3,0,11200,0,0,0,9755391,9755391,2938
77455,308,159,1073,3,0,11200,0,0,0,9757549,9757549,2938
77470,308,211,1073,3,0,11200,0,0,0,9759584,9759584,2938
77485,308,256,1073,3,0,11200,0,0,0,9761702,9761702,2938
77501,308,308,1073,3,0,11200,0,0,0,9763824,9763824,2938
77516,308,374,1073,3,0,11200,0,0,0,9766026,9766026,2938
77531,308,437,1073,3,0,11200,0,0,0,9768055,9768055,2938
77547,308,481,1073,3,0,11200,0,0,0,9769840,9769840,2938
77562,308,560,1073,3,0,11200,0,0,0,9772057,9772057,2938
77578,308,622,1073,3,0,11200,0,0,0,9773907,9773907,2938
77593,308,686,1073,3,0,11200,0,0,0,9775793,9775793,2938
77608,308,734,1073,3,0,11200,0,0,0,9777441,9777441,2938
77624,308,807,1073,3,0,11200,0,0,0,9779167,9779167,2938
77639,308,877,1073,3,0,11200,0,0,0,9781143,9781143,2938
77655,308,934,1073,3,0,11200,0,0,0,9782799,9782799,2938
77670,308,974,1073,3,0,11200,0,0,0,9784351,9784351,2938
77687,309,1027,1073,3,0,11200,0,0,0,9785782,9785782,2938
77702,309,15,1073,2,0,11200,0,0,0,9787862,9787862,2938
77717,309,123,1073,2,0,11200,0,0,0,9790140,9790140,2938
77732,309,168,1073,2,0,11200,0,0,0,9792252,9792252,2938
77747,309,224,1073,2,0,11200,0,0,0,9794572,9794572,2938
77763,309,273,1073,2,0,11200,0,0,0,9796742,9796742,2938
77778,309,320,1073,2,0,11200,0,0,0,9798746,9798746,2938
77793,309,388,1073,2,0,11200,0,0,0,9800840,9800840,2938
77808,309,457,1073,2,0,11200,0,0,0,9802957,9802957,2938
77826,309,537,1073,2,0,11200,0,0,0,9804950,9804950,2938
77841,309,600,1073,2,0,11200,0,0,0,9806821,9806821,2938
77856,309,671,1073,2,0,11200,0,0,0,9808760,9808760,2938
77872,309,716,1073,2,0,11200,0,0,0,9810534,9810534,2938
77887,309,774,1073,2,0,11200,0,0,0,9812091,9812091,2938
77903,309,858,1073,2,0,11200,0,0,0,9814128,9814128,2938
77918,309,933,1073,2,0,11200,0,0,0,9815722,9815722,2938
77933,309,967,1073,2,0,11200,0,0,0,9816967,9816967,2938
77948,310,1023,1073,2,0,11200,0,0,0,9818278,9818278,2938
77963,310,1,1073,2,0,11200,0,0,0,9820092,9820092,2938
77979,310,113,1073,2,0,11200,0,0,0,9822433,9822433,2938
77994,310,162,1073,2,0,11200,0,0,0,9824577,9824577,2938
78009,310,218,1073,2,0,11200,0,0,0,9827013,9827013,2938
78025,310,258,1073,2,0,11200,0,0,0,9829174,9829174,2938
78040,310,306,1073,2,0,11200,0,0,0,9831151,9831151,2938
78055,310,376,1073,2,0,11200,0,0,0,9833318,9833318,2938
78071,310,430,1073,2,0,11200,0,0,0,9835480,9835480,2938
78086,310,481,1073,2,0,11200,0,0,0,9837409,9837409,2938
78101,310,552,1073,2,0,11200,0,0,0,9839346,9839346,2938
78116,310,609,1073,2,0,11200,0,0,0,9841243,9841243,2938
78132,310,689,1073,2,0,11200,0,0,0,9842954,9842954,2938
78147,310,757,1073,2,0,11200,0,0,0,9844729,9844729,2938
78162,310,817,1073,2,0,11200,0,0,0,9846327,9846327,2938
78177,310,873,1073,2,0,11200,0,0,0,9848273,9848273,2938
78202,310,938,1073,2,0,11200,0,0,0,9850036,9850036,2938
78219,311,992,1073,2,0,11200,0,0,0,9852008,9852008,2938
78234,311,1051,1073,2,0,11200,0,0,0,9853574,9853574,2938
78250,311,80,1073,1,0,11200,0,0,0,9855790,9855790,2938
78265,311,158,1073,1,0,11200,0,0,0,9858087,9858087,2938
78280,311,215,1073,1,0,11200,0,0,0,9860354,9860354,2938
78296,311,262,1073,1,0,11200,0,0,0,9862563,9862563,2938
78312,311,316,1073,1,0,11200,0,0,0,9864651,9864651,2938
78327,311,375,1073,1,0,11200,0,0,0,9866426,9866426,2938
78342,311,440,1073,1,0,11200,0,0,0,9868414,9868414,2938
78357,311,506,1073,1,0,11200,0,0,0,9870420,9870420,2938
78373,311,565,1073,1,0,11200,0,0,0,9872293,9872293,2938
78388,311,624,1073,1,0,11200,0,0,0,9874078,9874078,2938
78403,311,679,1073,1,0,11200,0,0,0,9875820,9875820,2938
78419,311,752,1073,1,0,11200,0,0,0,9877841,9877841,2938
78434,311,830,1073,1,0,11200,0,0,0,9879680,9879680,2938
78449,311,890,1073,1,0,11200,0,0,0,9881244,9881244,2938
78464,311,940,1073,1,0,11200,0,0,0,9882551,9882551,2938
78481,312,992,1073,1,0,11200,0,0,0,9883928,9883928,2938
78496,312,3,1073,1,0,11200,0,0,0,9886183,9886183,2938
78512,312,106,1073,1,0,11200,0,0,0,9888696,9888696,2938
78527,312,154,1073,1,0,11200,0,0,0,9890782,9890782,2938
78542,312,194,1073,1,0,11200,0,0,0,9892716,9892716,2938
78557,312,247,1073,1,0,11200,0,0,0,9895054,9895054,2938
78573,312,290,1073,1,0,11200,0,0,0,9897148,9897148,2938
78588,312,344,1073,1,0,11200,0,0,0,9898922,9898922,2938
78603,312,421,1073,1,0,11200,0,0,0,9900905,9900905,2938
78618,312,496,1073,1,0,11200,0,0,0,9902997,9902997,2938
78634,312,574,1073,1,0,11200,0,0,0,9905149,9905149,2938
78649,312,641,1073,1,0,11200,0,0,0,9907016,9907016,2938
78664,312,696,1073,1,0,11200,0,0,0,9908715,9908715,2938
78679,312,756,1073,1,0,11200,0,0,0,9910359,9910359,2938
78695,312,816,1074,2,0,11200,0,0,0,9912055,9912055,2938
78710,312,894,1074,2,0,11200,0,0,0,9914079,9914079,2938
78733,312,938,1074,2,0,11200,0,0,0,9915318,9915318,2938
78751,312,992,1074,2,0,11200,0,0,0,9917091,9917091,2938
78767,313,1072,1074,2,0,11200,0,0,0,9919116,9919116,2938
78782,313,78,1074,1,0,11200,0,0,0,9921248,9921248,2938
78797,313,142,1074,1,0,11200,0,0,0,9923538,9923538,2938
78812,313,195,1074,1,0,11200,0,0,0,9925824,9925824,2938
78827,313,249,1074,1,0,11200,0,0,0,9928187,9928187,2938
78843,313,283,1074,1,0,11200,0,0,0,9930223,9930223,2938
78858,313,334,1074,1,0,11200,0,0,0,9932147,9932147,2938
78873,313,420,1074,1,0,11200,0,0,0,9934381,9934381,2938
78888,313,472,1074,1,0,11200,0,0,0,9936275,9936275,2938
78903,313,528,1074,1,0,11200,0,0,0,9938215,9938215,2938
78918,313,598,1074,1,0,11200,0,0,0,9940112,9940112,2938
78934,313,682,1074,1,0,11200,0,0,0,9942052,9942052,2938
78950,313,737,1074,1,0,11200,0,0,0,9944025,9944025,2938
78965,313,817,1074,1,0,11200,0,0,0,9945793,9945793,2938
78980,313,873,1074,1,0,11200,0,0,0,9947616,9947616,2938
79005,313,938,1074,1,0,11200,0,0,0,9949124,9949124,2938
79024,313,992,1074,1,0,11200,0,0,0,9950690,9950690,2938
79039,314,5,1074,1,0,11200,0,0,0,9952820,9952820,2938
79055,314,117,1074,1,0,11200,0,0,0,9955223,9955223,2938
79070,314,163,1074,1,0,11200,0,0,0,9957500,9957500,2938
79086,314,219,1074,1,0,11200,0,0,0,9959849,9959849,2938
79102,314,265,1074,1,0,11200,0,0,0,9962058,9962058,2938
79117,314,313,1074,1,0,11200,0,0,0,9964144,9964144,2938
79133,314,385,1074,1,0,11200,0,0,0,9966405,9966405,2938
79148,314,453,1074,1,0,11200,0,0,0,9968357,9968357,2938
79163,314,501,1074,1,0,11200,0,0,0,9970280,9970280,2938
79179,314,560,1074,1,0,11200,0,0,0,9972479,9972479,2938
79194,314,624,1074,1,0,11200,0,0,0,9974250,9974250,2938
79209,314,695,1074,1,0,11200,0,0,0,9976267,9976267,2938
79225,314,744,1074,1,0,11200,0,0,0,9978007,9978007,2938
79240,314,809,1074,1,0,11200,0,0,0,9979587,9979587,2938
79255,314,875,1074,1,0,11200,0,0,0,9981658,9981658,2938
79271,314,948,1074,1,0,11200,0,0,0,9983637,9983637,2938
79286,314,992,1074,1,0,11200,0,0,0,9985244,9985244,2938
79303,315,1057,1075,2,0,11200,0,0,0,9987026,9987026,2939
79318,315,48,1075,1,0,11200,0,0,0,9989444,9989444,2939
79333,315,142,1075,1,0,11200,0,0,0,9991355,9991355,2939
79349,315,190,1075,1,0,11200,0,0,0,9993720,9993720,2939
79364,315,244,1075,1,0,11200,0,0,0,9995989,9995989,2939
79379,315,292,1075,1,0,11200,0,0,0,9997976,9997976,2939
79395,315,344,1075,1,0,11200,0,0,0,9999927,9999927,2939
79410,315,402,1075,1,0,11200,0,0,0,10001874,10001874,2939
79425,315,470,1075,1,0,11200,0,0,0,10003828,10003828,2939
79441,315,528,1075,1,0,11200,0,0,0,10005852,10005852,2939
79456,315,592,1075,1,0,11200,0,0,0,10007834,10007834,2939
79472,315,665,1075,1,0,11200,0,0,0,10009924,10009924,2939
79488,315,713,1075,1,0,11200,0,0,0,10011649,10011649,2939
79503,315,756,1075,1,0,11200,0,0,0,10013231,10013231,2939
79519,315,834,1075,1,0,11200,0,0,0,10014693,10014693,2939
79534,315,894,1075,1,0,11200,0,0,0,10016579,10016579,2939
79550,315,938,1075,1,0,11200,0,0,0,10017611,10017611,2939
79566,316,995,1075,1,0,11200,0,0,0,10019243,10019243,2939
79581,316,1072,1075,1,0,11200,0,0,0,10020949,10020949,2939
79596,316,88,1075,1,0,11200,0,0,0,10023307,10023307,2939
79611,316,136,1075,1,0,11200,0,0,0,10025320,10025320,2939
79626,316,206,1075,1,0,11200,0,0,0,10027892,10027892,2939
79641,316,254,1075,1,0,11200,0,0,0,10029922,10029922,2939
79657,316,297,1075,1,0,11200,0,0,0,10031946,10031946,2939
79673,316,345,1075,1,0,11200,0,0,0,10033951,10033951,2939
79688,316,424,1075,1,0,11200,0,0,0,10036054,10036054,2939
79703,316,487,1075,1,0,11200,0,0,0,10037913,10037913,2939
79718,316,556,1075,1,0,11200,0,0,0,10040031,10040031,2939
79733,316,615,1075,1,0,11200,0,0,0,10041874,10041874,2939
79749,316,679,1075,1,0,11200,0,0,0,10043540,10043540,2939
79764,316,734,1075,1,0,11200,0,0,0,10045430,10045430,2939
79779,316,798,1075,1,0,11200,0,0,0,10047016,10047016,2939
79794,316,869,1075,1,0,11200,0,0,0,10049015,10049015,2939
79811,316,938,1075,1,0,11200,0,0,0,10050401,10050401,2939
79831,316,992,1075,1,0,11200,0,0,0,10052438,10052438,2939
79846,317,1061,1075,1,0,11200,0,0,0,10054522,10054522,2939
79861,317,78,1075,1,0,11200,0,0,0,10056803,10056803,2939
79878,317,147,1075,1,0,11200,0,0,0,10059025,10059025,2939
79893,317,206,1075,1,0,11200,0,0,0,10061293,10061293,2939
79908,317,248,1075,1,0,11200,0,0,0,10063478,10063478,2939
79924,317,282,1075,1,0,11200,0,0,0,10065461,10065461,2939
79940,317,331,1075,1,0,11200,0,0,0,10067438,10067438,2939
79956,317,399,1075,1,0,11200,0,0,0,10069521,10069521,2939
79971,317,464,1075,1,0,11200,0,0,0,10071590,10071590,2939
79987,317,507,1075,1,0,11200,0,0,0,10073536,10073536,2939
80002,317,583,1075,1,0,11200,0,0,0,10075581,10075581,2939
80017,317,651,1075,1,0,11200,0,0,0,10077613,10077613,2939
80032,317,713,1075,1,0,11200,0,0,0,10079389,10079389,2939
80049,317,754,1075,1,0,11200,0,0,0,10080919,10080919,2939
80065,317,829,1075,1,0,11200,0,0,0,10082626,10082626,2939
80080,317,895,1075,1,0,11200,0,0,0,10084325,10084325,2939
80096,317,938,1075,1,0,11200,0,0,0,10085239,10085239,2939
80111,318,1012,1075,1,0,11200,0,0,0,10087193,10087193,2939
80126,318,1061,1075,1,0,11200,0,0,0,10088718,10088718,2939
80142,318,48,1075,1,0,11200,0,0,0,10091028,10091028,2939
80158,318,135,1075,1,0,11200,0,0,0,10093115,10093115,2939
80173,318,184,1075,1,0,11200,0,0,0,10095344,10095344,2939
80188,318,240,1075,1,0,11200,0,0,0,10097827,10097827,2939
80204,318,281,1075,1,0,11200,0,0,0,10099926,10099926,2939
80219,318,329,1075,1,0,11200,0,0,0,10101822,10101822,2939
80234,318,406,1076,2,0,11200,0,0,0,10103678,10103678,2939
80250,318,479,1076,2,0,11200,0,0,0,10105709,10105709,2939
80265,318,540,1076,2,0,11200,0,0,0,10107711,10107711,2939
80280,318,629,1076,2,0,11200,0,0,0,10109770,10109770,2939
80295,318,696,1076,2,0,11200,0,0,0,10111541,10111541,2939
80311,318,753,1076,2,0,11200,0,0,0,10113286,10113286,2939
80327,318,829,1076,2,0,11200,0,0,0,10114939,10114939,2939
80342,318,912,1076,2,0,11200,0,0,0,10116623,10116623,2939
80361,318,938,1076,2,0,11200,0,0,0,10117401,10117401,2939
80380,318,992,1076,2,0,11200,0,0,0,10119452,10119452,2939
80395,319,1063,1076,2,0,11200,0,0,0,10121179,10121179,2939
80411,319,104,1076,2,0,11200,0,0,0,10123563,10123563,2939
80426,319,154,1076,2,0,11200,0,0,0,10125870,10125870,2939
80441,319,192,1076,2,0,11200,0,0,0,10127617,10127617,2939
80457,319,251,1076,2,0,11200,0,0,0,10130077,10130077,2939
80472,319,289,1076,2,0,11200,0,0,0,10132188,10132188,2939
80489,319,334,1076,2,0,11200,0,0,0,10133855,10133855,2939
80504,319,414,1076,2,0,11200,0,0,0,10136093,10136093,2939
80519,319,466,1076,2,0,11200,0,0,0,10138118,10138118,2939
80534,319,528,1076,2,0,11200,0,0,0,10140086,10140086,2939
80551,319,589,1076,2,0,11200,0,0,0,10141875,10141875,2939
80569,319,665,1076,2,0,11200,0,0,0,10143910,10143910,2939
80584,319,718,1076,2,0,11200,0,0,0,10145611,10145611,2939
80600,319,789,1076,2,0,11200,0,0,0,10147227,10147227,2939
80616,319,834,1076,2,0,11200,0,0,0,10148759,10148759,2939
80631,319,897,1076,2,0,11200,0,0,0,10150397,10150397,2939
80646,319,963,1076,2,0,11200,0,0,0,10152054,10152054,2939
80663,319,992,1076,2,0,11200,0,0,0,10152941,10152941,2939
80678,320,1061,1076,2,0,11200,0,0,0,10154511,10154511,2939
80694,320,94,1076,2,0,11200,0,0,0,10156921,10156921,2939
80709,320,151,1076,2,0,11200,0,0,0,10159043,10159043,2939
80724,320,212,1076,2,0,11200,0,0,0,10161386,10161386,2939
80739,320,259,1076,2,0,11200,0,0,0,10163691,10163691,2939
80754,320,313,1076,2,0,11200,0,0,0,10165632,10165632,2939
80769,320,381,1076,2,0,11200,0,0,0,10167725,10167725,2939
80785,320,455,1076,2,0,11200,0,0,0,10169853,10169853,2939
80800,320,508,1076,2,0,11200,0,0,0,10171496,10171496,2939
80815,320,597,1076,2,0,11200,0,0,0,10173470,10173470,2939
80831,320,661,1076,2,0,11200,0,0,0,10175458,10175458,2939
80847,320,688,1076,2,0,11200,0,0,0,10176567,10176567,2939
80862,320,740,1076,2,0,11200,0,0,0,10178302,10178302,2939
80877,320,813,1076,2,0,11200,0,0,0,10179884,10179884,2939
80893,320,858,1076,2,0,11200,0,0,0,10181556,10181556,2939
80908,320,950,1076,2,0,11200,0,0,0,10183445,10183445,2939
80923,321,1016,1076,2,0,11200,0,0,0,10184896,10184896,2939
80938,321,13,1076,2,0,11200,0,0,0,10187018,10187018,2939
80953,321,123,1076,2,0,11200,0,0,0,10189236,10189236,2939
80968,321,181,1076,2,0,11200,0,0,0,10191533,10191533,2939
80983,321,234,1076,2,0,11200,0,0,0,10193887,10193887,2939
80999,321,281,1076,2,0,11200,0,0,0,10196014,10196014,2939
81014,321,349,1076,2,0,11200,0,0,0,10197981,10197981,2939
81030,321,420,1076,2,0,11200,0,0,0,10200168,10200168,2939
81045,321,496,1076,2,0,11200,0,0,0,10202258,10202258,2939
81060,321,554,1076,2,0,11200,0,0,0,10204129,10204129,2939
81076,321,622,1076,2,0,11200,0,0,0,10206032,10206032,2939
81091,321,692,1076,2,0,11200,0,0,0,10208043,10208043,2939
81106,321,733,1076,2,0,11200,0,0,0,10209858,10209858,2939
81122,321,782,1076,2,0,11200,0,0,0,10211021,10211021,2939
81137,321,847,1076,2,0,11200,0,0,0,10212830,10212830,2939
81152,321,912,1076,2,0,11200,0,0,0,10214389,10214389,2939
81171,321,938,1076,2,0,11200,0,0,0,10215224,10215224,2939
81192,321,992,1076,2,0,11200,0,0,0,10217067,10217067,2939
81207,322,1074,1076,2,0,11200,0,0,0,10219029,10219029,2939
81224,322,103,1076,2,0,11200,0,0,0,10221387,10221387,2939
81239,322,156,1076,2,0,11200,0,0,0,10223593,10223593,2939
81254,322,205,1076,2,0,11200,0,0,0,10225998,10225998,2939
81270,322,254,1076,2,0,11200,0,0,0,10228268,10228268,2939
81285,322,310,1076,2,0,11200,0,0,0,10230418,10230418,2939
81300,322,375,1076,2,0,11200,0,0,0,10232523,10232523,2939
81315,322,438,1076,2,0,11200,0,0,0,10234715,10234715,2939
81331,322,506,1076,2,0,11200,0,0,0,10236531,10236531,2939
81346,322,560,1076,2,0,11200,0,0,0,10238366,10238366,2939
81362,322,640,1076,2,0,11200,0,0,0,10240322,10240322,2939
81377,322,706,1076,2,0,11200,0,0,0,10241866,10241866,2939
81392,322,757,1076,2,0,11200,0,0,0,10243612,10243612,2939
81407,322,834,1076,2,0,11200,0,0,0,10245372,10245372,2939
81423,322,885,1076,2,0,11200,0,0,0,10246978,10246978,2939
81438,322,944,1076,2,0,11200,0,0,0,10248553,10248553,2939
81454,323,1016,1076,2,0,11200,0,0,0,10250453,10250453,2939
81469,323,11,1076,2,0,11200,0,0,0,10252407,10252407,2939
81484,323,111,1076,2,0,11200,0,0,0,10254723,10254723,2939
81500,323,161,1076,2,0,11200,0,0,0,10257084,10257084,2939
81515,323,220,1076,2,0,11200,0,0,0,10259301,10259301,2939
81531,323,267,1076,2,0,11200,0,0,0,10261567,10261567,2939
81547,323,318,1076,2,0,11200,0,0,0,10263702,10263702,2939
81562,323,349,1076,2,0,11200,0,0,0,10264983,10264983,2939
81577,323,414,1076,2,0,11200,0,0,0,10266884,10266884,2939
81593,323,472,1076,2,0,11200,0,0,0,10268880,10268880,2939
81608,323,524,1076,2,0,11200,0,0,0,10270790,10270790,2939
81623,323,605,1076,2,0,11200,0,0,0,10272751,10272751,2939
81638,323,683,1076,2,0,11200,0,0,0,10274626,10274626,2939
81653,323,734,1076,2,0,11200,0,0,0,10276469,10276469,2939
81669,323,789,1076,2,0,11200,0,0,0,10277997,10277997,2939
81685,323,841,1076,2,0,11200,0,0,0,10279661,10279661,2939
81700,323,920,1076,2,0,11200,0,0,0,10281722,10281722,2939
81716,323,960,1076,2,0,11200,0,0,0,10283006,10283006,2939
81731,324,998,1076,2,0,11200,0,0,0,10284034,10284034,2939
81746,324,5,1076,1,0,11200,0,0,0,10285899,10285899,2939
81761,324,118,1076,1,0,11200,0,0,0,10288150,10288150,2939
81776,324,175,1076,1,0,11200,0,0,0,10290623,10290623,2939
81792,324,225,1076,1,0,11200,0,0,0,10292906,10292906,2939
81807,324,279,1076,1,0,11200,0,0,0,10295150,10295150,2939
81822,324,334,1076,1,0,11200,0,0,0,10297143,10297143,2939
81837,324,399,1076,1,0,11200,0,0,0,10299170,10299170,2939
81853,324,472,1076,1,0,11200,0,0,0,10301282,10301282,2939
81869,324,537,1076,1,0,11200,0,0,0,10303337,10303337,2939
81885,324,608,1076,1,0,11200,0,0,0,10305574,10305574,2939
81900,324,673,1076,1,0,11200,0,0,0,10307413,10307413,2939
81915,324,732,1076,1,0,11200,0,0,0,10309268,10309268,2939
81931,324,800,1076,1,0,11200,0,0,0,10310974,10310974,2939
81946,324,866,1076,1,0,11200,0,0,0,10312772,10312772,2939
81961,324,928,1076,1,0,11200,0,0,0,10314425,10314425,2939
81977,324,950,1076,1,0,11200,0,0,0,10315338,10315338,2939
81992,325,1001,1076,1,0,11200,0,0,0,10316967,10316967,2939
82008,325,1064,1076,1,0,11200,0,0,0,10318831,10318831,2939
82023,325,108,1076,1,0,11200,0,0,0,10321006,10321006,2939
82038,325,163,1076,1,0,11200,0,0,0,10323155,10323155,2939
82053,325,210,1076,1,0,11200,0,0,0,10325298,10325298,2939
82069,325,256,1076,1,0,11200,0,0,0,10327647,10327647,2939
82084,325,307,1076,1,0,11200,0,0,0,10329688,10329688,2939
82099,325,376,1076,1,0,11200,0,0,0,10331716,10331716,2939
82114,325,452,1076,1,0,11200,0,0,0,10333795,10333795,2939
82129,325,506,1076,1,0,11200,0,0,0,10335672,10335672,2939
82145,325,590,1076,1,0,11200,0,0,0,10337842,10337842,2939
82160,325,632,1076,1,0,11200,0,0,0,10339550,10339550,2939
82175,325,690,1076,1,0,11200,0,0,0,10341111,10341111,2939
82191,325,735,1076,1,0,11200,0,0,0,10342972,10342972,2939
82206,325,798,1076,1,0,11200,0,0,0,10344318,10344318,2939
82221,325,849,1076,1,0,11200,0,0,0,10346070,10346070,2939
82236,325,918,1076,1,0,11200,0,0,0,10347913,10347913,2939
82259,325,938,1076,1,0,11200,0,0,0,10348834,10348834,2939
82279,325,992,1076,1,0,11200,0,0,0,10350748,10350748,2939
82295,326,1057,1076,1,0,11200,0,0,0,10352831,10352831,2939
82310,326,32,1076,1,0,11200,0,0,0,10354967,10354967,2939
82326,326,142,1076,1,0,11200,0,0,0,10357340,10357340,2939
82341,326,214,1076,1,0,11200,0,0,0,10359662,10359662,2939
82356,326,265,1076,1,0,11200,0,0,0,10361852,10361852,2939
82371,326,317,1076,1,0,11200,0,0,0,10363813,10363813,2939
82387,326,368,1076,1,0,11200,0,0,0,10365358,10365358,2939
82402,326,438,1076,1,0,11200,0,0,0,10367355,10367355,2939
82417,326,498,1076,1,0,11200,0,0,0,10369263,10369263,2939
82432,326,557,1076,1,0,11200,0,0,0,10371023,10371023,2939
82447,326,613,1076,1,0,11200,0,0,0,10373036,10373036,2939
82463,326,679,1076,1,0,11200,0,0,0,10375087,10375087,2939
82478,326,728,1076,1,0,11200,0,0,0,10376632,10376632,2939
82499,326,775,1076,1,0,11200,0,0,0,10378104,10378104,2939
82514,326,853,1076,1,0,11200,0,0,0,10379902,10379902,2939
82529,326,924,1076,1,0,11200,0,0,0,10381575,10381575,2939
82547,326,938,1076,1,0,11200,0,0,0,10381957,10381957,2939
82562,327,1015,1076,1,0,11200,0,0,0,10384007,10384007,2939
82577,327,6,1076,1,0,11200,0,0,0,10385883,10385883,2939
82592,327,124,1076,1,0,11200,0,0,0,10388248,10388248,2939
82608,327,177,1076,1,0,11200,0,0,0,10390431,10390431,2939
82623,327,236,1076,1,0,11200,0,0,0,10392641,10392641,2939
82638,327,289,1076,1,0,11200,0,0,0,10394802,10394802,2939
82653,327,344,1076,1,0,11200,0,0,0,10396630,10396630,2939
82669,327,420,1076,1,0,11200,0,0,0,10398702,10398702,2939
82684,327,489,1076,1,0,11200,0,0,0,10400758,10400758,2939
82699,327,560,1076,1,0,11200,0,0,0,10402713,10402713,2939
82714,327,643,1076,1,0,11200,0,0,0,10404790,10404790,2939
82730,327,706,1076,1,0,11200,0,0,0,10406660,10406660,2939
82745,327,753,1076,1,0,11200,0,0,0,10408376,10408376,2939
82760,327,817,1076,1,0,11200,0,0,0,10410099,10410099,2939
82776,327,871,1076,1,0,11200,0,0,0,10411754,10411754,2939
82792,327,938,1076,1,0,11200,0,0,0,10413664,10413664,2939
82808,328,995,1076,1,0,11200,0,0,0,10415524,10415524,2939
82823,328,9,1076,1,0,11200,0,0,0,10417665,10417665,2939
82838,328,111,1076,1,0,11200,0,0,0,10419890,10419890,2939
82853,328,167,1076,1,0,11200,0,0,0,10422090,10422090,2939
82868,328,217,1076,1,0,11200,0,0,0,10424082,10424082,2939
82883,328,259,1076,1,0,11200,0,0,0,10426265,10426265,2939
82899,328,319,1076,1,0,11200,0,0,0,10428355,10428355,2939
82914,328,380,1076,1,0,11200,0,0,0,10430274,10430274,2939
82929,328,449,1076,1,0,11200,0,0,0,10432413,10432413,2939
82945,328,520,1076,1,0,11200,0,0,0,10434626,10434626,2939
82961,328,589,1076,1,0,11200,0,0,0,10436708,10436708,2939
82977,328,673,1076,1,0,11200,0,0,0,10438776,10438776,2939
82992,328,716,1076,1,0,11200,0,0,0,10440562,10440562,2939
83007,328,766,1076,1,0,11200,0,0,0,10442123,10442123,2939
83023,328,838,1077,2,0,11200,0,0,0,10443857,10443857,2939
83038,328,928,1077,2,0,11200,0,0,0,10445863,10445863,2939
83053,328,955,1077,2,0,11200,0,0,0,10446840,10446840,2939
83072,328,992,1077,2,0,11200,0,0,0,10448102,10448102,2939
83088,329,1060,1077,2,0,11200,0,0,0,10449968,10449968,2939
83103,329,107,1077,2,0,11200,0,0,0,10452363,10452363,2939
83118,329,158,1077,2,0,11200,0,0,0,10454245,10454245,2939
83134,329,215,1077,2,0,11200,0,0,0,10456734,10456734,2939
83149,329,259,1077,2,0,11200,0,0,0,10458810,10458810,2939
83164,329,309,1077,2,0,11200,0,0,0,10460807,10460807,2939
83181,329,376,1077,2,0,11200,0,0,0,10462723,10462723,2939
83196,329,447,1077,2,0,11200,0,0,0,10464656,10464656,2939
83211,329,500,1077,2,0,11200,0,0,0,10466529,10466529,2939
83226,329,556,1077,2,0,11200,0,0,0,10468229,10468229,2939
83241,329,610,1077,2,0,11200,0,0,0,10470078,10470078,2939
83257,329,670,1077,2,0,11200,0,0,0,10471856,10471856,2939
83272,329,718,1077,2,0,11200,0,0,0,10473857,10473857,2939
83287,329,767,1077,2,0,11200,0,0,0,10475381,10475381,2939
83303,329,837,1077,2,0,11200,0,0,0,10477231,10477231,2939
83318,329,887,1077,2,0,11200,0,0,0,10478713,10478713,2939
83349,329,938,1077,2,0,11200,0,0,0,10480017,10480017,2939
83368,329,992,1077,2,0,11200,0,0,0,10481842,10481842,2939
83383,330,1056,1077,2,0,11200,0,0,0,10483693,10483693,2939
83399,330,63,1077,2,0,11200,0,0,0,10485877,10485877,2939
83414,330,144,1077,2,0,11200,0,0,0,10488107,10488107,2939
83430,330,194,1077,2,0,11200,0,0,0,10490296,10490296,2939
83445,330,246,1077,2,0,11200,0,0,0,10492474,10492474,2939
83460,330,295,1077,2,0,11200,0,0,0,10494494,10494494,2939
83475,330,348,1077,2,0,11200,0,0,0,10496521,10496521,2939
83490,330,417,1077,2,0,11200,0,0,0,10498703,10498703,2939
83505,330,467,1077,2,0,11200,0,0,0,10500572,10500572,2939
83521,330,523,1077,2,0,11200,0,0,0,10502409,10502409,2939
83536,330,595,1077,2,0,11200,0,0,0,10504318,10504318,2939
83553,330,665,1077,2,0,11200,0,0,0,10506386,10506386,2939
83568,330,723,1077,2,0,11200,0,0,0,10508199,10508199,2939
83584,330,789,1077,2,0,11200,0,0,0,10509723,10509723,2939
83599,330,854,1077,2,0,11200,0,0,0,10511579,10511579,2939
83623,330,938,1077,2,0,11200,0,0,0,10513518,10513518,2939
83639,331,1015,1077,2,0,11200,0,0,0,10515507,10515507,2939
83654,331,6,1077,1,0,11200,0,0,0,10517397,10517397,2939
83669,331,127,1077,1,0,11200,0,0,0,10519662,10519662,2939
83684,331,180,1077,1,0,11200,0,0,0,10521920,10521920,2939
83699,331,225,1077,1,0,11200,0,0,0,10524309,10524309,2939
83715,331,270,1077,1,0,11200,0,0,0,10526354,10526354,2939
83731,331,332,1077,1,0,11200,0,0,0,10528378,10528378,2939
83746,331,403,1077,1,0,11200,0,0,0,10530586,10530586,2939
83762,331,470,1077,1,0,11200,0,0,0,10532654,10532654,2939
83777,331,527,1077,1,0,11200,0,0,0,10534613,10534613,2939
83792,331,589,1077,1,0,11200,0,0,0,10536328,10536328,2939
83807,331,666,1077,1,0,11200,0,0,0,10538150,10538150,2939
83822,331,722,1077,1,0,11200,0,0,0,10540142,10540142,2939
83842,331,775,1077,1,0,11200,0,0,0,10541427,10541427,2939
83857,331,834,1077,1,0,11200,0,0,0,10543105,10543105,2939
83872,331,928,1077,1,0,11200,0,0,0,10545177,10545177,2939
83888,331,950,1077,1,0,11200,0,0,0,10546045,10546045,2939
83903,332,1017,1077,1,0,11200,0,0,0,10547883,10547883,2939
83918,332,12,1077,0,0,11200,0,0,0,10549926,10549926,2939
83933,332,121,1077,0,0,11200,0,0,0,10552263,10552263,2939
83949,332,169,1077,0,0,11200,0,0,0,10554601,10554601,2939
83964,332,219,1077,0,0,11200,0,0,0,10556932,10556932,2939
83979,332,267,1077,0,0,11200,0,0,0,10559239,10559239,2939
83995,332,311,1077,0,0,11200,0,0,0,10561145,10561145,2939
84010,332,368,1077,0,0,11200,0,0,0,10563029,10563029,2939
84026,332,431,1077,0,0,11200,0,0,0,10565149,10565149,2939
84041,332,481,1077,0,0,11200,0,0,0,10566982,10566982,2939
84057,332,547,1077,0,0,11200,0,0,0,10568897,10568897,2939
84072,332,629,1077,0,0,11200,0,0,0,10570951,10570951,2939
84088,332,688,1077,0,0,11200,0,0,0,10572911,10572911,2939
84104,332,732,1077,0,0,11200,0,0,0,10574460,10574460,2939
84119,332,786,1077,0,0,11200,0,0,0,10576096,10576096,2939
84135,332,853,1077,0,0,11200,0,0,0,10578120,10578120,2939
84150,332,912,1077,0,0,11200,0,0,0,10579608,10579608,2939
84165,332,967,1077,0,0,11200,0,0,0,10581237,10581237,2939
84180,333,1013,1077,0,0,11200,0,0,0,10582406,10582406,2939
84195,333,9,1077,0,0,11200,0,0,0,10584476,10584476,2939
84210,333,123,1077,0,0,11200,0,0,0,10586731,10586731,2939
84226,333,166,1077,0,0,11200,0,0,0,10588797,10588797,2939
84241,333,220,1077,0,0,11200,0,0,0,10591109,10591109,2939
84256,333,259,1077,0,0,11200,0,0,0,10593244,10593244,2939
84271,333,308,1077,0,0,11200,0,0,0,10595278,10595278,2939
84286,333,363,1077,0,0,11200,0,0,0,10597485,10597485,2939
84302,333,421,1077,0,0,11200,0,0,0,10599560,10599560,2939
84317,333,467,1077,0,0,11200,0,0,0,10601305,10601305,2939
84332,333,538,1077,0,0,11200,0,0,0,10603320,10603320,2939
84348,333,609,1077,0,0,11200,0,0,0,10605287,10605287,2939
84363,333,666,1077,0,0,11200,0,0,0,10606881,10606881,2939
84378,333,720,1077,0,0,11200,0,0,0,10608738,10608738,2939
84393,333,771,1077,0,0,11200,0,0,0,10610332,10610332,2939
84409,333,838,1077,0,0,11200,0,0,0,10612076,10612076,2939
84425,333,894,1077,0,0,11200,0,0,0,10613885,10613885,2939
84441,333,938,1077,0,0,11200,0,0,0,10614696,10614696,2939
84459,333,992,1077,0,0,11200,0,0,0,10616449,10616449,2939
84474,334,1051,1077,0,0,11200,0,0,0,10618389,10618389,2939
84490,334,28,1077,0,0,11200,0,0,0,10620330,10620330,2939
84505,334,129,1077,0,0,11200,0,0,0,10622566,10622566,2939
84520,334,179,1077,0,0,11200,0,0,0,10624640,10624640,2939
84536,334,225,1077,0,0,11200,0,0,0,10626897,10626897,2939
84551,334,275,1077,0,0,11200,0,0,0,10628949,10628949,2939
84568,334,334,1077,0,0,11200,0,0,0,10630953,10630953,2939
84583,334,385,1077,0,0,11200,0,0,0,10632642,10632642,2939
84598,334,452,1077,0,0,11200,0,0,0,10634839,10634839,2939
84614,334,508,1077,0,0,11200,0,0,0,10636803,10636803,2939
84629,334,579,1077,0,0,11200,0,0,0,10638763,10638763,2939
84645,334,644,1077,0,0,11200,0,0,0,10640708,10640708,2939
84660,334,688,1077,0,0,11200,0,0,0,10642184,10642184,2939
84675,334,735,1077,0,0,11200,0,0,0,10644152,10644152,2939
84691,334,789,1077,0,0,11200,0,0,0,10645545,10645545,2939
84706,334,849,1077,0,0,11200,0,0,0,10647555,10647555,2939
84724,334,938,1077,0,0,11200,0,0,0,10649367,10649367,2939
84742,334,992,1077,0,0,11200,0,0,0,10651061,10651061,2939
84757,335,1,1077,0,0,11200,0,0,0,10653033,10653033,2939
84773,335,108,1077,0,0,11200,0,0,0,10655446,10655446,2939
84788,335,167,1077,0,0,11200,0,0,0,10657679,10657679,2939
84803,335,211,1077,0,0,11200,0,0,0,10659847,10659847,2939
84819,335,258,1077,0,0,11200,0,0,0,10662149,10662149,2939
84834,335,306,1077,0,0,11200,0,0,0,10663931,10663931,2939
84849,335,367,1077,0,0,11200,0,0,0,10665917,10665917,2939
84864,335,437,1077,0,0,11200,0,0,0,10667995,10667995,2939
84879,335,482,1077,0,0,11200,0,0,0,10669841,10669841,2939
84894,335,559,1077,0,0,11200,0,0,0,10671684,10671684,2939
84909,335,635,1077,0,0,11200,0,0,0,10673809,10673809,2939
84925,335,679,1077,0,0,11200,0,0,0,10675269,10675269,2939
84940,335,728,1077,0,0,11200,0,0,0,10676958,10676958,2939
84956,335,789,1077,0,0,11200,0,0,0,10678502,10678502,2939
84971,335,844,1077,0,0,11200,0,0,0,10680284,10680284,2939
84986,335,914,1077,0,0,11200,0,0,0,10682159,10682159,2939
85002,335,951,1077,0,0,11200,0,0,0,10683428,10683428,2939
85017,336,995,1077,0,0,11200,0,0,0,10684746,10684746,2939
85033,336,1,1077,0,0,11200,0,0,0,10686722,10686722,2939
85049,336,108,1077,0,0,11200,0,0,0,10689105,10689105,2939
85064,336,161,1077,0,0,11200,0,0,0,10691434,10691434,2939
85080,336,217,1077,0,0,11200,0,0,0,10693859,10693859,2939
85095,336,262,1077,0,0,11200,0,0,0,10695825,10695825,2939
85110,336,316,1077,0,0,11200,0,0,0,10697765,10697765,2939
85125,336,368,1077,0,0,11200,0,0,0,10699705,10699705,2939
85140,336,429,1077,0,0,11200,0,0,0,10701758,10701758,2939
85155,336,478,1077,0,0,11200,0,0,0,10703486,10703486,2939
85171,336,554,1077,0,0,11200,0,0,0,10705558,10705558,2939
85186,336,605,1077,0,0,11200,0,0,0,10707391,10707391,2939
85201,336,675,1077,0,0,11200,0,0,0,10709157,10709157,2939
85216,336,734,1077,0,0,11200,0,0,0,10710996,10710996,2939
85231,336,790,1077,0,0,11200,0,0,0,10712364,10712364,2939
85247,336,853,1077,0,0,11200,0,0,0,10714104,10714104,2939
85271,336,938,1077,0,0,11200,0,0,0,10715909,10715909,2939
85286,337,1001,1077,0,0,11200,0,0,0,10717930,10717930,2939
85301,337,1074,1077,0,0,11200,0,0,0,10719980,10719980,2939
85316,337,78,1077,0,0,11200,0,0,0,10722303,10722303,2939
85332,337,137,1077,0,0,11200,0,0,0,10724292,10724292,2939
85347,337,188,1077,0,0,11200,0,0,0,10726204,10726204,2939
85363,337,235,1077,0,0,11200,0,0,0,10728523,10728523,2939
85378,337,284,1077,0,0,11200,0,0,0,10730479,10730479,2939
85393,337,337,1077,0,0,11200,0,0,0,10732470,10732470,2939
85409,337,399,1077,0,0,11200,0,0,0,10734399,10734399,2939
85424,337,466,1077,0,0,11200,0,0,0,10736317,10736317,2939
85439,337,523,1077,0,0,11200,0,0,0,10738317,10738317,2939
85455,337,583,1077,0,0,11200,0,0,0,10740105,10740105,2939
85470,337,666,1077,0,0,11200,0,0,0,10742058,10742058,2939
85485,337,722,1077,0,0,11200,0,0,0,10744102,10744102,2939
85500,337,792,1077,0,0,11200,0,0,0,10745848,10745848,2939
85515,337,858,1077,0,0,11200,0,0,0,10747383,10747383,2939
85534,337,887,1077,0,0,11200,0,0,0,10748272,10748272,2939
85561,337,938,1077,0,0,11200,0,0,0,10749730,10749730,2939
85577,337,992,1077,0,0,11200,0,0,0,10751539,10751539,2939
85592,338,1057,1078,1,0,11200,0,0,0,10753461,10753461,2939
85607,338,24,1078,0,0,11200,0,0,0,10755253,10755253,2939
85623,338,131,1078,0,0,11200,0,0,0,10757613,10757613,2939
85638,338,188,1078,0,0,11200,0,0,0,10759702,10759702,2939
85654,338,240,1078,0,0,11200,0,0,0,10761969,10761969,2939
85669,338,292,1078,0,0,11200,0,0,0,10764048,10764048,2939
85684,338,343,1078,0,0,11200,0,0,0,10766003,10766003,2939
85700,338,417,1078,0,0,11200,0,0,0,10768153,10768153,2939
85715,338,466,1078,0,0,11200,0,0,0,10770126,10770126,2939
85731,338,522,1078,0,0,11200,0,0,0,10771933,10771933,2939
85746,338,582,1078,0,0,11200,0,0,0,10773861,10773861,2939
85761,338,645,1078,0,0,11200,0,0,0,10775934,10775934,2939
85776,338,702,1078,0,0,11200,0,0,0,10777687,10777687,2939
85792,338,737,1078,0,0,11200,0,0,0,10779465,10779465,2939
85807,338,792,1078,0,0,11200,0,0,0,10780904,10780904,2939
85822,338,853,1078,0,0,11200,0,0,0,10782501,10782501,2939
85837,338,934,1078,0,0,11200,0,0,0,10784538,10784538,2939
85853,338,951,1078,0,0,11200,0,0,0,10785254,10785254,2939
85869,339,995,1078,0,0,11200,0,0,0,10786604,10786604,2939
85884,339,1063,1078,0,0,11200,0,0,0,10788665,10788665,2939
85900,339,104,1078,0,0,11200,0,0,0,10790898,10790898,2939
85915,339,154,1078,0,0,11200,0,0,0,10793149,10793149,2939
85930,339,194,1078,0,0,11200,0,0,0,10795034,10795034,2939
85946,339,247,1078,0,0,11200,0,0,0,10797152,10797152,2939
85961,339,297,1078,0,0,11200,0,0,0,10799145,10799145,2939
85977,339,344,1078,0,0,11200,0,0,0,10801228,10801228,2939
85992,339,411,1078,0,0,11200,0,0,0,10803285,10803285,2939
86008,339,470,1078,0,0,11200,0,0,0,10805351,10805351,2939
86023,339,525,1078,0,0,11200,0,0,0,10807354,10807354,2939
86039,339,589,1078,0,0,11200,0,0,0,10809420,10809420,2939
86054,339,661,1078,0,0,11200,0,0,0,10811543,10811543,2939
86069,339,718,1078,0,0,11200,0,0,0,10813351,10813351,2939
86084,339,786,1078,0,0,11200,0,0,0,10815024,10815024,2939
86100,339,839,1078,0,0,11200,0,0,0,10816826,10816826,2939
86116,339,919,1078,0,0,11200,0,0,0,10818625,10818625,2939
86131,339,984,1078,0,0,11200,0,0,0,10820254,10820254,2939
86146,340,1046,1078,0,0,11200,0,0,0,10821850,10821850,2939
86162,340,23,1078,0,0,11200,0,0,0,10823811,10823811,2939
86177,340,134,1078,0,0,11200,0,0,0,10826093,10826093,2939
86192,340,195,1078,0,0,11200,0,0,0,10828204,10828204,2939
86207,340,242,1078,0,0,11200,0,0,0,10830485,10830485,2939
86222,340,284,1078,0,0,11200,0,0,0,10832514,10832514,2939
86237,340,359,1078,0,0,11200,0,0,0,10834507,10834507,2939
86253,340,420,1078,0,0,11200,0,0,0,10836475,10836475,2939
86268,340,483,1078,0,0,11200,0,0,0,10838392,10838392,2939
86284,340,552,1078,0,0,11200,0,0,0,10840439,10840439,2939
86299,340,635,1078,0,0,11200,0,0,0,10842520,10842520,2939
86314,340,695,1078,0,0,11200,0,0,0,10844501,10844501,2939
86330,340,757,1078,0,0,11200,0,0,0,10846141,10846141,2939
86345,340,817,1078,0,0,11200,0,0,0,10847847,10847847,2939
86361,340,871,1078,0,0,11200,0,0,0,10849532,10849532,2939
86376,340,950,1078,0,0,11200,0,0,0,10851116,10851116,2939
86392,341,1013,1078,0,0,11200,0,0,0,10852812,10852812,2939
86407,341,1066,1078,0,0,11200,0,0,0,10854621,10854621,2939
86423,341,103,1078,0,0,11200,0,0,0,10856966,10856966,2939
86438,341,167,1078,0,0,11200,0,0,0,10859272,10859272,2939
86453,341,233,1078,0,0,11200,0,0,0,10861669,10861669,2939
86468,341,275,1078,0,0,11200,0,0,0,10863644,10863644,2939
86484,341,320,1078,0,0,11200,0,0,0,10865605,10865605,2939
86499,341,383,1078,0,0,11200,0,0,0,10867711,10867711,2939
86514,341,449,1078,0,0,11200,0,0,0,10869679,10869679,2939
86529,341,492,1078,0,0,11200,0,0,0,10871461,10871461,2939
86544,341,554,1078,0,0,11200,0,0,0,10873504,10873504,2939
86560,341,615,1078,0,0,11200,0,0,0,10875404,10875404,2939
86577,341,688,1078,0,0,11200,0,0,0,10877431,10877431,2939
86593,341,743,1078,0,0,11200,0,0,0,10879374,10879374,2939
86608,341,819,1078,0,0,11200,0,0,0,10881045,10881045,2939
86624,341,869,1078,0,0,11200,0,0,0,10882851,10882851,2939
86646,341,938,1078,0,0,11200,0,0,0,10884302,10884302,2939
86662,342,1012,1078,0,0,11200,0,0,0,10886350,10886350,2939
86677,342,1077,1078,0,0,11200,0,0,0,10888251,10888251,2939
86692,342,95,1078,0,0,11200,0,0,0,10890551,10890551,2939
86707,342,137,1078,0,0,11200,0,0,0,10892654,10892654,2939
86722,342,191,1078,0,0,11200,0,0,0,10894852,10894852,2939
86738,342,246,1078,0,0,11200,0,0,0,10897282,10897282,2939
86753,342,292,1078,0,0,11200,0,0,0,10899126,10899126,2939
86768,342,345,1078,0,0,11200,0,0,0,10901088,10901088,2939
86783,342,414,1078,0,0,11200,0,0,0,10903175,10903175,2939
86798,342,472,1078,0,0,11200,0,0,0,10905008,10905008,2939
86814,342,526,1078,0,0,11200,0,0,0,10906857,10906857,2939
86829,342,608,1078,0,0,11200,0,0,0,10908719,10908719,2939
86844,342,671,1078,0,0,11200,0,0,0,10910455,10910455,2939
86860,342,728,1078,0,0,11200,0,0,0,10912454,10912454,2939
86875,342,798,1078,0,0,11200,0,0,0,10914077,10914077,2939
86890,342,855,1078,0,0,11200,0,0,0,10915745,10915745,2939
86905,342,937,1078,0,0,11200,0,0,0,10917663,10917663,2939
86921,342,985,1078,0,0,11200,0,0,0,10919309,10919309,2939
86936,343,1038,1078,0,0,11200,0,0,0,10921016,10921016,2939
86951,343,21,1078,0,0,11200,0,0,0,10923129,10923129,2939
86967,343,128,1078,0,0,11200,0,0,0,10925357,10925357,2939
86982,343,176,1078,0,0,11200,0,0,0,10927641,10927641,2939
86997,343,233,1078,0,0,11200,0,0,0,10930107,10930107,2939
87013,343,280,1078,0,0,11200,0,0,0,10932131,10932131,2939
87028,343,323,1078,0,0,11200,0,0,0,10934118,10934118,2939
87043,343,363,1078,0,0,11200,0,0,0,10935572,10935572,2939
87059,343,421,1078,0,0,11200,0,0,0,10937831,10937831,2939
87074,343,472,1078,0,0,11200,0,0,0,10939745,10939745,2939
87091,343,537,1078,0,0,11200,0,0,0,10941772,10941772,2939
87106,343,599,1078,0,0,11200,0,0,0,10943755,10943755,2939
87122,343,679,1078,0,0,11200,0,0,0,10945887,10945887,2939
87138,343,733,1078,0,0,11200,0,0,0,10947868,10947868,2939
87153,343,800,1078,0,0,11200,0,0,0,10949500,10949500,2939
87169,343,869,1078,0,0,11200,0,0,0,10951536,10951536,2939
87195,343,938,1078,0,0,11200,0,0,0,10953203,10953203,2939
87210,343,985,1079,1,0,11200,0,0,0,10955209,10955209,2939
87225,344,1028,1079,1,0,11200,0,0,0,10956231,10956231,2939
87240,344,3,1079,0,0,11200,0,0,0,10957825,10957825,2939
87256,344,108,1079,0,0,11200,0,0,0,10960259,10960259,2939
87271,344,162,1079,0,0,11200,0,0,0,10962539,10962539,2939
87286,344,221,1079,0,0,11200,0,0,0,10964751,10964751,2939
87302,344,259,1079,0,0,11200,0,0,0,10966871,10966871,2939
87317,344,301,1079,0,0,11200,0,0,0,10968809,10968809,2939
87332,344,350,1079,0,0,11200,0,0,0,10970917,10970917,2939
87347,344,434,1079,0,0,11200,0,0,0,10973028,10973028,2939
87363,344,501,1079,0,0,11200,0,0,0,10974801,10974801,2939
87378,344,566,1079,0,0,11200,0,0,0,10976853,10976853,2939
87393,344,635,1079,0,0,11200,0,0,0,10978941,10978941,2939
87409,344,685,1079,0,0,11200,0,0,0,10980740,10980740,2939
87424,344,737,1079,0,0,11200,0,0,0,10982757,10982757,2939
87439,344,819,1079,0,0,11200,0,0,0,10984604,10984604,2939
87454,344,909,1079,0,0,11200,0,0,0,10986487,10986487,2939
87469,344,957,1079,0,0,11200,0,0,0,10987992,10987992,2939
87485,345,1027,1079,0,0,11200,0,0,0,10989850,10989850,2939
87500,345,11,1079,0,0,11200,0,0,0,10991894,10991894,2939
87515,345,126,1079,0,0,11200,0,0,0,10994256,10994256,2939
87531,345,178,1079,0,0,11200,0,0,0,10996490,10996490,2939
87546,345,224,1079,0,0,11200,0,0,0,10998857,10998857,2939
87562,345,267,1079,0,0,11200,0,0,0,11000936,11000936,2939
87577,345,313,1079,0,0,11200,0,0,0,11002846,11002846,2939
87592,345,374,1079,0,0,11200,0,0,0,11004982,11004982,2939
87607,345,439,1079,0,0,11200,0,0,0,11007100,11007100,2939
87623,345,481,1079,0,0,11200,0,0,0,11008936,11008936,2939
87638,345,560,1079,0,0,11200,0,0,0,11011074,11011074,2939
87653,345,613,1079,0,0,11200,0,0,0,11012970,11012970,2939
87668,345,685,1079,0,0,11200,0,0,0,11014662,11014662,2939
87683,345,728,1079,0,0,11200,0,0,0,11016406,11016406,2939
87698,345,807,1079,0,0,11200,0,0,0,11018085,11018085,2939
87714,345,869,1079,0,0,11200,0,0,0,11019880,11019880,2939
87729,345,928,1079,0,0,11200,0,0,0,11021107,11021107,2939
87744,345,949,1079,0,0,11200,0,0,0,11021625,11021625,2939
87759,346,998,1079,0,0,11200,0,0,0,11022745,11022745,2939
87775,346,1061,1079,0,0,11200,0,0,0,11024570,11024570,2939
87790,346,71,1079,0,0,11200,0,0,0,11026758,11026758,2939
87806,346,163,1079,0,0,11200,0,0,0,11029112,11029112,2939
87821,346,214,1079,0,0,11200,0,0,0,11031167,11031167,2939
87837,346,261,1079,0,0,11200,0,0,0,11033504,11033504,2939
87852,346,317,1079,0,0,11200,0,0,0,11035593,11035593,2939
87867,346,377,1079,0,0,11200,0,0,0,11037740,11037740,2939
87883,346,454,1079,0,0,11200,0,0,0,11039707,11039707,2939
87898,346,522,1079,0,0,11200,0,0,0,11041701,11041701,2939
87913,346,610,1079,0,0,11200,0,0,0,11043728,11043728,2939
87929,346,681,1079,0,0,11200,0,0,0,11045884,11045884,2939
87944,346,733,1079,0,0,11200,0,0,0,11047567,11047567,2939
87959,346,800,1079,0,0,11200,0,0,0,11049217,11049217,2939
87974,346,858,1079,0,0,11200,0,0,0,11051054,11051054,2939
87989,346,926,1079,0,0,11200,0,0,0,11052730,11052730,2939
88005,346,942,1079,0,0,11200,0,0,0,11053262,11053262,2939
88021,347,1012,1079,0,0,11200,0,0,0,11055139,11055139,2939
88036,347,5,1079,0,0,11200,0,0,0,11057199,11057199,2939
88052,347,117,1079,0,0,11200,0,0,0,11059569,11059569,2939
88067,347,176,1079,0,0,11200,0,0,0,11061775,11061775,2939
88083,347,232,1079,0,0,11200,0,0,0,11064105,11064105,2939
88098,347,275,1079,0,0,11200,0,0,0,11066054,11066054,2939
88113,347,318,1079,0,0,11200,0,0,0,11067926,11067926,2939
88129,347,383,1079,0,0,11200,0,0,0,11070129,11070129,2939
88144,347,455,1079,0,0,11200,0,0,0,11072127,11072127,2939
88160,347,508,1079,0,0,11200,0,0,0,11074016,11074016,2939
88175,347,574,1079,0,0,11200,0,0,0,11075960,11075960,2939
88191,347,654,1080,1,0,11200,0,0,0,11077954,11077954,2939
88206,347,704,1080,1,0,11200,0,0,0,11079607,11079607,2939
88221,347,757,1080,1,0,11200,0,0,0,11081254,11081254,2939
88237,347,829,1080,1,0,11200,0,0,0,11083021,11083021,2939
88252,347,896,1080,1,0,11200,0,0,0,11085097,11085097,2939
88274,347,938,1080,1,0,11200,0,0,0,11086001,11086001,2939
88299,347,992,1080,1,0,11200,0,0,0,11087759,11087759,2939
88315,348,1068,1080,1,0,11200,0,0,0,11089884,11089884,2939
88330,348,76,1080,1,0,11200,0,0,0,11092242,11092242,2939
88345,348,141,1080,1,0,11200,0,0,0,11094328,11094328,2939
88361,348,192,1080,1,0,11200,0,0,0,11096626,11096626,2939
88377,348,247,1080,1,0,11200,0,0,0,11098870,11098870,2939
88392,348,284,1080,1,0,11200,0,0,0,11100794,11100794,2939
88407,348,335,1080,1,0,11200,0,0,0,11102647,11102647,2939
88422,348,399,1080,1,0,11200,0,0,0,11104679,11104679,2939
88438,348,467,1080,1,0,11200,0,0,0,11106729,11106729,2939
88454,348,533,1080,1,0,11200,0,0,0,11108656,11108656,2939
88470,348,589,1080,1,0,11200,0,0,0,11110496,11110496,2939
88486,348,654,1080,1,0,11200,0,0,0,11112477,11112477,2939
88501,348,704,1080,1,0,11200,0,0,0,11113853,11113853,2939
88516,348,760,1080,1,0,11200,0,0,0,11115500,11115500,2939
88532,348,834,1080,1,0,11200,0,0,0,11117128,11117128,2939
88547,348,894,1080,1,0,11200,0,0,0,11118833,11118833,2939
88562,348,942,1080,1,0,11200,0,0,0,11120167,11120167,2939
88580,348,992,1080,1,0,11200,0,0,0,11121733,11121733,2939
88596,349,1077,1080,1,0,11200,0,0,0,11123748,11123748,2939
88611,349,107,1080,1,0,11200,0,0,0,11126129,11126129,2939
88627,349,152,1080,1,0,11200,0,0,0,11128185,11128185,2939
88642,349,215,1080,1,0,11200,0,0,0,11130664,11130664,2939
88658,349,267,1080,1,0,11200,0,0,0,11132718,11132718,2939
88673,349,315,1080,1,0,11200,0,0,0,11134767,11134767,2939
88688,349,378,1080,1,0,11200,0,0,0,11136906,11136906,2939
88703,349,466,1080,1,0,11200,0,0,0,11138892,11138892,2939
88719,349,522,1080,1,0,11200,0,0,0,11140900,11140900,2939
88734,349,590,1080,1,0,11200,0,0,0,11142896,11142896,2939
88750,349,674,1080,1,0,11200,0,0,0,11145103,11145103,2939
88765,349,725,1080,1,0,11200,0,0,0,11146993,11146993,2939
88780,349,769,1080,1,0,11200,0,0,0,11148486,11148486,2939
88796,349,829,1080,1,0,11200,0,0,0,11150184,11150184,2939
88811,349,884,1080,1,0,11200,0,0,0,11151858,11151858,2939
88833,349,938,1080,1,0,11200,0,0,0,11153360,11153360,2939
88852,349,992,1080,1,0,11200,0,0,0,11154994,11154994,2939
88868,350,1060,1080,1,0,11200,0,0,0,11157110,11157110,2939
88883,350,63,1080,1,0,11200,0,0,0,11159346,11159346,2939
88898,350,135,1080,1,0,11200,0,0,0,11161617,11161617,2939
88914,350,193,1080,1,0,11200,0,0,0,11164156,11164156,2939
88929,350,249,1080,1,0,11200,0,0,0,11166331,11166331,2939
88944,350,299,1080,1,0,11200,0,0,0,11168243,11168243,2939
88959,350,363,1080,1,0,11200,0,0,0,11170516,11170516,2939
88975,350,426,1080,1,0,11200,0,0,0,11172468,11172468,2939
88990,350,477,1080,1,0,11200,0,0,0,11174364,11174364,2939
89006,350,544,1080,1,0,11200,0,0,0,11176553,11176553,2939
89021,350,610,1080,1,0,11200,0,0,0,11178427,11178427,2939
89036,350,668,1080,1,0,11200,0,0,0,11180290,11180290,2939
89051,350,722,1080,1,0,11200,0,0,0,11181998,11181998,2939
89067,350,769,1080,1,0,11200,0,0,0,11183341,11183341,2939
89082,350,837,1080,1,0,11200,0,0,0,11184974,11184974,2939
89105,350,938,1080,1,0,11200,0,0,0,11186965,11186965,2939
89121,350,992,1080,1,0,11200,0,0,0,11188617,11188617,2939
89136,351,1061,1080,1,0,11200,0,0,0,11190682,11190682,2939
89151,351,95,1080,1,0,11200,0,0,0,11193114,11193114,2939
89167,351,158,1080,1,0,11200,0,0,0,11195249,11195249,2939
89182,351,215,1080,1,0,11200,0,0,0,11197575,11197575,2939
89197,351,261,1080,1,0,11200,0,0,0,11199634,11199634,2939
89212,351,310,1080,1,0,11200,0,0,0,11201518,11201518,2939
89227,351,364,1080,1,0,11200,0,0,0,11203268,11203268,2939
89243,351,437,1080,1,0,11200,0,0,0,11205460,11205460,2939
89258,351,482,1080,1,0,11200,0,0,0,11207280,11207280,2939
89273,351,553,1080,1,0,11200,0,0,0,11209237,11209237,2939
89288,351,610,1080,1,0,11200,0,0,0,11211280,11211280,2939
89303,351,685,1080,1,0,11200,0,0,0,11213314,11213314,2939
89319,351,744,1080,1,0,11200,0,0,0,11215111,11215111,2939
89334,351,827,1080,1,0,11200,0,0,0,11216870,11216870,2939
89350,351,885,1080,1,0,11200,0,0,0,11218673,11218673,2939
89366,351,962,1080,1,0,11200,0,0,0,11220481,11220481,2939
89381,352,1025,1080,1,0,11200,0,0,0,11221886,11221886,2939
89396,352,14,1080,1,0,11200,0,0,0,11223864,11223864,2939
89412,352,122,1080,1,0,11200,0,0,0,11226181,11226181,2939
89427,352,177,1080,1,0,11200,0,0,0,11228306,11228306,2939
89443,352,226,1080,1,0,11200,0,0,0,11230572,11230572,2939
89458,352,275,1080,1,0,11200,0,0,0,11232707,11232707,2939
89474,352,331,1080,1,0,11200,0,0,0,11234585,11234585,2939
89489,352,411,1080,1,0,11200,0,0,0,11236770,11236770,2939
89504,352,479,1080,1,0,11200,0,0,0,11238862,11238862,2939
89519,352,559,1080,1,0,11200,0,0,0,11241166,11241166,2939
89535,352,615,1080,1,0,11200,0,0,0,11242871,11242871,2939
89550,352,685,1080,1,0,11200,0,0,0,11244888,11244888,2939
89565,352,736,1080,1,0,11200,0,0,0,11246684,11246684,2939
89580,352,811,1080,1,0,11200,0,0,0,11248363,11248363,2939
89596,352,884,1080,1,0,11200,0,0,0,11250256,11250256,2939
89617,352,938,1080,1,0,11200,0,0,0,11251564,11251564,2939
89636,352,992,1080,1,0,11200,0,0,0,11253231,11253231,2939
89651,353,1054,1080,1,0,11200,0,0,0,11255367,11255367,2939
89666,353,50,1080,1,0,11200,0,0,0,11257725,11257725,2939
89682,353,144,1080,1,0,11200,0,0,0,11260058,11260058,2939
89697,353,188,1080,1,0,11200,0,0,0,11262039,11262039,2939
89713,353,241,1080,1,0,11200,0,0,0,11264287,11264287,2939
89728,353,283,1080,1,0,11200,0,0,0,11266336,11266336,2939
89744,353,344,1080,1,0,11200,0,0,0,11268444,11268444,2939
89759,353,433,1080,1,0,11200,0,0,0,11270387,11270387,2939
89775,353,502,1080,1,0,11200,0,0,0,11272443,11272443,2939
89790,353,565,1080,1,0,11200,0,0,0,11274503,11274503,2939
89805,353,640,1080,1,0,11200,0,0,0,11276433,11276433,2939
89821,353,700,1080,1,0,11200,0,0,0,11278111,11278111,2939
89837,353,753,1080,1,0,11200,0,0,0,11279907,11279907,2939
89852,353,819,1080,1,0,11200,0,0,0,11281523,11281523,2939
89867,353,869,1080,1,0,11200,0,0,0,11283284,11283284,2939
89890,353,938,1080,1,0,11200,0,0,0,11284837,11284837,2939
89907,353,992,1080,1,0,11200,0,0,0,11286550,11286550,2939
89922,354,1064,1080,1,0,11200,0,0,0,11288654,11288654,2939
89938,354,104,1080,0,0,11200,0,0,0,11290798,11290798,2939
89954,354,148,1080,0,0,11200,0,0,0,11292838,11292838,2939
89969,354,192,1080,0,0,11200,0,0,0,11295025,11295025,2939
89984,354,243,1080,0,0,11200,0,0,0,11297392,11297392,2939
90000,354,284,1080,0,0,11200,0,0,0,11299349,11299349,2939
90015,354,332,1080,0,0,11200,0,0,0,11301237,11301237,2939
90030,354,397,1080,0,0,11200,0,0,0,11303271,11303271,2939
90045,354,473,1080,0,0,11200,0,0,0,11305322,11305322,2939
90060,354,531,1080,0,0,11200,0,0,0,11307156,11307156,2939
90075,354,595,1080,0,0,11200,0,0,0,11308932,11308932,2939
90091,354,653,1080,0,0,11200,0,0,0,11310806,11310806,2939
90106,354,706,1080,0,0,11200,0,0,0,11312375,11312375,2939
90121,354,753,1080,0,0,11200,0,0,0,11313986,11313986,2939
90138,354,829,1080,0,0,11200,0,0,0,11315624,11315624,2939
90153,354,896,1080,0,0,11200,0,0,0,11317514,11317514,2939
90172,354,938,1080,0,0,11200,0,0,0,11318270,11318270,2939
90188,354,992,1081,1,0,11200,0,0,0,11320187,11320187,2939
90203,355,1045,1081,1,0,11200,0,0,0,11322041,11322041,2939
90218,355,19,1081,1,0,11200,0,0,0,11324066,11324066,2939
90234,355,132,1081,1,0,11200,0,0,0,11326261,11326261,2939
90249,355,184,1081,1,0,11200,0,0,0,11328297,11328297,2939
90264,355,237,1081,1,0,11200,0,0,0,11330501,11330501,2939
90280,355,283,1081,1,0,11200,0,0,0,11332519,11332519,2939
90295,355,335,1081,1,0,11200,0,0,0,11334371,11334371,2939
90310,355,402,1081,1,0,11200,0,0,0,11336338,11336338,2939
90326,355,473,1081,1,0,11200,0,0,0,11338424,11338424,2939
90341,355,538,1081,1,0,11200,0,0,0,11340314,11340314,2939
90357,355,592,1081,1,0,11200,0,0,0,11342147,11342147,2939
90373,355,665,1081,1,0,11200,0,0,0,11344057,11344057,2939
90389,355,719,1081,1,0,11200,0,0,0,11345971,11345971,2939
90404,355,771,1081,1,0,11200,0,0,0,11347579,11347579,2939
90419,355,847,1081,1,0,11200,0,0,0,11349491,11349491,2939
90436,355,903,1081,1,0,11200,0,0,0,11351090,11351090,2939
90451,355,949,1081,1,0,11200,0,0,0,11352677,11352677,2939
90471,355,992,1081,1,0,11200,0,0,0,11354021,11354021,2939
90487,356,1076,1081,1,0,11200,0,0,0,11355940,11355940,2939
90503,356,106,1081,1,0,11200,0,0,0,11358392,11358392,2939
90519,356,163,1081,1,0,11200,0,0,0,11360579,11360579,2939
90534,356,219,1081,1,0,11200,0,0,0,11363086,11363086,2939
90550,356,266,1081,1,0,11200,0,0,0,11365397,11365397,2939
90565,356,314,1081,1,0,11200,0,0,0,11367470,11367470,2939
90580,356,378,1081,1,0,11200,0,0,0,11369262,11369262,2939
90595,356,450,1081,1,0,11200,0,0,0,11371402,11371402,2939
90611,356,516,1081,1,0,11200,0,0,0,11373442,11373442,2939
90626,356,598,1081,1,0,11200,0,0,0,11375562,11375562,2939
90641,356,686,1081,1,0,11200,0,0,0,11377665,11377665,2939
90656,356,740,1081,1,0,11200,0,0,0,11379736,11379736,2939
90672,356,819,1081,1,0,11200,0,0,0,11381635,11381635,2939
90688,356,894,1081,1,0,11200,0,0,0,11383583,11383583,2939
90703,356,940,1081,1,0,11200,0,0,0,11384532,11384532,2939
90723,356,992,1081,1,0,11200,0,0,0,11386249,11386249,2939
90738,357,1061,1081,1,0,11200,0,0,0,11388119,11388119,2939
90753,357,67,1081,1,0,11200,0,0,0,11390419,11390419,2939
90769,357,147,1081,1,0,11200,0,0,0,11392567,11392567,2939
90785,357,215,1081,1,0,11200,0,0,0,11394668,11394668,2939
90800,357,266,1082,2,0,11200,0,0,0,11396903,11396903,2939
90815,357,319,1082,2,0,11200,0,0,0,11398816,11398816,2939
90830,357,380,1082,2,0,11200,0,0,0,11400754,11400754,2939
90845,357,440,1082,2,0,11200,0,0,0,11402696,11402696,2939
90860,357,491,1082,2,0,11200,0,0,0,11404469,11404469,2939
90875,357,566,1082,2,0,11200,0,0,0,11406628,11406628,2939
90890,357,619,1082,2,0,11200,0,0,0,11408249,11408249,2939
90905,357,688,1082,2,0,11200,0,0,0,11410133,11410133,2939
90920,357,744,1082,2,0,11200,0,0,0,11411944,11411944,2939
90935,357,817,1082,2,0,11200,0,0,0,11413696,11413696,2939
90951,357,893,1082,2,0,11200,0,0,0,11415629,11415629,2939
90966,357,950,1082,2,0,11200,0,0,0,11416967,11416967,2939
90983,358,1027,1082,2,0,11200,0,0,0,11419211,11419211,2939
90998,358,5,1082,1,0,11200,0,0,0,11420887,11420887,2939
91013,358,115,1082,1,0,11200,0,0,0,11423236,11423236,2939
91029,358,163,1083,2,0,11200,0,0,0,11425372,11425372,2940
91044,358,217,1083,2,0,11200,0,0,0,11427774,11427774,2940
91059,358,257,1083,2,0,11200,0,0,0,11429820,11429820,2940
91074,358,301,1083,2,0,11200,0,0,0,11431669,11431669,2940
91090,358,367,1083,2,0,11200,0,0,0,11433484,11433484,2940
91105,358,430,1083,2,0,11200,0,0,0,11435331,11435331,2940
91120,358,481,1083,2,0,11200,0,0,0,11437106,11437106,2940
91135,358,547,1083,2,0,11200,0,0,0,11439213,11439213,2940
91151,358,640,1083,2,0,11200,0,0,0,11441466,11441466,2940
91166,358,696,1083,2,0,11200,0,0,0,11443395,11443395,2940
91182,358,753,1083,2,0,11200,0,0,0,11445206,11445206,2940
91197,358,811,1083,2,0,11200,0,0,0,11446763,11446763,2940
91213,358,869,1083,2,0,11200,0,0,0,11448392,11448392,2940
91230,358,938,1083,2,0,11200,0,0,0,11450074,11450074,2940
91248,358,992,1083,2,0,11200,0,0,0,11452000,11452000,2940
91264,359,1061,1083,2,0,11200,0,0,0,11453897,11453897,2940
91279,359,29,1083,1,0,11200,0,0,0,11456177,11456177,2940
91294,359,136,1083,1,0,11200,0,0,0,11458558,11458558,2940
91310,359,184,1083,1,0,11200,0,0,0,11460777,11460777,2940
91326,359,240,1083,1,0,11200,0,0,0,11462975,11462975,2940
91341,359,277,1083,1,0,11200,0,0,0,11465009,11465009,2940
91356,359,331,1083,1,0,11200,0,0,0,11467136,11467136,2940
91371,359,391,1083,1,0,11200,0,0,0,11469186,11469186,2940
91387,359,457,1083,1,0,11200,0,0,0,11471244,11471244,2940
91402,359,522,1083,1,0,11200,0,0,0,11473356,11473356,2940
91417,359,584,1083,1,0,11200,0,0,0,11475438,11475438,2940
91432,359,645,1083,1,0,11200,0,0,0,11477452,11477452,2940
91448,359,713,1083,1,0,11200,0,0,0,11479126,11479126,2940
91463,359,769,1083,1,0,11200,0,0,0,11480655,11480655,2940
91479,359,834,1083,1,0,11200,0,0,0,11482227,11482227,2940
91502,359,887,1083,1,0,11200,0,0,0,11483782,11483782,2940
91517,359,944,1083,1,0,11200,0,0,0,11485307,11485307,2940
91533,359,992,1084,2,0,11200,0,0,0,11486883,11486883,2940
91549,360,1068,1084,2,0,11200,0,0,0,11488781,11488781,2940
91564,360,32,1084,2,0,11200,0,0,0,11490677,11490677,2940
91579,360,135,1084,2,0,11200,0,0,0,11492650,11492650,2940
91594,360,189,1084,2,0,11200,0,0,0,11494869,11494869,2940
91609,360,242,1084,2,0,11200,0,0,0,11497152,11497152,2940
91625,360,281,1084,2,0,11200,0,0,0,11498987,11498987,2940
91640,360,341,1084,2,0,11200,0,0,0,11501001,11501001,2940
91655,360,418,1084,2,0,11200,0,0,0,11502930,11502930,2940
91670,360,477,1084,2,0,11200,0,0,0,11504659,11504659,2940
91686,360,522,1084,2,0,11200,0,0,0,11506451,11506451,2940
91702,360,582,1084,2,0,11200,0,0,0,11508437,11508437,2940
91717,360,655,1084,2,0,11200,0,0,0,11510432,11510432,2940
91732,360,704,1084,2,0,11200,0,0,0,11512147,11512147,2940
91748,360,766,1084,2,0,11200,0,0,0,11513842,11513842,2940
91763,360,819,1084,2,0,11200,0,0,0,11515348,11515348,2940
91778,360,896,1085,3,0,11200,0,0,0,11517205,11517205,2940
91794,360,968,1085,3,0,11200,0,0,0,11518959,11518959,2940
91809,361,1023,1085,3,0,11200,0,0,0,11520343,11520343,2940
91824,361,1063,1085,3,0,11200,0,0,0,11521652,11521652,2940
91840,361,32,1085,2,0,11200,0,0,0,11523758,11523758,2940
91855,361,141,1086,3,0,11200,0,0,0,11525830,11525830,2941
91870,361,202,1086,3,0,11200,0,0,0,11528191,11528191,2941
91886,361,251,1086,3,0,11200,0,0,0,11530463,11530463,2941
91902,361,299,1086,3,0,11200,0,0,0,11532657,11532657,2941
91918,361,358,1086,3,0,11200,0,0,0,11534599,11534599,2941
91933,361,402,1086,3,0,11200,0,0,0,11536525,11536525,2941
91949,361,466,1086,3,0,11200,0,0,0,11538458,11538458,2941
91964,361,522,1086,3,0,11200,0,0,0,11540362,11540362,2941
91979,361,592,1086,3,0,11200,0,0,0,11542389,11542389,2941
91994,361,655,1086,3,0,11200,0,0,0,11544372,11544372,2941
92010,361,716,1086,3,0,11200,0,0,0,11546494,11546494,2941
92025,361,768,1086,3,0,11200,0,0,0,11548137,11548137,2941
92040,361,831,1086,3,0,11200,0,0,0,11549829,11549829,2941
92056,361,920,1086,3,0,11200,0,0,0,11551887,11551887,2941
92072,361,938,1086,3,0,11200,0,0,0,11552442,11552442,2941
92090,361,992,1086,3,0,11200,0,0,0,11554006,11554006,2941
92105,362,1058,1086,3,0,11200,0,0,0,11555891,11555891,2941
92120,362,72,1086,2,0,11200,0,0,0,11558343,11558343,2941
92136,362,144,1086,2,0,11200,0,0,0,11560502,11560502,2941
92151,362,210,1086,2,0,11200,0,0,0,11562858,11562858,2941
92166,362,257,1086,2,0,11200,0,0,0,11565168,11565168,2941
92181,362,299,1086,2,0,11200,0,0,0,11567120,11567120,2941
92196,362,345,1086,2,0,11200,0,0,0,11569068,11569068,2941
92211,362,417,1086,2,0,11200,0,0,0,11571256,11571256,2941
92227,362,478,1086,2,0,11200,0,0,0,11573263,11573263,2941
92243,362,553,1086,2,0,11200,0,0,0,11575284,11575284,2941
92258,362,609,1086,2,0,11200,0,0,0,11577253,11577253,2941
92275,362,688,1086,2,0,11200,0,0,0,11579450,11579450,2941
92290,362,735,1086,2,0,11200,0,0,0,11581259,11581259,2941
92305,362,813,1086,2,0,11200,0,0,0,11582968,11582968,2941
92320,362,871,1086,2,0,11200,0,0,0,11584600,11584600,2941
92336,362,942,1086,2,0,11200,0,0,0,11585995,11585995,2941
92351,362,998,1086,2,0,11200,0,0,0,11587802,11587802,2941
92366,363,1057,1086,2,0,11200,0,0,0,11589676,11589676,2941
92381,363,23,1086,2,0,11200,0,0,0,11591809,11591809,2941
92397,363,128,1086,2,0,11200,0,0,0,11594021,11594021,2941
92412,363,181,1086,2,0,11200,0,0,0,11596202,11596202,2941
92427,363,232,1086,2,0,11200,0,0,0,11598330,11598330,2941
92442,363,277,1086,2,0,11200,0,0,0,11600310,11600310,2941
92458,363,322,1086,2,0,11200,0,0,0,11602435,11602435,2941
92473,363,382,1086,2,0,11200,0,0,0,11604389,11604389,2941
92488,363,457,1086,2,0,11200,0,0,0,11606399,11606399,2941
92503,363,522,1086,2,0,11200,0,0,0,11608441,11608441,2941
92519,363,590,1086,2,0,11200,0,0,0,11610255,11610255,2941
92534,363,655,1086,2,0,11200,0,0,0,11612233,11612233,2941
92549,363,715,1086,2,0,11200,0,0,0,11614057,11614057,2941
92564,363,769,1086,2,0,11200,0,0,0,11615524,11615524,2941
92579,363,841,1086,2,0,11200,0,0,0,11617331,11617331,2941
92595,363,931,1087,3,0,11200,0,0,0,11619308,11619308,2941
92616,363,938,1087,3,0,11200,0,0,0,11619596,11619596,2941
92631,364,1016,1087,3,0,11200,0,0,0,11621666,11621666,2941
92646,364,1068,1087,3,0,11200,0,0,0,11623361,11623361,2941
92661,364,78,1087,3,0,11200,0,0,0,11625511,11625511,2941
92677,364,153,1087,3,0,11200,0,0,0,11627757,11627757,2941
92692,364,219,1087,3,0,11200,0,0,0,11630138,11630138,2941
92707,364,279,1087,3,0,11200,0,0,0,11632278,11632278,2941
92722,364,325,1087,3,0,11200,0,0,0,11634408,11634408,2941
92737,364,374,1087,3,0,11200,0,0,0,11635779,11635779,2941
92752,364,437,1087,3,0,11200,0,0,0,11637797,11637797,2941
92768,364,502,1087,3,0,11200,0,0,0,11639610,11639610,2941
92783,364,559,1087,3,0,11200,0,0,0,11641661,11641661,2941
92799,364,632,1087,3,0,11200,0,0,0,11643626,11643626,2941
92814,364,696,1087,3,0,11200,0,0,0,11645489,11645489,2941
92829,364,744,1087,3,0,11200,0,0,0,11647261,11647261,2941
92844,364,810,1087,3,0,11200,0,0,0,11648735,11648735,2941
92859,364,854,1087,3,0,11200,0,0,0,11650358,11650358,2941
92874,364,928,1088,4,0,11200,0,0,0,11652139,11652139,2941
92890,364,970,1088,4,0,11200,0,0,0,11653741,11653741,2941
92905,365,1021,1088,4,0,11200,0,0,0,11654892,11654892,2941
92920,365,1069,1088,4,0,11200,0,0,0,11656535,11656535,2941
92935,365,104,1088,4,0,11200,0,0,0,11658869,11658869,2941
92950,365,166,1088,4,0,11200,0,0,0,11661068,11661068,2941
92966,365,222,1088,4,0,11200,0,0,0,11663781,11663781,2941
92981,365,268,1088,4,0,11200,0,0,0,11666045,11666045,2941
92997,365,316,1088,4,0,11200,0,0,0,11668030,11668030,2941
93012,365,383,1088,4,0,11200,0,0,0,11670126,11670126,2941
93027,365,453,1088,4,0,11200,0,0,0,11672341,11672341,2941
93042,365,521,1088,4,0,11200,0,0,0,11674384,11674384,2941
93058,365,589,1088,4,0,11200,0,0,0,11676278,11676278,2941
93076,365,665,1088,4,0,11200,0,0,0,11678220,11678220,2941
93091,365,719,1088,4,0,11200,0,0,0,11680299,11680299,2941
93106,365,764,1088,4,0,11200,0,0,0,11681723,11681723,2941
93121,365,816,1088,4,0,11200,0,0,0,11682999,11682999,2941
93137,365,864,1088,4,0,11200,0,0,0,11684669,11684669,2941
93160,365,938,1088,4,0,11200,0,0,0,11686367,11686367,2941
93182,365,992,1088,4,0,11200,0,0,0,11688220,11688220,2941
93198,366,1057,1088,4,0,11200,0,0,0,11690194,11690194,2941
93213,366,28,1088,4,0,11200,0,0,0,11692470,11692470,2941
93228,366,141,1088,4,0,11200,0,0,0,11694695,11694695,2941
93244,366,217,1088,4,0,11200,0,0,0,11697303,11697303,2941
93259,366,262,1088,4,0,11200,0,0,0,11699703,11699703,2941
93274,366,313,1088,4,0,11200,0,0,0,11701681,11701681,2941
93289,366,375,1088,4,0,11200,0,0,0,11703786,11703786,2941
93305,366,437,1088,4,0,11200,0,0,0,11705870,11705870,2941
93320,366,498,1088,4,0,11200,0,0,0,11707922,11707922,2941
93336,366,554,1088,4,0,11200,0,0,0,11709930,11709930,2941
93351,366,626,1088,4,0,11200,0,0,0,11711776,11711776,2941
93366,366,696,1088,4,0,11200,0,0,0,11713788,11713788,2941
93381,366,740,1088,4,0,11200,0,0,0,11715502,11715502,2941
93396,366,800,1088,4,0,11200,0,0,0,11717023,11717023,2941
93412,366,869,1088,4,0,11200,0,0,0,11718754,11718754,2941
93428,366,938,1088,4,0,11200,0,0,0,11720429,11720429,2941
93449,366,992,1088,4,0,11200,0,0,0,11722172,11722172,2941
93465,367,1057,1088,4,0,11200,0,0,0,11724008,11724008,2941
93481,367,29,1088,3,0,11200,0,0,0,11726185,11726185,2941
93496,367,136,1088,3,0,11200,0,0,0,11728521,11728521,2941
93511,367,192,1088,3,0,11200,0,0,0,11730898,11730898,2941
93526,367,251,1088,3,0,11200,0,0,0,11733353,11733353,2941
93541,367,297,1088,3,0,11200,0,0,0,11735386,11735386,2941
93557,367,363,1088,3,0,11200,0,0,0,11737471,11737471,2941
93572,367,423,1088,3,0,11200,0,0,0,11739260,11739260,2941
93587,367,482,1088,3,0,11200,0,0,0,11741089,11741089,2941
93603,367,537,1088,3,0,11200,0,0,0,11742825,11742825,2941
93619,367,595,1088,3,0,11200,0,0,0,11744520,11744520,2941
93634,367,645,1088,3,0,11200,0,0,0,11746200,11746200,2941
93650,367,708,1088,3,0,11200,0,0,0,11747993,11747993,2941
93665,367,767,1088,3,0,11200,0,0,0,11749690,11749690,2941
93681,367,816,1088,3,0,11200,0,0,0,11750968,11750968,2941
93696,367,885,1088,3,0,11200,0,0,0,11752554,11752554,2941
93720,367,938,1088,3,0,11200,0,0,0,11754066,11754066,2941
93738,367,992,1088,3,0,11200,0,0,0,11755937,11755937,2941
93753,368,1061,1088,3,0,11200,0,0,0,11757743,11757743,2941
93768,368,103,1088,3,0,11200,0,0,0,11760078,11760078,2941
93783,368,161,1088,3,0,11200,0,0,0,11762316,11762316,2941
93798,368,219,1088,3,0,11200,0,0,0,11764803,11764803,2941
93814,368,276,1088,3,0,11200,0,0,0,11767282,11767282,2941
93829,368,332,1088,3,0,11200,0,0,0,11769489,11769489,2941
93845,368,403,1088,3,0,11200,0,0,0,11771605,11771605,2941
93860,368,463,1088,3,0,11200,0,0,0,11773519,11773519,2941
93875,368,508,1088,3,0,11200,0,0,0,11775280,11775280,2941
93890,368,582,1088,3,0,11200,0,0,0,11777221,11777221,2941
93905,368,632,1088,3,0,11200,0,0,0,11778922,11778922,2941
93920,368,685,1088,3,0,11200,0,0,0,11780692,11780692,2941
93936,368,736,1088,3,0,11200,0,0,0,11782604,11782604,2941
93951,368,811,1088,3,0,11200,0,0,0,11784110,11784110,2941
93966,368,885,1088,3,0,11200,0,0,0,11785907,11785907,2941
93982,368,942,1088,3,0,11200,0,0,0,11787544,11787544,2941
93997,369,1015,1088,3,0,11200,0,0,0,11789539,11789539,2941
94012,369,1060,1088,3,0,11200,0,0,0,11791292,11791292,2941
94028,369,31,1088,3,0,11200,0,0,0,11793742,11793742,2941
94043,369,150,1088,3,0,11200,0,0,0,11795996,11795996,2941
94058,369,208,1088,3,0,11200,0,0,0,11798387,11798387,2941
94074,369,258,1088,3,0,11200,0,0,0,11800580,11800580,2941
94089,369,309,1088,3,0,11200,0,0,0,11802587,11802587,2941
94105,369,371,1088,3,0,11200,0,0,0,11804419,11804419,2941
94120,369,454,1088,3,0,11200,0,0,0,11806558,11806558,2941
94135,369,514,1088,3,0,11200,0,0,0,11808430,11808430,2941
94151,369,584,1088,3,0,11200,0,0,0,11810489,11810489,2941
94166,369,645,1088,3,0,11200,0,0,0,11812313,11812313,2941
94182,369,706,1088,3,0,11200,0,0,0,11814092,11814092,2941
94198,369,756,1088,3,0,11200,0,0,0,11815863,11815863,2941
94213,369,820,1088,3,0,11200,0,0,0,11817577,11817577,2941
94228,369,880,1088,3,0,11200,0,0,0,11819185,11819185,2941
94248,369,938,1088,3,0,11200,0,0,0,11820381,11820381,2941
94270,369,992,1088,3,0,11200,0,0,0,11822241,11822241,2941
94285,370,1057,1088,3,0,11200,0,0,0,11823924,11823924,2941
94300,370,28,1088,3,0,11200,0,0,0,11826081,11826081,2941
94316,370,132,1088,3,0,11200,0,0,0,11828385,11828385,2941
94331,370,193,1088,3,0,11200,0,0,0,11830730,11830730,2941
94346,370,244,1088,3,0,11200,0,0,0,11833073,11833073,2941
94362,370,292,1088,3,0,11200,0,0,0,11835240,11835240,2941
94378,370,342,1088,3,0,11200,0,0,0,11837040,11837040,2941
94393,370,402,1088,3,0,11200,0,0,0,11839132,11839132,2941
94409,370,472,1088,3,0,11200,0,0,0,11841127,11841127,2941
94424,370,543,1089,4,0,11200,0,0,0,11843148,11843148,2941
94439,370,605,1089,4,0,11200,0,0,0,11845215,11845215,2941
94454,370,681,1089,4,0,11200,0,0,0,11847101,11847101,2941
94470,370,732,1089,4,0,11200,0,0,0,11848950,11848950,2941
94485,370,790,1089,4,0,11200,0,0,0,11850545,11850545,2941
94500,370,861,1089,4,0,11200,0,0,0,11852403,11852403,2941
94515,370,933,1089,4,0,11200,0,0,0,11854361,11854361,2941
94530,370,982,1089,4,0,11200,0,0,0,11855995,11855995,2941
94546,371,1057,1089,4,0,11200,0,0,0,11857836,11857836,2941
94561,371,24,1089,4,0,11200,0,0,0,11859939,11859939,2941
94576,371,132,1089,4,0,11200,0,0,0,11862088,11862088,2941
94591,371,181,1089,4,0,11200,0,0,0,11864339,11864339,2941
94606,371,239,1089,4,0,11200,0,0,0,11866712,11866712,2941
94622,371,282,1089,4,0,11200,0,0,0,11868906,11868906,2941
94637,371,335,1089,4,0,11200,0,0,0,11870959,11870959,2941
94652,371,402,1089,4,0,11200,0,0,0,11873053,11873053,2941
94668,371,467,1089,4,0,11200,0,0,0,11875072,11875072,2941
94683,371,528,1089,4,0,11200,0,0,0,11877090,11877090,2941
94698,371,610,1089,4,0,11200,0,0,0,11879001,11879001,2941
94713,371,681,1089,4,0,11200,0,0,0,11880942,11880942,2941
94728,371,726,1089,4,0,11200,0,0,0,11882634,11882634,2941
94744,371,786,1089,4,0,11200,0,0,0,11883986,11883986,2941
94759,371,837,1089,4,0,11200,0,0,0,11885913,11885913,2941
94774,371,920,1089,4,0,11200,0,0,0,11887812,11887812,2941
94790,371,962,1089,4,0,11200,0,0,0,11889060,11889060,2941
94805,372,1010,1089,4,0,11200,0,0,0,11890315,11890315,2941
94821,372,1078,1089,4,0,11200,0,0,0,11892208,11892208,2941
94836,372,106,1089,4,0,11200,0,0,0,11894588,11894588,2941
94852,372,163,1089,4,0,11200,0,0,0,11896782,11896782,2941
94867,372,220,1089,4,0,11200,0,0,0,11899133,11899133,2941
94883,372,269,1089,4,0,11200,0,0,0,11901485,11901485,2941
94898,372,324,1089,4,0,11200,0,0,0,11903624,11903624,2941
94913,372,391,1089,4,0,11200,0,0,0,11905897,11905897,2941
94928,372,472,1089,4,0,11200,0,0,0,11908000,11908000,2941
94944,372,556,1089,4,0,11200,0,0,0,11910210,11910210,2941
94960,372,615,1089,4,0,11200,0,0,0,11911937,11911937,2941
94977,372,688,1089,4,0,11200,0,0,0,11913877,11913877,2941
94993,372,738,1089,4,0,11200,0,0,0,11915795,11915795,2941
95008,372,791,1089,4,0,11200,0,0,0,11917243,11917243,2941
95023,372,855,1089,4,0,11200,0,0,0,11919019,11919019,2941
95046,372,938,1089,4,0,11200,0,0,0,11920763,11920763,2941
95062,372,991,1089,4,0,11200,0,0,0,11922697,11922697,2941
95077,373,1051,1089,4,0,11200,0,0,0,11924259,11924259,2941
95092,373,18,1089,4,0,11200,0,0,0,11926199,11926199,2941
95107,373,120,1089,4,0,11200,0,0,0,11928243,11928243,2941
95123,373,168,1089,4,0,11200,0,0,0,11930484,11930484,2941
95138,373,221,1089,4,0,11200,0,0,0,11932638,11932638,2941
95153,373,266,1089,4,0,11200,0,0,0,11934669,11934669,2941
95168,373,322,1089,4,0,11200,0,0,0,11936745,11936745,2941
95183,373,413,1089,4,0,11200,0,0,0,11938993,11938993,2941
95198,373,463,1089,4,0,11200,0,0,0,11940913,11940913,2941
95214,373,520,1089,4,0,11200,0,0,0,11942991,11942991,2941
95229,373,588,1089,4,0,11200,0,0,0,11944879,11944879,2941
95244,373,649,1089,4,0,11200,0,0,0,11946756,11946756,2941
95259,373,706,1089,4,0,11200,0,0,0,11948548,11948548,2941
95274,373,753,1089,4,0,11200,0,0,0,11950098,11950098,2941
95290,373,819,1089,4,0,11200,0,0,0,11951712,11951712,2941
95305,373,880,1089,4,0,11200,0,0,0,11953667,11953667,2941
95327,373,938,1089,4,0,11200,0,0,0,11955323,11955323,2941
95342,373,995,1089,4,0,11200,0,0,0,11956907,11956907,2941
95358,374,1047,1089,4,0,11200,0,0,0,11958456,11958456,2941
95373,374,95,1089,4,0,11200,0,0,0,11960702,11960702,2941
95388,374,141,1089,4,0,11200,0,0,0,11962617,11962617,2941
95403,374,210,1089,4,0,11200,0,0,0,11965020,11965020,2941
95419,374,253,1089,4,0,11200,0,0,0,11967381,11967381,2941
95434,374,305,1089,4,0,11200,0,0,0,11969578,11969578,2941
95450,374,345,1089,4,0,11200,0,0,0,11971562,11971562,2941
95465,374,414,1089,4,0,11200,0,0,0,11973540,11973540,2941
95480,374,481,1089,4,0,11200,0,0,0,11975436,11975436,2941
95495,374,553,1089,4,0,11200,0,0,0,11977469,11977469,2941
95511,374,608,1089,4,0,11200,0,0,0,11979309,11979309,2941
95526,374,666,1089,4,0,11200,0,0,0,11981000,11981000,2941
95541,374,716,1089,4,0,11200,0,0,0,11982770,11982770,2941
95558,374,769,1089,4,0,11200,0,0,0,11984372,11984372,2941
95574,374,829,1089,4,0,11200,0,0,0,11985978,11985978,2941
95589,374,922,1089,4,0,11200,0,0,0,11988016,11988016,2941
95605,374,982,1089,4,0,11200,0,0,0,11989635,11989635,2941
95621,375,1043,1089,4,0,11200,0,0,0,11991273,11991273,2941
95636,375,17,1089,4,0,11200,0,0,0,11993487,11993487,2941
95651,375,124,1089,4,0,11200,0,0,0,11995911,11995911,2941
95666,375,184,1089,4,0,11200,0,0,0,11998173,11998173,2941
95681,375,239,1089,4,0,11200,0,0,0,12000469,12000469,2941
95697,375,284,1089,4,0,11200,0,0,0,12002648,12002648,2941
95712,375,341,1089,4,0,11200,0,0,0,12004521,12004521,2941
95727,375,405,1089,4,0,11200,0,0,0,12006599,12006599,2941
95743,375,464,1089,4,0,11200,0,0,0,12008527,12008527,2941
95759,375,537,1089,4,0,11200,0,0,0,12010511,12010511,2941
95774,375,605,1089,4,0,11200,0,0,0,12012514,12012514,2941
95790,375,675,1089,4,0,11200,0,0,0,12014453,12014453,2941
95805,375,729,1089,4,0,11200,0,0,0,12016365,12016365,2941
95821,375,789,1089,4,0,11200,0,0,0,12017795,12017795,2941
95836,375,861,1089,4,0,11200,0,0,0,12019571,12019571,2941
95851,375,938,1089,4,0,11200,0,0,0,12021036,12021036,2941
95867,375,995,1089,4,0,11200,0,0,0,12022668,12022668,2941
95882,376,1057,1089,4,0,11200,0,0,0,12024433,12024433,2941
95897,376,23,1089,4,0,11200,0,0,0,12026339,12026339,2941
95912,376,136,1089,4,0,11200,0,0,0,12028536,12028536,2941
95927,376,191,1089,4,0,11200,0,0,0,12030519,12030519,2941
95943,376,241,1089,4,0,11200,0,0,0,12032661,12032661,2941
95958,376,284,1089,4,0,11200,0,0,0,12034612,12034612,2941
95975,376,334,1089,4,0,11200,0,0,0,12036606,12036606,2941
95990,376,386,1089,4,0,11200,0,0,0,12038552,12038552,2941
96006,376,455,1089,4,0,11200,0,0,0,12040417,12040417,2941
96021,376,500,1089,4,0,11200,0,0,0,12042219,12042219,2941
96036,376,554,1089,4,0,11200,0,0,0,12043880,12043880,2941
96051,376,622,1089,4,0,11200,0,0,0,12045643,12045643,2941
96067,376,665,1089,4,0,11200,0,0,0,12047196,12047196,2941
96083,376,725,1089,4,0,11200,0,0,0,12049086,12049086,2941
96098,376,768,1089,4,0,11200,0,0,0,12050550,12050550,2941
96114,376,829,1089,4,0,11200,0,0,0,12051991,12051991,2941
96129,376,920,1089,4,0,11200,0,0,0,12053828,12053828,2941
96145,376,958,1089,4,0,11200,0,0,0,12055086,12055086,2941
96162,376,992,1089,4,0,11200,0,0,0,12055991,12055991,2941
96177,377,1056,1089,4,0,11200,0,0,0,12057557,12057557,2941
96194,377,12,1089,4,0,11200,0,0,0,12059136,12059136,2941
96209,377,117,1089,4,0,11200,0,0,0,12061310,12061310,2941
96225,377,167,1089,4,0,11200,0,0,0,12063508,12063508,2941
96240,377,215,1089,4,0,11200,0,0,0,12065708,12065708,2941
96255,377,255,1089,4,0,11200,0,0,0,12067737,12067737,2941
96270,377,299,1089,4,0,11200,0,0,0,12069547,12069547,2941
96285,377,342,1089,4,0,11200,0,0,0,12071054,12071054,2941
96301,377,405,1089,4,0,11200,0,0,0,12073056,12073056,2941
96316,377,475,1089,4,0,11200,0,0,0,12074878,12074878,2941
96332,377,537,1089,4,0,11200,0,0,0,12076499,12076499,2941
96348,377,591,1089,4,0,11200,0,0,0,12078460,12078460,2941
96363,377,651,1089,4,0,11200,0,0,0,12080244,12080244,2941
96378,377,686,1089,4,0,11200,0,0,0,12081204,12081204,2941
96394,377,736,1089,4,0,11200,0,0,0,12083102,12083102,2941
96409,377,786,1089,4,0,11200,0,0,0,12084413,12084413,2941
96425,377,829,1089,4,0,11200,0,0,0,12085845,12085845,2941
96440,377,890,1089,4,0,11200,0,0,0,12087583,12087583,2941
96456,377,962,1089,4,0,11200,0,0,0,12089364,12089364,2941
96472,378,1015,1089,4,0,11200,0,0,0,12090693,12090693,2941
96487,378,1063,1089,4,0,11200,0,0,0,12092554,12092554,2941
96502,378,23,1089,4,0,11200,0,0,0,12094692,12094692,2941
96518,378,133,1089,4,0,11200,0,0,0,12096686,12096686,2941
96533,378,181,1089,4,0,11200,0,0,0,12098725,12098725,2941
96548,378,233,1089,4,0,11200,0,0,0,12101079,12101079,2941
96563,378,278,1089,4,0,11200,0,0,0,12103125,12103125,2941
96579,378,324,1089,4,0,11200,0,0,0,12105101,12105101,2941
96594,378,382,1089,4,0,11200,0,0,0,12106943,12106943,2941
96609,378,457,1089,4,0,11200,0,0,0,12108879,12108879,2941
96625,378,520,1089,4,0,11200,0,0,0,12110635,12110635,2941
96640,378,571,1089,4,0,11200,0,0,0,12112241,12112241,2941
96655,378,626,1089,4,0,11200,0,0,0,12113878,12113878,2941
96670,378,700,1089,4,0,11200,0,0,0,12115630,12115630,2941
96686,378,753,1089,4,0,11200,0,0,0,12117106,12117106,2941
96701,378,811,1089,4,0,11200,0,0,0,12118661,12118661,2941
96716,378,890,1089,4,0,11200,0,0,0,12120803,12120803,2941
96736,378,938,1089,4,0,11200,0,0,0,12121825,12121825,2941
96752,378,992,1089,4,0,11200,0,0,0,12123607,12123607,2941
96768,379,1077,1090,5,0,11200,0,0,0,12125627,12125627,2942
96783,379,48,1090,4,0,11200,0,0,0,12127812,12127812,2942
96798,379,136,1090,4,0,11200,0,0,0,12130083,12130083,2942
96813,379,193,1090,4,0,11200,0,0,0,12132425,12132425,2942
96828,379,251,1090,4,0,11200,0,0,0,12134939,12134939,2942
96843,379,299,1090,4,0,11200,0,0,0,12136859,12136859,2942
96858,379,342,1090,4,0,11200,0,0,0,12138718,12138718,2942
96874,379,393,1090,4,0,11200,0,0,0,12140679,12140679,2942
96889,379,463,1090,4,0,11200,0,0,0,12142697,12142697,2942
96906,379,537,1090,4,0,11200,0,0,0,12144587,12144587,2942
96921,379,608,1090,4,0,11200,0,0,0,12146506,12146506,2942
96936,379,673,1090,4,0,11200,0,0,0,12148442,12148442,2942
96951,379,733,1090,4,0,11200,0,0,0,12150407,12150407,2942
96967,379,807,1090,4,0,11200,0,0,0,12151900,12151900,2942
96982,379,864,1090,4,0,11200,0,0,0,12153642,12153642,2942
96999,379,938,1090,4,0,11200,0,0,0,12154861,12154861,2942
97014,379,984,1090,4,0,11200,0,0,0,12156579,12156579,2942
97029,380,1032,1090,4,0,11200,0,0,0,12158047,12158047,2942
97044,380,12,1090,3,0,11200,0,0,0,12160229,12160229,2942
97060,380,123,1090,3,0,11200,0,0,0,12162646,12162646,2942
97075,380,177,1090,3,0,11200,0,0,0,12164910,12164910,2942
97091,380,234,1090,3,0,11200,0,0,0,12167382,12167382,2942
97107,380,283,1090,3,0,11200,0,0,0,12169674,12169674,2942
97122,380,335,1090,3,0,11200,0,0,0,12171582,12171582,2942
97137,380,418,1090,3,0,11200,0,0,0,12173733,12173733,2942
97153,380,475,1090,3,0,11200,0,0,0,12175566,12175566,2942
97168,380,538,1090,3,0,11200,0,0,0,12177518,12177518,2942
97183,380,599,1090,3,0,11200,0,0,0,12179528,12179528,2942
97199,380,666,1090,3,0,11200,0,0,0,12181529,12181529,2942
97214,380,725,1090,3,0,11200,0,0,0,12183465,12183465,2942
97229,380,785,1090,3,0,11200,0,0,0,12184864,12184864,2942
97244,380,834,1090,3,0,11200,0,0,0,12186471,12186471,2942
97260,380,899,1090,3,0,11200,0,0,0,12188154,12188154,2942
97275,380,949,1090,3,0,11200,0,0,0,12189597,12189597,2942
97292,380,992,1090,3,0,11200,0,0,0,12190859,12190859,2942
97308,381,1082,1090,3,0,11200,0,0,0,12193172,12193172,2942
97323,381,118,1090,3,0,11200,0,0,0,12195489,12195489,2942
97338,381,166,1090,3,0,11200,0,0,0,12197899,12197899,2942
97353,381,215,1090,3,0,11200,0,0,0,12200076,12200076,2942
97369,381,256,1090,3,0,11200,0,0,0,12202308,12202308,2942
97384,381,305,1090,3,0,11200,0,0,0,12204383,12204383,2942
97400,381,369,1090,3,0,11200,0,0,0,12206377,12206377,2942
97415,381,431,1090,3,0,11200,0,0,0,12208579,12208579,2942
97430,381,487,1090,3,0,11200,0,0,0,12210448,12210448,2942
97445,381,557,1090,3,0,11200,0,0,0,12212518,12212518,2942
97461,381,635,1090,3,0,11200,0,0,0,12214508,12214508,2942
97476,381,708,1090,3,0,11200,0,0,0,12216379,12216379,2942
97492,381,756,1090,3,0,11200,0,0,0,12218088,12218088,2942
97507,381,824,1090,3,0,11200,0,0,0,12219778,12219778,2942
97522,381,899,1090,3,0,11200,0,0,0,12221537,12221537,2942
97544,381,938,1090,3,0,11200,0,0,0,12222406,12222406,2942
97559,381,987,1090,3,0,11200,0,0,0,12224121,12224121,2942
97574,382,1017,1090,3,0,11200,0,0,0,12225021,12225021,2942
97590,382,1056,1090,3,0,11200,0,0,0,12226429,12226429,2942
97605,382,21,1090,3,0,11200,0,0,0,12228468,12228468,2942
97620,382,125,1090,3,0,11200,0,0,0,12230820,12230820,2942
97636,382,177,1090,3,0,11200,0,0,0,12232983,12232983,2942
97651,382,234,1090,3,0,11200,0,0,0,12235465,12235465,2942
97666,382,279,1090,3,0,11200,0,0,0,12237540,12237540,2942
97683,382,331,1090,3,0,11200,0,0,0,12239774,12239774,2942
97698,382,413,1090,3,0,11200,0,0,0,12241842,12241842,2942
97713,382,472,1090,3,0,11200,0,0,0,12243953,12243953,2942
97729,382,520,1090,3,0,11200,0,0,0,12245841,12245841,2942
97745,382,593,1090,3,0,11200,0,0,0,12247921,12247921,2942
97760,382,660,1090,3,0,11200,0,0,0,12249906,12249906,2942
97776,382,708,1090,3,0,11200,0,0,0,12251504,12251504,2942
97791,382,756,1090,3,0,11200,0,0,0,12253161,12253161,2942
97807,382,821,1090,3,0,11200,0,0,0,12254995,12254995,2942
97822,382,894,1090,3,0,11200,0,0,0,12256933,12256933,2942
97844,382,938,1090,3,0,11200,0,0,0,12258341,12258341,2942
97867,382,992,1090,3,0,11200,0,0,0,12260264,12260264,2942
97882,383,1063,1090,3,0,11200,0,0,0,12262172,12262172,2942
97897,383,56,1090,3,0,11200,0,0,0,12264398,12264398,2942
97913,383,147,1090,3,0,11200,0,0,0,12266910,12266910,2942
97928,383,212,1090,3,0,11200,0,0,0,12269233,12269233,2942
97943,383,266,1090,3,0,11200,0,0,0,12271605,12271605,2942
97958,383,320,1090,3,0,11200,0,0,0,12273686,12273686,2942
97973,383,385,1090,3,0,11200,0,0,0,12275675,12275675,2942
97989,383,458,1090,3,0,11200,0,0,0,12277784,12277784,2942
98004,383,513,1090,3,0,11200,0,0,0,12279644,12279644,2942
98019,383,588,1090,3,0,11200,0,0,0,12281694,12281694,2942
98034,383,650,1090,3,0,11200,0,0,0,12283366,12283366,2942
98050,383,707,1090,3,0,11200,0,0,0,12285204,12285204,2942
98066,383,756,1090,3,0,11200,0,0,0,12286924,12286924,2942
98081,383,838,1090,3,0,11200,0,0,0,12288559,12288559,2942
98097,383,894,1090,3,0,11200,0,0,0,12290183,12290183,2942
98118,383,938,1090,3,0,11200,0,0,0,12291282,12291282,2942
98133,383,986,1090,3,0,11200,0,0,0,12293095,12293095,2942
98148,384,1048,1090,3,0,11200,0,0,0,12294879,12294879,2942
98164,384,24,1090,3,0,11200,0,0,0,12297144,12297144,2942
98179,384,137,1090,3,0,11200,0,0,0,12299399,12299399,2942
98195,384,208,1090,3,0,11200,0,0,0,12301889,12301889,2942
98210,384,255,1090,3,0,11200,0,0,0,12304150,12304150,2942
98226,384,307,1090,3,0,11200,0,0,0,12306400,12306400,2942
98241,384,344,1090,3,0,11200,0,0,0,12307851,12307851,2942
98257,384,402,1090,3,0,11200,0,0,0,12310039,12310039,2942
98272,384,467,1090,3,0,11200,0,0,0,12312129,12312129,2942
98287,384,522,1090,3,0,11200,0,0,0,12313851,12313851,2942
98302,384,591,1090,3,0,11200,0,0,0,12315732,12315732,2942
98317,384,660,1090,3,0,11200,0,0,0,12317616,12317616,2942
98333,384,704,1090,3,0,11200,0,0,0,12319266,12319266,2942
98348,384,769,1090,3,0,11200,0,0,0,12320915,12320915,2942
98364,384,849,1090,3,0,11200,0,0,0,12322659,12322659,2942
98391,384,938,1090,3,0,11200,0,0,0,12324575,12324575,2942
98411,384,992,1090,3,0,11200,0,0,0,12326427,12326427,2942
98426,385,1063,1090,3,0,11200,0,0,0,12328487,12328487,2942
98441,385,33,1090,3,0,11200,0,0,0,12330798,12330798,2942
98457,385,133,1090,3,0,11200,0,0,0,12333254,12333254,2942
98472,385,189,1090,3,0,11200,0,0,0,12335427,12335427,2942
98487,385,241,1090,3,0,11200,0,0,0,12338007,12338007,2942
98503,385,282,1090,3,0,11200,0,0,0,12340015,12340015,2942
98518,385,344,1090,3,0,11200,0,0,0,12341946,12341946,2942
98533,385,400,1090,3,0,11200,0,0,0,12343977,12343977,2942
98548,385,462,1090,3,0,11200,0,0,0,12345696,12345696,2942
98564,385,523,1090,3,0,11200,0,0,0,12347718,12347718,2942
98579,385,591,1090,3,0,11200,0,0,0,12349685,12349685,2942
98594,385,654,1090,3,0,11200,0,0,0,12351624,12351624,2942
98610,385,716,1090,3,0,11200,0,0,0,12353639,12353639,2942
98626,385,771,1090,3,0,11200,0,0,0,12355314,12355314,2942
98641,385,841,1090,3,0,11200,0,0,0,12356986,12356986,2942
98656,385,940,1090,3,0,11200,0,0,0,12358963,12358963,2942
98672,385,1001,1090,3,0,11200,0,0,0,12360828,12360828,2942
98687,386,1051,1090,3,0,11200,0,0,0,12362763,12362763,2942
98702,386,14,1090,2,0,11200,0,0,0,12364559,12364559,2942
98717,386,118,1090,2,0,11200,0,0,0,12366804,12366804,2942
98733,386,172,1090,2,0,11200,0,0,0,12369221,12369221,2942
98748,386,224,1090,2,0,11200,0,0,0,12371449,12371449,2942
98763,386,277,1090,2,0,11200,0,0,0,12373664,12373664,2942
98779,386,334,1090,2,0,11200,0,0,0,12375637,12375637,2942
98795,386,393,1090,2,0,11200,0,0,0,12377463,12377463,2942
98810,386,464,1090,2,0,11200,0,0,0,12379386,12379386,2942
98827,386,537,1090,2,0,11200,0,0,0,12381185,12381185,2942
98842,386,610,1090,2,0,11200,0,0,0,12383097,12383097,2942
98858,386,675,1090,2,0,11200,0,0,0,12384712,12384712,2942
98873,386,722,1090,2,0,11200,0,0,0,12386379,12386379,2942
98888,386,769,1090,2,0,11200,0,0,0,12387753,12387753,2942
98903,386,838,1090,2,0,11200,0,0,0,12389529,12389529,2942
98918,386,896,1090,2,0,11200,0,0,0,12391189,12391189,2942
98934,386,975,1090,2,0,11200,0,0,0,12393405,12393405,2942
98949,387,1021,1090,2,0,11200,0,0,0,12394624,12394624,2942
98964,387,1078,1090,2,0,11200,0,0,0,12396231,12396231,2942
98979,387,111,1090,1,0,11200,0,0,0,12398705,12398705,2942
98994,387,172,1090,1,0,11200,0,0,0,12401030,12401030,2942
99010,387,220,1090,1,0,11200,0,0,0,12403586,12403586,2942
99025,387,267,1090,1,0,11200,0,0,0,12405700,12405700,2942
99041,387,313,1090,1,0,11200,0,0,0,12407804,12407804,2942
99056,387,375,1090,1,0,11200,0,0,0,12409827,12409827,2942
99071,387,453,1090,1,0,11200,0,0,0,12411900,12411900,2942
99087,387,506,1090,1,0,11200,0,0,0,12413655,12413655,2942
99102,387,574,1090,1,0,11200,0,0,0,12415548,12415548,2942
99117,387,641,1090,1,0,11200,0,0,0,12417534,12417534,2942
99132,387,706,1090,1,0,11200,0,0,0,12419387,12419387,2942
99148,387,752,1090,1,0,11200,0,0,0,12420960,12420960,2942
99163,387,816,1090,1,0,11200,0,0,0,12422655,12422655,2942
99178,387,895,1090,1,0,11200,0,0,0,12424506,12424506,2942
99194,387,940,1090,1,0,11200,0,0,0,12425407,12425407,2942
99209,388,1010,1090,1,0,11200,0,0,0,12427316,12427316,2942
99224,388,1084,1090,1,0,11200,0,0,0,12429399,12429399,2942
99239,388,117,1090,1,0,11200,0,0,0,12431882,12431882,2942
99255,388,175,1090,1,0,11200,0,0,0,12434152,12434152,2942
99270,388,228,1090,1,0,11200,0,0,0,12436153,12436153,2942
99285,388,281,1090,1,0,11200,0,0,0,12438101,12438101,2942
99300,388,342,1090,1,0,11200,0,0,0,12440317,12440317,2942
99316,388,407,1090,1,0,11200,0,0,0,12442416,12442416,2942
99331,388,467,1090,1,0,11200,0,0,0,12444390,12444390,2942
99348,388,520,1090,1,0,11200,0,0,0,12446233,12446233,2942
99363,388,589,1090,1,0,11200,0,0,0,12447914,12447914,2942
99379,388,654,1090,1,0,11200,0,0,0,12449620,12449620,2942
99394,388,723,1090,1,0,11200,0,0,0,12451662,12451662,2942
99410,388,769,1090,1,0,11200,0,0,0,12453308,12453308,2942
99425,388,817,1090,1,0,11200,0,0,0,12454519,12454519,2942
99440,388,862,1090,1,0,11200,0,0,0,12456046,12456046,2942
99467,388,938,1090,1,0,11200,0,0,0,12457866,12457866,2942
99483,388,992,1090,1,0,11200,0,0,0,12459746,12459746,2942
99498,389,1081,1090,1,0,11200,0,0,0,12461941,12461941,2942
99513,389,78,1090,1,0,11200,0,0,0,12464296,12464296,2942
99528,389,148,1090,1,0,11200,0,0,0,12466538,12466538,2942
99544,389,191,1090,1,0,11200,0,0,0,12468731,12468731,2942
99559,389,246,1090,1,0,11200,0,0,0,12470981,12470981,2942
99574,389,294,1090,1,0,11200,0,0,0,12472972,12472972,2942
99589,389,344,1090,1,0,11200,0,0,0,12474740,12474740,2942
99604,389,420,1090,1,0,11200,0,0,0,12476910,12476910,2942
99620,389,473,1090,1,0,11200,0,0,0,12478844,12478844,2942
99635,389,547,1090,1,0,11200,0,0,0,12480953,12480953,2942
99650,389,612,1090,1,0,11200,0,0,0,12482959,12482959,2942
99666,389,675,1090,1,0,11200,0,0,0,12484794,12484794,2942
99681,389,734,1090,1,0,11200,0,0,0,12486516,12486516,2942
99696,389,791,1090,1,0,11200,0,0,0,12487918,12487918,2942
99711,389,855,1090,1,0,11200,0,0,0,12489697,12489697,2942
99738,389,938,1090,1,0,11200,0,0,0,12491795,12491795,2942
99757,389,992,1090,1,0,11200,0,0,0,12493501,12493501,2942
99772,390,1068,1090,1,0,11200,0,0,0,12495572,12495572,2942
99787,390,63,1090,1,0,11200,0,0,0,12497792,12497792,2942
99802,390,148,1090,1,0,11200,0,0,0,12500081,12500081,2942
99818,390,208,1090,1,0,11200,0,0,0,12502354,12502354,2942
99833,390,254,1090,1,0,11200,0,0,0,12504544,12504544,2942
99848,390,310,1090,1,0,11200,0,0,0,12506648,12506648,2942
99863,390,376,1090,1,0,11200,0,0,0,12508719,12508719,2942
99878,390,440,1090,1,0,11200,0,0,0,12510838,12510838,2942
99893,390,503,1090,1,0,11200,0,0,0,12512928,12512928,2942
99909,390,565,1090,1,0,11200,0,0,0,12514601,12514601,2942
99924,390,626,1090,1,0,11200,0,0,0,12516240,12516240,2942
99940,390,688,1090,1,0,11200,0,0,0,12517906,12517906,2942
99955,390,736,1090,1,0,11200,0,0,0,12519535,12519535,2942
99970,390,797,1090,1,0,11200,0,0,0,12520957,12520957,2942
99986,390,885,1090,1,0,11200,0,0,0,12522950,12522950,2942
100017,390,938,1090,1,0,11200,0,0,0,12524177,12524177,2942
100033,390,992,1090,1,0,11200,0,0,0,12525977,12525977,2942
100049,391,1064,1090,1,0,11200,0,0,0,12527818,12527818,2942
100064,391,70,1090,1,0,11200,0,0,0,12530128,12530128,2942
100080,391,139,1090,1,0,11200,0,0,0,12532303,12532303,2942
100095,391,192,1090,1,0,11200,0,0,0,12534651,12534651,2942
100110,391,253,1090,1,0,11200,0,0,0,12536956,12536956,2942
100126,391,299,1090,1,0,11200,0,0,0,12539128,12539128,2942
100141,391,364,1090,1,0,11200,0,0,0,12541299,12541299,2942
100156,391,437,1090,1,0,11200,0,0,0,12543504,12543504,2942
100171,391,481,1090,1,0,11200,0,0,0,12545254,12545254,2942
100187,391,551,1090,1,0,11200,0,0,0,12547065,12547065,2942
100202,391,626,1090,1,0,11200,0,0,0,12549144,12549144,2942
100217,391,686,1090,1,0,11200,0,0,0,12550957,12550957,2942
100232,391,744,1090,1,0,11200,0,0,0,12552600,12552600,2942
100247,391,816,1090,1,0,11200,0,0,0,12554117,12554117,2942
100263,391,884,1090,1,0,11200,0,0,0,12555995,12555995,2942
100278,391,941,1090,1,0,11200,0,0,0,12557363,12557363,2942
100293,392,1012,1090,1,0,11200,0,0,0,12559207,12559207,2942
100308,392,1063,1090,1,0,11200,0,0,0,12560951,12560951,2942
100324,392,21,1090,1,0,11200,0,0,0,12562786,12562786,2942
100339,392,132,1090,1,0,11200,0,0,0,12565098,12565098,2942
100354,392,181,1090,1,0,11200,0,0,0,12567194,12567194,2942
100370,392,240,1090,1,0,11200,0,0,0,12569519,12569519,2942
100385,392,297,1090,1,0,11200,0,0,0,12571717,12571717,2942
100401,392,341,1091,2,0,11200,0,0,0,12573503,12573503,2942
100416,392,417,1091,2,0,11200,0,0,0,12575584,12575584,2942
100432,392,472,1091,2,0,11200,0,0,0,12577481,12577481,2942
100447,392,537,1091,2,0,11200,0,0,0,12579442,12579442,2942
100463,392,598,1091,2,0,11200,0,0,0,12581458,12581458,2942
100478,392,673,1091,2,0,11200,0,0,0,12583445,12583445,2942
100493,392,725,1091,2,0,11200,0,0,0,12585480,12585480,2942
100508,392,785,1091,2,0,11200,0,0,0,12586904,12586904,2942
100524,392,844,1091,2,0,11200,0,0,0,12588572,12588572,2942
100539,392,933,1091,2,0,11200,0,0,0,12590343,12590343,2942
100555,392,978,1091,2,0,11200,0,0,0,12591752,12591752,2942
100570,393,1045,1091,2,0,11200,0,0,0,12593688,12593688,2942
100585,393,21,1091,2,0,11200,0,0,0,12595867,12595867,2942
100600,393,125,1091,2,0,11200,0,0,0,12598277,12598277,2942
100617,393,177,1091,2,0,11200,0,0,0,12600192,12600192,2942
100632,393,234,1091,2,0,11200,0,0,0,12602565,12602565,2942
100647,393,278,1091,2,0,11200,0,0,0,12604704,12604704,2942
100662,393,324,1091,2,0,11200,0,0,0,12606765,12606765,2942
100677,393,399,1091,2,0,11200,0,0,0,12608882,12608882,2942
100693,393,463,1091,2,0,11200,0,0,0,12610966,12610966,2942
100708,393,523,1091,2,0,11200,0,0,0,12612802,12612802,2942
100724,393,608,1091,2,0,11200,0,0,0,12614805,12614805,2942
100739,393,655,1091,2,0,11200,0,0,0,12616539,12616539,2942
100755,393,728,1091,2,0,11200,0,0,0,12618609,12618609,2942
100770,393,789,1091,2,0,11200,0,0,0,12619912,12619912,2942
100786,393,853,1091,2,0,11200,0,0,0,12621807,12621807,2942
100810,393,938,1091,2,0,11200,0,0,0,12623721,12623721,2942
100825,394,1019,1091,2,0,11200,0,0,0,12625641,12625641,2942
100841,394,1072,1091,2,0,11200,0,0,0,12627391,12627391,2942
100856,394,63,1091,2,0,11200,0,0,0,12629832,12629832,2942
100872,394,147,1091,2,0,11200,0,0,0,12632233,12632233,2942
100887,394,208,1091,2,0,11200,0,0,0,12634389,12634389,2942
100902,394,250,1091,2,0,11200,0,0,0,12636554,12636554,2942
100917,394,294,1091,2,0,11200,0,0,0,12638752,12638752,2942
100932,394,335,1091,2,0,11200,0,0,0,12640539,12640539,2942
100947,394,391,1091,2,0,11200,0,0,0,12642697,12642697,2942
100963,394,457,1091,2,0,11200,0,0,0,12644712,12644712,2942
100978,394,516,1091,2,0,11200,0,0,0,12646584,12646584,2942
100993,394,583,1091,2,0,11200,0,0,0,12648455,12648455,2942
101008,394,643,1091,2,0,11200,0,0,0,12650285,12650285,2942
101025,394,697,1091,2,0,11200,0,0,0,12651738,12651738,2942
101040,394,749,1091,2,0,11200,0,0,0,12653301,12653301,2942
101056,394,819,1091,2,0,11200,0,0,0,12655068,12655068,2942
101071,394,890,1091,2,0,11200,0,0,0,12656663,12656663,2942
101086,394,949,1091,2,0,11200,0,0,0,12657842,12657842,2942
101102,394,992,1091,2,0,11200,0,0,0,12659061,12659061,2942
101117,395,1078,1091,2,0,11200,0,0,0,12660935,12660935,2942
101133,395,100,1092,3,0,11200,0,0,0,12663291,12663291,2942
101148,395,151,1092,3,0,11200,0,0,0,12665432,12665432,2942
101163,395,210,1092,3,0,11200,0,0,0,12667853,12667853,2942
101178,395,256,1092,3,0,11200,0,0,0,12670098,12670098,2942
101194,395,308,1092,3,0,11200,0,0,0,12672111,12672111,2942
101209,395,383,1092,3,0,11200,0,0,0,12674251,12674251,2942
101224,395,452,1092,3,0,11200,0,0,0,12676206,12676206,2942
101240,395,510,1092,3,0,11200,0,0,0,12678155,12678155,2942
101255,395,576,1092,3,0,11200,0,0,0,12680136,12680136,2942
101270,395,644,1092,3,0,11200,0,0,0,12682253,12682253,2942
101285,395,702,1092,3,0,11200,0,0,0,12684127,12684127,2942
101301,395,752,1092,3,0,11200,0,0,0,12685998,12685998,2942
101316,395,809,1092,3,0,11200,0,0,0,12687712,12687712,2942
101331,395,873,1092,3,0,11200,0,0,0,12689599,12689599,2942
101353,395,938,1093,4,0,11200,0,0,0,12691179,12691179,2942
101368,395,992,1093,4,0,11200,0,0,0,12692887,12692887,2942
101384,396,1051,1093,4,0,11200,0,0,0,12694749,12694749,2942
101400,396,21,1093,4,0,11200,0,0,0,12696784,12696784,2942
101415,396,133,1093,4,0,11200,0,0,0,12699357,12699357,2942
101431,396,194,1093,4,0,11200,0,0,0,12701791,12701791,2942
101446,396,251,1093,4,0,11200,0,0,0,12704265,12704265,2942
101462,396,299,1093,4,0,11200,0,0,0,12706281,12706281,2942
101477,396,362,1093,4,0,11200,0,0,0,12708489,12708489,2942
101493,396,434,1093,4,0,11200,0,0,0,12710521,12710521,2942
101508,396,489,1093,4,0,11200,0,0,0,12712446,12712446,2942
101524,396,568,1093,4,0,11200,0,0,0,12714671,12714671,2942
101539,396,618,1093,4,0,11200,0,0,0,12716521,12716521,2942
101554,396,675,1093,4,0,11200,0,0,0,12718286,12718286,2942
101570,396,735,1093,4,0,11200,0,0,0,12720321,12720321,2942
101585,396,813,1093,4,0,11200,0,0,0,12721943,12721943,2942
101601,396,869,1093,4,0,11200,0,0,0,12723747,12723747,2942
101616,396,938,1093,4,0,11200,0,0,0,12725254,12725254,2942
101632,396,984,1093,4,0,11200,0,0,0,12727254,12727254,2942
101647,397,1028,1093,4,0,11200,0,0,0,12728411,12728411,2942
101662,397,1082,1093,4,0,11200,0,0,0,12730257,12730257,2942
101678,397,105,1093,4,0,11200,0,0,0,12732655,12732655,2942
101693,397,164,1093,4,0,11200,0,0,0,12734868,12734868,2942
101708,397,215,1093,4,0,11200,0,0,0,12737369,12737369,2942
101724,397,266,1093,4,0,11200,0,0,0,12739643,12739643,2942
101739,397,323,1093,4,0,11200,0,0,0,12741841,12741841,2942
101754,397,382,1093,4,0,11200,0,0,0,12743624,12743624,2942
101769,397,453,1093,4,0,11200,0,0,0,12745686,12745686,2942
101784,397,520,1093,4,0,11200,0,0,0,12747721,12747721,2942
101799,397,592,1093,4,0,11200,0,0,0,12749653,12749653,2942
101814,397,655,1093,4,0,11200,0,0,0,12751587,12751587,2942
101830,397,725,1093,4,0,11200,0,0,0,12753608,12753608,2942
101845,397,767,1093,4,0,11200,0,0,0,12755025,12755025,2942
101860,397,832,1093,4,0,11200,0,0,0,12756615,12756615,2942
101875,397,888,1093,4,0,11200,0,0,0,12758380,12758380,2942
101896,397,938,1093,4,0,11200,0,0,0,12759549,12759549,2942
101917,397,992,1093,4,0,11200,0,0,0,12761338,12761338,2942
101932,398,1046,1093,4,0,11200,0,0,0,12763217,12763217,2942
101948,398,28,1093,4,0,11200,0,0,0,12765371,12765371,2942
101963,398,132,1094,5,0,11200,0,0,0,12767544,12767544,2942
101978,398,178,1094,5,0,11200,0,0,0,12769431,12769431,2942
101994,398,226,1094,5,0,11200,0,0,0,12771485,12771485,2942
102009,398,268,1094,5,0,11200,0,0,0,12773317,12773317,2942
102024,398,322,1094,5,0,11200,0,0,0,12775472,12775472,2942
102039,398,388,1094,5,0,11200,0,0,0,12777702,12777702,2942
102055,398,457,1094,5,0,11200,0,0,0,12779756,12779756,2942
102070,398,508,1094,5,0,11200,0,0,0,12781522,12781522,2942
102085,398,579,1094,5,0,11200,0,0,0,12783388,12783388,2942
102100,398,661,1094,5,0,11200,0,0,0,12785396,12785396,2942
102115,398,690,1094,5,0,11200,0,0,0,12786327,12786327,2942
102131,398,740,1094,5,0,11200,0,0,0,12787902,12787902,2942
102146,398,797,1094,5,0,11200,0,0,0,12789232,12789232,2942
102161,398,855,1094,5,0,11200,0,0,0,12791160,12791160,2942
102176,398,938,1094,5,0,11200,0,0,0,12792911,12792911,2942
102196,398,992,1094,5,0,11200,0,0,0,12794623,12794623,2942
102211,399,1077,1094,5,0,11200,0,0,0,12796634,12796634,2942
102227,399,78,1094,5,0,11200,0,0,0,12798809,12798809,2942
102242,399,146,1094,5,0,11200,0,0,0,12801132,12801132,2942
102257,399,195,1094,5,0,11200,0,0,0,12803156,12803156,2942
102272,399,256,1094,5,0,11200,0,0,0,12805375,12805375,2942
102288,399,314,1094,5,0,11200,0,0,0,12807614,12807614,2942
102303,399,364,1094,5,0,11200,0,0,0,12809590,12809590,2942
102319,399,435,1094,5,0,11200,0,0,0,12811609,12811609,2942
102334,399,496,1094,5,0,11200,0,0,0,12813370,12813370,2942
102349,399,582,1094,5,0,11200,0,0,0,12815358,12815358,2942
102364,399,642,1094,5,0,11200,0,0,0,12817358,12817358,2942
102380,399,688,1094,5,0,11200,0,0,0,12819002,12819002,2942
102396,399,744,1094,5,0,11200,0,0,0,12820843,12820843,2942
102411,399,816,1094,5,0,11200,0,0,0,12822293,12822293,2942
102427,399,880,1094,5,0,11200,0,0,0,12824004,12824004,2942
102442,399,950,1094,5,0,11200,0,0,0,12825691,12825691,2942
102457,400,1019,1094,5,0,11200,0,0,0,12827514,12827514,2942
102472,400,9,1094,5,0,11200,0,0,0,12829578,12829578,2942
102488,400,112,1094,5,0,11200,0,0,0,12831906,12831906,2942
102503,400,167,1094,5,0,11200,0,0,0,12834138,12834138,2942
102519,400,218,1094,5,0,11200,0,0,0,12836345,12836345,2942
102534,400,267,1094,5,0,11200,0,0,0,12838523,12838523,2942
102549,400,323,1094,5,0,11200,0,0,0,12840523,12840523,2942
102564,400,392,1094,5,0,11200,0,0,0,12842248,12842248,2942
102579,400,462,1094,5,0,11200,0,0,0,12844120,12844120,2942
102595,400,510,1094,5,0,11200,0,0,0,12846056,12846056,2942
102610,400,571,1094,5,0,11200,0,0,0,12847755,12847755,2942
102625,400,632,1094,5,0,11200,0,0,0,12849821,12849821,2942
102640,400,697,1094,5,0,11200,0,0,0,12851727,12851727,2942
102655,400,753,1094,5,0,11200,0,0,0,12853325,12853325,2942
102671,400,811,1094,5,0,11200,0,0,0,12854683,12854683,2942
102686,400,869,1094,5,0,11200,0,0,0,12856220,12856220,2942
102708,400,938,1094,5,0,11200,0,0,0,12857703,12857703,2942
102725,400,992,1094,5,0,11200,0,0,0,12859444,12859444,2942
102740,401,1058,1094,5,0,11200,0,0,0,12861372,12861372,2942
102755,401,71,1094,5,0,11200,0,0,0,12863557,12863557,2942
102770,401,136,1094,5,0,11200,0,0,0,12865619,12865619,2942
102786,401,192,1094,5,0,11200,0,0,0,12867966,12867966,2942
102801,401,246,1094,5,0,11200,0,0,0,12870332,12870332,2942
102816,401,307,1094,5,0,11200,0,0,0,12872275,12872275,2942
102831,401,377,1094,5,0,11200,0,0,0,12874287,12874287,2942
102846,401,434,1094,5,0,11200,0,0,0,12876068,12876068,2942
102862,401,483,1094,5,0,11200,0,0,0,12877715,12877715,2942
102877,401,552,1094,5,0,11200,0,0,0,12879380,12879380,2942
102892,401,612,1094,5,0,11200,0,0,0,12880995,12880995,2942
102909,401,665,1094,5,0,11200,0,0,0,12882617,12882617,2942
102924,401,716,1094,5,0,11200,0,0,0,12884367,12884367,2942
102940,401,756,1094,5,0,11200,0,0,0,12885662,12885662,2942
102955,401,811,1094,5,0,11200,0,0,0,12887103,12887103,2942
102970,401,855,1094,5,0,11200,0,0,0,12888487,12888487,2942
102985,401,938,1094,5,0,11200,0,0,0,12889987,12889987,2942
103001,401,986,1094,5,0,11200,0,0,0,12891720,12891720,2942
103017,402,1056,1094,5,0,11200,0,0,0,12893225,12893225,2942
103032,402,17,1094,5,0,11200,0,0,0,12895049,12895049,2942
103047,402,122,1094,5,0,11200,0,0,0,12896982,12896982,2942
103062,402,174,1094,5,0,11200,0,0,0,12899087,12899087,2942
103078,402,221,1094,5,0,11200,0,0,0,12901016,12901016,2942
103094,402,265,1094,5,0,11200,0,0,0,12902931,12902931,2942
103110,402,307,1094,5,0,11200,0,0,0,12904805,12904805,2942
103125,402,377,1094,5,0,11200,0,0,0,12906548,12906548,2942
103140,402,449,1094,5,0,11200,0,0,0,12908420,12908420,2942
103156,402,507,1094,5,0,11200,0,0,0,12910407,12910407,2942
103171,402,591,1094,5,0,11200,0,0,0,12912353,12912353,2942
103187,402,660,1094,5,0,11200,0,0,0,12914274,12914274,2942
103202,402,722,1094,5,0,11200,0,0,0,12915992,12915992,2942
103218,402,769,1094,5,0,11200,0,0,0,12917310,12917310,2942
103233,402,826,1094,5,0,11200,0,0,0,12918726,12918726,2942
103248,402,899,1094,5,0,11200,0,0,0,12920495,12920495,2942
103270,402,938,1094,5,0,11200,0,0,0,12921398,12921398,2942
103286,402,982,1094,5,0,11200,0,0,0,12922921,12922921,2942
103302,403,1045,1094,5,0,11200,0,0,0,12924520,12924520,2942
103317,403,10,1094,5,0,11200,0,0,0,12926278,12926278,2942
103333,403,105,1094,5,0,11200,0,0,0,12928527,12928527,2942
103348,403,151,1094,5,0,11200,0,0,0,12930401,12930401,2942
103363,403,192,1094,5,0,11200,0,0,0,12932241,12932241,2942
103378,403,244,1094,5,0,11200,0,0,0,12934583,12934583,2942
103394,403,283,1094,5,0,11200,0,0,0,12936477,12936477,2942
103409,403,332,1094,5,0,11200,0,0,0,12938386,12938386,2942
103425,403,382,1094,5,0,11200,0,0,0,12940189,12940189,2942
103440,403,437,1094,5,0,11200,0,0,0,12941791,12941791,2942
103455,403,482,1094,5,0,11200,0,0,0,12943434,12943434,2942
103470,403,554,1094,5,0,11200,0,0,0,12945186,12945186,2942
103485,403,612,1094,5,0,11200,0,0,0,12946890,12946890,2942
103501,403,683,1094,5,0,11200,0,0,0,12948575,12948575,2942
103516,403,728,1094,5,0,11200,0,0,0,12950232,12950232,2942
103531,403,777,1094,5,0,11200,0,0,0,12951465,12951465,2942
103547,403,829,1094,5,0,11200,0,0,0,12952966,12952966,2942
103562,403,890,1094,5,0,11200,0,0,0,12954433,12954433,2942
103587,403,938,1094,5,0,11200,0,0,0,12955759,12955759,2942
103602,403,985,1094,5,0,11200,0,0,0,12957484,12957484,2942
103618,404,1037,1094,5,0,11200,0,0,0,12958992,12958992,2942
103633,404,1089,1094,5,0,11200,0,0,0,12960568,12960568,2942
103649,404,107,1094,4,0,11200,0,0,0,12962740,12962740,2942
103664,404,161,1094,4,0,11200,0,0,0,12964772,12964772,2942
103679,404,202,1094,4,0,11200,0,0,0,12966690,12966690,2942
103694,404,247,1094,4,0,11200,0,0,0,12968839,12968839,2942
103710,404,286,1094,4,0,11200,0,0,0,12970675,12970675,2942
103725,404,335,1094,4,0,11200,0,0,0,12972530,12972530,2942
103741,404,411,1094,4,0,11200,0,0,0,12974434,12974434,2942
103756,404,463,1094,4,0,11200,0,0,0,12976104,12976104,2942
103772,404,518,1094,4,0,11200,0,0,0,12977918,12977918,2942
103787,404,576,1094,4,0,11200,0,0,0,12979560,12979560,2942
103802,404,645,1094,4,0,11200,0,0,0,12981409,12981409,2942
103818,404,686,1094,4,0,11200,0,0,0,12982798,12982798,2942
103833,404,728,1094,4,0,11200,0,0,0,12984402,12984402,2942
103849,404,777,1094,4,0,11200,0,0,0,12985763,12985763,2942
103864,404,824,1094,4,0,11200,0,0,0,12987178,12987178,2942
103879,404,869,1094,4,0,11200,0,0,0,12988439,12988439,2942
103906,404,938,1094,4,0,11200,0,0,0,12989906,12989906,2942
103921,405,1013,1094,4,0,11200,0,0,0,12991827,12991827,2942
103937,405,1072,1094,4,0,11200,0,0,0,12993520,12993520,2942
103952,405,23,1095,3,0,11200,0,0,0,12995622,12995622,2942
103967,405,133,1095,3,0,11200,0,0,0,12997764,12997764,2942
103983,405,177,1095,3,0,11200,0,0,0,12999663,12999663,2942
103998,405,218,1095,3,0,11200,0,0,0,13001752,13001752,2942
104014,405,262,1095,3,0,11200,0,0,0,13003652,13003652,2942
104029,405,310,1095,3,0,11200,0,0,0,13005399,13005399,2942
104044,405,377,1095,3,0,11200,0,0,0,13007348,13007348,2942
104060,405,437,1095,3,0,11200,0,0,0,13009214,13009214,2942
104075,405,487,1095,3,0,11200,0,0,0,13010715,13010715,2942
104091,405,552,1095,3,0,11200,0,0,0,13012530,13012530,2942
104106,405,615,1095,3,0,11200,0,0,0,13014362,13014362,2942
104121,405,681,1095,3,0,11200,0,0,0,13016118,13016118,2942
104137,405,722,1095,3,0,11200,0,0,0,13017824,13017824,2942
104152,405,769,1095,3,0,11200,0,0,0,13019096,13019096,2942
104168,405,837,1095,3,0,11200,0,0,0,13020559,13020559,2942
104197,405,887,1095,3,0,11200,0,0,0,13022098,13022098,2942
104227,405,938,1095,3,0,11200,0,0,0,13023334,13023334,2942
104243,405,992,1095,3,0,11200,0,0,0,13024741,13024741,2942
104259,406,1042,1095,3,0,11200,0,0,0,13026434,13026434,2942
104274,406,7,1095,3,0,11200,0,0,0,13027905,13027905,2942
104289,406,113,1095,3,0,11200,0,0,0,13029875,13029875,2942
104304,406,155,1095,3,0,11200,0,0,0,13031888,13031888,2942
104320,406,202,1095,3,0,11200,0,0,0,13034026,13034026,2942
104335,406,247,1095,3,0,11200,0,0,0,13036140,13036140,2942
104350,406,283,1095,3,0,11200,0,0,0,13037768,13037768,2942
104365,406,341,1095,3,0,11200,0,0,0,13039735,13039735,2942
104380,406,417,1095,3,0,11200,0,0,0,13041569,13041569,2942
104396,406,473,1095,3,0,11200,0,0,0,13043290,13043290,2942
104411,406,523,1095,3,0,11200,0,0,0,13045243,13045243,2942
104426,406,579,1095,3,0,11200,0,0,0,13047027,13047027,2942
104441,406,641,1095,3,0,11200,0,0,0,13048830,13048830,2942
104457,406,700,1095,3,0,11200,0,0,0,13050319,13050319,2942
104472,406,735,1095,3,0,11200,0,0,0,13051758,13051758,2942
104487,406,800,1095,3,0,11200,0,0,0,13053292,13053292,2942
104503,406,858,1095,3,0,11200,0,0,0,13054821,13054821,2942
104519,406,926,1095,3,0,11200,0,0,0,13056558,13056558,2942
104534,406,975,1095,3,0,11200,0,0,0,13058298,13058298,2942
104549,406,992,1095,3,0,11200,0,0,0,13058885,13058885,2942
104564,407,1063,1095,3,0,11200,0,0,0,13060583,13060583,2942
104579,407,19,1095,3,0,11200,0,0,0,13062545,13062545,2942
104595,407,123,1095,3,0,11200,0,0,0,13064554,13064554,2942
104610,407,169,1095,3,0,11200,0,0,0,13066559,13066559,2942
104625,407,218,1095,3,0,11200,0,0,0,13068756,13068756,2942
104640,407,261,1095,3,0,11200,0,0,0,13070595,13070595,2942
104656,407,306,1095,3,0,11200,0,0,0,13072433,13072433,2942
104672,407,348,1095,3,0,11200,0,0,0,13074175,13074175,2942
104687,407,413,1095,3,0,11200,0,0,0,13076019,13076019,2942
104703,407,475,1095,3,0,11200,0,0,0,13077723,13077723,2942
104718,407,533,1095,3,0,11200,0,0,0,13079530,13079530,2942
104733,407,591,1095,3,0,11200,0,0,0,13081194,13081194,2942
104748,407,655,1095,3,0,11200,0,0,0,13083111,13083111,2942
104764,407,718,1095,3,0,11200,0,0,0,13085007,13085007,2942
104781,407,769,1095,3,0,11200,0,0,0,13086664,13086664,2942
104796,407,855,1095,3,0,11200,0,0,0,13088421,13088421,2942
104811,407,928,1095,3,0,11200,0,0,0,13090229,13090229,2942
104826,407,974,1095,3,0,11200,0,0,0,13091830,13091830,2942
104842,408,1028,1095,3,0,11200,0,0,0,13093208,13093208,2942
104858,408,9,1095,3,0,11200,0,0,0,13095183,13095183,2942
104873,408,118,1095,3,0,11200,0,0,0,13097698,13097698,2942
104888,408,177,1095,3,0,11200,0,0,0,13099995,13099995,2942
104904,408,233,1095,3,0,11200,0,0,0,13102447,13102447,2942
104919,408,275,1095,3,0,11200,0,0,0,13104497,13104497,2942
104935,408,324,1095,3,0,11200,0,0,0,13106653,13106653,2942
104950,408,377,1095,3,0,11200,0,0,0,13108246,13108246,2942
104966,408,437,1095,3,0,11200,0,0,0,13110242,13110242,2942
104981,408,487,1095,3,0,11200,0,0,0,13112061,13112061,2942
104996,408,547,1095,3,0,11200,0,0,0,13113914,13113914,2942
105011,408,599,1095,3,0,11200,0,0,0,13115771,13115771,2942
105026,408,671,1095,3,0,11200,0,0,0,13117941,13117941,2942
105041,408,732,1095,3,0,11200,0,0,0,13119927,13119927,2942
105057,408,789,1095,3,0,11200,0,0,0,13121449,13121449,2942
105072,408,855,1095,3,0,11200,0,0,0,13123258,13123258,2942
105090,408,938,1095,3,0,11200,0,0,0,13125192,13125192,2942
105106,408,991,1095,3,0,11200,0,0,0,13126986,13126986,2942
105121,409,1057,1095,3,0,11200,0,0,0,13128728,13128728,2942
105136,409,24,1095,3,0,11200,0,0,0,13130976,13130976,2942
105151,409,126,1095,3,0,11200,0,0,0,13133340,13133340,2942
105167,409,177,1095,3,0,11200,0,0,0,13135519,13135519,2942
105182,409,226,1095,3,0,11200,0,0,0,13137891,13137891,2942
105198,409,279,1095,3,0,11200,0,0,0,13140030,13140030,2942
105213,409,332,1095,3,0,11200,0,0,0,13142177,13142177,2942
105229,409,392,1095,3,0,11200,0,0,0,13144270,13144270,2942
105244,409,470,1095,3,0,11200,0,0,0,13146374,13146374,2942
105260,409,537,1095,3,0,11200,0,0,0,13148291,13148291,2942
105275,409,599,1095,3,0,11200,0,0,0,13150209,13150209,2942
105291,409,666,1095,3,0,11200,0,0,0,13152061,13152061,2942
105306,409,720,1095,3,0,11200,0,0,0,13153939,13153939,2942
105322,409,786,1095,3,0,11200,0,0,0,13155597,13155597,2942
105337,409,844,1095,3,0,11200,0,0,0,13157404,13157404,2942
105352,409,913,1095,3,0,11200,0,0,0,13159098,13159098,2942
105368,409,967,1095,3,0,11200,0,0,0,13160770,13160770,2942
105385,409,992,1095,3,0,11200,0,0,0,13161443,13161443,2942
105400,410,1063,1095,3,0,11200,0,0,0,13163403,13163403,2942
105415,410,42,1095,2,0,11200,0,0,0,13165456,13165456,2942
105431,410,147,1095,2,0,11200,0,0,0,13167824,13167824,2942
105446,410,197,1095,2,0,11200,0,0,0,13169915,13169915,2942
105461,410,254,1095,2,0,11200,0,0,0,13172049,13172049,2942
105476,410,306,1095,2,0,11200,0,0,0,13174136,13174136,2942
105492,410,374,1095,2,0,11200,0,0,0,13176041,13176041,2942
105507,410,439,1095,2,0,11200,0,0,0,13178137,13178137,2942
105522,410,495,1095,2,0,11200,0,0,0,13179759,13179759,2942
105538,410,574,1095,2,0,11200,0,0,0,13181853,13181853,2942
105553,410,644,1095,2,0,11200,0,0,0,13183599,13183599,2942
105568,410,702,1095,2,0,11200,0,0,0,13185324,13185324,2942
105584,410,753,1095,2,0,11200,0,0,0,13187069,13187069,2942
105600,410,834,1095,2,0,11200,0,0,0,13188729,13188729,2942
105615,410,918,1095,2,0,11200,0,0,0,13190644,13190644,2942
105630,410,947,1095,2,0,11200,0,0,0,13191654,13191654,2942
105647,410,992,1095,2,0,11200,0,0,0,13193003,13193003,2942
105663,411,1064,1095,2,0,11200,0,0,0,13195131,13195131,2942
105678,411,24,1095,2,0,11200,0,0,0,13197300,13197300,2942
105693,411,129,1095,2,0,11200,0,0,0,13199649,13199649,2942
105709,411,177,1095,2,0,11200,0,0,0,13201333,13201333,2942
105724,411,232,1095,2,0,11200,0,0,0,13203713,13203713,2942
105740,411,261,1095,2,0,11200,0,0,0,13205762,13205762,2942
105756,411,309,1095,2,0,11200,0,0,0,13207791,13207791,2942
105771,411,376,1095,2,0,11200,0,0,0,13209771,13209771,2942
105786,411,434,1095,2,0,11200,0,0,0,13211726,13211726,2942
105803,411,489,1095,2,0,11200,0,0,0,13213616,13213616,2942
105818,411,553,1095,2,0,11200,0,0,0,13215838,13215838,2942
105833,411,609,1095,2,0,11200,0,0,0,13217558,13217558,2942
105848,411,688,1095,2,0,11200,0,0,0,13219374,13219374,2942
105864,411,753,1095,2,0,11200,0,0,0,13221365,13221365,2942
105879,411,829,1095,2,0,11200,0,0,0,13223123,13223123,2942
105895,411,922,1095,2,0,11200,0,0,0,13225117,13225117,2942
105910,411,970,1095,2,0,11200,0,0,0,13226788,13226788,2942
105925,412,1010,1095,2,0,11200,0,0,0,13227848,13227848,2942
105941,412,1057,1095,2,0,11200,0,0,0,13229273,13229273,2942
105956,412,18,1095,2,0,11200,0,0,0,13231200,13231200,2942
105971,412,128,1095,2,0,11200,0,0,0,13233374,13233374,2942
105988,412,177,1095,2,0,11200,0,0,0,13235416,13235416,2942
106003,412,239,1095,2,0,11200,0,0,0,13237646,13237646,2942
106019,412,294,1095,2,0,11200,0,0,0,13239744,13239744,2942
106034,412,344,1095,2,0,11200,0,0,0,13241483,13241483,2942
106050,412,393,1095,2,0,11200,0,0,0,13243245,13243245,2942
106065,412,454,1095,2,0,11200,0,0,0,13245181,13245181,2942
106081,412,510,1095,2,0,11200,0,0,0,13246979,13246979,2942
106096,412,582,1095,2,0,11200,0,0,0,13248929,13248929,2942
106111,412,644,1095,2,0,11200,0,0,0,13250747,13250747,2942
106127,412,715,1095,2,0,11200,0,0,0,13252615,13252615,2942
106142,412,756,1095,2,0,11200,0,0,0,13254145,13254145,2942
106157,412,816,1095,2,0,11200,0,0,0,13255914,13255914,2942
106172,412,888,1095,2,0,11200,0,0,0,13257666,13257666,2942
106195,412,938,1095,2,0,11200,0,0,0,13258862,13258862,2942
106217,412,992,1095,2,0,11200,0,0,0,13260558,13260558,2942
106232,413,1081,1095,2,0,11200,0,0,0,13262560,13262560,2942
106247,413,103,1095,2,0,11200,0,0,0,13264876,13264876,2942
106263,413,162,1095,2,0,11200,0,0,0,13267150,13267150,2942
106278,413,225,1095,2,0,11200,0,0,0,13269482,13269482,2942
106293,413,270,1095,2,0,11200,0,0,0,13271508,13271508,2942
106308,413,313,1095,2,0,11200,0,0,0,13273219,13273219,2942
106324,413,375,1095,2,0,11200,0,0,0,13275108,13275108,2942
106339,413,430,1095,2,0,11200,0,0,0,13277046,13277046,2942
106354,413,496,1095,2,0,11200,0,0,0,13278977,13278977,2942
106369,413,559,1095,2,0,11200,0,0,0,13281082,13281082,2942
106385,413,615,1095,2,0,11200,0,0,0,13282705,13282705,2942
106400,413,696,1095,2,0,11200,0,0,0,13284647,13284647,2942
106415,413,753,1095,2,0,11200,0,0,0,13286425,13286425,2942
106430,413,809,1095,2,0,11200,0,0,0,13287750,13287750,2942
106445,413,886,1095,2,0,11200,0,0,0,13289532,13289532,2942
106461,413,955,1095,2,0,11200,0,0,0,13291411,13291411,2942
106477,414,1027,1095,2,0,11200,0,0,0,13293470,13293470,2942
106493,414,1085,1095,2,0,11200,0,0,0,13295427,13295427,2942
106508,414,104,1095,2,0,11200,0,0,0,13297842,13297842,2942
106523,414,154,1095,2,0,11200,0,0,0,13299946,13299946,2942
106538,414,216,1095,2,0,11200,0,0,0,13302252,13302252,2942
106553,414,262,1095,2,0,11200,0,0,0,13304430,13304430,2942
106568,414,308,1095,2,0,11200,0,0,0,13306375,13306375,2942
106584,414,367,1095,2,0,11200,0,0,0,13308617,13308617,2942
106599,414,449,1095,2,0,11200,0,0,0,13310574,13310574,2942
106614,414,492,1095,2,0,11200,0,0,0,13312374,13312374,2942
106630,414,553,1095,2,0,11200,0,0,0,13314287,13314287,2942
106645,414,622,1095,2,0,11200,0,0,0,13316229,13316229,2942
106660,414,683,1095,2,0,11200,0,0,0,13317889,13317889,2942
106675,414,725,1095,2,0,11200,0,0,0,13319435,13319435,2942
106690,414,782,1095,2,0,11200,0,0,0,13320832,13320832,2942
106706,414,829,1095,2,0,11200,0,0,0,13322471,13322471,2942
106722,414,896,1095,2,0,11200,0,0,0,13324368,13324368,2942
106740,414,938,1095,2,0,11200,0,0,0,13325500,13325500,2942
106755,414,1005,1095,2,0,11200,0,0,0,13327091,13327091,2942
106771,415,1072,1095,2,0,11200,0,0,0,13329124,13329124,2942
106786,415,88,1095,2,0,11200,0,0,0,13331399,13331399,2942
106801,415,142,1095,2,0,11200,0,0,0,13333609,13333609,2942
106816,415,194,1095,2,0,11200,0,0,0,13335523,13335523,2942
106831,415,251,1095,2,0,11200,0,0,0,13337814,13337814,2942
106847,415,299,1095,2,0,11200,0,0,0,13339974,13339974,2942
106862,415,368,1095,2,0,11200,0,0,0,13342018,13342018,2942
106877,415,433,1095,2,0,11200,0,0,0,13343976,13343976,2942
106893,415,492,1095,2,0,11200,0,0,0,13345814,13345814,2942
106908,415,556,1095,2,0,11200,0,0,0,13347808,13347808,2942
106923,415,624,1095,2,0,11200,0,0,0,13349751,13349751,2942
106939,415,706,1095,2,0,11200,0,0,0,13351775,13351775,2942
106954,415,766,1095,2,0,11200,0,0,0,13353374,13353374,2942
106969,415,821,1095,2,0,11200,0,0,0,13355055,13355055,2942
106985,415,890,1095,2,0,11200,0,0,0,13356987,13356987,2942
107008,415,938,1095,2,0,11200,0,0,0,13357886,13357886,2942
107024,415,992,1095,2,0,11200,0,0,0,13359507,13359507,2942
107040,416,1063,1095,2,0,11200,0,0,0,13361463,13361463,2942
107055,416,27,1095,2,0,11200,0,0,0,13363408,13363408,2942
107070,416,133,1095,2,0,11200,0,0,0,13365745,13365745,2942
107085,416,182,1095,2,0,11200,0,0,0,13367936,13367936,2942
107101,416,240,1095,2,0,11200,0,0,0,13370428,13370428,2942
107116,416,284,1095,2,0,11200,0,0,0,13372473,13372473,2942
107131,416,334,1095,2,0,11200,0,0,0,13374466,13374466,2942
107146,416,395,1095,2,0,11200,0,0,0,13376532,13376532,2942
107161,416,458,1095,2,0,11200,0,0,0,13378357,13378357,2942
107177,416,510,1095,2,0,11200,0,0,0,13380217,13380217,2942
107192,416,578,1095,2,0,11200,0,0,0,13382022,13382022,2942
107207,416,641,1095,2,0,11200,0,0,0,13383711,13383711,2942
107222,416,708,1095,2,0,11200,0,0,0,13385826,13385826,2942
107237,416,761,1095,2,0,11200,0,0,0,13387347,13387347,2942
107253,416,824,1095,2,0,11200,0,0,0,13389130,13389130,2942
107268,416,899,1096,3,0,11200,0,0,0,13390980,13390980,2942
107290,416,938,1096,3,0,11200,0,0,0,13391812,13391812,2942
107305,417,1012,1096,3,0,11200,0,0,0,13393710,13393710,2942
107321,417,1085,1096,3,0,11200,0,0,0,13395788,13395788,2942
107336,417,48,1096,1,0,11200,0,0,0,13397985,13397985,2942
107351,417,147,1096,1,0,11200,0,0,0,13400147,13400147,2942
107366,417,205,1096,1,0,11200,0,0,0,13402254,13402254,2942
107381,417,251,1096,1,0,11200,0,0,0,13404560,13404560,2942
107396,417,307,1096,1,0,11200,0,0,0,13406596,13406596,2942
107411,417,350,1096,1,0,11200,0,0,0,13408290,13408290,2942
107427,417,420,1096,1,0,11200,0,0,0,13410400,13410400,2942
107442,417,487,1096,1,0,11200,0,0,0,13412245,13412245,2942
107458,417,544,1096,1,0,11200,0,0,0,13413860,13413860,2942
107473,417,612,1096,1,0,11200,0,0,0,13415675,13415675,2942
107488,417,681,1096,1,0,11200,0,0,0,13417514,13417514,2942
107504,417,728,1096,1,0,11200,0,0,0,13419354,13419354,2942
107519,417,789,1096,1,0,11200,0,0,0,13420902,13420902,2942
107534,417,853,1096,1,0,11200,0,0,0,13422834,13422834,2942
107549,417,931,1096,1,0,11200,0,0,0,13424431,13424431,2942
107564,417,951,1096,1,0,11200,0,0,0,13425246,13425246,2942
107581,417,992,1096,1,0,11200,0,0,0,13426639,13426639,2942
107596,418,1057,1096,1,0,11200,0,0,0,13428551,13428551,2942
107611,418,23,1096,1,0,11200,0,0,0,13430510,13430510,2942
107626,418,128,1096,1,0,11200,0,0,0,13432748,13432748,2942
107642,418,177,1096,1,0,11200,0,0,0,13434777,13434777,2942
107657,418,233,1096,1,0,11200,0,0,0,13437120,13437120,2942
107672,418,269,1096,1,0,11200,0,0,0,13439193,13439193,2942
107687,418,319,1096,1,0,11200,0,0,0,13441177,13441177,2942
107703,418,386,1096,1,0,11200,0,0,0,13443191,13443191,2942
107718,418,454,1096,1,0,11200,0,0,0,13445076,13445076,2942
107733,418,507,1096,1,0,11200,0,0,0,13446798,13446798,2942
107748,418,565,1096,1,0,11200,0,0,0,13448745,13448745,2942
107763,418,615,1096,1,0,11200,0,0,0,13450319,13450319,2942
107779,418,675,1096,1,0,11200,0,0,0,13452136,13452136,2942
107796,418,733,1096,1,0,11200,0,0,0,13454009,13454009,2942
107811,418,789,1096,1,0,11200,0,0,0,13455437,13455437,2942
107826,418,849,1096,1,0,11200,0,0,0,13457274,13457274,2942
107842,418,926,1096,1,0,11200,0,0,0,13459178,13459178,2942
107857,418,938,1096,1,0,11200,0,0,0,13459616,13459616,2942
107872,418,992,1096,1,0,11200,0,0,0,13461530,13461530,2942
107887,419,1057,1096,1,0,11200,0,0,0,13463369,13463369,2942
107903,419,14,1096,1,0,11200,0,0,0,13465166,13465166,2942
107918,419,133,1096,1,0,11200,0,0,0,13467467,13467467,2942
107933,419,194,1096,1,0,11200,0,0,0,13469893,13469893,2942
107948,419,253,1096,1,0,11200,0,0,0,13472109,13472109,2942
107963,419,305,1096,1,0,11200,0,0,0,13474001,13474001,2942
107978,419,362,1096,1,0,11200,0,0,0,13475996,13475996,2942
107994,419,430,1096,1,0,11200,0,0,0,13478049,13478049,2942
108010,419,489,1096,1,0,11200,0,0,0,13479923,13479923,2942
108025,419,565,1096,1,0,11200,0,0,0,13482028,13482028,2942
108040,419,622,1096,1,0,11200,0,0,0,13483989,13483989,2942
108056,419,694,1096,1,0,11200,0,0,0,13485934,13485934,2942
108072,419,742,1096,1,0,11200,0,0,0,13487711,13487711,2942
108088,419,819,1096,1,0,11200,0,0,0,13489437,13489437,2942
108103,419,885,1096,1,0,11200,0,0,0,13491090,13491090,2942
108122,419,938,1096,1,0,11200,0,0,0,13492047,13492047,2942
108141,419,992,1096,1,0,11200,0,0,0,13493659,13493659,2942
108156,420,1058,1096,1,0,11200,0,0,0,13495291,13495291,2942
108172,420,28,1096,1,0,11200,0,0,0,13497465,13497465,2942
108187,420,135,1096,1,0,11200,0,0,0,13499637,13499637,2942
108202,420,191,1096,1,0,11200,0,0,0,13501937,13501937,2942
108217,420,244,1096,1,0,11200,0,0,0,13504474,13504474,2942
108232,420,279,1096,1,0,11200,0,0,0,13506379,13506379,2942
108247,420,324,1096,1,0,11200,0,0,0,13508406,13508406,2942
108263,420,385,1096,1,0,11200,0,0,0,13510402,13510402,2942
108278,420,452,1096,1,0,11200,0,0,0,13512278,13512278,2942
108294,420,500,1096,1,0,11200,0,0,0,13514013,13514013,2942
108309,420,577,1096,1,0,11200,0,0,0,13516139,13516139,2942
108325,420,626,1096,1,0,11200,0,0,0,13517796,13517796,2942
108341,420,704,1096,1,0,11200,0,0,0,13519703,13519703,2942
108356,420,756,1096,1,0,11200,0,0,0,13521386,13521386,2942
108372,420,819,1097,2,0,11200,0,0,0,13523031,13523031,2942
108387,420,884,1097,2,0,11200,0,0,0,13524918,13524918,2942
108402,420,942,1097,2,0,11200,0,0,0,13526193,13526193,2942
108422,420,992,1097,2,0,11200,0,0,0,13527898,13527898,2942
108437,421,1078,1097,2,0,11200,0,0,0,13530091,13530091,2942
108452,421,103,1097,1,0,11200,0,0,0,13532262,13532262,2942
108467,421,163,1097,1,0,11200,0,0,0,13534480,13534480,2942
108482,421,222,1097,1,0,11200,0,0,0,13536834,13536834,2942
108498,421,268,1097,1,0,11200,0,0,0,13538996,13538996,2942
108513,421,323,1097,1,0,11200,0,0,0,13541171,13541171,2942
108528,421,382,1097,1,0,11200,0,0,0,13543054,13543054,2942
108543,421,440,1097,1,0,11200,0,0,0,13545171,13545171,2942
108558,421,510,1097,1,0,11200,0,0,0,13546969,13546969,2942
108574,421,588,1097,1,0,11200,0,0,0,13548991,13548991,2942
108589,421,665,1097,1,0,11200,0,0,0,13550598,13550598,2942
108605,421,728,1097,1,0,11200,0,0,0,13552603,13552603,2942
108621,421,786,1097,1,0,11200,0,0,0,13553954,13553954,2942
108636,421,853,1097,1,0,11200,0,0,0,13555688,13555688,2942
108657,421,938,1097,1,0,11200,0,0,0,13557391,13557391,2942
108672,421,991,1097,1,0,11200,0,0,0,13559353,13559353,2942
108688,422,1060,1097,1,0,11200,0,0,0,13561105,13561105,2942
108703,422,24,1097,1,0,11200,0,0,0,13563014,13563014,2942
108718,422,129,1097,1,0,11200,0,0,0,13565414,13565414,2942
108733,422,192,1097,1,0,11200,0,0,0,13567857,13567857,2942
108748,422,250,1097,1,0,11200,0,0,0,13570208,13570208,2942
108763,422,295,1097,1,0,11200,0,0,0,13572255,13572255,2942
108779,422,363,1097,1,0,11200,0,0,0,13574457,13574457,2942
108794,422,434,1097,1,0,11200,0,0,0,13576433,13576433,2942
108809,422,489,1097,1,0,11200,0,0,0,13578237,13578237,2942
108824,422,545,1097,1,0,11200,0,0,0,13579792,13579792,2942
108840,422,595,1097,1,0,11200,0,0,0,13581450,13581450,2942
108855,422,679,1097,1,0,11200,0,0,0,13583503,13583503,2942
108871,422,728,1097,1,0,11200,0,0,0,13585303,13585303,2942
108887,422,786,1097,1,0,11200,0,0,0,13586804,13586804,2942
108902,422,853,1097,1,0,11200,0,0,0,13588492,13588492,2942
108925,422,938,1097,1,0,11200,0,0,0,13590150,13590150,2942
108940,422,1001,1097,1,0,11200,0,0,0,13592029,13592029,2942
108955,423,1058,1097,1,0,11200,0,0,0,13593778,13593778,2942
108971,423,16,1097,1,0,11200,0,0,0,13595916,13595916,2942
108986,423,120,1097,1,0,11200,0,0,0,13598243,13598243,2942
109001,423,176,1097,1,0,11200,0,0,0,13600425,13600425,2942
109016,423,219,1097,1,0,11200,0,0,0,13602401,13602401,2942
109031,423,268,1097,1,0,11200,0,0,0,13604538,13604538,2942
109046,423,322,1097,1,0,11200,0,0,0,13606504,13606504,2942
109062,423,385,1097,1,0,11200,0,0,0,13608656,13608656,2942
109077,423,447,1097,1,0,11200,0,0,0,13610685,13610685,2942
109093,423,500,1097,1,0,11200,0,0,0,13612593,13612593,2942
109108,423,575,1097,1,0,11200,0,0,0,13614544,13614544,2942
109123,423,640,1097,1,0,11200,0,0,0,13616482,13616482,2942
109139,423,696,1097,1,0,11200,0,0,0,13618310,13618310,2942
109154,423,753,1097,1,0,11200,0,0,0,13619853,13619853,2942
109169,423,792,1097,1,0,11200,0,0,0,13621169,13621169,2942
109184,423,847,1097,1,0,11200,0,0,0,13622842,13622842,2942
109201,423,928,1097,1,0,11200,0,0,0,13624735,13624735,2942
109216,423,955,1097,1,0,11200,0,0,0,13625540,13625540,2942
109231,424,1028,1097,1,0,11200,0,0,0,13627682,13627682,2942
109246,424,12,1097,1,0,11200,0,0,0,13629899,13629899,2942
109262,424,123,1097,1,0,11200,0,0,0,13632437,13632437,2942
109277,424,179,1097,1,0,11200,0,0,0,13634821,13634821,2942
109292,424,239,1097,1,0,11200,0,0,0,13637093,13637093,2942
109307,424,282,1097,1,0,11200,0,0,0,13639059,13639059,2942
109322,424,338,1097,1,0,11200,0,0,0,13640972,13640972,2942
109338,424,413,1097,1,0,11200,0,0,0,13643186,13643186,2942
109354,424,472,1097,1,0,11200,0,0,0,13645084,13645084,2942
109369,424,545,1097,1,0,11200,0,0,0,13647163,13647163,2942
109384,424,598,1097,1,0,11200,0,0,0,13649026,13649026,2942
109399,424,671,1097,1,0,11200,0,0,0,13650730,13650730,2942
109415,424,728,1097,1,0,11200,0,0,0,13652645,13652645,2942
109430,424,768,1097,1,0,11200,0,0,0,13654112,13654112,2942
109445,424,849,1097,1,0,11200,0,0,0,13655961,13655961,2942
109461,424,916,1097,1,0,11200,0,0,0,13657708,13657708,2942
109476,424,957,1097,1,0,11200,0,0,0,13659163,13659163,2942
109494,424,992,1097,1,0,11200,0,0,0,13660164,13660164,2942
109509,425,1060,1097,1,0,11200,0,0,0,13662112,13662112,2942
109524,425,19,1097,1,0,11200,0,0,0,13664079,13664079,2942
109540,425,137,1097,1,0,11200,0,0,0,13666351,13666351,2942
109555,425,193,1097,1,0,11200,0,0,0,13668526,13668526,2942
109570,425,246,1097,1,0,11200,0,0,0,13670817,13670817,2942
109585,425,295,1097,1,0,11200,0,0,0,13672916,13672916,2942
109601,425,350,1097,1,0,11200,0,0,0,13674992,13674992,2942
109616,425,424,1097,1,0,11200,0,0,0,13677004,13677004,2942
109631,425,481,1097,1,0,11200,0,0,0,13678869,13678869,2942
109647,425,556,1098,2,0,11200,0,0,0,13680883,13680883,2942
109662,425,626,1098,2,0,11200,0,0,0,13682724,13682724,2942
109678,425,695,1098,2,0,11200,0,0,0,13684733,13684733,2942
109693,425,740,1098,2,0,11200,0,0,0,13686382,13686382,2942
109708,425,800,1098,2,0,11200,0,0,0,13687824,13687824,2942
109723,425,857,1098,2,0,11200,0,0,0,13689537,13689537,2942
109739,425,934,1098,2,0,11200,0,0,0,13691265,13691265,2942
109754,425,986,1098,2,0,11200,0,0,0,13692974,13692974,2942
109769,425,998,1098,2,0,11200,0,0,0,13693361,13693361,2942
109784,426,1064,1098,2,0,11200,0,0,0,13695295,13695295,2942
109799,426,24,1098,2,0,11200,0,0,0,13697638,13697638,2942
109815,426,134,1098,2,0,11200,0,0,0,13699910,13699910,2942
109830,426,194,1098,2,0,11200,0,0,0,13702383,13702383,2942
109845,426,247,1098,2,0,11200,0,0,0,13704568,13704568,2942
109861,426,299,1098,2,0,11200,0,0,0,13706684,13706684,2942
109876,426,367,1098,2,0,11200,0,0,0,13708578,13708578,2942
109892,426,436,1098,2,0,11200,0,0,0,13710645,13710645,2942
109907,426,478,1098,2,0,11200,0,0,0,13712241,13712241,2942
109922,426,547,1098,2,0,11200,0,0,0,13714268,13714268,2942
109937,426,612,1098,2,0,11200,0,0,0,13716278,13716278,2942
109953,426,675,1098,2,0,11200,0,0,0,13717757,13717757,2942
109969,426,728,1098,2,0,11200,0,0,0,13719621,13719621,2942
109984,426,800,1098,2,0,11200,0,0,0,13721276,13721276,2942
110000,426,862,1098,2,0,11200,0,0,0,13723093,13723093,2942
110015,426,938,1098,2,0,11200,0,0,0,13724587,13724587,2942
110030,426,991,1098,2,0,11200,0,0,0,13726468,13726468,2942
110046,427,1028,1098,2,0,11200,0,0,0,13727754,13727754,2942
110061,427,1094,1098,2,0,11200,0,0,0,13729772,13729772,2942
110077,427,103,1098,2,0,11200,0,0,0,13731982,13731982,2942
110092,427,141,1098,2,0,11200,0,0,0,13734101,13734101,2942
110107,427,212,1098,2,0,11200,0,0,0,13736540,13736540,2942
110123,427,265,1098,2,0,11200,0,0,0,13738801,13738801,2942
110138,427,316,1098,2,0,11200,0,0,0,13740755,13740755,2942
110153,427,367,1098,2,0,11200,0,0,0,13742155,13742155,2942
110168,427,421,1098,2,0,11200,0,0,0,13744029,13744029,2942
110184,427,475,1098,2,0,11200,0,0,0,13745747,13745747,2942
110199,427,551,1098,2,0,11200,0,0,0,13747986,13747986,2942
110214,427,608,1098,2,0,11200,0,0,0,13749746,13749746,2942
110229,427,670,1098,2,0,11200,0,0,0,13751607,13751607,2942
110244,427,728,1098,2,0,11200,0,0,0,13753520,13753520,2942
110260,427,782,1098,2,0,11200,0,0,0,13754888,13754888,2942
110276,427,851,1098,2,0,11200,0,0,0,13756597,13756597,2942
110300,427,938,1098,2,0,11200,0,0,0,13758570,13758570,2942
110315,427,992,1098,2,0,11200,0,0,0,13760352,13760352,2942
110330,428,1075,1098,2,0,11200,0,0,0,13762299,13762299,2942
110345,428,78,1099,3,0,11200,0,0,0,13764761,13764761,2942
110360,428,154,1099,3,0,11200,0,0,0,13767213,13767213,2942
110375,428,211,1099,3,0,11200,0,0,0,13769606,13769606,2942
110391,428,261,1099,3,0,11200,0,0,0,13771813,13771813,2942
110406,428,323,1099,3,0,11200,0,0,0,13773941,13773941,2942
110421,428,397,1099,3,0,11200,0,0,0,13776097,13776097,2942
110437,428,461,1099,3,0,11200,0,0,0,13778181,13778181,2942
110452,428,522,1099,3,0,11200,0,0,0,13779739,13779739,2942
110467,428,589,1100,4,0,11200,0,0,0,13781600,13781600,2944
110483,428,654,1100,4,0,11200,0,0,0,13783701,13783701,2944
110498,428,696,1100,4,0,11200,0,0,0,13784687,13784687,2944
110514,428,744,1100,4,0,11200,0,0,0,13786242,13786242,2944
110529,428,790,1100,4,0,11200,0,0,0,13787439,13787439,2944
110544,428,844,1100,4,0,11200,0,0,0,13789020,13789020,2944
110559,428,912,1100,4,0,11200,0,0,0,13790844,13790844,2944
110574,428,967,1100,4,0,11200,0,0,0,13792617,13792617,2944
110591,429,1028,1100,4,0,11200,0,0,0,13794402,13794402,2944
110608,429,1095,1100,4,0,11200,0,0,0,13796425,13796425,2944
110623,429,103,1100,3,0,11200,0,0,0,13798936,13798936,2944
110638,429,165,1100,3,0,11200,0,0,0,13801280,13801280,2944
110653,429,222,1100,3,0,11200,0,0,0,13803687,13803687,2944
110669,429,268,1100,3,0,11200,0,0,0,13805941,13805941,2944
110684,429,316,1100,3,0,11200,0,0,0,13807894,13807894,2944
110700,429,386,1100,3,0,11200,0,0,0,13809797,13809797,2944
110715,429,447,1100,3,0,11200,0,0,0,13811812,13811812,2944
110730,429,496,1100,3,0,11200,0,0,0,13813623,13813623,2944
110745,429,556,1100,3,0,11200,0,0,0,13815488,13815488,2944
110761,429,613,1100,3,0,11200,0,0,0,13817161,13817161,2944
110777,429,688,1100,3,0,11200,0,0,0,13819259,13819259,2944
110792,429,744,1100,3,0,11200,0,0,0,13820986,13820986,2944
110808,429,809,1100,3,0,11200,0,0,0,13822792,13822792,2944
110823,429,856,1100,3,0,11200,0,0,0,13824418,13824418,2944
110841,429,938,1100,3,0,11200,0,0,0,13826127,13826127,2944
110857,429,992,1100,3,0,11200,0,0,0,13827813,13827813,2944
110872,430,1064,1100,3,0,11200,0,0,0,13829787,13829787,2944
110888,430,48,1100,3,0,11200,0,0,0,13832179,13832179,2944
110903,430,142,1100,3,0,11200,0,0,0,13834341,13834341,2944
110918,430,210,1100,3,0,11200,0,0,0,13836748,13836748,2944
110933,430,265,1100,3,0,11200,0,0,0,13838895,13838895,2944
110948,430,317,1100,3,0,11200,0,0,0,13840895,13840895,2944
110964,430,375,1100,3,0,11200,0,0,0,13842738,13842738,2944
110979,430,453,1100,3,0,11200,0,0,0,13844787,13844787,2944
110994,430,518,1100,3,0,11200,0,0,0,13846763,13846763,2944
111010,430,578,1100,3,0,11200,0,0,0,13848665,13848665,2944
111025,430,643,1100,3,0,11200,0,0,0,13850586,13850586,2944
111040,430,712,1100,3,0,11200,0,0,0,13852444,13852444,2944
111055,430,766,1100,3,0,11200,0,0,0,13854134,13854134,2944
111071,430,827,1100,3,0,11200,0,0,0,13855857,13855857,2944
111086,430,920,1100,3,0,11200,0,0,0,13857818,13857818,2944
111103,430,938,1100,3,0,11200,0,0,0,13858377,13858377,2944
111118,430,985,1100,3,0,11200,0,0,0,13860161,13860161,2944
111134,431,1047,1100,3,0,11200,0,0,0,13862012,13862012,2944
111149,431,14,1100,3,0,11200,0,0,0,13864201,13864201,2944
111164,431,123,1100,3,0,11200,0,0,0,13866553,13866553,2944
111180,431,179,1100,3,0,11200,0,0,0,13868857,13868857,2944
111195,431,222,1100,3,0,11200,0,0,0,13871062,13871062,2944
111211,431,265,1100,3,0,11200,0,0,0,13873183,13873183,2944
111226,431,313,1100,3,0,11200,0,0,0,13875218,13875218,2944
111242,431,363,1100,3,0,11200,0,0,0,13876958,13876958,2944
111257,431,435,1100,3,0,11200,0,0,0,13878941,13878941,2944
111272,431,487,1100,3,0,11200,0,0,0,13880595,13880595,2944
111287,431,560,1100,3,0,11200,0,0,0,13882599,13882599,2944
111303,431,622,1100,3,0,11200,0,0,0,13884333,13884333,2944
111318,431,679,1100,3,0,11200,0,0,0,13886075,13886075,2944
111333,431,728,1100,3,0,11200,0,0,0,13887831,13887831,2944
111349,431,769,1100,3,0,11200,0,0,0,13889157,13889157,2944
111364,431,842,1100,3,0,11200,0,0,0,13890920,13890920,2944
111379,431,912,1100,3,0,11200,0,0,0,13892840,13892840,2944
111395,431,957,1100,3,0,11200,0,0,0,13894349,13894349,2944
111410,431,992,1100,3,0,11200,0,0,0,13895516,13895516,2944
111425,432,1060,1100,3,0,11200,0,0,0,13897439,13897439,2944
111440,432,16,1100,3,0,11200,0,0,0,13899603,13899603,2944
111456,432,117,1100,3,0,11200,0,0,0,13901796,13901796,2944
111471,432,177,1100,3,0,11200,0,0,0,13904171,13904171,2944
111487,432,240,1100,3,0,11200,0,0,0,13906465,13906465,2944
111502,432,278,1100,3,0,11200,0,0,0,13908402,13908402,2944
111517,432,320,1100,3,0,11200,0,0,0,13910483,13910483,2944
111532,432,383,1100,3,0,11200,0,0,0,13912600,13912600,2944
111547,432,454,1100,3,0,11200,0,0,0,13914758,13914758,2944
111562,432,510,1100,3,0,11200,0,0,0,13916587,13916587,2944
111578,432,566,1100,3,0,11200,0,0,0,13918388,13918388,2944
111593,432,634,1100,3,0,11200,0,0,0,13920341,13920341,2944
111609,432,696,1100,3,0,11200,0,0,0,13922135,13922135,2944
111624,432,737,1100,3,0,11200,0,0,0,13923843,13923843,2944
111639,432,809,1100,3,0,11200,0,0,0,13925341,13925341,2944
111654,432,869,1100,3,0,11200,0,0,0,13927155,13927155,2944
111671,432,938,1100,3,0,11200,0,0,0,13928294,13928294,2944
111686,432,1001,1100,3,0,11200,0,0,0,13930315,13930315,2944
111701,433,1061,1100,3,0,11200,0,0,0,13932388,13932388,2944
111716,433,27,1100,3,0,11200,0,0,0,13934613,13934613,2944
111731,433,139,1100,3,0,11200,0,0,0,13936906,13936906,2944
111746,433,197,1100,3,0,11200,0,0,0,13939390,13939390,2944
111762,433,254,1100,3,0,11200,0,0,0,13941683,13941683,2944
111777,433,308,1100,3,0,11200,0,0,0,13943714,13943714,2944
111793,433,359,1100,3,0,11200,0,0,0,13945840,13945840,2944
111808,433,420,1100,3,0,11200,0,0,0,13948006,13948006,2944
111824,433,472,1100,3,0,11200,0,0,0,13949732,13949732,2944
111840,433,533,1100,3,0,11200,0,0,0,13951771,13951771,2944
111855,433,599,1100,3,0,11200,0,0,0,13953519,13953519,2944
111870,433,670,1100,3,0,11200,0,0,0,13955478,13955478,2944
111886,433,728,1100,3,0,11200,0,0,0,13957416,13957416,2944
111901,433,792,1100,3,0,11200,0,0,0,13958842,13958842,2944
111917,433,844,1100,3,0,11200,0,0,0,13960269,13960269,2944
111932,433,922,1100,3,0,11200,0,0,0,13962177,13962177,2944
111948,433,991,1100,3,0,11200,0,0,0,13964354,13964354,2944
111963,434,1047,1100,3,0,11200,0,0,0,13966039,13966039,2944
111978,434,11,1100,3,0,11200,0,0,0,13967962,13967962,2944
111994,434,132,1100,3,0,11200,0,0,0,13970449,13970449,2944
112009,434,188,1100,3,0,11200,0,0,0,13972549,13972549,2944
112024,434,243,1100,3,0,11200,0,0,0,13974776,13974776,2944
112040,434,292,1100,3,0,11200,0,0,0,13976850,13976850,2944
112055,434,342,1100,3,0,11200,0,0,0,13978555,13978555,2944
112071,434,403,1100,3,0,11200,0,0,0,13980496,13980496,2944
112086,434,467,1100,3,0,11200,0,0,0,13982441,13982441,2944
112102,434,523,1100,3,0,11200,0,0,0,13984425,13984425,2944
112117,434,578,1100,3,0,11200,0,0,0,13986052,13986052,2944
112132,434,624,1100,3,0,11200,0,0,0,13987680,13987680,2944
112147,434,681,1100,3,0,11200,0,0,0,13989065,13989065,2944
112162,434,733,1100,3,0,11200,0,0,0,13990916,13990916,2944
112178,434,789,1100,3,0,11200,0,0,0,13991943,13991943,2944
112193,434,847,1100,3,0,11200,0,0,0,13993590,13993590,2944
112208,434,926,1100,3,0,11200,0,0,0,13995279,13995279,2944
112223,434,960,1100,3,0,11200,0,0,0,13996219,13996219,2944
112239,434,995,1100,3,0,11200,0,0,0,13997593,13997593,2944
112254,435,1064,1100,3,0,11200,0,0,0,13999490,13999490,2944
112269,435,58,1100,3,0,11200,0,0,0,14001842,14001842,2944
112285,435,141,1100,3,0,11200,0,0,0,14004105,14004105,2944
112300,435,214,1100,3,0,11200,0,0,0,14006598,14006598,2944
112315,435,260,1100,3,0,11200,0,0,0,14008848,14008848,2944
112330,435,307,1100,3,0,11200,0,0,0,14010914,14010914,2944
112346,435,363,1100,3,0,11200,0,0,0,14012870,14012870,2944
112361,435,420,1100,3,0,11200,0,0,0,14014974,14014974,2944
112376,435,477,1100,3,0,11200,0,0,0,14016811,14016811,2944
112392,435,559,1100,3,0,11200,0,0,0,14018958,14018958,2944
112407,435,613,1100,3,0,11200,0,0,0,14020681,14020681,2944
112422,435,683,1100,3,0,11200,0,0,0,14022532,14022532,2944
112438,435,726,1100,3,0,11200,0,0,0,14024290,14024290,2944
112453,435,767,1100,3,0,11200,0,0,0,14025731,14025731,2944
112468,435,816,1100,3,0,11200,0,0,0,14027149,14027149,2944
112483,435,888,1100,3,0,11200,0,0,0,14028965,14028965,2944
112499,435,948,1100,3,0,11200,0,0,0,14030559,14030559,2944
112517,435,992,1100,3,0,11200,0,0,0,14031727,14031727,2944
112532,436,1072,1100,3,0,11200,0,0,0,14033952,14033952,2944
112548,436,103,1100,3,0,11200,0,0,0,14036185,14036185,2944
112563,436,159,1100,3,0,11200,0,0,0,14038472,14038472,2944
112578,436,222,1100,3,0,11200,0,0,0,14040887,14040887,2944
112593,436,269,1100,3,0,11200,0,0,0,14043047,14043047,2944
112608,436,324,1100,3,0,11200,0,0,0,14045161,14045161,2944
112624,436,378,1100,3,0,11200,0,0,0,14046864,14046864,2944
112639,436,457,1100,3,0,11200,0,0,0,14049031,14049031,2944
112654,436,514,1100,3,0,11200,0,0,0,14050903,14050903,2944
112670,436,589,1100,3,0,11200,0,0,0,14052918,14052918,2944
112685,436,643,1100,3,0,11200,0,0,0,14054763,14054763,2944
112700,436,686,1100,3,0,11200,0,0,0,14056104,14056104,2944
112715,436,729,1100,3,0,11200,0,0,0,14057835,14057835,2944
112731,436,791,1100,3,0,11200,0,0,0,14059293,14059293,2944
112746,436,841,1100,3,0,11200,0,0,0,14061091,14061091,2944
112762,436,922,1100,3,0,11200,0,0,0,14062955,14062955,2944
112777,436,950,1100,3,0,11200,0,0,0,14063860,14063860,2944
112799,436,992,1100,3,0,11200,0,0,0,14065525,14065525,2944
112815,437,1057,1100,3,0,11200,0,0,0,14067704,14067704,2944
112830,437,15,1100,3,0,11200,0,0,0,14069660,14069660,2944
112846,437,123,1100,3,0,11200,0,0,0,14071996,14071996,2944
112861,437,175,1100,3,0,11200,0,0,0,14074101,14074101,2944
112876,437,225,1100,3,0,11200,0,0,0,14076491,14076491,2944
112891,437,267,1100,3,0,11200,0,0,0,14078488,14078488,2944
112907,437,310,1100,3,0,11200,0,0,0,14080238,14080238,2944
112922,437,378,1100,3,0,11200,0,0,0,14082472,14082472,2944
112937,437,440,1100,3,0,11200,0,0,0,14084565,14084565,2944
112953,437,520,1100,3,0,11200,0,0,0,14086661,14086661,2944
112968,437,582,1100,3,0,11200,0,0,0,14088706,14088706,2944
112983,437,649,1100,3,0,11200,0,0,0,14090769,14090769,2944
112999,437,718,1100,3,0,11200,0,0,0,14092669,14092669,2944
113014,437,757,1100,3,0,11200,0,0,0,14094151,14094151,2944
113030,437,821,1100,3,0,11200,0,0,0,14095605,14095605,2944
113045,437,909,1100,3,0,11200,0,0,0,14097389,14097389,2944
113060,437,938,1100,3,0,11200,0,0,0,14098164,14098164,2944
113076,437,992,1100,3,0,11200,0,0,0,14099941,14099941,2944
113091,438,1063,1100,3,0,11200,0,0,0,14102173,14102173,2944
113106,438,19,1100,3,0,11200,0,0,0,14104110,14104110,2944
113122,438,123,1100,3,0,11200,0,0,0,14106350,14106350,2944
113137,438,172,1100,3,0,11200,0,0,0,14108632,14108632,2944
113152,438,228,1100,3,0,11200,0,0,0,14111242,14111242,2944
113168,438,279,1100,3,0,11200,0,0,0,14113510,14113510,2944
113183,438,323,1100,3,0,11200,0,0,0,14115501,14115501,2944
113198,438,388,1100,3,0,11200,0,0,0,14117519,14117519,2944
113214,438,457,1100,3,0,11200,0,0,0,14119479,14119479,2944
113229,438,506,1100,3,0,11200,0,0,0,14121405,14121405,2944
113244,438,589,1100,3,0,11200,0,0,0,14123457,14123457,2944
113260,438,660,1100,3,0,11200,0,0,0,14125315,14125315,2944
113275,438,704,1100,3,0,11200,0,0,0,14126665,14126665,2944
113291,438,757,1100,3,0,11200,0,0,0,14128290,14128290,2944
113306,438,821,1100,3,0,11200,0,0,0,14130079,14130079,2944
113323,438,885,1100,3,0,11200,0,0,0,14131953,14131953,2944
113338,438,950,1100,3,0,11200,0,0,0,14133774,14133774,2944
113360,438,992,1100,3,0,11200,0,0,0,14134951,14134951,2944
113375,439,1068,1100,3,0,11200,0,0,0,14137007,14137007,2944
113390,439,24,1100,3,0,11200,0,0,0,14139116,14139116,2944
113405,439,133,1100,3,0,11200,0,0,0,14141558,14141558,2944
113421,439,185,1100,3,0,11200,0,0,0,14143707,14143707,2944
113436,439,247,1100,3,0,11200,0,0,0,14146059,14146059,2944
113451,439,299,1100,3,0,11200,0,0,0,14148046,14148046,2944
113466,439,375,1100,3,0,11200,0,0,0,14150088,14150088,2944
113482,439,440,1100,3,0,11200,0,0,0,14152201,14152201,2944
113497,439,487,1100,3,0,11200,0,0,0,14154038,14154038,2944
113512,439,557,1100,3,0,11200,0,0,0,14155857,14155857,2944
113528,439,600,1100,3,0,11200,0,0,0,14157571,14157571,2944
113543,439,669,1100,3,0,11200,0,0,0,14159340,14159340,2944
113559,439,726,1100,3,0,11200,0,0,0,14161433,14161433,2944
113574,439,785,1100,3,0,11200,0,0,0,14162787,14162787,2944
113589,439,849,1100,3,0,11200,0,0,0,14164617,14164617,2944
113605,439,938,1100,3,0,11200,0,0,0,14166641,14166641,2944
113621,439,992,1100,3,0,11200,0,0,0,14168315,14168315,2944
113637,440,1060,1100,3,0,11200,0,0,0,14169998,14169998,2944
113652,440,27,1100,3,0,11200,0,0,0,14172101,14172101,2944
113667,440,148,1100,3,0,11200,0,0,0,14174293,14174293,2944
113682,440,206,1100,3,0,11200,0,0,0,14176686,14176686,2944
113697,440,256,1100,3,0,11200,0,0,0,14178712,14178712,2944
113713,440,314,1100,3,0,11200,0,0,0,14180805,14180805,2944
113728,440,381,1100,3,0,11200,0,0,0,14182825,14182825,2944
113743,440,437,1100,3,0,11200,0,0,0,14184754,14184754,2944
113759,440,500,1100,3,0,11200,0,0,0,14186693,14186693,2944
113775,440,589,1100,3,0,11200,0,0,0,14188674,14188674,2944
113790,440,651,1100,3,0,11200,0,0,0,14190629,14190629,2944
113806,440,709,1100,3,0,11200,0,0,0,14192374,14192374,2944
113821,440,766,1100,3,0,11200,0,0,0,14194129,14194129,2944
113836,440,836,1100,3,0,11200,0,0,0,14195753,14195753,2944
113857,440,887,1100,3,0,11200,0,0,0,14196858,14196858,2944
113874,440,938,1100,3,0,11200,0,0,0,14198060,14198060,2944
113897,440,992,1100,3,0,11200,0,0,0,14199703,14199703,2944
113913,441,1062,1100,3,0,11200,0,0,0,14201497,14201497,2944
113928,441,48,1100,3,0,11200,0,0,0,14203855,14203855,2944
113943,441,141,1100,3,0,11200,0,0,0,14206032,14206032,2944
113958,441,189,1100,3,0,11200,0,0,0,14208202,14208202,2944
113973,441,249,1100,3,0,11200,0,0,0,14210492,14210492,2944
113989,441,290,1100,3,0,11200,0,0,0,14212453,14212453,2944
114005,441,348,1100,3,0,11200,0,0,0,14214631,14214631,2944
114020,441,413,1100,3,0,11200,0,0,0,14216693,14216693,2944
114035,441,478,1100,3,0,11200,0,0,0,14218540,14218540,2944
114050,441,553,1100,3,0,11200,0,0,0,14220644,14220644,2944
114066,441,624,1100,3,0,11200,0,0,0,14222683,14222683,2944
114082,441,683,1100,3,0,11200,0,0,0,14224634,14224634,2944
114097,441,734,1100,3,0,11200,0,0,0,14226298,14226298,2944
114112,441,789,1100,3,0,11200,0,0,0,14227572,14227572,2944
114127,441,849,1100,3,0,11200,0,0,0,14229484,14229484,2944
114142,441,931,1100,3,0,11200,0,0,0,14231279,14231279,2944
114158,441,940,1100,3,0,11200,0,0,0,14231604,14231604,2944
114181,441,992,1100,3,0,11200,0,0,0,14233437,14233437,2944
114196,442,1057,1100,3,0,11200,0,0,0,14235325,14235325,2944
114211,442,16,1100,3,0,11200,0,0,0,14237226,14237226,2944
114226,442,128,1100,3,0,11200,0,0,0,14239547,14239547,2944
114242,442,181,1100,3,0,11200,0,0,0,14241854,14241854,2944
114257,442,234,1100,3,0,11200,0,0,0,14244174,14244174,2944
114272,442,269,1100,3,0,11200,0,0,0,14246294,14246294,2944
114287,442,319,1100,3,0,11200,0,0,0,14248209,14248209,2944
114302,442,375,1100,3,0,11200,0,0,0,14249931,14249931,2944
114318,442,421,1100,3,0,11200,0,0,0,14251715,14251715,2944
114333,442,482,1100,3,0,11200,0,0,0,14253549,14253549,2944
114348,442,545,1100,3,0,11200,0,0,0,14255705,14255705,2944
114363,442,624,1100,3,0,11200,0,0,0,14257662,14257662,2944
114379,442,702,1100,3,0,11200,0,0,0,14259738,14259738,2944
114394,442,753,1100,3,0,11200,0,0,0,14261294,14261294,2944
114409,442,810,1100,3,0,11200,0,0,0,14262783,14262783,2944
114424,442,853,1100,3,0,11200,0,0,0,14264316,14264316,2944
114439,442,928,1100,3,0,11200,0,0,0,14266077,14266077,2944
114455,442,959,1100,3,0,11200,0,0,0,14267221,14267221,2944
114471,442,992,1100,3,0,11200,0,0,0,14268456,14268456,2944
114487,443,1057,1100,3,0,11200,0,0,0,14270515,14270515,2944
114502,443,18,1100,3,0,11200,0,0,0,14272354,14272354,2944
114518,443,134,1100,3,0,11200,0,0,0,14274731,14274731,2944
114533,443,181,1100,3,0,11200,0,0,0,14276822,14276822,2944
114549,443,235,1100,3,0,11200,0,0,0,14279276,14279276,2944
114564,443,273,1100,3,0,11200,0,0,0,14281331,14281331,2944
114579,443,320,1100,3,0,11200,0,0,0,14283405,14283405,2944
114595,443,391,1100,3,0,11200,0,0,0,14285470,14285470,2944
114610,443,460,1100,3,0,11200,0,0,0,14287552,14287552,2944
114625,443,520,1100,3,0,11200,0,0,0,14289481,14289481,2944
114640,443,591,1100,3,0,11200,0,0,0,14291310,14291310,2944
114655,443,670,1100,3,0,11200,0,0,0,14293146,14293146,2944
114671,443,733,1100,3,0,11200,0,0,0,14295159,14295159,2944
114687,443,799,1100,3,0,11200,0,0,0,14296780,14296780,2944
114703,443,853,1100,3,0,11200,0,0,0,14298379,14298379,2944
114719,443,940,1100,3,0,11200,0,0,0,14300509,14300509,2944
114737,443,992,1100,3,0,11200,0,0,0,14301590,14301590,2944
114753,444,1060,1100,3,0,11200,0,0,0,14303609,14303609,2944
114768,444,11,1100,2,0,11200,0,0,0,14305439,14305439,2944
114784,444,122,1100,2,0,11200,0,0,0,14307512,14307512,2944
114799,444,172,1100,2,0,11200,0,0,0,14309898,14309898,2944
114814,444,235,1100,2,0,11200,0,0,0,14312201,14312201,2944
114829,444,289,1100,2,0,11200,0,0,0,14314347,14314347,2944
114844,444,334,1100,2,0,11200,0,0,0,14316008,14316008,2944
114860,444,403,1100,2,0,11200,0,0,0,14318012,14318012,2944
114875,444,447,1100,2,0,11200,0,0,0,14319452,14319452,2944
114890,444,482,1100,2,0,11200,0,0,0,14320834,14320834,2944
114906,444,528,1100,2,0,11200,0,0,0,14322425,14322425,2944
114922,444,579,1100,2,0,11200,0,0,0,14323745,14323745,2944
114937,444,640,1100,2,0,11200,0,0,0,14325401,14325401,2944
114953,444,688,1100,2,0,11200,0,0,0,14326979,14326979,2944
114970,444,726,1100,2,0,11200,0,0,0,14328430,14328430,2944
114985,444,770,1100,2,0,11200,0,0,0,14329686,14329686,2944
115001,444,834,1100,2,0,11200,0,0,0,14331036,14331036,2944
115017,444,873,1100,2,0,11200,0,0,0,14332481,14332481,2944
115036,444,938,1100,2,0,11200,0,0,0,14333819,14333819,2944
115051,444,987,1100,2,0,11200,0,0,0,14335481,14335481,2944
115068,445,1028,1100,2,0,11200,0,0,0,14336550,14336550,2944
115083,445,1080,1100,2,0,11200,0,0,0,14338082,14338082,2944
115098,445,19,1100,1,0,11200,0,0,0,14339788,14339788,2944
115114,445,124,1100,1,0,11200,0,0,0,14341532,14341532,2944
115129,445,176,1100,1,0,11200,0,0,0,14343282,14343282,2944
115145,445,210,1100,1,0,11200,0,0,0,14344968,14344968,2944
115160,445,249,1100,1,0,11200,0,0,0,14346644,14346644,2944
115176,445,284,1100,1,0,11200,0,0,0,14348136,14348136,2944
115193,445,331,1100,1,0,11200,0,0,0,14349695,14349695,2944
115208,445,371,1100,1,0,11200,0,0,0,14351264,14351264,2944
115223,445,424,1100,1,0,11200,0,0,0,14352820,14352820,2944
115240,445,482,1100,1,0,11200,0,0,0,14354430,14354430,2944
115255,445,547,1100,1,0,11200,0,0,0,14356083,14356083,2944
115270,445,590,1100,1,0,11200,0,0,0,14357381,14357381,2944
115285,445,641,1100,1,0,11200,0,0,0,14359013,14359013,2944
115301,445,686,1100,1,0,11200,0,0,0,14360408,14360408,2944
115316,445,715,1100,1,0,11200,0,0,0,14361279,14361279,2944
115334,445,756,1100,1,0,11200,0,0,0,14362224,14362224,2944
115349,445,798,1100,1,0,11200,0,0,0,14363039,14363039,2944
115365,445,832,1100,1,0,11200,0,0,0,14364008,14364008,2944
115380,445,854,1100,1,0,11200,0,0,0,14364893,14364893,2944
115395,445,888,1100,1,0,11200,0,0,0,14365796,14365796,2944
115410,445,926,1100,1,0,11200,0,0,0,14366647,14366647,2944
115426,445,938,1100,1,0,11200,0,0,0,14367037,14367037,2944
115442,445,970,1100,1,0,11200,0,0,0,14368033,14368033,2944
115459,445,1000,1100,1,0,11200,0,0,0,14368956,14368956,2944
115474,446,1031,1100,1,0,11200,0,0,0,14369846,14369846,2944
115490,446,1068,1100,1,0,11200,0,0,0,14370879,14370879,2944
115506,446,9,1100,1,0,11200,0,0,0,14371899,14371899,2944
115521,446,32,1100,1,0,11200,0,0,0,14372911,14372911,2944
115538,446,122,1100,1,0,11200,0,0,0,14374038,14374038,2944
115553,446,141,1100,1,0,11200,0,0,0,14375112,14375112,2944
115570,446,177,1100,1,0,11200,0,0,0,14376240,14376240,2944
115585,446,191,1100,1,0,11200,0,0,0,14377260,14377260,2944
115600,446,221,1100,1,0,11200,0,0,0,14378453,14378453,2944
115616,446,242,1100,1,0,11200,0,0,0,14379462,14379462,2944
115631,446,266,1100,1,0,11200,0,0,0,14380487,14380487,2944
115646,446,292,1100,1,0,11200,0,0,0,14381426,14381426,2944
115662,446,319,1100,1,0,11200,0,0,0,14382391,14382391,2944
115677,446,345,1100,1,0,11200,0,0,0,14383320,14383320,2944
115693,446,380,1100,1,0,11200,0,0,0,14384329,14384329,2944
115709,446,411,1100,1,0,11200,0,0,0,14385340,14385340,2944
115725,446,449,1100,1,0,11200,0,0,0,14386403,14386403,2944
115740,446,473,1100,1,0,11200,0,0,0,14387285,14387285,2944
115756,446,508,1100,1,0,11200,0,0,0,14388326,14388326,2944
115772,446,544,1100,1,0,11200,0,0,0,14389338,14389338,2944
115788,446,578,1100,1,0,11200,0,0,0,14390406,14390406,2944
115804,446,608,1100,1,0,11200,0,0,0,14391309,14391309,2944
115819,446,640,1100,1,0,11200,0,0,0,14392262,14392262,2944
115834,446,673,1100,1,0,11200,0,0,0,14393134,14393134,2944
115850,446,696,1100,1,0,11200,0,0,0,14394078,14394078,2944
115866,446,722,1100,1,0,11200,0,0,0,14395088,14395088,2944
115881,446,740,1100,1,0,11200,0,0,0,14395881,14395881,2944
115897,446,757,1100,1,0,11200,0,0,0,14396476,14396476,2944
115912,446,791,1100,1,0,11200,0,0,0,14397332,14397332,2944
115928,446,827,1100,1,0,11200,0,0,0,14398265,14398265,2944
115944,446,858,1100,1,0,11200,0,0,0,14399218,14399218,2944
115959,446,894,1100,1,0,11200,0,0,0,14400076,14400076,2944
115976,446,938,1100,1,0,11200,0,0,0,14400879,14400879,2944
115992,446,960,1100,1,0,11200,0,0,0,14401915,14401915,2944
116010,446,992,1100,1,0,11200,0,0,0,14402798,14402798,2944
116026,447,1028,1100,1,0,11200,0,0,0,14403849,14403849,2944
116041,447,1063,1100,1,0,11200,0,0,0,14404851,14404851,2944
116057,447,3,1100,1,0,11200,0,0,0,14405854,14405854,2944
116073,447,23,1100,1,0,11200,0,0,0,14406832,14406832,2944
116088,447,108,1100,1,0,11200,0,0,0,14408024,14408024,2944
116104,447,132,1100,1,0,11200,0,0,0,14409020,14409020,2944
116120,447,162,1100,1,0,11200,0,0,0,14410121,14410121,2944
116136,447,185,1100,1,0,11200,0,0,0,14411354,14411354,2944
116151,447,210,1100,1,0,11200,0,0,0,14412435,14412435,2944
116167,447,239,1100,1,0,11200,0,0,0,14413440,14413440,2944
116183,447,259,1100,1,0,11200,0,0,0,14414452,14414452,2944
116198,447,281,1100,1,0,11200,0,0,0,14415372,14415372,2944
116214,447,306,1100,1,0,11200,0,0,0,14416307,14416307,2944
116229,447,334,1100,1,0,11200,0,0,0,14417335,14417335,2944
116244,447,367,1100,1,0,11200,0,0,0,14418286,14418286,2944
116260,447,394,1100,1,0,11200,0,0,0,14419223,14419223,2944
116276,447,435,1100,1,0,11200,0,0,0,14420211,14420211,2944
116293,447,464,1100,1,0,11200,0,0,0,14421188,14421188,2944
116308,447,489,1100,1,0,11200,0,0,0,14422122,14422122,2944
116325,447,526,1100,1,0,11200,0,0,0,14423262,14423262,2944
116341,447,565,1100,1,0,11200,0,0,0,14424232,14424232,2944
116357,447,598,1100,1,0,11200,0,0,0,14425168,14425168,2944
116373,447,641,1100,1,0,11200,0,0,0,14426253,14426253,2944
116389,447,681,1100,1,0,11200,0,0,0,14427207,14427207,2944
116404,447,702,1100,1,0,11200,0,0,0,14428070,14428070,2944
116419,447,719,1100,1,0,11200,0,0,0,14428962,14428962,2944
116434,447,744,1100,1,0,11200,0,0,0,14429724,14429724,2944
116451,447,786,1100,1,0,11200,0,0,0,14430598,14430598,2944
116467,447,819,1100,1,0,11200,0,0,0,14431521,14431521,2944
116483,447,853,1100,1,0,11200,0,0,0,14432462,14432462,2944
116500,447,897,1100,1,0,11200,0,0,0,14433425,14433425,2944
116519,447,938,1100,1,0,11200,0,0,0,14434369,14434369,2944
116534,447,974,1100,1,0,11200,0,0,0,14435279,14435279,2944
116549,447,1012,1100,1,0,11200,0,0,0,14436170,14436170,2944
116565,448,1042,1100,1,0,11200,0,0,0,14437205,14437205,2944
116580,448,1061,1100,1,0,11200,0,0,0,14438095,14438095,2944
116597,448,5,1100,1,0,11200,0,0,0,14439026,14439026,2944
116612,448,28,1100,1,0,11200,0,0,0,14440038,14440038,2944
116628,448,117,1100,1,0,11200,0,0,0,14441154,14441154,2944
116643,448,135,1100,1,0,11200,0,0,0,14442125,14442125,2944
116659,448,165,1100,1,0,11200,0,0,0,14443160,14443160,2944
116675,448,189,1100,1,0,11200,0,0,0,14444309,14444309,2944
116691,448,218,1100,1,0,11200,0,0,0,14445401,14445401,2944
116706,448,241,1100,1,0,11200,0,0,0,14446587,14446587,2944
116722,448,261,1100,1,0,11200,0,0,0,14447596,14447596,2944
116737,448,284,1100,1,0,11200,0,0,0,14448611,14448611,2944
116753,448,310,1100,1,0,11200,0,0,0,14449573,14449573,2944
116769,448,341,1100,1,0,11200,0,0,0,14450683,14450683,2944
116784,448,375,1100,1,0,11200,0,0,0,14451667,14451667,2944
116799,448,397,1100,1,0,11200,0,0,0,14452601,14452601,2944
116815,448,434,1100,1,0,11200,0,0,0,14453573,14453573,2944
116830,448,467,1100,1,0,11200,0,0,0,14454467,14454467,2944
116846,448,500,1100,1,0,11200,0,0,0,14455465,14455465,2944
116862,448,540,1100,1,0,11200,0,0,0,14456456,14456456,2944
116877,448,574,1100,1,0,11200,0,0,0,14457486,14457486,2944
116893,448,609,1100,1,0,11200,0,0,0,14458416,14458416,2944
116909,448,640,1100,1,0,11200,0,0,0,14459381,14459381,2944
116924,448,683,1100,1,0,11200,0,0,0,14460283,14460283,2944
116940,448,715,1100,1,0,11200,0,0,0,14461206,14461206,2944
116955,448,735,1100,1,0,11200,0,0,0,14462035,14462035,2944
116971,448,775,1100,1,0,11200,0,0,0,14462809,14462809,2944
116987,448,809,1100,1,0,11200,0,0,0,14463730,14463730,2944
117004,448,834,1100,1,0,11200,0,0,0,14464572,14464572,2944
117020,448,862,1100,1,0,11200,0,0,0,14465560,14465560,2944
117037,448,887,1100,1,0,11200,0,0,0,14466055,14466055,2944
117053,448,933,1100,1,0,11200,0,0,0,14467029,14467029,2944
117070,448,938,1100,1,0,11200,0,0,0,14467265,14467265,2944
117085,448,970,1100,1,0,11200,0,0,0,14468215,14468215,2944
117100,449,1017,1100,1,0,11200,0,0,0,14469212,14469212,2944
117116,449,1056,1100,1,0,11200,0,0,0,14470043,14470043,2944
117131,449,1095,1100,1,0,11200,0,0,0,14470947,14470947,2944
117148,449,21,1100,1,0,11200,0,0,0,14472040,14472040,2944
117163,449,104,1100,1,0,11200,0,0,0,14473245,14473245,2944
117178,449,133,1100,1,0,11200,0,0,0,14474318,14474318,2944
117194,449,158,1100,1,0,11200,0,0,0,14475412,14475412,2944
117210,449,181,1100,1,0,11200,0,0,0,14476578,14476578,2944
117226,449,208,1100,1,0,11200,0,0,0,14477646,14477646,2944
117241,449,232,1100,1,0,11200,0,0,0,14478768,14478768,2944
117257,449,255,1100,1,0,11200,0,0,0,14479834,14479834,2944
117272,449,279,1100,1,0,11200,0,0,0,14480877,14480877,2944
117287,449,306,1100,1,0,11200,0,0,0,14481791,14481791,2944
117303,449,331,1100,1,0,11200,0,0,0,14482757,14482757,2944
117318,449,359,1100,1,0,11200,0,0,0,14483741,14483741,2944
117334,449,385,1100,1,0,11200,0,0,0,14484758,14484758,2944
117350,449,426,1100,1,0,11200,0,0,0,14485736,14485736,2944
117365,449,458,1100,1,0,11200,0,0,0,14486743,14486743,2944
117380,449,482,1100,1,0,11200,0,0,0,14487633,14487633,2944
117396,449,516,1100,1,0,11200,0,0,0,14488642,14488642,2944
117412,449,553,1100,1,0,11200,0,0,0,14489669,14489669,2944
117427,449,588,1100,1,0,11200,0,0,0,14490621,14490621,2944
117443,449,619,1100,1,0,11200,0,0,0,14491585,14491585,2944
117459,449,651,1100,1,0,11200,0,0,0,14492559,14492559,2944
117475,449,683,1100,1,0,11200,0,0,0,14493419,14493419,2944
117490,449,715,1100,1,0,11200,0,0,0,14494381,14494381,2944
117507,449,740,1100,1,0,11200,0,0,0,14495303,14495303,2944
117522,449,769,1100,1,0,11200,0,0,0,14496150,14496150,2944
117539,449,807,1100,1,0,11200,0,0,0,14497134,14497134,2944
117556,449,841,1100,1,0,11200,0,0,0,14498092,14498092,2944
117571,449,873,1100,1,0,11200,0,0,0,14499008,14499008,2944
117587,449,928,1100,1,0,11200,0,0,0,14500046,14500046,2944
117602,449,962,1100,1,0,11200,0,0,0,14500996,14500996,2944
117619,449,1002,1100,1,0,11200,0,0,0,14502045,14502045,2944
117635,450,1045,1100,1,0,11200,0,0,0,14503172,14503172,2944
117651,450,1077,1100,1,0,11200,0,0,0,14504140,14504140,2944
117667,450,9,1100,1,0,11200,0,0,0,14505133,14505133,2944
117683,450,33,1100,1,0,11200,0,0,0,14506228,14506228,2944
117698,450,108,1100,1,0,11200,0,0,0,14507404,14507404,2944
117715,450,135,1100,1,0,11200,0,0,0,14508458,14508458,2944
117730,450,168,1100,1,0,11200,0,0,0,14509528,14509528,2944
117746,450,189,1100,1,0,11200,0,0,0,14510558,14510558,2944
117762,450,220,1100,1,0,11200,0,0,0,14511620,14511620,2944
117777,450,243,1100,1,0,11200,0,0,0,14512659,14512659,2944
117794,450,267,1100,1,0,11200,0,0,0,14513694,14513694,2944
117810,450,292,1100,1,0,11200,0,0,0,14514633,14514633,2944
117825,450,317,1100,1,0,11200,0,0,0,14515623,14515623,2944
117841,450,358,1100,1,0,11200,0,0,0,14516865,14516865,2944
117857,450,386,1100,1,0,11200,0,0,0,14517884,14517884,2944
117873,450,424,1100,1,0,11200,0,0,0,14518882,14518882,2944
117888,450,464,1100,1,0,11200,0,0,0,14519843,14519843,2944
117905,450,482,1100,1,0,11200,0,0,0,14520761,14520761,2944
117920,450,518,1100,1,0,11200,0,0,0,14521780,14521780,2944
117936,450,547,1100,1,0,11200,0,0,0,14522688,14522688,2944
117951,450,582,1100,1,0,11200,0,0,0,14523605,14523605,2944
117967,450,610,1100,1,0,11200,0,0,0,14524572,14524572,2944
117982,450,654,1100,1,0,11200,0,0,0,14525507,14525507,2944
117998,450,682,1100,1,0,11200,0,0,0,14526416,14526416,2944
118014,450,715,1100,1,0,11200,0,0,0,14527409,14527409,2944
118030,450,733,1100,1,0,11200,0,0,0,14528263,14528263,2944
118045,450,766,1100,1,0,11200,0,0,0,14529042,14529042,2944
118061,450,797,1100,1,0,11200,0,0,0,14529890,14529890,2944
118077,450,819,1100,1,0,11200,0,0,0,14530761,14530761,2944
118092,450,855,1100,1,0,11200,0,0,0,14531713,14531713,2944
118107,450,913,1100,1,0,11200,0,0,0,14532640,14532640,2944
118124,450,938,1100,1,0,11200,0,0,0,14533383,14533383,2944
118140,450,970,1100,1,0,11200,0,0,0,14534465,14534465,2944
118156,450,1010,1100,1,0,11200,0,0,0,14535269,14535269,2944
118171,451,1051,1100,1,0,11200,0,0,0,14536356,14536356,2944
118187,451,1078,1100,1,0,11200,0,0,0,14537246,14537246,2944
118202,451,10,1100,1,0,11200,0,0,0,14538228,14538228,2944
118217,451,32,1100,1,0,11200,0,0,0,14539312,14539312,2944
118233,451,122,1100,1,0,11200,0,0,0,14540464,14540464,2944
118251,451,147,1100,1,0,11200,0,0,0,14541532,14541532,2944
118266,451,179,1100,1,0,11200,0,0,0,14542647,14542647,2944
118283,451,210,1100,1,0,11200,0,0,0,14543805,14543805,2944
118298,451,235,1100,1,0,11200,0,0,0,14544952,14544952,2944
118314,451,254,1100,1,0,11200,0,0,0,14545920,14545920,2944
118331,451,273,1100,1,0,11200,0,0,0,14547010,14547010,2944
118346,451,295,1100,1,0,11200,0,0,0,14547918,14547918,2944
118362,451,323,1100,1,0,11200,0,0,0,14549023,14549023,2944
118378,451,364,1100,1,0,11200,0,0,0,14550105,14550105,2944
118393,451,402,1100,1,0,11200,0,0,0,14551100,14551100,2944
118409,451,437,1100,1,0,11200,0,0,0,14552110,14552110,2944
118424,451,457,1100,1,0,11200,0,0,0,14553050,14553050,2944
118439,451,490,1100,1,0,11200,0,0,0,14553951,14553951,2944
118455,451,526,1100,1,0,11200,0,0,0,14554927,14554927,2944
118471,451,566,1100,1,0,11200,0,0,0,14555902,14555902,2944
118487,451,598,1100,1,0,11200,0,0,0,14556832,14556832,2944
118502,451,632,1100,1,0,11200,0,0,0,14557790,14557790,2944
118518,451,660,1100,1,0,11200,0,0,0,14558642,14558642,2944
118533,451,696,1100,1,0,11200,0,0,0,14559577,14559577,2944
118549,451,723,1100,1,0,11200,0,0,0,14560582,14560582,2944
118565,451,740,1100,1,0,11200,0,0,0,14561329,14561329,2944
118580,451,782,1100,1,0,11200,0,0,0,14562179,14562179,2944
118595,451,817,1100,1,0,11200,0,0,0,14563052,14563052,2944
118610,451,854,1100,1,0,11200,0,0,0,14564018,14564018,2944
118627,451,888,1100,1,0,11200,0,0,0,14565038,14565038,2944
118642,451,937,1100,1,0,11200,0,0,0,14565969,14565969,2944
118658,451,950,1100,1,0,11200,0,0,0,14566466,14566466,2944
118674,451,982,1100,1,0,11200,0,0,0,14567447,14567447,2944
118690,452,1017,1100,1,0,11200,0,0,0,14568393,14568393,2944
118705,452,1047,1100,1,0,11200,0,0,0,14569433,14569433,2944
118721,452,1082,1100,1,0,11200,0,0,0,14570358,14570358,2944
118736,452,14,1100,1,0,11200,0,0,0,14571414,14571414,2944
118753,452,78,1100,1,0,11200,0,0,0,14572693,14572693,2944
118768,452,122,1100,1,0,11200,0,0,0,14573690,14573690,2944
118784,452,147,1100,1,0,11200,0,0,0,14574700,14574700,2944
118800,452,172,1100,1,0,11200,0,0,0,14575948,14575948,2944
118815,452,190,1100,1,0,11200,0,0,0,14577025,14577025,2944
118830,452,220,1100,1,0,11200,0,0,0,14578066,14578066,2944
118846,452,247,1100,1,0,11200,0,0,0,14579074,14579074,2944
118863,452,268,1100,1,0,11200,0,0,0,14580176,14580176,2944
118878,452,294,1100,1,0,11200,0,0,0,14581171,14581171,2944
118893,452,323,1100,1,0,11200,0,0,0,14582182,14582182,2944
118909,452,364,1100,1,0,11200,0,0,0,14583232,14583232,2944
118925,452,402,1100,1,0,11200,0,0,0,14584240,14584240,2944
118940,452,430,1100,1,0,11200,0,0,0,14585091,14585091,2944
118956,452,454,1100,1,0,11200,0,0,0,14586016,14586016,2944
118971,452,481,1100,1,0,11200,0,0,0,14586933,14586933,2944
118987,452,518,1100,1,0,11200,0,0,0,14587968,14587968,2944
119003,452,549,1100,1,0,11200,0,0,0,14588967,14588967,2944
119018,452,578,1100,1,0,11200,0,0,0,14589859,14589859,2944
119033,452,608,1100,1,0,11200,0,0,0,14590806,14590806,2944
119048,452,641,1100,1,0,11200,0,0,0,14591679,14591679,2944
119063,452,679,1100,1,0,11200,0,0,0,14592630,14592630,2944
119079,452,708,1100,1,0,11200,0,0,0,14593479,14593479,2944
119095,452,737,1100,1,0,11200,0,0,0,14594383,14594383,2944
119111,452,768,1100,1,0,11200,0,0,0,14595262,14595262,2944
119127,452,813,1100,1,0,11200,0,0,0,14596224,14596224,2944
119143,452,847,1100,1,0,11200,0,0,0,14597002,14597002,2944
119158,452,888,1100,1,0,11200,0,0,0,14597985,14597985,2944
119174,452,937,1100,1,0,11200,0,0,0,14598978,14598978,2944
119189,452,938,1100,1,0,11200,0,0,0,14599087,14599087,2944
119205,452,969,1100,1,0,11200,0,0,0,14600165,14600165,2944
119220,452,1001,1100,1,0,11200,0,0,0,14601005,14601005,2944
119235,453,1045,1100,1,0,11200,0,0,0,14602025,14602025,2944
119251,453,1074,1100,1,0,11200,0,0,0,14602947,14602947,2944
119267,453,17,1100,1,0,11200,0,0,0,14604011,14604011,2944
119282,453,103,1100,1,0,11200,0,0,0,14605192,14605192,2944
119298,453,124,1100,1,0,11200,0,0,0,14606199,14606199,2944
119314,453,142,1100,1,0,11200,0,0,0,14607270,14607270,2944
119329,453,172,1100,1,0,11200,0,0,0,14608463,14608463,2944
119345,453,193,1100,1,0,11200,0,0,0,14609570,14609570,2944
119360,453,221,1100,1,0,11200,0,0,0,14610744,14610744,2944
119376,453,242,1100,1,0,11200,0,0,0,14611873,14611873,2944
119391,453,259,1100,1,0,11200,0,0,0,14612791,14612791,2944
119406,453,279,1100,1,0,11200,0,0,0,14613747,14613747,2944
119422,453,305,1100,1,0,11200,0,0,0,14614656,14614656,2944
119437,453,332,1100,1,0,11200,0,0,0,14615690,14615690,2944
119453,453,368,1100,1,0,11200,0,0,0,14616679,14616679,2944
119468,453,392,1100,1,0,11200,0,0,0,14617562,14617562,2944
119483,453,426,1100,1,0,11200,0,0,0,14618508,14618508,2944
119499,453,462,1100,1,0,11200,0,0,0,14619420,14619420,2944
119515,453,482,1100,1,0,11200,0,0,0,14620281,14620281,2944
119530,453,522,1100,1,0,11200,0,0,0,14621307,14621307,2944
119545,453,554,1100,1,0,11200,0,0,0,14622234,14622234,2944
119560,453,591,1100,1,0,11200,0,0,0,14623131,14623131,2944
119576,453,635,1100,1,0,11200,0,0,0,14624133,14624133,2944
119591,453,671,1100,1,0,11200,0,0,0,14625022,14625022,2944
119606,453,696,1100,1,0,11200,0,0,0,14625986,14625986,2944
119622,453,723,1100,1,0,11200,0,0,0,14626969,14626969,2944
119638,453,757,1100,1,0,11200,0,0,0,14627778,14627778,2944
119654,453,798,1100,1,0,11200,0,0,0,14628678,14628678,2944
119669,453,837,1100,1,0,11200,0,0,0,14629550,14629550,2944
119686,453,869,1100,1,0,11200,0,0,0,14630693,14630693,2944
119703,453,912,1100,1,0,11200,0,0,0,14631770,14631770,2944
119729,453,938,1100,1,0,11200,0,0,0,14632609,14632609,2944
119744,453,969,1100,1,0,11200,0,0,0,14633614,14633614,2944
119763,453,992,1100,1,0,11200,0,0,0,14634350,14634350,2944
119779,454,1031,1100,1,0,11200,0,0,0,14635423,14635423,2944
119795,454,1072,1100,1,0,11200,0,0,0,14636483,14636483,2944
119812,454,9,1100,1,0,11200,0,0,0,14637526,14637526,2944
119827,454,24,1100,1,0,11200,0,0,0,14638596,14638596,2944
119843,454,113,1100,1,0,11200,0,0,0,14639703,14639703,2944
119858,454,142,1100,1,0,11200,0,0,0,14640777,14640777,2944
119873,454,171,1100,1,0,11200,0,0,0,14641888,14641888,2944
119890,454,185,1100,1,0,11200,0,0,0,14642875,14642875,2944
119905,454,210,1100,1,0,11200,0,0,0,14643981,14643981,2944
119920,454,234,1100,1,0,11200,0,0,0,14645051,14645051,2944
119937,454,251,1100,1,0,11200,0,0,0,14645976,14645976,2944
119952,454,275,1100,1,0,11200,0,0,0,14646919,14646919,2944
119968,454,305,1100,1,0,11200,0,0,0,14648003,14648003,2944
119983,454,324,1100,1,0,11200,0,0,0,14648997,14648997,2944
119999,454,359,1100,1,0,11200,0,0,0,14650002,14650002,2944
120014,454,392,1100,1,0,11200,0,0,0,14651066,14651066,2944
120030,454,434,1100,1,0,11200,0,0,0,14652045,14652045,2944
120047,454,463,1100,1,0,11200,0,0,0,14653005,14653005,2944
120062,454,487,1100,1,0,11200,0,0,0,14653910,14653910,2944
120077,454,523,1100,1,0,11200,0,0,0,14654908,14654908,2944
120092,454,551,1100,1,0,11200,0,0,0,14655762,14655762,2944
120108,454,588,1100,1,0,11200,0,0,0,14656714,14656714,2944
120124,454,612,1100,1,0,11200,0,0,0,14657650,14657650,2944
120139,454,645,1100,1,0,11200,0,0,0,14658712,14658712,2944
120155,454,673,1100,1,0,11200,0,0,0,14659657,14659657,2944
120172,454,705,1100,1,0,11200,0,0,0,14660702,14660702,2944
120188,454,727,1100,1,0,11200,0,0,0,14661625,14661625,2944
120203,454,753,1100,1,0,11200,0,0,0,14662466,14662466,2944
120218,454,790,1100,1,0,11200,0,0,0,14663249,14663249,2944
120233,454,819,1100,1,0,11200,0,0,0,14664121,14664121,2944
120249,454,849,1100,1,0,11200,0,0,0,14664989,14664989,2944
120264,454,885,1100,1,0,11200,0,0,0,14665790,14665790,2944
120280,454,928,1100,1,0,11200,0,0,0,14666841,14666841,2944
120299,454,938,1100,1,0,11200,0,0,0,14667071,14667071,2944
120315,454,966,1100,1,0,11200,0,0,0,14668031,14668031,2944
120331,454,1010,1100,1,0,11200,0,0,0,14668827,14668827,2944
120347,455,1038,1100,1,0,11200,0,0,0,14669858,14669858,2944
120362,455,1068,1100,1,0,11200,0,0,0,14670815,14670815,2944
120378,455,1,1100,1,0,11200,0,0,0,14671686,14671686,2944
120393,455,27,1100,1,0,11200,0,0,0,14672757,14672757,2944
120408,455,111,1100,1,0,11200,0,0,0,14673951,14673951,2944
120423,455,135,1100,1,0,11200,0,0,0,14674901,14674901,2944
120438,455,161,1100,1,0,11200,0,0,0,14675938,14675938,2944
120454,455,187,1100,1,0,11200,0,0,0,14677127,14677127,2944
120469,455,214,1100,1,0,11200,0,0,0,14678223,14678223,2944
120486,455,242,1100,1,0,11200,0,0,0,14679297,14679297,2944
120501,455,265,1100,1,0,11200,0,0,0,14680215,14680215,2944
120517,455,282,1100,1,0,11200,0,0,0,14681198,14681198,2944
120532,455,309,1100,1,0,11200,0,0,0,14682184,14682184,2944
120548,455,341,1100,1,0,11200,0,0,0,14683294,14683294,2944
120565,455,378,1100,1,0,11200,0,0,0,14684294,14684294,2944
120580,455,402,1100,1,0,11200,0,0,0,14685219,14685219,2944
120597,455,437,1100,1,0,11200,0,0,0,14686266,14686266,2944
120612,455,470,1100,1,0,11200,0,0,0,14687229,14687229,2944
120627,455,498,1100,1,0,11200,0,0,0,14688167,14688167,2944
120642,455,533,1100,1,0,11200,0,0,0,14689131,14689131,2944
120658,455,574,1100,1,0,11200,0,0,0,14690133,14690133,2944
120674,455,597,1100,1,0,11200,0,0,0,14691152,14691152,2944
120690,455,632,1100,1,0,11200,0,0,0,14692239,14692239,2944
120706,455,666,1100,1,0,11200,0,0,0,14693140,14693140,2944
120721,455,697,1100,1,0,11200,0,0,0,14694093,14694093,2944
120737,455,726,1100,1,0,11200,0,0,0,14695133,14695133,2944
120753,455,752,1100,1,0,11200,0,0,0,14695927,14695927,2944
120768,455,789,1100,1,0,11200,0,0,0,14696708,14696708,2944
120785,455,829,1100,1,0,11200,0,0,0,14697654,14697654,2944
120801,455,854,1100,1,0,11200,0,0,0,14698602,14698602,2944
120818,455,888,1100,1,0,11200,0,0,0,14699569,14699569,2944
120833,455,933,1100,1,0,11200,0,0,0,14700565,14700565,2944
120849,455,959,1100,1,0,11200,0,0,0,14701505,14701505,2944
120864,455,985,1100,1,0,11200,0,0,0,14702428,14702428,2944
120880,455,994,1100,1,0,11200,0,0,0,14702833,14702833,2944
120899,456,1027,1100,1,0,11200,0,0,0,14703976,14703976,2944
120914,456,1060,1100,1,0,11200,0,0,0,14704987,14704987,2944
120929,456,3,1100,1,0,11200,0,0,0,14705982,14705982,2944
120944,456,29,1100,1,0,11200,0,0,0,14707108,14707108,2944
120960,456,111,1100,1,0,11200,0,0,0,14708211,14708211,2944
120976,456,132,1100,1,0,11200,0,0,0,14709229,14709229,2944
120991,456,166,1100,1,0,11200,0,0,0,14710306,14710306,2944
121007,456,185,1100,1,0,11200,0,0,0,14711426,14711426,2944
121023,456,215,1100,1,0,11200,0,0,0,14712591,14712591,2944
121038,456,235,1100,1,0,11200,0,0,0,14713616,14713616,2944
121054,456,250,1100,1,0,11200,0,0,0,14714660,14714660,2944
121071,456,270,1100,1,0,11200,0,0,0,14715790,14715790,2944
121087,456,290,1100,1,0,11200,0,0,0,14716697,14716697,2944
121102,456,318,1100,1,0,11200,0,0,0,14717749,14717749,2944
121117,456,349,1100,1,0,11200,0,0,0,14718750,14718750,2944
121132,456,383,1100,1,0,11200,0,0,0,14719669,14719669,2944
121149,456,424,1100,1,0,11200,0,0,0,14720781,14720781,2944
121164,456,458,1100,1,0,11200,0,0,0,14721763,14721763,2944
121179,456,492,1100,1,0,11200,0,0,0,14722654,14722654,2944
121196,456,528,1100,1,0,11200,0,0,0,14723760,14723760,2944
121211,456,571,1100,1,0,11200,0,0,0,14724813,14724813,2944
121228,456,597,1100,1,0,11200,0,0,0,14725799,14725799,2944
121244,456,635,1100,1,0,11200,0,0,0,14726828,14726828,2944
121259,456,665,1100,1,0,11200,0,0,0,14727762,14727762,2944
121274,456,695,1100,1,0,11200,0,0,0,14728700,14728700,2944
121290,456,720,1100,1,0,11200,0,0,0,14729679,14729679,2944
121305,456,740,1100,1,0,11200,0,0,0,14730512,14730512,2944
121321,456,789,1100,1,0,11200,0,0,0,14731416,14731416,2944
121337,456,827,1100,1,0,11200,0,0,0,14732388,14732388,2944
121352,456,853,1100,1,0,11200,0,0,0,14733268,14733268,2944
121367,456,884,1100,1,0,11200,0,0,0,14734153,14734153,2944
121385,456,938,1100,1,0,11200,0,0,0,14735041,14735041,2944
121401,456,962,1100,1,0,11200,0,0,0,14736011,14736011,2944
121416,456,997,1100,1,0,11200,0,0,0,14736931,14736931,2944
121431,457,1039,1100,1,0,11200,0,0,0,14738043,14738043,2944
121446,457,1077,1100,1,0,11200,0,0,0,14739047,14739047,2944
121462,457,12,1100,1,0,11200,0,0,0,14740007,14740007,2944
121478,457,62,1100,1,0,11200,0,0,0,14741303,14741303,2944
121494,457,118,1100,1,0,11200,0,0,0,14742333,14742333,2944
121510,457,136,1100,1,0,11200,0,0,0,14743438,14743438,2944
121526,457,166,1100,1,0,11200,0,0,0,14744486,14744486,2944
121542,457,191,1100,1,0,11200,0,0,0,14745616,14745616,2944
121557,457,219,1100,1,0,11200,0,0,0,14746789,14746789,2944
121573,457,244,1100,1,0,11200,0,0,0,14747872,14747872,2944
121589,457,265,1100,1,0,11200,0,0,0,14748891,14748891,2944
121604,457,284,1100,1,0,11200,0,0,0,14749862,14749862,2944
121620,457,313,1100,1,0,11200,0,0,0,14750787,14750787,2944
121635,457,341,1100,1,0,11200,0,0,0,14751816,14751816,2944
121650,457,376,1100,1,0,11200,0,0,0,14752796,14752796,2944
121665,457,416,1100,1,0,11200,0,0,0,14753849,14753849,2944
121681,457,453,1100,1,0,11200,0,0,0,14754824,14754824,2944
121696,457,473,1100,1,0,11200,0,0,0,14755658,14755658,2944
121712,457,506,1100,1,0,11200,0,0,0,14756696,14756696,2944
121729,457,544,1100,1,0,11200,0,0,0,14757750,14757750,2944
121745,457,582,1100,1,0,11200,0,0,0,14758764,14758764,2944
121761,457,613,1100,1,0,11200,0,0,0,14759801,14759801,2944
121777,457,645,1100,1,0,11200,0,0,0,14760811,14760811,2944
121793,457,683,1100,1,0,11200,0,0,0,14761795,14761795,2944
121809,457,719,1100,1,0,11200,0,0,0,14762778,14762778,2944
121824,457,752,1100,1,0,11200,0,0,0,14763639,14763639,2944
121840,457,789,1100,1,0,11200,0,0,0,14764413,14764413,2944
121856,457,817,1100,1,0,11200,0,0,0,14765441,14765441,2944
121872,457,847,1100,1,0,11200,0,0,0,14766305,14766305,2944
121887,457,896,1100,1,0,11200,0,0,0,14767178,14767178,2944
121903,457,938,1100,1,0,11200,0,0,0,14767942,14767942,2944
121920,457,969,1100,1,0,11200,0,0,0,14769015,14769015,2944
121944,457,992,1100,1,0,11200,0,0,0,14769701,14769701,2944
121959,458,1032,1100,1,0,11200,0,0,0,14770697,14770697,2944
121975,458,1074,1100,1,0,11200,0,0,0,14771713,14771713,2944
121990,458,10,1100,1,0,11200,0,0,0,14772687,14772687,2944
122005,458,48,1100,1,0,11200,0,0,0,14773792,14773792,2944
122022,458,122,1100,1,0,11200,0,0,0,14774888,14774888,2944
122038,458,139,1100,1,0,11200,0,0,0,14775847,14775847,2944
122053,458,169,1100,1,0,11200,0,0,0,14777052,14777052,2944
122069,458,193,1100,1,0,11200,0,0,0,14778188,14778188,2944
122084,458,224,1100,1,0,11200,0,0,0,14779401,14779401,2944
122099,458,247,1100,1,0,11200,0,0,0,14780436,14780436,2944
122115,458,269,1100,1,0,11200,0,0,0,14781396,14781396,2944
122130,458,292,1100,1,0,11200,0,0,0,14782315,14782315,2944
122145,458,317,1100,1,0,11200,0,0,0,14783241,14783241,2944
122160,458,350,1100,1,0,11200,0,0,0,14784275,14784275,2944
122176,458,385,1100,1,0,11200,0,0,0,14785232,14785232,2944
122193,458,420,1100,1,0,11200,0,0,0,14786380,14786380,2944
122208,458,449,1100,1,0,11200,0,0,0,14787293,14787293,2944
122224,458,472,1100,1,0,11200,0,0,0,14788145,14788145,2944
122239,458,502,1100,1,0,11200,0,0,0,14789159,14789159,2944
122255,458,537,1100,1,0,11200,0,0,0,14790040,14790040,2944
122270,458,560,1100,1,0,11200,0,0,0,14791026,14791026,2944
122286,458,592,1100,1,0,11200,0,0,0,14792003,14792003,2944
122301,458,639,1100,1,0,11200,0,0,0,14793109,14793109,2944
122317,458,675,1100,1,0,11200,0,0,0,14794155,14794155,2944
122333,458,699,1100,1,0,11200,0,0,0,14795129,14795129,2944
122348,458,729,1100,1,0,11200,0,0,0,14796101,14796101,2944
122363,458,767,1100,1,0,11200,0,0,0,14796919,14796919,2944
122378,458,809,1100,1,0,11200,0,0,0,14797857,14797857,2944
122394,458,834,1100,1,0,11200,0,0,0,14798677,14798677,2944
122410,458,861,1100,1,0,11200,0,0,0,14799641,14799641,2944
122425,458,916,1100,1,0,11200,0,0,0,14800585,14800585,2944
122444,458,938,1100,1,0,11200,0,0,0,14801334,14801334,2944
122459,458,963,1100,1,0,11200,0,0,0,14802242,14802242,2944
122474,458,998,1100,1,0,11200,0,0,0,14802982,14802982,2944
122489,459,1039,1100,1,0,11200,0,0,0,14803939,14803939,2944
122506,459,1094,1100,1,0,11200,0,0,0,14804998,14804998,2944
122521,459,15,1100,1,0,11200,0,0,0,14806075,14806075,2944
122536,459,32,1100,1,0,11200,0,0,0,14807052,14807052,2944
122551,459,118,1100,1,0,11200,0,0,0,14808053,14808053,2944
122567,459,141,1100,1,0,11200,0,0,0,14809074,14809074,2944
122584,459,176,1100,1,0,11200,0,0,0,14810360,14810360,2944
122599,459,210,1100,1,0,11200,0,0,0,14811520,14811520,2944
122615,459,232,1100,1,0,11200,0,0,0,14812667,14812667,2944
122630,459,250,1100,1,0,11200,0,0,0,14813611,14813611,2944
122646,459,270,1100,1,0,11200,0,0,0,14814588,14814588,2944
122661,459,301,1100,1,0,11200,0,0,0,14815550,14815550,2944
122676,459,323,1100,1,0,11200,0,0,0,14816476,14816476,2944
122691,459,358,1100,1,0,11200,0,0,0,14817499,14817499,2944
122707,459,386,1100,1,0,11200,0,0,0,14818466,14818466,2944
122723,459,420,1100,1,0,11200,0,0,0,14819540,14819540,2944
122738,459,449,1100,1,0,11200,0,0,0,14820467,14820467,2944
122753,459,473,1100,1,0,11200,0,0,0,14821433,14821433,2944
122770,459,503,1100,1,0,11200,0,0,0,14822439,14822439,2944
122785,459,538,1100,1,0,11200,0,0,0,14823447,14823447,2944
122801,459,578,1100,1,0,11200,0,0,0,14824489,14824489,2944
122817,459,612,1100,1,0,11200,0,0,0,14825562,14825562,2944
122833,459,654,1100,1,0,11200,0,0,0,14826524,14826524,2944
122848,459,689,1100,1,0,11200,0,0,0,14827520,14827520,2944
122864,459,713,1100,1,0,11200,0,0,0,14828471,14828471,2944
122880,459,733,1100,1,0,11200,0,0,0,14829391,14829391,2944
122895,459,769,1100,1,0,11200,0,0,0,14830265,14830265,2944
122910,459,811,1100,1,0,11200,0,0,0,14831144,14831144,2944
122926,459,854,1100,1,0,11200,0,0,0,14832205,14832205,2944
122942,459,884,1100,1,0,11200,0,0,0,14833177,14833177,2944
122961,459,938,1100,1,0,11200,0,0,0,14834156,14834156,2944
122976,459,960,1100,1,0,11200,0,0,0,14835045,14835045,2944
123000,459,992,1100,1,0,11200,0,0,0,14836050,14836050,2944
123015,460,1034,1100,1,0,11200,0,0,0,14837098,14837098,2944
123032,460,1064,1100,1,0,11200,0,0,0,14838126,14838126,2944
123047,460,1096,1100,1,0,11200,0,0,0,14839103,14839103,2944
123063,460,23,1100,1,0,11200,0,0,0,14840160,14840160,2944
123078,460,111,1100,1,0,11200,0,0,0,14841326,14841326,2944
123093,460,141,1100,1,0,11200,0,0,0,14842383,14842383,2944
123110,460,176,1100,1,0,11200,0,0,0,14843651,14843651,2944
123126,460,195,1100,1,0,11200,0,0,0,14844810,14844810,2944
123141,460,232,1100,1,0,11200,0,0,0,14845873,14845873,2944
123156,460,254,1100,1,0,11200,0,0,0,14846862,14846862,2944
123171,460,280,1100,1,0,11200,0,0,0,14847863,14847863,2944
123186,460,309,1100,1,0,11200,0,0,0,14848798,14848798,2944
123202,460,344,1100,1,0,11200,0,0,0,14849810,14849810,2944
123217,460,377,1100,1,0,11200,0,0,0,14850773,14850773,2944
123233,460,402,1100,1,0,11200,0,0,0,14851784,14851784,2944
123249,460,442,1100,1,0,11200,0,0,0,14852797,14852797,2944
123265,460,464,1100,1,0,11200,0,0,0,14853747,14853747,2944
123280,460,483,1100,1,0,11200,0,0,0,14854724,14854724,2944
123296,460,518,1100,1,0,11200,0,0,0,14855734,14855734,2944
123311,460,552,1100,1,0,11200,0,0,0,14856672,14856672,2944
123326,460,588,1100,1,0,11200,0,0,0,14857611,14857611,2944
123342,460,612,1100,1,0,11200,0,0,0,14858594,14858594,2944
123358,460,641,1100,1,0,11200,0,0,0,14859668,14859668,2944
123374,460,671,1100,1,0,11200,0,0,0,14860547,14860547,2944
123390,460,695,1100,1,0,11200,0,0,0,14861388,14861388,2944
123405,460,724,1100,1,0,11200,0,0,0,14862392,14862392,2944
123421,460,766,1100,1,0,11200,0,0,0,14863243,14863243,2944
123437,460,810,1100,1,0,11200,0,0,0,14864198,14864198,2944
123454,460,832,1100,1,0,11200,0,0,0,14865087,14865087,2944
123469,460,861,1100,1,0,11200,0,0,0,14866011,14866011,2944
123486,460,899,1100,1,0,11200,0,0,0,14867019,14867019,2944
123515,460,938,1100,1,0,11200,0,0,0,14867780,14867780,2944
123532,460,967,1100,1,0,11200,0,0,0,14868825,14868825,2944
123551,460,992,1100,1,0,11200,0,0,0,14869393,14869393,2944
123566,461,1038,1100,1,0,11200,0,0,0,14870358,14870358,2944
123581,461,1074,1100,1,0,11200,0,0,0,14871426,14871426,2944
123597,461,7,1100,1,0,11200,0,0,0,14872284,14872284,2944
123612,461,72,1100,1,0,11200,0,0,0,14873486,14873486,2944
123628,461,118,1100,1,0,11200,0,0,0,14874637,14874637,2944
123644,461,141,1100,1,0,11200,0,0,0,14875652,14875652,2944
123659,461,175,1100,1,0,11200,0,0,0,14876721,14876721,2944
123674,461,193,1100,1,0,11200,0,0,0,14877803,14877803,2944
123690,461,215,1100,1,0,11200,0,0,0,14878941,14878941,2944
123705,461,242,1100,1,0,11200,0,0,0,14880058,14880058,2944
123721,461,265,1100,1,0,11200,0,0,0,14881109,14881109,2944
123736,461,286,1100,1,0,11200,0,0,0,14882122,14882122,2944
123752,461,313,1100,1,0,11200,0,0,0,14883056,14883056,2944
123767,461,349,1100,1,0,11200,0,0,0,14884099,14884099,2944
123782,461,383,1100,1,0,11200,0,0,0,14885018,14885018,2944
123797,461,426,1100,1,0,11200,0,0,0,14886055,14886055,2944
123814,461,464,1100,1,0,11200,0,0,0,14887107,14887107,2944
123829,461,496,1100,1,0,11200,0,0,0,14888042,14888042,2944
123845,461,544,1100,1,0,11200,0,0,0,14889185,14889185,2944
123860,461,578,1100,1,0,11200,0,0,0,14890147,14890147,2944
123876,461,610,1100,1,0,11200,0,0,0,14891177,14891177,2944
123891,461,654,1100,1,0,11200,0,0,0,14892088,14892088,2944
123907,461,688,1100,1,0,11200,0,0,0,14893111,14893111,2944
123923,461,712,1100,1,0,11200,0,0,0,14894075,14894075,2944
123939,461,740,1100,1,0,11200,0,0,0,14895056,14895056,2944
123954,461,769,1100,1,0,11200,0,0,0,14895740,14895740,2944
123970,461,811,1100,1,0,11200,0,0,0,14896595,14896595,2944
123986,461,839,1100,1,0,11200,0,0,0,14897446,14897446,2944
124002,461,864,1100,1,0,11200,0,0,0,14898476,14898476,2944
124017,461,896,1100,1,0,11200,0,0,0,14899188,14899188,2944
124045,461,938,1100,1,0,11200,0,0,0,14900238,14900238,2944
124061,461,975,1100,1,0,11200,0,0,0,14901327,14901327,2944
124078,461,992,1100,1,0,11200,0,0,0,14901801,14901801,2944
124093,462,1028,1100,1,0,11200,0,0,0,14902788,14902788,2944
124108,462,1072,1100,1,0,11200,0,0,0,14903787,14903787,2944
124124,462,2,1100,1,0,11200,0,0,0,14904717,14904717,2944
124140,462,23,1100,1,0,11200,0,0,0,14905835,14905835,2944
124155,462,111,1100,1,0,11200,0,0,0,14907026,14907026,2944
124170,462,131,1100,1,0,11200,0,0,0,14908009,14908009,2944
124186,462,159,1100,1,0,11200,0,0,0,14909004,14909004,2944
124201,462,184,1100,1,0,11200,0,0,0,14910103,14910103,2944
124216,462,214,1100,1,0,11200,0,0,0,14911281,14911281,2944
124232,462,232,1100,1,0,11200,0,0,0,14912299,14912299,2944
124247,462,249,1100,1,0,11200,0,0,0,14913350,14913350,2944
124263,462,270,1100,1,0,11200,0,0,0,14914364,14914364,2944
124278,462,290,1100,1,0,11200,0,0,0,14915211,14915211,2944
124295,462,318,1100,1,0,11200,0,0,0,14916321,14916321,2944
124311,462,344,1100,1,0,11200,0,0,0,14917441,14917441,2944
124327,462,386,1100,1,0,11200,0,0,0,14918426,14918426,2944
124343,462,418,1100,1,0,11200,0,0,0,14919408,14919408,2944
124358,462,449,1100,1,0,11200,0,0,0,14920446,14920446,2944
124374,462,477,1100,1,0,11200,0,0,0,14921392,14921392,2944
124390,462,510,1100,1,0,11200,0,0,0,14922393,14922393,2944
124405,462,547,1100,1,0,11200,0,0,0,14923391,14923391,2944
124421,462,574,1100,1,0,11200,0,0,0,14924506,14924506,2944
124437,462,610,1100,1,0,11200,0,0,0,14925483,14925483,2944
124452,462,649,1100,1,0,11200,0,0,0,14926430,14926430,2944
124468,462,683,1100,1,0,11200,0,0,0,14927358,14927358,2944
124484,462,713,1100,1,0,11200,0,0,0,14928355,14928355,2944
124499,462,735,1100,1,0,11200,0,0,0,14929269,14929269,2944
124515,462,768,1100,1,0,11200,0,0,0,14930107,14930107,2944
124530,462,814,1100,1,0,11200,0,0,0,14931015,14931015,2944
124546,462,839,1100,1,0,11200,0,0,0,14931895,14931895,2944
124561,462,869,1100,1,0,11200,0,0,0,14932813,14932813,2944
124576,462,924,1100,1,0,11200,0,0,0,14933745,14933745,2944
124592,462,942,1100,1,0,11200,0,0,0,14934424,14934424,2944
124608,462,974,1100,1,0,11200,0,0,0,14935431,14935431,2944
124623,462,1012,1100,1,0,11200,0,0,0,14936424,14936424,2944
124639,463,1043,1100,1,0,11200,0,0,0,14937423,14937423,2944
124654,463,1077,1100,1,0,11200,0,0,0,14938303,14938303,2944
124669,463,11,1100,1,0,11200,0,0,0,14939363,14939363,2944
124685,463,33,1100,1,0,11200,0,0,0,14940458,14940458,2944
124700,463,114,1100,1,0,11200,0,0,0,14941515,14941515,2944
124715,463,133,1100,1,0,11200,0,0,0,14942515,14942515,2944
124731,463,167,1100,1,0,11200,0,0,0,14943564,14943564,2944
124746,463,189,1100,1,0,11200,0,0,0,14944686,14944686,2944
124762,463,218,1100,1,0,11200,0,0,0,14945861,14945861,2944
124777,463,239,1100,1,0,11200,0,0,0,14946945,14946945,2944
124792,463,262,1100,1,0,11200,0,0,0,14947992,14947992,2944
124809,463,284,1100,1,0,11200,0,0,0,14949017,14949017,2944
124824,463,310,1100,1,0,11200,0,0,0,14949996,14949996,2944
124839,463,341,1100,1,0,11200,0,0,0,14951120,14951120,2944
124855,463,376,1100,1,0,11200,0,0,0,14952068,14952068,2944
124870,463,402,1100,1,0,11200,0,0,0,14952921,14952921,2944
124886,463,449,1100,1,0,11200,0,0,0,14954016,14954016,2944
124901,463,475,1100,1,0,11200,0,0,0,14954889,14954889,2944
124917,463,501,1100,1,0,11200,0,0,0,14955882,14955882,2944
124933,463,538,1100,1,0,11200,0,0,0,14956813,14956813,2944
124949,463,574,1100,1,0,11200,0,0,0,14957818,14957818,2944
124965,463,595,1100,1,0,11200,0,0,0,14958684,14958684,2944
124980,463,640,1100,1,0,11200,0,0,0,14959678,14959678,2944
124995,463,682,1100,1,0,11200,0,0,0,14960573,14960573,2944
125010,463,719,1100,1,0,11200,0,0,0,14961487,14961487,2944
125027,463,740,1100,1,0,11200,0,0,0,14962354,14962354,2944
125043,463,771,1100,1,0,11200,0,0,0,14963193,14963193,2944
125058,463,820,1100,1,0,11200,0,0,0,14964046,14964046,2944
125074,463,862,1100,1,0,11200,0,0,0,14965011,14965011,2944
125089,463,912,1100,1,0,11200,0,0,0,14965940,14965940,2944
125120,463,938,1100,1,0,11200,0,0,0,14966820,14966820,2944
125136,463,967,1100,1,0,11200,0,0,0,14967820,14967820,2944
125158,463,992,1100,1,0,11200,0,0,0,14968701,14968701,2944
125173,464,1037,1100,1,0,11200,0,0,0,14969717,14969717,2944
125189,464,1077,1100,1,0,11200,0,0,0,14970787,14970787,2944
125205,464,7,1100,1,0,11200,0,0,0,14971733,14971733,2944
125221,464,28,1100,1,0,11200,0,0,0,14972823,14972823,2944
125236,464,113,1100,1,0,11200,0,0,0,14973979,14973979,2944
125252,464,138,1100,1,0,11200,0,0,0,14975066,14975066,2944
125267,464,171,1100,1,0,11200,0,0,0,14976222,14976222,2944
125283,464,192,1100,1,0,11200,0,0,0,14977378,14977378,2944
125300,464,234,1100,1,0,11200,0,0,0,14978564,14978564,2944
125315,464,256,1100,1,0,11200,0,0,0,14979609,14979609,2944
125331,464,279,1100,1,0,11200,0,0,0,14980640,14980640,2944
125348,464,308,1100,1,0,11200,0,0,0,14981684,14981684,2944
125363,464,332,1100,1,0,11200,0,0,0,14982622,14982622,2944
125378,464,375,1100,1,0,11200,0,0,0,14983560,14983560,2944
125394,464,397,1100,1,0,11200,0,0,0,14984507,14984507,2944
125409,464,430,1100,1,0,11200,0,0,0,14985506,14985506,2944
125424,464,458,1100,1,0,11200,0,0,0,14986500,14986500,2944
125440,464,479,1100,1,0,11200,0,0,0,14987518,14987518,2944
125455,464,508,1100,1,0,11200,0,0,0,14988468,14988468,2944
125470,464,538,1100,1,0,11200,0,0,0,14989363,14989363,2944
125486,464,577,1100,1,0,11200,0,0,0,14990460,14990460,2944
125501,464,600,1100,1,0,11200,0,0,0,14991385,14991385,2944
125517,464,632,1100,1,0,11200,0,0,0,14992413,14992413,2944
125532,464,666,1100,1,0,11200,0,0,0,14993374,14993374,2944
125547,464,695,1100,1,0,11200,0,0,0,14994263,14994263,2944
125563,464,725,1100,1,0,11200,0,0,0,14995193,14995193,2944
125578,464,746,1100,1,0,11200,0,0,0,14995984,14995984,2944
125593,464,782,1100,1,0,11200,0,0,0,14996743,14996743,2944
125610,464,813,1100,1,0,11200,0,0,0,14997711,14997711,2944
125625,464,841,1100,1,0,11200,0,0,0,14998721,14998721,2944
125641,464,880,1100,1,0,11200,0,0,0,14999661,14999661,2944
125656,464,928,1100,1,0,11200,0,0,0,15000689,15000689,2944
125671,464,959,1100,1,0,11200,0,0,0,15001668,15001668,2944
125687,464,987,1100,1,0,11200,0,0,0,15002619,15002619,2944
125702,465,1028,1100,1,0,11200,0,0,0,15003548,15003548,2944
125718,465,1058,1100,1,0,11200,0,0,0,15004521,15004521,2944
125733,465,1094,1100,1,0,11200,0,0,0,15005490,15005490,2944
125749,465,18,1100,1,0,11200,0,0,0,15006455,15006455,2944
125765,465,103,1100,1,0,11200,0,0,0,15007726,15007726,2944
125780,465,129,1100,1,0,11200,0,0,0,15008771,15008771,2944
125795,465,153,1100,1,0,11200,0,0,0,15009713,15009713,2944
125810,465,178,1100,1,0,11200,0,0,0,15010821,15010821,2944
125825,465,211,1100,1,0,11200,0,0,0,15011948,15011948,2944
125841,465,243,1100,1,0,11200,0,0,0,15013114,15013114,2944
125857,465,265,1100,1,0,11200,0,0,0,15014133,15014133,2944
125873,465,289,1100,1,0,11200,0,0,0,15015063,15015063,2944
125888,465,313,1100,1,0,11200,0,0,0,15016046,15016046,2944
125903,465,348,1100,1,0,11200,0,0,0,15017091,15017091,2944
125918,465,378,1100,1,0,11200,0,0,0,15018008,15018008,2944
125934,465,411,1100,1,0,11200,0,0,0,15019007,15019007,2944
125950,465,439,1100,1,0,11200,0,0,0,15019943,15019943,2944
125966,465,467,1100,1,0,11200,0,0,0,15020937,15020937,2944
125981,465,483,1100,1,0,11200,0,0,0,15021859,15021859,2944
125997,465,516,1100,1,0,11200,0,0,0,15022831,15022831,2944
126012,465,551,1100,1,0,11200,0,0,0,15023846,15023846,2944
126029,465,579,1100,1,0,11200,0,0,0,15024826,15024826,2944
126044,465,610,1100,1,0,11200,0,0,0,15025746,15025746,2944
126059,465,640,1100,1,0,11200,0,0,0,15026754,15026754,2944
126075,465,671,1100,1,0,11200,0,0,0,15027645,15027645,2944
126090,465,709,1100,1,0,11200,0,0,0,15028596,15028596,2944
126105,465,735,1100,1,0,11200,0,0,0,15029417,15029417,2944
126121,465,771,1100,1,0,11200,0,0,0,15030253,15030253,2944
126136,465,809,1100,1,0,11200,0,0,0,15031130,15031130,2944
126151,465,837,1100,1,0,11200,0,0,0,15031994,15031994,2944
126167,465,863,1100,1,0,11200,0,0,0,15032920,15032920,2944
126183,465,922,1100,1,0,11200,0,0,0,15033881,15033881,2944
126199,465,950,1100,1,0,11200,0,0,0,15034715,15034715,2944
126232,465,992,1100,1,0,11200,0,0,0,15035709,15035709,2944
126248,466,1045,1100,1,0,11200,0,0,0,15036825,15036825,2944
126263,466,1072,1100,1,0,11200,0,0,0,15037708,15037708,2944
126278,466,11,1100,1,0,11200,0,0,0,15038762,15038762,2944
126294,466,103,1100,1,0,11200,0,0,0,15039979,15039979,2944
126309,466,129,1100,1,0,11200,0,0,0,15041052,15041052,2944
126325,466,159,1100,1,0,11200,0,0,0,15042133,15042133,2944
126341,466,181,1100,1,0,11200,0,0,0,15043279,15043279,2944
126356,466,218,1100,1,0,11200,0,0,0,15044471,15044471,2944
126371,466,239,1100,1,0,11200,0,0,0,15045563,15045563,2944
126387,466,255,1100,1,0,11200,0,0,0,15046530,15046530,2944
126403,466,275,1100,1,0,11200,0,0,0,15047559,15047559,2944
126418,466,306,1100,1,0,11200,0,0,0,15048583,15048583,2944
126435,466,331,1100,1,0,11200,0,0,0,15049659,15049659,2944
126451,466,368,1100,1,0,11200,0,0,0,15050663,15050663,2944
126467,466,399,1100,1,0,11200,0,0,0,15051607,15051607,2944
126483,466,437,1100,1,0,11200,0,0,0,15052595,15052595,2944
126499,466,466,1100,1,0,11200,0,0,0,15053520,15053520,2944
126515,466,498,1100,1,0,11200,0,0,0,15054496,15054496,2944
126532,466,523,1100,1,0,11200,0,0,0,15055444,15055444,2944
126547,466,556,1100,1,0,11200,0,0,0,15056440,15056440,2944
126563,466,590,1100,1,0,11200,0,0,0,15057424,15057424,2944
126579,466,623,1100,1,0,11200,0,0,0,15058452,15058452,2944
126596,466,655,1100,1,0,11200,0,0,0,15059343,15059343,2944
126611,466,696,1100,1,0,11200,0,0,0,15060282,15060282,2944
126627,466,722,1100,1,0,11200,0,0,0,15061288,15061288,2944
126642,466,744,1100,1,0,11200,0,0,0,15062093,15062093,2944
126657,466,785,1100,1,0,11200,0,0,0,15062883,15062883,2944
126673,466,816,1100,1,0,11200,0,0,0,15063805,15063805,2944
126688,466,847,1100,1,0,11200,0,0,0,15064720,15064720,2944
126704,466,888,1100,1,0,11200,0,0,0,15065740,15065740,2944
126720,466,933,1100,1,0,11200,0,0,0,15066798,15066798,2944
126736,466,938,1100,1,0,11200,0,0,0,15067021,15067021,2944
126751,466,966,1100,1,0,11200,0,0,0,15067943,15067943,2944
126773,466,992,1100,1,0,11200,0,0,0,15068876,15068876,2944
126788,467,1042,1100,1,0,11200,0,0,0,15069965,15069965,2944
126803,467,1072,1100,1,0,11200,0,0,0,15070933,15070933,2944
126819,467,5,1100,1,0,11200,0,0,0,15071835,15071835,2944
126834,467,27,1100,1,0,11200,0,0,0,15072809,15072809,2944
126850,467,118,1100,1,0,11200,0,0,0,15074046,15074046,2944
126865,467,139,1100,1,0,11200,0,0,0,15075022,15075022,2944
126881,467,168,1100,1,0,11200,0,0,0,15076098,15076098,2944
126896,467,189,1100,1,0,11200,0,0,0,15077150,15077150,2944
126911,467,220,1100,1,0,11200,0,0,0,15078337,15078337,2944
126927,467,246,1100,1,0,11200,0,0,0,15079453,15079453,2944
126943,467,265,1100,1,0,11200,0,0,0,15080443,15080443,2944
126958,467,284,1100,1,0,11200,0,0,0,15081301,15081301,2944
126974,467,312,1100,1,0,11200,0,0,0,15082328,15082328,2944
126989,467,334,1100,1,0,11200,0,0,0,15083397,15083397,2944
127005,467,367,1100,1,0,11200,0,0,0,15084463,15084463,2944
127020,467,399,1100,1,0,11200,0,0,0,15085455,15085455,2944
127035,467,438,1100,1,0,11200,0,0,0,15086443,15086443,2944
127051,467,472,1100,1,0,11200,0,0,0,15087339,15087339,2944
127067,467,506,1100,1,0,11200,0,0,0,15088364,15088364,2944
127082,467,554,1100,1,0,11200,0,0,0,15089333,15089333,2944
127098,467,582,1100,1,0,11200,0,0,0,15090295,15090295,2944
127114,467,624,1100,1,0,11200,0,0,0,15091267,15091267,2944
127130,467,668,1100,1,0,11200,0,0,0,15092253,15092253,2944
127145,467,696,1100,1,0,11200,0,0,0,15093158,15093158,2944
127161,467,725,1100,1,0,11200,0,0,0,15094147,15094147,2944
127176,467,750,1100,1,0,11200,0,0,0,15094898,15094898,2944
127192,467,789,1100,1,0,11200,0,0,0,15095737,15095737,2944
127207,467,817,1100,1,0,11200,0,0,0,15096695,15096695,2944
127222,467,844,1100,1,0,11200,0,0,0,15097635,15097635,2944
127237,467,884,1100,1,0,11200,0,0,0,15098607,15098607,2944
127252,467,931,1100,1,0,11200,0,0,0,15099618,15099618,2944
127273,467,938,1100,1,0,11200,0,0,0,15099884,15099884,2944
127289,467,967,1100,1,0,11200,0,0,0,15100861,15100861,2944
127305,467,987,1100,1,0,11200,0,0,0,15101760,15101760,2944
127320,467,1010,1100,1,0,11200,0,0,0,15102130,15102130,2944
127337,468,1045,1100,1,0,11200,0,0,0,15103164,15103164,2944
127353,468,1081,1100,1,0,11200,0,0,0,15104024,15104024,2944
127368,468,10,1100,1,0,11200,0,0,0,15105077,15105077,2944
127383,468,31,1100,1,0,11200,0,0,0,15106169,15106169,2944
127398,468,110,1100,1,0,11200,0,0,0,15107210,15107210,2944
127413,468,133,1100,1,0,11200,0,0,0,15108186,15108186,2944
127429,468,165,1100,1,0,11200,0,0,0,15109168,15109168,2944
127444,468,184,1100,1,0,11200,0,0,0,15110283,15110283,2944
127460,468,212,1100,1,0,11200,0,0,0,15111496,15111496,2944
127476,468,236,1100,1,0,11200,0,0,0,15112602,15112602,2944
127493,468,259,1100,1,0,11200,0,0,0,15113676,15113676,2944
127508,468,290,1100,1,0,11200,0,0,0,15114678,15114678,2944
127523,468,318,1100,1,0,11200,0,0,0,15115684,15115684,2944
127539,468,349,1100,1,0,11200,0,0,0,15116708,15116708,2944
127554,468,381,1100,1,0,11200,0,0,0,15117668,15117668,2944
127570,468,411,1100,1,0,11200,0,0,0,15118688,15118688,2944
127585,468,449,1100,1,0,11200,0,0,0,15119706,15119706,2944
127601,468,476,1100,1,0,11200,0,0,0,15120647,15120647,2944
127616,468,510,1100,1,0,11200,0,0,0,15121719,15121719,2944
127632,468,545,1100,1,0,11200,0,0,0,15122598,15122598,2944
127647,468,583,1100,1,0,11200,0,0,0,15123511,15123511,2944
127663,468,613,1100,1,0,11200,0,0,0,15124466,15124466,2944
127678,468,645,1100,1,0,11200,0,0,0,15125473,15125473,2944
127694,468,689,1101,2,0,11200,0,0,0,15126504,15126504,2944
127710,468,713,1101,2,0,11200,0,0,0,15127446,15127446,2944
127726,468,733,1101,2,0,11200,0,0,0,15128405,15128405,2944
127742,468,756,1101,2,0,11200,0,0,0,15129155,15129155,2944
127760,468,786,1101,2,0,11200,0,0,0,15129973,15129973,2944
127775,468,820,1101,2,0,11200,0,0,0,15130795,15130795,2944
127792,468,844,1101,2,0,11200,0,0,0,15131768,15131768,2944
127807,468,871,1101,2,0,11200,0,0,0,15132754,15132754,2944
127823,468,922,1101,2,0,11200,0,0,0,15133558,15133558,2944
127839,468,948,1101,2,0,11200,0,0,0,15134543,15134543,2944
127856,468,975,1101,2,0,11200,0,0,0,15135507,15135507,2944
127872,468,995,1101,2,0,11200,0,0,0,15136104,15136104,2944
127888,469,1028,1101,2,0,11200,0,0,0,15137191,15137191,2944
127904,469,1064,1101,2,0,11200,0,0,0,15138145,15138145,2944
127919,469,1095,1101,2,0,11200,0,0,0,15138987,15138987,2944
127934,469,19,1101,1,0,11200,0,0,0,15140064,15140064,2944
127950,469,103,1101,1,0,11200,0,0,0,15141274,15141274,2944
127965,469,124,1101,1,0,11200,0,0,0,15142204,15142204,2944
127980,469,144,1101,1,0,11200,0,0,0,15143182,15143182,2944
127996,469,176,1101,1,0,11200,0,0,0,15144352,15144352,2944
128012,469,193,1101,1,0,11200,0,0,0,15145369,15145369,2944
128029,469,220,1101,1,0,11200,0,0,0,15146502,15146502,2944
128044,469,239,1101,1,0,11200,0,0,0,15147602,15147602,2944
128060,469,258,1101,1,0,11200,0,0,0,15148532,15148532,2944
128076,469,278,1101,1,0,11200,0,0,0,15149463,15149463,2944
128092,469,307,1101,1,0,11200,0,0,0,15150419,15150419,2944
128107,469,335,1101,1,0,11200,0,0,0,15151373,15151373,2944
128122,469,374,1101,1,0,11200,0,0,0,15152407,15152407,2944
128138,469,391,1101,1,0,11200,0,0,0,15153399,15153399,2944
128154,469,434,1101,1,0,11200,0,0,0,15154467,15154467,2944
128170,469,458,1101,1,0,11200,0,0,0,15155482,15155482,2944
128185,469,481,1101,1,0,11200,0,0,0,15156373,15156373,2944
128201,469,518,1101,1,0,11200,0,0,0,15157467,15157467,2944
128216,469,559,1101,1,0,11200,0,0,0,15158510,15158510,2944
128232,469,592,1101,1,0,11200,0,0,0,15159459,15159459,2944
128247,469,629,1101,1,0,11200,0,0,0,15160451,15160451,2944
128263,469,655,1101,1,0,11200,0,0,0,15161393,15161393,2944
128278,469,696,1101,1,0,11200,0,0,0,15162324,15162324,2944
128293,469,725,1101,1,0,11200,0,0,0,15163315,15163315,2944
128308,469,737,1101,1,0,11200,0,0,0,15164013,15164013,2944
128325,469,769,1101,1,0,11200,0,0,0,15164787,15164787,2944
128341,469,800,1101,1,0,11200,0,0,0,15165677,15165677,2944
128356,469,842,1101,1,0,11200,0,0,0,15166618,15166618,2944
128373,469,884,1101,1,0,11200,0,0,0,15167655,15167655,2944
128388,469,931,1101,1,0,11200,0,0,0,15168699,15168699,2944
128406,469,938,1101,1,0,11200,0,0,0,15168991,15168991,2944
128422,469,970,1101,1,0,11200,0,0,0,15169984,15169984,2944
128438,469,992,1101,1,0,11200,0,0,0,15170547,15170547,2944
128453,470,1037,1101,1,0,11200,0,0,0,15171561,15171561,2944
128468,470,1072,1101,1,0,11200,0,0,0,15172436,15172436,2944
128483,470,6,1101,1,0,11200,0,0,0,15173406,15173406,2944
128499,470,23,1101,1,0,11200,0,0,0,15174419,15174419,2944
128515,470,104,1101,1,0,11200,0,0,0,15175631,15175631,2944
128530,470,132,1101,1,0,11200,0,0,0,15176703,15176703,2944
128546,470,154,1101,1,0,11200,0,0,0,15177804,15177804,2944
128562,470,182,1101,1,0,11200,0,0,0,15179054,15179054,2944
128579,470,215,1101,1,0,11200,0,0,0,15180214,15180214,2944
128594,470,236,1101,1,0,11200,0,0,0,15181323,15181323,2944
128610,470,256,1101,1,0,11200,0,0,0,15182324,15182324,2944
128626,470,278,1101,1,0,11200,0,0,0,15183346,15183346,2944
128641,470,305,1101,1,0,11200,0,0,0,15184370,15184370,2944
128656,470,340,1101,1,0,11200,0,0,0,15185526,15185526,2944
128672,470,375,1101,1,0,11200,0,0,0,15186512,15186512,2944
128687,470,405,1101,1,0,11200,0,0,0,15187511,15187511,2944
128702,470,438,1101,1,0,11200,0,0,0,15188434,15188434,2944
128718,470,470,1101,1,0,11200,0,0,0,15189479,15189479,2944
128733,470,498,1101,1,0,11200,0,0,0,15190418,15190418,2944
128750,470,526,1101,1,0,11200,0,0,0,15191450,15191450,2944
128765,470,560,1101,1,0,11200,0,0,0,15192417,15192417,2944
128781,470,595,1101,1,0,11200,0,0,0,15193384,15193384,2944
128796,470,632,1101,1,0,11200,0,0,0,15194376,15194376,2944
128811,470,670,1101,1,0,11200,0,0,0,15195323,15195323,2944
128827,470,696,1101,1,0,11200,0,0,0,15196293,15196293,2944
128842,470,729,1101,1,0,11200,0,0,0,15197287,15197287,2944
128858,470,766,1101,1,0,11200,0,0,0,15198112,15198112,2944
128874,470,815,1101,1,0,11200,0,0,0,15199099,15199099,2944
128890,470,841,1101,1,0,11200,0,0,0,15199957,15199957,2944
128906,470,888,1101,1,0,11200,0,0,0,15200952,15200952,2944
128921,470,942,1101,1,0,11200,0,0,0,15201984,15201984,2944
128938,470,962,1101,1,0,11200,0,0,0,15203022,15203022,2944
128959,470,992,1101,1,0,11200,0,0,0,15203764,15203764,2944
128974,471,1032,1101,1,0,11200,0,0,0,15204789,15204789,2944
128990,471,1063,1101,1,0,11200,0,0,0,15205793,15205793,2944
129005,471,5,1101,1,0,11200,0,0,0,15206785,15206785,2944
129021,471,23,1101,1,0,11200,0,0,0,15207844,15207844,2944
129036,471,108,1101,1,0,11200,0,0,0,15208984,15208984,2944
129053,471,136,1101,1,0,11200,0,0,0,15210083,15210083,2944
129068,471,159,1101,1,0,11200,0,0,0,15211115,15211115,2944
129084,471,180,1101,1,0,11200,0,0,0,15212312,15212312,2944
129099,471,211,1101,1,0,11200,0,0,0,15213366,15213366,2944
129115,471,228,1101,1,0,11200,0,0,0,15214323,15214323,2944
129131,471,253,1101,1,0,11200,0,0,0,15215312,15215312,2944
129146,471,273,1101,1,0,11200,0,0,0,15216290,15216290,2944
129162,471,294,1101,1,0,11200,0,0,0,15217259,15217259,2944
129177,471,314,1101,1,0,11200,0,0,0,15218254,15218254,2944
129193,471,339,1101,1,0,11200,0,0,0,15219317,15219317,2944
129209,471,378,1101,1,0,11200,0,0,0,15220318,15220318,2944
129224,471,405,1101,1,0,11200,0,0,0,15221291,15221291,2944
129240,471,430,1101,1,0,11200,0,0,0,15222215,15222215,2944
129256,471,462,1101,1,0,11200,0,0,0,15223195,15223195,2944
129271,471,481,1101,1,0,11200,0,0,0,15224177,15224177,2944
129287,471,520,1101,1,0,11200,0,0,0,15225205,15225205,2944
129302,471,552,1101,1,0,11200,0,0,0,15226200,15226200,2944
129318,471,590,1101,1,0,11200,0,0,0,15227214,15227214,2944
129334,471,632,1101,1,0,11200,0,0,0,15228235,15228235,2944
129349,471,665,1101,1,0,11200,0,0,0,15229119,15229119,2944
129365,471,695,1101,1,0,11200,0,0,0,15230082,15230082,2944
129381,471,728,1101,1,0,11200,0,0,0,15231119,15231119,2944
129398,471,750,1101,1,0,11200,0,0,0,15231872,15231872,2944
129415,471,786,1101,1,0,11200,0,0,0,15232761,15232761,2944
129431,471,819,1101,1,0,11200,0,0,0,15233803,15233803,2944
129446,471,855,1101,1,0,11200,0,0,0,15234734,15234734,2944
129463,471,912,1101,1,0,11200,0,0,0,15235857,15235857,2944
129480,471,942,1102,2,0,11200,0,0,0,15236755,15236755,2944
129495,471,967,1102,2,0,11200,0,0,0,15237730,15237730,2944
129511,471,995,1102,2,0,11200,0,0,0,15238438,15238438,2944
129526,472,1043,1102,2,0,11200,0,0,0,15239429,15239429,2944
129542,472,1081,1102,2,0,11200,0,0,0,15240324,15240324,2944
129558,472,17,1102,2,0,11200,0,0,0,15241398,15241398,2944
129573,472,84,1102,2,0,11200,0,0,0,15242504,15242504,2944
129588,472,122,1102,2,0,11200,0,0,0,15243512,15243512,2944
129603,472,151,1102,2,0,11200,0,0,0,15244567,15244567,2944
129620,472,187,1102,2,0,11200,0,0,0,15245780,15245780,2944
129637,472,219,1102,2,0,11200,0,0,0,15247052,15247052,2944
129653,472,246,1102,2,0,11200,0,0,0,15248169,15248169,2944
129668,472,263,1102,2,0,11200,0,0,0,15249102,15249102,2944
129684,472,283,1102,2,0,11200,0,0,0,15250109,15250109,2944
129699,472,308,1102,2,0,11200,0,0,0,15251011,15251011,2944
129715,472,343,1102,2,0,11200,0,0,0,15252166,15252166,2944
129731,472,382,1102,2,0,11200,0,0,0,15253201,15253201,2944
129746,472,414,1102,2,0,11200,0,0,0,15254193,15254193,2944
129762,472,439,1102,2,0,11200,0,0,0,15255184,15255184,2944
129777,472,473,1102,2,0,11200,0,0,0,15256074,15256074,2944
129792,472,502,1102,2,0,11200,0,0,0,15257070,15257070,2944
129809,472,538,1102,2,0,11200,0,0,0,15258079,15258079,2944
129824,472,574,1102,2,0,11200,0,0,0,15259000,15259000,2944
129839,472,608,1102,2,0,11200,0,0,0,15259935,15259935,2944
129854,472,631,1102,2,0,11200,0,0,0,15260968,15260968,2944
129869,472,660,1102,2,0,11200,0,0,0,15261910,15261910,2944
129885,472,685,1102,2,0,11200,0,0,0,15262941,15262941,2944
129901,472,715,1102,2,0,11200,0,0,0,15263885,15263885,2944
129917,472,735,1102,2,0,11200,0,0,0,15264766,15264766,2944
129933,472,782,1102,2,0,11200,0,0,0,15265581,15265581,2944
129948,472,813,1102,2,0,11200,0,0,0,15266503,15266503,2944
129964,472,845,1102,2,0,11200,0,0,0,15267353,15267353,2944
129980,472,885,1102,2,0,11200,0,0,0,15268239,15268239,2944
129996,472,934,1102,2,0,11200,0,0,0,15269248,15269248,2944
130011,472,942,1102,2,0,11200,0,0,0,15269508,15269508,2944
130028,472,982,1102,2,0,11200,0,0,0,15270491,15270491,2944
130043,472,1013,1102,2,0,11200,0,0,0,15271207,15271207,2944
130059,473,1056,1102,2,0,11200,0,0,0,15272285,15272285,2944
130074,473,1085,1102,2,0,11200,0,0,0,15273146,15273146,2944
130090,473,15,1102,2,0,11200,0,0,0,15274301,15274301,2944
130105,473,48,1102,2,0,11200,0,0,0,15275437,15275437,2944
130121,473,118,1102,2,0,11200,0,0,0,15276446,15276446,2944
130138,473,135,1102,2,0,11200,0,0,0,15277457,15277457,2944
130154,473,163,1102,2,0,11200,0,0,0,15278525,15278525,2944
130169,473,194,1102,2,0,11200,0,0,0,15279679,15279679,2944
130185,473,225,1102,2,0,11200,0,0,0,15280834,15280834,2944
130201,473,243,1102,2,0,11200,0,0,0,15281879,15281879,2944
130216,473,269,1102,2,0,11200,0,0,0,15282864,15282864,2944
130232,473,301,1102,2,0,11200,0,0,0,15283890,15283890,2944
130247,473,331,1102,2,0,11200,0,0,0,15285008,15285008,2944
130262,473,366,1102,2,0,11200,0,0,0,15286087,15286087,2944
130278,473,385,1102,2,0,11200,0,0,0,15287049,15287049,2944
130293,473,415,1102,2,0,11200,0,0,0,15288066,15288066,2944
130308,473,457,1102,2,0,11200,0,0,0,15289024,15289024,2944
130323,473,478,1102,2,0,11200,0,0,0,15289871,15289871,2944
130338,473,502,1102,2,0,11200,0,0,0,15290853,15290853,2944
130354,473,544,1102,2,0,11200,0,0,0,15291771,15291771,2944
130369,473,576,1102,2,0,11200,0,0,0,15292747,15292747,2944
130384,473,600,1102,2,0,11200,0,0,0,15293666,15293666,2944
130400,473,651,1102,2,0,11200,0,0,0,15294779,15294779,2944
130418,473,688,1102,2,0,11200,0,0,0,15295828,15295828,2944
130433,473,719,1102,2,0,11200,0,0,0,15296799,15296799,2944
130450,473,737,1102,2,0,11200,0,0,0,15297693,15297693,2944
130465,473,767,1102,2,0,11200,0,0,0,15298473,15298473,2944
130480,473,793,1102,2,0,11200,0,0,0,15299208,15299208,2944
130496,473,819,1102,2,0,11200,0,0,0,15300056,15300056,2944
130512,473,844,1102,2,0,11200,0,0,0,15300965,15300965,2944
130528,473,873,1102,2,0,11200,0,0,0,15301947,15301947,2944
130544,473,922,1102,2,0,11200,0,0,0,15302934,15302934,2944
130560,473,957,1102,2,0,11200,0,0,0,15304047,15304047,2944
130587,473,992,1102,2,0,11200,0,0,0,15304969,15304969,2944
130602,474,1031,1102,2,0,11200,0,0,0,15305979,15305979,2944
130617,474,1072,1102,2,0,11200,0,0,0,15307004,15307004,2944
130633,474,7,1102,2,0,11200,0,0,0,15308011,15308011,2944
130650,474,28,1102,2,0,11200,0,0,0,15309091,15309091,2944
130666,474,105,1102,2,0,11200,0,0,0,15310346,15310346,2944
130681,474,131,1102,2,0,11200,0,0,0,15311532,15311532,2944
130697,474,162,1102,2,0,11200,0,0,0,15312653,15312653,2944
130713,474,184,1102,2,0,11200,0,0,0,15313629,15313629,2944
130728,474,217,1102,2,0,11200,0,0,0,15314795,15314795,2944
130744,474,239,1102,2,0,11200,0,0,0,15315843,15315843,2944
130760,474,257,1102,2,0,11200,0,0,0,15316856,15316856,2944
130775,474,279,1102,2,0,11200,0,0,0,15317785,15317785,2944
130791,474,308,1102,2,0,11200,0,0,0,15318763,15318763,2944
130806,474,335,1102,2,0,11200,0,0,0,15319812,15319812,2944
130822,474,374,1102,2,0,11200,0,0,0,15320843,15320843,2944
130838,474,397,1102,2,0,11200,0,0,0,15321798,15321798,2944
130854,474,426,1102,2,0,11200,0,0,0,15322796,15322796,2944
130870,474,455,1102,2,0,11200,0,0,0,15323727,15323727,2944
130885,474,481,1102,2,0,11200,0,0,0,15324625,15324625,2944
130900,474,522,1102,2,0,11200,0,0,0,15325640,15325640,2944
130915,474,557,1102,2,0,11200,0,0,0,15326529,15326529,2944
130931,474,591,1102,2,0,11200,0,0,0,15327433,15327433,2944
130946,474,635,1102,2,0,11200,0,0,0,15328438,15328438,2944
130962,474,675,1102,2,0,11200,0,0,0,15329394,15329394,2944
130977,474,709,1102,2,0,11200,0,0,0,15330311,15330311,2944
130994,474,732,1102,2,0,11200,0,0,0,15331285,15331285,2944
131010,474,760,1102,2,0,11200,0,0,0,15332102,15332102,2944
131025,474,790,1102,2,0,11200,0,0,0,15332870,15332870,2944
131041,474,819,1102,2,0,11200,0,0,0,15333793,15333793,2944
131058,474,849,1102,2,0,11200,0,0,0,15334792,15334792,2944
131073,474,885,1102,2,0,11200,0,0,0,15335820,15335820,2944
131088,474,912,1102,2,0,11200,0,0,0,15336312,15336312,2944
131116,474,938,1102,2,0,11200,0,0,0,15337112,15337112,2944
131132,474,970,1102,2,0,11200,0,0,0,15338212,15338212,2944
131147,474,1011,1102,2,0,11200,0,0,0,15339108,15339108,2944
131162,475,1056,1102,2,0,11200,0,0,0,15340155,15340155,2944
131178,475,1094,1102,2,0,11200,0,0,0,15341092,15341092,2944
131194,475,21,1102,2,0,11200,0,0,0,15342196,15342196,2944
131209,475,104,1102,2,0,11200,0,0,0,15343289,15343289,2944
131225,475,125,1102,2,0,11200,0,0,0,15344261,15344261,2944
131241,475,147,1102,2,0,11200,0,0,0,15345314,15345314,2944
131256,475,177,1102,2,0,11200,0,0,0,15346265,15346265,2944
131272,475,208,1102,2,0,11200,0,0,0,15347356,15347356,2944
131287,475,228,1102,2,0,11200,0,0,0,15348413,15348413,2944
131303,475,250,1102,2,0,11200,0,0,0,15349417,15349417,2944
131318,475,275,1102,2,0,11200,0,0,0,15350440,15350440,2944
131334,475,299,1102,2,0,11200,0,0,0,15351394,15351394,2944
131349,475,324,1102,2,0,11200,0,0,0,15352421,15352421,2944
131364,475,358,1102,2,0,11200,0,0,0,15353325,15353325,2944
131380,475,386,1102,2,0,11200,0,0,0,15354371,15354371,2944
131395,475,421,1102,2,0,11200,0,0,0,15355375,15355375,2944
131411,475,457,1102,2,0,11200,0,0,0,15356394,15356394,2944
131426,475,487,1102,2,0,11200,0,0,0,15357315,15357315,2944
131443,475,528,1102,2,0,11200,0,0,0,15358367,15358367,2944
131458,475,566,1102,2,0,11200,0,0,0,15359357,15359357,2944
131474,475,595,1102,2,0,11200,0,0,0,15360274,15360274,2944
131490,475,624,1102,2,0,11200,0,0,0,15361323,15361323,2944
131505,475,651,1102,2,0,11200,0,0,0,15362334,15362334,2944
131520,475,690,1102,2,0,11200,0,0,0,15363153,15363153,2944
131536,475,726,1102,2,0,11200,0,0,0,15364152,15364152,2944
131553,475,759,1102,2,0,11200,0,0,0,15364933,15364933,2944
131568,475,790,1102,2,0,11200,0,0,0,15365708,15365708,2944
131585,475,820,1102,2,0,11200,0,0,0,15366663,15366663,2944
131600,475,847,1102,2,0,11200,0,0,0,15367488,15367488,2944
131616,475,873,1102,2,0,11200,0,0,0,15368351,15368351,2944
131632,475,921,1102,2,0,11200,0,0,0,15369343,15369343,2944
131647,475,940,1102,2,0,11200,0,0,0,15370069,15370069,2944
131663,475,967,1102,2,0,11200,0,0,0,15371126,15371126,2944
131678,475,992,1102,2,0,11200,0,0,0,15371787,15371787,2944
131694,476,1025,1102,2,0,11200,0,0,0,15372842,15372842,2944
131709,476,1061,1102,2,0,11200,0,0,0,15373813,15373813,2944
131725,476,3,1102,2,0,11200,0,0,0,15374797,15374797,2944
131741,476,24,1102,2,0,11200,0,0,0,15375985,15375985,2944
131756,476,106,1102,2,0,11200,0,0,0,15377147,15377147,2944
131771,476,126,1102,2,0,11200,0,0,0,15378010,15378010,2944
131786,476,141,1102,2,0,11200,0,0,0,15378943,15378943,2944
131801,476,172,1102,2,0,11200,0,0,0,15380020,15380020,2944
131817,476,193,1102,2,0,11200,0,0,0,15381026,15381026,2944
131833,476,226,1102,2,0,11200,0,0,0,15382199,15382199,2944
131848,476,249,1102,2,0,11200,0,0,0,15383305,15383305,2944
131864,476,269,1102,2,0,11200,0,0,0,15384315,15384315,2944
131879,476,290,1102,2,0,11200,0,0,0,15385334,15385334,2944
131895,476,318,1102,2,0,11200,0,0,0,15386322,15386322,2944
131911,476,350,1102,2,0,11200,0,0,0,15387302,15387302,2944
131926,476,386,1102,2,0,11200,0,0,0,15388234,15388234,2944
131942,476,430,1102,2,0,11200,0,0,0,15389249,15389249,2944
131958,476,455,1102,2,0,11200,0,0,0,15390290,15390290,2944
131973,476,479,1102,2,0,11200,0,0,0,15391167,15391167,2944
131989,476,511,1102,2,0,11200,0,0,0,15392099,15392099,2944
132004,476,552,1102,2,0,11200,0,0,0,15393111,15393111,2944
132019,476,583,1102,2,0,11200,0,0,0,15394053,15394053,2944
132035,476,612,1102,2,0,11200,0,0,0,15395040,15395040,2944
132050,476,644,1102,2,0,11200,0,0,0,15395970,15395970,2944
132067,476,670,1102,2,0,11200,0,0,0,15396924,15396924,2944
132083,476,700,1102,2,0,11200,0,0,0,15397948,15397948,2944
132098,476,726,1102,2,0,11200,0,0,0,15398907,15398907,2944
132114,476,754,1102,2,0,11200,0,0,0,15399652,15399652,2944
132130,476,811,1102,2,0,11200,0,0,0,15400615,15400615,2944
132146,476,840,1102,2,0,11200,0,0,0,15401491,15401491,2944
132162,476,880,1102,2,0,11200,0,0,0,15402540,15402540,2944
132177,476,926,1102,2,0,11200,0,0,0,15403506,15403506,2944
132192,476,949,1102,2,0,11200,0,0,0,15404289,15404289,2944
132209,476,984,1102,2,0,11200,0,0,0,15405304,15405304,2944
132224,477,1021,1102,2,0,11200,0,0,0,15406276,15406276,2944
132239,477,1056,1102,2,0,11200,0,0,0,15407192,15407192,2944
132255,477,1094,1102,2,0,11200,0,0,0,15408082,15408082,2944
132270,477,17,1102,2,0,11200,0,0,0,15409143,15409143,2944
132285,477,104,1102,2,0,11200,0,0,0,15410331,15410331,2944
132301,477,133,1102,2,0,11200,0,0,0,15411328,15411328,2944
132317,477,167,1102,2,0,11200,0,0,0,15412496,15412496,2944
132332,477,191,1102,2,0,11200,0,0,0,15413516,15413516,2944
132349,477,215,1102,2,0,11200,0,0,0,15414784,15414784,2944
132365,477,242,1102,2,0,11200,0,0,0,15415938,15415938,2944
132380,477,263,1102,2,0,11200,0,0,0,15416954,15416954,2944
132396,477,286,1102,2,0,11200,0,0,0,15417952,15417952,2944
132411,477,313,1102,2,0,11200,0,0,0,15418938,15418938,2944
132427,477,342,1102,2,0,11200,0,0,0,15420133,15420133,2944
132442,477,386,1102,2,0,11200,0,0,0,15421105,15421105,2944
132458,477,426,1102,2,0,11200,0,0,0,15422146,15422146,2944
132473,477,457,1102,2,0,11200,0,0,0,15423128,15423128,2944
132489,477,476,1102,2,0,11200,0,0,0,15423999,15423999,2944
132504,477,520,1102,2,0,11200,0,0,0,15425067,15425067,2944
132519,477,553,1102,2,0,11200,0,0,0,15426075,15426075,2944
132535,477,587,1102,2,0,11200,0,0,0,15427061,15427061,2944
132551,477,626,1102,2,0,11200,0,0,0,15428068,15428068,2944
132566,477,670,1102,2,0,11200,0,0,0,15428972,15428972,2944
132581,477,709,1102,2,0,11200,0,0,0,15429961,15429961,2944
132598,477,733,1102,2,0,11200,0,0,0,15430887,15430887,2944
132613,477,767,1102,2,0,11200,0,0,0,15431751,15431751,2944
132630,477,810,1102,2,0,11200,0,0,0,15432591,15432591,2944
132645,477,837,1102,2,0,11200,0,0,0,15433450,15433450,2944
132661,477,861,1102,2,0,11200,0,0,0,15434410,15434410,2944
132676,477,899,1102,2,0,11200,0,0,0,15435298,15435298,2944
132692,477,940,1102,2,0,11200,0,0,0,15436134,15436134,2944
132708,477,970,1102,2,0,11200,0,0,0,15437134,15437134,2944
132729,477,992,1102,2,0,11200,0,0,0,15437912,15437912,2944
132745,478,1042,1102,2,0,11200,0,0,0,15438988,15438988,2944
132761,478,1064,1102,2,0,11200,0,0,0,15439931,15439931,2944
132776,478,5,1102,2,0,11200,0,0,0,15440928,15440928,2944
132792,478,33,1102,2,0,11200,0,0,0,15442026,15442026,2944
132807,478,122,1102,2,0,11200,0,0,0,15443049,15443049,2944
132822,478,150,1102,2,0,11200,0,0,0,15444064,15444064,2944
132838,478,178,1102,2,0,11200,0,0,0,15445231,15445231,2944
132853,478,208,1102,2,0,11200,0,0,0,15446418,15446418,2944
132868,478,236,1102,2,0,11200,0,0,0,15447558,15447558,2944
132884,478,257,1102,2,0,11200,0,0,0,15448592,15448592,2944
132899,478,278,1102,2,0,11200,0,0,0,15449538,15449538,2944
132915,478,307,1102,2,0,11200,0,0,0,15450556,15450556,2944
132930,478,325,1102,2,0,11200,0,0,0,15451726,15451726,2944
132946,478,366,1102,2,0,11200,0,0,0,15452811,15452811,2944
132964,478,393,1102,2,0,11200,0,0,0,15453823,15453823,2944
132981,478,431,1102,2,0,11200,0,0,0,15454967,15454967,2944
132996,478,463,1102,2,0,11200,0,0,0,15455935,15455935,2944
133012,478,482,1102,2,0,11200,0,0,0,15456909,15456909,2944
133028,478,518,1102,2,0,11200,0,0,0,15458031,15458031,2944
133044,478,557,1102,2,0,11200,0,0,0,15459034,15459034,2944
133060,478,592,1102,2,0,11200,0,0,0,15460010,15460010,2944
133075,478,630,1102,2,0,11200,0,0,0,15461058,15461058,2944
133091,478,665,1102,2,0,11200,0,0,0,15462054,15462054,2944
133107,478,688,1102,2,0,11200,0,0,0,15462903,15462903,2944
133122,478,720,1102,2,0,11200,0,0,0,15463841,15463841,2944
133138,478,753,1102,2,0,11200,0,0,0,15464637,15464637,2944
133154,478,798,1102,2,0,11200,0,0,0,15465559,15465559,2944
133170,478,842,1102,2,0,11200,0,0,0,15466444,15466444,2944
133185,478,885,1102,2,0,11200,0,0,0,15467327,15467327,2944
133201,478,937,1102,2,0,11200,0,0,0,15468369,15468369,2944
133216,478,966,1102,2,0,11200,0,0,0,15469287,15469287,2944
133231,478,1005,1102,2,0,11200,0,0,0,15470155,15470155,2944
133247,479,1038,1102,2,0,11200,0,0,0,15471163,15471163,2944
133262,479,1074,1102,2,0,11200,0,0,0,15472171,15472171,2944
133277,479,1,1102,2,0,11200,0,0,0,15473045,15473045,2944
133293,479,21,1102,2,0,11200,0,0,0,15474088,15474088,2944
133308,479,107,1102,2,0,11200,0,0,0,15475331,15475331,2944
133323,479,126,1102,2,0,11200,0,0,0,15476356,15476356,2944
133338,479,154,1102,2,0,11200,0,0,0,15477406,15477406,2944
133355,479,180,1102,2,0,11200,0,0,0,15478665,15478665,2944
133371,479,214,1102,2,0,11200,0,0,0,15479882,15479882,2944
133387,479,237,1102,2,0,11200,0,0,0,15481024,15481024,2944
133403,479,256,1102,2,0,11200,0,0,0,15482051,15482051,2944
133418,479,280,1102,2,0,11200,0,0,0,15483055,15483055,2944
133433,479,296,1102,2,0,11200,0,0,0,15483980,15483980,2944
133448,479,319,1102,2,0,11200,0,0,0,15484964,15484964,2944
133464,479,359,1102,2,0,11200,0,0,0,15486124,15486124,2944
133480,479,387,1102,2,0,11200,0,0,0,15487125,15487125,2944
133495,479,426,1102,2,0,11200,0,0,0,15488173,15488173,2944
133513,479,462,1102,2,0,11200,0,0,0,15489149,15489149,2944
133528,479,485,1102,2,0,11200,0,0,0,15490116,15490116,2944
133545,479,537,1102,2,0,11200,0,0,0,15491279,15491279,2944
133560,479,571,1102,2,0,11200,0,0,0,15492245,15492245,2944
133577,479,598,1102,2,0,11200,0,0,0,15493261,15493261,2944
133593,479,641,1102,2,0,11200,0,0,0,15494301,15494301,2944
133609,479,673,1102,2,0,11200,0,0,0,15495247,15495247,2944
133624,479,695,1102,2,0,11200,0,0,0,15496172,15496172,2944
133640,479,725,1102,2,0,11200,0,0,0,15497158,15497158,2944
133656,479,744,1102,2,0,11200,0,0,0,15497946,15497946,2944
133672,479,786,1102,2,0,11200,0,0,0,15498758,15498758,2944
133688,479,817,1102,2,0,11200,0,0,0,15499582,15499582,2944
133703,479,839,1102,2,0,11200,0,0,0,15500368,15500368,2944
133718,479,878,1102,2,0,11200,0,0,0,15501316,15501316,2944
133734,479,929,1102,2,0,11200,0,0,0,15502163,15502163,2944
133749,479,959,1102,2,0,11200,0,0,0,15503105,15503105,2944
133765,479,987,1102,2,0,11200,0,0,0,15504146,15504146,2944
133781,479,1012,1102,2,0,11200,0,0,0,15504701,15504701,2944
133797,480,1042,1102,2,0,11200,0,0,0,15505726,15505726,2944
133813,480,1074,1102,2,0,11200,0,0,0,15506796,15506796,2944
133829,480,5,1102,2,0,11200,0,0,0,15507799,15507799,2944
133845,480,22,1102,2,0,11200,0,0,0,15508875,15508875,2944
133860,480,105,1102,2,0,11200,0,0,0,15510074,15510074,2944
133875,480,123,1102,2,0,11200,0,0,0,15511028,15511028,2944
133890,480,159,1102,2,0,11200,0,0,0,15512218,15512218,2944
133907,480,184,1102,2,0,11200,0,0,0,15513317,15513317,2944
133922,480,206,1102,2,0,11200,0,0,0,15514541,15514541,2944
133937,480,233,1102,2,0,11200,0,0,0,15515661,15515661,2944
133953,480,254,1102,2,0,11200,0,0,0,15516634,15516634,2944
133969,480,275,1102,2,0,11200,0,0,0,15517733,15517733,2944
133984,480,297,1102,2,0,11200,0,0,0,15518663,15518663,2944
134000,480,318,1102,2,0,11200,0,0,0,15519715,15519715,2944
134015,480,345,1102,2,0,11200,0,0,0,15520758,15520758,2944
134030,480,380,1102,2,0,11200,0,0,0,15521673,15521673,2944
134046,480,420,1102,2,0,11200,0,0,0,15522702,15522702,2944
134061,480,452,1102,2,0,11200,0,0,0,15523662,15523662,2944
134077,480,472,1102,2,0,11200,0,0,0,15524585,15524585,2944
134093,480,503,1102,2,0,11200,0,0,0,15525532,15525532,2944
134108,480,537,1102,2,0,11200,0,0,0,15526455,15526455,2944
134124,480,557,1102,2,0,11200,0,0,0,15527441,15527441,2944
134139,480,591,1102,2,0,11200,0,0,0,15528382,15528382,2944
134154,480,622,1102,2,0,11200,0,0,0,15529330,15529330,2944
134170,480,670,1102,2,0,11200,0,0,0,15530375,15530375,2944
134186,480,696,1102,2,0,11200,0,0,0,15531340,15531340,2944
134201,480,725,1102,2,0,11200,0,0,0,15532273,15532273,2944
134217,480,756,1102,2,0,11200,0,0,0,15533052,15533052,2944
134232,480,807,1102,2,0,11200,0,0,0,15533976,15533976,2944
134247,480,821,1102,2,0,11200,0,0,0,15534781,15534781,2944
134262,480,856,1102,2,0,11200,0,0,0,15535709,15535709,2944
134277,480,899,1102,2,0,11200,0,0,0,15536644,15536644,2944
134293,480,947,1102,2,0,11200,0,0,0,15537631,15537631,2944
134308,480,984,1102,2,0,11200,0,0,0,15538621,15538621,2944
134324,481,1016,1102,2,0,11200,0,0,0,15539231,15539231,2944
134340,481,1045,1102,2,0,11200,0,0,0,15540296,15540296,2944
134356,481,1085,1102,2,0,11200,0,0,0,15541359,15541359,2944
134372,481,13,1102,2,0,11200,0,0,0,15542471,15542471,2944
134387,481,63,1102,2,0,11200,0,0,0,15543567,15543567,2944
134403,481,124,1102,2,0,11200,0,0,0,15544634,15544634,2944
134419,481,150,1102,2,0,11200,0,0,0,15545603,15545603,2944
134435,481,179,1102,2,0,11200,0,0,0,15546849,15546849,2944
134452,481,215,1102,2,0,11200,0,0,0,15548044,15548044,2944
134468,481,240,1102,2,0,11200,0,0,0,15549302,15549302,2944
134484,481,261,1102,2,0,11200,0,0,0,15550320,15550320,2944
134499,481,282,1102,2,0,11200,0,0,0,15551337,15551337,2944
134515,481,307,1102,2,0,11200,0,0,0,15552294,15552294,2944
134530,481,334,1102,2,0,11200,0,0,0,15553245,15553245,2944
134545,481,376,1102,2,0,11200,0,0,0,15554231,15554231,2944
134561,481,405,1102,2,0,11200,0,0,0,15555172,15555172,2944
134576,481,435,1102,2,0,11200,0,0,0,15556147,15556147,2944
134592,481,467,1102,2,0,11200,0,0,0,15557169,15557169,2944
134608,481,500,1102,2,0,11200,0,0,0,15558211,15558211,2944
134624,481,544,1102,2,0,11200,0,0,0,15559217,15559217,2944
134640,481,577,1102,2,0,11200,0,0,0,15560192,15560192,2944
134656,481,608,1102,2,0,11200,0,0,0,15561203,15561203,2944
134671,481,644,1102,2,0,11200,0,0,0,15562138,15562138,2944
134688,481,683,1102,2,0,11200,0,0,0,15563152,15563152,2944
134704,481,715,1102,2,0,11200,0,0,0,15564139,15564139,2944
134720,481,740,1102,2,0,11200,0,0,0,15565025,15565025,2944
134737,481,781,1102,2,0,11200,0,0,0,15565946,15565946,2944
134752,481,809,1102,2,0,11200,0,0,0,15566827,15566827,2944
134768,481,841,1102,2,0,11200,0,0,0,15567818,15567818,2944
134785,481,871,1102,2,0,11200,0,0,0,15568924,15568924,2944
134800,481,924,1102,2,0,11200,0,0,0,15569931,15569931,2944
134815,481,947,1102,2,0,11200,0,0,0,15570585,15570585,2944
134831,481,986,1102,2,0,11200,0,0,0,15571632,15571632,2944
134846,482,1016,1102,2,0,11200,0,0,0,15572373,15572373,2944
134861,482,1058,1102,2,0,11200,0,0,0,15573479,15573479,2944
134876,482,1095,1102,2,0,11200,0,0,0,15574462,15574462,2944
134892,482,15,1102,1,0,11200,0,0,0,15575468,15575468,2944
134908,482,95,1102,1,0,11200,0,0,0,15576589,15576589,2944
134924,482,127,1102,1,0,11200,0,0,0,15577662,15577662,2944
134940,482,153,1102,1,0,11200,0,0,0,15578813,15578813,2944
134955,482,182,1102,1,0,11200,0,0,0,15579943,15579943,2944
134970,482,211,1102,1,0,11200,0,0,0,15581039,15581039,2944
134986,482,239,1102,1,0,11200,0,0,0,15582150,15582150,2944
135002,482,257,1102,1,0,11200,0,0,0,15583118,15583118,2944
135017,482,279,1102,1,0,11200,0,0,0,15584122,15584122,2944
135033,482,308,1102,1,0,11200,0,0,0,15585062,15585062,2944
135049,482,325,1102,1,0,11200,0,0,0,15586112,15586112,2944
135064,482,362,1102,1,0,11200,0,0,0,15587156,15587156,2944
135079,482,383,1102,1,0,11200,0,0,0,15588102,15588102,2944
135095,482,421,1102,1,0,11200,0,0,0,15589075,15589075,2944
135110,482,458,1102,1,0,11200,0,0,0,15590088,15590088,2944
135126,482,487,1102,1,0,11200,0,0,0,15591020,15591020,2944
135143,482,528,1102,1,0,11200,0,0,0,15592106,15592106,2944
135158,482,571,1102,1,0,11200,0,0,0,15593084,15593084,2944
135173,482,595,1102,1,0,11200,0,0,0,15593980,15593980,2944
135189,482,632,1102,1,0,11200,0,0,0,15595043,15595043,2944
135205,482,670,1102,1,0,11200,0,0,0,15595993,15595993,2944
135220,482,700,1102,1,0,11200,0,0,0,15596908,15596908,2944
135236,482,729,1102,1,0,11200,0,0,0,15597885,15597885,2944
135251,482,767,1102,1,0,11200,0,0,0,15598712,15598712,2944
135267,482,798,1102,1,0,11200,0,0,0,15599444,15599444,2944
135282,482,824,1102,1,0,11200,0,0,0,15600322,15600322,2944
135298,482,858,1102,1,0,11200,0,0,0,15601248,15601248,2944
135314,482,890,1102,1,0,11200,0,0,0,15602298,15602298,2944
135329,482,934,1102,1,0,11200,0,0,0,15603367,15603367,2944
135345,482,950,1102,1,0,11200,0,0,0,15604105,15604105,2944
135362,482,983,1102,1,0,11200,0,0,0,15604974,15604974,2944
135378,483,1016,1102,1,0,11200,0,0,0,15606020,15606020,2944
135394,483,1045,1102,1,0,11200,0,0,0,15606937,15606937,2944
135411,483,1077,1102,1,0,11200,0,0,0,15607937,15607937,2944
135427,483,12,1102,1,0,11200,0,0,0,15608957,15608957,2944
135442,483,49,1102,1,0,11200,0,0,0,15610181,15610181,2944
135459,483,123,1102,1,0,11200,0,0,0,15611339,15611339,2944
135474,483,136,1102,1,0,11200,0,0,0,15612377,15612377,2944
135490,483,161,1102,1,0,11200,0,0,0,15613396,15613396,2944
135505,483,180,1102,1,0,11200,0,0,0,15614465,15614465,2944
135520,483,212,1102,1,0,11200,0,0,0,15615608,15615608,2944
135536,483,236,1102,1,0,11200,0,0,0,15616792,15616792,2944
135552,483,251,1102,1,0,11200,0,0,0,15617728,15617728,2944
135568,483,270,1102,1,0,11200,0,0,0,15618840,15618840,2944
135584,483,294,1102,1,0,11200,0,0,0,15619749,15619749,2944
135599,483,318,1102,1,0,11200,0,0,0,15620707,15620707,2944
135614,483,349,1102,1,0,11200,0,0,0,15621689,15621689,2944
135630,483,382,1102,1,0,11200,0,0,0,15622635,15622635,2944
135646,483,418,1102,1,0,11200,0,0,0,15623761,15623761,2944
135662,483,453,1102,1,0,11200,0,0,0,15624727,15624727,2944
135678,483,475,1102,1,0,11200,0,0,0,15625668,15625668,2944
135695,483,508,1102,1,0,11200,0,0,0,15626633,15626633,2944
135710,483,545,1102,1,0,11200,0,0,0,15627544,15627544,2944
135725,483,579,1102,1,0,11200,0,0,0,15628515,15628515,2944
135741,483,610,1102,1,0,11200,0,0,0,15629397,15629397,2944
135756,483,639,1102,1,0,11200,0,0,0,15630446,15630446,2944
135771,483,679,1102,1,0,11200,0,0,0,15631376,15631376,2944
135787,483,702,1102,1,0,11200,0,0,0,15632262,15632262,2944
135803,483,729,1102,1,0,11200,0,0,0,15633231,15633231,2944
135818,483,753,1102,1,0,11200,0,0,0,15634011,15634011,2944
135833,483,785,1102,1,0,11200,0,0,0,15634833,15634833,2944
135849,483,819,1102,1,0,11200,0,0,0,15635738,15635738,2944
135865,483,853,1102,1,0,11200,0,0,0,15636674,15636674,2944
135880,483,896,1102,1,0,11200,0,0,0,15637638,15637638,2944
135904,483,938,1102,1,0,11200,0,0,0,15638695,15638695,2944
135920,483,970,1102,1,0,11200,0,0,0,15639647,15639647,2944
135936,483,1012,1102,1,0,11200,0,0,0,15640434,15640434,2944
135953,484,1045,1102,1,0,11200,0,0,0,15641473,15641473,2944
135969,484,1078,1102,1,0,11200,0,0,0,15642467,15642467,2944
135985,484,10,1102,1,0,11200,0,0,0,15643511,15643511,2944
136000,484,29,1102,1,0,11200,0,0,0,15644557,15644557,2944
136016,484,118,1102,1,0,11200,0,0,0,15645753,15645753,2944
136032,484,144,1102,1,0,11200,0,0,0,15646783,15646783,2944
136047,484,168,1102,1,0,11200,0,0,0,15647779,15647779,2944
136063,484,195,1102,1,0,11200,0,0,0,15648961,15648961,2944
136078,484,230,1102,1,0,11200,0,0,0,15650055,15650055,2944
136094,484,251,1102,1,0,11200,0,0,0,15651148,15651148,2944
136109,484,275,1102,1,0,11200,0,0,0,15652113,15652113,2944
136125,484,295,1102,1,0,11200,0,0,0,15653080,15653080,2944
136140,484,324,1102,1,0,11200,0,0,0,15654105,15654105,2944
136155,484,358,1102,1,0,11200,0,0,0,15655091,15655091,2944
136172,484,386,1102,1,0,11200,0,0,0,15656161,15656161,2944
136187,484,418,1102,1,0,11200,0,0,0,15657208,15657208,2944
136203,484,447,1102,1,0,11200,0,0,0,15658139,15658139,2944
136218,484,466,1102,1,0,11200,0,0,0,15659059,15659059,2944
136234,484,492,1102,1,0,11200,0,0,0,15660050,15660050,2944
136250,484,533,1102,1,0,11200,0,0,0,15661055,15661055,2944
136265,484,565,1102,1,0,11200,0,0,0,15662007,15662007,2944
136281,484,605,1102,1,0,11200,0,0,0,15662975,15662975,2944
136296,484,635,1102,1,0,11200,0,0,0,15663951,15663951,2944
136312,484,670,1102,1,0,11200,0,0,0,15664862,15664862,2944
136327,484,697,1102,1,0,11200,0,0,0,15665858,15665858,2944
136343,484,723,1102,1,0,11200,0,0,0,15666755,15666755,2944
136358,484,752,1102,1,0,11200,0,0,0,15667553,15667553,2944
136375,484,785,1102,1,0,11200,0,0,0,15668411,15668411,2944
136390,484,812,1102,1,0,11200,0,0,0,15669251,15669251,2944
136406,484,844,1102,1,0,11200,0,0,0,15670106,15670106,2944
136422,484,885,1102,1,0,11200,0,0,0,15671064,15671064,2944
136438,484,913,1102,1,0,11200,0,0,0,15671801,15671801,2944
136470,484,938,1102,1,0,11200,0,0,0,15672615,15672615,2944
136487,484,962,1102,1,0,11200,0,0,0,15673673,15673673,2944
136504,484,992,1102,1,0,11200,0,0,0,15674574,15674574,2944
136521,485,1031,1102,1,0,11200,0,0,0,15675689,15675689,2944
136537,485,1064,1102,1,0,11200,0,0,0,15676750,15676750,2944
136553,485,1095,1102,1,0,11200,0,0,0,15677618,15677618,2944
136569,485,12,1102,1,0,11200,0,0,0,15678580,15678580,2944
136584,485,95,1102,1,0,11200,0,0,0,15679638,15679638,2944
136599,485,124,1102,1,0,11200,0,0,0,15680596,15680596,2944
136615,485,142,1102,1,0,11200,0,0,0,15681668,15681668,2944
136630,485,169,1102,1,0,11200,0,0,0,15682735,15682735,2944
136645,485,192,1102,1,0,11200,0,0,0,15683833,15683833,2944
136660,485,220,1102,1,0,11200,0,0,0,15684949,15684949,2944
136676,485,242,1102,1,0,11200,0,0,0,15686034,15686034,2944
136692,485,262,1102,1,0,11200,0,0,0,15686973,15686973,2944
136707,485,284,1102,1,0,11200,0,0,0,15687920,15687920,2944
136722,485,316,1102,1,0,11200,0,0,0,15688917,15688917,2944
136738,485,348,1102,1,0,11200,0,0,0,15689931,15689931,2944
136754,485,382,1102,1,0,11200,0,0,0,15690925,15690925,2944
136769,485,414,1102,1,0,11200,0,0,0,15691972,15691972,2944
136785,485,457,1102,1,0,11200,0,0,0,15692915,15692915,2944
136800,485,486,1102,1,0,11200,0,0,0,15693802,15693802,2944
136815,485,516,1102,1,0,11200,0,0,0,15694816,15694816,2944
136831,485,543,1102,1,0,11200,0,0,0,15695676,15695676,2944
136847,485,571,1102,1,0,11200,0,0,0,15696709,15696709,2944
136862,485,607,1102,1,0,11200,0,0,0,15697656,15697656,2944
136878,485,635,1102,1,0,11200,0,0,0,15698713,15698713,2944
136893,485,670,1102,1,0,11200,0,0,0,15699655,15699655,2944
136909,485,700,1102,1,0,11200,0,0,0,15700624,15700624,2944
136924,485,726,1102,1,0,11200,0,0,0,15701563,15701563,2944
136940,485,744,1102,1,0,11200,0,0,0,15702317,15702317,2944
136956,485,789,1102,1,0,11200,0,0,0,15703086,15703086,2944
136972,485,824,1102,1,0,11200,0,0,0,15703994,15703994,2944
136987,485,856,1102,1,0,11200,0,0,0,15704927,15704927,2944
137004,485,899,1102,1,0,11200,0,0,0,15705925,15705925,2944
137039,485,938,1102,1,0,11200,0,0,0,15706982,15706982,2944
137055,485,969,1102,1,0,11200,0,0,0,15707991,15707991,2944
137071,485,998,1102,1,0,11200,0,0,0,15708877,15708877,2944
137086,486,1038,1102,1,0,11200,0,0,0,15709909,15709909,2944
137101,486,1063,1102,1,0,11200,0,0,0,15710926,15710926,2944
137117,486,1,1102,1,0,11200,0,0,0,15711952,15711952,2944
137132,486,19,1102,1,0,11200,0,0,0,15713008,15713008,2944
137148,486,105,1102,1,0,11200,0,0,0,15714181,15714181,2944
137163,486,132,1102,1,0,11200,0,0,0,15715200,15715200,2944
137178,486,153,1102,1,0,11200,0,0,0,15716216,15716216,2944
137193,486,179,1102,1,0,11200,0,0,0,15717450,15717450,2944
137209,486,212,1102,1,0,11200,0,0,0,15718632,15718632,2944
137225,486,240,1102,1,0,11200,0,0,0,15719817,15719817,2944
137242,486,261,1102,1,0,11200,0,0,0,15720809,15720809,2944
137257,486,279,1102,1,0,11200,0,0,0,15721724,15721724,2944
137273,486,305,1102,1,0,11200,0,0,0,15722722,15722722,2944
137288,486,342,1102,1,0,11200,0,0,0,15723800,15723800,2944
137303,486,376,1102,1,0,11200,0,0,0,15724848,15724848,2944
137319,486,411,1102,1,0,11200,0,0,0,15725851,15725851,2944
137334,486,449,1102,1,0,11200,0,0,0,15726802,15726802,2944
137349,486,472,1102,1,0,11200,0,0,0,15727663,15727663,2944
137365,486,504,1102,1,0,11200,0,0,0,15728648,15728648,2944
137380,486,545,1102,1,0,11200,0,0,0,15729565,15729565,2944
137395,486,583,1102,1,0,11200,0,0,0,15730533,15730533,2944
137411,486,626,1102,1,0,11200,0,0,0,15731507,15731507,2944
137427,486,666,1102,1,0,11200,0,0,0,15732550,15732550,2944
137443,486,689,1102,1,0,11200,0,0,0,15733487,15733487,2944
137458,486,720,1102,1,0,11200,0,0,0,15734478,15734478,2944
137474,486,744,1102,1,0,11200,0,0,0,15735323,15735323,2944
137490,486,771,1102,1,0,11200,0,0,0,15736168,15736168,2944
137505,486,809,1102,1,0,11200,0,0,0,15737068,15737068,2944
137521,486,842,1102,1,0,11200,0,0,0,15738036,15738036,2944
137536,486,880,1102,1,0,11200,0,0,0,15738999,15738999,2944
137565,486,938,1102,1,0,11200,0,0,0,15739884,15739884,2944
137580,486,963,1102,1,0,11200,0,0,0,15740836,15740836,2944
137595,486,994,1102,1,0,11200,0,0,0,15741670,15741670,2944
137610,487,1027,1102,1,0,11200,0,0,0,15742775,15742775,2944
137626,487,1058,1102,1,0,11200,0,0,0,15743715,15743715,2944
137642,487,1097,1102,1,0,11200,0,0,0,15744660,15744660,2944
137657,487,19,1102,1,0,11200,0,0,0,15745780,15745780,2944
137673,487,103,1102,1,0,11200,0,0,0,15746957,15746957,2944
137688,487,126,1102,1,0,11200,0,0,0,15747997,15747997,2944
137704,487,152,1102,1,0,11200,0,0,0,15749131,15749131,2944
137719,487,181,1102,1,0,11200,0,0,0,15750162,15750162,2944
137735,487,214,1102,1,0,11200,0,0,0,15751352,15751352,2944
137751,487,240,1102,1,0,11200,0,0,0,15752397,15752397,2944
137766,487,258,1102,1,0,11200,0,0,0,15753396,15753396,2944
137782,487,281,1102,1,0,11200,0,0,0,15754432,15754432,2944
137798,487,310,1102,1,0,11200,0,0,0,15755405,15755405,2944
137814,487,341,1102,1,0,11200,0,0,0,15756557,15756557,2944
137830,487,376,1102,1,0,11200,0,0,0,15757634,15757634,2944
137845,487,403,1102,1,0,11200,0,0,0,15758569,15758569,2944
137860,487,438,1102,1,0,11200,0,0,0,15759532,15759532,2944
137875,487,473,1102,1,0,11200,0,0,0,15760423,15760423,2944
137892,487,506,1102,1,0,11200,0,0,0,15761495,15761495,2944
137908,487,547,1102,1,0,11200,0,0,0,15762588,15762588,2944
137924,487,574,1102,1,0,11200,0,0,0,15763580,15763580,2944
137939,487,605,1102,1,0,11200,0,0,0,15764574,15764574,2944
137955,487,642,1102,1,0,11200,0,0,0,15765667,15765667,2944
137971,487,682,1102,1,0,11200,0,0,0,15766583,15766583,2944
137987,487,709,1102,1,0,11200,0,0,0,15767604,15767604,2944
138002,487,727,1102,1,0,11200,0,0,0,15768416,15768416,2944
138018,487,753,1102,1,0,11200,0,0,0,15769185,15769185,2944
138034,487,791,1102,1,0,11200,0,0,0,15770090,15770090,2944
138049,487,820,1102,1,0,11200,0,0,0,15770966,15770966,2944
138064,487,853,1102,1,0,11200,0,0,0,15771778,15771778,2944
138079,487,909,1102,1,0,11200,0,0,0,15772690,15772690,2944
138111,487,938,1102,1,0,11200,0,0,0,15773574,15773574,2944
138127,487,975,1102,1,0,11200,0,0,0,15774587,15774587,2944
138143,487,995,1102,1,0,11200,0,0,0,15775107,15775107,2944
138159,488,1032,1102,1,0,11200,0,0,0,15776212,15776212,2944
138175,488,1079,1102,1,0,11200,0,0,0,15777228,15777228,2944
138190,488,7,1102,1,0,11200,0,0,0,15778212,15778212,2944
138206,488,22,1102,1,0,11200,0,0,0,15779172,15779172,2944
138222,488,107,1102,1,0,11200,0,0,0,15780369,15780369,2944
138237,488,126,1102,1,0,11200,0,0,0,15781360,15781360,2944
138253,488,153,1102,1,0,11200,0,0,0,15782427,15782427,2944
138268,488,179,1102,1,0,11200,0,0,0,15783514,15783514,2944
138285,488,210,1102,1,0,11200,0,0,0,15784641,15784641,2944
138300,488,233,1102,1,0,11200,0,0,0,15785759,15785759,2944
138316,488,250,1102,1,0,11200,0,0,0,15786781,15786781,2944
138331,488,277,1102,1,0,11200,0,0,0,15787789,15787789,2944
138348,488,310,1102,1,0,11200,0,0,0,15788813,15788813,2944
138364,488,334,1102,1,0,11200,0,0,0,15789768,15789768,2944
138380,488,364,1102,1,0,11200,0,0,0,15790712,15790712,2944
138396,488,402,1102,1,0,11200,0,0,0,15791678,15791678,2944
138411,488,434,1102,1,0,11200,0,0,0,15792664,15792664,2944
138426,488,476,1102,1,0,11200,0,0,0,15793666,15793666,2944
138442,488,506,1102,1,0,11200,0,0,0,15794708,15794708,2944
138458,488,544,1102,1,0,11200,0,0,0,15795812,15795812,2944
138473,488,577,1102,1,0,11200,0,0,0,15796764,15796764,2944
138488,488,600,1102,1,0,11200,0,0,0,15797648,15797648,2944
138504,488,636,1102,1,0,11200,0,0,0,15798641,15798641,2944
138519,488,657,1102,1,0,11200,0,0,0,15799533,15799533,2944
138536,488,685,1102,1,0,11200,0,0,0,15800573,15800573,2944
138552,488,718,1102,1,0,11200,0,0,0,15801575,15801575,2944
138569,488,744,1102,1,0,11200,0,0,0,15802540,15802540,2944
138587,488,774,1102,1,0,11200,0,0,0,15803306,15803306,2944
138603,488,816,1102,1,0,11200,0,0,0,15804274,15804274,2944
138618,488,853,1102,1,0,11200,0,0,0,15805216,15805216,2944
138634,488,890,1102,1,0,11200,0,0,0,15806284,15806284,2944
138649,488,936,1102,1,0,11200,0,0,0,15807214,15807214,2944
138665,488,949,1102,1,0,11200,0,0,0,15807702,15807702,2944
138681,488,987,1102,1,0,11200,0,0,0,15808703,15808703,2944
138697,489,1015,1102,1,0,11200,0,0,0,15809370,15809370,2944
138712,489,1055,1102,1,0,11200,0,0,0,15810450,15810450,2944
138727,489,1082,1102,1,0,11200,0,0,0,15811273,15811273,2944
138743,489,12,1102,1,0,11200,0,0,0,15812292,15812292,2944
138758,489,63,1102,1,0,11200,0,0,0,15813509,15813509,2944
138775,489,125,1102,1,0,11200,0,0,0,15814581,15814581,2944
138790,489,153,1102,1,0,11200,0,0,0,15815617,15815617,2944
138805,489,181,1102,1,0,11200,0,0,0,15816729,15816729,2944
138821,489,206,1102,1,0,11200,0,0,0,15817879,15817879,2944
138836,489,228,1102,1,0,11200,0,0,0,15818872,15818872,2944
138851,489,244,1102,1,0,11200,0,0,0,15819785,15819785,2944
138867,489,267,1102,1,0,11200,0,0,0,15820850,15820850,2944
138883,489,289,1102,1,0,11200,0,0,0,15821878,15821878,2944
138899,489,319,1102,1,0,11200,0,0,0,15822907,15822907,2944
138915,489,367,1102,1,0,11200,0,0,0,15824031,15824031,2944
138931,489,401,1102,1,0,11200,0,0,0,15825089,15825089,2944
138947,489,435,1102,1,0,11200,0,0,0,15826139,15826139,2944
138962,489,464,1102,1,0,11200,0,0,0,15827062,15827062,2944
138978,489,500,1102,1,0,11200,0,0,0,15828013,15828013,2944
138994,489,533,1102,1,0,11200,0,0,0,15829034,15829034,2944
139010,489,566,1102,1,0,11200,0,0,0,15830074,15830074,2944
139025,489,597,1102,1,0,11200,0,0,0,15831002,15831002,2944
139040,489,641,1102,1,0,11200,0,0,0,15832033,15832033,2944
139056,489,685,1102,1,0,11200,0,0,0,15832982,15832982,2944
139071,489,712,1102,1,0,11200,0,0,0,15833785,15833785,2944
139086,489,736,1102,1,0,11200,0,0,0,15834719,15834719,2944
139103,489,771,1102,1,0,11200,0,0,0,15835589,15835589,2944
139119,489,817,1102,1,0,11200,0,0,0,15836510,15836510,2944
139137,489,851,1102,1,0,11200,0,0,0,15837390,15837390,2944
139152,489,890,1102,1,0,11200,0,0,0,15838429,15838429,2944
139168,489,934,1102,1,0,11200,0,0,0,15839366,15839366,2944
139183,489,940,1102,1,0,11200,0,0,0,15839527,15839527,2944
139199,489,966,1102,1,0,11200,0,0,0,15840516,15840516,2944
139219,489,992,1102,1,0,11200,0,0,0,15841426,15841426,2944
139235,490,1031,1102,1,0,11200,0,0,0,15842394,15842394,2944
139250,490,1064,1102,1,0,11200,0,0,0,15843361,15843361,2944
139266,490,3,1102,1,0,11200,0,0,0,15844305,15844305,2944
139282,490,23,1102,1,0,11200,0,0,0,15845342,15845342,2944
139298,490,113,1102,1,0,11200,0,0,0,15846480,15846480,2944
139314,490,136,1102,1,0,11200,0,0,0,15847548,15847548,2944
139330,490,169,1102,1,0,11200,0,0,0,15848642,15848642,2944
139346,490,192,1102,1,0,11200,0,0,0,15849813,15849813,2944
139361,490,222,1102,1,0,11200,0,0,0,15850840,15850840,2944
139377,490,249,1102,1,0,11200,0,0,0,15851888,15851888,2944
139393,490,273,1102,1,0,11200,0,0,0,15852881,15852881,2944
139408,490,299,1102,1,0,11200,0,0,0,15853838,15853838,2944
139424,490,324,1102,1,0,11200,0,0,0,15854951,15854951,2944
139440,490,363,1102,1,0,11200,0,0,0,15856018,15856018,2944
139459,490,393,1102,1,0,11200,0,0,0,15857014,15857014,2944
139474,490,430,1102,1,0,11200,0,0,0,15858026,15858026,2944
139490,490,464,1102,1,0,11200,0,0,0,15858995,15858995,2944
139506,490,483,1102,1,0,11200,0,0,0,15859906,15859906,2944
139522,490,518,1102,1,0,11200,0,0,0,15860988,15860988,2944
139537,490,544,1102,1,0,11200,0,0,0,15861946,15861946,2944
139553,490,576,1102,1,0,11200,0,0,0,15862945,15862945,2944
139568,490,598,1102,1,0,11200,0,0,0,15863869,15863869,2944
139584,490,637,1102,1,0,11200,0,0,0,15864963,15864963,2944
139600,490,670,1102,1,0,11200,0,0,0,15865919,15865919,2944
139616,490,696,1102,1,0,11200,0,0,0,15866910,15866910,2944
139631,490,725,1102,1,0,11200,0,0,0,15867850,15867850,2944
139646,490,742,1102,1,0,11200,0,0,0,15868568,15868568,2944
139662,490,766,1102,1,0,11200,0,0,0,15869262,15869262,2944
139677,490,800,1102,1,0,11200,0,0,0,15870050,15870050,2944
139692,490,827,1102,1,0,11200,0,0,0,15870921,15870921,2944
139708,490,855,1102,1,0,11200,0,0,0,15871867,15871867,2944
139723,490,890,1102,1,0,11200,0,0,0,15872736,15872736,2944
139738,490,934,1102,1,0,11200,0,0,0,15873677,15873677,2944
139754,490,951,1102,1,0,11200,0,0,0,15874355,15874355,2944
139772,490,992,1102,1,0,11200,0,0,0,15875276,15875276,2944
139789,491,1028,1102,1,0,11200,0,0,0,15876385,15876385,2944
139804,491,1060,1102,1,0,11200,0,0,0,15877357,15877357,2944
139819,491,1100,1102,1,0,11200,0,0,0,15878311,15878311,2944
139834,491,21,1102,1,0,11200,0,0,0,15879328,15879328,2944
139849,491,104,1102,1,0,11200,0,0,0,15880580,15880580,2944
139864,491,128,1102,1,0,11200,0,0,0,15881521,15881521,2944
139880,491,160,1102,1,0,11200,0,0,0,15882637,15882637,2944
139895,491,190,1102,1,0,11200,0,0,0,15883755,15883755,2944
139911,491,221,1102,1,0,11200,0,0,0,15884971,15884971,2944
139927,491,246,1102,1,0,11200,0,0,0,15886099,15886099,2944
139942,491,267,1102,1,0,11200,0,0,0,15887077,15887077,2944
139958,491,294,1102,1,0,11200,0,0,0,15888105,15888105,2944
139973,491,319,1102,1,0,11200,0,0,0,15889073,15889073,2944
139988,491,349,1102,1,0,11200,0,0,0,15890087,15890087,2944
140003,491,378,1102,1,0,11200,0,0,0,15891059,15891059,2944
140019,491,414,1102,1,0,11200,0,0,0,15892018,15892018,2944
140034,491,439,1102,1,0,11200,0,0,0,15892883,15892883,2944
140050,491,470,1102,1,0,11200,0,0,0,15893813,15893813,2944
140066,491,496,1102,1,0,11200,0,0,0,15894799,15894799,2944
140083,491,537,1102,1,0,11200,0,0,0,15895748,15895748,2944
140099,491,566,1102,1,0,11200,0,0,0,15896840,15896840,2944
140116,491,600,1102,1,0,11200,0,0,0,15897884,15897884,2944
140131,491,639,1102,1,0,11200,0,0,0,15898917,15898917,2944
140146,491,673,1102,1,0,11200,0,0,0,15899807,15899807,2944
140162,491,706,1102,1,0,11200,0,0,0,15900757,15900757,2944
140178,491,728,1102,1,0,11200,0,0,0,15901700,15901700,2944
140194,491,760,1102,1,0,11200,0,0,0,15902498,15902498,2944
140210,491,807,1102,1,0,11200,0,0,0,15903440,15903440,2944
140226,491,844,1102,1,0,11200,0,0,0,15904376,15904376,2944
140241,491,884,1102,1,0,11200,0,0,0,15905386,15905386,2944
140257,491,922,1102,1,0,11200,0,0,0,15906382,15906382,2944
140273,491,942,1102,1,0,11200,0,0,0,15907173,15907173,2944
140290,491,969,1102,1,0,11200,0,0,0,15908228,15908228,2944
140305,491,993,1102,1,0,11200,0,0,0,15908995,15908995,2944
140321,492,1028,1102,1,0,11200,0,0,0,15909977,15909977,2944
140337,492,1074,1102,1,0,11200,0,0,0,15910995,15910995,2944
140352,492,13,1102,1,0,11200,0,0,0,15912040,15912040,2944
140367,492,67,1102,1,0,11200,0,0,0,15913162,15913162,2944
140383,492,122,1102,1,0,11200,0,0,0,15914255,15914255,2944
140398,492,148,1102,1,0,11200,0,0,0,15915418,15915418,2944
140414,492,178,1102,1,0,11200,0,0,0,15916552,15916552,2944
140430,492,210,1102,1,0,11200,0,0,0,15917682,15917682,2944
140445,492,237,1102,1,0,11200,0,0,0,15918829,15918829,2944
140461,492,259,1102,1,0,11200,0,0,0,15919819,15919819,2944
140476,492,282,1102,1,0,11200,0,0,0,15920848,15920848,2944
140492,492,313,1102,1,0,11200,0,0,0,15921819,15921819,2944
140507,492,347,1102,1,0,11200,0,0,0,15922944,15922944,2944
140522,492,378,1102,1,0,11200,0,0,0,15923878,15923878,2944
140537,492,411,1102,1,0,11200,0,0,0,15924988,15924988,2944
140552,492,440,1102,1,0,11200,0,0,0,15925937,15925937,2944
140568,492,466,1102,1,0,11200,0,0,0,15926919,15926919,2944
140585,492,490,1102,1,0,11200,0,0,0,15927852,15927852,2944
140601,492,523,1102,1,0,11200,0,0,0,15928859,15928859,2944
140616,492,556,1102,1,0,11200,0,0,0,15929825,15929825,2944
140632,492,590,1102,1,0,11200,0,0,0,15930810,15930810,2944
140648,492,625,1102,1,0,11200,0,0,0,15931863,15931863,2944
140663,492,671,1102,1,0,11200,0,0,0,15932857,15932857,2944
140679,492,704,1102,1,0,11200,0,0,0,15933801,15933801,2944
140695,492,732,1102,1,0,11200,0,0,0,15934705,15934705,2944
140710,492,761,1102,1,0,11200,0,0,0,15935522,15935522,2944
140726,492,811,1102,1,0,11200,0,0,0,15936442,15936442,2944
140742,492,838,1102,1,0,11200,0,0,0,15937286,15937286,2944
140757,492,872,1102,1,0,11200,0,0,0,15938288,15938288,2944
140772,492,924,1102,1,0,11200,0,0,0,15939173,15939173,2944
140789,492,949,1102,1,0,11200,0,0,0,15939996,15939996,2944
140804,492,985,1102,1,0,11200,0,0,0,15940955,15940955,2944
140820,492,994,1102,1,0,11200,0,0,0,15941263,15941263,2944
140836,493,1037,1102,1,0,11200,0,0,0,15942366,15942366,2944
140851,493,1077,1103,2,0,11200,0,0,0,15943359,15943359,2944
140867,493,6,1103,2,0,11200,0,0,0,15944409,15944409,2944
140883,493,28,1103,2,0,11200,0,0,0,15945474,15945474,2944
140898,493,111,1103,2,0,11200,0,0,0,15946649,15946649,2944
140915,493,139,1103,2,0,11200,0,0,0,15947679,15947679,2944
140930,493,177,1103,2,0,11200,0,0,0,15948837,15948837,2944
140946,493,206,1103,2,0,11200,0,0,0,15950023,15950023,2944
140962,493,236,1103,2,0,11200,0,0,0,15951259,15951259,2944
140978,493,259,1103,2,0,11200,0,0,0,15952303,15952303,2944
140993,493,284,1103,2,0,11200,0,0,0,15953270,15953270,2944
141009,493,316,1103,2,0,11200,0,0,0,15954286,15954286,2944
141024,493,342,1103,2,0,11200,0,0,0,15955349,15955349,2944
141040,493,386,1103,2,0,11200,0,0,0,15956300,15956300,2944
141056,493,424,1103,2,0,11200,0,0,0,15957240,15957240,2944
141072,493,452,1103,2,0,11200,0,0,0,15958233,15958233,2944
141087,493,476,1103,2,0,11200,0,0,0,15959089,15959089,2944
141103,493,503,1103,2,0,11200,0,0,0,15960174,15960174,2944
141118,493,537,1103,2,0,11200,0,0,0,15961170,15961170,2944
141133,493,565,1103,2,0,11200,0,0,0,15962165,15962165,2944
141150,493,593,1103,2,0,11200,0,0,0,15963162,15963162,2944
141166,493,635,1103,2,0,11200,0,0,0,15964224,15964224,2944
141181,493,660,1103,2,0,11200,0,0,0,15965092,15965092,2944
141196,493,682,1103,2,0,11200,0,0,0,15965996,15965996,2944
141212,493,708,1103,2,0,11200,0,0,0,15966974,15966974,2944
141227,493,733,1103,2,0,11200,0,0,0,15967879,15967879,2944
141243,493,757,1103,2,0,11200,0,0,0,15968648,15968648,2944
141259,493,792,1103,2,0,11200,0,0,0,15969518,15969518,2944
141274,493,821,1103,2,0,11200,0,0,0,15970396,15970396,2944
141290,493,847,1103,2,0,11200,0,0,0,15971217,15971217,2944
141307,493,885,1103,2,0,11200,0,0,0,15972102,15972102,2944
141322,493,931,1103,2,0,11200,0,0,0,15973060,15973060,2944
141338,493,959,1103,2,0,11200,0,0,0,15973771,15973771,2944
141362,493,992,1103,2,0,11200,0,0,0,15974593,15974593,2944
141378,494,1045,1103,2,0,11200,0,0,0,15975706,15975706,2944
141395,494,1085,1103,2,0,11200,0,0,0,15976673,15976673,2944
141410,494,12,1103,1,0,11200,0,0,0,15977688,15977688,2944
141425,494,39,1103,1,0,11200,0,0,0,15978822,15978822,2944
141440,494,120,1103,1,0,11200,0,0,0,15979906,15979906,2944
141457,494,148,1103,1,0,11200,0,0,0,15981070,15981070,2944
141473,494,178,1103,1,0,11200,0,0,0,15982241,15982241,2944
141488,494,214,1103,1,0,11200,0,0,0,15983407,15983407,2944
141503,494,239,1103,1,0,11200,0,0,0,15984444,15984444,2944
141519,494,257,1103,1,0,11200,0,0,0,15985487,15985487,2944
141534,494,282,1103,1,0,11200,0,0,0,15986456,15986456,2944
141550,494,319,1103,1,0,11200,0,0,0,15987522,15987522,2944
141566,494,363,1103,1,0,11200,0,0,0,15988691,15988691,2944
141582,494,392,1103,1,0,11200,0,0,0,15989656,15989656,2944
141597,494,433,1103,1,0,11200,0,0,0,15990613,15990613,2944
141613,494,472,1103,1,0,11200,0,0,0,15991593,15991593,2944
141628,494,503,1103,1,0,11200,0,0,0,15992586,15992586,2944
141644,494,533,1103,1,0,11200,0,0,0,15993540,15993540,2944
141660,494,560,1103,1,0,11200,0,0,0,15994524,15994524,2944
141675,494,595,1103,1,0,11200,0,0,0,15995449,15995449,2944
141690,494,639,1103,1,0,11200,0,0,0,15996500,15996500,2944
141706,494,671,1103,1,0,11200,0,0,0,15997450,15997450,2944
141722,494,697,1103,1,0,11200,0,0,0,15998371,15998371,2944
141737,494,726,1103,1,0,11200,0,0,0,15999345,15999345,2944
141753,494,752,1103,1,0,11200,0,0,0,16000094,16000094,2944
141769,494,786,1103,1,0,11200,0,0,0,16000850,16000850,2944
141784,494,819,1103,1,0,11200,0,0,0,16001789,16001789,2944
141800,494,841,1103,1,0,11200,0,0,0,16002584,16002584,2944
141815,494,873,1103,1,0,11200,0,0,0,16003387,16003387,2944
141830,494,920,1103,1,0,11200,0,0,0,16004306,16004306,2944
141848,494,938,1103,1,0,11200,0,0,0,16004891,16004891,2944
141863,494,966,1103,1,0,11200,0,0,0,16005848,16005848,2944
141878,494,1001,1103,1,0,11200,0,0,0,16006555,16006555,2944
141894,495,1028,1103,1,0,11200,0,0,0,16007493,16007493,2944
141909,495,1057,1103,1,0,11200,0,0,0,16008450,16008450,2944
141925,495,1095,1103,1,0,11200,0,0,0,16009384,16009384,2944
141941,495,18,1103,1,0,11200,0,0,0,16010432,16010432,2944
141956,495,108,1103,1,0,11200,0,0,0,16011539,16011539,2944
141972,495,137,1103,1,0,11200,0,0,0,16012588,16012588,2944
141987,495,166,1103,1,0,11200,0,0,0,16013686,16013686,2944
142003,495,187,1103,1,0,11200,0,0,0,16014881,16014881,2944
142019,495,219,1103,1,0,11200,0,0,0,16016071,16016071,2944
142034,495,240,1103,1,0,11200,0,0,0,16017136,16017136,2944
142050,495,257,1103,1,0,11200,0,0,0,16018098,16018098,2944
142067,495,284,1103,1,0,11200,0,0,0,16019156,16019156,2944
142083,495,310,1103,1,0,11200,0,0,0,16020104,16020104,2944
142100,495,348,1103,1,0,11200,0,0,0,16021330,16021330,2944
142115,495,381,1103,1,0,11200,0,0,0,16022353,16022353,2944
142131,495,426,1103,1,0,11200,0,0,0,16023368,16023368,2944
142146,495,456,1103,1,0,11200,0,0,0,16024311,16024311,2944
142161,495,481,1103,1,0,11200,0,0,0,16025285,16025285,2944
142176,495,516,1103,1,0,11200,0,0,0,16026219,16026219,2944
142192,495,547,1103,1,0,11200,0,0,0,16027270,16027270,2944
142207,495,574,1103,1,0,11200,0,0,0,16028210,16028210,2944
142224,495,597,1103,1,0,11200,0,0,0,16029186,16029186,2944
142241,495,632,1103,1,0,11200,0,0,0,16030245,16030245,2944
142257,495,665,1103,1,0,11200,0,0,0,16031230,16031230,2944
142273,495,695,1103,1,0,11200,0,0,0,16032298,16032298,2944
142288,495,720,1103,1,0,11200,0,0,0,16033249,16033249,2944
142304,495,756,1103,1,0,11200,0,0,0,16034016,16034016,2944
142319,495,797,1103,1,0,11200,0,0,0,16034945,16034945,2944
142335,495,827,1103,1,0,11200,0,0,0,16035841,16035841,2944
142351,495,855,1103,1,0,11200,0,0,0,16036798,16036798,2944
142366,495,888,1103,1,0,11200,0,0,0,16037722,16037722,2944
142382,495,934,1103,1,0,11200,0,0,0,16038805,16038805,2944
142398,495,951,1103,1,0,11200,0,0,0,16039273,16039273,2944
142414,495,987,1103,1,0,11200,0,0,0,16040244,16040244,2944
142429,496,1023,1103,1,0,11200,0,0,0,16041135,16041135,2944
142445,496,1068,1103,1,0,11200,0,0,0,16042230,16042230,2944
142462,496,3,1103,1,0,11200,0,0,0,16043181,16043181,2944
142477,496,22,1103,1,0,11200,0,0,0,16044192,16044192,2944
142492,496,106,1103,1,0,11200,0,0,0,16045298,16045298,2944
142507,496,128,1103,1,0,11200,0,0,0,16046310,16046310,2944
142522,496,151,1103,1,0,11200,0,0,0,16047326,16047326,2944
142538,496,176,1103,1,0,11200,0,0,0,16048479,16048479,2944
142554,496,194,1103,1,0,11200,0,0,0,16049589,16049589,2944
142569,496,224,1103,1,0,11200,0,0,0,16050760,16050760,2944
142585,496,244,1103,1,0,11200,0,0,0,16051836,16051836,2944
142600,496,267,1103,1,0,11200,0,0,0,16052888,16052888,2944
142616,496,294,1103,1,0,11200,0,0,0,16053791,16053791,2944
142632,496,331,1103,1,0,11200,0,0,0,16054838,16054838,2944
142647,496,377,1103,1,0,11200,0,0,0,16055924,16055924,2944
142663,496,417,1103,1,0,11200,0,0,0,16057024,16057024,2944
142678,496,439,1103,1,0,11200,0,0,0,16057938,16057938,2944
142695,496,476,1103,1,0,11200,0,0,0,16058942,16058942,2944
142710,496,506,1103,1,0,11200,0,0,0,16059969,16059969,2944
142726,496,537,1103,1,0,11200,0,0,0,16060849,16060849,2944
142741,496,574,1103,1,0,11200,0,0,0,16061844,16061844,2944
142757,496,608,1103,1,0,11200,0,0,0,16062902,16062902,2944
142773,496,641,1103,1,0,11200,0,0,0,16063877,16063877,2944
142789,496,675,1103,1,0,11200,0,0,0,16064847,16064847,2944
142804,496,706,1103,1,0,11200,0,0,0,16065753,16065753,2944
142819,496,733,1103,1,0,11200,0,0,0,16066629,16066629,2944
142834,496,767,1103,1,0,11200,0,0,0,16067362,16067362,2944
142850,496,807,1103,1,0,11200,0,0,0,16068255,16068255,2944
142866,496,829,1103,1,0,11200,0,0,0,16069144,16069144,2944
142882,496,873,1103,1,0,11200,0,0,0,16070185,16070185,2944
142897,496,931,1103,1,0,11200,0,0,0,16071257,16071257,2944
142912,496,950,1103,1,0,11200,0,0,0,16071998,16071998,2944
142928,496,982,1103,1,0,11200,0,0,0,16073002,16073002,2944
142944,497,1019,1103,1,0,11200,0,0,0,16073971,16073971,2944
142960,497,1051,1103,1,0,11200,0,0,0,16074858,16074858,2944
142975,497,1095,1103,1,0,11200,0,0,0,16075833,16075833,2944
142991,497,19,1103,1,0,11200,0,0,0,16076894,16076894,2944
143006,497,105,1103,1,0,11200,0,0,0,16078030,16078030,2944
143022,497,128,1103,1,0,11200,0,0,0,16079058,16079058,2944
143037,497,142,1103,1,0,11200,0,0,0,16079971,16079971,2944
143053,497,177,1103,1,0,11200,0,0,0,16081146,16081146,2944
143069,497,212,1103,1,0,11200,0,0,0,16082201,16082201,2944
143084,497,236,1103,1,0,11200,0,0,0,16083276,16083276,2944
143100,497,259,1103,1,0,11200,0,0,0,16084266,16084266,2944
143117,497,283,1103,1,0,11200,0,0,0,16085372,16085372,2944
143132,497,309,1103,1,0,11200,0,0,0,16086312,16086312,2944
143148,497,332,1103,1,0,11200,0,0,0,16087502,16087502,2944
143163,497,375,1103,1,0,11200,0,0,0,16088523,16088523,2944
143178,497,402,1103,1,0,11200,0,0,0,16089516,16089516,2944
143195,497,438,1103,1,0,11200,0,0,0,16090691,16090691,2944
143211,497,466,1103,1,0,11200,0,0,0,16091610,16091610,2944
143227,497,498,1103,1,0,11200,0,0,0,16092588,16092588,2944
143243,497,538,1103,1,0,11200,0,0,0,16093709,16093709,2944
143259,497,566,1103,1,0,11200,0,0,0,16094726,16094726,2944
143275,497,598,1103,1,0,11200,0,0,0,16095664,16095664,2944
143291,497,645,1103,1,0,11200,0,0,0,16096596,16096596,2944
143307,497,679,1103,1,0,11200,0,0,0,16097520,16097520,2944
143322,497,709,1103,1,0,11200,0,0,0,16098416,16098416,2944
143337,497,735,1103,1,0,11200,0,0,0,16099237,16099237,2944
143353,497,768,1103,1,0,11200,0,0,0,16100046,16100046,2944
143368,497,809,1103,1,0,11200,0,0,0,16100904,16100904,2944
143383,497,841,1103,1,0,11200,0,0,0,16101833,16101833,2944
143399,497,869,1103,1,0,11200,0,0,0,16102714,16102714,2944
143414,497,912,1103,1,0,11200,0,0,0,16103617,16103617,2944
143429,497,941,1103,1,0,11200,0,0,0,16104413,16104413,2944
143444,497,969,1103,1,0,11200,0,0,0,16105334,16105334,2944
143460,497,992,1103,1,0,11200,0,0,0,16105965,16105965,2944
143477,498,1027,1103,1,0,11200,0,0,0,16106978,16106978,2944
143493,498,1072,1103,1,0,11200,0,0,0,16108024,16108024,2944
143508,498,5,1103,1,0,11200,0,0,0,16108990,16108990,2944
143523,498,27,1103,1,0,11200,0,0,0,16110041,16110041,2944
143540,498,118,1103,1,0,11200,0,0,0,16111260,16111260,2944
143556,498,134,1103,1,0,11200,0,0,0,16112353,16112353,2944
143571,498,162,1103,1,0,11200,0,0,0,16113422,16113422,2944
143587,498,187,1103,1,0,11200,0,0,0,16114522,16114522,2944
143602,498,215,1103,1,0,11200,0,0,0,16115545,16115545,2944
143618,498,241,1103,1,0,11200,0,0,0,16116632,16116632,2944
143633,498,263,1103,1,0,11200,0,0,0,16117576,16117576,2944
143648,498,283,1103,1,0,11200,0,0,0,16118491,16118491,2944
143663,498,305,1103,1,0,11200,0,0,0,16119436,16119436,2944
143681,498,331,1103,1,0,11200,0,0,0,16120491,16120491,2944
143696,498,364,1103,1,0,11200,0,0,0,16121429,16121429,2944
143711,498,390,1103,1,0,11200,0,0,0,16122472,16122472,2944
143728,498,430,1103,1,0,11200,0,0,0,16123532,16123532,2944
143743,498,458,1103,1,0,11200,0,0,0,16124468,16124468,2944
143759,498,483,1103,1,0,11200,0,0,0,16125485,16125485,2944
143774,498,518,1103,1,0,11200,0,0,0,16126520,16126520,2944
143790,498,557,1103,1,0,11200,0,0,0,16127417,16127417,2944
143805,498,591,1103,1,0,11200,0,0,0,16128380,16128380,2944
143821,498,622,1103,1,0,11200,0,0,0,16129357,16129357,2944
143837,498,654,1103,1,0,11200,0,0,0,16130387,16130387,2944
143852,498,685,1103,1,0,11200,0,0,0,16131392,16131392,2944
143867,498,713,1103,1,0,11200,0,0,0,16132223,16132223,2944
143884,498,733,1103,1,0,11200,0,0,0,16133203,16133203,2944
143900,498,756,1103,1,0,11200,0,0,0,16134045,16134045,2944
143916,498,785,1103,1,0,11200,0,0,0,16134919,16134919,2944
143932,498,824,1103,1,0,11200,0,0,0,16135925,16135925,2944
143947,498,861,1103,1,0,11200,0,0,0,16136931,16136931,2944
143962,498,912,1103,1,0,11200,0,0,0,16137918,16137918,2944
143991,498,938,1103,1,0,11200,0,0,0,16138859,16138859,2944
144006,498,975,1103,1,0,11200,0,0,0,16139887,16139887,2944
144021,498,1010,1103,1,0,11200,0,0,0,16140777,16140777,2944
144037,499,1043,1103,1,0,11200,0,0,0,16141863,16141863,2944
144053,499,1074,1103,1,0,11200,0,0,0,16142845,16142845,2944
144068,499,7,1103,0,0,11200,0,0,0,16143883,16143883,2944
144084,499,25,1103,0,0,11200,0,0,0,16145000,16145000,2944
144099,499,117,1103,0,0,11200,0,0,0,16146096,16146096,2944
144115,499,141,1103,0,0,11200,0,0,0,16147171,16147171,2944
144130,499,172,1103,0,0,11200,0,0,0,16148199,16148199,2944
144147,499,190,1103,0,0,11200,0,0,0,16149323,16149323,2944
144162,499,225,1103,0,0,11200,0,0,0,16150486,16150486,2944
144178,499,249,1103,0,0,11200,0,0,0,16151542,16151542,2944
144194,499,273,1103,0,0,11200,0,0,0,16152507,16152507,2944
144209,499,292,1103,0,0,11200,0,0,0,16153432,16153432,2944
144225,499,316,1103,0,0,11200,0,0,0,16154380,16154380,2944
144240,499,359,1103,0,0,11200,0,0,0,16155529,16155529,2944
144256,499,383,1103,0,0,11200,0,0,0,16156526,16156526,2944
144272,499,421,1103,0,0,11200,0,0,0,16157480,16157480,2944
144287,499,455,1103,0,0,11200,0,0,0,16158406,16158406,2944
144303,499,482,1103,0,0,11200,0,0,0,16159255,16159255,2944
144318,499,520,1103,0,0,11200,0,0,0,16160250,16160250,2944
144334,499,551,1103,0,0,11200,0,0,0,16161179,16161179,2944
144350,499,582,1103,0,0,11200,0,0,0,16162204,16162204,2944
144365,499,615,1103,0,0,11200,0,0,0,16163131,16163131,2944
144380,499,649,1103,0,0,11200,0,0,0,16164113,16164113,2944
144396,499,685,1103,0,0,11200,0,0,0,16165074,16165074,2944
144411,499,706,1103,0,0,11200,0,0,0,16165971,16165971,2944
144427,499,733,1103,0,0,11200,0,0,0,16166933,16166933,2944
144442,499,762,1103,0,0,11200,0,0,0,16167733,16167733,2944
144458,499,789,1103,0,0,11200,0,0,0,16168451,16168451,2944
144473,499,820,1103,0,0,11200,0,0,0,16169412,16169412,2944
144489,499,853,1103,0,0,11200,0,0,0,16170419,16170419,2944
144504,499,899,1103,0,0,11200,0,0,0,16171345,16171345,2944
144528,499,938,1103,0,0,11200,0,0,0,16172225,16172225,2944
144543,499,971,1103,0,0,11200,0,0,0,16173188,16173188,2944
144559,499,1013,1103,0,0,11200,0,0,0,16173918,16173918,2944
144574,500,1056,1103,0,0,11200,0,0,0,16174984,16174984,2944
144590,500,1099,1103,0,0,11200,0,0,0,16175950,16175950,2944
144605,500,18,1103,0,0,11200,0,0,0,16177098,16177098,2944
144621,500,91,1103,0,0,11200,0,0,0,16178394,16178394,2944
144637,500,133,1103,0,0,11200,0,0,0,16179494,16179494,2944
144653,500,163,1103,0,0,11200,0,0,0,16180646,16180646,2944
144668,500,185,1103,0,0,11200,0,0,0,16181651,16181651,2944
144683,500,211,1103,0,0,11200,0,0,0,16182759,16182759,2944
144699,500,241,1103,0,0,11200,0,0,0,16183879,16183879,2944
144715,500,267,1103,0,0,11200,0,0,0,16184955,16184955,2944
144732,500,290,1103,0,0,11200,0,0,0,16186004,16186004,2944
144748,500,319,1103,0,0,11200,0,0,0,16186980,16186980,2944
144764,500,359,1103,0,0,11200,0,0,0,16187923,16187923,2944
144779,500,386,1103,0,0,11200,0,0,0,16188858,16188858,2944
144795,500,424,1103,0,0,11200,0,0,0,16189862,16189862,2944
144810,500,462,1103,0,0,11200,0,0,0,16190769,16190769,2944
144826,500,489,1103,0,0,11200,0,0,0,16191732,16191732,2944
144841,500,533,1103,0,0,11200,0,0,0,16192745,16192745,2944
144858,500,578,1103,0,0,11200,0,0,0,16193801,16193801,2944
144873,500,606,1103,0,0,11200,0,0,0,16194725,16194725,2944
144890,500,650,1103,0,0,11200,0,0,0,16195769,16195769,2944
144905,500,683,1103,0,0,11200,0,0,0,16196717,16196717,2944
144922,500,712,1103,0,0,11200,0,0,0,16197714,16197714,2944
144937,500,736,1103,0,0,11200,0,0,0,16198654,16198654,2944
144954,500,779,1103,0,0,11200,0,0,0,16199522,16199522,2944
144969,500,811,1103,0,0,11200,0,0,0,16200380,16200380,2944
144986,500,844,1103,0,0,11200,0,0,0,16201389,16201389,2944
145002,500,871,1103,0,0,11200,0,0,0,16202461,16202461,2944
145017,500,922,1104,1,0,11200,0,0,0,16203276,16203276,2945
145032,500,941,1104,1,0,11200,0,0,0,16203947,16203947,2945
145048,500,974,1104,1,0,11200,0,0,0,16204976,16204976,2945
145063,500,1009,1104,1,0,11200,0,0,0,16205864,16205864,2945
145078,501,1045,1104,1,0,11200,0,0,0,16206909,16206909,2945
145094,501,1082,1104,1,0,11200,0,0,0,16207914,16207914,2945
145109,501,7,1104,0,0,11200,0,0,0,16208777,16208777,2945
145124,501,31,1104,0,0,11200,0,0,0,16209924,16209924,2945
145141,501,117,1104,0,0,11200,0,0,0,16211123,16211123,2945
145156,501,136,1104,0,0,11200,0,0,0,16212034,16212034,2945
145171,501,161,1104,0,0,11200,0,0,0,16213111,16213111,2945
145187,501,189,1104,0,0,11200,0,0,0,16214238,16214238,2945
145203,501,221,1104,0,0,11200,0,0,0,16215441,16215441,2945
145219,501,247,1104,0,0,11200,0,0,0,16216443,16216443,2945
145234,501,268,1104,0,0,11200,0,0,0,16217469,16217469,2945
145250,501,290,1104,0,0,11200,0,0,0,16218446,16218446,2945
145266,501,316,1104,0,0,11200,0,0,0,16219397,16219397,2945
145282,501,345,1104,0,0,11200,0,0,0,16220598,16220598,2945
145297,501,378,1104,0,0,11200,0,0,0,16221527,16221527,2945
145313,501,414,1104,0,0,11200,0,0,0,16222536,16222536,2945
145329,501,438,1104,0,0,11200,0,0,0,16223485,16223485,2945
145345,501,471,1104,0,0,11200,0,0,0,16224407,16224407,2945
145362,501,506,1104,0,0,11200,0,0,0,16225486,16225486,2945
145377,501,537,1104,0,0,11200,0,0,0,16226386,16226386,2945
145393,501,577,1104,0,0,11200,0,0,0,16227321,16227321,2945
145408,501,615,1104,0,0,11200,0,0,0,16228318,16228318,2945
145424,501,651,1104,0,0,11200,0,0,0,16229240,16229240,2945
145440,501,687,1104,0,0,11200,0,0,0,16230218,16230218,2945
145456,501,716,1104,0,0,11200,0,0,0,16231233,16231233,2945
145471,501,737,1104,0,0,11200,0,0,0,16232130,16232130,2945
145486,501,790,1104,0,0,11200,0,0,0,16232973,16232973,2945
145502,501,829,1104,0,0,11200,0,0,0,16233867,16233867,2945
145518,501,855,1104,0,0,11200,0,0,0,16234742,16234742,2945
145533,501,909,1104,0,0,11200,0,0,0,16235758,16235758,2945
145548,501,936,1104,0,0,11200,0,0,0,16236673,16236673,2945
145564,501,944,1104,0,0,11200,0,0,0,16237086,16237086,2945
145579,501,969,1104,0,0,11200,0,0,0,16238035,16238035,2945
145595,501,999,1104,0,0,11200,0,0,0,16238938,16238938,2945
145610,502,1044,1104,0,0,11200,0,0,0,16239896,16239896,2945
145625,502,1081,1104,0,0,11200,0,0,0,16240889,16240889,2945
145640,502,3,1104,0,0,11200,0,0,0,16241795,16241795,2945
145655,502,23,1104,0,0,11200,0,0,0,16242783,16242783,2945
145670,502,108,1104,0,0,11200,0,0,0,16244045,16244045,2945
145687,502,135,1104,0,0,11200,0,0,0,16245115,16245115,2945
145702,502,167,1104,0,0,11200,0,0,0,16246231,16246231,2945
145717,502,184,1104,0,0,11200,0,0,0,16247136,16247136,2945
145732,502,214,1104,0,0,11200,0,0,0,16248279,16248279,2945
145748,502,241,1104,0,0,11200,0,0,0,16249296,16249296,2945
145763,502,273,1104,0,0,11200,0,0,0,16250318,16250318,2945
145778,502,301,1104,0,0,11200,0,0,0,16251267,16251267,2945
145793,502,340,1104,0,0,11200,0,0,0,16252317,16252317,2945
145809,502,368,1104,0,0,11200,0,0,0,16253274,16253274,2945
145825,502,399,1104,0,0,11200,0,0,0,16254264,16254264,2945
145841,502,438,1104,0,0,11200,0,0,0,16255236,16255236,2945
145857,502,470,1104,0,0,11200,0,0,0,16256196,16256196,2945
145873,502,502,1104,0,0,11200,0,0,0,16257171,16257171,2945
145888,502,534,1104,0,0,11200,0,0,0,16258109,16258109,2945
145904,502,560,1104,0,0,11200,0,0,0,16259239,16259239,2945
145920,502,591,1104,0,0,11200,0,0,0,16260197,16260197,2945
145935,502,624,1104,0,0,11200,0,0,0,16261150,16261150,2945
145950,502,666,1104,0,0,11200,0,0,0,16262108,16262108,2945
145965,502,689,1104,0,0,11200,0,0,0,16263056,16263056,2945
145982,502,722,1104,0,0,11200,0,0,0,16263994,16263994,2945
145997,502,736,1104,0,0,11200,0,0,0,16264772,16264772,2945
146013,502,767,1104,0,0,11200,0,0,0,16265552,16265552,2945
146029,502,795,1104,0,0,11200,0,0,0,16266397,16266397,2945
146044,502,821,1104,0,0,11200,0,0,0,16267230,16267230,2945
146060,502,841,1104,0,0,11200,0,0,0,16268040,16268040,2945
146075,502,873,1104,0,0,11200,0,0,0,16269028,16269028,2945
146091,502,918,1104,0,0,11200,0,0,0,16269903,16269903,2945
146106,502,938,1104,0,0,11200,0,0,0,16270635,16270635,2945
146122,502,959,1104,0,0,11200,0,0,0,16271667,16271667,2945
146138,502,985,1104,0,0,11200,0,0,0,16272688,16272688,2945
146153,502,1013,1104,0,0,11200,0,0,0,16273216,16273216,2945
146168,503,1039,1104,0,0,11200,0,0,0,16274271,16274271,2945
146185,503,1072,1104,0,0,11200,0,0,0,16275226,16275226,2945
146200,503,12,1104,0,0,11200,0,0,0,16276225,16276225,2945
146215,503,41,1104,0,0,11200,0,0,0,16277390,16277390,2945
146231,503,122,1104,0,0,11200,0,0,0,16278525,16278525,2945
146247,503,142,1104,0,0,11200,0,0,0,16279506,16279506,2945
146262,503,178,1104,0,0,11200,0,0,0,16280777,16280777,2945
146278,503,212,1104,0,0,11200,0,0,0,16281950,16281950,2945
146294,503,234,1104,0,0,11200,0,0,0,16282970,16282970,2945
146310,503,256,1104,0,0,11200,0,0,0,16284038,16284038,2945
146326,503,272,1104,0,0,11200,0,0,0,16285051,16285051,2945
146341,503,286,1104,0,0,11200,0,0,0,16285934,16285934,2945
146357,503,313,1104,0,0,11200,0,0,0,16286817,16286817,2945
146373,503,342,1104,0,0,11200,0,0,0,16287794,16287794,2945
146389,503,377,1104,0,0,11200,0,0,0,16288840,16288840,2945
146405,503,414,1104,0,0,11200,0,0,0,16289784,16289784,2945
146421,503,438,1104,0,0,11200,0,0,0,16290745,16290745,2945
146436,503,467,1104,0,0,11200,0,0,0,16291671,16291671,2945
146452,503,489,1104,0,0,11200,0,0,0,16292598,16292598,2945
146468,503,520,1104,0,0,11200,0,0,0,16293668,16293668,2945
146483,503,554,1104,0,0,11200,0,0,0,16294653,16294653,2945
146499,503,590,1104,0,0,11200,0,0,0,16295550,16295550,2945
146514,503,629,1104,0,0,11200,0,0,0,16296517,16296517,2945
146529,503,665,1104,0,0,11200,0,0,0,16297493,16297493,2945
146545,503,696,1104,0,0,11200,0,0,0,16298460,16298460,2945
146560,503,720,1104,0,0,11200,0,0,0,16299403,16299403,2945
146575,503,740,1104,0,0,11200,0,0,0,16300156,16300156,2945
146593,503,769,1104,0,0,11200,0,0,0,16301023,16301023,2945
146608,503,813,1104,0,0,11200,0,0,0,16301859,16301859,2945
146625,503,849,1104,0,0,11200,0,0,0,16302836,16302836,2945
146641,503,885,1104,0,0,11200,0,0,0,16303765,16303765,2945
146657,503,934,1104,0,0,11200,0,0,0,16304753,16304753,2945
146672,503,950,1104,0,0,11200,0,0,0,16305378,16305378,2945
146687,503,982,1104,0,0,11200,0,0,0,16306265,16306265,2945
146703,504,1016,1104,0,0,11200,0,0,0,16307258,16307258,2945
146718,504,1046,1104,0,0,11200,0,0,0,16308366,16308366,2945
146734,504,1078,1104,0,0,11200,0,0,0,16309344,16309344,2945
146749,504,12,1104,0,0,11200,0,0,0,16310409,16310409,2945
146764,504,65,1104,0,0,11200,0,0,0,16311515,16311515,2945
146780,504,125,1104,0,0,11200,0,0,0,16312490,16312490,2945
146795,504,154,1104,0,0,11200,0,0,0,16313508,16313508,2945
146811,504,180,1104,0,0,11200,0,0,0,16314670,16314670,2945
146826,504,208,1104,0,0,11200,0,0,0,16315802,16315802,2945
146842,504,235,1104,0,0,11200,0,0,0,16316912,16316912,2945
146857,504,259,1104,0,0,11200,0,0,0,16317862,16317862,2945
146873,504,279,1104,0,0,11200,0,0,0,16318797,16318797,2945
146888,504,309,1104,0,0,11200,0,0,0,16319754,16319754,2945
146904,504,334,1104,0,0,11200,0,0,0,16320704,16320704,2945
146919,504,374,1104,0,0,11200,0,0,0,16321722,16321722,2945
146935,504,402,1104,0,0,11200,0,0,0,16322687,16322687,2945
146950,504,440,1104,0,0,11200,0,0,0,16323597,16323597,2945
146965,504,470,1104,0,0,11200,0,0,0,16324458,16324458,2945
146980,504,502,1104,0,0,11200,0,0,0,16325354,16325354,2945
146997,504,544,1104,0,0,11200,0,0,0,16326376,16326376,2945
147012,504,571,1104,0,0,11200,0,0,0,16327264,16327264,2945
147027,504,600,1104,0,0,11200,0,0,0,16328172,16328172,2945
147042,504,643,1104,0,0,11200,0,0,0,16329144,16329144,2945
147057,504,681,1104,0,0,11200,0,0,0,16330033,16330033,2945
147073,504,708,1104,0,0,11200,0,0,0,16330975,16330975,2945
147089,504,735,1104,0,0,11200,0,0,0,16331860,16331860,2945
147104,504,782,1104,0,0,11200,0,0,0,16332802,16332802,2945
147120,504,817,1104,0,0,11200,0,0,0,16333703,16333703,2945
147135,504,849,1104,0,0,11200,0,0,0,16334621,16334621,2945
147151,504,885,1104,0,0,11200,0,0,0,16335614,16335614,2945
147167,504,924,1104,0,0,11200,0,0,0,16336526,16336526,2945
147182,504,960,1104,0,0,11200,0,0,0,16337367,16337367,2945
147197,504,991,1104,0,0,11200,0,0,0,16338344,16338344,2945
147213,505,1025,1104,0,0,11200,0,0,0,16339204,16339204,2945
147229,505,1057,1104,0,0,11200,0,0,0,16340229,16340229,2945
147245,505,3,1104,0,0,11200,0,0,0,16341250,16341250,2945
147261,505,23,1104,0,0,11200,0,0,0,16342310,16342310,2945
147277,505,113,1104,0,0,11200,0,0,0,16343336,16343336,2945
147293,505,136,1104,0,0,11200,0,0,0,16344312,16344312,2945
147308,505,163,1104,0,0,11200,0,0,0,16345405,16345405,2945
147323,505,187,1104,0,0,11200,0,0,0,16346508,16346508,2945
147339,505,215,1104,0,0,11200,0,0,0,16347694,16347694,2945
147356,505,239,1104,0,0,11200,0,0,0,16348871,16348871,2945
147371,505,255,1104,0,0,11200,0,0,0,16349766,16349766,2945
147386,505,279,1104,0,0,11200,0,0,0,16350722,16350722,2945
147402,505,309,1104,0,0,11200,0,0,0,16351698,16351698,2945
147417,505,332,1104,0,0,11200,0,0,0,16352830,16352830,2945
147432,505,362,1104,0,0,11200,0,0,0,16353765,16353765,2945
147447,505,388,1104,0,0,11200,0,0,0,16354683,16354683,2945
147463,505,429,1104,0,0,11200,0,0,0,16355739,16355739,2945
147478,505,458,1104,0,0,11200,0,0,0,16356730,16356730,2945
147494,505,487,1104,0,0,11200,0,0,0,16357577,16357577,2945
147510,505,516,1104,0,0,11200,0,0,0,16358610,16358610,2945
147526,505,558,1104,0,0,11200,0,0,0,16359660,16359660,2945
147541,505,590,1104,0,0,11200,0,0,0,16360632,16360632,2945
147557,505,614,1104,0,0,11200,0,0,0,16361619,16361619,2945
147572,505,654,1104,0,0,11200,0,0,0,16362564,16362564,2945
147588,505,696,1104,0,0,11200,0,0,0,16363551,16363551,2945
147603,505,716,1104,0,0,11200,0,0,0,16364487,16364487,2945
147620,505,756,1104,0,0,11200,0,0,0,16365381,16365381,2945
147636,505,791,1104,0,0,11200,0,0,0,16366246,16366246,2945
147652,505,832,1104,0,0,11200,0,0,0,16367291,16367291,2945
147667,505,871,1104,0,0,11200,0,0,0,16368317,16368317,2945
147683,505,918,1104,0,0,11200,0,0,0,16369271,16369271,2945
147707,505,938,1104,0,0,11200,0,0,0,16370074,16370074,2945
147723,505,975,1104,0,0,11200,0,0,0,16371099,16371099,2945
147739,505,1013,1104,0,0,11200,0,0,0,16371896,16371896,2945
147754,506,1038,1104,0,0,11200,0,0,0,16372771,16372771,2945
147770,506,1077,1104,0,0,11200,0,0,0,16373833,16373833,2945
147785,506,13,1104,0,0,11200,0,0,0,16374934,16374934,2945
147800,506,63,1104,0,0,11200,0,0,0,16375996,16375996,2945
147815,506,118,1104,0,0,11200,0,0,0,16377082,16377082,2945
147831,506,136,1104,0,0,11200,0,0,0,16378085,16378085,2945
147847,506,168,1104,0,0,11200,0,0,0,16379232,16379232,2945
147862,506,193,1104,0,0,11200,0,0,0,16380382,16380382,2945
147878,506,224,1104,0,0,11200,0,0,0,16381604,16381604,2945
147894,506,246,1104,0,0,11200,0,0,0,16382659,16382659,2945
147910,506,275,1104,0,0,11200,0,0,0,16383637,16383637,2945
147926,506,295,1104,0,0,11200,0,0,0,16384621,16384621,2945
147941,506,324,1104,0,0,11200,0,0,0,16385680,16385680,2945
147957,506,362,1104,0,0,11200,0,0,0,16386586,16386586,2945
147972,506,388,1104,0,0,11200,0,0,0,16387525,16387525,2945
147987,506,424,1104,0,0,11200,0,0,0,16388563,16388563,2945
148003,506,458,1104,0,0,11200,0,0,0,16389481,16389481,2945
148019,506,481,1104,0,0,11200,0,0,0,16390364,16390364,2945
148034,506,514,1104,0,0,11200,0,0,0,16391418,16391418,2945
148050,506,553,1104,0,0,11200,0,0,0,16392461,16392461,2945
148067,506,590,1104,0,0,11200,0,0,0,16393457,16393457,2945
148082,506,622,1104,0,0,11200,0,0,0,16394437,16394437,2945
148099,506,666,1104,0,0,11200,0,0,0,16395424,16395424,2945
148114,506,696,1104,0,0,11200,0,0,0,16396297,16396297,2945
148129,506,728,1104,0,0,11200,0,0,0,16397220,16397220,2945
148145,506,749,1104,0,0,11200,0,0,0,16397976,16397976,2945
148160,506,785,1104,0,0,11200,0,0,0,16398782,16398782,2945
148176,506,819,1104,0,0,11200,0,0,0,16399560,16399560,2945
148191,506,854,1104,0,0,11200,0,0,0,16400521,16400521,2945
148206,506,896,1104,0,0,11200,0,0,0,16401426,16401426,2945
148234,506,938,1104,0,0,11200,0,0,0,16402315,16402315,2945
148249,506,959,1104,0,0,11200,0,0,0,16403333,16403333,2945
148267,506,992,1104,0,0,11200,0,0,0,16404227,16404227,2945
148283,507,1031,1104,0,0,11200,0,0,0,16405296,16405296,2945
148298,507,1061,1104,0,0,11200,0,0,0,16406219,16406219,2945
148314,507,1103,1105,1,0,11200,0,0,0,16407170,16407170,2945
148329,507,21,1105,1,0,11200,0,0,0,16408166,16408166,2945
148345,507,113,1105,1,0,11200,0,0,0,16409231,16409231,2945
148361,507,135,1105,1,0,11200,0,0,0,16410344,16410344,2945
148376,507,162,1105,1,0,11200,0,0,0,16411451,16411451,2945
148392,507,184,1105,1,0,11200,0,0,0,16412354,16412354,2945
148408,507,210,1105,1,0,11200,0,0,0,16413432,16413432,2945
148424,507,236,1105,1,0,11200,0,0,0,16414572,16414572,2945
148440,507,254,1105,1,0,11200,0,0,0,16415523,16415523,2945
148455,507,275,1105,1,0,11200,0,0,0,16416504,16416504,2945
148471,507,301,1105,1,0,11200,0,0,0,16417472,16417472,2945
148487,507,333,1105,1,0,11200,0,0,0,16418558,16418558,2945
148503,507,368,1105,1,0,11200,0,0,0,16419467,16419467,2945
148518,507,391,1105,1,0,11200,0,0,0,16420384,16420384,2945
148533,507,434,1105,1,0,11200,0,0,0,16421374,16421374,2945
148549,507,462,1105,1,0,11200,0,0,0,16422251,16422251,2945
148564,507,487,1105,1,0,11200,0,0,0,16423165,16423165,2945
148580,507,516,1105,1,0,11200,0,0,0,16424144,16424144,2945
148595,507,557,1105,1,0,11200,0,0,0,16425098,16425098,2945
148610,507,592,1105,1,0,11200,0,0,0,16426045,16426045,2945
148626,507,632,1105,1,0,11200,0,0,0,16427006,16427006,2945
148642,507,679,1105,1,0,11200,0,0,0,16428002,16428002,2945
148658,507,704,1105,1,0,11200,0,0,0,16428953,16428953,2945
148673,507,725,1105,1,0,11200,0,0,0,16429858,16429858,2945
148688,507,752,1105,1,0,11200,0,0,0,16430630,16430630,2945
148704,507,769,1105,1,0,11200,0,0,0,16431346,16431346,2945
148720,507,809,1105,1,0,11200,0,0,0,16432172,16432172,2945
148735,507,842,1105,1,0,11200,0,0,0,16433040,16433040,2945
148750,507,880,1105,1,0,11200,0,0,0,16434000,16434000,2945
148766,507,922,1105,1,0,11200,0,0,0,16434897,16434897,2945
148782,507,959,1105,1,0,11200,0,0,0,16435861,16435861,2945
148797,507,986,1105,1,0,11200,0,0,0,16436840,16436840,2945
148813,507,1001,1105,1,0,11200,0,0,0,16437320,16437320,2945
148829,508,1032,1105,1,0,11200,0,0,0,16438455,16438455,2945
148845,508,1068,1105,1,0,11200,0,0,0,16439503,16439503,2945
148861,508,1,1105,1,0,11200,0,0,0,16440517,16440517,2945
148876,508,23,1105,1,0,11200,0,0,0,16441599,16441599,2945
148892,508,107,1105,1,0,11200,0,0,0,16442784,16442784,2945
148907,508,129,1105,1,0,11200,0,0,0,16443756,16443756,2945
148923,508,161,1105,1,0,11200,0,0,0,16444789,16444789,2945
148939,508,189,1105,1,0,11200,0,0,0,16445950,16445950,2945
148955,508,219,1105,1,0,11200,0,0,0,16447062,16447062,2945
148970,508,242,1105,1,0,11200,0,0,0,16448094,16448094,2945
148986,508,261,1105,1,0,11200,0,0,0,16449102,16449102,2945
149002,508,283,1105,1,0,11200,0,0,0,16450138,16450138,2945
149018,508,309,1105,1,0,11200,0,0,0,16451132,16451132,2945
149034,508,342,1105,1,0,11200,0,0,0,16452181,16452181,2945
149049,508,375,1105,1,0,11200,0,0,0,16453160,16453160,2945
149064,508,413,1105,1,0,11200,0,0,0,16454178,16454178,2945
149080,508,440,1105,1,0,11200,0,0,0,16455116,16455116,2945
149096,508,473,1105,1,0,11200,0,0,0,16456101,16456101,2945
149112,508,501,1105,1,0,11200,0,0,0,16457066,16457066,2945
149128,508,540,1105,1,0,11200,0,0,0,16458087,16458087,2945
149143,508,577,1105,1,0,11200,0,0,0,16459048,16459048,2945
149158,508,613,1105,1,0,11200,0,0,0,16459975,16459975,2945
149175,508,645,1105,1,0,11200,0,0,0,16461047,16461047,2945
149191,508,681,1105,1,0,11200,0,0,0,16462034,16462034,2945
149206,508,704,1105,1,0,11200,0,0,0,16463001,16463001,2945
149222,508,722,1105,1,0,11200,0,0,0,16463940,16463940,2945
149239,508,756,1105,1,0,11200,0,0,0,16464757,16464757,2945
149256,508,785,1105,1,0,11200,0,0,0,16465568,16465568,2945
149271,508,813,1105,1,0,11200,0,0,0,16466351,16466351,2945
149286,508,842,1105,1,0,11200,0,0,0,16467227,16467227,2945
149301,508,868,1105,1,0,11200,0,0,0,16468215,16468215,2945
149317,508,913,1105,1,0,11200,0,0,0,16469076,16469076,2945
149343,508,938,1105,1,0,11200,0,0,0,16469811,16469811,2945
149359,508,975,1105,1,0,11200,0,0,0,16470932,16470932,2945
149375,508,995,1105,1,0,11200,0,0,0,16471588,16471588,2945
149390,509,1038,1105,1,0,11200,0,0,0,16472562,16472562,2945
149405,509,1078,1105,1,0,11200,0,0,0,16473616,16473616,2945
149421,509,9,1105,1,0,11200,0,0,0,16474683,16474683,2945
149436,509,51,1105,1,0,11200,0,0,0,16475751,16475751,2945
149452,509,124,1105,1,0,11200,0,0,0,16476924,16476924,2945
149468,509,141,1105,1,0,11200,0,0,0,16477941,16477941,2945
149483,509,168,1105,1,0,11200,0,0,0,16478933,16478933,2945
149499,509,191,1105,1,0,11200,0,0,0,16480126,16480126,2945
149515,509,219,1105,1,0,11200,0,0,0,16481165,16481165,2945
149530,509,239,1105,1,0,11200,0,0,0,16482259,16482259,2945
149546,509,261,1105,1,0,11200,0,0,0,16483307,16483307,2945
149562,509,278,1105,1,0,11200,0,0,0,16484263,16484263,2945
149578,509,306,1105,1,0,11200,0,0,0,16485260,16485260,2945
149593,509,332,1105,1,0,11200,0,0,0,16486229,16486229,2945
149608,509,358,1105,1,0,11200,0,0,0,16487228,16487228,2945
149624,509,387,1105,1,0,11200,0,0,0,16488186,16488186,2945
149640,509,426,1105,1,0,11200,0,0,0,16489192,16489192,2945
149655,509,457,1105,1,0,11200,0,0,0,16490140,16490140,2945
149670,509,482,1105,1,0,11200,0,0,0,16491085,16491085,2945
149686,509,523,1106,2,0,11200,0,0,0,16492120,16492120,2945
149701,509,556,1106,2,0,11200,0,0,0,16493122,16493122,2945
149717,509,595,1106,2,0,11200,0,0,0,16494081,16494081,2945
149732,509,626,1106,2,0,11200,0,0,0,16495109,16495109,2945
149747,509,655,1106,2,0,11200,0,0,0,16496033,16496033,2945
149764,509,688,1106,2,0,11200,0,0,0,16497000,16497000,2945
149780,509,713,1106,2,0,11200,0,0,0,16497970,16497970,2945
149796,509,732,1106,2,0,11200,0,0,0,16498907,16498907,2945
149811,509,754,1106,2,0,11200,0,0,0,16499586,16499586,2945
149828,509,786,1106,2,0,11200,0,0,0,16500420,16500420,2945
149844,509,832,1106,2,0,11200,0,0,0,16501432,16501432,2945
149860,509,861,1106,2,0,11200,0,0,0,16502450,16502450,2945
149875,509,899,1106,2,0,11200,0,0,0,16503286,16503286,2945
149898,509,938,1106,2,0,11200,0,0,0,16504016,16504016,2945
149913,509,960,1106,2,0,11200,0,0,0,16504969,16504969,2945
149929,509,991,1106,2,0,11200,0,0,0,16505941,16505941,2945
149945,510,1031,1106,2,0,11200,0,0,0,16507031,16507031,2945
149960,510,1057,1106,2,0,11200,0,0,0,16508008,16508008,2945
149976,510,1099,1106,2,0,11200,0,0,0,16509024,16509024,2945
149992,510,18,1106,2,0,11200,0,0,0,16510102,16510102,2945
150007,510,100,1106,2,0,11200,0,0,0,16511385,16511385,2945
150023,510,131,1106,2,0,11200,0,0,0,16512403,16512403,2945
150038,510,153,1106,2,0,11200,0,0,0,16513382,16513382,2945
150054,510,180,1106,2,0,11200,0,0,0,16514403,16514403,2945
150071,510,215,1106,2,0,11200,0,0,0,16515566,16515566,2945
150086,510,233,1106,2,0,11200,0,0,0,16516591,16516591,2945
150102,510,256,1106,2,0,11200,0,0,0,16517603,16517603,2945
150118,510,275,1106,2,0,11200,0,0,0,16518664,16518664,2945
150133,510,294,1107,3,0,11200,0,0,0,16519694,16519694,2945
150148,510,322,1107,3,0,11200,0,0,0,16520752,16520752,2945
150165,510,364,1107,3,0,11200,0,0,0,16521837,16521837,2945
150182,510,402,1107,3,0,11200,0,0,0,16522945,16522945,2945
150197,510,447,1107,3,0,11200,0,0,0,16524010,16524010,2945
150212,510,470,1107,3,0,11200,0,0,0,16524870,16524870,2945
150227,510,502,1107,3,0,11200,0,0,0,16525843,16525843,2945
150243,510,533,1107,3,0,11200,0,0,0,16526784,16526784,2945
150258,510,560,1107,3,0,11200,0,0,0,16527757,16527757,2945
150274,510,598,1107,3,0,11200,0,0,0,16528733,16528733,2945
150290,510,627,1107,3,0,11200,0,0,0,16529805,16529805,2945
150305,510,665,1107,3,0,11200,0,0,0,16530698,16530698,2945
150321,510,696,1107,3,0,11200,0,0,0,16531716,16531716,2945
150337,510,719,1107,3,0,11200,0,0,0,16532628,16532628,2945
150352,510,744,1107,3,0,11200,0,0,0,16533489,16533489,2945
150368,510,771,1107,3,0,11200,0,0,0,16534279,16534279,2945
150384,510,816,1107,3,0,11200,0,0,0,16535177,16535177,2945
150399,510,841,1107,3,0,11200,0,0,0,16535984,16535984,2945
150415,510,894,1107,3,0,11200,0,0,0,16536893,16536893,2945
150430,510,937,1107,3,0,11200,0,0,0,16537841,16537841,2945
150446,510,949,1107,3,0,11200,0,0,0,16538470,16538470,2945
150462,510,982,1107,3,0,11200,0,0,0,16539469,16539469,2945
150479,510,992,1107,3,0,11200,0,0,0,16539872,16539872,2945
150494,511,1039,1107,3,0,11200,0,0,0,16540855,16540855,2945
150509,511,1072,1107,3,0,11200,0,0,0,16541795,16541795,2945
150525,511,3,1107,3,0,11200,0,0,0,16542757,16542757,2945
150541,511,22,1107,3,0,11200,0,0,0,16543893,16543893,2945
150556,511,108,1107,3,0,11200,0,0,0,16545060,16545060,2945
150572,511,133,1107,3,0,11200,0,0,0,16546068,16546068,2945
150589,511,163,1107,3,0,11200,0,0,0,16547082,16547082,2945
150604,511,186,1107,3,0,11200,0,0,0,16548133,16548133,2945
150619,511,212,1107,3,0,11200,0,0,0,16549288,16549288,2945
150635,511,236,1107,3,0,11200,0,0,0,16550398,16550398,2945
150650,511,253,1107,3,0,11200,0,0,0,16551295,16551295,2945
150666,511,278,1107,3,0,11200,0,0,0,16552293,16552293,2945
150681,511,306,1107,3,0,11200,0,0,0,16553241,16553241,2945
150697,511,335,1107,3,0,11200,0,0,0,16554348,16554348,2945
150713,511,381,1107,3,0,11200,0,0,0,16555346,16555346,2945
150728,511,417,1107,3,0,11200,0,0,0,16556351,16556351,2945
150743,511,439,1107,3,0,11200,0,0,0,16557252,16557252,2945
150759,511,472,1107,3,0,11200,0,0,0,16558199,16558199,2945
150774,511,510,1107,3,0,11200,0,0,0,16559163,16559163,2945
150790,511,548,1107,3,0,11200,0,0,0,16560136,16560136,2945
150805,511,579,1107,3,0,11200,0,0,0,16561048,16561048,2945
150821,511,622,1107,3,0,11200,0,0,0,16562052,16562052,2945
150838,511,660,1107,3,0,11200,0,0,0,16563053,16563053,2945
150853,511,688,1107,3,0,11200,0,0,0,16563949,16563949,2945
150868,511,715,1107,3,0,11200,0,0,0,16564884,16564884,2945
150884,511,744,1107,3,0,11200,0,0,0,16565737,16565737,2945
150900,511,792,1107,3,0,11200,0,0,0,16566684,16566684,2945
150915,511,821,1107,3,0,11200,0,0,0,16567571,16567571,2945
150931,511,856,1107,3,0,11200,0,0,0,16568599,16568599,2945
150946,511,890,1107,3,0,11200,0,0,0,16569553,16569553,2945
150962,511,934,1107,3,0,11200,0,0,0,16570581,16570581,2945
150977,511,948,1107,3,0,11200,0,0,0,16570937,16570937,2945
150992,511,974,1107,3,0,11200,0,0,0,16571946,16571946,2945
151008,511,995,1107,3,0,11200,0,0,0,16572620,16572620,2945
151023,512,1031,1107,3,0,11200,0,0,0,16573520,16573520,2945
151038,512,1060,1107,3,0,11200,0,0,0,16574559,16574559,2945
151054,512,1100,1107,3,0,11200,0,0,0,16575610,16575610,2945
151069,512,21,1107,3,0,11200,0,0,0,16576641,16576641,2945
151086,512,105,1107,3,0,11200,0,0,0,16577806,16577806,2945
151101,512,126,1107,3,0,11200,0,0,0,16578751,16578751,2945
151117,512,151,1107,3,0,11200,0,0,0,16579840,16579840,2945
151133,512,177,1107,3,0,11200,0,0,0,16580855,16580855,2945
151150,512,206,1107,3,0,11200,0,0,0,16582087,16582087,2945
151167,512,239,1107,3,0,11200,0,0,0,16583278,16583278,2945
151182,512,258,1107,3,0,11200,0,0,0,16584215,16584215,2945
151197,512,282,1107,3,0,11200,0,0,0,16585203,16585203,2945
151213,512,311,1107,3,0,11200,0,0,0,16586286,16586286,2945
151230,512,358,1107,3,0,11200,0,0,0,16587404,16587404,2945
151245,512,397,1107,3,0,11200,0,0,0,16588386,16588386,2945
151261,512,435,1107,3,0,11200,0,0,0,16589378,16589378,2945
151276,512,464,1107,3,0,11200,0,0,0,16590270,16590270,2945
151291,512,489,1107,3,0,11200,0,0,0,16591198,16591198,2945
151306,512,518,1107,3,0,11200,0,0,0,16592202,16592202,2945
151322,512,551,1107,3,0,11200,0,0,0,16593123,16593123,2945
151338,512,579,1107,3,0,11200,0,0,0,16594131,16594131,2945
151354,512,615,1107,3,0,11200,0,0,0,16595135,16595135,2945
151369,512,643,1107,3,0,11200,0,0,0,16596076,16596076,2945
151384,512,673,1107,3,0,11200,0,0,0,16596924,16596924,2945
151399,512,704,1107,3,0,11200,0,0,0,16597797,16597797,2945
151416,512,733,1107,3,0,11200,0,0,0,16598687,16598687,2945
151432,512,768,1107,3,0,11200,0,0,0,16599574,16599574,2945
151448,512,809,1107,3,0,11200,0,0,0,16600463,16600463,2945
151464,512,838,1107,3,0,11200,0,0,0,16601309,16601309,2945
151479,512,871,1107,3,0,11200,0,0,0,16602325,16602325,2945
151495,512,920,1107,3,0,11200,0,0,0,16603338,16603338,2945
151510,512,948,1107,3,0,11200,0,0,0,16604104,16604104,2945
151525,512,978,1107,3,0,11200,0,0,0,16605088,16605088,2945
151541,512,995,1107,3,0,11200,0,0,0,16605578,16605578,2945
151556,513,1028,1107,3,0,11200,0,0,0,16606628,16606628,2945
151571,513,1063,1107,3,0,11200,0,0,0,16607660,16607660,2945
151587,513,1100,1107,3,0,11200,0,0,0,16608682,16608682,2945
151602,513,16,1107,3,0,11200,0,0,0,16609722,16609722,2945
151619,513,104,1107,3,0,11200,0,0,0,16610885,16610885,2945
151635,513,131,1107,3,0,11200,0,0,0,16612038,16612038,2945
151650,513,162,1107,3,0,11200,0,0,0,16613082,16613082,2945
151666,513,181,1107,3,0,11200,0,0,0,16614223,16614223,2945
151681,513,210,1107,3,0,11200,0,0,0,16615301,16615301,2945
151696,513,235,1107,3,0,11200,0,0,0,16616416,16616416,2945
151712,513,258,1107,3,0,11200,0,0,0,16617401,16617401,2945
151728,513,279,1107,3,0,11200,0,0,0,16618474,16618474,2945
151743,513,313,1107,3,0,11200,0,0,0,16619484,16619484,2945
151759,513,344,1107,3,0,11200,0,0,0,16620555,16620555,2945
151775,513,385,1107,3,0,11200,0,0,0,16621495,16621495,2945
151791,513,431,1107,3,0,11200,0,0,0,16622514,16622514,2945
151806,513,463,1107,3,0,11200,0,0,0,16623466,16623466,2945
151822,513,482,1107,3,0,11200,0,0,0,16624381,16624381,2945
151838,513,522,1107,3,0,11200,0,0,0,16625402,16625402,2945
151853,513,553,1107,3,0,11200,0,0,0,16626377,16626377,2945
151868,513,583,1107,3,0,11200,0,0,0,16627301,16627301,2945
151884,513,612,1107,3,0,11200,0,0,0,16628234,16628234,2945
151900,513,644,1107,3,0,11200,0,0,0,16629181,16629181,2945
151916,513,683,1107,3,0,11200,0,0,0,16630107,16630107,2945
151931,513,713,1107,3,0,11200,0,0,0,16631040,16631040,2945
151947,513,733,1107,3,0,11200,0,0,0,16631875,16631875,2945
151962,513,766,1107,3,0,11200,0,0,0,16632713,16632713,2945
151979,513,805,1107,3,0,11200,0,0,0,16633597,16633597,2945
151994,513,832,1107,3,0,11200,0,0,0,16634552,16634552,2945
152009,513,854,1107,3,0,11200,0,0,0,16635463,16635463,2945
152025,513,885,1107,3,0,11200,0,0,0,16636456,16636456,2945
152041,513,934,1107,3,0,11200,0,0,0,16637553,16637553,2945
152057,513,950,1107,3,0,11200,0,0,0,16638211,16638211,2945
152072,513,985,1107,3,0,11200,0,0,0,16639254,16639254,2945
152089,514,1025,1107,3,0,11200,0,0,0,16640373,16640373,2945
152105,514,1064,1107,3,0,11200,0,0,0,16641390,16641390,2945
152120,514,1105,1107,2,0,11200,0,0,0,16642434,16642434,2945
152136,514,22,1107,2,0,11200,0,0,0,16643471,16643471,2945
152151,514,96,1107,2,0,11200,0,0,0,16644678,16644678,2945
152168,514,134,1107,2,0,11200,0,0,0,16645734,16645734,2945
152183,514,161,1107,2,0,11200,0,0,0,16646823,16646823,2945
152199,514,184,1107,2,0,11200,0,0,0,16647874,16647874,2945
152214,514,219,1107,2,0,11200,0,0,0,16649007,16649007,2945
152229,514,241,1107,2,0,11200,0,0,0,16650086,16650086,2945
152244,514,266,1107,2,0,11200,0,0,0,16651025,16651025,2945
152260,514,294,1107,2,0,11200,0,0,0,16651932,16651932,2945
152276,514,323,1107,2,0,11200,0,0,0,16653063,16653063,2945
152291,514,350,1107,2,0,11200,0,0,0,16653999,16653999,2945
152306,514,380,1107,2,0,11200,0,0,0,16654890,16654890,2945
152322,514,414,1107,2,0,11200,0,0,0,16655848,16655848,2945
152337,514,437,1107,2,0,11200,0,0,0,16656727,16656727,2945
152352,514,464,1107,2,0,11200,0,0,0,16657620,16657620,2945
152368,514,489,1107,2,0,11200,0,0,0,16658571,16658571,2945
152383,514,520,1107,2,0,11200,0,0,0,16659582,16659582,2945
152398,514,552,1107,2,0,11200,0,0,0,16660503,16660503,2945
152413,514,583,1107,2,0,11200,0,0,0,16661466,16661466,2945
152428,514,613,1107,2,0,11200,0,0,0,16662489,16662489,2945
152443,514,655,1107,2,0,11200,0,0,0,16663417,16663417,2945
152459,514,686,1107,2,0,11200,0,0,0,16664398,16664398,2945
152476,514,712,1107,2,0,11200,0,0,0,16665307,16665307,2945
152491,514,735,1107,2,0,11200,0,0,0,16666179,16666179,2945
152506,514,768,1107,2,0,11200,0,0,0,16667092,16667092,2945
152521,514,807,1107,2,0,11200,0,0,0,16667995,16667995,2945
152536,514,829,1107,2,0,11200,0,0,0,16668864,16668864,2945
152552,514,862,1107,2,0,11200,0,0,0,16669886,16669886,2945
152568,514,918,1107,2,0,11200,0,0,0,16670963,16670963,2945
152584,514,942,1107,2,0,11200,0,0,0,16671681,16671681,2945
152600,514,966,1107,2,0,11200,0,0,0,16672686,16672686,2945
152615,515,1025,1107,2,0,11200,0,0,0,16673701,16673701,2945
152632,515,1057,1107,2,0,11200,0,0,0,16674756,16674756,2945
152647,515,1089,1107,2,0,11200,0,0,0,16675787,16675787,2945
152662,515,10,1107,2,0,11200,0,0,0,16676720,16676720,2945
152678,515,63,1107,2,0,11200,0,0,0,16677837,16677837,2945
152693,515,120,1107,2,0,11200,0,0,0,16678869,16678869,2945
152708,515,142,1107,2,0,11200,0,0,0,16679864,16679864,2945
152724,515,171,1107,2,0,11200,0,0,0,16681088,16681088,2945
152740,515,195,1107,2,0,11200,0,0,0,16682225,16682225,2945
152757,515,225,1107,2,0,11200,0,0,0,16683502,16683502,2945
152772,515,247,1107,2,0,11200,0,0,0,16684480,16684480,2945
152787,515,268,1107,2,0,11200,0,0,0,16685529,16685529,2945
152804,515,290,1107,2,0,11200,0,0,0,16686519,16686519,2945
152820,515,310,1107,2,0,11200,0,0,0,16687493,16687493,2945
152835,515,342,1107,2,0,11200,0,0,0,16688592,16688592,2945
152851,515,374,1107,2,0,11200,0,0,0,16689613,16689613,2945
152867,515,399,1107,2,0,11200,0,0,0,16690561,16690561,2945
152882,515,435,1107,2,0,11200,0,0,0,16691649,16691649,2945
152899,515,462,1107,2,0,11200,0,0,0,16692666,16692666,2945
152914,515,487,1107,2,0,11200,0,0,0,16693554,16693554,2945
152930,515,520,1107,2,0,11200,0,0,0,16694515,16694515,2945
152945,515,553,1107,2,0,11200,0,0,0,16695442,16695442,2945
152960,515,588,1107,2,0,11200,0,0,0,16696349,16696349,2945
152975,515,622,1107,2,0,11200,0,0,0,16697369,16697369,2945
152991,515,660,1107,2,0,11200,0,0,0,16698298,16698298,2945
153006,515,690,1107,2,0,11200,0,0,0,16699385,16699385,2945
153023,515,718,1107,2,0,11200,0,0,0,16700348,16700348,2945
153038,515,736,1107,2,0,11200,0,0,0,16701221,16701221,2945
153054,515,769,1107,2,0,11200,0,0,0,16702049,16702049,2945
153069,515,809,1107,2,0,11200,0,0,0,16702912,16702912,2945
153085,515,842,1107,2,0,11200,0,0,0,16703796,16703796,2945
153100,515,888,1107,2,0,11200,0,0,0,16704777,16704777,2945
153129,515,938,1107,2,0,11200,0,0,0,16705849,16705849,2945
153145,515,963,1107,2,0,11200,0,0,0,16706963,16706963,2945
153161,515,988,1108,3,0,11200,0,0,0,16707986,16707986,2945
153177,516,1021,1108,3,0,11200,0,0,0,16708829,16708829,2945
153192,516,1053,1108,3,0,11200,0,0,0,16709796,16709796,2945
153208,516,1082,1108,3,0,11200,0,0,0,16710742,16710742,2945
153223,516,11,1108,3,0,11200,0,0,0,16711756,16711756,2945
153238,516,43,1108,3,0,11200,0,0,0,16712869,16712869,2945
153254,516,115,1108,3,0,11200,0,0,0,16714031,16714031,2945
153269,516,136,1108,3,0,11200,0,0,0,16715080,16715080,2945
153284,516,162,1108,3,0,11200,0,0,0,16716075,16716075,2945
153300,516,187,1108,3,0,11200,0,0,0,16717163,16717163,2945
153315,516,211,1108,3,0,11200,0,0,0,16718220,16718220,2945
153330,516,235,1108,3,0,11200,0,0,0,16719254,16719254,2945
153346,516,254,1108,3,0,11200,0,0,0,16720228,16720228,2945
153362,516,282,1108,3,0,11200,0,0,0,16721195,16721195,2945
153377,516,307,1108,3,0,11200,0,0,0,16722139,16722139,2945
153393,516,320,1108,3,0,11200,0,0,0,16723094,16723094,2945
153408,516,362,1108,3,0,11200,0,0,0,16724208,16724208,2945
153423,516,385,1108,3,0,11200,0,0,0,16725092,16725092,2945
153439,516,414,1108,3,0,11200,0,0,0,16726127,16726127,2945
153454,516,447,1108,3,0,11200,0,0,0,16727061,16727061,2945
153470,516,473,1108,3,0,11200,0,0,0,16727992,16727992,2945
153486,516,507,1108,3,0,11200,0,0,0,16728923,16728923,2945
153501,516,537,1108,3,0,11200,0,0,0,16729826,16729826,2945
153516,516,560,1108,3,0,11200,0,0,0,16730778,16730778,2945
153532,516,592,1108,3,0,11200,0,0,0,16731694,16731694,2945
153548,516,628,1108,3,0,11200,0,0,0,16732736,16732736,2945
153563,516,673,1108,3,0,11200,0,0,0,16733690,16733690,2945
153579,516,704,1108,3,0,11200,0,0,0,16734705,16734705,2945
153594,516,729,1108,3,0,11200,0,0,0,16735613,16735613,2945
153609,516,757,1108,3,0,11200,0,0,0,16736355,16736355,2945
153624,516,797,1108,3,0,11200,0,0,0,16737233,16737233,2945
153640,516,824,1108,3,0,11200,0,0,0,16738177,16738177,2945
153656,516,858,1108,3,0,11200,0,0,0,16739210,16739210,2945
153672,516,888,1108,3,0,11200,0,0,0,16739808,16739808,2945
153688,516,930,1108,3,0,11200,0,0,0,16740772,16740772,2945
153703,516,949,1108,3,0,11200,0,0,0,16741434,16741434,2945
153718,516,978,1108,3,0,11200,0,0,0,16742460,16742460,2945
153734,516,1010,1108,3,0,11200,0,0,0,16743169,16743169,2945
153749,517,1042,1108,3,0,11200,0,0,0,16744147,16744147,2945
153765,517,1068,1108,3,0,11200,0,0,0,16745107,16745107,2945
153781,517,1,1108,2,0,11200,0,0,0,16746079,16746079,2945
153796,517,21,1108,2,0,11200,0,0,0,16747213,16747213,2945
153812,517,105,1108,2,0,11200,0,0,0,16748412,16748412,2945
153827,517,134,1108,2,0,11200,0,0,0,16749498,16749498,2945
153842,517,193,1108,2,0,11200,0,0,0,16751648,16751648,2945
153858,517,250,1108,2,0,11200,0,0,0,16753931,16753931,2945
153873,517,295,1108,2,0,11200,0,0,0,16755920,16755920,2945
153888,517,350,1108,2,0,11200,0,0,0,16757727,16757727,2945
153903,517,420,1108,2,0,11200,0,0,0,16759748,16759748,2945
153918,517,477,1108,2,0,11200,0,0,0,16761477,16761477,2945
153933,517,538,1108,2,0,11200,0,0,0,16763203,16763203,2945
153949,517,610,1108,2,0,11200,0,0,0,16765196,16765196,2945
153964,517,673,1108,2,0,11200,0,0,0,16766841,16766841,2945
153979,517,722,1108,2,0,11200,0,0,0,16768778,16768778,2945
153995,517,768,1108,2,0,11200,0,0,0,16770293,16770293,2945
154012,517,829,1108,2,0,11200,0,0,0,16771952,16771952,2945
154028,517,880,1108,2,0,11200,0,0,0,16773641,16773641,2945
154049,517,938,1108,2,0,11200,0,0,0,16775111,16775111,2945
154065,517,992,1108,2,0,11200,0,0,0,16776925,16776925,2945
154080,518,1061,1108,2,0,11200,0,0,0,16778748,16778748,2945
154096,518,15,1108,1,0,11200,0,0,0,16780613,16780613,2945
154112,518,122,1108,1,0,11200,0,0,0,16782794,16782794,2945
154127,518,176,1108,1,0,11200,0,0,0,16784865,16784865,2945
154142,518,233,1108,1,0,11200,0,0,0,16787108,16787108,2945
154158,518,273,1108,1,0,11200,0,0,0,16789190,16789190,2945
154173,518,320,1108,1,0,11200,0,0,0,16791140,16791140,2945
154188,518,386,1108,1,0,11200,0,0,0,16793116,16793116,2945
154203,518,464,1108,1,0,11200,0,0,0,16795056,16795056,2945
154219,518,538,1108,1,0,11200,0,0,0,16797137,16797137,2945
154234,518,610,1108,1,0,11200,0,0,0,16799147,16799147,2945
154249,518,679,1108,1,0,11200,0,0,0,16800746,16800746,2945
154265,518,726,1108,1,0,11200,0,0,0,16802780,16802780,2945
154280,518,790,1108,1,0,11200,0,0,0,16804201,16804201,2945
154295,518,854,1108,1,0,11200,0,0,0,16806101,16806101,2945
154325,518,938,1108,1,0,11200,0,0,0,16808164,16808164,2945
154344,518,992,1108,1,0,11200,0,0,0,16809782,16809782,2945
154360,519,1047,1108,1,0,11200,0,0,0,16811508,16811508,2945
154375,519,1103,1108,1,0,11200,0,0,0,16813039,16813039,2945
154390,519,105,1108,1,0,11200,0,0,0,16815370,16815370,2945
154405,519,172,1108,1,0,11200,0,0,0,16817754,16817754,2945
154421,519,235,1108,1,0,11200,0,0,0,16820145,16820145,2945
154436,519,282,1108,1,0,11200,0,0,0,16822216,16822216,2945
154452,519,341,1108,1,0,11200,0,0,0,16824330,16824330,2945
154467,519,414,1108,1,0,11200,0,0,0,16826402,16826402,2945
154483,519,472,1108,1,0,11200,0,0,0,16828266,16828266,2945
154500,519,537,1108,1,0,11200,0,0,0,16830214,16830214,2945
154515,519,599,1108,1,0,11200,0,0,0,16832190,16832190,2945
154531,519,661,1108,1,0,11200,0,0,0,16833795,16833795,2945
154546,519,715,1108,1,0,11200,0,0,0,16835729,16835729,2945
154562,519,767,1108,1,0,11200,0,0,0,16837380,16837380,2945
154577,519,824,1108,1,0,11200,0,0,0,16838839,16838839,2945
154593,519,880,1108,1,0,11200,0,0,0,16840566,16840566,2945
154612,519,938,1108,1,0,11200,0,0,0,16842060,16842060,2945
154632,519,992,1108,1,0,11200,0,0,0,16843891,16843891,2945
154648,520,1057,1108,1,0,11200,0,0,0,16845688,16845688,2945
154663,520,18,1108,1,0,11200,0,0,0,16847845,16847845,2945
154678,520,122,1108,1,0,11200,0,0,0,16849958,16849958,2945
154694,520,179,1108,1,0,11200,0,0,0,16852316,16852316,2945
154709,520,233,1108,1,0,11200,0,0,0,16854655,16854655,2945
154724,520,280,1108,1,0,11200,0,0,0,16856665,16856665,2945
154739,520,331,1108,1,0,11200,0,0,0,16858496,16858496,2945
154755,520,399,1108,1,0,11200,0,0,0,16860500,16860500,2945
154770,520,464,1108,1,0,11200,0,0,0,16862569,16862569,2945
154786,520,523,1108,1,0,11200,0,0,0,16864400,16864400,2945
154801,520,589,1108,1,0,11200,0,0,0,16866017,16866017,2945
154817,520,649,1108,1,0,11200,0,0,0,16868144,16868144,2945
154832,520,690,1108,1,0,11200,0,0,0,16869472,16869472,2945
154848,520,737,1108,1,0,11200,0,0,0,16871256,16871256,2945
154863,520,809,1108,1,0,11200,0,0,0,16872642,16872642,2945
154878,520,864,1108,1,0,11200,0,0,0,16874374,16874374,2945
154906,520,938,1108,1,0,11200,0,0,0,16875883,16875883,2945
154921,520,993,1108,1,0,11200,0,0,0,16877584,16877584,2945
154936,521,1061,1108,1,0,11200,0,0,0,16879420,16879420,2945
154951,521,21,1108,1,0,11200,0,0,0,16881553,16881553,2945
154967,521,126,1108,1,0,11200,0,0,0,16883956,16883956,2945
154983,521,182,1108,1,0,11200,0,0,0,16886221,16886221,2945
154998,521,236,1108,1,0,11200,0,0,0,16888515,16888515,2945
155013,521,279,1108,1,0,11200,0,0,0,16890629,16890629,2945
155028,521,325,1108,1,0,11200,0,0,0,16892473,16892473,2945
155043,521,402,1108,1,0,11200,0,0,0,16894558,16894558,2945
155058,521,475,1108,1,0,11200,0,0,0,16896513,16896513,2945
155073,521,522,1108,1,0,11200,0,0,0,16898221,16898221,2945
155089,521,589,1108,1,0,11200,0,0,0,16900165,16900165,2945
155104,521,649,1108,1,0,11200,0,0,0,16901969,16901969,2945
155119,521,704,1108,1,0,11200,0,0,0,16903627,16903627,2945
155135,521,748,1108,1,0,11200,0,0,0,16905224,16905224,2945
155150,521,797,1108,1,0,11200,0,0,0,16906635,16906635,2945
155166,521,858,1108,1,0,11200,0,0,0,16908502,16908502,2945
155183,521,938,1108,1,0,11200,0,0,0,16909947,16909947,2945
155199,521,995,1108,1,0,11200,0,0,0,16911649,16911649,2945
155214,522,1060,1108,1,0,11200,0,0,0,16913395,16913395,2945
155229,522,15,1108,1,0,11200,0,0,0,16915245,16915245,2945
155245,522,125,1108,1,0,11200,0,0,0,16917406,16917406,2945
155260,522,181,1108,1,0,11200,0,0,0,16919571,16919571,2945
155275,522,236,1108,1,0,11200,0,0,0,16921936,16921936,2945
155290,522,278,1108,1,0,11200,0,0,0,16923927,16923927,2945
155306,522,331,1108,1,0,11200,0,0,0,16925960,16925960,2945
155321,522,397,1108,1,0,11200,0,0,0,16927953,16927953,2945
155336,522,463,1108,1,0,11200,0,0,0,16930060,16930060,2945
155353,522,520,1108,1,0,11200,0,0,0,16931926,16931926,2945
155369,522,595,1108,1,0,11200,0,0,0,16933912,16933912,2945
155384,522,651,1108,1,0,11200,0,0,0,16935863,16935863,2945
155400,522,696,1108,1,0,11200,0,0,0,16937517,16937517,2945
155415,522,753,1108,1,0,11200,0,0,0,16939215,16939215,2945
155430,522,820,1108,1,0,11200,0,0,0,16940884,16940884,2945
155446,522,890,1108,1,0,11200,0,0,0,16942607,16942607,2945
155463,522,938,1108,1,0,11200,0,0,0,16943592,16943592,2945
155481,522,992,1108,1,0,11200,0,0,0,16945609,16945609,2945
155496,523,1045,1108,1,0,11200,0,0,0,16947027,16947027,2945
155512,523,1101,1108,1,0,11200,0,0,0,16948531,16948531,2945
155527,523,111,1108,1,0,11200,0,0,0,16950780,16950780,2945
155542,523,159,1108,1,0,11200,0,0,0,16952881,16952881,2945
155557,523,214,1108,1,0,11200,0,0,0,16955227,16955227,2945
155572,523,265,1108,1,0,11200,0,0,0,16957352,16957352,2945
155588,523,311,1108,1,0,11200,0,0,0,16959371,16959371,2945
155603,523,383,1108,1,0,11200,0,0,0,16961521,16961521,2945
155619,523,452,1108,1,0,11200,0,0,0,16963490,16963490,2945
155634,523,506,1108,1,0,11200,0,0,0,16965601,16965601,2945
155649,523,577,1108,1,0,11200,0,0,0,16967564,16967564,2945
155664,523,651,1108,1,0,11200,0,0,0,16969530,16969530,2945
155679,523,704,1108,1,0,11200,0,0,0,16971336,16971336,2945
155694,523,753,1108,1,0,11200,0,0,0,16972750,16972750,2945
155710,523,820,1108,1,0,11200,0,0,0,16974437,16974437,2945
155726,523,869,1108,1,0,11200,0,0,0,16975960,16975960,2945
155750,523,938,1108,1,0,11200,0,0,0,16977391,16977391,2945
155773,523,992,1108,1,0,11200,0,0,0,16979019,16979019,2945
155789,524,1074,1108,1,0,11200,0,0,0,16980899,16980899,2945
155804,524,14,1108,1,0,11200,0,0,0,16982712,16982712,2945
155819,524,131,1108,1,0,11200,0,0,0,16985035,16985035,2945
155836,524,180,1108,1,0,11200,0,0,0,16987401,16987401,2945
155851,524,232,1108,1,0,11200,0,0,0,16989698,16989698,2945
155866,524,279,1108,1,0,11200,0,0,0,16991577,16991577,2945
155881,524,327,1108,1,0,11200,0,0,0,16993596,16993596,2945
155897,524,378,1108,1,0,11200,0,0,0,16995256,16995256,2945
155912,524,449,1108,1,0,11200,0,0,0,16996994,16996994,2945
155927,524,507,1108,1,0,11200,0,0,0,16998921,16998921,2945
155943,524,588,1108,1,0,11200,0,0,0,17000991,17000991,2945
155958,524,660,1108,1,0,11200,0,0,0,17003003,17003003,2945
155973,524,709,1108,1,0,11200,0,0,0,17004822,17004822,2945
155989,524,756,1108,1,0,11200,0,0,0,17006286,17006286,2945
156005,524,829,1108,1,0,11200,0,0,0,17007805,17007805,2945
156020,524,896,1108,1,0,11200,0,0,0,17009489,17009489,2945
156035,524,951,1108,1,0,11200,0,0,0,17011078,17011078,2945
156050,524,1013,1108,1,0,11200,0,0,0,17012810,17012810,2945
156065,525,1074,1108,1,0,11200,0,0,0,17014730,17014730,2945
156080,525,31,1108,1,0,11200,0,0,0,17016940,17016940,2945
156096,525,139,1108,1,0,11200,0,0,0,17019152,17019152,2945
156111,525,192,1108,1,0,11200,0,0,0,17021443,17021443,2945
156127,525,246,1108,1,0,11200,0,0,0,17023697,17023697,2945
156142,525,286,1108,1,0,11200,0,0,0,17025696,17025696,2945
156157,525,334,1108,1,0,11200,0,0,0,17027513,17027513,2945
156172,525,420,1108,1,0,11200,0,0,0,17029657,17029657,2945
156188,525,481,1108,1,0,11200,0,0,0,17031422,17031422,2945
156203,525,559,1108,1,0,11200,0,0,0,17033457,17033457,2945
156218,525,626,1108,1,0,11200,0,0,0,17035300,17035300,2945
156234,525,700,1108,1,0,11200,0,0,0,17037307,17037307,2945
156249,525,744,1108,1,0,11200,0,0,0,17038853,17038853,2945
156265,525,800,1108,1,0,11200,0,0,0,17040319,17040319,2945
156281,525,861,1108,1,0,11200,0,0,0,17042037,17042037,2945
156300,525,887,1108,1,0,11200,0,0,0,17042494,17042494,2945
156315,525,947,1108,1,0,11200,0,0,0,17043924,17043924,2945
156330,526,1027,1108,1,0,11200,0,0,0,17045912,17045912,2945
156346,526,1095,1108,1,0,11200,0,0,0,17047949,17047949,2945
156361,526,31,1108,1,0,11200,0,0,0,17050153,17050153,2945
156376,526,141,1108,1,0,11200,0,0,0,17052402,17052402,2945
156392,526,189,1108,1,0,11200,0,0,0,17054654,17054654,2945
156407,526,239,1108,1,0,11200,0,0,0,17056887,17056887,2945
156422,526,283,1108,1,0,11200,0,0,0,17058925,17058925,2945
156438,526,344,1108,1,0,11200,0,0,0,17060931,17060931,2945
156453,526,418,1108,1,0,11200,0,0,0,17063139,17063139,2945
156468,526,475,1108,1,0,11200,0,0,0,17065080,17065080,2945
156483,526,539,1108,1,0,11200,0,0,0,17066970,17066970,2945
156498,526,598,1108,1,0,11200,0,0,0,17068771,17068771,2945
156514,526,685,1108,1,0,11200,0,0,0,17070822,17070822,2945
156530,526,726,1108,1,0,11200,0,0,0,17072457,17072457,2945
156545,526,792,1108,1,0,11200,0,0,0,17074065,17074065,2945
156560,526,844,1108,1,0,11200,0,0,0,17075601,17075601,2945
156575,526,942,1108,1,0,11200,0,0,0,17077699,17077699,2945
156590,527,1023,1108,1,0,11200,0,0,0,17079320,17079320,2945
156606,527,1085,1108,1,0,11200,0,0,0,17081061,17081061,2945
156621,527,95,1108,1,0,11200,0,0,0,17083522,17083522,2945
156636,527,142,1108,1,0,11200,0,0,0,17085565,17085565,2945
156651,527,187,1108,1,0,11200,0,0,0,17087602,17087602,2945
156667,527,240,1108,1,0,11200,0,0,0,17089961,17089961,2945
156682,527,279,1108,1,0,11200,0,0,0,17091903,17091903,2945
156697,527,320,1108,1,0,11200,0,0,0,17093776,17093776,2945
156712,527,383,1108,1,0,11200,0,0,0,17095781,17095781,2945
156728,527,464,1108,1,0,11200,0,0,0,17098012,17098012,2945
156743,527,530,1108,1,0,11200,0,0,0,17099971,17099971,2945
156758,527,597,1108,1,0,11200,0,0,0,17101797,17101797,2945
156773,527,670,1108,1,0,11200,0,0,0,17103519,17103519,2945
156789,527,734,1108,1,0,11200,0,0,0,17105342,17105342,2945
156805,527,809,1108,1,0,11200,0,0,0,17107063,17107063,2945
156820,527,869,1108,1,0,11200,0,0,0,17108789,17108789,2945
156841,527,938,1108,1,0,11200,0,0,0,17110255,17110255,2945
156859,527,992,1108,1,0,11200,0,0,0,17111990,17111990,2945
156874,528,1047,1109,2,0,11200,0,0,0,17113642,17113642,2945
156890,528,18,1109,2,0,11200,0,0,0,17115342,17115342,2945
156905,528,131,1109,2,0,11200,0,0,0,17117620,17117620,2945
156920,528,187,1109,2,0,11200,0,0,0,17119907,17119907,2945
156935,528,239,1109,2,0,11200,0,0,0,17122178,17122178,2945
156951,528,282,1109,2,0,11200,0,0,0,17124223,17124223,2945
156966,528,341,1109,2,0,11200,0,0,0,17126343,17126343,2945
156982,528,413,1109,2,0,11200,0,0,0,17128405,17128405,2945
156997,528,481,1109,2,0,11200,0,0,0,17130297,17130297,2945
157012,528,554,1109,2,0,11200,0,0,0,17132481,17132481,2945
157027,528,605,1109,2,0,11200,0,0,0,17134308,17134308,2945
157043,528,675,1109,2,0,11200,0,0,0,17136335,17136335,2945
157059,528,726,1109,2,0,11200,0,0,0,17138250,17138250,2945
157074,528,785,1109,2,0,11200,0,0,0,17139650,17139650,2945
157090,528,838,1109,2,0,11200,0,0,0,17141113,17141113,2945
157105,528,933,1109,2,0,11200,0,0,0,17143065,17143065,2945
157121,528,985,1109,2,0,11200,0,0,0,17144760,17144760,2945
157136,529,1028,1109,2,0,11200,0,0,0,17146106,17146106,2945
157151,529,1099,1109,2,0,11200,0,0,0,17147634,17147634,2945
157167,529,109,1109,2,0,11200,0,0,0,17149838,17149838,2945
157182,529,166,1109,2,0,11200,0,0,0,17151891,17151891,2945
157197,529,215,1109,2,0,11200,0,0,0,17154070,17154070,2945
157213,529,257,1109,2,0,11200,0,0,0,17156268,17156268,2945
157228,529,308,1109,2,0,11200,0,0,0,17158244,17158244,2945
157243,529,374,1109,2,0,11200,0,0,0,17160260,17160260,2945
157259,529,431,1109,2,0,11200,0,0,0,17162276,17162276,2945
157274,529,487,1109,2,0,11200,0,0,0,17164147,17164147,2945
157289,529,553,1109,2,0,11200,0,0,0,17166012,17166012,2945
157305,529,620,1109,2,0,11200,0,0,0,17168008,17168008,2945
157320,529,682,1109,2,0,11200,0,0,0,17169898,17169898,2945
157336,529,744,1109,2,0,11200,0,0,0,17171650,17171650,2945
157352,529,789,1109,2,0,11200,0,0,0,17172928,17172928,2945
157367,529,863,1109,2,0,11200,0,0,0,17174836,17174836,2945
157390,529,938,1109,2,0,11200,0,0,0,17176194,17176194,2945
157406,529,1015,1109,2,0,11200,0,0,0,17178243,17178243,2945
157421,530,1077,1109,2,0,11200,0,0,0,17180173,17180173,2945
157436,530,29,1109,2,0,11200,0,0,0,17182257,17182257,2945
157451,530,135,1109,2,0,11200,0,0,0,17184492,17184492,2945
157467,530,180,1109,2,0,11200,0,0,0,17186640,17186640,2945
157482,530,232,1109,2,0,11200,0,0,0,17188894,17188894,2945
157497,530,279,1109,2,0,11200,0,0,0,17190901,17190901,2945
157512,530,325,1109,2,0,11200,0,0,0,17193054,17193054,2945
157528,530,411,1109,2,0,11200,0,0,0,17195293,17195293,2945
157543,530,475,1109,2,0,11200,0,0,0,17197182,17197182,2945
157559,530,533,1109,2,0,11200,0,0,0,17198983,17198983,2945
157575,530,608,1109,2,0,11200,0,0,0,17200893,17200893,2945
157591,530,673,1109,2,0,11200,0,0,0,17202805,17202805,2945
157607,530,723,1109,2,0,11200,0,0,0,17204757,17204757,2945
157623,530,769,1109,2,0,11200,0,0,0,17206211,17206211,2945
157639,530,844,1109,2,0,11200,0,0,0,17207948,17207948,2945
157662,530,938,1109,2,0,11200,0,0,0,17209929,17209929,2945
157677,530,987,1109,2,0,11200,0,0,0,17211527,17211527,2945
157692,531,1028,1109,2,0,11200,0,0,0,17212644,17212644,2945
157708,531,5,1109,2,0,11200,0,0,0,17214754,17214754,2945
157723,531,115,1109,2,0,11200,0,0,0,17217217,17217217,2945
157738,531,169,1109,2,0,11200,0,0,0,17219418,17219418,2945
157753,531,215,1109,2,0,11200,0,0,0,17221463,17221463,2945
157768,531,263,1109,2,0,11200,0,0,0,17223646,17223646,2945
157783,531,313,1109,2,0,11200,0,0,0,17225494,17225494,2945
157798,531,367,1109,2,0,11200,0,0,0,17227029,17227029,2945
157814,531,440,1109,2,0,11200,0,0,0,17229112,17229112,2945
157829,531,507,1109,2,0,11200,0,0,0,17230995,17230995,2945
157844,531,565,1109,2,0,11200,0,0,0,17232626,17232626,2945
157859,531,615,1109,2,0,11200,0,0,0,17234220,17234220,2945
157874,531,666,1109,2,0,11200,0,0,0,17235712,17235712,2945
157889,531,723,1109,2,0,11200,0,0,0,17237721,17237721,2945
157904,531,767,1109,2,0,11200,0,0,0,17239058,17239058,2945
157920,531,820,1109,2,0,11200,0,0,0,17240504,17240504,2945
157935,531,869,1109,2,0,11200,0,0,0,17241997,17241997,2945
157950,531,950,1109,2,0,11200,0,0,0,17243861,17243861,2945
157966,531,995,1109,2,0,11200,0,0,0,17245400,17245400,2945
157981,532,1057,1109,2,0,11200,0,0,0,17247007,17247007,2945
157996,532,28,1109,2,0,11200,0,0,0,17249259,17249259,2945
158012,532,133,1109,2,0,11200,0,0,0,17251597,17251597,2945
158027,532,182,1109,2,0,11200,0,0,0,17253637,17253637,2945
158042,532,224,1109,2,0,11200,0,0,0,17255815,17255815,2945
158057,532,269,1109,2,0,11200,0,0,0,17257753,17257753,2945
158072,532,320,1109,2,0,11200,0,0,0,17259832,17259832,2945
158087,532,359,1109,2,0,11200,0,0,0,17261258,17261258,2945
158104,532,420,1109,2,0,11200,0,0,0,17263412,17263412,2945
158119,532,478,1109,2,0,11200,0,0,0,17265254,17265254,2945
158134,532,540,1109,2,0,11200,0,0,0,17267277,17267277,2945
158149,532,597,1109,2,0,11200,0,0,0,17269256,17269256,2945
158165,532,661,1109,2,0,11200,0,0,0,17271197,17271197,2945
158180,532,713,1109,2,0,11200,0,0,0,17272924,17272924,2945
158196,532,757,1109,2,0,11200,0,0,0,17274129,17274129,2945
158211,532,838,1109,2,0,11200,0,0,0,17275741,17275741,2945
158226,532,912,1109,2,0,11200,0,0,0,17277586,17277586,2945
158243,532,938,1109,2,0,11200,0,0,0,17278417,17278417,2945
158262,532,992,1109,2,0,11200,0,0,0,17280301,17280301,2945
158277,533,1068,1109,2,0,11200,0,0,0,17282133,17282133,2945
158292,533,21,1109,1,0,11200,0,0,0,17284093,17284093,2945
158307,533,135,1109,1,0,11200,0,0,0,17286304,17286304,2945
158322,533,197,1109,1,0,11200,0,0,0,17288584,17288584,2945
158338,533,247,1109,1,0,11200,0,0,0,17290934,17290934,2945
158353,533,290,1109,1,0,11200,0,0,0,17292918,17292918,2945
158368,533,350,1109,1,0,11200,0,0,0,17295231,17295231,2945
158384,533,420,1109,1,0,11200,0,0,0,17297348,17297348,2945
158399,533,489,1109,1,0,11200,0,0,0,17299312,17299312,2945
158414,533,556,1109,1,0,11200,0,0,0,17301290,17301290,2945
158429,533,610,1109,1,0,11200,0,0,0,17303256,17303256,2945
158444,533,675,1109,1,0,11200,0,0,0,17304794,17304794,2945
158460,533,728,1109,1,0,11200,0,0,0,17306562,17306562,2945
158476,533,769,1109,1,0,11200,0,0,0,17307954,17307954,2945
158491,533,838,1109,1,0,11200,0,0,0,17309459,17309459,2945
158506,533,931,1109,1,0,11200,0,0,0,17311528,17311528,2945
158532,533,938,1109,1,0,11200,0,0,0,17311835,17311835,2945
158554,533,992,1109,1,0,11200,0,0,0,17313497,17313497,2945
158569,534,1064,1109,1,0,11200,0,0,0,17315472,17315472,2945
158584,534,15,1109,1,0,11200,0,0,0,17317328,17317328,2945
158600,534,125,1109,1,0,11200,0,0,0,17319501,17319501,2945
158615,534,184,1109,1,0,11200,0,0,0,17321870,17321870,2945
158631,534,243,1109,1,0,11200,0,0,0,17324259,17324259,2945
158646,534,284,1109,1,0,11200,0,0,0,17326253,17326253,2945
158661,534,341,1109,1,0,11200,0,0,0,17328257,17328257,2945
158676,534,399,1109,1,0,11200,0,0,0,17330304,17330304,2945
158691,534,467,1109,1,0,11200,0,0,0,17332340,17332340,2945
158707,534,533,1109,1,0,11200,0,0,0,17334206,17334206,2945
158723,534,589,1109,1,0,11200,0,0,0,17336129,17336129,2945
158738,534,654,1109,1,0,11200,0,0,0,17337936,17337936,2945
158754,534,702,1109,1,0,11200,0,0,0,17339483,17339483,2945
158769,534,740,1109,1,0,11200,0,0,0,17341258,17341258,2945
158784,534,810,1109,1,0,11200,0,0,0,17342758,17342758,2945
158799,534,856,1109,1,0,11200,0,0,0,17344260,17344260,2945
158830,534,938,1109,1,0,11200,0,0,0,17346012,17346012,2945
158849,534,992,1109,1,0,11200,0,0,0,17347840,17347840,2945
158865,535,1057,1109,1,0,11200,0,0,0,17349816,17349816,2945
158880,535,19,1109,1,0,11200,0,0,0,17352109,17352109,2945
158895,535,126,1109,1,0,11200,0,0,0,17354484,17354484,2945
158910,535,179,1109,1,0,11200,0,0,0,17356671,17356671,2945
158925,535,230,1109,1,0,11200,0,0,0,17358973,17358973,2945
158941,535,275,1109,1,0,11200,0,0,0,17360930,17360930,2945
158956,535,332,1109,1,0,11200,0,0,0,17362865,17362865,2945
158971,535,391,1109,1,0,11200,0,0,0,17364855,17364855,2945
158987,535,458,1109,1,0,11200,0,0,0,17366861,17366861,2945
159002,535,520,1109,1,0,11200,0,0,0,17368718,17368718,2945
159018,535,583,1109,1,0,11200,0,0,0,17370576,17370576,2945
159033,535,641,1109,1,0,11200,0,0,0,17372221,17372221,2945
159048,535,690,1109,1,0,11200,0,0,0,17373921,17373921,2945
159063,535,735,1109,1,0,11200,0,0,0,17375585,17375585,2945
159078,535,789,1109,1,0,11200,0,0,0,17376877,17376877,2945
159094,535,852,1109,1,0,11200,0,0,0,17378796,17378796,2945
159111,535,932,1109,1,0,11200,0,0,0,17380657,17380657,2945
159128,535,938,1109,1,0,11200,0,0,0,17380906,17380906,2945
159147,535,992,1109,1,0,11200,0,0,0,17382447,17382447,2945
159162,536,1064,1109,1,0,11200,0,0,0,17384404,17384404,2945
159178,536,18,1109,1,0,11200,0,0,0,17386420,17386420,2945
159193,536,133,1109,1,0,11200,0,0,0,17388608,17388608,2945
159208,536,181,1109,1,0,11200,0,0,0,17390784,17390784,2945
159224,536,237,1109,1,0,11200,0,0,0,17393030,17393030,2945
159239,536,284,1109,1,0,11200,0,0,0,17395022,17395022,2945
159254,536,335,1109,1,0,11200,0,0,0,17396669,17396669,2945
159269,536,418,1109,1,0,11200,0,0,0,17398785,17398785,2945
159285,536,475,1109,1,0,11200,0,0,0,17400443,17400443,2945
159300,536,538,1109,1,0,11200,0,0,0,17401966,17401966,2945
159316,536,591,1109,1,0,11200,0,0,0,17403884,17403884,2945
159331,536,665,1109,1,0,11200,0,0,0,17405816,17405816,2945
159347,536,728,1109,1,0,11200,0,0,0,17407679,17407679,2945
159363,536,789,1109,1,0,11200,0,0,0,17409049,17409049,2945
159378,536,861,1109,1,0,11200,0,0,0,17410985,17410985,2945
159394,536,938,1109,1,0,11200,0,0,0,17412845,17412845,2945
159409,536,999,1109,1,0,11200,0,0,0,17414803,17414803,2945
159425,537,1077,1109,1,0,11200,0,0,0,17416985,17416985,2945
159440,537,58,1109,1,0,11200,0,0,0,17419376,17419376,2945
159456,537,139,1109,1,0,11200,0,0,0,17421582,17421582,2945
159471,537,189,1109,1,0,11200,0,0,0,17423834,17423834,2945
159486,537,253,1109,1,0,11200,0,0,0,17426081,17426081,2945
159502,537,297,1109,1,0,11200,0,0,0,17428131,17428131,2945
159517,537,359,1109,1,0,11200,0,0,0,17430363,17430363,2945
159532,537,417,1109,1,0,11200,0,0,0,17432398,17432398,2945
159548,537,479,1109,1,0,11200,0,0,0,17434392,17434392,2945
159563,537,560,1109,1,0,11200,0,0,0,17436633,17436633,2945
159578,537,608,1109,1,0,11200,0,0,0,17438082,17438082,2945
159594,537,689,1109,1,0,11200,0,0,0,17440128,17440128,2945
159609,537,740,1109,1,0,11200,0,0,0,17441816,17441816,2945
159624,537,813,1109,1,0,11200,0,0,0,17443319,17443319,2945
159639,537,873,1109,1,0,11200,0,0,0,17445133,17445133,2945
159656,537,938,1109,1,0,11200,0,0,0,17446508,17446508,2945
159676,537,992,1109,1,0,11200,0,0,0,17448160,17448160,2945
159691,538,1064,1109,1,0,11200,0,0,0,17450204,17450204,2945
159706,538,38,1109,0,0,11200,0,0,0,17452393,17452393,2945
159721,538,147,1109,0,0,11200,0,0,0,17454627,17454627,2945
159737,538,190,1109,0,0,11200,0,0,0,17456357,17456357,2945
159752,538,249,1109,0,0,11200,0,0,0,17458723,17458723,2945
159767,538,310,1109,0,0,11200,0,0,0,17460795,17460795,2945
159782,538,350,1109,0,0,11200,0,0,0,17462383,17462383,2945
159798,538,421,1109,0,0,11200,0,0,0,17464440,17464440,2945
159814,538,473,1109,0,0,11200,0,0,0,17466208,17466208,2945
159829,538,538,1109,0,0,11200,0,0,0,17468015,17468015,2945
159844,538,591,1109,0,0,11200,0,0,0,17469923,17469923,2945
159863,538,665,1109,0,0,11200,0,0,0,17471936,17471936,2945
159879,538,720,1109,0,0,11200,0,0,0,17473792,17473792,2945
159896,538,769,1109,0,0,11200,0,0,0,17475328,17475328,2945
159911,538,820,1109,0,0,11200,0,0,0,17476582,17476582,2945
159926,538,894,1109,0,0,11200,0,0,0,17478396,17478396,2945
159951,538,938,1109,0,0,11200,0,0,0,17479433,17479433,2945
159970,538,992,1109,0,0,11200,0,0,0,17481321,17481321,2945
159985,539,1072,1109,0,0,11200,0,0,0,17483439,17483439,2945
160000,539,48,1109,0,0,11200,0,0,0,17485673,17485673,2945
160015,539,147,1109,0,0,11200,0,0,0,17487816,17487816,2945
160031,539,214,1109,0,0,11200,0,0,0,17490154,17490154,2945
160046,539,256,1109,0,0,11200,0,0,0,17492246,17492246,2945
160062,539,307,1109,0,0,11200,0,0,0,17494211,17494211,2945
160077,539,345,1109,0,0,11200,0,0,0,17495895,17495895,2945
160092,539,420,1109,0,0,11200,0,0,0,17498158,17498158,2945
160108,539,478,1109,0,0,11200,0,0,0,17500119,17500119,2945
160123,539,551,1109,0,0,11200,0,0,0,17502022,17502022,2945
160139,539,622,1109,0,0,11200,0,0,0,17503848,17503848,2945
160154,539,686,1109,0,0,11200,0,0,0,17505601,17505601,2945
160169,539,726,1109,0,0,11200,0,0,0,17507407,17507407,2945
160184,539,771,1109,0,0,11200,0,0,0,17508691,17508691,2945
160199,539,834,1109,0,0,11200,0,0,0,17510161,17510161,2945
160214,539,920,1109,0,0,11200,0,0,0,17512223,17512223,2945
160230,539,975,1109,0,0,11200,0,0,0,17513904,17513904,2945
160245,540,1039,1109,0,0,11200,0,0,0,17515622,17515622,2945
160260,540,1089,1109,0,0,11200,0,0,0,17517243,17517243,2945
160275,540,106,1109,0,0,11200,0,0,0,17519568,17519568,2945
160290,540,166,1109,0,0,11200,0,0,0,17521668,17521668,2945
160306,540,232,1109,0,0,11200,0,0,0,17524166,17524166,2945
160321,540,277,1109,0,0,11200,0,0,0,17526125,17526125,2945
160337,540,348,1109,0,0,11200,0,0,0,17528146,17528146,2945
160352,540,427,1109,0,0,11200,0,0,0,17530297,17530297,2945
160368,540,478,1109,0,0,11200,0,0,0,17532099,17532099,2945
160383,540,552,1109,0,0,11200,0,0,0,17534094,17534094,2945
160399,540,624,1109,0,0,11200,0,0,0,17536016,17536016,2945
160414,540,685,1109,0,0,11200,0,0,0,17537560,17537560,2945
160430,540,734,1109,0,0,11200,0,0,0,17539243,17539243,2945
160445,540,797,1109,0,0,11200,0,0,0,17540693,17540693,2945
160460,540,863,1109,0,0,11200,0,0,0,17542579,17542579,2945
160484,540,938,1109,0,0,11200,0,0,0,17544133,17544133,2945
160500,540,1001,1109,0,0,11200,0,0,0,17545803,17545803,2945
160516,541,1089,1109,0,0,11200,0,0,0,17548051,17548051,2945
160531,541,48,1109,0,0,11200,0,0,0,17550311,17550311,2945
160546,541,148,1109,0,0,11200,0,0,0,17552381,17552381,2945
160561,541,212,1109,0,0,11200,0,0,0,17554715,17554715,2945
160576,541,266,1109,0,0,11200,0,0,0,17556912,17556912,2945
160592,541,313,1109,0,0,11200,0,0,0,17558720,17558720,2945
160607,541,376,1109,0,0,11200,0,0,0,17560879,17560879,2945
160623,541,453,1109,0,0,11200,0,0,0,17562945,17562945,2945
160638,541,508,1109,0,0,11200,0,0,0,17564630,17564630,2945
160653,541,574,1109,0,0,11200,0,0,0,17566620,17566620,2945
160668,541,632,1109,0,0,11200,0,0,0,17568583,17568583,2945
160684,541,683,1109,0,0,11200,0,0,0,17570206,17570206,2945
160700,541,733,1109,0,0,11200,0,0,0,17571943,17571943,2945
160715,541,817,1109,0,0,11200,0,0,0,17573579,17573579,2945
160731,541,873,1109,0,0,11200,0,0,0,17575332,17575332,2945
160746,541,920,1109,0,0,11200,0,0,0,17576259,17576259,2945
160761,541,948,1109,0,0,11200,0,0,0,17577244,17577244,2945
160777,541,1013,1109,0,0,11200,0,0,0,17579137,17579137,2945
160792,542,1057,1109,0,0,11200,0,0,0,17580641,17580641,2945
160808,542,28,1109,0,0,11200,0,0,0,17582753,17582753,2945
160824,542,133,1109,0,0,11200,0,0,0,17584960,17584960,2945
160839,542,184,1109,0,0,11200,0,0,0,17587058,17587058,2945
160855,542,241,1109,0,0,11200,0,0,0,17589362,17589362,2945
160870,542,284,1109,0,0,11200,0,0,0,17591314,17591314,2945
160885,542,345,1109,0,0,11200,0,0,0,17593441,17593441,2945
160901,542,402,1109,0,0,11200,0,0,0,17595403,17595403,2945
160916,542,470,1109,0,0,11200,0,0,0,17597380,17597380,2945
160931,542,533,1109,0,0,11200,0,0,0,17599266,17599266,2945
160947,542,590,1109,0,0,11200,0,0,0,17601248,17601248,2945
160962,542,645,1109,0,0,11200,0,0,0,17602911,17602911,2945
160977,542,712,1109,0,0,11200,0,0,0,17604881,17604881,2945
160992,542,753,1109,0,0,11200,0,0,0,17606308,17606308,2945
161008,542,800,1109,0,0,11200,0,0,0,17607520,17607520,2945
161023,542,884,1109,0,0,11200,0,0,0,17609306,17609306,2945
161045,542,938,1109,0,0,11200,0,0,0,17610793,17610793,2945
161060,542,991,1109,0,0,11200,0,0,0,17612449,17612449,2945
161076,543,1045,1110,1,0,11200,0,0,0,17613853,17613853,2945
161091,543,9,1110,0,0,11200,0,0,0,17615821,17615821,2945
161106,543,118,1110,0,0,11200,0,0,0,17617866,17617866,2945
161121,543,177,1110,0,0,11200,0,0,0,17620054,17620054,2945
161137,543,228,1110,0,0,11200,0,0,0,17622382,17622382,2945
161152,543,275,1110,0,0,11200,0,0,0,17624398,17624398,2945
161170,543,334,1110,0,0,11200,0,0,0,17626292,17626292,2945
161185,543,403,1110,0,0,11200,0,0,0,17628452,17628452,2945
161201,543,463,1110,0,0,11200,0,0,0,17630324,17630324,2945
161216,543,518,1110,0,0,11200,0,0,0,17632300,17632300,2945
161231,543,583,1110,0,0,11200,0,0,0,17634203,17634203,2945
161246,543,655,1110,0,0,11200,0,0,0,17635944,17635944,2945
161262,543,725,1110,0,0,11200,0,0,0,17638039,17638039,2945
161277,543,769,1110,0,0,11200,0,0,0,17639432,17639432,2945
161292,543,834,1110,0,0,11200,0,0,0,17641010,17641010,2945
161308,543,926,1110,0,0,11200,0,0,0,17642965,17642965,2945
161323,543,947,1110,0,0,11200,0,0,0,17643750,17643750,2945
161339,543,995,1110,0,0,11200,0,0,0,17645162,17645162,2945
161354,544,1046,1110,0,0,11200,0,0,0,17646699,17646699,2945
161370,544,12,1110,0,0,11200,0,0,0,17648639,17648639,2945
161385,544,124,1110,0,0,11200,0,0,0,17650933,17650933,2945
161400,544,169,1110,0,0,11200,0,0,0,17653080,17653080,2945
161415,544,230,1110,0,0,11200,0,0,0,17655536,17655536,2945
161430,544,275,1110,0,0,11200,0,0,0,17657561,17657561,2945
161445,544,314,1110,0,0,11200,0,0,0,17659467,17659467,2945
161461,544,359,1110,0,0,11200,0,0,0,17661210,17661210,2945
161476,544,420,1110,0,0,11200,0,0,0,17663241,17663241,2945
161492,544,479,1110,0,0,11200,0,0,0,17665056,17665056,2945
161507,544,543,1110,0,0,11200,0,0,0,17666769,17666769,2945
161522,544,611,1110,0,0,11200,0,0,0,17668591,17668591,2945
161539,544,665,1110,0,0,11200,0,0,0,17670125,17670125,2945
161554,544,725,1110,0,0,11200,0,0,0,17671916,17671916,2945
161569,544,785,1110,0,0,11200,0,0,0,17673326,17673326,2945
161585,544,837,1110,0,0,11200,0,0,0,17674822,17674822,2945
161600,544,920,1110,0,0,11200,0,0,0,17676778,17676778,2945
161616,544,938,1110,0,0,11200,0,0,0,17677412,17677412,2945
161632,544,995,1110,0,0,11200,0,0,0,17679267,17679267,2945
161648,545,1056,1110,0,0,11200,0,0,0,17681231,17681231,2945
161663,545,22,1110,0,0,11200,0,0,0,17683362,17683362,2945
161678,545,125,1110,0,0,11200,0,0,0,17685445,17685445,2945
161694,545,185,1110,0,0,11200,0,0,0,17687900,17687900,2945
161709,545,237,1110,0,0,11200,0,0,0,17690259,17690259,2945
161724,545,281,1110,0,0,11200,0,0,0,17692209,17692209,2945
161739,545,325,1110,0,0,11200,0,0,0,17694322,17694322,2945
161754,545,417,1110,0,0,11200,0,0,0,17696426,17696426,2945
161770,545,472,1110,0,0,11200,0,0,0,17698273,17698273,2945
161785,545,533,1110,0,0,11200,0,0,0,17700317,17700317,2945
161801,545,595,1110,0,0,11200,0,0,0,17702324,17702324,2945
161816,545,679,1110,0,0,11200,0,0,0,17704282,17704282,2945
161832,545,733,1110,0,0,11200,0,0,0,17706072,17706072,2945
161847,545,786,1110,0,0,11200,0,0,0,17707469,17707469,2945
161862,545,853,1110,0,0,11200,0,0,0,17709259,17709259,2945
161877,545,899,1110,0,0,11200,0,0,0,17710575,17710575,2945
161894,545,938,1110,0,0,11200,0,0,0,17711520,17711520,2945
161909,545,992,1110,0,0,11200,0,0,0,17713477,17713477,2945
161925,546,1057,1110,0,0,11200,0,0,0,17715039,17715039,2945
161940,546,17,1110,0,0,11200,0,0,0,17717107,17717107,2945
161956,546,123,1110,0,0,11200,0,0,0,17719590,17719590,2945
161971,546,178,1110,0,0,11200,0,0,0,17722030,17722030,2945
161986,546,233,1110,0,0,11200,0,0,0,17724358,17724358,2945
162001,546,275,1110,0,0,11200,0,0,0,17726389,17726389,2945
162018,546,334,1110,0,0,11200,0,0,0,17728540,17728540,2945
162033,546,385,1110,0,0,11200,0,0,0,17730616,17730616,2945
162049,546,452,1110,0,0,11200,0,0,0,17732546,17732546,2945
162065,546,506,1110,0,0,11200,0,0,0,17734423,17734423,2945
162080,546,577,1110,0,0,11200,0,0,0,17736416,17736416,2945
162095,546,639,1110,0,0,11200,0,0,0,17738381,17738381,2945
162110,546,696,1110,0,0,11200,0,0,0,17740032,17740032,2945
162126,546,744,1110,0,0,11200,0,0,0,17741622,17741622,2945
162142,546,797,1110,0,0,11200,0,0,0,17742971,17742971,2945
162157,546,855,1110,0,0,11200,0,0,0,17744884,17744884,2945
162177,546,938,1110,0,0,11200,0,0,0,17746878,17746878,2945
162193,546,992,1110,0,0,11200,0,0,0,17748651,17748651,2945
162208,547,1060,1110,0,0,11200,0,0,0,17750379,17750379,2945
162223,547,15,1110,0,0,11200,0,0,0,17752438,17752438,2945
162238,547,124,1110,0,0,11200,0,0,0,17754639,17754639,2945
162254,547,176,1110,0,0,11200,0,0,0,17757062,17757062,2945
162269,547,236,1110,0,0,11200,0,0,0,17759451,17759451,2945
162285,547,283,1110,0,0,11200,0,0,0,17761444,17761444,2945
162300,547,332,1110,0,0,11200,0,0,0,17763470,17763470,2945
162315,547,405,1110,0,0,11200,0,0,0,17765235,17765235,2945
162331,547,472,1110,0,0,11200,0,0,0,17767105,17767105,2945
162346,547,545,1110,0,0,11200,0,0,0,17769158,17769158,2945
162361,547,610,1110,0,0,11200,0,0,0,17770929,17770929,2945
162376,547,683,1110,0,0,11200,0,0,0,17772726,17772726,2945
162392,547,740,1110,0,0,11200,0,0,0,17774468,17774468,2945
162407,547,798,1110,0,0,11200,0,0,0,17775915,17775915,2945
162423,547,858,1110,0,0,11200,0,0,0,17777566,17777566,2945
162445,547,938,1110,0,0,11200,0,0,0,17779307,17779307,2945
162460,547,1017,1110,0,0,11200,0,0,0,17781158,17781158,2945
162475,548,1099,1110,0,0,11200,0,0,0,17783018,17783018,2945
162490,548,105,1110,0,0,11200,0,0,0,17785298,17785298,2945
162505,548,147,1110,0,0,11200,0,0,0,17787309,17787309,2945
162521,548,195,1110,0,0,11200,0,0,0,17789684,17789684,2945
162536,548,253,1110,0,0,11200,0,0,0,17791897,17791897,2945
162551,548,294,1110,0,0,11200,0,0,0,17793866,17793866,2945
162566,548,344,1110,0,0,11200,0,0,0,17795774,17795774,2945
162581,548,414,1110,0,0,11200,0,0,0,17797790,17797790,2945
162597,548,481,1110,0,0,11200,0,0,0,17799671,17799671,2945
162612,548,559,1110,0,0,11200,0,0,0,17801604,17801604,2945
162627,548,622,1110,0,0,11200,0,0,0,17803460,17803460,2945
162643,548,673,1110,0,0,11200,0,0,0,17805214,17805214,2945
162658,548,728,1110,0,0,11200,0,0,0,17806818,17806818,2945
162673,548,768,1110,0,0,11200,0,0,0,17808162,17808162,2945
162688,548,827,1110,0,0,11200,0,0,0,17809820,17809820,2945
162705,548,885,1110,0,0,11200,0,0,0,17811458,17811458,2945
162720,548,959,1110,0,0,11200,0,0,0,17813321,17813321,2945
162736,549,1027,1110,0,0,11200,0,0,0,17815141,17815141,2945
162751,549,1095,1110,0,0,11200,0,0,0,17817006,17817006,2945
162767,549,104,1110,0,0,11200,0,0,0,17819307,17819307,2945
162782,549,154,1110,0,0,11200,0,0,0,17821531,17821531,2945
162797,549,217,1110,0,0,11200,0,0,0,17824042,17824042,2945
162812,549,266,1111,1,0,11200,0,0,0,17826266,17826266,2945
162827,549,313,1111,1,0,11200,0,0,0,17828223,17828223,2945
162842,549,364,1111,1,0,11200,0,0,0,17830280,17830280,2945
162858,549,437,1111,1,0,11200,0,0,0,17832286,17832286,2945
162873,549,489,1111,1,0,11200,0,0,0,17834063,17834063,2945
162888,549,559,1111,1,0,11200,0,0,0,17836033,17836033,2945
162904,549,610,1111,1,0,11200,0,0,0,17837915,17837915,2945
162919,549,697,1111,1,0,11200,0,0,0,17840006,17840006,2945
162936,549,746,1111,1,0,11200,0,0,0,17841709,17841709,2945
162951,549,807,1111,1,0,11200,0,0,0,17843273,17843273,2945
162967,549,858,1111,1,0,11200,0,0,0,17844732,17844732,2945
162982,549,942,1111,1,0,11200,0,0,0,17846688,17846688,2945
163003,549,992,1111,1,0,11200,0,0,0,17848434,17848434,2945
163018,550,1058,1111,1,0,11200,0,0,0,17850307,17850307,2945
163034,550,10,1111,0,0,11200,0,0,0,17852346,17852346,2945
163049,550,122,1111,0,0,11200,0,0,0,17854654,17854654,2945
163065,550,176,1111,0,0,11200,0,0,0,17856845,17856845,2945
163080,550,225,1111,0,0,11200,0,0,0,17859142,17859142,2945
163095,550,261,1111,0,0,11200,0,0,0,17861156,17861156,2945
163111,550,316,1111,0,0,11200,0,0,0,17863124,17863124,2945
163126,550,377,1111,0,0,11200,0,0,0,17865239,17865239,2945
163141,550,431,1111,0,0,11200,0,0,0,17867174,17867174,2945
163156,550,486,1111,0,0,11200,0,0,0,17868961,17868961,2945
163172,550,556,1111,0,0,11200,0,0,0,17871131,17871131,2945
163187,550,610,1111,0,0,11200,0,0,0,17873021,17873021,2945
163203,550,675,1111,0,0,11200,0,0,0,17874728,17874728,2945
163218,550,728,1111,0,0,11200,0,0,0,17876541,17876541,2945
163234,550,783,1111,0,0,11200,0,0,0,17878008,17878008,2945
163249,550,837,1111,0,0,11200,0,0,0,17879449,17879449,2945
163264,550,924,1111,0,0,11200,0,0,0,17881342,17881342,2945
163280,550,974,1111,0,0,11200,0,0,0,17882972,17882972,2945
163295,550,1012,1111,0,0,11200,0,0,0,17883968,17883968,2945
163310,551,1093,1111,0,0,11200,0,0,0,17886195,17886195,2945
163326,551,95,1111,0,0,11200,0,0,0,17888397,17888397,2945
163341,551,148,1111,0,0,11200,0,0,0,17890390,17890390,2945
163356,551,205,1111,0,0,11200,0,0,0,17892862,17892862,2945
163371,551,255,1111,0,0,11200,0,0,0,17894983,17894983,2945
163387,551,297,1111,0,0,11200,0,0,0,17897017,17897017,2945
163403,551,356,1111,0,0,11200,0,0,0,17899222,17899222,2945
163418,551,414,1111,0,0,11200,0,0,0,17901317,17901317,2945
163433,551,467,1111,0,0,11200,0,0,0,17903201,17903201,2945
163449,551,523,1111,0,0,11200,0,0,0,17905258,17905258,2945
163464,551,583,1111,0,0,11200,0,0,0,17907152,17907152,2945
163479,551,645,1111,0,0,11200,0,0,0,17908866,17908866,2945
163494,551,709,1111,0,0,11200,0,0,0,17910874,17910874,2945
163509,551,767,1111,0,0,11200,0,0,0,17912442,17912442,2945
163525,551,819,1111,0,0,11200,0,0,0,17914005,17914005,2945
163541,551,873,1111,0,0,11200,0,0,0,17915845,17915845,2945
163558,551,938,1111,0,0,11200,0,0,0,17917063,17917063,2945
163573,551,991,1111,0,0,11200,0,0,0,17918852,17918852,2945
163588,552,1043,1111,0,0,11200,0,0,0,17920255,17920255,2945
163603,552,1,1111,0,0,11200,0,0,0,17921951,17921951,2945
163618,552,108,1111,0,0,11200,0,0,0,17924147,17924147,2945
163634,552,158,1111,0,0,11200,0,0,0,17926271,17926271,2945
163650,552,219,1111,0,0,11200,0,0,0,17928652,17928652,2945
163665,552,265,1111,0,0,11200,0,0,0,17930867,17930867,2945
163680,552,318,1111,0,0,11200,0,0,0,17932928,17932928,2945
163695,552,378,1111,0,0,11200,0,0,0,17934946,17934946,2945
163711,552,455,1111,0,0,11200,0,0,0,17937013,17937013,2945
163726,552,506,1111,0,0,11200,0,0,0,17938950,17938950,2945
163741,552,577,1111,0,0,11200,0,0,0,17941046,17941046,2945
163757,552,655,1111,0,0,11200,0,0,0,17942982,17942982,2945
163772,552,720,1111,0,0,11200,0,0,0,17944773,17944773,2945
163787,552,769,1111,0,0,11200,0,0,0,17946176,17946176,2945
163802,552,832,1111,0,0,11200,0,0,0,17947662,17947662,2945
163817,552,912,1111,0,0,11200,0,0,0,17949585,17949585,2945
163842,552,938,1111,0,0,11200,0,0,0,17950398,17950398,2945
163857,552,992,1111,0,0,11200,0,0,0,17952104,17952104,2945
163872,553,1061,1111,0,0,11200,0,0,0,17953976,17953976,2945
163888,553,21,1111,0,0,11200,0,0,0,17956036,17956036,2945
163903,553,128,1111,0,0,11200,0,0,0,17958120,17958120,2945
163918,553,179,1111,0,0,11200,0,0,0,17960394,17960394,2945
163934,553,234,1111,0,0,11200,0,0,0,17962518,17962518,2945
163949,553,271,1111,0,0,11200,0,0,0,17964514,17964514,2945
163964,553,318,1111,0,0,11200,0,0,0,17966395,17966395,2945
163980,553,383,1111,0,0,11200,0,0,0,17968603,17968603,2945
163996,553,452,1111,0,0,11200,0,0,0,17970466,17970466,2945
164011,553,522,1111,0,0,11200,0,0,0,17972254,17972254,2945
164027,553,588,1111,0,0,11200,0,0,0,17974339,17974339,2945
164042,553,651,1111,0,0,11200,0,0,0,17976272,17976272,2945
164057,553,716,1111,0,0,11200,0,0,0,17978209,17978209,2945
164073,553,760,1111,0,0,11200,0,0,0,17979847,17979847,2945
164088,553,807,1111,0,0,11200,0,0,0,17981061,17981061,2945
164103,553,853,1111,0,0,11200,0,0,0,17982523,17982523,2945
164118,553,928,1111,0,0,11200,0,0,0,17984059,17984059,2945
164134,553,947,1111,0,0,11200,0,0,0,17984762,17984762,2945
164149,553,992,1111,0,0,11200,0,0,0,17986333,17986333,2945
164164,554,1057,1111,0,0,11200,0,0,0,17988154,17988154,2945
164180,554,21,1111,0,0,11200,0,0,0,17990192,17990192,2945
164195,554,134,1111,0,0,11200,0,0,0,17992605,17992605,2945
164210,554,178,1111,0,0,11200,0,0,0,17994447,17994447,2945
164226,554,236,1111,0,0,11200,0,0,0,17996793,17996793,2945
164241,554,278,1111,0,0,11200,0,0,0,17998923,17998923,2945
164256,554,316,1111,0,0,11200,0,0,0,18000831,18000831,2945
164272,554,378,1111,0,0,11200,0,0,0,18002895,18002895,2945
164287,554,438,1111,0,0,11200,0,0,0,18004813,18004813,2945
164302,554,500,1111,0,0,11200,0,0,0,18006758,18006758,2945
164317,554,577,1111,0,0,11200,0,0,0,18008893,18008893,2945
164333,554,626,1111,0,0,11200,0,0,0,18010530,18010530,2945
164348,554,709,1111,0,0,11200,0,0,0,18012428,18012428,2945
164363,554,766,1111,0,0,11200,0,0,0,18013979,18013979,2945
164379,554,824,1111,0,0,11200,0,0,0,18015523,18015523,2945
164394,554,912,1111,0,0,11200,0,0,0,18017341,18017341,2945
164409,554,944,1111,0,0,11200,0,0,0,18018204,18018204,2945
164424,554,998,1111,0,0,11200,0,0,0,18019927,18019927,2945
164439,555,1056,1111,0,0,11200,0,0,0,18021644,18021644,2945
164455,555,16,1111,0,0,11200,0,0,0,18023659,18023659,2945
164470,555,124,1111,0,0,11200,0,0,0,18025970,18025970,2945
164485,555,166,1111,0,0,11200,0,0,0,18027906,18027906,2945
164500,555,221,1111,0,0,11200,0,0,0,18030317,18030317,2945
164515,555,262,1111,0,0,11200,0,0,0,18032274,18032274,2945
164531,555,307,1111,0,0,11200,0,0,0,18034093,18034093,2945
164547,555,369,1111,0,0,11200,0,0,0,18036089,18036089,2945
164562,555,434,1111,0,0,11200,0,0,0,18038053,18038053,2945
164577,555,487,1111,0,0,11200,0,0,0,18039831,18039831,2945
164592,555,559,1111,0,0,11200,0,0,0,18041922,18041922,2945
164607,555,615,1111,0,0,11200,0,0,0,18043616,18043616,2945
164622,555,697,1111,0,0,11200,0,0,0,18045571,18045571,2945
164638,555,757,1111,0,0,11200,0,0,0,18047124,18047124,2945
164653,555,824,1111,0,0,11200,0,0,0,18048758,18048758,2945
164669,555,871,1111,0,0,11200,0,0,0,18050355,18050355,2945
164691,555,938,1111,0,0,11200,0,0,0,18051647,18051647,2945
164706,555,991,1111,0,0,11200,0,0,0,18053290,18053290,2945
164722,556,1032,1111,0,0,11200,0,0,0,18054677,18054677,2945
164737,556,1089,1111,0,0,11200,0,0,0,18056230,18056230,2945
164752,556,33,1111,0,0,11200,0,0,0,18058288,18058288,2945
164767,556,134,1111,0,0,11200,0,0,0,18060427,18060427,2945
164782,556,187,1111,0,0,11200,0,0,0,18062721,18062721,2945
164798,556,241,1111,0,0,11200,0,0,0,18065049,18065049,2945
164813,556,294,1111,0,0,11200,0,0,0,18067120,18067120,2945
164828,556,341,1111,0,0,11200,0,0,0,18068878,18068878,2945
164844,556,397,1111,0,0,11200,0,0,0,18070970,18070970,2945
164859,556,467,1111,0,0,11200,0,0,0,18072778,18072778,2945
164874,556,543,1111,0,0,11200,0,0,0,18074825,18074825,2945
164889,556,639,1111,0,0,11200,0,0,0,18076827,18076827,2945
164905,556,688,1111,0,0,11200,0,0,0,18078294,18078294,2945
164920,556,734,1111,0,0,11200,0,0,0,18079976,18079976,2945
164935,556,782,1111,0,0,11200,0,0,0,18081081,18081081,2945
164951,556,829,1111,0,0,11200,0,0,0,18082591,18082591,2945
164967,556,894,1111,0,0,11200,0,0,0,18084341,18084341,2945
164986,556,938,1111,0,0,11200,0,0,0,18085527,18085527,2945
165006,556,992,1111,0,0,11200,0,0,0,18087331,18087331,2945
165021,557,1077,1111,0,0,11200,0,0,0,18089109,18089109,2945
165037,557,23,1111,0,0,11200,0,0,0,18091330,18091330,2945
165053,557,135,1111,0,0,11200,0,0,0,18093513,18093513,2945
165068,557,194,1111,0,0,11200,0,0,0,18095961,18095961,2945
165083,557,242,1111,0,0,11200,0,0,0,18098272,18098272,2945
165098,557,301,1111,0,0,11200,0,0,0,18100293,18100293,2945
165114,557,346,1111,0,0,11200,0,0,0,18102138,18102138,2945
165129,557,413,1111,0,0,11200,0,0,0,18104247,18104247,2945
165145,557,466,1111,0,0,11200,0,0,0,18106192,18106192,2945
165160,557,528,1111,0,0,11200,0,0,0,18107890,18107890,2945
165175,557,591,1111,0,0,11200,0,0,0,18109590,18109590,2945
165191,557,666,1111,0,0,11200,0,0,0,18111441,18111441,2945
165207,557,728,1111,0,0,11200,0,0,0,18113521,18113521,2945
165223,557,786,1111,0,0,11200,0,0,0,18114771,18114771,2945
165238,557,842,1111,0,0,11200,0,0,0,18116445,18116445,2945
165253,557,913,1111,0,0,11200,0,0,0,18118238,18118238,2945
165273,557,938,1111,0,0,11200,0,0,0,18118922,18118922,2945
165288,557,1010,1111,0,0,11200,0,0,0,18120817,18120817,2945
165304,558,1085,1111,0,0,11200,0,0,0,18122965,18122965,2945
165319,558,32,1111,0,0,11200,0,0,0,18125284,18125284,2945
165335,558,133,1111,0,0,11200,0,0,0,18127437,18127437,2945
165352,558,177,1111,0,0,11200,0,0,0,18129336,18129336,2945
165367,558,224,1111,0,0,11200,0,0,0,18131671,18131671,2945
165382,558,275,1111,0,0,11200,0,0,0,18133979,18133979,2945
165398,558,323,1111,0,0,11200,0,0,0,18136112,18136112,2945
165413,558,386,1111,0,0,11200,0,0,0,18137877,18137877,2945
165428,558,454,1111,0,0,11200,0,0,0,18139811,18139811,2945
165443,558,510,1111,0,0,11200,0,0,0,18141598,18141598,2945
165459,558,577,1111,0,0,11200,0,0,0,18143502,18143502,2945
165474,558,639,1111,0,0,11200,0,0,0,18145200,18145200,2945
165490,558,700,1111,0,0,11200,0,0,0,18146984,18146984,2945
165505,558,736,1111,0,0,11200,0,0,0,18148487,18148487,2945
165520,558,817,1111,0,0,11200,0,0,0,18150218,18150218,2945
165535,558,873,1111,0,0,11200,0,0,0,18152018,18152018,2945
165551,558,955,1111,0,0,11200,0,0,0,18153750,18153750,2945
165567,558,992,1111,0,0,11200,0,0,0,18155102,18155102,2945
165583,559,1072,1111,0,0,11200,0,0,0,18157178,18157178,2945
165598,559,14,1111,0,0,11200,0,0,0,18159123,18159123,2945
165613,559,131,1111,0,0,11200,0,0,0,18161345,18161345,2945
165629,559,180,1111,0,0,11200,0,0,0,18163666,18163666,2945
165644,559,237,1111,0,0,11200,0,0,0,18166023,18166023,2945
165659,559,279,1111,0,0,11200,0,0,0,18167984,18167984,2945
165674,559,341,1111,0,0,11200,0,0,0,18170059,18170059,2945
165689,559,420,1111,0,0,11200,0,0,0,18172145,18172145,2945
165705,559,476,1111,0,0,11200,0,0,0,18173929,18173929,2945
165720,559,538,1111,0,0,11200,0,0,0,18175927,18175927,2945
165735,559,599,1111,0,0,11200,0,0,0,18177827,18177827,2945
165751,559,675,1111,0,0,11200,0,0,0,18179776,18179776,2945
165766,559,722,1111,0,0,11200,0,0,0,18181757,18181757,2945
165783,559,771,1111,0,0,11200,0,0,0,18183295,18183295,2945
165798,559,839,1111,0,0,11200,0,0,0,18184962,18184962,2945
165813,559,934,1111,0,0,11200,0,0,0,18186850,18186850,2945
165829,559,938,1111,0,0,11200,0,0,0,18187038,18187038,2945
165849,559,992,1111,0,0,11200,0,0,0,18188869,18188869,2945
165865,560,1057,1111,0,0,11200,0,0,0,18190575,18190575,2945
165880,560,22,1111,0,0,11200,0,0,0,18192649,18192649,2945
165895,560,135,1111,0,0,11200,0,0,0,18194909,18194909,2945
165911,560,179,1111,0,0,11200,0,0,0,18196943,18196943,2945
165926,560,232,1111,0,0,11200,0,0,0,18199187,18199187,2945
165941,560,278,1111,0,0,11200,0,0,0,18201102,18201102,2945
165957,560,325,1111,0,0,11200,0,0,0,18203221,18203221,2945
165972,560,392,1111,0,0,11200,0,0,0,18205237,18205237,2945
165988,560,466,1111,0,0,11200,0,0,0,18207157,18207157,2945
166003,560,533,1111,0,0,11200,0,0,0,18209135,18209135,2945
166019,560,595,1111,0,0,11200,0,0,0,18211075,18211075,2945
166034,560,661,1111,0,0,11200,0,0,0,18213078,18213078,2945
166050,560,722,1111,0,0,11200,0,0,0,18215100,18215100,2945
166065,560,769,1111,0,0,11200,0,0,0,18216638,18216638,2945
166080,560,829,1111,0,0,11200,0,0,0,18218145,18218145,2945
166096,560,912,1111,0,0,11200,0,0,0,18220052,18220052,2945
166112,560,942,1111,0,0,11200,0,0,0,18221010,18221010,2945
166131,560,992,1111,0,0,11200,0,0,0,18222470,18222470,2945
166146,561,1074,1111,0,0,11200,0,0,0,18224560,18224560,2945
166161,561,31,1111,0,0,11200,0,0,0,18226716,18226716,2945
166176,561,134,1111,0,0,11200,0,0,0,18228876,18228876,2945
166191,561,181,1111,0,0,11200,0,0,0,18230984,18230984,2945
166207,561,228,1111,0,0,11200,0,0,0,18233306,18233306,2945
166223,561,279,1111,0,0,11200,0,0,0,18235413,18235413,2945
166238,561,331,1111,0,0,11200,0,0,0,18237315,18237315,2945
166253,561,385,1111,0,0,11200,0,0,0,18238916,18238916,2945
166269,561,452,1111,0,0,11200,0,0,0,18240950,18240950,2945
166285,561,508,1111,0,0,11200,0,0,0,18242864,18242864,2945
166300,561,576,1111,0,0,11200,0,0,0,18244797,18244797,2945
166315,561,643,1111,0,0,11200,0,0,0,18246572,18246572,2945
166331,561,697,1111,0,0,11200,0,0,0,18248318,18248318,2945
166346,561,740,1111,0,0,11200,0,0,0,18249976,18249976,2945
166365,561,788,1111,0,0,11200,0,0,0,18251089,18251089,2945
166381,561,853,1111,0,0,11200,0,0,0,18252772,18252772,2945
166396,561,924,1111,0,0,11200,0,0,0,18254372,18254372,2945
166411,561,963,1111,0,0,11200,0,0,0,18255480,18255480,2945
166430,562,1027,1111,0,0,11200,0,0,0,18257342,18257342,2945
166448,562,1095,1111,0,0,11200,0,0,0,18259245,18259245,2945
166464,562,48,1111,0,0,11200,0,0,0,18261347,18261347,2945
166479,562,137,1111,0,0,11200,0,0,0,18263337,18263337,2945
166494,562,208,1111,0,0,11200,0,0,0,18265593,18265593,2945
166510,562,249,1111,0,0,11200,0,0,0,18267505,18267505,2945
166525,562,298,1111,0,0,11200,0,0,0,18269499,18269499,2945
166540,562,354,1111,0,0,11200,0,0,0,18271571,18271571,2945
166556,562,417,1111,0,0,11200,0,0,0,18273536,18273536,2945
166571,562,477,1111,0,0,11200,0,0,0,18275323,18275323,2945
166586,562,533,1111,0,0,11200,0,0,0,18277212,18277212,2945
166602,562,595,1111,0,0,11200,0,0,0,18279226,18279226,2945
166617,562,649,1111,0,0,11200,0,0,0,18280957,18280957,2945
166632,562,696,1111,0,0,11200,0,0,0,18282450,18282450,2945
166648,562,752,1111,0,0,11200,0,0,0,18284112,18284112,2945
166663,562,811,1111,0,0,11200,0,0,0,18285579,18285579,2945
166678,562,873,1111,0,0,11200,0,0,0,18287496,18287496,2945
166700,562,938,1111,0,0,11200,0,0,0,18289270,18289270,2945
166715,563,1025,1111,0,0,11200,0,0,0,18291237,18291237,2945
166730,563,1063,1111,0,0,11200,0,0,0,18292916,18292916,2945
166746,563,21,1111,0,0,11200,0,0,0,18295046,18295046,2945
166761,563,132,1111,0,0,11200,0,0,0,18297329,18297329,2945
166776,563,178,1111,0,0,11200,0,0,0,18299513,18299513,2945
166792,563,237,1111,0,0,11200,0,0,0,18301825,18301825,2945
166807,563,294,1111,0,0,11200,0,0,0,18303861,18303861,2945
166823,563,338,1111,0,0,11200,0,0,0,18305327,18305327,2945
166838,563,403,1111,0,0,11200,0,0,0,18307435,18307435,2945
166853,563,465,1111,0,0,11200,0,0,0,18309253,18309253,2945
166868,563,520,1111,0,0,11200,0,0,0,18310990,18310990,2945
166884,563,591,1111,0,0,11200,0,0,0,18312764,18312764,2945
166899,563,654,1111,0,0,11200,0,0,0,18314720,18314720,2945
166914,563,718,1111,0,0,11200,0,0,0,18316717,18316717,2945
166930,563,757,1111,0,0,11200,0,0,0,18318084,18318084,2945
166945,563,786,1111,0,0,11200,0,0,0,18318838,18318838,2945
166960,563,844,1111,0,0,11200,0,0,0,18320580,18320580,2945
166976,563,928,1111,0,0,11200,0,0,0,18322487,18322487,2945
166992,563,938,1111,0,0,11200,0,0,0,18322699,18322699,2945
167016,563,992,1111,0,0,11200,0,0,0,18324287,18324287,2945
167031,564,1064,1111,0,0,11200,0,0,0,18326227,18326227,2945
167047,564,19,1111,0,0,11200,0,0,0,18328258,18328258,2945
167063,564,127,1111,0,0,11200,0,0,0,18330386,18330386,2945
167078,564,192,1111,0,0,11200,0,0,0,18332908,18332908,2945
167093,564,243,1111,0,0,11200,0,0,0,18335145,18335145,2945
167108,564,283,1111,0,0,11200,0,0,0,18337249,18337249,2945
167124,564,335,1111,0,0,11200,0,0,0,18339215,18339215,2945
167139,564,397,1111,0,0,11200,0,0,0,18341287,18341287,2945
167154,564,475,1111,0,0,11200,0,0,0,18343143,18343143,2945
167169,564,538,1111,0,0,11200,0,0,0,18345081,18345081,2945
167184,564,597,1111,0,0,11200,0,0,0,18346899,18346899,2945
167199,564,660,1111,0,0,11200,0,0,0,18348550,18348550,2945
167215,564,726,1111,0,0,11200,0,0,0,18350391,18350391,2945
167230,564,813,1111,0,0,11200,0,0,0,18352158,18352158,2945
167246,564,896,1111,0,0,11200,0,0,0,18353949,18353949,2945
167261,564,938,1111,0,0,11200,0,0,0,18354793,18354793,2945
167277,564,1013,1111,0,0,11200,0,0,0,18356772,18356772,2945
167292,565,1077,1111,0,0,11200,0,0,0,18358688,18358688,2945
167307,565,24,1111,0,0,11200,0,0,0,18360420,18360420,2945
167323,565,133,1111,0,0,11200,0,0,0,18362841,18362841,2945
167338,565,191,1111,0,0,11200,0,0,0,18365098,18365098,2945
167354,565,247,1111,0,0,11200,0,0,0,18367295,18367295,2945
167369,565,286,1111,0,0,11200,0,0,0,18369209,18369209,2945
167384,565,341,1111,0,0,11200,0,0,0,18371282,18371282,2945
167400,565,417,1111,0,0,11200,0,0,0,18373392,18373392,2945
167415,565,482,1111,0,0,11200,0,0,0,18375308,18375308,2945
167430,565,554,1111,0,0,11200,0,0,0,18377332,18377332,2945
167446,565,621,1111,0,0,11200,0,0,0,18379202,18379202,2945
167461,565,676,1111,0,0,11200,0,0,0,18380835,18380835,2945
167476,565,719,1111,0,0,11200,0,0,0,18382236,18382236,2945
167491,565,771,1111,0,0,11200,0,0,0,18383689,18383689,2945
167506,565,839,1111,0,0,11200,0,0,0,18385352,18385352,2945
167522,565,912,1111,0,0,11200,0,0,0,18387049,18387049,2945
167547,565,938,1111,0,0,11200,0,0,0,18387834,18387834,2945
167562,565,985,1111,0,0,11200,0,0,0,18389588,18389588,2945
167578,566,1045,1111,0,0,11200,0,0,0,18391373,18391373,2945
167593,566,7,1111,0,0,11200,0,0,0,18393107,18393107,2945
167609,566,108,1111,0,0,11200,0,0,0,18395474,18395474,2945
167624,566,163,1111,0,0,11200,0,0,0,18397509,18397509,2945
167640,566,220,1111,0,0,11200,0,0,0,18399828,18399828,2945
167656,566,265,1111,0,0,11200,0,0,0,18402045,18402045,2945
167671,566,310,1111,0,0,11200,0,0,0,18403950,18403950,2945
167687,566,375,1111,0,0,11200,0,0,0,18405996,18405996,2945
167702,566,435,1111,0,0,11200,0,0,0,18408015,18408015,2945
167717,566,503,1111,0,0,11200,0,0,0,18409989,18409989,2945
167732,566,577,1111,0,0,11200,0,0,0,18411923,18411923,2945
167748,566,645,1111,0,0,11200,0,0,0,18413792,18413792,2945
167763,566,708,1111,0,0,11200,0,0,0,18415625,18415625,2945
167779,566,740,1111,0,0,11200,0,0,0,18417221,18417221,2945
167794,566,813,1111,0,0,11200,0,0,0,18418937,18418937,2945
167809,566,861,1111,0,0,11200,0,0,0,18420537,18420537,2945
167837,566,938,1111,0,0,11200,0,0,0,18422226,18422226,2945
167853,566,984,1111,0,0,11200,0,0,0,18423937,18423937,2945
167868,567,1027,1111,0,0,11200,0,0,0,18424907,18424907,2945
167883,567,1099,1111,0,0,11200,0,0,0,18426775,18426775,2945
167899,567,106,1111,0,0,11200,0,0,0,18429058,18429058,2945
167914,567,168,1111,0,0,11200,0,0,0,18431217,18431217,2945
167929,567,224,1111,0,0,11200,0,0,0,18433569,18433569,2945
167944,567,261,1111,0,0,11200,0,0,0,18435614,18435614,2945
167959,567,310,1111,0,0,11200,0,0,0,18437613,18437613,2945
167974,567,380,1111,0,0,11200,0,0,0,18439477,18439477,2945
167989,567,449,1111,0,0,11200,0,0,0,18441468,18441468,2945
168005,567,489,1111,0,0,11200,0,0,0,18443333,18443333,2945
168020,567,556,1111,0,0,11200,0,0,0,18445169,18445169,2945
168035,567,609,1111,0,0,11200,0,0,0,18446996,18446996,2945
168051,567,675,1111,0,0,11200,0,0,0,18448871,18448871,2945
168066,567,725,1111,0,0,11200,0,0,0,18450758,18450758,2945
168081,567,789,1111,0,0,11200,0,0,0,18452217,18452217,2945
168096,567,844,1111,0,0,11200,0,0,0,18453913,18453913,2945
168111,567,928,1111,0,0,11200,0,0,0,18455584,18455584,2945
168130,567,992,1111,0,0,11200,0,0,0,18457469,18457469,2945
168145,568,1061,1111,0,0,11200,0,0,0,18459478,18459478,2945
168160,568,13,1111,0,0,11200,0,0,0,18461503,18461503,2945
168175,568,122,1111,0,0,11200,0,0,0,18463773,18463773,2945
168190,568,176,1111,0,0,11200,0,0,0,18466051,18466051,2945
168206,568,225,1111,0,0,11200,0,0,0,18468206,18468206,2945
168221,568,268,1111,0,0,11200,0,0,0,18470418,18470418,2945
168236,568,325,1111,0,0,11200,0,0,0,18472472,18472472,2945
168252,568,376,1111,0,0,11200,0,0,0,18474178,18474178,2945
168268,568,453,1111,0,0,11200,0,0,0,18476255,18476255,2945
168283,568,508,1111,0,0,11200,0,0,0,18478022,18478022,2945
168298,568,578,1111,0,0,11200,0,0,0,18479996,18479996,2945
168314,568,651,1111,0,0,11200,0,0,0,18481834,18481834,2945
168329,568,702,1111,0,0,11200,0,0,0,18483181,18483181,2945
168344,568,767,1111,0,0,11200,0,0,0,18484981,18484981,2945
168359,568,824,1111,0,0,11200,0,0,0,18486447,18486447,2945
168374,568,888,1111,0,0,11200,0,0,0,18488201,18488201,2945
168390,568,938,1111,0,0,11200,0,0,0,18489375,18489375,2945
168406,568,992,1111,0,0,11200,0,0,0,18490906,18490906,2945
168422,569,1072,1111,0,0,11200,0,0,0,18492835,18492835,2945
168437,569,17,1111,0,0,11200,0,0,0,18494733,18494733,2945
168452,569,133,1111,0,0,11200,0,0,0,18497106,18497106,2945
168468,569,182,1111,0,0,11200,0,0,0,18499356,18499356,2945
168483,569,232,1111,0,0,11200,0,0,0,18501750,18501750,2945
168499,569,278,1111,0,0,11200,0,0,0,18503788,18503788,2945
168514,569,332,1111,0,0,11200,0,0,0,18505733,18505733,2945
168529,569,388,1111,0,0,11200,0,0,0,18507681,18507681,2945
168544,569,440,1111,0,0,11200,0,0,0,18509559,18509559,2945
168559,569,503,1111,0,0,11200,0,0,0,18511283,18511283,2945
168575,569,579,1111,0,0,11200,0,0,0,18513231,18513231,2945
168590,569,644,1111,0,0,11200,0,0,0,18514943,18514943,2945
168606,569,715,1111,0,0,11200,0,0,0,18516922,18516922,2945
168621,569,761,1111,0,0,11200,0,0,0,18518466,18518466,2945
168636,569,834,1111,0,0,11200,0,0,0,18520164,18520164,2945
168652,569,911,1111,0,0,11200,0,0,0,18522006,18522006,2945
168667,569,974,1111,0,0,11200,0,0,0,18523942,18523942,2945
168682,570,1038,1111,0,0,11200,0,0,0,18525281,18525281,2945
168697,570,1103,1111,0,0,11200,0,0,0,18527072,18527072,2945
168713,570,106,1111,0,0,11200,0,0,0,18529218,18529218,2945
168728,570,150,1111,0,0,11200,0,0,0,18531354,18531354,2945
168744,570,220,1111,0,0,11200,0,0,0,18533622,18533622,2945
168759,570,268,1111,0,0,11200,0,0,0,18535810,18535810,2945
168774,570,310,1111,0,0,11200,0,0,0,18537583,18537583,2945
168789,570,363,1111,0,0,11200,0,0,0,18539511,18539511,2945
168804,570,421,1111,0,0,11200,0,0,0,18541470,18541470,2945
168820,570,478,1111,0,0,11200,0,0,0,18543237,18543237,2945
168835,570,543,1111,0,0,11200,0,0,0,18545096,18545096,2945
168850,570,597,1111,0,0,11200,0,0,0,18547011,18547011,2945
168865,570,661,1111,0,0,11200,0,0,0,18548716,18548716,2945
168881,570,720,1111,0,0,11200,0,0,0,18550684,18550684,2945
168896,570,760,1111,0,0,11200,0,0,0,18552108,18552108,2945
168911,570,820,1111,0,0,11200,0,0,0,18553808,18553808,2945
168926,570,873,1111,0,0,11200,0,0,0,18555515,18555515,2945
168949,570,938,1111,0,0,11200,0,0,0,18556793,18556793,2945
168966,570,992,1111,0,0,11200,0,0,0,18558557,18558557,2945
168982,571,1057,1111,0,0,11200,0,0,0,18560244,18560244,2945
168997,571,16,1111,0,0,11200,0,0,0,18562183,18562183,2945
169012,571,118,1111,0,0,11200,0,0,0,18564406,18564406,2945
169027,571,185,1111,0,0,11200,0,0,0,18566655,18566655,2945
169042,571,238,1111,0,0,11200,0,0,0,18568915,18568915,2945
169058,571,278,1111,0,0,11200,0,0,0,18570828,18570828,2945
169073,571,341,1111,0,0,11200,0,0,0,18572978,18572978,2945
169088,571,413,1111,0,0,11200,0,0,0,18575036,18575036,2945
169103,571,473,1111,0,0,11200,0,0,0,18577041,18577041,2945
169118,571,530,1111,0,0,11200,0,0,0,18578978,18578978,2945
169134,571,579,1111,0,0,11200,0,0,0,18580673,18580673,2945
169149,571,635,1111,0,0,11200,0,0,0,18582459,18582459,2945
169164,571,709,1111,0,0,11200,0,0,0,18584378,18584378,2945
169180,571,756,1111,0,0,11200,0,0,0,18585840,18585840,2945
169196,571,817,1111,0,0,11200,0,0,0,18587480,18587480,2945
169211,571,884,1111,0,0,11200,0,0,0,18589129,18589129,2945
169233,571,938,1111,0,0,11200,0,0,0,18590351,18590351,2945
169249,571,993,1111,0,0,11200,0,0,0,18592242,18592242,2945
169264,572,1047,1111,0,0,11200,0,0,0,18594067,18594067,2945
169279,572,9,1111,0,0,11200,0,0,0,18595848,18595848,2945
169294,572,113,1111,0,0,11200,0,0,0,18598073,18598073,2945
169309,572,168,1111,0,0,11200,0,0,0,18600182,18600182,2945
169324,572,224,1111,0,0,11200,0,0,0,18602345,18602345,2945
169340,572,268,1111,0,0,11200,0,0,0,18604470,18604470,2945
169355,572,313,1111,0,0,11200,0,0,0,18606239,18606239,2945
169370,572,378,1111,0,0,11200,0,0,0,18608245,18608245,2945
169385,572,455,1111,0,0,11200,0,0,0,18610305,18610305,2945
169401,572,507,1111,0,0,11200,0,0,0,18612251,18612251,2945
169416,572,574,1111,0,0,11200,0,0,0,18614284,18614284,2945
169431,572,626,1111,0,0,11200,0,0,0,18616059,18616059,2945
169446,572,697,1111,0,0,11200,0,0,0,18618022,18618022,2945
169462,572,748,1111,0,0,11200,0,0,0,18619764,18619764,2945
169478,572,801,1111,0,0,11200,0,0,0,18621260,18621260,2945
169494,572,870,1111,0,0,11200,0,0,0,18623207,18623207,2945
169512,572,938,1111,0,0,11200,0,0,0,18624829,18624829,2945
169527,572,992,1111,0,0,11200,0,0,0,18626245,18626245,2945
169542,573,1057,1111,0,0,11200,0,0,0,18628084,18628084,2945
169558,573,12,1111,0,0,11200,0,0,0,18630119,18630119,2945
169573,573,113,1111,0,0,11200,0,0,0,18632142,18632142,2945
169588,573,169,1111,0,0,11200,0,0,0,18634461,18634461,2945
169604,573,224,1111,0,0,11200,0,0,0,18636628,18636628,2945
169619,573,269,1111,0,0,11200,0,0,0,18638745,18638745,2945
169634,573,322,1111,0,0,11200,0,0,0,18640878,18640878,2945
169649,573,391,1111,0,0,11200,0,0,0,18643030,18643030,2945
169664,573,464,1111,0,0,11200,0,0,0,18645085,18645085,2945
169681,573,537,1111,0,0,11200,0,0,0,18647049,18647049,2945
169697,573,604,1111,0,0,11200,0,0,0,18648707,18648707,2945
169714,573,666,1111,0,0,11200,0,0,0,18650445,18650445,2945
169729,573,734,1111,0,0,11200,0,0,0,18652273,18652273,2945
169744,573,797,1111,0,0,11200,0,0,0,18653797,18653797,2945
169760,573,864,1111,0,0,11200,0,0,0,18655937,18655937,2945
169786,573,938,1111,0,0,11200,0,0,0,18657096,18657096,2945
169807,573,992,1111,0,0,11200,0,0,0,18659025,18659025,2945
169823,574,1060,1111,0,0,11200,0,0,0,18660960,18660960,2945
169838,574,28,1111,0,0,11200,0,0,0,18663107,18663107,2945
169854,574,141,1111,0,0,11200,0,0,0,18665287,18665287,2945
169869,574,192,1111,0,0,11200,0,0,0,18667594,18667594,2945
169884,574,254,1111,0,0,11200,0,0,0,18669782,18669782,2945
169899,574,297,1111,0,0,11200,0,0,0,18671722,18671722,2945
169915,574,363,1111,0,0,11200,0,0,0,18673836,18673836,2945
169930,574,437,1111,0,0,11200,0,0,0,18675835,18675835,2945
169945,574,481,1111,0,0,11200,0,0,0,18677545,18677545,2945
169961,574,554,1111,0,0,11200,0,0,0,18679686,18679686,2945
169976,574,612,1111,0,0,11200,0,0,0,18681646,18681646,2945
169991,574,666,1111,0,0,11200,0,0,0,18683172,18683172,2945
170007,574,729,1111,0,0,11200,0,0,0,18684982,18684982,2945
170022,574,783,1111,0,0,11200,0,0,0,18686429,18686429,2945
170037,574,829,1111,0,0,11200,0,0,0,18688035,18688035,2945
170053,574,885,1111,0,0,11200,0,0,0,18689697,18689697,2945
170068,574,947,1111,0,0,11200,0,0,0,18691508,18691508,2945
170084,574,992,1111,0,0,11200,0,0,0,18692840,18692840,2945
170100,575,1057,1111,0,0,11200,0,0,0,18694944,18694944,2945
170115,575,12,1111,0,0,11200,0,0,0,18696874,18696874,2945
170130,575,111,1111,0,0,11200,0,0,0,18699279,18699279,2945
170145,575,158,1111,0,0,11200,0,0,0,18701419,18701419,2945
170161,575,215,1111,0,0,11200,0,0,0,18703846,18703846,2945
170176,575,265,1111,0,0,11200,0,0,0,18705942,18705942,2945
170191,575,319,1111,0,0,11200,0,0,0,18707977,18707977,2945
170207,575,368,1111,0,0,11200,0,0,0,18709745,18709745,2945
170222,575,430,1111,0,0,11200,0,0,0,18711699,18711699,2945
170237,575,487,1111,0,0,11200,0,0,0,18713575,18713575,2945
170252,575,554,1111,0,0,11200,0,0,0,18715490,18715490,2945
170268,575,615,1111,0,0,11200,0,0,0,18717265,18717265,2945
170283,575,696,1111,0,0,11200,0,0,0,18718996,18718996,2945
170299,575,737,1111,0,0,11200,0,0,0,18720605,18720605,2945
170318,575,788,1111,0,0,11200,0,0,0,18721776,18721776,2945
170333,575,834,1111,0,0,11200,0,0,0,18723419,18723419,2945
170349,575,922,1111,0,0,11200,0,0,0,18725255,18725255,2945
170364,575,942,1111,0,0,11200,0,0,0,18726028,18726028,2945
170379,575,998,1111,0,0,11200,0,0,0,18727885,18727885,2945
170394,576,1077,1111,0,0,11200,0,0,0,18729847,18729847,2945
170409,576,21,1111,0,0,11200,0,0,0,18731839,18731839,2945
170425,576,132,1111,0,0,11200,0,0,0,18734110,18734110,2945
170440,576,181,1111,0,0,11200,0,0,0,18736295,18736295,2945
170455,576,239,1111,0,0,11200,0,0,0,18738831,18738831,2945
170471,576,281,1111,0,0,11200,0,0,0,18740854,18740854,2945
170486,576,322,1111,0,0,11200,0,0,0,18742987,18742987,2945
170501,576,378,1111,0,0,11200,0,0,0,18744916,18744916,2945
170516,576,447,1111,0,0,11200,0,0,0,18747010,18747010,2945
170531,576,503,1111,0,0,11200,0,0,0,18748865,18748865,2945
170546,576,576,1111,0,0,11200,0,0,0,18750819,18750819,2945
170562,576,641,1111,0,0,11200,0,0,0,18752646,18752646,2945
170578,576,700,1111,0,0,11200,0,0,0,18754501,18754501,2945
170593,576,753,1111,0,0,11200,0,0,0,18756173,18756173,2945
170609,576,821,1111,0,0,11200,0,0,0,18757857,18757857,2945
170624,576,885,1111,0,0,11200,0,0,0,18759337,18759337,2945
170645,576,938,1111,0,0,11200,0,0,0,18760390,18760390,2945
170660,576,987,1111,0,0,11200,0,0,0,18762142,18762142,2945
170676,577,1031,1111,0,0,11200,0,0,0,18763324,18763324,2945
170691,577,1109,1111,0,0,11200,0,0,0,18765330,18765330,2945
170706,577,106,1111,0,0,11200,0,0,0,18767571,18767571,2945
170722,577,161,1111,0,0,11200,0,0,0,18769561,18769561,2945
170737,577,212,1111,0,0,11200,0,0,0,18771556,18771556,2945
170752,577,259,1111,0,0,11200,0,0,0,18773760,18773760,2945
170768,577,310,1111,0,0,11200,0,0,0,18775720,18775720,2945
170783,577,375,1111,0,0,11200,0,0,0,18777760,18777760,2945
170798,577,449,1111,0,0,11200,0,0,0,18779827,18779827,2945
170813,577,503,1111,0,0,11200,0,0,0,18781712,18781712,2945
170829,577,565,1111,0,0,11200,0,0,0,18783394,18783394,2945
170844,577,643,1111,0,0,11200,0,0,0,18785364,18785364,2945
170859,577,687,1111,0,0,11200,0,0,0,18786794,18786794,2945
170876,577,734,1111,0,0,11200,0,0,0,18788674,18788674,2945
170891,577,769,1111,0,0,11200,0,0,0,18789849,18789849,2945
170907,577,838,1111,0,0,11200,0,0,0,18791595,18791595,2945
170922,577,896,1111,0,0,11200,0,0,0,18793237,18793237,2945
170947,577,938,1111,0,0,11200,0,0,0,18794203,18794203,2945
170962,577,998,1111,0,0,11200,0,0,0,18795830,18795830,2945
170978,578,1077,1111,0,0,11200,0,0,0,18797536,18797536,2945
170993,578,28,1111,0,0,11200,0,0,0,18799525,18799525,2945
171008,578,142,1111,0,0,11200,0,0,0,18801856,18801856,2945
171024,578,208,1111,0,0,11200,0,0,0,18804155,18804155,2945
171039,578,261,1111,0,0,11200,0,0,0,18806272,18806272,2945
171054,578,309,1111,0,0,11200,0,0,0,18808175,18808175,2945
171070,578,374,1111,0,0,11200,0,0,0,18810335,18810335,2945
171085,578,439,1111,0,0,11200,0,0,0,18812236,18812236,2945
171100,578,498,1111,0,0,11200,0,0,0,18814013,18814013,2945
171115,578,571,1111,0,0,11200,0,0,0,18816039,18816039,2945
171130,578,615,1111,0,0,11200,0,0,0,18817406,18817406,2945
171145,578,682,1111,0,0,11200,0,0,0,18819144,18819144,2945
171160,578,733,1111,0,0,11200,0,0,0,18820990,18820990,2945
171176,578,791,1111,0,0,11200,0,0,0,18822344,18822344,2945
171191,578,850,1111,0,0,11200,0,0,0,18824000,18824000,2945
171206,578,931,1111,0,0,11200,0,0,0,18825891,18825891,2945
171221,578,975,1111,0,0,11200,0,0,0,18827120,18827120,2945
171236,578,1021,1111,0,0,11200,0,0,0,18828424,18828424,2945
171252,579,1078,1111,0,0,11200,0,0,0,18830394,18830394,2945
171267,579,21,1111,0,0,11200,0,0,0,18832264,18832264,2945
171283,579,129,1111,0,0,11200,0,0,0,18834464,18834464,2945
171298,579,177,1111,0,0,11200,0,0,0,18836587,18836587,2945
171314,579,240,1111,0,0,11200,0,0,0,18839127,18839127,2945
171329,579,281,1111,0,0,11200,0,0,0,18841168,18841168,2945
171346,579,334,1111,0,0,11200,0,0,0,18843242,18843242,2945
171362,579,397,1111,0,0,11200,0,0,0,18845233,18845233,2945
171377,579,467,1111,0,0,11200,0,0,0,18847192,18847192,2945
171392,579,544,1111,0,0,11200,0,0,0,18849109,18849109,2945
171407,579,599,1111,0,0,11200,0,0,0,18850877,18850877,2945
171423,579,665,1111,0,0,11200,0,0,0,18852585,18852585,2945
171438,579,718,1111,0,0,11200,0,0,0,18854500,18854500,2945
171453,579,782,1111,0,0,11200,0,0,0,18855999,18855999,2945
171470,579,829,1111,0,0,11200,0,0,0,18857375,18857375,2945
171485,579,912,1111,0,0,11200,0,0,0,18859266,18859266,2945
171500,579,984,1111,0,0,11200,0,0,0,18861463,18861463,2945
171517,580,1057,1111,0,0,11200,0,0,0,18863326,18863326,2945
171532,580,10,1111,0,0,11200,0,0,0,18865303,18865303,2945
171547,580,122,1111,0,0,11200,0,0,0,18867667,18867667,2945
171562,580,174,1111,0,0,11200,0,0,0,18869931,18869931,2945
171578,580,232,1111,0,0,11200,0,0,0,18872298,18872298,2945
171593,580,281,1111,0,0,11200,0,0,0,18874563,18874563,2945
171608,580,335,1111,0,0,11200,0,0,0,18876337,18876337,2945
171623,580,413,1111,0,0,11200,0,0,0,18878517,18878517,2945
171639,580,472,1111,0,0,11200,0,0,0,18880422,18880422,2945
171654,580,538,1111,0,0,11200,0,0,0,18882462,18882462,2945
171670,580,605,1111,0,0,11200,0,0,0,18884321,18884321,2945
171685,580,679,1111,0,0,11200,0,0,0,18886356,18886356,2945
171700,580,733,1111,0,0,11200,0,0,0,18888130,18888130,2945
171715,580,789,1111,0,0,11200,0,0,0,18889434,18889434,2945
171730,580,853,1111,0,0,11200,0,0,0,18891160,18891160,2945
171746,580,928,1111,0,0,11200,0,0,0,18892961,18892961,2945
171761,580,960,1111,0,0,11200,0,0,0,18894342,18894342,2945
171777,581,1023,1111,0,0,11200,0,0,0,18895921,18895921,2945
171792,581,1081,1111,0,0,11200,0,0,0,18897721,18897721,2945
171807,581,31,1111,0,0,11200,0,0,0,18899582,18899582,2945
171822,581,142,1111,0,0,11200,0,0,0,18901807,18901807,2945
171837,581,191,1111,0,0,11200,0,0,0,18903729,18903729,2945
171852,581,251,1111,0,0,11200,0,0,0,18905970,18905970,2945
171868,581,306,1111,0,0,11200,0,0,0,18907931,18907931,2945
171884,581,359,1111,0,0,11200,0,0,0,18910091,18910091,2945
171899,581,430,1111,0,0,11200,0,0,0,18912109,18912109,2945
171914,581,483,1111,0,0,11200,0,0,0,18913830,18913830,2945
171929,581,544,1111,0,0,11200,0,0,0,18915631,18915631,2945
171944,581,611,1111,0,0,11200,0,0,0,18917685,18917685,2945
171960,581,681,1111,0,0,11200,0,0,0,18919537,18919537,2945
171975,581,723,1111,0,0,11200,0,0,0,18921268,18921268,2945
171991,581,781,1111,0,0,11200,0,0,0,18922572,18922572,2945
172006,581,838,1111,0,0,11200,0,0,0,18924187,18924187,2945
172022,581,928,1111,0,0,11200,0,0,0,18926216,18926216,2945
172037,581,948,1111,0,0,11200,0,0,0,18926980,18926980,2945
172052,581,998,1111,0,0,11200,0,0,0,18928618,18928618,2945
172068,582,1078,1111,0,0,11200,0,0,0,18930516,18930516,2945
172084,582,21,1111,0,0,11200,0,0,0,18932595,18932595,2945
172099,582,134,1111,0,0,11200,0,0,0,18934629,18934629,2945
172114,582,189,1111,0,0,11200,0,0,0,18936817,18936817,2945
172129,582,243,1111,0,0,11200,0,0,0,18939022,18939022,2945
172144,582,289,1111,0,0,11200,0,0,0,18941048,18941048,2945
172160,582,350,1111,0,0,11200,0,0,0,18943092,18943092,2945
172175,582,418,1111,0,0,11200,0,0,0,18945055,18945055,2945
172190,582,476,1111,0,0,11200,0,0,0,18947005,18947005,2945
172205,582,528,1111,0,0,11200,0,0,0,18948828,18948828,2945
172221,582,599,1111,0,0,11200,0,0,0,18950565,18950565,2945
172236,582,666,1111,0,0,11200,0,0,0,18952156,18952156,2945
172251,582,713,1111,0,0,11200,0,0,0,18953847,18953847,2945
172267,582,767,1111,0,0,11200,0,0,0,18955424,18955424,2945
172282,582,821,1111,0,0,11200,0,0,0,18956975,18956975,2945
172297,582,871,1111,0,0,11200,0,0,0,18958641,18958641,2945
172312,582,949,1111,0,0,11200,0,0,0,18960465,18960465,2945
172329,582,992,1111,0,0,11200,0,0,0,18962001,18962001,2945
172344,583,1063,1111,0,0,11200,0,0,0,18963873,18963873,2945
172359,583,10,1111,0,0,11200,0,0,0,18965719,18965719,2945
172374,583,124,1111,0,0,11200,0,0,0,18967888,18967888,2945
172390,583,177,1111,0,0,11200,0,0,0,18970066,18970066,2945
172405,583,219,1111,0,0,11200,0,0,0,18972030,18972030,2945
172420,583,266,1111,0,0,11200,0,0,0,18974271,18974271,2945
172435,583,314,1111,0,0,11200,0,0,0,18976182,18976182,2945
172451,583,383,1111,0,0,11200,0,0,0,18978269,18978269,2945
172466,583,452,1111,0,0,11200,0,0,0,18980197,18980197,2945
172481,583,502,1111,0,0,11200,0,0,0,18981946,18981946,2945
172496,583,583,1111,0,0,11200,0,0,0,18983869,18983869,2945
172512,583,645,1111,0,0,11200,0,0,0,18985766,18985766,2945
172527,583,700,1111,0,0,11200,0,0,0,18987442,18987442,2945
172542,583,752,1111,0,0,11200,0,0,0,18989065,18989065,2945
172557,583,820,1111,0,0,11200,0,0,0,18990697,18990697,2945
172572,583,883,1111,0,0,11200,0,0,0,18992300,18992300,2945
172598,583,938,1111,0,0,11200,0,0,0,18993680,18993680,2945
172620,583,992,1111,0,0,11200,0,0,0,18995531,18995531,2945
172636,584,1051,1111,0,0,11200,0,0,0,18997105,18997105,2945
172651,584,14,1111,0,0,11200,0,0,0,18999167,18999167,2945
172666,584,125,1111,0,0,11200,0,0,0,19001351,19001351,2945
172681,584,172,1111,0,0,11200,0,0,0,19003464,19003464,2945
172697,584,224,1111,0,0,11200,0,0,0,19005583,19005583,2945
172712,584,266,1111,0,0,11200,0,0,0,19007547,19007547,2945
172727,584,320,1111,0,0,11200,0,0,0,19009604,19009604,2945
172742,584,388,1111,0,0,11200,0,0,0,19011750,19011750,2945
172758,584,466,1111,0,0,11200,0,0,0,19013626,19013626,2945
172776,584,537,1111,0,0,11200,0,0,0,19015464,19015464,2945
172791,584,608,1111,0,0,11200,0,0,0,19017411,19017411,2945
172806,584,665,1111,0,0,11200,0,0,0,19018991,19018991,2945
172822,584,726,1111,0,0,11200,0,0,0,19021018,19021018,2945
172838,584,785,1111,0,0,11200,0,0,0,19022378,19022378,2945
172853,584,855,1111,0,0,11200,0,0,0,19024184,19024184,2945
172868,584,933,1111,0,0,11200,0,0,0,19026033,19026033,2945
172886,584,938,1111,0,0,11200,0,0,0,19026301,19026301,2945
172905,584,992,1111,0,0,11200,0,0,0,19028030,19028030,2945
172920,585,1077,1111,0,0,11200,0,0,0,19030070,19030070,2945
172935,585,27,1111,0,0,11200,0,0,0,19032282,19032282,2945
172951,585,139,1111,0,0,11200,0,0,0,19034554,19034554,2945
172967,585,184,1111,0,0,11200,0,0,0,19036292,19036292,2945
172982,585,235,1111,0,0,11200,0,0,0,19038415,19038415,2945
172997,585,269,1111,0,0,11200,0,0,0,19040530,19040530,2945
173012,585,320,1111,0,0,11200,0,0,0,19042609,19042609,2945
173027,585,383,1111,0,0,11200,0,0,0,19044660,19044660,2945
173043,585,453,1111,0,0,11200,0,0,0,19046698,19046698,2945
173058,585,507,1111,0,0,11200,0,0,0,19048516,19048516,2945
173073,585,576,1111,0,0,11200,0,0,0,19050228,19050228,2945
173088,585,644,1111,0,0,11200,0,0,0,19052067,19052067,2945
173103,585,708,1111,0,0,11200,0,0,0,19053869,19053869,2945
173118,585,767,1111,0,0,11200,0,0,0,19055544,19055544,2945
173134,585,821,1111,0,0,11200,0,0,0,19057096,19057096,2945
173149,585,880,1111,0,0,11200,0,0,0,19058657,19058657,2945
173175,585,938,1111,0,0,11200,0,0,0,19059877,19059877,2945
173193,585,992,1111,0,0,11200,0,0,0,19061719,19061719,2945
173208,586,1057,1111,0,0,11200,0,0,0,19063608,19063608,2945
173223,586,3,1111,0,0,11200,0,0,0,19065409,19065409,2945
173238,586,117,1111,0,0,11200,0,0,0,19067766,19067766,2945
173253,586,175,1111,0,0,11200,0,0,0,19070235,19070235,2945
173268,586,239,1111,0,0,11200,0,0,0,19072439,19072439,2945
173283,586,290,1111,0,0,11200,0,0,0,19074575,19074575,2945
173298,586,342,1111,0,0,11200,0,0,0,19076363,19076363,2945
173314,586,414,1111,0,0,11200,0,0,0,19078382,19078382,2945
