# relative_time, cycles_done, cur_item, corpus_count, pending_total, pending_favs, total_edges, saved_crashes, saved_hangs, max_depth, execs_per_sec, execs_done, edges_found16,0,110,271,231,0,11200,0,0,0,2673,2673,2204
31,0,155,311,232,0,11200,0,0,0,5065,5065,2322
47,0,214,349,232,0,11200,0,0,0,7456,7456,2353
62,0,265,379,225,0,11200,0,0,0,9598,9598,2374
77,0,326,412,223,0,11200,0,0,0,11901,11901,2396
93,0,391,443,216,0,11200,0,0,0,14188,14188,2420
108,0,466,489,223,0,11200,0,0,0,16576,16576,2466
124,0,491,498,221,0,11200,0,0,0,17571,17571,2471
140,1,101,507,223,0,11200,0,0,0,19462,19462,2536
155,1,150,513,229,0,11200,0,0,0,22045,22045,2543
170,1,215,517,232,0,11200,0,0,0,24379,24379,2545
186,1,264,526,241,0,11200,0,0,0,26606,26606,2558
202,1,321,534,249,0,11200,0,0,0,28895,28895,2564
217,1,390,540,253,0,11200,0,0,0,31311,31311,2566
232,1,445,557,268,0,11200,0,0,0,33467,33467,2589
248,1,502,565,273,0,11200,0,0,0,35118,35118,2607
264,1,567,586,257,0,11200,0,0,0,37329,37329,2621
279,2,8,604,254,0,11200,0,0,0,39238,39238,2628
294,2,125,606,252,0,11200,0,0,0,42028,42028,2628
310,2,182,610,256,0,11200,0,0,0,44465,44465,2634
325,2,238,611,255,0,11200,0,0,0,46689,46689,2634
341,2,305,614,257,0,11200,0,0,0,49178,49178,2643
356,2,391,617,260,0,11200,0,0,0,51484,51484,2645
371,2,464,621,262,0,11200,0,0,0,53775,53775,2647
386,2,519,623,262,0,11200,0,0,0,55712,55712,2648
401,2,571,633,270,0,11200,0,0,0,57847,57847,2650
416,2,615,643,271,0,11200,0,0,0,59510,59510,2650
432,3,13,655,265,0,11200,0,0,0,61650,61650,2677
447,3,120,658,264,0,11200,0,0,0,64090,64090,2677
463,3,182,659,265,0,11200,0,0,0,66563,66563,2677
479,3,246,659,265,0,11200,0,0,0,69077,69077,2677
494,3,308,661,265,0,11200,0,0,0,71528,71528,2680
509,3,384,663,266,0,11200,0,0,0,73954,73954,2690
525,3,446,663,264,0,11200,0,0,0,76108,76108,2690
541,3,497,663,264,0,11200,0,0,0,77616,77616,2690
556,3,552,665,266,0,11200,0,0,0,79626,79626,2690
571,3,619,672,273,0,11200,0,0,0,81557,81557,2702
586,4,0,680,270,0,11200,0,0,0,83148,83148,2707
602,4,112,681,267,0,11200,0,0,0,85747,85747,2707
617,4,163,682,268,0,11200,0,0,0,88236,88236,2707
633,4,226,682,268,0,11200,0,0,0,90700,90700,2707
648,4,276,683,269,0,11200,0,0,0,92871,92871,2710
663,4,353,684,268,0,11200,0,0,0,95121,95121,2711
679,4,405,685,268,0,11200,0,0,0,97331,97331,2711
697,4,473,688,271,0,11200,0,0,0,99158,99158,2712
712,4,524,692,274,0,11200,0,0,0,100983,100983,2718
727,4,589,697,278,0,11200,0,0,0,103137,103137,2721
742,4,658,698,277,0,11200,0,0,0,105184,105184,2721
757,5,9,703,269,0,11200,0,0,0,106893,106893,2723
773,5,114,703,265,0,11200,0,0,0,109558,109558,2723
788,5,165,703,265,0,11200,0,0,0,112139,112139,2723
803,5,219,706,267,0,11200,0,0,0,114375,114375,2733
818,5,269,708,268,0,11200,0,0,0,116742,116742,2733
833,5,340,710,269,0,11200,0,0,0,118722,118722,2733
848,5,394,710,268,0,11200,0,0,0,120758,120758,2733
867,5,473,710,267,0,11200,0,0,0,122981,122981,2733
882,5,515,713,268,0,11200,0,0,0,124725,124725,2734
898,5,562,714,267,0,11200,0,0,0,126767,126767,2736
913,5,607,714,267,0,11200,0,0,0,128680,128680,2736
929,5,677,717,268,0,11200,0,0,0,130603,130603,2737
944,6,13,722,265,0,11200,0,0,0,132628,132628,2739
960,6,132,723,261,0,11200,0,0,0,135671,135671,2740
975,6,168,723,260,0,11200,0,0,0,137930,137930,2740
990,6,227,723,259,0,11200,0,0,0,140246,140246,2740
1005,6,276,724,260,0,11200,0,0,0,142502,142502,2741
1021,6,346,725,260,0,11200,0,0,0,144756,144756,2741
1036,6,423,726,261,0,11200,0,0,0,147013,147013,2741
1051,6,490,726,257,0,11200,0,0,0,148926,148926,2741
1067,6,548,729,258,0,11200,0,0,0,150896,150896,2745
1082,6,602,733,262,0,11200,0,0,0,153135,153135,2745
1097,6,667,734,263,0,11200,0,0,0,155088,155088,2745
1119,6,710,735,262,0,11200,0,0,0,156686,156686,2745
1134,7,31,736,256,0,11200,0,0,0,158918,158918,2745
1149,7,148,737,257,0,11200,0,0,0,161520,161520,2745
1165,7,201,737,255,0,11200,0,0,0,163953,163953,2745
1180,7,244,738,256,0,11200,0,0,0,166030,166030,2745
1195,7,307,739,256,0,11200,0,0,0,168404,168404,2745
1210,7,384,740,257,0,11200,0,0,0,170681,170681,2746
1226,7,444,743,259,0,11200,0,0,0,172764,172764,2753
1241,7,489,744,259,0,11200,0,0,0,174373,174373,2753
1256,7,552,744,259,0,11200,0,0,0,176626,176626,2753
1271,7,598,745,260,0,11200,0,0,0,178433,178433,2753
1286,7,664,747,261,0,11200,0,0,0,180395,180395,2763
1302,7,732,748,261,0,11200,0,0,0,182735,182735,2764
1317,8,43,750,255,0,11200,0,0,0,185182,185182,2765
1332,8,142,750,253,0,11200,0,0,0,187868,187868,2765
1347,8,204,751,254,0,11200,0,0,0,190241,190241,2767
1362,8,250,751,254,0,11200,0,0,0,192422,192422,2767
1377,8,311,751,252,0,11200,0,0,0,194760,194760,2767
1392,8,388,751,251,0,11200,0,0,0,197092,197092,2767
1407,8,449,751,248,0,11200,0,0,0,199211,199211,2767
1423,8,503,751,246,0,11200,0,0,0,200859,200859,2767
1438,8,561,751,243,0,11200,0,0,0,202993,202993,2767
1454,8,618,753,245,0,11200,0,0,0,205108,205108,2767
1469,8,689,753,241,0,11200,0,0,0,207005,207005,2767
1484,8,723,753,241,0,11200,0,0,0,207980,207980,2767
1500,9,104,753,238,0,11200,0,0,0,210597,210597,2767
1516,9,148,753,236,0,11200,0,0,0,213177,213177,2767
1531,9,207,754,235,0,11200,0,0,0,215492,215492,2767
1547,9,248,755,235,0,11200,0,0,0,217763,217763,2767
1562,9,305,756,235,0,11200,0,0,0,220066,220066,2767
1577,9,376,757,234,0,11200,0,0,0,222316,222316,2767
1592,9,444,757,234,0,11200,0,0,0,224346,224346,2767
1607,9,496,757,233,0,11200,0,0,0,225869,225869,2767
1622,9,552,758,233,0,11200,0,0,0,227983,227983,2767
1638,9,609,759,230,0,11200,0,0,0,230207,230207,2768
1653,9,667,759,230,0,11200,0,0,0,232075,232075,2768
1668,9,710,759,230,0,11200,0,0,0,233406,233406,2768
1684,10,1,759,224,0,11200,0,0,0,235171,235171,2768
1699,10,101,759,219,0,11200,0,0,0,237801,237801,2768
1714,10,147,761,221,0,11200,0,0,0,240396,240396,2770
1729,10,200,761,220,0,11200,0,0,0,242751,242751,2770
1744,10,251,761,220,0,11200,0,0,0,245026,245026,2770
1760,10,307,761,219,0,11200,0,0,0,247217,247217,2770
1775,10,371,761,218,0,11200,0,0,0,249531,249531,2770
1790,10,443,761,217,0,11200,0,0,0,251899,251899,2770
1806,10,508,762,218,0,11200,0,0,0,253459,253459,2770
1821,10,583,764,220,0,11200,0,0,0,255781,255781,2772
1836,10,645,764,220,0,11200,0,0,0,257983,257983,2772
1853,10,710,766,220,0,11200,0,0,0,259862,259862,2772
1868,11,13,767,215,0,11200,0,0,0,262105,262105,2772
1883,11,129,767,215,0,11200,0,0,0,264700,264700,2772
1899,11,178,769,217,0,11200,0,0,0,267184,267184,2772
1914,11,232,769,216,0,11200,0,0,0,269630,269630,2772
1930,11,297,770,216,0,11200,0,0,0,271879,271879,2774
1945,11,361,770,215,0,11200,0,0,0,274029,274029,2774
1960,11,431,770,213,0,11200,0,0,0,276366,276366,2774
1977,11,491,771,212,0,11200,0,0,0,278123,278123,2774
1992,11,551,771,211,0,11200,0,0,0,280258,280258,2774
2007,11,613,775,215,0,11200,0,0,0,282330,282330,2780
2023,11,685,775,213,0,11200,0,0,0,284349,284349,2780
2038,11,733,776,212,0,11200,0,0,0,285794,285794,2781
2053,12,12,780,207,0,11200,0,0,0,287980,287980,2782
2069,12,141,780,207,0,11200,0,0,0,290675,290675,2782
2084,12,204,780,206,0,11200,0,0,0,292905,292905,2782
2099,12,251,780,206,0,11200,0,0,0,295314,295314,2782
2115,12,305,780,206,0,11200,0,0,0,297605,297605,2782
2130,12,380,781,206,0,11200,0,0,0,300019,300019,2782
2145,12,462,782,207,0,11200,0,0,0,302577,302577,2782
2161,12,498,782,206,0,11200,0,0,0,303830,303830,2782
2176,12,561,783,205,0,11200,0,0,0,306096,306096,2782
2191,12,603,783,204,0,11200,0,0,0,308007,308007,2782
2207,12,678,783,204,0,11200,0,0,0,309950,309950,2782
2222,12,710,783,204,0,11200,0,0,0,310860,310860,2782
2238,12,754,785,206,0,11200,0,0,0,312390,312390,2785
2253,13,27,785,204,0,11200,0,0,0,314798,314798,2785
2269,13,141,785,201,0,11200,0,0,0,317572,317572,2785
2284,13,188,786,202,0,11200,0,0,0,319903,319903,2785
2299,13,239,787,201,0,11200,0,0,0,322258,322258,2785
2314,13,290,789,203,0,11200,0,0,0,324601,324601,2786
2329,13,371,789,203,0,11200,0,0,0,327099,327099,2786
2345,13,437,790,203,0,11200,0,0,0,329361,329361,2792
2360,13,492,790,202,0,11200,0,0,0,331095,331095,2792
2375,13,586,791,200,0,11200,0,0,0,333240,333240,2792
2390,13,647,793,200,0,11200,0,0,0,335332,335332,2793
2406,13,725,796,202,0,11200,0,0,0,337528,337528,2797
2421,13,794,798,198,0,11200,0,0,0,339559,339559,2797
2436,14,111,800,194,0,11200,0,0,0,342401,342401,2799
2451,14,160,801,195,0,11200,0,0,0,344699,344699,2799
2467,14,214,801,195,0,11200,0,0,0,346953,346953,2799
2482,14,275,801,195,0,11200,0,0,0,349244,349244,2799
2497,14,357,801,194,0,11200,0,0,0,351361,351361,2799
2512,14,434,801,193,0,11200,0,0,0,353615,353615,2799
2528,14,490,802,194,0,11200,0,0,0,355103,355103,2800
2543,14,538,805,196,0,11200,0,0,0,357107,357107,2800
2559,14,606,806,196,0,11200,0,0,0,359272,359272,2800
2575,14,681,806,195,0,11200,0,0,0,361504,361504,2800
2590,14,710,807,196,0,11200,0,0,0,362645,362645,2800
2605,14,787,811,200,0,11200,0,0,0,364621,364621,2800
2620,15,25,811,193,0,11200,0,0,0,366766,366766,2800
2636,15,131,811,193,0,11200,0,0,0,369439,369439,2800
2651,15,187,811,192,0,11200,0,0,0,371880,371880,2800
2666,15,231,813,192,0,11200,0,0,0,374173,374173,2801
2681,15,290,813,191,0,11200,0,0,0,376485,376485,2801
2696,15,354,813,190,0,11200,0,0,0,378633,378633,2801
2712,15,422,813,187,0,11200,0,0,0,380934,380934,2801
2727,15,491,813,185,0,11200,0,0,0,383023,383023,2801
2742,15,553,814,185,0,11200,0,0,0,385074,385074,2801
2758,15,619,815,186,0,11200,0,0,0,387246,387246,2802
2773,15,676,815,186,0,11200,0,0,0,389176,389176,2802
2789,15,710,816,187,0,11200,0,0,0,390211,390211,2803
2804,15,772,817,186,0,11200,0,0,0,392193,392193,2803
2820,16,12,818,180,0,11200,0,0,0,394520,394520,2804
2835,16,134,818,179,0,11200,0,0,0,397238,397238,2804
2850,16,185,818,179,0,11200,0,0,0,399510,399510,2804
2865,16,231,818,179,0,11200,0,0,0,401643,401643,2804
2880,16,290,819,180,0,11200,0,0,0,403901,403901,2813
2895,16,357,819,179,0,11200,0,0,0,406095,406095,2813
2911,16,429,819,178,0,11200,0,0,0,408379,408379,2813
2926,16,477,819,177,0,11200,0,0,0,410065,410065,2813
2942,16,528,819,177,0,11200,0,0,0,411981,411981,2813
2957,16,598,819,176,0,11200,0,0,0,414208,414208,2813
2972,16,662,819,176,0,11200,0,0,0,416323,416323,2813
2987,16,725,820,175,0,11200,0,0,0,417997,417997,2813
3003,16,787,822,176,0,11200,0,0,0,419909,419909,2813
3018,17,24,825,175,0,11200,0,0,0,422237,422237,2814
3033,17,131,825,174,0,11200,0,0,0,424991,424991,2814
3049,17,180,825,174,0,11200,0,0,0,427408,427408,2814
3064,17,225,825,174,0,11200,0,0,0,429600,429600,2814
3079,17,282,825,174,0,11200,0,0,0,432045,432045,2814
3094,17,353,825,173,0,11200,0,0,0,434308,434308,2814
3109,17,428,826,174,0,11200,0,0,0,436356,436356,2814
3125,17,490,826,173,0,11200,0,0,0,438473,438473,2814
3140,17,541,826,173,0,11200,0,0,0,440474,440474,2814
3156,17,602,826,172,0,11200,0,0,0,442463,442463,2814
3171,17,667,827,172,0,11200,0,0,0,444353,444353,2814
3186,17,713,827,171,0,11200,0,0,0,445723,445723,2814
3201,17,789,828,172,0,11200,0,0,0,447531,447531,2815
3217,18,27,829,171,0,11200,0,0,0,449679,449679,2816
3232,18,139,830,171,0,11200,0,0,0,452324,452324,2817
3247,18,195,830,171,0,11200,0,0,0,454709,454709,2817
3262,18,234,830,171,0,11200,0,0,0,456833,456833,2817
3277,18,278,830,171,0,11200,0,0,0,459018,459018,2817
3293,18,330,830,171,0,11200,0,0,0,461068,461068,2817
3308,18,411,830,171,0,11200,0,0,0,463321,463321,2817
3323,18,469,831,171,0,11200,0,0,0,465630,465630,2818
3338,18,508,831,171,0,11200,0,0,0,466997,466997,2818
3354,18,581,833,173,0,11200,0,0,0,469153,469153,2818
3369,18,640,833,173,0,11200,0,0,0,470977,470977,2818
3384,18,699,835,174,0,11200,0,0,0,472949,472949,2818
3399,18,750,835,172,0,11200,0,0,0,474814,474814,2818
3415,18,817,836,171,0,11200,0,0,0,476961,476961,2818
3430,19,30,837,168,0,11200,0,0,0,479353,479353,2818
3445,19,142,837,166,0,11200,0,0,0,482184,482184,2818
3461,19,203,838,165,0,11200,0,0,0,484395,484395,2819
3476,19,255,838,165,0,11200,0,0,0,486526,486526,2819
3492,19,313,839,166,0,11200,0,0,0,488949,488949,2819
3507,19,384,839,166,0,11200,0,0,0,491135,491135,2819
3522,19,446,840,165,0,11200,0,0,0,493368,493368,2819
3537,19,511,840,165,0,11200,0,0,0,494897,494897,2819
3552,19,581,840,163,0,11200,0,0,0,496990,496990,2819
3568,19,644,840,163,0,11200,0,0,0,498908,498908,2819
3584,19,700,840,162,0,11200,0,0,0,500639,500639,2819
3599,19,748,840,162,0,11200,0,0,0,502120,502120,2819
3614,19,802,844,164,0,11200,0,0,0,504067,504067,2820
3629,20,13,848,164,0,11200,0,0,0,506156,506156,2824
3644,20,126,848,163,0,11200,0,0,0,508946,508946,2824
3659,20,167,849,164,0,11200,0,0,0,511230,511230,2824
3675,20,226,852,167,0,11200,0,0,0,513436,513436,2825
3690,20,270,853,168,0,11200,0,0,0,515399,515399,2826
3705,20,347,853,167,0,11200,0,0,0,517744,517744,2826
3721,20,424,853,167,0,11200,0,0,0,519928,519928,2826
3737,20,473,853,167,0,11200,0,0,0,521554,521554,2826
3753,20,529,853,166,0,11200,0,0,0,523344,523344,2826
3769,20,597,854,167,0,11200,0,0,0,525498,525498,2827
3784,20,652,855,167,0,11200,0,0,0,527401,527401,2828
3802,20,710,855,166,0,11200,0,0,0,529338,529338,2828
3817,20,762,855,165,0,11200,0,0,0,531220,531220,2828
3832,20,829,855,165,0,11200,0,0,0,533284,533284,2828
3848,21,19,858,160,0,11200,0,0,0,535482,535482,2834
3863,21,123,858,159,0,11200,0,0,0,538280,538280,2834
3878,21,166,859,160,0,11200,0,0,0,540631,540631,2834
3893,21,223,859,160,0,11200,0,0,0,542959,542959,2834
3909,21,264,859,159,0,11200,0,0,0,545157,545157,2834
3924,21,336,860,160,0,11200,0,0,0,547515,547515,2834
3939,21,399,860,160,0,11200,0,0,0,549709,549709,2834
3960,21,473,860,160,0,11200,0,0,0,551814,551814,2834
3975,21,529,860,160,0,11200,0,0,0,553549,553549,2834
3990,21,596,860,160,0,11200,0,0,0,555534,555534,2834
4006,21,654,861,161,0,11200,0,0,0,557471,557471,2834
4024,21,710,863,163,0,11200,0,0,0,559093,559093,2835
4039,21,771,863,163,0,11200,0,0,0,560965,560965,2835
4055,21,830,868,168,0,11200,0,0,0,562817,562817,2835
4070,22,8,869,165,0,11200,0,0,0,564905,564905,2835
4085,22,119,870,166,0,11200,0,0,0,567409,567409,2835
4101,22,169,870,166,0,11200,0,0,0,569906,569906,2835
4117,22,230,870,166,0,11200,0,0,0,572316,572316,2835
4132,22,292,871,166,0,11200,0,0,0,574690,574690,2835
4147,22,360,872,167,0,11200,0,0,0,576808,576808,2835
4163,22,433,872,167,0,11200,0,0,0,579029,579029,2835
4178,22,496,872,167,0,11200,0,0,0,580904,580904,2835
4194,22,551,873,167,0,11200,0,0,0,582984,582984,2835
4209,22,601,873,167,0,11200,0,0,0,584806,584806,2835
4224,22,670,873,167,0,11200,0,0,0,586903,586903,2835
4239,22,716,873,167,0,11200,0,0,0,588437,588437,2835
4254,22,763,873,167,0,11200,0,0,0,590235,590235,2835
4270,22,837,873,166,0,11200,0,0,0,592284,592284,2835
4285,23,23,873,165,0,11200,0,0,0,594616,594616,2835
4300,23,124,873,165,0,11200,0,0,0,597272,597272,2835
4315,23,180,873,165,0,11200,0,0,0,599625,599625,2835
4331,23,232,873,165,0,11200,0,0,0,601858,601858,2835
4346,23,291,873,165,0,11200,0,0,0,604316,604316,2835
4361,23,358,873,165,0,11200,0,0,0,606435,606435,2835
4376,23,422,873,164,0,11200,0,0,0,608624,608624,2835
4393,23,490,873,163,0,11200,0,0,0,610793,610793,2835
4408,23,542,873,163,0,11200,0,0,0,612774,612774,2835
4423,23,596,873,163,0,11200,0,0,0,614661,614661,2835
4439,23,652,873,162,0,11200,0,0,0,616575,616575,2835
4456,23,710,874,163,0,11200,0,0,0,618396,618396,2835
4471,23,771,875,162,0,11200,0,0,0,620316,620316,2835
4487,23,837,877,164,0,11200,0,0,0,622359,622359,2835
4502,24,12,877,163,0,11200,0,0,0,624371,624371,2835
4517,24,126,877,160,0,11200,0,0,0,627060,627060,2835
4532,24,165,877,160,0,11200,0,0,0,629408,629408,2835
4548,24,221,877,159,0,11200,0,0,0,631541,631541,2835
4563,24,269,877,159,0,11200,0,0,0,633791,633791,2835
4578,24,321,878,160,0,11200,0,0,0,635879,635879,2836
4593,24,391,879,161,0,11200,0,0,0,638177,638177,2836
4608,24,451,879,161,0,11200,0,0,0,640330,640330,2836
4624,24,497,879,161,0,11200,0,0,0,641951,641951,2836
4639,24,552,880,162,0,11200,0,0,0,643941,643941,2836
4654,24,601,880,162,0,11200,0,0,0,645961,645961,2836
4669,24,676,880,161,0,11200,0,0,0,648144,648144,2836
4686,24,710,881,161,0,11200,0,0,0,649535,649535,2836
4701,24,768,881,160,0,11200,0,0,0,651429,651429,2836
4716,24,823,881,159,0,11200,0,0,0,653428,653428,2836
4732,25,13,882,159,0,11200,0,0,0,655587,655587,2836
4747,25,120,882,159,0,11200,0,0,0,658276,658276,2836
4762,25,167,882,159,0,11200,0,0,0,660649,660649,2836
4777,25,228,882,158,0,11200,0,0,0,662925,662925,2836
4793,25,277,882,157,0,11200,0,0,0,665208,665208,2836
4808,25,360,882,156,0,11200,0,0,0,667456,667456,2836
4823,25,428,882,156,0,11200,0,0,0,669619,669619,2836
4839,25,489,885,159,0,11200,0,0,0,671342,671342,2848
4854,25,528,886,160,0,11200,0,0,0,672850,672850,2848
4869,25,589,886,160,0,11200,0,0,0,675009,675009,2848
4884,25,654,886,159,0,11200,0,0,0,676982,676982,2848
4900,25,719,886,159,0,11200,0,0,0,678584,678584,2848
4915,25,775,887,159,0,11200,0,0,0,680559,680559,2848
4930,25,849,888,158,0,11200,0,0,0,682653,682653,2848
4946,26,0,889,156,0,11200,0,0,0,683792,683792,2848
4961,26,106,889,155,0,11200,0,0,0,686508,686508,2848
4976,26,145,890,156,0,11200,0,0,0,688770,688770,2848
4992,26,202,890,156,0,11200,0,0,0,691212,691212,2848
5007,26,246,890,156,0,11200,0,0,0,693408,693408,2848
5022,26,309,890,155,0,11200,0,0,0,695696,695696,2848
5038,26,379,891,156,0,11200,0,0,0,698058,698058,2849
5053,26,435,891,155,0,11200,0,0,0,700205,700205,2849
5068,26,474,891,154,0,11200,0,0,0,701777,701777,2849
5083,26,525,892,155,0,11200,0,0,0,703405,703405,2849
5098,26,594,892,155,0,11200,0,0,0,705518,705518,2849
5113,26,664,892,153,0,11200,0,0,0,707512,707512,2849
5131,26,710,893,153,0,11200,0,0,0,708858,708858,2849
5146,26,775,894,153,0,11200,0,0,0,710768,710768,2850
5161,26,846,894,151,0,11200,0,0,0,712917,712917,2850
5181,26,882,894,148,0,11200,0,0,0,714083,714083,2850
5196,27,59,894,144,0,11200,0,0,0,716636,716636,2850
5212,27,144,894,144,0,11200,0,0,0,719285,719285,2850
5227,27,199,894,144,0,11200,0,0,0,721465,721465,2850
5242,27,249,894,144,0,11200,0,0,0,723572,723572,2850
5257,27,313,894,144,0,11200,0,0,0,725828,725828,2850
5273,27,376,894,143,0,11200,0,0,0,728053,728053,2850
5288,27,447,894,143,0,11200,0,0,0,730020,730020,2850
5303,27,498,894,143,0,11200,0,0,0,731526,731526,2850
5319,27,562,896,144,0,11200,0,0,0,733668,733668,2851
5334,27,619,896,143,0,11200,0,0,0,735621,735621,2851
5349,27,683,896,143,0,11200,0,0,0,737313,737313,2851
5365,27,763,896,143,0,11200,0,0,0,739553,739553,2851
5381,27,840,897,144,0,11200,0,0,0,741893,741893,2851
5397,27,882,898,145,0,11200,0,0,0,742902,742902,2851
5412,28,107,898,143,0,11200,0,0,0,745382,745382,2851
5428,28,160,898,143,0,11200,0,0,0,747971,747971,2851
5443,28,213,899,144,0,11200,0,0,0,750137,750137,2851
5458,28,257,899,143,0,11200,0,0,0,752252,752252,2851
5473,28,311,900,144,0,11200,0,0,0,754464,754464,2851
5489,28,366,900,143,0,11200,0,0,0,756550,756550,2851
5504,28,428,900,143,0,11200,0,0,0,758785,758785,2851
5521,28,490,900,143,0,11200,0,0,0,760598,760598,2851
5536,28,556,900,143,0,11200,0,0,0,762640,762640,2851
5552,28,630,900,142,0,11200,0,0,0,764649,764649,2851
5567,28,689,900,142,0,11200,0,0,0,766466,766466,2851
5582,28,733,900,142,0,11200,0,0,0,767663,767663,2851
5597,28,783,900,141,0,11200,0,0,0,769410,769410,2851
5613,28,853,901,142,0,11200,0,0,0,771498,771498,2851
5629,28,882,901,142,0,11200,0,0,0,772252,772252,2851
5645,29,105,901,139,0,11200,0,0,0,774740,774740,2851
5660,29,149,901,139,0,11200,0,0,0,777291,777291,2851
5675,29,203,901,139,0,11200,0,0,0,779452,779452,2851
5691,29,250,903,141,0,11200,0,0,0,781534,781534,2852
5706,29,306,903,140,0,11200,0,0,0,783874,783874,2852
5721,29,388,903,140,0,11200,0,0,0,786127,786127,2852
5737,29,446,903,140,0,11200,0,0,0,787923,787923,2852
5752,29,491,903,140,0,11200,0,0,0,789434,789434,2852
5767,29,552,903,139,0,11200,0,0,0,791630,791630,2852
5782,29,603,903,138,0,11200,0,0,0,793519,793519,2852
5798,29,677,903,137,0,11200,0,0,0,795612,795612,2852
5813,29,733,903,136,0,11200,0,0,0,797557,797557,2852
5829,29,798,903,136,0,11200,0,0,0,799657,799657,2852
5845,29,866,904,137,0,11200,0,0,0,801808,801808,2852
5860,29,882,904,137,0,11200,0,0,0,802004,802004,2852
5875,30,104,904,136,0,11200,0,0,0,804680,804680,2852
5890,30,156,904,136,0,11200,0,0,0,807068,807068,2852
5906,30,212,904,136,0,11200,0,0,0,809013,809013,2852
5921,30,264,904,136,0,11200,0,0,0,811330,811330,2852
5936,30,333,905,137,0,11200,0,0,0,813701,813701,2853
5952,30,391,905,137,0,11200,0,0,0,815854,815854,2853
5967,30,447,905,136,0,11200,0,0,0,818061,818061,2853
5983,30,512,905,136,0,11200,0,0,0,819997,819997,2853
5998,30,581,905,136,0,11200,0,0,0,822181,822181,2853
6014,30,636,905,135,0,11200,0,0,0,824133,824133,2853
6029,30,704,906,135,0,11200,0,0,0,826168,826168,2855
6045,30,769,906,134,0,11200,0,0,0,828090,828090,2855
6060,30,840,906,132,0,11200,0,0,0,829908,829908,2855
6080,30,882,906,132,0,11200,0,0,0,830757,830757,2855
6095,31,101,906,128,0,11200,0,0,0,833124,833124,2855
6110,31,145,906,128,0,11200,0,0,0,835416,835416,2855
6126,31,195,906,128,0,11200,0,0,0,837521,837521,2855
6141,31,251,906,127,0,11200,0,0,0,839808,839808,2855
6156,31,307,906,127,0,11200,0,0,0,842117,842117,2855
6172,31,372,906,127,0,11200,0,0,0,844343,844343,2855
6187,31,437,906,127,0,11200,0,0,0,846677,846677,2855
6204,31,501,906,127,0,11200,0,0,0,848338,848338,2855
6219,31,556,906,127,0,11200,0,0,0,850297,850297,2855
6234,31,615,906,127,0,11200,0,0,0,852351,852351,2855
6250,31,675,906,126,0,11200,0,0,0,854306,854306,2855
6265,31,741,906,126,0,11200,0,0,0,856382,856382,2855
6281,31,819,907,126,0,11200,0,0,0,858573,858573,2855
6319,31,882,907,124,0,11200,0,0,0,860340,860340,2855
6334,32,24,907,122,0,11200,0,0,0,862455,862455,2855
6349,32,134,907,121,0,11200,0,0,0,865216,865216,2855
6364,32,176,907,121,0,11200,0,0,0,867716,867716,2855
6380,32,221,907,121,0,11200,0,0,0,869906,869906,2855
6395,32,278,907,121,0,11200,0,0,0,872165,872165,2855
6410,32,346,907,121,0,11200,0,0,0,874520,874520,2855
6425,32,418,908,122,0,11200,0,0,0,876527,876527,2856
6441,32,473,908,122,0,11200,0,0,0,878173,878173,2856
6456,32,510,908,122,0,11200,0,0,0,879398,879398,2856
6472,32,567,909,122,0,11200,0,0,0,881502,881502,2856
6487,32,636,909,121,0,11200,0,0,0,883614,883614,2856
6504,32,710,909,121,0,11200,0,0,0,885340,885340,2856
6519,32,782,910,122,0,11200,0,0,0,887231,887231,2856
6534,32,860,911,122,0,11200,0,0,0,889316,889316,2856
6549,32,904,912,121,0,11200,0,0,0,890350,890350,2859
6564,33,110,912,118,0,11200,0,0,0,892671,892671,2859
6580,33,154,912,118,0,11200,0,0,0,895110,895110,2859
6595,33,203,912,118,0,11200,0,0,0,897158,897158,2859
6611,33,246,912,118,0,11200,0,0,0,899343,899343,2859
6627,33,303,912,118,0,11200,0,0,0,901734,901734,2859
6642,33,364,912,118,0,11200,0,0,0,903904,903904,2859
6657,33,433,912,118,0,11200,0,0,0,906171,906171,2859
6672,33,509,912,118,0,11200,0,0,0,908105,908105,2859
6687,33,575,912,118,0,11200,0,0,0,910168,910168,2859
6703,33,643,912,117,0,11200,0,0,0,912121,912121,2859
6718,33,699,912,117,0,11200,0,0,0,913941,913941,2859
6733,33,765,912,117,0,11200,0,0,0,915931,915931,2859
6748,33,829,913,118,0,11200,0,0,0,918027,918027,2859
6771,33,882,914,119,0,11200,0,0,0,919514,919514,2860
6786,34,24,915,118,0,11200,0,0,0,921661,921661,2860
6801,34,145,915,118,0,11200,0,0,0,924166,924166,2860
6817,34,188,915,118,0,11200,0,0,0,926193,926193,2860
6832,34,235,916,119,0,11200,0,0,0,928454,928454,2860
6847,34,291,916,119,0,11200,0,0,0,930557,930557,2860
6862,34,354,916,119,0,11200,0,0,0,932716,932716,2860
6877,34,417,916,119,0,11200,0,0,0,935044,935044,2860
6893,34,476,916,119,0,11200,0,0,0,937132,937132,2860
6908,34,535,916,119,0,11200,0,0,0,938945,938945,2860
6923,34,594,916,119,0,11200,0,0,0,940918,940918,2860
6938,34,649,916,119,0,11200,0,0,0,942812,942812,2860
6954,34,699,916,119,0,11200,0,0,0,944784,944784,2860
6969,34,756,916,117,0,11200,0,0,0,946466,946466,2860
6985,34,818,916,117,0,11200,0,0,0,948384,948384,2860
7031,34,882,916,116,0,11200,0,0,0,950173,950173,2860
7046,35,28,916,116,0,11200,0,0,0,952534,952534,2860
7061,35,134,916,116,0,11200,0,0,0,955274,955274,2860
7077,35,196,916,116,0,11200,0,0,0,957876,957876,2860
7092,35,248,916,116,0,11200,0,0,0,960081,960081,2860
7108,35,317,916,116,0,11200,0,0,0,962567,962567,2860
7124,35,388,916,115,0,11200,0,0,0,964938,964938,2860
7139,35,448,916,114,0,11200,0,0,0,967085,967085,2860
7154,35,493,916,114,0,11200,0,0,0,968108,968108,2860
7170,35,542,916,114,0,11200,0,0,0,969998,969998,2860
7185,35,610,916,114,0,11200,0,0,0,971909,971909,2860
7201,35,678,916,114,0,11200,0,0,0,973690,973690,2860
7218,35,710,917,115,0,11200,0,0,0,974864,974864,2861
7233,35,758,917,115,0,11200,0,0,0,976434,976434,2861
7249,35,817,917,114,0,11200,0,0,0,978500,978500,2861
7290,35,882,917,111,0,11200,0,0,0,980388,980388,2861
7305,36,28,917,109,0,11200,0,0,0,982660,982660,2861
7321,36,145,917,108,0,11200,0,0,0,985307,985307,2861
7336,36,193,917,107,0,11200,0,0,0,987736,987736,2861
7352,36,237,917,107,0,11200,0,0,0,989967,989967,2861
7367,36,306,917,107,0,11200,0,0,0,992325,992325,2861
7383,36,368,917,107,0,11200,0,0,0,994468,994468,2861
7398,36,417,917,106,0,11200,0,0,0,996234,996234,2861
7413,36,493,917,106,0,11200,0,0,0,998086,998086,2861
7428,36,531,918,107,0,11200,0,0,0,999804,999804,2861
7443,36,595,918,106,0,11200,0,0,0,1001858,1001858,2861
7458,36,654,918,106,0,11200,0,0,0,1003808,1003808,2861
7477,36,710,918,106,0,11200,0,0,0,1005369,1005369,2861
7492,36,782,918,106,0,11200,0,0,0,1007244,1007244,2861
7507,36,856,918,106,0,11200,0,0,0,1009423,1009423,2861
7523,36,897,919,106,0,11200,0,0,0,1010327,1010327,2861
7538,37,95,920,104,0,11200,0,0,0,1012892,1012892,2862
7553,37,151,920,104,0,11200,0,0,0,1015218,1015218,2862
7568,37,212,920,104,0,11200,0,0,0,1017598,1017598,2862
7583,37,257,920,104,0,11200,0,0,0,1019844,1019844,2862
7598,37,317,920,104,0,11200,0,0,0,1022077,1022077,2862
7613,37,380,921,104,0,11200,0,0,0,1024230,1024230,2862
7629,37,444,922,105,0,11200,0,0,0,1026293,1026293,2862
7644,37,506,923,106,0,11200,0,0,0,1028168,1028168,2862
7659,37,565,923,106,0,11200,0,0,0,1030237,1030237,2862
7675,37,618,923,106,0,11200,0,0,0,1032288,1032288,2862
7692,37,677,923,104,0,11200,0,0,0,1034129,1034129,2862
7707,37,716,923,104,0,11200,0,0,0,1035539,1035539,2862
7722,37,776,923,104,0,11200,0,0,0,1037467,1037467,2862
7737,37,837,924,103,0,11200,0,0,0,1039519,1039519,2864
7752,37,899,924,103,0,11200,0,0,0,1040784,1040784,2864
7768,38,70,924,102,0,11200,0,0,0,1043374,1043374,2864
7783,38,158,924,102,0,11200,0,0,0,1046007,1046007,2864
7798,38,216,924,102,0,11200,0,0,0,1048056,1048056,2864
7814,38,260,924,102,0,11200,0,0,0,1050016,1050016,2864
7829,38,325,924,101,0,11200,0,0,0,1052252,1052252,2864
7845,38,389,924,101,0,11200,0,0,0,1054459,1054459,2864
7860,38,476,924,101,0,11200,0,0,0,1056571,1056571,2864
7875,38,552,925,102,0,11200,0,0,0,1058515,1058515,2864
7891,38,611,925,101,0,11200,0,0,0,1060541,1060541,2864
7907,38,670,925,101,0,11200,0,0,0,1062342,1062342,2864
7922,38,723,925,101,0,11200,0,0,0,1063935,1063935,2864
7937,38,775,925,101,0,11200,0,0,0,1065785,1065785,2864
7953,38,849,926,102,0,11200,0,0,0,1067904,1067904,2864
7968,38,890,926,102,0,11200,0,0,0,1069040,1069040,2864
7984,39,28,926,101,0,11200,0,0,0,1071489,1071489,2864
7999,39,139,926,101,0,11200,0,0,0,1074249,1074249,2864
8014,39,182,926,101,0,11200,0,0,0,1076435,1076435,2864
8030,39,226,926,101,0,11200,0,0,0,1078508,1078508,2864
8045,39,283,926,101,0,11200,0,0,0,1080736,1080736,2864
8060,39,341,926,101,0,11200,0,0,0,1082734,1082734,2864
8075,39,422,926,101,0,11200,0,0,0,1084805,1084805,2864
8096,39,490,926,100,0,11200,0,0,0,1087010,1087010,2864
8111,39,541,927,100,0,11200,0,0,0,1088955,1088955,2865
8127,39,613,927,100,0,11200,0,0,0,1091161,1091161,2865
8142,39,678,927,100,0,11200,0,0,0,1093082,1093082,2865
8160,39,710,927,100,0,11200,0,0,0,1093961,1093961,2865
8175,39,771,927,99,0,11200,0,0,0,1095891,1095891,2865
8190,39,832,927,99,0,11200,0,0,0,1098003,1098003,2865
8226,39,882,927,99,0,11200,0,0,0,1099296,1099296,2865
8241,40,4,932,98,0,11200,0,0,0,1101240,1101240,2872
8257,40,106,932,96,0,11200,0,0,0,1103578,1103578,2872
8272,40,152,932,96,0,11200,0,0,0,1106109,1106109,2872
8287,40,214,932,96,0,11200,0,0,0,1108341,1108341,2872
8302,40,260,932,96,0,11200,0,0,0,1110496,1110496,2872
8318,40,317,932,96,0,11200,0,0,0,1112787,1112787,2872
8333,40,377,932,96,0,11200,0,0,0,1114908,1114908,2872
8348,40,435,932,96,0,11200,0,0,0,1117251,1117251,2872
8363,40,489,932,96,0,11200,0,0,0,1118859,1118859,2872
8378,40,525,932,96,0,11200,0,0,0,1120357,1120357,2872
8393,40,595,933,96,0,11200,0,0,0,1122329,1122329,2873
8409,40,661,933,96,0,11200,0,0,0,1124272,1124272,2873
8424,40,723,933,96,0,11200,0,0,0,1126473,1126473,2873
8439,40,789,933,96,0,11200,0,0,0,1128409,1128409,2873
8454,40,853,933,95,0,11200,0,0,0,1130428,1130428,2873
8472,40,882,933,94,0,11200,0,0,0,1131243,1131243,2873
8487,41,27,933,93,0,11200,0,0,0,1133458,1133458,2873
8503,41,132,933,93,0,11200,0,0,0,1136196,1136196,2873
8518,41,180,933,93,0,11200,0,0,0,1138211,1138211,2873
8533,41,222,933,93,0,11200,0,0,0,1140468,1140468,2873
8548,41,274,933,93,0,11200,0,0,0,1142732,1142732,2873
8564,41,327,933,91,0,11200,0,0,0,1144804,1144804,2873
8579,41,384,933,91,0,11200,0,0,0,1147093,1147093,2873
8594,41,455,933,90,0,11200,0,0,0,1149215,1149215,2873
8610,41,502,933,90,0,11200,0,0,0,1150641,1150641,2873
8625,41,564,934,91,0,11200,0,0,0,1152785,1152785,2873
8640,41,631,934,91,0,11200,0,0,0,1154942,1154942,2873
8655,41,702,934,90,0,11200,0,0,0,1156666,1156666,2873
8670,41,754,934,90,0,11200,0,0,0,1158137,1158137,2873
8686,41,827,935,91,0,11200,0,0,0,1160184,1160184,2873
8702,41,882,936,90,0,11200,0,0,0,1161396,1161396,2873
8717,42,15,936,87,0,11200,0,0,0,1163705,1163705,2873
8732,42,122,938,87,0,11200,0,0,0,1166325,1166325,2875
8747,42,169,938,87,0,11200,0,0,0,1168558,1168558,2875
8762,42,227,938,87,0,11200,0,0,0,1170806,1170806,2875
8777,42,271,938,87,0,11200,0,0,0,1173063,1173063,2875
8792,42,347,938,87,0,11200,0,0,0,1175563,1175563,2875
8807,42,418,938,87,0,11200,0,0,0,1177703,1177703,2875
8825,42,490,938,87,0,11200,0,0,0,1179551,1179551,2875
8840,42,537,939,88,0,11200,0,0,0,1181953,1181953,2876
8855,42,597,939,88,0,11200,0,0,0,1184013,1184013,2876
8871,42,664,939,88,0,11200,0,0,0,1186023,1186023,2876
8887,42,719,939,88,0,11200,0,0,0,1187467,1187467,2876
8902,42,793,939,86,0,11200,0,0,0,1189479,1189479,2876
8917,42,853,940,86,0,11200,0,0,0,1191554,1191554,2876
8939,42,882,940,86,0,11200,0,0,0,1192214,1192214,2876
8954,43,5,941,82,0,11200,0,0,0,1193930,1193930,2876
8969,43,114,941,81,0,11200,0,0,0,1196157,1196157,2876
8985,43,158,943,83,0,11200,0,0,0,1198600,1198600,2876
9000,43,215,943,83,0,11200,0,0,0,1200773,1200773,2876
9015,43,265,943,83,0,11200,0,0,0,1203104,1203104,2876
9030,43,314,943,83,0,11200,0,0,0,1205243,1205243,2876
9045,43,379,943,83,0,11200,0,0,0,1207501,1207501,2876
9060,43,446,943,83,0,11200,0,0,0,1209530,1209530,2876
9079,43,490,943,83,0,11200,0,0,0,1210852,1210852,2876
9094,43,561,943,83,0,11200,0,0,0,1212955,1212955,2876
9109,43,615,943,83,0,11200,0,0,0,1214985,1214985,2876
9125,43,685,943,83,0,11200,0,0,0,1216919,1216919,2876
9141,43,733,943,83,0,11200,0,0,0,1218604,1218604,2876
9156,43,783,943,83,0,11200,0,0,0,1220474,1220474,2876
9171,43,851,943,83,0,11200,0,0,0,1222561,1222561,2876
9207,43,882,943,83,0,11200,0,0,0,1223283,1223283,2876
9223,44,5,946,81,0,11200,0,0,0,1225682,1225682,2876
9238,44,124,946,81,0,11200,0,0,0,1228284,1228284,2876
9253,44,170,946,81,0,11200,0,0,0,1230678,1230678,2876
9269,44,229,946,81,0,11200,0,0,0,1232964,1232964,2876
9284,44,292,946,81,0,11200,0,0,0,1235205,1235205,2876
9299,44,355,946,81,0,11200,0,0,0,1237408,1237408,2876
9314,44,431,946,81,0,11200,0,0,0,1239853,1239853,2876
9331,44,491,946,81,0,11200,0,0,0,1241427,1241427,2876
9346,44,541,946,80,0,11200,0,0,0,1243474,1243474,2876
9362,44,597,947,81,0,11200,0,0,0,1245399,1245399,2876
9377,44,670,947,81,0,11200,0,0,0,1247271,1247271,2876
9398,44,710,947,81,0,11200,0,0,0,1248790,1248790,2876
9413,44,776,947,80,0,11200,0,0,0,1250638,1250638,2876
9429,44,846,948,80,0,11200,0,0,0,1252871,1252871,2876
9460,44,882,948,80,0,11200,0,0,0,1253756,1253756,2876
9475,45,6,948,77,0,11200,0,0,0,1256057,1256057,2876
9490,45,126,948,76,0,11200,0,0,0,1258675,1258675,2876
9506,45,187,948,75,0,11200,0,0,0,1260967,1260967,2876
9521,45,234,948,75,0,11200,0,0,0,1263139,1263139,2876
9536,45,289,948,75,0,11200,0,0,0,1265410,1265410,2876
9551,45,348,948,75,0,11200,0,0,0,1267662,1267662,2876
9566,45,423,948,75,0,11200,0,0,0,1269900,1269900,2876
9585,45,473,948,74,0,11200,0,0,0,1271994,1271994,2876
9600,45,516,948,74,0,11200,0,0,0,1273527,1273527,2876
9615,45,571,948,74,0,11200,0,0,0,1275539,1275539,2876
9630,45,629,948,74,0,11200,0,0,0,1277371,1277371,2876
9645,45,697,948,74,0,11200,0,0,0,1279142,1279142,2876
9661,45,716,948,74,0,11200,0,0,0,1279766,1279766,2876
9676,45,778,948,74,0,11200,0,0,0,1281780,1281780,2876
9692,45,827,948,72,0,11200,0,0,0,1283712,1283712,2876
9713,45,882,948,71,0,11200,0,0,0,1284982,1284982,2876
9728,46,941,949,69,0,11200,0,0,0,1286810,1286810,2876
9743,46,117,949,67,0,11200,0,0,0,1289483,1289483,2876
9759,46,165,950,68,0,11200,0,0,0,1292146,1292146,2876
9774,46,220,950,68,0,11200,0,0,0,1294367,1294367,2876
9789,46,274,950,68,0,11200,0,0,0,1296650,1296650,2876
9805,46,345,950,68,0,11200,0,0,0,1298984,1298984,2876
9820,46,408,950,68,0,11200,0,0,0,1301233,1301233,2876
9835,46,469,950,68,0,11200,0,0,0,1303423,1303423,2876
9851,46,525,950,68,0,11200,0,0,0,1305447,1305447,2876
9866,46,596,950,68,0,11200,0,0,0,1307509,1307509,2876
9882,46,658,950,68,0,11200,0,0,0,1309432,1309432,2876
9897,46,716,950,68,0,11200,0,0,0,1311118,1311118,2876
9913,46,771,950,67,0,11200,0,0,0,1313158,1313158,2876
9928,46,830,950,66,0,11200,0,0,0,1315267,1315267,2876
9955,46,882,950,66,0,11200,0,0,0,1316413,1316413,2876
9970,47,11,950,63,0,11200,0,0,0,1318626,1318626,2876
9985,47,126,950,63,0,11200,0,0,0,1321345,1321345,2876
10001,47,182,950,63,0,11200,0,0,0,1323725,1323725,2876
10016,47,223,950,63,0,11200,0,0,0,1325894,1325894,2876
10031,47,269,950,62,0,11200,0,0,0,1328076,1328076,2876
10046,47,345,950,62,0,11200,0,0,0,1330254,1330254,2876
10062,47,405,950,62,0,11200,0,0,0,1332258,1332258,2876
10077,47,473,950,62,0,11200,0,0,0,1334506,1334506,2876
10093,47,538,950,62,0,11200,0,0,0,1336346,1336346,2876
10108,47,597,950,62,0,11200,0,0,0,1338243,1338243,2876
10123,47,673,950,62,0,11200,0,0,0,1340192,1340192,2876
10145,47,710,950,62,0,11200,0,0,0,1341389,1341389,2876
10160,47,774,950,62,0,11200,0,0,0,1343421,1343421,2876
10175,47,832,950,62,0,11200,0,0,0,1345240,1345240,2876
10199,47,882,950,62,0,11200,0,0,0,1346410,1346410,2876
10215,48,0,951,61,0,11200,0,0,0,1348416,1348416,2877
10230,48,113,951,61,0,11200,0,0,0,1350952,1350952,2877
10245,48,161,951,61,0,11200,0,0,0,1353477,1353477,2877
10260,48,215,951,61,0,11200,0,0,0,1355628,1355628,2877
10275,48,252,951,61,0,11200,0,0,0,1357763,1357763,2877
10292,48,314,951,61,0,11200,0,0,0,1360049,1360049,2877
10307,48,383,951,61,0,11200,0,0,0,1362290,1362290,2877
10322,48,460,951,61,0,11200,0,0,0,1364506,1364506,2877
10337,48,510,951,61,0,11200,0,0,0,1365804,1365804,2877
10353,48,565,951,61,0,11200,0,0,0,1367677,1367677,2877
10368,48,622,951,61,0,11200,0,0,0,1369608,1369608,2877
10383,48,682,951,61,0,11200,0,0,0,1371315,1371315,2877
10399,48,719,951,61,0,11200,0,0,0,1372447,1372447,2877
10414,48,774,951,61,0,11200,0,0,0,1374438,1374438,2877
10429,48,851,952,62,0,11200,0,0,0,1376605,1376605,2877
10444,48,890,952,62,0,11200,0,0,0,1377484,1377484,2877
10460,49,4,952,62,0,11200,0,0,0,1379502,1379502,2877
10475,49,111,952,62,0,11200,0,0,0,1382018,1382018,2877
10490,49,161,952,62,0,11200,0,0,0,1384315,1384315,2877
10505,49,212,952,62,0,11200,0,0,0,1386533,1386533,2877
10521,49,257,952,62,0,11200,0,0,0,1388632,1388632,2877
10536,49,311,952,61,0,11200,0,0,0,1390979,1390979,2877
10551,49,389,952,61,0,11200,0,0,0,1393282,1393282,2877
10566,49,466,952,61,0,11200,0,0,0,1395451,1395451,2877
10582,49,516,952,61,0,11200,0,0,0,1397038,1397038,2877
10597,49,580,952,61,0,11200,0,0,0,1399208,1399208,2877
10613,49,636,952,61,0,11200,0,0,0,1401134,1401134,2877
10628,49,689,952,60,0,11200,0,0,0,1402848,1402848,2877
10643,49,758,952,60,0,11200,0,0,0,1404663,1404663,2877
10658,49,822,952,60,0,11200,0,0,0,1406596,1406596,2877
10680,49,882,952,60,0,11200,0,0,0,1408014,1408014,2877
10695,50,8,952,60,0,11200,0,0,0,1410115,1410115,2877
10711,50,115,952,60,0,11200,0,0,0,1412447,1412447,2877
10727,50,166,953,61,0,11200,0,0,0,1414903,1414903,2877
10742,50,220,953,61,0,11200,0,0,0,1416853,1416853,2877
10757,50,267,953,61,0,11200,0,0,0,1419074,1419074,2877
10772,50,328,953,61,0,11200,0,0,0,1421133,1421133,2877
10787,50,405,953,61,0,11200,0,0,0,1423142,1423142,2877
10803,50,463,953,61,0,11200,0,0,0,1425201,1425201,2877
10818,50,506,953,61,0,11200,0,0,0,1426651,1426651,2877
10834,50,565,953,61,0,11200,0,0,0,1428710,1428710,2877
10849,50,611,953,61,0,11200,0,0,0,1430671,1430671,2877
10864,50,658,954,62,0,11200,0,0,0,1432181,1432181,2877
10880,50,710,954,62,0,11200,0,0,0,1433718,1433718,2877
10895,50,762,954,61,0,11200,0,0,0,1435388,1435388,2877
10910,50,823,954,61,0,11200,0,0,0,1437455,1437455,2877
10943,50,882,954,61,0,11200,0,0,0,1438812,1438812,2877
10958,51,5,954,59,0,11200,0,0,0,1440837,1440837,2877
10973,51,120,954,59,0,11200,0,0,0,1443038,1443038,2877
10988,51,176,955,60,0,11200,0,0,0,1445375,1445375,2878
11003,51,226,955,60,0,11200,0,0,0,1447679,1447679,2878
11019,51,282,955,60,0,11200,0,0,0,1450000,1450000,2878
11034,51,347,955,60,0,11200,0,0,0,1452264,1452264,2878
11049,51,411,955,60,0,11200,0,0,0,1454405,1454405,2878
11064,51,472,955,60,0,11200,0,0,0,1456596,1456596,2878
11079,51,521,955,60,0,11200,0,0,0,1458450,1458450,2878
11094,51,583,955,60,0,11200,0,0,0,1460554,1460554,2878
11110,51,644,955,60,0,11200,0,0,0,1462375,1462375,2878
11125,51,699,955,60,0,11200,0,0,0,1464233,1464233,2878
11140,51,741,955,60,0,11200,0,0,0,1465642,1465642,2878
11156,51,802,955,60,0,11200,0,0,0,1467724,1467724,2878
11171,51,861,955,59,0,11200,0,0,0,1469660,1469660,2878
11186,52,945,956,60,0,11200,0,0,0,1471145,1471145,2878
11202,52,69,957,57,0,11200,0,0,0,1473647,1473647,2881
11217,52,142,957,57,0,11200,0,0,0,1476111,1476111,2881
11233,52,199,957,57,0,11200,0,0,0,1478338,1478338,2881
11248,52,247,957,57,0,11200,0,0,0,1480513,1480513,2881
11263,52,317,957,57,0,11200,0,0,0,1482846,1482846,2881
11279,52,377,957,56,0,11200,0,0,0,1485102,1485102,2881
11294,52,447,957,56,0,11200,0,0,0,1487314,1487314,2881
11310,52,497,957,56,0,11200,0,0,0,1488945,1488945,2881
11325,52,563,957,56,0,11200,0,0,0,1491129,1491129,2881
11340,52,615,957,56,0,11200,0,0,0,1492878,1492878,2881
11356,52,677,957,56,0,11200,0,0,0,1494706,1494706,2881
11371,52,719,957,56,0,11200,0,0,0,1495915,1495915,2881
11387,52,788,957,55,0,11200,0,0,0,1497983,1497983,2881
11403,52,847,957,55,0,11200,0,0,0,1499833,1499833,2881
11419,52,907,957,55,0,11200,0,0,0,1501425,1501425,2881
11434,53,8,957,55,0,11200,0,0,0,1503360,1503360,2881
11449,53,121,958,56,0,11200,0,0,0,1506026,1506026,2881
11465,53,161,958,56,0,11200,0,0,0,1508611,1508611,2881
11480,53,222,958,56,0,11200,0,0,0,1510787,1510787,2881
11496,53,275,958,56,0,11200,0,0,0,1513204,1513204,2881
11511,53,347,958,56,0,11200,0,0,0,1515604,1515604,2881
11526,53,422,958,56,0,11200,0,0,0,1517970,1517970,2881
11542,53,473,958,56,0,11200,0,0,0,1520005,1520005,2881
11557,53,527,958,56,0,11200,0,0,0,1521820,1521820,2881
11573,53,590,958,56,0,11200,0,0,0,1523752,1523752,2881
11590,53,670,959,56,0,11200,0,0,0,1525723,1525723,2881
11605,53,730,959,56,0,11200,0,0,0,1527562,1527562,2881
11621,53,794,959,56,0,11200,0,0,0,1529512,1529512,2881
11636,53,856,959,56,0,11200,0,0,0,1531471,1531471,2881
11651,53,928,959,55,0,11200,0,0,0,1533314,1533314,2881
11666,54,20,960,55,0,11200,0,0,0,1535478,1535478,2883
11681,54,123,961,56,0,11200,0,0,0,1537872,1537872,2883
11696,54,159,961,56,0,11200,0,0,0,1539976,1539976,2883
11712,54,210,961,56,0,11200,0,0,0,1542231,1542231,2883
11727,54,255,961,56,0,11200,0,0,0,1544432,1544432,2883
11742,54,346,961,56,0,11200,0,0,0,1546812,1546812,2883
11757,54,417,961,55,0,11200,0,0,0,1549182,1549182,2883
11773,54,473,961,55,0,11200,0,0,0,1551236,1551236,2883
11788,54,535,961,55,0,11200,0,0,0,1553401,1553401,2883
11803,54,598,961,55,0,11200,0,0,0,1555296,1555296,2883
11818,54,658,961,55,0,11200,0,0,0,1557135,1557135,2883
11834,54,704,961,55,0,11200,0,0,0,1558627,1558627,2883
11849,54,759,961,55,0,11200,0,0,0,1560288,1560288,2883
11865,54,822,962,56,0,11200,0,0,0,1562209,1562209,2883
11900,54,882,962,55,0,11200,0,0,0,1563715,1563715,2883
11915,55,3,963,54,0,11200,0,0,0,1565818,1565818,2885
11930,55,110,963,54,0,11200,0,0,0,1568469,1568469,2885
11946,55,152,963,54,0,11200,0,0,0,1570847,1570847,2885
11961,55,213,963,54,0,11200,0,0,0,1573220,1573220,2885
11976,55,266,963,54,0,11200,0,0,0,1575575,1575575,2885
11991,55,328,963,54,0,11200,0,0,0,1577843,1577843,2885
12007,55,394,963,53,0,11200,0,0,0,1580130,1580130,2885
12022,55,460,963,53,0,11200,0,0,0,1582243,1582243,2885
12039,55,497,963,53,0,11200,0,0,0,1583568,1583568,2885
12054,55,552,963,53,0,11200,0,0,0,1585610,1585610,2885
12070,55,602,963,53,0,11200,0,0,0,1587557,1587557,2885
12085,55,669,963,53,0,11200,0,0,0,1589478,1589478,2885
12102,55,710,963,52,0,11200,0,0,0,1590819,1590819,2885
12117,55,771,963,52,0,11200,0,0,0,1592715,1592715,2885
12132,55,829,963,52,0,11200,0,0,0,1594496,1594496,2885
12164,55,882,963,50,0,11200,0,0,0,1596112,1596112,2885
12179,56,952,964,51,0,11200,0,0,0,1598007,1598007,2885
12194,56,106,964,51,0,11200,0,0,0,1600608,1600608,2885
12210,56,149,964,51,0,11200,0,0,0,1603123,1603123,2885
12225,56,205,964,51,0,11200,0,0,0,1605485,1605485,2885
12240,56,249,964,51,0,11200,0,0,0,1607634,1607634,2885
12255,56,307,964,51,0,11200,0,0,0,1609685,1609685,2885
12271,56,380,965,52,0,11200,0,0,0,1611893,1611893,2885
12286,56,456,965,52,0,11200,0,0,0,1614101,1614101,2885
12302,56,510,966,53,0,11200,0,0,0,1615863,1615863,2885
12317,56,556,966,53,0,11200,0,0,0,1617892,1617892,2885
12332,56,624,966,52,0,11200,0,0,0,1619991,1619991,2885
12348,56,691,966,52,0,11200,0,0,0,1621848,1621848,2885
12363,56,756,966,51,0,11200,0,0,0,1623659,1623659,2885
12379,56,822,966,51,0,11200,0,0,0,1625693,1625693,2885
12418,56,882,966,50,0,11200,0,0,0,1627571,1627571,2885
12433,57,956,966,49,0,11200,0,0,0,1629717,1629717,2885
12448,57,111,967,49,0,11200,0,0,0,1632439,1632439,2886
12464,57,160,967,49,0,11200,0,0,0,1635037,1635037,2886
12479,57,209,967,49,0,11200,0,0,0,1637263,1637263,2886
12494,57,264,967,49,0,11200,0,0,0,1639477,1639477,2886
12510,57,317,967,49,0,11200,0,0,0,1641578,1641578,2886
12525,57,383,967,49,0,11200,0,0,0,1643753,1643753,2886
12540,57,440,967,49,0,11200,0,0,0,1645638,1645638,2886
12555,57,506,967,49,0,11200,0,0,0,1647460,1647460,2886
12570,57,563,968,50,0,11200,0,0,0,1649565,1649565,2886
12586,57,611,968,50,0,11200,0,0,0,1651366,1651366,2886
12601,57,676,968,50,0,11200,0,0,0,1653152,1653152,2886
12617,57,712,968,50,0,11200,0,0,0,1654517,1654517,2886
12632,57,775,968,50,0,11200,0,0,0,1656334,1656334,2886
12648,57,837,968,50,0,11200,0,0,0,1658399,1658399,2886
12663,57,882,968,50,0,11200,0,0,0,1659480,1659480,2886
12678,58,4,968,48,0,11200,0,0,0,1661533,1661533,2886
12694,58,108,968,48,0,11200,0,0,0,1664224,1664224,2886
12709,58,155,968,48,0,11200,0,0,0,1666696,1666696,2886
12724,58,216,968,48,0,11200,0,0,0,1668730,1668730,2886
12739,58,271,968,47,0,11200,0,0,0,1671222,1671222,2886
12754,58,344,968,47,0,11200,0,0,0,1673327,1673327,2886
12770,58,398,968,47,0,11200,0,0,0,1675388,1675388,2886
12785,58,463,968,47,0,11200,0,0,0,1677553,1677553,2886
12801,58,519,968,47,0,11200,0,0,0,1679266,1679266,2886
12816,58,573,969,48,0,11200,0,0,0,1681078,1681078,2886
12832,58,644,969,48,0,11200,0,0,0,1682886,1682886,2886
12847,58,697,969,48,0,11200,0,0,0,1684812,1684812,2886
12862,58,750,969,48,0,11200,0,0,0,1686416,1686416,2886
12878,58,812,969,48,0,11200,0,0,0,1688337,1688337,2886
12925,58,882,969,48,0,11200,0,0,0,1690391,1690391,2886
12941,59,966,971,50,0,11200,0,0,0,1692491,1692491,2889
12956,59,106,971,49,0,11200,0,0,0,1694920,1694920,2889
12971,59,148,971,49,0,11200,0,0,0,1697173,1697173,2889
12987,59,209,971,49,0,11200,0,0,0,1699460,1699460,2889
13002,59,268,971,49,0,11200,0,0,0,1701421,1701421,2889
13018,59,325,971,49,0,11200,0,0,0,1703283,1703283,2889
13033,59,391,971,49,0,11200,0,0,0,1705498,1705498,2889
13048,59,445,971,48,0,11200,0,0,0,1707522,1707522,2889
13065,59,497,971,48,0,11200,0,0,0,1708944,1708944,2889
13080,59,567,971,48,0,11200,0,0,0,1711249,1711249,2889
13095,59,630,971,48,0,11200,0,0,0,1713194,1713194,2889
13111,59,690,971,48,0,11200,0,0,0,1715004,1715004,2889
13126,59,713,971,48,0,11200,0,0,0,1715977,1715977,2889
13141,59,776,971,48,0,11200,0,0,0,1718006,1718006,2889
13156,59,855,971,48,0,11200,0,0,0,1720210,1720210,2889
13175,59,882,971,48,0,11200,0,0,0,1720775,1720775,2889
13190,60,966,973,49,0,11200,0,0,0,1722912,1722912,2892
13205,60,89,973,47,0,11200,0,0,0,1725282,1725282,2892
13221,60,146,973,47,0,11200,0,0,0,1727894,1727894,2892
13236,60,203,973,47,0,11200,0,0,0,1730223,1730223,2892
13251,60,248,974,48,0,11200,0,0,0,1732301,1732301,2892
13267,60,300,974,47,0,11200,0,0,0,1734388,1734388,2892
13283,60,361,974,47,0,11200,0,0,0,1736437,1736437,2892
13298,60,429,974,46,0,11200,0,0,0,1738545,1738545,2892
13313,60,473,974,46,0,11200,0,0,0,1740006,1740006,2892
13328,60,506,974,46,0,11200,0,0,0,1741010,1741010,2892
13344,60,567,974,46,0,11200,0,0,0,1743020,1743020,2892
13359,60,618,974,46,0,11200,0,0,0,1745010,1745010,2892
13374,60,681,974,46,0,11200,0,0,0,1746851,1746851,2892
13392,60,710,974,46,0,11200,0,0,0,1748017,1748017,2892
13408,60,783,974,46,0,11200,0,0,0,1750030,1750030,2892
13423,60,866,974,46,0,11200,0,0,0,1752210,1752210,2892
13444,60,882,974,46,0,11200,0,0,0,1752482,1752482,2892
13460,60,952,974,45,0,11200,0,0,0,1754355,1754355,2892
13475,61,59,974,45,0,11200,0,0,0,1756732,1756732,2892
13490,61,141,974,45,0,11200,0,0,0,1759034,1759034,2892
13506,61,194,974,45,0,11200,0,0,0,1761236,1761236,2892
13521,61,239,974,45,0,11200,0,0,0,1763351,1763351,2892
13536,61,308,974,44,0,11200,0,0,0,1765713,1765713,2892
13552,61,375,974,44,0,11200,0,0,0,1768055,1768055,2892
13567,61,440,974,44,0,11200,0,0,0,1770082,1770082,2892
13582,61,510,974,44,0,11200,0,0,0,1772185,1772185,2892
13597,61,562,974,44,0,11200,0,0,0,1773978,1773978,2892
13613,61,615,974,44,0,11200,0,0,0,1776150,1776150,2892
13629,61,678,974,44,0,11200,0,0,0,1777727,1777727,2892
13644,61,741,974,44,0,11200,0,0,0,1779549,1779549,2892
13659,61,811,974,44,0,11200,0,0,0,1781606,1781606,2892
13688,61,882,974,44,0,11200,0,0,0,1783591,1783591,2892
13703,61,954,974,44,0,11200,0,0,0,1785559,1785559,2892
13719,62,103,974,44,0,11200,0,0,0,1787933,1787933,2892
13734,62,152,974,44,0,11200,0,0,0,1790403,1790403,2892
13750,62,204,974,44,0,11200,0,0,0,1792687,1792687,2892
13765,62,246,974,44,0,11200,0,0,0,1794843,1794843,2892
13780,62,306,974,44,0,11200,0,0,0,1797200,1797200,2892
13795,62,389,974,44,0,11200,0,0,0,1799531,1799531,2892
13810,62,462,974,44,0,11200,0,0,0,1801691,1801691,2892
13826,62,509,974,44,0,11200,0,0,0,1802994,1802994,2892
13841,62,566,974,44,0,11200,0,0,0,1805085,1805085,2892
13857,62,610,974,44,0,11200,0,0,0,1806889,1806889,2892
13872,62,676,974,44,0,11200,0,0,0,1808562,1808562,2892
13887,62,726,974,44,0,11200,0,0,0,1810451,1810451,2892
13902,62,783,974,44,0,11200,0,0,0,1812118,1812118,2892
13918,62,853,974,44,0,11200,0,0,0,1814129,1814129,2892
13936,62,882,974,43,0,11200,0,0,0,1814684,1814684,2892
13952,62,952,974,43,0,11200,0,0,0,1816502,1816502,2892
13967,63,39,974,42,0,11200,0,0,0,1818808,1818808,2892
13982,63,142,974,42,0,11200,0,0,0,1821277,1821277,2892
13997,63,193,974,42,0,11200,0,0,0,1823739,1823739,2892
14012,63,244,974,42,0,11200,0,0,0,1825774,1825774,2892
14028,63,303,974,42,0,11200,0,0,0,1828134,1828134,2892
14043,63,358,974,42,0,11200,0,0,0,1830253,1830253,2892
14059,63,430,974,42,0,11200,0,0,0,1832440,1832440,2892
14074,63,490,974,42,0,11200,0,0,0,1834320,1834320,2892
14090,63,556,974,42,0,11200,0,0,0,1836572,1836572,2892
14105,63,636,974,42,0,11200,0,0,0,1838597,1838597,2892
14120,63,696,974,42,0,11200,0,0,0,1840550,1840550,2892
14136,63,747,974,42,0,11200,0,0,0,1842434,1842434,2892
14152,63,817,974,42,0,11200,0,0,0,1844574,1844574,2892
14167,63,874,974,40,0,11200,0,0,0,1846509,1846509,2892
14182,63,893,974,40,0,11200,0,0,0,1846930,1846930,2892
14198,64,0,974,38,0,11200,0,0,0,1848982,1848982,2892
14213,64,111,974,38,0,11200,0,0,0,1851498,1851498,2892
14228,64,155,974,38,0,11200,0,0,0,1853768,1853768,2892
14243,64,209,974,38,0,11200,0,0,0,1856124,1856124,2892
14258,64,264,974,38,0,11200,0,0,0,1858367,1858367,2892
14274,64,314,974,38,0,11200,0,0,0,1860728,1860728,2892
14289,64,383,974,38,0,11200,0,0,0,1863092,1863092,2892
14304,64,447,974,38,0,11200,0,0,0,1865314,1865314,2892
14320,64,520,974,38,0,11200,0,0,0,1867515,1867515,2892
14335,64,580,974,38,0,11200,0,0,0,1869627,1869627,2892
14350,64,640,974,38,0,11200,0,0,0,1871599,1871599,2892
14365,64,704,975,39,0,11200,0,0,0,1873392,1873392,2892
14381,64,764,975,39,0,11200,0,0,0,1875167,1875167,2892
14396,64,819,975,39,0,11200,0,0,0,1877155,1877155,2892
14411,64,864,975,38,0,11200,0,0,0,1879034,1879034,2892
14428,64,882,975,38,0,11200,0,0,0,1879270,1879270,2892
14443,65,966,975,38,0,11200,0,0,0,1881280,1881280,2892
14459,65,108,975,37,0,11200,0,0,0,1883866,1883866,2892
14474,65,160,975,37,0,11200,0,0,0,1886348,1886348,2892
14489,65,219,975,37,0,11200,0,0,0,1888548,1888548,2892
14504,65,270,975,36,0,11200,0,0,0,1890760,1890760,2892
14520,65,336,975,36,0,11200,0,0,0,1892938,1892938,2892
14535,65,402,975,36,0,11200,0,0,0,1895018,1895018,2892
14550,65,462,975,36,0,11200,0,0,0,1897152,1897152,2892
14565,65,525,975,36,0,11200,0,0,0,1899366,1899366,2892
14581,65,589,975,36,0,11200,0,0,0,1901558,1901558,2892
14596,65,636,975,36,0,11200,0,0,0,1903282,1903282,2892
14614,65,719,975,36,0,11200,0,0,0,1905274,1905274,2892
14630,65,776,975,36,0,11200,0,0,0,1907218,1907218,2892
14645,65,840,975,35,0,11200,0,0,0,1909264,1909264,2892
14670,65,882,975,35,0,11200,0,0,0,1910284,1910284,2892
14685,66,966,975,35,0,11200,0,0,0,1912166,1912166,2892
14700,66,101,975,34,0,11200,0,0,0,1914451,1914451,2892
14715,66,155,975,34,0,11200,0,0,0,1916809,1916809,2892
14731,66,216,975,34,0,11200,0,0,0,1919152,1919152,2892
14746,66,260,975,34,0,11200,0,0,0,1921251,1921251,2892
14761,66,321,976,35,0,11200,0,0,0,1923333,1923333,2893
14777,66,376,976,34,0,11200,0,0,0,1925538,1925538,2893
14792,66,446,976,34,0,11200,0,0,0,1927569,1927569,2893
14808,66,490,976,34,0,11200,0,0,0,1928686,1928686,2893
14823,66,552,976,34,0,11200,0,0,0,1930620,1930620,2893
14838,66,602,976,34,0,11200,0,0,0,1932442,1932442,2893
14854,66,667,977,35,0,11200,0,0,0,1934483,1934483,2893
14872,66,710,977,35,0,11200,0,0,0,1935707,1935707,2893
14888,66,776,977,35,0,11200,0,0,0,1937729,1937729,2893
14903,66,828,977,34,0,11200,0,0,0,1939713,1939713,2893
14921,66,882,977,33,0,11200,0,0,0,1941074,1941074,2893
14937,67,971,977,33,0,11200,0,0,0,1943065,1943065,2893
14952,67,106,978,33,0,11200,0,0,0,1945430,1945430,2893
14967,67,151,978,33,0,11200,0,0,0,1947847,1947847,2893
14982,67,215,978,33,0,11200,0,0,0,1950023,1950023,2893
14998,67,271,978,33,0,11200,0,0,0,1952498,1952498,2893
15013,67,346,978,33,0,11200,0,0,0,1954769,1954769,2893
15028,67,408,978,33,0,11200,0,0,0,1957013,1957013,2893
15045,67,473,979,34,0,11200,0,0,0,1959054,1959054,2893
15060,67,519,979,34,0,11200,0,0,0,1960789,1960789,2893
15075,67,588,979,34,0,11200,0,0,0,1963060,1963060,2893
15091,67,645,979,34,0,11200,0,0,0,1964872,1964872,2893
15106,67,693,979,34,0,11200,0,0,0,1966763,1966763,2893
15121,67,719,979,34,0,11200,0,0,0,1967657,1967657,2893
15136,67,776,979,34,0,11200,0,0,0,1969471,1969471,2893
15151,67,852,979,34,0,11200,0,0,0,1971553,1971553,2893
15170,67,882,979,34,0,11200,0,0,0,1972116,1972116,2893
15185,68,970,979,34,0,11200,0,0,0,1974184,1974184,2893
15201,68,110,979,33,0,11200,0,0,0,1976785,1976785,2893
15217,68,161,979,33,0,11200,0,0,0,1979293,1979293,2893
15232,68,216,979,33,0,11200,0,0,0,1981570,1981570,2893
15248,68,263,979,33,0,11200,0,0,0,1983856,1983856,2893
15263,68,314,979,33,0,11200,0,0,0,1986076,1986076,2893
15279,68,380,979,33,0,11200,0,0,0,1988414,1988414,2893
15294,68,445,979,33,0,11200,0,0,0,1990768,1990768,2893
15309,68,491,979,33,0,11200,0,0,0,1991937,1991937,2893
15324,68,529,979,33,0,11200,0,0,0,1993582,1993582,2893
15340,68,590,979,33,0,11200,0,0,0,1995608,1995608,2893
15355,68,649,979,33,0,11200,0,0,0,1997450,1997450,2893
15370,68,710,979,33,0,11200,0,0,0,1999047,1999047,2893
15385,68,769,979,33,0,11200,0,0,0,2000833,2000833,2893
15401,68,831,979,33,0,11200,0,0,0,2003044,2003044,2893
15432,68,882,979,33,0,11200,0,0,0,2004450,2004450,2893
15447,68,962,979,33,0,11200,0,0,0,2006478,2006478,2893
15462,69,106,979,32,0,11200,0,0,0,2008898,2008898,2893
15478,69,151,979,32,0,11200,0,0,0,2011322,2011322,2893
15493,69,214,979,32,0,11200,0,0,0,2013699,2013699,2893
15508,69,260,979,32,0,11200,0,0,0,2015916,2015916,2893
15523,69,305,979,32,0,11200,0,0,0,2018030,2018030,2893
15538,69,374,979,32,0,11200,0,0,0,2020325,2020325,2893
15553,69,443,979,32,0,11200,0,0,0,2022418,2022418,2893
15571,69,490,979,32,0,11200,0,0,0,2023773,2023773,2893
15586,69,561,980,33,0,11200,0,0,0,2025968,2025968,2893
15601,69,618,980,33,0,11200,0,0,0,2028116,2028116,2893
15617,69,681,980,33,0,11200,0,0,0,2029866,2029866,2893
15632,69,730,980,33,0,11200,0,0,0,2031099,2031099,2893
15648,69,778,980,33,0,11200,0,0,0,2032908,2032908,2893
15664,69,840,980,33,0,11200,0,0,0,2034918,2034918,2893
15693,69,882,980,33,0,11200,0,0,0,2035987,2035987,2893
15708,69,956,980,32,0,11200,0,0,0,2037844,2037844,2893
15723,70,28,980,31,0,11200,0,0,0,2040182,2040182,2893
15738,70,136,980,31,0,11200,0,0,0,2042783,2042783,2893
15754,70,182,980,30,0,11200,0,0,0,2045049,2045049,2893
15769,70,237,980,30,0,11200,0,0,0,2047398,2047398,2893
15784,70,289,980,30,0,11200,0,0,0,2049787,2049787,2893
15799,70,347,980,30,0,11200,0,0,0,2052017,2052017,2893
15815,70,402,980,30,0,11200,0,0,0,2054304,2054304,2893
15830,70,469,980,30,0,11200,0,0,0,2056571,2056571,2893
15845,70,525,980,30,0,11200,0,0,0,2058331,2058331,2893
15860,70,588,980,30,0,11200,0,0,0,2060521,2060521,2893
15875,70,647,980,29,0,11200,0,0,0,2062190,2062190,2893
15891,70,699,980,29,0,11200,0,0,0,2063908,2063908,2893
15907,70,746,980,29,0,11200,0,0,0,2065544,2065544,2893
15922,70,795,980,29,0,11200,0,0,0,2067443,2067443,2893
15937,70,877,982,31,0,11200,0,0,0,2069473,2069473,2893
15953,70,916,982,31,0,11200,0,0,0,2070401,2070401,2893
15968,71,8,983,29,0,11200,0,0,0,2072533,2072533,2893
15983,71,119,983,29,0,11200,0,0,0,2075093,2075093,2893
15998,71,161,983,29,0,11200,0,0,0,2077525,2077525,2893
16014,71,209,983,29,0,11200,0,0,0,2079731,2079731,2893
16029,71,256,983,29,0,11200,0,0,0,2081961,2081961,2893
16045,71,320,983,29,0,11200,0,0,0,2084332,2084332,2893
16060,71,394,983,29,0,11200,0,0,0,2086589,2086589,2893
16075,71,455,983,29,0,11200,0,0,0,2088771,2088771,2893
16091,71,515,983,29,0,11200,0,0,0,2090785,2090785,2893
16106,71,581,983,29,0,11200,0,0,0,2092981,2092981,2893
16122,71,643,983,28,0,11200,0,0,0,2094864,2094864,2893
16138,71,697,983,28,0,11200,0,0,0,2096581,2096581,2893
16153,71,769,983,28,0,11200,0,0,0,2098197,2098197,2893
16168,71,831,983,28,0,11200,0,0,0,2100278,2100278,2893
16183,71,883,983,28,0,11200,0,0,0,2101515,2101515,2893
16199,72,975,983,27,0,11200,0,0,0,2103594,2103594,2893
16214,72,103,983,27,0,11200,0,0,0,2106121,2106121,2893
16229,72,152,983,27,0,11200,0,0,0,2108708,2108708,2893
16245,72,214,983,27,0,11200,0,0,0,2110951,2110951,2893
16260,72,257,983,27,0,11200,0,0,0,2113007,2113007,2893
16275,72,313,983,27,0,11200,0,0,0,2115123,2115123,2893
16291,72,379,983,27,0,11200,0,0,0,2117509,2117509,2893
16306,72,451,983,27,0,11200,0,0,0,2119778,2119778,2893
16322,72,496,983,27,0,11200,0,0,0,2120743,2120743,2893
16338,72,555,983,26,0,11200,0,0,0,2122892,2122892,2893
16353,72,601,983,25,0,11200,0,0,0,2124924,2124924,2893
16368,72,653,983,25,0,11200,0,0,0,2126644,2126644,2893
16385,72,710,983,25,0,11200,0,0,0,2128429,2128429,2893
16400,72,771,983,25,0,11200,0,0,0,2130324,2130324,2893
16415,72,832,983,24,0,11200,0,0,0,2132248,2132248,2893
16444,72,882,983,24,0,11200,0,0,0,2133355,2133355,2893
16460,73,982,983,24,0,11200,0,0,0,2135486,2135486,2893
16475,73,106,983,24,0,11200,0,0,0,2137948,2137948,2893
16490,73,152,983,24,0,11200,0,0,0,2140239,2140239,2893
16505,73,212,983,24,0,11200,0,0,0,2142575,2142575,2893
16520,73,268,983,24,0,11200,0,0,0,2144891,2144891,2893
16536,73,341,983,24,0,11200,0,0,0,2147207,2147207,2893
16551,73,407,983,24,0,11200,0,0,0,2149478,2149478,2893
16566,73,467,983,24,0,11200,0,0,0,2151538,2151538,2893
16582,73,520,983,24,0,11200,0,0,0,2153218,2153218,2893
16598,73,575,983,24,0,11200,0,0,0,2155250,2155250,2893
16614,73,623,983,24,0,11200,0,0,0,2157045,2157045,2893
16629,73,681,983,24,0,11200,0,0,0,2158765,2158765,2893
16645,73,732,983,24,0,11200,0,0,0,2160187,2160187,2893
16660,73,791,983,24,0,11200,0,0,0,2162127,2162127,2893
16676,73,866,983,24,0,11200,0,0,0,2164459,2164459,2893
16695,73,882,983,24,0,11200,0,0,0,2164882,2164882,2893
16710,73,965,983,23,0,11200,0,0,0,2167151,2167151,2893
16725,74,59,983,23,0,11200,0,0,0,2169490,2169490,2893
16741,74,149,983,23,0,11200,0,0,0,2171986,2171986,2893
16756,74,209,983,23,0,11200,0,0,0,2174395,2174395,2893
16771,74,255,983,23,0,11200,0,0,0,2176455,2176455,2893
16786,74,307,983,23,0,11200,0,0,0,2178737,2178737,2893
16801,74,367,983,23,0,11200,0,0,0,2180923,2180923,2893
16817,74,427,983,23,0,11200,0,0,0,2183083,2183083,2893
16832,74,488,983,23,0,11200,0,0,0,2184926,2184926,2893
16848,74,525,983,23,0,11200,0,0,0,2186578,2186578,2893
16863,74,588,983,23,0,11200,0,0,0,2188604,2188604,2893
16878,74,647,984,24,0,11200,0,0,0,2190570,2190570,2893
16893,74,713,984,24,0,11200,0,0,0,2192422,2192422,2893
16909,74,765,984,24,0,11200,0,0,0,2194107,2194107,2893
16924,74,830,984,24,0,11200,0,0,0,2196201,2196201,2893
16946,74,882,984,24,0,11200,0,0,0,2197204,2197204,2893
16961,74,952,984,24,0,11200,0,0,0,2199271,2199271,2893
16976,75,35,984,22,0,11200,0,0,0,2201603,2201603,2893
16992,75,140,984,22,0,11200,0,0,0,2204268,2204268,2893
17007,75,186,984,22,0,11200,0,0,0,2206423,2206423,2893
17022,75,238,984,22,0,11200,0,0,0,2208848,2208848,2893
17038,75,305,984,22,0,11200,0,0,0,2211232,2211232,2893
17053,75,374,984,22,0,11200,0,0,0,2213390,2213390,2893
17068,75,433,984,22,0,11200,0,0,0,2215416,2215416,2893
17084,75,503,984,22,0,11200,0,0,0,2217221,2217221,2893
17099,75,562,984,22,0,11200,0,0,0,2219414,2219414,2893
17115,75,623,984,22,0,11200,0,0,0,2221486,2221486,2893
17130,75,685,984,22,0,11200,0,0,0,2223102,2223102,2893
17146,75,733,984,22,0,11200,0,0,0,2224585,2224585,2893
17161,75,799,985,23,0,11200,0,0,0,2226529,2226529,2894
17183,75,882,985,23,0,11200,0,0,0,2228351,2228351,2894
17199,75,956,985,23,0,11200,0,0,0,2230513,2230513,2894
17214,76,27,986,23,0,11200,0,0,0,2232590,2232590,2894
17229,76,139,986,23,0,11200,0,0,0,2235172,2235172,2894
17244,76,191,986,23,0,11200,0,0,0,2237404,2237404,2894
17260,76,246,986,23,0,11200,0,0,0,2239714,2239714,2894
17275,76,307,986,23,0,11200,0,0,0,2242162,2242162,2894
17291,76,378,986,23,0,11200,0,0,0,2244381,2244381,2894
17306,76,446,986,23,0,11200,0,0,0,2246506,2246506,2894
17321,76,506,986,23,0,11200,0,0,0,2247966,2247966,2894
17337,76,581,986,23,0,11200,0,0,0,2249921,2249921,2894
17352,76,652,986,23,0,11200,0,0,0,2251909,2251909,2894
17367,76,705,986,23,0,11200,0,0,0,2253651,2253651,2894
17382,76,755,986,23,0,11200,0,0,0,2255080,2255080,2894
17397,76,815,986,23,0,11200,0,0,0,2257074,2257074,2894
17428,76,882,986,23,0,11200,0,0,0,2258930,2258930,2894
17443,76,952,986,23,0,11200,0,0,0,2260901,2260901,2894
17458,77,30,986,23,0,11200,0,0,0,2263077,2263077,2894
17474,77,138,986,22,0,11200,0,0,0,2265668,2265668,2894
17489,77,187,986,22,0,11200,0,0,0,2267881,2267881,2894
17504,77,232,986,22,0,11200,0,0,0,2270110,2270110,2894
17519,77,275,986,22,0,11200,0,0,0,2272120,2272120,2894
17535,77,357,986,22,0,11200,0,0,0,2274402,2274402,2894
17550,77,424,986,22,0,11200,0,0,0,2276505,2276505,2894
17565,77,502,986,22,0,11200,0,0,0,2278595,2278595,2894
17580,77,551,986,22,0,11200,0,0,0,2280294,2280294,2894
17596,77,608,986,22,0,11200,0,0,0,2282306,2282306,2894
17611,77,682,986,22,0,11200,0,0,0,2284249,2284249,2894
17626,77,740,986,22,0,11200,0,0,0,2285941,2285941,2894
17641,77,791,986,22,0,11200,0,0,0,2287611,2287611,2894
17656,77,854,987,22,0,11200,0,0,0,2289578,2289578,2895
17672,77,926,987,22,0,11200,0,0,0,2290958,2290958,2895
17687,78,8,987,20,0,11200,0,0,0,2293092,2293092,2895
17702,78,114,987,20,0,11200,0,0,0,2295653,2295653,2895
17718,78,166,987,20,0,11200,0,0,0,2298162,2298162,2895
17733,78,226,987,20,0,11200,0,0,0,2300527,2300527,2895
17748,78,274,987,20,0,11200,0,0,0,2302692,2302692,2895
17763,78,357,987,20,0,11200,0,0,0,2304974,2304974,2895
17779,78,430,987,20,0,11200,0,0,0,2307328,2307328,2895
17794,78,493,987,20,0,11200,0,0,0,2309360,2309360,2895
17809,78,556,988,21,0,11200,0,0,0,2311430,2311430,2899
17824,78,603,988,21,0,11200,0,0,0,2313387,2313387,2899
17840,78,692,988,21,0,11200,0,0,0,2315504,2315504,2899
17855,78,746,988,21,0,11200,0,0,0,2317166,2317166,2899
17871,78,794,988,21,0,11200,0,0,0,2318831,2318831,2899
17886,78,857,988,20,0,11200,0,0,0,2320786,2320786,2899
17902,78,923,988,20,0,11200,0,0,0,2322101,2322101,2899
17917,79,983,988,20,0,11200,0,0,0,2323987,2323987,2899
17932,79,107,990,19,0,11200,0,0,0,2326513,2326513,2901
17948,79,147,990,19,0,11200,0,0,0,2329018,2329018,2901
17963,79,205,990,19,0,11200,0,0,0,2331316,2331316,2901
17978,79,257,990,19,0,11200,0,0,0,2333532,2333532,2901
17993,79,313,990,19,0,11200,0,0,0,2335915,2335915,2901
18009,79,388,990,19,0,11200,0,0,0,2338209,2338209,2901
18030,79,473,990,19,0,11200,0,0,0,2340186,2340186,2901
18045,79,538,990,19,0,11200,0,0,0,2342411,2342411,2901
18060,79,596,990,19,0,11200,0,0,0,2344324,2344324,2901
18075,79,654,990,19,0,11200,0,0,0,2346037,2346037,2901
18092,79,710,991,20,0,11200,0,0,0,2347455,2347455,2901
18107,79,774,991,20,0,11200,0,0,0,2349379,2349379,2901
18123,79,830,991,20,0,11200,0,0,0,2351372,2351372,2901
18138,79,882,992,21,0,11200,0,0,0,2352505,2352505,2901
18154,79,962,992,20,0,11200,0,0,0,2354501,2354501,2901
18169,80,35,992,19,0,11200,0,0,0,2356981,2356981,2901
18184,80,147,992,19,0,11200,0,0,0,2359560,2359560,2901
18200,80,199,992,19,0,11200,0,0,0,2361942,2361942,2901
18215,80,245,992,19,0,11200,0,0,0,2364196,2364196,2901
18231,80,308,992,19,0,11200,0,0,0,2366355,2366355,2901
18246,80,368,992,19,0,11200,0,0,0,2368454,2368454,2901
18262,80,422,992,19,0,11200,0,0,0,2370516,2370516,2901
18277,80,467,992,19,0,11200,0,0,0,2372365,2372365,2901
18292,80,508,992,19,0,11200,0,0,0,2373587,2373587,2901
18307,80,580,992,19,0,11200,0,0,0,2375757,2375757,2901
18322,80,637,992,18,0,11200,0,0,0,2377505,2377505,2901
18340,80,700,992,18,0,11200,0,0,0,2379439,2379439,2901
18355,80,739,992,18,0,11200,0,0,0,2380600,2380600,2901
18370,80,827,992,18,0,11200,0,0,0,2382596,2382596,2901
18386,80,911,992,17,0,11200,0,0,0,2384603,2384603,2901
18401,81,979,992,17,0,11200,0,0,0,2386665,2386665,2901
18417,81,101,992,17,0,11200,0,0,0,2389103,2389103,2901
18432,81,152,992,17,0,11200,0,0,0,2391750,2391750,2901
18448,81,210,992,17,0,11200,0,0,0,2394208,2394208,2901
18463,81,256,992,17,0,11200,0,0,0,2396424,2396424,2901
18478,81,314,992,17,0,11200,0,0,0,2398573,2398573,2901
18493,81,380,992,16,0,11200,0,0,0,2400649,2400649,2901
18508,81,451,992,16,0,11200,0,0,0,2402829,2402829,2901
18529,81,490,992,16,0,11200,0,0,0,2404027,2404027,2901
18544,81,541,992,16,0,11200,0,0,0,2405880,2405880,2901
18559,81,594,992,15,0,11200,0,0,0,2407889,2407889,2901
18574,81,654,992,15,0,11200,0,0,0,2409806,2409806,2901
18590,81,712,992,15,0,11200,0,0,0,2411098,2411098,2901
18605,81,801,992,15,0,11200,0,0,0,2413295,2413295,2901
18639,81,882,992,15,0,11200,0,0,0,2415273,2415273,2901
18654,81,956,992,15,0,11200,0,0,0,2417270,2417270,2901
18669,82,16,992,15,0,11200,0,0,0,2419314,2419314,2901
18685,82,132,992,15,0,11200,0,0,0,2422138,2422138,2901
18700,82,180,992,14,0,11200,0,0,0,2424262,2424262,2901
18715,82,232,992,14,0,11200,0,0,0,2426468,2426468,2901
18731,82,292,992,14,0,11200,0,0,0,2428811,2428811,2901
18746,82,349,992,14,0,11200,0,0,0,2430788,2430788,2901
18761,82,423,992,14,0,11200,0,0,0,2433046,2433046,2901
18776,82,473,992,14,0,11200,0,0,0,2434856,2434856,2901
18792,82,525,992,14,0,11200,0,0,0,2436315,2436315,2901
18807,82,589,992,14,0,11200,0,0,0,2438364,2438364,2901
18823,82,652,992,14,0,11200,0,0,0,2440028,2440028,2901
18840,82,710,992,14,0,11200,0,0,0,2441698,2441698,2901
18856,82,775,992,14,0,11200,0,0,0,2443792,2443792,2901
18871,82,846,992,14,0,11200,0,0,0,2445775,2445775,2901
18908,82,882,992,14,0,11200,0,0,0,2446870,2446870,2901
18923,82,959,992,14,0,11200,0,0,0,2449046,2449046,2901
18939,83,24,992,14,0,11200,0,0,0,2451347,2451347,2901
18954,83,134,992,14,0,11200,0,0,0,2453838,2453838,2901
18969,83,186,992,14,0,11200,0,0,0,2456181,2456181,2901
18984,83,232,992,14,0,11200,0,0,0,2458441,2458441,2901
18999,83,283,992,14,0,11200,0,0,0,2460394,2460394,2901
19014,83,351,992,14,0,11200,0,0,0,2462398,2462398,2901
19030,83,411,992,14,0,11200,0,0,0,2464651,2464651,2901
19045,83,477,992,14,0,11200,0,0,0,2466488,2466488,2901
19060,83,523,992,14,0,11200,0,0,0,2467994,2467994,2901
19075,83,586,992,14,0,11200,0,0,0,2469985,2469985,2901
19090,83,640,992,14,0,11200,0,0,0,2471814,2471814,2901
19106,83,710,992,14,0,11200,0,0,0,2473708,2473708,2901
19121,83,776,992,14,0,11200,0,0,0,2475954,2475954,2901
19137,83,845,992,14,0,11200,0,0,0,2477927,2477927,2901
19152,83,904,992,14,0,11200,0,0,0,2479354,2479354,2901
19167,84,986,992,14,0,11200,0,0,0,2481172,2481172,2901
19182,84,105,992,14,0,11200,0,0,0,2483718,2483718,2901
19198,84,150,992,14,0,11200,0,0,0,2486065,2486065,2901
19214,84,215,992,14,0,11200,0,0,0,2488474,2488474,2901
19230,84,267,992,14,0,11200,0,0,0,2490662,2490662,2901
19245,84,344,992,14,0,11200,0,0,0,2492837,2492837,2901
19261,84,417,992,14,0,11200,0,0,0,2494951,2494951,2901
19276,84,481,992,14,0,11200,0,0,0,2496893,2496893,2901
19291,84,530,992,14,0,11200,0,0,0,2498843,2498843,2901
19306,84,602,992,14,0,11200,0,0,0,2500799,2500799,2901
19321,84,662,992,14,0,11200,0,0,0,2502634,2502634,2901
19337,84,722,992,14,0,11200,0,0,0,2504322,2504322,2901
19352,84,774,992,14,0,11200,0,0,0,2506100,2506100,2901
19368,84,845,992,14,0,11200,0,0,0,2508326,2508326,2901
19383,84,890,992,14,0,11200,0,0,0,2509679,2509679,2901
19398,84,952,992,14,0,11200,0,0,0,2511519,2511519,2901
19413,85,19,992,13,0,11200,0,0,0,2513725,2513725,2901
19429,85,124,992,13,0,11200,0,0,0,2515934,2515934,2901
19444,85,177,992,13,0,11200,0,0,0,2518437,2518437,2901
19460,85,238,992,13,0,11200,0,0,0,2520670,2520670,2901
19475,85,291,992,13,0,11200,0,0,0,2522766,2522766,2901
19490,85,361,992,13,0,11200,0,0,0,2524928,2524928,2901
19506,85,433,992,13,0,11200,0,0,0,2527310,2527310,2901
19521,85,489,992,13,0,11200,0,0,0,2529020,2529020,2901
19536,85,548,992,13,0,11200,0,0,0,2531128,2531128,2901
19551,85,606,992,13,0,11200,0,0,0,2532860,2532860,2901
19567,85,681,992,13,0,11200,0,0,0,2534694,2534694,2901
19582,85,710,992,12,0,11200,0,0,0,2535772,2535772,2901
19597,85,783,993,13,0,11200,0,0,0,2537565,2537565,2901
19613,85,855,993,13,0,11200,0,0,0,2539541,2539541,2901
19629,85,882,993,13,0,11200,0,0,0,2540067,2540067,2901
19645,85,947,994,14,0,11200,0,0,0,2542072,2542072,2901
19660,86,15,994,13,0,11200,0,0,0,2544231,2544231,2901
19675,86,126,994,13,0,11200,0,0,0,2547012,2547012,2901
19690,86,165,994,13,0,11200,0,0,0,2549310,2549310,2901
19706,86,223,994,13,0,11200,0,0,0,2551702,2551702,2901
19722,86,271,994,13,0,11200,0,0,0,2553888,2553888,2901
19737,86,346,994,13,0,11200,0,0,0,2556123,2556123,2901
19753,86,408,994,13,0,11200,0,0,0,2558394,2558394,2901
19769,86,473,994,13,0,11200,0,0,0,2560339,2560339,2901
19784,86,531,994,13,0,11200,0,0,0,2561926,2561926,2901
19800,86,602,994,13,0,11200,0,0,0,2563970,2563970,2901
19815,86,670,994,13,0,11200,0,0,0,2565872,2565872,2901
19831,86,712,994,13,0,11200,0,0,0,2567251,2567251,2901
19846,86,795,994,13,0,11200,0,0,0,2569266,2569266,2901
19861,86,869,995,14,0,11200,0,0,0,2571415,2571415,2902
19885,86,882,995,14,0,11200,0,0,0,2571633,2571633,2902
19900,86,959,996,15,0,11200,0,0,0,2573612,2573612,2902
19915,87,20,996,14,0,11200,0,0,0,2575795,2575795,2902
19930,87,133,996,14,0,11200,0,0,0,2578472,2578472,2902
19945,87,178,996,14,0,11200,0,0,0,2580827,2580827,2902
19961,87,223,996,14,0,11200,0,0,0,2583079,2583079,2902
19976,87,271,996,14,0,11200,0,0,0,2585253,2585253,2902
19991,87,329,996,14,0,11200,0,0,0,2587199,2587199,2902
20006,87,407,996,14,0,11200,0,0,0,2589290,2589290,2902
20021,87,451,996,14,0,11200,0,0,0,2591263,2591263,2902
20037,87,497,996,14,0,11200,0,0,0,2592620,2592620,2902
20052,87,556,996,14,0,11200,0,0,0,2594744,2594744,2902
20068,87,606,996,14,0,11200,0,0,0,2596707,2596707,2902
20083,87,676,996,14,0,11200,0,0,0,2598696,2598696,2902
20099,87,732,996,14,0,11200,0,0,0,2600454,2600454,2902
20115,87,794,996,14,0,11200,0,0,0,2602464,2602464,2902
20130,87,854,996,14,0,11200,0,0,0,2604386,2604386,2902
20146,87,936,996,14,0,11200,0,0,0,2606091,2606091,2902
20161,88,15,996,12,0,11200,0,0,0,2608279,2608279,2902
20176,88,124,996,12,0,11200,0,0,0,2610797,2610797,2902
20191,88,167,996,12,0,11200,0,0,0,2613212,2613212,2902
20207,88,223,996,12,0,11200,0,0,0,2615328,2615328,2902
20222,88,270,996,12,0,11200,0,0,0,2617383,2617383,2902
20237,88,346,996,12,0,11200,0,0,0,2619661,2619661,2902
20253,88,405,996,12,0,11200,0,0,0,2621362,2621362,2902
20268,88,462,996,12,0,11200,0,0,0,2623328,2623328,2902
20283,88,537,996,12,0,11200,0,0,0,2625378,2625378,2902
20298,88,598,996,12,0,11200,0,0,0,2627363,2627363,2902
20314,88,675,997,13,0,11200,0,0,0,2629293,2629293,2906
20329,88,722,997,13,0,11200,0,0,0,2630768,2630768,2906
20344,88,789,997,13,0,11200,0,0,0,2632806,2632806,2906
20360,88,852,997,13,0,11200,0,0,0,2634933,2634933,2906
20390,88,882,997,13,0,11200,0,0,0,2636040,2636040,2906
20405,88,959,997,13,0,11200,0,0,0,2638137,2638137,2906
20420,89,20,997,10,0,11200,0,0,0,2640369,2640369,2906
20435,89,122,997,10,0,11200,0,0,0,2642892,2642892,2906
20451,89,178,997,10,0,11200,0,0,0,2645464,2645464,2906
20466,89,229,997,10,0,11200,0,0,0,2647695,2647695,2906
20481,89,277,997,10,0,11200,0,0,0,2650000,2650000,2906
20497,89,345,997,10,0,11200,0,0,0,2652046,2652046,2906
20512,89,407,997,10,0,11200,0,0,0,2654168,2654168,2906
20531,89,473,997,10,0,11200,0,0,0,2656244,2656244,2906
20546,89,516,997,10,0,11200,0,0,0,2657712,2657712,2906
20562,89,580,997,10,0,11200,0,0,0,2659761,2659761,2906
20577,89,643,997,10,0,11200,0,0,0,2661846,2661846,2906
20594,89,700,997,10,0,11200,0,0,0,2663884,2663884,2906
20609,89,723,997,10,0,11200,0,0,0,2664668,2664668,2906
20624,89,794,997,10,0,11200,0,0,0,2666714,2666714,2906
20639,89,861,997,10,0,11200,0,0,0,2668594,2668594,2906
20655,89,932,997,10,0,11200,0,0,0,2670067,2670067,2906
20670,90,0,998,10,0,11200,0,0,0,2672096,2672096,2908
20685,90,103,998,10,0,11200,0,0,0,2674556,2674556,2908
20701,90,148,998,10,0,11200,0,0,0,2677139,2677139,2908
20716,90,210,998,10,0,11200,0,0,0,2679435,2679435,2908
20731,90,256,998,10,0,11200,0,0,0,2681422,2681422,2908
20747,90,317,998,10,0,11200,0,0,0,2683576,2683576,2908
20762,90,379,998,10,0,11200,0,0,0,2685887,2685887,2908
20777,90,455,998,10,0,11200,0,0,0,2688136,2688136,2908
20792,90,509,998,10,0,11200,0,0,0,2689698,2689698,2908
20807,90,567,998,10,0,11200,0,0,0,2691807,2691807,2908
20823,90,617,998,10,0,11200,0,0,0,2693872,2693872,2908
20838,90,685,998,10,0,11200,0,0,0,2695400,2695400,2908
20853,90,723,998,10,0,11200,0,0,0,2696428,2696428,2908
20869,90,769,998,10,0,11200,0,0,0,2698245,2698245,2908
20884,90,840,998,10,0,11200,0,0,0,2700230,2700230,2908
20903,90,882,998,10,0,11200,0,0,0,2701271,2701271,2908
20918,90,956,998,10,0,11200,0,0,0,2703323,2703323,2908
20934,91,0,998,9,0,11200,0,0,0,2705108,2705108,2908
20949,91,117,998,9,0,11200,0,0,0,2707730,2707730,2908
20965,91,161,998,9,0,11200,0,0,0,2710025,2710025,2908
20980,91,226,998,9,0,11200,0,0,0,2712382,2712382,2908
20995,91,283,998,9,0,11200,0,0,0,2714450,2714450,2908
21010,91,358,998,9,0,11200,0,0,0,2716554,2716554,2908
21025,91,410,998,9,0,11200,0,0,0,2718539,2718539,2908
21040,91,474,998,9,0,11200,0,0,0,2720386,2720386,2908
21056,91,525,998,9,0,11200,0,0,0,2722421,2722421,2908
21071,91,593,998,9,0,11200,0,0,0,2724586,2724586,2908
21086,91,658,998,9,0,11200,0,0,0,2726634,2726634,2908
21104,91,710,998,9,0,11200,0,0,0,2728216,2728216,2908
21121,91,775,998,9,0,11200,0,0,0,2730362,2730362,2908
21136,91,837,998,9,0,11200,0,0,0,2732237,2732237,2908
21156,91,882,998,9,0,11200,0,0,0,2733399,2733399,2908
21171,91,952,999,10,0,11200,0,0,0,2735228,2735228,2908
21186,92,9,999,8,0,11200,0,0,0,2737303,2737303,2908
21202,92,113,999,8,0,11200,0,0,0,2739816,2739816,2908
21217,92,164,999,8,0,11200,0,0,0,2742169,2742169,2908
21232,92,223,999,8,0,11200,0,0,0,2744363,2744363,2908
21247,92,277,999,8,0,11200,0,0,0,2746538,2746538,2908
21263,92,346,999,8,0,11200,0,0,0,2748766,2748766,2908
21278,92,421,999,8,0,11200,0,0,0,2750752,2750752,2908
21294,92,476,999,8,0,11200,0,0,0,2752769,2752769,2908
21309,92,537,999,8,0,11200,0,0,0,2754616,2754616,2908
21325,92,610,999,8,0,11200,0,0,0,2756693,2756693,2908
21340,92,691,999,8,0,11200,0,0,0,2758801,2758801,2908
21355,92,741,999,8,0,11200,0,0,0,2760597,2760597,2908
21371,92,811,999,8,0,11200,0,0,0,2762721,2762721,2908
21386,92,866,999,8,0,11200,0,0,0,2764543,2764543,2908
21401,92,904,999,8,0,11200,0,0,0,2765224,2765224,2908
21416,93,987,999,8,0,11200,0,0,0,2766990,2766990,2908
21432,93,111,999,8,0,11200,0,0,0,2769434,2769434,2908
21447,93,152,999,8,0,11200,0,0,0,2771853,2771853,2908
21463,93,203,999,8,0,11200,0,0,0,2774131,2774131,2908
21479,93,246,999,8,0,11200,0,0,0,2776201,2776201,2908
21494,93,314,999,8,0,11200,0,0,0,2778440,2778440,2908
21509,93,389,999,8,0,11200,0,0,0,2780610,2780610,2908
21524,93,441,999,8,0,11200,0,0,0,2782501,2782501,2908
21540,93,502,999,8,0,11200,0,0,0,2784264,2784264,2908
21555,93,553,999,8,0,11200,0,0,0,2786431,2786431,2908
21571,93,615,999,8,0,11200,0,0,0,2788531,2788531,2908
21589,93,678,999,8,0,11200,0,0,0,2790266,2790266,2908
21604,93,730,999,8,0,11200,0,0,0,2791997,2791997,2908
21620,93,798,999,8,0,11200,0,0,0,2793912,2793912,2908
21635,93,854,999,8,0,11200,0,0,0,2795950,2795950,2908
21653,93,882,999,8,0,11200,0,0,0,2796813,2796813,2908
21668,93,970,999,8,0,11200,0,0,0,2798859,2798859,2908
21683,94,25,999,8,0,11200,0,0,0,2801031,2801031,2908
21698,94,134,999,8,0,11200,0,0,0,2803431,2803431,2908
21713,94,182,999,8,0,11200,0,0,0,2805676,2805676,2908
21729,94,227,999,8,0,11200,0,0,0,2808080,2808080,2908
21744,94,278,999,8,0,11200,0,0,0,2810141,2810141,2908
21759,94,341,1000,9,0,11200,0,0,0,2812229,2812229,2908
21774,94,399,1000,9,0,11200,0,0,0,2814117,2814117,2908
21789,94,469,1000,9,0,11200,0,0,0,2816230,2816230,2908
21805,94,511,1000,9,0,11200,0,0,0,2817557,2817557,2908
21820,94,581,1000,9,0,11200,0,0,0,2819674,2819674,2908
21835,94,645,1000,9,0,11200,0,0,0,2821553,2821553,2908
21851,94,710,1000,9,0,11200,0,0,0,2823576,2823576,2908
21867,94,775,1000,9,0,11200,0,0,0,2825732,2825732,2908
21883,94,840,1000,9,0,11200,0,0,0,2827933,2827933,2908
21914,94,882,1000,9,0,11200,0,0,0,2828963,2828963,2908
21930,94,966,1000,9,0,11200,0,0,0,2831020,2831020,2908
21945,95,23,1000,9,0,11200,0,0,0,2833197,2833197,2908
21960,95,136,1000,9,0,11200,0,0,0,2835911,2835911,2908
21975,95,169,1000,9,0,11200,0,0,0,2838026,2838026,2908
21990,95,222,1000,9,0,11200,0,0,0,2840175,2840175,2908
22006,95,263,1000,9,0,11200,0,0,0,2842271,2842271,2908
22021,95,326,1000,9,0,11200,0,0,0,2844460,2844460,2908
22037,95,384,1000,9,0,11200,0,0,0,2846859,2846859,2908
22053,95,447,1000,9,0,11200,0,0,0,2848941,2848941,2908
22068,95,496,1000,9,0,11200,0,0,0,2850477,2850477,2908
22083,95,565,1000,9,0,11200,0,0,0,2852659,2852659,2908
22099,95,621,1000,9,0,11200,0,0,0,2854631,2854631,2908
22114,95,681,1000,9,0,11200,0,0,0,2856429,2856429,2908
22130,95,741,1000,9,0,11200,0,0,0,2858278,2858278,2908
22145,95,800,1000,9,0,11200,0,0,0,2860362,2860362,2908
22160,95,877,1000,9,0,11200,0,0,0,2862437,2862437,2908
22176,95,926,1000,9,0,11200,0,0,0,2863822,2863822,2908
22191,96,994,1000,9,0,11200,0,0,0,2865939,2865939,2908
22206,96,113,1000,9,0,11200,0,0,0,2868511,2868511,2908
22222,96,152,1000,9,0,11200,0,0,0,2870540,2870540,2908
22237,96,215,1000,9,0,11200,0,0,0,2872869,2872869,2908
22252,96,256,1000,9,0,11200,0,0,0,2874877,2874877,2908
22268,96,329,1000,9,0,11200,0,0,0,2877051,2877051,2908
22283,96,399,1000,9,0,11200,0,0,0,2879343,2879343,2908
22298,96,466,1000,9,0,11200,0,0,0,2881497,2881497,2908
22313,96,519,1000,9,0,11200,0,0,0,2882967,2882967,2908
22329,96,575,1000,9,0,11200,0,0,0,2884892,2884892,2908
22344,96,634,1000,9,0,11200,0,0,0,2886923,2886923,2908
22359,96,697,1000,9,0,11200,0,0,0,2888687,2888687,2908
22375,96,740,1000,9,0,11200,0,0,0,2889913,2889913,2908
22390,96,800,1000,9,0,11200,0,0,0,2891768,2891768,2908
22405,96,865,1000,9,0,11200,0,0,0,2893895,2893895,2908
22432,96,882,1000,9,0,11200,0,0,0,2894186,2894186,2908
22447,96,956,1001,10,0,11200,0,0,0,2896125,2896125,2908
22463,97,4,1001,10,0,11200,0,0,0,2898004,2898004,2908
22478,97,117,1001,10,0,11200,0,0,0,2900370,2900370,2908
22493,97,160,1001,10,0,11200,0,0,0,2902805,2902805,2908
22508,97,219,1001,10,0,11200,0,0,0,2905008,2905008,2908
22524,97,260,1001,10,0,11200,0,0,0,2907140,2907140,2908
22539,97,317,1001,10,0,11200,0,0,0,2909386,2909386,2908
22554,97,384,1001,10,0,11200,0,0,0,2911527,2911527,2908
22569,97,436,1001,10,0,11200,0,0,0,2913556,2913556,2908
22585,97,491,1001,10,0,11200,0,0,0,2915135,2915135,2908
22600,97,542,1001,10,0,11200,0,0,0,2917253,2917253,2908
22615,97,597,1001,10,0,11200,0,0,0,2919035,2919035,2908
22631,97,652,1001,10,0,11200,0,0,0,2920856,2920856,2908
22647,97,702,1001,10,0,11200,0,0,0,2922626,2922626,2908
22662,97,716,1001,10,0,11200,0,0,0,2923049,2923049,2908
22677,97,763,1001,10,0,11200,0,0,0,2924478,2924478,2908
22693,97,827,1001,10,0,11200,0,0,0,2926431,2926431,2908
22724,97,882,1001,10,0,11200,0,0,0,2927854,2927854,2908
22740,97,975,1001,10,0,11200,0,0,0,2929974,2929974,2908
22755,98,31,1001,9,0,11200,0,0,0,2932124,2932124,2908
22770,98,132,1001,9,0,11200,0,0,0,2934526,2934526,2908
22786,98,182,1001,9,0,11200,0,0,0,2936777,2936777,2908
22801,98,244,1001,9,0,11200,0,0,0,2938987,2938987,2908
22816,98,306,1001,9,0,11200,0,0,0,2941398,2941398,2908
22831,98,368,1001,9,0,11200,0,0,0,2943755,2943755,2908
22846,98,436,1001,9,0,11200,0,0,0,2945930,2945930,2908
22861,98,514,1001,9,0,11200,0,0,0,2947820,2947820,2908
22878,98,594,1001,9,0,11200,0,0,0,2950060,2950060,2908
22893,98,660,1001,9,0,11200,0,0,0,2952083,2952083,2908
22908,98,712,1001,9,0,11200,0,0,0,2953458,2953458,2908
22924,98,775,1001,9,0,11200,0,0,0,2955423,2955423,2908
22939,98,846,1001,9,0,11200,0,0,0,2957235,2957235,2908
22968,98,882,1002,10,0,11200,0,0,0,2958317,2958317,2908
22984,98,983,1002,10,0,11200,0,0,0,2960360,2960360,2908
22999,99,46,1002,9,0,11200,0,0,0,2962759,2962759,2908
23015,99,146,1002,9,0,11200,0,0,0,2965348,2965348,2908
23030,99,199,1002,9,0,11200,0,0,0,2967754,2967754,2908
23045,99,248,1002,9,0,11200,0,0,0,2969942,2969942,2908
23061,99,305,1002,9,0,11200,0,0,0,2972274,2972274,2908
23076,99,371,1002,9,0,11200,0,0,0,2974288,2974288,2908
23091,99,437,1002,9,0,11200,0,0,0,2976608,2976608,2908
23107,99,497,1002,9,0,11200,0,0,0,2978376,2978376,2908
23122,99,552,1002,9,0,11200,0,0,0,2980365,2980365,2908
23138,99,602,1002,9,0,11200,0,0,0,2982225,2982225,2908
23155,99,678,1002,9,0,11200,0,0,0,2984123,2984123,2908
23172,99,718,1002,9,0,11200,0,0,0,2985410,2985410,2908
23188,99,770,1002,9,0,11200,0,0,0,2987022,2987022,2908
23203,99,827,1002,9,0,11200,0,0,0,2988741,2988741,2908
23219,99,866,1002,9,0,11200,0,0,0,2990529,2990529,2908
23240,99,882,1002,9,0,11200,0,0,0,2990842,2990842,2908
23255,99,945,1002,8,0,11200,0,0,0,2992819,2992819,2908
23270,100,15,1002,8,0,11200,0,0,0,2995077,2995077,2908
23286,100,125,1002,8,0,11200,0,0,0,2997761,2997761,2908
23301,100,184,1002,8,0,11200,0,0,0,2999944,2999944,2908
23316,100,234,1002,8,0,11200,0,0,0,3002150,3002150,2908
23331,100,291,1002,8,0,11200,0,0,0,3004427,3004427,2908
23346,100,346,1002,8,0,11200,0,0,0,3006561,3006561,2908
23362,100,418,1002,8,0,11200,0,0,0,3009065,3009065,2908
23377,100,473,1002,8,0,11200,0,0,0,3010904,3010904,2908
23393,100,516,1002,8,0,11200,0,0,0,3012528,3012528,2908
23408,100,585,1002,8,0,11200,0,0,0,3014656,3014656,2908
23423,100,664,1002,8,0,11200,0,0,0,3016699,3016699,2908
23439,100,716,1002,8,0,11200,0,0,0,3018315,3018315,2908
23454,100,771,1002,8,0,11200,0,0,0,3019945,3019945,2908
23469,100,818,1002,8,0,11200,0,0,0,3021685,3021685,2908
23509,100,882,1002,8,0,11200,0,0,0,3023158,3023158,2908
23525,100,970,1002,8,0,11200,0,0,0,3025431,3025431,2908
23540,101,24,1002,8,0,11200,0,0,0,3027702,3027702,2908
23555,101,133,1002,8,0,11200,0,0,0,3030206,3030206,2908
23570,101,191,1002,8,0,11200,0,0,0,3032286,3032286,2908
23586,101,229,1002,8,0,11200,0,0,0,3034493,3034493,2908
23601,101,278,1002,8,0,11200,0,0,0,3036680,3036680,2908
23617,101,359,1002,8,0,11200,0,0,0,3038917,3038917,2908
23632,101,437,1003,9,0,11200,0,0,0,3041178,3041178,2908
23647,101,508,1003,9,0,11200,0,0,0,3043359,3043359,2908
23662,101,569,1003,9,0,11200,0,0,0,3045404,3045404,2908
23677,101,649,1003,9,0,11200,0,0,0,3047242,3047242,2908
23693,101,700,1003,9,0,11200,0,0,0,3048849,3048849,2908
23709,101,753,1003,9,0,11200,0,0,0,3050548,3050548,2908
23725,101,817,1003,9,0,11200,0,0,0,3052712,3052712,2908
23749,101,882,1003,9,0,11200,0,0,0,3054174,3054174,2908
23764,101,982,1003,9,0,11200,0,0,0,3056376,3056376,2908
23779,102,28,1003,8,0,11200,0,0,0,3058779,3058779,2908
23795,102,146,1003,8,0,11200,0,0,0,3061330,3061330,2908
23810,102,207,1003,8,0,11200,0,0,0,3063500,3063500,2908
23825,102,256,1003,8,0,11200,0,0,0,3065666,3065666,2908
23840,102,317,1003,8,0,11200,0,0,0,3067751,3067751,2908
23856,102,384,1003,8,0,11200,0,0,0,3069798,3069798,2908
23871,102,455,1003,8,0,11200,0,0,0,3072069,3072069,2908
23886,102,490,1003,8,0,11200,0,0,0,3072880,3072880,2908
23901,102,537,1003,8,0,11200,0,0,0,3074797,3074797,2908
23916,102,594,1003,8,0,11200,0,0,0,3076841,3076841,2908
23932,102,640,1003,8,0,11200,0,0,0,3078497,3078497,2908
23948,102,700,1003,8,0,11200,0,0,0,3080376,3080376,2908
23963,102,745,1003,8,0,11200,0,0,0,3081724,3081724,2908
23978,102,795,1003,8,0,11200,0,0,0,3083539,3083539,2908
24010,102,882,1004,9,0,11200,0,0,0,3085464,3085464,2908
24025,102,962,1004,9,0,11200,0,0,0,3087449,3087449,2908
24040,103,13,1004,8,0,11200,0,0,0,3089687,3089687,2908
24055,103,117,1004,8,0,11200,0,0,0,3092102,3092102,2908
24070,103,157,1004,8,0,11200,0,0,0,3094572,3094572,2908
24086,103,220,1004,8,0,11200,0,0,0,3096902,3096902,2908
24101,103,274,1004,8,0,11200,0,0,0,3099244,3099244,2908
24117,103,354,1004,8,0,11200,0,0,0,3101532,3101532,2908
24132,103,423,1004,8,0,11200,0,0,0,3103722,3103722,2908
24149,103,473,1004,8,0,11200,0,0,0,3105648,3105648,2908
24165,103,527,1004,8,0,11200,0,0,0,3107409,3107409,2908
24180,103,583,1004,8,0,11200,0,0,0,3109144,3109144,2908
24196,103,643,1004,8,0,11200,0,0,0,3111149,3111149,2908
24211,103,702,1004,8,0,11200,0,0,0,3113100,3113100,2908
24230,103,720,1004,8,0,11200,0,0,0,3113683,3113683,2908
24245,103,776,1004,8,0,11200,0,0,0,3115722,3115722,2908
24261,103,849,1005,9,0,11200,0,0,0,3117867,3117867,2908
24289,103,882,1005,9,0,11200,0,0,0,3118669,3118669,2908
24304,103,945,1005,9,0,11200,0,0,0,3120560,3120560,2908
24320,104,8,1005,8,0,11200,0,0,0,3122587,3122587,2908
24335,104,113,1005,8,0,11200,0,0,0,3125245,3125245,2908
24350,104,156,1005,8,0,11200,0,0,0,3127682,3127682,2908
24365,104,226,1005,8,0,11200,0,0,0,3129944,3129944,2908
24380,104,271,1005,8,0,11200,0,0,0,3132121,3132121,2908
24395,104,340,1005,8,0,11200,0,0,0,3134129,3134129,2908
24411,104,408,1005,8,0,11200,0,0,0,3136311,3136311,2908
24426,104,460,1005,8,0,11200,0,0,0,3138428,3138428,2908
24442,104,519,1005,8,0,11200,0,0,0,3140154,3140154,2908
24457,104,573,1005,8,0,11200,0,0,0,3142104,3142104,2908
24472,104,640,1005,8,0,11200,0,0,0,3144019,3144019,2908
24487,104,702,1005,8,0,11200,0,0,0,3145766,3145766,2908
24503,104,750,1005,8,0,11200,0,0,0,3147059,3147059,2908
24519,104,813,1005,8,0,11200,0,0,0,3149156,3149156,2908
24534,104,877,1005,8,0,11200,0,0,0,3151187,3151187,2908
24550,104,966,1006,8,0,11200,0,0,0,3153078,3153078,2908
24565,105,12,1006,6,0,11200,0,0,0,3155148,3155148,2908
24580,105,126,1006,6,0,11200,0,0,0,3157771,3157771,2908
24596,105,186,1006,6,0,11200,0,0,0,3160049,3160049,2908
24611,105,234,1006,6,0,11200,0,0,0,3162281,3162281,2908
24627,105,289,1006,6,0,11200,0,0,0,3164670,3164670,2908
24642,105,360,1006,6,0,11200,0,0,0,3166784,3166784,2908
24657,105,428,1006,6,0,11200,0,0,0,3168898,3168898,2908
24673,105,495,1006,6,0,11200,0,0,0,3170977,3170977,2908
24688,105,555,1006,6,0,11200,0,0,0,3173144,3173144,2908
24703,105,607,1006,6,0,11200,0,0,0,3174897,3174897,2908
24718,105,654,1006,6,0,11200,0,0,0,3176513,3176513,2908
24735,105,710,1006,6,0,11200,0,0,0,3178008,3178008,2908
24751,105,774,1006,6,0,11200,0,0,0,3180030,3180030,2908
24766,105,837,1006,6,0,11200,0,0,0,3182022,3182022,2908
24792,105,882,1006,6,0,11200,0,0,0,3182918,3182918,2908
24807,105,959,1006,6,0,11200,0,0,0,3185012,3185012,2908
24822,106,16,1006,6,0,11200,0,0,0,3187217,3187217,2908
24837,106,136,1006,6,0,11200,0,0,0,3189853,3189853,2908
24852,106,185,1006,6,0,11200,0,0,0,3191989,3191989,2908
24868,106,244,1006,6,0,11200,0,0,0,3194123,3194123,2908
24883,106,307,1006,6,0,11200,0,0,0,3196435,3196435,2908
24898,106,377,1006,6,0,11200,0,0,0,3198644,3198644,2908
24914,106,446,1006,6,0,11200,0,0,0,3200800,3200800,2908
24929,106,497,1006,6,0,11200,0,0,0,3202387,3202387,2908
24945,106,554,1006,6,0,11200,0,0,0,3204455,3204455,2908
24960,106,613,1006,6,0,11200,0,0,0,3206381,3206381,2908
24975,106,675,1006,6,0,11200,0,0,0,3208040,3208040,2908
24990,106,732,1006,6,0,11200,0,0,0,3210051,3210051,2908
25005,106,799,1006,6,0,11200,0,0,0,3211871,3211871,2908
25021,106,869,1006,6,0,11200,0,0,0,3213799,3213799,2908
25054,106,882,1006,6,0,11200,0,0,0,3214079,3214079,2908
25070,106,966,1006,6,0,11200,0,0,0,3216041,3216041,2908
25085,107,24,1006,6,0,11200,0,0,0,3218317,3218317,2908
25100,107,126,1006,6,0,11200,0,0,0,3220828,3220828,2908
25115,107,189,1006,6,0,11200,0,0,0,3223006,3223006,2908
25130,107,239,1006,6,0,11200,0,0,0,3225246,3225246,2908
25146,107,297,1006,6,0,11200,0,0,0,3227497,3227497,2908
25161,107,371,1006,6,0,11200,0,0,0,3229851,3229851,2908
25177,107,439,1006,6,0,11200,0,0,0,3231867,3231867,2908
25192,107,486,1006,6,0,11200,0,0,0,3233402,3233402,2908
25207,107,529,1006,6,0,11200,0,0,0,3235061,3235061,2908
25223,107,588,1006,6,0,11200,0,0,0,3237133,3237133,2908
25238,107,651,1006,6,0,11200,0,0,0,3238928,3238928,2908
25255,107,710,1006,6,0,11200,0,0,0,3240590,3240590,2908
25271,107,771,1006,6,0,11200,0,0,0,3242591,3242591,2908
25286,107,857,1006,6,0,11200,0,0,0,3244681,3244681,2908
25302,107,938,1006,6,0,11200,0,0,0,3246673,3246673,2908
25317,108,12,1006,6,0,11200,0,0,0,3248905,3248905,2908
25333,108,118,1006,6,0,11200,0,0,0,3251438,3251438,2908
25348,108,164,1006,6,0,11200,0,0,0,3253939,3253939,2908
25363,108,219,1006,6,0,11200,0,0,0,3256062,3256062,2908
25379,108,264,1007,7,0,11200,0,0,0,3258314,3258314,2909
25394,108,342,1007,7,0,11200,0,0,0,3260650,3260650,2909
25409,108,398,1007,7,0,11200,0,0,0,3262806,3262806,2909
25425,108,463,1007,7,0,11200,0,0,0,3264946,3264946,2909
25440,108,527,1007,7,0,11200,0,0,0,3266721,3266721,2909
25456,108,585,1007,7,0,11200,0,0,0,3268810,3268810,2909
25471,108,636,1007,7,0,11200,0,0,0,3270605,3270605,2909
25486,108,699,1007,7,0,11200,0,0,0,3272531,3272531,2909
25501,108,746,1007,7,0,11200,0,0,0,3274004,3274004,2909
25516,108,795,1007,7,0,11200,0,0,0,3275795,3275795,2909
25532,108,860,1008,8,0,11200,0,0,0,3277651,3277651,2909
25548,108,907,1008,8,0,11200,0,0,0,3278734,3278734,2909
25563,109,990,1008,8,0,11200,0,0,0,3280963,3280963,2909
25578,109,101,1008,7,0,11200,0,0,0,3283282,3283282,2909
25594,109,146,1008,7,0,11200,0,0,0,3285809,3285809,2909
25609,109,199,1008,7,0,11200,0,0,0,3288154,3288154,2909
25624,109,246,1008,7,0,11200,0,0,0,3290178,3290178,2909
25639,109,308,1008,7,0,11200,0,0,0,3292505,3292505,2909
25654,109,368,1008,7,0,11200,0,0,0,3294797,3294797,2909
25669,109,430,1008,7,0,11200,0,0,0,3296918,3296918,2909
25685,109,489,1008,7,0,11200,0,0,0,3298794,3298794,2909
25700,109,525,1008,7,0,11200,0,0,0,3300057,3300057,2909
25715,109,601,1008,7,0,11200,0,0,0,3301998,3301998,2909
25730,109,660,1008,7,0,11200,0,0,0,3303885,3303885,2909
25746,109,710,1008,7,0,11200,0,0,0,3305354,3305354,2909
25761,109,775,1008,7,0,11200,0,0,0,3307387,3307387,2909
25776,109,851,1008,7,0,11200,0,0,0,3309576,3309576,2909
25792,109,922,1008,7,0,11200,0,0,0,3311426,3311426,2909
25807,110,997,1009,8,0,11200,0,0,0,3313602,3313602,2909
25822,110,101,1009,8,0,11200,0,0,0,3316163,3316163,2909
25838,110,144,1009,8,0,11200,0,0,0,3318669,3318669,2909
25853,110,193,1009,8,0,11200,0,0,0,3321065,3321065,2909
25868,110,246,1009,8,0,11200,0,0,0,3323179,3323179,2909
25884,110,304,1009,8,0,11200,0,0,0,3325331,3325331,2909
25899,110,368,1009,8,0,11200,0,0,0,3327486,3327486,2909
25914,110,440,1009,8,0,11200,0,0,0,3329839,3329839,2909
25929,110,477,1009,8,0,11200,0,0,0,3331438,3331438,2909
25945,110,527,1009,8,0,11200,0,0,0,3333047,3333047,2909
25960,110,590,1009,8,0,11200,0,0,0,3335110,3335110,2909
25975,110,640,1009,8,0,11200,0,0,0,3336806,3336806,2909
25990,110,705,1009,8,0,11200,0,0,0,3338516,3338516,2909
26005,110,756,1009,8,0,11200,0,0,0,3339662,3339662,2909
26021,110,818,1009,8,0,11200,0,0,0,3341752,3341752,2909
26051,110,882,1009,8,0,11200,0,0,0,3343319,3343319,2909
26067,110,966,1009,8,0,11200,0,0,0,3345285,3345285,2909
26082,111,35,1009,8,0,11200,0,0,0,3347572,3347572,2909
26097,111,142,1009,8,0,11200,0,0,0,3350109,3350109,2909
26112,111,194,1009,8,0,11200,0,0,0,3352241,3352241,2909
26127,111,248,1009,8,0,11200,0,0,0,3354390,3354390,2909
26143,111,309,1009,8,0,11200,0,0,0,3356710,3356710,2909
26158,111,378,1010,9,0,11200,0,0,0,3359032,3359032,2911
26173,111,443,1010,9,0,11200,0,0,0,3361083,3361083,2911
26189,111,519,1010,9,0,11200,0,0,0,3363255,3363255,2911
26204,111,575,1010,9,0,11200,0,0,0,3365205,3365205,2911
26220,111,636,1010,9,0,11200,0,0,0,3367095,3367095,2911
26235,111,690,1010,9,0,11200,0,0,0,3369065,3369065,2911
26250,111,732,1010,9,0,11200,0,0,0,3370425,3370425,2911
26266,111,798,1011,10,0,11200,0,0,0,3372548,3372548,2911
26282,111,860,1011,10,0,11200,0,0,0,3374786,3374786,2911
26297,111,938,1011,10,0,11200,0,0,0,3376617,3376617,2911
26312,112,998,1011,10,0,11200,0,0,0,3378528,3378528,2911
26327,112,95,1011,9,0,11200,0,0,0,3381079,3381079,2911
26343,112,145,1011,9,0,11200,0,0,0,3383631,3383631,2911
26358,112,205,1011,9,0,11200,0,0,0,3386003,3386003,2911
26373,112,247,1011,9,0,11200,0,0,0,3388172,3388172,2911
26388,112,300,1011,9,0,11200,0,0,0,3390343,3390343,2911
26403,112,360,1011,9,0,11200,0,0,0,3392562,3392562,2911
26419,112,431,1011,9,0,11200,0,0,0,3394634,3394634,2911
26434,112,493,1011,9,0,11200,0,0,0,3396527,3396527,2911
26449,112,541,1011,9,0,11200,0,0,0,3398126,3398126,2911
26464,112,596,1011,9,0,11200,0,0,0,3400088,3400088,2911
26480,112,653,1011,9,0,11200,0,0,0,3402098,3402098,2911
26495,112,704,1011,9,0,11200,0,0,0,3403521,3403521,2911
26510,112,758,1011,9,0,11200,0,0,0,3405213,3405213,2911
26526,112,819,1011,9,0,11200,0,0,0,3407048,3407048,2911
26542,112,882,1011,9,0,11200,0,0,0,3408383,3408383,2911
26558,112,962,1011,9,0,11200,0,0,0,3410588,3410588,2911
26573,113,15,1011,8,0,11200,0,0,0,3412892,3412892,2911
26589,113,133,1011,8,0,11200,0,0,0,3415528,3415528,2911
26604,113,189,1011,8,0,11200,0,0,0,3417901,3417901,2911
26619,113,244,1011,8,0,11200,0,0,0,3420118,3420118,2911
26634,113,306,1011,8,0,11200,0,0,0,3422205,3422205,2911
26650,113,377,1011,8,0,11200,0,0,0,3424464,3424464,2911
26665,113,451,1011,8,0,11200,0,0,0,3426596,3426596,2911
26680,113,511,1011,8,0,11200,0,0,0,3428321,3428321,2911
26695,113,565,1011,8,0,11200,0,0,0,3430232,3430232,2911
26711,113,644,1011,8,0,11200,0,0,0,3432230,3432230,2911
26726,113,704,1011,8,0,11200,0,0,0,3434270,3434270,2911
26741,113,748,1011,8,0,11200,0,0,0,3436178,3436178,2911
26757,113,817,1011,8,0,11200,0,0,0,3438292,3438292,2911
26773,113,882,1011,8,0,11200,0,0,0,3439942,3439942,2911
26788,113,962,1011,8,0,11200,0,0,0,3441895,3441895,2911
26804,114,13,1011,8,0,11200,0,0,0,3444008,3444008,2911
26819,114,119,1011,8,0,11200,0,0,0,3446546,3446546,2911
26834,114,165,1011,8,0,11200,0,0,0,3449026,3449026,2911
26849,114,216,1011,8,0,11200,0,0,0,3451060,3451060,2911
26865,114,256,1011,8,0,11200,0,0,0,3453109,3453109,2911
26880,114,329,1011,8,0,11200,0,0,0,3455202,3455202,2911
26895,114,402,1011,8,0,11200,0,0,0,3457299,3457299,2911
26910,114,476,1011,8,0,11200,0,0,0,3459330,3459330,2911
26925,114,516,1011,8,0,11200,0,0,0,3460626,3460626,2911
26940,114,571,1011,8,0,11200,0,0,0,3462643,3462643,2911
26956,114,643,1011,8,0,11200,0,0,0,3464572,3464572,2911
26971,114,709,1011,8,0,11200,0,0,0,3466389,3466389,2911
26986,114,750,1011,8,0,11200,0,0,0,3467566,3467566,2911
27001,114,801,1012,9,0,11200,0,0,0,3469547,3469547,2911
27017,114,856,1012,9,0,11200,0,0,0,3471441,3471441,2911
27035,114,882,1012,9,0,11200,0,0,0,3471885,3471885,2911
27050,114,962,1012,9,0,11200,0,0,0,3473951,3473951,2911
27065,115,13,1012,9,0,11200,0,0,0,3476098,3476098,2911
27081,115,132,1012,9,0,11200,0,0,0,3478623,3478623,2911
27096,115,180,1012,9,0,11200,0,0,0,3480929,3480929,2911
27112,115,237,1012,9,0,11200,0,0,0,3483120,3483120,2911
27127,115,301,1012,9,0,11200,0,0,0,3485441,3485441,2911
27142,115,364,1012,9,0,11200,0,0,0,3487454,3487454,2911
27158,115,428,1012,9,0,11200,0,0,0,3489382,3489382,2911
27173,115,488,1012,9,0,11200,0,0,0,3491422,3491422,2911
27188,115,512,1012,9,0,11200,0,0,0,3492352,3492352,2911
27204,115,569,1012,9,0,11200,0,0,0,3494483,3494483,2911
27219,115,648,1012,9,0,11200,0,0,0,3496346,3496346,2911
27237,115,710,1012,9,0,11200,0,0,0,3498170,3498170,2911
27253,115,782,1012,9,0,11200,0,0,0,3500097,3500097,2911
27268,115,853,1013,10,0,11200,0,0,0,3502130,3502130,2912
27287,115,882,1013,10,0,11200,0,0,0,3502942,3502942,2912
27302,115,954,1013,10,0,11200,0,0,0,3504977,3504977,2912
27317,116,16,1013,9,0,11200,0,0,0,3507164,3507164,2912
27332,116,122,1013,9,0,11200,0,0,0,3509790,3509790,2912
27348,116,182,1013,9,0,11200,0,0,0,3512246,3512246,2912
27363,116,231,1013,9,0,11200,0,0,0,3514458,3514458,2912
27378,116,292,1013,9,0,11200,0,0,0,3516674,3516674,2912
27393,116,358,1013,9,0,11200,0,0,0,3518720,3518720,2912
27409,116,430,1013,9,0,11200,0,0,0,3520780,3520780,2912
27424,116,474,1013,9,0,11200,0,0,0,3522667,3522667,2912
27440,116,551,1013,9,0,11200,0,0,0,3524526,3524526,2912
27455,116,606,1013,9,0,11200,0,0,0,3526481,3526481,2912
27470,116,677,1013,9,0,11200,0,0,0,3528491,3528491,2912
27486,116,730,1013,9,0,11200,0,0,0,3530300,3530300,2912
27502,116,786,1013,9,0,11200,0,0,0,3532388,3532388,2912
27517,116,851,1013,9,0,11200,0,0,0,3534542,3534542,2912
27533,116,882,1013,9,0,11200,0,0,0,3535509,3535509,2912
27549,116,962,1013,9,0,11200,0,0,0,3537606,3537606,2912
27564,117,6,1013,9,0,11200,0,0,0,3539592,3539592,2912
27579,117,118,1013,9,0,11200,0,0,0,3542250,3542250,2912
27595,117,157,1013,9,0,11200,0,0,0,3544564,3544564,2912
27610,117,210,1013,9,0,11200,0,0,0,3546960,3546960,2912
27625,117,260,1013,9,0,11200,0,0,0,3549057,3549057,2912
27641,117,313,1013,9,0,11200,0,0,0,3551352,3551352,2912
27656,117,379,1013,9,0,11200,0,0,0,3553524,3553524,2912
27672,117,444,1013,9,0,11200,0,0,0,3555507,3555507,2912
27687,117,506,1013,9,0,11200,0,0,0,3557059,3557059,2912
27702,117,569,1013,9,0,11200,0,0,0,3559043,3559043,2912
27718,117,619,1013,9,0,11200,0,0,0,3560813,3560813,2912
27733,117,682,1013,9,0,11200,0,0,0,3562642,3562642,2912
27749,117,723,1013,9,0,11200,0,0,0,3564046,3564046,2912
27764,117,775,1013,9,0,11200,0,0,0,3565864,3565864,2912
27779,117,851,1013,9,0,11200,0,0,0,3567913,3567913,2912
27794,117,894,1013,9,0,11200,0,0,0,3569065,3569065,2912
27809,117,986,1013,9,0,11200,0,0,0,3571240,3571240,2912
27825,118,27,1013,9,0,11200,0,0,0,3573280,3573280,2912
27840,118,140,1013,9,0,11200,0,0,0,3576067,3576067,2912
27855,118,195,1013,9,0,11200,0,0,0,3578556,3578556,2912
27870,118,237,1013,9,0,11200,0,0,0,3580562,3580562,2912
27886,118,304,1013,9,0,11200,0,0,0,3582957,3582957,2912
27901,118,368,1013,9,0,11200,0,0,0,3585018,3585018,2912
27916,118,429,1013,9,0,11200,0,0,0,3586869,3586869,2912
27933,118,490,1013,9,0,11200,0,0,0,3588901,3588901,2912
27949,118,555,1013,9,0,11200,0,0,0,3590941,3590941,2912
27964,118,603,1013,9,0,11200,0,0,0,3592512,3592512,2912
27980,118,670,1013,9,0,11200,0,0,0,3594415,3594415,2912
27995,118,741,1013,9,0,11200,0,0,0,3596484,3596484,2912
28011,118,823,1013,9,0,11200,0,0,0,3598533,3598533,2912
28036,118,882,1013,9,0,11200,0,0,0,3600007,3600007,2912
28051,118,972,1013,9,0,11200,0,0,0,3602008,3602008,2912
28066,119,17,1013,8,0,11200,0,0,0,3604246,3604246,2912
28081,119,133,1013,8,0,11200,0,0,0,3606784,3606784,2912
28096,119,194,1013,8,0,11200,0,0,0,3609225,3609225,2912
28111,119,238,1013,8,0,11200,0,0,0,3611323,3611323,2912
28126,119,301,1013,8,0,11200,0,0,0,3613448,3613448,2912
28141,119,371,1013,8,0,11200,0,0,0,3615473,3615473,2912
28157,119,435,1013,8,0,11200,0,0,0,3617400,3617400,2912
28172,119,490,1014,9,0,11200,0,0,0,3619022,3619022,2912
28187,119,561,1014,9,0,11200,0,0,0,3621033,3621033,2912
28202,119,611,1014,9,0,11200,0,0,0,3622740,3622740,2912
28218,119,677,1014,9,0,11200,0,0,0,3624472,3624472,2912
28233,119,739,1014,9,0,11200,0,0,0,3626051,3626051,2912
28248,119,812,1014,9,0,11200,0,0,0,3628259,3628259,2912
28263,119,871,1014,9,0,11200,0,0,0,3630239,3630239,2912
28279,119,883,1014,9,0,11200,0,0,0,3630503,3630503,2912
28294,119,962,1014,8,0,11200,0,0,0,3632688,3632688,2912
28309,120,10,1015,8,0,11200,0,0,0,3634832,3634832,2912
28324,120,118,1015,8,0,11200,0,0,0,3637445,3637445,2912
28340,120,163,1015,8,0,11200,0,0,0,3639991,3639991,2912
28355,120,218,1016,9,0,11200,0,0,0,3642170,3642170,2912
28370,120,263,1016,9,0,11200,0,0,0,3644304,3644304,2912
28386,120,341,1016,9,0,11200,0,0,0,3646616,3646616,2912
28401,120,391,1016,9,0,11200,0,0,0,3648692,3648692,2912
28416,120,448,1016,9,0,11200,0,0,0,3650613,3650613,2912
28431,120,511,1016,9,0,11200,0,0,0,3652491,3652491,2912
28446,120,575,1016,9,0,11200,0,0,0,3654405,3654405,2912
28462,120,636,1016,9,0,11200,0,0,0,3656309,3656309,2912
28478,120,700,1016,9,0,11200,0,0,0,3658227,3658227,2912
28494,120,753,1016,9,0,11200,0,0,0,3659903,3659903,2912
28509,120,813,1016,9,0,11200,0,0,0,3662034,3662034,2912
28525,120,866,1016,9,0,11200,0,0,0,3664018,3664018,2912
28541,120,938,1017,10,0,11200,0,0,0,3665281,3665281,2918
28556,121,3,1017,9,0,11200,0,0,0,3667396,3667396,2918
28572,121,113,1017,9,0,11200,0,0,0,3670063,3670063,2918
28588,121,164,1017,9,0,11200,0,0,0,3672564,3672564,2918
28603,121,215,1017,9,0,11200,0,0,0,3674527,3674527,2918
28618,121,252,1018,10,0,11200,0,0,0,3676638,3676638,2918
28633,121,322,1018,10,0,11200,0,0,0,3678859,3678859,2918
28649,121,371,1018,10,0,11200,0,0,0,3680997,3680997,2918
28664,121,434,1018,10,0,11200,0,0,0,3683076,3683076,2918
28680,121,490,1018,10,0,11200,0,0,0,3684787,3684787,2918
28696,121,535,1018,10,0,11200,0,0,0,3686737,3686737,2918
28711,121,598,1018,10,0,11200,0,0,0,3688547,3688547,2918
28726,121,662,1018,10,0,11200,0,0,0,3690478,3690478,2918
28742,121,710,1018,10,0,11200,0,0,0,3691896,3691896,2918
28758,121,723,1018,10,0,11200,0,0,0,3692488,3692488,2918
28773,121,783,1018,10,0,11200,0,0,0,3694231,3694231,2918
28788,121,854,1018,10,0,11200,0,0,0,3696211,3696211,2918
28803,121,911,1018,10,0,11200,0,0,0,3697465,3697465,2918
28819,121,990,1018,10,0,11200,0,0,0,3699416,3699416,2918
28834,122,62,1018,9,0,11200,0,0,0,3701855,3701855,2918
28849,122,151,1018,9,0,11200,0,0,0,3704490,3704490,2918
28864,122,205,1018,9,0,11200,0,0,0,3706711,3706711,2918
28879,122,249,1018,9,0,11200,0,0,0,3708901,3708901,2918
28894,122,304,1018,9,0,11200,0,0,0,3711269,3711269,2918
28909,122,368,1018,9,0,11200,0,0,0,3713457,3713457,2918
28925,122,436,1018,9,0,11200,0,0,0,3715489,3715489,2918
28940,122,509,1018,9,0,11200,0,0,0,3717350,3717350,2918
28955,122,567,1018,9,0,11200,0,0,0,3719377,3719377,2918
28971,122,619,1018,9,0,11200,0,0,0,3721138,3721138,2918
28986,122,685,1018,9,0,11200,0,0,0,3722818,3722818,2918
29001,122,729,1018,9,0,11200,0,0,0,3724120,3724120,2918
29017,122,778,1018,9,0,11200,0,0,0,3725840,3725840,2918
29032,122,851,1018,9,0,11200,0,0,0,3727951,3727951,2918
29056,122,882,1018,9,0,11200,0,0,0,3729027,3729027,2918
29072,122,966,1018,9,0,11200,0,0,0,3731003,3731003,2918
29087,123,13,1018,7,0,11200,0,0,0,3733335,3733335,2918
29103,123,123,1018,7,0,11200,0,0,0,3735981,3735981,2918
29118,123,180,1018,7,0,11200,0,0,0,3738267,3738267,2918
29133,123,223,1018,7,0,11200,0,0,0,3740458,3740458,2918
29148,123,274,1018,7,0,11200,0,0,0,3742703,3742703,2918
29164,123,326,1018,7,0,11200,0,0,0,3744620,3744620,2918
29179,123,379,1018,7,0,11200,0,0,0,3746781,3746781,2918
29194,123,447,1018,7,0,11200,0,0,0,3749004,3749004,2918
29209,123,519,1018,7,0,11200,0,0,0,3750825,3750825,2918
29224,123,573,1018,7,0,11200,0,0,0,3752742,3752742,2918
29240,123,634,1018,7,0,11200,0,0,0,3754613,3754613,2918
29255,123,696,1018,7,0,11200,0,0,0,3756533,3756533,2918
29270,123,750,1018,7,0,11200,0,0,0,3758257,3758257,2918
29286,123,813,1018,7,0,11200,0,0,0,3760373,3760373,2918
29301,123,892,1018,7,0,11200,0,0,0,3762140,3762140,2918
29316,123,975,1018,7,0,11200,0,0,0,3764180,3764180,2918
29331,124,28,1018,7,0,11200,0,0,0,3766361,3766361,2918
29346,124,138,1018,7,0,11200,0,0,0,3769021,3769021,2918
29361,124,194,1018,7,0,11200,0,0,0,3771295,3771295,2918
29377,124,232,1018,7,0,11200,0,0,0,3773284,3773284,2918
29392,124,277,1018,7,0,11200,0,0,0,3775593,3775593,2918
29408,124,344,1018,7,0,11200,0,0,0,3777793,3777793,2918
29423,124,391,1018,7,0,11200,0,0,0,3779824,3779824,2918
29438,124,463,1018,7,0,11200,0,0,0,3781992,3781992,2918
29454,124,510,1018,7,0,11200,0,0,0,3783474,3783474,2918
29469,124,569,1018,7,0,11200,0,0,0,3785474,3785474,2918
29484,124,619,1018,7,0,11200,0,0,0,3787107,3787107,2918
29500,124,689,1018,6,0,11200,0,0,0,3788940,3788940,2918
29515,124,725,1018,6,0,11200,0,0,0,3790046,3790046,2918
29530,124,774,1018,6,0,11200,0,0,0,3791682,3791682,2918
29546,124,846,1018,6,0,11200,0,0,0,3793708,3793708,2918
29566,124,882,1018,6,0,11200,0,0,0,3794558,3794558,2918
29581,124,950,1018,6,0,11200,0,0,0,3796623,3796623,2918
29597,125,16,1018,6,0,11200,0,0,0,3798824,3798824,2918
29612,125,125,1018,6,0,11200,0,0,0,3801518,3801518,2918
29627,125,178,1018,6,0,11200,0,0,0,3803873,3803873,2918
29642,125,237,1018,6,0,11200,0,0,0,3806243,3806243,2918
29657,125,292,1018,6,0,11200,0,0,0,3808487,3808487,2918
29672,125,364,1018,6,0,11200,0,0,0,3810652,3810652,2918
29688,125,437,1018,6,0,11200,0,0,0,3812672,3812672,2918
29703,125,497,1018,6,0,11200,0,0,0,3814583,3814583,2918
29718,125,562,1018,6,0,11200,0,0,0,3816526,3816526,2918
29733,125,630,1018,6,0,11200,0,0,0,3818344,3818344,2918
29748,125,678,1018,6,0,11200,0,0,0,3820055,3820055,2918
29763,125,730,1018,6,0,11200,0,0,0,3821563,3821563,2918
29779,125,787,1018,6,0,11200,0,0,0,3823523,3823523,2918
29794,125,870,1018,6,0,11200,0,0,0,3825597,3825597,2918
29817,125,882,1018,6,0,11200,0,0,0,3825750,3825750,2918
29832,125,966,1018,6,0,11200,0,0,0,3827866,3827866,2918
29848,126,12,1018,6,0,11200,0,0,0,3830165,3830165,2918
29863,126,123,1018,6,0,11200,0,0,0,3832856,3832856,2918
29878,126,184,1018,6,0,11200,0,0,0,3835277,3835277,2918
29894,126,227,1018,6,0,11200,0,0,0,3837616,3837616,2918
29909,126,271,1018,6,0,11200,0,0,0,3839916,3839916,2918
29924,126,336,1018,6,0,11200,0,0,0,3841874,3841874,2918
29940,126,391,1018,6,0,11200,0,0,0,3844041,3844041,2918
29955,126,447,1018,6,0,11200,0,0,0,3846280,3846280,2918
29970,126,506,1018,6,0,11200,0,0,0,3847798,3847798,2918
29985,126,569,1018,6,0,11200,0,0,0,3849950,3849950,2918
30001,126,623,1018,6,0,11200,0,0,0,3851939,3851939,2918
30016,126,700,1018,6,0,11200,0,0,0,3853799,3853799,2918
30032,126,750,1018,6,0,11200,0,0,0,3855295,3855295,2918
30047,126,802,1018,6,0,11200,0,0,0,3857301,3857301,2918
30062,126,877,1018,6,0,11200,0,0,0,3859189,3859189,2918
30077,126,938,1019,7,0,11200,0,0,0,3860935,3860935,2919
30092,126,998,1019,7,0,11200,0,0,0,3863012,3863012,2919
30108,127,31,1019,5,0,11200,0,0,0,3865289,3865289,2919
30123,127,140,1019,5,0,11200,0,0,0,3867858,3867858,2919
30138,127,194,1019,5,0,11200,0,0,0,3870050,3870050,2919
30153,127,246,1019,5,0,11200,0,0,0,3872279,3872279,2919
30168,127,309,1019,5,0,11200,0,0,0,3874269,3874269,2919
30184,127,374,1019,5,0,11200,0,0,0,3876237,3876237,2919
30199,127,443,1019,5,0,11200,0,0,0,3878455,3878455,2919
30214,127,510,1019,5,0,11200,0,0,0,3880360,3880360,2919
30230,127,565,1019,5,0,11200,0,0,0,3882408,3882408,2919
30245,127,611,1019,5,0,11200,0,0,0,3884092,3884092,2919
30260,127,678,1019,5,0,11200,0,0,0,3885831,3885831,2919
30276,127,722,1019,5,0,11200,0,0,0,3887316,3887316,2919
30291,127,787,1019,5,0,11200,0,0,0,3889137,3889137,2919
30306,127,856,1019,5,0,11200,0,0,0,3891344,3891344,2919
30331,127,882,1019,5,0,11200,0,0,0,3892067,3892067,2919
30347,127,962,1019,5,0,11200,0,0,0,3894297,3894297,2919
30362,128,5,1019,5,0,11200,0,0,0,3896413,3896413,2919
30377,128,107,1019,5,0,11200,0,0,0,3898994,3898994,2919
30392,128,152,1019,5,0,11200,0,0,0,3901579,3901579,2919
30408,128,210,1019,5,0,11200,0,0,0,3903840,3903840,2919
30423,128,260,1019,5,0,11200,0,0,0,3906042,3906042,2919
30439,128,313,1019,5,0,11200,0,0,0,3908375,3908375,2919
30455,128,378,1019,5,0,11200,0,0,0,3910638,3910638,2919
30470,128,440,1019,5,0,11200,0,0,0,3912775,3912775,2919
30487,128,490,1019,5,0,11200,0,0,0,3914446,3914446,2919
30502,128,561,1019,5,0,11200,0,0,0,3916578,3916578,2919
30517,128,610,1019,5,0,11200,0,0,0,3918533,3918533,2919
30532,128,696,1019,5,0,11200,0,0,0,3920761,3920761,2919
30547,128,754,1019,5,0,11200,0,0,0,3922413,3922413,2919
30563,128,818,1019,5,0,11200,0,0,0,3924423,3924423,2919
30581,128,882,1019,5,0,11200,0,0,0,3926091,3926091,2919
30596,128,975,1019,5,0,11200,0,0,0,3928150,3928150,2919
30611,129,20,1019,5,0,11200,0,0,0,3930383,3930383,2919
30626,129,137,1019,5,0,11200,0,0,0,3932953,3932953,2919
30641,129,191,1019,5,0,11200,0,0,0,3935180,3935180,2919
30657,129,231,1019,5,0,11200,0,0,0,3937377,3937377,2919
30672,129,278,1019,5,0,11200,0,0,0,3939433,3939433,2919
30688,129,354,1019,5,0,11200,0,0,0,3941744,3941744,2919
30703,129,428,1019,5,0,11200,0,0,0,3943771,3943771,2919
30720,129,490,1019,5,0,11200,0,0,0,3945585,3945585,2919
30735,129,551,1019,5,0,11200,0,0,0,3947368,3947368,2919
30750,129,602,1019,5,0,11200,0,0,0,3949332,3949332,2919
30765,129,664,1019,5,0,11200,0,0,0,3951311,3951311,2919
30780,129,726,1019,5,0,11200,0,0,0,3952896,3952896,2919
30796,129,789,1019,5,0,11200,0,0,0,3954793,3954793,2919
30811,129,854,1019,5,0,11200,0,0,0,3956778,3956778,2919
30840,129,882,1019,5,0,11200,0,0,0,3957300,3957300,2919
30856,129,945,1019,5,0,11200,0,0,0,3959240,3959240,2919
30871,130,4,1019,5,0,11200,0,0,0,3961276,3961276,2919
30887,130,113,1019,5,0,11200,0,0,0,3963794,3963794,2919
30902,130,165,1019,5,0,11200,0,0,0,3966246,3966246,2919
30917,130,232,1019,5,0,11200,0,0,0,3968552,3968552,2919
30932,130,297,1019,5,0,11200,0,0,0,3970639,3970639,2919
30947,130,357,1019,5,0,11200,0,0,0,3972871,3972871,2919
30962,130,435,1019,5,0,11200,0,0,0,3975125,3975125,2919
30979,130,490,1019,5,0,11200,0,0,0,3977048,3977048,2919
30994,130,548,1019,5,0,11200,0,0,0,3979063,3979063,2919
31009,130,601,1019,5,0,11200,0,0,0,3981116,3981116,2919
31025,130,661,1019,5,0,11200,0,0,0,3983103,3983103,2919
31043,130,710,1019,5,0,11200,0,0,0,3984565,3984565,2919
31058,130,763,1019,5,0,11200,0,0,0,3986330,3986330,2919
31073,130,823,1019,5,0,11200,0,0,0,3988441,3988441,2919
31099,130,882,1019,5,0,11200,0,0,0,3989885,3989885,2919
31114,130,952,1019,5,0,11200,0,0,0,3991611,3991611,2919
31129,131,1012,1019,5,0,11200,0,0,0,3993490,3993490,2919
31145,131,108,1019,5,0,11200,0,0,0,3996169,3996169,2919
31160,131,156,1019,5,0,11200,0,0,0,3998536,3998536,2919
31176,131,215,1019,5,0,11200,0,0,0,4000921,4000921,2919
31191,131,264,1019,5,0,11200,0,0,0,4002885,4002885,2919
31206,131,309,1019,5,0,11200,0,0,0,4005039,4005039,2919
31221,131,371,1019,5,0,11200,0,0,0,4007066,4007066,2919
31236,131,435,1019,5,0,11200,0,0,0,4009128,4009128,2919
31252,131,492,1019,5,0,11200,0,0,0,4010832,4010832,2919
31267,131,552,1019,5,0,11200,0,0,0,4012896,4012896,2919
31282,131,611,1019,5,0,11200,0,0,0,4014962,4014962,2919
31297,131,667,1019,5,0,11200,0,0,0,4016787,4016787,2919
31312,131,723,1019,5,0,11200,0,0,0,4018243,4018243,2919
31328,131,782,1019,5,0,11200,0,0,0,4020086,4020086,2919
31343,131,845,1019,5,0,11200,0,0,0,4022216,4022216,2919
31358,131,893,1019,5,0,11200,0,0,0,4023380,4023380,2919
31373,131,962,1019,5,0,11200,0,0,0,4025421,4025421,2919
31388,132,1,1019,4,0,11200,0,0,0,4027273,4027273,2919
31404,132,113,1019,4,0,11200,0,0,0,4029879,4029879,2919
31419,132,163,1019,4,0,11200,0,0,0,4032390,4032390,2919
31434,132,228,1019,4,0,11200,0,0,0,4034517,4034517,2919
31449,132,277,1019,4,0,11200,0,0,0,4036636,4036636,2919
31464,132,340,1019,4,0,11200,0,0,0,4038669,4038669,2919
31480,132,405,1019,4,0,11200,0,0,0,4040952,4040952,2919
31495,132,466,1019,4,0,11200,0,0,0,4043069,4043069,2919
31510,132,516,1019,4,0,11200,0,0,0,4044365,4044365,2919
31526,132,581,1019,4,0,11200,0,0,0,4046393,4046393,2919
31541,132,636,1019,4,0,11200,0,0,0,4048189,4048189,2919
31556,132,704,1019,4,0,11200,0,0,0,4050095,4050095,2919
31571,132,763,1019,4,0,11200,0,0,0,4051881,4051881,2919
31587,132,828,1019,4,0,11200,0,0,0,4053992,4053992,2919
31606,132,882,1019,4,0,11200,0,0,0,4055403,4055403,2919
31622,132,962,1019,4,0,11200,0,0,0,4057491,4057491,2919
31637,133,12,1019,4,0,11200,0,0,0,4059793,4059793,2919
31653,133,136,1019,4,0,11200,0,0,0,4062456,4062456,2919
31668,133,182,1019,4,0,11200,0,0,0,4064528,4064528,2919
31683,133,222,1019,4,0,11200,0,0,0,4066569,4066569,2919
31699,133,269,1019,4,0,11200,0,0,0,4068832,4068832,2919
31714,133,347,1019,4,0,11200,0,0,0,4071209,4071209,2919
31730,133,414,1019,4,0,11200,0,0,0,4073442,4073442,2919
31745,133,467,1019,4,0,11200,0,0,0,4075446,4075446,2919
31760,133,537,1019,4,0,11200,0,0,0,4077296,4077296,2919
31775,133,595,1019,4,0,11200,0,0,0,4079001,4079001,2919
31791,133,653,1019,4,0,11200,0,0,0,4080603,4080603,2919
31813,133,710,1019,4,0,11200,0,0,0,4082104,4082104,2919
31828,133,770,1019,4,0,11200,0,0,0,4084126,4084126,2919
31844,133,832,1019,4,0,11200,0,0,0,4086353,4086353,2919
31873,133,882,1019,4,0,11200,0,0,0,4087640,4087640,2919
31888,133,942,1019,4,0,11200,0,0,0,4089659,4089659,2919
31903,134,1011,1019,4,0,11200,0,0,0,4091708,4091708,2919
31919,134,111,1019,4,0,11200,0,0,0,4094389,4094389,2919
31934,134,155,1019,4,0,11200,0,0,0,4096810,4096810,2919
31950,134,214,1019,4,0,11200,0,0,0,4099170,4099170,2919
31965,134,266,1019,4,0,11200,0,0,0,4101289,4101289,2919
31980,134,328,1019,4,0,11200,0,0,0,4103273,4103273,2919
31996,134,389,1019,4,0,11200,0,0,0,4105394,4105394,2919
32011,134,462,1019,4,0,11200,0,0,0,4107461,4107461,2919
32027,134,511,1019,4,0,11200,0,0,0,4109103,4109103,2919
32042,134,575,1019,4,0,11200,0,0,0,4111125,4111125,2919
32057,134,613,1020,5,0,11200,0,0,0,4113001,4113001,2919
32072,134,676,1020,5,0,11200,0,0,0,4114911,4114911,2919
32088,134,718,1020,5,0,11200,0,0,0,4116379,4116379,2919
32103,134,788,1020,5,0,11200,0,0,0,4118401,4118401,2919
32119,134,854,1020,5,0,11200,0,0,0,4120558,4120558,2919
32139,134,882,1020,5,0,11200,0,0,0,4121229,4121229,2919
32154,134,956,1020,5,0,11200,0,0,0,4123315,4123315,2919
32170,135,11,1020,5,0,11200,0,0,0,4125473,4125473,2919
32185,135,122,1020,5,0,11200,0,0,0,4127957,4127957,2919
32201,135,174,1020,5,0,11200,0,0,0,4130428,4130428,2919
32216,135,227,1020,5,0,11200,0,0,0,4132524,4132524,2919
32231,135,277,1020,5,0,11200,0,0,0,4134679,4134679,2919
32246,135,360,1020,5,0,11200,0,0,0,4136849,4136849,2919
32262,135,433,1020,5,0,11200,0,0,0,4139002,4139002,2919
32277,135,489,1020,5,0,11200,0,0,0,4140890,4140890,2919
32293,135,525,1020,5,0,11200,0,0,0,4142457,4142457,2919
32308,135,589,1020,5,0,11200,0,0,0,4144466,4144466,2919
32325,135,636,1020,5,0,11200,0,0,0,4146332,4146332,2919
32340,135,691,1020,5,0,11200,0,0,0,4148174,4148174,2919
32355,135,738,1020,5,0,11200,0,0,0,4149607,4149607,2919
32370,135,801,1020,5,0,11200,0,0,0,4151823,4151823,2919
32386,135,860,1020,5,0,11200,0,0,0,4153725,4153725,2919
32409,135,882,1020,5,0,11200,0,0,0,4154067,4154067,2919
32424,135,970,1020,5,0,11200,0,0,0,4156067,4156067,2919
32439,136,12,1020,5,0,11200,0,0,0,4158192,4158192,2919
32455,136,123,1020,5,0,11200,0,0,0,4160587,4160587,2919
32470,136,184,1020,5,0,11200,0,0,0,4162884,4162884,2919
32485,136,227,1020,5,0,11200,0,0,0,4165167,4165167,2919
32501,136,300,1020,5,0,11200,0,0,0,4167551,4167551,2919
32516,136,377,1020,5,0,11200,0,0,0,4169825,4169825,2919
32531,136,441,1020,5,0,11200,0,0,0,4171745,4171745,2919
32546,136,510,1020,5,0,11200,0,0,0,4173698,4173698,2919
32562,136,567,1020,5,0,11200,0,0,0,4175669,4175669,2919
32577,136,618,1020,5,0,11200,0,0,0,4177553,4177553,2919
32592,136,677,1020,5,0,11200,0,0,0,4179352,4179352,2919
32607,136,741,1020,5,0,11200,0,0,0,4180927,4180927,2919
32623,136,818,1020,5,0,11200,0,0,0,4183064,4183064,2919
32641,136,882,1020,5,0,11200,0,0,0,4184766,4184766,2919
32656,136,956,1020,5,0,11200,0,0,0,4186683,4186683,2919
32671,137,8,1020,5,0,11200,0,0,0,4188825,4188825,2919
32687,137,127,1020,5,0,11200,0,0,0,4191427,4191427,2919
32702,137,187,1020,5,0,11200,0,0,0,4193775,4193775,2919
32717,137,225,1020,5,0,11200,0,0,0,4195693,4195693,2919
32733,137,276,1020,5,0,11200,0,0,0,4197935,4197935,2919
32748,137,355,1020,5,0,11200,0,0,0,4200175,4200175,2919
32763,137,422,1020,5,0,11200,0,0,0,4202269,4202269,2919
32781,137,473,1020,5,0,11200,0,0,0,4203988,4203988,2919
32797,137,538,1020,5,0,11200,0,0,0,4205831,4205831,2919
32812,137,610,1020,5,0,11200,0,0,0,4207806,4207806,2919
32827,137,670,1020,5,0,11200,0,0,0,4209754,4209754,2919
32843,137,730,1020,5,0,11200,0,0,0,4211391,4211391,2919
32858,137,778,1020,5,0,11200,0,0,0,4213133,4213133,2919
32873,137,845,1020,5,0,11200,0,0,0,4215107,4215107,2919
32906,137,882,1020,5,0,11200,0,0,0,4216139,4216139,2919
32921,137,970,1020,5,0,11200,0,0,0,4218259,4218259,2919
32936,138,12,1020,5,0,11200,0,0,0,4220387,4220387,2919
32951,138,119,1020,5,0,11200,0,0,0,4222641,4222641,2919
32967,138,158,1020,5,0,11200,0,0,0,4224907,4224907,2919
32982,138,219,1020,5,0,11200,0,0,0,4227270,4227270,2919
32997,138,263,1020,5,0,11200,0,0,0,4229459,4229459,2919
33013,138,328,1020,5,0,11200,0,0,0,4231732,4231732,2919
33028,138,402,1020,5,0,11200,0,0,0,4233812,4233812,2919
33043,138,474,1020,5,0,11200,0,0,0,4236072,4236072,2919
33058,138,551,1020,5,0,11200,0,0,0,4238223,4238223,2919
33073,138,597,1020,5,0,11200,0,0,0,4240132,4240132,2919
33088,138,680,1020,5,0,11200,0,0,0,4241902,4241902,2919
33104,138,719,1021,6,0,11200,0,0,0,4243182,4243182,2919
33119,138,778,1021,6,0,11200,0,0,0,4245068,4245068,2919
33135,138,856,1021,6,0,11200,0,0,0,4247106,4247106,2919
33164,138,882,1021,6,0,11200,0,0,0,4247667,4247667,2919
33179,138,970,1021,6,0,11200,0,0,0,4249601,4249601,2919
33195,139,12,1021,6,0,11200,0,0,0,4251539,4251539,2919
33210,139,126,1021,6,0,11200,0,0,0,4254129,4254129,2919
33225,139,180,1021,6,0,11200,0,0,0,4256492,4256492,2919
33241,139,231,1021,6,0,11200,0,0,0,4258723,4258723,2919
33256,139,282,1021,6,0,11200,0,0,0,4260859,4260859,2919
33272,139,350,1021,6,0,11200,0,0,0,4263130,4263130,2919
33287,139,410,1021,6,0,11200,0,0,0,4265145,4265145,2919
33303,139,477,1021,6,0,11200,0,0,0,4267325,4267325,2919
33318,139,535,1021,6,0,11200,0,0,0,4269168,4269168,2919
33333,139,602,1021,6,0,11200,0,0,0,4271062,4271062,2919
33349,139,681,1021,6,0,11200,0,0,0,4273080,4273080,2919
33364,139,739,1021,6,0,11200,0,0,0,4274749,4274749,2919
33379,139,799,1021,6,0,11200,0,0,0,4276662,4276662,2919
33395,139,860,1021,6,0,11200,0,0,0,4278720,4278720,2919
33410,139,905,1021,6,0,11200,0,0,0,4279783,4279783,2919
33425,139,989,1021,6,0,11200,0,0,0,4281835,4281835,2919
33441,140,31,1021,6,0,11200,0,0,0,4283976,4283976,2919
33456,140,140,1021,6,0,11200,0,0,0,4286731,4286731,2919
33471,140,184,1021,6,0,11200,0,0,0,4288776,4288776,2919
33486,140,232,1021,6,0,11200,0,0,0,4291095,4291095,2919
33502,140,289,1021,6,0,11200,0,0,0,4293466,4293466,2919
33518,140,358,1021,6,0,11200,0,0,0,4295675,4295675,2919
33533,140,423,1021,6,0,11200,0,0,0,4297843,4297843,2919
33548,140,490,1021,6,0,11200,0,0,0,4299713,4299713,2919
33564,140,556,1021,6,0,11200,0,0,0,4301719,4301719,2919
33580,140,602,1021,6,0,11200,0,0,0,4303481,4303481,2919
33595,140,678,1021,6,0,11200,0,0,0,4305340,4305340,2919
33610,140,716,1021,6,0,11200,0,0,0,4306761,4306761,2919
33625,140,782,1021,6,0,11200,0,0,0,4308642,4308642,2919
33640,140,832,1021,6,0,11200,0,0,0,4310451,4310451,2919
33656,140,901,1021,6,0,11200,0,0,0,4312094,4312094,2919
33671,140,984,1022,7,0,11200,0,0,0,4314271,4314271,2921
33687,141,27,1022,6,0,11200,0,0,0,4316463,4316463,2921
33702,141,137,1022,6,0,11200,0,0,0,4319003,4319003,2921
33717,141,186,1022,6,0,11200,0,0,0,4321351,4321351,2921
33733,141,228,1022,6,0,11200,0,0,0,4323556,4323556,2921
33748,141,292,1022,6,0,11200,0,0,0,4325679,4325679,2921
33763,141,355,1022,6,0,11200,0,0,0,4327982,4327982,2921
33779,141,422,1022,6,0,11200,0,0,0,4330191,4330191,2921
33794,141,489,1022,6,0,11200,0,0,0,4332049,4332049,2921
33809,141,522,1022,6,0,11200,0,0,0,4333607,4333607,2921
33824,141,590,1022,6,0,11200,0,0,0,4335621,4335621,2921
33840,141,651,1022,6,0,11200,0,0,0,4337302,4337302,2921
33855,141,705,1022,6,0,11200,0,0,0,4338981,4338981,2921
33870,141,750,1022,6,0,11200,0,0,0,4340451,4340451,2921
33885,141,817,1022,6,0,11200,0,0,0,4342533,4342533,2921
33903,141,882,1022,6,0,11200,0,0,0,4344190,4344190,2921
33919,141,966,1022,6,0,11200,0,0,0,4346380,4346380,2921
33934,142,1,1022,6,0,11200,0,0,0,4348184,4348184,2921
33950,142,105,1022,6,0,11200,0,0,0,4350666,4350666,2921
33965,142,157,1022,6,0,11200,0,0,0,4353250,4353250,2921
33980,142,219,1022,6,0,11200,0,0,0,4355549,4355549,2921
33995,142,267,1022,6,0,11200,0,0,0,4357709,4357709,2921
34011,142,328,1022,6,0,11200,0,0,0,4359825,4359825,2921
34026,142,408,1022,6,0,11200,0,0,0,4362084,4362084,2921
34041,142,477,1022,6,0,11200,0,0,0,4363887,4363887,2921
34057,142,531,1022,6,0,11200,0,0,0,4365549,4365549,2921
34072,142,596,1022,6,0,11200,0,0,0,4367369,4367369,2921
34088,142,649,1022,6,0,11200,0,0,0,4369005,4369005,2921
34103,142,697,1022,6,0,11200,0,0,0,4370661,4370661,2921
34119,142,762,1023,7,0,11200,0,0,0,4372531,4372531,2921
34134,142,821,1023,7,0,11200,0,0,0,4374545,4374545,2921
34155,142,882,1023,7,0,11200,0,0,0,4376352,4376352,2921
34170,142,972,1023,7,0,11200,0,0,0,4378477,4378477,2921
34185,143,17,1023,7,0,11200,0,0,0,4380608,4380608,2921
34200,143,122,1023,7,0,11200,0,0,0,4383222,4383222,2921
34215,143,167,1023,7,0,11200,0,0,0,4385686,4385686,2921
34231,143,228,1023,7,0,11200,0,0,0,4388031,4388031,2921
34246,143,275,1023,7,0,11200,0,0,0,4390176,4390176,2921
34261,143,354,1023,7,0,11200,0,0,0,4392398,4392398,2921
34276,143,412,1023,7,0,11200,0,0,0,4394318,4394318,2921
34292,143,489,1023,7,0,11200,0,0,0,4396369,4396369,2921
34307,143,542,1023,7,0,11200,0,0,0,4398196,4398196,2921
34322,143,606,1023,7,0,11200,0,0,0,4400000,4400000,2921
34337,143,667,1023,7,0,11200,0,0,0,4401896,4401896,2921
34353,143,710,1023,7,0,11200,0,0,0,4403211,4403211,2921
34369,143,775,1023,7,0,11200,0,0,0,4405255,4405255,2921
34384,143,840,1023,7,0,11200,0,0,0,4407342,4407342,2921
34399,143,883,1023,7,0,11200,0,0,0,4408492,4408492,2921
34415,143,952,1024,8,0,11200,0,0,0,4410645,4410645,2922
34430,144,8,1024,7,0,11200,0,0,0,4412675,4412675,2922
34445,144,118,1024,7,0,11200,0,0,0,4415066,4415066,2922
34461,144,161,1024,7,0,11200,0,0,0,4417355,4417355,2922
34476,144,220,1024,7,0,11200,0,0,0,4419603,4419603,2922
34492,144,265,1024,7,0,11200,0,0,0,4421892,4421892,2922
34507,144,328,1024,7,0,11200,0,0,0,4424010,4424010,2922
34522,144,383,1024,7,0,11200,0,0,0,4426369,4426369,2922
34538,144,466,1024,7,0,11200,0,0,0,4428728,4428728,2922
34553,144,531,1024,7,0,11200,0,0,0,4430621,4430621,2922
34568,144,594,1024,7,0,11200,0,0,0,4432485,4432485,2922
34584,144,644,1024,7,0,11200,0,0,0,4434184,4434184,2922
34599,144,702,1024,7,0,11200,0,0,0,4435835,4435835,2922
34614,144,754,1024,7,0,11200,0,0,0,4437466,4437466,2922
34630,144,828,1024,7,0,11200,0,0,0,4439501,4439501,2922
34654,144,882,1024,7,0,11200,0,0,0,4440973,4440973,2922
34669,144,956,1024,7,0,11200,0,0,0,4442935,4442935,2922
34684,145,3,1024,7,0,11200,0,0,0,4444926,4444926,2922
34700,145,118,1024,7,0,11200,0,0,0,4447513,4447513,2922
34715,145,164,1024,7,0,11200,0,0,0,4449760,4449760,2922
34730,145,225,1024,7,0,11200,0,0,0,4452000,4452000,2922
34746,145,275,1024,7,0,11200,0,0,0,4454325,4454325,2922
34761,145,346,1024,7,0,11200,0,0,0,4456491,4456491,2922
34777,145,402,1024,7,0,11200,0,0,0,4458263,4458263,2922
34792,145,466,1024,7,0,11200,0,0,0,4460576,4460576,2922
34808,145,497,1024,7,0,11200,0,0,0,4461563,4461563,2922
34823,145,552,1024,7,0,11200,0,0,0,4463608,4463608,2922
34838,145,602,1024,7,0,11200,0,0,0,4465469,4465469,2922
34854,145,690,1024,7,0,11200,0,0,0,4467504,4467504,2922
34869,145,724,1024,7,0,11200,0,0,0,4468625,4468625,2922
34884,145,792,1024,7,0,11200,0,0,0,4470603,4470603,2922
34899,145,869,1024,7,0,11200,0,0,0,4472603,4472603,2922
34914,145,883,1024,7,0,11200,0,0,0,4472892,4472892,2922
34930,145,966,1024,7,0,11200,0,0,0,4474861,4474861,2922
34945,146,3,1024,6,0,11200,0,0,0,4476979,4476979,2922
34960,146,118,1024,6,0,11200,0,0,0,4479524,4479524,2922
34976,146,156,1024,6,0,11200,0,0,0,4481860,4481860,2922
34991,146,215,1024,6,0,11200,0,0,0,4484228,4484228,2922
35007,146,269,1024,6,0,11200,0,0,0,4486579,4486579,2922
35022,146,348,1024,6,0,11200,0,0,0,4488947,4488947,2922
35037,146,399,1024,6,0,11200,0,0,0,4491029,4491029,2922
35052,146,474,1024,6,0,11200,0,0,0,4492976,4492976,2922
35067,146,527,1024,6,0,11200,0,0,0,4494864,4494864,2922
35083,146,593,1024,6,0,11200,0,0,0,4496997,4496997,2922
35098,146,643,1024,6,0,11200,0,0,0,4498695,4498695,2922
35114,146,700,1024,6,0,11200,0,0,0,4500587,4500587,2922
35129,146,748,1024,6,0,11200,0,0,0,4502064,4502064,2922
35145,146,802,1024,6,0,11200,0,0,0,4504026,4504026,2922
35160,146,868,1024,6,0,11200,0,0,0,4506009,4506009,2922
35184,146,882,1024,6,0,11200,0,0,0,4506242,4506242,2922
35199,146,962,1024,6,0,11200,0,0,0,4508291,4508291,2922
35214,147,12,1024,6,0,11200,0,0,0,4510531,4510531,2922
35229,147,115,1024,6,0,11200,0,0,0,4512957,4512957,2922
35244,147,159,1024,6,0,11200,0,0,0,4515137,4515137,2922
35260,147,223,1024,6,0,11200,0,0,0,4517568,4517568,2922
35275,147,271,1024,6,0,11200,0,0,0,4519791,4519791,2922
35291,147,345,1024,6,0,11200,0,0,0,4522235,4522235,2922
35306,147,408,1024,6,0,11200,0,0,0,4524328,4524328,2922
35321,147,463,1024,6,0,11200,0,0,0,4526605,4526605,2922
35336,147,523,1024,6,0,11200,0,0,0,4528434,4528434,2922
35351,147,575,1024,6,0,11200,0,0,0,4530473,4530473,2922
35366,147,644,1024,6,0,11200,0,0,0,4532376,4532376,2922
35382,147,699,1024,6,0,11200,0,0,0,4534078,4534078,2922
35397,147,748,1024,6,0,11200,0,0,0,4535392,4535392,2922
35412,147,782,1024,6,0,11200,0,0,0,4536819,4536819,2922
35427,147,834,1024,6,0,11200,0,0,0,4538833,4538833,2922
35442,147,904,1024,6,0,11200,0,0,0,4540417,4540417,2922
35458,147,986,1025,7,0,11200,0,0,0,4542612,4542612,2922
35473,148,20,1025,7,0,11200,0,0,0,4544947,4544947,2922
35489,148,120,1025,7,0,11200,0,0,0,4547158,4547158,2922
35504,148,178,1025,7,0,11200,0,0,0,4549599,4549599,2922
35519,148,230,1025,7,0,11200,0,0,0,4551835,4551835,2922
35535,148,279,1025,7,0,11200,0,0,0,4553933,4553933,2922
35551,148,349,1025,7,0,11200,0,0,0,4556070,4556070,2922
35566,148,423,1025,7,0,11200,0,0,0,4558253,4558253,2922
35581,148,492,1025,7,0,11200,0,0,0,4560193,4560193,2922
35597,148,542,1025,7,0,11200,0,0,0,4562346,4562346,2922
35613,148,596,1025,7,0,11200,0,0,0,4564207,4564207,2922
35628,148,658,1025,7,0,11200,0,0,0,4566119,4566119,2922
35644,148,710,1025,7,0,11200,0,0,0,4567852,4567852,2922
35659,148,775,1025,7,0,11200,0,0,0,4569486,4569486,2922
35674,148,840,1025,7,0,11200,0,0,0,4571588,4571588,2922
35706,148,882,1025,7,0,11200,0,0,0,4572422,4572422,2922
35721,148,962,1025,7,0,11200,0,0,0,4574489,4574489,2922
35737,149,1023,1025,7,0,11200,0,0,0,4576444,4576444,2922
35752,149,59,1025,7,0,11200,0,0,0,4578628,4578628,2922
35767,149,145,1025,7,0,11200,0,0,0,4581256,4581256,2922
35782,149,198,1025,7,0,11200,0,0,0,4583463,4583463,2922
35797,149,246,1025,7,0,11200,0,0,0,4585491,4585491,2922
35812,149,308,1025,7,0,11200,0,0,0,4587737,4587737,2922
35828,149,376,1025,7,0,11200,0,0,0,4589931,4589931,2922
35843,149,441,1025,7,0,11200,0,0,0,4592169,4592169,2922
35859,149,490,1025,7,0,11200,0,0,0,4593531,4593531,2922
35874,149,551,1026,8,0,11200,0,0,0,4595670,4595670,2922
35890,149,602,1026,8,0,11200,0,0,0,4597641,4597641,2922
35906,149,652,1026,8,0,11200,0,0,0,4599325,4599325,2922
35921,149,730,1026,8,0,11200,0,0,0,4600985,4600985,2922
35937,149,786,1026,8,0,11200,0,0,0,4602867,4602867,2922
35952,149,846,1026,8,0,11200,0,0,0,4604705,4604705,2922
35967,149,904,1026,8,0,11200,0,0,0,4606326,4606326,2922
35982,149,989,1026,8,0,11200,0,0,0,4608428,4608428,2922
35997,150,16,1026,8,0,11200,0,0,0,4610495,4610495,2922
36013,150,124,1026,8,0,11200,0,0,0,4612837,4612837,2922
36028,150,184,1026,8,0,11200,0,0,0,4615158,4615158,2922
36043,150,228,1026,8,0,11200,0,0,0,4617477,4617477,2922
36058,150,282,1026,8,0,11200,0,0,0,4619816,4619816,2922
36074,150,361,1026,8,0,11200,0,0,0,4622048,4622048,2922
36089,150,417,1026,8,0,11200,0,0,0,4624277,4624277,2922
36104,150,476,1026,8,0,11200,0,0,0,4626229,4626229,2922
36119,150,555,1026,8,0,11200,0,0,0,4628438,4628438,2922
36135,150,602,1026,8,0,11200,0,0,0,4630315,4630315,2922
36150,150,675,1026,8,0,11200,0,0,0,4632275,4632275,2922
36167,150,732,1026,8,0,11200,0,0,0,4634001,4634001,2922
36182,150,783,1026,8,0,11200,0,0,0,4635800,4635800,2922
36198,150,854,1026,8,0,11200,0,0,0,4637919,4637919,2922
36213,150,882,1026,8,0,11200,0,0,0,4638530,4638530,2922
36229,150,954,1026,8,0,11200,0,0,0,4640397,4640397,2922
36244,151,1021,1026,8,0,11200,0,0,0,4642319,4642319,2922
36259,151,112,1026,8,0,11200,0,0,0,4644935,4644935,2922
36274,151,148,1026,8,0,11200,0,0,0,4647109,4647109,2922
36290,151,207,1026,8,0,11200,0,0,0,4649424,4649424,2922
36306,151,252,1026,8,0,11200,0,0,0,4651624,4651624,2922
36321,151,317,1026,8,0,11200,0,0,0,4653893,4653893,2922
36336,151,380,1026,8,0,11200,0,0,0,4656090,4656090,2922
36351,151,447,1026,8,0,11200,0,0,0,4658366,4658366,2922
36367,151,492,1026,8,0,11200,0,0,0,4659704,4659704,2922
36382,151,552,1026,8,0,11200,0,0,0,4661832,4661832,2922
36398,151,601,1026,8,0,11200,0,0,0,4663741,4663741,2922
36413,151,667,1026,8,0,11200,0,0,0,4665569,4665569,2922
36429,151,710,1026,8,0,11200,0,0,0,4666912,4666912,2922
36444,151,765,1026,8,0,11200,0,0,0,4668837,4668837,2922
36459,151,828,1027,9,0,11200,0,0,0,4670502,4670502,2922
36485,151,882,1027,9,0,11200,0,0,0,4671667,4671667,2922
36501,151,979,1027,9,0,11200,0,0,0,4673765,4673765,2922
36516,152,14,1027,7,0,11200,0,0,0,4675839,4675839,2922
36531,152,124,1027,7,0,11200,0,0,0,4678294,4678294,2922
36547,152,166,1027,7,0,11200,0,0,0,4680748,4680748,2922
36562,152,237,1027,7,0,11200,0,0,0,4683266,4683266,2922
36578,152,301,1027,7,0,11200,0,0,0,4685620,4685620,2922
36593,152,366,1027,7,0,11200,0,0,0,4687902,4687902,2922
36608,152,440,1027,7,0,11200,0,0,0,4690039,4690039,2922
36624,152,492,1027,7,0,11200,0,0,0,4691789,4691789,2922
36639,152,541,1027,7,0,11200,0,0,0,4693521,4693521,2922
36654,152,607,1027,7,0,11200,0,0,0,4695499,4695499,2922
36672,152,670,1027,7,0,11200,0,0,0,4697239,4697239,2922
36689,152,710,1027,7,0,11200,0,0,0,4698776,4698776,2922
36704,152,778,1027,7,0,11200,0,0,0,4700665,4700665,2922
36720,152,849,1027,7,0,11200,0,0,0,4702727,4702727,2922
36753,152,882,1027,7,0,11200,0,0,0,4703541,4703541,2922
36768,152,962,1027,7,0,11200,0,0,0,4705547,4705547,2922
36784,153,8,1027,7,0,11200,0,0,0,4707706,4707706,2922
36799,153,115,1027,7,0,11200,0,0,0,4710220,4710220,2922
36815,153,164,1027,7,0,11200,0,0,0,4712805,4712805,2922
36830,153,223,1027,7,0,11200,0,0,0,4715110,4715110,2922
36845,153,271,1027,7,0,11200,0,0,0,4717363,4717363,2922
36860,153,354,1027,7,0,11200,0,0,0,4719584,4719584,2922
36876,153,410,1027,7,0,11200,0,0,0,4721647,4721647,2922
36891,153,473,1027,7,0,11200,0,0,0,4723768,4723768,2922
36906,153,538,1027,7,0,11200,0,0,0,4725879,4725879,2922
36922,153,594,1027,7,0,11200,0,0,0,4727780,4727780,2922
36937,153,652,1027,7,0,11200,0,0,0,4729573,4729573,2922
36952,153,722,1027,7,0,11200,0,0,0,4731371,4731371,2922
36967,153,802,1027,7,0,11200,0,0,0,4733318,4733318,2922
36999,153,882,1027,7,0,11200,0,0,0,4734897,4734897,2922
37014,153,968,1027,7,0,11200,0,0,0,4736895,4736895,2922
37029,154,0,1028,6,0,11200,0,0,0,4738693,4738693,2922
37044,154,110,1028,6,0,11200,0,0,0,4741250,4741250,2922
37060,154,148,1028,6,0,11200,0,0,0,4743643,4743643,2922
37075,154,194,1028,6,0,11200,0,0,0,4745897,4745897,2922
37090,154,237,1028,6,0,11200,0,0,0,4747993,4747993,2922
37106,154,303,1028,6,0,11200,0,0,0,4750370,4750370,2922
37121,154,378,1028,6,0,11200,0,0,0,4752654,4752654,2922
37136,154,446,1028,6,0,11200,0,0,0,4754874,4754874,2922
37151,154,511,1028,6,0,11200,0,0,0,4756752,4756752,2922
37167,154,575,1028,6,0,11200,0,0,0,4758720,4758720,2922
37182,154,630,1028,6,0,11200,0,0,0,4760670,4760670,2922
37201,154,700,1028,6,0,11200,0,0,0,4762570,4762570,2922
37216,154,749,1028,6,0,11200,0,0,0,4764249,4764249,2922
37231,154,795,1028,6,0,11200,0,0,0,4765899,4765899,2922
37246,154,849,1028,6,0,11200,0,0,0,4767640,4767640,2922
37261,154,926,1028,6,0,11200,0,0,0,4769136,4769136,2922
37276,154,996,1028,6,0,11200,0,0,0,4771078,4771078,2922
37292,155,12,1028,6,0,11200,0,0,0,4772801,4772801,2922
37307,155,114,1028,6,0,11200,0,0,0,4775291,4775291,2922
37322,155,161,1028,6,0,11200,0,0,0,4777756,4777756,2922
37338,155,223,1028,6,0,11200,0,0,0,4779928,4779928,2922
37353,155,277,1028,6,0,11200,0,0,0,4782185,4782185,2922
37368,155,348,1028,6,0,11200,0,0,0,4784350,4784350,2922
37384,155,411,1028,6,0,11200,0,0,0,4786621,4786621,2922
37399,155,469,1028,6,0,11200,0,0,0,4788712,4788712,2922
37414,155,515,1028,6,0,11200,0,0,0,4790189,4790189,2922
37429,155,573,1028,6,0,11200,0,0,0,4792193,4792193,2922
37445,155,615,1029,7,0,11200,0,0,0,4793980,4793980,2923
37460,155,689,1029,7,0,11200,0,0,0,4795802,4795802,2923
37475,155,733,1029,7,0,11200,0,0,0,4797212,4797212,2923
37491,155,799,1029,7,0,11200,0,0,0,4799205,4799205,2923
37506,155,866,1029,7,0,11200,0,0,0,4801123,4801123,2923
37522,155,882,1029,7,0,11200,0,0,0,4801349,4801349,2923
37537,155,952,1029,7,0,11200,0,0,0,4803214,4803214,2923
37552,156,1021,1029,6,0,11200,0,0,0,4805274,4805274,2923
37567,156,112,1029,5,0,11200,0,0,0,4807795,4807795,2923
37582,156,155,1029,5,0,11200,0,0,0,4810147,4810147,2923
37598,156,209,1029,5,0,11200,0,0,0,4812322,4812322,2923
37613,156,256,1029,5,0,11200,0,0,0,4814596,4814596,2923
37628,156,314,1029,5,0,11200,0,0,0,4816843,4816843,2923
37643,156,388,1029,5,0,11200,0,0,0,4819024,4819024,2923
37659,156,474,1029,5,0,11200,0,0,0,4821392,4821392,2923
37675,156,538,1029,5,0,11200,0,0,0,4823654,4823654,2923
37690,156,603,1029,5,0,11200,0,0,0,4825657,4825657,2923
37705,156,678,1029,5,0,11200,0,0,0,4827487,4827487,2923
37721,156,725,1029,5,0,11200,0,0,0,4828834,4828834,2923
37736,156,795,1029,5,0,11200,0,0,0,4830868,4830868,2923
37752,156,856,1029,5,0,11200,0,0,0,4832913,4832913,2923
37772,156,882,1029,5,0,11200,0,0,0,4833587,4833587,2923
37788,156,959,1029,5,0,11200,0,0,0,4835520,4835520,2923
37803,157,1027,1029,5,0,11200,0,0,0,4837485,4837485,2923
37818,157,54,1029,5,0,11200,0,0,0,4839686,4839686,2923
37833,157,151,1029,5,0,11200,0,0,0,4842124,4842124,2923
37849,157,217,1029,5,0,11200,0,0,0,4844516,4844516,2923
37864,157,257,1029,5,0,11200,0,0,0,4846542,4846542,2923
37879,157,309,1029,5,0,11200,0,0,0,4848826,4848826,2923
37895,157,399,1029,5,0,11200,0,0,0,4851265,4851265,2923
37910,157,466,1029,5,0,11200,0,0,0,4853692,4853692,2923
37925,157,509,1029,5,0,11200,0,0,0,4854964,4854964,2923
37941,157,581,1029,5,0,11200,0,0,0,4857114,4857114,2923
37957,157,630,1029,5,0,11200,0,0,0,4858815,4858815,2923
37973,157,697,1029,5,0,11200,0,0,0,4860598,4860598,2923
37988,157,759,1029,5,0,11200,0,0,0,4862253,4862253,2923
38003,157,813,1029,5,0,11200,0,0,0,4863964,4863964,2923
38027,157,882,1029,5,0,11200,0,0,0,4865567,4865567,2923
38042,157,966,1029,5,0,11200,0,0,0,4867493,4867493,2923
38058,158,13,1029,5,0,11200,0,0,0,4869741,4869741,2923
38073,158,116,1029,5,0,11200,0,0,0,4872159,4872159,2923
38088,158,161,1029,5,0,11200,0,0,0,4874583,4874583,2923
38103,158,218,1029,5,0,11200,0,0,0,4876653,4876653,2923
38119,158,257,1029,5,0,11200,0,0,0,4878631,4878631,2923
38134,158,313,1029,5,0,11200,0,0,0,4880942,4880942,2923
38149,158,380,1029,5,0,11200,0,0,0,4883185,4883185,2923
38164,158,441,1029,5,0,11200,0,0,0,4885400,4885400,2923
38180,158,491,1029,5,0,11200,0,0,0,4887062,4887062,2923
38195,158,548,1029,5,0,11200,0,0,0,4888884,4888884,2923
38210,158,594,1029,5,0,11200,0,0,0,4890622,4890622,2923
38225,158,653,1029,5,0,11200,0,0,0,4892397,4892397,2923
38243,158,710,1029,5,0,11200,0,0,0,4893933,4893933,2923
38258,158,771,1029,5,0,11200,0,0,0,4895888,4895888,2923
38274,158,832,1029,5,0,11200,0,0,0,4897816,4897816,2923
38300,158,882,1029,5,0,11200,0,0,0,4898868,4898868,2923
38315,158,945,1029,5,0,11200,0,0,0,4900561,4900561,2923
38331,159,1025,1029,4,0,11200,0,0,0,4902592,4902592,2923
38346,159,86,1029,4,0,11200,0,0,0,4904963,4904963,2923
38362,159,146,1029,4,0,11200,0,0,0,4907463,4907463,2923
38377,159,204,1029,4,0,11200,0,0,0,4909885,4909885,2923
38392,159,257,1029,4,0,11200,0,0,0,4912266,4912266,2923
38408,159,336,1029,4,0,11200,0,0,0,4914631,4914631,2923
38423,159,407,1029,4,0,11200,0,0,0,4916980,4916980,2923
38438,159,469,1029,4,0,11200,0,0,0,4919259,4919259,2923
38454,159,508,1029,4,0,11200,0,0,0,4920372,4920372,2923
38469,159,573,1029,4,0,11200,0,0,0,4922500,4922500,2923
38484,159,640,1029,4,0,11200,0,0,0,4924484,4924484,2923
38501,159,700,1029,4,0,11200,0,0,0,4926251,4926251,2923
38517,159,758,1029,4,0,11200,0,0,0,4927935,4927935,2923
38532,159,818,1029,4,0,11200,0,0,0,4929735,4929735,2923
38547,159,884,1029,4,0,11200,0,0,0,4931362,4931362,2923
38562,159,954,1029,4,0,11200,0,0,0,4933121,4933121,2923
38577,160,1018,1029,4,0,11200,0,0,0,4935145,4935145,2923
38593,160,94,1029,4,0,11200,0,0,0,4937522,4937522,2923
38608,160,146,1029,4,0,11200,0,0,0,4940097,4940097,2923
38624,160,211,1029,4,0,11200,0,0,0,4942413,4942413,2923
38639,160,259,1029,4,0,11200,0,0,0,4944525,4944525,2923
38655,160,314,1029,4,0,11200,0,0,0,4946798,4946798,2923
38670,160,383,1029,4,0,11200,0,0,0,4949018,4949018,2923
38685,160,448,1029,4,0,11200,0,0,0,4951026,4951026,2923
38700,160,515,1029,4,0,11200,0,0,0,4952915,4952915,2923
38715,160,573,1029,4,0,11200,0,0,0,4954823,4954823,2923
38730,160,631,1030,5,0,11200,0,0,0,4956676,4956676,2924
38746,160,690,1030,5,0,11200,0,0,0,4958573,4958573,2924
38761,160,739,1030,5,0,11200,0,0,0,4959907,4959907,2924
38777,160,799,1031,6,0,11200,0,0,0,4961843,4961843,2925
38792,160,861,1031,6,0,11200,0,0,0,4963813,4963813,2925
38807,160,882,1031,6,0,11200,0,0,0,4964138,4964138,2925
38822,160,973,1031,6,0,11200,0,0,0,4966103,4966103,2925
38837,161,6,1031,4,0,11200,0,0,0,4968191,4968191,2925
38853,161,115,1031,4,0,11200,0,0,0,4970724,4970724,2925
38868,161,157,1031,4,0,11200,0,0,0,4973047,4973047,2925
38883,161,210,1031,4,0,11200,0,0,0,4975309,4975309,2925
38898,161,249,1031,4,0,11200,0,0,0,4977483,4977483,2925
38914,161,304,1031,4,0,11200,0,0,0,4979674,4979674,2925
38929,161,378,1031,4,0,11200,0,0,0,4981918,4981918,2925
38944,161,452,1031,4,0,11200,0,0,0,4984152,4984152,2925
38960,161,490,1031,4,0,11200,0,0,0,4985161,4985161,2925
38975,161,553,1031,4,0,11200,0,0,0,4987137,4987137,2925
38991,161,602,1031,4,0,11200,0,0,0,4988819,4988819,2925
39007,161,662,1031,4,0,11200,0,0,0,4990668,4990668,2925
39023,161,710,1031,4,0,11200,0,0,0,4991971,4991971,2925
39038,161,774,1031,4,0,11200,0,0,0,4993853,4993853,2925
39054,161,840,1031,4,0,11200,0,0,0,4995793,4995793,2925
39080,161,882,1031,4,0,11200,0,0,0,4996933,4996933,2925
39095,161,975,1031,4,0,11200,0,0,0,4999008,4999008,2925
39111,162,4,1031,3,0,11200,0,0,0,5000901,5000901,2925
39126,162,114,1031,3,0,11200,0,0,0,5003378,5003378,2925
39141,162,163,1031,3,0,11200,0,0,0,5005792,5005792,2925
39156,162,216,1031,3,0,11200,0,0,0,5007904,5007904,2925
39172,162,260,1031,3,0,11200,0,0,0,5010194,5010194,2925
39187,162,321,1031,3,0,11200,0,0,0,5012287,5012287,2925
39202,162,391,1031,3,0,11200,0,0,0,5014498,5014498,2925
39218,162,446,1031,3,0,11200,0,0,0,5016452,5016452,2925
39234,162,502,1031,3,0,11200,0,0,0,5017937,5017937,2925
39249,162,551,1031,3,0,11200,0,0,0,5019805,5019805,2925
39264,162,597,1031,3,0,11200,0,0,0,5021518,5021518,2925
39280,162,667,1031,3,0,11200,0,0,0,5023442,5023442,2925
39296,162,730,1031,3,0,11200,0,0,0,5025193,5025193,2925
39311,162,792,1031,3,0,11200,0,0,0,5027064,5027064,2925
39327,162,859,1032,4,0,11200,0,0,0,5029153,5029153,2925
39343,162,907,1032,4,0,11200,0,0,0,5030424,5030424,2925
39358,162,1001,1032,4,0,11200,0,0,0,5032436,5032436,2925
39373,163,27,1032,4,0,11200,0,0,0,5034444,5034444,2925
39388,163,137,1032,4,0,11200,0,0,0,5036848,5036848,2925
39403,163,185,1032,4,0,11200,0,0,0,5039050,5039050,2925
39419,163,237,1032,4,0,11200,0,0,0,5041208,5041208,2925
39434,163,304,1032,4,0,11200,0,0,0,5043546,5043546,2925
39449,163,368,1032,4,0,11200,0,0,0,5045840,5045840,2925
39464,163,435,1032,4,0,11200,0,0,0,5048079,5048079,2925
39479,163,476,1032,4,0,11200,0,0,0,5049508,5049508,2925
39495,163,522,1032,4,0,11200,0,0,0,5050929,5050929,2925
39511,163,583,1032,4,0,11200,0,0,0,5052990,5052990,2925
39526,163,631,1032,4,0,11200,0,0,0,5054926,5054926,2925
39542,163,697,1032,4,0,11200,0,0,0,5056830,5056830,2925
39558,163,741,1032,4,0,11200,0,0,0,5058135,5058135,2925
39573,163,801,1032,4,0,11200,0,0,0,5059969,5059969,2925
39603,163,882,1032,4,0,11200,0,0,0,5061908,5061908,2925
39618,163,950,1032,4,0,11200,0,0,0,5063998,5063998,2925
39634,164,1026,1034,6,0,11200,0,0,0,5066029,5066029,2925
39649,164,103,1034,6,0,11200,0,0,0,5068225,5068225,2925
39664,164,151,1034,6,0,11200,0,0,0,5070543,5070543,2925
39679,164,218,1034,6,0,11200,0,0,0,5072857,5072857,2925
39694,164,266,1034,6,0,11200,0,0,0,5075105,5075105,2925
39710,164,326,1034,6,0,11200,0,0,0,5077413,5077413,2925
39725,164,392,1034,6,0,11200,0,0,0,5079561,5079561,2925
39741,164,451,1034,6,0,11200,0,0,0,5081628,5081628,2925
39756,164,519,1034,6,0,11200,0,0,0,5083764,5083764,2925
39771,164,575,1034,6,0,11200,0,0,0,5085704,5085704,2925
39787,164,623,1034,6,0,11200,0,0,0,5087467,5087467,2925
39803,164,683,1034,6,0,11200,0,0,0,5089272,5089272,2925
39818,164,726,1034,6,0,11200,0,0,0,5090732,5090732,2925
39833,164,778,1034,6,0,11200,0,0,0,5092475,5092475,2925
39849,164,849,1034,6,0,11200,0,0,0,5094642,5094642,2925
39864,164,882,1034,6,0,11200,0,0,0,5095816,5095816,2925
39880,164,966,1035,7,0,11200,0,0,0,5098008,5098008,2927
39896,165,1021,1035,7,0,11200,0,0,0,5099616,5099616,2927
39911,165,105,1035,6,0,11200,0,0,0,5102081,5102081,2927
39926,165,154,1035,6,0,11200,0,0,0,5104625,5104625,2927
39941,165,205,1035,6,0,11200,0,0,0,5106843,5106843,2927
39956,165,251,1035,6,0,11200,0,0,0,5109125,5109125,2927
39972,165,321,1035,6,0,11200,0,0,0,5111411,5111411,2927
39987,165,402,1035,6,0,11200,0,0,0,5113711,5113711,2927
40003,165,462,1035,6,0,11200,0,0,0,5115763,5115763,2927
40018,165,520,1035,6,0,11200,0,0,0,5117703,5117703,2927
40033,165,580,1035,6,0,11200,0,0,0,5119728,5119728,2927
40049,165,635,1035,6,0,11200,0,0,0,5121590,5121590,2927
40064,165,691,1035,6,0,11200,0,0,0,5123215,5123215,2927
40079,165,733,1035,6,0,11200,0,0,0,5124537,5124537,2927
40095,165,786,1035,6,0,11200,0,0,0,5126292,5126292,2927
40110,165,848,1035,6,0,11200,0,0,0,5128304,5128304,2927
40126,165,936,1035,6,0,11200,0,0,0,5130087,5130087,2927
40141,165,997,1035,6,0,11200,0,0,0,5132041,5132041,2927
40156,166,24,1035,6,0,11200,0,0,0,5134159,5134159,2927
40171,166,134,1035,6,0,11200,0,0,0,5136727,5136727,2927
40186,166,188,1035,6,0,11200,0,0,0,5138917,5138917,2927
40202,166,233,1035,6,0,11200,0,0,0,5141154,5141154,2927
40217,166,301,1035,6,0,11200,0,0,0,5143560,5143560,2927
40233,166,367,1035,6,0,11200,0,0,0,5145684,5145684,2927
40248,166,430,1035,6,0,11200,0,0,0,5147838,5147838,2927
40265,166,497,1035,6,0,11200,0,0,0,5149696,5149696,2927
40281,166,556,1035,6,0,11200,0,0,0,5151863,5151863,2927
40296,166,598,1035,6,0,11200,0,0,0,5153656,5153656,2927
40311,166,658,1035,6,0,11200,0,0,0,5155420,5155420,2927
40329,166,710,1035,6,0,11200,0,0,0,5156991,5156991,2927
40344,166,758,1035,6,0,11200,0,0,0,5158512,5158512,2927
40359,166,823,1035,6,0,11200,0,0,0,5160632,5160632,2927
40382,166,882,1035,6,0,11200,0,0,0,5162022,5162022,2927
40397,166,966,1035,6,0,11200,0,0,0,5164023,5164023,2927
40413,167,1027,1035,6,0,11200,0,0,0,5165981,5165981,2927
40428,167,93,1035,5,0,11200,0,0,0,5168479,5168479,2927
40443,167,145,1035,5,0,11200,0,0,0,5171002,5171002,2927
40458,167,193,1035,5,0,11200,0,0,0,5173250,5173250,2927
40473,167,250,1035,5,0,11200,0,0,0,5175368,5175368,2927
40489,167,307,1035,5,0,11200,0,0,0,5177583,5177583,2927
40504,167,374,1035,5,0,11200,0,0,0,5179792,5179792,2927
40520,167,441,1035,5,0,11200,0,0,0,5182066,5182066,2927
40535,167,489,1035,5,0,11200,0,0,0,5183723,5183723,2927
40550,167,531,1035,5,0,11200,0,0,0,5185595,5185595,2927
40566,167,593,1035,5,0,11200,0,0,0,5187660,5187660,2927
40581,167,652,1035,5,0,11200,0,0,0,5189444,5189444,2927
40597,167,699,1035,5,0,11200,0,0,0,5191078,5191078,2927
40612,167,762,1035,5,0,11200,0,0,0,5192760,5192760,2927
40627,167,829,1035,5,0,11200,0,0,0,5194790,5194790,2927
40657,167,882,1035,5,0,11200,0,0,0,5196039,5196039,2927
40672,167,975,1035,5,0,11200,0,0,0,5198175,5198175,2927
40688,168,8,1035,5,0,11200,0,0,0,5200338,5200338,2927
40703,168,121,1035,5,0,11200,0,0,0,5202751,5202751,2927
40718,168,165,1035,5,0,11200,0,0,0,5204851,5204851,2927
40733,168,225,1035,5,0,11200,0,0,0,5207069,5207069,2927
40749,168,276,1035,5,0,11200,0,0,0,5209186,5209186,2927
40764,168,348,1035,5,0,11200,0,0,0,5211267,5211267,2927
40779,168,423,1035,5,0,11200,0,0,0,5213459,5213459,2927
40795,168,489,1035,5,0,11200,0,0,0,5215626,5215626,2927
40810,168,539,1035,5,0,11200,0,0,0,5217667,5217667,2927
40825,168,602,1035,5,0,11200,0,0,0,5219581,5219581,2927
40840,168,670,1035,5,0,11200,0,0,0,5221541,5221541,2927
40858,168,710,1035,5,0,11200,0,0,0,5222871,5222871,2927
40873,168,775,1035,5,0,11200,0,0,0,5224629,5224629,2927
40888,168,851,1035,5,0,11200,0,0,0,5226694,5226694,2927
40904,168,882,1035,5,0,11200,0,0,0,5227592,5227592,2927
40919,168,983,1035,5,0,11200,0,0,0,5229623,5229623,2927
40934,169,17,1035,5,0,11200,0,0,0,5231953,5231953,2927
40950,169,132,1035,5,0,11200,0,0,0,5234524,5234524,2927
40965,169,187,1035,5,0,11200,0,0,0,5236735,5236735,2927
40980,169,247,1035,5,0,11200,0,0,0,5238868,5238868,2927
40995,169,314,1035,5,0,11200,0,0,0,5241256,5241256,2927
41011,169,384,1035,5,0,11200,0,0,0,5243409,5243409,2927
41026,169,446,1035,5,0,11200,0,0,0,5245495,5245495,2927
41041,169,516,1035,5,0,11200,0,0,0,5247463,5247463,2927
41056,169,581,1035,5,0,11200,0,0,0,5249465,5249465,2927
41072,169,640,1035,5,0,11200,0,0,0,5251252,5251252,2927
41087,169,699,1035,5,0,11200,0,0,0,5253256,5253256,2927
41102,169,738,1035,5,0,11200,0,0,0,5254654,5254654,2927
41118,169,794,1035,5,0,11200,0,0,0,5256570,5256570,2927
41133,169,851,1035,5,0,11200,0,0,0,5258390,5258390,2927
41148,169,932,1035,5,0,11200,0,0,0,5260195,5260195,2927
41163,169,998,1035,5,0,11200,0,0,0,5262249,5262249,2927
41178,170,25,1035,5,0,11200,0,0,0,5264412,5264412,2927
41194,170,136,1035,5,0,11200,0,0,0,5266984,5266984,2927
41209,170,180,1035,5,0,11200,0,0,0,5269093,5269093,2927
41225,170,227,1035,5,0,11200,0,0,0,5271335,5271335,2927
41240,170,276,1035,5,0,11200,0,0,0,5273556,5273556,2927
41255,170,341,1035,5,0,11200,0,0,0,5275625,5275625,2927
41271,170,398,1035,5,0,11200,0,0,0,5277726,5277726,2927
41286,170,456,1035,5,0,11200,0,0,0,5279821,5279821,2927
41301,170,512,1035,5,0,11200,0,0,0,5281413,5281413,2927
41316,170,580,1035,5,0,11200,0,0,0,5283409,5283409,2927
41332,170,651,1035,5,0,11200,0,0,0,5285310,5285310,2927
41347,170,707,1035,5,0,11200,0,0,0,5287045,5287045,2927
41362,170,769,1035,5,0,11200,0,0,0,5288807,5288807,2927
41377,170,829,1035,5,0,11200,0,0,0,5291021,5291021,2927
41407,170,882,1035,5,0,11200,0,0,0,5292284,5292284,2927
41422,170,959,1035,5,0,11200,0,0,0,5294287,5294287,2927
41437,171,1030,1035,5,0,11200,0,0,0,5296267,5296267,2927
41452,171,110,1035,5,0,11200,0,0,0,5298803,5298803,2927
41468,171,150,1035,5,0,11200,0,0,0,5300982,5300982,2927
41483,171,194,1035,5,0,11200,0,0,0,5303082,5303082,2927
41499,171,239,1035,5,0,11200,0,0,0,5305214,5305214,2927
41514,171,297,1035,5,0,11200,0,0,0,5307512,5307512,2927
41529,171,374,1035,5,0,11200,0,0,0,5309639,5309639,2927
41544,171,435,1035,5,0,11200,0,0,0,5311701,5311701,2927
41559,171,493,1035,5,0,11200,0,0,0,5313319,5313319,2927
41575,171,551,1035,5,0,11200,0,0,0,5315204,5315204,2927
41590,171,603,1035,5,0,11200,0,0,0,5317009,5317009,2927
41605,171,678,1035,5,0,11200,0,0,0,5318917,5318917,2927
41621,171,716,1035,5,0,11200,0,0,0,5320058,5320058,2927
41636,171,775,1035,5,0,11200,0,0,0,5321904,5321904,2927
41651,171,854,1035,5,0,11200,0,0,0,5324144,5324144,2927
41677,171,882,1035,5,0,11200,0,0,0,5324735,5324735,2927
41692,171,970,1035,5,0,11200,0,0,0,5326848,5326848,2927
41707,172,1029,1035,5,0,11200,0,0,0,5328723,5328723,2927
41722,172,106,1035,5,0,11200,0,0,0,5331183,5331183,2927
41738,172,151,1035,5,0,11200,0,0,0,5333464,5333464,2927
41753,172,205,1035,5,0,11200,0,0,0,5335796,5335796,2927
41768,172,252,1035,5,0,11200,0,0,0,5337944,5337944,2927
41783,172,309,1035,5,0,11200,0,0,0,5339864,5339864,2927
41798,172,380,1035,5,0,11200,0,0,0,5342086,5342086,2927
41814,172,447,1035,5,0,11200,0,0,0,5344138,5344138,2927
41829,172,493,1035,5,0,11200,0,0,0,5345522,5345522,2927
41844,172,552,1035,5,0,11200,0,0,0,5347397,5347397,2927
41859,172,610,1035,5,0,11200,0,0,0,5349229,5349229,2927
41875,172,675,1035,5,0,11200,0,0,0,5351290,5351290,2927
41891,172,710,1035,5,0,11200,0,0,0,5352486,5352486,2927
41906,172,763,1035,5,0,11200,0,0,0,5354347,5354347,2927
41921,172,818,1035,5,0,11200,0,0,0,5356500,5356500,2927
41936,172,883,1035,5,0,11200,0,0,0,5358141,5358141,2927
41951,172,961,1035,5,0,11200,0,0,0,5360326,5360326,2927
41966,173,1028,1035,5,0,11200,0,0,0,5362319,5362319,2927
41982,173,104,1035,5,0,11200,0,0,0,5364857,5364857,2927
41997,173,151,1035,5,0,11200,0,0,0,5367387,5367387,2927
42012,173,209,1035,5,0,11200,0,0,0,5369606,5369606,2927
42027,173,260,1035,5,0,11200,0,0,0,5371752,5371752,2927
42043,173,313,1035,5,0,11200,0,0,0,5374062,5374062,2927
42058,173,383,1035,5,0,11200,0,0,0,5376188,5376188,2927
42073,173,448,1035,5,0,11200,0,0,0,5378125,5378125,2927
42090,173,497,1035,5,0,11200,0,0,0,5379595,5379595,2927
42105,173,565,1035,5,0,11200,0,0,0,5381527,5381527,2927
42120,173,630,1035,5,0,11200,0,0,0,5383230,5383230,2927
42135,173,696,1035,5,0,11200,0,0,0,5385135,5385135,2927
42151,173,747,1035,5,0,11200,0,0,0,5386628,5386628,2927
42166,173,818,1035,5,0,11200,0,0,0,5388685,5388685,2927
42185,173,882,1035,5,0,11200,0,0,0,5389900,5389900,2927
42201,173,956,1035,5,0,11200,0,0,0,5391996,5391996,2927
42216,174,1026,1035,5,0,11200,0,0,0,5393906,5393906,2927
42231,174,105,1035,5,0,11200,0,0,0,5396229,5396229,2927
42246,174,148,1035,5,0,11200,0,0,0,5398781,5398781,2927
42261,174,209,1035,5,0,11200,0,0,0,5400984,5400984,2927
42277,174,250,1035,5,0,11200,0,0,0,5403050,5403050,2927
42292,174,305,1035,5,0,11200,0,0,0,5405256,5405256,2927
42307,174,371,1035,5,0,11200,0,0,0,5407465,5407465,2927
42323,174,436,1035,5,0,11200,0,0,0,5409443,5409443,2927
42339,174,497,1035,5,0,11200,0,0,0,5411286,5411286,2927
42355,174,553,1035,5,0,11200,0,0,0,5413189,5413189,2927
42370,174,606,1035,5,0,11200,0,0,0,5415010,5415010,2927
42386,174,652,1035,5,0,11200,0,0,0,5416608,5416608,2927
42401,174,707,1035,5,0,11200,0,0,0,5418081,5418081,2927
42416,174,769,1035,5,0,11200,0,0,0,5419782,5419782,2927
42431,174,822,1035,5,0,11200,0,0,0,5421677,5421677,2927
42466,174,882,1035,5,0,11200,0,0,0,5423312,5423312,2927
42481,174,956,1035,5,0,11200,0,0,0,5425442,5425442,2927
42497,174,1006,1035,5,0,11200,0,0,0,5427439,5427439,2927
42512,175,26,1035,5,0,11200,0,0,0,5429600,5429600,2927
42527,175,138,1035,5,0,11200,0,0,0,5432151,5432151,2927
42543,175,188,1035,5,0,11200,0,0,0,5434435,5434435,2927
42558,175,246,1035,5,0,11200,0,0,0,5436611,5436611,2927
42574,175,300,1035,5,0,11200,0,0,0,5438884,5438884,2927
42589,175,371,1035,5,0,11200,0,0,0,5441046,5441046,2927
42604,175,446,1035,5,0,11200,0,0,0,5443238,5443238,2927
42620,175,508,1035,5,0,11200,0,0,0,5444832,5444832,2927
42635,175,562,1035,5,0,11200,0,0,0,5446579,5446579,2927
42650,175,610,1035,5,0,11200,0,0,0,5448531,5448531,2927
42667,175,676,1035,5,0,11200,0,0,0,5450289,5450289,2927
42682,175,725,1035,5,0,11200,0,0,0,5451993,5451993,2927
42697,175,787,1035,5,0,11200,0,0,0,5453736,5453736,2927
42712,175,855,1035,5,0,11200,0,0,0,5455835,5455835,2927
42728,175,884,1035,5,0,11200,0,0,0,5456386,5456386,2927
42743,175,984,1035,5,0,11200,0,0,0,5458448,5458448,2927
42758,176,8,1035,5,0,11200,0,0,0,5460435,5460435,2927
42774,176,122,1035,5,0,11200,0,0,0,5462818,5462818,2927
42789,176,182,1035,5,0,11200,0,0,0,5465217,5465217,2927
42804,176,239,1035,5,0,11200,0,0,0,5467428,5467428,2927
42819,176,297,1035,5,0,11200,0,0,0,5469576,5469576,2927
42835,176,357,1035,5,0,11200,0,0,0,5471702,5471702,2927
42850,176,423,1035,5,0,11200,0,0,0,5473857,5473857,2927
42867,176,490,1035,5,0,11200,0,0,0,5475424,5475424,2927
42882,176,555,1035,5,0,11200,0,0,0,5477704,5477704,2927
42898,176,610,1035,5,0,11200,0,0,0,5479532,5479532,2927
42913,176,678,1035,5,0,11200,0,0,0,5481350,5481350,2927
42928,176,722,1035,5,0,11200,0,0,0,5482962,5482962,2927
42945,176,784,1035,5,0,11200,0,0,0,5484673,5484673,2927
42961,176,856,1035,5,0,11200,0,0,0,5486820,5486820,2927
42976,176,936,1035,5,0,11200,0,0,0,5488669,5488669,2927
42991,176,1006,1035,5,0,11200,0,0,0,5490853,5490853,2927
43006,177,104,1035,5,0,11200,0,0,0,5493321,5493321,2927
43021,177,150,1035,5,0,11200,0,0,0,5495729,5495729,2927
43036,177,215,1035,5,0,11200,0,0,0,5498058,5498058,2927
43052,177,265,1035,5,0,11200,0,0,0,5500256,5500256,2927
43067,177,329,1035,5,0,11200,0,0,0,5502466,5502466,2927
43082,177,394,1035,5,0,11200,0,0,0,5504721,5504721,2927
43097,177,460,1035,5,0,11200,0,0,0,5506686,5506686,2927
43112,177,515,1035,5,0,11200,0,0,0,5508471,5508471,2927
43128,177,577,1035,5,0,11200,0,0,0,5510639,5510639,2927
43144,177,636,1035,5,0,11200,0,0,0,5512563,5512563,2927
43159,177,710,1035,5,0,11200,0,0,0,5514077,5514077,2927
43175,177,774,1035,5,0,11200,0,0,0,5515954,5515954,2927
43190,177,840,1036,6,0,11200,0,0,0,5517947,5517947,2928
43205,177,890,1036,6,0,11200,0,0,0,5518975,5518975,2928
43220,177,970,1036,6,0,11200,0,0,0,5520971,5520971,2928
43236,178,1032,1036,6,0,11200,0,0,0,5522523,5522523,2928
43251,178,111,1036,5,0,11200,0,0,0,5525345,5525345,2928
43266,178,155,1036,5,0,11200,0,0,0,5527636,5527636,2928
43281,178,215,1036,5,0,11200,0,0,0,5529761,5529761,2928
43296,178,270,1036,5,0,11200,0,0,0,5531898,5531898,2928
43311,178,328,1036,5,0,11200,0,0,0,5534020,5534020,2928
43327,178,389,1036,5,0,11200,0,0,0,5536264,5536264,2928
43342,178,467,1036,5,0,11200,0,0,0,5538391,5538391,2928
43358,178,523,1036,5,0,11200,0,0,0,5540385,5540385,2928
43373,178,580,1036,5,0,11200,0,0,0,5542297,5542297,2928
43388,178,636,1036,5,0,11200,0,0,0,5544056,5544056,2928
43404,178,677,1036,5,0,11200,0,0,0,5545447,5545447,2928
43419,178,738,1036,5,0,11200,0,0,0,5547252,5547252,2928
43434,178,801,1036,5,0,11200,0,0,0,5549049,5549049,2928
43450,178,866,1037,6,0,11200,0,0,0,5551052,5551052,2928
43465,178,884,1037,6,0,11200,0,0,0,5551455,5551455,2928
43480,178,972,1037,6,0,11200,0,0,0,5553413,5553413,2928
43495,179,1029,1037,6,0,11200,0,0,0,5555262,5555262,2928
43511,179,112,1037,5,0,11200,0,0,0,5557881,5557881,2928
43526,179,154,1037,5,0,11200,0,0,0,5560268,5560268,2928
43541,179,216,1037,5,0,11200,0,0,0,5562616,5562616,2928
43556,179,263,1037,5,0,11200,0,0,0,5564796,5564796,2928
43572,179,326,1037,5,0,11200,0,0,0,5566861,5566861,2928
43587,179,388,1037,5,0,11200,0,0,0,5568952,5568952,2928
43603,179,448,1037,5,0,11200,0,0,0,5571087,5571087,2928
43618,179,503,1037,5,0,11200,0,0,0,5572384,5572384,2928
43633,179,565,1037,5,0,11200,0,0,0,5574259,5574259,2928
43648,179,618,1037,5,0,11200,0,0,0,5576193,5576193,2928
43663,179,670,1037,5,0,11200,0,0,0,5577750,5577750,2928
43679,179,710,1037,5,0,11200,0,0,0,5578902,5578902,2928
43695,179,762,1037,5,0,11200,0,0,0,5580524,5580524,2928
43711,179,823,1038,6,0,11200,0,0,0,5582437,5582437,2928
43728,179,882,1038,6,0,11200,0,0,0,5583697,5583697,2928
43744,179,966,1039,7,0,11200,0,0,0,5585817,5585817,2928
43759,180,1030,1039,7,0,11200,0,0,0,5587522,5587522,2928
43775,180,108,1039,7,0,11200,0,0,0,5589973,5589973,2928
43790,180,151,1039,7,0,11200,0,0,0,5592302,5592302,2928
43806,180,213,1039,7,0,11200,0,0,0,5594659,5594659,2928
43821,180,252,1039,7,0,11200,0,0,0,5596755,5596755,2928
43836,180,317,1039,7,0,11200,0,0,0,5599010,5599010,2928
43852,180,380,1039,7,0,11200,0,0,0,5600945,5600945,2928
43867,180,446,1039,7,0,11200,0,0,0,5603202,5603202,2928
43883,180,497,1039,7,0,11200,0,0,0,5604634,5604634,2928
43898,180,568,1039,7,0,11200,0,0,0,5606822,5606822,2928
43913,180,615,1039,7,0,11200,0,0,0,5608647,5608647,2928
43928,180,676,1039,7,0,11200,0,0,0,5610510,5610510,2928
43944,180,719,1039,7,0,11200,0,0,0,5612191,5612191,2928
43959,180,781,1039,7,0,11200,0,0,0,5614240,5614240,2928
43974,180,840,1039,7,0,11200,0,0,0,5616224,5616224,2928
44001,180,882,1039,7,0,11200,0,0,0,5617382,5617382,2928
44016,180,962,1039,7,0,11200,0,0,0,5619067,5619067,2928
44031,181,1034,1039,7,0,11200,0,0,0,5620939,5620939,2928
44047,181,113,1039,7,0,11200,0,0,0,5623463,5623463,2928
44062,181,160,1039,7,0,11200,0,0,0,5625816,5625816,2928
44078,181,216,1039,7,0,11200,0,0,0,5627980,5627980,2928
44093,181,275,1039,7,0,11200,0,0,0,5630234,5630234,2928
44108,181,361,1039,7,0,11200,0,0,0,5632467,5632467,2928
44124,181,436,1039,7,0,11200,0,0,0,5634653,5634653,2928
44140,181,493,1039,7,0,11200,0,0,0,5636341,5636341,2928
44156,181,552,1039,7,0,11200,0,0,0,5638211,5638211,2928
44171,181,613,1039,7,0,11200,0,0,0,5640069,5640069,2928
44187,181,681,1039,7,0,11200,0,0,0,5641875,5641875,2928
44203,181,719,1039,7,0,11200,0,0,0,5643141,5643141,2928
44219,181,775,1039,7,0,11200,0,0,0,5645079,5645079,2928
44234,181,840,1039,7,0,11200,0,0,0,5647041,5647041,2928
44260,181,882,1039,7,0,11200,0,0,0,5647893,5647893,2928
44275,181,954,1039,7,0,11200,0,0,0,5649720,5649720,2928
44290,182,1034,1039,7,0,11200,0,0,0,5651694,5651694,2928
44305,182,107,1039,7,0,11200,0,0,0,5654435,5654435,2928
44320,182,151,1039,7,0,11200,0,0,0,5656895,5656895,2928
44336,182,210,1039,7,0,11200,0,0,0,5659233,5659233,2928
44351,182,260,1039,7,0,11200,0,0,0,5661380,5661380,2928
44366,182,329,1039,7,0,11200,0,0,0,5663595,5663595,2928
44381,182,399,1039,7,0,11200,0,0,0,5665693,5665693,2928
44397,182,473,1039,7,0,11200,0,0,0,5667540,5667540,2928
44413,182,519,1039,7,0,11200,0,0,0,5668843,5668843,2928
44428,182,581,1039,7,0,11200,0,0,0,5670839,5670839,2928
44444,182,647,1039,7,0,11200,0,0,0,5672623,5672623,2928
44460,182,700,1039,7,0,11200,0,0,0,5674226,5674226,2928
44475,182,759,1039,7,0,11200,0,0,0,5675656,5675656,2928
44491,182,818,1039,7,0,11200,0,0,0,5677557,5677557,2928
44506,182,892,1039,7,0,11200,0,0,0,5679374,5679374,2928
44522,182,970,1039,7,0,11200,0,0,0,5681420,5681420,2928
44537,183,1,1039,7,0,11200,0,0,0,5683286,5683286,2928
44552,183,114,1039,7,0,11200,0,0,0,5685765,5685765,2928
44568,183,158,1039,7,0,11200,0,0,0,5688295,5688295,2928
44583,183,215,1039,7,0,11200,0,0,0,5690518,5690518,2928
44598,183,260,1039,7,0,11200,0,0,0,5692755,5692755,2928
44613,183,313,1039,7,0,11200,0,0,0,5695053,5695053,2928
44629,183,377,1039,7,0,11200,0,0,0,5697235,5697235,2928
44644,183,447,1039,7,0,11200,0,0,0,5699478,5699478,2928
44659,183,490,1039,7,0,11200,0,0,0,5700625,5700625,2928
44675,183,542,1039,7,0,11200,0,0,0,5702453,5702453,2928
44690,183,597,1039,7,0,11200,0,0,0,5704401,5704401,2928
44705,183,660,1039,7,0,11200,0,0,0,5706230,5706230,2928
44720,183,709,1039,7,0,11200,0,0,0,5708021,5708021,2928
44736,183,753,1039,7,0,11200,0,0,0,5709301,5709301,2928
44751,183,819,1039,7,0,11200,0,0,0,5711434,5711434,2928
44787,183,882,1039,7,0,11200,0,0,0,5713002,5713002,2928
44802,183,975,1040,8,0,11200,0,0,0,5714990,5714990,2928
44817,184,9,1040,8,0,11200,0,0,0,5717163,5717163,2928
44832,184,120,1040,8,0,11200,0,0,0,5719618,5719618,2928
44848,184,166,1040,8,0,11200,0,0,0,5721786,5721786,2928
44863,184,216,1040,8,0,11200,0,0,0,5723786,5723786,2928
44878,184,276,1040,8,0,11200,0,0,0,5726091,5726091,2928
44894,184,348,1040,8,0,11200,0,0,0,5728335,5728335,2928
44910,184,402,1040,8,0,11200,0,0,0,5730347,5730347,2928
44925,184,477,1040,8,0,11200,0,0,0,5732510,5732510,2928
44940,184,535,1040,8,0,11200,0,0,0,5734320,5734320,2928
44956,184,592,1040,8,0,11200,0,0,0,5736143,5736143,2928
44971,184,653,1040,8,0,11200,0,0,0,5737803,5737803,2928
44988,184,710,1040,8,0,11200,0,0,0,5739293,5739293,2928
45005,184,774,1040,8,0,11200,0,0,0,5740950,5740950,2928
45020,184,827,1040,8,0,11200,0,0,0,5742871,5742871,2928
45036,184,913,1040,8,0,11200,0,0,0,5744831,5744831,2928
45051,184,996,1040,8,0,11200,0,0,0,5746840,5746840,2928
45066,185,30,1040,8,0,11200,0,0,0,5749116,5749116,2928
45081,185,150,1040,8,0,11200,0,0,0,5751845,5751845,2928
45096,185,210,1040,8,0,11200,0,0,0,5754074,5754074,2928
45112,185,252,1040,8,0,11200,0,0,0,5756246,5756246,2928
45127,185,317,1040,8,0,11200,0,0,0,5758383,5758383,2928
45142,185,380,1040,8,0,11200,0,0,0,5760423,5760423,2928
45158,185,451,1040,8,0,11200,0,0,0,5762644,5762644,2928
45173,185,502,1040,8,0,11200,0,0,0,5763969,5763969,2928
45188,185,562,1041,9,0,11200,0,0,0,5765979,5765979,2928
45204,185,617,1041,9,0,11200,0,0,0,5767946,5767946,2928
45220,185,682,1041,9,0,11200,0,0,0,5769567,5769567,2928
45238,185,719,1041,9,0,11200,0,0,0,5770718,5770718,2928
45253,185,789,1041,9,0,11200,0,0,0,5772816,5772816,2928
45268,185,856,1041,9,0,11200,0,0,0,5774768,5774768,2928
45283,185,952,1041,9,0,11200,0,0,0,5776657,5776657,2928
45299,186,1027,1042,9,0,11200,0,0,0,5778603,5778603,2928
45314,186,114,1042,8,0,11200,0,0,0,5781032,5781032,2928
45329,186,159,1042,8,0,11200,0,0,0,5783447,5783447,2928
45345,186,213,1042,8,0,11200,0,0,0,5785586,5785586,2928
45360,186,260,1042,8,0,11200,0,0,0,5787678,5787678,2928
45375,186,314,1042,8,0,11200,0,0,0,5790012,5790012,2928
45390,186,384,1042,8,0,11200,0,0,0,5792270,5792270,2928
45405,186,446,1042,8,0,11200,0,0,0,5794255,5794255,2928
45421,186,506,1042,8,0,11200,0,0,0,5795517,5795517,2928
45436,186,563,1042,8,0,11200,0,0,0,5797553,5797553,2928
45451,186,610,1042,8,0,11200,0,0,0,5799276,5799276,2928
45466,186,696,1042,8,0,11200,0,0,0,5801221,5801221,2928
45482,186,750,1042,8,0,11200,0,0,0,5802899,5802899,2928
45497,186,819,1042,8,0,11200,0,0,0,5804873,5804873,2928
45512,186,884,1042,8,0,11200,0,0,0,5806400,5806400,2928
45527,186,952,1042,8,0,11200,0,0,0,5808420,5808420,2928
45543,187,1023,1042,8,0,11200,0,0,0,5810505,5810505,2928
45558,187,28,1042,7,0,11200,0,0,0,5812736,5812736,2928
45573,187,133,1042,7,0,11200,0,0,0,5815040,5815040,2928
45588,187,184,1042,7,0,11200,0,0,0,5817405,5817405,2928
45604,187,246,1042,7,0,11200,0,0,0,5819747,5819747,2928
45619,187,300,1042,7,0,11200,0,0,0,5822089,5822089,2928
45634,187,377,1042,7,0,11200,0,0,0,5824512,5824512,2928
45650,187,441,1042,7,0,11200,0,0,0,5826617,5826617,2928
45665,187,490,1042,7,0,11200,0,0,0,5828189,5828189,2928
45681,187,535,1042,7,0,11200,0,0,0,5829951,5829951,2928
45696,187,595,1042,7,0,11200,0,0,0,5831760,5831760,2928
45711,187,662,1042,7,0,11200,0,0,0,5833556,5833556,2928
45726,187,714,1042,7,0,11200,0,0,0,5835129,5835129,2928
45742,187,783,1042,7,0,11200,0,0,0,5836815,5836815,2928
45757,187,860,1042,7,0,11200,0,0,0,5838807,5838807,2928
45772,187,938,1042,7,0,11200,0,0,0,5840436,5840436,2928
45789,188,1021,1042,7,0,11200,0,0,0,5842481,5842481,2928
45804,188,45,1042,7,0,11200,0,0,0,5844862,5844862,2928
45819,188,145,1042,7,0,11200,0,0,0,5847444,5847444,2928
45834,188,199,1042,7,0,11200,0,0,0,5849647,5849647,2928
45849,188,252,1042,7,0,11200,0,0,0,5851733,5851733,2928
45864,188,307,1042,7,0,11200,0,0,0,5854098,5854098,2928
45879,188,383,1042,7,0,11200,0,0,0,5856423,5856423,2928
45894,188,443,1043,8,0,11200,0,0,0,5858514,5858514,2928
45911,188,490,1043,8,0,11200,0,0,0,5859946,5859946,2928
45926,188,562,1043,8,0,11200,0,0,0,5862136,5862136,2928
45941,188,611,1043,8,0,11200,0,0,0,5863938,5863938,2928
45957,188,676,1043,8,0,11200,0,0,0,5865760,5865760,2928
45974,188,710,1043,8,0,11200,0,0,0,5867253,5867253,2928
45989,188,769,1043,8,0,11200,0,0,0,5869039,5869039,2928
46004,188,830,1043,8,0,11200,0,0,0,5870730,5870730,2928
46027,188,882,1043,8,0,11200,0,0,0,5872041,5872041,2928
46042,188,956,1043,8,0,11200,0,0,0,5874070,5874070,2928
46058,189,1027,1043,8,0,11200,0,0,0,5875726,5875726,2928
46073,189,111,1043,7,0,11200,0,0,0,5878291,5878291,2928
46088,189,155,1043,7,0,11200,0,0,0,5880553,5880553,2928
46103,189,211,1043,7,0,11200,0,0,0,5882938,5882938,2928
46119,189,260,1043,7,0,11200,0,0,0,5885347,5885347,2928
46134,189,317,1043,7,0,11200,0,0,0,5887591,5887591,2928
46150,189,375,1043,7,0,11200,0,0,0,5889812,5889812,2928
46165,189,437,1043,7,0,11200,0,0,0,5892069,5892069,2928
46181,189,476,1043,7,0,11200,0,0,0,5893431,5893431,2928
46197,189,528,1043,7,0,11200,0,0,0,5895013,5895013,2928
46212,189,589,1043,7,0,11200,0,0,0,5897005,5897005,2928
46228,189,649,1043,7,0,11200,0,0,0,5898868,5898868,2928
46247,189,710,1043,7,0,11200,0,0,0,5900602,5900602,2928
46262,189,778,1043,7,0,11200,0,0,0,5902453,5902453,2928
46278,189,849,1043,7,0,11200,0,0,0,5904224,5904224,2928
46307,189,882,1043,7,0,11200,0,0,0,5905146,5905146,2928
46322,189,972,1043,7,0,11200,0,0,0,5907181,5907181,2928
46338,190,4,1043,6,0,11200,0,0,0,5909199,5909199,2928
46353,190,106,1043,6,0,11200,0,0,0,5911776,5911776,2928
46368,190,147,1043,6,0,11200,0,0,0,5914212,5914212,2928
46384,190,204,1043,6,0,11200,0,0,0,5916513,5916513,2928
46399,190,251,1043,6,0,11200,0,0,0,5918598,5918598,2928
46415,190,307,1043,6,0,11200,0,0,0,5920826,5920826,2928
46430,190,374,1043,6,0,11200,0,0,0,5923173,5923173,2928
46446,190,455,1043,6,0,11200,0,0,0,5925447,5925447,2928
46462,190,511,1043,6,0,11200,0,0,0,5927124,5927124,2928
46477,190,562,1043,6,0,11200,0,0,0,5929123,5929123,2928
46492,190,624,1043,6,0,11200,0,0,0,5931107,5931107,2928
46507,190,696,1043,6,0,11200,0,0,0,5932785,5932785,2928
46523,190,753,1043,6,0,11200,0,0,0,5934374,5934374,2928
46538,190,802,1044,7,0,11200,0,0,0,5936116,5936116,2928
46553,190,855,1044,7,0,11200,0,0,0,5937906,5937906,2928
46568,190,884,1044,7,0,11200,0,0,0,5938558,5938558,2928
46584,190,956,1044,7,0,11200,0,0,0,5940392,5940392,2928
46599,191,1028,1044,7,0,11200,0,0,0,5942290,5942290,2928
46614,191,95,1045,8,0,11200,0,0,0,5944721,5944721,2928
46629,191,149,1045,8,0,11200,0,0,0,5947019,5947019,2928
46644,191,211,1045,8,0,11200,0,0,0,5949264,5949264,2928
46660,191,256,1045,8,0,11200,0,0,0,5951395,5951395,2928
46676,191,321,1045,8,0,11200,0,0,0,5953814,5953814,2928
46691,191,398,1045,8,0,11200,0,0,0,5956127,5956127,2928
46706,191,447,1045,8,0,11200,0,0,0,5958060,5958060,2928
46722,191,512,1045,8,0,11200,0,0,0,5960107,5960107,2928
46737,191,575,1045,8,0,11200,0,0,0,5962293,5962293,2928
46753,191,618,1045,8,0,11200,0,0,0,5963861,5963861,2928
46768,191,683,1045,8,0,11200,0,0,0,5965489,5965489,2928
46783,191,747,1045,8,0,11200,0,0,0,5967302,5967302,2928
46798,191,813,1045,8,0,11200,0,0,0,5969213,5969213,2928
46814,191,883,1045,8,0,11200,0,0,0,5970959,5970959,2928
46829,191,970,1045,8,0,11200,0,0,0,5973134,5973134,2928
46844,192,1035,1046,8,0,11200,0,0,0,5974942,5974942,2928
46859,192,51,1046,8,0,11200,0,0,0,5977290,5977290,2928
46874,192,145,1046,8,0,11200,0,0,0,5979647,5979647,2928
46889,192,203,1046,8,0,11200,0,0,0,5981833,5981833,2928
46904,192,241,1046,8,0,11200,0,0,0,5983876,5983876,2928
46920,192,303,1046,8,0,11200,0,0,0,5985998,5985998,2928
46935,192,361,1046,8,0,11200,0,0,0,5988138,5988138,2928
46950,192,433,1046,8,0,11200,0,0,0,5990100,5990100,2928
46965,192,491,1046,8,0,11200,0,0,0,5992022,5992022,2928
46981,192,556,1046,8,0,11200,0,0,0,5994139,5994139,2928
46996,192,606,1046,8,0,11200,0,0,0,5995890,5995890,2928
47011,192,652,1046,8,0,11200,0,0,0,5997597,5997597,2928
47028,192,710,1046,8,0,11200,0,0,0,5999257,5999257,2928
47044,192,763,1046,8,0,11200,0,0,0,6001110,6001110,2928
47059,192,852,1046,8,0,11200,0,0,0,6003099,6003099,2928
47074,192,928,1046,8,0,11200,0,0,0,6004910,6004910,2928
47089,192,996,1046,8,0,11200,0,0,0,6007052,6007052,2928
47105,193,13,1046,7,0,11200,0,0,0,6008913,6008913,2928
47120,193,122,1046,7,0,11200,0,0,0,6011357,6011357,2928
47136,193,161,1046,7,0,11200,0,0,0,6013590,6013590,2928
47151,193,216,1046,7,0,11200,0,0,0,6015878,6015878,2928
47166,193,264,1046,7,0,11200,0,0,0,6017889,6017889,2928
47182,193,325,1046,7,0,11200,0,0,0,6020079,6020079,2928
47197,193,394,1046,7,0,11200,0,0,0,6022290,6022290,2928
47212,193,466,1046,7,0,11200,0,0,0,6024464,6024464,2928
47228,193,528,1046,7,0,11200,0,0,0,6026364,6026364,2928
47243,193,597,1046,7,0,11200,0,0,0,6028409,6028409,2928
47259,193,667,1046,7,0,11200,0,0,0,6030207,6030207,2928
47274,193,719,1046,7,0,11200,0,0,0,6031867,6031867,2928
47289,193,774,1046,7,0,11200,0,0,0,6033734,6033734,2928
47305,193,831,1046,7,0,11200,0,0,0,6035764,6035764,2928
47326,193,882,1046,7,0,11200,0,0,0,6037048,6037048,2928
47342,193,952,1047,8,0,11200,0,0,0,6039054,6039054,2928
47358,194,1027,1047,8,0,11200,0,0,0,6041243,6041243,2928
47373,194,112,1047,6,0,11200,0,0,0,6043803,6043803,2928
47388,194,152,1047,6,0,11200,0,0,0,6046198,6046198,2928
47403,194,211,1047,6,0,11200,0,0,0,6048265,6048265,2928
47419,194,264,1047,6,0,11200,0,0,0,6050512,6050512,2928
47434,194,326,1047,6,0,11200,0,0,0,6052587,6052587,2928
47449,194,389,1047,6,0,11200,0,0,0,6054794,6054794,2928
47464,194,447,1047,6,0,11200,0,0,0,6056923,6056923,2928
47479,194,533,1047,6,0,11200,0,0,0,6059055,6059055,2928
47495,194,595,1047,6,0,11200,0,0,0,6060969,6060969,2928
47511,194,662,1047,6,0,11200,0,0,0,6063001,6063001,2928
47526,194,725,1047,6,0,11200,0,0,0,6064834,6064834,2928
47541,194,782,1047,6,0,11200,0,0,0,6066574,6066574,2928
47556,194,855,1047,6,0,11200,0,0,0,6068627,6068627,2928
47572,194,941,1047,6,0,11200,0,0,0,6070446,6070446,2928
47587,194,1006,1047,6,0,11200,0,0,0,6072415,6072415,2928
47602,195,22,1047,6,0,11200,0,0,0,6074697,6074697,2928
47618,195,134,1047,6,0,11200,0,0,0,6077408,6077408,2928
47633,195,187,1047,6,0,11200,0,0,0,6079610,6079610,2928
47648,195,234,1047,6,0,11200,0,0,0,6081620,6081620,2928
47663,195,303,1047,6,0,11200,0,0,0,6083875,6083875,2928
47678,195,364,1047,6,0,11200,0,0,0,6085960,6085960,2928
47693,195,431,1047,6,0,11200,0,0,0,6087893,6087893,2928
47711,195,473,1047,6,0,11200,0,0,0,6089565,6089565,2928
47727,195,529,1047,6,0,11200,0,0,0,6091422,6091422,2928
47742,195,589,1047,6,0,11200,0,0,0,6093389,6093389,2928
47757,195,653,1047,6,0,11200,0,0,0,6095223,6095223,2928
47774,195,702,1047,6,0,11200,0,0,0,6096709,6096709,2928
47789,195,756,1047,6,0,11200,0,0,0,6098389,6098389,2928
47805,195,827,1047,6,0,11200,0,0,0,6100470,6100470,2928
47834,195,882,1047,6,0,11200,0,0,0,6102165,6102165,2928
47849,195,954,1047,6,0,11200,0,0,0,6104324,6104324,2928
47864,196,1034,1047,6,0,11200,0,0,0,6106329,6106329,2928
47880,196,107,1047,6,0,11200,0,0,0,6108908,6108908,2928
47896,196,149,1047,6,0,11200,0,0,0,6111209,6111209,2928
47911,196,199,1047,6,0,11200,0,0,0,6113554,6113554,2928
47926,196,244,1047,6,0,11200,0,0,0,6115539,6115539,2928
47941,196,306,1047,6,0,11200,0,0,0,6117728,6117728,2928
47957,196,374,1047,6,0,11200,0,0,0,6120007,6120007,2928
47973,196,428,1047,6,0,11200,0,0,0,6122037,6122037,2928
47989,196,477,1047,6,0,11200,0,0,0,6124043,6124043,2928
48004,196,524,1047,6,0,11200,0,0,0,6125301,6125301,2928
48019,196,594,1047,6,0,11200,0,0,0,6127272,6127272,2928
48035,196,652,1047,6,0,11200,0,0,0,6129101,6129101,2928
48050,196,705,1047,6,0,11200,0,0,0,6130880,6130880,2928
48066,196,748,1047,6,0,11200,0,0,0,6132301,6132301,2928
48081,196,826,1047,6,0,11200,0,0,0,6134456,6134456,2928
48111,196,882,1047,6,0,11200,0,0,0,6136121,6136121,2928
48127,196,952,1047,6,0,11200,0,0,0,6138105,6138105,2928
48142,197,1029,1047,6,0,11200,0,0,0,6140083,6140083,2928
48158,197,97,1047,4,0,11200,0,0,0,6142559,6142559,2928
48173,197,149,1047,4,0,11200,0,0,0,6145087,6145087,2928
48188,197,205,1047,4,0,11200,0,0,0,6147345,6147345,2928
48203,197,249,1047,4,0,11200,0,0,0,6149335,6149335,2928
48219,197,314,1047,4,0,11200,0,0,0,6151590,6151590,2928
48234,197,379,1047,4,0,11200,0,0,0,6153867,6153867,2928
48249,197,437,1047,4,0,11200,0,0,0,6156108,6156108,2928
48264,197,502,1047,4,0,11200,0,0,0,6158129,6158129,2928
48280,197,580,1047,4,0,11200,0,0,0,6160253,6160253,2928
48296,197,644,1047,4,0,11200,0,0,0,6162195,6162195,2928
48311,197,700,1047,4,0,11200,0,0,0,6163918,6163918,2928
48326,197,746,1047,4,0,11200,0,0,0,6165415,6165415,2928
48341,197,811,1047,4,0,11200,0,0,0,6167280,6167280,2928
48361,197,882,1047,4,0,11200,0,0,0,6169183,6169183,2928
48376,197,956,1047,4,0,11200,0,0,0,6171231,6171231,2928
48392,198,1027,1047,4,0,11200,0,0,0,6173070,6173070,2928
48407,198,35,1047,4,0,11200,0,0,0,6175572,6175572,2928
48422,198,137,1047,4,0,11200,0,0,0,6177697,6177697,2928
48437,198,182,1047,4,0,11200,0,0,0,6179807,6179807,2928
48452,198,225,1047,4,0,11200,0,0,0,6181975,6181975,2928
48468,198,300,1047,4,0,11200,0,0,0,6184307,6184307,2928
48483,198,371,1047,4,0,11200,0,0,0,6186476,6186476,2928
48498,198,445,1047,4,0,11200,0,0,0,6188509,6188509,2928
48513,198,497,1047,4,0,11200,0,0,0,6190234,6190234,2928
48528,198,553,1047,4,0,11200,0,0,0,6192083,6192083,2928
48544,198,615,1047,4,0,11200,0,0,0,6194031,6194031,2928
48560,198,678,1047,4,0,11200,0,0,0,6195518,6195518,2928
48575,198,722,1047,4,0,11200,0,0,0,6196927,6196927,2928
48591,198,774,1047,4,0,11200,0,0,0,6198923,6198923,2928
48606,198,820,1047,4,0,11200,0,0,0,6200718,6200718,2928
48633,198,882,1047,4,0,11200,0,0,0,6202320,6202320,2928
48649,198,960,1047,4,0,11200,0,0,0,6204392,6204392,2928
48664,198,1023,1047,4,0,11200,0,0,0,6206213,6206213,2928
48680,199,27,1048,5,0,11200,0,0,0,6208226,6208226,2928
48695,199,136,1048,5,0,11200,0,0,0,6210911,6210911,2928
48710,199,188,1048,5,0,11200,0,0,0,6213028,6213028,2928
48726,199,234,1048,5,0,11200,0,0,0,6215240,6215240,2928
48741,199,282,1048,5,0,11200,0,0,0,6217412,6217412,2928
48756,199,357,1048,5,0,11200,0,0,0,6219714,6219714,2928
48772,199,417,1048,5,0,11200,0,0,0,6221678,6221678,2928
48788,199,490,1048,5,0,11200,0,0,0,6223792,6223792,2928
48803,199,529,1048,5,0,11200,0,0,0,6225560,6225560,2928
48819,199,589,1048,5,0,11200,0,0,0,6227476,6227476,2928
48834,199,651,1048,5,0,11200,0,0,0,6229251,6229251,2928
48849,199,716,1048,5,0,11200,0,0,0,6231124,6231124,2928
48865,199,775,1048,5,0,11200,0,0,0,6232796,6232796,2928
48880,199,837,1048,5,0,11200,0,0,0,6234893,6234893,2928
48896,199,904,1048,5,0,11200,0,0,0,6236454,6236454,2928
48911,199,996,1048,5,0,11200,0,0,0,6238370,6238370,2928
48926,200,4,1048,5,0,11200,0,0,0,6240271,6240271,2928
48941,200,115,1048,5,0,11200,0,0,0,6242767,6242767,2928
48957,200,161,1048,5,0,11200,0,0,0,6245130,6245130,2928
48972,200,221,1048,5,0,11200,0,0,0,6247263,6247263,2928
48987,200,271,1048,5,0,11200,0,0,0,6249433,6249433,2928
49002,200,330,1048,5,0,11200,0,0,0,6251481,6251481,2928
49018,200,405,1048,5,0,11200,0,0,0,6253726,6253726,2928
49037,200,473,1048,5,0,11200,0,0,0,6256003,6256003,2928
49052,200,523,1048,5,0,11200,0,0,0,6257735,6257735,2928
49067,200,590,1048,5,0,11200,0,0,0,6259604,6259604,2928
49083,200,667,1048,5,0,11200,0,0,0,6261483,6261483,2928
49106,200,710,1048,5,0,11200,0,0,0,6262777,6262777,2928
49121,200,775,1048,5,0,11200,0,0,0,6264600,6264600,2928
49136,200,855,1048,5,0,11200,0,0,0,6266554,6266554,2928
49156,200,882,1048,5,0,11200,0,0,0,6266952,6266952,2928
49171,200,975,1048,5,0,11200,0,0,0,6268862,6268862,2928
49187,201,1,1049,4,0,11200,0,0,0,6270811,6270811,2929
49202,201,113,1049,4,0,11200,0,0,0,6273278,6273278,2929
49218,201,158,1049,4,0,11200,0,0,0,6275792,6275792,2929
49233,201,225,1049,4,0,11200,0,0,0,6278151,6278151,2929
49248,201,292,1049,4,0,11200,0,0,0,6280430,6280430,2929
49264,201,378,1049,4,0,11200,0,0,0,6282541,6282541,2929
49279,201,446,1049,4,0,11200,0,0,0,6284722,6284722,2929
49297,201,497,1049,4,0,11200,0,0,0,6286257,6286257,2929
49312,201,556,1049,4,0,11200,0,0,0,6288542,6288542,2929
49328,201,608,1049,4,0,11200,0,0,0,6290234,6290234,2929
49343,201,677,1049,4,0,11200,0,0,0,6291996,6291996,2929
49358,201,719,1049,4,0,11200,0,0,0,6293494,6293494,2929
49373,201,776,1049,4,0,11200,0,0,0,6295230,6295230,2929
49388,201,840,1050,5,0,11200,0,0,0,6297147,6297147,2929
49411,201,882,1050,5,0,11200,0,0,0,6298180,6298180,2929
49427,201,972,1050,5,0,11200,0,0,0,6300295,6300295,2929
49443,202,4,1050,4,0,11200,0,0,0,6302253,6302253,2929
49459,202,113,1050,4,0,11200,0,0,0,6304626,6304626,2929
49474,202,156,1050,4,0,11200,0,0,0,6306988,6306988,2929
49489,202,220,1050,4,0,11200,0,0,0,6309228,6309228,2929
49504,202,266,1050,4,0,11200,0,0,0,6311329,6311329,2929
49519,202,330,1050,4,0,11200,0,0,0,6313647,6313647,2929
49534,202,399,1050,4,0,11200,0,0,0,6315762,6315762,2929
49550,202,462,1050,4,0,11200,0,0,0,6317909,6317909,2929
49565,202,528,1050,4,0,11200,0,0,0,6319873,6319873,2929
49580,202,583,1050,4,0,11200,0,0,0,6321804,6321804,2929
49595,202,633,1050,4,0,11200,0,0,0,6323723,6323723,2929
49610,202,689,1050,4,0,11200,0,0,0,6325175,6325175,2929
49625,202,713,1050,4,0,11200,0,0,0,6326162,6326162,2929
49640,202,774,1050,4,0,11200,0,0,0,6328125,6328125,2929
49656,202,817,1050,4,0,11200,0,0,0,6329849,6329849,2929
49673,202,882,1050,4,0,11200,0,0,0,6331359,6331359,2929
49688,202,970,1050,4,0,11200,0,0,0,6333355,6333355,2929
49703,203,2,1050,4,0,11200,0,0,0,6335333,6335333,2929
49719,203,117,1050,4,0,11200,0,0,0,6337825,6337825,2929
49734,203,161,1050,4,0,11200,0,0,0,6340417,6340417,2929
49750,203,228,1050,4,0,11200,0,0,0,6342660,6342660,2929
49765,203,275,1050,4,0,11200,0,0,0,6344878,6344878,2929
49780,203,346,1050,4,0,11200,0,0,0,6346976,6346976,2929
49795,203,405,1050,4,0,11200,0,0,0,6349317,6349317,2929
49810,203,456,1050,4,0,11200,0,0,0,6351508,6351508,2929
49826,203,493,1050,4,0,11200,0,0,0,6352506,6352506,2929
49841,203,542,1050,4,0,11200,0,0,0,6354445,6354445,2929
49857,203,601,1050,4,0,11200,0,0,0,6356330,6356330,2929
49872,203,651,1050,4,0,11200,0,0,0,6358022,6358022,2929
49894,203,710,1050,4,0,11200,0,0,0,6359417,6359417,2929
49909,203,786,1050,4,0,11200,0,0,0,6361204,6361204,2929
49924,203,846,1050,4,0,11200,0,0,0,6363252,6363252,2929
49958,203,882,1050,4,0,11200,0,0,0,6364189,6364189,2929
49973,203,972,1050,4,0,11200,0,0,0,6366289,6366289,2929
49988,204,1042,1050,4,0,11200,0,0,0,6368074,6368074,2929
50003,204,112,1050,4,0,11200,0,0,0,6370499,6370499,2929
50019,204,159,1050,4,0,11200,0,0,0,6372919,6372919,2929
50034,204,208,1050,4,0,11200,0,0,0,6375236,6375236,2929
50049,204,263,1050,4,0,11200,0,0,0,6377356,6377356,2929
50065,204,329,1050,4,0,11200,0,0,0,6379758,6379758,2929
50081,204,398,1050,4,0,11200,0,0,0,6382011,6382011,2929
50096,204,469,1050,4,0,11200,0,0,0,6384217,6384217,2929
50111,204,528,1050,4,0,11200,0,0,0,6386043,6386043,2929
50126,204,593,1050,4,0,11200,0,0,0,6387931,6387931,2929
50142,204,649,1050,4,0,11200,0,0,0,6389646,6389646,2929
50157,204,702,1050,4,0,11200,0,0,0,6391348,6391348,2929
50173,204,758,1050,4,0,11200,0,0,0,6392960,6392960,2929
50188,204,823,1050,4,0,11200,0,0,0,6394925,6394925,2929
50204,204,883,1050,4,0,11200,0,0,0,6396552,6396552,2929
50219,204,954,1050,4,0,11200,0,0,0,6398599,6398599,2929
50235,204,1013,1050,4,0,11200,0,0,0,6400649,6400649,2929
50250,205,25,1050,4,0,11200,0,0,0,6402906,6402906,2929
50265,205,131,1050,4,0,11200,0,0,0,6405609,6405609,2929
50280,205,169,1050,4,0,11200,0,0,0,6407943,6407943,2929
50295,205,227,1050,4,0,11200,0,0,0,6410280,6410280,2929
50310,205,291,1050,4,0,11200,0,0,0,6412507,6412507,2929
50325,205,351,1050,4,0,11200,0,0,0,6414655,6414655,2929
50340,205,423,1050,4,0,11200,0,0,0,6416921,6416921,2929
50358,205,490,1050,4,0,11200,0,0,0,6418868,6418868,2929
50374,205,542,1050,4,0,11200,0,0,0,6420713,6420713,2929
50389,205,601,1050,4,0,11200,0,0,0,6422437,6422437,2929
50404,205,667,1050,4,0,11200,0,0,0,6424331,6424331,2929
50420,205,725,1050,4,0,11200,0,0,0,6426177,6426177,2929
50435,205,774,1050,4,0,11200,0,0,0,6427889,6427889,2929
50450,205,830,1050,4,0,11200,0,0,0,6429758,6429758,2929
50482,205,882,1050,4,0,11200,0,0,0,6430885,6430885,2929
50497,205,970,1050,4,0,11200,0,0,0,6432879,6432879,2929
50512,206,1048,1051,5,0,11200,0,0,0,6434814,6434814,2929
50528,206,111,1051,5,0,11200,0,0,0,6437312,6437312,2929
50543,206,159,1051,5,0,11200,0,0,0,6439697,6439697,2929
50558,206,209,1051,5,0,11200,0,0,0,6441863,6441863,2929
50573,206,248,1051,5,0,11200,0,0,0,6443850,6443850,2929
50589,206,307,1051,5,0,11200,0,0,0,6445957,6445957,2929
50605,206,378,1051,5,0,11200,0,0,0,6448301,6448301,2929
50620,206,445,1051,5,0,11200,0,0,0,6450402,6450402,2929
50638,206,497,1051,5,0,11200,0,0,0,6451868,6451868,2929
50653,206,542,1051,5,0,11200,0,0,0,6453631,6453631,2929
50668,206,606,1051,5,0,11200,0,0,0,6455390,6455390,2929
50683,206,664,1051,5,0,11200,0,0,0,6457196,6457196,2929
50700,206,719,1051,5,0,11200,0,0,0,6458802,6458802,2929
50716,206,794,1051,5,0,11200,0,0,0,6460782,6460782,2929
50731,206,852,1051,5,0,11200,0,0,0,6462830,6462830,2929
50754,206,882,1051,5,0,11200,0,0,0,6463623,6463623,2929
50769,206,959,1052,6,0,11200,0,0,0,6465666,6465666,2929
50784,207,1029,1052,6,0,11200,0,0,0,6467656,6467656,2929
50799,207,26,1052,6,0,11200,0,0,0,6469622,6469622,2929
50815,207,132,1052,6,0,11200,0,0,0,6472372,6472372,2929
50830,207,188,1052,6,0,11200,0,0,0,6474642,6474642,2929
50845,207,241,1052,6,0,11200,0,0,0,6476957,6476957,2929
50860,207,293,1052,6,0,11200,0,0,0,6479187,6479187,2929
50876,207,357,1052,6,0,11200,0,0,0,6481370,6481370,2929
50891,207,424,1052,6,0,11200,0,0,0,6483425,6483425,2929
50906,207,493,1052,6,0,11200,0,0,0,6485306,6485306,2929
50921,207,552,1052,6,0,11200,0,0,0,6487308,6487308,2929
50937,207,601,1052,6,0,11200,0,0,0,6489136,6489136,2929
50952,207,660,1052,6,0,11200,0,0,0,6490830,6490830,2929
50967,207,716,1052,6,0,11200,0,0,0,6492663,6492663,2929
50982,207,783,1052,6,0,11200,0,0,0,6494527,6494527,2929
50998,207,854,1052,6,0,11200,0,0,0,6496907,6496907,2929
51014,207,917,1052,6,0,11200,0,0,0,6498586,6498586,2929
51029,207,987,1052,6,0,11200,0,0,0,6500432,6500432,2929
51044,208,11,1052,6,0,11200,0,0,0,6502562,6502562,2929
51060,208,120,1052,6,0,11200,0,0,0,6505036,6505036,2929
51075,208,167,1052,6,0,11200,0,0,0,6507435,6507435,2929
51090,208,227,1052,6,0,11200,0,0,0,6509722,6509722,2929
51105,208,277,1052,6,0,11200,0,0,0,6511911,6511911,2929
51120,208,330,1052,6,0,11200,0,0,0,6513914,6513914,2929
51136,208,405,1052,6,0,11200,0,0,0,6516015,6516015,2929
51151,208,473,1052,6,0,11200,0,0,0,6518028,6518028,2929
51167,208,515,1052,6,0,11200,0,0,0,6519530,6519530,2929
51182,208,580,1052,6,0,11200,0,0,0,6521491,6521491,2929
51198,208,644,1052,6,0,11200,0,0,0,6523376,6523376,2929
51213,208,700,1052,6,0,11200,0,0,0,6525183,6525183,2929
51228,208,748,1052,6,0,11200,0,0,0,6526776,6526776,2929
51244,208,813,1052,6,0,11200,0,0,0,6528720,6528720,2929
51271,208,882,1052,6,0,11200,0,0,0,6530377,6530377,2929
51286,208,960,1052,6,0,11200,0,0,0,6532331,6532331,2929
51301,208,1016,1053,7,0,11200,0,0,0,6534160,6534160,2929
51317,209,23,1053,6,0,11200,0,0,0,6536301,6536301,2929
51332,209,134,1053,6,0,11200,0,0,0,6538851,6538851,2929
51347,209,182,1053,6,0,11200,0,0,0,6541131,6541131,2929
51363,209,226,1053,6,0,11200,0,0,0,6543420,6543420,2929
51378,209,283,1053,6,0,11200,0,0,0,6545717,6545717,2929
51394,209,336,1053,6,0,11200,0,0,0,6547669,6547669,2929
51409,209,394,1053,6,0,11200,0,0,0,6549837,6549837,2929
51424,209,455,1053,6,0,11200,0,0,0,6551659,6551659,2929
51440,209,508,1053,6,0,11200,0,0,0,6553115,6553115,2929
51455,209,568,1053,6,0,11200,0,0,0,6555273,6555273,2929
51471,209,615,1053,6,0,11200,0,0,0,6557051,6557051,2929
51486,209,682,1053,6,0,11200,0,0,0,6558688,6558688,2929
51502,209,725,1053,6,0,11200,0,0,0,6559956,6559956,2929
51517,209,775,1053,6,0,11200,0,0,0,6561638,6561638,2929
51532,209,828,1053,6,0,11200,0,0,0,6563433,6563433,2929
51550,209,882,1053,6,0,11200,0,0,0,6564949,6564949,2929
51565,209,962,1053,6,0,11200,0,0,0,6566859,6566859,2929
51580,210,1030,1053,6,0,11200,0,0,0,6568768,6568768,2929
51596,210,108,1053,6,0,11200,0,0,0,6571424,6571424,2929
51611,210,151,1053,6,0,11200,0,0,0,6573826,6573826,2929
51627,210,214,1053,6,0,11200,0,0,0,6576093,6576093,2929
51642,210,248,1053,6,0,11200,0,0,0,6578034,6578034,2929
51657,210,306,1053,6,0,11200,0,0,0,6580158,6580158,2929
51673,210,368,1053,6,0,11200,0,0,0,6582350,6582350,2929
51688,210,428,1053,6,0,11200,0,0,0,6584285,6584285,2929
51703,210,491,1053,6,0,11200,0,0,0,6585960,6585960,2929
51718,210,538,1053,6,0,11200,0,0,0,6587717,6587717,2929
51734,210,593,1053,6,0,11200,0,0,0,6589559,6589559,2929
51750,210,653,1053,6,0,11200,0,0,0,6591346,6591346,2929
51765,210,713,1053,6,0,11200,0,0,0,6592759,6592759,2929
51780,210,782,1053,6,0,11200,0,0,0,6594547,6594547,2929
51795,210,854,1053,6,0,11200,0,0,0,6596522,6596522,2929
51810,210,886,1053,6,0,11200,0,0,0,6597342,6597342,2929
51826,210,979,1053,6,0,11200,0,0,0,6599241,6599241,2929
51841,211,4,1053,6,0,11200,0,0,0,6601205,6601205,2929
51856,211,112,1054,7,0,11200,0,0,0,6603938,6603938,2929
51872,211,158,1054,7,0,11200,0,0,0,6606468,6606468,2929
51887,211,221,1054,7,0,11200,0,0,0,6608691,6608691,2929
51902,211,266,1054,7,0,11200,0,0,0,6610960,6610960,2929
51917,211,329,1054,7,0,11200,0,0,0,6613042,6613042,2929
51933,211,416,1054,7,0,11200,0,0,0,6615225,6615225,2929
51949,211,473,1054,7,0,11200,0,0,0,6617125,6617125,2929
51965,211,527,1054,7,0,11200,0,0,0,6618974,6618974,2929
51980,211,588,1054,7,0,11200,0,0,0,6620858,6620858,2929
51995,211,644,1054,7,0,11200,0,0,0,6622722,6622722,2929
52011,211,699,1054,7,0,11200,0,0,0,6624683,6624683,2929
52026,211,748,1054,7,0,11200,0,0,0,6626237,6626237,2929
52041,211,817,1054,7,0,11200,0,0,0,6628264,6628264,2929
52057,211,869,1054,7,0,11200,0,0,0,6630241,6630241,2929
52072,211,884,1054,7,0,11200,0,0,0,6630598,6630598,2929
52088,211,962,1054,7,0,11200,0,0,0,6632579,6632579,2929
52103,211,1023,1054,7,0,11200,0,0,0,6634441,6634441,2929
52118,212,23,1054,6,0,11200,0,0,0,6636556,6636556,2929
52133,212,134,1054,6,0,11200,0,0,0,6638964,6638964,2929
52148,212,185,1054,6,0,11200,0,0,0,6641360,6641360,2929
52163,212,237,1054,6,0,11200,0,0,0,6643375,6643375,2929
52179,212,277,1054,6,0,11200,0,0,0,6645585,6645585,2929
52194,212,355,1054,6,0,11200,0,0,0,6647791,6647791,2929
52210,212,437,1054,6,0,11200,0,0,0,6650012,6650012,2929
52225,212,500,1054,6,0,11200,0,0,0,6651897,6651897,2929
52240,212,555,1054,6,0,11200,0,0,0,6653982,6653982,2929
52256,212,610,1054,6,0,11200,0,0,0,6655877,6655877,2929
52272,212,675,1054,6,0,11200,0,0,0,6657749,6657749,2929
52287,212,713,1054,6,0,11200,0,0,0,6659251,6659251,2929
52303,212,770,1054,6,0,11200,0,0,0,6661151,6661151,2929
52318,212,832,1054,6,0,11200,0,0,0,6663119,6663119,2929
52333,212,884,1054,6,0,11200,0,0,0,6664611,6664611,2929
52348,212,975,1054,6,0,11200,0,0,0,6666414,6666414,2929
52364,213,1039,1054,6,0,11200,0,0,0,6668163,6668163,2929
52379,213,30,1054,6,0,11200,0,0,0,6670396,6670396,2929
52394,213,141,1054,6,0,11200,0,0,0,6672980,6672980,2929
52409,213,191,1054,6,0,11200,0,0,0,6675160,6675160,2929
52424,213,241,1054,6,0,11200,0,0,0,6677479,6677479,2929
52440,213,306,1054,6,0,11200,0,0,0,6679583,6679583,2929
52455,213,366,1054,6,0,11200,0,0,0,6681674,6681674,2929
52471,213,443,1054,6,0,11200,0,0,0,6683823,6683823,2929
52486,213,515,1054,6,0,11200,0,0,0,6686048,6686048,2929
52502,213,568,1054,6,0,11200,0,0,0,6688103,6688103,2929
52517,213,617,1054,6,0,11200,0,0,0,6689936,6689936,2929
52532,213,675,1054,6,0,11200,0,0,0,6691732,6691732,2929
52548,213,730,1054,6,0,11200,0,0,0,6693512,6693512,2929
52563,213,789,1054,6,0,11200,0,0,0,6695177,6695177,2929
52578,213,840,1054,6,0,11200,0,0,0,6697057,6697057,2929
52593,213,926,1054,6,0,11200,0,0,0,6699051,6699051,2929
52609,213,988,1054,6,0,11200,0,0,0,6700948,6700948,2929
52624,214,10,1054,6,0,11200,0,0,0,6702885,6702885,2929
52640,214,118,1054,6,0,11200,0,0,0,6705284,6705284,2929
52655,214,161,1054,6,0,11200,0,0,0,6707716,6707716,2929
52670,214,214,1054,6,0,11200,0,0,0,6709838,6709838,2929
52685,214,256,1054,6,0,11200,0,0,0,6711961,6711961,2929
52701,214,313,1054,6,0,11200,0,0,0,6714120,6714120,2929
52716,214,377,1054,6,0,11200,0,0,0,6716317,6716317,2929
52731,214,443,1054,6,0,11200,0,0,0,6718330,6718330,2929
52747,214,492,1054,6,0,11200,0,0,0,6719762,6719762,2929
52762,214,553,1054,6,0,11200,0,0,0,6721947,6721947,2929
52777,214,611,1054,6,0,11200,0,0,0,6723899,6723899,2929
52792,214,677,1054,6,0,11200,0,0,0,6725717,6725717,2929
52807,214,713,1054,6,0,11200,0,0,0,6726771,6726771,2929
52822,214,758,1054,6,0,11200,0,0,0,6728133,6728133,2929
52838,214,822,1054,6,0,11200,0,0,0,6729902,6729902,2929
52853,214,882,1054,6,0,11200,0,0,0,6731298,6731298,2929
52869,214,970,1054,6,0,11200,0,0,0,6733393,6733393,2929
52884,215,1035,1054,6,0,11200,0,0,0,6735431,6735431,2929
52899,215,30,1054,6,0,11200,0,0,0,6737293,6737293,2929
52915,215,145,1054,6,0,11200,0,0,0,6740019,6740019,2929
52930,215,199,1054,6,0,11200,0,0,0,6742169,6742169,2929
52945,215,250,1054,6,0,11200,0,0,0,6744259,6744259,2929
52961,215,313,1054,6,0,11200,0,0,0,6746419,6746419,2929
52976,215,389,1054,6,0,11200,0,0,0,6748727,6748727,2929
52991,215,462,1054,6,0,11200,0,0,0,6750781,6750781,2929
53006,215,497,1054,6,0,11200,0,0,0,6751716,6751716,2929
53022,215,561,1054,6,0,11200,0,0,0,6753875,6753875,2929
53037,215,619,1054,6,0,11200,0,0,0,6755650,6755650,2929
53052,215,677,1054,6,0,11200,0,0,0,6757331,6757331,2929
53067,215,722,1054,6,0,11200,0,0,0,6758645,6758645,2929
53083,215,782,1054,6,0,11200,0,0,0,6760441,6760441,2929
53098,215,852,1054,6,0,11200,0,0,0,6762358,6762358,2929
53115,215,882,1054,6,0,11200,0,0,0,6762999,6762999,2929
53131,215,956,1054,6,0,11200,0,0,0,6764967,6764967,2929
53146,215,1024,1054,6,0,11200,0,0,0,6766834,6766834,2929
53161,216,35,1054,6,0,11200,0,0,0,6768928,6768928,2929
53177,216,151,1054,6,0,11200,0,0,0,6771349,6771349,2929
53192,216,211,1054,6,0,11200,0,0,0,6773596,6773596,2929
53207,216,263,1054,6,0,11200,0,0,0,6775696,6775696,2929
53222,216,325,1054,6,0,11200,0,0,0,6777797,6777797,2929
53237,216,399,1054,6,0,11200,0,0,0,6780088,6780088,2929
53252,216,448,1054,6,0,11200,0,0,0,6782014,6782014,2929
53270,216,497,1054,6,0,11200,0,0,0,6783256,6783256,2929
53286,216,556,1054,6,0,11200,0,0,0,6785410,6785410,2929
53301,216,607,1054,6,0,11200,0,0,0,6787212,6787212,2929
53316,216,662,1054,6,0,11200,0,0,0,6789092,6789092,2929
53332,216,726,1054,6,0,11200,0,0,0,6790951,6790951,2929
53347,216,787,1054,6,0,11200,0,0,0,6792652,6792652,2929
53362,216,869,1054,6,0,11200,0,0,0,6794693,6794693,2929
53381,216,882,1054,6,0,11200,0,0,0,6794866,6794866,2929
53397,216,959,1054,6,0,11200,0,0,0,6796874,6796874,2929
53412,216,1009,1054,6,0,11200,0,0,0,6798691,6798691,2929
53427,217,14,1054,5,0,11200,0,0,0,6800746,6800746,2929
53443,217,126,1054,5,0,11200,0,0,0,6803368,6803368,2929
53458,217,169,1054,5,0,11200,0,0,0,6805433,6805433,2929
53473,217,229,1054,5,0,11200,0,0,0,6807597,6807597,2929
53489,217,300,1054,5,0,11200,0,0,0,6810114,6810114,2929
53504,217,364,1054,5,0,11200,0,0,0,6812220,6812220,2929
53519,217,422,1054,5,0,11200,0,0,0,6814358,6814358,2929
53534,217,477,1054,5,0,11200,0,0,0,6816420,6816420,2929
53549,217,525,1054,5,0,11200,0,0,0,6818058,6818058,2929
53565,217,593,1054,5,0,11200,0,0,0,6820118,6820118,2929
53581,217,651,1054,5,0,11200,0,0,0,6821864,6821864,2929
53601,217,710,1054,5,0,11200,0,0,0,6823436,6823436,2929
53616,217,770,1054,5,0,11200,0,0,0,6825387,6825387,2929
53631,217,831,1054,5,0,11200,0,0,0,6827317,6827317,2929
53647,217,882,1054,5,0,11200,0,0,0,6828478,6828478,2929
53662,217,968,1054,5,0,11200,0,0,0,6830273,6830273,2929
53678,217,1023,1054,5,0,11200,0,0,0,6831838,6831838,2929
53693,218,26,1054,5,0,11200,0,0,0,6833796,6833796,2929
53708,218,140,1054,5,0,11200,0,0,0,6836509,6836509,2929
53724,218,200,1054,5,0,11200,0,0,0,6838705,6838705,2929
53739,218,248,1054,5,0,11200,0,0,0,6840831,6840831,2929
53754,218,309,1054,5,0,11200,0,0,0,6843217,6843217,2929
53770,218,374,1054,5,0,11200,0,0,0,6845422,6845422,2929
53785,218,440,1054,5,0,11200,0,0,0,6847305,6847305,2929
53801,218,499,1054,5,0,11200,0,0,0,6849246,6849246,2929
53816,218,548,1054,5,0,11200,0,0,0,6851200,6851200,2929
53831,218,603,1054,5,0,11200,0,0,0,6853065,6853065,2929
53847,218,675,1054,5,0,11200,0,0,0,6854906,6854906,2929
53862,218,719,1054,5,0,11200,0,0,0,6856190,6856190,2929
53878,218,776,1054,5,0,11200,0,0,0,6857922,6857922,2929
53893,218,827,1054,5,0,11200,0,0,0,6859796,6859796,2929
53908,218,882,1054,5,0,11200,0,0,0,6860956,6860956,2929
53924,218,959,1054,5,0,11200,0,0,0,6862859,6862859,2929
53939,219,1035,1054,5,0,11200,0,0,0,6864971,6864971,2929
53954,219,104,1054,5,0,11200,0,0,0,6867222,6867222,2929
53970,219,152,1054,5,0,11200,0,0,0,6869552,6869552,2929
53985,219,203,1054,5,0,11200,0,0,0,6871695,6871695,2929
54000,219,252,1054,5,0,11200,0,0,0,6873933,6873933,2929
54016,219,309,1054,5,0,11200,0,0,0,6876298,6876298,2929
54031,219,377,1054,5,0,11200,0,0,0,6878421,6878421,2929
54047,219,443,1054,5,0,11200,0,0,0,6880559,6880559,2929
54062,219,506,1054,5,0,11200,0,0,0,6882463,6882463,2929
54077,219,561,1054,5,0,11200,0,0,0,6884414,6884414,2929
54092,219,602,1054,5,0,11200,0,0,0,6885899,6885899,2929
54107,219,654,1054,5,0,11200,0,0,0,6887694,6887694,2929
54122,219,711,1054,5,0,11200,0,0,0,6889148,6889148,2929
54137,219,758,1054,5,0,11200,0,0,0,6890595,6890595,2929
54153,219,807,1054,5,0,11200,0,0,0,6892440,6892440,2929
54192,219,882,1054,5,0,11200,0,0,0,6894296,6894296,2929
54207,219,954,1054,5,0,11200,0,0,0,6896443,6896443,2929
54223,219,1027,1054,5,0,11200,0,0,0,6898397,6898397,2929
54239,220,20,1054,5,0,11200,0,0,0,6900205,6900205,2929
54254,220,120,1054,5,0,11200,0,0,0,6902630,6902630,2929
54270,220,161,1054,5,0,11200,0,0,0,6905027,6905027,2929
54285,220,225,1054,5,0,11200,0,0,0,6907387,6907387,2929
54300,220,291,1054,5,0,11200,0,0,0,6909626,6909626,2929
54315,220,368,1054,5,0,11200,0,0,0,6911810,6911810,2929
54330,220,431,1054,5,0,11200,0,0,0,6913850,6913850,2929
54345,220,491,1054,5,0,11200,0,0,0,6915571,6915571,2929
54361,220,542,1054,5,0,11200,0,0,0,6917436,6917436,2929
54376,220,610,1054,5,0,11200,0,0,0,6919464,6919464,2929
54391,220,676,1054,5,0,11200,0,0,0,6921246,6921246,2929
54407,220,722,1054,5,0,11200,0,0,0,6922883,6922883,2929
54422,220,776,1054,5,0,11200,0,0,0,6924770,6924770,2929
54437,220,823,1054,5,0,11200,0,0,0,6926670,6926670,2929
54453,220,882,1054,5,0,11200,0,0,0,6928016,6928016,2929
54468,220,988,1054,5,0,11200,0,0,0,6930229,6930229,2929
54483,221,0,1054,5,0,11200,0,0,0,6931984,6931984,2929
54499,221,112,1054,5,0,11200,0,0,0,6934546,6934546,2929
54514,221,165,1054,5,0,11200,0,0,0,6936833,6936833,2929
54529,221,232,1054,5,0,11200,0,0,0,6939130,6939130,2929
54545,221,289,1054,5,0,11200,0,0,0,6941437,6941437,2929
54560,221,353,1054,5,0,11200,0,0,0,6943437,6943437,2929
54575,221,429,1054,5,0,11200,0,0,0,6945652,6945652,2929
54591,221,476,1054,5,0,11200,0,0,0,6947206,6947206,2929
54606,221,551,1054,5,0,11200,0,0,0,6949311,6949311,2929
54621,221,597,1054,5,0,11200,0,0,0,6950940,6950940,2929
54636,221,662,1054,5,0,11200,0,0,0,6952813,6952813,2929
54654,221,710,1054,5,0,11200,0,0,0,6954403,6954403,2929
54669,221,782,1054,5,0,11200,0,0,0,6956395,6956395,2929
54685,221,840,1054,5,0,11200,0,0,0,6958502,6958502,2929
54701,221,899,1054,5,0,11200,0,0,0,6960045,6960045,2929
54716,221,962,1054,5,0,11200,0,0,0,6961911,6961911,2929
54732,221,1027,1054,5,0,11200,0,0,0,6963969,6963969,2929
54747,222,38,1054,5,0,11200,0,0,0,6966347,6966347,2929
54762,222,138,1054,5,0,11200,0,0,0,6968731,6968731,2929
54778,222,186,1054,5,0,11200,0,0,0,6970900,6970900,2929
54793,222,245,1054,5,0,11200,0,0,0,6973180,6973180,2929
54808,222,300,1054,5,0,11200,0,0,0,6975297,6975297,2929
54823,222,368,1054,5,0,11200,0,0,0,6977421,6977421,2929
54839,222,443,1054,5,0,11200,0,0,0,6979654,6979654,2929
54854,222,512,1054,5,0,11200,0,0,0,6981493,6981493,2929
54869,222,565,1054,5,0,11200,0,0,0,6983203,6983203,2929
54884,222,618,1054,5,0,11200,0,0,0,6984983,6984983,2929
54900,222,678,1054,5,0,11200,0,0,0,6986573,6986573,2929
54915,222,733,1054,5,0,11200,0,0,0,6988102,6988102,2929
54930,222,799,1054,5,0,11200,0,0,0,6989900,6989900,2929
54946,222,866,1054,5,0,11200,0,0,0,6991875,6991875,2929
54962,222,950,1054,5,0,11200,0,0,0,6993515,6993515,2929
54978,222,1023,1054,5,0,11200,0,0,0,6995478,6995478,2929
54993,223,24,1054,5,0,11200,0,0,0,6997520,6997520,2929
55009,223,145,1054,5,0,11200,0,0,0,6999908,6999908,2929
55024,223,188,1054,5,0,11200,0,0,0,7001992,7001992,2929
55039,223,232,1054,5,0,11200,0,0,0,7004225,7004225,2929
55055,223,291,1054,5,0,11200,0,0,0,7006617,7006617,2929
55070,223,360,1054,5,0,11200,0,0,0,7008773,7008773,2929
55086,223,418,1054,5,0,11200,0,0,0,7010986,7010986,2929
55105,223,473,1054,5,0,11200,0,0,0,7012579,7012579,2929
55120,223,511,1054,5,0,11200,0,0,0,7013793,7013793,2929
55135,223,573,1054,5,0,11200,0,0,0,7015773,7015773,2929
55151,223,618,1054,5,0,11200,0,0,0,7017631,7017631,2929
55166,223,676,1054,5,0,11200,0,0,0,7019436,7019436,2929
55181,223,732,1054,5,0,11200,0,0,0,7021111,7021111,2929
55197,223,786,1054,5,0,11200,0,0,0,7022894,7022894,2929
55212,223,846,1054,5,0,11200,0,0,0,7024902,7024902,2929
55242,223,882,1054,5,0,11200,0,0,0,7025741,7025741,2929
55258,223,962,1054,5,0,11200,0,0,0,7027748,7027748,2929
55273,224,1035,1054,5,0,11200,0,0,0,7029714,7029714,2929
55288,224,27,1054,5,0,11200,0,0,0,7031859,7031859,2929
55303,224,125,1054,5,0,11200,0,0,0,7034313,7034313,2929
55318,224,184,1054,5,0,11200,0,0,0,7036459,7036459,2929
55334,224,229,1054,5,0,11200,0,0,0,7038622,7038622,2929
55349,224,297,1054,5,0,11200,0,0,0,7040953,7040953,2929
55364,224,371,1054,5,0,11200,0,0,0,7043137,7043137,2929
55379,224,445,1054,5,0,11200,0,0,0,7045276,7045276,2929
55394,224,502,1054,5,0,11200,0,0,0,7047069,7047069,2929
55409,224,556,1054,5,0,11200,0,0,0,7049110,7049110,2929
55425,224,610,1054,5,0,11200,0,0,0,7051080,7051080,2929
55440,224,676,1054,5,0,11200,0,0,0,7053112,7053112,2929
55455,224,719,1054,5,0,11200,0,0,0,7054647,7054647,2929
55470,224,775,1054,5,0,11200,0,0,0,7056373,7056373,2929
55485,224,851,1054,5,0,11200,0,0,0,7058406,7058406,2929
55501,224,883,1054,5,0,11200,0,0,0,7059385,7059385,2929
55517,224,972,1054,5,0,11200,0,0,0,7061491,7061491,2929
55532,225,1046,1054,5,0,11200,0,0,0,7063532,7063532,2929
55548,225,104,1054,5,0,11200,0,0,0,7065895,7065895,2929
55563,225,147,1054,5,0,11200,0,0,0,7068285,7068285,2929
55578,225,204,1054,5,0,11200,0,0,0,7070680,7070680,2929
55593,225,255,1054,5,0,11200,0,0,0,7072667,7072667,2929
55608,225,325,1054,5,0,11200,0,0,0,7074909,7074909,2929
55623,225,391,1054,5,0,11200,0,0,0,7077128,7077128,2929
55639,225,460,1054,5,0,11200,0,0,0,7079316,7079316,2929
55654,225,506,1054,5,0,11200,0,0,0,7080704,7080704,2929
55669,225,568,1054,5,0,11200,0,0,0,7082672,7082672,2929
55685,225,618,1054,5,0,11200,0,0,0,7084593,7084593,2929
55700,225,691,1054,5,0,11200,0,0,0,7086530,7086530,2929
55715,225,747,1054,5,0,11200,0,0,0,7087990,7087990,2929
55730,225,794,1054,5,0,11200,0,0,0,7089848,7089848,2929
55746,225,854,1054,5,0,11200,0,0,0,7091790,7091790,2929
55773,225,882,1054,5,0,11200,0,0,0,7092481,7092481,2929
55788,225,954,1054,5,0,11200,0,0,0,7094465,7094465,2929
55803,225,1020,1054,5,0,11200,0,0,0,7096460,7096460,2929
55819,226,13,1055,5,0,11200,0,0,0,7098119,7098119,2929
55834,226,117,1055,5,0,11200,0,0,0,7100475,7100475,2929
55849,226,180,1055,5,0,11200,0,0,0,7103025,7103025,2929
55864,226,237,1055,5,0,11200,0,0,0,7105171,7105171,2929
55879,226,297,1055,5,0,11200,0,0,0,7107440,7107440,2929
55894,226,346,1055,5,0,11200,0,0,0,7109405,7109405,2929
55909,226,417,1055,5,0,11200,0,0,0,7111657,7111657,2929
55925,226,467,1055,5,0,11200,0,0,0,7113710,7113710,2929
55941,226,538,1055,5,0,11200,0,0,0,7116006,7116006,2929
55956,226,598,1055,5,0,11200,0,0,0,7117937,7117937,2929
55971,226,654,1055,5,0,11200,0,0,0,7119777,7119777,2929
55987,226,703,1055,5,0,11200,0,0,0,7121350,7121350,2929
56002,226,747,1055,5,0,11200,0,0,0,7122944,7122944,2929
56017,226,822,1055,5,0,11200,0,0,0,7125045,7125045,2929
56040,226,882,1055,5,0,11200,0,0,0,7126481,7126481,2929
56055,226,952,1055,5,0,11200,0,0,0,7128467,7128467,2929
56070,227,1035,1055,5,0,11200,0,0,0,7130595,7130595,2929
56085,227,52,1055,4,0,11200,0,0,0,7132707,7132707,2929
56100,227,142,1055,4,0,11200,0,0,0,7135183,7135183,2929
56116,227,188,1055,4,0,11200,0,0,0,7137353,7137353,2929
56131,227,239,1055,4,0,11200,0,0,0,7139599,7139599,2929
56146,227,301,1055,4,0,11200,0,0,0,7142004,7142004,2929
56162,227,371,1056,5,0,11200,0,0,0,7144198,7144198,2929
56177,227,433,1056,5,0,11200,0,0,0,7146288,7146288,2929
56193,227,490,1056,5,0,11200,0,0,0,7148053,7148053,2929
56208,227,538,1056,5,0,11200,0,0,0,7150042,7150042,2929
56224,227,594,1056,5,0,11200,0,0,0,7151952,7151952,2929
56239,227,651,1056,5,0,11200,0,0,0,7153846,7153846,2929
56254,227,697,1056,5,0,11200,0,0,0,7155396,7155396,2929
56269,227,746,1056,5,0,11200,0,0,0,7156940,7156940,2929
56284,227,807,1056,5,0,11200,0,0,0,7158781,7158781,2929
56300,227,853,1056,5,0,11200,0,0,0,7160576,7160576,2929
56317,227,882,1056,5,0,11200,0,0,0,7161271,7161271,2929
56332,227,971,1056,5,0,11200,0,0,0,7163366,7163366,2929
56348,228,1048,1056,5,0,11200,0,0,0,7165295,7165295,2929
56363,228,105,1056,4,0,11200,0,0,0,7167624,7167624,2929
56378,228,157,1056,4,0,11200,0,0,0,7170115,7170115,2929
56394,228,223,1056,4,0,11200,0,0,0,7172347,7172347,2929
56409,228,277,1056,4,0,11200,0,0,0,7174479,7174479,2929
56425,228,355,1056,4,0,11200,0,0,0,7176781,7176781,2929
56440,228,431,1056,4,0,11200,0,0,0,7178993,7178993,2929
56457,228,490,1056,4,0,11200,0,0,0,7181137,7181137,2929
56472,228,541,1056,4,0,11200,0,0,0,7183293,7183293,2929
56487,228,594,1056,4,0,11200,0,0,0,7185114,7185114,2929
56503,228,645,1056,4,0,11200,0,0,0,7186537,7186537,2929
56518,228,700,1056,4,0,11200,0,0,0,7188307,7188307,2929
56533,228,741,1056,4,0,11200,0,0,0,7189507,7189507,2929
56548,228,798,1056,4,0,11200,0,0,0,7191342,7191342,2929
56563,228,861,1056,4,0,11200,0,0,0,7193148,7193148,2929
56578,228,885,1056,4,0,11200,0,0,0,7193525,7193525,2929
56594,228,962,1056,4,0,11200,0,0,0,7195629,7195629,2929
56609,229,1052,1056,4,0,11200,0,0,0,7197622,7197622,2929
56624,229,94,1056,4,0,11200,0,0,0,7199898,7199898,2929
56640,229,147,1056,4,0,11200,0,0,0,7202525,7202525,2929
56655,229,212,1056,4,0,11200,0,0,0,7204968,7204968,2929
56670,229,263,1056,4,0,11200,0,0,0,7207115,7207115,2929
56685,229,336,1056,4,0,11200,0,0,0,7209464,7209464,2929
56701,229,394,1056,4,0,11200,0,0,0,7211675,7211675,2929
56716,229,466,1056,4,0,11200,0,0,0,7213826,7213826,2929
56732,229,525,1056,4,0,11200,0,0,0,7215708,7215708,2929
56748,229,594,1056,4,0,11200,0,0,0,7217528,7217528,2929
56763,229,666,1056,4,0,11200,0,0,0,7219472,7219472,2929
56779,229,723,1056,4,0,11200,0,0,0,7221033,7221033,2929
56794,229,778,1056,4,0,11200,0,0,0,7222913,7222913,2929
56809,229,853,1056,4,0,11200,0,0,0,7224787,7224787,2929
56825,229,904,1056,4,0,11200,0,0,0,7225668,7225668,2929
56840,229,984,1056,4,0,11200,0,0,0,7227702,7227702,2929
56856,230,2,1056,3,0,11200,0,0,0,7229701,7229701,2929
56871,230,107,1056,3,0,11200,0,0,0,7232139,7232139,2929
56886,230,160,1056,3,0,11200,0,0,0,7234548,7234548,2929
56901,230,215,1056,3,0,11200,0,0,0,7236676,7236676,2929
56917,230,265,1056,3,0,11200,0,0,0,7239043,7239043,2929
56932,230,329,1056,3,0,11200,0,0,0,7241041,7241041,2929
56947,230,408,1056,3,0,11200,0,0,0,7243300,7243300,2929
56965,230,473,1056,3,0,11200,0,0,0,7245318,7245318,2929
56981,230,538,1056,3,0,11200,0,0,0,7247321,7247321,2929
56997,230,601,1056,3,0,11200,0,0,0,7249328,7249328,2929
57013,230,664,1056,3,0,11200,0,0,0,7251177,7251177,2929
57028,230,710,1056,3,0,11200,0,0,0,7252700,7252700,2929
57043,230,765,1056,3,0,11200,0,0,0,7254625,7254625,2929
57059,230,822,1056,3,0,11200,0,0,0,7256636,7256636,2929
57094,230,882,1056,3,0,11200,0,0,0,7258074,7258074,2929
57109,230,967,1056,3,0,11200,0,0,0,7260070,7260070,2929
57124,230,1028,1057,4,0,11200,0,0,0,7262020,7262020,2930
57139,231,26,1057,3,0,11200,0,0,0,7264035,7264035,2930
57154,231,141,1057,3,0,11200,0,0,0,7266740,7266740,2930
57169,231,198,1057,3,0,11200,0,0,0,7268945,7268945,2930
57185,231,247,1057,3,0,11200,0,0,0,7271191,7271191,2930
57200,231,304,1057,3,0,11200,0,0,0,7273416,7273416,2930
57215,231,376,1057,3,0,11200,0,0,0,7275724,7275724,2930
57230,231,448,1057,3,0,11200,0,0,0,7277828,7277828,2930
57245,231,510,1057,3,0,11200,0,0,0,7279601,7279601,2930
57260,231,568,1057,3,0,11200,0,0,0,7281593,7281593,2930
57277,231,602,1057,3,0,11200,0,0,0,7283236,7283236,2930
57292,231,676,1057,3,0,11200,0,0,0,7285059,7285059,2930
57310,231,710,1057,3,0,11200,0,0,0,7286402,7286402,2930
57326,231,771,1057,3,0,11200,0,0,0,7288267,7288267,2930
57341,231,818,1057,3,0,11200,0,0,0,7289893,7289893,2930
57356,231,882,1057,3,0,11200,0,0,0,7291069,7291069,2930
57371,231,984,1057,3,0,11200,0,0,0,7293110,7293110,2930
57386,232,1052,1057,3,0,11200,0,0,0,7294850,7294850,2930
57402,232,88,1057,3,0,11200,0,0,0,7297027,7297027,2930
57417,232,147,1057,3,0,11200,0,0,0,7299455,7299455,2930
57432,232,215,1057,3,0,11200,0,0,0,7301919,7301919,2930
57447,232,264,1057,3,0,11200,0,0,0,7303993,7303993,2930
57462,232,326,1057,3,0,11200,0,0,0,7306161,7306161,2930
57480,232,396,1057,3,0,11200,0,0,0,7308329,7308329,2930
57495,232,462,1057,3,0,11200,0,0,0,7310424,7310424,2930
57510,232,503,1057,3,0,11200,0,0,0,7311537,7311537,2930
57525,232,565,1057,3,0,11200,0,0,0,7313524,7313524,2930
57541,232,619,1057,3,0,11200,0,0,0,7315394,7315394,2930
57556,232,683,1057,3,0,11200,0,0,0,7317111,7317111,2930
57571,232,712,1057,3,0,11200,0,0,0,7318055,7318055,2930
57586,232,774,1057,3,0,11200,0,0,0,7319787,7319787,2930
57602,232,823,1057,3,0,11200,0,0,0,7321690,7321690,2930
57636,232,882,1057,3,0,11200,0,0,0,7322891,7322891,2930
57651,232,962,1057,3,0,11200,0,0,0,7324829,7324829,2930
57666,233,1048,1057,3,0,11200,0,0,0,7326737,7326737,2930
57682,233,105,1057,3,0,11200,0,0,0,7329048,7329048,2930
57697,233,150,1057,3,0,11200,0,0,0,7331438,7331438,2930
57713,233,211,1057,3,0,11200,0,0,0,7333768,7333768,2930
57728,233,256,1057,3,0,11200,0,0,0,7336104,7336104,2930
57743,233,317,1057,3,0,11200,0,0,0,7338366,7338366,2930
57758,233,383,1057,3,0,11200,0,0,0,7340499,7340499,2930
57774,233,451,1057,3,0,11200,0,0,0,7342677,7342677,2930
57789,233,516,1057,3,0,11200,0,0,0,7344624,7344624,2930
57805,233,585,1057,3,0,11200,0,0,0,7346785,7346785,2930
57820,233,644,1057,3,0,11200,0,0,0,7348485,7348485,2930
57836,233,702,1057,3,0,11200,0,0,0,7350183,7350183,2930
57851,233,753,1057,3,0,11200,0,0,0,7351445,7351445,2930
57866,233,813,1057,3,0,11200,0,0,0,7353301,7353301,2930
57882,233,869,1057,3,0,11200,0,0,0,7355137,7355137,2930
57897,233,884,1057,3,0,11200,0,0,0,7355336,7355336,2930
57912,233,962,1057,3,0,11200,0,0,0,7357359,7357359,2930
57928,234,1035,1057,3,0,11200,0,0,0,7359581,7359581,2930
57943,234,43,1057,3,0,11200,0,0,0,7361754,7361754,2930
57958,234,136,1057,3,0,11200,0,0,0,7364105,7364105,2930
57974,234,194,1057,3,0,11200,0,0,0,7366380,7366380,2930
57989,234,241,1057,3,0,11200,0,0,0,7368340,7368340,2930
58004,234,300,1057,3,0,11200,0,0,0,7370558,7370558,2930
58019,234,366,1057,3,0,11200,0,0,0,7372751,7372751,2930
58034,234,424,1057,3,0,11200,0,0,0,7374867,7374867,2930
58050,234,488,1057,3,0,11200,0,0,0,7376938,7376938,2930
58065,234,531,1057,3,0,11200,0,0,0,7378688,7378688,2930
58081,234,588,1057,3,0,11200,0,0,0,7380628,7380628,2930
58096,234,645,1057,3,0,11200,0,0,0,7382274,7382274,2930
58112,234,697,1057,3,0,11200,0,0,0,7383946,7383946,2930
58127,234,747,1057,3,0,11200,0,0,0,7385412,7385412,2930
58142,234,814,1057,3,0,11200,0,0,0,7387373,7387373,2930
58165,234,882,1057,3,0,11200,0,0,0,7389139,7389139,2930
58180,234,954,1057,3,0,11200,0,0,0,7391254,7391254,2930
58195,234,1028,1057,3,0,11200,0,0,0,7393271,7393271,2930
58210,235,15,1057,3,0,11200,0,0,0,7395173,7395173,2930
58225,235,125,1057,3,0,11200,0,0,0,7397527,7397527,2930
58240,235,180,1057,3,0,11200,0,0,0,7399618,7399618,2930
58256,235,226,1057,3,0,11200,0,0,0,7401883,7401883,2930
58272,235,275,1057,3,0,11200,0,0,0,7404294,7404294,2930
58287,235,357,1057,3,0,11200,0,0,0,7406640,7406640,2930
58302,235,418,1057,3,0,11200,0,0,0,7408860,7408860,2930
58317,235,488,1057,3,0,11200,0,0,0,7410764,7410764,2930
58332,235,548,1057,3,0,11200,0,0,0,7412701,7412701,2930
58348,235,601,1057,3,0,11200,0,0,0,7414496,7414496,2930
58363,235,651,1057,3,0,11200,0,0,0,7416006,7416006,2930
58378,235,700,1057,3,0,11200,0,0,0,7417583,7417583,2930
58394,235,738,1057,3,0,11200,0,0,0,7418480,7418480,2930
58409,235,800,1057,3,0,11200,0,0,0,7420399,7420399,2930
58425,235,855,1057,3,0,11200,0,0,0,7422377,7422377,2930
58440,235,912,1057,3,0,11200,0,0,0,7423455,7423455,2930
58456,235,996,1057,3,0,11200,0,0,0,7425485,7425485,2930
58472,236,8,1057,2,0,11200,0,0,0,7427542,7427542,2930
58487,236,115,1057,2,0,11200,0,0,0,7429901,7429901,2930
58502,236,160,1057,2,0,11200,0,0,0,7432348,7432348,2930
58518,236,215,1057,2,0,11200,0,0,0,7434367,7434367,2930
58533,236,265,1057,2,0,11200,0,0,0,7436595,7436595,2930
58549,236,325,1057,2,0,11200,0,0,0,7439022,7439022,2930
58565,236,388,1057,2,0,11200,0,0,0,7441350,7441350,2930
58580,236,444,1057,2,0,11200,0,0,0,7443305,7443305,2930
58595,236,511,1057,2,0,11200,0,0,0,7445069,7445069,2930
58610,236,575,1057,2,0,11200,0,0,0,7447178,7447178,2930
58625,236,631,1057,2,0,11200,0,0,0,7448756,7448756,2930
58641,236,690,1057,2,0,11200,0,0,0,7450373,7450373,2930
58656,236,726,1057,2,0,11200,0,0,0,7451462,7451462,2930
58671,236,778,1057,2,0,11200,0,0,0,7453126,7453126,2930
58687,236,832,1057,2,0,11200,0,0,0,7455247,7455247,2930
58718,236,882,1057,2,0,11200,0,0,0,7456624,7456624,2930
58733,236,959,1057,2,0,11200,0,0,0,7458676,7458676,2930
58749,237,1042,1057,2,0,11200,0,0,0,7460714,7460714,2930
58764,237,101,1057,2,0,11200,0,0,0,7463070,7463070,2930
58779,237,149,1057,2,0,11200,0,0,0,7465358,7465358,2930
58795,237,199,1057,2,0,11200,0,0,0,7467604,7467604,2930
58810,237,234,1057,2,0,11200,0,0,0,7469732,7469732,2930
58825,237,301,1057,2,0,11200,0,0,0,7471896,7471896,2930
58840,237,366,1057,2,0,11200,0,0,0,7474039,7474039,2930
58855,237,431,1057,2,0,11200,0,0,0,7475936,7475936,2930
58871,237,493,1057,2,0,11200,0,0,0,7477926,7477926,2930
58886,237,551,1057,2,0,11200,0,0,0,7479809,7479809,2930
58901,237,601,1057,2,0,11200,0,0,0,7481564,7481564,2930
58916,237,670,1057,2,0,11200,0,0,0,7483379,7483379,2930
58931,237,732,1057,2,0,11200,0,0,0,7485133,7485133,2930
58947,237,801,1057,2,0,11200,0,0,0,7486863,7486863,2930
58964,237,882,1057,2,0,11200,0,0,0,7488852,7488852,2930
58979,237,952,1057,2,0,11200,0,0,0,7490877,7490877,2930
58995,237,1004,1057,2,0,11200,0,0,0,7492768,7492768,2930
59010,238,11,1057,2,0,11200,0,0,0,7494722,7494722,2930
59025,238,119,1057,2,0,11200,0,0,0,7497304,7497304,2930
59040,238,186,1057,2,0,11200,0,0,0,7499735,7499735,2930
59056,238,237,1057,2,0,11200,0,0,0,7501814,7501814,2930
59071,238,291,1057,2,0,11200,0,0,0,7504023,7504023,2930
59087,238,355,1057,2,0,11200,0,0,0,7506037,7506037,2930
59102,238,434,1057,2,0,11200,0,0,0,7508179,7508179,2930
59117,238,490,1057,2,0,11200,0,0,0,7510016,7510016,2930
59133,238,548,1057,2,0,11200,0,0,0,7511898,7511898,2930
59148,238,602,1057,2,0,11200,0,0,0,7513571,7513571,2930
59163,238,675,1057,2,0,11200,0,0,0,7515432,7515432,2930
59180,238,719,1057,2,0,11200,0,0,0,7516902,7516902,2930
59195,238,778,1057,2,0,11200,0,0,0,7518818,7518818,2930
59210,238,851,1057,2,0,11200,0,0,0,7520692,7520692,2930
59225,238,911,1057,2,0,11200,0,0,0,7522344,7522344,2930
59241,238,984,1057,2,0,11200,0,0,0,7524395,7524395,2930
59257,239,1053,1057,1,0,11200,0,0,0,7526228,7526228,2930
59272,239,104,1057,1,0,11200,0,0,0,7528808,7528808,2930
59287,239,146,1057,1,0,11200,0,0,0,7531172,7531172,2930
59302,239,209,1057,1,0,11200,0,0,0,7533518,7533518,2930
59317,239,250,1057,1,0,11200,0,0,0,7535728,7535728,2930
59333,239,321,1057,1,0,11200,0,0,0,7538065,7538065,2930
59349,239,380,1057,1,0,11200,0,0,0,7540124,7540124,2930
59364,239,454,1058,2,0,11200,0,0,0,7542067,7542067,2930
59379,239,509,1058,2,0,11200,0,0,0,7543626,7543626,2930
59395,239,575,1058,2,0,11200,0,0,0,7545602,7545602,2930
59410,239,630,1058,2,0,11200,0,0,0,7547347,7547347,2930
59425,239,681,1058,2,0,11200,0,0,0,7548951,7548951,2930
59441,239,712,1058,2,0,11200,0,0,0,7549724,7549724,2930
59456,239,775,1058,2,0,11200,0,0,0,7551407,7551407,2930
59473,239,840,1058,2,0,11200,0,0,0,7553463,7553463,2930
59493,239,882,1058,2,0,11200,0,0,0,7554467,7554467,2930
59508,239,987,1058,2,0,11200,0,0,0,7556662,7556662,2930
59524,240,3,1058,2,0,11200,0,0,0,7558569,7558569,2930
59539,240,110,1058,2,0,11200,0,0,0,7561169,7561169,2930
59554,240,160,1058,2,0,11200,0,0,0,7563797,7563797,2930
59569,240,215,1058,2,0,11200,0,0,0,7566076,7566076,2930
59584,240,269,1058,2,0,11200,0,0,0,7568245,7568245,2930
59599,240,329,1058,2,0,11200,0,0,0,7570377,7570377,2930
59614,240,383,1058,2,0,11200,0,0,0,7572524,7572524,2930
59629,240,446,1058,2,0,11200,0,0,0,7574541,7574541,2930
59645,240,497,1058,2,0,11200,0,0,0,7576053,7576053,2930
59661,240,562,1058,2,0,11200,0,0,0,7578038,7578038,2930
59676,240,601,1058,2,0,11200,0,0,0,7579795,7579795,2930
59691,240,662,1058,2,0,11200,0,0,0,7581639,7581639,2930
59708,240,719,1058,2,0,11200,0,0,0,7583089,7583089,2930
59723,240,776,1058,2,0,11200,0,0,0,7584810,7584810,2930
59738,240,851,1058,2,0,11200,0,0,0,7586675,7586675,2930
59771,240,882,1058,2,0,11200,0,0,0,7587516,7587516,2930
59786,240,983,1058,2,0,11200,0,0,0,7589629,7589629,2930
59802,241,1,1059,3,0,11200,0,0,0,7591681,7591681,2930
59817,241,111,1059,3,0,11200,0,0,0,7594174,7594174,2930
59832,241,159,1059,3,0,11200,0,0,0,7596627,7596627,2930
59847,241,218,1059,3,0,11200,0,0,0,7598804,7598804,2930
59862,241,257,1059,3,0,11200,0,0,0,7600786,7600786,2930
59878,241,311,1059,3,0,11200,0,0,0,7603044,7603044,2930
59893,241,376,1059,3,0,11200,0,0,0,7605258,7605258,2930
59908,241,456,1059,3,0,11200,0,0,0,7607223,7607223,2930
59924,241,521,1059,3,0,11200,0,0,0,7608936,7608936,2930
59939,241,568,1059,3,0,11200,0,0,0,7610790,7610790,2930
59955,241,615,1059,3,0,11200,0,0,0,7612261,7612261,2930
59970,241,675,1059,3,0,11200,0,0,0,7613890,7613890,2930
59985,241,753,1059,3,0,11200,0,0,0,7615662,7615662,2930
60000,241,817,1059,3,0,11200,0,0,0,7617566,7617566,2930
60032,241,882,1059,3,0,11200,0,0,0,7619419,7619419,2930
60049,241,969,1059,3,0,11200,0,0,0,7621536,7621536,2930
60065,242,1053,1059,3,0,11200,0,0,0,7623539,7623539,2930
60080,242,108,1059,3,0,11200,0,0,0,7626041,7626041,2930
60095,242,155,1059,3,0,11200,0,0,0,7628443,7628443,2930
60110,242,223,1059,3,0,11200,0,0,0,7630739,7630739,2930
60126,242,267,1059,3,0,11200,0,0,0,7632927,7632927,2930
60141,242,325,1059,3,0,11200,0,0,0,7635036,7635036,2930
60157,242,404,1059,3,0,11200,0,0,0,7637256,7637256,2930
60172,242,451,1059,3,0,11200,0,0,0,7639035,7639035,2930
60187,242,503,1059,3,0,11200,0,0,0,7640412,7640412,2930
60202,242,563,1059,3,0,11200,0,0,0,7642508,7642508,2930
60218,242,604,1059,3,0,11200,0,0,0,7644242,7644242,2930
60234,242,664,1059,3,0,11200,0,0,0,7646185,7646185,2930
60249,242,722,1059,3,0,11200,0,0,0,7647608,7647608,2930
60264,242,765,1059,3,0,11200,0,0,0,7649321,7649321,2930
60280,242,828,1059,3,0,11200,0,0,0,7651445,7651445,2930
60310,242,882,1059,3,0,11200,0,0,0,7652727,7652727,2930
60326,242,959,1059,3,0,11200,0,0,0,7654794,7654794,2930
60341,243,1056,1059,3,0,11200,0,0,0,7656789,7656789,2930
60357,243,110,1059,3,0,11200,0,0,0,7659234,7659234,2930
60372,243,152,1059,3,0,11200,0,0,0,7661581,7661581,2930
60387,243,220,1059,3,0,11200,0,0,0,7663934,7663934,2930
60403,243,269,1059,3,0,11200,0,0,0,7666203,7666203,2930
60419,243,328,1059,3,0,11200,0,0,0,7668238,7668238,2930
60434,243,411,1059,3,0,11200,0,0,0,7670381,7670381,2930
60450,243,473,1059,3,0,11200,0,0,0,7672276,7672276,2930
60465,243,537,1059,3,0,11200,0,0,0,7674091,7674091,2930
60481,243,586,1059,3,0,11200,0,0,0,7675928,7675928,2930
60496,243,644,1059,3,0,11200,0,0,0,7677589,7677589,2930
60512,243,700,1059,3,0,11200,0,0,0,7679279,7679279,2930
60527,243,775,1059,3,0,11200,0,0,0,7680950,7680950,2930
60542,243,837,1059,3,0,11200,0,0,0,7682995,7682995,2930
60558,243,899,1059,3,0,11200,0,0,0,7684729,7684729,2930
60573,243,984,1059,3,0,11200,0,0,0,7686925,7686925,2930
60588,244,1059,1060,3,0,11200,0,0,0,7688899,7688899,2930
60603,244,121,1060,3,0,11200,0,0,0,7691409,7691409,2930
60619,244,167,1060,3,0,11200,0,0,0,7693832,7693832,2930
60634,244,232,1060,3,0,11200,0,0,0,7696087,7696087,2930
60649,244,289,1060,3,0,11200,0,0,0,7698337,7698337,2930
60664,244,346,1060,3,0,11200,0,0,0,7700345,7700345,2930
60679,244,424,1060,3,0,11200,0,0,0,7702396,7702396,2930
60695,244,473,1060,3,0,11200,0,0,0,7703945,7703945,2930
60711,244,542,1060,3,0,11200,0,0,0,7705918,7705918,2930
60726,244,596,1060,3,0,11200,0,0,0,7707670,7707670,2930
60741,244,667,1060,3,0,11200,0,0,0,7709426,7709426,2930
60759,244,710,1060,3,0,11200,0,0,0,7710656,7710656,2930
60774,244,774,1060,3,0,11200,0,0,0,7712445,7712445,2930
60789,244,832,1060,3,0,11200,0,0,0,7714359,7714359,2930
60819,244,882,1060,3,0,11200,0,0,0,7715505,7715505,2930
60834,244,954,1060,3,0,11200,0,0,0,7717354,7717354,2930
60849,244,1028,1060,3,0,11200,0,0,0,7719276,7719276,2930
60864,245,26,1060,3,0,11200,0,0,0,7721535,7721535,2930
60880,245,144,1060,3,0,11200,0,0,0,7724186,7724186,2930
60895,245,210,1060,3,0,11200,0,0,0,7726639,7726639,2930
60910,245,256,1060,3,0,11200,0,0,0,7728712,7728712,2930
60925,245,328,1060,3,0,11200,0,0,0,7730948,7730948,2930
60941,245,398,1060,3,0,11200,0,0,0,7733235,7733235,2930
60956,245,445,1060,3,0,11200,0,0,0,7735085,7735085,2930
60972,245,490,1060,3,0,11200,0,0,0,7736450,7736450,2930
60987,245,535,1060,3,0,11200,0,0,0,7738636,7738636,2930
61002,245,586,1060,3,0,11200,0,0,0,7740586,7740586,2930
61018,245,631,1060,3,0,11200,0,0,0,7742321,7742321,2930
61034,245,690,1060,3,0,11200,0,0,0,7744141,7744141,2930
61049,245,732,1060,3,0,11200,0,0,0,7745400,7745400,2930
61064,245,798,1060,3,0,11200,0,0,0,7747443,7747443,2930
61079,245,856,1060,3,0,11200,0,0,0,7749379,7749379,2930
61095,245,928,1060,3,0,11200,0,0,0,7751299,7751299,2930
61111,245,996,1060,3,0,11200,0,0,0,7753253,7753253,2930
61126,246,1,1060,3,0,11200,0,0,0,7754937,7754937,2930
61141,246,112,1060,3,0,11200,0,0,0,7757605,7757605,2930
61156,246,161,1060,3,0,11200,0,0,0,7759917,7759917,2930
61172,246,223,1060,3,0,11200,0,0,0,7762181,7762181,2930
61187,246,275,1060,3,0,11200,0,0,0,7764448,7764448,2930
61203,246,341,1060,3,0,11200,0,0,0,7766713,7766713,2930
61218,246,407,1060,3,0,11200,0,0,0,7768837,7768837,2930
61237,246,473,1060,3,0,11200,0,0,0,7770808,7770808,2930
61252,246,523,1060,3,0,11200,0,0,0,7772408,7772408,2930
61268,246,581,1060,3,0,11200,0,0,0,7774398,7774398,2930
61283,246,636,1060,3,0,11200,0,0,0,7776056,7776056,2930
61299,246,704,1060,3,0,11200,0,0,0,7777869,7777869,2930
61314,246,733,1060,3,0,11200,0,0,0,7778861,7778861,2930
61329,246,798,1060,3,0,11200,0,0,0,7780698,7780698,2930
61345,246,854,1060,3,0,11200,0,0,0,7782617,7782617,2930
61370,246,882,1060,3,0,11200,0,0,0,7783091,7783091,2930
61385,246,971,1060,3,0,11200,0,0,0,7785350,7785350,2930
61401,247,1035,1060,3,0,11200,0,0,0,7787255,7787255,2930
61416,247,26,1060,3,0,11200,0,0,0,7788879,7788879,2930
61431,247,126,1060,3,0,11200,0,0,0,7791376,7791376,2930
61446,247,182,1060,3,0,11200,0,0,0,7793550,7793550,2930
61462,247,232,1060,3,0,11200,0,0,0,7795696,7795696,2930
61477,247,292,1060,3,0,11200,0,0,0,7797889,7797889,2930
61493,247,357,1060,3,0,11200,0,0,0,7800104,7800104,2930
61508,247,417,1060,3,0,11200,0,0,0,7802157,7802157,2930
61523,247,474,1060,3,0,11200,0,0,0,7803799,7803799,2930
61539,247,523,1060,3,0,11200,0,0,0,7805444,7805444,2930
61554,247,589,1060,3,0,11200,0,0,0,7807498,7807498,2930
61569,247,643,1060,3,0,11200,0,0,0,7809291,7809291,2930
61584,247,699,1060,3,0,11200,0,0,0,7811147,7811147,2930
61599,247,723,1060,3,0,11200,0,0,0,7812147,7812147,2930
61615,247,787,1060,3,0,11200,0,0,0,7813869,7813869,2930
61632,247,853,1060,3,0,11200,0,0,0,7815875,7815875,2930
61647,247,932,1060,3,0,11200,0,0,0,7817788,7817788,2930
61662,247,1009,1060,3,0,11200,0,0,0,7819721,7819721,2930
61677,248,9,1060,3,0,11200,0,0,0,7821711,7821711,2930
61692,248,114,1060,3,0,11200,0,0,0,7824105,7824105,2930
61707,248,161,1060,3,0,11200,0,0,0,7826319,7826319,2930
61723,248,215,1060,3,0,11200,0,0,0,7828442,7828442,2930
61738,248,257,1060,3,0,11200,0,0,0,7830716,7830716,2930
61753,248,330,1060,3,0,11200,0,0,0,7832968,7832968,2930
61769,248,405,1060,3,0,11200,0,0,0,7835210,7835210,2930
61785,248,473,1060,3,0,11200,0,0,0,7837342,7837342,2930
61800,248,530,1060,3,0,11200,0,0,0,7839394,7839394,2930
61816,248,594,1060,3,0,11200,0,0,0,7841246,7841246,2930
61831,248,651,1060,3,0,11200,0,0,0,7842998,7842998,2930
61847,248,705,1060,3,0,11200,0,0,0,7844841,7844841,2930
61862,248,748,1060,3,0,11200,0,0,0,7846319,7846319,2930
61877,248,822,1060,3,0,11200,0,0,0,7848439,7848439,2930
61901,248,882,1060,3,0,11200,0,0,0,7849942,7849942,2930
61916,248,971,1060,3,0,11200,0,0,0,7852008,7852008,2930
61931,248,1029,1060,3,0,11200,0,0,0,7853815,7853815,2930
61946,249,26,1060,2,0,11200,0,0,0,7856048,7856048,2930
61962,249,137,1060,2,0,11200,0,0,0,7858534,7858534,2930
61977,249,174,1060,2,0,11200,0,0,0,7860557,7860557,2930
61992,249,228,1060,2,0,11200,0,0,0,7862749,7862749,2930
62008,249,290,1060,2,0,11200,0,0,0,7865048,7865048,2930
62023,249,374,1060,2,0,11200,0,0,0,7867362,7867362,2930
62038,249,451,1060,2,0,11200,0,0,0,7869416,7869416,2930
62054,249,525,1060,2,0,11200,0,0,0,7871510,7871510,2930
62069,249,586,1060,2,0,11200,0,0,0,7873280,7873280,2930
62084,249,658,1060,2,0,11200,0,0,0,7875015,7875015,2930
62099,249,716,1060,2,0,11200,0,0,0,7876704,7876704,2930
62114,249,775,1060,2,0,11200,0,0,0,7878518,7878518,2930
62130,249,853,1060,2,0,11200,0,0,0,7880593,7880593,2930
62145,249,893,1060,2,0,11200,0,0,0,7881490,7881490,2930
62161,249,970,1060,2,0,11200,0,0,0,7883516,7883516,2930
62176,250,1046,1060,2,0,11200,0,0,0,7885503,7885503,2930
62192,250,107,1060,2,0,11200,0,0,0,7888130,7888130,2930
62207,250,149,1060,2,0,11200,0,0,0,7890549,7890549,2930
62222,250,200,1060,2,0,11200,0,0,0,7892592,7892592,2930
62237,250,238,1060,2,0,11200,0,0,0,7894681,7894681,2930
62253,250,289,1060,2,0,11200,0,0,0,7896943,7896943,2930
62268,250,353,1060,2,0,11200,0,0,0,7899058,7899058,2930
62283,250,405,1060,2,0,11200,0,0,0,7901003,7901003,2930
62298,250,474,1060,2,0,11200,0,0,0,7903109,7903109,2930
62314,250,542,1060,2,0,11200,0,0,0,7904878,7904878,2930
62329,250,594,1060,2,0,11200,0,0,0,7906697,7906697,2930
62344,250,653,1060,2,0,11200,0,0,0,7908386,7908386,2930
62361,250,710,1060,2,0,11200,0,0,0,7910166,7910166,2930
62376,250,763,1060,2,0,11200,0,0,0,7911833,7911833,2930
62392,250,839,1060,2,0,11200,0,0,0,7913816,7913816,2930
62416,250,882,1060,2,0,11200,0,0,0,7915102,7915102,2930
62431,250,957,1060,2,0,11200,0,0,0,7917132,7917132,2930
62447,251,1052,1060,2,0,11200,0,0,0,7919028,7919028,2930
62462,251,43,1060,2,0,11200,0,0,0,7920842,7920842,2930
62477,251,151,1060,2,0,11200,0,0,0,7923242,7923242,2930
62493,251,210,1060,2,0,11200,0,0,0,7925729,7925729,2930
62508,251,246,1060,2,0,11200,0,0,0,7927617,7927617,2930
62523,251,304,1060,2,0,11200,0,0,0,7929875,7929875,2930
62538,251,374,1060,2,0,11200,0,0,0,7932031,7932031,2930
62554,251,446,1060,2,0,11200,0,0,0,7934334,7934334,2930
62569,251,506,1060,2,0,11200,0,0,0,7935890,7935890,2930
62584,251,571,1061,3,0,11200,0,0,0,7937953,7937953,2930
62599,251,623,1061,3,0,11200,0,0,0,7939770,7939770,2930
62614,251,689,1061,3,0,11200,0,0,0,7941375,7941375,2930
62629,251,758,1061,3,0,11200,0,0,0,7943034,7943034,2930
62645,251,821,1061,3,0,11200,0,0,0,7945082,7945082,2930
62672,251,882,1061,3,0,11200,0,0,0,7946652,7946652,2930
62687,251,956,1061,3,0,11200,0,0,0,7948693,7948693,2930
62703,251,1023,1061,3,0,11200,0,0,0,7950692,7950692,2930
62718,252,21,1061,3,0,11200,0,0,0,7952928,7952928,2930
62733,252,137,1061,3,0,11200,0,0,0,7955304,7955304,2930
62748,252,180,1061,3,0,11200,0,0,0,7957540,7957540,2930
62763,252,226,1061,3,0,11200,0,0,0,7959688,7959688,2930
62779,252,278,1061,3,0,11200,0,0,0,7962034,7962034,2930
62794,252,341,1061,3,0,11200,0,0,0,7964189,7964189,2930
62809,252,423,1061,3,0,11200,0,0,0,7966497,7966497,2930
62824,252,493,1061,3,0,11200,0,0,0,7968646,7968646,2930
62839,252,555,1061,3,0,11200,0,0,0,7970538,7970538,2930
62854,252,602,1061,3,0,11200,0,0,0,7972254,7972254,2930
62870,252,675,1061,3,0,11200,0,0,0,7974161,7974161,2930
62886,252,712,1061,3,0,11200,0,0,0,7975548,7975548,2930
62901,252,756,1061,3,0,11200,0,0,0,7976781,7976781,2930
62916,252,802,1061,3,0,11200,0,0,0,7978602,7978602,2930
62932,252,866,1061,3,0,11200,0,0,0,7980546,7980546,2930
62947,252,959,1061,3,0,11200,0,0,0,7982404,7982404,2930
62962,252,1016,1061,3,0,11200,0,0,0,7984279,7984279,2930
62977,253,22,1061,3,0,11200,0,0,0,7986312,7986312,2930
62992,253,141,1061,3,0,11200,0,0,0,7988974,7988974,2930
63008,253,195,1061,3,0,11200,0,0,0,7991172,7991172,2930
63023,253,251,1061,3,0,11200,0,0,0,7993439,7993439,2930
63038,253,309,1061,3,0,11200,0,0,0,7995499,7995499,2930
63053,253,378,1061,3,0,11200,0,0,0,7997727,7997727,2930
63068,253,448,1061,3,0,11200,0,0,0,7999862,7999862,2930
63083,253,509,1061,3,0,11200,0,0,0,8001258,8001258,2930
63098,253,555,1061,3,0,11200,0,0,0,8003188,8003188,2930
63114,253,602,1061,3,0,11200,0,0,0,8004858,8004858,2930
63129,253,654,1061,3,0,11200,0,0,0,8006590,8006590,2930
63144,253,712,1061,3,0,11200,0,0,0,8008113,8008113,2930
63159,253,769,1061,3,0,11200,0,0,0,8009812,8009812,2930
63174,253,827,1061,3,0,11200,0,0,0,8011540,8011540,2930
63200,253,882,1061,3,0,11200,0,0,0,8012654,8012654,2930
63216,253,966,1061,3,0,11200,0,0,0,8014760,8014760,2930
63231,253,1029,1061,3,0,11200,0,0,0,8016700,8016700,2930
63247,254,13,1061,2,0,11200,0,0,0,8018513,8018513,2930
63262,254,126,1061,2,0,11200,0,0,0,8021105,8021105,2930
63277,254,187,1061,2,0,11200,0,0,0,8023528,8023528,2930
63293,254,241,1061,2,0,11200,0,0,0,8025822,8025822,2930
63308,254,307,1061,2,0,11200,0,0,0,8027962,8027962,2930
63323,254,374,1061,2,0,11200,0,0,0,8030240,8030240,2930
63338,254,435,1061,2,0,11200,0,0,0,8032406,8032406,2930
63353,254,508,1061,2,0,11200,0,0,0,8034483,8034483,2930
63368,254,563,1061,2,0,11200,0,0,0,8036351,8036351,2930
63383,254,596,1061,2,0,11200,0,0,0,8037909,8037909,2930
63399,254,658,1061,2,0,11200,0,0,0,8039874,8039874,2930
63416,254,700,1061,2,0,11200,0,0,0,8041170,8041170,2930
63431,254,754,1061,2,0,11200,0,0,0,8042824,8042824,2930
63446,254,822,1061,2,0,11200,0,0,0,8044698,8044698,2930
63480,254,882,1061,2,0,11200,0,0,0,8045923,8045923,2930
63495,254,966,1061,2,0,11200,0,0,0,8048107,8048107,2930
63511,255,1042,1061,2,0,11200,0,0,0,8050036,8050036,2930
63526,255,31,1061,2,0,11200,0,0,0,8052189,8052189,2930
63541,255,139,1061,2,0,11200,0,0,0,8054820,8054820,2930
63556,255,210,1061,2,0,11200,0,0,0,8057206,8057206,2930
63572,255,260,1061,2,0,11200,0,0,0,8059535,8059535,2930
63587,255,326,1061,2,0,11200,0,0,0,8061734,8061734,2930
63602,255,391,1061,2,0,11200,0,0,0,8064094,8064094,2930
63618,255,441,1061,2,0,11200,0,0,0,8065975,8065975,2930
63635,255,490,1061,2,0,11200,0,0,0,8067652,8067652,2930
63650,255,538,1061,2,0,11200,0,0,0,8069472,8069472,2930
63666,255,597,1061,2,0,11200,0,0,0,8071383,8071383,2930
63681,255,660,1061,2,0,11200,0,0,0,8073167,8073167,2930
63700,255,710,1062,3,0,11200,0,0,0,8074961,8074961,2930
63715,255,771,1062,3,0,11200,0,0,0,8076612,8076612,2930
63731,255,838,1062,3,0,11200,0,0,0,8078815,8078815,2930
63755,255,882,1062,3,0,11200,0,0,0,8079706,8079706,2930
63771,255,962,1062,3,0,11200,0,0,0,8081544,8081544,2930
63786,255,1029,1062,3,0,11200,0,0,0,8083580,8083580,2930
63801,256,23,1062,3,0,11200,0,0,0,8085494,8085494,2930
63817,256,141,1062,3,0,11200,0,0,0,8088047,8088047,2930
63832,256,199,1062,3,0,11200,0,0,0,8090348,8090348,2930
63847,256,263,1062,3,0,11200,0,0,0,8092596,8092596,2930
63862,256,336,1062,3,0,11200,0,0,0,8094720,8094720,2930
63878,256,405,1062,3,0,11200,0,0,0,8096833,8096833,2930
63893,256,491,1062,3,0,11200,0,0,0,8099087,8099087,2930
63908,256,531,1062,3,0,11200,0,0,0,8100844,8100844,2930
63923,256,588,1062,3,0,11200,0,0,0,8102585,8102585,2930
63939,256,636,1062,3,0,11200,0,0,0,8104431,8104431,2930
63955,256,685,1062,3,0,11200,0,0,0,8106037,8106037,2930
63970,256,733,1062,3,0,11200,0,0,0,8107454,8107454,2930
63985,256,812,1062,3,0,11200,0,0,0,8109274,8109274,2930
64000,256,869,1062,3,0,11200,0,0,0,8111117,8111117,2930
64016,256,926,1062,3,0,11200,0,0,0,8112333,8112333,2930
64032,256,990,1062,3,0,11200,0,0,0,8114359,8114359,2930
64047,257,1059,1062,3,0,11200,0,0,0,8116067,8116067,2930
64063,257,107,1062,2,0,11200,0,0,0,8118804,8118804,2930
64078,257,152,1062,2,0,11200,0,0,0,8121258,8121258,2930
64093,257,211,1062,2,0,11200,0,0,0,8123538,8123538,2930
64108,257,257,1062,2,0,11200,0,0,0,8125610,8125610,2930
64123,257,306,1062,2,0,11200,0,0,0,8127671,8127671,2930
64139,257,360,1062,2,0,11200,0,0,0,8129732,8129732,2930
64154,257,422,1062,2,0,11200,0,0,0,8131774,8131774,2930
64169,257,474,1062,2,0,11200,0,0,0,8133909,8133909,2930
64184,257,515,1062,2,0,11200,0,0,0,8135441,8135441,2930
64199,257,569,1062,2,0,11200,0,0,0,8137400,8137400,2930
64215,257,615,1062,2,0,11200,0,0,0,8139101,8139101,2930
64230,257,664,1062,2,0,11200,0,0,0,8140780,8140780,2930
64246,257,710,1062,2,0,11200,0,0,0,8142114,8142114,2930
64262,257,763,1062,2,0,11200,0,0,0,8143794,8143794,2930
64277,257,829,1062,2,0,11200,0,0,0,8145786,8145786,2930
64293,257,882,1062,2,0,11200,0,0,0,8147057,8147057,2930
64309,257,966,1062,2,0,11200,0,0,0,8149256,8149256,2930
64324,258,1034,1062,2,0,11200,0,0,0,8151198,8151198,2930
64339,258,30,1062,2,0,11200,0,0,0,8153755,8153755,2930
64355,258,140,1062,2,0,11200,0,0,0,8156242,8156242,2930
64370,258,188,1062,2,0,11200,0,0,0,8158505,8158505,2930
64385,258,248,1062,2,0,11200,0,0,0,8160755,8160755,2930
64401,258,305,1062,2,0,11200,0,0,0,8163041,8163041,2930
64416,258,364,1062,2,0,11200,0,0,0,8165029,8165029,2930
64431,258,431,1062,2,0,11200,0,0,0,8167196,8167196,2930
64450,258,490,1062,2,0,11200,0,0,0,8169083,8169083,2930
64465,258,553,1062,2,0,11200,0,0,0,8171106,8171106,2930
64481,258,600,1062,2,0,11200,0,0,0,8172855,8172855,2930
64497,258,675,1062,2,0,11200,0,0,0,8174574,8174574,2930
64512,258,722,1062,2,0,11200,0,0,0,8176116,8176116,2930
64528,258,774,1062,2,0,11200,0,0,0,8177710,8177710,2930
64543,258,851,1062,2,0,11200,0,0,0,8179731,8179731,2930
64558,258,932,1062,2,0,11200,0,0,0,8181578,8181578,2930
64574,258,1023,1062,2,0,11200,0,0,0,8183761,8183761,2930
64589,259,19,1062,2,0,11200,0,0,0,8185667,8185667,2930
64604,259,124,1062,2,0,11200,0,0,0,8188316,8188316,2930
64620,259,180,1062,2,0,11200,0,0,0,8190626,8190626,2930
64635,259,232,1062,2,0,11200,0,0,0,8192790,8192790,2930
64651,259,282,1062,2,0,11200,0,0,0,8195091,8195091,2930
64666,259,346,1062,2,0,11200,0,0,0,8197190,8197190,2930
64681,259,417,1062,2,0,11200,0,0,0,8199467,8199467,2930
64698,259,473,1062,2,0,11200,0,0,0,8201214,8201214,2930
64713,259,521,1062,2,0,11200,0,0,0,8203056,8203056,2930
64729,259,580,1062,2,0,11200,0,0,0,8204971,8204971,2930
64744,259,628,1062,2,0,11200,0,0,0,8206599,8206599,2930
64759,259,696,1062,2,0,11200,0,0,0,8208346,8208346,2930
64774,259,723,1062,2,0,11200,0,0,0,8209147,8209147,2930
64789,259,774,1062,2,0,11200,0,0,0,8210828,8210828,2930
64804,259,832,1062,2,0,11200,0,0,0,8212848,8212848,2930
64822,259,882,1062,2,0,11200,0,0,0,8213597,8213597,2930
64837,259,956,1062,2,0,11200,0,0,0,8215778,8215778,2930
64852,259,1026,1062,2,0,11200,0,0,0,8217721,8217721,2930
64868,260,16,1062,2,0,11200,0,0,0,8219716,8219716,2930
64883,260,119,1062,2,0,11200,0,0,0,8222178,8222178,2930
64898,260,159,1062,2,0,11200,0,0,0,8224539,8224539,2930
64913,260,214,1062,2,0,11200,0,0,0,8226851,8226851,2930
64929,260,265,1062,2,0,11200,0,0,0,8229047,8229047,2930
64945,260,325,1062,2,0,11200,0,0,0,8231140,8231140,2930
64960,260,383,1062,2,0,11200,0,0,0,8233248,8233248,2930
64975,260,451,1062,2,0,11200,0,0,0,8235517,8235517,2930
64991,260,503,1062,2,0,11200,0,0,0,8237044,8237044,2930
65006,260,562,1062,2,0,11200,0,0,0,8239149,8239149,2930
65022,260,623,1062,2,0,11200,0,0,0,8241070,8241070,2930
65037,260,678,1062,2,0,11200,0,0,0,8242474,8242474,2930
65052,260,730,1062,2,0,11200,0,0,0,8243813,8243813,2930
65068,260,794,1062,2,0,11200,0,0,0,8245667,8245667,2930
65083,260,866,1062,2,0,11200,0,0,0,8247917,8247917,2930
65099,260,923,1062,2,0,11200,0,0,0,8248914,8248914,2930
65114,260,1006,1062,2,0,11200,0,0,0,8250906,8250906,2930
65129,261,8,1062,2,0,11200,0,0,0,8252748,8252748,2930
65144,261,115,1062,2,0,11200,0,0,0,8255216,8255216,2930
65160,261,166,1062,2,0,11200,0,0,0,8257690,8257690,2930
65175,261,216,1062,2,0,11200,0,0,0,8259868,8259868,2930
65191,261,269,1062,2,0,11200,0,0,0,8262108,8262108,2930
65206,261,326,1062,2,0,11200,0,0,0,8264120,8264120,2930
65221,261,399,1062,2,0,11200,0,0,0,8266273,8266273,2930
65236,261,455,1062,2,0,11200,0,0,0,8268539,8268539,2930
65251,261,492,1062,2,0,11200,0,0,0,8269601,8269601,2930
65267,261,542,1062,2,0,11200,0,0,0,8271762,8271762,2930
65282,261,596,1062,2,0,11200,0,0,0,8273596,8273596,2930
65298,261,654,1062,2,0,11200,0,0,0,8275453,8275453,2930
65313,261,725,1062,2,0,11200,0,0,0,8277402,8277402,2930
65328,261,776,1062,2,0,11200,0,0,0,8279247,8279247,2930
65343,261,837,1062,2,0,11200,0,0,0,8281092,8281092,2930
65363,261,882,1062,2,0,11200,0,0,0,8282103,8282103,2930
65379,261,950,1062,2,0,11200,0,0,0,8284177,8284177,2930
65394,261,1027,1063,3,0,11200,0,0,0,8286253,8286253,2931
65409,262,25,1063,2,0,11200,0,0,0,8288380,8288380,2931
65425,262,129,1063,2,0,11200,0,0,0,8290846,8290846,2931
65440,262,169,1063,2,0,11200,0,0,0,8292930,8292930,2931
65455,262,221,1063,2,0,11200,0,0,0,8295141,8295141,2931
65470,262,276,1063,2,0,11200,0,0,0,8297314,8297314,2931
65486,262,344,1063,2,0,11200,0,0,0,8299405,8299405,2931
65501,262,394,1063,2,0,11200,0,0,0,8301449,8301449,2931
65516,262,455,1063,2,0,11200,0,0,0,8303525,8303525,2931
65532,262,515,1063,2,0,11200,0,0,0,8305346,8305346,2931
65547,262,580,1063,2,0,11200,0,0,0,8307574,8307574,2931
65563,262,631,1063,2,0,11200,0,0,0,8309432,8309432,2931
65578,262,696,1063,2,0,11200,0,0,0,8311070,8311070,2931
65593,262,710,1063,2,0,11200,0,0,0,8311809,8311809,2931
65608,262,774,1063,2,0,11200,0,0,0,8313669,8313669,2931
65623,262,823,1063,2,0,11200,0,0,0,8315563,8315563,2931
65660,262,882,1063,2,0,11200,0,0,0,8317154,8317154,2931
65675,262,959,1063,2,0,11200,0,0,0,8319142,8319142,2931
65691,262,1030,1063,2,0,11200,0,0,0,8321085,8321085,2931
65706,263,17,1063,2,0,11200,0,0,0,8323158,8323158,2931
65721,263,125,1063,2,0,11200,0,0,0,8325538,8325538,2931
65736,263,167,1063,2,0,11200,0,0,0,8327762,8327762,2931
65751,263,222,1063,2,0,11200,0,0,0,8329742,8329742,2931
65766,263,267,1063,2,0,11200,0,0,0,8331939,8331939,2931
65782,263,347,1063,2,0,11200,0,0,0,8334095,8334095,2931
65797,263,418,1063,2,0,11200,0,0,0,8336376,8336376,2931
65813,263,489,1063,2,0,11200,0,0,0,8338494,8338494,2931
65828,263,551,1063,2,0,11200,0,0,0,8340658,8340658,2931
65843,263,603,1063,2,0,11200,0,0,0,8342514,8342514,2931
65858,263,662,1063,2,0,11200,0,0,0,8344315,8344315,2931
65874,263,707,1063,2,0,11200,0,0,0,8345728,8345728,2931
65889,263,756,1063,2,0,11200,0,0,0,8347373,8347373,2931
65904,263,819,1063,2,0,11200,0,0,0,8349210,8349210,2931
65926,263,882,1063,2,0,11200,0,0,0,8350794,8350794,2931
65942,263,972,1063,2,0,11200,0,0,0,8352815,8352815,2931
65959,264,1053,1063,2,0,11200,0,0,0,8354696,8354696,2931
65975,264,103,1063,2,0,11200,0,0,0,8357143,8357143,2931
65990,264,146,1063,2,0,11200,0,0,0,8359777,8359777,2931
66005,264,203,1063,2,0,11200,0,0,0,8362160,8362160,2931
66021,264,247,1063,2,0,11200,0,0,0,8364189,8364189,2931
66036,264,306,1063,2,0,11200,0,0,0,8366344,8366344,2931
66052,264,375,1063,2,0,11200,0,0,0,8368553,8368553,2931
66067,264,440,1063,2,0,11200,0,0,0,8370616,8370616,2931
66082,264,492,1063,2,0,11200,0,0,0,8372373,8372373,2931
66097,264,551,1063,2,0,11200,0,0,0,8374658,8374658,2931
66113,264,601,1063,2,0,11200,0,0,0,8376472,8376472,2931
66130,264,678,1063,2,0,11200,0,0,0,8378513,8378513,2931
66145,264,746,1063,2,0,11200,0,0,0,8380502,8380502,2931
66160,264,802,1063,2,0,11200,0,0,0,8382233,8382233,2931
66175,264,863,1063,2,0,11200,0,0,0,8384298,8384298,2931
66191,264,882,1063,2,0,11200,0,0,0,8384674,8384674,2931
66206,264,959,1063,2,0,11200,0,0,0,8386517,8386517,2931
66221,264,1029,1063,2,0,11200,0,0,0,8388455,8388455,2931
66236,265,28,1063,2,0,11200,0,0,0,8390730,8390730,2931
66252,265,131,1063,2,0,11200,0,0,0,8393377,8393377,2931
66267,265,166,1063,2,0,11200,0,0,0,8395430,8395430,2931
66282,265,226,1063,2,0,11200,0,0,0,8397713,8397713,2931
66298,265,283,1063,2,0,11200,0,0,0,8399924,8399924,2931
66313,265,336,1063,2,0,11200,0,0,0,8401814,8401814,2931
66330,265,396,1063,2,0,11200,0,0,0,8404108,8404108,2931
66346,265,477,1063,2,0,11200,0,0,0,8406356,8406356,2931
66361,265,520,1063,2,0,11200,0,0,0,8407469,8407469,2931
66376,265,583,1063,2,0,11200,0,0,0,8409404,8409404,2931
66392,265,644,1063,2,0,11200,0,0,0,8411321,8411321,2931
66407,265,699,1063,2,0,11200,0,0,0,8412874,8412874,2931
66423,265,757,1063,2,0,11200,0,0,0,8414414,8414414,2931
66438,265,813,1063,2,0,11200,0,0,0,8416336,8416336,2931
66469,265,882,1063,2,0,11200,0,0,0,8418159,8418159,2931
66484,265,972,1063,2,0,11200,0,0,0,8420226,8420226,2931
66499,266,1035,1063,2,0,11200,0,0,0,8422129,8422129,2931
66515,266,25,1063,2,0,11200,0,0,0,8423939,8423939,2931
66530,266,139,1063,2,0,11200,0,0,0,8426371,8426371,2931
66545,266,187,1063,2,0,11200,0,0,0,8428431,8428431,2931
66560,266,237,1063,2,0,11200,0,0,0,8430474,8430474,2931
66575,266,306,1063,2,0,11200,0,0,0,8432773,8432773,2931
66591,266,376,1063,2,0,11200,0,0,0,8435170,8435170,2931
66606,266,436,1063,2,0,11200,0,0,0,8437343,8437343,2931
66621,266,497,1063,2,0,11200,0,0,0,8439143,8439143,2931
66636,266,556,1063,2,0,11200,0,0,0,8441383,8441383,2931
66651,266,613,1063,2,0,11200,0,0,0,8443087,8443087,2931
66666,266,690,1063,2,0,11200,0,0,0,8444951,8444951,2931
66683,266,719,1063,2,0,11200,0,0,0,8446362,8446362,2931
66698,266,758,1063,2,0,11200,0,0,0,8447575,8447575,2931
66713,266,822,1063,2,0,11200,0,0,0,8449470,8449470,2931
66735,266,882,1063,2,0,11200,0,0,0,8451076,8451076,2931
66750,266,942,1063,2,0,11200,0,0,0,8453139,8453139,2931
66765,266,1016,1063,2,0,11200,0,0,0,8454864,8454864,2931
66780,267,1056,1063,2,0,11200,0,0,0,8456002,8456002,2931
66796,267,113,1063,2,0,11200,0,0,0,8458622,8458622,2931
66811,267,160,1063,2,0,11200,0,0,0,8461051,8461051,2931
66826,267,222,1063,2,0,11200,0,0,0,8463256,8463256,2931
66842,267,265,1063,2,0,11200,0,0,0,8465358,8465358,2931
66857,267,328,1063,2,0,11200,0,0,0,8467532,8467532,2931
66872,267,389,1063,2,0,11200,0,0,0,8469776,8469776,2931
66887,267,456,1063,2,0,11200,0,0,0,8471988,8471988,2931
66903,267,528,1063,2,0,11200,0,0,0,8474118,8474118,2931
66919,267,593,1063,2,0,11200,0,0,0,8476201,8476201,2931
66934,267,645,1063,2,0,11200,0,0,0,8477949,8477949,2931
66950,267,700,1063,2,0,11200,0,0,0,8479457,8479457,2931
66966,267,748,1063,2,0,11200,0,0,0,8480880,8480880,2931
66981,267,815,1063,2,0,11200,0,0,0,8482865,8482865,2931
67020,267,882,1063,2,0,11200,0,0,0,8484672,8484672,2931
67035,267,932,1063,2,0,11200,0,0,0,8486546,8486546,2931
67050,267,991,1063,2,0,11200,0,0,0,8488430,8488430,2931
67065,268,1054,1063,2,0,11200,0,0,0,8489975,8489975,2931
67080,268,105,1063,2,0,11200,0,0,0,8492496,8492496,2931
67096,268,151,1063,2,0,11200,0,0,0,8495110,8495110,2931
67111,268,209,1063,2,0,11200,0,0,0,8497456,8497456,2931
67126,268,266,1063,2,0,11200,0,0,0,8499530,8499530,2931
67142,268,321,1063,2,0,11200,0,0,0,8501752,8501752,2931
67157,268,380,1063,2,0,11200,0,0,0,8504029,8504029,2931
67172,268,460,1063,2,0,11200,0,0,0,8506215,8506215,2931
67187,268,522,1063,2,0,11200,0,0,0,8508080,8508080,2931
67203,268,589,1063,2,0,11200,0,0,0,8510183,8510183,2931
67219,268,636,1063,2,0,11200,0,0,0,8511796,8511796,2931
67234,268,690,1063,2,0,11200,0,0,0,8513547,8513547,2931
67249,268,733,1063,2,0,11200,0,0,0,8515036,8515036,2931
67265,268,795,1063,2,0,11200,0,0,0,8516953,8516953,2931
67281,268,866,1063,2,0,11200,0,0,0,8518904,8518904,2931
67296,268,890,1063,2,0,11200,0,0,0,8519375,8519375,2931
67311,268,966,1063,2,0,11200,0,0,0,8521215,8521215,2931
67326,268,1034,1063,1,0,11200,0,0,0,8523096,8523096,2931
67342,269,26,1063,1,0,11200,0,0,0,8525158,8525158,2931
67357,269,142,1063,1,0,11200,0,0,0,8527812,8527812,2931
67373,269,205,1063,1,0,11200,0,0,0,8530172,8530172,2931
67388,269,252,1063,1,0,11200,0,0,0,8532283,8532283,2931
67403,269,314,1063,1,0,11200,0,0,0,8534471,8534471,2931
67418,269,382,1063,1,0,11200,0,0,0,8536605,8536605,2931
67433,269,456,1063,1,0,11200,0,0,0,8538635,8538635,2931
67449,269,511,1063,1,0,11200,0,0,0,8539970,8539970,2931
67464,269,581,1063,1,0,11200,0,0,0,8542028,8542028,2931
67479,269,645,1063,1,0,11200,0,0,0,8543925,8543925,2931
67495,269,696,1063,1,0,11200,0,0,0,8545646,8545646,2931
67510,269,732,1063,1,0,11200,0,0,0,8546629,8546629,2931
67526,269,789,1063,1,0,11200,0,0,0,8548426,8548426,2931
67541,269,832,1063,1,0,11200,0,0,0,8550350,8550350,2931
67556,269,882,1063,1,0,11200,0,0,0,8551582,8551582,2931
67572,269,979,1063,1,0,11200,0,0,0,8553773,8553773,2931
67587,269,1028,1063,1,0,11200,0,0,0,8555468,8555468,2931
67603,270,25,1063,1,0,11200,0,0,0,8557838,8557838,2931
67618,270,137,1063,1,0,11200,0,0,0,8560529,8560529,2931
67634,270,195,1063,1,0,11200,0,0,0,8563052,8563052,2931
67649,270,244,1063,1,0,11200,0,0,0,8565239,8565239,2931
67664,270,300,1063,1,0,11200,0,0,0,8567441,8567441,2931
67679,270,358,1063,1,0,11200,0,0,0,8569580,8569580,2931
67694,270,429,1063,1,0,11200,0,0,0,8571684,8571684,2931
67709,270,489,1063,1,0,11200,0,0,0,8573625,8573625,2931
67724,270,530,1063,1,0,11200,0,0,0,8574744,8574744,2931
67740,270,603,1063,1,0,11200,0,0,0,8576729,8576729,2931
67755,270,664,1063,1,0,11200,0,0,0,8578448,8578448,2931
67773,270,710,1063,1,0,11200,0,0,0,8579949,8579949,2931
67788,270,776,1063,1,0,11200,0,0,0,8581775,8581775,2931
67803,270,848,1063,1,0,11200,0,0,0,8583667,8583667,2931
67819,270,883,1063,1,0,11200,0,0,0,8584459,8584459,2931
67834,270,949,1063,1,0,11200,0,0,0,8586288,8586288,2931
67849,270,1023,1063,1,0,11200,0,0,0,8588135,8588135,2931
67864,271,22,1063,1,0,11200,0,0,0,8590162,8590162,2931
67880,271,138,1063,1,0,11200,0,0,0,8592707,8592707,2931
67895,271,187,1063,1,0,11200,0,0,0,8595021,8595021,2931
67910,271,234,1063,1,0,11200,0,0,0,8597282,8597282,2931
67925,271,289,1063,1,0,11200,0,0,0,8599649,8599649,2931
67940,271,355,1063,1,0,11200,0,0,0,8601858,8601858,2931
67955,271,422,1063,1,0,11200,0,0,0,8604009,8604009,2931
67973,271,490,1063,1,0,11200,0,0,0,8606158,8606158,2931
67988,271,525,1063,1,0,11200,0,0,0,8607853,8607853,2931
68004,271,583,1063,1,0,11200,0,0,0,8609889,8609889,2931
68019,271,636,1063,1,0,11200,0,0,0,8611662,8611662,2931
68034,271,690,1063,1,0,11200,0,0,0,8613439,8613439,2931
68050,271,748,1063,1,0,11200,0,0,0,8614872,8614872,2931
68065,271,828,1063,1,0,11200,0,0,0,8616842,8616842,2931
68080,271,890,1063,1,0,11200,0,0,0,8618436,8618436,2931
68095,271,962,1063,1,0,11200,0,0,0,8620461,8620461,2931
68110,271,1023,1063,1,0,11200,0,0,0,8622225,8622225,2931
68125,272,16,1063,1,0,11200,0,0,0,8624425,8624425,2931
68141,272,119,1063,1,0,11200,0,0,0,8626960,8626960,2931
68156,272,166,1063,1,0,11200,0,0,0,8629287,8629287,2931
68171,272,230,1063,1,0,11200,0,0,0,8631698,8631698,2931
68187,272,292,1063,1,0,11200,0,0,0,8633995,8633995,2931
68202,272,354,1063,1,0,11200,0,0,0,8636147,8636147,2931
68217,272,422,1063,1,0,11200,0,0,0,8638247,8638247,2931
68233,272,490,1063,1,0,11200,0,0,0,8640266,8640266,2931
68249,272,550,1063,1,0,11200,0,0,0,8642307,8642307,2931
68265,272,596,1063,1,0,11200,0,0,0,8644007,8644007,2931
68280,272,653,1063,1,0,11200,0,0,0,8645695,8645695,2931
68295,272,709,1063,1,0,11200,0,0,0,8647325,8647325,2931
68310,272,750,1063,1,0,11200,0,0,0,8648616,8648616,2931
68325,272,822,1063,1,0,11200,0,0,0,8650426,8650426,2931
68370,272,882,1063,1,0,11200,0,0,0,8651506,8651506,2931
68386,272,959,1063,1,0,11200,0,0,0,8653522,8653522,2931
68401,272,1023,1063,1,0,11200,0,0,0,8655575,8655575,2931
68416,273,4,1064,2,0,11200,0,0,0,8657018,8657018,2931
68432,273,108,1064,2,0,11200,0,0,0,8659653,8659653,2931
68447,273,154,1064,2,0,11200,0,0,0,8662103,8662103,2931
68462,273,203,1064,2,0,11200,0,0,0,8664287,8664287,2931
68478,273,252,1064,2,0,11200,0,0,0,8666477,8666477,2931
68493,273,307,1064,2,0,11200,0,0,0,8668686,8668686,2931
68509,273,375,1064,2,0,11200,0,0,0,8670931,8670931,2931
68524,273,458,1064,2,0,11200,0,0,0,8673188,8673188,2931
68540,273,516,1064,2,0,11200,0,0,0,8675063,8675063,2931
68555,273,573,1064,2,0,11200,0,0,0,8676902,8676902,2931
68570,273,649,1064,2,0,11200,0,0,0,8678767,8678767,2931
68586,273,697,1064,2,0,11200,0,0,0,8680405,8680405,2931
68602,273,748,1064,2,0,11200,0,0,0,8682169,8682169,2931
68617,273,799,1064,2,0,11200,0,0,0,8684032,8684032,2931
68636,273,882,1064,2,0,11200,0,0,0,8685670,8685670,2931
68651,273,982,1064,2,0,11200,0,0,0,8687803,8687803,2931
68667,273,1030,1064,2,0,11200,0,0,0,8689257,8689257,2931
68682,274,97,1064,2,0,11200,0,0,0,8691698,8691698,2931
68697,274,147,1064,2,0,11200,0,0,0,8694168,8694168,2931
68713,274,220,1064,2,0,11200,0,0,0,8696648,8696648,2931
68728,274,275,1064,2,0,11200,0,0,0,8698964,8698964,2931
68744,274,348,1064,2,0,11200,0,0,0,8701047,8701047,2931
68760,274,437,1064,2,0,11200,0,0,0,8703258,8703258,2931
68775,274,503,1064,2,0,11200,0,0,0,8705348,8705348,2931
68791,274,561,1064,2,0,11200,0,0,0,8707372,8707372,2931
68807,274,607,1064,2,0,11200,0,0,0,8709061,8709061,2931
68822,274,696,1064,2,0,11200,0,0,0,8711126,8711126,2931
68837,274,747,1064,2,0,11200,0,0,0,8712446,8712446,2931
68852,274,799,1064,2,0,11200,0,0,0,8714307,8714307,2931
68867,274,866,1064,2,0,11200,0,0,0,8716270,8716270,2931
68883,274,892,1064,2,0,11200,0,0,0,8716878,8716878,2931
68898,274,982,1064,2,0,11200,0,0,0,8719100,8719100,2931
68914,274,1030,1064,2,0,11200,0,0,0,8720762,8720762,2931
68929,275,26,1064,2,0,11200,0,0,0,8722867,8722867,2931
68944,275,132,1064,2,0,11200,0,0,0,8725308,8725308,2931
68959,275,179,1064,2,0,11200,0,0,0,8727504,8727504,2931
68975,275,231,1064,2,0,11200,0,0,0,8729712,8729712,2931
68990,275,292,1064,2,0,11200,0,0,0,8732048,8732048,2931
69005,275,366,1064,2,0,11200,0,0,0,8734351,8734351,2931
69021,275,430,1064,2,0,11200,0,0,0,8736483,8736483,2931
69036,275,477,1064,2,0,11200,0,0,0,8738485,8738485,2931
69051,275,542,1064,2,0,11200,0,0,0,8740298,8740298,2931
69066,275,596,1064,2,0,11200,0,0,0,8741951,8741951,2931
69082,275,651,1064,2,0,11200,0,0,0,8743509,8743509,2931
69097,275,707,1064,2,0,11200,0,0,0,8745315,8745315,2931
69113,275,746,1064,2,0,11200,0,0,0,8746773,8746773,2931
69128,275,819,1064,2,0,11200,0,0,0,8748821,8748821,2931
69144,275,894,1064,2,0,11200,0,0,0,8750619,8750619,2931
69159,275,989,1064,2,0,11200,0,0,0,8752770,8752770,2931
69176,276,1053,1064,2,0,11200,0,0,0,8754647,8754647,2931
69191,276,107,1064,2,0,11200,0,0,0,8757185,8757185,2931
69206,276,152,1064,2,0,11200,0,0,0,8759510,8759510,2931
69221,276,210,1064,2,0,11200,0,0,0,8761799,8761799,2931
69236,276,257,1064,2,0,11200,0,0,0,8763910,8763910,2931
69252,276,317,1064,2,0,11200,0,0,0,8766031,8766031,2931
69267,276,383,1064,2,0,11200,0,0,0,8768184,8768184,2931
69282,276,460,1064,2,0,11200,0,0,0,8770266,8770266,2931
69298,276,506,1064,2,0,11200,0,0,0,8771382,8771382,2931
69313,276,567,1064,2,0,11200,0,0,0,8773507,8773507,2931
69328,276,631,1064,2,0,11200,0,0,0,8775266,8775266,2931
69343,276,690,1064,2,0,11200,0,0,0,8776968,8776968,2931
69359,276,754,1064,2,0,11200,0,0,0,8778530,8778530,2931
69374,276,818,1064,2,0,11200,0,0,0,8780467,8780467,2931
69393,276,882,1064,2,0,11200,0,0,0,8782070,8782070,2931
69409,276,959,1065,3,0,11200,0,0,0,8784014,8784014,2934
69424,276,1028,1065,3,0,11200,0,0,0,8786019,8786019,2934
69439,277,17,1066,3,0,11200,0,0,0,8787808,8787808,2934
69454,277,132,1066,3,0,11200,0,0,0,8790400,8790400,2934
69469,277,187,1066,3,0,11200,0,0,0,8792732,8792732,2934
69485,277,237,1066,3,0,11200,0,0,0,8794850,8794850,2934
69500,277,292,1066,3,0,11200,0,0,0,8797223,8797223,2934
69515,277,348,1066,3,0,11200,0,0,0,8799338,8799338,2934
69531,277,411,1066,3,0,11200,0,0,0,8801493,8801493,2934
69546,277,470,1066,3,0,11200,0,0,0,8803375,8803375,2934
69562,277,538,1066,3,0,11200,0,0,0,8805464,8805464,2934
69577,277,601,1066,3,0,11200,0,0,0,8807372,8807372,2934
69593,277,664,1066,3,0,11200,0,0,0,8809142,8809142,2934
69609,277,702,1066,3,0,11200,0,0,0,8810513,8810513,2934
69624,277,740,1066,3,0,11200,0,0,0,8811791,8811791,2934
69639,277,811,1066,3,0,11200,0,0,0,8813740,8813740,2934
69674,277,882,1066,3,0,11200,0,0,0,8815629,8815629,2934
69689,277,959,1066,3,0,11200,0,0,0,8817738,8817738,2934
69704,277,1021,1066,3,0,11200,0,0,0,8819792,8819792,2934
69720,278,17,1066,2,0,11200,0,0,0,8822000,8822000,2934
69735,278,126,1066,2,0,11200,0,0,0,8824647,8824647,2934
69750,278,178,1066,2,0,11200,0,0,0,8826786,8826786,2934
69766,278,237,1066,2,0,11200,0,0,0,8829037,8829037,2934
69781,278,291,1066,2,0,11200,0,0,0,8831268,8831268,2934
69796,278,366,1066,2,0,11200,0,0,0,8833417,8833417,2934
69812,278,435,1066,2,0,11200,0,0,0,8835448,8835448,2934
69827,278,491,1066,2,0,11200,0,0,0,8836963,8836963,2934
69842,278,542,1066,2,0,11200,0,0,0,8838765,8838765,2934
69857,278,589,1066,2,0,11200,0,0,0,8840839,8840839,2934
69873,278,651,1066,2,0,11200,0,0,0,8842544,8842544,2934
69890,278,710,1066,2,0,11200,0,0,0,8844108,8844108,2934
69905,278,778,1066,2,0,11200,0,0,0,8846056,8846056,2934
69921,278,852,1066,2,0,11200,0,0,0,8848032,8848032,2934
69940,278,882,1066,2,0,11200,0,0,0,8848812,8848812,2934
69955,278,970,1066,2,0,11200,0,0,0,8850892,8850892,2934
69971,278,1035,1066,2,0,11200,0,0,0,8852963,8852963,2934
69986,279,19,1066,2,0,11200,0,0,0,8854735,8854735,2934
70001,279,125,1066,2,0,11200,0,0,0,8857176,8857176,2934
70017,279,180,1066,2,0,11200,0,0,0,8859423,8859423,2934
70032,279,239,1066,2,0,11200,0,0,0,8861710,8861710,2934
70047,279,292,1066,2,0,11200,0,0,0,8863867,8863867,2934
70063,279,360,1066,2,0,11200,0,0,0,8865965,8865965,2934
70078,279,434,1066,2,0,11200,0,0,0,8868216,8868216,2934
70093,279,492,1066,2,0,11200,0,0,0,8869854,8869854,2934
70108,279,562,1066,2,0,11200,0,0,0,8871861,8871861,2934
70124,279,619,1067,3,0,11200,0,0,0,8873834,8873834,2934
70140,279,678,1067,3,0,11200,0,0,0,8875465,8875465,2934
70155,279,733,1067,3,0,11200,0,0,0,8877022,8877022,2934
70170,279,782,1067,3,0,11200,0,0,0,8878930,8878930,2934
70186,279,852,1067,3,0,11200,0,0,0,8880866,8880866,2934
70201,279,892,1067,3,0,11200,0,0,0,8881899,8881899,2934
70216,279,975,1067,3,0,11200,0,0,0,8884015,8884015,2934
70232,279,1030,1067,3,0,11200,0,0,0,8885911,8885911,2934
70247,280,105,1067,3,0,11200,0,0,0,8888434,8888434,2934
70262,280,154,1067,3,0,11200,0,0,0,8890888,8890888,2934
70277,280,210,1067,3,0,11200,0,0,0,8893258,8893258,2934
70292,280,255,1067,3,0,11200,0,0,0,8895538,8895538,2934
70308,280,329,1067,3,0,11200,0,0,0,8897638,8897638,2934
70323,280,399,1067,3,0,11200,0,0,0,8899781,8899781,2934
70338,280,462,1067,3,0,11200,0,0,0,8901901,8901901,2934
70353,280,516,1067,3,0,11200,0,0,0,8903279,8903279,2934
70368,280,581,1067,3,0,11200,0,0,0,8905278,8905278,2934
70383,280,636,1068,4,0,11200,0,0,0,8906951,8906951,2934
70398,280,710,1068,4,0,11200,0,0,0,8908746,8908746,2934
70413,280,733,1068,4,0,11200,0,0,0,8909669,8909669,2934
70428,280,801,1068,4,0,11200,0,0,0,8911506,8911506,2934
70443,280,869,1068,4,0,11200,0,0,0,8913482,8913482,2934
70459,280,962,1068,4,0,11200,0,0,0,8915637,8915637,2934
70474,280,1023,1068,4,0,11200,0,0,0,8917559,8917559,2934
70490,281,25,1068,4,0,11200,0,0,0,8919815,8919815,2934
70505,281,133,1068,4,0,11200,0,0,0,8922442,8922442,2934
70520,281,187,1068,4,0,11200,0,0,0,8924888,8924888,2934
70536,281,237,1068,4,0,11200,0,0,0,8927130,8927130,2934
70551,281,283,1068,4,0,11200,0,0,0,8929367,8929367,2934
70566,281,347,1068,4,0,11200,0,0,0,8931439,8931439,2934
70582,281,402,1068,4,0,11200,0,0,0,8933490,8933490,2934
70597,281,475,1068,4,0,11200,0,0,0,8935638,8935638,2934
70612,281,520,1068,4,0,11200,0,0,0,8937202,8937202,2934
70628,281,581,1068,4,0,11200,0,0,0,8939055,8939055,2934
70643,281,619,1068,4,0,11200,0,0,0,8940726,8940726,2934
70659,281,690,1068,4,0,11200,0,0,0,8942621,8942621,2934
70674,281,741,1068,4,0,11200,0,0,0,8944172,8944172,2934
70689,281,787,1068,4,0,11200,0,0,0,8945930,8945930,2934
70705,281,853,1068,4,0,11200,0,0,0,8947967,8947967,2934
70720,281,917,1068,4,0,11200,0,0,0,8949505,8949505,2934
70736,281,996,1068,4,0,11200,0,0,0,8951497,8951497,2934
70751,282,1054,1068,4,0,11200,0,0,0,8953201,8953201,2934
70766,282,69,1068,3,0,11200,0,0,0,8955524,8955524,2934
70781,282,149,1068,3,0,11200,0,0,0,8957960,8957960,2934
70796,282,214,1068,3,0,11200,0,0,0,8960288,8960288,2934
70811,282,263,1068,3,0,11200,0,0,0,8962366,8962366,2934
70827,282,314,1068,3,0,11200,0,0,0,8964420,8964420,2934
70844,282,396,1068,3,0,11200,0,0,0,8966766,8966766,2934
70860,282,460,1068,3,0,11200,0,0,0,8968770,8968770,2934
70875,282,521,1068,3,0,11200,0,0,0,8970530,8970530,2934
70890,282,574,1068,3,0,11200,0,0,0,8972477,8972477,2934
70905,282,618,1068,3,0,11200,0,0,0,8974309,8974309,2934
70921,282,688,1068,3,0,11200,0,0,0,8976012,8976012,2934
70936,282,732,1068,3,0,11200,0,0,0,8977352,8977352,2934
70952,282,785,1068,3,0,11200,0,0,0,8979144,8979144,2934
70968,282,854,1068,3,0,11200,0,0,0,8981166,8981166,2934
70983,282,913,1068,3,0,11200,0,0,0,8982345,8982345,2934
70999,282,979,1068,3,0,11200,0,0,0,8984279,8984279,2934
71014,283,1,1068,3,0,11200,0,0,0,8986477,8986477,2934
71030,283,108,1068,3,0,11200,0,0,0,8988972,8988972,2934
71045,283,158,1068,3,0,11200,0,0,0,8991296,8991296,2934
71060,283,211,1068,3,0,11200,0,0,0,8993395,8993395,2934
71075,283,267,1068,3,0,11200,0,0,0,8995640,8995640,2934
71091,283,319,1068,3,0,11200,0,0,0,8997897,8997897,2934
71106,283,387,1068,3,0,11200,0,0,0,9000075,9000075,2934
71121,283,460,1068,3,0,11200,0,0,0,9002409,9002409,2934
71137,283,516,1068,3,0,11200,0,0,0,9004047,9004047,2934
71152,283,571,1068,3,0,11200,0,0,0,9006053,9006053,2934
71167,283,611,1068,3,0,11200,0,0,0,9007830,9007830,2934
71182,283,678,1068,3,0,11200,0,0,0,9009512,9009512,2934
71197,283,737,1068,3,0,11200,0,0,0,9011042,9011042,2934
71213,283,813,1068,3,0,11200,0,0,0,9013073,9013073,2934
71232,283,882,1068,3,0,11200,0,0,0,9014868,9014868,2934
71247,283,943,1068,3,0,11200,0,0,0,9016870,9016870,2934
71262,283,1023,1068,3,0,11200,0,0,0,9018711,9018711,2934
71278,284,15,1068,3,0,11200,0,0,0,9020889,9020889,2934
71293,284,124,1068,3,0,11200,0,0,0,9023502,9023502,2934
71309,284,166,1068,3,0,11200,0,0,0,9026058,9026058,2934
71324,284,228,1068,3,0,11200,0,0,0,9028315,9028315,2934
71339,284,280,1068,3,0,11200,0,0,0,9030438,9030438,2934
71355,284,347,1068,3,0,11200,0,0,0,9032736,9032736,2934
71371,284,401,1068,3,0,11200,0,0,0,9034466,9034466,2934
71386,284,463,1068,3,0,11200,0,0,0,9036647,9036647,2934
71402,284,521,1068,3,0,11200,0,0,0,9038588,9038588,2934
71417,284,568,1068,3,0,11200,0,0,0,9040630,9040630,2934
71432,284,619,1068,3,0,11200,0,0,0,9042466,9042466,2934
71447,284,696,1068,3,0,11200,0,0,0,9044366,9044366,2934
71463,284,732,1068,3,0,11200,0,0,0,9045335,9045335,2934
71479,284,814,1068,3,0,11200,0,0,0,9047279,9047279,2934
71494,284,869,1068,3,0,11200,0,0,0,9049159,9049159,2934
71509,284,945,1068,3,0,11200,0,0,0,9050395,9050395,2934
71526,284,1016,1068,3,0,11200,0,0,0,9052413,9052413,2934
71541,285,7,1068,3,0,11200,0,0,0,9054386,9054386,2934
71556,285,119,1068,3,0,11200,0,0,0,9056987,9056987,2934
71571,285,175,1068,3,0,11200,0,0,0,9059386,9059386,2934
71587,285,237,1068,3,0,11200,0,0,0,9061729,9061729,2934
71602,285,297,1068,3,0,11200,0,0,0,9064145,9064145,2934
71618,285,374,1068,3,0,11200,0,0,0,9066325,9066325,2934
71633,285,433,1068,3,0,11200,0,0,0,9068458,9068458,2934
71651,285,497,1068,3,0,11200,0,0,0,9070252,9070252,2934
71666,285,568,1068,3,0,11200,0,0,0,9072288,9072288,2934
71681,285,623,1068,3,0,11200,0,0,0,9074173,9074173,2934
71697,285,697,1068,3,0,11200,0,0,0,9076031,9076031,2934
71712,285,739,1068,3,0,11200,0,0,0,9077396,9077396,2934
71727,285,813,1069,4,0,11200,0,0,0,9079251,9079251,2935
71746,285,882,1070,5,0,11200,0,0,0,9081130,9081130,2935
71761,285,952,1070,5,0,11200,0,0,0,9082818,9082818,2935
71776,285,1023,1070,5,0,11200,0,0,0,9084752,9084752,2935
71791,286,16,1070,2,0,11200,0,0,0,9086863,9086863,2935
71807,286,125,1070,2,0,11200,0,0,0,9089408,9089408,2935
71822,286,169,1070,2,0,11200,0,0,0,9091884,9091884,2935
71838,286,227,1070,2,0,11200,0,0,0,9094147,9094147,2935
71853,286,289,1070,2,0,11200,0,0,0,9096539,9096539,2935
71868,286,360,1070,2,0,11200,0,0,0,9098665,9098665,2935
71884,286,429,1070,2,0,11200,0,0,0,9100625,9100625,2935
71899,286,473,1070,2,0,11200,0,0,0,9102506,9102506,2935
71914,286,521,1070,2,0,11200,0,0,0,9104328,9104328,2935
71929,286,590,1070,2,0,11200,0,0,0,9106348,9106348,2935
71945,286,640,1070,2,0,11200,0,0,0,9108023,9108023,2935
71960,286,690,1070,2,0,11200,0,0,0,9109611,9109611,2935
71976,286,732,1070,2,0,11200,0,0,0,9110901,9110901,2935
71991,286,783,1070,2,0,11200,0,0,0,9112632,9112632,2935
72006,286,845,1070,2,0,11200,0,0,0,9114431,9114431,2935
72022,286,902,1070,2,0,11200,0,0,0,9115939,9115939,2935
72037,286,975,1070,2,0,11200,0,0,0,9117972,9117972,2935
72053,287,1046,1070,2,0,11200,0,0,0,9119934,9119934,2935
72068,287,30,1070,2,0,11200,0,0,0,9122194,9122194,2935
72083,287,138,1070,2,0,11200,0,0,0,9124771,9124771,2935
72098,287,184,1070,2,0,11200,0,0,0,9126951,9126951,2935
72114,287,227,1070,2,0,11200,0,0,0,9129148,9129148,2935
72129,287,280,1070,2,0,11200,0,0,0,9131397,9131397,2935
72144,287,341,1070,2,0,11200,0,0,0,9133509,9133509,2935
72160,287,391,1070,2,0,11200,0,0,0,9135440,9135440,2935
72175,287,463,1070,2,0,11200,0,0,0,9137509,9137509,2935
72190,287,519,1070,2,0,11200,0,0,0,9139422,9139422,2935
72205,287,581,1070,2,0,11200,0,0,0,9141427,9141427,2935
72221,287,636,1070,2,0,11200,0,0,0,9143121,9143121,2935
72237,287,700,1070,2,0,11200,0,0,0,9144924,9144924,2935
72253,287,763,1070,2,0,11200,0,0,0,9146780,9146780,2935
72268,287,815,1070,2,0,11200,0,0,0,9148698,9148698,2935
72285,287,882,1070,2,0,11200,0,0,0,9150250,9150250,2935
72300,287,972,1070,2,0,11200,0,0,0,9152275,9152275,2935
72316,288,1042,1070,2,0,11200,0,0,0,9154210,9154210,2935
72331,288,25,1070,2,0,11200,0,0,0,9156592,9156592,2935
72346,288,136,1070,2,0,11200,0,0,0,9159125,9159125,2935
72361,288,185,1070,2,0,11200,0,0,0,9161157,9161157,2935
72376,288,231,1070,2,0,11200,0,0,0,9163378,9163378,2935
72392,288,275,1070,2,0,11200,0,0,0,9165470,9165470,2935
72407,288,344,1070,2,0,11200,0,0,0,9167453,9167453,2935
72422,288,398,1070,2,0,11200,0,0,0,9169577,9169577,2935
72437,288,454,1070,2,0,11200,0,0,0,9171541,9171541,2935
72452,288,508,1070,2,0,11200,0,0,0,9173382,9173382,2935
72467,288,559,1070,2,0,11200,0,0,0,9175487,9175487,2935
72483,288,606,1070,2,0,11200,0,0,0,9177486,9177486,2935
72499,288,690,1070,2,0,11200,0,0,0,9179247,9179247,2935
72517,288,710,1070,2,0,11200,0,0,0,9179939,9179939,2935
72532,288,771,1070,2,0,11200,0,0,0,9181896,9181896,2935
72548,288,840,1070,2,0,11200,0,0,0,9183929,9183929,2935
72563,288,884,1070,2,0,11200,0,0,0,9185104,9185104,2935
72578,288,966,1070,2,0,11200,0,0,0,9186966,9186966,2935
72594,289,1053,1070,2,0,11200,0,0,0,9189036,9189036,2935
72610,289,103,1070,2,0,11200,0,0,0,9191521,9191521,2935
72625,289,148,1070,2,0,11200,0,0,0,9193870,9193870,2935
72641,289,213,1070,2,0,11200,0,0,0,9196127,9196127,2935
72656,289,266,1070,2,0,11200,0,0,0,9198273,9198273,2935
72672,289,317,1070,2,0,11200,0,0,0,9200362,9200362,2935
72687,289,387,1070,2,0,11200,0,0,0,9202714,9202714,2935
72702,289,451,1070,2,0,11200,0,0,0,9204715,9204715,2935
72717,289,506,1070,2,0,11200,0,0,0,9206258,9206258,2935
72733,289,562,1070,2,0,11200,0,0,0,9208288,9208288,2935
72748,289,615,1070,2,0,11200,0,0,0,9210147,9210147,2935
72764,289,678,1070,2,0,11200,0,0,0,9211970,9211970,2935
72779,289,726,1070,2,0,11200,0,0,0,9213502,9213502,2935
72794,289,789,1070,2,0,11200,0,0,0,9215553,9215553,2935
72810,289,829,1070,2,0,11200,0,0,0,9217155,9217155,2935
72842,289,882,1070,2,0,11200,0,0,0,9218527,9218527,2935
72858,289,966,1070,2,0,11200,0,0,0,9220506,9220506,2935
72873,290,1042,1070,2,0,11200,0,0,0,9222441,9222441,2935
72888,290,16,1070,1,0,11200,0,0,0,9224521,9224521,2935
72904,290,123,1070,1,0,11200,0,0,0,9226954,9226954,2935
72919,290,166,1070,1,0,11200,0,0,0,9229262,9229262,2935
72934,290,230,1070,1,0,11200,0,0,0,9231471,9231471,2935
72949,290,283,1070,1,0,11200,0,0,0,9233630,9233630,2935
72964,290,366,1070,1,0,11200,0,0,0,9235860,9235860,2935
72980,290,430,1070,1,0,11200,0,0,0,9237887,9237887,2935
72996,290,490,1070,1,0,11200,0,0,0,9239703,9239703,2935
73012,290,538,1070,1,0,11200,0,0,0,9241660,9241660,2935
73027,290,594,1070,1,0,11200,0,0,0,9243405,9243405,2935
73042,290,657,1070,1,0,11200,0,0,0,9245294,9245294,2935
73060,290,710,1070,1,0,11200,0,0,0,9246681,9246681,2935
73076,290,762,1070,1,0,11200,0,0,0,9248399,9248399,2935
73091,290,819,1070,1,0,11200,0,0,0,9250429,9250429,2935
73134,290,882,1070,1,0,11200,0,0,0,9252045,9252045,2935
73150,290,959,1070,1,0,11200,0,0,0,9253976,9253976,2935
73165,290,1018,1070,1,0,11200,0,0,0,9255748,9255748,2935
73180,291,13,1070,1,0,11200,0,0,0,9257797,9257797,2935
73195,291,125,1070,1,0,11200,0,0,0,9260271,9260271,2935
73210,291,166,1070,1,0,11200,0,0,0,9262479,9262479,2935
73226,291,228,1070,1,0,11200,0,0,0,9264794,9264794,2935
73241,291,289,1070,1,0,11200,0,0,0,9267149,9267149,2935
73256,291,366,1070,1,0,11200,0,0,0,9269336,9269336,2935
73271,291,430,1070,1,0,11200,0,0,0,9271497,9271497,2935
73288,291,490,1070,1,0,11200,0,0,0,9273328,9273328,2935
73303,291,541,1070,1,0,11200,0,0,0,9275156,9275156,2935
73319,291,602,1070,1,0,11200,0,0,0,9277114,9277114,2935
73334,291,677,1070,1,0,11200,0,0,0,9279011,9279011,2935
73350,291,719,1070,1,0,11200,0,0,0,9280200,9280200,2935
73365,291,775,1070,1,0,11200,0,0,0,9282121,9282121,2935
73380,291,851,1070,1,0,11200,0,0,0,9284119,9284119,2935
73416,291,882,1070,1,0,11200,0,0,0,9284893,9284893,2935
73431,291,959,1071,2,0,11200,0,0,0,9286816,9286816,2936
73447,291,1018,1071,2,0,11200,0,0,0,9288491,9288491,2936
73462,292,4,1071,1,0,11200,0,0,0,9290461,9290461,2936
73478,292,107,1071,1,0,11200,0,0,0,9293006,9293006,2936
73493,292,154,1071,1,0,11200,0,0,0,9295290,9295290,2936
73508,292,211,1071,1,0,11200,0,0,0,9297564,9297564,2936
73523,292,255,1071,1,0,11200,0,0,0,9299523,9299523,2936
73538,292,312,1071,1,0,11200,0,0,0,9301800,9301800,2936
73553,292,371,1071,1,0,11200,0,0,0,9303924,9303924,2936
73568,292,435,1071,1,0,11200,0,0,0,9306051,9306051,2936
73584,292,476,1071,1,0,11200,0,0,0,9307389,9307389,2936
73599,292,541,1071,1,0,11200,0,0,0,9309410,9309410,2936
73615,292,596,1071,1,0,11200,0,0,0,9311087,9311087,2936
73631,292,654,1071,1,0,11200,0,0,0,9312735,9312735,2936
73647,292,702,1071,1,0,11200,0,0,0,9314113,9314113,2936
73663,292,739,1071,1,0,11200,0,0,0,9315318,9315318,2936
73678,292,778,1071,1,0,11200,0,0,0,9317045,9317045,2936
73693,292,832,1071,1,0,11200,0,0,0,9318805,9318805,2936
73724,292,882,1071,1,0,11200,0,0,0,9319926,9319926,2936
73739,292,945,1071,1,0,11200,0,0,0,9321769,9321769,2936
73757,292,1027,1071,1,0,11200,0,0,0,9323786,9323786,2936
73772,293,15,1071,1,0,11200,0,0,0,9325637,9325637,2936
73787,293,114,1071,1,0,11200,0,0,0,9328033,9328033,2936
73802,293,161,1071,1,0,11200,0,0,0,9330427,9330427,2936
73817,293,222,1071,1,0,11200,0,0,0,9332776,9332776,2936
73833,293,275,1071,1,0,11200,0,0,0,9335120,9335120,2936
73848,293,355,1071,1,0,11200,0,0,0,9337262,9337262,2936
73864,293,436,1071,1,0,11200,0,0,0,9339585,9339585,2936
73879,293,496,1071,1,0,11200,0,0,0,9341045,9341045,2936
73895,293,561,1071,1,0,11200,0,0,0,9343028,9343028,2936
73910,293,619,1071,1,0,11200,0,0,0,9344829,9344829,2936
73925,293,677,1071,1,0,11200,0,0,0,9346616,9346616,2936
73940,293,719,1071,1,0,11200,0,0,0,9348150,9348150,2936
73956,293,774,1071,1,0,11200,0,0,0,9350009,9350009,2936
73971,293,837,1071,1,0,11200,0,0,0,9352041,9352041,2936
74001,293,882,1071,1,0,11200,0,0,0,9353475,9353475,2936
74016,293,972,1071,1,0,11200,0,0,0,9355432,9355432,2936
74032,294,1043,1071,1,0,11200,0,0,0,9357487,9357487,2936
74047,294,24,1071,1,0,11200,0,0,0,9359500,9359500,2936
74062,294,132,1071,1,0,11200,0,0,0,9362083,9362083,2936
74077,294,185,1071,1,0,11200,0,0,0,9364454,9364454,2936
74092,294,237,1071,1,0,11200,0,0,0,9366572,9366572,2936
74108,294,292,1071,1,0,11200,0,0,0,9368811,9368811,2936
74123,294,367,1071,1,0,11200,0,0,0,9371051,9371051,2936
74139,294,436,1071,1,0,11200,0,0,0,9373150,9373150,2936
74154,294,497,1071,1,0,11200,0,0,0,9374942,9374942,2936
74169,294,538,1071,1,0,11200,0,0,0,9376749,9376749,2936
74184,294,594,1071,1,0,11200,0,0,0,9378583,9378583,2936
74200,294,651,1071,1,0,11200,0,0,0,9380470,9380470,2936
74215,294,704,1071,1,0,11200,0,0,0,9382220,9382220,2936
74231,294,762,1071,1,0,11200,0,0,0,9383803,9383803,2936
74246,294,828,1071,1,0,11200,0,0,0,9385695,9385695,2936
74266,294,882,1071,1,0,11200,0,0,0,9387342,9387342,2936
74282,294,970,1071,1,0,11200,0,0,0,9389387,9389387,2936
74298,295,1042,1071,1,0,11200,0,0,0,9391518,9391518,2936
74313,295,95,1071,1,0,11200,0,0,0,9394013,9394013,2936
74328,295,144,1071,1,0,11200,0,0,0,9396632,9396632,2936
74343,295,205,1071,1,0,11200,0,0,0,9398952,9398952,2936
74359,295,247,1071,1,0,11200,0,0,0,9401070,9401070,2936
74374,295,325,1071,1,0,11200,0,0,0,9403415,9403415,2936
74390,295,394,1071,1,0,11200,0,0,0,9405814,9405814,2936
74405,295,474,1071,1,0,11200,0,0,0,9408160,9408160,2936
74420,295,532,1071,1,0,11200,0,0,0,9410089,9410089,2936
74436,295,602,1071,1,0,11200,0,0,0,9411961,9411961,2936
74452,295,654,1071,1,0,11200,0,0,0,9413812,9413812,2936
74467,295,702,1071,1,0,11200,0,0,0,9415624,9415624,2936
74482,295,747,1071,1,0,11200,0,0,0,9416828,9416828,2936
74498,295,795,1071,1,0,11200,0,0,0,9418438,9418438,2936
74513,295,849,1071,1,0,11200,0,0,0,9420134,9420134,2936
74529,295,894,1071,1,0,11200,0,0,0,9421407,9421407,2936
74544,295,982,1071,1,0,11200,0,0,0,9423481,9423481,2936
74560,296,1052,1071,1,0,11200,0,0,0,9425325,9425325,2936
74575,296,27,1072,2,0,11200,0,0,0,9427323,9427323,2936
74590,296,139,1072,2,0,11200,0,0,0,9430042,9430042,2936
74605,296,185,1072,2,0,11200,0,0,0,9432124,9432124,2936
74620,296,226,1072,2,0,11200,0,0,0,9434317,9434317,2936
74636,296,278,1072,2,0,11200,0,0,0,9436599,9436599,2936
74651,296,360,1072,2,0,11200,0,0,0,9438731,9438731,2936
74666,296,431,1072,2,0,11200,0,0,0,9440856,9440856,2936
74681,296,492,1072,2,0,11200,0,0,0,9442911,9442911,2936
74696,296,537,1072,2,0,11200,0,0,0,9444872,9444872,2936
74711,296,597,1072,2,0,11200,0,0,0,9446650,9446650,2936
74727,296,667,1072,2,0,11200,0,0,0,9448546,9448546,2936
74744,296,710,1072,2,0,11200,0,0,0,9450069,9450069,2936
74759,296,774,1072,2,0,11200,0,0,0,9451819,9451819,2936
74774,296,837,1072,2,0,11200,0,0,0,9453870,9453870,2936
74791,296,882,1072,2,0,11200,0,0,0,9454862,9454862,2936
74807,296,965,1072,2,0,11200,0,0,0,9456847,9456847,2936
74822,296,1035,1072,2,0,11200,0,0,0,9458942,9458942,2936
74838,297,17,1072,2,0,11200,0,0,0,9460796,9460796,2936
74853,297,136,1072,2,0,11200,0,0,0,9463600,9463600,2936
74869,297,202,1072,2,0,11200,0,0,0,9465951,9465951,2936
74885,297,257,1072,2,0,11200,0,0,0,9468031,9468031,2936
74900,297,329,1072,2,0,11200,0,0,0,9470295,9470295,2936
74915,297,402,1072,2,0,11200,0,0,0,9472637,9472637,2936
74934,297,473,1072,2,0,11200,0,0,0,9474876,9474876,2936
74949,297,535,1072,2,0,11200,0,0,0,9477075,9477075,2936
74965,297,581,1072,2,0,11200,0,0,0,9478802,9478802,2936
74980,297,636,1072,2,0,11200,0,0,0,9480501,9480501,2936
74995,297,696,1072,2,0,11200,0,0,0,9482372,9482372,2936
75010,297,741,1072,2,0,11200,0,0,0,9483730,9483730,2936
75025,297,811,1072,2,0,11200,0,0,0,9485523,9485523,2936
75040,297,860,1072,2,0,11200,0,0,0,9487314,9487314,2936
75060,297,882,1072,2,0,11200,0,0,0,9487648,9487648,2936
75075,297,959,1072,2,0,11200,0,0,0,9489635,9489635,2936
75090,297,1034,1072,2,0,11200,0,0,0,9491518,9491518,2936
75105,298,35,1072,2,0,11200,0,0,0,9493843,9493843,2936
75121,298,145,1072,2,0,11200,0,0,0,9496436,9496436,2936
75136,298,199,1072,2,0,11200,0,0,0,9498723,9498723,2936
75151,298,246,1072,2,0,11200,0,0,0,9500797,9500797,2936
75167,298,306,1072,2,0,11200,0,0,0,9503004,9503004,2936
75182,298,367,1072,2,0,11200,0,0,0,9505152,9505152,2936
75198,298,430,1072,2,0,11200,0,0,0,9507255,9507255,2936
75213,298,489,1072,2,0,11200,0,0,0,9509061,9509061,2936
75229,298,541,1072,2,0,11200,0,0,0,9510990,9510990,2936
75246,298,594,1072,2,0,11200,0,0,0,9512692,9512692,2936
75261,298,649,1072,2,0,11200,0,0,0,9514309,9514309,2936
75276,298,705,1072,2,0,11200,0,0,0,9515926,9515926,2936
75291,298,775,1072,2,0,11200,0,0,0,9517814,9517814,2936
75308,298,828,1072,2,0,11200,0,0,0,9519643,9519643,2936
75332,298,882,1072,2,0,11200,0,0,0,9520959,9520959,2936
75347,298,956,1072,2,0,11200,0,0,0,9523021,9523021,2936
75362,298,1023,1072,2,0,11200,0,0,0,9524739,9524739,2936
75377,299,12,1072,2,0,11200,0,0,0,9526716,9526716,2936
75392,299,123,1072,2,0,11200,0,0,0,9529262,9529262,2936
75408,299,178,1072,2,0,11200,0,0,0,9531703,9531703,2936
75423,299,225,1072,2,0,11200,0,0,0,9533934,9533934,2936
75438,299,276,1072,2,0,11200,0,0,0,9536088,9536088,2936
75453,299,355,1072,2,0,11200,0,0,0,9538241,9538241,2936
75468,299,434,1072,2,0,11200,0,0,0,9540419,9540419,2936
75484,299,490,1072,2,0,11200,0,0,0,9542091,9542091,2936
75499,299,527,1072,2,0,11200,0,0,0,9543537,9543537,2936
75514,299,595,1072,2,0,11200,0,0,0,9545349,9545349,2936
75529,299,654,1072,2,0,11200,0,0,0,9547062,9547062,2936
75550,299,710,1072,2,0,11200,0,0,0,9548603,9548603,2936
75565,299,776,1072,2,0,11200,0,0,0,9550370,9550370,2936
75581,299,837,1072,2,0,11200,0,0,0,9552311,9552311,2936
75609,299,882,1072,2,0,11200,0,0,0,9553279,9553279,2936
75624,299,956,1072,2,0,11200,0,0,0,9555212,9555212,2936
75640,300,1046,1072,2,0,11200,0,0,0,9557221,9557221,2936
75655,300,28,1072,1,0,11200,0,0,0,9559457,9559457,2936
75670,300,136,1072,1,0,11200,0,0,0,9562011,9562011,2936
75686,300,193,1072,1,0,11200,0,0,0,9564446,9564446,2936
75701,300,247,1072,1,0,11200,0,0,0,9566683,9566683,2936
75716,300,307,1072,1,0,11200,0,0,0,9568859,9568859,2936
75731,300,388,1072,1,0,11200,0,0,0,9571017,9571017,2936
75747,300,456,1072,1,0,11200,0,0,0,9573301,9573301,2936
75762,300,506,1072,1,0,11200,0,0,0,9574706,9574706,2936
75779,300,586,1072,1,0,11200,0,0,0,9577014,9577014,2936
75795,300,643,1072,1,0,11200,0,0,0,9578736,9578736,2936
75810,300,702,1072,1,0,11200,0,0,0,9580420,9580420,2936
75826,300,754,1072,1,0,11200,0,0,0,9582032,9582032,2936
75841,300,813,1072,1,0,11200,0,0,0,9583991,9583991,2936
75872,300,882,1072,1,0,11200,0,0,0,9585839,9585839,2936
75887,300,975,1072,1,0,11200,0,0,0,9587906,9587906,2936
75902,300,1035,1072,1,0,11200,0,0,0,9589760,9589760,2936
75918,301,24,1072,1,0,11200,0,0,0,9591701,9591701,2936
75933,301,131,1072,1,0,11200,0,0,0,9594294,9594294,2936
75949,301,183,1072,1,0,11200,0,0,0,9596466,9596466,2936
75964,301,228,1072,1,0,11200,0,0,0,9598810,9598810,2936
75979,301,271,1072,1,0,11200,0,0,0,9601009,9601009,2936
75994,301,353,1072,1,0,11200,0,0,0,9603331,9603331,2936
76010,301,424,1072,1,0,11200,0,0,0,9605447,9605447,2936
76025,301,473,1072,1,0,11200,0,0,0,9607313,9607313,2936
76040,301,535,1072,1,0,11200,0,0,0,9609422,9609422,2936
76056,301,595,1072,1,0,11200,0,0,0,9611227,9611227,2936
76071,301,651,1072,1,0,11200,0,0,0,9612823,9612823,2936
76087,301,710,1073,2,0,11200,0,0,0,9614370,9614370,2936
76103,301,771,1073,2,0,11200,0,0,0,9616294,9616294,2936
76118,301,845,1073,2,0,11200,0,0,0,9618280,9618280,2936
76134,301,882,1073,2,0,11200,0,0,0,9619080,9619080,2936
76149,301,956,1073,2,0,11200,0,0,0,9621033,9621033,2936
76165,302,1046,1073,2,0,11200,0,0,0,9622900,9622900,2936
76180,302,22,1073,2,0,11200,0,0,0,9625123,9625123,2936
76195,302,132,1073,2,0,11200,0,0,0,9627516,9627516,2936
76210,302,167,1073,2,0,11200,0,0,0,9629664,9629664,2936
76225,302,227,1073,2,0,11200,0,0,0,9631937,9631937,2936
76240,302,271,1073,2,0,11200,0,0,0,9633986,9633986,2936
76256,302,349,1073,2,0,11200,0,0,0,9636145,9636145,2936
76271,302,402,1073,2,0,11200,0,0,0,9638195,9638195,2936
76286,302,448,1073,2,0,11200,0,0,0,9640169,9640169,2936
76301,302,515,1073,2,0,11200,0,0,0,9642326,9642326,2936
76317,302,556,1073,2,0,11200,0,0,0,9644140,9644140,2936
76332,302,606,1073,2,0,11200,0,0,0,9645729,9645729,2936
76348,302,677,1073,2,0,11200,0,0,0,9647475,9647475,2936
76364,302,730,1073,2,0,11200,0,0,0,9649150,9649150,2936
76379,302,778,1073,2,0,11200,0,0,0,9650674,9650674,2936
76395,302,840,1073,2,0,11200,0,0,0,9652482,9652482,2936
76414,302,882,1073,2,0,11200,0,0,0,9653530,9653530,2936
76429,302,970,1073,2,0,11200,0,0,0,9655601,9655601,2936
76444,302,1027,1073,2,0,11200,0,0,0,9657263,9657263,2936
76459,303,12,1073,2,0,11200,0,0,0,9659144,9659144,2936
76474,303,129,1073,2,0,11200,0,0,0,9661636,9661636,2936
76490,303,182,1073,2,0,11200,0,0,0,9663886,9663886,2936
76506,303,237,1073,2,0,11200,0,0,0,9666298,9666298,2936
76521,303,298,1073,2,0,11200,0,0,0,9668528,9668528,2936
76536,303,360,1073,2,0,11200,0,0,0,9670800,9670800,2936
76552,303,431,1073,2,0,11200,0,0,0,9672909,9672909,2936
76567,303,508,1073,2,0,11200,0,0,0,9674862,9674862,2936
76582,303,569,1073,2,0,11200,0,0,0,9676933,9676933,2936
76597,303,610,1073,2,0,11200,0,0,0,9678349,9678349,2936
76612,303,658,1073,2,0,11200,0,0,0,9679969,9679969,2936
76629,303,710,1073,2,0,11200,0,0,0,9681442,9681442,2936
76644,303,771,1073,2,0,11200,0,0,0,9683167,9683167,2936
76659,303,837,1073,2,0,11200,0,0,0,9685228,9685228,2936
76678,303,882,1073,2,0,11200,0,0,0,9686198,9686198,2936
76693,303,959,1073,2,0,11200,0,0,0,9688108,9688108,2936
76708,303,1026,1073,2,0,11200,0,0,0,9689842,9689842,2936
76723,304,9,1073,2,0,11200,0,0,0,9691609,9691609,2936
76739,304,118,1073,2,0,11200,0,0,0,9694235,9694235,2936
76754,304,152,1073,2,0,11200,0,0,0,9696553,9696553,2936
76769,304,214,1073,2,0,11200,0,0,0,9698827,9698827,2936
76785,304,257,1073,2,0,11200,0,0,0,9700952,9700952,2936
76800,304,314,1073,2,0,11200,0,0,0,9703057,9703057,2936
76816,304,383,1073,2,0,11200,0,0,0,9705303,9705303,2936
76831,304,462,1073,2,0,11200,0,0,0,9707666,9707666,2936
76846,304,520,1073,2,0,11200,0,0,0,9709376,9709376,2936
76861,304,586,1073,2,0,11200,0,0,0,9711102,9711102,2936
76877,304,652,1073,2,0,11200,0,0,0,9712889,9712889,2936
76892,304,704,1073,2,0,11200,0,0,0,9714663,9714663,2936
76907,304,738,1073,2,0,11200,0,0,0,9715520,9715520,2936
76924,304,784,1073,2,0,11200,0,0,0,9717478,9717478,2936
76940,304,860,1073,2,0,11200,0,0,0,9719645,9719645,2936
76956,304,923,1073,2,0,11200,0,0,0,9720798,9720798,2936
76971,304,996,1073,2,0,11200,0,0,0,9722777,9722777,2936
76986,305,1071,1073,2,0,11200,0,0,0,9724438,9724438,2936
77002,305,107,1073,2,0,11200,0,0,0,9726967,9726967,2936
77017,305,149,1073,2,0,11200,0,0,0,9729328,9729328,2936
77033,305,211,1073,2,0,11200,0,0,0,9731612,9731612,2936
77048,305,267,1073,2,0,11200,0,0,0,9733845,9733845,2936
77063,305,344,1073,2,0,11200,0,0,0,9735958,9735958,2936
77078,305,417,1073,2,0,11200,0,0,0,9738306,9738306,2936
77093,305,477,1073,2,0,11200,0,0,0,9740266,9740266,2936
77108,305,533,1073,2,0,11200,0,0,0,9742185,9742185,2936
77124,305,588,1073,2,0,11200,0,0,0,9744094,9744094,2936
77139,305,645,1073,2,0,11200,0,0,0,9745817,9745817,2936
77154,305,702,1073,2,0,11200,0,0,0,9747511,9747511,2936
77169,305,756,1073,2,0,11200,0,0,0,9749093,9749093,2936
77184,305,815,1073,2,0,11200,0,0,0,9751029,9751029,2936
77213,305,882,1073,2,0,11200,0,0,0,9752872,9752872,2936
77229,305,966,1073,2,0,11200,0,0,0,9754914,9754914,2936
77244,305,1034,1073,2,0,11200,0,0,0,9756865,9756865,2936
77259,306,19,1073,2,0,11200,0,0,0,9758587,9758587,2936
77274,306,121,1073,2,0,11200,0,0,0,9761016,9761016,2936
77290,306,165,1073,2,0,11200,0,0,0,9763343,9763343,2936
77305,306,238,1073,2,0,11200,0,0,0,9765683,9765683,2936
77320,306,305,1073,2,0,11200,0,0,0,9768201,9768201,2936
77336,306,367,1073,2,0,11200,0,0,0,9770239,9770239,2936
77351,306,431,1073,2,0,11200,0,0,0,9772235,9772235,2936
77366,306,473,1073,2,0,11200,0,0,0,9773918,9773918,2936
77381,306,524,1073,2,0,11200,0,0,0,9775679,9775679,2936
77397,306,575,1073,2,0,11200,0,0,0,9777528,9777528,2936
77412,306,619,1073,2,0,11200,0,0,0,9779205,9779205,2936
77427,306,677,1073,2,0,11200,0,0,0,9780953,9780953,2936
77443,306,732,1073,2,0,11200,0,0,0,9782475,9782475,2936
77458,306,798,1073,2,0,11200,0,0,0,9784346,9784346,2936
77484,306,882,1073,2,0,11200,0,0,0,9786461,9786461,2936
77499,306,971,1073,2,0,11200,0,0,0,9788514,9788514,2936
77514,306,1029,1073,2,0,11200,0,0,0,9790384,9790384,2936
77530,307,25,1073,2,0,11200,0,0,0,9792707,9792707,2936
77545,307,131,1073,2,0,11200,0,0,0,9795111,9795111,2936
77561,307,180,1073,2,0,11200,0,0,0,9797326,9797326,2936
77576,307,231,1073,2,0,11200,0,0,0,9799640,9799640,2936
77592,307,282,1073,2,0,11200,0,0,0,9801857,9801857,2936
77607,307,346,1073,2,0,11200,0,0,0,9803867,9803867,2936
77622,307,408,1073,2,0,11200,0,0,0,9806118,9806118,2936
77638,307,474,1073,2,0,11200,0,0,0,9808284,9808284,2936
77654,307,528,1073,2,0,11200,0,0,0,9810071,9810071,2936
77669,307,583,1073,2,0,11200,0,0,0,9811880,9811880,2936
77684,307,647,1073,2,0,11200,0,0,0,9813754,9813754,2936
77699,307,712,1073,2,0,11200,0,0,0,9815489,9815489,2936
77715,307,771,1073,2,0,11200,0,0,0,9817472,9817472,2936
77730,307,849,1073,2,0,11200,0,0,0,9819537,9819537,2936
77745,307,935,1073,2,0,11200,0,0,0,9821554,9821554,2936
77761,307,1023,1073,2,0,11200,0,0,0,9823595,9823595,2936
77776,308,12,1073,2,0,11200,0,0,0,9825728,9825728,2936
77791,308,123,1073,2,0,11200,0,0,0,9828203,9828203,2936
77806,308,164,1073,2,0,11200,0,0,0,9830367,9830367,2936
77821,308,227,1073,2,0,11200,0,0,0,9832489,9832489,2936
77837,308,301,1073,2,0,11200,0,0,0,9834882,9834882,2936
77852,308,361,1073,2,0,11200,0,0,0,9837198,9837198,2936
77867,308,428,1073,2,0,11200,0,0,0,9839318,9839318,2936
77882,308,490,1073,2,0,11200,0,0,0,9841115,9841115,2936
77898,308,535,1073,2,0,11200,0,0,0,9843043,9843043,2936
77913,308,580,1073,2,0,11200,0,0,0,9844756,9844756,2936
77928,308,630,1073,2,0,11200,0,0,0,9846518,9846518,2936
77943,308,694,1073,2,0,11200,0,0,0,9848197,9848197,2936
77958,308,755,1073,2,0,11200,0,0,0,9849818,9849818,2936
77974,308,830,1073,2,0,11200,0,0,0,9851854,9851854,2936
77995,308,882,1073,2,0,11200,0,0,0,9852829,9852829,2936
78010,308,956,1073,2,0,11200,0,0,0,9854844,9854844,2936
78025,308,1027,1074,3,0,11200,0,0,0,9856714,9856714,2940
78041,309,3,1074,1,0,11200,0,0,0,9858379,9858379,2940
78056,309,125,1074,1,0,11200,0,0,0,9860922,9860922,2940
78071,309,186,1074,1,0,11200,0,0,0,9863244,9863244,2940
78087,309,234,1074,1,0,11200,0,0,0,9865641,9865641,2940
78102,309,292,1074,1,0,11200,0,0,0,9867748,9867748,2940
78117,309,366,1074,1,0,11200,0,0,0,9869825,9869825,2940
78132,309,441,1074,1,0,11200,0,0,0,9871988,9871988,2940
78148,309,516,1074,1,0,11200,0,0,0,9873954,9873954,2940
78163,309,567,1074,1,0,11200,0,0,0,9875733,9875733,2940
78178,309,630,1074,1,0,11200,0,0,0,9877538,9877538,2940
78193,309,683,1074,1,0,11200,0,0,0,9879188,9879188,2940
78208,309,753,1074,1,0,11200,0,0,0,9881045,9881045,2940
78224,309,812,1074,1,0,11200,0,0,0,9882848,9882848,2940
78239,309,873,1074,1,0,11200,0,0,0,9884640,9884640,2940
78254,309,916,1074,1,0,11200,0,0,0,9885635,9885635,2940
78269,309,994,1074,1,0,11200,0,0,0,9887718,9887718,2940
78284,310,1059,1074,1,0,11200,0,0,0,9889483,9889483,2940
78300,310,88,1074,1,0,11200,0,0,0,9892033,9892033,2940
78315,310,147,1074,1,0,11200,0,0,0,9894628,9894628,2940
78331,310,210,1074,1,0,11200,0,0,0,9896986,9896986,2940
78346,310,257,1074,1,0,11200,0,0,0,9898950,9898950,2940
78361,310,321,1074,1,0,11200,0,0,0,9901009,9901009,2940
78377,310,388,1074,1,0,11200,0,0,0,9903298,9903298,2940
78393,310,448,1074,1,0,11200,0,0,0,9905280,9905280,2940
78408,310,502,1074,1,0,11200,0,0,0,9906521,9906521,2940
78423,310,561,1074,1,0,11200,0,0,0,9908665,9908665,2940
78438,310,603,1074,1,0,11200,0,0,0,9910294,9910294,2940
78453,310,683,1074,1,0,11200,0,0,0,9912092,9912092,2940
78469,310,730,1074,1,0,11200,0,0,0,9913614,9913614,2940
78485,310,792,1074,1,0,11200,0,0,0,9915628,9915628,2940
78501,310,882,1074,1,0,11200,0,0,0,9917459,9917459,2940
78516,310,956,1074,1,0,11200,0,0,0,9919609,9919609,2940
78532,310,1023,1074,1,0,11200,0,0,0,9921428,9921428,2940
78547,311,19,1074,0,0,11200,0,0,0,9923511,9923511,2940
78563,311,133,1074,0,0,11200,0,0,0,9926034,9926034,2940
78578,311,180,1074,0,0,11200,0,0,0,9928133,9928133,2940
78593,311,227,1074,0,0,11200,0,0,0,9930364,9930364,2940
78608,311,271,1074,0,0,11200,0,0,0,9932617,9932617,2940
78624,311,330,1074,0,0,11200,0,0,0,9934733,9934733,2940
78640,311,398,1074,0,0,11200,0,0,0,9937000,9937000,2940
78655,311,463,1074,0,0,11200,0,0,0,9939059,9939059,2940
78670,311,522,1074,0,0,11200,0,0,0,9941036,9941036,2940
78686,311,583,1074,0,0,11200,0,0,0,9942710,9942710,2940
78701,311,652,1074,0,0,11200,0,0,0,9944472,9944472,2940
78716,311,716,1074,0,0,11200,0,0,0,9946101,9946101,2940
78733,311,775,1074,0,0,11200,0,0,0,9947915,9947915,2940
78748,311,840,1074,0,0,11200,0,0,0,9949934,9949934,2940
78791,311,882,1074,0,0,11200,0,0,0,9951617,9951617,2940
78806,311,971,1074,0,0,11200,0,0,0,9953597,9953597,2940
78821,311,1023,1074,0,0,11200,0,0,0,9955363,9955363,2940
78837,312,15,1074,0,0,11200,0,0,0,9957666,9957666,2940
78852,312,125,1074,0,0,11200,0,0,0,9960229,9960229,2940
78867,312,169,1074,0,0,11200,0,0,0,9962573,9962573,2940
78882,312,227,1074,0,0,11200,0,0,0,9964748,9964748,2940
78898,312,277,1074,0,0,11200,0,0,0,9966910,9966910,2940
78913,312,348,1074,0,0,11200,0,0,0,9968974,9968974,2940
78928,312,422,1074,0,0,11200,0,0,0,9971149,9971149,2940
78944,312,477,1074,0,0,11200,0,0,0,9973225,9973225,2940
78959,312,517,1074,0,0,11200,0,0,0,9974357,9974357,2940
78974,312,583,1074,0,0,11200,0,0,0,9976502,9976502,2940
78989,312,644,1074,0,0,11200,0,0,0,9978330,9978330,2940
79005,312,699,1074,0,0,11200,0,0,0,9980149,9980149,2940
79020,312,737,1074,0,0,11200,0,0,0,9981300,9981300,2940
79036,312,801,1074,0,0,11200,0,0,0,9983290,9983290,2940
79051,312,854,1074,0,0,11200,0,0,0,9985243,9985243,2940
79071,312,882,1074,0,0,11200,0,0,0,9985706,9985706,2940
79087,312,952,1074,0,0,11200,0,0,0,9987811,9987811,2940
79102,312,1018,1074,0,0,11200,0,0,0,9989653,9989653,2940
79117,313,0,1074,0,0,11200,0,0,0,9991337,9991337,2940
79132,313,106,1074,0,0,11200,0,0,0,9993725,9993725,2940
79147,313,154,1074,0,0,11200,0,0,0,9996100,9996100,2940
79163,313,216,1074,0,0,11200,0,0,0,9998245,9998245,2940
79178,313,269,1074,0,0,11200,0,0,0,10000591,10000591,2940
79194,313,347,1074,0,0,11200,0,0,0,10002880,10002880,2940
79209,313,418,1074,0,0,11200,0,0,0,10004936,10004936,2940
79224,313,488,1074,0,0,11200,0,0,0,10006862,10006862,2940
79239,313,528,1074,0,0,11200,0,0,0,10008506,10008506,2940
79255,313,588,1074,0,0,11200,0,0,0,10010339,10010339,2940
79270,313,651,1074,0,0,11200,0,0,0,10012133,10012133,2940
79285,313,697,1074,0,0,11200,0,0,0,10013648,10013648,2940
79301,313,750,1074,0,0,11200,0,0,0,10015097,10015097,2940
79316,313,822,1074,0,0,11200,0,0,0,10017147,10017147,2940
79354,313,882,1074,0,0,11200,0,0,0,10018832,10018832,2940
79369,313,959,1074,0,0,11200,0,0,0,10020820,10020820,2940
79384,313,1027,1074,0,0,11200,0,0,0,10022652,10022652,2940
79399,314,2,1074,0,0,11200,0,0,0,10024200,10024200,2940
79415,314,107,1074,0,0,11200,0,0,0,10026732,10026732,2940
79430,314,156,1074,0,0,11200,0,0,0,10029070,10029070,2940
79445,314,203,1074,0,0,11200,0,0,0,10031163,10031163,2940
79460,314,251,1074,0,0,11200,0,0,0,10033147,10033147,2940
79476,314,305,1074,0,0,11200,0,0,0,10035292,10035292,2940
79491,314,358,1074,0,0,11200,0,0,0,10037493,10037493,2940
79506,314,424,1074,0,0,11200,0,0,0,10039234,10039234,2940
79521,314,473,1074,0,0,11200,0,0,0,10041005,10041005,2940
79537,314,523,1074,0,0,11200,0,0,0,10042799,10042799,2940
79552,314,589,1074,0,0,11200,0,0,0,10044783,10044783,2940
79568,314,644,1074,0,0,11200,0,0,0,10046589,10046589,2940
79583,314,702,1074,0,0,11200,0,0,0,10048131,10048131,2940
79598,314,747,1074,0,0,11200,0,0,0,10049549,10049549,2940
79614,314,799,1074,0,0,11200,0,0,0,10051319,10051319,2940
79629,314,855,1074,0,0,11200,0,0,0,10053229,10053229,2940
79660,314,882,1074,0,0,11200,0,0,0,10053911,10053911,2940
79676,314,956,1074,0,0,11200,0,0,0,10055851,10055851,2940
79691,314,1021,1074,0,0,11200,0,0,0,10057693,10057693,2940
79706,315,8,1074,0,0,11200,0,0,0,10059633,10059633,2940
79721,315,111,1074,0,0,11200,0,0,0,10062015,10062015,2940
79737,315,163,1074,0,0,11200,0,0,0,10064447,10064447,2940
79752,315,218,1074,0,0,11200,0,0,0,10066667,10066667,2940
79767,315,272,1074,0,0,11200,0,0,0,10068889,10068889,2940
79782,315,347,1074,0,0,11200,0,0,0,10071174,10071174,2940
79798,315,411,1074,0,0,11200,0,0,0,10073524,10073524,2940
79813,315,491,1074,0,0,11200,0,0,0,10075346,10075346,2940
79828,315,563,1074,0,0,11200,0,0,0,10077230,10077230,2940
79843,315,602,1074,0,0,11200,0,0,0,10078785,10078785,2940
79858,315,670,1074,0,0,11200,0,0,0,10080358,10080358,2940
79873,315,714,1074,0,0,11200,0,0,0,10081514,10081514,2940
79889,315,770,1074,0,0,11200,0,0,0,10083282,10083282,2940
79904,315,832,1074,0,0,11200,0,0,0,10085046,10085046,2940
79919,315,913,1074,0,0,11200,0,0,0,10086601,10086601,2940
79934,315,994,1074,0,0,11200,0,0,0,10088828,10088828,2940
79950,316,1056,1075,1,0,11200,0,0,0,10090586,10090586,2941
79965,316,62,1075,0,0,11200,0,0,0,10092967,10092967,2941
79981,316,148,1075,0,0,11200,0,0,0,10095366,10095366,2941
79996,316,212,1075,0,0,11200,0,0,0,10097709,10097709,2941
80011,316,270,1075,0,0,11200,0,0,0,10100016,10100016,2941
80027,316,347,1075,0,0,11200,0,0,0,10102058,10102058,2941
80042,316,410,1075,0,0,11200,0,0,0,10104169,10104169,2941
80057,316,474,1075,0,0,11200,0,0,0,10106300,10106300,2941
80072,316,520,1075,0,0,11200,0,0,0,10107890,10107890,2941
80088,316,583,1075,0,0,11200,0,0,0,10109932,10109932,2941
80103,316,634,1075,0,0,11200,0,0,0,10111656,10111656,2941
80118,316,696,1075,0,0,11200,0,0,0,10113458,10113458,2941
80133,316,747,1075,0,0,11200,0,0,0,10114780,10114780,2941
80148,316,812,1075,0,0,11200,0,0,0,10116501,10116501,2941
80180,316,882,1075,0,0,11200,0,0,0,10118442,10118442,2941
80196,316,966,1075,0,0,11200,0,0,0,10120215,10120215,2941
80211,316,1034,1075,0,0,11200,0,0,0,10122273,10122273,2941
80226,317,4,1075,0,0,11200,0,0,0,10123722,10123722,2941
80242,317,114,1075,0,0,11200,0,0,0,10126343,10126343,2941
80257,317,160,1075,0,0,11200,0,0,0,10128673,10128673,2941
80272,317,219,1075,0,0,11200,0,0,0,10131122,10131122,2941
80287,317,269,1075,0,0,11200,0,0,0,10133465,10133465,2941
80302,317,330,1075,0,0,11200,0,0,0,10135457,10135457,2941
80317,317,394,1075,0,0,11200,0,0,0,10137772,10137772,2941
80333,317,455,1075,0,0,11200,0,0,0,10139833,10139833,2941
80348,317,511,1075,0,0,11200,0,0,0,10141690,10141690,2941
80363,317,569,1075,0,0,11200,0,0,0,10143663,10143663,2941
80379,317,619,1075,0,0,11200,0,0,0,10145358,10145358,2941
80394,317,697,1075,0,0,11200,0,0,0,10147111,10147111,2941
80409,317,758,1075,0,0,11200,0,0,0,10148703,10148703,2941
80425,317,817,1075,0,0,11200,0,0,0,10150744,10150744,2941
80447,317,882,1075,0,0,11200,0,0,0,10152367,10152367,2941
80462,317,959,1075,0,0,11200,0,0,0,10154437,10154437,2941
80478,317,1029,1075,0,0,11200,0,0,0,10156287,10156287,2941
80493,318,17,1075,0,0,11200,0,0,0,10158350,10158350,2941
80508,318,126,1075,0,0,11200,0,0,0,10160891,10160891,2941
80523,318,180,1075,0,0,11200,0,0,0,10163309,10163309,2941
80538,318,230,1075,0,0,11200,0,0,0,10165582,10165582,2941
80553,318,278,1075,0,0,11200,0,0,0,10167729,10167729,2941
80569,318,358,1075,0,0,11200,0,0,0,10170022,10170022,2941
80584,318,434,1075,0,0,11200,0,0,0,10172333,10172333,2941
80599,318,502,1075,0,0,11200,0,0,0,10174129,10174129,2941
80615,318,561,1075,0,0,11200,0,0,0,10176249,10176249,2941
80630,318,598,1075,0,0,11200,0,0,0,10177879,10177879,2941
80645,318,660,1075,0,0,11200,0,0,0,10179496,10179496,2941
80660,318,710,1075,0,0,11200,0,0,0,10180732,10180732,2941
80676,318,777,1075,0,0,11200,0,0,0,10182702,10182702,2941
80691,318,845,1075,0,0,11200,0,0,0,10184680,10184680,2941
80711,318,882,1075,0,0,11200,0,0,0,10185420,10185420,2941
80727,318,965,1075,0,0,11200,0,0,0,10187548,10187548,2941
80742,318,1026,1075,0,0,11200,0,0,0,10189300,10189300,2941
80757,319,16,1075,0,0,11200,0,0,0,10191312,10191312,2941
80772,319,122,1075,0,0,11200,0,0,0,10193970,10193970,2941
80788,319,164,1075,0,0,11200,0,0,0,10196452,10196452,2941
80803,319,210,1075,0,0,11200,0,0,0,10198383,10198383,2941
80818,319,252,1075,0,0,11200,0,0,0,10200597,10200597,2941
80833,319,313,1075,0,0,11200,0,0,0,10202910,10202910,2941
80848,319,384,1075,0,0,11200,0,0,0,10205213,10205213,2941
80864,319,455,1075,0,0,11200,0,0,0,10207214,10207214,2941
80879,319,522,1075,0,0,11200,0,0,0,10208913,10208913,2941
80895,319,581,1075,0,0,11200,0,0,0,10210704,10210704,2941
80910,319,631,1075,0,0,11200,0,0,0,10212493,10212493,2941
80925,319,681,1075,0,0,11200,0,0,0,10214122,10214122,2941
80940,319,730,1075,0,0,11200,0,0,0,10215736,10215736,2941
80956,319,786,1075,0,0,11200,0,0,0,10217397,10217397,2941
80971,319,853,1075,0,0,11200,0,0,0,10219410,10219410,2941
80986,319,926,1075,0,0,11200,0,0,0,10221144,10221144,2941
81001,319,998,1075,0,0,11200,0,0,0,10223167,10223167,2941
81016,320,1070,1075,0,0,11200,0,0,0,10224812,10224812,2941
81032,320,108,1075,0,0,11200,0,0,0,10227289,10227289,2941
81047,320,149,1075,0,0,11200,0,0,0,10229826,10229826,2941
81062,320,210,1075,0,0,11200,0,0,0,10232108,10232108,2941
81078,320,257,1075,0,0,11200,0,0,0,10234237,10234237,2941
81093,320,307,1075,0,0,11200,0,0,0,10236321,10236321,2941
81108,320,377,1075,0,0,11200,0,0,0,10238465,10238465,2941
81123,320,443,1075,0,0,11200,0,0,0,10240511,10240511,2941
81138,320,490,1075,0,0,11200,0,0,0,10242133,10242133,2941
81154,320,530,1075,0,0,11200,0,0,0,10244099,10244099,2941
81169,320,593,1075,0,0,11200,0,0,0,10245933,10245933,2941
81185,320,644,1075,0,0,11200,0,0,0,10247501,10247501,2941
81200,320,696,1075,0,0,11200,0,0,0,10249080,10249080,2941
81215,320,733,1075,0,0,11200,0,0,0,10250220,10250220,2941
81231,320,783,1075,0,0,11200,0,0,0,10252095,10252095,2941
81246,320,854,1075,0,0,11200,0,0,0,10254134,10254134,2941
81263,320,882,1075,0,0,11200,0,0,0,10254789,10254789,2941
81278,320,970,1075,0,0,11200,0,0,0,10256764,10256764,2941
81293,320,1028,1075,0,0,11200,0,0,0,10258367,10258367,2941
81309,321,20,1075,0,0,11200,0,0,0,10260614,10260614,2941
81324,321,141,1075,0,0,11200,0,0,0,10263322,10263322,2941
81339,321,194,1075,0,0,11200,0,0,0,10265578,10265578,2941
81354,321,239,1075,0,0,11200,0,0,0,10267687,10267687,2941
81369,321,304,1075,0,0,11200,0,0,0,10269841,10269841,2941
81385,321,383,1075,0,0,11200,0,0,0,10272171,10272171,2941
81400,321,442,1075,0,0,11200,0,0,0,10274325,10274325,2941
81415,321,489,1075,0,0,11200,0,0,0,10275871,10275871,2941
81430,321,525,1075,0,0,11200,0,0,0,10277139,10277139,2941
81445,321,583,1075,0,0,11200,0,0,0,10278916,10278916,2941
81461,321,630,1075,0,0,11200,0,0,0,10280579,10280579,2941
81477,321,701,1075,0,0,11200,0,0,0,10282490,10282490,2941
81492,321,754,1075,0,0,11200,0,0,0,10283788,10283788,2941
81508,321,817,1075,0,0,11200,0,0,0,10285616,10285616,2941
81524,321,883,1075,0,0,11200,0,0,0,10287277,10287277,2941
81539,321,983,1075,0,0,11200,0,0,0,10289332,10289332,2941
81554,322,1064,1075,0,0,11200,0,0,0,10291275,10291275,2941
81569,322,95,1075,0,0,11200,0,0,0,10293664,10293664,2941
81585,322,148,1075,0,0,11200,0,0,0,10296040,10296040,2941
81600,322,212,1075,0,0,11200,0,0,0,10298323,10298323,2941
81615,322,270,1075,0,0,11200,0,0,0,10300650,10300650,2941
81631,322,346,1075,0,0,11200,0,0,0,10302918,10302918,2941
81646,322,424,1075,0,0,11200,0,0,0,10305291,10305291,2941
81662,322,476,1075,0,0,11200,0,0,0,10306921,10306921,2941
81677,322,538,1075,0,0,11200,0,0,0,10308822,10308822,2941
81692,322,589,1075,0,0,11200,0,0,0,10310364,10310364,2941
81707,322,638,1075,0,0,11200,0,0,0,10311917,10311917,2941
81722,322,690,1075,0,0,11200,0,0,0,10313645,10313645,2941
81738,322,724,1075,0,0,11200,0,0,0,10314849,10314849,2941
81754,322,775,1075,0,0,11200,0,0,0,10316479,10316479,2941
81769,322,832,1075,0,0,11200,0,0,0,10318480,10318480,2941
81784,322,893,1075,0,0,11200,0,0,0,10319774,10319774,2941
81799,322,972,1075,0,0,11200,0,0,0,10321877,10321877,2941
81814,323,1048,1075,0,0,11200,0,0,0,10324041,10324041,2941
81830,323,27,1075,0,0,11200,0,0,0,10326414,10326414,2941
81845,323,140,1075,0,0,11200,0,0,0,10328951,10328951,2941
81860,323,187,1075,0,0,11200,0,0,0,10331118,10331118,2941
81875,323,241,1075,0,0,11200,0,0,0,10333349,10333349,2941
81891,323,306,1075,0,0,11200,0,0,0,10335601,10335601,2941
81906,323,368,1075,0,0,11200,0,0,0,10337813,10337813,2941
81922,323,435,1075,0,0,11200,0,0,0,10339967,10339967,2941
81937,323,502,1075,0,0,11200,0,0,0,10341764,10341764,2941
81952,323,553,1075,0,0,11200,0,0,0,10343782,10343782,2941
81968,323,596,1075,0,0,11200,0,0,0,10345358,10345358,2941
81984,323,664,1075,0,0,11200,0,0,0,10347128,10347128,2941
82007,323,710,1075,0,0,11200,0,0,0,10348686,10348686,2941
82022,323,763,1075,0,0,11200,0,0,0,10350302,10350302,2941
82038,323,827,1075,0,0,11200,0,0,0,10352272,10352272,2941
82064,323,882,1075,0,0,11200,0,0,0,10353823,10353823,2941
82080,323,982,1075,0,0,11200,0,0,0,10355953,10355953,2941
82095,324,1052,1075,0,0,11200,0,0,0,10357912,10357912,2941
82111,324,19,1075,0,0,11200,0,0,0,10359857,10359857,2941
82126,324,122,1075,0,0,11200,0,0,0,10362207,10362207,2941
82142,324,178,1075,0,0,11200,0,0,0,10364517,10364517,2941
82157,324,222,1075,0,0,11200,0,0,0,10366510,10366510,2941
82172,324,269,1075,0,0,11200,0,0,0,10368551,10368551,2941
82188,324,330,1075,0,0,11200,0,0,0,10370746,10370746,2941
82203,324,389,1075,0,0,11200,0,0,0,10372872,10372872,2941
82218,324,451,1075,0,0,11200,0,0,0,10375014,10375014,2941
82234,324,496,1075,0,0,11200,0,0,0,10376177,10376177,2941
82250,324,551,1075,0,0,11200,0,0,0,10378063,10378063,2941
82265,324,595,1075,0,0,11200,0,0,0,10379718,10379718,2941
82281,324,652,1075,0,0,11200,0,0,0,10381379,10381379,2941
82297,324,700,1075,0,0,11200,0,0,0,10382903,10382903,2941
82312,324,746,1075,0,0,11200,0,0,0,10384214,10384214,2941
82327,324,817,1075,0,0,11200,0,0,0,10386339,10386339,2941
82346,324,882,1075,0,0,11200,0,0,0,10388028,10388028,2941
82361,324,970,1075,0,0,11200,0,0,0,10390090,10390090,2941
82377,325,1046,1075,0,0,11200,0,0,0,10392230,10392230,2941
82392,325,26,1075,0,0,11200,0,0,0,10394494,10394494,2941
82408,325,132,1075,0,0,11200,0,0,0,10397171,10397171,2941
82423,325,165,1075,0,0,11200,0,0,0,10399327,10399327,2941
82439,325,232,1075,0,0,11200,0,0,0,10401598,10401598,2941
82454,325,283,1075,0,0,11200,0,0,0,10403834,10403834,2941
82469,325,360,1075,0,0,11200,0,0,0,10406083,10406083,2941
82484,325,440,1075,0,0,11200,0,0,0,10408288,10408288,2941
82500,325,490,1075,0,0,11200,0,0,0,10409710,10409710,2941
82516,325,535,1075,0,0,11200,0,0,0,10411572,10411572,2941
82531,325,595,1075,0,0,11200,0,0,0,10413116,10413116,2941
82546,325,645,1075,0,0,11200,0,0,0,10414651,10414651,2941
82566,325,710,1075,0,0,11200,0,0,0,10416235,10416235,2941
82581,325,763,1075,0,0,11200,0,0,0,10418132,10418132,2941
82596,325,813,1075,0,0,11200,0,0,0,10419907,10419907,2941
82612,325,860,1075,0,0,11200,0,0,0,10421658,10421658,2941
82628,325,882,1075,0,0,11200,0,0,0,10421996,10421996,2941
82643,325,950,1075,0,0,11200,0,0,0,10424021,10424021,2941
82658,326,1056,1075,0,0,11200,0,0,0,10426224,10426224,2941
82674,326,35,1075,0,0,11200,0,0,0,10428780,10428780,2941
82689,326,139,1075,0,0,11200,0,0,0,10431278,10431278,2941
82704,326,193,1075,0,0,11200,0,0,0,10433509,10433509,2941
82719,326,237,1075,0,0,11200,0,0,0,10435701,10435701,2941
82735,326,303,1075,0,0,11200,0,0,0,10438090,10438090,2941
82750,326,364,1075,0,0,11200,0,0,0,10440036,10440036,2941
82765,326,436,1075,0,0,11200,0,0,0,10442178,10442178,2941
82781,326,493,1075,0,0,11200,0,0,0,10443775,10443775,2941
82796,326,556,1075,0,0,11200,0,0,0,10445782,10445782,2941
82812,326,617,1075,0,0,11200,0,0,0,10447766,10447766,2941
82827,326,670,1075,0,0,11200,0,0,0,10449483,10449483,2941
82842,326,747,1075,0,0,11200,0,0,0,10451201,10451201,2941
82857,326,813,1075,0,0,11200,0,0,0,10452972,10452972,2941
82872,326,869,1075,0,0,11200,0,0,0,10454751,10454751,2941
82889,326,882,1075,0,0,11200,0,0,0,10454887,10454887,2941
82905,326,956,1075,0,0,11200,0,0,0,10456925,10456925,2941
82920,326,1029,1075,0,0,11200,0,0,0,10458936,10458936,2941
82935,327,17,1075,0,0,11200,0,0,0,10461054,10461054,2941
82950,327,139,1075,0,0,11200,0,0,0,10463776,10463776,2941
82966,327,193,1075,0,0,11200,0,0,0,10466014,10466014,2941
82982,327,246,1075,0,0,11200,0,0,0,10468391,10468391,2941
82997,327,314,1075,0,0,11200,0,0,0,10470643,10470643,2941
83012,327,377,1075,0,0,11200,0,0,0,10472819,10472819,2941
83028,327,443,1075,0,0,11200,0,0,0,10474824,10474824,2941
83043,327,511,1075,0,0,11200,0,0,0,10476600,10476600,2941
83058,327,575,1075,0,0,11200,0,0,0,10478503,10478503,2941
83073,327,610,1075,0,0,11200,0,0,0,10480014,10480014,2941
83089,327,678,1075,0,0,11200,0,0,0,10481672,10481672,2941
83105,327,741,1075,0,0,11200,0,0,0,10483544,10483544,2941
83120,327,801,1075,0,0,11200,0,0,0,10485130,10485130,2941
83137,327,882,1075,0,0,11200,0,0,0,10487121,10487121,2941
83153,327,959,1075,0,0,11200,0,0,0,10489042,10489042,2941
83168,327,1023,1075,0,0,11200,0,0,0,10490894,10490894,2941
83183,328,10,1075,0,0,11200,0,0,0,10492701,10492701,2941
83198,328,126,1075,0,0,11200,0,0,0,10495124,10495124,2941
83214,328,178,1075,0,0,11200,0,0,0,10497300,10497300,2941
83229,328,226,1075,0,0,11200,0,0,0,10499400,10499400,2941
83245,328,289,1075,0,0,11200,0,0,0,10501776,10501776,2941
83260,328,354,1075,0,0,11200,0,0,0,10503818,10503818,2941
83275,328,428,1075,0,0,11200,0,0,0,10505778,10505778,2941
83290,328,492,1075,0,0,11200,0,0,0,10507878,10507878,2941
83305,328,537,1075,0,0,11200,0,0,0,10509559,10509559,2941
83320,328,594,1075,0,0,11200,0,0,0,10511333,10511333,2941
83336,328,649,1075,0,0,11200,0,0,0,10513189,10513189,2941
83351,328,689,1075,0,0,11200,0,0,0,10514591,10514591,2941
83366,328,732,1075,0,0,11200,0,0,0,10516054,10516054,2941
83381,328,794,1075,0,0,11200,0,0,0,10518096,10518096,2941
83397,328,854,1075,0,0,11200,0,0,0,10520162,10520162,2941
83436,328,882,1075,0,0,11200,0,0,0,10520777,10520777,2941
83451,328,966,1075,0,0,11200,0,0,0,10522816,10522816,2941
83466,328,1029,1075,0,0,11200,0,0,0,10524648,10524648,2941
83481,329,15,1075,0,0,11200,0,0,0,10526806,10526806,2941
83496,329,131,1075,0,0,11200,0,0,0,10529362,10529362,2941
83512,329,180,1075,0,0,11200,0,0,0,10531717,10531717,2941
83527,329,223,1075,0,0,11200,0,0,0,10533806,10533806,2941
83543,329,277,1075,0,0,11200,0,0,0,10536082,10536082,2941
83558,329,346,1075,0,0,11200,0,0,0,10538107,10538107,2941
83573,329,396,1075,0,0,11200,0,0,0,10539987,10539987,2941
83589,329,462,1075,0,0,11200,0,0,0,10541968,10541968,2941
83604,329,516,1075,0,0,11200,0,0,0,10543657,10543657,2941
83619,329,573,1075,0,0,11200,0,0,0,10545742,10545742,2941
83634,329,617,1075,0,0,11200,0,0,0,10547401,10547401,2941
83650,329,675,1075,0,0,11200,0,0,0,10549220,10549220,2941
83665,329,726,1075,0,0,11200,0,0,0,10550736,10550736,2941
83680,329,798,1075,0,0,11200,0,0,0,10552573,10552573,2941
83702,329,882,1075,0,0,11200,0,0,0,10554645,10554645,2941
83717,329,962,1075,0,0,11200,0,0,0,10556647,10556647,2941
83733,329,1028,1075,0,0,11200,0,0,0,10558723,10558723,2941
83748,330,31,1075,0,0,11200,0,0,0,10561105,10561105,2941
83763,330,146,1075,0,0,11200,0,0,0,10563660,10563660,2941
83778,330,188,1075,0,0,11200,0,0,0,10565676,10565676,2941
83794,330,232,1075,0,0,11200,0,0,0,10567843,10567843,2941
83809,330,290,1075,0,0,11200,0,0,0,10570021,10570021,2941
83824,330,360,1075,0,0,11200,0,0,0,10572269,10572269,2941
83840,330,424,1075,0,0,11200,0,0,0,10574350,10574350,2941
83856,330,496,1075,0,0,11200,0,0,0,10576630,10576630,2941
83871,330,553,1075,0,0,11200,0,0,0,10578575,10578575,2941
83887,330,601,1075,0,0,11200,0,0,0,10580319,10580319,2941
83902,330,652,1075,0,0,11200,0,0,0,10582055,10582055,2941
83917,330,704,1075,0,0,11200,0,0,0,10583474,10583474,2941
83932,330,748,1075,0,0,11200,0,0,0,10584711,10584711,2941
83947,330,811,1075,0,0,11200,0,0,0,10586586,10586586,2941
83990,330,882,1075,0,0,11200,0,0,0,10588668,10588668,2941
84005,330,970,1075,0,0,11200,0,0,0,10590500,10590500,2941
84021,330,1035,1075,0,0,11200,0,0,0,10592402,10592402,2941
84036,331,22,1075,0,0,11200,0,0,0,10594404,10594404,2941
84051,331,121,1075,0,0,11200,0,0,0,10596497,10596497,2941
84067,331,169,1075,0,0,11200,0,0,0,10598902,10598902,2941
84082,331,230,1075,0,0,11200,0,0,0,10601189,10601189,2941
84097,331,277,1075,0,0,11200,0,0,0,10603222,10603222,2941
84112,331,341,1075,0,0,11200,0,0,0,10605323,10605323,2941
84127,331,422,1075,0,0,11200,0,0,0,10607564,10607564,2941
84144,331,473,1075,0,0,11200,0,0,0,10609167,10609167,2941
84159,331,535,1075,0,0,11200,0,0,0,10610974,10610974,2941
84174,331,594,1075,0,0,11200,0,0,0,10612783,10612783,2941
84189,331,654,1075,0,0,11200,0,0,0,10614557,10614557,2941
84209,331,710,1075,0,0,11200,0,0,0,10615819,10615819,2941
84225,331,765,1075,0,0,11200,0,0,0,10617595,10617595,2941
84240,331,840,1075,0,0,11200,0,0,0,10619524,10619524,2941
84261,331,882,1075,0,0,11200,0,0,0,10620662,10620662,2941
84277,331,984,1075,0,0,11200,0,0,0,10622828,10622828,2941
84293,332,1056,1075,0,0,11200,0,0,0,10624632,10624632,2941
84308,332,35,1075,0,0,11200,0,0,0,10626990,10626990,2941
84324,332,146,1075,0,0,11200,0,0,0,10629460,10629460,2941
84339,332,194,1075,0,0,11200,0,0,0,10631686,10631686,2941
84354,332,239,1075,0,0,11200,0,0,0,10633734,10633734,2941
84369,332,301,1075,0,0,11200,0,0,0,10636067,10636067,2941
84385,332,358,1075,0,0,11200,0,0,0,10638128,10638128,2941
84400,332,417,1075,0,0,11200,0,0,0,10640159,10640159,2941
84415,332,474,1075,0,0,11200,0,0,0,10642235,10642235,2941
84431,332,529,1075,0,0,11200,0,0,0,10644019,10644019,2941
84446,332,593,1075,0,0,11200,0,0,0,10646003,10646003,2941
84461,332,647,1075,0,0,11200,0,0,0,10647683,10647683,2941
84478,332,710,1075,0,0,11200,0,0,0,10649536,10649536,2941
84494,332,763,1075,0,0,11200,0,0,0,10651131,10651131,2941
84509,332,823,1075,0,0,11200,0,0,0,10653054,10653054,2941
84529,332,882,1075,0,0,11200,0,0,0,10654733,10654733,2941
84544,332,986,1075,0,0,11200,0,0,0,10656663,10656663,2941
84559,333,1048,1075,0,0,11200,0,0,0,10658453,10658453,2941
84574,333,27,1075,0,0,11200,0,0,0,10660511,10660511,2941
84589,333,134,1075,0,0,11200,0,0,0,10662881,10662881,2941
84605,333,178,1075,0,0,11200,0,0,0,10665172,10665172,2941
84620,333,225,1075,0,0,11200,0,0,0,10667278,10667278,2941
84635,333,300,1075,0,0,11200,0,0,0,10669509,10669509,2941
84651,333,364,1075,0,0,11200,0,0,0,10671748,10671748,2941
84666,333,443,1075,0,0,11200,0,0,0,10673988,10673988,2941
84681,333,510,1075,0,0,11200,0,0,0,10675640,10675640,2941
84696,333,573,1075,0,0,11200,0,0,0,10677653,10677653,2941
84711,333,618,1075,0,0,11200,0,0,0,10679276,10679276,2941
84727,333,699,1075,0,0,11200,0,0,0,10681052,10681052,2941
84744,333,730,1075,0,0,11200,0,0,0,10682172,10682172,2941
84759,333,778,1075,0,0,11200,0,0,0,10683875,10683875,2941
84774,333,840,1075,0,0,11200,0,0,0,10685660,10685660,2941
84792,333,882,1075,0,0,11200,0,0,0,10686575,10686575,2941
84807,333,972,1075,0,0,11200,0,0,0,10688457,10688457,2941
84822,334,1059,1075,0,0,11200,0,0,0,10690577,10690577,2941
84837,334,43,1075,0,0,11200,0,0,0,10692775,10692775,2941
84853,334,143,1075,0,0,11200,0,0,0,10695491,10695491,2941
84868,334,188,1075,0,0,11200,0,0,0,10697636,10697636,2941
84883,334,239,1075,0,0,11200,0,0,0,10699768,10699768,2941
84898,334,309,1075,0,0,11200,0,0,0,10702041,10702041,2941
84913,334,375,1075,0,0,11200,0,0,0,10704335,10704335,2941
84929,334,440,1075,0,0,11200,0,0,0,10706526,10706526,2941
84944,334,488,1075,0,0,11200,0,0,0,10708089,10708089,2941
84959,334,537,1075,0,0,11200,0,0,0,10709906,10709906,2941
84975,334,606,1075,0,0,11200,0,0,0,10711896,10711896,2941
84990,334,667,1075,0,0,11200,0,0,0,10713673,10713673,2941
85007,334,710,1075,0,0,11200,0,0,0,10714987,10714987,2941
85023,334,754,1075,0,0,11200,0,0,0,10716610,10716610,2941
85038,334,817,1075,0,0,11200,0,0,0,10718541,10718541,2941
85070,334,882,1075,0,0,11200,0,0,0,10720421,10720421,2941
85085,334,959,1075,0,0,11200,0,0,0,10722452,10722452,2941
85101,334,1018,1075,0,0,11200,0,0,0,10724252,10724252,2941
85116,335,5,1075,0,0,11200,0,0,0,10726025,10726025,2941
85131,335,105,1075,0,0,11200,0,0,0,10728385,10728385,2941
85146,335,151,1075,0,0,11200,0,0,0,10730578,10730578,2941
85162,335,203,1075,0,0,11200,0,0,0,10732813,10732813,2941
85177,335,262,1075,0,0,11200,0,0,0,10734960,10734960,2941
85192,335,321,1075,0,0,11200,0,0,0,10737114,10737114,2941
85207,335,384,1075,0,0,11200,0,0,0,10739442,10739442,2941
85223,335,447,1075,0,0,11200,0,0,0,10741530,10741530,2941
85238,335,516,1075,0,0,11200,0,0,0,10743519,10743519,2941
85254,335,581,1075,0,0,11200,0,0,0,10745570,10745570,2941
85269,335,621,1075,0,0,11200,0,0,0,10747173,10747173,2941
85284,335,681,1075,0,0,11200,0,0,0,10748907,10748907,2941
85299,335,738,1075,0,0,11200,0,0,0,10750516,10750516,2941
85315,335,800,1075,0,0,11200,0,0,0,10752439,10752439,2941
85330,335,861,1075,0,0,11200,0,0,0,10754315,10754315,2941
85352,335,882,1075,0,0,11200,0,0,0,10754717,10754717,2941
85368,335,983,1075,0,0,11200,0,0,0,10756897,10756897,2941
85383,336,1061,1075,0,0,11200,0,0,0,10758926,10758926,2941
85399,336,27,1075,0,0,11200,0,0,0,10761064,10761064,2941
85414,336,137,1075,0,0,11200,0,0,0,10763603,10763603,2941
85429,336,180,1075,0,0,11200,0,0,0,10765917,10765917,2941
85444,336,228,1075,0,0,11200,0,0,0,10768185,10768185,2941
85460,336,275,1075,0,0,11200,0,0,0,10770516,10770516,2941
85476,336,344,1075,0,0,11200,0,0,0,10772742,10772742,2941
85491,336,408,1075,0,0,11200,0,0,0,10774922,10774922,2941
85506,336,476,1075,0,0,11200,0,0,0,10776810,10776810,2941
85522,336,541,1075,0,0,11200,0,0,0,10778618,10778618,2941
85537,336,605,1075,0,0,11200,0,0,0,10780318,10780318,2941
85553,336,667,1075,0,0,11200,0,0,0,10782158,10782158,2941
85569,336,712,1075,0,0,11200,0,0,0,10783650,10783650,2941
85584,336,775,1075,0,0,11200,0,0,0,10785437,10785437,2941
85599,336,832,1075,0,0,11200,0,0,0,10787395,10787395,2941
85614,336,907,1075,0,0,11200,0,0,0,10788955,10788955,2941
85630,336,984,1075,0,0,11200,0,0,0,10791051,10791051,2941
85645,337,1052,1075,0,0,11200,0,0,0,10792711,10792711,2941
85660,337,22,1075,0,0,11200,0,0,0,10794537,10794537,2941
85676,337,125,1075,0,0,11200,0,0,0,10796982,10796982,2941
85691,337,165,1075,0,0,11200,0,0,0,10799358,10799358,2941
85707,337,222,1075,0,0,11200,0,0,0,10801745,10801745,2941
85722,337,271,1075,0,0,11200,0,0,0,10803876,10803876,2941
85737,337,321,1075,0,0,11200,0,0,0,10805841,10805841,2941
85753,337,391,1075,0,0,11200,0,0,0,10808060,10808060,2941
85768,337,456,1075,0,0,11200,0,0,0,10810083,10810083,2941
85783,337,512,1075,0,0,11200,0,0,0,10811910,10811910,2941
85798,337,567,1075,0,0,11200,0,0,0,10813850,10813850,2941
85814,337,613,1075,0,0,11200,0,0,0,10815199,10815199,2941
85829,337,685,1075,0,0,11200,0,0,0,10816870,10816870,2941
85844,337,725,1075,0,0,11200,0,0,0,10817864,10817864,2941
85860,337,775,1075,0,0,11200,0,0,0,10819555,10819555,2941
85875,337,837,1075,0,0,11200,0,0,0,10821619,10821619,2941
85896,337,882,1075,0,0,11200,0,0,0,10822642,10822642,2941
85911,337,962,1075,0,0,11200,0,0,0,10824601,10824601,2941
85927,337,1023,1075,0,0,11200,0,0,0,10826334,10826334,2941
85942,338,12,1075,0,0,11200,0,0,0,10828434,10828434,2941
85957,338,121,1075,0,0,11200,0,0,0,10830629,10830629,2941
85972,338,167,1075,0,0,11200,0,0,0,10832951,10832951,2941
85987,338,226,1075,0,0,11200,0,0,0,10835245,10835245,2941
86003,338,283,1075,0,0,11200,0,0,0,10837537,10837537,2941
86018,338,348,1075,0,0,11200,0,0,0,10839606,10839606,2941
86034,338,428,1075,0,0,11200,0,0,0,10841749,10841749,2941
86050,338,473,1075,0,0,11200,0,0,0,10843492,10843492,2941
86065,338,538,1075,0,0,11200,0,0,0,10845190,10845190,2941
86080,338,593,1075,0,0,11200,0,0,0,10846887,10846887,2941
86095,338,636,1075,0,0,11200,0,0,0,10848257,10848257,2941
86111,338,697,1075,0,0,11200,0,0,0,10849903,10849903,2941
86127,338,747,1075,0,0,11200,0,0,0,10851552,10851552,2941
86142,338,801,1075,0,0,11200,0,0,0,10853040,10853040,2941
86157,338,867,1075,0,0,11200,0,0,0,10854920,10854920,2941
86172,338,931,1075,0,0,11200,0,0,0,10856303,10856303,2941
86188,338,994,1075,0,0,11200,0,0,0,10857925,10857925,2941
86203,339,1070,1075,0,0,11200,0,0,0,10859562,10859562,2941
86218,339,101,1075,0,0,11200,0,0,0,10861908,10861908,2941
86234,339,146,1075,0,0,11200,0,0,0,10864224,10864224,2941
86249,339,203,1075,0,0,11200,0,0,0,10866404,10866404,2941
86264,339,251,1075,0,0,11200,0,0,0,10868702,10868702,2941
86280,339,307,1075,0,0,11200,0,0,0,10870677,10870677,2941
86295,339,375,1075,0,0,11200,0,0,0,10872939,10872939,2941
86310,339,448,1075,0,0,11200,0,0,0,10875055,10875055,2941
86325,339,509,1075,0,0,11200,0,0,0,10876695,10876695,2941
86341,339,567,1075,0,0,11200,0,0,0,10878687,10878687,2941
86356,339,611,1075,0,0,11200,0,0,0,10880229,10880229,2941
86371,339,677,1075,0,0,11200,0,0,0,10881946,10881946,2941
86386,339,716,1075,0,0,11200,0,0,0,10883173,10883173,2941
86403,339,763,1075,0,0,11200,0,0,0,10884996,10884996,2941
86418,339,845,1075,0,0,11200,0,0,0,10887027,10887027,2941
86451,339,882,1075,0,0,11200,0,0,0,10887997,10887997,2941
86466,339,959,1075,0,0,11200,0,0,0,10889948,10889948,2941
86481,339,1034,1075,0,0,11200,0,0,0,10891720,10891720,2941
86496,340,22,1075,0,0,11200,0,0,0,10893919,10893919,2941
86511,340,134,1075,0,0,11200,0,0,0,10896416,10896416,2941
86527,340,188,1075,0,0,11200,0,0,0,10898668,10898668,2941
86542,340,238,1075,0,0,11200,0,0,0,10900724,10900724,2941
86557,340,284,1075,0,0,11200,0,0,0,10902820,10902820,2941
86572,340,355,1075,0,0,11200,0,0,0,10904928,10904928,2941
86587,340,424,1075,0,0,11200,0,0,0,10907104,10907104,2941
86603,340,494,1075,0,0,11200,0,0,0,10909130,10909130,2941
86618,340,561,1075,0,0,11200,0,0,0,10911270,10911270,2941
86633,340,606,1075,0,0,11200,0,0,0,10912909,10912909,2941
86649,340,662,1075,0,0,11200,0,0,0,10914626,10914626,2941
86664,340,710,1075,0,0,11200,0,0,0,10915787,10915787,2941
86679,340,763,1075,0,0,11200,0,0,0,10917517,10917517,2941
86694,340,822,1075,0,0,11200,0,0,0,10919425,10919425,2941
86710,340,881,1075,0,0,11200,0,0,0,10921161,10921161,2941
86725,340,905,1075,0,0,11200,0,0,0,10921738,10921738,2941
86740,340,988,1075,0,0,11200,0,0,0,10923883,10923883,2941
86756,341,1046,1075,0,0,11200,0,0,0,10925680,10925680,2941
86771,341,31,1075,0,0,11200,0,0,0,10927967,10927967,2941
86786,341,138,1075,0,0,11200,0,0,0,10930546,10930546,2941
86802,341,178,1075,0,0,11200,0,0,0,10932634,10932634,2941
86817,341,230,1075,0,0,11200,0,0,0,10934831,10934831,2941
86832,341,282,1075,0,0,11200,0,0,0,10937093,10937093,2941
86847,341,355,1075,0,0,11200,0,0,0,10939331,10939331,2941
86863,341,430,1075,0,0,11200,0,0,0,10941354,10941354,2941
86878,341,493,1075,0,0,11200,0,0,0,10943294,10943294,2941
86893,341,561,1075,0,0,11200,0,0,0,10945259,10945259,2941
86908,341,621,1075,0,0,11200,0,0,0,10946940,10946940,2941
86923,341,683,1075,0,0,11200,0,0,0,10948643,10948643,2941
86938,341,732,1075,0,0,11200,0,0,0,10949803,10949803,2941
86953,341,800,1075,0,0,11200,0,0,0,10951659,10951659,2941
86968,341,857,1075,0,0,11200,0,0,0,10953524,10953524,2941
86989,341,882,1075,0,0,11200,0,0,0,10953960,10953960,2941
87004,341,954,1075,0,0,11200,0,0,0,10955930,10955930,2941
87020,341,1029,1075,0,0,11200,0,0,0,10957873,10957873,2941
87035,342,8,1075,0,0,11200,0,0,0,10959842,10959842,2941
87050,342,124,1075,0,0,11200,0,0,0,10962374,10962374,2941
87065,342,180,1075,0,0,11200,0,0,0,10964668,10964668,2941
87081,342,238,1075,0,0,11200,0,0,0,10966940,10966940,2941
87096,342,292,1075,0,0,11200,0,0,0,10969170,10969170,2941
87112,342,357,1075,0,0,11200,0,0,0,10971445,10971445,2941
87127,342,423,1075,0,0,11200,0,0,0,10973645,10973645,2941
87142,342,488,1075,0,0,11200,0,0,0,10975533,10975533,2941
87157,342,553,1075,0,0,11200,0,0,0,10977517,10977517,2941
87172,342,606,1075,0,0,11200,0,0,0,10979308,10979308,2941
87187,342,658,1075,0,0,11200,0,0,0,10980952,10980952,2941
87203,342,702,1075,0,0,11200,0,0,0,10982274,10982274,2941
87218,342,765,1075,0,0,11200,0,0,0,10984053,10984053,2941
87233,342,818,1075,0,0,11200,0,0,0,10985724,10985724,2941
87254,342,882,1075,0,0,11200,0,0,0,10987386,10987386,2941
87269,342,962,1075,0,0,11200,0,0,0,10989363,10989363,2941
87285,342,1042,1075,0,0,11200,0,0,0,10991382,10991382,2941
87300,343,27,1075,0,0,11200,0,0,0,10993649,10993649,2941
87316,343,131,1075,0,0,11200,0,0,0,10996153,10996153,2941
87331,343,187,1075,0,0,11200,0,0,0,10998445,10998445,2941
87346,343,234,1075,0,0,11200,0,0,0,11000578,11000578,2941
87361,343,297,1075,0,0,11200,0,0,0,11002687,11002687,2941
87377,343,371,1075,0,0,11200,0,0,0,11004881,11004881,2941
87392,343,429,1075,0,0,11200,0,0,0,11006777,11006777,2941
87408,343,490,1075,0,0,11200,0,0,0,11008702,11008702,2941
87423,343,553,1075,0,0,11200,0,0,0,11010755,11010755,2941
87440,343,602,1075,0,0,11200,0,0,0,11012618,11012618,2941
87455,343,681,1075,0,0,11200,0,0,0,11014572,11014572,2941
87471,343,730,1075,0,0,11200,0,0,0,11016103,11016103,2941
87486,343,787,1076,1,0,11200,0,0,0,11017720,11017720,2941
87501,343,851,1076,1,0,11200,0,0,0,11019545,11019545,2941
87522,343,882,1076,1,0,11200,0,0,0,11020570,11020570,2941
87537,343,966,1076,1,0,11200,0,0,0,11022512,11022512,2941
87553,343,1027,1076,1,0,11200,0,0,0,11024335,11024335,2941
87568,344,1,1076,1,0,11200,0,0,0,11026208,11026208,2941
87583,344,108,1076,1,0,11200,0,0,0,11028701,11028701,2941
87599,344,158,1076,1,0,11200,0,0,0,11031141,11031141,2941
87614,344,212,1076,1,0,11200,0,0,0,11033378,11033378,2941
87629,344,256,1076,1,0,11200,0,0,0,11035383,11035383,2941
87644,344,309,1076,1,0,11200,0,0,0,11037484,11037484,2941
87659,344,374,1076,1,0,11200,0,0,0,11039680,11039680,2941
87675,344,424,1076,1,0,11200,0,0,0,11041533,11041533,2941
87694,344,490,1076,1,0,11200,0,0,0,11043614,11043614,2941
87710,344,552,1076,1,0,11200,0,0,0,11045684,11045684,2941
87726,344,606,1076,1,0,11200,0,0,0,11047087,11047087,2941
87741,344,670,1076,1,0,11200,0,0,0,11048575,11048575,2941
87763,344,710,1076,1,0,11200,0,0,0,11049863,11049863,2941
87778,344,769,1076,1,0,11200,0,0,0,11051572,11051572,2941
87793,344,829,1076,1,0,11200,0,0,0,11053364,11053364,2941
87809,344,899,1076,1,0,11200,0,0,0,11055206,11055206,2941
87824,344,979,1076,1,0,11200,0,0,0,11057230,11057230,2941
87839,345,1056,1076,1,0,11200,0,0,0,11059324,11059324,2941
87855,345,32,1076,1,0,11200,0,0,0,11061555,11061555,2941
87870,345,141,1076,1,0,11200,0,0,0,11064322,11064322,2941
87885,345,184,1076,1,0,11200,0,0,0,11066407,11066407,2941
87900,345,246,1076,1,0,11200,0,0,0,11068612,11068612,2941
87916,345,307,1076,1,0,11200,0,0,0,11070877,11070877,2941
87931,345,375,1076,1,0,11200,0,0,0,11073107,11073107,2941
87947,345,440,1076,1,0,11200,0,0,0,11075217,11075217,2941
87962,345,509,1076,1,0,11200,0,0,0,11077004,11077004,2941
87977,345,562,1076,1,0,11200,0,0,0,11078950,11078950,2941
87993,345,606,1076,1,0,11200,0,0,0,11080450,11080450,2941
88009,345,677,1076,1,0,11200,0,0,0,11082312,11082312,2941
88024,345,733,1076,1,0,11200,0,0,0,11083910,11083910,2941
88039,345,794,1076,1,0,11200,0,0,0,11085543,11085543,2941
88055,345,869,1076,1,0,11200,0,0,0,11087427,11087427,2941
88070,345,905,1076,1,0,11200,0,0,0,11088318,11088318,2941
88085,345,972,1076,1,0,11200,0,0,0,11090312,11090312,2941
88101,345,1042,1076,1,0,11200,0,0,0,11092220,11092220,2941
88117,346,12,1076,1,0,11200,0,0,0,11093907,11093907,2941
88132,346,120,1076,1,0,11200,0,0,0,11096437,11096437,2941
88148,346,160,1076,1,0,11200,0,0,0,11098644,11098644,2941
88163,346,210,1076,1,0,11200,0,0,0,11100660,11100660,2941
88179,346,252,1076,1,0,11200,0,0,0,11102842,11102842,2941
88194,346,308,1076,1,0,11200,0,0,0,11104951,11104951,2941
88209,346,376,1076,1,0,11200,0,0,0,11107049,11107049,2941
88224,346,436,1076,1,0,11200,0,0,0,11109096,11109096,2941
88239,346,502,1076,1,0,11200,0,0,0,11110752,11110752,2941
88255,346,562,1076,1,0,11200,0,0,0,11112755,11112755,2941
88271,346,613,1076,1,0,11200,0,0,0,11114455,11114455,2941
88286,346,682,1076,1,0,11200,0,0,0,11115976,11115976,2941
88301,346,713,1076,1,0,11200,0,0,0,11117041,11117041,2941
88317,346,794,1076,1,0,11200,0,0,0,11118770,11118770,2941
88333,346,851,1076,1,0,11200,0,0,0,11120797,11120797,2941
88361,346,882,1076,1,0,11200,0,0,0,11121651,11121651,2941
88377,346,971,1076,1,0,11200,0,0,0,11123695,11123695,2941
88392,347,1046,1076,1,0,11200,0,0,0,11125710,11125710,2941
88407,347,24,1076,1,0,11200,0,0,0,11127882,11127882,2941
88422,347,122,1076,1,0,11200,0,0,0,11130178,11130178,2941
88437,347,164,1076,1,0,11200,0,0,0,11132457,11132457,2941
88453,347,215,1076,1,0,11200,0,0,0,11134609,11134609,2941
88468,347,266,1076,1,0,11200,0,0,0,11136720,11136720,2941
88483,347,325,1076,1,0,11200,0,0,0,11138768,11138768,2941
88498,347,380,1076,1,0,11200,0,0,0,11140918,11140918,2941
88514,347,464,1076,1,0,11200,0,0,0,11143131,11143131,2941
88529,347,496,1076,1,0,11200,0,0,0,11144288,11144288,2941
88544,347,552,1076,1,0,11200,0,0,0,11146008,11146008,2941
88559,347,601,1076,1,0,11200,0,0,0,11147865,11147865,2941
88575,347,670,1076,1,0,11200,0,0,0,11149742,11149742,2941
88591,347,722,1076,1,0,11200,0,0,0,11151180,11151180,2941
88606,347,782,1076,1,0,11200,0,0,0,11152857,11152857,2941
88621,347,849,1076,1,0,11200,0,0,0,11154932,11154932,2941
88637,347,942,1076,1,0,11200,0,0,0,11157002,11157002,2941
88653,347,1018,1076,1,0,11200,0,0,0,11159051,11159051,2941
88668,348,11,1076,1,0,11200,0,0,0,11160997,11160997,2941
88683,348,120,1076,1,0,11200,0,0,0,11163430,11163430,2941
88698,348,167,1076,1,0,11200,0,0,0,11165602,11165602,2941
88713,348,226,1076,1,0,11200,0,0,0,11167704,11167704,2941
88728,348,278,1076,1,0,11200,0,0,0,11169900,11169900,2941
88744,348,360,1076,1,0,11200,0,0,0,11172095,11172095,2941
88759,348,424,1076,1,0,11200,0,0,0,11174173,11174173,2941
88776,348,473,1076,1,0,11200,0,0,0,11176171,11176171,2941
88791,348,516,1076,1,0,11200,0,0,0,11177647,11177647,2941
88807,348,583,1076,1,0,11200,0,0,0,11179723,11179723,2941
88822,348,631,1076,1,0,11200,0,0,0,11181272,11181272,2941
88839,348,685,1076,1,0,11200,0,0,0,11182935,11182935,2941
88854,348,754,1076,1,0,11200,0,0,0,11184682,11184682,2941
88869,348,817,1076,1,0,11200,0,0,0,11186501,11186501,2941
88885,348,916,1076,1,0,11200,0,0,0,11188551,11188551,2941
88900,348,990,1076,1,0,11200,0,0,0,11190638,11190638,2941
88915,349,1053,1076,1,0,11200,0,0,0,11192231,11192231,2941
88931,349,23,1076,1,0,11200,0,0,0,11194493,11194493,2941
88946,349,132,1076,1,0,11200,0,0,0,11196810,11196810,2941
88961,349,185,1076,1,0,11200,0,0,0,11199199,11199199,2941
88976,349,228,1076,1,0,11200,0,0,0,11201369,11201369,2941
88992,349,275,1076,1,0,11200,0,0,0,11203573,11203573,2941
89007,349,336,1076,1,0,11200,0,0,0,11205598,11205598,2941
89022,349,394,1076,1,0,11200,0,0,0,11207735,11207735,2941
89038,349,467,1076,1,0,11200,0,0,0,11210029,11210029,2941
89053,349,522,1076,1,0,11200,0,0,0,11211891,11211891,2941
89069,349,581,1076,1,0,11200,0,0,0,11213706,11213706,2941
89084,349,619,1076,1,0,11200,0,0,0,11215217,11215217,2941
89100,349,678,1076,1,0,11200,0,0,0,11216809,11216809,2941
89115,349,718,1076,1,0,11200,0,0,0,11218139,11218139,2941
89130,349,776,1076,1,0,11200,0,0,0,11219840,11219840,2941
89146,349,854,1076,1,0,11200,0,0,0,11221907,11221907,2941
89161,349,911,1076,1,0,11200,0,0,0,11223492,11223492,2941
89177,349,996,1076,1,0,11200,0,0,0,11225518,11225518,2941
89193,350,1073,1076,1,0,11200,0,0,0,11227179,11227179,2941
89209,350,112,1076,1,0,11200,0,0,0,11229685,11229685,2941
89224,350,154,1076,1,0,11200,0,0,0,11231837,11231837,2941
89239,350,209,1076,1,0,11200,0,0,0,11234139,11234139,2941
89254,350,249,1076,1,0,11200,0,0,0,11236097,11236097,2941
89269,350,306,1076,1,0,11200,0,0,0,11238156,11238156,2941
89284,350,375,1076,1,0,11200,0,0,0,11240162,11240162,2941
89299,350,444,1076,1,0,11200,0,0,0,11242381,11242381,2941
89314,350,509,1076,1,0,11200,0,0,0,11244051,11244051,2941
89329,350,565,1076,1,0,11200,0,0,0,11245914,11245914,2941
89344,350,602,1076,1,0,11200,0,0,0,11247420,11247420,2941
89360,350,662,1076,1,0,11200,0,0,0,11249089,11249089,2941
89375,350,710,1076,1,0,11200,0,0,0,11250474,11250474,2941
89391,350,762,1076,1,0,11200,0,0,0,11252091,11252091,2941
89406,350,826,1076,1,0,11200,0,0,0,11254129,11254129,2941
89429,350,882,1076,1,0,11200,0,0,0,11255417,11255417,2941
89444,350,954,1076,1,0,11200,0,0,0,11257232,11257232,2941
89460,350,1026,1076,1,0,11200,0,0,0,11259372,11259372,2941
89475,351,13,1076,1,0,11200,0,0,0,11261373,11261373,2941
89490,351,119,1076,1,0,11200,0,0,0,11263734,11263734,2941
89506,351,165,1076,1,0,11200,0,0,0,11266322,11266322,2941
89521,351,220,1076,1,0,11200,0,0,0,11268676,11268676,2941
89537,351,269,1076,1,0,11200,0,0,0,11270864,11270864,2941
89552,351,329,1076,1,0,11200,0,0,0,11273112,11273112,2941
89568,351,405,1076,1,0,11200,0,0,0,11275344,11275344,2941
89583,351,474,1076,1,0,11200,0,0,0,11277058,11277058,2941
89598,351,531,1076,1,0,11200,0,0,0,11278933,11278933,2941
89614,351,594,1076,1,0,11200,0,0,0,11280909,11280909,2941
89629,351,658,1076,1,0,11200,0,0,0,11282607,11282607,2941
89645,351,707,1076,1,0,11200,0,0,0,11284002,11284002,2941
89660,351,771,1076,1,0,11200,0,0,0,11285790,11285790,2941
89675,351,827,1076,1,0,11200,0,0,0,11287554,11287554,2941
89694,351,882,1076,1,0,11200,0,0,0,11288710,11288710,2941
89709,351,962,1076,1,0,11200,0,0,0,11290720,11290720,2941
89725,351,1029,1076,1,0,11200,0,0,0,11292690,11292690,2941
89740,352,17,1076,0,0,11200,0,0,0,11294510,11294510,2941
89756,352,120,1076,0,0,11200,0,0,0,11296978,11296978,2941
89771,352,166,1076,0,0,11200,0,0,0,11299353,11299353,2941
89787,352,226,1076,0,0,11200,0,0,0,11301609,11301609,2941
89802,352,275,1076,0,0,11200,0,0,0,11303627,11303627,2941
89817,352,347,1076,0,0,11200,0,0,0,11305898,11305898,2941
89832,352,418,1076,0,0,11200,0,0,0,11308049,11308049,2941
89848,352,491,1076,0,0,11200,0,0,0,11310154,11310154,2941
89863,352,552,1076,0,0,11200,0,0,0,11312106,11312106,2941
89878,352,603,1076,0,0,11200,0,0,0,11313732,11313732,2941
89893,352,670,1076,0,0,11200,0,0,0,11315465,11315465,2941
89909,352,707,1076,0,0,11200,0,0,0,11316992,11316992,2941
89924,352,775,1076,0,0,11200,0,0,0,11318566,11318566,2941
89940,352,853,1076,0,0,11200,0,0,0,11320573,11320573,2941
89956,352,882,1076,0,0,11200,0,0,0,11321421,11321421,2941
89972,352,962,1076,0,0,11200,0,0,0,11323484,11323484,2941
89987,352,1034,1076,0,0,11200,0,0,0,11325307,11325307,2941
90002,353,22,1076,0,0,11200,0,0,0,11327490,11327490,2941
90018,353,125,1076,0,0,11200,0,0,0,11329913,11329913,2941
90033,353,169,1076,0,0,11200,0,0,0,11332083,11332083,2941
90048,353,228,1076,0,0,11200,0,0,0,11334408,11334408,2941
90063,353,276,1076,0,0,11200,0,0,0,11336464,11336464,2941
90079,353,347,1076,0,0,11200,0,0,0,11338743,11338743,2941
90094,353,424,1076,0,0,11200,0,0,0,11340737,11340737,2941
90110,353,473,1076,0,0,11200,0,0,0,11342399,11342399,2941
90125,353,530,1076,0,0,11200,0,0,0,11344285,11344285,2941
90141,353,583,1076,0,0,11200,0,0,0,11346213,11346213,2941
90156,353,647,1076,0,0,11200,0,0,0,11348018,11348018,2941
90171,353,702,1076,0,0,11200,0,0,0,11349424,11349424,2941
90186,353,759,1076,0,0,11200,0,0,0,11350998,11350998,2941
90202,353,822,1076,0,0,11200,0,0,0,11352915,11352915,2941
90222,353,882,1076,0,0,11200,0,0,0,11354256,11354256,2941
90237,353,966,1076,0,0,11200,0,0,0,11356135,11356135,2941
90252,354,1046,1076,0,0,11200,0,0,0,11358111,11358111,2941
90267,354,59,1076,0,0,11200,0,0,0,11360612,11360612,2941
90283,354,134,1076,0,0,11200,0,0,0,11362746,11362746,2941
90299,354,180,1076,0,0,11200,0,0,0,11364887,11364887,2941
90314,354,230,1076,0,0,11200,0,0,0,11367149,11367149,2941
90329,354,292,1076,0,0,11200,0,0,0,11369472,11369472,2941
90345,354,348,1076,0,0,11200,0,0,0,11371602,11371602,2941
90360,354,410,1076,0,0,11200,0,0,0,11373698,11373698,2941
90377,354,473,1076,0,0,11200,0,0,0,11375217,11375217,2941
90392,354,537,1076,0,0,11200,0,0,0,11377157,11377157,2941
90408,354,595,1076,0,0,11200,0,0,0,11379095,11379095,2941
90423,354,652,1076,0,0,11200,0,0,0,11380765,11380765,2941
90438,354,702,1076,0,0,11200,0,0,0,11382492,11382492,2941
90454,354,763,1076,0,0,11200,0,0,0,11383894,11383894,2941
90469,354,840,1076,0,0,11200,0,0,0,11385840,11385840,2941
90492,354,882,1076,0,0,11200,0,0,0,11386762,11386762,2941
90507,354,950,1076,0,0,11200,0,0,0,11388678,11388678,2941
90523,354,1021,1076,0,0,11200,0,0,0,11390712,11390712,2941
90538,355,13,1076,0,0,11200,0,0,0,11392927,11392927,2941
90553,355,134,1076,0,0,11200,0,0,0,11395400,11395400,2941
90569,355,182,1076,0,0,11200,0,0,0,11397517,11397517,2941
90584,355,237,1076,0,0,11200,0,0,0,11399515,11399515,2941
90599,355,304,1076,0,0,11200,0,0,0,11401787,11401787,2941
90615,355,383,1076,0,0,11200,0,0,0,11404160,11404160,2941
90630,355,460,1076,0,0,11200,0,0,0,11406345,11406345,2941
90645,355,529,1076,0,0,11200,0,0,0,11408412,11408412,2941
90661,355,596,1076,0,0,11200,0,0,0,11410425,11410425,2941
90676,355,652,1076,0,0,11200,0,0,0,11412204,11412204,2941
90697,355,710,1076,0,0,11200,0,0,0,11413998,11413998,2941
90713,355,775,1076,0,0,11200,0,0,0,11415932,11415932,2941
90729,355,845,1076,0,0,11200,0,0,0,11417803,11417803,2941
90744,355,905,1076,0,0,11200,0,0,0,11419566,11419566,2941
90760,355,982,1076,0,0,11200,0,0,0,11421372,11421372,2941
90775,355,1033,1076,0,0,11200,0,0,0,11423149,11423149,2941
90790,356,16,1076,0,0,11200,0,0,0,11425154,11425154,2941
90806,356,118,1076,0,0,11200,0,0,0,11427775,11427775,2941
90822,356,169,1076,0,0,11200,0,0,0,11430126,11430126,2941
90837,356,234,1076,0,0,11200,0,0,0,11432456,11432456,2941
90852,356,301,1076,0,0,11200,0,0,0,11434636,11434636,2941
90868,356,360,1076,0,0,11200,0,0,0,11436600,11436600,2941
90883,356,443,1076,0,0,11200,0,0,0,11438793,11438793,2941
90898,356,512,1076,0,0,11200,0,0,0,11440649,11440649,2941
90914,356,561,1076,0,0,11200,0,0,0,11442686,11442686,2941
90929,356,617,1076,0,0,11200,0,0,0,11444336,11444336,2941
90945,356,683,1076,0,0,11200,0,0,0,11446013,11446013,2941
90960,356,713,1076,0,0,11200,0,0,0,11446996,11446996,2941
90975,356,775,1076,0,0,11200,0,0,0,11448729,11448729,2941
90990,356,845,1076,0,0,11200,0,0,0,11450709,11450709,2941
91008,356,882,1076,0,0,11200,0,0,0,11451523,11451523,2941
91023,356,971,1076,0,0,11200,0,0,0,11453601,11453601,2941
91039,357,1046,1076,0,0,11200,0,0,0,11455282,11455282,2941
91054,357,19,1076,0,0,11200,0,0,0,11457078,11457078,2941
91069,357,137,1076,0,0,11200,0,0,0,11459506,11459506,2941
91085,357,192,1076,0,0,11200,0,0,0,11461951,11461951,2941
91101,357,248,1076,0,0,11200,0,0,0,11464245,11464245,2941
91116,357,305,1076,0,0,11200,0,0,0,11466274,11466274,2941
91132,357,379,1076,0,0,11200,0,0,0,11468434,11468434,2941
91147,357,448,1076,0,0,11200,0,0,0,11470688,11470688,2941
91162,357,497,1076,0,0,11200,0,0,0,11471984,11471984,2941
91177,357,567,1076,0,0,11200,0,0,0,11474045,11474045,2941
91193,357,619,1076,0,0,11200,0,0,0,11475858,11475858,2941
91208,357,670,1076,0,0,11200,0,0,0,11477491,11477491,2941
91223,357,753,1076,0,0,11200,0,0,0,11479460,11479460,2941
91238,357,811,1076,0,0,11200,0,0,0,11481172,11481172,2941
91263,357,882,1076,0,0,11200,0,0,0,11483100,11483100,2941
91278,357,971,1076,0,0,11200,0,0,0,11485107,11485107,2941
91294,357,1030,1076,0,0,11200,0,0,0,11486933,11486933,2941
91309,358,13,1076,0,0,11200,0,0,0,11488947,11488947,2941
91324,358,119,1076,0,0,11200,0,0,0,11491324,11491324,2941
91339,358,157,1076,0,0,11200,0,0,0,11493692,11493692,2941
91354,358,218,1076,0,0,11200,0,0,0,11495956,11495956,2941
91369,358,269,1076,0,0,11200,0,0,0,11498257,11498257,2941
91385,358,344,1076,0,0,11200,0,0,0,11500559,11500559,2941
91400,358,411,1076,0,0,11200,0,0,0,11502727,11502727,2941
91415,358,473,1076,0,0,11200,0,0,0,11504597,11504597,2941
91431,358,538,1076,0,0,11200,0,0,0,11506907,11506907,2941
91446,358,598,1076,0,0,11200,0,0,0,11508676,11508676,2941
91462,358,643,1076,0,0,11200,0,0,0,11509648,11509648,2941
91478,358,677,1076,0,0,11200,0,0,0,11510678,11510678,2941
91493,358,732,1076,0,0,11200,0,0,0,11512266,11512266,2941
91509,358,787,1076,0,0,11200,0,0,0,11514106,11514106,2941
91524,358,855,1076,0,0,11200,0,0,0,11516265,11516265,2941
91554,358,882,1076,0,0,11200,0,0,0,11516919,11516919,2941
91569,358,966,1076,0,0,11200,0,0,0,11518892,11518892,2941
91584,358,1034,1076,0,0,11200,0,0,0,11520656,11520656,2941
91600,359,16,1076,0,0,11200,0,0,0,11522678,11522678,2941
91615,359,104,1076,0,0,11200,0,0,0,11523795,11523795,2941
91630,359,122,1076,0,0,11200,0,0,0,11524847,11524847,2941
91646,359,142,1076,0,0,11200,0,0,0,11526008,11526008,2941
91662,359,164,1076,0,0,11200,0,0,0,11527096,11527096,2941
91677,359,200,1076,0,0,11200,0,0,0,11528092,11528092,2941
91693,359,215,1076,0,0,11200,0,0,0,11529095,11529095,2941
91709,359,234,1076,0,0,11200,0,0,0,11530110,11530110,2941
91725,359,264,1076,0,0,11200,0,0,0,11531234,11531234,2941
91741,359,307,1076,0,0,11200,0,0,0,11532358,11532358,2941
91757,359,344,1076,0,0,11200,0,0,0,11533404,11533404,2941
91773,359,375,1076,0,0,11200,0,0,0,11534489,11534489,2941
91788,359,402,1076,0,0,11200,0,0,0,11535428,11535428,2941
91803,359,434,1076,0,0,11200,0,0,0,11536433,11536433,2941
91819,359,467,1076,0,0,11200,0,0,0,11537500,11537500,2941
91834,359,502,1076,0,0,11200,0,0,0,11538387,11538387,2941
91850,359,524,1076,0,0,11200,0,0,0,11539312,11539312,2941
91866,359,555,1076,0,0,11200,0,0,0,11540371,11540371,2941
91882,359,585,1076,0,0,11200,0,0,0,11541219,11541219,2941
91897,359,651,1076,0,0,11200,0,0,0,11543090,11543090,2941
91918,359,710,1076,0,0,11200,0,0,0,11544738,11544738,2941
91933,359,769,1076,0,0,11200,0,0,0,11546196,11546196,2941
91949,359,840,1076,0,0,11200,0,0,0,11548187,11548187,2941
91983,359,882,1076,0,0,11200,0,0,0,11549421,11549421,2941
91998,359,959,1076,0,0,11200,0,0,0,11551268,11551268,2941
92014,359,1027,1076,0,0,11200,0,0,0,11553045,11553045,2941
92029,360,19,1076,0,0,11200,0,0,0,11555293,11555293,2941
92044,360,124,1076,0,0,11200,0,0,0,11557692,11557692,2941
92059,360,166,1076,0,0,11200,0,0,0,11559851,11559851,2941
92074,360,224,1076,0,0,11200,0,0,0,11562018,11562018,2941
92090,360,292,1076,0,0,11200,0,0,0,11564389,11564389,2941
92105,360,355,1076,0,0,11200,0,0,0,11566415,11566415,2941
92121,360,422,1076,0,0,11200,0,0,0,11568693,11568693,2941
92136,360,490,1077,1,0,11200,0,0,0,11570701,11570701,2945
92151,360,550,1077,1,0,11200,0,0,0,11572645,11572645,2945
92166,360,597,1077,1,0,11200,0,0,0,11574333,11574333,2945
92182,360,660,1077,1,0,11200,0,0,0,11576038,11576038,2945
92197,360,710,1077,1,0,11200,0,0,0,11577257,11577257,2945
92212,360,771,1077,1,0,11200,0,0,0,11579024,11579024,2945
92228,360,830,1077,1,0,11200,0,0,0,11580968,11580968,2945
92257,360,882,1077,1,0,11200,0,0,0,11582389,11582389,2945
92273,360,959,1077,1,0,11200,0,0,0,11584091,11584091,2945
92289,360,1012,1077,1,0,11200,0,0,0,11585276,11585276,2945
92304,361,1052,1077,1,0,11200,0,0,0,11586360,11586360,2945
92320,361,7,1077,0,0,11200,0,0,0,11587609,11587609,2945
92336,361,43,1077,0,0,11200,0,0,0,11588850,11588850,2945
92351,361,114,1077,0,0,11200,0,0,0,11590139,11590139,2945
92369,361,129,1077,0,0,11200,0,0,0,11591102,11591102,2945
92385,361,161,1077,0,0,11200,0,0,0,11593068,11593068,2945
92400,361,222,1077,0,0,11200,0,0,0,11595323,11595323,2945
92415,361,288,1077,0,0,11200,0,0,0,11597595,11597595,2945
92430,361,345,1077,0,0,11200,0,0,0,11599626,11599626,2945
92445,361,411,1077,0,0,11200,0,0,0,11601665,11601665,2945
92461,361,477,1077,0,0,11200,0,0,0,11603749,11603749,2945
92476,361,541,1077,0,0,11200,0,0,0,11605695,11605695,2945
92491,361,601,1077,0,0,11200,0,0,0,11607550,11607550,2945
92506,361,655,1077,0,0,11200,0,0,0,11609111,11609111,2945
92525,361,710,1077,0,0,11200,0,0,0,11610547,11610547,2945
92540,361,770,1077,0,0,11200,0,0,0,11612428,11612428,2945
92555,361,852,1077,0,0,11200,0,0,0,11614497,11614497,2945
92571,361,923,1077,0,0,11200,0,0,0,11616592,11616592,2945
92587,361,990,1077,0,0,11200,0,0,0,11618455,11618455,2945
92602,362,1054,1077,0,0,11200,0,0,0,11620036,11620036,2945
92618,362,103,1077,0,0,11200,0,0,0,11622235,11622235,2945
92633,362,148,1077,0,0,11200,0,0,0,11624738,11624738,2945
92648,362,199,1077,0,0,11200,0,0,0,11626975,11626975,2945
92663,362,251,1077,0,0,11200,0,0,0,11629136,11629136,2945
92679,362,317,1077,0,0,11200,0,0,0,11631340,11631340,2945
92694,362,407,1077,0,0,11200,0,0,0,11633762,11633762,2945
92712,362,473,1077,0,0,11200,0,0,0,11635754,11635754,2945
92727,362,516,1077,0,0,11200,0,0,0,11637097,11637097,2945
92742,362,581,1077,0,0,11200,0,0,0,11638963,11638963,2945
92757,362,644,1077,0,0,11200,0,0,0,11640638,11640638,2945
92773,362,702,1077,0,0,11200,0,0,0,11642332,11642332,2945
92788,362,763,1077,0,0,11200,0,0,0,11643888,11643888,2945
92803,362,818,1077,0,0,11200,0,0,0,11645771,11645771,2945
92851,362,882,1077,0,0,11200,0,0,0,11647528,11647528,2945
92866,362,970,1077,0,0,11200,0,0,0,11649478,11649478,2945
92882,363,1052,1077,0,0,11200,0,0,0,11651493,11651493,2945
92897,363,16,1077,0,0,11200,0,0,0,11653409,11653409,2945
92913,363,131,1077,0,0,11200,0,0,0,11656044,11656044,2945
92928,363,189,1077,0,0,11200,0,0,0,11658322,11658322,2945
92943,363,234,1077,0,0,11200,0,0,0,11660643,11660643,2945
92958,363,283,1077,0,0,11200,0,0,0,11662980,11662980,2945
92974,363,360,1077,0,0,11200,0,0,0,11665217,11665217,2945
92989,363,430,1077,0,0,11200,0,0,0,11667328,11667328,2945
93005,363,473,1077,0,0,11200,0,0,0,11668657,11668657,2945
93020,363,520,1077,0,0,11200,0,0,0,11670150,11670150,2945
93035,363,588,1077,0,0,11200,0,0,0,11672199,11672199,2945
93051,363,645,1077,0,0,11200,0,0,0,11673930,11673930,2945
93066,363,699,1077,0,0,11200,0,0,0,11675548,11675548,2945
93081,363,769,1077,0,0,11200,0,0,0,11677515,11677515,2945
93096,363,832,1077,0,0,11200,0,0,0,11679361,11679361,2945
93130,363,882,1077,0,0,11200,0,0,0,11680589,11680589,2945
93145,363,974,1077,0,0,11200,0,0,0,11682603,11682603,2945
93164,364,1053,1077,0,0,11200,0,0,0,11684619,11684619,2945
93179,364,28,1077,0,0,11200,0,0,0,11686837,11686837,2945
93195,364,145,1077,0,0,11200,0,0,0,11689366,11689366,2945
93210,364,199,1077,0,0,11200,0,0,0,11691568,11691568,2945
93225,364,252,1077,0,0,11200,0,0,0,11694118,11694118,2945
93240,364,311,1077,0,0,11200,0,0,0,11696328,11696328,2945
93255,364,384,1077,0,0,11200,0,0,0,11698610,11698610,2945
93271,364,466,1077,0,0,11200,0,0,0,11700790,11700790,2945
93286,364,525,1077,0,0,11200,0,0,0,11702375,11702375,2945
93301,364,590,1077,0,0,11200,0,0,0,11704351,11704351,2945
93316,364,640,1077,0,0,11200,0,0,0,11705863,11705863,2945
93331,364,696,1077,0,0,11200,0,0,0,11707478,11707478,2945
93346,364,739,1077,0,0,11200,0,0,0,11708831,11708831,2945
93361,364,782,1077,0,0,11200,0,0,0,11710542,11710542,2945
93377,364,849,1077,0,0,11200,0,0,0,11712508,11712508,2945
93405,364,882,1077,0,0,11200,0,0,0,11713365,11713365,2945
93420,364,941,1077,0,0,11200,0,0,0,11715395,11715395,2945
93435,364,1012,1077,0,0,11200,0,0,0,11717193,11717193,2945
93450,365,1,1077,0,0,11200,0,0,0,11718805,11718805,2945
93466,365,120,1077,0,0,11200,0,0,0,11721482,11721482,2945
93481,365,163,1077,0,0,11200,0,0,0,11723846,11723846,2945
93496,365,216,1077,0,0,11200,0,0,0,11726078,11726078,2945
93511,365,269,1077,0,0,11200,0,0,0,11728352,11728352,2945
93527,365,346,1077,0,0,11200,0,0,0,11730408,11730408,2945
93542,365,407,1077,0,0,11200,0,0,0,11732667,11732667,2945
93562,365,473,1077,0,0,11200,0,0,0,11734955,11734955,2945
93577,365,523,1077,0,0,11200,0,0,0,11736443,11736443,2945
93592,365,571,1077,0,0,11200,0,0,0,11738230,11738230,2945
93608,365,619,1077,0,0,11200,0,0,0,11739846,11739846,2945
93623,365,685,1077,0,0,11200,0,0,0,11741412,11741412,2945
93640,365,719,1077,0,0,11200,0,0,0,11742655,11742655,2945
93655,365,782,1077,0,0,11200,0,0,0,11744361,11744361,2945
93670,365,853,1077,0,0,11200,0,0,0,11746221,11746221,2945
93695,365,882,1077,0,0,11200,0,0,0,11746677,11746677,2945
93710,365,959,1077,0,0,11200,0,0,0,11748619,11748619,2945
93726,365,1028,1078,1,0,11200,0,0,0,11750581,11750581,2945
93741,366,12,1078,1,0,11200,0,0,0,11752473,11752473,2945
93756,366,126,1078,1,0,11200,0,0,0,11755170,11755170,2945
93771,366,169,1078,1,0,11200,0,0,0,11757286,11757286,2945
93787,366,222,1078,1,0,11200,0,0,0,11759541,11759541,2945
93802,366,276,1078,1,0,11200,0,0,0,11761900,11761900,2945
93817,366,357,1078,1,0,11200,0,0,0,11764213,11764213,2945
93832,366,435,1078,1,0,11200,0,0,0,11766427,11766427,2945
93848,366,490,1078,1,0,11200,0,0,0,11768063,11768063,2945
93863,366,548,1078,1,0,11200,0,0,0,11770225,11770225,2945
93879,366,595,1078,1,0,11200,0,0,0,11771924,11771924,2945
93894,366,647,1078,1,0,11200,0,0,0,11773520,11773520,2945
93910,366,698,1078,1,0,11200,0,0,0,11775047,11775047,2945
93925,366,739,1078,1,0,11200,0,0,0,11776437,11776437,2945
93940,366,795,1078,1,0,11200,0,0,0,11778200,11778200,2945
93956,366,860,1078,1,0,11200,0,0,0,11779910,11779910,2945
93971,366,931,1078,1,0,11200,0,0,0,11781399,11781399,2945
93986,366,1006,1078,1,0,11200,0,0,0,11783405,11783405,2945
94004,367,1073,1078,1,0,11200,0,0,0,11785218,11785218,2945
94019,367,107,1079,1,0,11200,0,0,0,11787821,11787821,2945
94034,367,148,1079,1,0,11200,0,0,0,11790282,11790282,2945
94049,367,200,1079,1,0,11200,0,0,0,11792714,11792714,2945
94064,367,251,1079,1,0,11200,0,0,0,11794800,11794800,2945
94080,367,307,1079,1,0,11200,0,0,0,11797123,11797123,2945
94095,367,379,1079,1,0,11200,0,0,0,11799223,11799223,2945
94110,367,446,1079,1,0,11200,0,0,0,11801240,11801240,2945
94125,367,515,1079,1,0,11200,0,0,0,11802875,11802875,2945
94140,367,563,1079,1,0,11200,0,0,0,11804834,11804834,2945
94156,367,623,1079,1,0,11200,0,0,0,11806579,11806579,2945
94171,367,697,1079,1,0,11200,0,0,0,11808300,11808300,2945
94186,367,769,1079,1,0,11200,0,0,0,11810088,11810088,2945
94202,367,828,1079,1,0,11200,0,0,0,11812018,11812018,2945
94222,367,882,1079,1,0,11200,0,0,0,11813570,11813570,2945
94237,367,962,1079,1,0,11200,0,0,0,11815535,11815535,2945
94253,367,1026,1079,1,0,11200,0,0,0,11817378,11817378,2945
94268,368,8,1079,1,0,11200,0,0,0,11819201,11819201,2945
94283,368,120,1079,1,0,11200,0,0,0,11821455,11821455,2945
94298,368,174,1079,1,0,11200,0,0,0,11823867,11823867,2945
94314,368,237,1079,1,0,11200,0,0,0,11826036,11826036,2945
94329,368,303,1079,1,0,11200,0,0,0,11828307,11828307,2945
94344,368,368,1079,1,0,11200,0,0,0,11830508,11830508,2945
94359,368,431,1079,1,0,11200,0,0,0,11832694,11832694,2945
94374,368,496,1079,1,0,11200,0,0,0,11834507,11834507,2945
94389,368,556,1079,1,0,11200,0,0,0,11836652,11836652,2945
94405,368,618,1079,1,0,11200,0,0,0,11838547,11838547,2945
94420,368,678,1079,1,0,11200,0,0,0,11840172,11840172,2945
94436,368,738,1080,2,0,11200,0,0,0,11841902,11841902,2946
94451,368,802,1080,2,0,11200,0,0,0,11844012,11844012,2946
94467,368,866,1080,2,0,11200,0,0,0,11845979,11845979,2946
94482,368,941,1080,2,0,11200,0,0,0,11847538,11847538,2946
94498,368,1018,1081,3,0,11200,0,0,0,11849571,11849571,2947
94513,369,1080,1081,1,0,11200,0,0,0,11851439,11851439,2947
94528,369,119,1081,1,0,11200,0,0,0,11854059,11854059,2947
94544,369,165,1081,1,0,11200,0,0,0,11856577,11856577,2947
94559,369,227,1081,1,0,11200,0,0,0,11858995,11858995,2947
94574,369,270,1081,1,0,11200,0,0,0,11861161,11861161,2947
94590,369,346,1081,1,0,11200,0,0,0,11863353,11863353,2947
94606,369,408,1081,1,0,11200,0,0,0,11865563,11865563,2947
94621,369,488,1081,1,0,11200,0,0,0,11867901,11867901,2947
94636,369,552,1081,1,0,11200,0,0,0,11869924,11869924,2947
94652,369,602,1081,1,0,11200,0,0,0,11871645,11871645,2947
94667,369,664,1081,1,0,11200,0,0,0,11873599,11873599,2947
94685,369,710,1081,1,0,11200,0,0,0,11874932,11874932,2947
94700,369,773,1081,1,0,11200,0,0,0,11876636,11876636,2947
94715,369,840,1081,1,0,11200,0,0,0,11878413,11878413,2947
94735,369,882,1081,1,0,11200,0,0,0,11879565,11879565,2947
94750,369,959,1081,1,0,11200,0,0,0,11881361,11881361,2947
94765,369,1027,1081,1,0,11200,0,0,0,11883234,11883234,2947
94780,370,5,1082,2,0,11200,0,0,0,11885109,11885109,2947
94795,370,111,1082,2,0,11200,0,0,0,11887533,11887533,2947
94811,370,155,1082,2,0,11200,0,0,0,11890030,11890030,2947
94826,370,212,1082,2,0,11200,0,0,0,11892404,11892404,2947
94841,370,252,1082,2,0,11200,0,0,0,11894553,11894553,2947
94856,370,307,1082,2,0,11200,0,0,0,11896745,11896745,2947
94871,370,375,1082,2,0,11200,0,0,0,11899032,11899032,2947
94887,370,433,1082,2,0,11200,0,0,0,11901160,11901160,2947
94902,370,493,1082,2,0,11200,0,0,0,11902852,11902852,2947
94917,370,562,1082,2,0,11200,0,0,0,11905120,11905120,2947
94932,370,619,1082,2,0,11200,0,0,0,11906776,11906776,2947
94950,370,678,1082,2,0,11200,0,0,0,11908402,11908402,2947
94966,370,723,1082,2,0,11200,0,0,0,11909758,11909758,2947
94981,370,783,1082,2,0,11200,0,0,0,11911499,11911499,2947
94996,370,838,1082,2,0,11200,0,0,0,11913388,11913388,2947
95024,370,882,1082,2,0,11200,0,0,0,11914350,11914350,2947
95040,370,963,1082,2,0,11200,0,0,0,11916364,11916364,2947
95055,370,1042,1082,2,0,11200,0,0,0,11918306,11918306,2947
95070,371,27,1082,2,0,11200,0,0,0,11920559,11920559,2947
95086,371,134,1082,2,0,11200,0,0,0,11923302,11923302,2947
95101,371,184,1082,2,0,11200,0,0,0,11925583,11925583,2947
95117,371,237,1082,2,0,11200,0,0,0,11927804,11927804,2947
95132,371,278,1082,2,0,11200,0,0,0,11929986,11929986,2947
95147,371,341,1082,2,0,11200,0,0,0,11931915,11931915,2947
95163,371,398,1082,2,0,11200,0,0,0,11934181,11934181,2947
95178,371,492,1082,2,0,11200,0,0,0,11936600,11936600,2947
95193,371,553,1083,3,0,11200,0,0,0,11938619,11938619,2947
95209,371,615,1083,3,0,11200,0,0,0,11940473,11940473,2947
95224,371,689,1083,3,0,11200,0,0,0,11942309,11942309,2947
95239,371,746,1083,3,0,11200,0,0,0,11943873,11943873,2947
95254,371,798,1083,3,0,11200,0,0,0,11945579,11945579,2947
95269,371,861,1083,3,0,11200,0,0,0,11947662,11947662,2947
95285,371,959,1083,3,0,11200,0,0,0,11949537,11949537,2947
95301,371,1046,1083,3,0,11200,0,0,0,11951789,11951789,2947
95316,372,22,1083,2,0,11200,0,0,0,11953912,11953912,2947
95331,372,132,1083,2,0,11200,0,0,0,11956326,11956326,2947
95346,372,186,1083,2,0,11200,0,0,0,11958787,11958787,2947
95362,372,246,1083,2,0,11200,0,0,0,11961092,11961092,2947
95377,372,303,1083,2,0,11200,0,0,0,11963454,11963454,2947
95393,372,375,1083,2,0,11200,0,0,0,11965565,11965565,2947
95408,372,436,1083,2,0,11200,0,0,0,11967755,11967755,2947
95424,372,502,1083,2,0,11200,0,0,0,11969924,11969924,2947
95439,372,553,1083,2,0,11200,0,0,0,11971731,11971731,2947
95455,372,588,1083,2,0,11200,0,0,0,11972750,11972750,2947
95470,372,603,1083,2,0,11200,0,0,0,11973599,11973599,2947
95487,372,645,1083,2,0,11200,0,0,0,11974589,11974589,2947
95503,372,677,1083,2,0,11200,0,0,0,11975549,11975549,2947
95518,372,704,1083,2,0,11200,0,0,0,11976412,11976412,2947
95534,372,741,1083,2,0,11200,0,0,0,11977254,11977254,2947
95549,372,794,1083,2,0,11200,0,0,0,11978505,11978505,2947
95565,372,857,1083,2,0,11200,0,0,0,11980490,11980490,2947
95589,372,882,1083,2,0,11200,0,0,0,11980955,11980955,2947
95604,372,970,1083,2,0,11200,0,0,0,11982756,11982756,2947
95620,372,1032,1083,2,0,11200,0,0,0,11984622,11984622,2947
95635,373,4,1083,2,0,11200,0,0,0,11986372,11986372,2947
95650,373,112,1083,2,0,11200,0,0,0,11989018,11989018,2947
95665,373,167,1083,2,0,11200,0,0,0,11991393,11991393,2947
95681,373,230,1083,2,0,11200,0,0,0,11993616,11993616,2947
95696,373,278,1083,2,0,11200,0,0,0,11995794,11995794,2947
95711,373,349,1083,2,0,11200,0,0,0,11997866,11997866,2947
95726,373,430,1083,2,0,11200,0,0,0,12000026,12000026,2947
95741,373,496,1083,2,0,11200,0,0,0,12001891,12001891,2947
95757,373,551,1083,2,0,11200,0,0,0,12003620,12003620,2947
95772,373,603,1083,2,0,11200,0,0,0,12005325,12005325,2947
95787,373,664,1083,2,0,11200,0,0,0,12007131,12007131,2947
95802,373,719,1083,2,0,11200,0,0,0,12008728,12008728,2947
95818,373,789,1083,2,0,11200,0,0,0,12010632,12010632,2947
95834,373,856,1083,2,0,11200,0,0,0,12012459,12012459,2947
95858,373,882,1083,2,0,11200,0,0,0,12012745,12012745,2947
95874,373,932,1083,2,0,11200,0,0,0,12013744,12013744,2947
95890,373,984,1083,2,0,11200,0,0,0,12014836,12014836,2947
95906,373,1021,1083,2,0,11200,0,0,0,12015900,12015900,2947
95922,374,1056,1083,2,0,11200,0,0,0,12016888,12016888,2947
95937,374,9,1083,2,0,11200,0,0,0,12018022,12018022,2947
95954,374,31,1083,2,0,11200,0,0,0,12019294,12019294,2947
95969,374,117,1083,2,0,11200,0,0,0,12020482,12020482,2947
95985,374,141,1083,2,0,11200,0,0,0,12021654,12021654,2947
96001,374,160,1083,2,0,11200,0,0,0,12022755,12022755,2947
96016,374,191,1083,2,0,11200,0,0,0,12023770,12023770,2947
96032,374,216,1083,2,0,11200,0,0,0,12024906,12024906,2947
96048,374,239,1083,2,0,11200,0,0,0,12025939,12025939,2947
96064,374,267,1083,2,0,11200,0,0,0,12027179,12027179,2947
96079,374,301,1083,2,0,11200,0,0,0,12028300,12028300,2947
96096,374,328,1083,2,0,11200,0,0,0,12029400,12029400,2947
96112,374,359,1083,2,0,11200,0,0,0,12030469,12030469,2947
96127,374,398,1083,2,0,11200,0,0,0,12031537,12031537,2947
96144,374,435,1083,2,0,11200,0,0,0,12032528,12032528,2947
96159,374,469,1083,2,0,11200,0,0,0,12033591,12033591,2947
96175,374,506,1083,2,0,11200,0,0,0,12034384,12034384,2947
96190,374,532,1083,2,0,11200,0,0,0,12035437,12035437,2947
96205,374,563,1083,2,0,11200,0,0,0,12036393,12036393,2947
96222,374,594,1083,2,0,11200,0,0,0,12037396,12037396,2947
96238,374,617,1083,2,0,11200,0,0,0,12038269,12038269,2947
96253,374,652,1083,2,0,11200,0,0,0,12039104,12039104,2947
96269,374,677,1083,2,0,11200,0,0,0,12039941,12039941,2947
96285,374,700,1083,2,0,11200,0,0,0,12040720,12040720,2947
96301,374,725,1083,2,0,11200,0,0,0,12041528,12041528,2947
96316,374,758,1083,2,0,11200,0,0,0,12042266,12042266,2947
96332,374,795,1083,2,0,11200,0,0,0,12043295,12043295,2947
96348,374,837,1083,2,0,11200,0,0,0,12044415,12044415,2947
96384,374,882,1083,2,0,11200,0,0,0,12045294,12045294,2947
96399,374,926,1084,3,0,11200,0,0,0,12046450,12046450,2951
96415,374,966,1084,3,0,11200,0,0,0,12047343,12047343,2951
96431,374,994,1084,3,0,11200,0,0,0,12048352,12048352,2951
96447,374,1028,1084,3,0,11200,0,0,0,12049253,12049253,2951
96462,375,1068,1084,3,0,11200,0,0,0,12050276,12050276,2951
96478,375,2,1084,2,0,11200,0,0,0,12051155,12051155,2951
96494,375,22,1084,2,0,11200,0,0,0,12052344,12052344,2951
96510,375,101,1084,2,0,11200,0,0,0,12053604,12053604,2951
96525,375,122,1084,2,0,11200,0,0,0,12054639,12054639,2951
96542,375,148,1084,2,0,11200,0,0,0,12055945,12055945,2951
96557,375,174,1084,2,0,11200,0,0,0,12056974,12056974,2951
96572,375,195,1084,2,0,11200,0,0,0,12057983,12057983,2951
96588,375,223,1084,2,0,11200,0,0,0,12059120,12059120,2951
96603,375,250,1084,2,0,11200,0,0,0,12060311,12060311,2951
96619,375,278,1084,2,0,11200,0,0,0,12061342,12061342,2951
96635,375,313,1084,2,0,11200,0,0,0,12062465,12062465,2951
96651,375,361,1084,2,0,11200,0,0,0,12063486,12063486,2951
96666,375,384,1084,2,0,11200,0,0,0,12064552,12064552,2951
96682,375,424,1084,2,0,11200,0,0,0,12065581,12065581,2951
96697,375,476,1084,2,0,11200,0,0,0,12067137,12067137,2951
96712,375,562,1084,2,0,11200,0,0,0,12069237,12069237,2951
96728,375,595,1084,2,0,11200,0,0,0,12070454,12070454,2951
96743,375,646,1084,2,0,11200,0,0,0,12072062,12072062,2951
96758,375,705,1084,2,0,11200,0,0,0,12073795,12073795,2951
96773,375,765,1084,2,0,11200,0,0,0,12075659,12075659,2951
96788,375,812,1084,2,0,11200,0,0,0,12077086,12077086,2951
96810,375,882,1084,2,0,11200,0,0,0,12078957,12078957,2951
96825,375,971,1084,2,0,11200,0,0,0,12081045,12081045,2951
96842,375,1034,1084,2,0,11200,0,0,0,12082970,12082970,2951
96857,376,1079,1084,2,0,11200,0,0,0,12084208,12084208,2951
96873,376,104,1084,2,0,11200,0,0,0,12086625,12086625,2951
96888,376,152,1084,2,0,11200,0,0,0,12088948,12088948,2951
96903,376,204,1084,2,0,11200,0,0,0,12090871,12090871,2951
96919,376,244,1084,2,0,11200,0,0,0,12092711,12092711,2951
96934,376,300,1084,2,0,11200,0,0,0,12094844,12094844,2951
96950,376,366,1084,2,0,11200,0,0,0,12097179,12097179,2951
96965,376,429,1084,2,0,11200,0,0,0,12099049,12099049,2951
96982,376,473,1084,2,0,11200,0,0,0,12100598,12100598,2951
96997,376,538,1084,2,0,11200,0,0,0,12102712,12102712,2951
97013,376,601,1084,2,0,11200,0,0,0,12104589,12104589,2951
97028,376,649,1084,2,0,11200,0,0,0,12105834,12105834,2951
97044,376,707,1084,2,0,11200,0,0,0,12107783,12107783,2951
97060,376,775,1084,2,0,11200,0,0,0,12109753,12109753,2951
97076,376,840,1084,2,0,11200,0,0,0,12111676,12111676,2951
97104,376,882,1084,2,0,11200,0,0,0,12112741,12112741,2951
97119,376,962,1084,2,0,11200,0,0,0,12114540,12114540,2951
97134,376,1048,1084,2,0,11200,0,0,0,12116590,12116590,2951
97149,377,0,1084,2,0,11200,0,0,0,12117746,12117746,2951
97165,377,106,1084,2,0,11200,0,0,0,12120166,12120166,2951
97180,377,147,1084,2,0,11200,0,0,0,12122412,12122412,2951
97195,377,209,1084,2,0,11200,0,0,0,12124906,12124906,2951
97210,377,246,1084,2,0,11200,0,0,0,12126465,12126465,2951
97226,377,300,1084,2,0,11200,0,0,0,12128917,12128917,2951
97241,377,368,1084,2,0,11200,0,0,0,12131171,12131171,2951
97257,377,422,1084,2,0,11200,0,0,0,12132962,12132962,2951
97272,377,457,1084,2,0,11200,0,0,0,12134259,12134259,2951
97287,377,506,1084,2,0,11200,0,0,0,12135818,12135818,2951
97303,377,561,1084,2,0,11200,0,0,0,12137881,12137881,2951
97319,377,607,1084,2,0,11200,0,0,0,12139674,12139674,2951
97334,377,654,1084,2,0,11200,0,0,0,12141038,12141038,2951
97349,377,704,1084,2,0,11200,0,0,0,12142631,12142631,2951
97364,377,764,1084,2,0,11200,0,0,0,12144524,12144524,2951
97380,377,827,1084,2,0,11200,0,0,0,12146336,12146336,2951
97416,377,882,1084,2,0,11200,0,0,0,12147834,12147834,2951
97432,377,959,1084,2,0,11200,0,0,0,12149727,12149727,2951
97447,377,1016,1084,2,0,11200,0,0,0,12151338,12151338,2951
97465,378,1079,1084,2,0,11200,0,0,0,12153184,12153184,2951
97480,378,105,1084,2,0,11200,0,0,0,12155884,12155884,2951
97495,378,154,1084,2,0,11200,0,0,0,12158420,12158420,2951
97511,378,210,1084,2,0,11200,0,0,0,12160354,12160354,2951
97527,378,255,1084,2,0,11200,0,0,0,12162534,12162534,2951
97542,378,325,1084,2,0,11200,0,0,0,12164723,12164723,2951
97557,378,394,1084,2,0,11200,0,0,0,12167035,12167035,2951
97573,378,445,1084,2,0,11200,0,0,0,12168542,12168542,2951
97588,378,503,1084,2,0,11200,0,0,0,12170401,12170401,2951
97604,378,561,1084,2,0,11200,0,0,0,12172412,12172412,2951
97619,378,602,1084,2,0,11200,0,0,0,12173839,12173839,2951
97635,378,649,1084,2,0,11200,0,0,0,12175217,12175217,2951
97650,378,691,1084,2,0,11200,0,0,0,12176949,12176949,2951
97665,378,750,1084,2,0,11200,0,0,0,12178376,12178376,2951
97681,378,800,1084,2,0,11200,0,0,0,12179922,12179922,2951
97696,378,850,1085,3,0,11200,0,0,0,12181332,12181332,2953
97720,378,882,1085,3,0,11200,0,0,0,12182119,12182119,2953
97736,378,969,1085,3,0,11200,0,0,0,12184168,12184168,2953
97752,378,1027,1085,3,0,11200,0,0,0,12185387,12185387,2953
97769,379,8,1085,2,0,11200,0,0,0,12187420,12187420,2953
97784,379,118,1085,2,0,11200,0,0,0,12189772,12189772,2953
97800,379,167,1085,2,0,11200,0,0,0,12192077,12192077,2953
97815,379,215,1085,2,0,11200,0,0,0,12193737,12193737,2953
97830,379,267,1085,2,0,11200,0,0,0,12195863,12195863,2953
97845,379,326,1085,2,0,11200,0,0,0,12197985,12197985,2953
97860,379,399,1085,2,0,11200,0,0,0,12200330,12200330,2953
97876,379,451,1085,2,0,11200,0,0,0,12202084,12202084,2953
97891,379,509,1085,2,0,11200,0,0,0,12203763,12203763,2953
97909,379,562,1085,2,0,11200,0,0,0,12205789,12205789,2953
97925,379,601,1085,2,0,11200,0,0,0,12207278,12207278,2953
97940,379,675,1085,2,0,11200,0,0,0,12208835,12208835,2953
97955,379,740,1085,2,0,11200,0,0,0,12210578,12210578,2953
97970,379,800,1085,2,0,11200,0,0,0,12212559,12212559,2953
97987,379,853,1085,2,0,11200,0,0,0,12214187,12214187,2953
98002,379,888,1085,2,0,11200,0,0,0,12215167,12215167,2953
98017,379,959,1085,2,0,11200,0,0,0,12217045,12217045,2953
98033,379,1046,1085,2,0,11200,0,0,0,12218880,12218880,2953
98048,380,2,1085,2,0,11200,0,0,0,12220169,12220169,2953
98063,380,59,1085,2,0,11200,0,0,0,12222176,12222176,2953
98078,380,125,1085,2,0,11200,0,0,0,12223492,12223492,2953
98094,380,147,1085,2,0,11200,0,0,0,12224659,12224659,2953
98110,380,167,1085,2,0,11200,0,0,0,12225830,12225830,2953
98126,380,194,1085,2,0,11200,0,0,0,12226952,12226952,2953
98142,380,228,1085,2,0,11200,0,0,0,12228456,12228456,2953
98157,380,300,1085,2,0,11200,0,0,0,12230749,12230749,2953
98172,380,358,1085,2,0,11200,0,0,0,12233005,12233005,2953
98188,380,435,1085,2,0,11200,0,0,0,12235317,12235317,2953
98204,380,502,1085,2,0,11200,0,0,0,12237241,12237241,2953
98219,380,573,1085,2,0,11200,0,0,0,12239529,12239529,2953
98235,380,613,1085,2,0,11200,0,0,0,12241217,12241217,2953
98251,380,664,1085,2,0,11200,0,0,0,12242991,12242991,2953
98266,380,726,1085,2,0,11200,0,0,0,12245069,12245069,2953
98282,380,775,1085,2,0,11200,0,0,0,12246594,12246594,2953
98297,380,854,1085,2,0,11200,0,0,0,12248434,12248434,2953
98334,380,882,1085,2,0,11200,0,0,0,12249012,12249012,2953
98349,380,966,1085,2,0,11200,0,0,0,12251082,12251082,2953
98365,380,1027,1085,2,0,11200,0,0,0,12253019,12253019,2953
98380,381,13,1085,2,0,11200,0,0,0,12255105,12255105,2953
98395,381,117,1085,2,0,11200,0,0,0,12257680,12257680,2953
98410,381,169,1085,2,0,11200,0,0,0,12260057,12260057,2953
98426,381,228,1085,2,0,11200,0,0,0,12262530,12262530,2953
98441,381,284,1085,2,0,11200,0,0,0,12264766,12264766,2953
98457,381,357,1085,2,0,11200,0,0,0,12266962,12266962,2953
98472,381,402,1085,2,0,11200,0,0,0,12268648,12268648,2953
98488,381,476,1085,2,0,11200,0,0,0,12270734,12270734,2953
98504,381,531,1085,2,0,11200,0,0,0,12272542,12272542,2953
98519,381,596,1085,2,0,11200,0,0,0,12274369,12274369,2953
98535,381,664,1085,2,0,11200,0,0,0,12276146,12276146,2953
98551,381,712,1085,2,0,11200,0,0,0,12277716,12277716,2953
98568,381,775,1085,2,0,11200,0,0,0,12279450,12279450,2953
98584,381,853,1085,2,0,11200,0,0,0,12281495,12281495,2953
98599,381,906,1085,2,0,11200,0,0,0,12283238,12283238,2953
98614,381,972,1085,2,0,11200,0,0,0,12285277,12285277,2953
98630,382,1052,1085,2,0,11200,0,0,0,12287080,12287080,2953
98645,382,10,1085,2,0,11200,0,0,0,12288815,12288815,2953
98660,382,119,1085,2,0,11200,0,0,0,12291231,12291231,2953
98675,382,180,1085,2,0,11200,0,0,0,12293636,12293636,2953
98691,382,237,1085,2,0,11200,0,0,0,12295865,12295865,2953
98706,382,314,1085,2,0,11200,0,0,0,12298331,12298331,2953
98721,382,384,1085,2,0,11200,0,0,0,12300670,12300670,2953
98736,382,462,1085,2,0,11200,0,0,0,12302866,12302866,2953
98752,382,502,1085,2,0,11200,0,0,0,12304158,12304158,2953
98767,382,548,1085,2,0,11200,0,0,0,12306223,12306223,2953
98782,382,590,1085,2,0,11200,0,0,0,12308120,12308120,2953
98797,382,654,1085,2,0,11200,0,0,0,12309783,12309783,2953
98813,382,705,1085,2,0,11200,0,0,0,12311269,12311269,2953
98828,382,764,1085,2,0,11200,0,0,0,12312889,12312889,2953
98844,382,823,1085,2,0,11200,0,0,0,12314769,12314769,2953
98863,382,882,1085,2,0,11200,0,0,0,12316114,12316114,2953
98878,382,952,1085,2,0,11200,0,0,0,12317959,12317959,2953
98893,382,1016,1085,2,0,11200,0,0,0,12319866,12319866,2953
98910,383,1079,1085,2,0,11200,0,0,0,12321651,12321651,2953
98925,383,104,1085,2,0,11200,0,0,0,12324096,12324096,2953
98941,383,158,1085,2,0,11200,0,0,0,12326614,12326614,2953
98956,383,214,1085,2,0,11200,0,0,0,12328907,12328907,2953
98972,383,269,1085,2,0,11200,0,0,0,12331471,12331471,2953
98988,383,328,1085,2,0,11200,0,0,0,12333590,12333590,2953
99004,383,402,1085,2,0,11200,0,0,0,12335985,12335985,2953
99019,383,474,1085,2,0,11200,0,0,0,12338107,12338107,2953
99034,383,534,1085,2,0,11200,0,0,0,12340104,12340104,2953
99050,383,589,1085,2,0,11200,0,0,0,12341870,12341870,2953
99065,383,644,1085,2,0,11200,0,0,0,12343417,12343417,2953
99081,383,700,1085,2,0,11200,0,0,0,12345142,12345142,2953
99096,383,754,1085,2,0,11200,0,0,0,12346756,12346756,2953
99111,383,819,1085,2,0,11200,0,0,0,12348695,12348695,2953
99137,383,882,1085,2,0,11200,0,0,0,12350100,12350100,2953
99152,383,974,1085,2,0,11200,0,0,0,12352112,12352112,2953
99167,383,1042,1085,2,0,11200,0,0,0,12354032,12354032,2953
99182,384,17,1085,2,0,11200,0,0,0,12356055,12356055,2953
99198,384,136,1085,2,0,11200,0,0,0,12358585,12358585,2953
99213,384,187,1085,2,0,11200,0,0,0,12360854,12360854,2953
99229,384,260,1085,2,0,11200,0,0,0,12363358,12363358,2953
99244,384,329,1085,2,0,11200,0,0,0,12365605,12365605,2953
99260,384,360,1085,2,0,11200,0,0,0,12366659,12366659,2953
99275,384,379,1085,2,0,11200,0,0,0,12367288,12367288,2953
99291,384,428,1085,2,0,11200,0,0,0,12368701,12368701,2953
99306,384,492,1085,2,0,11200,0,0,0,12370552,12370552,2953
99321,384,551,1086,3,0,11200,0,0,0,12372427,12372427,2953
99337,384,601,1086,3,0,11200,0,0,0,12374052,12374052,2953
99353,384,653,1086,3,0,11200,0,0,0,12375641,12375641,2953
99368,384,707,1086,3,0,11200,0,0,0,12377283,12377283,2953
99383,384,756,1086,3,0,11200,0,0,0,12378599,12378599,2953
99398,384,814,1086,3,0,11200,0,0,0,12380416,12380416,2953
99416,384,882,1086,3,0,11200,0,0,0,12382213,12382213,2953
99431,384,956,1086,3,0,11200,0,0,0,12383944,12383944,2953
99447,384,1029,1086,3,0,11200,0,0,0,12385893,12385893,2953
99462,385,1080,1086,3,0,11200,0,0,0,12387437,12387437,2953
99477,385,106,1086,3,0,11200,0,0,0,12389983,12389983,2953
99492,385,158,1086,3,0,11200,0,0,0,12392457,12392457,2953
99507,385,211,1086,3,0,11200,0,0,0,12394805,12394805,2953
99522,385,247,1086,3,0,11200,0,0,0,12396867,12396867,2953
99538,385,291,1086,3,0,11200,0,0,0,12398696,12398696,2953
99553,385,317,1086,3,0,11200,0,0,0,12399455,12399455,2953
99568,385,379,1086,3,0,11200,0,0,0,12401504,12401504,2953
99584,385,446,1086,3,0,11200,0,0,0,12403631,12403631,2953
99600,385,497,1086,3,0,11200,0,0,0,12405115,12405115,2953
99615,385,552,1086,3,0,11200,0,0,0,12406969,12406969,2953
99630,385,611,1086,3,0,11200,0,0,0,12408586,12408586,2953
99645,385,658,1086,3,0,11200,0,0,0,12410179,12410179,2953
99661,385,722,1086,3,0,11200,0,0,0,12411951,12411951,2953
99676,385,783,1086,3,0,11200,0,0,0,12413878,12413878,2953
99691,385,846,1086,3,0,11200,0,0,0,12415739,12415739,2953
99720,385,882,1086,3,0,11200,0,0,0,12416770,12416770,2953
99736,385,962,1086,3,0,11200,0,0,0,12418670,12418670,2953
99752,385,1027,1086,3,0,11200,0,0,0,12420431,12420431,2953
99768,386,1079,1086,3,0,11200,0,0,0,12421882,12421882,2953
99783,386,103,1086,3,0,11200,0,0,0,12424344,12424344,2953
99798,386,147,1086,3,0,11200,0,0,0,12426747,12426747,2953
99814,386,209,1086,3,0,11200,0,0,0,12428915,12428915,2953
99829,386,252,1086,3,0,11200,0,0,0,12431167,12431167,2953
99844,386,306,1086,3,0,11200,0,0,0,12433420,12433420,2953
99859,386,380,1086,3,0,11200,0,0,0,12435569,12435569,2953
99875,386,443,1086,3,0,11200,0,0,0,12437542,12437542,2953
99890,386,519,1086,3,0,11200,0,0,0,12439436,12439436,2953
99905,386,581,1086,3,0,11200,0,0,0,12441215,12441215,2953
99921,386,643,1086,3,0,11200,0,0,0,12442894,12442894,2953
99936,386,685,1086,3,0,11200,0,0,0,12444504,12444504,2953
99952,386,733,1086,3,0,11200,0,0,0,12445822,12445822,2953
99967,386,793,1086,3,0,11200,0,0,0,12447663,12447663,2953
99982,386,860,1086,3,0,11200,0,0,0,12449723,12449723,2953
100005,386,882,1086,3,0,11200,0,0,0,12450063,12450063,2953
100020,386,972,1086,3,0,11200,0,0,0,12451999,12451999,2953
100035,386,1046,1086,3,0,11200,0,0,0,12453913,12453913,2953
100051,387,25,1086,2,0,11200,0,0,0,12456185,12456185,2953
100066,387,140,1086,2,0,11200,0,0,0,12458905,12458905,2953
100082,387,194,1086,2,0,11200,0,0,0,12461119,12461119,2953
100097,387,245,1086,2,0,11200,0,0,0,12463312,12463312,2953
100112,387,311,1086,2,0,11200,0,0,0,12465510,12465510,2953
100127,387,380,1086,2,0,11200,0,0,0,12467634,12467634,2953
100143,387,448,1086,2,0,11200,0,0,0,12469825,12469825,2953
100158,387,490,1086,2,0,11200,0,0,0,12471050,12471050,2953
100173,387,551,1086,2,0,11200,0,0,0,12473163,12473163,2953
100188,387,593,1086,2,0,11200,0,0,0,12474898,12474898,2953
100204,387,653,1086,2,0,11200,0,0,0,12476702,12476702,2953
100219,387,699,1086,2,0,11200,0,0,0,12478323,12478323,2953
100234,387,763,1086,2,0,11200,0,0,0,12480019,12480019,2953
100250,387,813,1086,2,0,11200,0,0,0,12481639,12481639,2953
100265,387,872,1086,2,0,11200,0,0,0,12483404,12483404,2953
100280,387,907,1086,2,0,11200,0,0,0,12484365,12484365,2953
100295,387,989,1086,2,0,11200,0,0,0,12486504,12486504,2953
100311,388,1053,1086,2,0,11200,0,0,0,12488067,12488067,2953
100327,388,18,1086,2,0,11200,0,0,0,12490100,12490100,2953
100342,388,120,1086,2,0,11200,0,0,0,12492469,12492469,2953
100357,388,164,1086,2,0,11200,0,0,0,12494871,12494871,2953
100372,388,223,1086,2,0,11200,0,0,0,12497146,12497146,2953
100387,388,267,1086,2,0,11200,0,0,0,12499280,12499280,2953
100402,388,329,1086,2,0,11200,0,0,0,12501208,12501208,2953
100418,388,408,1086,2,0,11200,0,0,0,12503563,12503563,2953
100436,388,473,1086,2,0,11200,0,0,0,12505478,12505478,2953
100451,388,527,1086,2,0,11200,0,0,0,12507182,12507182,2953
100466,388,594,1086,2,0,11200,0,0,0,12508979,12508979,2953
100482,388,658,1086,2,0,11200,0,0,0,12510798,12510798,2953
100497,388,712,1086,2,0,11200,0,0,0,12512240,12512240,2953
100512,388,753,1086,2,0,11200,0,0,0,12513566,12513566,2953
100528,388,801,1086,2,0,11200,0,0,0,12515507,12515507,2953
100543,388,869,1086,2,0,11200,0,0,0,12517531,12517531,2953
100562,388,882,1086,2,0,11200,0,0,0,12517728,12517728,2953
100578,388,941,1086,2,0,11200,0,0,0,12519478,12519478,2953
100594,388,1028,1086,2,0,11200,0,0,0,12521517,12521517,2953
100609,389,9,1086,2,0,11200,0,0,0,12523674,12523674,2953
100624,389,114,1086,2,0,11200,0,0,0,12526035,12526035,2953
100640,389,158,1086,2,0,11200,0,0,0,12528440,12528440,2953
100655,389,215,1086,2,0,11200,0,0,0,12530718,12530718,2953
100670,389,265,1086,2,0,11200,0,0,0,12532857,12532857,2953
100686,389,328,1086,2,0,11200,0,0,0,12535087,12535087,2953
100701,389,394,1086,2,0,11200,0,0,0,12537287,12537287,2953
100716,389,467,1086,2,0,11200,0,0,0,12539478,12539478,2953
100732,389,520,1086,2,0,11200,0,0,0,12540899,12540899,2953
100747,389,571,1086,2,0,11200,0,0,0,12542904,12542904,2953
100762,389,631,1086,2,0,11200,0,0,0,12544698,12544698,2953
100778,389,700,1086,2,0,11200,0,0,0,12546389,12546389,2953
100793,389,750,1086,2,0,11200,0,0,0,12547629,12547629,2953
100809,389,814,1086,2,0,11200,0,0,0,12549630,12549630,2953
100836,389,882,1086,2,0,11200,0,0,0,12551043,12551043,2953
100852,389,982,1086,2,0,11200,0,0,0,12553154,12553154,2953
100868,389,1046,1086,2,0,11200,0,0,0,12555138,12555138,2953
100883,390,6,1086,2,0,11200,0,0,0,12556893,12556893,2953
100898,390,117,1086,2,0,11200,0,0,0,12559411,12559411,2953
100914,390,178,1086,2,0,11200,0,0,0,12561694,12561694,2953
100929,390,238,1086,2,0,11200,0,0,0,12563970,12563970,2953
100944,390,290,1086,2,0,11200,0,0,0,12566495,12566495,2953
100959,390,368,1086,2,0,11200,0,0,0,12568871,12568871,2953
100974,390,430,1086,2,0,11200,0,0,0,12570881,12570881,2953
100990,390,502,1086,2,0,11200,0,0,0,12572874,12572874,2953
101005,390,563,1086,2,0,11200,0,0,0,12574692,12574692,2953
101020,390,607,1086,2,0,11200,0,0,0,12576408,12576408,2953
101035,390,675,1086,2,0,11200,0,0,0,12577863,12577863,2953
101051,390,710,1086,2,0,11200,0,0,0,12579075,12579075,2953
101066,390,762,1086,2,0,11200,0,0,0,12580612,12580612,2953
101081,390,817,1086,2,0,11200,0,0,0,12582496,12582496,2953
101120,390,882,1086,2,0,11200,0,0,0,12583903,12583903,2953
101135,390,952,1086,2,0,11200,0,0,0,12585884,12585884,2953
101151,390,1009,1086,2,0,11200,0,0,0,12587875,12587875,2953
101167,391,1083,1086,2,0,11200,0,0,0,12589892,12589892,2953
101182,391,105,1086,1,0,11200,0,0,0,12591932,12591932,2953
101197,391,149,1086,1,0,11200,0,0,0,12594412,12594412,2953
101212,391,211,1086,1,0,11200,0,0,0,12596582,12596582,2953
101227,391,260,1086,1,0,11200,0,0,0,12598629,12598629,2953
101242,391,325,1086,1,0,11200,0,0,0,12600701,12600701,2953
101258,391,394,1086,1,0,11200,0,0,0,12602654,12602654,2953
101273,391,460,1086,1,0,11200,0,0,0,12604924,12604924,2953
101289,391,515,1086,1,0,11200,0,0,0,12606591,12606591,2953
101304,391,565,1086,1,0,11200,0,0,0,12608717,12608717,2953
101319,391,613,1086,1,0,11200,0,0,0,12610624,12610624,2953
101334,391,662,1086,1,0,11200,0,0,0,12612061,12612061,2953
101349,391,705,1086,1,0,11200,0,0,0,12613417,12613417,2953
101364,391,756,1086,1,0,11200,0,0,0,12614847,12614847,2953
101379,391,815,1086,1,0,11200,0,0,0,12616792,12616792,2953
101413,391,882,1086,1,0,11200,0,0,0,12618570,12618570,2953
101428,391,959,1086,1,0,11200,0,0,0,12620686,12620686,2953
101443,391,1027,1086,1,0,11200,0,0,0,12622440,12622440,2953
101459,392,4,1086,1,0,11200,0,0,0,12624579,12624579,2953
101474,392,123,1086,1,0,11200,0,0,0,12627299,12627299,2953
101489,392,165,1086,1,0,11200,0,0,0,12629676,12629676,2953
101504,392,223,1086,1,0,11200,0,0,0,12631862,12631862,2953
101520,392,275,1086,1,0,11200,0,0,0,12634154,12634154,2953
101535,392,354,1086,1,0,11200,0,0,0,12636453,12636453,2953
101550,392,418,1086,1,0,11200,0,0,0,12638534,12638534,2953
101571,392,473,1086,1,0,11200,0,0,0,12640301,12640301,2953
101586,392,537,1086,1,0,11200,0,0,0,12642461,12642461,2953
101601,392,590,1086,1,0,11200,0,0,0,12644282,12644282,2953
101617,392,636,1086,1,0,11200,0,0,0,12645990,12645990,2953
101633,392,690,1086,1,0,11200,0,0,0,12647692,12647692,2953
101648,392,722,1086,1,0,11200,0,0,0,12648628,12648628,2953
101663,392,778,1086,1,0,11200,0,0,0,12650334,12650334,2953
101678,392,845,1086,1,0,11200,0,0,0,12652387,12652387,2953
101693,392,883,1086,1,0,11200,0,0,0,12653268,12653268,2953
101709,392,956,1086,1,0,11200,0,0,0,12655115,12655115,2953
101724,392,1048,1086,1,0,11200,0,0,0,12657235,12657235,2953
101739,393,10,1086,1,0,11200,0,0,0,12659257,12659257,2953
101754,393,119,1086,1,0,11200,0,0,0,12661585,12661585,2953
101769,393,161,1086,1,0,11200,0,0,0,12664043,12664043,2953
101785,393,221,1086,1,0,11200,0,0,0,12666310,12666310,2953
101800,393,276,1086,1,0,11200,0,0,0,12668360,12668360,2953
101815,393,344,1086,1,0,11200,0,0,0,12670524,12670524,2953
101830,393,428,1086,1,0,11200,0,0,0,12672787,12672787,2953
101846,393,476,1086,1,0,11200,0,0,0,12674498,12674498,2953
101861,393,520,1086,1,0,11200,0,0,0,12675959,12675959,2953
101876,393,597,1086,1,0,11200,0,0,0,12677883,12677883,2953
101891,393,652,1086,1,0,11200,0,0,0,12679593,12679593,2953
101908,393,710,1086,1,0,11200,0,0,0,12681091,12681091,2953
101923,393,732,1086,1,0,11200,0,0,0,12681564,12681564,2953
101940,393,747,1086,1,0,11200,0,0,0,12682084,12682084,2953
101957,393,765,1086,1,0,11200,0,0,0,12682636,12682636,2953
101972,393,783,1086,1,0,11200,0,0,0,12683091,12683091,2953
101988,393,802,1086,1,0,11200,0,0,0,12683741,12683741,2953
102005,393,822,1086,1,0,11200,0,0,0,12684391,12684391,2953
102027,393,882,1086,1,0,11200,0,0,0,12685816,12685816,2953
102042,393,970,1086,1,0,11200,0,0,0,12688117,12688117,2953
102058,393,1035,1086,1,0,11200,0,0,0,12690118,12690118,2953
102073,394,13,1086,1,0,11200,0,0,0,12692117,12692117,2953
102088,394,124,1086,1,0,11200,0,0,0,12694603,12694603,2953
102104,394,186,1086,1,0,11200,0,0,0,12696963,12696963,2953
102119,394,246,1086,1,0,11200,0,0,0,12699246,12699246,2953
102135,394,317,1086,1,0,11200,0,0,0,12701519,12701519,2953
102150,394,384,1086,1,0,11200,0,0,0,12703793,12703793,2953
102165,394,467,1086,1,0,11200,0,0,0,12705984,12705984,2953
102181,394,510,1086,1,0,11200,0,0,0,12707220,12707220,2953
102197,394,563,1087,2,0,11200,0,0,0,12709134,12709134,2953
102212,394,602,1087,2,0,11200,0,0,0,12710590,12710590,2953
102228,394,651,1087,2,0,11200,0,0,0,12712226,12712226,2953
102243,394,700,1087,2,0,11200,0,0,0,12713862,12713862,2953
102259,394,750,1087,2,0,11200,0,0,0,12715511,12715511,2953
102274,394,815,1087,2,0,11200,0,0,0,12717469,12717469,2953
102295,394,882,1087,2,0,11200,0,0,0,12719248,12719248,2953
102310,394,982,1087,2,0,11200,0,0,0,12721271,12721271,2953
102325,394,1030,1087,2,0,11200,0,0,0,12723104,12723104,2953
102341,395,1083,1087,2,0,11200,0,0,0,12724837,12724837,2953
102356,395,110,1087,2,0,11200,0,0,0,12727394,12727394,2953
102371,395,152,1087,2,0,11200,0,0,0,12729975,12729975,2953
102386,395,207,1087,2,0,11200,0,0,0,12732241,12732241,2953
102402,395,250,1087,2,0,11200,0,0,0,12734306,12734306,2953
102417,395,317,1087,2,0,11200,0,0,0,12736463,12736463,2953
102432,395,382,1087,2,0,11200,0,0,0,12738659,12738659,2953
102448,395,447,1087,2,0,11200,0,0,0,12740684,12740684,2953
102463,395,512,1087,2,0,11200,0,0,0,12742445,12742445,2953
102478,395,573,1087,2,0,11200,0,0,0,12744489,12744489,2953
102494,395,617,1087,2,0,11200,0,0,0,12746182,12746182,2953
102509,395,678,1087,2,0,11200,0,0,0,12747856,12747856,2953
102524,395,738,1087,2,0,11200,0,0,0,12749480,12749480,2953
102540,395,799,1087,2,0,11200,0,0,0,12751541,12751541,2953
102555,395,854,1087,2,0,11200,0,0,0,12753451,12753451,2953
102573,395,882,1087,2,0,11200,0,0,0,12754100,12754100,2953
102589,395,970,1087,2,0,11200,0,0,0,12755974,12755974,2953
102604,395,1029,1087,2,0,11200,0,0,0,12757937,12757937,2953
102619,396,10,1087,2,0,11200,0,0,0,12760031,12760031,2953
102634,396,138,1087,2,0,11200,0,0,0,12762534,12762534,2953
102650,396,193,1087,2,0,11200,0,0,0,12764925,12764925,2953
102665,396,246,1087,2,0,11200,0,0,0,12767043,12767043,2953
102680,396,300,1087,2,0,11200,0,0,0,12769257,12769257,2953
102696,396,360,1087,2,0,11200,0,0,0,12771496,12771496,2953
102711,396,433,1087,2,0,11200,0,0,0,12773234,12773234,2953
102726,396,496,1087,2,0,11200,0,0,0,12775090,12775090,2953
102742,396,552,1087,2,0,11200,0,0,0,12777243,12777243,2953
102757,396,596,1087,2,0,11200,0,0,0,12778944,12778944,2953
102772,396,654,1087,2,0,11200,0,0,0,12780888,12780888,2953
102789,396,710,1087,2,0,11200,0,0,0,12782498,12782498,2953
102805,396,776,1087,2,0,11200,0,0,0,12784436,12784436,2953
102821,396,859,1087,2,0,11200,0,0,0,12786664,12786664,2953
102841,396,882,1087,2,0,11200,0,0,0,12786994,12786994,2953
102858,396,907,1087,2,0,11200,0,0,0,12787624,12787624,2953
102873,396,935,1087,2,0,11200,0,0,0,12788210,12788210,2953
102888,396,959,1087,2,0,11200,0,0,0,12788789,12788789,2953
102904,396,975,1087,2,0,11200,0,0,0,12789359,12789359,2953
102920,396,997,1087,2,0,11200,0,0,0,12789992,12789992,2953
102939,396,1027,1087,2,0,11200,0,0,0,12790596,12790596,2953
102954,397,1068,1087,2,0,11200,0,0,0,12791208,12791208,2953
102970,397,1084,1087,2,0,11200,0,0,0,12791764,12791764,2953
102985,397,13,1087,2,0,11200,0,0,0,12792483,12792483,2953
103001,397,24,1087,2,0,11200,0,0,0,12793144,12793144,2953
103016,397,61,1087,2,0,11200,0,0,0,12793821,12793821,2953
103032,397,107,1087,2,0,11200,0,0,0,12794521,12794521,2953
103048,397,120,1087,2,0,11200,0,0,0,12795128,12795128,2953
103066,397,140,1087,2,0,11200,0,0,0,12795886,12795886,2953
103081,397,149,1087,2,0,11200,0,0,0,12796479,12796479,2953
103097,397,163,1087,2,0,11200,0,0,0,12797146,12797146,2953
103112,397,184,1087,2,0,11200,0,0,0,12797705,12797705,2953
103129,397,203,1087,2,0,11200,0,0,0,12798363,12798363,2953
103145,397,241,1087,2,0,11200,0,0,0,12800158,12800158,2953
103160,397,297,1087,2,0,11200,0,0,0,12802376,12802376,2953
103176,397,326,1087,2,0,11200,0,0,0,12803209,12803209,2953
103192,397,345,1087,2,0,11200,0,0,0,12803772,12803772,2953
103209,397,363,1087,2,0,11200,0,0,0,12804440,12804440,2953
103226,397,378,1087,2,0,11200,0,0,0,12805122,12805122,2953
103242,397,399,1087,2,0,11200,0,0,0,12805780,12805780,2953
103259,397,423,1087,2,0,11200,0,0,0,12806465,12806465,2953
103275,397,437,1087,2,0,11200,0,0,0,12807057,12807057,2953
103291,397,450,1087,2,0,11200,0,0,0,12807667,12807667,2953
103307,397,473,1087,2,0,11200,0,0,0,12808276,12808276,2953
103323,397,496,1087,2,0,11200,0,0,0,12808863,12808863,2953
103339,397,513,1087,2,0,11200,0,0,0,12809491,12809491,2953
103354,397,529,1087,2,0,11200,0,0,0,12810103,12810103,2953
103371,397,553,1087,2,0,11200,0,0,0,12810707,12810707,2953
103386,397,568,1087,2,0,11200,0,0,0,12811239,12811239,2953
103402,397,585,1087,2,0,11200,0,0,0,12811861,12811861,2953
103417,397,597,1087,2,0,11200,0,0,0,12812397,12812397,2953
103432,397,617,1087,2,0,11200,0,0,0,12812928,12812928,2953
103448,397,645,1087,2,0,11200,0,0,0,12813460,12813460,2953
103464,397,664,1087,2,0,11200,0,0,0,12814008,12814008,2953
103481,397,685,1087,2,0,11200,0,0,0,12814586,12814586,2953
103497,397,705,1087,2,0,11200,0,0,0,12815078,12815078,2953
103514,397,730,1087,2,0,11200,0,0,0,12815736,12815736,2953
103530,397,750,1087,2,0,11200,0,0,0,12816279,12816279,2953
103546,397,769,1087,2,0,11200,0,0,0,12816838,12816838,2953
103562,397,782,1087,2,0,11200,0,0,0,12817373,12817373,2953
103579,397,801,1087,2,0,11200,0,0,0,12818058,12818058,2953
103595,397,822,1087,2,0,11200,0,0,0,12818629,12818629,2953
103610,397,846,1087,2,0,11200,0,0,0,12819167,12819167,2953
103627,397,860,1087,2,0,11200,0,0,0,12819791,12819791,2953
103667,397,882,1087,2,0,11200,0,0,0,12820212,12820212,2953
103683,397,899,1087,2,0,11200,0,0,0,12820715,12820715,2953
103698,397,926,1087,2,0,11200,0,0,0,12821334,12821334,2953
103713,397,952,1087,2,0,11200,0,0,0,12821958,12821958,2953
103729,397,979,1087,2,0,11200,0,0,0,12822564,12822564,2953
103746,397,994,1087,2,0,11200,0,0,0,12823274,12823274,2953
103762,397,1018,1087,2,0,11200,0,0,0,12823904,12823904,2953
103779,397,1028,1087,2,0,11200,0,0,0,12824494,12824494,2953
103796,398,1055,1087,2,0,11200,0,0,0,12825158,12825158,2953
103811,398,1076,1087,2,0,11200,0,0,0,12825816,12825816,2953
103827,398,2,1087,2,0,11200,0,0,0,12826428,12826428,2953
103843,398,20,1087,2,0,11200,0,0,0,12827125,12827125,2953
103860,398,35,1087,2,0,11200,0,0,0,12827798,12827798,2953
103875,398,105,1087,2,0,11200,0,0,0,12828439,12828439,2953
103890,398,115,1087,2,0,11200,0,0,0,12829044,12829044,2953
103907,398,129,1087,2,0,11200,0,0,0,12829730,12829730,2953
103922,398,140,1087,2,0,11200,0,0,0,12830364,12830364,2953
103938,398,150,1087,2,0,11200,0,0,0,12830965,12830965,2953
103955,398,161,1087,2,0,11200,0,0,0,12831701,12831701,2953
103972,398,182,1087,2,0,11200,0,0,0,12832373,12832373,2953
103988,398,195,1087,2,0,11200,0,0,0,12833049,12833049,2953
104003,398,216,1087,2,0,11200,0,0,0,12833648,12833648,2953
104019,398,229,1087,2,0,11200,0,0,0,12834258,12834258,2953
104035,398,241,1087,2,0,11200,0,0,0,12834887,12834887,2953
104050,398,256,1087,2,0,11200,0,0,0,12835562,12835562,2953
104066,398,269,1087,2,0,11200,0,0,0,12836248,12836248,2953
104081,398,290,1087,2,0,11200,0,0,0,12836899,12836899,2953
104096,398,304,1087,2,0,11200,0,0,0,12837462,12837462,2953
104112,398,321,1087,2,0,11200,0,0,0,12838121,12838121,2953
104128,398,345,1087,2,0,11200,0,0,0,12838719,12838719,2953
104144,398,360,1087,2,0,11200,0,0,0,12839330,12839330,2953
104159,398,377,1087,2,0,11200,0,0,0,12839934,12839934,2953
104174,398,399,1087,2,0,11200,0,0,0,12840467,12840467,2953
104189,398,422,1087,2,0,11200,0,0,0,12841060,12841060,2953
104205,398,434,1087,2,0,11200,0,0,0,12841588,12841588,2953
104222,398,448,1087,2,0,11200,0,0,0,12842264,12842264,2953
104238,398,477,1087,2,0,11200,0,0,0,12842895,12842895,2953
104254,398,502,1087,2,0,11200,0,0,0,12843540,12843540,2953
104269,398,521,1087,2,0,11200,0,0,0,12844156,12844156,2953
104285,398,542,1087,2,0,11200,0,0,0,12844814,12844814,2953
104301,398,562,1087,2,0,11200,0,0,0,12845388,12845388,2953
104317,398,581,1087,2,0,11200,0,0,0,12845987,12845987,2953
104332,398,595,1087,2,0,11200,0,0,0,12846516,12846516,2953
104349,398,611,1087,2,0,11200,0,0,0,12847142,12847142,2953
104367,398,630,1087,2,0,11200,0,0,0,12847794,12847794,2953
104383,398,652,1087,2,0,11200,0,0,0,12848384,12848384,2953
104399,398,676,1087,2,0,11200,0,0,0,12848911,12848911,2953
104417,398,699,1087,2,0,11200,0,0,0,12849578,12849578,2953
104434,398,716,1087,2,0,11200,0,0,0,12850113,12850113,2953
104451,398,738,1087,2,0,11200,0,0,0,12850696,12850696,2953
104468,398,756,1087,2,0,11200,0,0,0,12851338,12851338,2953
104483,398,774,1087,2,0,11200,0,0,0,12851822,12851822,2953
104500,398,795,1087,2,0,11200,0,0,0,12852349,12852349,2953
104517,398,817,1087,2,0,11200,0,0,0,12853027,12853027,2953
104533,398,832,1087,2,0,11200,0,0,0,12853599,12853599,2953
104548,398,854,1087,2,0,11200,0,0,0,12854164,12854164,2953
104565,398,878,1087,2,0,11200,0,0,0,12854793,12854793,2953
104581,398,894,1087,2,0,11200,0,0,0,12855215,12855215,2953
104596,398,926,1087,2,0,11200,0,0,0,12855810,12855810,2953
104613,398,942,1087,2,0,11200,0,0,0,12856458,12856458,2953
104628,398,982,1087,2,0,11200,0,0,0,12857053,12857053,2953
104645,398,997,1087,2,0,11200,0,0,0,12857703,12857703,2953
104662,398,1026,1087,2,0,11200,0,0,0,12858354,12858354,2953
104677,399,1053,1087,2,0,11200,0,0,0,12858891,12858891,2953
104693,399,1069,1087,2,0,11200,0,0,0,12859515,12859515,2953
104709,399,1080,1087,2,0,11200,0,0,0,12860001,12860001,2953
104724,399,95,1087,2,0,11200,0,0,0,12862016,12862016,2953
104740,399,147,1087,2,0,11200,0,0,0,12864473,12864473,2953
104755,399,207,1087,2,0,11200,0,0,0,12866708,12866708,2953
104770,399,245,1087,2,0,11200,0,0,0,12868718,12868718,2953
104786,399,307,1087,2,0,11200,0,0,0,12870941,12870941,2953
104801,399,379,1087,2,0,11200,0,0,0,12873018,12873018,2953
104817,399,441,1087,2,0,11200,0,0,0,12875124,12875124,2953
104832,399,510,1087,2,0,11200,0,0,0,12877246,12877246,2953
104848,399,565,1087,2,0,11200,0,0,0,12879372,12879372,2953
104863,399,618,1087,2,0,11200,0,0,0,12881213,12881213,2953
104879,399,683,1087,2,0,11200,0,0,0,12883037,12883037,2953
104895,399,730,1087,2,0,11200,0,0,0,12884622,12884622,2953
104910,399,795,1087,2,0,11200,0,0,0,12886562,12886562,2953
104926,399,853,1087,2,0,11200,0,0,0,12888348,12888348,2953
104941,399,883,1087,2,0,11200,0,0,0,12889130,12889130,2953
104956,399,984,1087,2,0,11200,0,0,0,12891218,12891218,2953
104971,399,1052,1087,2,0,11200,0,0,0,12893125,12893125,2953
104986,400,12,1087,2,0,11200,0,0,0,12895136,12895136,2953
105001,400,121,1087,2,0,11200,0,0,0,12897341,12897341,2953
105016,400,167,1087,2,0,11200,0,0,0,12899699,12899699,2953
105032,400,231,1087,2,0,11200,0,0,0,12901767,12901767,2953
105047,400,297,1087,2,0,11200,0,0,0,12904141,12904141,2953
105062,400,368,1087,2,0,11200,0,0,0,12906428,12906428,2953
105077,400,444,1087,2,0,11200,0,0,0,12908750,12908750,2953
105092,400,520,1087,2,0,11200,0,0,0,12910651,12910651,2953
105107,400,575,1087,2,0,11200,0,0,0,12912636,12912636,2953
105125,400,636,1087,2,0,11200,0,0,0,12914407,12914407,2953
105141,400,689,1087,2,0,11200,0,0,0,12915900,12915900,2953
105156,400,730,1087,2,0,11200,0,0,0,12917410,12917410,2953
105171,400,792,1087,2,0,11200,0,0,0,12919198,12919198,2953
105186,400,852,1087,2,0,11200,0,0,0,12920987,12920987,2953
105214,400,882,1087,2,0,11200,0,0,0,12921719,12921719,2953
105229,400,971,1087,2,0,11200,0,0,0,12923695,12923695,2953
105246,401,1053,1087,2,0,11200,0,0,0,12925718,12925718,2953
105262,401,12,1087,2,0,11200,0,0,0,12927531,12927531,2953
105277,401,124,1087,2,0,11200,0,0,0,12929913,12929913,2953
105292,401,180,1087,2,0,11200,0,0,0,12931973,12931973,2953
105308,401,229,1087,2,0,11200,0,0,0,12934080,12934080,2953
105323,401,282,1087,2,0,11200,0,0,0,12936467,12936467,2953
105338,401,341,1087,2,0,11200,0,0,0,12938394,12938394,2953
105353,401,422,1087,2,0,11200,0,0,0,12940616,12940616,2953
105369,401,473,1087,2,0,11200,0,0,0,12942484,12942484,2953
105384,401,516,1087,2,0,11200,0,0,0,12943506,12943506,2953
105399,401,583,1087,2,0,11200,0,0,0,12945486,12945486,2953
105415,401,630,1087,2,0,11200,0,0,0,12947069,12947069,2953
105430,401,689,1088,3,0,11200,0,0,0,12948856,12948856,2954
105446,401,722,1088,3,0,11200,0,0,0,12949896,12949896,2954
105461,401,786,1088,3,0,11200,0,0,0,12951603,12951603,2954
105476,401,853,1088,3,0,11200,0,0,0,12953643,12953643,2954
105492,401,899,1088,3,0,11200,0,0,0,12954827,12954827,2954
105507,401,984,1088,3,0,11200,0,0,0,12956737,12956737,2954
105522,401,1035,1088,3,0,11200,0,0,0,12958192,12958192,2954
105537,402,1,1088,2,0,11200,0,0,0,12959647,12959647,2954
105552,402,110,1088,2,0,11200,0,0,0,12962247,12962247,2954
105568,402,147,1088,2,0,11200,0,0,0,12964449,12964449,2954
105583,402,196,1088,2,0,11200,0,0,0,12966985,12966985,2954
105598,402,248,1088,2,0,11200,0,0,0,12969067,12969067,2954
105613,402,303,1088,2,0,11200,0,0,0,12971323,12971323,2954
105629,402,371,1088,2,0,11200,0,0,0,12973568,12973568,2954
105644,402,433,1088,2,0,11200,0,0,0,12975707,12975707,2954
105659,402,492,1088,2,0,11200,0,0,0,12977500,12977500,2954
105675,402,545,1088,2,0,11200,0,0,0,12979363,12979363,2954
105690,402,597,1088,2,0,11200,0,0,0,12981002,12981002,2954
105705,402,664,1088,2,0,11200,0,0,0,12982657,12982657,2954
105720,402,702,1088,2,0,11200,0,0,0,12984054,12984054,2954
105735,402,748,1088,2,0,11200,0,0,0,12985549,12985549,2954
105751,402,817,1088,2,0,11200,0,0,0,12987457,12987457,2954
105781,402,882,1088,2,0,11200,0,0,0,12989115,12989115,2954
105796,402,950,1088,2,0,11200,0,0,0,12990894,12990894,2954
105812,402,1028,1088,2,0,11200,0,0,0,12992791,12992791,2954
105828,403,1083,1088,2,0,11200,0,0,0,12994674,12994674,2954
105843,403,107,1088,1,0,11200,0,0,0,12997006,12997006,2954
105858,403,154,1088,1,0,11200,0,0,0,12999608,12999608,2954
105873,403,213,1088,1,0,11200,0,0,0,13001945,13001945,2954
105888,403,268,1088,1,0,11200,0,0,0,13004184,13004184,2954
105903,403,344,1088,1,0,11200,0,0,0,13006418,13006418,2954
105919,403,417,1088,1,0,11200,0,0,0,13008513,13008513,2954
105934,403,477,1088,1,0,11200,0,0,0,13010679,13010679,2954
105949,403,542,1088,1,0,11200,0,0,0,13012683,13012683,2954
105964,403,596,1089,2,0,11200,0,0,0,13014155,13014155,2954
105980,403,652,1089,2,0,11200,0,0,0,13015733,13015733,2954
105995,403,700,1089,2,0,11200,0,0,0,13017350,13017350,2954
106010,403,738,1089,2,0,11200,0,0,0,13018406,13018406,2954
106026,403,800,1089,2,0,11200,0,0,0,13020237,13020237,2954
106041,403,861,1089,2,0,11200,0,0,0,13022133,13022133,2954
106057,403,898,1089,2,0,11200,0,0,0,13022803,13022803,2954
106073,403,959,1089,2,0,11200,0,0,0,13024816,13024816,2954
106088,403,1018,1089,2,0,11200,0,0,0,13026594,13026594,2954
106104,404,1087,1089,2,0,11200,0,0,0,13028598,13028598,2954
106119,404,115,1089,2,0,11200,0,0,0,13031141,13031141,2954
106134,404,167,1089,2,0,11200,0,0,0,13033563,13033563,2954
106150,404,237,1089,2,0,11200,0,0,0,13035834,13035834,2954
106165,404,304,1089,2,0,11200,0,0,0,13038221,13038221,2954
106180,404,371,1089,2,0,11200,0,0,0,13040396,13040396,2954
106196,404,437,1089,2,0,11200,0,0,0,13042614,13042614,2954
106211,404,496,1089,2,0,11200,0,0,0,13044566,13044566,2954
106226,404,568,1089,2,0,11200,0,0,0,13046625,13046625,2954
106242,404,611,1089,2,0,11200,0,0,0,13048280,13048280,2954
106258,404,673,1089,2,0,11200,0,0,0,13050058,13050058,2954
106274,404,710,1089,2,0,11200,0,0,0,13051229,13051229,2954
106289,404,775,1089,2,0,11200,0,0,0,13053041,13053041,2954
106306,404,840,1089,2,0,11200,0,0,0,13055021,13055021,2954
106333,404,882,1089,2,0,11200,0,0,0,13056363,13056363,2954
106348,404,956,1089,2,0,11200,0,0,0,13058247,13058247,2954
106363,404,1028,1089,2,0,11200,0,0,0,13060098,13060098,2954
106378,405,16,1089,2,0,11200,0,0,0,13062098,13062098,2954
106394,405,119,1089,2,0,11200,0,0,0,13064571,13064571,2954
106409,405,163,1089,2,0,11200,0,0,0,13066922,13066922,2954
106424,405,222,1089,2,0,11200,0,0,0,13069259,13069259,2954
106439,405,271,1089,2,0,11200,0,0,0,13071505,13071505,2954
106454,405,330,1089,2,0,11200,0,0,0,13073582,13073582,2954
106470,405,399,1089,2,0,11200,0,0,0,13075898,13075898,2954
106485,405,449,1089,2,0,11200,0,0,0,13078102,13078102,2954
106500,405,512,1089,2,0,11200,0,0,0,13080122,13080122,2954
106516,405,583,1089,2,0,11200,0,0,0,13081934,13081934,2954
106531,405,619,1089,2,0,11200,0,0,0,13083487,13083487,2954
106547,405,682,1089,2,0,11200,0,0,0,13085115,13085115,2954
106563,405,738,1089,2,0,11200,0,0,0,13086779,13086779,2954
106578,405,792,1089,2,0,11200,0,0,0,13088690,13088690,2954
106594,405,857,1089,2,0,11200,0,0,0,13090716,13090716,2954
106611,405,917,1089,2,0,11200,0,0,0,13092000,13092000,2954
106626,405,989,1089,2,0,11200,0,0,0,13093998,13093998,2954
106641,406,1062,1089,2,0,11200,0,0,0,13095790,13095790,2954
106657,406,59,1089,2,0,11200,0,0,0,13098154,13098154,2954
106672,406,147,1089,2,0,11200,0,0,0,13100720,13100720,2954
106687,406,210,1089,2,0,11200,0,0,0,13102978,13102978,2954
106702,406,268,1089,2,0,11200,0,0,0,13105230,13105230,2954
106718,406,330,1089,2,0,11200,0,0,0,13107345,13107345,2954
106733,406,399,1089,2,0,11200,0,0,0,13109637,13109637,2954
106748,406,467,1089,2,0,11200,0,0,0,13111853,13111853,2954
106764,406,523,1089,2,0,11200,0,0,0,13113597,13113597,2954
106779,406,583,1089,2,0,11200,0,0,0,13115434,13115434,2954
106794,406,623,1089,2,0,11200,0,0,0,13117168,13117168,2954
106810,406,676,1089,2,0,11200,0,0,0,13118699,13118699,2954
106825,406,712,1089,2,0,11200,0,0,0,13119657,13119657,2954
106840,406,774,1089,2,0,11200,0,0,0,13121509,13121509,2954
106856,406,827,1089,2,0,11200,0,0,0,13123522,13123522,2954
106897,406,882,1089,2,0,11200,0,0,0,13124848,13124848,2954
106912,406,957,1089,2,0,11200,0,0,0,13126775,13126775,2954
106928,406,1024,1089,2,0,11200,0,0,0,13128816,13128816,2954
106943,407,1083,1089,1,0,11200,0,0,0,13130797,13130797,2954
106958,407,103,1089,0,0,11200,0,0,0,13133208,13133208,2954
106973,407,150,1089,0,0,11200,0,0,0,13135712,13135712,2954
106989,407,214,1089,0,0,11200,0,0,0,13138295,13138295,2954
107004,407,265,1089,0,0,11200,0,0,0,13140460,13140460,2954
107019,407,330,1089,0,0,11200,0,0,0,13142621,13142621,2954
107035,407,410,1089,0,0,11200,0,0,0,13144935,13144935,2954
107053,407,490,1089,0,0,11200,0,0,0,13147142,13147142,2954
107069,407,550,1089,0,0,11200,0,0,0,13149152,13149152,2954
107084,407,595,1089,0,0,11200,0,0,0,13150923,13150923,2954
107100,407,664,1089,0,0,11200,0,0,0,13152873,13152873,2954
107115,407,721,1089,0,0,11200,0,0,0,13154198,13154198,2954
107130,407,769,1089,0,0,11200,0,0,0,13155769,13155769,2954
107145,407,837,1089,0,0,11200,0,0,0,13157882,13157882,2954
107161,407,892,1089,0,0,11200,0,0,0,13159077,13159077,2954
107176,407,970,1089,0,0,11200,0,0,0,13160799,13160799,2954
107191,407,1029,1089,0,0,11200,0,0,0,13162733,13162733,2954
107206,408,9,1089,0,0,11200,0,0,0,13164594,13164594,2954
107222,408,118,1089,0,0,11200,0,0,0,13167234,13167234,2954
107237,408,160,1089,0,0,11200,0,0,0,13169591,13169591,2954
107252,408,214,1089,0,0,11200,0,0,0,13171863,13171863,2954
107268,408,270,1089,0,0,11200,0,0,0,13174047,13174047,2954
107283,408,346,1089,0,0,11200,0,0,0,13176165,13176165,2954
107298,408,399,1089,0,0,11200,0,0,0,13178242,13178242,2954
107313,408,462,1089,0,0,11200,0,0,0,13180388,13180388,2954
107329,408,490,1089,0,0,11200,0,0,0,13181426,13181426,2954
107344,408,555,1089,0,0,11200,0,0,0,13183535,13183535,2954
107359,408,610,1089,0,0,11200,0,0,0,13185373,13185373,2954
107375,408,670,1089,0,0,11200,0,0,0,13186958,13186958,2954
107390,408,742,1089,0,0,11200,0,0,0,13188634,13188634,2954
107405,408,795,1089,0,0,11200,0,0,0,13190327,13190327,2954
107421,408,853,1089,0,0,11200,0,0,0,13192327,13192327,2954
107436,408,928,1089,0,0,11200,0,0,0,13194109,13194109,2954
107451,408,994,1089,0,0,11200,0,0,0,13195918,13195918,2954
107467,409,1083,1089,0,0,11200,0,0,0,13197956,13197956,2954
107482,409,106,1089,0,0,11200,0,0,0,13200347,13200347,2954
107497,409,150,1089,0,0,11200,0,0,0,13202689,13202689,2954
107512,409,204,1089,0,0,11200,0,0,0,13204975,13204975,2954
107528,409,260,1089,0,0,11200,0,0,0,13207257,13207257,2954
107543,409,321,1089,0,0,11200,0,0,0,13209332,13209332,2954
107558,409,389,1089,0,0,11200,0,0,0,13211606,13211606,2954
107573,409,452,1089,0,0,11200,0,0,0,13213606,13213606,2954
107589,409,521,1089,0,0,11200,0,0,0,13215518,13215518,2954
107604,409,567,1089,0,0,11200,0,0,0,13217504,13217504,2954
107620,409,613,1089,0,0,11200,0,0,0,13219069,13219069,2954
107635,409,682,1089,0,0,11200,0,0,0,13220811,13220811,2954
107650,409,746,1089,0,0,11200,0,0,0,13222448,13222448,2954
107665,409,812,1089,0,0,11200,0,0,0,13224517,13224517,2954
107681,409,869,1089,0,0,11200,0,0,0,13226518,13226518,2954
107697,409,926,1089,0,0,11200,0,0,0,13227674,13227674,2954
107712,409,1012,1089,0,0,11200,0,0,0,13229653,13229653,2954
107727,410,1069,1089,0,0,11200,0,0,0,13231383,13231383,2954
107742,410,28,1089,0,0,11200,0,0,0,13233452,13233452,2954
107758,410,146,1089,0,0,11200,0,0,0,13235980,13235980,2954
107773,410,203,1089,0,0,11200,0,0,0,13238177,13238177,2954
107788,410,246,1089,0,0,11200,0,0,0,13240396,13240396,2954
107803,410,297,1089,0,0,11200,0,0,0,13242566,13242566,2954
107819,410,364,1089,0,0,11200,0,0,0,13244685,13244685,2954
107834,410,424,1089,0,0,11200,0,0,0,13246771,13246771,2954
107849,410,503,1089,0,0,11200,0,0,0,13248789,13248789,2954
107864,410,551,1089,0,0,11200,0,0,0,13250788,13250788,2954
107879,410,598,1089,0,0,11200,0,0,0,13252495,13252495,2954
107895,410,658,1089,0,0,11200,0,0,0,13254051,13254051,2954
107910,410,730,1089,0,0,11200,0,0,0,13255892,13255892,2954
107926,410,798,1089,0,0,11200,0,0,0,13257877,13257877,2954
107956,410,882,1089,0,0,11200,0,0,0,13260029,13260029,2954
107971,410,956,1089,0,0,11200,0,0,0,13262012,13262012,2954
107987,410,1018,1089,0,0,11200,0,0,0,13263958,13263958,2954
108003,411,1084,1089,0,0,11200,0,0,0,13265781,13265781,2954
108018,411,112,1089,0,0,11200,0,0,0,13268454,13268454,2954
108033,411,151,1089,0,0,11200,0,0,0,13270771,13270771,2954
108049,411,205,1089,0,0,11200,0,0,0,13273044,13273044,2954
108064,411,263,1089,0,0,11200,0,0,0,13275079,13275079,2954
108079,411,319,1089,0,0,11200,0,0,0,13277238,13277238,2954
108095,411,380,1089,0,0,11200,0,0,0,13279557,13279557,2954
108110,411,436,1089,0,0,11200,0,0,0,13281378,13281378,2954
108126,411,490,1089,0,0,11200,0,0,0,13283050,13283050,2954
108141,411,534,1089,0,0,11200,0,0,0,13285066,13285066,2954
108156,411,592,1089,0,0,11200,0,0,0,13286921,13286921,2954
108172,411,645,1089,0,0,11200,0,0,0,13288522,13288522,2954
108187,411,702,1089,0,0,11200,0,0,0,13290268,13290268,2954
108203,411,753,1089,0,0,11200,0,0,0,13291658,13291658,2954
108218,411,827,1089,0,0,11200,0,0,0,13293465,13293465,2954
108243,411,882,1089,0,0,11200,0,0,0,13294834,13294834,2954
108259,411,967,1089,0,0,11200,0,0,0,13296968,13296968,2954
108274,411,1034,1089,0,0,11200,0,0,0,13298813,13298813,2954
108289,412,3,1089,0,0,11200,0,0,0,13300672,13300672,2954
108305,412,108,1089,0,0,11200,0,0,0,13303215,13303215,2954
108320,412,152,1089,0,0,11200,0,0,0,13305489,13305489,2954
108336,412,215,1089,0,0,11200,0,0,0,13307966,13307966,2954
108351,412,254,1089,0,0,11200,0,0,0,13310121,13310121,2954
108366,412,314,1089,0,0,11200,0,0,0,13312321,13312321,2954
108381,412,388,1089,0,0,11200,0,0,0,13314506,13314506,2954
108397,412,462,1089,0,0,11200,0,0,0,13316794,13316794,2954
108412,412,512,1089,0,0,11200,0,0,0,13318260,13318260,2954
108427,412,575,1089,0,0,11200,0,0,0,13320175,13320175,2954
108444,412,636,1089,0,0,11200,0,0,0,13322027,13322027,2954
108460,412,699,1089,0,0,11200,0,0,0,13323913,13323913,2954
108475,412,741,1089,0,0,11200,0,0,0,13325426,13325426,2954
108491,412,815,1089,0,0,11200,0,0,0,13327408,13327408,2954
108519,412,882,1089,0,0,11200,0,0,0,13329133,13329133,2954
108535,412,952,1089,0,0,11200,0,0,0,13331079,13331079,2954
108550,412,1021,1089,0,0,11200,0,0,0,13332776,13332776,2954
108565,413,1,1089,0,0,11200,0,0,0,13334611,13334611,2954
108580,413,114,1089,0,0,11200,0,0,0,13337054,13337054,2954
108595,413,146,1089,0,0,11200,0,0,0,13339269,13339269,2954
108611,413,199,1089,0,0,11200,0,0,0,13341559,13341559,2954
108626,413,237,1089,0,0,11200,0,0,0,13343548,13343548,2954
108642,413,291,1089,0,0,11200,0,0,0,13345763,13345763,2954
108657,413,357,1089,0,0,11200,0,0,0,13347835,13347835,2954
108672,413,447,1089,0,0,11200,0,0,0,13349854,13349854,2954
108687,413,516,1089,0,0,11200,0,0,0,13351968,13351968,2954
108703,413,573,1089,0,0,11200,0,0,0,13353980,13353980,2954
108718,413,636,1089,0,0,11200,0,0,0,13355830,13355830,2954
108733,413,685,1089,0,0,11200,0,0,0,13357606,13357606,2954
108749,413,740,1089,0,0,11200,0,0,0,13359436,13359436,2954
108764,413,814,1089,0,0,11200,0,0,0,13361473,13361473,2954
108780,413,882,1089,0,0,11200,0,0,0,13362976,13362976,2954
108795,413,959,1089,0,0,11200,0,0,0,13364990,13364990,2954
108811,413,1034,1089,0,0,11200,0,0,0,13367018,13367018,2954
108826,414,13,1089,0,0,11200,0,0,0,13368833,13368833,2954
108841,414,125,1089,0,0,11200,0,0,0,13371183,13371183,2954
108856,414,174,1089,0,0,11200,0,0,0,13373435,13373435,2954
108871,414,223,1089,0,0,11200,0,0,0,13375642,13375642,2954
108886,414,269,1089,0,0,11200,0,0,0,13377679,13377679,2954
108902,414,329,1089,0,0,11200,0,0,0,13379559,13379559,2954
108917,414,402,1089,0,0,11200,0,0,0,13381821,13381821,2954
108932,414,474,1089,0,0,11200,0,0,0,13383880,13383880,2954
108947,414,531,1089,0,0,11200,0,0,0,13385942,13385942,2954
108962,414,597,1089,0,0,11200,0,0,0,13387866,13387866,2954
108977,414,645,1089,0,0,11200,0,0,0,13389475,13389475,2954
108994,414,702,1089,0,0,11200,0,0,0,13391393,13391393,2954
109009,414,717,1089,0,0,11200,0,0,0,13392034,13392034,2954
109025,414,775,1089,0,0,11200,0,0,0,13393841,13393841,2954
109040,414,844,1089,0,0,11200,0,0,0,13395778,13395778,2954
109066,414,882,1089,0,0,11200,0,0,0,13396807,13396807,2954
109081,414,959,1089,0,0,11200,0,0,0,13398807,13398807,2954
109097,414,1027,1089,0,0,11200,0,0,0,13400666,13400666,2954
109112,415,1084,1089,0,0,11200,0,0,0,13402395,13402395,2954
109127,415,105,1089,0,0,11200,0,0,0,13404955,13404955,2954
109142,415,147,1089,0,0,11200,0,0,0,13407413,13407413,2954
109158,415,199,1089,0,0,11200,0,0,0,13409494,13409494,2954
109173,415,232,1089,0,0,11200,0,0,0,13411567,13411567,2954
109188,415,303,1089,0,0,11200,0,0,0,13413875,13413875,2954
109204,415,368,1089,0,0,11200,0,0,0,13416164,13416164,2954
109219,415,436,1089,0,0,11200,0,0,0,13418333,13418333,2954
109234,415,503,1089,0,0,11200,0,0,0,13420289,13420289,2954
109250,415,567,1089,0,0,11200,0,0,0,13422511,13422511,2954
109265,415,617,1089,0,0,11200,0,0,0,13424385,13424385,2954
109280,415,676,1089,0,0,11200,0,0,0,13426106,13426106,2954
109295,415,716,1089,0,0,11200,0,0,0,13427371,13427371,2954
109311,415,765,1089,0,0,11200,0,0,0,13429057,13429057,2954
109326,415,837,1089,0,0,11200,0,0,0,13430917,13430917,2954
109342,415,901,1089,0,0,11200,0,0,0,13432314,13432314,2954
109357,415,989,1089,0,0,11200,0,0,0,13434398,13434398,2954
109372,416,1069,1089,0,0,11200,0,0,0,13436249,13436249,2954
109388,416,30,1089,0,0,11200,0,0,0,13438311,13438311,2954
109404,416,132,1089,0,0,11200,0,0,0,13440673,13440673,2954
109419,416,182,1089,0,0,11200,0,0,0,13442761,13442761,2954
109434,416,227,1089,0,0,11200,0,0,0,13444920,13444920,2954
109450,416,276,1089,0,0,11200,0,0,0,13447113,13447113,2954
109465,416,357,1089,0,0,11200,0,0,0,13449299,13449299,2954
109480,416,430,1089,0,0,11200,0,0,0,13451404,13451404,2954
109497,416,473,1089,0,0,11200,0,0,0,13453169,13453169,2954
109512,416,531,1089,0,0,11200,0,0,0,13455471,13455471,2954
109528,416,601,1089,0,0,11200,0,0,0,13457268,13457268,2954
109543,416,664,1089,0,0,11200,0,0,0,13459078,13459078,2954
109558,416,723,1089,0,0,11200,0,0,0,13460585,13460585,2954
109574,416,791,1089,0,0,11200,0,0,0,13462459,13462459,2954
109589,416,854,1089,0,0,11200,0,0,0,13464383,13464383,2954
109605,416,931,1089,0,0,11200,0,0,0,13466134,13466134,2954
109620,416,1015,1089,0,0,11200,0,0,0,13468206,13468206,2954
109635,417,1078,1089,0,0,11200,0,0,0,13469933,13469933,2954
109650,417,104,1089,0,0,11200,0,0,0,13472269,13472269,2954
109666,417,145,1089,0,0,11200,0,0,0,13474722,13474722,2954
109681,417,195,1089,0,0,11200,0,0,0,13476843,13476843,2954
109696,417,246,1089,0,0,11200,0,0,0,13478943,13478943,2954
109711,417,306,1089,0,0,11200,0,0,0,13481005,13481005,2954
109726,417,377,1089,0,0,11200,0,0,0,13483160,13483160,2954
109742,417,436,1089,0,0,11200,0,0,0,13485095,13485095,2954
109757,417,477,1089,0,0,11200,0,0,0,13486630,13486630,2954
109772,417,551,1089,0,0,11200,0,0,0,13488857,13488857,2954
109788,417,594,1089,0,0,11200,0,0,0,13490405,13490405,2954
109804,417,653,1089,0,0,11200,0,0,0,13492052,13492052,2954
109824,417,710,1089,0,0,11200,0,0,0,13493828,13493828,2954
109840,417,770,1089,0,0,11200,0,0,0,13495613,13495613,2954
109855,417,840,1089,0,0,11200,0,0,0,13497592,13497592,2954
109871,417,907,1089,0,0,11200,0,0,0,13499457,13499457,2954
109886,417,990,1089,0,0,11200,0,0,0,13501533,13501533,2954
109901,418,1070,1089,0,0,11200,0,0,0,13503410,13503410,2954
109916,418,25,1089,0,0,11200,0,0,0,13505244,13505244,2954
109931,418,123,1089,0,0,11200,0,0,0,13507656,13507656,2954
109946,418,159,1089,0,0,11200,0,0,0,13509841,13509841,2954
109961,418,215,1089,0,0,11200,0,0,0,13512158,13512158,2954
109977,418,270,1089,0,0,11200,0,0,0,13514521,13514521,2954
109993,418,321,1089,0,0,11200,0,0,0,13516333,13516333,2954
110008,418,383,1089,0,0,11200,0,0,0,13518694,13518694,2954
110023,418,434,1089,0,0,11200,0,0,0,13520461,13520461,2954
110038,418,488,1089,0,0,11200,0,0,0,13522067,13522067,2954
110054,418,520,1089,0,0,11200,0,0,0,13523335,13523335,2954
110069,418,581,1089,0,0,11200,0,0,0,13525093,13525093,2954
110085,418,630,1089,0,0,11200,0,0,0,13526718,13526718,2954
110101,418,683,1089,0,0,11200,0,0,0,13528462,13528462,2954
110116,418,746,1089,0,0,11200,0,0,0,13530101,13530101,2954
110131,418,799,1089,0,0,11200,0,0,0,13531958,13531958,2954
110146,418,866,1089,0,0,11200,0,0,0,13533978,13533978,2954
110163,418,882,1089,0,0,11200,0,0,0,13534264,13534264,2954
110179,418,954,1089,0,0,11200,0,0,0,13536319,13536319,2954
110195,418,1023,1089,0,0,11200,0,0,0,13538320,13538320,2954
110211,419,1084,1089,0,0,11200,0,0,0,13540147,13540147,2954
110226,419,104,1089,0,0,11200,0,0,0,13542593,13542593,2954
110241,419,157,1089,0,0,11200,0,0,0,13545030,13545030,2954
110256,419,203,1089,0,0,11200,0,0,0,13547028,13547028,2954
110271,419,247,1089,0,0,11200,0,0,0,13549208,13549208,2954
110287,419,306,1089,0,0,11200,0,0,0,13551413,13551413,2954
110302,419,375,1089,0,0,11200,0,0,0,13553600,13553600,2954
110317,419,444,1089,0,0,11200,0,0,0,13555543,13555543,2954
110334,419,490,1089,0,0,11200,0,0,0,13556806,13556806,2954
110349,419,558,1089,0,0,11200,0,0,0,13558902,13558902,2954
110365,419,610,1089,0,0,11200,0,0,0,13560478,13560478,2954
110380,419,667,1089,0,0,11200,0,0,0,13562103,13562103,2954
110396,419,719,1089,0,0,11200,0,0,0,13563581,13563581,2954
110412,419,774,1089,0,0,11200,0,0,0,13565339,13565339,2954
110427,419,848,1089,0,0,11200,0,0,0,13567339,13567339,2954
110443,419,893,1089,0,0,11200,0,0,0,13568621,13568621,2954
110458,419,983,1089,0,0,11200,0,0,0,13570555,13570555,2954
110473,419,1042,1089,0,0,11200,0,0,0,13572372,13572372,2954
110488,420,19,1089,0,0,11200,0,0,0,13574397,13574397,2954
110504,420,133,1089,0,0,11200,0,0,0,13576803,13576803,2954
110519,420,188,1089,0,0,11200,0,0,0,13579078,13579078,2954
110534,420,234,1089,0,0,11200,0,0,0,13581072,13581072,2954
110549,420,292,1089,0,0,11200,0,0,0,13583361,13583361,2954
110565,420,353,1089,0,0,11200,0,0,0,13585570,13585570,2954
110580,420,408,1089,0,0,11200,0,0,0,13587802,13587802,2954
110595,420,477,1089,0,0,11200,0,0,0,13589652,13589652,2954
110610,420,542,1089,0,0,11200,0,0,0,13591730,13591730,2954
110627,420,594,1089,0,0,11200,0,0,0,13593573,13593573,2954
110642,420,649,1089,0,0,11200,0,0,0,13595367,13595367,2954
110658,420,700,1089,0,0,11200,0,0,0,13596903,13596903,2954
110673,420,720,1089,0,0,11200,0,0,0,13597531,13597531,2954
110688,420,774,1089,0,0,11200,0,0,0,13599237,13599237,2954
110704,420,820,1089,0,0,11200,0,0,0,13601091,13601091,2954
110719,420,890,1089,0,0,11200,0,0,0,13602702,13602702,2954
110735,420,972,1089,0,0,11200,0,0,0,13604660,13604660,2954
110751,420,1023,1089,0,0,11200,0,0,0,13606516,13606516,2954
110766,421,1087,1089,0,0,11200,0,0,0,13608314,13608314,2954
110781,421,113,1089,0,0,11200,0,0,0,13611014,13611014,2954
110796,421,164,1089,0,0,11200,0,0,0,13613289,13613289,2954
110812,421,219,1089,0,0,11200,0,0,0,13615497,13615497,2954
110827,421,271,1089,0,0,11200,0,0,0,13617597,13617597,2954
110842,421,347,1089,0,0,11200,0,0,0,13619862,13619862,2954
110859,421,396,1089,0,0,11200,0,0,0,13622023,13622023,2954
110874,421,451,1089,0,0,11200,0,0,0,13624178,13624178,2954
110890,421,493,1089,0,0,11200,0,0,0,13625506,13625506,2954
110905,421,567,1089,0,0,11200,0,0,0,13627610,13627610,2954
110920,421,606,1089,0,0,11200,0,0,0,13629019,13629019,2954
110935,421,675,1089,0,0,11200,0,0,0,13630751,13630751,2954
110951,421,710,1089,0,0,11200,0,0,0,13631982,13631982,2954
110966,421,769,1089,0,0,11200,0,0,0,13633664,13633664,2954
110982,421,817,1089,0,0,11200,0,0,0,13635379,13635379,2954
110997,421,860,1089,0,0,11200,0,0,0,13636904,13636904,2954
111019,421,882,1089,0,0,11200,0,0,0,13637324,13637324,2954
111035,421,972,1089,0,0,11200,0,0,0,13639426,13639426,2954
111050,422,1068,1089,0,0,11200,0,0,0,13641633,13641633,2954
111065,422,59,1089,0,0,11200,0,0,0,13643994,13643994,2954
111081,422,147,1089,0,0,11200,0,0,0,13646440,13646440,2954
111096,422,209,1089,0,0,11200,0,0,0,13648825,13648825,2954
111111,422,264,1089,0,0,11200,0,0,0,13651139,13651139,2954
111126,422,328,1089,0,0,11200,0,0,0,13653511,13653511,2954
111142,422,388,1089,0,0,11200,0,0,0,13655862,13655862,2954
111157,422,451,1089,0,0,11200,0,0,0,13658001,13658001,2954
111172,422,523,1089,0,0,11200,0,0,0,13659987,13659987,2954
111187,422,583,1089,0,0,11200,0,0,0,13661853,13661853,2954
111202,422,621,1089,0,0,11200,0,0,0,13663328,13663328,2954
111219,422,697,1089,0,0,11200,0,0,0,13665055,13665055,2954
111234,422,750,1089,0,0,11200,0,0,0,13666533,13666533,2954
111250,422,817,1089,0,0,11200,0,0,0,13668274,13668274,2954
111268,422,882,1089,0,0,11200,0,0,0,13669674,13669674,2954
111283,422,954,1089,0,0,11200,0,0,0,13671657,13671657,2954
111298,422,1026,1089,0,0,11200,0,0,0,13673571,13673571,2954
111313,423,1076,1089,0,0,11200,0,0,0,13675336,13675336,2954
111328,423,43,1089,0,0,11200,0,0,0,13677615,13677615,2954
111343,423,141,1089,0,0,11200,0,0,0,13680114,13680114,2954
111359,423,204,1089,0,0,11200,0,0,0,13682340,13682340,2954
111374,423,246,1089,0,0,11200,0,0,0,13684638,13684638,2954
111390,423,307,1089,0,0,11200,0,0,0,13686864,13686864,2954
111405,423,376,1089,0,0,11200,0,0,0,13689138,13689138,2954
111420,423,446,1089,0,0,11200,0,0,0,13691208,13691208,2954
111435,423,490,1089,0,0,11200,0,0,0,13692477,13692477,2954
111451,423,553,1089,0,0,11200,0,0,0,13694561,13694561,2954
111466,423,597,1089,0,0,11200,0,0,0,13696215,13696215,2954
111481,423,651,1089,0,0,11200,0,0,0,13697873,13697873,2954
111497,423,697,1089,0,0,11200,0,0,0,13699512,13699512,2954
111513,423,753,1089,0,0,11200,0,0,0,13701055,13701055,2954
111528,423,822,1089,0,0,11200,0,0,0,13703039,13703039,2954
111552,423,882,1089,0,0,11200,0,0,0,13704642,13704642,2954
111567,423,970,1089,0,0,11200,0,0,0,13706641,13706641,2954
111582,423,1033,1089,0,0,11200,0,0,0,13708526,13708526,2954
111597,424,5,1090,0,0,11200,0,0,0,13710544,13710544,2956
111613,424,114,1090,0,0,11200,0,0,0,13713056,13713056,2956
111628,424,161,1090,0,0,11200,0,0,0,13715332,13715332,2956
111643,424,221,1090,0,0,11200,0,0,0,13717625,13717625,2956
111658,424,282,1090,0,0,11200,0,0,0,13719835,13719835,2956
111674,424,349,1090,0,0,11200,0,0,0,13722057,13722057,2956
111689,424,426,1090,0,0,11200,0,0,0,13724320,13724320,2956
111706,424,490,1090,0,0,11200,0,0,0,13726316,13726316,2956
111721,424,542,1090,0,0,11200,0,0,0,13728316,13728316,2956
111736,424,597,1090,0,0,11200,0,0,0,13730186,13730186,2956
111752,424,660,1090,0,0,11200,0,0,0,13731867,13731867,2956
111767,424,730,1090,0,0,11200,0,0,0,13733869,13733869,2956
111783,424,799,1090,0,0,11200,0,0,0,13735820,13735820,2956
111798,424,861,1090,0,0,11200,0,0,0,13737764,13737764,2956
111813,424,905,1090,0,0,11200,0,0,0,13738537,13738537,2956
111828,424,970,1090,0,0,11200,0,0,0,13740035,13740035,2956
111843,424,1030,1090,0,0,11200,0,0,0,13741809,13741809,2956
111858,425,10,1090,0,0,11200,0,0,0,13743906,13743906,2956
111874,425,114,1090,0,0,11200,0,0,0,13746522,13746522,2956
111889,425,164,1090,0,0,11200,0,0,0,13749039,13749039,2956
111904,425,215,1090,0,0,11200,0,0,0,13751176,13751176,2956
111919,425,255,1090,0,0,11200,0,0,0,13753189,13753189,2956
111935,425,317,1090,0,0,11200,0,0,0,13755693,13755693,2956
111950,425,377,1090,0,0,11200,0,0,0,13757941,13757941,2956
111965,425,446,1090,0,0,11200,0,0,0,13760137,13760137,2956
111981,425,515,1090,0,0,11200,0,0,0,13762129,13762129,2956
111996,425,571,1090,0,0,11200,0,0,0,13764122,13764122,2956
112011,425,615,1090,0,0,11200,0,0,0,13765678,13765678,2956
112026,425,678,1090,0,0,11200,0,0,0,13767399,13767399,2956
112042,425,712,1090,0,0,11200,0,0,0,13768673,13768673,2956
112057,425,774,1090,0,0,11200,0,0,0,13770398,13770398,2956
112073,425,837,1090,0,0,11200,0,0,0,13772545,13772545,2956
112111,425,882,1090,0,0,11200,0,0,0,13773936,13773936,2956
112126,425,972,1090,0,0,11200,0,0,0,13775947,13775947,2956
112141,425,1046,1090,0,0,11200,0,0,0,13777846,13777846,2956
112158,426,13,1090,0,0,11200,0,0,0,13779925,13779925,2956
112173,426,136,1090,0,0,11200,0,0,0,13782325,13782325,2956
112188,426,186,1090,0,0,11200,0,0,0,13784288,13784288,2956
112203,426,232,1090,0,0,11200,0,0,0,13786485,13786485,2956
112218,426,278,1090,0,0,11200,0,0,0,13788636,13788636,2956
112233,426,349,1090,0,0,11200,0,0,0,13790731,13790731,2956
112248,426,428,1090,0,0,11200,0,0,0,13792992,13792992,2956
112263,426,474,1090,0,0,11200,0,0,0,13794854,13794854,2956
112279,426,524,1090,0,0,11200,0,0,0,13796741,13796741,2956
112294,426,596,1090,0,0,11200,0,0,0,13798666,13798666,2956
112309,426,654,1090,0,0,11200,0,0,0,13800532,13800532,2956
112325,426,701,1090,0,0,11200,0,0,0,13802177,13802177,2956
112341,426,733,1090,0,0,11200,0,0,0,13803371,13803371,2956
112356,426,787,1090,0,0,11200,0,0,0,13805003,13805003,2956
112372,426,851,1090,0,0,11200,0,0,0,13806788,13806788,2956
112403,426,882,1090,0,0,11200,0,0,0,13807571,13807571,2956
112418,426,983,1090,0,0,11200,0,0,0,13809725,13809725,2956
112433,426,1030,1090,0,0,11200,0,0,0,13811384,13811384,2956
112448,427,11,1090,0,0,11200,0,0,0,13813494,13813494,2956
112463,427,117,1090,0,0,11200,0,0,0,13815929,13815929,2956
112478,427,154,1090,0,0,11200,0,0,0,13818174,13818174,2956
112493,427,210,1090,0,0,11200,0,0,0,13820479,13820479,2956
112509,427,263,1090,0,0,11200,0,0,0,13822709,13822709,2956
112524,427,321,1090,0,0,11200,0,0,0,13824767,13824767,2956
112539,427,386,1090,0,0,11200,0,0,0,13826888,13826888,2956
112554,427,448,1090,0,0,11200,0,0,0,13829045,13829045,2956
112569,427,519,1090,0,0,11200,0,0,0,13830524,13830524,2956
112585,427,580,1090,0,0,11200,0,0,0,13832400,13832400,2956
112600,427,625,1090,0,0,11200,0,0,0,13833998,13833998,2956
112615,427,681,1090,0,0,11200,0,0,0,13835550,13835550,2956
112632,427,732,1090,0,0,11200,0,0,0,13836994,13836994,2956
112647,427,786,1090,0,0,11200,0,0,0,13838637,13838637,2956
112662,427,840,1090,0,0,11200,0,0,0,13840398,13840398,2956
112677,427,893,1090,0,0,11200,0,0,0,13841739,13841739,2956
112693,427,986,1090,0,0,11200,0,0,0,13843868,13843868,2956
112708,428,1059,1090,0,0,11200,0,0,0,13845823,13845823,2956
112724,428,27,1090,0,0,11200,0,0,0,13848149,13848149,2956
112739,428,149,1090,0,0,11200,0,0,0,13850596,13850596,2956
112754,428,210,1090,0,0,11200,0,0,0,13852883,13852883,2956
112770,428,251,1090,0,0,11200,0,0,0,13855135,13855135,2956
112785,428,321,1090,0,0,11200,0,0,0,13857345,13857345,2956
112800,428,389,1090,0,0,11200,0,0,0,13859477,13859477,2956
112816,428,466,1090,0,0,11200,0,0,0,13861632,13861632,2956
112831,428,531,1090,0,0,11200,0,0,0,13863366,13863366,2956
112846,428,585,1090,0,0,11200,0,0,0,13865148,13865148,2956
112861,428,619,1090,0,0,11200,0,0,0,13866494,13866494,2956
112876,428,675,1090,0,0,11200,0,0,0,13867919,13867919,2956
112891,428,726,1090,0,0,11200,0,0,0,13869544,13869544,2956
112907,428,782,1090,0,0,11200,0,0,0,13871120,13871120,2956
112922,428,852,1090,0,0,11200,0,0,0,13873081,13873081,2956
112939,428,882,1090,0,0,11200,0,0,0,13873628,13873628,2956
112954,428,963,1090,0,0,11200,0,0,0,13875699,13875699,2956
112969,428,1028,1090,0,0,11200,0,0,0,13877756,13877756,2956
112985,429,6,1090,0,0,11200,0,0,0,13879896,13879896,2956
113000,429,113,1090,0,0,11200,0,0,0,13882338,13882338,2956
113015,429,156,1090,0,0,11200,0,0,0,13884742,13884742,2956
113030,429,211,1090,0,0,11200,0,0,0,13886968,13886968,2956
113045,429,252,1090,0,0,11200,0,0,0,13889200,13889200,2956
113060,429,321,1090,0,0,11200,0,0,0,13891287,13891287,2956
113075,429,391,1090,0,0,11200,0,0,0,13893509,13893509,2956
113091,429,463,1090,0,0,11200,0,0,0,13895752,13895752,2956
113106,429,529,1090,0,0,11200,0,0,0,13897859,13897859,2956
113121,429,588,1090,0,0,11200,0,0,0,13899535,13899535,2956
113136,429,639,1090,0,0,11200,0,0,0,13901072,13901072,2956
113152,429,697,1090,0,0,11200,0,0,0,13902949,13902949,2956
113167,429,738,1090,0,0,11200,0,0,0,13903913,13903913,2956
113183,429,811,1090,0,0,11200,0,0,0,13905845,13905845,2956
113219,429,882,1090,0,0,11200,0,0,0,13907916,13907916,2956
113234,429,958,1090,0,0,11200,0,0,0,13909886,13909886,2956
113249,429,1022,1090,0,0,11200,0,0,0,13911711,13911711,2956
113264,430,0,1090,0,0,11200,0,0,0,13913500,13913500,2956
113279,430,108,1090,0,0,11200,0,0,0,13915973,13915973,2956
113294,430,148,1090,0,0,11200,0,0,0,13918243,13918243,2956
113310,430,216,1090,0,0,11200,0,0,0,13920586,13920586,2956
113325,430,269,1090,0,0,11200,0,0,0,13922751,13922751,2956
113341,430,353,1090,0,0,11200,0,0,0,13924907,13924907,2956
113356,430,428,1090,0,0,11200,0,0,0,13927066,13927066,2956
113371,430,493,1090,0,0,11200,0,0,0,13929074,13929074,2956
113386,430,548,1090,0,0,11200,0,0,0,13930927,13930927,2956
113401,430,610,1090,0,0,11200,0,0,0,13932780,13932780,2956
113417,430,675,1090,0,0,11200,0,0,0,13934398,13934398,2956
113432,430,723,1090,0,0,11200,0,0,0,13935869,13935869,2956
113448,430,786,1090,0,0,11200,0,0,0,13937611,13937611,2956
113463,430,822,1090,0,0,11200,0,0,0,13939027,13939027,2956
113480,430,882,1090,0,0,11200,0,0,0,13940574,13940574,2956
113495,430,962,1090,0,0,11200,0,0,0,13942545,13942545,2956
113510,430,1022,1090,0,0,11200,0,0,0,13944504,13944504,2956
113527,431,1079,1090,0,0,11200,0,0,0,13946058,13946058,2956
113543,431,111,1090,0,0,11200,0,0,0,13948473,13948473,2956
113558,431,159,1090,0,0,11200,0,0,0,13950993,13950993,2956
113573,431,222,1090,0,0,11200,0,0,0,13953129,13953129,2956
113588,431,269,1090,0,0,11200,0,0,0,13955209,13955209,2956
113603,431,341,1090,0,0,11200,0,0,0,13957338,13957338,2956
113619,431,394,1090,0,0,11200,0,0,0,13959537,13959537,2956
113635,431,451,1090,0,0,11200,0,0,0,13961653,13961653,2956
113650,431,510,1090,0,0,11200,0,0,0,13963243,13963243,2956
113665,431,565,1090,0,0,11200,0,0,0,13965294,13965294,2956
113681,431,606,1090,0,0,11200,0,0,0,13966765,13966765,2956
113696,431,660,1090,0,0,11200,0,0,0,13968471,13968471,2956
113716,431,710,1090,0,0,11200,0,0,0,13969839,13969839,2956
113731,431,765,1090,0,0,11200,0,0,0,13971701,13971701,2956
113746,431,840,1090,0,0,11200,0,0,0,13973747,13973747,2956
113769,431,882,1090,0,0,11200,0,0,0,13974829,13974829,2956
113784,431,970,1090,0,0,11200,0,0,0,13976762,13976762,2956
113801,431,1027,1090,0,0,11200,0,0,0,13978558,13978558,2956
113817,432,4,1090,0,0,11200,0,0,0,13980457,13980457,2956
113832,432,119,1090,0,0,11200,0,0,0,13982941,13982941,2956
113847,432,160,1090,0,0,11200,0,0,0,13985223,13985223,2956
113863,432,219,1090,0,0,11200,0,0,0,13987613,13987613,2956
113878,432,269,1090,0,0,11200,0,0,0,13989679,13989679,2956
113893,432,354,1090,0,0,11200,0,0,0,13992062,13992062,2956
113909,432,410,1090,0,0,11200,0,0,0,13994199,13994199,2956
113924,432,481,1090,0,0,11200,0,0,0,13996443,13996443,2956
113940,432,529,1090,0,0,11200,0,0,0,13998486,13998486,2956
113956,432,596,1090,0,0,11200,0,0,0,14000230,14000230,2956
113971,432,677,1090,0,0,11200,0,0,0,14001970,14001970,2956
113986,432,713,1090,0,0,11200,0,0,0,14002993,14002993,2956
114001,432,778,1090,0,0,11200,0,0,0,14004899,14004899,2956
114017,432,853,1090,0,0,11200,0,0,0,14006887,14006887,2956
114032,432,926,1090,0,0,11200,0,0,0,14008312,14008312,2956
114048,432,997,1090,0,0,11200,0,0,0,14010159,14010159,2956
114063,433,1068,1090,0,0,11200,0,0,0,14012103,14012103,2956
114079,433,43,1090,0,0,11200,0,0,0,14014476,14014476,2956
114094,433,145,1090,0,0,11200,0,0,0,14017139,14017139,2956
114109,433,210,1090,0,0,11200,0,0,0,14019286,14019286,2956
114124,433,249,1090,0,0,11200,0,0,0,14021396,14021396,2956
114139,433,309,1090,0,0,11200,0,0,0,14023682,14023682,2956
114155,433,376,1090,0,0,11200,0,0,0,14025996,14025996,2956
114170,433,435,1090,0,0,11200,0,0,0,14027823,14027823,2956
114185,433,493,1090,0,0,11200,0,0,0,14029535,14029535,2956
114201,433,561,1090,0,0,11200,0,0,0,14031560,14031560,2956
114216,433,622,1090,0,0,11200,0,0,0,14033327,14033327,2956
114231,433,691,1090,0,0,11200,0,0,0,14035105,14035105,2956
114247,433,740,1090,0,0,11200,0,0,0,14036365,14036365,2956
114262,433,802,1090,0,0,11200,0,0,0,14038135,14038135,2956
114277,433,877,1090,0,0,11200,0,0,0,14040024,14040024,2956
114293,433,904,1090,0,0,11200,0,0,0,14040596,14040596,2956
114308,433,975,1090,0,0,11200,0,0,0,14042347,14042347,2956
114323,434,1056,1090,0,0,11200,0,0,0,14044179,14044179,2956
114339,434,13,1090,0,0,11200,0,0,0,14046175,14046175,2956
114354,434,123,1090,0,0,11200,0,0,0,14048602,14048602,2956
114369,434,194,1090,0,0,11200,0,0,0,14051030,14051030,2956
114385,434,249,1090,0,0,11200,0,0,0,14053211,14053211,2956
114400,434,309,1090,0,0,11200,0,0,0,14055612,14055612,2956
114415,434,375,1090,0,0,11200,0,0,0,14057847,14057847,2956
114431,434,435,1090,0,0,11200,0,0,0,14059938,14059938,2956
114447,434,473,1090,0,0,11200,0,0,0,14061239,14061239,2956
114462,434,527,1090,0,0,11200,0,0,0,14062926,14062926,2956
114478,434,590,1090,0,0,11200,0,0,0,14064951,14064951,2956
114493,434,630,1090,0,0,11200,0,0,0,14066505,14066505,2956
114508,434,697,1090,0,0,11200,0,0,0,14068329,14068329,2956
114524,434,750,1090,0,0,11200,0,0,0,14070054,14070054,2956
114539,434,802,1090,0,0,11200,0,0,0,14072002,14072002,2956
114555,434,873,1090,0,0,11200,0,0,0,14073814,14073814,2956
114571,434,882,1090,0,0,11200,0,0,0,14073925,14073925,2956
114586,434,970,1090,0,0,11200,0,0,0,14076048,14076048,2956
114601,434,1044,1090,0,0,11200,0,0,0,14077852,14077852,2956
114616,435,22,1090,0,0,11200,0,0,0,14080070,14080070,2956
114632,435,136,1090,0,0,11200,0,0,0,14082655,14082655,2956
114647,435,182,1090,0,0,11200,0,0,0,14084655,14084655,2956
114662,435,244,1090,0,0,11200,0,0,0,14086946,14086946,2956
114677,435,306,1090,0,0,11200,0,0,0,14089125,14089125,2956
114693,435,364,1090,0,0,11200,0,0,0,14091034,14091034,2956
114708,435,436,1090,0,0,11200,0,0,0,14093237,14093237,2956
114725,435,497,1090,0,0,11200,0,0,0,14095025,14095025,2956
114740,435,548,1090,0,0,11200,0,0,0,14096855,14096855,2956
114755,435,597,1090,0,0,11200,0,0,0,14098642,14098642,2956
114771,435,664,1090,0,0,11200,0,0,0,14100318,14100318,2956
114787,435,726,1090,0,0,11200,0,0,0,14101845,14101845,2956
114802,435,785,1090,0,0,11200,0,0,0,14103590,14103590,2956
114817,435,832,1090,0,0,11200,0,0,0,14105618,14105618,2956
114835,435,882,1090,0,0,11200,0,0,0,14106585,14106585,2956
114850,435,972,1090,0,0,11200,0,0,0,14108487,14108487,2956
114866,435,1035,1090,0,0,11200,0,0,0,14110052,14110052,2956
114881,436,1084,1090,0,0,11200,0,0,0,14111363,14111363,2956
114896,436,40,1090,0,0,11200,0,0,0,14113042,14113042,2956
114911,436,131,1090,0,0,11200,0,0,0,14114823,14114823,2956
114927,436,158,1090,0,0,11200,0,0,0,14116482,14116482,2956
114942,436,209,1090,0,0,11200,0,0,0,14118310,14118310,2956
114957,436,239,1090,0,0,11200,0,0,0,14119926,14119926,2956
114972,436,275,1090,0,0,11200,0,0,0,14121403,14121403,2956
114988,436,317,1090,0,0,11200,0,0,0,14122654,14122654,2956
115004,436,355,1090,0,0,11200,0,0,0,14123975,14123975,2956
115023,436,396,1090,0,0,11200,0,0,0,14125391,14125391,2956
115038,436,433,1090,0,0,11200,0,0,0,14126638,14126638,2956
115054,436,473,1090,0,0,11200,0,0,0,14127971,14127971,2956
115069,436,515,1090,0,0,11200,0,0,0,14129329,14129329,2956
115084,436,548,1090,0,0,11200,0,0,0,14130659,14130659,2956
115099,436,597,1090,0,0,11200,0,0,0,14131839,14131839,2956
115116,436,636,1090,0,0,11200,0,0,0,14132982,14132982,2956
115131,436,676,1090,0,0,11200,0,0,0,14134156,14134156,2956
115147,436,712,1090,0,0,11200,0,0,0,14135235,14135235,2956
115163,436,754,1090,0,0,11200,0,0,0,14136414,14136414,2956
115178,436,792,1090,0,0,11200,0,0,0,14137516,14137516,2956
115194,436,832,1090,0,0,11200,0,0,0,14138901,14138901,2956
115222,436,882,1090,0,0,11200,0,0,0,14139804,14139804,2956
115237,436,923,1090,0,0,11200,0,0,0,14141119,14141119,2956
115252,436,975,1090,0,0,11200,0,0,0,14142494,14142494,2956
115268,436,1016,1090,0,0,11200,0,0,0,14143751,14143751,2956
115283,436,1053,1090,0,0,11200,0,0,0,14144949,14144949,2956
115298,437,5,1090,0,0,11200,0,0,0,14146598,14146598,2956
115314,437,28,1090,0,0,11200,0,0,0,14147663,14147663,2956
115329,437,113,1090,0,0,11200,0,0,0,14148790,14148790,2956
115345,437,136,1090,0,0,11200,0,0,0,14149979,14149979,2956
115361,437,155,1090,0,0,11200,0,0,0,14151096,14151096,2956
115377,437,185,1090,0,0,11200,0,0,0,14152152,14152152,2956
115393,437,213,1090,0,0,11200,0,0,0,14153295,14153295,2956
115409,437,237,1090,0,0,11200,0,0,0,14154384,14154384,2956
115425,437,268,1090,0,0,11200,0,0,0,14155522,14155522,2956
115440,437,300,1090,0,0,11200,0,0,0,14156534,14156534,2956
115456,437,328,1090,0,0,11200,0,0,0,14157523,14157523,2956
115471,437,357,1090,0,0,11200,0,0,0,14158606,14158606,2956
115487,437,384,1090,0,0,11200,0,0,0,14159591,14159591,2956
115502,437,424,1090,0,0,11200,0,0,0,14160612,14160612,2956
115517,437,445,1090,0,0,11200,0,0,0,14161549,14161549,2956
115532,437,488,1090,0,0,11200,0,0,0,14162601,14162601,2956
115549,437,511,1090,0,0,11200,0,0,0,14163620,14163620,2956
115565,437,537,1090,0,0,11200,0,0,0,14164702,14164702,2956
115580,437,571,1090,0,0,11200,0,0,0,14165664,14165664,2956
115595,437,598,1090,0,0,11200,0,0,0,14166520,14166520,2956
115610,437,630,1090,0,0,11200,0,0,0,14167476,14167476,2956
115625,437,662,1090,0,0,11200,0,0,0,14168344,14168344,2956
115640,437,690,1090,0,0,11200,0,0,0,14169186,14169186,2956
115656,437,719,1090,0,0,11200,0,0,0,14169915,14169915,2956
115671,437,746,1090,0,0,11200,0,0,0,14170867,14170867,2956
115687,437,772,1090,0,0,11200,0,0,0,14171837,14171837,2956
115702,437,801,1090,0,0,11200,0,0,0,14172804,14172804,2956
115717,437,827,1090,0,0,11200,0,0,0,14173696,14173696,2956
115732,437,860,1090,0,0,11200,0,0,0,14174638,14174638,2956
115761,437,882,1090,0,0,11200,0,0,0,14174963,14174963,2956
115777,437,922,1090,0,0,11200,0,0,0,14175891,14175891,2956
115792,437,970,1090,0,0,11200,0,0,0,14176853,14176853,2956
115808,437,1021,1090,0,0,11200,0,0,0,14177963,14177963,2956
115823,438,1062,1090,0,0,11200,0,0,0,14178903,14178903,2956
115838,438,1089,1090,0,0,11200,0,0,0,14179738,14179738,2956
115854,438,22,1090,0,0,11200,0,0,0,14180911,14180911,2956
115870,438,105,1090,0,0,11200,0,0,0,14182212,14182212,2956
115885,438,123,1090,0,0,11200,0,0,0,14183340,14183340,2956
115901,438,147,1090,0,0,11200,0,0,0,14184449,14184449,2956
115917,438,166,1090,0,0,11200,0,0,0,14185730,14185730,2956
115932,438,194,1090,0,0,11200,0,0,0,14186859,14186859,2956
115947,438,216,1090,0,0,11200,0,0,0,14187903,14187903,2956
115963,438,241,1090,0,0,11200,0,0,0,14188988,14188988,2956
115978,438,271,1090,0,0,11200,0,0,0,14190114,14190114,2956
115994,438,307,1090,0,0,11200,0,0,0,14191170,14191170,2956
116009,438,336,1090,0,0,11200,0,0,0,14192087,14192087,2956
116024,438,367,1090,0,0,11200,0,0,0,14193323,14193323,2956
116040,438,408,1090,0,0,11200,0,0,0,14194329,14194329,2956
116056,438,440,1090,0,0,11200,0,0,0,14195284,14195284,2956
116071,438,466,1090,0,0,11200,0,0,0,14196243,14196243,2956
116087,438,512,1090,0,0,11200,0,0,0,14197288,14197288,2956
116103,438,538,1090,0,0,11200,0,0,0,14198324,14198324,2956
116118,438,580,1090,0,0,11200,0,0,0,14199271,14199271,2956
116133,438,598,1090,0,0,11200,0,0,0,14200040,14200040,2956
116150,438,634,1090,0,0,11200,0,0,0,14200949,14200949,2956
116165,438,667,1090,0,0,11200,0,0,0,14201828,14201828,2956
116181,438,702,1090,0,0,11200,0,0,0,14202733,14202733,2956
116196,438,739,1090,0,0,11200,0,0,0,14203684,14203684,2956
116211,438,769,1090,0,0,11200,0,0,0,14204555,14204555,2956
116228,438,799,1090,0,0,11200,0,0,0,14205587,14205587,2956
116244,438,829,1090,0,0,11200,0,0,0,14206556,14206556,2956
116260,438,869,1090,0,0,11200,0,0,0,14207429,14207429,2956
116275,438,899,1090,0,0,11200,0,0,0,14208059,14208059,2956
116291,438,932,1090,0,0,11200,0,0,0,14209071,14209071,2956
116306,438,986,1090,0,0,11200,0,0,0,14210031,14210031,2956
116322,438,1023,1090,0,0,11200,0,0,0,14211033,14211033,2956
116337,439,1064,1090,0,0,11200,0,0,0,14211973,14211973,2956
116352,439,11,1090,0,0,11200,0,0,0,14213016,14213016,2956
116368,439,97,1090,0,0,11200,0,0,0,14214300,14214300,2956
116384,439,119,1090,0,0,11200,0,0,0,14215457,14215457,2956
116399,439,141,1090,0,0,11200,0,0,0,14216540,14216540,2956
116415,439,158,1090,0,0,11200,0,0,0,14217649,14217649,2956
116431,439,188,1090,0,0,11200,0,0,0,14218716,14218716,2956
116446,439,214,1090,0,0,11200,0,0,0,14219748,14219748,2956
116461,439,232,1090,0,0,11200,0,0,0,14220772,14220772,2956
116476,439,250,1090,0,0,11200,0,0,0,14221785,14221785,2956
116492,439,274,1090,0,0,11200,0,0,0,14222915,14222915,2956
116507,439,306,1090,0,0,11200,0,0,0,14224001,14224001,2956
116523,439,340,1090,0,0,11200,0,0,0,14225075,14225075,2956
116538,439,369,1090,0,0,11200,0,0,0,14226127,14226127,2956
116554,439,405,1090,0,0,11200,0,0,0,14227137,14227137,2956
116570,439,433,1090,0,0,11200,0,0,0,14228177,14228177,2956
116586,439,467,1090,0,0,11200,0,0,0,14229330,14229330,2956
116602,439,502,1090,0,0,11200,0,0,0,14230296,14230296,2956
116617,439,525,1090,0,0,11200,0,0,0,14231316,14231316,2956
116633,439,561,1090,0,0,11200,0,0,0,14232226,14232226,2956
116650,439,594,1090,0,0,11200,0,0,0,14233225,14233225,2956
116666,439,623,1090,0,0,11200,0,0,0,14234173,14234173,2956
116682,439,658,1090,0,0,11200,0,0,0,14235055,14235055,2956
116698,439,685,1090,0,0,11200,0,0,0,14235997,14235997,2956
116718,439,718,1090,0,0,11200,0,0,0,14236924,14236924,2956
116733,439,753,1090,0,0,11200,0,0,0,14237829,14237829,2956
116749,439,782,1090,0,0,11200,0,0,0,14238787,14238787,2956
116765,439,814,1090,0,0,11200,0,0,0,14239787,14239787,2956
116781,439,849,1090,0,0,11200,0,0,0,14240778,14240778,2956
116796,439,883,1090,0,0,11200,0,0,0,14241489,14241489,2956
116812,439,941,1090,0,0,11200,0,0,0,14242531,14242531,2956
116828,439,982,1090,0,0,11200,0,0,0,14243526,14243526,2956
116844,439,1012,1090,0,0,11200,0,0,0,14244628,14244628,2956
116860,439,1048,1090,0,0,11200,0,0,0,14245621,14245621,2956
116876,440,1079,1090,0,0,11200,0,0,0,14246566,14246566,2956
116892,440,19,1090,0,0,11200,0,0,0,14247748,14247748,2956
116907,440,106,1090,0,0,11200,0,0,0,14248927,14248927,2956
116923,440,129,1090,0,0,11200,0,0,0,14250100,14250100,2956
116940,440,147,1090,0,0,11200,0,0,0,14251266,14251266,2956
116955,440,180,1090,0,0,11200,0,0,0,14252405,14252405,2956
116971,440,212,1090,0,0,11200,0,0,0,14253648,14253648,2956
116986,440,229,1090,0,0,11200,0,0,0,14254729,14254729,2956
117001,440,251,1090,0,0,11200,0,0,0,14255782,14255782,2956
117017,440,279,1090,0,0,11200,0,0,0,14256845,14256845,2956
117032,440,311,1090,0,0,11200,0,0,0,14257890,14257890,2956
117047,440,353,1090,0,0,11200,0,0,0,14258990,14258990,2956
117063,440,379,1090,0,0,11200,0,0,0,14260082,14260082,2956
117079,440,408,1090,0,0,11200,0,0,0,14261075,14261075,2956
117094,440,444,1090,0,0,11200,0,0,0,14262060,14262060,2956
117109,440,477,1090,0,0,11200,0,0,0,14263040,14263040,2956
117125,440,506,1090,0,0,11200,0,0,0,14263903,14263903,2956
117141,440,525,1090,0,0,11200,0,0,0,14264960,14264960,2956
117156,440,563,1090,0,0,11200,0,0,0,14265897,14265897,2956
117172,440,594,1090,0,0,11200,0,0,0,14266914,14266914,2956
117187,440,615,1090,0,0,11200,0,0,0,14267810,14267810,2956
117203,440,647,1090,0,0,11200,0,0,0,14268688,14268688,2956
117218,440,678,1090,0,0,11200,0,0,0,14269598,14269598,2956
117233,440,705,1090,0,0,11200,0,0,0,14270438,14270438,2956
117248,440,732,1090,0,0,11200,0,0,0,14271231,14271231,2956
117263,440,771,1090,0,0,11200,0,0,0,14272200,14272200,2956
117278,440,798,1090,0,0,11200,0,0,0,14273038,14273038,2956
117294,440,823,1090,0,0,11200,0,0,0,14273989,14273989,2956
117310,440,856,1090,0,0,11200,0,0,0,14275005,14275005,2956
117334,440,882,1090,0,0,11200,0,0,0,14275396,14275396,2956
117349,440,919,1090,0,0,11200,0,0,0,14276399,14276399,2956
117365,440,957,1090,0,0,11200,0,0,0,14277384,14277384,2956
117380,440,990,1090,0,0,11200,0,0,0,14278335,14278335,2956
117395,440,1042,1090,0,0,11200,0,0,0,14279313,14279313,2956
117411,441,1078,1090,0,0,11200,0,0,0,14280346,14280346,2956
117427,441,12,1090,0,0,11200,0,0,0,14281546,14281546,2956
117443,441,44,1090,0,0,11200,0,0,0,14282720,14282720,2956
117458,441,117,1090,0,0,11200,0,0,0,14283906,14283906,2956
117473,441,140,1090,0,0,11200,0,0,0,14285025,14285025,2956
117488,441,160,1090,0,0,11200,0,0,0,14286173,14286173,2956
117504,441,195,1090,0,0,11200,0,0,0,14287296,14287296,2956
117519,441,215,1090,0,0,11200,0,0,0,14288299,14288299,2956
117535,441,238,1090,0,0,11200,0,0,0,14289332,14289332,2956
117550,441,265,1090,0,0,11200,0,0,0,14290352,14290352,2956
117566,441,292,1090,0,0,11200,0,0,0,14291430,14291430,2956
117581,441,333,1090,0,0,11200,0,0,0,14292430,14292430,2956
117597,441,368,1090,0,0,11200,0,0,0,14293585,14293585,2956
117613,441,399,1090,0,0,11200,0,0,0,14294624,14294624,2956
117628,441,430,1090,0,0,11200,0,0,0,14295548,14295548,2956
117643,441,456,1090,0,0,11200,0,0,0,14296503,14296503,2956
117659,441,497,1090,0,0,11200,0,0,0,14297427,14297427,2956
117674,441,529,1090,0,0,11200,0,0,0,14298456,14298456,2956
117690,441,567,1090,0,0,11200,0,0,0,14299371,14299371,2956
117705,441,594,1090,0,0,11200,0,0,0,14300282,14300282,2956
117720,441,621,1090,0,0,11200,0,0,0,14301269,14301269,2956
117736,441,654,1090,0,0,11200,0,0,0,14302165,14302165,2956
117752,441,685,1090,0,0,11200,0,0,0,14303025,14303025,2956
117770,441,710,1090,0,0,11200,0,0,0,14303870,14303870,2956
117785,441,747,1090,0,0,11200,0,0,0,14304806,14304806,2956
117800,441,771,1090,0,0,11200,0,0,0,14305728,14305728,2956
117815,441,812,1090,0,0,11200,0,0,0,14306649,14306649,2956
117830,441,837,1090,0,0,11200,0,0,0,14307642,14307642,2956
117846,441,869,1090,0,0,11200,0,0,0,14308574,14308574,2956
117874,441,882,1090,0,0,11200,0,0,0,14308816,14308816,2956
117889,441,928,1090,0,0,11200,0,0,0,14309801,14309801,2956
117906,441,962,1090,0,0,11200,0,0,0,14310833,14310833,2956
117922,441,998,1090,0,0,11200,0,0,0,14311755,14311755,2956
117937,441,1034,1090,0,0,11200,0,0,0,14312696,14312696,2956
117953,442,1076,1090,0,0,11200,0,0,0,14313655,14313655,2956
117969,442,15,1090,0,0,11200,0,0,0,14314682,14314682,2956
117985,442,104,1090,0,0,11200,0,0,0,14315918,14315918,2956
118000,442,134,1090,0,0,11200,0,0,0,14317077,14317077,2956
118015,442,158,1090,0,0,11200,0,0,0,14318212,14318212,2956
118032,442,185,1090,0,0,11200,0,0,0,14319277,14319277,2956
118047,442,215,1090,0,0,11200,0,0,0,14320376,14320376,2956
118063,442,238,1090,0,0,11200,0,0,0,14321337,14321337,2956
118078,442,260,1090,0,0,11200,0,0,0,14322429,14322429,2956
118094,442,277,1090,0,0,11200,0,0,0,14323504,14323504,2956
118111,442,309,1090,0,0,11200,0,0,0,14324523,14324523,2956
118128,442,347,1090,0,0,11200,0,0,0,14325660,14325660,2956
118143,442,378,1090,0,0,11200,0,0,0,14326723,14326723,2956
118158,442,417,1090,0,0,11200,0,0,0,14327700,14327700,2956
118173,442,456,1090,0,0,11200,0,0,0,14328703,14328703,2956
118189,442,493,1090,0,0,11200,0,0,0,14329691,14329691,2956
118204,442,524,1090,0,0,11200,0,0,0,14330732,14330732,2956
118220,442,552,1090,0,0,11200,0,0,0,14331751,14331751,2956
118235,442,585,1090,0,0,11200,0,0,0,14332646,14332646,2956
118250,442,606,1090,0,0,11200,0,0,0,14333531,14333531,2956
118265,442,631,1090,0,0,11200,0,0,0,14334432,14334432,2956
118281,442,664,1090,0,0,11200,0,0,0,14335346,14335346,2956
118297,442,696,1090,0,0,11200,0,0,0,14336271,14336271,2956
118312,442,716,1090,0,0,11200,0,0,0,14336903,14336903,2956
118328,442,740,1090,0,0,11200,0,0,0,14337737,14337737,2956
118343,442,763,1090,0,0,11200,0,0,0,14338634,14338634,2956
118359,442,795,1090,0,0,11200,0,0,0,14339689,14339689,2956
118375,442,831,1090,0,0,11200,0,0,0,14340746,14340746,2956
118390,442,861,1090,0,0,11200,0,0,0,14341705,14341705,2956
118431,442,882,1090,0,0,11200,0,0,0,14342120,14342120,2956
118446,442,922,1090,0,0,11200,0,0,0,14343053,14343053,2956
118462,442,952,1090,0,0,11200,0,0,0,14343973,14343973,2956
118478,442,988,1090,0,0,11200,0,0,0,14344960,14344960,2956
118495,442,1016,1090,0,0,11200,0,0,0,14345892,14345892,2956
118511,442,1042,1090,0,0,11200,0,0,0,14346781,14346781,2956
118526,443,1069,1090,0,0,11200,0,0,0,14347691,14347691,2956
118541,443,2,1090,0,0,11200,0,0,0,14348757,14348757,2956
118557,443,24,1090,0,0,11200,0,0,0,14349940,14349940,2956
118573,443,108,1090,0,0,11200,0,0,0,14351227,14351227,2956
118589,443,134,1090,0,0,11200,0,0,0,14352476,14352476,2956
118604,443,156,1090,0,0,11200,0,0,0,14353677,14353677,2956
118620,443,182,1090,0,0,11200,0,0,0,14354696,14354696,2956
118635,443,215,1090,0,0,11200,0,0,0,14355839,14355839,2956
118650,443,241,1090,0,0,11200,0,0,0,14356906,14356906,2956
118666,443,269,1090,0,0,11200,0,0,0,14358069,14358069,2956
118681,443,304,1090,0,0,11200,0,0,0,14359224,14359224,2956
118697,443,326,1090,0,0,11200,0,0,0,14360279,14360279,2956
118713,443,359,1090,0,0,11200,0,0,0,14361367,14361367,2956
118728,443,391,1090,0,0,11200,0,0,0,14362307,14362307,2956
118744,443,433,1090,0,0,11200,0,0,0,14363320,14363320,2956
118760,443,462,1090,0,0,11200,0,0,0,14364353,14364353,2956
118775,443,506,1090,0,0,11200,0,0,0,14365370,14365370,2956
118791,443,528,1090,0,0,11200,0,0,0,14366367,14366367,2956
118806,443,562,1090,0,0,11200,0,0,0,14367242,14367242,2956
118822,443,593,1090,0,0,11200,0,0,0,14368285,14368285,2956
118837,443,617,1090,0,0,11200,0,0,0,14369180,14369180,2956
118853,443,653,1090,0,0,11200,0,0,0,14370037,14370037,2956
118868,443,681,1090,0,0,11200,0,0,0,14370893,14370893,2956
118883,443,702,1090,0,0,11200,0,0,0,14371623,14371623,2956
118898,443,738,1090,0,0,11200,0,0,0,14372507,14372507,2956
118914,443,769,1090,0,0,11200,0,0,0,14373360,14373360,2956
118929,443,799,1090,0,0,11200,0,0,0,14374359,14374359,2956
118945,443,829,1090,0,0,11200,0,0,0,14375337,14375337,2956
118961,443,862,1090,0,0,11200,0,0,0,14376294,14376294,2956
118977,443,892,1090,0,0,11200,0,0,0,14377005,14377005,2956
118993,443,945,1090,0,0,11200,0,0,0,14378079,14378079,2956
119009,443,984,1090,0,0,11200,0,0,0,14379010,14379010,2956
119024,443,1016,1090,0,0,11200,0,0,0,14379970,14379970,2956
119039,443,1048,1090,0,0,11200,0,0,0,14380922,14380922,2956
119055,444,1083,1090,0,0,11200,0,0,0,14381922,14381922,2956
119071,444,16,1090,0,0,11200,0,0,0,14383077,14383077,2956
119086,444,105,1090,0,0,11200,0,0,0,14384333,14384333,2956
119103,444,129,1090,0,0,11200,0,0,0,14385663,14385663,2956
119118,444,150,1090,0,0,11200,0,0,0,14386736,14386736,2956
119134,444,178,1090,0,0,11200,0,0,0,14387908,14387908,2956
119150,444,207,1090,0,0,11200,0,0,0,14389000,14389000,2956
119165,444,225,1090,0,0,11200,0,0,0,14390075,14390075,2956
119181,444,255,1090,0,0,11200,0,0,0,14391159,14391159,2956
119196,444,276,1090,0,0,11200,0,0,0,14392260,14392260,2956
119212,444,308,1090,0,0,11200,0,0,0,14393311,14393311,2956
119227,444,347,1090,0,0,11200,0,0,0,14394363,14394363,2956
119242,444,378,1090,0,0,11200,0,0,0,14395458,14395458,2956
119257,444,411,1090,0,0,11200,0,0,0,14396453,14396453,2956
119273,444,444,1090,0,0,11200,0,0,0,14397421,14397421,2956
119288,444,473,1090,0,0,11200,0,0,0,14398375,14398375,2956
119303,444,509,1090,0,0,11200,0,0,0,14399404,14399404,2956
119319,444,530,1090,0,0,11200,0,0,0,14400440,14400440,2956
119334,444,562,1090,0,0,11200,0,0,0,14401331,14401331,2956
119350,444,589,1090,0,0,11200,0,0,0,14402348,14402348,2956
119366,444,606,1090,0,0,11200,0,0,0,14403119,14403119,2956
119381,444,643,1090,0,0,11200,0,0,0,14404113,14404113,2956
119396,444,675,1090,0,0,11200,0,0,0,14404976,14404976,2956
119412,444,704,1090,0,0,11200,0,0,0,14405902,14405902,2956
119427,444,739,1090,0,0,11200,0,0,0,14406764,14406764,2956
119442,444,762,1090,0,0,11200,0,0,0,14407690,14407690,2956
119457,444,786,1090,0,0,11200,0,0,0,14408467,14408467,2956
119473,444,818,1090,0,0,11200,0,0,0,14409432,14409432,2956
119488,444,849,1090,0,0,11200,0,0,0,14410351,14410351,2956
119504,444,890,1090,0,0,11200,0,0,0,14411250,14411250,2956
119519,444,938,1090,0,0,11200,0,0,0,14412214,14412214,2956
119534,444,972,1090,0,0,11200,0,0,0,14413064,14413064,2956
119550,444,1006,1090,0,0,11200,0,0,0,14414026,14414026,2956
119565,444,1052,1090,0,0,11200,0,0,0,14415017,14415017,2956
119581,445,1087,1090,0,0,11200,0,0,0,14416047,14416047,2956
119596,445,20,1090,0,0,11200,0,0,0,14417178,14417178,2956
119612,445,107,1090,0,0,11200,0,0,0,14418405,14418405,2956
119627,445,125,1090,0,0,11200,0,0,0,14419590,14419590,2956
119643,445,149,1090,0,0,11200,0,0,0,14420641,14420641,2956
119658,445,169,1090,0,0,11200,0,0,0,14421754,14421754,2956
119674,445,210,1090,0,0,11200,0,0,0,14422928,14422928,2956
119690,445,228,1090,0,0,11200,0,0,0,14424043,14424043,2956
119706,445,257,1090,0,0,11200,0,0,0,14425155,14425155,2956
119722,445,290,1090,0,0,11200,0,0,0,14426376,14426376,2956
119737,445,313,1090,0,0,11200,0,0,0,14427338,14427338,2956
119753,445,355,1090,0,0,11200,0,0,0,14428397,14428397,2956
119769,445,387,1090,0,0,11200,0,0,0,14429522,14429522,2956
119785,445,418,1090,0,0,11200,0,0,0,14430356,14430356,2956
119800,445,441,1090,0,0,11200,0,0,0,14431242,14431242,2956
119816,445,477,1090,0,0,11200,0,0,0,14432230,14432230,2956
119832,445,511,1090,0,0,11200,0,0,0,14433206,14433206,2956
119848,445,541,1090,0,0,11200,0,0,0,14434225,14434225,2956
119864,445,569,1090,0,0,11200,0,0,0,14435206,14435206,2956
119880,445,602,1090,0,0,11200,0,0,0,14436073,14436073,2956
119896,445,643,1090,0,0,11200,0,0,0,14437022,14437022,2956
119912,445,675,1090,0,0,11200,0,0,0,14437851,14437851,2956
119927,445,705,1090,0,0,11200,0,0,0,14438718,14438718,2956
119942,445,746,1090,0,0,11200,0,0,0,14439689,14439689,2956
119958,445,775,1090,0,0,11200,0,0,0,14440616,14440616,2956
119974,445,817,1090,0,0,11200,0,0,0,14441520,14441520,2956
119989,445,860,1090,0,0,11200,0,0,0,14442491,14442491,2956
120015,445,882,1090,0,0,11200,0,0,0,14442797,14442797,2956
120031,445,909,1090,0,0,11200,0,0,0,14443719,14443719,2956
120047,445,938,1090,0,0,11200,0,0,0,14444635,14444635,2956
120062,445,971,1090,0,0,11200,0,0,0,14445550,14445550,2956
120077,445,1000,1090,0,0,11200,0,0,0,14446452,14446452,2956
120093,445,1029,1090,0,0,11200,0,0,0,14447441,14447441,2956
120109,446,1076,1090,0,0,11200,0,0,0,14448467,14448467,2956
120124,446,10,1090,0,0,11200,0,0,0,14449544,14449544,2956
120140,446,59,1090,0,0,11200,0,0,0,14450815,14450815,2956
120155,446,118,1090,0,0,11200,0,0,0,14451987,14451987,2956
120171,446,137,1090,0,0,11200,0,0,0,14453215,14453215,2956
120187,446,161,1090,0,0,11200,0,0,0,14454369,14454369,2956
120203,446,188,1090,0,0,11200,0,0,0,14455411,14455411,2956
120218,446,214,1090,0,0,11200,0,0,0,14456489,14456489,2956
120233,446,245,1090,0,0,11200,0,0,0,14457499,14457499,2956
120248,446,267,1090,0,0,11200,0,0,0,14458562,14458562,2956
120263,446,292,1090,0,0,11200,0,0,0,14459593,14459593,2956
120280,446,317,1090,0,0,11200,0,0,0,14460656,14460656,2956
120295,446,349,1090,0,0,11200,0,0,0,14461741,14461741,2956
120310,446,379,1090,0,0,11200,0,0,0,14462911,14462911,2956
120325,446,423,1090,0,0,11200,0,0,0,14463970,14463970,2956
120342,446,447,1090,0,0,11200,0,0,0,14464912,14464912,2956
120358,446,489,1090,0,0,11200,0,0,0,14465915,14465915,2956
120373,446,515,1091,1,0,11200,0,0,0,14466916,14466916,2956
120388,446,542,1091,1,0,11200,0,0,0,14467922,14467922,2956
120405,446,583,1091,1,0,11200,0,0,0,14468907,14468907,2956
120421,446,606,1091,1,0,11200,0,0,0,14469661,14469661,2956
120437,446,654,1091,1,0,11200,0,0,0,14470610,14470610,2956
120453,446,681,1091,1,0,11200,0,0,0,14471491,14471491,2956
120469,446,702,1091,1,0,11200,0,0,0,14472277,14472277,2956
120484,446,738,1091,1,0,11200,0,0,0,14473162,14473162,2956
120500,446,763,1091,1,0,11200,0,0,0,14474108,14474108,2956
120516,446,783,1091,1,0,11200,0,0,0,14475001,14475001,2956
120531,446,815,1091,1,0,11200,0,0,0,14476009,14476009,2956
120547,446,846,1091,1,0,11200,0,0,0,14476871,14476871,2956
120563,446,884,1091,1,0,11200,0,0,0,14477711,14477711,2956
120578,446,928,1091,1,0,11200,0,0,0,14478652,14478652,2956
120593,446,966,1091,1,0,11200,0,0,0,14479650,14479650,2956
120610,446,996,1091,1,0,11200,0,0,0,14480682,14480682,2956
120625,446,1027,1091,1,0,11200,0,0,0,14481578,14481578,2956
120641,447,1056,1091,1,0,11200,0,0,0,14482484,14482484,2956
120656,447,3,1091,1,0,11200,0,0,0,14483423,14483423,2956
120672,447,24,1091,1,0,11200,0,0,0,14484763,14484763,2956
120687,447,118,1091,1,0,11200,0,0,0,14485859,14485859,2956
120703,447,140,1091,1,0,11200,0,0,0,14487016,14487016,2956
120718,447,159,1091,1,0,11200,0,0,0,14488117,14488117,2956
120734,447,190,1091,1,0,11200,0,0,0,14489226,14489226,2956
120750,447,216,1091,1,0,11200,0,0,0,14490321,14490321,2956
120765,447,233,1091,1,0,11200,0,0,0,14491355,14491355,2956
120780,447,255,1091,1,0,11200,0,0,0,14492491,14492491,2956
120796,447,277,1091,1,0,11200,0,0,0,14493591,14493591,2956
120811,447,309,1091,1,0,11200,0,0,0,14494623,14494623,2956
120828,447,345,1091,1,0,11200,0,0,0,14495676,14495676,2956
120844,447,376,1091,1,0,11200,0,0,0,14496848,14496848,2956
120859,447,422,1091,1,0,11200,0,0,0,14497852,14497852,2956
120874,447,440,1091,1,0,11200,0,0,0,14498756,14498756,2956
120892,447,473,1091,1,0,11200,0,0,0,14499801,14499801,2956
120907,447,510,1091,1,0,11200,0,0,0,14500800,14500800,2956
120924,447,542,1091,1,0,11200,0,0,0,14501904,14501904,2956
120940,447,569,1091,1,0,11200,0,0,0,14502843,14502843,2956
120955,447,597,1091,1,0,11200,0,0,0,14503677,14503677,2956
120971,447,631,1091,1,0,11200,0,0,0,14504597,14504597,2956
120986,447,670,1091,1,0,11200,0,0,0,14505465,14505465,2956
121002,447,697,1091,1,0,11200,0,0,0,14506453,14506453,2956
121017,447,723,1091,1,0,11200,0,0,0,14507352,14507352,2956
121033,447,750,1091,1,0,11200,0,0,0,14508168,14508168,2956
121049,447,778,1091,1,0,11200,0,0,0,14509076,14509076,2956
121064,447,814,1091,1,0,11200,0,0,0,14510067,14510067,2956
121080,447,853,1091,1,0,11200,0,0,0,14511007,14511007,2956
121114,447,882,1091,1,0,11200,0,0,0,14511591,14511591,2956
121129,447,928,1091,1,0,11200,0,0,0,14512612,14512612,2956
121144,447,959,1091,1,0,11200,0,0,0,14513590,14513590,2956
121160,447,991,1091,1,0,11200,0,0,0,14514546,14514546,2956
121176,447,1023,1091,1,0,11200,0,0,0,14515602,14515602,2956
121191,448,1056,1091,1,0,11200,0,0,0,14516512,14516512,2956
121207,448,0,1091,1,0,11200,0,0,0,14517598,14517598,2956
121222,448,25,1091,1,0,11200,0,0,0,14518799,14518799,2956
121238,448,108,1091,1,0,11200,0,0,0,14520021,14520021,2956
121254,448,126,1091,1,0,11200,0,0,0,14521166,14521166,2956
121269,448,149,1091,1,0,11200,0,0,0,14522303,14522303,2956
121284,448,180,1091,1,0,11200,0,0,0,14523390,14523390,2956
121300,448,210,1091,1,0,11200,0,0,0,14524572,14524572,2956
121315,448,231,1091,1,0,11200,0,0,0,14525621,14525621,2956
121331,448,261,1091,1,0,11200,0,0,0,14526752,14526752,2956
121346,448,292,1091,1,0,11200,0,0,0,14527805,14527805,2956
121363,448,321,1091,1,0,11200,0,0,0,14528815,14528815,2956
121378,448,353,1091,1,0,11200,0,0,0,14529859,14529859,2956
121393,448,384,1091,1,0,11200,0,0,0,14530967,14530967,2956
121409,448,430,1091,1,0,11200,0,0,0,14531968,14531968,2956
121425,448,467,1091,1,0,11200,0,0,0,14533034,14533034,2956
121441,448,502,1091,1,0,11200,0,0,0,14534019,14534019,2956
121456,448,528,1091,1,0,11200,0,0,0,14534955,14534955,2956
121471,448,569,1091,1,0,11200,0,0,0,14535908,14535908,2956
121488,448,602,1091,1,0,11200,0,0,0,14536787,14536787,2956
121504,448,636,1091,1,0,11200,0,0,0,14537719,14537719,2956
121519,448,667,1091,1,0,11200,0,0,0,14538562,14538562,2956
121535,448,695,1091,1,0,11200,0,0,0,14539462,14539462,2956
121552,448,712,1091,1,0,11200,0,0,0,14540355,14540355,2956
121567,448,741,1091,1,0,11200,0,0,0,14541246,14541246,2956
121583,448,767,1091,1,0,11200,0,0,0,14542243,14542243,2956
121598,448,802,1091,1,0,11200,0,0,0,14543192,14543192,2956
121615,448,838,1091,1,0,11200,0,0,0,14544165,14544165,2956
121631,448,869,1091,1,0,11200,0,0,0,14545154,14545154,2956
121656,448,882,1091,1,0,11200,0,0,0,14545379,14545379,2956
121671,448,926,1091,1,0,11200,0,0,0,14546380,14546380,2956
121687,448,979,1091,1,0,11200,0,0,0,14547492,14547492,2956
121702,448,1022,1091,1,0,11200,0,0,0,14548459,14548459,2956
121717,449,1069,1091,1,0,11200,0,0,0,14549389,14549389,2956
121732,449,16,1091,1,0,11200,0,0,0,14550411,14550411,2956
121747,449,67,1091,1,0,11200,0,0,0,14551536,14551536,2956
121762,449,119,1091,1,0,11200,0,0,0,14552639,14552639,2956
121778,449,139,1091,1,0,11200,0,0,0,14553930,14553930,2956
121793,449,161,1091,1,0,11200,0,0,0,14555001,14555001,2956
121809,449,188,1091,1,0,11200,0,0,0,14556067,14556067,2956
121824,449,215,1091,1,0,11200,0,0,0,14557160,14557160,2956
121839,449,241,1091,1,0,11200,0,0,0,14558166,14558166,2956
121856,449,269,1091,1,0,11200,0,0,0,14559356,14559356,2956
121871,449,301,1091,1,0,11200,0,0,0,14560478,14560478,2956
121887,449,326,1091,1,0,11200,0,0,0,14561548,14561548,2956
121903,449,361,1091,1,0,11200,0,0,0,14562714,14562714,2956
121918,449,392,1091,1,0,11200,0,0,0,14563688,14563688,2956
121935,449,424,1091,1,0,11200,0,0,0,14564838,14564838,2956
121951,449,443,1091,1,0,11200,0,0,0,14565836,14565836,2956
121966,449,473,1091,1,0,11200,0,0,0,14566817,14566817,2956
121981,449,503,1091,1,0,11200,0,0,0,14567646,14567646,2956
121997,449,528,1091,1,0,11200,0,0,0,14568656,14568656,2956
122012,449,567,1091,1,0,11200,0,0,0,14569582,14569582,2956
122029,449,594,1091,1,0,11200,0,0,0,14570586,14570586,2956
122045,449,617,1091,1,0,11200,0,0,0,14571480,14571480,2956
122060,449,649,1091,1,0,11200,0,0,0,14572272,14572272,2956
122076,449,682,1091,1,0,11200,0,0,0,14573175,14573175,2956
122092,449,713,1091,1,0,11200,0,0,0,14574006,14574006,2956
122107,449,747,1091,1,0,11200,0,0,0,14574917,14574917,2956
122123,449,778,1091,1,0,11200,0,0,0,14575846,14575846,2956
122138,449,812,1091,1,0,11200,0,0,0,14576786,14576786,2956
122153,449,837,1091,1,0,11200,0,0,0,14577755,14577755,2956
122169,449,861,1091,1,0,11200,0,0,0,14578711,14578711,2956
122184,449,893,1091,1,0,11200,0,0,0,14579236,14579236,2956
122199,449,926,1091,1,0,11200,0,0,0,14580261,14580261,2956
122215,449,959,1091,1,0,11200,0,0,0,14581186,14581186,2956
122230,449,998,1091,1,0,11200,0,0,0,14582107,14582107,2956
122246,449,1028,1091,1,0,11200,0,0,0,14583007,14583007,2956
122262,450,1073,1091,1,0,11200,0,0,0,14584095,14584095,2956
122278,450,13,1091,1,0,11200,0,0,0,14585199,14585199,2956
122294,450,58,1091,1,0,11200,0,0,0,14586417,14586417,2956
122310,450,120,1091,1,0,11200,0,0,0,14587657,14587657,2956
122326,450,145,1091,1,0,11200,0,0,0,14588858,14588858,2956
122343,450,166,1091,1,0,11200,0,0,0,14590089,14590089,2956
122359,450,199,1091,1,0,11200,0,0,0,14591317,14591317,2956
122374,450,222,1091,1,0,11200,0,0,0,14592376,14592376,2956
122389,450,248,1091,1,0,11200,0,0,0,14593420,14593420,2956
122406,450,275,1091,1,0,11200,0,0,0,14594652,14594652,2956
122421,450,307,1091,1,0,11200,0,0,0,14595706,14595706,2956
122437,450,344,1091,1,0,11200,0,0,0,14596804,14596804,2956
122452,450,367,1091,1,0,11200,0,0,0,14597872,14597872,2956
122468,450,394,1091,1,0,11200,0,0,0,14598909,14598909,2956
122483,450,431,1091,1,0,11200,0,0,0,14599941,14599941,2956
122499,450,466,1091,1,0,11200,0,0,0,14600912,14600912,2956
122515,450,497,1091,1,0,11200,0,0,0,14601933,14601933,2956
122531,450,528,1091,1,0,11200,0,0,0,14603000,14603000,2956
122547,450,559,1091,1,0,11200,0,0,0,14604015,14604015,2956
122562,450,586,1091,1,0,11200,0,0,0,14605035,14605035,2956
122578,450,603,1091,1,0,11200,0,0,0,14605783,14605783,2956
122594,450,636,1091,1,0,11200,0,0,0,14606752,14606752,2956
122609,450,676,1091,1,0,11200,0,0,0,14607631,14607631,2956
122626,450,700,1091,1,0,11200,0,0,0,14608579,14608579,2956
122642,450,730,1091,1,0,11200,0,0,0,14609355,14609355,2956
122657,450,762,1091,1,0,11200,0,0,0,14610388,14610388,2956
122673,450,789,1091,1,0,11200,0,0,0,14611323,14611323,2956
122688,450,822,1091,1,0,11200,0,0,0,14612336,14612336,2956
122704,450,861,1091,1,0,11200,0,0,0,14613339,14613339,2956
122727,450,882,1091,1,0,11200,0,0,0,14613504,14613504,2956
122742,450,923,1091,1,0,11200,0,0,0,14614477,14614477,2956
122758,450,955,1091,1,0,11200,0,0,0,14615462,14615462,2956
122774,450,990,1091,1,0,11200,0,0,0,14616405,14616405,2956
122789,450,1023,1091,1,0,11200,0,0,0,14617266,14617266,2956
122805,451,1060,1091,1,0,11200,0,0,0,14618270,14618270,2956
122820,451,1,1091,1,0,11200,0,0,0,14619325,14619325,2956
122836,451,24,1091,1,0,11200,0,0,0,14620605,14620605,2956
122851,451,113,1091,1,0,11200,0,0,0,14621775,14621775,2956
122867,451,137,1091,1,0,11200,0,0,0,14623011,14623011,2956
122882,451,156,1091,1,0,11200,0,0,0,14624188,14624188,2956
122897,451,183,1091,1,0,11200,0,0,0,14625190,14625190,2956
122913,451,210,1091,1,0,11200,0,0,0,14626472,14626472,2956
122929,451,232,1091,1,0,11200,0,0,0,14627513,14627513,2956
122946,451,265,1091,1,0,11200,0,0,0,14628618,14628618,2956
122961,451,292,1091,1,0,11200,0,0,0,14629656,14629656,2956
122976,451,328,1091,1,0,11200,0,0,0,14630556,14630556,2956
122992,451,361,1091,1,0,11200,0,0,0,14631717,14631717,2956
123007,451,391,1091,1,0,11200,0,0,0,14632749,14632749,2956
123022,451,430,1091,1,0,11200,0,0,0,14633768,14633768,2956
123038,451,460,1091,1,0,11200,0,0,0,14634698,14634698,2956
123053,451,493,1091,1,0,11200,0,0,0,14635703,14635703,2956
123068,451,523,1091,1,0,11200,0,0,0,14636669,14636669,2956
123083,451,542,1091,1,0,11200,0,0,0,14637659,14637659,2956
123099,451,571,1091,1,0,11200,0,0,0,14638541,14638541,2956
123114,451,595,1091,1,0,11200,0,0,0,14639384,14639384,2956
123129,451,621,1091,1,0,11200,0,0,0,14640354,14640354,2956
123144,451,652,1091,1,0,11200,0,0,0,14641171,14641171,2956
123160,451,689,1091,1,0,11200,0,0,0,14642081,14642081,2956
123178,451,710,1091,1,0,11200,0,0,0,14642900,14642900,2956
123194,451,747,1091,1,0,11200,0,0,0,14643798,14643798,2956
123210,451,771,1091,1,0,11200,0,0,0,14644743,14644743,2956
123226,451,802,1091,1,0,11200,0,0,0,14645811,14645811,2956
123242,451,828,1091,1,0,11200,0,0,0,14646746,14646746,2956
123258,451,857,1091,1,0,11200,0,0,0,14647740,14647740,2956
123279,451,882,1091,1,0,11200,0,0,0,14648093,14648093,2956
123294,451,928,1091,1,0,11200,0,0,0,14649050,14649050,2956
123309,451,983,1091,1,0,11200,0,0,0,14650004,14650004,2956
123326,451,1016,1091,1,0,11200,0,0,0,14651039,14651039,2956
123341,451,1054,1091,1,0,11200,0,0,0,14652006,14652006,2956
123356,452,5,1091,1,0,11200,0,0,0,14653035,14653035,2956
123372,452,101,1091,1,0,11200,0,0,0,14654261,14654261,2956
123387,452,120,1091,1,0,11200,0,0,0,14655396,14655396,2956
123403,452,142,1091,1,0,11200,0,0,0,14656580,14656580,2956
123419,452,163,1091,1,0,11200,0,0,0,14657860,14657860,2956
123434,452,191,1091,1,0,11200,0,0,0,14658953,14658953,2956
123451,452,216,1091,1,0,11200,0,0,0,14660102,14660102,2956
123467,452,244,1091,1,0,11200,0,0,0,14661152,14661152,2956
123483,452,264,1091,1,0,11200,0,0,0,14662252,14662252,2956
123499,452,300,1091,1,0,11200,0,0,0,14663361,14663361,2956
123515,452,340,1091,1,0,11200,0,0,0,14664401,14664401,2956
123530,452,371,1091,1,0,11200,0,0,0,14665480,14665480,2956
123546,452,405,1091,1,0,11200,0,0,0,14666457,14666457,2956
123562,452,433,1091,1,0,11200,0,0,0,14667501,14667501,2956
123578,452,467,1091,1,0,11200,0,0,0,14668506,14668506,2956
123593,452,502,1091,1,0,11200,0,0,0,14669323,14669323,2956
123609,452,535,1091,1,0,11200,0,0,0,14670346,14670346,2956
123625,452,569,1091,1,0,11200,0,0,0,14671330,14671330,2956
123641,452,593,1091,1,0,11200,0,0,0,14672268,14672268,2956
123656,452,613,1091,1,0,11200,0,0,0,14673003,14673003,2956
123671,452,649,1091,1,0,11200,0,0,0,14673863,14673863,2956
123686,452,677,1091,1,0,11200,0,0,0,14674679,14674679,2956
123701,452,702,1091,1,0,11200,0,0,0,14675517,14675517,2956
123717,452,732,1091,1,0,11200,0,0,0,14676412,14676412,2956
123732,452,763,1091,1,0,11200,0,0,0,14677353,14677353,2956
123747,452,799,1091,1,0,11200,0,0,0,14678366,14678366,2956
123762,452,822,1091,1,0,11200,0,0,0,14679287,14679287,2956
123777,452,852,1091,1,0,11200,0,0,0,14680175,14680175,2956
123793,452,884,1091,1,0,11200,0,0,0,14680909,14680909,2956
123808,452,926,1091,1,0,11200,0,0,0,14681895,14681895,2956
123825,452,966,1091,1,0,11200,0,0,0,14682723,14682723,2956
123841,452,1006,1091,1,0,11200,0,0,0,14683766,14683766,2956
123856,452,1034,1091,1,0,11200,0,0,0,14684731,14684731,2956
123871,453,1069,1091,1,0,11200,0,0,0,14685650,14685650,2956
123887,453,1089,1091,1,0,11200,0,0,0,14686560,14686560,2956
123902,453,20,1091,1,0,11200,0,0,0,14687725,14687725,2956
123918,453,107,1091,1,0,11200,0,0,0,14688949,14688949,2956
123933,453,129,1091,1,0,11200,0,0,0,14690156,14690156,2956
123949,453,152,1091,1,0,11200,0,0,0,14691382,14691382,2956
123965,453,174,1091,1,0,11200,0,0,0,14692435,14692435,2956
123980,453,199,1091,1,0,11200,0,0,0,14693463,14693463,2956
123997,453,216,1091,1,0,11200,0,0,0,14694518,14694518,2956
124013,453,234,1091,1,0,11200,0,0,0,14695618,14695618,2956
124028,453,264,1091,1,0,11200,0,0,0,14696687,14696687,2956
124044,453,294,1091,1,0,11200,0,0,0,14697959,14697959,2956
124059,453,321,1091,1,0,11200,0,0,0,14698987,14698987,2956
124074,453,354,1091,1,0,11200,0,0,0,14700069,14700069,2956
124090,453,380,1091,1,0,11200,0,0,0,14701095,14701095,2956
124105,453,424,1091,1,0,11200,0,0,0,14702055,14702055,2956
124120,453,444,1091,1,0,11200,0,0,0,14702995,14702995,2956
124136,453,474,1091,1,0,11200,0,0,0,14703904,14703904,2956
124151,453,510,1091,1,0,11200,0,0,0,14704853,14704853,2956
124167,453,531,1091,1,0,11200,0,0,0,14705888,14705888,2956
124183,453,571,1091,1,0,11200,0,0,0,14706895,14706895,2956
124198,453,594,1091,1,0,11200,0,0,0,14707695,14707695,2956
124214,453,636,1091,1,0,11200,0,0,0,14708630,14708630,2956
124229,453,667,1091,1,0,11200,0,0,0,14709479,14709479,2956
124244,453,697,1091,1,0,11200,0,0,0,14710399,14710399,2956
124259,453,722,1091,1,0,11200,0,0,0,14711218,14711218,2956
124275,453,756,1091,1,0,11200,0,0,0,14712137,14712137,2956
124290,453,778,1091,1,0,11200,0,0,0,14712958,14712958,2956
124306,453,811,1091,1,0,11200,0,0,0,14713900,14713900,2956
124321,453,832,1091,1,0,11200,0,0,0,14714913,14714913,2956
124336,453,866,1091,1,0,11200,0,0,0,14715799,14715799,2956
124361,453,882,1091,1,0,11200,0,0,0,14716022,14716022,2956
124377,453,919,1091,1,0,11200,0,0,0,14717080,14717080,2956
124393,453,950,1091,1,0,11200,0,0,0,14718019,14718019,2956
124408,453,1006,1091,1,0,11200,0,0,0,14719059,14719059,2956
124424,453,1051,1091,1,0,11200,0,0,0,14719998,14719998,2956
124439,454,1089,1091,1,0,11200,0,0,0,14721006,14721006,2956
124454,454,30,1091,1,0,11200,0,0,0,14722154,14722154,2956
124469,454,111,1091,1,0,11200,0,0,0,14723324,14723324,2956
124485,454,138,1091,1,0,11200,0,0,0,14724608,14724608,2956
124501,454,154,1091,1,0,11200,0,0,0,14725714,14725714,2956
124516,454,178,1091,1,0,11200,0,0,0,14726755,14726755,2956
124531,454,205,1091,1,0,11200,0,0,0,14727960,14727960,2956
124547,454,226,1091,1,0,11200,0,0,0,14729001,14729001,2956
124562,454,252,1091,1,0,11200,0,0,0,14730148,14730148,2956
124577,454,283,1091,1,0,11200,0,0,0,14731169,14731169,2956
124593,454,313,1091,1,0,11200,0,0,0,14732180,14732180,2956
124608,454,358,1091,1,0,11200,0,0,0,14733193,14733193,2956
124623,454,384,1091,1,0,11200,0,0,0,14734216,14734216,2956
124638,454,423,1091,1,0,11200,0,0,0,14735175,14735175,2956
124655,454,455,1091,1,0,11200,0,0,0,14736178,14736178,2956
124670,454,496,1091,1,0,11200,0,0,0,14737220,14737220,2956
124686,454,527,1091,1,0,11200,0,0,0,14738203,14738203,2956
124701,454,555,1091,1,0,11200,0,0,0,14739189,14739189,2956
124716,454,586,1091,1,0,11200,0,0,0,14740129,14740129,2956
124732,454,603,1091,1,0,11200,0,0,0,14740848,14740848,2956
124748,454,631,1091,1,0,11200,0,0,0,14741872,14741872,2956
124764,454,667,1091,1,0,11200,0,0,0,14742805,14742805,2956
124780,454,691,1091,1,0,11200,0,0,0,14743650,14743650,2956
124795,454,719,1091,1,0,11200,0,0,0,14744614,14744614,2956
124811,454,759,1091,1,0,11200,0,0,0,14745593,14745593,2956
124827,454,789,1091,1,0,11200,0,0,0,14746477,14746477,2956
124842,454,827,1091,1,0,11200,0,0,0,14747462,14747462,2956
124858,454,874,1091,1,0,11200,0,0,0,14748369,14748369,2956
124877,454,882,1091,1,0,11200,0,0,0,14748689,14748689,2956
124892,454,916,1091,1,0,11200,0,0,0,14749668,14749668,2956
124908,454,959,1091,1,0,11200,0,0,0,14750576,14750576,2956
124923,454,988,1091,1,0,11200,0,0,0,14751511,14751511,2956
124940,454,1030,1091,1,0,11200,0,0,0,14752560,14752560,2956
124955,455,1070,1091,1,0,11200,0,0,0,14753559,14753559,2956
124970,455,6,1091,1,0,11200,0,0,0,14754615,14754615,2956
124986,455,26,1091,1,0,11200,0,0,0,14755668,14755668,2956
125002,455,107,1091,1,0,11200,0,0,0,14756825,14756825,2956
125017,455,125,1091,1,0,11200,0,0,0,14758042,14758042,2956
125034,455,151,1091,1,0,11200,0,0,0,14759122,14759122,2956
125049,455,178,1091,1,0,11200,0,0,0,14760306,14760306,2956
125064,455,204,1091,1,0,11200,0,0,0,14761453,14761453,2956
125080,455,221,1091,1,0,11200,0,0,0,14762493,14762493,2956
125095,455,241,1091,1,0,11200,0,0,0,14763526,14763526,2956
125111,455,269,1091,1,0,11200,0,0,0,14764751,14764751,2956
125126,455,303,1091,1,0,11200,0,0,0,14765825,14765825,2956
125142,455,328,1091,1,0,11200,0,0,0,14766785,14766785,2956
125158,455,368,1091,1,0,11200,0,0,0,14767880,14767880,2956
125173,455,407,1091,1,0,11200,0,0,0,14768885,14768885,2956
125188,455,443,1091,1,0,11200,0,0,0,14769947,14769947,2956
125204,455,467,1091,1,0,11200,0,0,0,14770871,14770871,2956
125220,455,503,1091,1,0,11200,0,0,0,14771773,14771773,2956
125235,455,528,1091,1,0,11200,0,0,0,14772786,14772786,2956
125252,455,568,1091,1,0,11200,0,0,0,14773872,14773872,2956
125267,455,595,1091,1,0,11200,0,0,0,14774839,14774839,2956
125283,455,611,1091,1,0,11200,0,0,0,14775697,14775697,2956
125298,455,643,1091,1,0,11200,0,0,0,14776547,14776547,2956
125315,455,664,1091,1,0,11200,0,0,0,14777437,14777437,2956
125331,455,691,1091,1,0,11200,0,0,0,14778308,14778308,2956
125348,455,719,1091,1,0,11200,0,0,0,14779183,14779183,2956
125364,455,748,1091,1,0,11200,0,0,0,14780189,14780189,2956
125380,455,776,1091,1,0,11200,0,0,0,14781068,14781068,2956
125395,455,815,1091,1,0,11200,0,0,0,14782032,14782032,2956
125411,455,848,1091,1,0,11200,0,0,0,14782993,14782993,2956
125429,455,882,1091,1,0,11200,0,0,0,14783890,14783890,2956
125445,455,928,1091,1,0,11200,0,0,0,14784891,14784891,2956
125461,455,971,1091,1,0,11200,0,0,0,14785853,14785853,2956
125477,455,1006,1091,1,0,11200,0,0,0,14786883,14786883,2956
125493,455,1029,1091,1,0,11200,0,0,0,14787804,14787804,2956
125508,456,1074,1091,1,0,11200,0,0,0,14788803,14788803,2956
125524,456,6,1091,1,0,11200,0,0,0,14789920,14789920,2956
125539,456,25,1091,1,0,11200,0,0,0,14791031,14791031,2956
125556,456,113,1091,1,0,11200,0,0,0,14792306,14792306,2956
125572,456,136,1091,1,0,11200,0,0,0,14793570,14793570,2956
125587,456,151,1091,1,0,11200,0,0,0,14794630,14794630,2956
125603,456,182,1091,1,0,11200,0,0,0,14795806,14795806,2956
125618,456,211,1091,1,0,11200,0,0,0,14796934,14796934,2956
125633,456,232,1091,1,0,11200,0,0,0,14798014,14798014,2956
125648,456,256,1091,1,0,11200,0,0,0,14799039,14799039,2956
125665,456,291,1091,1,0,11200,0,0,0,14800245,14800245,2956
125681,456,314,1091,1,0,11200,0,0,0,14801170,14801170,2956
125696,456,360,1091,1,0,11200,0,0,0,14802331,14802331,2956
125712,456,391,1091,1,0,11200,0,0,0,14803391,14803391,2956
125727,456,431,1091,1,0,11200,0,0,0,14804383,14804383,2956
125742,456,456,1091,1,0,11200,0,0,0,14805309,14805309,2956
125758,456,506,1091,1,0,11200,0,0,0,14806292,14806292,2956
125773,456,527,1091,1,0,11200,0,0,0,14807343,14807343,2956
125789,456,553,1091,1,0,11200,0,0,0,14808297,14808297,2956
125805,456,575,1091,1,0,11200,0,0,0,14809311,14809311,2956
125820,456,596,1091,1,0,11200,0,0,0,14810008,14810008,2956
125835,456,643,1091,1,0,11200,0,0,0,14810937,14810937,2956
125851,456,667,1091,1,0,11200,0,0,0,14811811,14811811,2956
125867,456,697,1091,1,0,11200,0,0,0,14812659,14812659,2956
125882,456,722,1091,1,0,11200,0,0,0,14813501,14813501,2956
125898,456,758,1091,1,0,11200,0,0,0,14814457,14814457,2956
125913,456,789,1091,1,0,11200,0,0,0,14815301,14815301,2956
125928,456,819,1091,1,0,11200,0,0,0,14816195,14816195,2956
125943,456,855,1091,1,0,11200,0,0,0,14817117,14817117,2956
125969,456,882,1091,1,0,11200,0,0,0,14817693,14817693,2956
125985,456,922,1091,1,0,11200,0,0,0,14818662,14818662,2956
126000,456,959,1091,1,0,11200,0,0,0,14819631,14819631,2956
126015,456,997,1091,1,0,11200,0,0,0,14820671,14820671,2956
126030,456,1034,1091,1,0,11200,0,0,0,14821593,14821593,2956
126046,457,1076,1091,1,0,11200,0,0,0,14822628,14822628,2956
126062,457,8,1091,1,0,11200,0,0,0,14823603,14823603,2956
126078,457,31,1091,1,0,11200,0,0,0,14824800,14824800,2956
126094,457,118,1091,1,0,11200,0,0,0,14825990,14825990,2956
126109,457,140,1091,1,0,11200,0,0,0,14827099,14827099,2956
126126,457,158,1091,1,0,11200,0,0,0,14828238,14828238,2956
126141,457,195,1091,1,0,11200,0,0,0,14829446,14829446,2956
126156,457,220,1091,1,0,11200,0,0,0,14830480,14830480,2956
126172,457,246,1091,1,0,11200,0,0,0,14831563,14831563,2956
126188,457,270,1091,1,0,11200,0,0,0,14832678,14832678,2956
126204,457,305,1091,1,0,11200,0,0,0,14833833,14833833,2956
126220,457,344,1091,1,0,11200,0,0,0,14834910,14834910,2956
126235,457,371,1091,1,0,11200,0,0,0,14836057,14836057,2956
126252,457,402,1091,1,0,11200,0,0,0,14837120,14837120,2956
126267,457,435,1091,1,0,11200,0,0,0,14838070,14838070,2956
126283,457,466,1091,1,0,11200,0,0,0,14839073,14839073,2956
126298,457,491,1091,1,0,11200,0,0,0,14840004,14840004,2956
126314,457,524,1091,1,0,11200,0,0,0,14841119,14841119,2956
126330,457,563,1091,1,0,11200,0,0,0,14842108,14842108,2956
126345,457,586,1091,1,0,11200,0,0,0,14843012,14843012,2956
126360,457,602,1091,1,0,11200,0,0,0,14843742,14843742,2956
126377,457,636,1091,1,0,11200,0,0,0,14844723,14844723,2956
126393,457,667,1091,1,0,11200,0,0,0,14845617,14845617,2956
126409,457,697,1091,1,0,11200,0,0,0,14846512,14846512,2956
126424,457,723,1091,1,0,11200,0,0,0,14847300,14847300,2956
126439,457,753,1091,1,0,11200,0,0,0,14848124,14848124,2956
126455,457,776,1091,1,0,11200,0,0,0,14848982,14848982,2956
126470,457,813,1091,1,0,11200,0,0,0,14849917,14849917,2956
126485,457,852,1091,1,0,11200,0,0,0,14850874,14850874,2956
126505,457,882,1091,1,0,11200,0,0,0,14851529,14851529,2956
126520,457,923,1091,1,0,11200,0,0,0,14852468,14852468,2956
126535,457,972,1091,1,0,11200,0,0,0,14853401,14853401,2956
126550,457,1009,1091,1,0,11200,0,0,0,14854402,14854402,2956
126566,457,1052,1091,1,0,11200,0,0,0,14855426,14855426,2956
126581,458,1080,1091,1,0,11200,0,0,0,14856445,14856445,2956
126598,458,13,1091,1,0,11200,0,0,0,14857588,14857588,2956
126613,458,104,1091,1,0,11200,0,0,0,14858850,14858850,2956
126628,458,129,1091,1,0,11200,0,0,0,14859973,14859973,2956
126643,458,148,1091,1,0,11200,0,0,0,14861089,14861089,2956
126660,458,180,1091,1,0,11200,0,0,0,14862257,14862257,2956
126676,458,210,1091,1,0,11200,0,0,0,14863374,14863374,2956
126692,458,237,1091,1,0,11200,0,0,0,14864390,14864390,2956
126708,458,264,1091,1,0,11200,0,0,0,14865512,14865512,2956
126724,458,298,1091,1,0,11200,0,0,0,14866688,14866688,2956
126740,458,336,1091,1,0,11200,0,0,0,14867766,14867766,2956
126755,458,367,1091,1,0,11200,0,0,0,14868921,14868921,2956
126772,458,388,1091,1,0,11200,0,0,0,14869968,14869968,2956
126788,458,429,1091,1,0,11200,0,0,0,14870972,14870972,2956
126803,458,462,1091,1,0,11200,0,0,0,14871940,14871940,2956
126819,458,483,1091,1,0,11200,0,0,0,14872933,14872933,2956
126834,458,516,1091,1,0,11200,0,0,0,14873944,14873944,2956
126850,458,552,1091,1,0,11200,0,0,0,14875095,14875095,2956
126866,458,585,1091,1,0,11200,0,0,0,14875988,14875988,2956
126881,458,601,1091,1,0,11200,0,0,0,14876835,14876835,2956
126897,458,636,1091,1,0,11200,0,0,0,14877734,14877734,2956
126912,458,672,1091,1,0,11200,0,0,0,14878534,14878534,2956
126929,458,702,1091,1,0,11200,0,0,0,14879566,14879566,2956
126944,458,732,1091,1,0,11200,0,0,0,14880406,14880406,2956
126960,458,763,1091,1,0,11200,0,0,0,14881162,14881162,2956
126976,458,795,1091,1,0,11200,0,0,0,14882209,14882209,2956
126992,458,828,1091,1,0,11200,0,0,0,14883201,14883201,2956
127007,458,852,1091,1,0,11200,0,0,0,14884198,14884198,2956
127034,458,882,1091,1,0,11200,0,0,0,14885055,14885055,2956
127049,458,919,1091,1,0,11200,0,0,0,14886043,14886043,2956
127065,458,959,1091,1,0,11200,0,0,0,14887024,14887024,2956
127080,458,988,1091,1,0,11200,0,0,0,14888028,14888028,2956
127096,458,1029,1091,1,0,11200,0,0,0,14888941,14888941,2956
127112,459,1064,1091,1,0,11200,0,0,0,14889974,14889974,2956
127128,459,4,1091,0,0,11200,0,0,0,14891048,14891048,2956
127143,459,27,1091,0,0,11200,0,0,0,14892227,14892227,2956
127159,459,112,1091,0,0,11200,0,0,0,14893498,14893498,2956
127174,459,134,1091,0,0,11200,0,0,0,14894610,14894610,2956
127189,459,158,1091,0,0,11200,0,0,0,14895719,14895719,2956
127206,459,199,1091,0,0,11200,0,0,0,14896796,14896796,2956
127221,459,223,1091,0,0,11200,0,0,0,14897807,14897807,2956
127236,459,247,1091,0,0,11200,0,0,0,14898894,14898894,2956
127252,459,276,1091,0,0,11200,0,0,0,14899971,14899971,2956
127267,459,305,1091,0,0,11200,0,0,0,14900925,14900925,2956
127283,459,341,1091,0,0,11200,0,0,0,14901991,14901991,2956
127299,459,374,1091,0,0,11200,0,0,0,14903080,14903080,2956
127314,459,405,1091,0,0,11200,0,0,0,14904082,14904082,2956
127331,459,433,1091,0,0,11200,0,0,0,14905051,14905051,2956
127346,459,460,1091,0,0,11200,0,0,0,14906032,14906032,2956
127361,459,506,1091,0,0,11200,0,0,0,14907014,14907014,2956
127377,459,535,1091,0,0,11200,0,0,0,14908032,14908032,2956
127393,459,562,1091,0,0,11200,0,0,0,14908960,14908960,2956
127409,459,590,1091,0,0,11200,0,0,0,14909989,14909989,2956
127425,459,617,1091,0,0,11200,0,0,0,14910902,14910902,2956
127440,459,651,1091,0,0,11200,0,0,0,14911740,14911740,2956
127457,459,690,1091,0,0,11200,0,0,0,14912684,14912684,2956
127472,459,726,1091,0,0,11200,0,0,0,14913574,14913574,2956
127488,459,754,1091,0,0,11200,0,0,0,14914491,14914491,2956
127503,459,786,1091,0,0,11200,0,0,0,14915363,14915363,2956
127518,459,815,1091,0,0,11200,0,0,0,14916420,14916420,2956
127534,459,846,1091,0,0,11200,0,0,0,14917350,14917350,2956
127549,459,877,1091,0,0,11200,0,0,0,14918193,14918193,2956
127565,459,907,1091,0,0,11200,0,0,0,14918993,14918993,2956
127581,459,946,1091,0,0,11200,0,0,0,14920041,14920041,2956
127596,459,996,1091,0,0,11200,0,0,0,14921039,14921039,2956
127611,459,1030,1091,0,0,11200,0,0,0,14921974,14921974,2956
127627,460,1069,1091,0,0,11200,0,0,0,14922992,14922992,2956
127643,460,8,1091,0,0,11200,0,0,0,14924096,14924096,2956
127658,460,31,1091,0,0,11200,0,0,0,14925265,14925265,2956
127674,460,113,1091,0,0,11200,0,0,0,14926524,14926524,2956
127689,460,141,1091,0,0,11200,0,0,0,14927827,14927827,2956
127704,460,163,1091,0,0,11200,0,0,0,14928951,14928951,2956
127720,460,199,1091,0,0,11200,0,0,0,14930158,14930158,2956
127736,460,220,1091,0,0,11200,0,0,0,14931226,14931226,2956
127752,460,245,1091,0,0,11200,0,0,0,14932295,14932295,2956
127767,460,276,1091,0,0,11200,0,0,0,14933473,14933473,2956
127783,460,317,1091,0,0,11200,0,0,0,14934475,14934475,2956
127798,460,355,1091,0,0,11200,0,0,0,14935609,14935609,2956
127814,460,384,1091,0,0,11200,0,0,0,14936738,14936738,2956
127829,460,417,1091,0,0,11200,0,0,0,14937755,14937755,2956
127844,460,443,1091,0,0,11200,0,0,0,14938675,14938675,2956
127860,460,467,1091,0,0,11200,0,0,0,14939652,14939652,2956
127875,460,508,1091,0,0,11200,0,0,0,14940596,14940596,2956
127891,460,531,1091,0,0,11200,0,0,0,14941660,14941660,2956
127906,460,565,1091,0,0,11200,0,0,0,14942570,14942570,2956
127922,460,596,1091,0,0,11200,0,0,0,14943415,14943415,2956
127937,460,630,1091,0,0,11200,0,0,0,14944285,14944285,2956
127953,460,662,1091,0,0,11200,0,0,0,14945227,14945227,2956
127969,460,685,1091,0,0,11200,0,0,0,14946041,14946041,2956
127984,460,713,1091,0,0,11200,0,0,0,14946935,14946935,2956
128001,460,754,1091,0,0,11200,0,0,0,14947897,14947897,2956
128017,460,782,1091,0,0,11200,0,0,0,14948746,14948746,2956
128034,460,813,1091,0,0,11200,0,0,0,14949739,14949739,2956
128049,460,845,1091,0,0,11200,0,0,0,14950637,14950637,2956
128083,460,882,1091,0,0,11200,0,0,0,14951518,14951518,2956
128098,460,919,1091,0,0,11200,0,0,0,14952428,14952428,2956
128114,460,975,1091,0,0,11200,0,0,0,14953500,14953500,2956
128131,460,1009,1091,0,0,11200,0,0,0,14954633,14954633,2956
128147,460,1041,1091,0,0,11200,0,0,0,14955562,14955562,2956
128163,461,1074,1091,0,0,11200,0,0,0,14956621,14956621,2956
128178,461,9,1091,0,0,11200,0,0,0,14957709,14957709,2956
128193,461,35,1091,0,0,11200,0,0,0,14958947,14958947,2956
128208,461,120,1091,0,0,11200,0,0,0,14960122,14960122,2956
128225,461,147,1091,0,0,11200,0,0,0,14961430,14961430,2956
128240,461,165,1091,0,0,11200,0,0,0,14962544,14962544,2956
128256,461,203,1091,0,0,11200,0,0,0,14963782,14963782,2956
128272,461,223,1091,0,0,11200,0,0,0,14964881,14964881,2956
128287,461,244,1091,0,0,11200,0,0,0,14965858,14965858,2956
128303,461,263,1091,0,0,11200,0,0,0,14966901,14966901,2956
128319,461,290,1091,0,0,11200,0,0,0,14968095,14968095,2956
128334,461,321,1091,0,0,11200,0,0,0,14969065,14969065,2956
128350,461,357,1091,0,0,11200,0,0,0,14970118,14970118,2956
128365,461,378,1091,0,0,11200,0,0,0,14971142,14971142,2956
128380,461,417,1091,0,0,11200,0,0,0,14972055,14972055,2956
128396,461,441,1092,1,0,11200,0,0,0,14973017,14973017,2956
128412,461,469,1092,1,0,11200,0,0,0,14973970,14973970,2956
128427,461,504,1092,1,0,11200,0,0,0,14974928,14974928,2956
128443,461,527,1092,1,0,11200,0,0,0,14975965,14975965,2956
128459,461,562,1092,1,0,11200,0,0,0,14976967,14976967,2956
128475,461,589,1092,1,0,11200,0,0,0,14978044,14978044,2956
128490,461,613,1092,1,0,11200,0,0,0,14978888,14978888,2956
128506,461,649,1092,1,0,11200,0,0,0,14979723,14979723,2956
128521,461,681,1092,1,0,11200,0,0,0,14980578,14980578,2956
128538,461,705,1092,1,0,11200,0,0,0,14981443,14981443,2956
128553,461,741,1092,1,0,11200,0,0,0,14982388,14982388,2956
128569,461,769,1092,1,0,11200,0,0,0,14983270,14983270,2956
128584,461,798,1092,1,0,11200,0,0,0,14984245,14984245,2956
128599,461,823,1092,1,0,11200,0,0,0,14985179,14985179,2956
128616,461,860,1092,1,0,11200,0,0,0,14986196,14986196,2956
128636,461,882,1092,1,0,11200,0,0,0,14986503,14986503,2956
128651,461,923,1092,1,0,11200,0,0,0,14987527,14987527,2956
128666,461,961,1092,1,0,11200,0,0,0,14988455,14988455,2956
128681,461,997,1092,1,0,11200,0,0,0,14989483,14989483,2956
128696,461,1030,1092,1,0,11200,0,0,0,14990264,14990264,2956
128712,462,1070,1092,1,0,11200,0,0,0,14991216,14991216,2956
128727,462,16,1092,1,0,11200,0,0,0,14992433,14992433,2956
128742,462,42,1092,1,0,11200,0,0,0,14993596,14993596,2956
128757,462,117,1092,1,0,11200,0,0,0,14994798,14994798,2956
128773,462,141,1092,1,0,11200,0,0,0,14996008,14996008,2956
128788,462,165,1092,1,0,11200,0,0,0,14997130,14997130,2956
128803,462,203,1092,1,0,11200,0,0,0,14998280,14998280,2956
128819,462,225,1092,1,0,11200,0,0,0,14999345,14999345,2956
128834,462,246,1092,1,0,11200,0,0,0,15000280,15000280,2956
128850,462,270,1092,1,0,11200,0,0,0,15001524,15001524,2956
128866,462,308,1092,1,0,11200,0,0,0,15002706,15002706,2956
128882,462,346,1092,1,0,11200,0,0,0,15003765,15003765,2956
128898,462,376,1092,1,0,11200,0,0,0,15004822,15004822,2956
128914,462,399,1092,1,0,11200,0,0,0,15005774,15005774,2956
128930,462,428,1092,1,0,11200,0,0,0,15006781,15006781,2956
128945,462,451,1092,1,0,11200,0,0,0,15007757,15007757,2956
128961,462,491,1092,1,0,11200,0,0,0,15008848,15008848,2956
128977,462,523,1092,1,0,11200,0,0,0,15009881,15009881,2956
128993,462,552,1092,1,0,11200,0,0,0,15010947,15010947,2956
129008,462,581,1092,1,0,11200,0,0,0,15011844,15011844,2956
129024,462,598,1092,1,0,11200,0,0,0,15012668,15012668,2956
129040,462,636,1092,1,0,11200,0,0,0,15013654,15013654,2956
129056,462,670,1092,1,0,11200,0,0,0,15014585,15014585,2956
129072,462,705,1092,1,0,11200,0,0,0,15015577,15015577,2956
129088,462,730,1092,1,0,11200,0,0,0,15016440,15016440,2956
129104,462,754,1092,1,0,11200,0,0,0,15017279,15017279,2956
129119,462,776,1092,1,0,11200,0,0,0,15018089,15018089,2956
129135,462,812,1092,1,0,11200,0,0,0,15019123,15019123,2956
129151,462,846,1092,1,0,11200,0,0,0,15020111,15020111,2956
129186,462,882,1092,1,0,11200,0,0,0,15021061,15021061,2956
129202,462,923,1092,1,0,11200,0,0,0,15021981,15021981,2956
129218,462,966,1092,1,0,11200,0,0,0,15023028,15023028,2956
129235,462,1006,1092,1,0,11200,0,0,0,15024142,15024142,2956
129250,462,1047,1092,1,0,11200,0,0,0,15025101,15025101,2956
129265,463,1080,1092,1,0,11200,0,0,0,15026044,15026044,2956
129280,463,16,1092,1,0,11200,0,0,0,15027186,15027186,2956
129296,463,104,1092,1,0,11200,0,0,0,15028528,15028528,2956
129311,463,132,1092,1,0,11200,0,0,0,15029690,15029690,2956
129327,463,154,1092,1,0,11200,0,0,0,15030884,15030884,2956
129342,463,186,1092,1,0,11200,0,0,0,15032044,15032044,2956
129359,463,210,1092,1,0,11200,0,0,0,15033275,15033275,2956
129376,463,233,1092,1,0,11200,0,0,0,15034449,15034449,2956
129391,463,264,1092,1,0,11200,0,0,0,15035528,15035528,2956
129406,463,291,1092,1,0,11200,0,0,0,15036664,15036664,2956
129422,463,318,1092,1,0,11200,0,0,0,15037723,15037723,2956
129437,463,353,1092,1,0,11200,0,0,0,15038798,15038798,2956
129454,463,379,1092,1,0,11200,0,0,0,15039914,15039914,2956
129469,463,418,1092,1,0,11200,0,0,0,15040936,15040936,2956
129485,463,436,1092,1,0,11200,0,0,0,15041878,15041878,2956
129502,463,456,1092,1,0,11200,0,0,0,15042859,15042859,2956
129517,463,492,1092,1,0,11200,0,0,0,15043853,15043853,2956
129533,463,527,1092,1,0,11200,0,0,0,15044899,15044899,2956
129549,463,562,1092,1,0,11200,0,0,0,15045815,15045815,2956
129565,463,590,1092,1,0,11200,0,0,0,15046923,15046923,2956
129581,463,616,1092,1,0,11200,0,0,0,15047773,15047773,2956
129597,463,649,1092,1,0,11200,0,0,0,15048673,15048673,2956
129614,463,682,1092,1,0,11200,0,0,0,15049534,15049534,2956
129629,463,713,1092,1,0,11200,0,0,0,15050471,15050471,2956
129645,463,750,1092,1,0,11200,0,0,0,15051485,15051485,2956
129661,463,776,1092,1,0,11200,0,0,0,15052423,15052423,2956
129677,463,814,1092,1,0,11200,0,0,0,15053514,15053514,2956
129693,463,846,1092,1,0,11200,0,0,0,15054397,15054397,2956
129709,463,873,1092,1,0,11200,0,0,0,15055326,15055326,2956
129728,463,882,1092,1,0,11200,0,0,0,15055509,15055509,2956
129744,463,931,1092,1,0,11200,0,0,0,15056494,15056494,2956
129760,463,979,1092,1,0,11200,0,0,0,15057555,15057555,2956
129775,463,1022,1092,1,0,11200,0,0,0,15058567,15058567,2956
129791,463,1054,1092,1,0,11200,0,0,0,15059494,15059494,2956
129807,464,1,1092,1,0,11200,0,0,0,15060540,15060540,2956
129822,464,26,1092,1,0,11200,0,0,0,15061682,15061682,2956
129838,464,110,1092,1,0,11200,0,0,0,15062971,15062971,2956
129853,464,131,1092,1,0,11200,0,0,0,15064152,15064152,2956
129868,464,154,1092,1,0,11200,0,0,0,15065271,15065271,2956
129883,464,187,1092,1,0,11200,0,0,0,15066501,15066501,2956
129899,464,214,1092,1,0,11200,0,0,0,15067639,15067639,2956
129914,464,230,1092,1,0,11200,0,0,0,15068635,15068635,2956
129930,464,263,1092,1,0,11200,0,0,0,15069733,15069733,2956
129946,464,297,1092,1,0,11200,0,0,0,15070878,15070878,2956
129961,464,317,1092,1,0,11200,0,0,0,15071821,15071821,2956
129977,464,350,1092,1,0,11200,0,0,0,15072796,15072796,2956
129993,464,384,1092,1,0,11200,0,0,0,15073946,15073946,2956
130008,464,433,1092,1,0,11200,0,0,0,15075050,15075050,2956
130024,464,466,1092,1,0,11200,0,0,0,15076079,15076079,2956
130040,464,502,1092,1,0,11200,0,0,0,15077008,15077008,2956
130055,464,525,1092,1,0,11200,0,0,0,15077939,15077939,2956
130070,464,556,1092,1,0,11200,0,0,0,15078877,15078877,2956
130085,464,586,1092,1,0,11200,0,0,0,15079833,15079833,2956
130102,464,602,1092,1,0,11200,0,0,0,15080692,15080692,2956
130118,464,627,1092,1,0,11200,0,0,0,15081695,15081695,2956
130134,464,662,1092,1,0,11200,0,0,0,15082642,15082642,2956
130149,464,690,1092,1,0,11200,0,0,0,15083456,15083456,2956
130164,464,723,1092,1,0,11200,0,0,0,15084386,15084386,2956
130179,464,751,1092,1,0,11200,0,0,0,15085229,15085229,2956
130195,464,775,1092,1,0,11200,0,0,0,15086125,15086125,2956
130211,464,802,1092,1,0,11200,0,0,0,15087131,15087131,2956
130226,464,845,1092,1,0,11200,0,0,0,15088065,15088065,2956
130257,464,882,1092,1,0,11200,0,0,0,15088868,15088868,2956
130274,464,923,1092,1,0,11200,0,0,0,15089983,15089983,2956
130289,464,954,1092,1,0,11200,0,0,0,15090933,15090933,2956
130305,464,997,1092,1,0,11200,0,0,0,15091892,15091892,2956
130320,464,1034,1092,1,0,11200,0,0,0,15092923,15092923,2956
130336,465,1073,1092,1,0,11200,0,0,0,15093983,15093983,2956
130353,465,9,1092,1,0,11200,0,0,0,15095169,15095169,2956
130368,465,26,1092,1,0,11200,0,0,0,15096232,15096232,2956
130383,465,117,1092,1,0,11200,0,0,0,15097507,15097507,2956
130399,465,144,1092,1,0,11200,0,0,0,15098702,15098702,2956
130414,465,165,1092,1,0,11200,0,0,0,15099853,15099853,2956
130429,465,205,1092,1,0,11200,0,0,0,15100941,15100941,2956
130445,465,222,1092,1,0,11200,0,0,0,15101977,15101977,2956
130460,465,245,1092,1,0,11200,0,0,0,15102923,15102923,2956
130475,465,266,1092,1,0,11200,0,0,0,15104019,15104019,2956
130490,465,303,1092,1,0,11200,0,0,0,15105107,15105107,2956
130506,465,330,1092,1,0,11200,0,0,0,15106137,15106137,2956
130521,465,368,1092,1,0,11200,0,0,0,15107256,15107256,2956
130537,465,394,1092,1,0,11200,0,0,0,15108306,15108306,2956
130553,465,429,1092,1,0,11200,0,0,0,15109330,15109330,2956
130569,465,460,1092,1,0,11200,0,0,0,15110321,15110321,2956
130584,465,493,1092,1,0,11200,0,0,0,15111350,15111350,2956
130599,465,519,1092,1,0,11200,0,0,0,15112170,15112170,2956
130615,465,542,1092,1,0,11200,0,0,0,15113215,15113215,2956
130631,465,580,1092,1,0,11200,0,0,0,15114199,15114199,2956
130646,465,595,1092,1,0,11200,0,0,0,15114922,15114922,2956
130661,465,621,1092,1,0,11200,0,0,0,15115887,15115887,2956
130677,465,660,1092,1,0,11200,0,0,0,15116786,15116786,2956
130692,465,685,1092,1,0,11200,0,0,0,15117525,15117525,2956
130707,465,723,1092,1,0,11200,0,0,0,15118417,15118417,2956
130723,465,747,1092,1,0,11200,0,0,0,15119258,15119258,2956
130739,465,776,1092,1,0,11200,0,0,0,15120138,15120138,2956
130755,465,811,1092,1,0,11200,0,0,0,15121180,15121180,2956
130770,465,849,1092,1,0,11200,0,0,0,15122153,15122153,2956
130785,465,864,1092,1,0,11200,0,0,0,15123063,15123063,2956
130801,465,916,1092,1,0,11200,0,0,0,15123997,15123997,2956
130817,465,959,1092,1,0,11200,0,0,0,15125048,15125048,2956
130832,465,996,1092,1,0,11200,0,0,0,15126075,15126075,2956
130847,465,1027,1092,1,0,11200,0,0,0,15126993,15126993,2956
130863,466,1074,1092,1,0,11200,0,0,0,15128118,15128118,2956
130879,466,4,1092,1,0,11200,0,0,0,15129073,15129073,2956
130896,466,26,1092,1,0,11200,0,0,0,15130262,15130262,2956
130911,466,107,1092,1,0,11200,0,0,0,15131486,15131486,2956
130926,466,127,1092,1,0,11200,0,0,0,15132609,15132609,2956
130941,466,150,1092,1,0,11200,0,0,0,15133763,15133763,2956
130957,466,182,1092,1,0,11200,0,0,0,15134823,15134823,2956
130972,466,214,1092,1,0,11200,0,0,0,15136034,15136034,2956
130988,466,238,1092,1,0,11200,0,0,0,15137128,15137128,2956
131003,466,268,1092,1,0,11200,0,0,0,15138238,15138238,2956
131018,466,301,1092,1,0,11200,0,0,0,15139304,15139304,2956
131034,466,329,1092,1,0,11200,0,0,0,15140247,15140247,2956
131050,466,367,1092,1,0,11200,0,0,0,15141433,15141433,2956
131066,466,388,1092,1,0,11200,0,0,0,15142401,15142401,2956
131082,466,424,1092,1,0,11200,0,0,0,15143507,15143507,2956
131097,466,449,1092,1,0,11200,0,0,0,15144491,15144491,2956
131112,466,488,1092,1,0,11200,0,0,0,15145533,15145533,2956
131128,466,516,1092,1,0,11200,0,0,0,15146547,15146547,2956
131143,466,542,1092,1,0,11200,0,0,0,15147524,15147524,2956
131159,466,573,1092,1,0,11200,0,0,0,15148496,15148496,2956
131175,466,598,1092,1,0,11200,0,0,0,15149353,15149353,2956
131190,466,621,1092,1,0,11200,0,0,0,15150197,15150197,2956
131205,466,653,1092,1,0,11200,0,0,0,15151000,15151000,2956
131221,466,685,1092,1,0,11200,0,0,0,15151931,15151931,2956
131237,466,707,1092,1,0,11200,0,0,0,15152822,15152822,2956
131252,466,748,1092,1,0,11200,0,0,0,15153790,15153790,2956
131267,466,771,1092,1,0,11200,0,0,0,15154670,15154670,2956
131283,466,801,1092,1,0,11200,0,0,0,15155616,15155616,2956
131299,466,828,1092,1,0,11200,0,0,0,15156553,15156553,2956
131315,466,860,1092,1,0,11200,0,0,0,15157506,15157506,2956
131330,466,883,1092,1,0,11200,0,0,0,15157815,15157815,2956
131345,466,928,1092,1,0,11200,0,0,0,15158821,15158821,2956
131361,466,972,1092,1,0,11200,0,0,0,15159792,15159792,2956
131377,466,1009,1092,1,0,11200,0,0,0,15160851,15160851,2956
131393,466,1052,1092,1,0,11200,0,0,0,15161835,15161835,2956
131408,467,1089,1092,1,0,11200,0,0,0,15162773,15162773,2956
131424,467,24,1092,1,0,11200,0,0,0,15163976,15163976,2956
131440,467,106,1092,1,0,11200,0,0,0,15165156,15165156,2956
131455,467,125,1092,1,0,11200,0,0,0,15166315,15166315,2956
131472,467,151,1092,1,0,11200,0,0,0,15167529,15167529,2956
131487,467,174,1092,1,0,11200,0,0,0,15168694,15168694,2956
131503,467,210,1092,1,0,11200,0,0,0,15169941,15169941,2956
131519,467,227,1092,1,0,11200,0,0,0,15170953,15170953,2956
131536,467,260,1092,1,0,11200,0,0,0,15172155,15172155,2956
131552,467,291,1092,1,0,11200,0,0,0,15173342,15173342,2956
131568,467,325,1092,1,0,11200,0,0,0,15174383,15174383,2956
131584,467,357,1092,1,0,11200,0,0,0,15175468,15175468,2956
131600,467,386,1092,1,0,11200,0,0,0,15176519,15176519,2956
131616,467,422,1092,1,0,11200,0,0,0,15177528,15177528,2956
131631,467,451,1092,1,0,11200,0,0,0,15178461,15178461,2956
131647,467,476,1092,1,0,11200,0,0,0,15179421,15179421,2956
131663,467,511,1092,1,0,11200,0,0,0,15180430,15180430,2956
131678,467,528,1092,1,0,11200,0,0,0,15181398,15181398,2956
131694,467,563,1092,1,0,11200,0,0,0,15182375,15182375,2956
131710,467,590,1092,1,0,11200,0,0,0,15183344,15183344,2956
131725,467,615,1092,1,0,11200,0,0,0,15184251,15184251,2956
131740,467,647,1092,1,0,11200,0,0,0,15185077,15185077,2956
131756,467,676,1092,1,0,11200,0,0,0,15185966,15185966,2956
131771,467,705,1092,1,0,11200,0,0,0,15186914,15186914,2956
131786,467,741,1092,1,0,11200,0,0,0,15187787,15187787,2956
131803,467,775,1092,1,0,11200,0,0,0,15188809,15188809,2956
131818,467,813,1092,1,0,11200,0,0,0,15189739,15189739,2956
131834,467,845,1092,1,0,11200,0,0,0,15190773,15190773,2956
131849,467,875,1092,1,0,11200,0,0,0,15191718,15191718,2956
131866,467,913,1092,1,0,11200,0,0,0,15192725,15192725,2956
131882,467,945,1092,1,0,11200,0,0,0,15193692,15193692,2956
131897,467,989,1092,1,0,11200,0,0,0,15194805,15194805,2956
131915,467,1023,1092,1,0,11200,0,0,0,15195811,15195811,2956
131931,468,1070,1092,1,0,11200,0,0,0,15196875,15196875,2956
131947,468,9,1092,1,0,11200,0,0,0,15198000,15198000,2956
131963,468,31,1092,1,0,11200,0,0,0,15199168,15199168,2956
131978,468,112,1092,1,0,11200,0,0,0,15200366,15200366,2956
131993,468,133,1092,1,0,11200,0,0,0,15201533,15201533,2956
132008,468,152,1092,1,0,11200,0,0,0,15202632,15202632,2956
132024,468,184,1092,1,0,11200,0,0,0,15203676,15203676,2956
132039,468,212,1092,1,0,11200,0,0,0,15204897,15204897,2956
132055,468,232,1092,1,0,11200,0,0,0,15205876,15205876,2956
132070,468,260,1092,1,0,11200,0,0,0,15206959,15206959,2956
132086,468,289,1092,1,0,11200,0,0,0,15208149,15208149,2956
132101,468,326,1092,1,0,11200,0,0,0,15209153,15209153,2956
132117,468,361,1092,1,0,11200,0,0,0,15210337,15210337,2956
132133,468,388,1092,1,0,11200,0,0,0,15211394,15211394,2956
132148,468,434,1092,1,0,11200,0,0,0,15212237,15212237,2956
132163,468,451,1092,1,0,11200,0,0,0,15213065,15213065,2956
132179,468,502,1092,1,0,11200,0,0,0,15214013,15214013,2956
132195,468,531,1092,1,0,11200,0,0,0,15215155,15215155,2956
132210,468,565,1092,1,0,11200,0,0,0,15216054,15216054,2956
132226,468,595,1092,1,0,11200,0,0,0,15217090,15217090,2956
132242,468,613,1092,1,0,11200,0,0,0,15218034,15218034,2956
132258,468,644,1092,1,0,11200,0,0,0,15218901,15218901,2956
132274,468,676,1092,1,0,11200,0,0,0,15219820,15219820,2956
132289,468,700,1092,1,0,11200,0,0,0,15220583,15220583,2956
132305,468,725,1092,1,0,11200,0,0,0,15221422,15221422,2956
132320,468,762,1092,1,0,11200,0,0,0,15222301,15222301,2956
132336,468,795,1092,1,0,11200,0,0,0,15223210,15223210,2956
132351,468,832,1092,1,0,11200,0,0,0,15224251,15224251,2956
132366,468,857,1092,1,0,11200,0,0,0,15225067,15225067,2956
132391,468,882,1092,1,0,11200,0,0,0,15225299,15225299,2956
132407,468,923,1092,1,0,11200,0,0,0,15226343,15226343,2956
132423,468,971,1092,1,0,11200,0,0,0,15227329,15227329,2956
132439,468,1006,1092,1,0,11200,0,0,0,15228451,15228451,2956
132456,468,1046,1092,1,0,11200,0,0,0,15229516,15229516,2956
132471,469,1079,1092,1,0,11200,0,0,0,15230473,15230473,2956
132486,469,13,1092,1,0,11200,0,0,0,15231484,15231484,2956
132502,469,101,1092,1,0,11200,0,0,0,15232695,15232695,2956
132517,469,124,1092,1,0,11200,0,0,0,15233840,15233840,2956
132532,469,145,1092,1,0,11200,0,0,0,15234949,15234949,2956
132547,469,166,1092,1,0,11200,0,0,0,15236052,15236052,2956
132563,469,203,1092,1,0,11200,0,0,0,15237173,15237173,2956
132578,469,227,1092,1,0,11200,0,0,0,15238262,15238262,2956
132594,469,251,1092,1,0,11200,0,0,0,15239461,15239461,2956
132609,469,276,1092,1,0,11200,0,0,0,15240486,15240486,2956
132624,469,313,1092,1,0,11200,0,0,0,15241541,15241541,2956
132640,469,347,1092,1,0,11200,0,0,0,15242517,15242517,2956
132655,469,378,1092,1,0,11200,0,0,0,15243665,15243665,2956
132671,469,418,1092,1,0,11200,0,0,0,15244688,15244688,2956
132687,469,446,1092,1,0,11200,0,0,0,15245705,15245705,2956
132702,469,489,1092,1,0,11200,0,0,0,15246571,15246571,2956
132718,469,520,1092,1,0,11200,0,0,0,15247662,15247662,2956
132733,469,541,1092,1,0,11200,0,0,0,15248618,15248618,2956
132750,469,573,1092,1,0,11200,0,0,0,15249576,15249576,2956
132765,469,596,1092,1,0,11200,0,0,0,15250245,15250245,2956
132781,469,623,1092,1,0,11200,0,0,0,15251192,15251192,2956
132797,469,653,1092,1,0,11200,0,0,0,15251939,15251939,2956
132812,469,682,1092,1,0,11200,0,0,0,15252783,15252783,2956
132829,469,719,1092,1,0,11200,0,0,0,15253720,15253720,2956
132846,469,750,1092,1,0,11200,0,0,0,15254724,15254724,2956
132862,469,776,1092,1,0,11200,0,0,0,15255734,15255734,2956
132877,469,817,1092,1,0,11200,0,0,0,15256724,15256724,2956
132893,469,852,1092,1,0,11200,0,0,0,15257693,15257693,2956
132924,469,882,1092,1,0,11200,0,0,0,15258422,15258422,2956
132939,469,935,1092,1,0,11200,0,0,0,15259470,15259470,2956
132955,469,982,1092,1,0,11200,0,0,0,15260499,15260499,2956
132970,469,1018,1092,1,0,11200,0,0,0,15261488,15261488,2956
132985,469,1053,1092,1,0,11200,0,0,0,15262457,15262457,2956
133001,470,1084,1092,1,0,11200,0,0,0,15263510,15263510,2956
133016,470,25,1092,1,0,11200,0,0,0,15264605,15264605,2956
133032,470,111,1092,1,0,11200,0,0,0,15265831,15265831,2956
133048,470,140,1092,1,0,11200,0,0,0,15267040,15267040,2956
133064,470,159,1092,1,0,11200,0,0,0,15268213,15268213,2956
133079,470,194,1092,1,0,11200,0,0,0,15269308,15269308,2956
133095,470,219,1092,1,0,11200,0,0,0,15270409,15270409,2956
133110,470,242,1092,1,0,11200,0,0,0,15271406,15271406,2956
133126,470,266,1092,1,0,11200,0,0,0,15272449,15272449,2956
133141,470,291,1092,1,0,11200,0,0,0,15273597,15273597,2956
133157,470,328,1092,1,0,11200,0,0,0,15274563,15274563,2956
133172,470,367,1092,1,0,11200,0,0,0,15275644,15275644,2956
133188,470,407,1092,1,0,11200,0,0,0,15276627,15276627,2956
133203,470,440,1092,1,0,11200,0,0,0,15277607,15277607,2956
133218,470,470,1092,1,0,11200,0,0,0,15278566,15278566,2956
133234,470,510,1092,1,0,11200,0,0,0,15279599,15279599,2956
133249,470,527,1092,1,0,11200,0,0,0,15280541,15280541,2956
133265,470,561,1092,1,0,11200,0,0,0,15281483,15281483,2956
133280,470,589,1092,1,0,11200,0,0,0,15282431,15282431,2956
133297,470,610,1092,1,0,11200,0,0,0,15283304,15283304,2956
133312,470,647,1092,1,0,11200,0,0,0,15284217,15284217,2956
133328,470,676,1092,1,0,11200,0,0,0,15285161,15285161,2956
133346,470,702,1092,1,0,11200,0,0,0,15286207,15286207,2956
133362,470,723,1093,2,0,11200,0,0,0,15287029,15287029,2956
133377,470,754,1093,2,0,11200,0,0,0,15287869,15287869,2956
133392,470,786,1093,2,0,11200,0,0,0,15288777,15288777,2956
133407,470,818,1093,2,0,11200,0,0,0,15289714,15289714,2956
133422,470,851,1093,2,0,11200,0,0,0,15290626,15290626,2956
133461,470,882,1093,2,0,11200,0,0,0,15291398,15291398,2956
133476,470,945,1093,2,0,11200,0,0,0,15292447,15292447,2956
133493,470,979,1093,2,0,11200,0,0,0,15293508,15293508,2956
133508,470,1016,1093,2,0,11200,0,0,0,15294536,15294536,2956
133523,470,1048,1093,2,0,11200,0,0,0,15295512,15295512,2956
133540,471,1087,1093,2,0,11200,0,0,0,15296603,15296603,2956
133556,471,22,1093,2,0,11200,0,0,0,15297795,15297795,2956
133571,471,95,1093,2,0,11200,0,0,0,15299020,15299020,2956
133587,471,124,1093,2,0,11200,0,0,0,15300220,15300220,2956
133602,471,155,1093,2,0,11200,0,0,0,15301367,15301367,2956
133618,471,180,1093,2,0,11200,0,0,0,15302421,15302421,2956
133633,471,214,1093,2,0,11200,0,0,0,15303612,15303612,2956
133649,471,239,1093,2,0,11200,0,0,0,15304684,15304684,2956
133664,471,267,1093,2,0,11200,0,0,0,15305812,15305812,2956
133680,471,300,1093,2,0,11200,0,0,0,15306972,15306972,2956
133696,471,329,1093,2,0,11200,0,0,0,15307998,15307998,2956
133712,471,375,1093,2,0,11200,0,0,0,15309148,15309148,2956
133727,471,400,1093,2,0,11200,0,0,0,15310124,15310124,2956
133742,471,434,1093,2,0,11200,0,0,0,15311119,15311119,2956
133759,471,462,1093,2,0,11200,0,0,0,15312179,15312179,2956
133774,471,492,1093,2,0,11200,0,0,0,15313076,15313076,2956
133789,471,519,1093,2,0,11200,0,0,0,15313999,15313999,2956
133805,471,552,1093,2,0,11200,0,0,0,15315047,15315047,2956
133820,471,580,1093,2,0,11200,0,0,0,15315970,15315970,2956
133836,471,597,1093,2,0,11200,0,0,0,15316844,15316844,2956
133851,471,621,1093,2,0,11200,0,0,0,15317836,15317836,2956
133866,471,654,1093,2,0,11200,0,0,0,15318709,15318709,2956
133882,471,687,1093,2,0,11200,0,0,0,15319539,15319539,2956
133897,471,707,1093,2,0,11200,0,0,0,15320290,15320290,2956
133913,471,732,1093,2,0,11200,0,0,0,15321115,15321115,2956
133928,471,775,1093,2,0,11200,0,0,0,15322174,15322174,2956
133943,471,802,1093,2,0,11200,0,0,0,15323103,15323103,2956
133959,471,832,1093,2,0,11200,0,0,0,15324109,15324109,2956
133975,471,861,1093,2,0,11200,0,0,0,15325062,15325062,2956
133996,471,882,1093,2,0,11200,0,0,0,15325330,15325330,2956
134011,471,911,1093,2,0,11200,0,0,0,15326343,15326343,2956
134027,471,959,1093,2,0,11200,0,0,0,15327328,15327328,2956
134043,471,994,1093,2,0,11200,0,0,0,15328452,15328452,2956
134059,471,1030,1093,2,0,11200,0,0,0,15329494,15329494,2956
134074,472,1073,1093,2,0,11200,0,0,0,15330434,15330434,2956
134090,472,12,1093,2,0,11200,0,0,0,15331528,15331528,2956
134105,472,64,1093,2,0,11200,0,0,0,15332674,15332674,2956
134121,472,119,1093,2,0,11200,0,0,0,15333848,15333848,2956
134136,472,144,1093,2,0,11200,0,0,0,15335059,15335059,2956
134152,472,169,1093,2,0,11200,0,0,0,15336072,15336072,2956
134167,472,204,1093,2,0,11200,0,0,0,15337300,15337300,2956
134183,472,228,1093,2,0,11200,0,0,0,15338398,15338398,2956
134198,472,254,1093,2,0,11200,0,0,0,15339447,15339447,2956
134214,472,283,1093,2,0,11200,0,0,0,15340534,15340534,2956
134229,472,313,1093,2,0,11200,0,0,0,15341531,15341531,2956
134244,472,354,1093,2,0,11200,0,0,0,15342526,15342526,2956
134260,472,379,1093,2,0,11200,0,0,0,15343615,15343615,2956
134276,472,422,1093,2,0,11200,0,0,0,15344676,15344676,2956
134292,472,446,1093,2,0,11200,0,0,0,15345701,15345701,2956
134307,472,477,1093,2,0,11200,0,0,0,15346726,15346726,2956
134322,472,523,1093,2,0,11200,0,0,0,15347735,15347735,2956
134337,472,553,1093,2,0,11200,0,0,0,15348717,15348717,2956
134353,472,585,1093,2,0,11200,0,0,0,15349574,15349574,2956
134369,472,601,1093,2,0,11200,0,0,0,15350229,15350229,2956
134385,472,630,1093,2,0,11200,0,0,0,15351164,15351164,2956
134401,472,667,1093,2,0,11200,0,0,0,15352137,15352137,2956
134416,472,704,1093,2,0,11200,0,0,0,15353113,15353113,2956
134432,472,732,1093,2,0,11200,0,0,0,15353778,15353778,2956
134449,472,763,1093,2,0,11200,0,0,0,15354786,15354786,2956
134464,472,782,1093,2,0,11200,0,0,0,15355797,15355797,2956
134479,472,811,1093,2,0,11200,0,0,0,15356675,15356675,2956
134495,472,837,1093,2,0,11200,0,0,0,15357623,15357623,2956
134510,472,866,1093,2,0,11200,0,0,0,15358525,15358525,2956
134525,472,884,1093,2,0,11200,0,0,0,15358728,15358728,2956
134541,472,928,1093,2,0,11200,0,0,0,15359817,15359817,2956
134556,472,971,1093,2,0,11200,0,0,0,15360723,15360723,2956
134573,472,1007,1093,2,0,11200,0,0,0,15361749,15361749,2956
134589,472,1046,1093,2,0,11200,0,0,0,15362793,15362793,2956
134604,473,1081,1093,2,0,11200,0,0,0,15363731,15363731,2956
134619,473,15,1093,2,0,11200,0,0,0,15364905,15364905,2956
134635,473,103,1093,2,0,11200,0,0,0,15366068,15366068,2956
134650,473,129,1093,2,0,11200,0,0,0,15367255,15367255,2956
134665,473,151,1093,2,0,11200,0,0,0,15368341,15368341,2956
134680,473,178,1093,2,0,11200,0,0,0,15369419,15369419,2956
134696,473,207,1093,2,0,11200,0,0,0,15370501,15370501,2956
134711,473,227,1093,2,0,11200,0,0,0,15371486,15371486,2956
134726,473,249,1093,2,0,11200,0,0,0,15372524,15372524,2956
134741,473,281,1093,2,0,11200,0,0,0,15373674,15373674,2956
134757,473,314,1093,2,0,11200,0,0,0,15374726,15374726,2956
134773,473,361,1093,2,0,11200,0,0,0,15375842,15375842,2956
134788,473,410,1093,2,0,11200,0,0,0,15376903,15376903,2956
134803,473,441,1093,2,0,11200,0,0,0,15377918,15377918,2956
134818,473,467,1093,2,0,11200,0,0,0,15378904,15378904,2956
134834,473,511,1093,2,0,11200,0,0,0,15380034,15380034,2956
134849,473,538,1093,2,0,11200,0,0,0,15381114,15381114,2956
134865,473,573,1093,2,0,11200,0,0,0,15382192,15382192,2956
134881,473,595,1093,2,0,11200,0,0,0,15383110,15383110,2956
134897,473,621,1093,2,0,11200,0,0,0,15384034,15384034,2956
134912,473,654,1093,2,0,11200,0,0,0,15384842,15384842,2956
134927,473,694,1093,2,0,11200,0,0,0,15385771,15385771,2956
134944,473,719,1093,2,0,11200,0,0,0,15386670,15386670,2956
134961,473,746,1093,2,0,11200,0,0,0,15387611,15387611,2956
134977,473,776,1093,2,0,11200,0,0,0,15388570,15388570,2956
134992,473,819,1093,2,0,11200,0,0,0,15389598,15389598,2956
135007,473,869,1093,2,0,11200,0,0,0,15390575,15390575,2956
135023,473,899,1093,2,0,11200,0,0,0,15391121,15391121,2956
135038,473,942,1093,2,0,11200,0,0,0,15392073,15392073,2956
135054,473,987,1093,2,0,11200,0,0,0,15393114,15393114,2956
135070,473,1023,1093,2,0,11200,0,0,0,15394080,15394080,2956
135086,474,1069,1093,2,0,11200,0,0,0,15395161,15395161,2956
135102,474,6,1093,2,0,11200,0,0,0,15396262,15396262,2956
135117,474,27,1093,2,0,11200,0,0,0,15397432,15397432,2956
135133,474,107,1093,2,0,11200,0,0,0,15398650,15398650,2956
135148,474,131,1093,2,0,11200,0,0,0,15399852,15399852,2956
135164,474,149,1093,2,0,11200,0,0,0,15400982,15400982,2956
135180,474,178,1093,2,0,11200,0,0,0,15402182,15402182,2956
135196,474,214,1093,2,0,11200,0,0,0,15403309,15403309,2956
135211,474,232,1093,2,0,11200,0,0,0,15404374,15404374,2956
135227,474,264,1093,2,0,11200,0,0,0,15405450,15405450,2956
135242,474,297,1093,2,0,11200,0,0,0,15406539,15406539,2956
135257,474,328,1093,2,0,11200,0,0,0,15407464,15407464,2956
135273,474,368,1093,2,0,11200,0,0,0,15408680,15408680,2956
135290,474,394,1093,2,0,11200,0,0,0,15409713,15409713,2956
135306,474,434,1093,2,0,11200,0,0,0,15410647,15410647,2956
135321,474,451,1093,2,0,11200,0,0,0,15411497,15411497,2956
135336,474,493,1093,2,0,11200,0,0,0,15412432,15412432,2956
135351,474,524,1093,2,0,11200,0,0,0,15413532,15413532,2956
135367,474,552,1093,2,0,11200,0,0,0,15414488,15414488,2956
135384,474,583,1093,2,0,11200,0,0,0,15415482,15415482,2956
135401,474,602,1093,2,0,11200,0,0,0,15416370,15416370,2956
135417,474,643,1093,2,0,11200,0,0,0,15417272,15417272,2956
135433,474,670,1093,2,0,11200,0,0,0,15418118,15418118,2956
135449,474,697,1093,2,0,11200,0,0,0,15419004,15419004,2956
135466,474,732,1093,2,0,11200,0,0,0,15419927,15419927,2956
135482,474,771,1093,2,0,11200,0,0,0,15420868,15420868,2956
135498,474,817,1093,2,0,11200,0,0,0,15421925,15421925,2956
135514,474,851,1093,2,0,11200,0,0,0,15422850,15422850,2956
135536,474,882,1093,2,0,11200,0,0,0,15423557,15423557,2956
135552,474,913,1093,2,0,11200,0,0,0,15424564,15424564,2956
135568,474,952,1093,2,0,11200,0,0,0,15425580,15425580,2956
135583,474,989,1093,2,0,11200,0,0,0,15426589,15426589,2956
135599,474,1027,1093,2,0,11200,0,0,0,15427553,15427553,2956
135615,475,1068,1093,2,0,11200,0,0,0,15428550,15428550,2956
135631,475,2,1093,2,0,11200,0,0,0,15429651,15429651,2956
135646,475,26,1093,2,0,11200,0,0,0,15430807,15430807,2956
135662,475,107,1093,2,0,11200,0,0,0,15432057,15432057,2956
135678,475,132,1093,2,0,11200,0,0,0,15433196,15433196,2956
135693,475,151,1093,2,0,11200,0,0,0,15434230,15434230,2956
135708,475,182,1093,2,0,11200,0,0,0,15435289,15435289,2956
135723,475,210,1093,2,0,11200,0,0,0,15436377,15436377,2956
135738,475,229,1093,2,0,11200,0,0,0,15437412,15437412,2956
135754,475,257,1093,2,0,11200,0,0,0,15438493,15438493,2956
135769,475,300,1093,2,0,11200,0,0,0,15439691,15439691,2956
135785,475,345,1093,2,0,11200,0,0,0,15440786,15440786,2956
135801,475,374,1093,2,0,11200,0,0,0,15441846,15441846,2956
135816,475,394,1093,2,0,11200,0,0,0,15442721,15442721,2956
135832,475,435,1093,2,0,11200,0,0,0,15443861,15443861,2956
135847,475,467,1093,2,0,11200,0,0,0,15444816,15444816,2956
135863,475,503,1093,2,0,11200,0,0,0,15445801,15445801,2956
135878,475,525,1093,2,0,11200,0,0,0,15446850,15446850,2956
135893,475,561,1093,2,0,11200,0,0,0,15447832,15447832,2956
135909,475,588,1093,2,0,11200,0,0,0,15448812,15448812,2956
135924,475,617,1093,2,0,11200,0,0,0,15449628,15449628,2956
135940,475,649,1093,2,0,11200,0,0,0,15450495,15450495,2956
135956,475,678,1093,2,0,11200,0,0,0,15451355,15451355,2956
135972,475,707,1093,2,0,11200,0,0,0,15452285,15452285,2956
135987,475,732,1093,2,0,11200,0,0,0,15453049,15453049,2956
136004,475,765,1093,2,0,11200,0,0,0,15454061,15454061,2956
136019,475,814,1093,2,0,11200,0,0,0,15455060,15455060,2956
136035,475,846,1093,2,0,11200,0,0,0,15455990,15455990,2956
136056,475,882,1093,2,0,11200,0,0,0,15456671,15456671,2956
136071,475,914,1093,2,0,11200,0,0,0,15457597,15457597,2956
136087,475,952,1093,2,0,11200,0,0,0,15458593,15458593,2956
136102,475,994,1093,2,0,11200,0,0,0,15459645,15459645,2956
136118,475,1033,1093,2,0,11200,0,0,0,15460654,15460654,2956
136134,476,1074,1093,2,0,11200,0,0,0,15461717,15461717,2956
136149,476,10,1093,2,0,11200,0,0,0,15462812,15462812,2956
136165,476,101,1093,2,0,11200,0,0,0,15464045,15464045,2956
136180,476,132,1093,2,0,11200,0,0,0,15465205,15465205,2956
136195,476,158,1093,2,0,11200,0,0,0,15466345,15466345,2956
136211,476,184,1093,2,0,11200,0,0,0,15467386,15467386,2956
136226,476,210,1093,2,0,11200,0,0,0,15468371,15468371,2956
136241,476,231,1093,2,0,11200,0,0,0,15469336,15469336,2956
136256,476,256,1093,2,0,11200,0,0,0,15470344,15470344,2956
136273,476,291,1093,2,0,11200,0,0,0,15471446,15471446,2956
136289,476,325,1093,2,0,11200,0,0,0,15472542,15472542,2956
136305,476,357,1093,2,0,11200,0,0,0,15473710,15473710,2956
136321,476,388,1093,2,0,11200,0,0,0,15474840,15474840,2956
136337,476,434,1093,2,0,11200,0,0,0,15475952,15475952,2956
136353,476,473,1093,2,0,11200,0,0,0,15476983,15476983,2956
136368,476,512,1093,2,0,11200,0,0,0,15478009,15478009,2956
136383,476,541,1093,2,0,11200,0,0,0,15479169,15479169,2956
136399,476,571,1093,2,0,11200,0,0,0,15480205,15480205,2956
136414,476,595,1093,2,0,11200,0,0,0,15481037,15481037,2956
136430,476,619,1093,2,0,11200,0,0,0,15481910,15481910,2956
136446,476,667,1093,2,0,11200,0,0,0,15482874,15482874,2956
136462,476,699,1093,2,0,11200,0,0,0,15483757,15483757,2956
136478,476,733,1093,2,0,11200,0,0,0,15484759,15484759,2956
136493,476,765,1093,2,0,11200,0,0,0,15485713,15485713,2956
136509,476,795,1093,2,0,11200,0,0,0,15486646,15486646,2956
136524,476,832,1094,3,0,11200,0,0,0,15487649,15487649,2958
136540,476,861,1094,3,0,11200,0,0,0,15488581,15488581,2958
136555,476,905,1094,3,0,11200,0,0,0,15489529,15489529,2958
136570,476,938,1094,3,0,11200,0,0,0,15490522,15490522,2958
136585,476,972,1094,3,0,11200,0,0,0,15491484,15491484,2958
136601,476,1013,1094,3,0,11200,0,0,0,15492492,15492492,2958
136616,476,1048,1094,3,0,11200,0,0,0,15493427,15493427,2958
136631,477,1083,1094,3,0,11200,0,0,0,15494394,15494394,2958
136647,477,16,1094,2,0,11200,0,0,0,15495646,15495646,2958
136662,477,37,1094,2,0,11200,0,0,0,15496782,15496782,2958
136679,477,118,1094,2,0,11200,0,0,0,15497970,15497970,2958
136695,477,146,1094,2,0,11200,0,0,0,15499209,15499209,2958
136711,477,165,1094,2,0,11200,0,0,0,15500426,15500426,2958
136726,477,193,1094,2,0,11200,0,0,0,15501539,15501539,2958
136743,477,220,1094,2,0,11200,0,0,0,15502756,15502756,2958
136758,477,246,1094,2,0,11200,0,0,0,15503825,15503825,2958
136773,477,271,1094,2,0,11200,0,0,0,15504926,15504926,2958
136790,477,306,1094,2,0,11200,0,0,0,15505955,15505955,2958
136805,477,344,1094,2,0,11200,0,0,0,15507043,15507043,2958
136821,477,375,1094,2,0,11200,0,0,0,15508128,15508128,2958
136836,477,399,1094,2,0,11200,0,0,0,15509103,15509103,2958
136851,477,435,1094,2,0,11200,0,0,0,15510023,15510023,2958
136867,477,466,1094,2,0,11200,0,0,0,15511031,15511031,2958
136882,477,503,1094,2,0,11200,0,0,0,15511961,15511961,2958
136897,477,530,1094,2,0,11200,0,0,0,15513074,15513074,2958
136913,477,565,1094,2,0,11200,0,0,0,15513984,15513984,2958
136930,477,588,1094,2,0,11200,0,0,0,15514910,15514910,2958
136945,477,613,1094,2,0,11200,0,0,0,15515815,15515815,2958
136961,477,647,1094,2,0,11200,0,0,0,15516699,15516699,2958
136976,477,676,1094,2,0,11200,0,0,0,15517579,15517579,2958
136992,477,710,1094,2,0,11200,0,0,0,15518473,15518473,2958
137007,477,741,1094,2,0,11200,0,0,0,15519384,15519384,2958
137023,477,777,1094,2,0,11200,0,0,0,15520345,15520345,2958
137039,477,807,1094,2,0,11200,0,0,0,15521366,15521366,2958
137055,477,837,1094,2,0,11200,0,0,0,15522415,15522415,2958
137103,477,882,1094,2,0,11200,0,0,0,15523358,15523358,2958
137118,477,923,1094,2,0,11200,0,0,0,15524410,15524410,2958
137134,477,959,1094,2,0,11200,0,0,0,15525361,15525361,2958
137150,477,986,1094,2,0,11200,0,0,0,15526441,15526441,2958
137165,477,1023,1094,2,0,11200,0,0,0,15527393,15527393,2958
137181,477,1053,1094,2,0,11200,0,0,0,15528293,15528293,2958
137196,478,1080,1094,2,0,11200,0,0,0,15529275,15529275,2958
137212,478,12,1095,1,0,11200,0,0,0,15530373,15530373,2958
137228,478,60,1095,1,0,11200,0,0,0,15531550,15531550,2958
137243,478,122,1095,1,0,11200,0,0,0,15532692,15532692,2958
137258,478,147,1095,1,0,11200,0,0,0,15533873,15533873,2958
137274,478,174,1095,1,0,11200,0,0,0,15534978,15534978,2958
137290,478,210,1095,1,0,11200,0,0,0,15536126,15536126,2958
137305,478,234,1095,1,0,11200,0,0,0,15537184,15537184,2958
137321,478,262,1095,1,0,11200,0,0,0,15538241,15538241,2958
137336,478,282,1095,1,0,11200,0,0,0,15539331,15539331,2958
137351,478,313,1095,1,0,11200,0,0,0,15540388,15540388,2958
137367,478,354,1095,1,0,11200,0,0,0,15541528,15541528,2958
137383,478,379,1095,1,0,11200,0,0,0,15542625,15542625,2958
137398,478,422,1095,1,0,11200,0,0,0,15543609,15543609,2958
137414,478,443,1095,1,0,11200,0,0,0,15544625,15544625,2958
137430,478,469,1095,1,0,11200,0,0,0,15545557,15545557,2958
137445,478,515,1095,1,0,11200,0,0,0,15546545,15546545,2958
137461,478,552,1095,1,0,11200,0,0,0,15547573,15547573,2958
137476,478,588,1095,1,0,11200,0,0,0,15548547,15548547,2958
137491,478,610,1095,1,0,11200,0,0,0,15549346,15549346,2958
137508,478,643,1095,1,0,11200,0,0,0,15550346,15550346,2958
137523,478,676,1095,1,0,11200,0,0,0,15551326,15551326,2958
137539,478,700,1095,1,0,11200,0,0,0,15552275,15552275,2958
137555,478,740,1095,1,0,11200,0,0,0,15553340,15553340,2958
137571,478,763,1095,1,0,11200,0,0,0,15554136,15554136,2958
137586,478,798,1095,1,0,11200,0,0,0,15555104,15555104,2958
137602,478,823,1095,1,0,11200,0,0,0,15556049,15556049,2958
137617,478,854,1095,1,0,11200,0,0,0,15556993,15556993,2958
137644,478,882,1095,1,0,11200,0,0,0,15557455,15557455,2958
137659,478,911,1095,1,0,11200,0,0,0,15558307,15558307,2958
137675,478,952,1095,1,0,11200,0,0,0,15559338,15559338,2958
137691,478,988,1095,1,0,11200,0,0,0,15560414,15560414,2958
137709,478,1044,1095,1,0,11200,0,0,0,15561463,15561463,2958
137724,479,1083,1095,1,0,11200,0,0,0,15562497,15562497,2958
137739,479,13,1095,0,0,11200,0,0,0,15563609,15563609,2958
137754,479,55,1095,0,0,11200,0,0,0,15564727,15564727,2958
137770,479,117,1095,0,0,11200,0,0,0,15565914,15565914,2958
137786,479,140,1095,0,0,11200,0,0,0,15567090,15567090,2958
137801,479,160,1095,0,0,11200,0,0,0,15568139,15568139,2958
137816,479,186,1095,0,0,11200,0,0,0,15569192,15569192,2958
137832,479,211,1095,0,0,11200,0,0,0,15570344,15570344,2958
137848,479,227,1095,0,0,11200,0,0,0,15571361,15571361,2958
137864,479,248,1095,0,0,11200,0,0,0,15572434,15572434,2958
137880,479,274,1095,0,0,11200,0,0,0,15573567,15573567,2958
137895,479,308,1095,0,0,11200,0,0,0,15574643,15574643,2958
137912,479,345,1095,0,0,11200,0,0,0,15575795,15575795,2958
137927,479,376,1095,0,0,11200,0,0,0,15576853,15576853,2958
137942,479,407,1095,0,0,11200,0,0,0,15577759,15577759,2958
137957,479,434,1095,0,0,11200,0,0,0,15578811,15578811,2958
137974,479,460,1095,0,0,11200,0,0,0,15579753,15579753,2958
137990,479,497,1095,0,0,11200,0,0,0,15580782,15580782,2958
138005,479,528,1095,0,0,11200,0,0,0,15581836,15581836,2958
138021,479,559,1095,0,0,11200,0,0,0,15582857,15582857,2958
138036,479,590,1095,0,0,11200,0,0,0,15583790,15583790,2958
138052,479,623,1095,0,0,11200,0,0,0,15584645,15584645,2958
138068,479,653,1095,0,0,11200,0,0,0,15585521,15585521,2958
138084,479,685,1095,0,0,11200,0,0,0,15586409,15586409,2958
138099,479,710,1095,0,0,11200,0,0,0,15587350,15587350,2958
138115,479,738,1095,0,0,11200,0,0,0,15588211,15588211,2958
138130,479,762,1095,0,0,11200,0,0,0,15589175,15589175,2958
138146,479,792,1095,0,0,11200,0,0,0,15590061,15590061,2958
138161,479,828,1095,0,0,11200,0,0,0,15591090,15591090,2958
138176,479,869,1095,0,0,11200,0,0,0,15592064,15592064,2958
138192,479,893,1095,0,0,11200,0,0,0,15592525,15592525,2958
138208,479,935,1095,0,0,11200,0,0,0,15593567,15593567,2958
138223,479,982,1095,0,0,11200,0,0,0,15594505,15594505,2958
138239,479,1021,1095,0,0,11200,0,0,0,15595540,15595540,2958
138254,479,1054,1095,0,0,11200,0,0,0,15596559,15596559,2958
138269,480,1089,1095,0,0,11200,0,0,0,15597433,15597433,2958
138284,480,15,1095,0,0,11200,0,0,0,15598572,15598572,2958
138300,480,98,1095,0,0,11200,0,0,0,15599679,15599679,2958
138316,480,121,1095,0,0,11200,0,0,0,15600957,15600957,2958
138331,480,146,1095,0,0,11200,0,0,0,15602099,15602099,2958
138347,480,166,1095,0,0,11200,0,0,0,15603219,15603219,2958
138363,480,200,1095,0,0,11200,0,0,0,15604275,15604275,2958
138379,480,222,1095,0,0,11200,0,0,0,15605339,15605339,2958
138394,480,245,1095,0,0,11200,0,0,0,15606317,15606317,2958
138409,480,269,1095,0,0,11200,0,0,0,15607418,15607418,2958
138425,480,301,1095,0,0,11200,0,0,0,15608440,15608440,2958
138440,480,340,1095,0,0,11200,0,0,0,15609402,15609402,2958
138455,480,358,1095,0,0,11200,0,0,0,15610443,15610443,2958
138471,480,389,1095,0,0,11200,0,0,0,15611505,15611505,2958
138486,480,424,1095,0,0,11200,0,0,0,15612502,15612502,2958
138502,480,446,1095,0,0,11200,0,0,0,15613464,15613464,2958
138518,480,477,1095,0,0,11200,0,0,0,15614524,15614524,2958
138534,480,509,1095,0,0,11200,0,0,0,15615502,15615502,2958
138549,480,530,1095,0,0,11200,0,0,0,15616533,15616533,2958
138565,480,565,1095,0,0,11200,0,0,0,15617472,15617472,2958
138582,480,602,1095,0,0,11200,0,0,0,15618418,15618418,2958
138598,480,631,1095,0,0,11200,0,0,0,15619351,15619351,2958
138614,480,664,1095,0,0,11200,0,0,0,15620267,15620267,2958
138630,480,699,1095,0,0,11200,0,0,0,15621138,15621138,2958
138646,480,726,1095,0,0,11200,0,0,0,15622007,15622007,2958
138661,480,759,1095,0,0,11200,0,0,0,15622856,15622856,2958
138676,480,792,1095,0,0,11200,0,0,0,15623753,15623753,2958
138692,480,828,1095,0,0,11200,0,0,0,15624692,15624692,2958
138708,480,866,1095,0,0,11200,0,0,0,15625699,15625699,2958
138724,480,883,1095,0,0,11200,0,0,0,15625959,15625959,2958
138739,480,916,1095,0,0,11200,0,0,0,15626938,15626938,2958
138755,480,954,1095,0,0,11200,0,0,0,15627946,15627946,2958
138770,480,996,1095,0,0,11200,0,0,0,15628986,15628986,2958
138786,480,1052,1095,0,0,11200,0,0,0,15629998,15629998,2958
138802,481,1089,1095,0,0,11200,0,0,0,15631028,15631028,2958
138817,481,23,1095,0,0,11200,0,0,0,15632193,15632193,2958
138833,481,115,1095,0,0,11200,0,0,0,15633431,15633431,2958
138849,481,142,1095,0,0,11200,0,0,0,15634729,15634729,2958
138865,481,166,1095,0,0,11200,0,0,0,15635836,15635836,2958
138880,481,205,1095,0,0,11200,0,0,0,15637000,15637000,2958
138895,481,225,1095,0,0,11200,0,0,0,15637966,15637966,2958
138911,481,247,1095,0,0,11200,0,0,0,15638997,15638997,2958
138926,481,271,1095,0,0,11200,0,0,0,15640168,15640168,2958
138942,481,306,1095,0,0,11200,0,0,0,15641284,15641284,2958
138958,481,331,1095,0,0,11200,0,0,0,15642275,15642275,2958
138973,481,361,1095,0,0,11200,0,0,0,15643332,15643332,2958
138989,481,398,1095,0,0,11200,0,0,0,15644510,15644510,2958
139004,481,433,1095,0,0,11200,0,0,0,15645514,15645514,2958
139019,481,462,1095,0,0,11200,0,0,0,15646483,15646483,2958
139035,481,493,1095,0,0,11200,0,0,0,15647491,15647491,2958
139051,481,521,1095,0,0,11200,0,0,0,15648502,15648502,2958
139066,481,556,1095,0,0,11200,0,0,0,15649414,15649414,2958
139081,481,593,1095,0,0,11200,0,0,0,15650365,15650365,2958
139096,481,615,1095,0,0,11200,0,0,0,15651179,15651179,2958
139112,481,651,1095,0,0,11200,0,0,0,15652026,15652026,2958
139128,481,681,1095,0,0,11200,0,0,0,15652990,15652990,2958
139143,481,712,1095,0,0,11200,0,0,0,15653908,15653908,2958
139159,481,741,1095,0,0,11200,0,0,0,15654843,15654843,2958
139174,481,770,1095,0,0,11200,0,0,0,15655739,15655739,2958
139190,481,802,1095,0,0,11200,0,0,0,15656737,15656737,2958
139206,481,829,1095,0,0,11200,0,0,0,15657811,15657811,2958
139223,481,860,1095,0,0,11200,0,0,0,15658785,15658785,2958
139261,481,882,1095,0,0,11200,0,0,0,15659432,15659432,2958
139277,481,926,1095,0,0,11200,0,0,0,15660384,15660384,2958
139292,481,982,1095,0,0,11200,0,0,0,15661376,15661376,2958
139307,481,1026,1095,0,0,11200,0,0,0,15662322,15662322,2958
139323,482,1064,1095,0,0,11200,0,0,0,15663253,15663253,2958
139338,482,1,1095,0,0,11200,0,0,0,15664270,15664270,2958
139354,482,27,1095,0,0,11200,0,0,0,15665415,15665415,2958
139369,482,113,1095,0,0,11200,0,0,0,15666535,15666535,2958
139384,482,136,1095,0,0,11200,0,0,0,15667767,15667767,2958
139400,482,160,1095,0,0,11200,0,0,0,15669028,15669028,2958
139416,482,189,1095,0,0,11200,0,0,0,15670110,15670110,2958
139432,482,225,1095,0,0,11200,0,0,0,15671294,15671294,2958
139447,482,251,1095,0,0,11200,0,0,0,15672331,15672331,2958
139464,482,275,1095,0,0,11200,0,0,0,15673445,15673445,2958
139480,482,313,1095,0,0,11200,0,0,0,15674640,15674640,2958
139496,482,346,1095,0,0,11200,0,0,0,15675697,15675697,2958
139512,482,375,1095,0,0,11200,0,0,0,15676792,15676792,2958
139527,482,411,1095,0,0,11200,0,0,0,15677815,15677815,2958
139543,482,443,1095,0,0,11200,0,0,0,15678795,15678795,2958
139560,482,477,1095,0,0,11200,0,0,0,15679820,15679820,2958
139576,482,511,1095,0,0,11200,0,0,0,15680785,15680785,2958
139592,482,535,1095,0,0,11200,0,0,0,15681856,15681856,2958
139608,482,560,1095,0,0,11200,0,0,0,15682842,15682842,2958
139625,482,584,1095,0,0,11200,0,0,0,15683816,15683816,2958
139640,482,606,1095,0,0,11200,0,0,0,15684669,15684669,2958
139656,482,640,1095,0,0,11200,0,0,0,15685522,15685522,2958
139673,482,677,1095,0,0,11200,0,0,0,15686458,15686458,2958
139688,482,709,1095,0,0,11200,0,0,0,15687365,15687365,2958
139705,482,730,1095,0,0,11200,0,0,0,15688169,15688169,2958
139720,482,756,1095,0,0,11200,0,0,0,15689125,15689125,2958
139736,482,794,1095,0,0,11200,0,0,0,15690152,15690152,2958
139751,482,829,1095,0,0,11200,0,0,0,15691108,15691108,2958
139766,482,856,1095,0,0,11200,0,0,0,15691990,15691990,2958
139795,482,882,1095,0,0,11200,0,0,0,15692485,15692485,2958
139811,482,909,1095,0,0,11200,0,0,0,15693384,15693384,2958
139827,482,950,1095,0,0,11200,0,0,0,15694348,15694348,2958
139842,482,988,1095,0,0,11200,0,0,0,15695328,15695328,2958
139858,482,1013,1095,0,0,11200,0,0,0,15696248,15696248,2958
139873,482,1046,1095,0,0,11200,0,0,0,15697128,15697128,2958
139889,483,1076,1095,0,0,11200,0,0,0,15698007,15698007,2958
139905,483,15,1095,0,0,11200,0,0,0,15699240,15699240,2958
139920,483,103,1095,0,0,11200,0,0,0,15700562,15700562,2958
139936,483,126,1095,0,0,11200,0,0,0,15701798,15701798,2958
139951,483,148,1095,0,0,11200,0,0,0,15702904,15702904,2958
139966,483,167,1095,0,0,11200,0,0,0,15704070,15704070,2958
139983,483,207,1095,0,0,11200,0,0,0,15705332,15705332,2958
139998,483,232,1095,0,0,11200,0,0,0,15706391,15706391,2958
140013,483,266,1095,0,0,11200,0,0,0,15707399,15707399,2958
140030,483,297,1095,0,0,11200,0,0,0,15708545,15708545,2958
140045,483,317,1095,0,0,11200,0,0,0,15709509,15709509,2958
140061,483,353,1095,0,0,11200,0,0,0,15710592,15710592,2958
140077,483,384,1095,0,0,11200,0,0,0,15711622,15711622,2958
140092,483,428,1095,0,0,11200,0,0,0,15712632,15712632,2958
140108,483,448,1095,0,0,11200,0,0,0,15713584,15713584,2958
140123,483,489,1095,0,0,11200,0,0,0,15714540,15714540,2958
140139,483,510,1095,0,0,11200,0,0,0,15715360,15715360,2958
140154,483,538,1095,0,0,11200,0,0,0,15716456,15716456,2958
140170,483,575,1095,0,0,11200,0,0,0,15717493,15717493,2958
140185,483,595,1095,0,0,11200,0,0,0,15718342,15718342,2958
140201,483,630,1095,0,0,11200,0,0,0,15719258,15719258,2958
140216,483,660,1095,0,0,11200,0,0,0,15720127,15720127,2958
140233,483,690,1095,0,0,11200,0,0,0,15720984,15720984,2958
140248,483,719,1095,0,0,11200,0,0,0,15721771,15721771,2958
140263,483,748,1095,0,0,11200,0,0,0,15722654,15722654,2958
140278,483,775,1095,0,0,11200,0,0,0,15723482,15723482,2958
140293,483,811,1095,0,0,11200,0,0,0,15724451,15724451,2958
140309,483,845,1095,0,0,11200,0,0,0,15725366,15725366,2958
140324,483,866,1095,0,0,11200,0,0,0,15726258,15726258,2958
140339,483,899,1095,0,0,11200,0,0,0,15727120,15727120,2958
140355,483,936,1095,0,0,11200,0,0,0,15728080,15728080,2958
140370,483,982,1095,0,0,11200,0,0,0,15729081,15729081,2958
140386,483,1018,1095,0,0,11200,0,0,0,15730082,15730082,2958
140401,483,1052,1095,0,0,11200,0,0,0,15731134,15731134,2958
140416,484,1080,1095,0,0,11200,0,0,0,15732039,15732039,2958
140431,484,10,1095,0,0,11200,0,0,0,15733158,15733158,2958
140447,484,27,1095,0,0,11200,0,0,0,15734191,15734191,2958
140462,484,108,1095,0,0,11200,0,0,0,15735438,15735438,2958
140478,484,137,1095,0,0,11200,0,0,0,15736681,15736681,2958
140493,484,152,1095,0,0,11200,0,0,0,15737694,15737694,2958
140508,484,182,1095,0,0,11200,0,0,0,15738774,15738774,2958
140525,484,210,1095,0,0,11200,0,0,0,15740055,15740055,2958
140541,484,235,1095,0,0,11200,0,0,0,15741187,15741187,2958
140557,484,271,1095,0,0,11200,0,0,0,15742346,15742346,2958
140573,484,306,1095,0,0,11200,0,0,0,15743435,15743435,2958
140588,484,340,1095,0,0,11200,0,0,0,15744432,15744432,2958
140603,484,367,1095,0,0,11200,0,0,0,15745468,15745468,2958
140619,484,405,1095,0,0,11200,0,0,0,15746467,15746467,2958
140635,484,433,1095,0,0,11200,0,0,0,15747488,15747488,2958
140650,484,463,1095,0,0,11200,0,0,0,15748457,15748457,2958
140666,484,503,1095,0,0,11200,0,0,0,15749401,15749401,2958
140682,484,525,1095,0,0,11200,0,0,0,15750429,15750429,2958
140698,484,556,1095,0,0,11200,0,0,0,15751442,15751442,2958
140713,484,585,1095,0,0,11200,0,0,0,15752386,15752386,2958
140729,484,607,1095,0,0,11200,0,0,0,15753254,15753254,2958
140744,484,639,1095,0,0,11200,0,0,0,15754116,15754116,2958
140760,484,670,1095,0,0,11200,0,0,0,15754970,15754970,2958
140775,484,699,1095,0,0,11200,0,0,0,15755870,15755870,2958
140791,484,726,1095,0,0,11200,0,0,0,15756720,15756720,2958
140806,484,753,1095,0,0,11200,0,0,0,15757475,15757475,2958
140821,484,783,1095,0,0,11200,0,0,0,15758287,15758287,2958
140837,484,818,1095,0,0,11200,0,0,0,15759311,15759311,2958
140852,484,852,1095,0,0,11200,0,0,0,15760311,15760311,2958
140876,484,882,1095,0,0,11200,0,0,0,15760963,15760963,2958
140893,484,928,1095,0,0,11200,0,0,0,15761968,15761968,2958
140908,484,966,1095,0,0,11200,0,0,0,15762939,15762939,2958
140924,484,1006,1095,0,0,11200,0,0,0,15763947,15763947,2958
140939,484,1047,1095,0,0,11200,0,0,0,15764873,15764873,2958
140955,485,1078,1095,0,0,11200,0,0,0,15765877,15765877,2958
140970,485,9,1095,0,0,11200,0,0,0,15766935,15766935,2958
140985,485,80,1095,0,0,11200,0,0,0,15768166,15768166,2958
141002,485,126,1095,0,0,11200,0,0,0,15769480,15769480,2958
141017,485,148,1095,0,0,11200,0,0,0,15770658,15770658,2958
141033,485,178,1095,0,0,11200,0,0,0,15771794,15771794,2958
141048,485,203,1095,0,0,11200,0,0,0,15772836,15772836,2958
141063,485,227,1095,0,0,11200,0,0,0,15773966,15773966,2958
141079,485,251,1095,0,0,11200,0,0,0,15775045,15775045,2958
141094,485,283,1095,0,0,11200,0,0,0,15776161,15776161,2958
141109,485,314,1095,0,0,11200,0,0,0,15777164,15777164,2958
141125,485,353,1095,0,0,11200,0,0,0,15778200,15778200,2958
141141,485,389,1095,0,0,11200,0,0,0,15779313,15779313,2958
141157,485,431,1095,0,0,11200,0,0,0,15780376,15780376,2958
141173,485,465,1095,0,0,11200,0,0,0,15781450,15781450,2958
141189,485,506,1095,0,0,11200,0,0,0,15782520,15782520,2958
141205,485,530,1095,0,0,11200,0,0,0,15783597,15783597,2958
141220,485,565,1095,0,0,11200,0,0,0,15784543,15784543,2958
141236,485,593,1095,0,0,11200,0,0,0,15785528,15785528,2958
141251,485,615,1095,0,0,11200,0,0,0,15786305,15786305,2958
141266,485,644,1095,0,0,11200,0,0,0,15787077,15787077,2958
141282,485,681,1095,0,0,11200,0,0,0,15787948,15787948,2958
141297,485,716,1095,0,0,11200,0,0,0,15788799,15788799,2958
141313,485,756,1095,0,0,11200,0,0,0,15789719,15789719,2958
141329,485,801,1095,0,0,11200,0,0,0,15790743,15790743,2958
141345,485,828,1095,0,0,11200,0,0,0,15791720,15791720,2958
141361,485,860,1095,0,0,11200,0,0,0,15792658,15792658,2958
141377,485,882,1095,0,0,11200,0,0,0,15792994,15792994,2958
141393,485,931,1095,0,0,11200,0,0,0,15793946,15793946,2958
141408,485,979,1095,0,0,11200,0,0,0,15794861,15794861,2958
141423,485,1012,1095,0,0,11200,0,0,0,15795827,15795827,2958
141439,485,1042,1095,0,0,11200,0,0,0,15796768,15796768,2958
141454,486,1087,1095,0,0,11200,0,0,0,15797824,15797824,2958
141469,486,20,1095,0,0,11200,0,0,0,15798953,15798953,2958
141484,486,107,1095,0,0,11200,0,0,0,15800123,15800123,2958
141499,486,134,1095,0,0,11200,0,0,0,15801222,15801222,2958
141516,486,152,1095,0,0,11200,0,0,0,15802458,15802458,2958
141532,486,181,1095,0,0,11200,0,0,0,15803699,15803699,2958
141547,486,211,1095,0,0,11200,0,0,0,15804896,15804896,2958
141563,486,244,1095,0,0,11200,0,0,0,15805920,15805920,2958
141578,486,270,1095,0,0,11200,0,0,0,15807025,15807025,2958
141593,486,306,1095,0,0,11200,0,0,0,15808023,15808023,2958
141609,486,340,1095,0,0,11200,0,0,0,15809056,15809056,2958
141625,486,370,1095,0,0,11200,0,0,0,15810183,15810183,2958
141640,486,402,1095,0,0,11200,0,0,0,15811178,15811178,2958
141656,486,437,1095,0,0,11200,0,0,0,15812114,15812114,2958
141671,486,477,1095,0,0,11200,0,0,0,15813070,15813070,2958
141687,486,510,1095,0,0,11200,0,0,0,15814123,15814123,2958
141703,486,537,1095,0,0,11200,0,0,0,15815274,15815274,2958
141718,486,560,1095,0,0,11200,0,0,0,15816090,15816090,2958
141733,486,585,1095,0,0,11200,0,0,0,15817074,15817074,2958
141748,486,607,1095,0,0,11200,0,0,0,15817911,15817911,2958
141764,486,643,1095,0,0,11200,0,0,0,15818802,15818802,2958
141780,486,670,1095,0,0,11200,0,0,0,15819695,15819695,2958
141795,486,699,1095,0,0,11200,0,0,0,15820662,15820662,2958
141810,486,730,1095,0,0,11200,0,0,0,15821461,15821461,2958
141826,486,765,1095,0,0,11200,0,0,0,15822363,15822363,2958
141842,486,792,1095,0,0,11200,0,0,0,15823253,15823253,2958
141857,486,818,1095,0,0,11200,0,0,0,15824205,15824205,2958
141873,486,856,1095,0,0,11200,0,0,0,15825207,15825207,2958
141900,486,882,1095,0,0,11200,0,0,0,15825620,15825620,2958
141917,486,926,1095,0,0,11200,0,0,0,15826620,15826620,2958
141932,486,962,1095,0,0,11200,0,0,0,15827620,15827620,2958
141947,486,998,1095,0,0,11200,0,0,0,15828609,15828609,2958
141962,486,1030,1095,0,0,11200,0,0,0,15829493,15829493,2958
141978,487,1073,1095,0,0,11200,0,0,0,15830638,15830638,2958
141994,487,10,1095,0,0,11200,0,0,0,15831759,15831759,2958
142009,487,31,1095,0,0,11200,0,0,0,15832804,15832804,2958
142024,487,117,1095,0,0,11200,0,0,0,15834018,15834018,2958
142040,487,148,1095,0,0,11200,0,0,0,15835226,15835226,2958
142056,487,180,1095,0,0,11200,0,0,0,15836382,15836382,2958
142072,487,207,1095,0,0,11200,0,0,0,15837426,15837426,2958
142087,487,226,1095,0,0,11200,0,0,0,15838452,15838452,2958
142103,487,257,1095,0,0,11200,0,0,0,15839563,15839563,2958
142118,487,278,1095,0,0,11200,0,0,0,15840634,15840634,2958
142134,487,309,1095,0,0,11200,0,0,0,15841686,15841686,2958
142150,487,347,1095,0,0,11200,0,0,0,15842753,15842753,2958
142166,487,378,1095,0,0,11200,0,0,0,15843912,15843912,2958
142182,487,411,1095,0,0,11200,0,0,0,15844928,15844928,2958
142197,487,436,1095,0,0,11200,0,0,0,15845955,15845955,2958
142213,487,463,1095,0,0,11200,0,0,0,15847012,15847012,2958
142228,487,503,1095,0,0,11200,0,0,0,15847916,15847916,2958
142244,487,528,1095,0,0,11200,0,0,0,15848992,15848992,2958
142260,487,553,1095,0,0,11200,0,0,0,15849986,15849986,2958
142276,487,588,1095,0,0,11200,0,0,0,15851003,15851003,2958
142291,487,606,1095,0,0,11200,0,0,0,15851742,15851742,2958
142306,487,645,1096,1,0,11200,0,0,0,15852718,15852718,2963
142323,487,676,1096,1,0,11200,0,0,0,15853645,15853645,2963
142340,487,702,1096,1,0,11200,0,0,0,15854591,15854591,2963
142358,487,732,1096,1,0,11200,0,0,0,15855492,15855492,2963
142373,487,759,1096,1,0,11200,0,0,0,15856386,15856386,2963
142388,487,798,1096,1,0,11200,0,0,0,15857294,15857294,2963
142404,487,828,1096,1,0,11200,0,0,0,15858250,15858250,2963
142419,487,869,1096,1,0,11200,0,0,0,15859140,15859140,2963
142435,487,892,1096,1,0,11200,0,0,0,15859559,15859559,2963
142450,487,941,1096,1,0,11200,0,0,0,15860606,15860606,2963
142465,487,983,1096,1,0,11200,0,0,0,15861552,15861552,2963
142480,487,1008,1096,1,0,11200,0,0,0,15862501,15862501,2963
142496,487,1051,1096,1,0,11200,0,0,0,15863456,15863456,2963
142511,488,1074,1096,1,0,11200,0,0,0,15864409,15864409,2963
142526,488,15,1096,0,0,11200,0,0,0,15865415,15865415,2963
142542,488,101,1096,0,0,11200,0,0,0,15866637,15866637,2963
142557,488,122,1096,0,0,11200,0,0,0,15867809,15867809,2963
142572,488,144,1096,0,0,11200,0,0,0,15868939,15868939,2963
142587,488,163,1096,0,0,11200,0,0,0,15870067,15870067,2963
142603,488,194,1096,0,0,11200,0,0,0,15871120,15871120,2963
142618,488,222,1096,0,0,11200,0,0,0,15872178,15872178,2963
142634,488,250,1096,0,0,11200,0,0,0,15873282,15873282,2963
142649,488,282,1096,0,0,11200,0,0,0,15874477,15874477,2963
142665,488,314,1096,0,0,11200,0,0,0,15875463,15875463,2963
142680,488,353,1096,0,0,11200,0,0,0,15876625,15876625,2963
142695,488,379,1096,0,0,11200,0,0,0,15877693,15877693,2963
142711,488,424,1096,0,0,11200,0,0,0,15878716,15878716,2963
142727,488,447,1096,0,0,11200,0,0,0,15879634,15879634,2963
142742,488,491,1096,0,0,11200,0,0,0,15880654,15880654,2963
142757,488,516,1096,0,0,11200,0,0,0,15881672,15881672,2963
142774,488,561,1096,0,0,11200,0,0,0,15882717,15882717,2963
142789,488,586,1096,0,0,11200,0,0,0,15883535,15883535,2963
142804,488,607,1096,0,0,11200,0,0,0,15884351,15884351,2963
142819,488,649,1096,0,0,11200,0,0,0,15885197,15885197,2963
142835,488,675,1096,0,0,11200,0,0,0,15886046,15886046,2963
142853,488,702,1096,0,0,11200,0,0,0,15887009,15887009,2963
142868,488,726,1096,0,0,11200,0,0,0,15887822,15887822,2963
142884,488,747,1096,0,0,11200,0,0,0,15888654,15888654,2963
142899,488,774,1096,0,0,11200,0,0,0,15889587,15889587,2963
142914,488,798,1096,0,0,11200,0,0,0,15890397,15890397,2963
142930,488,823,1096,0,0,11200,0,0,0,15891316,15891316,2963
142946,488,857,1096,0,0,11200,0,0,0,15892333,15892333,2963
142961,488,899,1096,0,0,11200,0,0,0,15893157,15893157,2963
142977,488,950,1096,0,0,11200,0,0,0,15894227,15894227,2963
142992,488,988,1096,0,0,11200,0,0,0,15895228,15895228,2963
143007,488,1026,1096,0,0,11200,0,0,0,15896189,15896189,2963
143023,488,1054,1096,0,0,11200,0,0,0,15897191,15897191,2963
143038,489,1087,1096,0,0,11200,0,0,0,15898155,15898155,2963
143053,489,16,1096,0,0,11200,0,0,0,15899342,15899342,2963
143068,489,107,1096,0,0,11200,0,0,0,15900667,15900667,2963
143084,489,129,1096,0,0,11200,0,0,0,15901881,15901881,2963
143099,489,151,1096,0,0,11200,0,0,0,15903003,15903003,2963
143116,489,182,1096,0,0,11200,0,0,0,15904203,15904203,2963
143133,489,211,1096,0,0,11200,0,0,0,15905431,15905431,2963
143148,489,232,1096,0,0,11200,0,0,0,15906549,15906549,2963
143163,489,260,1096,0,0,11200,0,0,0,15907550,15907550,2963
143179,489,290,1096,0,0,11200,0,0,0,15908719,15908719,2963
143194,489,313,1096,0,0,11200,0,0,0,15909689,15909689,2963
143210,489,353,1096,0,0,11200,0,0,0,15910718,15910718,2963
143225,489,383,1096,0,0,11200,0,0,0,15911799,15911799,2963
143240,489,423,1096,0,0,11200,0,0,0,15912822,15912822,2963
143256,489,444,1096,0,0,11200,0,0,0,15913769,15913769,2963
143271,489,476,1096,0,0,11200,0,0,0,15914694,15914694,2963
143287,489,508,1096,0,0,11200,0,0,0,15915687,15915687,2963
143303,489,548,1096,0,0,11200,0,0,0,15916804,15916804,2963
143319,489,573,1096,0,0,11200,0,0,0,15917673,15917673,2963
143335,489,601,1096,0,0,11200,0,0,0,15918568,15918568,2963
143350,489,622,1096,0,0,11200,0,0,0,15919501,15919501,2963
143365,489,651,1096,0,0,11200,0,0,0,15920347,15920347,2963
143381,489,676,1096,0,0,11200,0,0,0,15921282,15921282,2963
143396,489,707,1096,0,0,11200,0,0,0,15922168,15922168,2963
143412,489,746,1096,0,0,11200,0,0,0,15923172,15923172,2963
143428,489,776,1096,0,0,11200,0,0,0,15924134,15924134,2963
143444,489,809,1096,0,0,11200,0,0,0,15925087,15925087,2963
143459,489,849,1096,0,0,11200,0,0,0,15926066,15926066,2963
143487,489,882,1096,0,0,11200,0,0,0,15926789,15926789,2963
143504,489,928,1096,0,0,11200,0,0,0,15927861,15927861,2963
143519,489,984,1096,0,0,11200,0,0,0,15928862,15928862,2963
143534,489,1021,1096,0,0,11200,0,0,0,15929811,15929811,2963
143549,490,1062,1096,0,0,11200,0,0,0,15930719,15930719,2963
143565,490,1094,1096,0,0,11200,0,0,0,15931767,15931767,2963
143580,490,23,1096,0,0,11200,0,0,0,15933031,15933031,2963
143597,490,111,1096,0,0,11200,0,0,0,15934243,15934243,2963
143612,490,134,1096,0,0,11200,0,0,0,15935467,15935467,2963
143628,490,159,1096,0,0,11200,0,0,0,15936647,15936647,2963
143643,490,187,1096,0,0,11200,0,0,0,15937764,15937764,2963
143659,490,218,1096,0,0,11200,0,0,0,15938943,15938943,2963
143675,490,246,1096,0,0,11200,0,0,0,15940020,15940020,2963
143690,490,270,1096,0,0,11200,0,0,0,15941144,15941144,2963
143706,490,305,1096,0,0,11200,0,0,0,15942240,15942240,2963
143722,490,330,1096,0,0,11200,0,0,0,15943245,15943245,2963
143737,490,371,1096,0,0,11200,0,0,0,15944432,15944432,2963
143752,490,405,1096,0,0,11200,0,0,0,15945389,15945389,2963
143768,490,441,1096,0,0,11200,0,0,0,15946398,15946398,2963
143784,490,473,1096,0,0,11200,0,0,0,15947435,15947435,2963
143799,490,510,1096,0,0,11200,0,0,0,15948467,15948467,2963
143815,490,537,1096,0,0,11200,0,0,0,15949502,15949502,2963
143830,490,569,1096,0,0,11200,0,0,0,15950410,15950410,2963
143845,490,590,1096,0,0,11200,0,0,0,15951256,15951256,2963
143860,490,607,1096,0,0,11200,0,0,0,15952075,15952075,2963
143875,490,644,1096,0,0,11200,0,0,0,15952860,15952860,2963
143891,490,676,1096,0,0,11200,0,0,0,15953778,15953778,2963
143907,490,702,1096,0,0,11200,0,0,0,15954630,15954630,2963
143922,490,741,1096,0,0,11200,0,0,0,15955677,15955677,2963
143938,490,770,1096,0,0,11200,0,0,0,15956645,15956645,2963
143953,490,811,1096,0,0,11200,0,0,0,15957629,15957629,2963
143970,490,848,1096,0,0,11200,0,0,0,15958692,15958692,2963
144007,490,882,1096,0,0,11200,0,0,0,15959555,15959555,2963
144022,490,926,1096,0,0,11200,0,0,0,15960510,15960510,2963
144037,490,954,1096,0,0,11200,0,0,0,15961500,15961500,2963
144052,490,986,1096,0,0,11200,0,0,0,15962505,15962505,2963
144068,490,1026,1096,0,0,11200,0,0,0,15963522,15963522,2963
144083,490,1059,1096,0,0,11200,0,0,0,15964506,15964506,2963
144099,491,1,1096,0,0,11200,0,0,0,15965694,15965694,2963
144114,491,23,1096,0,0,11200,0,0,0,15966806,15966806,2963
144131,491,107,1096,0,0,11200,0,0,0,15968048,15968048,2963
144147,491,121,1096,0,0,11200,0,0,0,15969187,15969187,2963
144162,491,145,1096,0,0,11200,0,0,0,15970403,15970403,2963
144177,491,169,1096,0,0,11200,0,0,0,15971431,15971431,2963
144193,491,199,1096,0,0,11200,0,0,0,15972665,15972665,2963
144208,491,230,1096,0,0,11200,0,0,0,15973783,15973783,2963
144224,491,256,1096,0,0,11200,0,0,0,15974808,15974808,2963
144240,491,289,1096,0,0,11200,0,0,0,15976006,15976006,2963
144255,491,314,1096,0,0,11200,0,0,0,15976906,15976906,2963
144271,491,354,1096,0,0,11200,0,0,0,15978001,15978001,2963
144287,491,380,1096,0,0,11200,0,0,0,15979089,15979089,2963
144303,491,418,1096,0,0,11200,0,0,0,15980093,15980093,2963
144319,491,446,1096,0,0,11200,0,0,0,15981095,15981095,2963
144334,491,488,1096,0,0,11200,0,0,0,15982083,15982083,2963
144350,491,512,1096,0,0,11200,0,0,0,15982966,15982966,2963
144366,491,537,1096,0,0,11200,0,0,0,15984004,15984004,2963
144382,491,569,1096,0,0,11200,0,0,0,15985022,15985022,2963
144398,491,597,1096,0,0,11200,0,0,0,15985880,15985880,2963
144414,491,631,1096,0,0,11200,0,0,0,15986858,15986858,2963
144430,491,664,1096,0,0,11200,0,0,0,15987791,15987791,2963
144445,491,699,1096,0,0,11200,0,0,0,15988699,15988699,2963
144460,491,722,1096,0,0,11200,0,0,0,15989452,15989452,2963
144477,491,748,1096,0,0,11200,0,0,0,15990268,15990268,2963
144492,491,776,1096,0,0,11200,0,0,0,15991144,15991144,2963
144508,491,814,1096,0,0,11200,0,0,0,15992256,15992256,2963
144524,491,845,1096,0,0,11200,0,0,0,15993210,15993210,2963
144554,491,882,1096,0,0,11200,0,0,0,15994097,15994097,2963
144570,491,907,1096,0,0,11200,0,0,0,15995075,15995075,2963
144585,491,966,1096,0,0,11200,0,0,0,15996120,15996120,2963
144601,491,998,1096,0,0,11200,0,0,0,15997209,15997209,2963
144617,491,1043,1096,0,0,11200,0,0,0,15998208,15998208,2963
144632,492,1079,1096,0,0,11200,0,0,0,15999221,15999221,2963
144647,492,4,1096,0,0,11200,0,0,0,16000213,16000213,2963
144663,492,26,1096,0,0,11200,0,0,0,16001315,16001315,2963
144678,492,111,1096,0,0,11200,0,0,0,16002468,16002468,2963
144694,492,133,1096,0,0,11200,0,0,0,16003734,16003734,2963
144710,492,150,1096,0,0,11200,0,0,0,16004864,16004864,2963
144726,492,178,1096,0,0,11200,0,0,0,16006004,16006004,2963
144741,492,209,1096,0,0,11200,0,0,0,16007233,16007233,2963
144756,492,238,1096,0,0,11200,0,0,0,16008318,16008318,2963
144771,492,276,1096,0,0,11200,0,0,0,16009361,16009361,2963
144787,492,307,1096,0,0,11200,0,0,0,16010404,16010404,2963
144803,492,343,1096,0,0,11200,0,0,0,16011493,16011493,2963
144820,492,371,1096,0,0,11200,0,0,0,16012555,16012555,2963
144835,492,405,1096,0,0,11200,0,0,0,16013537,16013537,2963
144850,492,431,1096,0,0,11200,0,0,0,16014486,16014486,2963
144865,492,455,1096,0,0,11200,0,0,0,16015409,16015409,2963
144881,492,493,1096,0,0,11200,0,0,0,16016209,16016209,2963
144897,492,528,1096,0,0,11200,0,0,0,16017302,16017302,2963
144914,492,556,1096,0,0,11200,0,0,0,16018402,16018402,2963
144930,492,586,1096,0,0,11200,0,0,0,16019436,16019436,2963
144946,492,601,1096,0,0,11200,0,0,0,16020278,16020278,2963
144962,492,631,1096,0,0,11200,0,0,0,16021260,16021260,2963
144978,492,667,1096,0,0,11200,0,0,0,16022169,16022169,2963
144993,492,697,1096,0,0,11200,0,0,0,16022975,16022975,2963
145011,492,730,1096,0,0,11200,0,0,0,16024029,16024029,2963
145027,492,758,1096,0,0,11200,0,0,0,16024923,16024923,2963
145042,492,798,1096,0,0,11200,0,0,0,16025930,16025930,2963
145058,492,836,1096,0,0,11200,0,0,0,16026863,16026863,2963
145073,492,856,1096,0,0,11200,0,0,0,16027651,16027651,2963
145092,492,882,1096,0,0,11200,0,0,0,16028157,16028157,2963
145107,492,926,1096,0,0,11200,0,0,0,16029129,16029129,2963
145123,492,970,1096,0,0,11200,0,0,0,16030091,16030091,2963
145138,492,1016,1096,0,0,11200,0,0,0,16031100,16031100,2963
145154,492,1047,1096,0,0,11200,0,0,0,16032009,16032009,2963
145170,493,1083,1096,0,0,11200,0,0,0,16033063,16033063,2963
145185,493,9,1096,0,0,11200,0,0,0,16034192,16034192,2963
145201,493,31,1096,0,0,11200,0,0,0,16035319,16035319,2963
145218,493,119,1096,0,0,11200,0,0,0,16036620,16036620,2963
145233,493,141,1096,0,0,11200,0,0,0,16037901,16037901,2963
145248,493,161,1096,0,0,11200,0,0,0,16038973,16038973,2963
145263,493,194,1096,0,0,11200,0,0,0,16040078,16040078,2963
145280,493,215,1096,0,0,11200,0,0,0,16041184,16041184,2963
145296,493,239,1096,0,0,11200,0,0,0,16042335,16042335,2963
145312,493,264,1096,0,0,11200,0,0,0,16043408,16043408,2963
145328,493,307,1096,0,0,11200,0,0,0,16044484,16044484,2963
145344,493,330,1096,0,0,11200,0,0,0,16045368,16045368,2963
145359,493,368,1096,0,0,11200,0,0,0,16046470,16046470,2963
145374,493,405,1096,0,0,11200,0,0,0,16047460,16047460,2963
145390,493,436,1096,0,0,11200,0,0,0,16048411,16048411,2963
145405,493,466,1096,0,0,11200,0,0,0,16049387,16049387,2963
145421,493,494,1096,0,0,11200,0,0,0,16050352,16050352,2963
145437,493,521,1096,0,0,11200,0,0,0,16051314,16051314,2963
145452,493,556,1096,0,0,11200,0,0,0,16052349,16052349,2963
145468,493,582,1096,0,0,11200,0,0,0,16053282,16053282,2963
145484,493,606,1096,0,0,11200,0,0,0,16054200,16054200,2963
145500,493,640,1096,0,0,11200,0,0,0,16055209,16055209,2963
145516,493,676,1096,0,0,11200,0,0,0,16056111,16056111,2963
145531,493,713,1096,0,0,11200,0,0,0,16056986,16056986,2963
145546,493,746,1096,0,0,11200,0,0,0,16057810,16057810,2963
145561,493,770,1096,0,0,11200,0,0,0,16058676,16058676,2963
145577,493,804,1096,0,0,11200,0,0,0,16059640,16059640,2963
145592,493,845,1096,0,0,11200,0,0,0,16060618,16060618,2963
145609,493,866,1096,0,0,11200,0,0,0,16061593,16061593,2963
145625,493,890,1096,0,0,11200,0,0,0,16062063,16062063,2963
145641,493,935,1096,0,0,11200,0,0,0,16063089,16063089,2963
145656,493,982,1096,0,0,11200,0,0,0,16064078,16064078,2963
145672,493,1018,1096,0,0,11200,0,0,0,16065157,16065157,2963
145688,493,1043,1096,0,0,11200,0,0,0,16066092,16066092,2963
145704,494,1079,1096,0,0,11200,0,0,0,16067203,16067203,2963
145719,494,11,1096,0,0,11200,0,0,0,16068333,16068333,2963
145734,494,35,1096,0,0,11200,0,0,0,16069494,16069494,2963
145749,494,118,1096,0,0,11200,0,0,0,16070643,16070643,2963
145764,494,146,1096,0,0,11200,0,0,0,16071817,16071817,2963
145779,494,167,1096,0,0,11200,0,0,0,16072999,16072999,2963
145795,494,203,1096,0,0,11200,0,0,0,16074078,16074078,2963
145811,494,228,1096,0,0,11200,0,0,0,16075208,16075208,2963
145827,494,255,1096,0,0,11200,0,0,0,16076304,16076304,2963
145842,494,276,1096,0,0,11200,0,0,0,16077336,16077336,2963
145857,494,308,1096,0,0,11200,0,0,0,16078309,16078309,2963
145872,494,345,1096,0,0,11200,0,0,0,16079304,16079304,2963
145887,494,376,1096,0,0,11200,0,0,0,16080399,16080399,2963
145904,494,405,1096,0,0,11200,0,0,0,16081399,16081399,2963
145919,494,433,1096,0,0,11200,0,0,0,16082317,16082317,2963
145934,494,460,1096,0,0,11200,0,0,0,16083267,16083267,2963
145949,494,496,1096,0,0,11200,0,0,0,16084258,16084258,2963
145965,494,523,1096,0,0,11200,0,0,0,16085303,16085303,2963
145981,494,552,1096,0,0,11200,0,0,0,16086304,16086304,2963
145996,494,583,1096,0,0,11200,0,0,0,16087279,16087279,2963
146012,494,606,1096,0,0,11200,0,0,0,16088202,16088202,2963
146028,494,647,1096,0,0,11200,0,0,0,16089159,16089159,2963
146044,494,678,1096,0,0,11200,0,0,0,16090046,16090046,2963
146060,494,705,1096,0,0,11200,0,0,0,16090885,16090885,2963
146075,494,739,1096,0,0,11200,0,0,0,16091699,16091699,2963
146092,494,774,1096,0,0,11200,0,0,0,16092602,16092602,2963
146108,494,813,1096,0,0,11200,0,0,0,16093678,16093678,2963
146123,494,851,1096,0,0,11200,0,0,0,16094666,16094666,2963
146153,494,882,1096,0,0,11200,0,0,0,16095443,16095443,2963
146169,494,923,1096,0,0,11200,0,0,0,16096439,16096439,2963
146185,494,962,1096,0,0,11200,0,0,0,16097437,16097437,2963
146200,494,990,1096,0,0,11200,0,0,0,16098477,16098477,2963
146215,494,1026,1096,0,0,11200,0,0,0,16099407,16099407,2963
146231,495,1062,1096,0,0,11200,0,0,0,16100357,16100357,2963
146247,495,1095,1096,0,0,11200,0,0,0,16101441,16101441,2963
146263,495,24,1096,0,0,11200,0,0,0,16102686,16102686,2963
146279,495,113,1096,0,0,11200,0,0,0,16104005,16104005,2963
146294,495,133,1096,0,0,11200,0,0,0,16105166,16105166,2963
146310,495,152,1096,0,0,11200,0,0,0,16106191,16106191,2963
146326,495,169,1096,0,0,11200,0,0,0,16107364,16107364,2963
146342,495,204,1096,0,0,11200,0,0,0,16108502,16108502,2963
146357,495,222,1096,0,0,11200,0,0,0,16109553,16109553,2963
146372,495,247,1096,0,0,11200,0,0,0,16110543,16110543,2963
146388,495,269,1096,0,0,11200,0,0,0,16111644,16111644,2963
146404,495,306,1096,0,0,11200,0,0,0,16112742,16112742,2963
146420,495,336,1096,0,0,11200,0,0,0,16113809,16113809,2963
146436,495,371,1096,0,0,11200,0,0,0,16115006,16115006,2963
146451,495,407,1096,0,0,11200,0,0,0,16115937,16115937,2963
146468,495,436,1096,0,0,11200,0,0,0,16116946,16116946,2963
146483,495,473,1097,1,0,11200,0,0,0,16117998,16117998,2963
146499,495,515,1097,1,0,11200,0,0,0,16119087,16119087,2963
146515,495,542,1097,1,0,11200,0,0,0,16120082,16120082,2963
146532,495,573,1097,1,0,11200,0,0,0,16121131,16121131,2963
146547,495,601,1097,1,0,11200,0,0,0,16121993,16121993,2963
146564,495,636,1098,2,0,11200,0,0,0,16122949,16122949,2965
146581,495,664,1098,2,0,11200,0,0,0,16123850,16123850,2965
146596,495,697,1098,2,0,11200,0,0,0,16124688,16124688,2965
146612,495,726,1098,2,0,11200,0,0,0,16125558,16125558,2965
146629,495,765,1098,2,0,11200,0,0,0,16126513,16126513,2965
146644,495,799,1098,2,0,11200,0,0,0,16127473,16127473,2965
146659,495,823,1098,2,0,11200,0,0,0,16128369,16128369,2965
146675,495,878,1098,2,0,11200,0,0,0,16129310,16129310,2965
146690,495,882,1098,2,0,11200,0,0,0,16129407,16129407,2965
146705,495,916,1098,2,0,11200,0,0,0,16130385,16130385,2965
146722,495,959,1098,2,0,11200,0,0,0,16131369,16131369,2965
146737,495,996,1098,2,0,11200,0,0,0,16132321,16132321,2965
146753,495,1046,1098,2,0,11200,0,0,0,16133331,16133331,2965
146769,496,1074,1098,2,0,11200,0,0,0,16134254,16134254,2965
146784,496,2,1098,1,0,11200,0,0,0,16135213,16135213,2965
146799,496,24,1098,1,0,11200,0,0,0,16136433,16136433,2965
146814,496,107,1098,1,0,11200,0,0,0,16137625,16137625,2965
146830,496,129,1098,1,0,11200,0,0,0,16138911,16138911,2965
146845,496,147,1098,1,0,11200,0,0,0,16140019,16140019,2965
146860,496,178,1098,1,0,11200,0,0,0,16141183,16141183,2965
146877,496,210,1098,1,0,11200,0,0,0,16142233,16142233,2965
146893,496,232,1098,1,0,11200,0,0,0,16143349,16143349,2965
146908,496,260,1098,1,0,11200,0,0,0,16144457,16144457,2965
146923,496,278,1098,1,0,11200,0,0,0,16145552,16145552,2965
146938,496,308,1098,1,0,11200,0,0,0,16146542,16146542,2965
146954,496,345,1098,1,0,11200,0,0,0,16147635,16147635,2965
146970,496,377,1098,1,0,11200,0,0,0,16148605,16148605,2965
146985,496,410,1098,1,0,11200,0,0,0,16149665,16149665,2965
147001,496,436,1098,1,0,11200,0,0,0,16150606,16150606,2965
147017,496,473,1098,1,0,11200,0,0,0,16151627,16151627,2965
147032,496,515,1098,1,0,11200,0,0,0,16152626,16152626,2965
147047,496,548,1098,1,0,11200,0,0,0,16153628,16153628,2965
147062,496,577,1098,1,0,11200,0,0,0,16154664,16154664,2965
147079,496,601,1098,1,0,11200,0,0,0,16155519,16155519,2965
147094,496,631,1098,1,0,11200,0,0,0,16156461,16156461,2965
147109,496,653,1098,1,0,11200,0,0,0,16157243,16157243,2965
147125,496,679,1098,1,0,11200,0,0,0,16158163,16158163,2965
147141,496,710,1098,1,0,11200,0,0,0,16159099,16159099,2965
147156,496,741,1098,1,0,11200,0,0,0,16159865,16159865,2965
147171,496,782,1098,1,0,11200,0,0,0,16160815,16160815,2965
147187,496,818,1098,1,0,11200,0,0,0,16161843,16161843,2965
147203,496,854,1098,1,0,11200,0,0,0,16162785,16162785,2965
147220,496,882,1098,1,0,11200,0,0,0,16163583,16163583,2965
147236,496,923,1098,1,0,11200,0,0,0,16164463,16164463,2965
147251,496,956,1098,1,0,11200,0,0,0,16165353,16165353,2965
147267,496,1001,1098,1,0,11200,0,0,0,16166358,16166358,2965
147283,496,1046,1098,1,0,11200,0,0,0,16167265,16167265,2965
147298,497,1079,1098,1,0,11200,0,0,0,16168294,16168294,2965
147313,497,8,1098,1,0,11200,0,0,0,16169356,16169356,2965
147329,497,25,1098,1,0,11200,0,0,0,16170256,16170256,2965
147344,497,105,1098,1,0,11200,0,0,0,16171434,16171434,2965
147359,497,129,1098,1,0,11200,0,0,0,16172600,16172600,2965
147375,497,157,1098,1,0,11200,0,0,0,16173773,16173773,2965
147390,497,185,1098,1,0,11200,0,0,0,16174790,16174790,2965
147406,497,213,1098,1,0,11200,0,0,0,16175966,16175966,2965
147422,497,231,1098,1,0,11200,0,0,0,16176977,16176977,2965
147438,497,257,1098,1,0,11200,0,0,0,16178026,16178026,2965
147455,497,291,1098,1,0,11200,0,0,0,16179225,16179225,2965
147471,497,314,1098,1,0,11200,0,0,0,16180219,16180219,2965
147487,497,348,1098,1,0,11200,0,0,0,16181248,16181248,2965
147503,497,379,1098,1,0,11200,0,0,0,16182408,16182408,2965
147518,497,418,1098,1,0,11200,0,0,0,16183447,16183447,2965
147534,497,448,1098,1,0,11200,0,0,0,16184427,16184427,2965
147549,497,496,1098,1,0,11200,0,0,0,16185460,16185460,2965
147565,497,524,1098,1,0,11200,0,0,0,16186445,16186445,2965
147582,497,549,1098,1,0,11200,0,0,0,16187435,16187435,2965
147597,497,583,1098,1,0,11200,0,0,0,16188412,16188412,2965
147613,497,606,1098,1,0,11200,0,0,0,16189316,16189316,2965
147629,497,636,1098,1,0,11200,0,0,0,16190152,16190152,2965
147644,497,676,1098,1,0,11200,0,0,0,16191137,16191137,2965
147659,497,710,1098,1,0,11200,0,0,0,16192100,16192100,2965
147677,497,732,1098,1,0,11200,0,0,0,16192991,16192991,2965
147693,497,763,1098,1,0,11200,0,0,0,16193956,16193956,2965
147708,497,795,1098,1,0,11200,0,0,0,16194938,16194938,2965
147723,497,837,1098,1,0,11200,0,0,0,16195929,16195929,2965
147765,497,882,1098,1,0,11200,0,0,0,16196805,16196805,2965
147781,497,919,1098,1,0,11200,0,0,0,16197823,16197823,2965
147797,497,956,1098,1,0,11200,0,0,0,16198712,16198712,2965
147813,497,988,1098,1,0,11200,0,0,0,16199826,16199826,2965
147828,497,1021,1098,1,0,11200,0,0,0,16200714,16200714,2965
147844,497,1050,1098,1,0,11200,0,0,0,16201702,16201702,2965
147860,498,1083,1098,1,0,11200,0,0,0,16202793,16202793,2965
147875,498,13,1098,0,0,11200,0,0,0,16203800,16203800,2965
147890,498,95,1098,0,0,11200,0,0,0,16204893,16204893,2965
147905,498,125,1098,0,0,11200,0,0,0,16206027,16206027,2965
147920,498,145,1098,0,0,11200,0,0,0,16207135,16207135,2965
147936,498,160,1098,0,0,11200,0,0,0,16208331,16208331,2965
147951,498,195,1098,0,0,11200,0,0,0,16209454,16209454,2965
147967,498,218,1098,0,0,11200,0,0,0,16210485,16210485,2965
147982,498,241,1098,0,0,11200,0,0,0,16211551,16211551,2965
147997,498,267,1098,0,0,11200,0,0,0,16212670,16212670,2965
148013,498,297,1098,0,0,11200,0,0,0,16213741,16213741,2965
148029,498,321,1098,0,0,11200,0,0,0,16214819,16214819,2965
148045,498,358,1098,0,0,11200,0,0,0,16215942,16215942,2965
148061,498,388,1098,0,0,11200,0,0,0,16217057,16217057,2965
148077,498,423,1098,0,0,11200,0,0,0,16217992,16217992,2965
148093,498,463,1098,0,0,11200,0,0,0,16218917,16218917,2965
148109,498,497,1098,0,0,11200,0,0,0,16219839,16219839,2965
148124,498,521,1098,0,0,11200,0,0,0,16220878,16220878,2965
148139,498,556,1098,0,0,11200,0,0,0,16221859,16221859,2965
148155,498,590,1098,0,0,11200,0,0,0,16222906,16222906,2965
148171,498,610,1098,0,0,11200,0,0,0,16223711,16223711,2965
148186,498,647,1098,0,0,11200,0,0,0,16224696,16224696,2965
148202,498,677,1098,0,0,11200,0,0,0,16225525,16225525,2965
148218,498,714,1098,0,0,11200,0,0,0,16226396,16226396,2965
148233,498,740,1098,0,0,11200,0,0,0,16227189,16227189,2965
148249,498,774,1098,0,0,11200,0,0,0,16228121,16228121,2965
148265,498,801,1098,0,0,11200,0,0,0,16229063,16229063,2965
148280,498,837,1098,0,0,11200,0,0,0,16230104,16230104,2965
148298,498,882,1098,0,0,11200,0,0,0,16230843,16230843,2965
148313,498,926,1098,0,0,11200,0,0,0,16231779,16231779,2965
148330,498,966,1098,0,0,11200,0,0,0,16232705,16232705,2965
148345,498,1009,1098,0,0,11200,0,0,0,16233684,16233684,2965
148361,498,1052,1098,0,0,11200,0,0,0,16234702,16234702,2965
148376,499,1083,1098,0,0,11200,0,0,0,16235707,16235707,2965
148391,499,12,1098,0,0,11200,0,0,0,16236841,16236841,2965
148407,499,59,1098,0,0,11200,0,0,0,16237893,16237893,2965
148422,499,120,1098,0,0,11200,0,0,0,16238983,16238983,2965
148437,499,147,1098,0,0,11200,0,0,0,16240049,16240049,2965
148453,499,169,1098,0,0,11200,0,0,0,16241118,16241118,2965
148468,499,193,1098,0,0,11200,0,0,0,16242268,16242268,2965
148484,499,223,1098,0,0,11200,0,0,0,16243390,16243390,2965
148499,499,243,1098,0,0,11200,0,0,0,16244405,16244405,2965
148515,499,265,1098,0,0,11200,0,0,0,16245534,16245534,2965
148530,499,301,1098,0,0,11200,0,0,0,16246655,16246655,2965
148545,499,328,1098,0,0,11200,0,0,0,16247602,16247602,2965
148561,499,367,1098,0,0,11200,0,0,0,16248782,16248782,2965
148576,499,394,1098,0,0,11200,0,0,0,16249813,16249813,2965
148593,499,433,1098,0,0,11200,0,0,0,16250896,16250896,2965
148609,499,456,1098,0,0,11200,0,0,0,16251880,16251880,2965
148624,499,497,1098,0,0,11200,0,0,0,16252797,16252797,2965
148640,499,524,1098,0,0,11200,0,0,0,16253859,16253859,2965
148655,499,555,1098,0,0,11200,0,0,0,16254851,16254851,2965
148671,499,581,1098,0,0,11200,0,0,0,16255817,16255817,2965
148688,499,602,1098,0,0,11200,0,0,0,16256683,16256683,2965
148703,499,631,1098,0,0,11200,0,0,0,16257594,16257594,2965
148718,499,645,1098,0,0,11200,0,0,0,16258320,16258320,2965
148735,499,678,1098,0,0,11200,0,0,0,16259301,16259301,2965
148750,499,700,1098,0,0,11200,0,0,0,16260088,16260088,2965
148765,499,732,1098,0,0,11200,0,0,0,16260819,16260819,2965
148781,499,763,1098,0,0,11200,0,0,0,16261853,16261853,2965
148796,499,799,1098,0,0,11200,0,0,0,16262837,16262837,2965
148813,499,829,1098,0,0,11200,0,0,0,16263902,16263902,2965
148828,499,860,1098,0,0,11200,0,0,0,16264748,16264748,2965
148843,499,911,1098,0,0,11200,0,0,0,16265679,16265679,2965
148858,499,944,1098,0,0,11200,0,0,0,16266668,16266668,2965
148873,499,986,1098,0,0,11200,0,0,0,16267612,16267612,2965
148889,499,1023,1098,0,0,11200,0,0,0,16268648,16268648,2965
148904,500,1062,1098,0,0,11200,0,0,0,16269664,16269664,2965
148920,500,1097,1098,0,0,11200,0,0,0,16270694,16270694,2965
148936,500,25,1098,0,0,11200,0,0,0,16272024,16272024,2965
148951,500,110,1098,0,0,11200,0,0,0,16273253,16273253,2965
148967,500,136,1098,0,0,11200,0,0,0,16274498,16274498,2965
148982,500,158,1098,0,0,11200,0,0,0,16275619,16275619,2965
148997,500,185,1098,0,0,11200,0,0,0,16276662,16276662,2965
149013,500,209,1098,0,0,11200,0,0,0,16277875,16277875,2965
149029,500,227,1098,0,0,11200,0,0,0,16279055,16279055,2965
149045,500,256,1098,0,0,11200,0,0,0,16280193,16280193,2965
149060,500,278,1098,0,0,11200,0,0,0,16281284,16281284,2965
149076,500,318,1098,0,0,11200,0,0,0,16282331,16282331,2965
149091,500,347,1098,0,0,11200,0,0,0,16283318,16283318,2965
149107,500,384,1098,0,0,11200,0,0,0,16284495,16284495,2965
149123,500,436,1098,0,0,11200,0,0,0,16285507,16285507,2965
149138,500,463,1098,0,0,11200,0,0,0,16286494,16286494,2965
149153,500,503,1098,0,0,11200,0,0,0,16287437,16287437,2965
149168,500,527,1098,0,0,11200,0,0,0,16288522,16288522,2965
149184,500,555,1098,0,0,11200,0,0,0,16289544,16289544,2965
149201,500,583,1098,0,0,11200,0,0,0,16290559,16290559,2965
149216,500,606,1098,0,0,11200,0,0,0,16291428,16291428,2965
149232,500,645,1098,0,0,11200,0,0,0,16292419,16292419,2965
149248,500,677,1098,0,0,11200,0,0,0,16293273,16293273,2965
149263,500,702,1098,0,0,11200,0,0,0,16294006,16294006,2965
149279,500,730,1098,0,0,11200,0,0,0,16294915,16294915,2965
149296,500,762,1098,0,0,11200,0,0,0,16295881,16295881,2965
149312,500,783,1098,0,0,11200,0,0,0,16296642,16296642,2965
149327,500,818,1098,0,0,11200,0,0,0,16297596,16297596,2965
149342,500,851,1098,0,0,11200,0,0,0,16298491,16298491,2965
149362,500,882,1098,0,0,11200,0,0,0,16299198,16299198,2965
149377,500,931,1098,0,0,11200,0,0,0,16300179,16300179,2965
149392,500,962,1098,0,0,11200,0,0,0,16301123,16301123,2965
149408,500,997,1098,0,0,11200,0,0,0,16302156,16302156,2965
149424,500,1029,1098,0,0,11200,0,0,0,16303117,16303117,2965
149439,501,1068,1098,0,0,11200,0,0,0,16304129,16304129,2965
149455,501,1093,1098,0,0,11200,0,0,0,16304967,16304967,2965
149471,501,16,1098,0,0,11200,0,0,0,16306130,16306130,2965
149487,501,107,1098,0,0,11200,0,0,0,16307454,16307454,2965
149502,501,133,1098,0,0,11200,0,0,0,16308567,16308567,2965
149518,501,157,1098,0,0,11200,0,0,0,16309734,16309734,2965
149533,501,185,1098,0,0,11200,0,0,0,16310854,16310854,2965
149549,501,216,1098,0,0,11200,0,0,0,16312072,16312072,2965
149564,501,244,1098,0,0,11200,0,0,0,16313159,16313159,2965
149579,501,266,1098,0,0,11200,0,0,0,16314222,16314222,2965
149595,501,292,1098,0,0,11200,0,0,0,16315430,16315430,2965
149611,501,321,1098,0,0,11200,0,0,0,16316348,16316348,2965
149627,501,360,1098,0,0,11200,0,0,0,16317510,16317510,2965
149642,501,389,1098,0,0,11200,0,0,0,16318565,16318565,2965
149657,501,430,1098,0,0,11200,0,0,0,16319528,16319528,2965
149673,501,469,1098,0,0,11200,0,0,0,16320507,16320507,2965
149689,501,497,1098,0,0,11200,0,0,0,16321491,16321491,2965
149704,501,524,1098,0,0,11200,0,0,0,16322561,16322561,2965
149720,501,561,1098,0,0,11200,0,0,0,16323604,16323604,2965
149736,501,594,1098,0,0,11200,0,0,0,16324518,16324518,2965
149752,501,618,1098,0,0,11200,0,0,0,16325445,16325445,2965
149768,501,651,1098,0,0,11200,0,0,0,16326342,16326342,2965
149783,501,683,1098,0,0,11200,0,0,0,16327215,16327215,2965
149800,501,710,1098,0,0,11200,0,0,0,16328055,16328055,2965
149815,501,748,1098,0,0,11200,0,0,0,16329059,16329059,2965
149831,501,783,1098,0,0,11200,0,0,0,16330084,16330084,2965
149847,501,813,1098,0,0,11200,0,0,0,16331054,16331054,2965
149862,501,852,1098,0,0,11200,0,0,0,16331990,16331990,2965
149884,501,882,1098,0,0,11200,0,0,0,16332568,16332568,2965
149899,501,928,1098,0,0,11200,0,0,0,16333472,16333472,2965
149915,501,966,1098,0,0,11200,0,0,0,16334461,16334461,2965
149930,501,1002,1098,0,0,11200,0,0,0,16335537,16335537,2965
149946,501,1046,1098,0,0,11200,0,0,0,16336532,16336532,2965
149962,502,1080,1098,0,0,11200,0,0,0,16337571,16337571,2965
149977,502,13,1098,0,0,11200,0,0,0,16338713,16338713,2965
149993,502,103,1098,0,0,11200,0,0,0,16339931,16339931,2965
150008,502,122,1098,0,0,11200,0,0,0,16341256,16341256,2965
150023,502,149,1098,0,0,11200,0,0,0,16342362,16342362,2965
150039,502,165,1098,0,0,11200,0,0,0,16343483,16343483,2965
150054,502,200,1098,0,0,11200,0,0,0,16344609,16344609,2965
150071,502,223,1098,0,0,11200,0,0,0,16345699,16345699,2965
150087,502,246,1098,0,0,11200,0,0,0,16346844,16346844,2965
150102,502,268,1098,0,0,11200,0,0,0,16347949,16347949,2965
150119,502,305,1098,0,0,11200,0,0,0,16349085,16349085,2965
150135,502,344,1098,0,0,11200,0,0,0,16350068,16350068,2965
150151,502,375,1098,0,0,11200,0,0,0,16351230,16351230,2965
150167,502,399,1098,0,0,11200,0,0,0,16352151,16352151,2965
150182,502,440,1098,0,0,11200,0,0,0,16353137,16353137,2965
150198,502,469,1098,0,0,11200,0,0,0,16354189,16354189,2965
150214,502,506,1098,0,0,11200,0,0,0,16355088,16355088,2965
150230,502,535,1098,0,0,11200,0,0,0,16356188,16356188,2965
150245,502,566,1098,0,0,11200,0,0,0,16357078,16357078,2965
150261,502,593,1098,0,0,11200,0,0,0,16358124,16358124,2965
150277,502,619,1098,0,0,11200,0,0,0,16358977,16358977,2965
150292,502,651,1098,0,0,11200,0,0,0,16359803,16359803,2965
150307,502,681,1098,0,0,11200,0,0,0,16360669,16360669,2965
150322,502,702,1098,0,0,11200,0,0,0,16361454,16361454,2965
150338,502,730,1098,0,0,11200,0,0,0,16362356,16362356,2965
150355,502,750,1098,0,0,11200,0,0,0,16363203,16363203,2965
150371,502,783,1098,0,0,11200,0,0,0,16364115,16364115,2965
150386,502,817,1098,0,0,11200,0,0,0,16365107,16365107,2965
150403,502,854,1098,0,0,11200,0,0,0,16366036,16366036,2965
150435,502,882,1098,0,0,11200,0,0,0,16366605,16366605,2965
150450,502,923,1098,0,0,11200,0,0,0,16367642,16367642,2965
150466,502,975,1098,0,0,11200,0,0,0,16368648,16368648,2965
150482,502,1013,1098,0,0,11200,0,0,0,16369682,16369682,2965
150497,502,1056,1098,0,0,11200,0,0,0,16370607,16370607,2965
150513,503,2,1098,0,0,11200,0,0,0,16371739,16371739,2965
150528,503,22,1098,0,0,11200,0,0,0,16372857,16372857,2965
150544,503,104,1098,0,0,11200,0,0,0,16374139,16374139,2965
150560,503,129,1098,0,0,11200,0,0,0,16375352,16375352,2965
150576,503,148,1098,0,0,11200,0,0,0,16376527,16376527,2965
150592,503,166,1098,0,0,11200,0,0,0,16377617,16377617,2965
150607,503,211,1098,0,0,11200,0,0,0,16378768,16378768,2965
150623,503,229,1098,0,0,11200,0,0,0,16379837,16379837,2965
150638,503,260,1098,0,0,11200,0,0,0,16380929,16380929,2965
150653,503,290,1098,0,0,11200,0,0,0,16382077,16382077,2965
150669,503,308,1098,0,0,11200,0,0,0,16383053,16383053,2965
150685,503,346,1098,0,0,11200,0,0,0,16384180,16384180,2965
150700,503,379,1098,0,0,11200,0,0,0,16385283,16385283,2965
150716,503,418,1098,0,0,11200,0,0,0,16386318,16386318,2965
150731,503,443,1098,0,0,11200,0,0,0,16387256,16387256,2965
150747,503,477,1098,0,0,11200,0,0,0,16388304,16388304,2965
150763,503,519,1098,0,0,11200,0,0,0,16389294,16389294,2965
150778,503,541,1098,0,0,11200,0,0,0,16390257,16390257,2965
150794,503,581,1098,0,0,11200,0,0,0,16391245,16391245,2965
150809,503,601,1098,0,0,11200,0,0,0,16392079,16392079,2965
150827,503,636,1098,0,0,11200,0,0,0,16393073,16393073,2965
150844,503,662,1098,0,0,11200,0,0,0,16394007,16394007,2965
150859,503,691,1098,0,0,11200,0,0,0,16394762,16394762,2965
150874,503,716,1098,0,0,11200,0,0,0,16395591,16395591,2965
150889,503,753,1098,0,0,11200,0,0,0,16396519,16396519,2965
150904,503,792,1098,0,0,11200,0,0,0,16397508,16397508,2965
150920,503,816,1098,0,0,11200,0,0,0,16398503,16398503,2965
150936,503,854,1098,0,0,11200,0,0,0,16399547,16399547,2965
150957,503,882,1098,0,0,11200,0,0,0,16400236,16400236,2965
150973,503,916,1098,0,0,11200,0,0,0,16401269,16401269,2965
150988,503,952,1098,0,0,11200,0,0,0,16402236,16402236,2965
151003,503,994,1098,0,0,11200,0,0,0,16403322,16403322,2965
151019,503,1026,1098,0,0,11200,0,0,0,16404358,16404358,2965
151036,503,1055,1098,0,0,11200,0,0,0,16405367,16405367,2965
151051,504,1083,1098,0,0,11200,0,0,0,16406354,16406354,2965
151066,504,16,1098,0,0,11200,0,0,0,16407512,16407512,2965
151082,504,95,1098,0,0,11200,0,0,0,16408641,16408641,2965
151097,504,121,1098,0,0,11200,0,0,0,16409834,16409834,2965
151113,504,142,1098,0,0,11200,0,0,0,16411023,16411023,2965
151128,504,161,1098,0,0,11200,0,0,0,16412066,16412066,2965
151143,504,189,1098,0,0,11200,0,0,0,16413189,16413189,2965
151160,504,216,1098,0,0,11200,0,0,0,16414335,16414335,2965
151175,504,245,1098,0,0,11200,0,0,0,16415497,16415497,2965
151191,504,268,1098,0,0,11200,0,0,0,16416633,16416633,2965
151206,504,292,1098,0,0,11200,0,0,0,16417607,16417607,2965
151221,504,329,1098,0,0,11200,0,0,0,16418553,16418553,2965
151236,504,368,1098,0,0,11200,0,0,0,16419713,16419713,2965
151253,504,405,1098,0,0,11200,0,0,0,16420778,16420778,2965
151269,504,435,1098,0,0,11200,0,0,0,16421735,16421735,2965
151284,504,460,1098,0,0,11200,0,0,0,16422755,16422755,2965
151299,504,503,1098,0,0,11200,0,0,0,16423683,16423683,2965
151316,504,535,1098,0,0,11200,0,0,0,16424849,16424849,2965
151331,504,563,1098,0,0,11200,0,0,0,16425766,16425766,2965
151347,504,598,1098,0,0,11200,0,0,0,16426739,16426739,2965
151363,504,619,1098,0,0,11200,0,0,0,16427678,16427678,2965
151379,504,668,1098,0,0,11200,0,0,0,16428520,16428520,2965
151394,504,697,1098,0,0,11200,0,0,0,16429402,16429402,2965
151411,504,733,1098,0,0,11200,0,0,0,16430435,16430435,2965
151426,504,763,1098,0,0,11200,0,0,0,16431392,16431392,2965
151442,504,811,1098,0,0,11200,0,0,0,16432414,16432414,2965
151457,504,837,1098,0,0,11200,0,0,0,16433342,16433342,2965
151474,504,880,1098,0,0,11200,0,0,0,16434328,16434328,2965
151490,504,892,1098,0,0,11200,0,0,0,16434681,16434681,2965
151506,504,932,1098,0,0,11200,0,0,0,16435665,16435665,2965
151521,504,975,1098,0,0,11200,0,0,0,16436677,16436677,2965
151536,504,1009,1098,0,0,11200,0,0,0,16437637,16437637,2965
151552,504,1042,1098,0,0,11200,0,0,0,16438492,16438492,2965
151567,505,1073,1098,0,0,11200,0,0,0,16439474,16439474,2965
151582,505,5,1098,0,0,11200,0,0,0,16440534,16440534,2965
151598,505,28,1098,0,0,11200,0,0,0,16441732,16441732,2965
151614,505,110,1098,0,0,11200,0,0,0,16443045,16443045,2965
151630,505,131,1098,0,0,11200,0,0,0,16444374,16444374,2965
151645,505,154,1098,0,0,11200,0,0,0,16445551,16445551,2965
151661,505,187,1098,0,0,11200,0,0,0,16446758,16446758,2965
151676,505,214,1098,0,0,11200,0,0,0,16447959,16447959,2965
151691,505,234,1098,0,0,11200,0,0,0,16448908,16448908,2965
151707,505,269,1098,0,0,11200,0,0,0,16450182,16450182,2965
151723,505,301,1098,0,0,11200,0,0,0,16451186,16451186,2965
151738,505,341,1098,0,0,11200,0,0,0,16452198,16452198,2965
151754,505,375,1098,0,0,11200,0,0,0,16453368,16453368,2965
151770,505,399,1098,0,0,11200,0,0,0,16454358,16454358,2965
151785,505,430,1098,0,0,11200,0,0,0,16455212,16455212,2965
151801,505,469,1098,0,0,11200,0,0,0,16456169,16456169,2965
151817,505,506,1098,0,0,11200,0,0,0,16457100,16457100,2965
151833,505,535,1098,0,0,11200,0,0,0,16458165,16458165,2965
151848,505,569,1098,0,0,11200,0,0,0,16459165,16459165,2965
151864,505,595,1098,0,0,11200,0,0,0,16460016,16460016,2965
151880,505,618,1098,0,0,11200,0,0,0,16460994,16460994,2965
151895,505,654,1098,0,0,11200,0,0,0,16461870,16461870,2965
151911,505,689,1098,0,0,11200,0,0,0,16462713,16462713,2965
151926,505,713,1098,0,0,11200,0,0,0,16463486,16463486,2965
151942,505,741,1098,0,0,11200,0,0,0,16464348,16464348,2965
151957,505,771,1098,0,0,11200,0,0,0,16465258,16465258,2965
151974,505,801,1098,0,0,11200,0,0,0,16466331,16466331,2965
151990,505,845,1098,0,0,11200,0,0,0,16467320,16467320,2965
152006,505,882,1098,0,0,11200,0,0,0,16468002,16468002,2965
152022,505,917,1098,0,0,11200,0,0,0,16469039,16469039,2965
152037,505,952,1098,0,0,11200,0,0,0,16470043,16470043,2965
152053,505,986,1098,0,0,11200,0,0,0,16471099,16471099,2965
152069,505,1022,1098,0,0,11200,0,0,0,16472092,16472092,2965
152084,506,1068,1098,0,0,11200,0,0,0,16473103,16473103,2965
152101,506,4,1098,0,0,11200,0,0,0,16474281,16474281,2965
152117,506,28,1098,0,0,11200,0,0,0,16475523,16475523,2965
152132,506,112,1098,0,0,11200,0,0,0,16476779,16476779,2965
152147,506,133,1098,0,0,11200,0,0,0,16477968,16477968,2965
152162,506,152,1098,0,0,11200,0,0,0,16479043,16479043,2965
152178,506,188,1098,0,0,11200,0,0,0,16480253,16480253,2965
152193,506,214,1098,0,0,11200,0,0,0,16481357,16481357,2965
152208,506,237,1098,0,0,11200,0,0,0,16482350,16482350,2965
152224,506,265,1098,0,0,11200,0,0,0,16483564,16483564,2965
152240,506,303,1098,0,0,11200,0,0,0,16484669,16484669,2965
152255,506,325,1098,0,0,11200,0,0,0,16485623,16485623,2965
152270,506,364,1098,0,0,11200,0,0,0,16486714,16486714,2965
152286,506,391,1098,0,0,11200,0,0,0,16487740,16487740,2965
152302,506,435,1098,0,0,11200,0,0,0,16488753,16488753,2965
152317,506,457,1098,0,0,11200,0,0,0,16489719,16489719,2965
152336,506,490,1098,0,0,11200,0,0,0,16490745,16490745,2965
152352,506,521,1098,0,0,11200,0,0,0,16491846,16491846,2965
152368,506,553,1098,0,0,11200,0,0,0,16492822,16492822,2965
152384,506,581,1098,0,0,11200,0,0,0,16493863,16493863,2965
152399,506,606,1098,0,0,11200,0,0,0,16494750,16494750,2965
152415,506,644,1098,0,0,11200,0,0,0,16495690,16495690,2965
152430,506,670,1098,0,0,11200,0,0,0,16496638,16496638,2965
152446,506,708,1098,0,0,11200,0,0,0,16497565,16497565,2965
152461,506,738,1098,0,0,11200,0,0,0,16498381,16498381,2965
152476,506,769,1098,0,0,11200,0,0,0,16499304,16499304,2965
152491,506,801,1098,0,0,11200,0,0,0,16500291,16500291,2965
152508,506,849,1098,0,0,11200,0,0,0,16501364,16501364,2965
152545,506,882,1098,0,0,11200,0,0,0,16502180,16502180,2965
152561,506,920,1098,0,0,11200,0,0,0,16503250,16503250,2965
152576,506,962,1098,0,0,11200,0,0,0,16504226,16504226,2965
152592,506,994,1098,0,0,11200,0,0,0,16505224,16505224,2965
152607,506,1018,1098,0,0,11200,0,0,0,16506098,16506098,2965
152622,506,1049,1098,0,0,11200,0,0,0,16507047,16507047,2965
152638,507,1083,1098,0,0,11200,0,0,0,16507996,16507996,2965
152654,507,12,1098,0,0,11200,0,0,0,16509039,16509039,2965
152669,507,31,1098,0,0,11200,0,0,0,16510220,16510220,2965
152685,507,115,1098,0,0,11200,0,0,0,16511423,16511423,2965
152701,507,141,1098,0,0,11200,0,0,0,16512686,16512686,2965
152717,507,161,1098,0,0,11200,0,0,0,16513920,16513920,2965
152732,507,194,1098,0,0,11200,0,0,0,16515091,16515091,2965
152748,507,214,1098,0,0,11200,0,0,0,16516151,16516151,2965
152764,507,237,1098,0,0,11200,0,0,0,16517156,16517156,2965
152779,507,269,1098,0,0,11200,0,0,0,16518277,16518277,2965
152794,507,305,1098,0,0,11200,0,0,0,16519288,16519288,2965
152810,507,328,1098,0,0,11200,0,0,0,16520246,16520246,2965
152825,507,375,1098,0,0,11200,0,0,0,16521335,16521335,2965
152841,507,403,1098,0,0,11200,0,0,0,16522284,16522284,2965
152856,507,444,1098,0,0,11200,0,0,0,16523290,16523290,2965
152872,507,489,1098,0,0,11200,0,0,0,16524328,16524328,2965
152887,507,516,1098,0,0,11200,0,0,0,16525227,16525227,2965
152903,507,551,1098,0,0,11200,0,0,0,16526227,16526227,2965
152918,507,583,1098,0,0,11200,0,0,0,16527097,16527097,2965
152933,507,603,1098,0,0,11200,0,0,0,16527936,16527936,2965
152949,507,640,1098,0,0,11200,0,0,0,16528860,16528860,2965
152965,507,664,1098,0,0,11200,0,0,0,16529850,16529850,2965
152981,507,696,1098,0,0,11200,0,0,0,16530782,16530782,2965
152997,507,730,1098,0,0,11200,0,0,0,16531607,16531607,2965
153012,507,762,1098,0,0,11200,0,0,0,16532523,16532523,2965
153027,507,786,1098,0,0,11200,0,0,0,16533427,16533427,2965
153043,507,815,1098,0,0,11200,0,0,0,16534444,16534444,2965
153058,507,854,1098,0,0,11200,0,0,0,16535299,16535299,2965
153089,507,882,1098,0,0,11200,0,0,0,16535938,16535938,2965
153104,507,916,1098,0,0,11200,0,0,0,16536841,16536841,2965
153120,507,971,1098,0,0,11200,0,0,0,16537903,16537903,2965
153135,507,1003,1098,0,0,11200,0,0,0,16538932,16538932,2965
153151,507,1032,1098,0,0,11200,0,0,0,16539862,16539862,2965
153167,508,1073,1098,0,0,11200,0,0,0,16540923,16540923,2965
153182,508,4,1098,0,0,11200,0,0,0,16541953,16541953,2965
153197,508,26,1098,0,0,11200,0,0,0,16543074,16543074,2965
153212,508,118,1098,0,0,11200,0,0,0,16544256,16544256,2965
153229,508,141,1098,0,0,11200,0,0,0,16545602,16545602,2965
153244,508,164,1098,0,0,11200,0,0,0,16546788,16546788,2965
153259,508,189,1098,0,0,11200,0,0,0,16547855,16547855,2965
153275,508,216,1098,0,0,11200,0,0,0,16548923,16548923,2965
153290,508,234,1098,0,0,11200,0,0,0,16549948,16549948,2965
153306,508,260,1098,0,0,11200,0,0,0,16551064,16551064,2965
153322,508,283,1098,0,0,11200,0,0,0,16552266,16552266,2965
153337,508,309,1098,0,0,11200,0,0,0,16553243,16553243,2965
153353,508,349,1098,0,0,11200,0,0,0,16554256,16554256,2965
153368,508,380,1098,0,0,11200,0,0,0,16555282,16555282,2965
153385,508,423,1098,0,0,11200,0,0,0,16556359,16556359,2965
153400,508,445,1098,0,0,11200,0,0,0,16557317,16557317,2965
153416,508,489,1098,0,0,11200,0,0,0,16558314,16558314,2965
153431,508,519,1098,0,0,11200,0,0,0,16559248,16559248,2965
153446,508,553,1098,0,0,11200,0,0,0,16560370,16560370,2965
153462,508,588,1098,0,0,11200,0,0,0,16561390,16561390,2965
153478,508,612,1098,0,0,11200,0,0,0,16562267,16562267,2965
153494,508,644,1098,0,0,11200,0,0,0,16563115,16563115,2965
153510,508,675,1098,0,0,11200,0,0,0,16564036,16564036,2965
153526,508,699,1098,0,0,11200,0,0,0,16564985,16564985,2965
153541,508,728,1098,0,0,11200,0,0,0,16566023,16566023,2965
153558,508,763,1098,0,0,11200,0,0,0,16567012,16567012,2965
153574,508,798,1098,0,0,11200,0,0,0,16567947,16567947,2965
153589,508,840,1098,0,0,11200,0,0,0,16568887,16568887,2965
153605,508,878,1098,0,0,11200,0,0,0,16569894,16569894,2965
153622,508,901,1098,0,0,11200,0,0,0,16570478,16570478,2965
153637,508,932,1098,0,0,11200,0,0,0,16571466,16571466,2965
153653,508,979,1098,0,0,11200,0,0,0,16572458,16572458,2965
153668,508,1013,1098,0,0,11200,0,0,0,16573356,16573356,2965
153683,508,1054,1098,0,0,11200,0,0,0,16574360,16574360,2965
153698,509,1087,1098,0,0,11200,0,0,0,16575389,16575389,2965
153714,509,19,1098,0,0,11200,0,0,0,16576609,16576609,2965
153730,509,110,1098,0,0,11200,0,0,0,16577801,16577801,2965
153745,509,131,1098,0,0,11200,0,0,0,16578928,16578928,2965
153761,509,157,1098,0,0,11200,0,0,0,16580084,16580084,2965
153776,509,186,1098,0,0,11200,0,0,0,16581189,16581189,2965
153792,509,212,1098,0,0,11200,0,0,0,16582345,16582345,2965
153807,509,232,1098,0,0,11200,0,0,0,16583323,16583323,2965
153822,509,251,1098,0,0,11200,0,0,0,16584351,16584351,2965
153837,509,303,1098,0,0,11200,0,0,0,16586082,16586082,2965
153853,509,376,1098,0,0,11200,0,0,0,16588137,16588137,2965
153868,509,441,1098,0,0,11200,0,0,0,16590159,16590159,2965
153886,509,497,1098,0,0,11200,0,0,0,16591822,16591822,2965
153901,509,556,1098,0,0,11200,0,0,0,16593895,16593895,2965
153917,509,601,1098,0,0,11200,0,0,0,16595424,16595424,2965
153932,509,651,1098,0,0,11200,0,0,0,16597017,16597017,2965
153947,509,699,1098,0,0,11200,0,0,0,16598676,16598676,2965
153963,509,724,1098,0,0,11200,0,0,0,16599407,16599407,2965
153978,509,775,1098,0,0,11200,0,0,0,16601243,16601243,2965
153993,509,850,1098,0,0,11200,0,0,0,16603122,16603122,2965
154019,509,882,1098,0,0,11200,0,0,0,16603832,16603832,2965
154035,509,963,1098,0,0,11200,0,0,0,16605869,16605869,2965
154051,509,1053,1098,0,0,11200,0,0,0,16607855,16607855,2965
154066,510,13,1098,0,0,11200,0,0,0,16609911,16609911,2965
154081,510,125,1098,0,0,11200,0,0,0,16612270,16612270,2965
154096,510,174,1098,0,0,11200,0,0,0,16614431,16614431,2965
154112,510,227,1098,0,0,11200,0,0,0,16616526,16616526,2965
154128,510,276,1098,0,0,11200,0,0,0,16618794,16618794,2965
154143,510,346,1098,0,0,11200,0,0,0,16620957,16620957,2965
154159,510,418,1098,0,0,11200,0,0,0,16623057,16623057,2965
154175,510,473,1098,0,0,11200,0,0,0,16624996,16624996,2965
154190,510,542,1098,0,0,11200,0,0,0,16627152,16627152,2965
154207,510,594,1098,0,0,11200,0,0,0,16628935,16628935,2965
154222,510,649,1098,0,0,11200,0,0,0,16630599,16630599,2965
154241,510,710,1098,0,0,11200,0,0,0,16632466,16632466,2965
154256,510,771,1098,0,0,11200,0,0,0,16634164,16634164,2965
154271,510,845,1098,0,0,11200,0,0,0,16636114,16636114,2965
154296,510,882,1098,0,0,11200,0,0,0,16637063,16637063,2965
154311,510,965,1098,0,0,11200,0,0,0,16639126,16639126,2965
154326,510,1048,1098,0,0,11200,0,0,0,16641094,16641094,2965
154341,511,11,1098,0,0,11200,0,0,0,16643301,16643301,2965
154356,511,122,1098,0,0,11200,0,0,0,16645703,16645703,2965
154371,511,165,1098,0,0,11200,0,0,0,16647982,16647982,2965
154387,511,230,1098,0,0,11200,0,0,0,16650312,16650312,2965
154403,511,300,1098,0,0,11200,0,0,0,16652693,16652693,2965
154418,511,355,1098,0,0,11200,0,0,0,16654662,16654662,2965
154433,511,446,1098,0,0,11200,0,0,0,16656917,16656917,2965
154448,511,509,1098,0,0,11200,0,0,0,16658548,16658548,2965
154463,511,580,1098,0,0,11200,0,0,0,16660560,16660560,2965
154479,511,644,1098,0,0,11200,0,0,0,16662329,16662329,2965
154494,511,702,1098,0,0,11200,0,0,0,16664022,16664022,2965
154510,511,750,1098,0,0,11200,0,0,0,16665496,16665496,2965
154525,511,808,1098,0,0,11200,0,0,0,16667426,16667426,2965
154541,511,860,1098,0,0,11200,0,0,0,16669239,16669239,2965
154560,511,882,1098,0,0,11200,0,0,0,16669593,16669593,2965
154576,511,956,1098,0,0,11200,0,0,0,16671635,16671635,2965
154592,511,1027,1098,0,0,11200,0,0,0,16673468,16673468,2965
154608,512,1079,1098,0,0,11200,0,0,0,16675203,16675203,2965
154623,512,23,1098,0,0,11200,0,0,0,16677031,16677031,2965
154639,512,136,1098,0,0,11200,0,0,0,16679545,16679545,2965
154654,512,186,1098,0,0,11200,0,0,0,16681620,16681620,2965
154669,512,245,1098,0,0,11200,0,0,0,16683757,16683757,2965
154684,512,300,1098,0,0,11200,0,0,0,16686072,16686072,2965
154699,512,361,1098,0,0,11200,0,0,0,16688278,16688278,2965
154714,512,434,1098,0,0,11200,0,0,0,16690431,16690431,2965
154729,512,488,1098,0,0,11200,0,0,0,16692206,16692206,2965
154745,512,540,1098,0,0,11200,0,0,0,16694212,16694212,2965
154760,512,593,1098,0,0,11200,0,0,0,16695918,16695918,2965
154777,512,636,1098,0,0,11200,0,0,0,16697499,16697499,2965
154792,512,696,1098,0,0,11200,0,0,0,16699359,16699359,2965
154807,512,754,1098,0,0,11200,0,0,0,16700753,16700753,2965
154823,512,812,1098,0,0,11200,0,0,0,16702481,16702481,2965
154838,512,866,1098,0,0,11200,0,0,0,16704069,16704069,2965
154853,512,913,1098,0,0,11200,0,0,0,16705259,16705259,2965
154868,512,988,1098,0,0,11200,0,0,0,16707162,16707162,2965
154884,512,1054,1099,1,0,11200,0,0,0,16708685,16708685,2965
154899,513,9,1099,1,0,11200,0,0,0,16710449,16710449,2965
154915,513,114,1099,1,0,11200,0,0,0,16712848,16712848,2965
154930,513,163,1099,1,0,11200,0,0,0,16715325,16715325,2965
154945,513,219,1099,1,0,11200,0,0,0,16717461,16717461,2965
154961,513,269,1099,1,0,11200,0,0,0,16719629,16719629,2965
154976,513,348,1099,1,0,11200,0,0,0,16721942,16721942,2965
154991,513,418,1099,1,0,11200,0,0,0,16724084,16724084,2965
155006,513,491,1099,1,0,11200,0,0,0,16726161,16726161,2965
155021,513,550,1099,1,0,11200,0,0,0,16728111,16728111,2965
155037,513,594,1099,1,0,11200,0,0,0,16729761,16729761,2965
155052,513,651,1099,1,0,11200,0,0,0,16731601,16731601,2965
155067,513,700,1099,1,0,11200,0,0,0,16732978,16732978,2965
155083,513,730,1099,1,0,11200,0,0,0,16734082,16734082,2965
155098,513,800,1099,1,0,11200,0,0,0,16735858,16735858,2965
155114,513,869,1099,1,0,11200,0,0,0,16737793,16737793,2965
155130,513,941,1099,1,0,11200,0,0,0,16739439,16739439,2965
155145,513,1021,1099,1,0,11200,0,0,0,16741552,16741552,2965
155162,514,1082,1099,1,0,11200,0,0,0,16743564,16743564,2965
155177,514,31,1099,1,0,11200,0,0,0,16745749,16745749,2965
155192,514,142,1099,1,0,11200,0,0,0,16748333,16748333,2965
155207,514,185,1099,1,0,11200,0,0,0,16750434,16750434,2965
155223,514,241,1099,1,0,11200,0,0,0,16752630,16752630,2965
155238,514,305,1099,1,0,11200,0,0,0,16754796,16754796,2965
155253,514,360,1099,1,0,11200,0,0,0,16756813,16756813,2965
155268,514,431,1099,1,0,11200,0,0,0,16759044,16759044,2965
155287,514,490,1099,1,0,11200,0,0,0,16760886,16760886,2965
155302,514,541,1099,1,0,11200,0,0,0,16762897,16762897,2965
155318,514,594,1099,1,0,11200,0,0,0,16764568,16764568,2965
155333,514,651,1099,1,0,11200,0,0,0,16766140,16766140,2965
155349,514,707,1099,1,0,11200,0,0,0,16767886,16767886,2965
155364,514,751,1099,1,0,11200,0,0,0,16769132,16769132,2965
155379,514,817,1099,1,0,11200,0,0,0,16771040,16771040,2965
155395,514,866,1099,1,0,11200,0,0,0,16772809,16772809,2965
155416,514,882,1099,1,0,11200,0,0,0,16773048,16773048,2965
155431,514,970,1099,1,0,11200,0,0,0,16775221,16775221,2965
155446,514,1034,1099,1,0,11200,0,0,0,16777131,16777131,2965
155461,515,1,1099,1,0,11200,0,0,0,16779014,16779014,2965
155477,515,113,1099,1,0,11200,0,0,0,16781486,16781486,2965
155492,515,151,1099,1,0,11200,0,0,0,16783622,16783622,2965
155507,515,213,1099,1,0,11200,0,0,0,16785771,16785771,2965
155522,515,267,1099,1,0,11200,0,0,0,16787909,16787909,2965
155537,515,329,1099,1,0,11200,0,0,0,16789717,16789717,2965
155552,515,408,1099,1,0,11200,0,0,0,16791962,16791962,2965
155568,515,474,1099,1,0,11200,0,0,0,16793955,16793955,2965
155583,515,534,1099,1,0,11200,0,0,0,16795738,16795738,2965
155598,515,585,1099,1,0,11200,0,0,0,16797431,16797431,2965
155613,515,636,1099,1,0,11200,0,0,0,16798788,16798788,2965
155629,515,697,1099,1,0,11200,0,0,0,16800549,16800549,2965
155644,515,750,1099,1,0,11200,0,0,0,16802028,16802028,2965
155659,515,817,1099,1,0,11200,0,0,0,16803841,16803841,2965
155693,515,882,1099,1,0,11200,0,0,0,16805360,16805360,2965
155708,515,959,1099,1,0,11200,0,0,0,16807482,16807482,2965
155723,515,1018,1099,1,0,11200,0,0,0,16809257,16809257,2965
155739,516,1078,1099,1,0,11200,0,0,0,16811089,16811089,2965
155754,516,101,1099,1,0,11200,0,0,0,16813311,16813311,2965
155769,516,148,1099,1,0,11200,0,0,0,16815825,16815825,2965
155784,516,199,1099,1,0,11200,0,0,0,16818088,16818088,2965
155799,516,248,1099,1,0,11200,0,0,0,16820243,16820243,2965
155815,516,304,1099,1,0,11200,0,0,0,16822479,16822479,2965
155830,516,379,1099,1,0,11200,0,0,0,16824608,16824608,2965
155845,516,458,1099,1,0,11200,0,0,0,16826714,16826714,2965
155861,516,508,1099,1,0,11200,0,0,0,16828008,16828008,2965
155876,516,573,1099,1,0,11200,0,0,0,16829967,16829967,2965
155891,516,619,1099,1,0,11200,0,0,0,16831594,16831594,2965
155906,516,677,1099,1,0,11200,0,0,0,16833165,16833165,2965
155924,516,710,1099,1,0,11200,0,0,0,16834383,16834383,2965
155939,516,763,1099,1,0,11200,0,0,0,16836031,16836031,2965
155955,516,832,1099,1,0,11200,0,0,0,16837984,16837984,2965
155985,516,882,1099,1,0,11200,0,0,0,16839114,16839114,2965
156000,516,979,1099,1,0,11200,0,0,0,16841122,16841122,2965
156016,516,1048,1099,1,0,11200,0,0,0,16843197,16843197,2965
156031,517,11,1099,1,0,11200,0,0,0,16845289,16845289,2965
156047,517,113,1099,1,0,11200,0,0,0,16847713,16847713,2965
156062,517,163,1099,1,0,11200,0,0,0,16850097,16850097,2965
156077,517,220,1099,1,0,11200,0,0,0,16852162,16852162,2965
156092,517,266,1099,1,0,11200,0,0,0,16854345,16854345,2965
156107,517,330,1099,1,0,11200,0,0,0,16856648,16856648,2965
156122,517,405,1099,1,0,11200,0,0,0,16858751,16858751,2965
156137,517,476,1099,1,0,11200,0,0,0,16860648,16860648,2965
156153,517,521,1099,1,0,11200,0,0,0,16862161,16862161,2965
156168,517,573,1099,1,0,11200,0,0,0,16863921,16863921,2965
156183,517,631,1099,1,0,11200,0,0,0,16865516,16865516,2965
156199,517,699,1099,1,0,11200,0,0,0,16867305,16867305,2965
156214,517,738,1099,1,0,11200,0,0,0,16868372,16868372,2965
156229,517,798,1099,1,0,11200,0,0,0,16870244,16870244,2965
156246,517,862,1099,1,0,11200,0,0,0,16872028,16872028,2965
156272,517,882,1099,1,0,11200,0,0,0,16872241,16872241,2965
156287,517,962,1099,1,0,11200,0,0,0,16874233,16874233,2965
156302,517,1028,1099,1,0,11200,0,0,0,16876048,16876048,2965
156317,518,1088,1099,1,0,11200,0,0,0,16877760,16877760,2965
156333,518,89,1099,1,0,11200,0,0,0,16880159,16880159,2965
156348,518,144,1099,1,0,11200,0,0,0,16882655,16882655,2965
156363,518,191,1099,1,0,11200,0,0,0,16884839,16884839,2965
156379,518,246,1099,1,0,11200,0,0,0,16886797,16886797,2965
156394,518,297,1099,1,0,11200,0,0,0,16889100,16889100,2965
156410,518,357,1099,1,0,11200,0,0,0,16891333,16891333,2965
156425,518,433,1099,1,0,11200,0,0,0,16893405,16893405,2965
156441,518,490,1099,1,0,11200,0,0,0,16894928,16894928,2965
156457,518,552,1099,1,0,11200,0,0,0,16896956,16896956,2965
156472,518,602,1099,1,0,11200,0,0,0,16898660,16898660,2965
156488,518,667,1099,1,0,11200,0,0,0,16900290,16900290,2965
156503,518,705,1099,1,0,11200,0,0,0,16901582,16901582,2965
156518,518,750,1099,1,0,11200,0,0,0,16902964,16902964,2965
156534,518,812,1099,1,0,11200,0,0,0,16904794,16904794,2965
156549,518,892,1099,1,0,11200,0,0,0,16906562,16906562,2965
156564,518,971,1099,1,0,11200,0,0,0,16908520,16908520,2965
156579,518,1027,1099,1,0,11200,0,0,0,16910416,16910416,2965
156596,519,1084,1099,1,0,11200,0,0,0,16912241,16912241,2965
156611,519,31,1099,0,0,11200,0,0,0,16914283,16914283,2965
156627,519,145,1099,0,0,11200,0,0,0,16916863,16916863,2965
156642,519,200,1099,0,0,11200,0,0,0,16918903,16918903,2965
156657,519,245,1099,0,0,11200,0,0,0,16920794,16920794,2965
156672,519,301,1099,0,0,11200,0,0,0,16923108,16923108,2965
156688,519,364,1099,0,0,11200,0,0,0,16925114,16925114,2965
156703,519,437,1099,0,0,11200,0,0,0,16927033,16927033,2965
156718,519,491,1099,0,0,11200,0,0,0,16928393,16928393,2965
156733,519,565,1099,0,0,11200,0,0,0,16930465,16930465,2965
156749,519,619,1099,0,0,11200,0,0,0,16932068,16932068,2965
156764,519,676,1099,0,0,11200,0,0,0,16933720,16933720,2965
156779,519,716,1099,0,0,11200,0,0,0,16934930,16934930,2965
156795,519,776,1099,0,0,11200,0,0,0,16936554,16936554,2965
156810,519,840,1099,0,0,11200,0,0,0,16938706,16938706,2965
156837,519,882,1099,0,0,11200,0,0,0,16939252,16939252,2965
156852,519,970,1099,0,0,11200,0,0,0,16941105,16941105,2965
156867,519,1034,1099,0,0,11200,0,0,0,16943083,16943083,2965
156882,520,1095,1099,0,0,11200,0,0,0,16944737,16944737,2965
156898,520,103,1099,0,0,11200,0,0,0,16947105,16947105,2965
156913,520,147,1099,0,0,11200,0,0,0,16949373,16949373,2965
156928,520,205,1099,0,0,11200,0,0,0,16951593,16951593,2965
156943,520,246,1099,0,0,11200,0,0,0,16953635,16953635,2965
156958,520,306,1099,0,0,11200,0,0,0,16955841,16955841,2965
156974,520,376,1099,0,0,11200,0,0,0,16958197,16958197,2965
156989,520,443,1099,0,0,11200,0,0,0,16960305,16960305,2965
157005,520,508,1099,0,0,11200,0,0,0,16962030,16962030,2965
157020,520,573,1099,0,0,11200,0,0,0,16963953,16963953,2965
157036,520,636,1099,0,0,11200,0,0,0,16965610,16965610,2965
157052,520,700,1099,0,0,11200,0,0,0,16967139,16967139,2965
157067,520,765,1099,0,0,11200,0,0,0,16968863,16968863,2965
157083,520,823,1099,0,0,11200,0,0,0,16971043,16971043,2965
157103,520,882,1099,0,0,11200,0,0,0,16972548,16972548,2965
157119,520,975,1099,0,0,11200,0,0,0,16974455,16974455,2965
157135,520,1053,1099,0,0,11200,0,0,0,16976339,16976339,2965
157150,521,11,1099,0,0,11200,0,0,0,16978489,16978489,2965
157165,521,118,1099,0,0,11200,0,0,0,16980983,16980983,2965
157180,521,161,1099,0,0,11200,0,0,0,16983222,16983222,2965
157196,521,215,1099,0,0,11200,0,0,0,16985509,16985509,2965
157211,521,263,1099,0,0,11200,0,0,0,16987606,16987606,2965
157227,521,341,1099,0,0,11200,0,0,0,16989940,16989940,2965
157242,521,401,1099,0,0,11200,0,0,0,16992038,16992038,2965
157259,521,490,1099,0,0,11200,0,0,0,16993917,16993917,2965
157274,521,537,1099,0,0,11200,0,0,0,16995870,16995870,2965
157289,521,602,1099,0,0,11200,0,0,0,16997602,16997602,2965
157304,521,662,1099,0,0,11200,0,0,0,16999419,16999419,2965
157319,521,691,1099,0,0,11200,0,0,0,17000667,17000667,2965
157335,521,763,1099,0,0,11200,0,0,0,17002608,17002608,2965
157351,521,851,1099,0,0,11200,0,0,0,17004377,17004377,2965
157366,521,933,1099,0,0,11200,0,0,0,17006176,17006176,2965
157381,521,1012,1099,0,0,11200,0,0,0,17008349,17008349,2965
157396,522,1073,1099,0,0,11200,0,0,0,17010309,17010309,2965
157411,522,24,1099,0,0,11200,0,0,0,17012548,17012548,2965
157427,522,136,1099,0,0,11200,0,0,0,17014873,17014873,2965
157442,522,186,1099,0,0,11200,0,0,0,17017073,17017073,2965
157458,522,234,1099,0,0,11200,0,0,0,17019316,17019316,2965
157474,522,291,1099,0,0,11200,0,0,0,17021665,17021665,2965
157490,522,360,1099,0,0,11200,0,0,0,17023814,17023814,2965
157505,522,429,1099,0,0,11200,0,0,0,17025958,17025958,2965
157521,522,485,1099,0,0,11200,0,0,0,17027544,17027544,2965
157536,522,533,1099,0,0,11200,0,0,0,17029237,17029237,2965
157551,522,594,1099,0,0,11200,0,0,0,17031007,17031007,2965
157566,522,647,1099,0,0,11200,0,0,0,17032672,17032672,2965
157581,522,712,1099,0,0,11200,0,0,0,17034562,17034562,2965
157597,522,774,1099,0,0,11200,0,0,0,17036516,17036516,2965
157612,522,838,1099,0,0,11200,0,0,0,17038533,17038533,2965
157643,522,882,1099,0,0,11200,0,0,0,17039829,17039829,2965
157658,522,956,1099,0,0,11200,0,0,0,17041784,17041784,2965
157673,522,1035,1099,0,0,11200,0,0,0,17043720,17043720,2965
157690,523,1094,1099,0,0,11200,0,0,0,17045335,17045335,2965
157705,523,104,1099,0,0,11200,0,0,0,17047656,17047656,2965
157721,523,147,1099,0,0,11200,0,0,0,17050006,17050006,2965
157736,523,207,1099,0,0,11200,0,0,0,17052302,17052302,2965
157752,523,252,1099,0,0,11200,0,0,0,17054414,17054414,2965
157768,523,321,1099,0,0,11200,0,0,0,17056682,17056682,2965
157783,523,378,1099,0,0,11200,0,0,0,17058811,17058811,2965
157799,523,445,1099,0,0,11200,0,0,0,17060931,17060931,2965
157814,523,515,1099,0,0,11200,0,0,0,17062829,17062829,2965
157829,523,575,1099,0,0,11200,0,0,0,17064754,17064754,2965
157845,523,632,1099,0,0,11200,0,0,0,17066330,17066330,2965
157861,523,697,1099,0,0,11200,0,0,0,17067996,17067996,2965
157878,523,732,1099,0,0,11200,0,0,0,17069186,17069186,2965
157893,523,789,1099,0,0,11200,0,0,0,17070826,17070826,2965
157908,523,854,1099,0,0,11200,0,0,0,17072777,17072777,2965
157935,523,882,1099,0,0,11200,0,0,0,17073292,17073292,2965
157950,523,972,1099,0,0,11200,0,0,0,17075231,17075231,2965
157965,523,1056,1099,0,0,11200,0,0,0,17077247,17077247,2965
157981,524,11,1099,0,0,11200,0,0,0,17079392,17079392,2965
157996,524,118,1099,0,0,11200,0,0,0,17081848,17081848,2965
158011,524,166,1099,0,0,11200,0,0,0,17084127,17084127,2965
158026,524,225,1099,0,0,11200,0,0,0,17086235,17086235,2965
158041,524,274,1099,0,0,11200,0,0,0,17088375,17088375,2965
158057,524,328,1099,0,0,11200,0,0,0,17090331,17090331,2965
158072,524,391,1099,0,0,11200,0,0,0,17092552,17092552,2965
158089,524,444,1099,0,0,11200,0,0,0,17094518,17094518,2965
158104,524,503,1099,0,0,11200,0,0,0,17096484,17096484,2965
158119,524,553,1099,0,0,11200,0,0,0,17098553,17098553,2965
158135,524,601,1099,0,0,11200,0,0,0,17100261,17100261,2965
158150,524,652,1099,0,0,11200,0,0,0,17102032,17102032,2965
158166,524,702,1099,0,0,11200,0,0,0,17103502,17103502,2965
158181,524,748,1099,0,0,11200,0,0,0,17105076,17105076,2965
158197,524,798,1099,0,0,11200,0,0,0,17106732,17106732,2965
158212,524,860,1099,0,0,11200,0,0,0,17108766,17108766,2965
158232,524,882,1099,0,0,11200,0,0,0,17109178,17109178,2965
158248,524,954,1099,0,0,11200,0,0,0,17111165,17111165,2965
158263,524,1028,1099,0,0,11200,0,0,0,17112986,17112986,2965
158278,525,1094,1099,0,0,11200,0,0,0,17114610,17114610,2965
158294,525,104,1099,0,0,11200,0,0,0,17116972,17116972,2965
158309,525,148,1099,0,0,11200,0,0,0,17119354,17119354,2965
158324,525,199,1099,0,0,11200,0,0,0,17121552,17121552,2965
158339,525,247,1099,0,0,11200,0,0,0,17123755,17123755,2965
158355,525,311,1099,0,0,11200,0,0,0,17125913,17125913,2965
158370,525,379,1099,0,0,11200,0,0,0,17128075,17128075,2965
158385,525,451,1099,0,0,11200,0,0,0,17130270,17130270,2965
158402,525,497,1099,0,0,11200,0,0,0,17131688,17131688,2965
158417,525,563,1099,0,0,11200,0,0,0,17133666,17133666,2965
158433,525,607,1099,0,0,11200,0,0,0,17135201,17135201,2965
158448,525,667,1099,0,0,11200,0,0,0,17136913,17136913,2965
158463,525,717,1100,1,0,11200,0,0,0,17138536,17138536,2965
158479,525,747,1100,1,0,11200,0,0,0,17139725,17139725,2965
158494,525,802,1100,1,0,11200,0,0,0,17141451,17141451,2965
158509,525,869,1100,1,0,11200,0,0,0,17143374,17143374,2965
158524,525,893,1100,1,0,11200,0,0,0,17143802,17143802,2965
158540,525,972,1100,1,0,11200,0,0,0,17145721,17145721,2965
158555,525,1033,1100,1,0,11200,0,0,0,17147391,17147391,2965
158571,526,1087,1100,1,0,11200,0,0,0,17149214,17149214,2965
158586,526,104,1100,1,0,11200,0,0,0,17151587,17151587,2965
158602,526,158,1100,1,0,11200,0,0,0,17153989,17153989,2965
158617,526,219,1100,1,0,11200,0,0,0,17156199,17156199,2965
158633,526,268,1100,1,0,11200,0,0,0,17158620,17158620,2965
158648,526,329,1100,1,0,11200,0,0,0,17160669,17160669,2965
158663,526,407,1100,1,0,11200,0,0,0,17162920,17162920,2965
158678,526,469,1100,1,0,11200,0,0,0,17165006,17165006,2965
158693,526,515,1100,1,0,11200,0,0,0,17166254,17166254,2965
158708,526,573,1100,1,0,11200,0,0,0,17168056,17168056,2965
158724,526,617,1100,1,0,11200,0,0,0,17169591,17169591,2965
158739,526,667,1100,1,0,11200,0,0,0,17171231,17171231,2965
158756,526,710,1100,1,0,11200,0,0,0,17172283,17172283,2965
158772,526,769,1100,1,0,11200,0,0,0,17173944,17173944,2965
158787,526,822,1100,1,0,11200,0,0,0,17175885,17175885,2965
158808,526,882,1100,1,0,11200,0,0,0,17177457,17177457,2965
158824,526,966,1101,2,0,11200,0,0,0,17179350,17179350,2966
158840,526,1041,1101,2,0,11200,0,0,0,17181232,17181232,2966
158855,527,1087,1101,2,0,11200,0,0,0,17182872,17182872,2966
158870,527,25,1101,1,0,11200,0,0,0,17184764,17184764,2966
158885,527,133,1101,1,0,11200,0,0,0,17187413,17187413,2966
158900,527,194,1101,1,0,11200,0,0,0,17189790,17189790,2966
158916,527,249,1101,1,0,11200,0,0,0,17191979,17191979,2966
158931,527,304,1101,1,0,11200,0,0,0,17194344,17194344,2966
158946,527,371,1101,1,0,11200,0,0,0,17196445,17196445,2966
158961,527,445,1101,1,0,11200,0,0,0,17198587,17198587,2966
158976,527,519,1101,1,0,11200,0,0,0,17200703,17200703,2966
158992,527,568,1101,1,0,11200,0,0,0,17202512,17202512,2966
159007,527,618,1101,1,0,11200,0,0,0,17204194,17204194,2966
159022,527,682,1101,1,0,11200,0,0,0,17205828,17205828,2966
159038,527,719,1101,1,0,11200,0,0,0,17206857,17206857,2966
159054,527,782,1101,1,0,11200,0,0,0,17208603,17208603,2966
159070,527,840,1101,1,0,11200,0,0,0,17210477,17210477,2966
159092,527,882,1101,1,0,11200,0,0,0,17211483,17211483,2966
159108,527,966,1101,1,0,11200,0,0,0,17213503,17213503,2966
159123,527,1042,1101,1,0,11200,0,0,0,17215460,17215460,2966
159138,528,8,1101,1,0,11200,0,0,0,17217413,17217413,2966
159153,528,114,1101,1,0,11200,0,0,0,17219801,17219801,2966
159169,528,161,1101,1,0,11200,0,0,0,17222160,17222160,2966
159184,528,213,1101,1,0,11200,0,0,0,17224363,17224363,2966
159199,528,267,1101,1,0,11200,0,0,0,17226548,17226548,2966
159214,528,336,1101,1,0,11200,0,0,0,17228713,17228713,2966
159229,528,418,1101,1,0,11200,0,0,0,17230964,17230964,2966
159245,528,469,1101,1,0,11200,0,0,0,17232981,17232981,2966
159260,528,512,1101,1,0,11200,0,0,0,17234315,17234315,2966
159275,528,572,1101,1,0,11200,0,0,0,17236188,17236188,2966
159290,528,624,1101,1,0,11200,0,0,0,17237815,17237815,2966
159306,528,667,1101,1,0,11200,0,0,0,17239164,17239164,2966
159321,528,723,1101,1,0,11200,0,0,0,17240804,17240804,2966
159336,528,771,1101,1,0,11200,0,0,0,17242348,17242348,2966
159351,528,851,1101,1,0,11200,0,0,0,17244364,17244364,2966
159382,528,882,1101,1,0,11200,0,0,0,17245261,17245261,2966
159397,528,959,1101,1,0,11200,0,0,0,17247284,17247284,2966
159413,528,1047,1101,1,0,11200,0,0,0,17249289,17249289,2966
159429,529,9,1101,1,0,11200,0,0,0,17251560,17251560,2966
159444,529,122,1101,1,0,11200,0,0,0,17254103,17254103,2966
159459,529,180,1101,1,0,11200,0,0,0,17256506,17256506,2966
159474,529,234,1101,1,0,11200,0,0,0,17258811,17258811,2966
159490,529,292,1101,1,0,11200,0,0,0,17261049,17261049,2966
159505,529,361,1101,1,0,11200,0,0,0,17263287,17263287,2966
159520,529,438,1101,1,0,11200,0,0,0,17265422,17265422,2966
159535,529,497,1101,1,0,11200,0,0,0,17267262,17267262,2966
159551,529,552,1101,1,0,11200,0,0,0,17269234,17269234,2966
159566,529,597,1101,1,0,11200,0,0,0,17270849,17270849,2966
159581,529,660,1101,1,0,11200,0,0,0,17272471,17272471,2966
159596,529,723,1101,1,0,11200,0,0,0,17274173,17274173,2966
159612,529,778,1101,1,0,11200,0,0,0,17275840,17275840,2966
159627,529,845,1101,1,0,11200,0,0,0,17277857,17277857,2966
159642,529,923,1101,1,0,11200,0,0,0,17279640,17279640,2966
159658,529,1006,1101,1,0,11200,0,0,0,17281759,17281759,2966
159673,530,1073,1101,1,0,11200,0,0,0,17283356,17283356,2966
159689,530,28,1101,1,0,11200,0,0,0,17285549,17285549,2966
159704,530,134,1101,1,0,11200,0,0,0,17288202,17288202,2966
159719,530,194,1101,1,0,11200,0,0,0,17290768,17290768,2966
159735,530,237,1101,1,0,11200,0,0,0,17292836,17292836,2966
159750,530,303,1101,1,0,11200,0,0,0,17295187,17295187,2966
159765,530,367,1101,1,0,11200,0,0,0,17297476,17297476,2966
159780,530,433,1101,1,0,11200,0,0,0,17299661,17299661,2966
159796,530,473,1101,1,0,11200,0,0,0,17301128,17301128,2966
159811,530,527,1101,1,0,11200,0,0,0,17302630,17302630,2966
159829,530,594,1101,1,0,11200,0,0,0,17304500,17304500,2966
159844,530,651,1101,1,0,11200,0,0,0,17306214,17306214,2966
159866,530,710,1101,1,0,11200,0,0,0,17307867,17307867,2966
159881,530,776,1101,1,0,11200,0,0,0,17309621,17309621,2966
159896,530,849,1101,1,0,11200,0,0,0,17311573,17311573,2966
159911,530,884,1101,1,0,11200,0,0,0,17312848,17312848,2966
159927,530,972,1101,1,0,11200,0,0,0,17314799,17314799,2966
159942,531,1070,1101,1,0,11200,0,0,0,17316799,17316799,2966
159957,531,28,1101,1,0,11200,0,0,0,17319066,17319066,2966
159973,531,140,1101,1,0,11200,0,0,0,17321556,17321556,2966
159988,531,188,1101,1,0,11200,0,0,0,17323594,17323594,2966
160003,531,228,1101,1,0,11200,0,0,0,17325525,17325525,2966
160019,531,269,1101,1,0,11200,0,0,0,17327728,17327728,2966
160034,531,340,1101,1,0,11200,0,0,0,17329926,17329926,2966
160049,531,408,1101,1,0,11200,0,0,0,17331926,17331926,2966
160064,531,467,1101,1,0,11200,0,0,0,17333825,17333825,2966
160079,531,515,1101,1,0,11200,0,0,0,17335200,17335200,2966
160095,531,583,1101,1,0,11200,0,0,0,17337181,17337181,2966
160110,531,632,1101,1,0,11200,0,0,0,17338877,17338877,2966
160125,531,697,1101,1,0,11200,0,0,0,17340663,17340663,2966
160141,531,762,1101,1,0,11200,0,0,0,17342210,17342210,2966
160156,531,832,1101,1,0,11200,0,0,0,17344206,17344206,2966
160177,531,882,1101,1,0,11200,0,0,0,17345173,17345173,2966
160192,531,959,1101,1,0,11200,0,0,0,17346747,17346747,2966
160207,531,1035,1101,1,0,11200,0,0,0,17348607,17348607,2966
160223,532,11,1101,1,0,11200,0,0,0,17350557,17350557,2966
160238,532,118,1101,1,0,11200,0,0,0,17352943,17352943,2966
160254,532,161,1101,1,0,11200,0,0,0,17355393,17355393,2966
160269,532,222,1101,1,0,11200,0,0,0,17357577,17357577,2966
160284,532,275,1101,1,0,11200,0,0,0,17359881,17359881,2966
160299,532,354,1101,1,0,11200,0,0,0,17361979,17361979,2966
160315,532,422,1101,1,0,11200,0,0,0,17364183,17364183,2966
160330,532,492,1101,1,0,11200,0,0,0,17366181,17366181,2966
160345,532,555,1101,1,0,11200,0,0,0,17368323,17368323,2966
160361,532,602,1101,1,0,11200,0,0,0,17369751,17369751,2966
160378,532,664,1101,1,0,11200,0,0,0,17371589,17371589,2966
160393,532,723,1101,1,0,11200,0,0,0,17373043,17373043,2966
160408,532,783,1101,1,0,11200,0,0,0,17374755,17374755,2966
160423,532,853,1101,1,0,11200,0,0,0,17376798,17376798,2966
160438,532,893,1101,1,0,11200,0,0,0,17377708,17377708,2966
160454,532,972,1101,1,0,11200,0,0,0,17379707,17379707,2966
160469,532,1046,1101,1,0,11200,0,0,0,17381633,17381633,2966
160488,533,1094,1101,1,0,11200,0,0,0,17383038,17383038,2966
160503,533,107,1101,1,0,11200,0,0,0,17385580,17385580,2966
160519,533,152,1101,1,0,11200,0,0,0,17387949,17387949,2966
160534,533,211,1101,1,0,11200,0,0,0,17390343,17390343,2966
160550,533,257,1101,1,0,11200,0,0,0,17392480,17392480,2966
160565,533,321,1101,1,0,11200,0,0,0,17394749,17394749,2966
160580,533,380,1101,1,0,11200,0,0,0,17396848,17396848,2966
160595,533,451,1101,1,0,11200,0,0,0,17398815,17398815,2966
160610,533,506,1101,1,0,11200,0,0,0,17400087,17400087,2966
160626,533,561,1101,1,0,11200,0,0,0,17402096,17402096,2966
160641,533,601,1101,1,0,11200,0,0,0,17403611,17403611,2966
160657,533,658,1101,1,0,11200,0,0,0,17405415,17405415,2966
160679,533,710,1101,1,0,11200,0,0,0,17406857,17406857,2966
160694,533,769,1101,1,0,11200,0,0,0,17408668,17408668,2966
160709,533,838,1101,1,0,11200,0,0,0,17410669,17410669,2966
160724,533,913,1101,1,0,11200,0,0,0,17412339,17412339,2966
160740,533,997,1101,1,0,11200,0,0,0,17414385,17414385,2966
160756,533,1054,1101,1,0,11200,0,0,0,17416048,17416048,2966
160771,534,19,1101,1,0,11200,0,0,0,17418286,17418286,2966
160786,534,129,1101,1,0,11200,0,0,0,17420776,17420776,2966
160802,534,182,1101,1,0,11200,0,0,0,17423020,17423020,2966
160817,534,229,1101,1,0,11200,0,0,0,17425141,17425141,2966
160833,534,271,1101,1,0,11200,0,0,0,17427310,17427310,2966
160848,534,341,1101,1,0,11200,0,0,0,17429391,17429391,2966
160863,534,391,1101,1,0,11200,0,0,0,17431602,17431602,2966
160880,534,473,1101,1,0,11200,0,0,0,17433851,17433851,2966
160895,534,521,1101,1,0,11200,0,0,0,17435438,17435438,2966
160911,534,580,1101,1,0,11200,0,0,0,17437479,17437479,2966
160926,534,643,1101,1,0,11200,0,0,0,17439192,17439192,2966
160943,534,702,1101,1,0,11200,0,0,0,17440889,17440889,2966
160958,534,769,1101,1,0,11200,0,0,0,17442575,17442575,2966
160973,534,829,1101,1,0,11200,0,0,0,17444550,17444550,2966
161006,534,882,1101,1,0,11200,0,0,0,17445659,17445659,2966
161021,534,962,1101,1,0,11200,0,0,0,17447686,17447686,2966
161037,534,1028,1101,1,0,11200,0,0,0,17449579,17449579,2966
161052,535,1074,1101,1,0,11200,0,0,0,17450844,17450844,2966
161067,535,66,1101,1,0,11200,0,0,0,17453134,17453134,2966
161082,535,149,1101,1,0,11200,0,0,0,17455423,17455423,2966
161097,535,199,1101,1,0,11200,0,0,0,17457540,17457540,2966
161112,535,241,1101,1,0,11200,0,0,0,17459569,17459569,2966
161127,535,292,1101,1,0,11200,0,0,0,17461702,17461702,2966
161142,535,361,1101,1,0,11200,0,0,0,17463910,17463910,2966
161157,535,434,1101,1,0,11200,0,0,0,17466082,17466082,2966
161175,535,490,1101,1,0,11200,0,0,0,17467871,17467871,2966
161191,535,549,1101,1,0,11200,0,0,0,17469806,17469806,2966
161206,535,593,1101,1,0,11200,0,0,0,17471545,17471545,2966
161222,535,644,1101,1,0,11200,0,0,0,17473178,17473178,2966
161237,535,682,1101,1,0,11200,0,0,0,17474496,17474496,2966
161252,535,732,1101,1,0,11200,0,0,0,17475917,17475917,2966
161267,535,817,1101,1,0,11200,0,0,0,17477791,17477791,2966
161295,535,882,1101,1,0,11200,0,0,0,17479371,17479371,2966
161310,535,970,1101,1,0,11200,0,0,0,17481341,17481341,2966
161326,535,1027,1101,1,0,11200,0,0,0,17482944,17482944,2966
161341,536,0,1101,1,0,11200,0,0,0,17484883,17484883,2966
161356,536,95,1101,1,0,11200,0,0,0,17487106,17487106,2966
161371,536,147,1101,1,0,11200,0,0,0,17489483,17489483,2966
161387,536,214,1101,1,0,11200,0,0,0,17491868,17491868,2966
161402,536,263,1101,1,0,11200,0,0,0,17493958,17493958,2966
161417,536,353,1101,1,0,11200,0,0,0,17496228,17496228,2966
161433,536,422,1101,1,0,11200,0,0,0,17498279,17498279,2966
161448,536,489,1101,1,0,11200,0,0,0,17500195,17500195,2966
161464,536,553,1101,1,0,11200,0,0,0,17502144,17502144,2966
161479,536,602,1101,1,0,11200,0,0,0,17503752,17503752,2966
161495,536,660,1101,1,0,11200,0,0,0,17505555,17505555,2966
161514,536,710,1101,1,0,11200,0,0,0,17506942,17506942,2966
161529,536,771,1101,1,0,11200,0,0,0,17508639,17508639,2966
161545,536,815,1101,1,0,11200,0,0,0,17510394,17510394,2966
161560,536,882,1101,1,0,11200,0,0,0,17512217,17512217,2966
161576,536,970,1101,1,0,11200,0,0,0,17514204,17514204,2966
161591,536,1029,1101,1,0,11200,0,0,0,17516017,17516017,2966
161606,537,1095,1101,1,0,11200,0,0,0,17517591,17517591,2966
161621,537,111,1101,1,0,11200,0,0,0,17520050,17520050,2966
161636,537,151,1101,1,0,11200,0,0,0,17522455,17522455,2966
161651,537,211,1101,1,0,11200,0,0,0,17524586,17524586,2966
161667,537,257,1101,1,0,11200,0,0,0,17526658,17526658,2966
161682,537,326,1101,1,0,11200,0,0,0,17528577,17528577,2966
161697,537,405,1101,1,0,11200,0,0,0,17530834,17530834,2966
161713,537,456,1101,1,0,11200,0,0,0,17532798,17532798,2966
161728,537,528,1101,1,0,11200,0,0,0,17534994,17534994,2966
161744,537,589,1101,1,0,11200,0,0,0,17536837,17536837,2966
161759,537,649,1101,1,0,11200,0,0,0,17538520,17538520,2966
161775,537,702,1101,1,0,11200,0,0,0,17540014,17540014,2966
161790,537,762,1101,1,0,11200,0,0,0,17541746,17541746,2966
161805,537,817,1101,1,0,11200,0,0,0,17543518,17543518,2966
161833,537,882,1101,1,0,11200,0,0,0,17544845,17544845,2966
161849,537,966,1101,1,0,11200,0,0,0,17546767,17546767,2966
161864,537,1026,1101,1,0,11200,0,0,0,17548633,17548633,2966
161879,538,1076,1101,1,0,11200,0,0,0,17550283,17550283,2966
161895,538,20,1101,1,0,11200,0,0,0,17552431,17552431,2966
161910,538,125,1101,1,0,11200,0,0,0,17554843,17554843,2966
161925,538,169,1101,1,0,11200,0,0,0,17557072,17557072,2966
161940,538,223,1101,1,0,11200,0,0,0,17559526,17559526,2966
161955,538,266,1101,1,0,11200,0,0,0,17561530,17561530,2966
161971,538,328,1101,1,0,11200,0,0,0,17563631,17563631,2966
161986,538,410,1101,1,0,11200,0,0,0,17566009,17566009,2966
162003,538,473,1101,1,0,11200,0,0,0,17567856,17567856,2966
162018,538,535,1101,1,0,11200,0,0,0,17569797,17569797,2966
162034,538,590,1101,1,0,11200,0,0,0,17571677,17571677,2966
162049,538,636,1101,1,0,11200,0,0,0,17573087,17573087,2966
162064,538,702,1101,1,0,11200,0,0,0,17574878,17574878,2966
162080,538,746,1101,1,0,11200,0,0,0,17576004,17576004,2966
162095,538,801,1101,1,0,11200,0,0,0,17577931,17577931,2966
162111,538,866,1101,1,0,11200,0,0,0,17579918,17579918,2966
162130,538,882,1101,1,0,11200,0,0,0,17580125,17580125,2966
162145,538,984,1101,1,0,11200,0,0,0,17582103,17582103,2966
162160,538,1052,1101,1,0,11200,0,0,0,17583916,17583916,2966
162176,539,15,1101,1,0,11200,0,0,0,17585875,17585875,2966
162191,539,119,1101,1,0,11200,0,0,0,17588393,17588393,2966
162207,539,159,1101,1,0,11200,0,0,0,17590823,17590823,2966
162222,539,213,1101,1,0,11200,0,0,0,17593070,17593070,2966
162237,539,255,1101,1,0,11200,0,0,0,17595065,17595065,2966
162253,539,328,1101,1,0,11200,0,0,0,17597231,17597231,2966
162269,539,399,1101,1,0,11200,0,0,0,17599492,17599492,2966
162284,539,466,1101,1,0,11200,0,0,0,17601479,17601479,2966
162299,539,528,1101,1,0,11200,0,0,0,17603456,17603456,2966
162314,539,594,1101,1,0,11200,0,0,0,17605156,17605156,2966
162330,539,652,1101,1,0,11200,0,0,0,17606784,17606784,2966
162345,539,702,1101,1,0,11200,0,0,0,17608384,17608384,2966
162360,539,748,1101,1,0,11200,0,0,0,17609512,17609512,2966
162375,539,811,1101,1,0,11200,0,0,0,17611411,17611411,2966
162390,539,866,1101,1,0,11200,0,0,0,17613148,17613148,2966
162419,539,882,1101,1,0,11200,0,0,0,17613471,17613471,2966
162434,539,950,1101,1,0,11200,0,0,0,17615355,17615355,2966
162449,539,1023,1101,1,0,11200,0,0,0,17617143,17617143,2966
162464,540,1095,1101,1,0,11200,0,0,0,17619025,17619025,2966
162480,540,105,1101,1,0,11200,0,0,0,17621490,17621490,2966
162495,540,151,1101,1,0,11200,0,0,0,17623777,17623777,2966
162510,540,210,1101,1,0,11200,0,0,0,17625976,17625976,2966
162526,540,255,1101,1,0,11200,0,0,0,17628061,17628061,2966
162541,540,314,1101,1,0,11200,0,0,0,17630235,17630235,2966
162556,540,380,1101,1,0,11200,0,0,0,17632453,17632453,2966
162571,540,458,1101,1,0,11200,0,0,0,17634579,17634579,2966
162587,540,493,1101,1,0,11200,0,0,0,17635499,17635499,2966
162602,540,553,1101,1,0,11200,0,0,0,17637373,17637373,2966
162618,540,602,1101,1,0,11200,0,0,0,17638985,17638985,2966
162634,540,667,1101,1,0,11200,0,0,0,17640866,17640866,2966
162651,540,710,1101,1,0,11200,0,0,0,17642044,17642044,2966
162667,540,774,1101,1,0,11200,0,0,0,17643898,17643898,2966
162683,540,840,1101,1,0,11200,0,0,0,17645995,17645995,2966
162704,540,882,1101,1,0,11200,0,0,0,17647054,17647054,2966
162719,540,943,1101,1,0,11200,0,0,0,17648782,17648782,2966
162735,540,1026,1101,1,0,11200,0,0,0,17650967,17650967,2966
162750,541,1087,1102,2,0,11200,0,0,0,17652797,17652797,2966
162765,541,101,1102,2,0,11200,0,0,0,17655155,17655155,2966
162781,541,149,1102,2,0,11200,0,0,0,17657553,17657553,2966
162797,541,207,1102,2,0,11200,0,0,0,17659907,17659907,2966
162812,541,263,1102,2,0,11200,0,0,0,17662151,17662151,2966
162828,541,314,1102,2,0,11200,0,0,0,17664191,17664191,2966
162843,541,380,1102,2,0,11200,0,0,0,17666285,17666285,2966
162859,541,447,1102,2,0,11200,0,0,0,17668263,17668263,2966
162874,541,503,1102,2,0,11200,0,0,0,17669751,17669751,2966
162891,541,556,1102,2,0,11200,0,0,0,17671712,17671712,2966
162906,541,597,1102,2,0,11200,0,0,0,17673270,17673270,2966
162921,541,651,1102,2,0,11200,0,0,0,17674928,17674928,2966
162942,541,710,1102,2,0,11200,0,0,0,17676812,17676812,2966
162957,541,774,1102,2,0,11200,0,0,0,17678338,17678338,2966
162972,541,822,1102,2,0,11200,0,0,0,17680100,17680100,2966
162994,541,882,1102,2,0,11200,0,0,0,17681383,17681383,2966
163009,541,942,1102,2,0,11200,0,0,0,17683074,17683074,2966
163024,541,1006,1102,2,0,11200,0,0,0,17684958,17684958,2966
163040,542,1073,1102,2,0,11200,0,0,0,17686606,17686606,2966
163055,542,16,1102,2,0,11200,0,0,0,17688493,17688493,2966
163070,542,126,1102,2,0,11200,0,0,0,17691204,17691204,2966
163086,542,185,1102,2,0,11200,0,0,0,17693594,17693594,2966
163101,542,230,1102,2,0,11200,0,0,0,17695817,17695817,2966
163116,542,283,1102,2,0,11200,0,0,0,17698002,17698002,2966
163131,542,355,1102,2,0,11200,0,0,0,17700062,17700062,2966
163147,542,441,1102,2,0,11200,0,0,0,17702347,17702347,2966
163162,542,506,1102,2,0,11200,0,0,0,17703987,17703987,2966
163177,542,560,1102,2,0,11200,0,0,0,17705940,17705940,2966
163192,542,615,1102,2,0,11200,0,0,0,17707596,17707596,2966
163209,542,667,1102,2,0,11200,0,0,0,17709185,17709185,2966
163226,542,710,1102,2,0,11200,0,0,0,17710422,17710422,2966
163242,542,775,1102,2,0,11200,0,0,0,17712333,17712333,2966
163257,542,845,1102,2,0,11200,0,0,0,17714340,17714340,2966
163280,542,882,1102,2,0,11200,0,0,0,17715179,17715179,2966
163296,542,970,1102,2,0,11200,0,0,0,17717147,17717147,2966
163311,542,1042,1102,2,0,11200,0,0,0,17719244,17719244,2966
163326,543,9,1102,2,0,11200,0,0,0,17721261,17721261,2966
163342,543,121,1102,2,0,11200,0,0,0,17723737,17723737,2966
163357,543,169,1102,2,0,11200,0,0,0,17726090,17726090,2966
163372,543,231,1102,2,0,11200,0,0,0,17728440,17728440,2966
163387,543,292,1102,2,0,11200,0,0,0,17730750,17730750,2966
163403,543,371,1102,2,0,11200,0,0,0,17732764,17732764,2966
163418,543,445,1102,2,0,11200,0,0,0,17734898,17734898,2966
163435,543,490,1102,2,0,11200,0,0,0,17736150,17736150,2966
163450,543,556,1102,2,0,11200,0,0,0,17738307,17738307,2966
163466,543,610,1102,2,0,11200,0,0,0,17739867,17739867,2966
163481,543,675,1102,2,0,11200,0,0,0,17741527,17741527,2966
163501,543,710,1102,2,0,11200,0,0,0,17742955,17742955,2966
163516,543,770,1102,2,0,11200,0,0,0,17744945,17744945,2966
163531,543,830,1102,2,0,11200,0,0,0,17746823,17746823,2966
163547,543,882,1102,2,0,11200,0,0,0,17747823,17747823,2966
163563,543,952,1102,2,0,11200,0,0,0,17749823,17749823,2966
163578,543,1029,1102,2,0,11200,0,0,0,17751843,17751843,2966
163593,544,1095,1102,2,0,11200,0,0,0,17753758,17753758,2966
163609,544,83,1102,2,0,11200,0,0,0,17756333,17756333,2966
163624,544,147,1102,2,0,11200,0,0,0,17758531,17758531,2966
163639,544,205,1102,2,0,11200,0,0,0,17760756,17760756,2966
163654,544,268,1102,2,0,11200,0,0,0,17762827,17762827,2966
163670,544,346,1102,2,0,11200,0,0,0,17764987,17764987,2966
163685,544,422,1102,2,0,11200,0,0,0,17767064,17767064,2966
163700,544,473,1102,2,0,11200,0,0,0,17768754,17768754,2966
163715,544,521,1102,2,0,11200,0,0,0,17770321,17770321,2966
163731,544,580,1102,2,0,11200,0,0,0,17772169,17772169,2966
163746,544,631,1102,2,0,11200,0,0,0,17773840,17773840,2966
163761,544,690,1102,2,0,11200,0,0,0,17775388,17775388,2966
163776,544,733,1102,2,0,11200,0,0,0,17776421,17776421,2966
163791,544,795,1102,2,0,11200,0,0,0,17778132,17778132,2966
163806,544,869,1102,2,0,11200,0,0,0,17779876,17779876,2966
163822,544,917,1102,2,0,11200,0,0,0,17781003,17781003,2966
163837,544,996,1102,2,0,11200,0,0,0,17782933,17782933,2966
163852,544,1062,1102,2,0,11200,0,0,0,17784472,17784472,2966
163867,545,24,1102,2,0,11200,0,0,0,17786477,17786477,2966
163882,545,130,1102,2,0,11200,0,0,0,17788684,17788684,2966
163897,545,184,1102,2,0,11200,0,0,0,17790881,17790881,2966
163912,545,234,1102,2,0,11200,0,0,0,17793140,17793140,2966
163928,545,297,1102,2,0,11200,0,0,0,17795302,17795302,2966
163943,545,357,1102,2,0,11200,0,0,0,17797496,17797496,2966
163959,545,435,1102,2,0,11200,0,0,0,17799562,17799562,2966
163974,545,506,1102,2,0,11200,0,0,0,17801556,17801556,2966
163989,545,562,1102,2,0,11200,0,0,0,17803547,17803547,2966
164004,545,615,1102,2,0,11200,0,0,0,17804974,17804974,2966
164020,545,673,1102,2,0,11200,0,0,0,17806587,17806587,2966
164035,545,733,1102,2,0,11200,0,0,0,17808379,17808379,2966
164051,545,789,1102,2,0,11200,0,0,0,17810216,17810216,2966
164066,545,853,1102,2,0,11200,0,0,0,17812308,17812308,2966
164081,545,892,1102,2,0,11200,0,0,0,17813215,17813215,2966
164096,545,982,1102,2,0,11200,0,0,0,17815154,17815154,2966
164111,545,1053,1102,2,0,11200,0,0,0,17816984,17816984,2966
164127,546,3,1102,2,0,11200,0,0,0,17818857,17818857,2966
164142,546,112,1102,2,0,11200,0,0,0,17821289,17821289,2966
164157,546,167,1102,2,0,11200,0,0,0,17823569,17823569,2966
164172,546,223,1102,2,0,11200,0,0,0,17825611,17825611,2966
164187,546,278,1102,2,0,11200,0,0,0,17827938,17827938,2966
164202,546,354,1102,2,0,11200,0,0,0,17830124,17830124,2966
164217,546,422,1102,2,0,11200,0,0,0,17832300,17832300,2966
164233,546,492,1102,2,0,11200,0,0,0,17834395,17834395,2966
164248,546,555,1102,2,0,11200,0,0,0,17836349,17836349,2966
164264,546,613,1102,2,0,11200,0,0,0,17838082,17838082,2966
164279,546,677,1102,2,0,11200,0,0,0,17839793,17839793,2966
164295,546,730,1102,2,0,11200,0,0,0,17841312,17841312,2966
164311,546,794,1102,2,0,11200,0,0,0,17843033,17843033,2966
164326,546,859,1102,2,0,11200,0,0,0,17845104,17845104,2966
164341,546,935,1102,2,0,11200,0,0,0,17846943,17846943,2966
164357,546,1021,1102,2,0,11200,0,0,0,17848833,17848833,2966
164374,547,1094,1102,2,0,11200,0,0,0,17850810,17850810,2966
164390,547,106,1102,2,0,11200,0,0,0,17853136,17853136,2966
164405,547,157,1102,2,0,11200,0,0,0,17855623,17855623,2966
164420,547,211,1102,2,0,11200,0,0,0,17857880,17857880,2966
164435,547,260,1102,2,0,11200,0,0,0,17860191,17860191,2966
164451,547,314,1102,2,0,11200,0,0,0,17862314,17862314,2966
164466,547,383,1102,2,0,11200,0,0,0,17864360,17864360,2966
164481,547,440,1102,2,0,11200,0,0,0,17866232,17866232,2966
164496,547,491,1102,2,0,11200,0,0,0,17868056,17868056,2966
164511,547,548,1102,2,0,11200,0,0,0,17870117,17870117,2966
164526,547,596,1102,2,0,11200,0,0,0,17871601,17871601,2966
164541,547,643,1102,2,0,11200,0,0,0,17873227,17873227,2966
164557,547,681,1102,2,0,11200,0,0,0,17874714,17874714,2966
164572,547,738,1102,2,0,11200,0,0,0,17876181,17876181,2966
164588,547,792,1102,2,0,11200,0,0,0,17877933,17877933,2966
164603,547,876,1102,2,0,11200,0,0,0,17879967,17879967,2966
164619,547,928,1102,2,0,11200,0,0,0,17881214,17881214,2966
164634,547,1006,1102,2,0,11200,0,0,0,17883220,17883220,2966
164649,548,1070,1102,2,0,11200,0,0,0,17884987,17884987,2966
164664,548,8,1102,2,0,11200,0,0,0,17886348,17886348,2966
164679,548,119,1102,2,0,11200,0,0,0,17888798,17888798,2966
164695,548,167,1102,2,0,11200,0,0,0,17890980,17890980,2966
164710,548,225,1102,2,0,11200,0,0,0,17893195,17893195,2966
164725,548,272,1102,2,0,11200,0,0,0,17895184,17895184,2966
164740,548,341,1102,2,0,11200,0,0,0,17897255,17897255,2966
164755,548,407,1102,2,0,11200,0,0,0,17899453,17899453,2966
164770,548,466,1102,2,0,11200,0,0,0,17901351,17901351,2966
164785,548,515,1102,2,0,11200,0,0,0,17902797,17902797,2966
164800,548,568,1102,2,0,11200,0,0,0,17904601,17904601,2966
164816,548,623,1102,2,0,11200,0,0,0,17906330,17906330,2966
164831,548,685,1102,2,0,11200,0,0,0,17907963,17907963,2966
164848,548,710,1102,2,0,11200,0,0,0,17908726,17908726,2966
164863,548,762,1102,2,0,11200,0,0,0,17910263,17910263,2966
164878,548,827,1102,2,0,11200,0,0,0,17912268,17912268,2966
164895,548,882,1102,2,0,11200,0,0,0,17913486,17913486,2966
164910,548,975,1102,2,0,11200,0,0,0,17915568,17915568,2966
164927,548,1053,1102,2,0,11200,0,0,0,17917469,17917469,2966
164943,549,5,1102,2,0,11200,0,0,0,17919233,17919233,2966
164958,549,115,1102,2,0,11200,0,0,0,17921670,17921670,2966
164973,549,166,1102,2,0,11200,0,0,0,17924029,17924029,2966
164989,549,225,1102,2,0,11200,0,0,0,17926299,17926299,2966
165004,549,282,1102,2,0,11200,0,0,0,17928461,17928461,2966
165019,549,348,1102,2,0,11200,0,0,0,17930610,17930610,2966
165034,549,423,1102,2,0,11200,0,0,0,17932855,17932855,2966
165051,549,490,1102,2,0,11200,0,0,0,17934687,17934687,2966
165066,549,565,1102,2,0,11200,0,0,0,17936839,17936839,2966
165081,549,619,1102,2,0,11200,0,0,0,17938689,17938689,2966
165097,549,683,1102,2,0,11200,0,0,0,17940457,17940457,2966
165112,549,744,1102,2,0,11200,0,0,0,17941986,17941986,2966
165127,549,801,1102,2,0,11200,0,0,0,17943842,17943842,2966
165143,549,880,1102,2,0,11200,0,0,0,17945790,17945790,2966
165165,549,882,1102,2,0,11200,0,0,0,17945904,17945904,2966
165180,549,950,1102,2,0,11200,0,0,0,17947687,17947687,2966
165195,549,1023,1102,2,0,11200,0,0,0,17949428,17949428,2966
165213,550,1094,1102,2,0,11200,0,0,0,17951344,17951344,2966
165228,550,101,1102,2,0,11200,0,0,0,17953469,17953469,2966
165243,550,148,1102,2,0,11200,0,0,0,17955722,17955722,2966
165259,550,199,1102,2,0,11200,0,0,0,17957831,17957831,2966
165274,550,231,1102,2,0,11200,0,0,0,17959761,17959761,2966
165289,550,282,1102,2,0,11200,0,0,0,17961922,17961922,2966
165305,550,360,1102,2,0,11200,0,0,0,17964210,17964210,2966
165320,550,424,1102,2,0,11200,0,0,0,17966311,17966311,2966
165335,550,489,1102,2,0,11200,0,0,0,17968208,17968208,2966
165350,550,525,1102,2,0,11200,0,0,0,17969712,17969712,2966
165366,550,583,1102,2,0,11200,0,0,0,17971664,17971664,2966
165381,550,636,1102,2,0,11200,0,0,0,17973441,17973441,2966
165396,550,704,1102,2,0,11200,0,0,0,17975269,17975269,2966
165412,550,762,1102,2,0,11200,0,0,0,17976870,17976870,2966
165427,550,830,1102,2,0,11200,0,0,0,17978795,17978795,2966
165445,550,882,1102,2,0,11200,0,0,0,17979989,17979989,2966
165460,550,952,1102,2,0,11200,0,0,0,17981970,17981970,2966
165475,550,1035,1102,2,0,11200,0,0,0,17984075,17984075,2966
165490,551,1095,1102,2,0,11200,0,0,0,17985540,17985540,2966
165506,551,111,1102,2,0,11200,0,0,0,17988014,17988014,2966
165521,551,163,1102,2,0,11200,0,0,0,17990323,17990323,2966
165536,551,224,1102,2,0,11200,0,0,0,17992523,17992523,2966
165552,551,269,1102,2,0,11200,0,0,0,17994642,17994642,2966
165567,551,325,1102,2,0,11200,0,0,0,17996680,17996680,2966
165582,551,391,1102,2,0,11200,0,0,0,17999014,17999014,2966
165597,551,466,1102,2,0,11200,0,0,0,18001191,18001191,2966
165613,551,521,1102,2,0,11200,0,0,0,18002905,18002905,2966
165628,551,580,1102,2,0,11200,0,0,0,18004868,18004868,2966
165644,551,651,1102,2,0,11200,0,0,0,18006675,18006675,2966
165659,551,704,1102,2,0,11200,0,0,0,18008279,18008279,2966
165674,551,746,1102,2,0,11200,0,0,0,18009485,18009485,2966
165690,551,802,1102,2,0,11200,0,0,0,18011471,18011471,2966
165705,551,859,1102,2,0,11200,0,0,0,18012963,18012963,2966
165721,551,914,1102,2,0,11200,0,0,0,18014228,18014228,2966
165736,551,994,1102,2,0,11200,0,0,0,18016279,18016279,2966
165751,551,1062,1102,2,0,11200,0,0,0,18018088,18018088,2966
165766,552,25,1102,2,0,11200,0,0,0,18020344,18020344,2966
165781,552,133,1102,2,0,11200,0,0,0,18022912,18022912,2966
165797,552,180,1102,2,0,11200,0,0,0,18025083,18025083,2966
165812,552,232,1102,2,0,11200,0,0,0,18027449,18027449,2966
165827,552,304,1102,2,0,11200,0,0,0,18029795,18029795,2966
165842,552,371,1102,2,0,11200,0,0,0,18031967,18031967,2966
165858,552,429,1102,2,0,11200,0,0,0,18033764,18033764,2966
165875,552,490,1102,2,0,11200,0,0,0,18035634,18035634,2966
165891,552,542,1102,2,0,11200,0,0,0,18037592,18037592,2966
165907,552,593,1102,2,0,11200,0,0,0,18039053,18039053,2966
165922,552,643,1102,2,0,11200,0,0,0,18040495,18040495,2966
165937,552,690,1102,2,0,11200,0,0,0,18042145,18042145,2966
165952,552,748,1102,2,0,11200,0,0,0,18043551,18043551,2966
165968,552,799,1102,2,0,11200,0,0,0,18045383,18045383,2966
165983,552,856,1102,2,0,11200,0,0,0,18047179,18047179,2966
165998,552,904,1102,2,0,11200,0,0,0,18048341,18048341,2966
166014,552,983,1102,2,0,11200,0,0,0,18050324,18050324,2966
166029,552,1053,1102,2,0,11200,0,0,0,18052017,18052017,2966
166044,553,1100,1103,3,0,11200,0,0,0,18053816,18053816,2966
166059,553,114,1103,3,0,11200,0,0,0,18056362,18056362,2966
166074,553,158,1103,3,0,11200,0,0,0,18058748,18058748,2966
166089,553,211,1103,3,0,11200,0,0,0,18060838,18060838,2966
166105,553,268,1103,3,0,11200,0,0,0,18063061,18063061,2966
166120,553,326,1103,3,0,11200,0,0,0,18064955,18064955,2966
166135,553,380,1103,3,0,11200,0,0,0,18067167,18067167,2966
166151,553,444,1103,3,0,11200,0,0,0,18069239,18069239,2966
166167,553,517,1103,3,0,11200,0,0,0,18071208,18071208,2966
166183,553,583,1103,3,0,11200,0,0,0,18073201,18073201,2966
166199,553,634,1103,3,0,11200,0,0,0,18075006,18075006,2966
166215,553,685,1103,3,0,11200,0,0,0,18076701,18076701,2966
166231,553,732,1103,3,0,11200,0,0,0,18077981,18077981,2966
166246,553,795,1103,3,0,11200,0,0,0,18079525,18079525,2966
166261,553,856,1103,3,0,11200,0,0,0,18081552,18081552,2966
166278,553,882,1103,3,0,11200,0,0,0,18082027,18082027,2966
166293,553,960,1103,3,0,11200,0,0,0,18083877,18083877,2966
166309,553,1023,1103,3,0,11200,0,0,0,18086042,18086042,2966
166324,554,1097,1103,3,0,11200,0,0,0,18087796,18087796,2966
166340,554,95,1103,3,0,11200,0,0,0,18089914,18089914,2966
166355,554,140,1103,3,0,11200,0,0,0,18092374,18092374,2966
166370,554,191,1103,3,0,11200,0,0,0,18094650,18094650,2966
166386,554,237,1103,3,0,11200,0,0,0,18096703,18096703,2966
166401,554,306,1103,3,0,11200,0,0,0,18098971,18098971,2966
166416,554,367,1103,3,0,11200,0,0,0,18100911,18100911,2966
166432,554,435,1103,3,0,11200,0,0,0,18103199,18103199,2966
166448,554,473,1103,3,0,11200,0,0,0,18104660,18104660,2966
166463,554,529,1103,3,0,11200,0,0,0,18106476,18106476,2966
166478,554,593,1103,3,0,11200,0,0,0,18108271,18108271,2966
166494,554,636,1103,3,0,11200,0,0,0,18109786,18109786,2966
166509,554,682,1103,3,0,11200,0,0,0,18111170,18111170,2966
166524,554,723,1103,3,0,11200,0,0,0,18112440,18112440,2966
166540,554,775,1103,3,0,11200,0,0,0,18114050,18114050,2966
166555,554,840,1103,3,0,11200,0,0,0,18115976,18115976,2966
166570,554,892,1103,3,0,11200,0,0,0,18117257,18117257,2966
166585,554,970,1103,3,0,11200,0,0,0,18119141,18119141,2966
166601,554,1026,1103,3,0,11200,0,0,0,18121102,18121102,2966
166616,555,1094,1103,3,0,11200,0,0,0,18122918,18122918,2966
166632,555,106,1103,3,0,11200,0,0,0,18125377,18125377,2966
166647,555,152,1103,3,0,11200,0,0,0,18127619,18127619,2966
166662,555,216,1103,3,0,11200,0,0,0,18129827,18129827,2966
166677,555,263,1103,3,0,11200,0,0,0,18132159,18132159,2966
166693,555,314,1103,3,0,11200,0,0,0,18134315,18134315,2966
166708,555,380,1103,3,0,11200,0,0,0,18136495,18136495,2966
166723,555,455,1103,3,0,11200,0,0,0,18138516,18138516,2966
166739,555,525,1103,3,0,11200,0,0,0,18140538,18140538,2966
166754,555,588,1103,3,0,11200,0,0,0,18142438,18142438,2966
166770,555,643,1103,3,0,11200,0,0,0,18143997,18143997,2966
166786,555,700,1103,3,0,11200,0,0,0,18145577,18145577,2966
166801,555,756,1103,3,0,11200,0,0,0,18147219,18147219,2966
166816,555,818,1103,3,0,11200,0,0,0,18149023,18149023,2966
166843,555,882,1103,3,0,11200,0,0,0,18150920,18150920,2966
166858,555,952,1103,3,0,11200,0,0,0,18152846,18152846,2966
166873,555,1018,1103,3,0,11200,0,0,0,18154721,18154721,2966
166889,556,1078,1103,3,0,11200,0,0,0,18156584,18156584,2966
166904,556,28,1103,3,0,11200,0,0,0,18158838,18158838,2966
166919,556,147,1103,3,0,11200,0,0,0,18161458,18161458,2966
166934,556,216,1103,3,0,11200,0,0,0,18163801,18163801,2966
166950,556,276,1103,3,0,11200,0,0,0,18165892,18165892,2966
166965,556,347,1103,3,0,11200,0,0,0,18168121,18168121,2966
166980,556,429,1103,3,0,11200,0,0,0,18170233,18170233,2966
166996,556,490,1103,3,0,11200,0,0,0,18172095,18172095,2966
167011,556,535,1103,3,0,11200,0,0,0,18173798,18173798,2966
167026,556,588,1103,3,0,11200,0,0,0,18175427,18175427,2966
167042,556,647,1103,3,0,11200,0,0,0,18177091,18177091,2966
167058,556,697,1103,3,0,11200,0,0,0,18178790,18178790,2966
167073,556,746,1103,3,0,11200,0,0,0,18180001,18180001,2966
167088,556,811,1103,3,0,11200,0,0,0,18181851,18181851,2966
167103,556,866,1103,3,0,11200,0,0,0,18183686,18183686,2966
167118,556,962,1103,3,0,11200,0,0,0,18185596,18185596,2966
167134,556,1029,1103,3,0,11200,0,0,0,18187338,18187338,2966
167149,557,1096,1103,3,0,11200,0,0,0,18189226,18189226,2966
167164,557,101,1103,3,0,11200,0,0,0,18191746,18191746,2966
167179,557,151,1103,3,0,11200,0,0,0,18194136,18194136,2966
167195,557,216,1103,3,0,11200,0,0,0,18196566,18196566,2966
167210,557,269,1103,3,0,11200,0,0,0,18198614,18198614,2966
167225,557,328,1103,3,0,11200,0,0,0,18200733,18200733,2966
167242,557,396,1103,3,0,11200,0,0,0,18202971,18202971,2966
167257,557,451,1103,3,0,11200,0,0,0,18204962,18204962,2966
167273,557,521,1103,3,0,11200,0,0,0,18206629,18206629,2966
167288,557,568,1103,3,0,11200,0,0,0,18208410,18208410,2966
167303,557,621,1103,3,0,11200,0,0,0,18210004,18210004,2966
167318,557,678,1103,3,0,11200,0,0,0,18211569,18211569,2966
167333,557,723,1103,3,0,11200,0,0,0,18213029,18213029,2966
167349,557,776,1103,3,0,11200,0,0,0,18214666,18214666,2966
167364,557,847,1103,3,0,11200,0,0,0,18216516,18216516,2966
167380,557,907,1103,3,0,11200,0,0,0,18217892,18217892,2966
167395,557,986,1103,3,0,11200,0,0,0,18219771,18219771,2966
167411,557,1052,1103,3,0,11200,0,0,0,18221685,18221685,2966
167426,558,17,1103,3,0,11200,0,0,0,18223903,18223903,2966
167441,558,115,1103,3,0,11200,0,0,0,18226192,18226192,2966
167456,558,156,1103,3,0,11200,0,0,0,18228580,18228580,2966
167471,558,210,1103,3,0,11200,0,0,0,18230645,18230645,2966
167487,558,252,1103,3,0,11200,0,0,0,18232785,18232785,2966
167503,558,306,1103,3,0,11200,0,0,0,18234561,18234561,2966
167518,558,376,1103,3,0,11200,0,0,0,18236892,18236892,2966
167534,558,443,1103,3,0,11200,0,0,0,18238969,18238969,2966
167549,558,477,1103,3,0,11200,0,0,0,18240095,18240095,2966
167565,558,541,1103,3,0,11200,0,0,0,18242172,18242172,2966
167580,558,613,1103,3,0,11200,0,0,0,18244048,18244048,2966
167595,558,676,1103,3,0,11200,0,0,0,18245567,18245567,2966
167610,558,723,1103,3,0,11200,0,0,0,18247019,18247019,2966
167626,558,775,1103,3,0,11200,0,0,0,18248637,18248637,2966
167641,558,846,1103,3,0,11200,0,0,0,18250762,18250762,2966
167657,558,883,1103,3,0,11200,0,0,0,18251590,18251590,2966
167672,558,954,1103,3,0,11200,0,0,0,18253406,18253406,2966
167687,558,1034,1103,3,0,11200,0,0,0,18255187,18255187,2966
167702,559,11,1103,3,0,11200,0,0,0,18257293,18257293,2966
167718,559,120,1103,3,0,11200,0,0,0,18259699,18259699,2966
167734,559,170,1103,3,0,11200,0,0,0,18262027,18262027,2966
167749,559,220,1103,3,0,11200,0,0,0,18264180,18264180,2966
167764,559,269,1103,3,0,11200,0,0,0,18266381,18266381,2966
167780,559,345,1103,3,0,11200,0,0,0,18268410,18268410,2966
167795,559,402,1103,3,0,11200,0,0,0,18270602,18270602,2966
167810,559,460,1103,3,0,11200,0,0,0,18272731,18272731,2966
167825,559,509,1103,3,0,11200,0,0,0,18274364,18274364,2966
167840,559,564,1103,3,0,11200,0,0,0,18276257,18276257,2966
167856,559,617,1103,3,0,11200,0,0,0,18277945,18277945,2966
167871,559,667,1103,3,0,11200,0,0,0,18279533,18279533,2966
167886,559,730,1103,3,0,11200,0,0,0,18281107,18281107,2966
167901,559,786,1103,3,0,11200,0,0,0,18282658,18282658,2966
167917,559,853,1103,3,0,11200,0,0,0,18284653,18284653,2966
167937,559,882,1103,3,0,11200,0,0,0,18285331,18285331,2966
167952,559,956,1103,3,0,11200,0,0,0,18287322,18287322,2966
167967,559,1023,1103,3,0,11200,0,0,0,18289301,18289301,2966
167983,560,1089,1103,3,0,11200,0,0,0,18291281,18291281,2966
167998,560,105,1103,3,0,11200,0,0,0,18293589,18293589,2966
168013,560,158,1103,3,0,11200,0,0,0,18295822,18295822,2966
168028,560,218,1103,3,0,11200,0,0,0,18297976,18297976,2966
168043,560,263,1103,3,0,11200,0,0,0,18300079,18300079,2966
168059,560,328,1103,3,0,11200,0,0,0,18302192,18302192,2966
168074,560,405,1103,3,0,11200,0,0,0,18304503,18304503,2966
168090,560,471,1103,3,0,11200,0,0,0,18306669,18306669,2966
168105,560,525,1103,3,0,11200,0,0,0,18308342,18308342,2966
168120,560,581,1103,3,0,11200,0,0,0,18310365,18310365,2966
168135,560,621,1103,3,0,11200,0,0,0,18311834,18311834,2966
168150,560,682,1103,3,0,11200,0,0,0,18313331,18313331,2966
168166,560,753,1103,3,0,11200,0,0,0,18315268,18315268,2966
168181,560,803,1103,3,0,11200,0,0,0,18317137,18317137,2966
168196,560,883,1103,3,0,11200,0,0,0,18318858,18318858,2966
168211,560,966,1103,3,0,11200,0,0,0,18320746,18320746,2966
168227,560,1028,1103,3,0,11200,0,0,0,18322435,18322435,2966
168242,561,1084,1104,4,0,11200,0,0,0,18324206,18324206,2968
168257,561,31,1104,3,0,11200,0,0,0,18326472,18326472,2968
168273,561,142,1104,3,0,11200,0,0,0,18328972,18328972,2968
168288,561,207,1104,3,0,11200,0,0,0,18331393,18331393,2968
168304,561,251,1104,3,0,11200,0,0,0,18333389,18333389,2968
168319,561,317,1104,3,0,11200,0,0,0,18335677,18335677,2968
168335,561,394,1104,3,0,11200,0,0,0,18337968,18337968,2968
168352,561,473,1104,3,0,11200,0,0,0,18340043,18340043,2968
168367,561,541,1104,3,0,11200,0,0,0,18342086,18342086,2968
168383,561,597,1104,3,0,11200,0,0,0,18343697,18343697,2968
168398,561,654,1104,3,0,11200,0,0,0,18345297,18345297,2968
168414,561,698,1104,3,0,11200,0,0,0,18346467,18346467,2968
168429,561,758,1104,3,0,11200,0,0,0,18348301,18348301,2968
168444,561,832,1104,3,0,11200,0,0,0,18350273,18350273,2968
168470,561,882,1104,3,0,11200,0,0,0,18351579,18351579,2968
168486,561,962,1104,3,0,11200,0,0,0,18353566,18353566,2968
168501,561,1030,1104,3,0,11200,0,0,0,18355560,18355560,2968
168516,562,1093,1104,3,0,11200,0,0,0,18357308,18357308,2968
168531,562,30,1104,2,0,11200,0,0,0,18359268,18359268,2968
168547,562,134,1104,2,0,11200,0,0,0,18361638,18361638,2968
168562,562,182,1104,2,0,11200,0,0,0,18363710,18363710,2968
168578,562,232,1104,2,0,11200,0,0,0,18365948,18365948,2968
168593,562,297,1104,2,0,11200,0,0,0,18368224,18368224,2968
168609,562,349,1104,2,0,11200,0,0,0,18370241,18370241,2968
168624,562,410,1104,2,0,11200,0,0,0,18372283,18372283,2968
168639,562,473,1104,2,0,11200,0,0,0,18374172,18374172,2968
168655,562,522,1104,2,0,11200,0,0,0,18375951,18375951,2968
168670,562,583,1104,2,0,11200,0,0,0,18377846,18377846,2968
168685,562,636,1104,2,0,11200,0,0,0,18379533,18379533,2968
168700,562,700,1104,2,0,11200,0,0,0,18381302,18381302,2968
168715,562,739,1104,2,0,11200,0,0,0,18382535,18382535,2968
168731,562,813,1104,2,0,11200,0,0,0,18384339,18384339,2968
168746,562,869,1104,2,0,11200,0,0,0,18386155,18386155,2968
168761,562,907,1104,2,0,11200,0,0,0,18386911,18386911,2968
168776,562,975,1104,2,0,11200,0,0,0,18388824,18388824,2968
168792,562,1042,1104,2,0,11200,0,0,0,18390787,18390787,2968
168807,563,1094,1104,2,0,11200,0,0,0,18392336,18392336,2968
168822,563,35,1104,2,0,11200,0,0,0,18394385,18394385,2968
168837,563,144,1104,2,0,11200,0,0,0,18396925,18396925,2968
168853,563,203,1104,2,0,11200,0,0,0,18399230,18399230,2968
168868,563,249,1104,2,0,11200,0,0,0,18401275,18401275,2968
168883,563,301,1104,2,0,11200,0,0,0,18403503,18403503,2968
168898,563,361,1104,2,0,11200,0,0,0,18405554,18405554,2968
168913,563,435,1104,2,0,11200,0,0,0,18407803,18407803,2968
168929,563,474,1104,2,0,11200,0,0,0,18409151,18409151,2968
168944,563,551,1104,2,0,11200,0,0,0,18410992,18410992,2968
168959,563,596,1104,2,0,11200,0,0,0,18412398,18412398,2968
168975,563,658,1104,2,0,11200,0,0,0,18414004,18414004,2968
168993,563,710,1104,2,0,11200,0,0,0,18415682,18415682,2968
169008,563,758,1104,2,0,11200,0,0,0,18417293,18417293,2968
169023,563,818,1104,2,0,11200,0,0,0,18419000,18419000,2968
169059,563,882,1104,2,0,11200,0,0,0,18420532,18420532,2968
169074,563,946,1104,2,0,11200,0,0,0,18422329,18422329,2968
169089,563,1018,1104,2,0,11200,0,0,0,18424402,18424402,2968
169105,564,1100,1105,3,0,11200,0,0,0,18426530,18426530,2970
169120,564,101,1105,1,0,11200,0,0,0,18428866,18428866,2970
169135,564,142,1105,1,0,11200,0,0,0,18431042,18431042,2970
169151,564,195,1105,1,0,11200,0,0,0,18433291,18433291,2970
169166,564,244,1105,1,0,11200,0,0,0,18435479,18435479,2970
169181,564,307,1105,1,0,11200,0,0,0,18437588,18437588,2970
169196,564,375,1105,1,0,11200,0,0,0,18439691,18439691,2970
169211,564,434,1105,1,0,11200,0,0,0,18441690,18441690,2970
169228,564,497,1105,1,0,11200,0,0,0,18443377,18443377,2970
169243,564,553,1105,1,0,11200,0,0,0,18445385,18445385,2970
169259,564,603,1105,1,0,11200,0,0,0,18447091,18447091,2970
169274,564,676,1105,1,0,11200,0,0,0,18448783,18448783,2970
169294,564,710,1105,1,0,11200,0,0,0,18450350,18450350,2970
169309,564,747,1105,1,0,11200,0,0,0,18451486,18451486,2970
169325,564,811,1105,1,0,11200,0,0,0,18453331,18453331,2970
169357,564,882,1105,1,0,11200,0,0,0,18455423,18455423,2970
169372,564,975,1105,1,0,11200,0,0,0,18457454,18457454,2970
169388,564,1042,1105,1,0,11200,0,0,0,18459316,18459316,2970
169404,565,1094,1105,1,0,11200,0,0,0,18460918,18460918,2970
169419,565,31,1105,1,0,11200,0,0,0,18463161,18463161,2970
169435,565,140,1105,1,0,11200,0,0,0,18465648,18465648,2970
169450,565,188,1105,1,0,11200,0,0,0,18467886,18467886,2970
169466,565,234,1105,1,0,11200,0,0,0,18470022,18470022,2970
169482,565,301,1105,1,0,11200,0,0,0,18472407,18472407,2970
169497,565,376,1105,1,0,11200,0,0,0,18474608,18474608,2970
169512,565,444,1105,1,0,11200,0,0,0,18476472,18476472,2970
169527,565,496,1105,1,0,11200,0,0,0,18477922,18477922,2970
169543,565,553,1105,1,0,11200,0,0,0,18479725,18479725,2970
169558,565,610,1105,1,0,11200,0,0,0,18481414,18481414,2970
169577,565,670,1105,1,0,11200,0,0,0,18483154,18483154,2970
169592,565,722,1105,1,0,11200,0,0,0,18484797,18484797,2970
169607,565,776,1105,1,0,11200,0,0,0,18486430,18486430,2970
169622,565,845,1105,1,0,11200,0,0,0,18488238,18488238,2970
169638,565,910,1105,1,0,11200,0,0,0,18489927,18489927,2970
169653,565,998,1105,1,0,11200,0,0,0,18491918,18491918,2970
169668,566,1080,1105,1,0,11200,0,0,0,18493822,18493822,2970
169683,566,95,1105,1,0,11200,0,0,0,18496301,18496301,2970
169699,566,148,1105,1,0,11200,0,0,0,18498556,18498556,2970
169714,566,212,1105,1,0,11200,0,0,0,18500952,18500952,2970
169729,566,267,1105,1,0,11200,0,0,0,18503190,18503190,2970
169744,566,326,1105,1,0,11200,0,0,0,18505318,18505318,2970
169759,566,394,1105,1,0,11200,0,0,0,18507544,18507544,2970
169775,566,451,1105,1,0,11200,0,0,0,18509389,18509389,2970
169790,566,525,1105,1,0,11200,0,0,0,18511247,18511247,2970
169805,566,583,1105,1,0,11200,0,0,0,18513070,18513070,2970
169821,566,636,1105,1,0,11200,0,0,0,18514720,18514720,2970
169838,566,697,1105,1,0,11200,0,0,0,18516485,18516485,2970
169854,566,746,1105,1,0,11200,0,0,0,18517982,18517982,2970
169869,566,798,1105,1,0,11200,0,0,0,18519683,18519683,2970
169884,566,855,1105,1,0,11200,0,0,0,18521514,18521514,2970
169906,566,882,1105,1,0,11200,0,0,0,18522062,18522062,2970
169921,566,986,1105,1,0,11200,0,0,0,18524293,18524293,2970
169936,566,1029,1105,1,0,11200,0,0,0,18526113,18526113,2970
169952,567,1093,1105,1,0,11200,0,0,0,18527956,18527956,2970
169967,567,68,1105,1,0,11200,0,0,0,18530082,18530082,2970
169983,567,151,1105,1,0,11200,0,0,0,18532729,18532729,2970
169998,567,214,1105,1,0,11200,0,0,0,18535072,18535072,2970
170014,567,260,1105,1,0,11200,0,0,0,18537157,18537157,2970
170029,567,311,1105,1,0,11200,0,0,0,18539235,18539235,2970
170044,567,377,1105,1,0,11200,0,0,0,18541367,18541367,2970
170060,567,441,1105,1,0,11200,0,0,0,18543517,18543517,2970
170075,567,493,1105,1,0,11200,0,0,0,18544772,18544772,2970
170090,567,559,1105,1,0,11200,0,0,0,18546939,18546939,2970
170106,567,610,1105,1,0,11200,0,0,0,18548642,18548642,2970
170121,567,676,1105,1,0,11200,0,0,0,18550331,18550331,2970
170137,567,710,1105,1,0,11200,0,0,0,18551558,18551558,2970
170152,567,778,1105,1,0,11200,0,0,0,18553353,18553353,2970
170167,567,837,1105,1,0,11200,0,0,0,18554986,18554986,2970
170186,567,882,1105,1,0,11200,0,0,0,18556100,18556100,2970
170202,567,950,1105,1,0,11200,0,0,0,18558079,18558079,2970
170217,567,1021,1105,1,0,11200,0,0,0,18560136,18560136,2970
170232,568,1079,1105,1,0,11200,0,0,0,18561828,18561828,2970
170248,568,37,1105,1,0,11200,0,0,0,18564176,18564176,2970
170263,568,140,1105,1,0,11200,0,0,0,18566527,18566527,2970
170278,568,189,1105,1,0,11200,0,0,0,18568584,18568584,2970
170293,568,232,1105,1,0,11200,0,0,0,18570426,18570426,2970
170308,568,283,1105,1,0,11200,0,0,0,18572569,18572569,2970
170324,568,341,1105,1,0,11200,0,0,0,18574471,18574471,2970
170339,568,384,1105,1,0,11200,0,0,0,18576533,18576533,2970
170354,568,452,1105,1,0,11200,0,0,0,18578600,18578600,2970
170369,568,490,1105,1,0,11200,0,0,0,18579749,18579749,2970
170384,568,553,1105,1,0,11200,0,0,0,18581689,18581689,2970
170399,568,602,1105,1,0,11200,0,0,0,18583305,18583305,2970
170415,568,677,1105,1,0,11200,0,0,0,18584956,18584956,2970
170430,568,726,1105,1,0,11200,0,0,0,18586306,18586306,2970
170445,568,792,1105,1,0,11200,0,0,0,18588101,18588101,2970
170461,568,854,1105,1,0,11200,0,0,0,18589734,18589734,2970
170476,568,913,1105,1,0,11200,0,0,0,18591253,18591253,2970
170491,568,990,1105,1,0,11200,0,0,0,18593279,18593279,2970
170508,568,1053,1105,1,0,11200,0,0,0,18594907,18594907,2970
170524,569,8,1105,1,0,11200,0,0,0,18596893,18596893,2970
170539,569,123,1105,1,0,11200,0,0,0,18599461,18599461,2970
170554,569,165,1105,1,0,11200,0,0,0,18601758,18601758,2970
170570,569,222,1105,1,0,11200,0,0,0,18604002,18604002,2970
170585,569,283,1105,1,0,11200,0,0,0,18606206,18606206,2970
170600,569,361,1105,1,0,11200,0,0,0,18608445,18608445,2970
170615,569,430,1105,1,0,11200,0,0,0,18610383,18610383,2970
170631,569,509,1105,1,0,11200,0,0,0,18612436,18612436,2970
170646,569,562,1105,1,0,11200,0,0,0,18614226,18614226,2970
170662,569,611,1105,1,0,11200,0,0,0,18615858,18615858,2970
170678,569,677,1105,1,0,11200,0,0,0,18617335,18617335,2970
170693,569,739,1105,1,0,11200,0,0,0,18618825,18618825,2970
170708,569,798,1105,1,0,11200,0,0,0,18620637,18620637,2970
170723,569,860,1105,1,0,11200,0,0,0,18622339,18622339,2970
170738,569,904,1105,1,0,11200,0,0,0,18623340,18623340,2970
170754,569,988,1105,1,0,11200,0,0,0,18625458,18625458,2970
170769,570,1069,1105,1,0,11200,0,0,0,18627440,18627440,2970
170784,570,19,1105,1,0,11200,0,0,0,18629621,18629621,2970
170799,570,144,1105,1,0,11200,0,0,0,18632383,18632383,2970
170815,570,189,1105,1,0,11200,0,0,0,18634643,18634643,2970
170830,570,241,1105,1,0,11200,0,0,0,18636728,18636728,2970
170845,570,291,1105,1,0,11200,0,0,0,18638695,18638695,2970
170860,570,357,1105,1,0,11200,0,0,0,18640908,18640908,2970
170876,570,429,1105,1,0,11200,0,0,0,18642806,18642806,2970
170891,570,494,1105,1,0,11200,0,0,0,18644907,18644907,2970
170906,570,562,1105,1,0,11200,0,0,0,18646847,18646847,2970
170921,570,610,1105,1,0,11200,0,0,0,18648404,18648404,2970
170936,570,681,1105,1,0,11200,0,0,0,18649997,18649997,2970
170951,570,726,1105,1,0,11200,0,0,0,18651616,18651616,2970
170966,570,783,1105,1,0,11200,0,0,0,18653257,18653257,2970
170982,570,839,1105,1,0,11200,0,0,0,18655283,18655283,2970
170997,570,882,1105,1,0,11200,0,0,0,18656027,18656027,2970
171013,570,984,1105,1,0,11200,0,0,0,18658044,18658044,2970
171029,570,1052,1105,1,0,11200,0,0,0,18660044,18660044,2970
171044,571,5,1105,1,0,11200,0,0,0,18661952,18661952,2970
171059,571,112,1105,1,0,11200,0,0,0,18664430,18664430,2970
171075,571,161,1105,1,0,11200,0,0,0,18667007,18667007,2970
171090,571,216,1105,1,0,11200,0,0,0,18669140,18669140,2970
171105,571,264,1105,1,0,11200,0,0,0,18671225,18671225,2970
171121,571,340,1105,1,0,11200,0,0,0,18673417,18673417,2970
171137,571,399,1105,1,0,11200,0,0,0,18675202,18675202,2970
171152,571,467,1105,1,0,11200,0,0,0,18677241,18677241,2970
171167,571,524,1105,1,0,11200,0,0,0,18678720,18678720,2970
171183,571,571,1105,1,0,11200,0,0,0,18680669,18680669,2970
171198,571,618,1105,1,0,11200,0,0,0,18682355,18682355,2970
171213,571,678,1105,1,0,11200,0,0,0,18683739,18683739,2970
171232,571,710,1105,1,0,11200,0,0,0,18685092,18685092,2970
171248,571,775,1105,1,0,11200,0,0,0,18686915,18686915,2970
171263,571,851,1105,1,0,11200,0,0,0,18688863,18688863,2970
171278,571,907,1105,1,0,11200,0,0,0,18690645,18690645,2970
171294,571,1013,1105,1,0,11200,0,0,0,18692734,18692734,2970
171310,572,1094,1105,1,0,11200,0,0,0,18694646,18694646,2970
171325,572,84,1105,1,0,11200,0,0,0,18696927,18696927,2970
171340,572,146,1105,1,0,11200,0,0,0,18699284,18699284,2970
171355,572,194,1105,1,0,11200,0,0,0,18701343,18701343,2970
171370,572,239,1105,1,0,11200,0,0,0,18703567,18703567,2970
171385,572,307,1105,1,0,11200,0,0,0,18705914,18705914,2970
171400,572,375,1105,1,0,11200,0,0,0,18708078,18708078,2970
171416,572,435,1105,1,0,11200,0,0,0,18710035,18710035,2970
171433,572,490,1105,1,0,11200,0,0,0,18711733,18711733,2970
171449,572,554,1105,1,0,11200,0,0,0,18713717,18713717,2970
171464,572,602,1105,1,0,11200,0,0,0,18715293,18715293,2970
171479,572,667,1105,1,0,11200,0,0,0,18716943,18716943,2970
171494,572,730,1105,1,0,11200,0,0,0,18718460,18718460,2970
171510,572,789,1105,1,0,11200,0,0,0,18720419,18720419,2970
171525,572,852,1105,1,0,11200,0,0,0,18722370,18722370,2970
171540,572,942,1105,1,0,11200,0,0,0,18724246,18724246,2970
171555,572,1035,1105,1,0,11200,0,0,0,18726158,18726158,2970
171570,573,10,1105,1,0,11200,0,0,0,18728354,18728354,2970
171586,573,119,1105,1,0,11200,0,0,0,18730799,18730799,2970
171601,573,180,1105,1,0,11200,0,0,0,18733102,18733102,2970
171616,573,227,1105,1,0,11200,0,0,0,18735268,18735268,2970
171631,573,274,1105,1,0,11200,0,0,0,18737474,18737474,2970
171647,573,345,1105,1,0,11200,0,0,0,18739475,18739475,2970
171662,573,411,1105,1,0,11200,0,0,0,18741745,18741745,2970
171678,573,466,1105,1,0,11200,0,0,0,18743896,18743896,2970
171693,573,528,1105,1,0,11200,0,0,0,18745958,18745958,2970
171708,573,575,1105,1,0,11200,0,0,0,18747901,18747901,2970
171723,573,631,1105,1,0,11200,0,0,0,18749560,18749560,2970
171739,573,677,1105,1,0,11200,0,0,0,18751016,18751016,2970
171754,573,719,1105,1,0,11200,0,0,0,18752454,18752454,2970
171770,573,775,1105,1,0,11200,0,0,0,18754133,18754133,2970
171786,573,837,1105,1,0,11200,0,0,0,18756112,18756112,2970
171804,573,882,1105,1,0,11200,0,0,0,18757085,18757085,2970
171820,573,966,1105,1,0,11200,0,0,0,18758970,18758970,2970
171835,573,1028,1105,1,0,11200,0,0,0,18760976,18760976,2970
171851,574,1,1105,1,0,11200,0,0,0,18763093,18763093,2970
171866,574,112,1105,1,0,11200,0,0,0,18765505,18765505,2970
171882,574,156,1105,1,0,11200,0,0,0,18767983,18767983,2970
171898,574,228,1105,1,0,11200,0,0,0,18770311,18770311,2970
171913,574,276,1105,1,0,11200,0,0,0,18772348,18772348,2970
171929,574,358,1105,1,0,11200,0,0,0,18774481,18774481,2970
171944,574,422,1105,1,0,11200,0,0,0,18776574,18776574,2970
171959,574,496,1105,1,0,11200,0,0,0,18778640,18778640,2970
171974,574,537,1105,1,0,11200,0,0,0,18780476,18780476,2970
171989,574,597,1105,1,0,11200,0,0,0,18782316,18782316,2970
172005,574,662,1105,1,0,11200,0,0,0,18784130,18784130,2970
172021,574,702,1105,1,0,11200,0,0,0,18785346,18785346,2970
172036,574,756,1105,1,0,11200,0,0,0,18786982,18786982,2970
172052,574,823,1105,1,0,11200,0,0,0,18788942,18788942,2970
172083,574,882,1105,1,0,11200,0,0,0,18790373,18790373,2970
172099,574,983,1105,1,0,11200,0,0,0,18792469,18792469,2970
172114,574,1059,1105,1,0,11200,0,0,0,18794452,18794452,2970
172129,575,1098,1105,1,0,11200,0,0,0,18796074,18796074,2970
172145,575,107,1105,1,0,11200,0,0,0,18798510,18798510,2970
172160,575,157,1105,1,0,11200,0,0,0,18800856,18800856,2970
172175,575,216,1105,1,0,11200,0,0,0,18802953,18802953,2970
172190,575,269,1105,1,0,11200,0,0,0,18805226,18805226,2970
172205,575,336,1105,1,0,11200,0,0,0,18807292,18807292,2970
172221,575,402,1105,1,0,11200,0,0,0,18809596,18809596,2970
172237,575,473,1105,1,0,11200,0,0,0,18811635,18811635,2970
172252,575,536,1105,1,0,11200,0,0,0,18813475,18813475,2970
172267,575,594,1105,1,0,11200,0,0,0,18815415,18815415,2970
172283,575,652,1105,1,0,11200,0,0,0,18817020,18817020,2970
172298,575,697,1105,1,0,11200,0,0,0,18818617,18818617,2970
172313,575,733,1105,1,0,11200,0,0,0,18819752,18819752,2970
172328,575,782,1105,1,0,11200,0,0,0,18821417,18821417,2970
172344,575,841,1105,1,0,11200,0,0,0,18823400,18823400,2970
172361,575,882,1105,1,0,11200,0,0,0,18824334,18824334,2970
172376,575,952,1105,1,0,11200,0,0,0,18826341,18826341,2970
172392,575,1023,1105,1,0,11200,0,0,0,18828251,18828251,2970
172407,576,1083,1105,1,0,11200,0,0,0,18829646,18829646,2970
172422,576,43,1105,1,0,11200,0,0,0,18832067,18832067,2970
172438,576,145,1105,1,0,11200,0,0,0,18834368,18834368,2970
172453,576,203,1105,1,0,11200,0,0,0,18836604,18836604,2970
172468,576,248,1105,1,0,11200,0,0,0,18838768,18838768,2970
172483,576,305,1105,1,0,11200,0,0,0,18840884,18840884,2970
172499,576,380,1105,1,0,11200,0,0,0,18842914,18842914,2970
172514,576,435,1105,1,0,11200,0,0,0,18844879,18844879,2970
172529,576,497,1105,1,0,11200,0,0,0,18846610,18846610,2970
172545,576,556,1105,1,0,11200,0,0,0,18848617,18848617,2970
172560,576,606,1105,1,0,11200,0,0,0,18850288,18850288,2970
172575,576,670,1105,1,0,11200,0,0,0,18851682,18851682,2970
172595,576,720,1105,1,0,11200,0,0,0,18853018,18853018,2970
172611,576,795,1105,1,0,11200,0,0,0,18854796,18854796,2970
172626,576,853,1105,1,0,11200,0,0,0,18856758,18856758,2970
172641,576,916,1105,1,0,11200,0,0,0,18858480,18858480,2970
172656,576,993,1105,1,0,11200,0,0,0,18860456,18860456,2970
172672,576,1064,1105,1,0,11200,0,0,0,18862096,18862096,2970
172687,577,23,1105,1,0,11200,0,0,0,18864263,18864263,2970
172702,577,132,1105,1,0,11200,0,0,0,18866749,18866749,2970
172717,577,184,1105,1,0,11200,0,0,0,18868949,18868949,2970
172732,577,230,1105,1,0,11200,0,0,0,18871195,18871195,2970
172748,577,291,1105,1,0,11200,0,0,0,18873427,18873427,2970
172763,577,355,1105,1,0,11200,0,0,0,18875431,18875431,2970
172779,577,425,1105,1,0,11200,0,0,0,18877650,18877650,2970
172795,577,477,1105,1,0,11200,0,0,0,18879452,18879452,2970
172811,577,535,1105,1,0,11200,0,0,0,18881285,18881285,2970
172826,577,601,1105,1,0,11200,0,0,0,18883051,18883051,2970
172841,577,647,1105,1,0,11200,0,0,0,18884591,18884591,2970
172857,577,702,1105,1,0,11200,0,0,0,18886142,18886142,2970
172873,577,763,1105,1,0,11200,0,0,0,18887691,18887691,2970
172888,577,812,1105,1,0,11200,0,0,0,18889153,18889153,2970
172903,577,866,1105,1,0,11200,0,0,0,18890985,18890985,2970
172918,577,890,1105,1,0,11200,0,0,0,18891474,18891474,2970
172934,577,982,1105,1,0,11200,0,0,0,18893442,18893442,2970
172950,577,1054,1105,1,0,11200,0,0,0,18895546,18895546,2970
172965,578,11,1105,1,0,11200,0,0,0,18897282,18897282,2970
172981,578,118,1105,1,0,11200,0,0,0,18899732,18899732,2970
172996,578,165,1105,1,0,11200,0,0,0,18902063,18902063,2970
173011,578,220,1105,1,0,11200,0,0,0,18904168,18904168,2970
173026,578,264,1105,1,0,11200,0,0,0,18906212,18906212,2970
173041,578,330,1105,1,0,11200,0,0,0,18908395,18908395,2970
173057,578,394,1105,1,0,11200,0,0,0,18910541,18910541,2970
173072,578,453,1105,1,0,11200,0,0,0,18912580,18912580,2970
173087,578,520,1105,1,0,11200,0,0,0,18914498,18914498,2970
173102,578,573,1105,1,0,11200,0,0,0,18916418,18916418,2970
173117,578,607,1105,1,0,11200,0,0,0,18917947,18917947,2970
173133,578,678,1105,1,0,11200,0,0,0,18919612,18919612,2970
173149,578,723,1105,1,0,11200,0,0,0,18921007,18921007,2970
173164,578,786,1105,1,0,11200,0,0,0,18922695,18922695,2970
173179,578,857,1105,1,0,11200,0,0,0,18924637,18924637,2970
173199,578,882,1105,1,0,11200,0,0,0,18925094,18925094,2970
173214,578,960,1105,1,0,11200,0,0,0,18927148,18927148,2970
173230,578,1023,1105,1,0,11200,0,0,0,18929081,18929081,2970
173245,579,1079,1105,1,0,11200,0,0,0,18930907,18930907,2970
173260,579,35,1105,1,0,11200,0,0,0,18933287,18933287,2970
173276,579,146,1105,1,0,11200,0,0,0,18935857,18935857,2970
173291,579,199,1105,1,0,11200,0,0,0,18938210,18938210,2970
173307,579,238,1105,1,0,11200,0,0,0,18940247,18940247,2970
173322,579,303,1105,1,0,11200,0,0,0,18942619,18942619,2970
