# relative_time, cycles_done, cur_item, corpus_count, pending_total, pending_favs, total_edges, saved_crashes, saved_hangs, max_depth, execs_per_sec, execs_done, edges_found16,0,97,277,239,0,11200,0,0,0,2654,2654,2186
31,0,149,326,249,0,11200,0,0,0,4982,4982,2247
46,0,206,356,244,0,11200,0,0,0,7391,7391,2296
61,0,254,390,243,0,11200,0,0,0,9663,9663,2342
77,0,304,425,241,0,11200,0,0,0,11901,11901,2381
92,0,371,450,228,0,11200,0,0,0,14108,14108,2406
107,0,440,483,225,0,11200,0,0,0,16449,16449,2416
123,1,25,502,223,0,11200,0,0,0,18812,18812,2423
138,1,129,508,228,0,11200,0,0,0,21369,21369,2429
153,1,192,518,234,0,11200,0,0,0,23946,23946,2443
168,1,244,525,239,0,11200,0,0,0,26238,26238,2449
184,1,292,533,247,0,11200,0,0,0,28515,28515,2461
200,1,363,543,256,0,11200,0,0,0,30677,30677,2462
215,1,433,556,268,0,11200,0,0,0,32840,32840,2476
230,1,532,566,252,0,11200,0,0,0,35271,35271,2495
246,2,17,572,240,0,11200,0,0,0,37563,37563,2508
261,2,122,576,238,0,11200,0,0,0,40078,40078,2512
276,2,181,579,240,0,11200,0,0,0,42615,42615,2512
292,2,245,582,240,0,11200,0,0,0,44956,44956,2538
307,2,291,591,249,0,11200,0,0,0,47494,47494,2540
323,2,341,593,251,0,11200,0,0,0,49385,49385,2540
338,2,407,594,250,0,11200,0,0,0,51551,51551,2542
353,2,512,600,256,0,11200,0,0,0,53776,53776,2562
368,2,568,611,265,0,11200,0,0,0,56080,56080,2566
384,3,12,617,245,0,11200,0,0,0,58177,58177,2595
399,3,116,617,243,0,11200,0,0,0,60817,60817,2595
414,3,163,618,243,0,11200,0,0,0,63152,63152,2595
430,3,225,618,242,0,11200,0,0,0,65551,65551,2595
445,3,272,619,243,0,11200,0,0,0,67781,67781,2595
460,3,326,619,243,0,11200,0,0,0,69975,69975,2595
476,3,388,623,245,0,11200,0,0,0,72144,72144,2595
491,3,452,626,246,0,11200,0,0,0,74309,74309,2595
506,3,543,629,249,0,11200,0,0,0,76712,76712,2595
521,3,611,632,251,0,11200,0,0,0,79032,79032,2602
537,4,28,637,251,0,11200,0,0,0,80951,80951,2604
552,4,134,638,250,0,11200,0,0,0,83544,83544,2604
567,4,201,639,250,0,11200,0,0,0,85907,85907,2604
582,4,247,639,250,0,11200,0,0,0,88051,88051,2604
598,4,295,639,250,0,11200,0,0,0,90392,90392,2604
613,4,358,639,249,0,11200,0,0,0,92494,92494,2604
628,4,436,639,247,0,11200,0,0,0,94773,94773,2604
643,4,505,643,248,0,11200,0,0,0,96830,96830,2617
658,4,574,647,250,0,11200,0,0,0,99151,99151,2623
674,4,631,650,250,0,11200,0,0,0,101101,101101,2684
689,5,32,656,241,0,11200,0,0,0,103412,103412,2687
704,5,136,657,240,0,11200,0,0,0,105874,105874,2687
719,5,199,659,242,0,11200,0,0,0,108383,108383,2688
734,5,244,661,243,0,11200,0,0,0,110605,110605,2688
749,5,285,662,244,0,11200,0,0,0,113085,113085,2688
765,5,339,666,247,0,11200,0,0,0,115049,115049,2688
780,5,404,667,247,0,11200,0,0,0,117286,117286,2690
795,5,495,668,246,0,11200,0,0,0,119507,119507,2691
811,5,553,670,245,0,11200,0,0,0,121798,121798,2691
826,5,614,673,247,0,11200,0,0,0,123724,123724,2692
842,5,674,683,245,0,11200,0,0,0,125304,125304,2695
858,6,25,699,250,0,11200,0,0,0,127446,127446,2697
873,6,132,700,250,0,11200,0,0,0,130143,130143,2700
889,6,195,701,251,0,11200,0,0,0,132690,132690,2700
904,6,242,703,253,0,11200,0,0,0,134989,134989,2704
919,6,291,703,253,0,11200,0,0,0,137475,137475,2704
934,6,340,705,253,0,11200,0,0,0,139563,139563,2717
950,6,411,706,253,0,11200,0,0,0,141671,141671,2717
965,6,487,707,253,0,11200,0,0,0,143946,143946,2720
980,6,561,710,255,0,11200,0,0,0,146040,146040,2721
995,6,612,713,254,0,11200,0,0,0,148000,148000,2724
1010,6,674,715,255,0,11200,0,0,0,149606,149606,2726
1026,7,10,723,244,0,11200,0,0,0,151671,151671,2729
1041,7,107,724,242,0,11200,0,0,0,154227,154227,2729
1056,7,164,725,241,0,11200,0,0,0,156654,156654,2730
1071,7,233,726,241,0,11200,0,0,0,159196,159196,2730
1087,7,283,726,240,0,11200,0,0,0,161584,161584,2730
1102,7,334,727,239,0,11200,0,0,0,163693,163693,2730
1117,7,400,728,240,0,11200,0,0,0,165955,165955,2736
1133,7,475,730,241,0,11200,0,0,0,168257,168257,2736
1148,7,553,731,242,0,11200,0,0,0,170552,170552,2736
1163,7,642,733,243,0,11200,0,0,0,172611,172611,2737
1179,7,706,740,249,0,11200,0,0,0,174473,174473,2749
1194,8,13,744,240,0,11200,0,0,0,176666,176666,2749
1209,8,107,745,237,0,11200,0,0,0,178976,178976,2749
1224,8,153,746,236,0,11200,0,0,0,181399,181399,2749
1239,8,210,746,235,0,11200,0,0,0,184055,184055,2749
1255,8,254,747,235,0,11200,0,0,0,186426,186426,2749
1270,8,303,747,234,0,11200,0,0,0,188674,188674,2749
1285,8,351,748,233,0,11200,0,0,0,190782,190782,2749
1300,8,435,748,228,0,11200,0,0,0,193215,193215,2749
1316,8,517,752,231,0,11200,0,0,0,195503,195503,2751
1331,8,597,752,230,0,11200,0,0,0,197943,197943,2751
1348,8,650,752,229,0,11200,0,0,0,199552,199552,2751
1363,8,701,755,231,0,11200,0,0,0,201170,201170,2751
1378,9,7,757,227,0,11200,0,0,0,203384,203384,2751
1394,9,105,758,224,0,11200,0,0,0,205966,205966,2751
1409,9,160,759,224,0,11200,0,0,0,208540,208540,2751
1424,9,229,759,224,0,11200,0,0,0,211009,211009,2751
1439,9,289,760,225,0,11200,0,0,0,213491,213491,2751
1455,9,347,762,227,0,11200,0,0,0,215605,215605,2752
1470,9,429,762,224,0,11200,0,0,0,217977,217977,2752
1485,9,512,763,221,0,11200,0,0,0,220078,220078,2753
1500,9,586,765,222,0,11200,0,0,0,222420,222420,2757
1516,9,664,769,225,0,11200,0,0,0,224591,224591,2769
1531,9,720,774,229,0,11200,0,0,0,226550,226550,2772
1547,10,14,776,222,0,11200,0,0,0,228757,228757,2772
1562,10,127,777,222,0,11200,0,0,0,231478,231478,2772
1577,10,195,779,224,0,11200,0,0,0,233688,233688,2773
1592,10,245,779,223,0,11200,0,0,0,235835,235835,2773
1607,10,291,779,222,0,11200,0,0,0,238353,238353,2773
1622,10,350,779,222,0,11200,0,0,0,240576,240576,2773
1637,10,429,779,219,0,11200,0,0,0,242950,242950,2773
1653,10,512,779,217,0,11200,0,0,0,245058,245058,2773
1668,10,568,779,217,0,11200,0,0,0,247388,247388,2773
1686,10,632,781,218,0,11200,0,0,0,249263,249263,2774
1701,10,676,786,222,0,11200,0,0,0,251005,251005,2774
1716,10,729,788,224,0,11200,0,0,0,253146,253146,2774
1731,11,16,797,228,0,11200,0,0,0,255422,255422,2775
1746,11,128,798,229,0,11200,0,0,0,257908,257908,2775
1762,11,191,798,226,0,11200,0,0,0,260350,260350,2775
1777,11,244,800,227,0,11200,0,0,0,262617,262617,2775
1793,11,292,800,227,0,11200,0,0,0,265089,265089,2775
1808,11,366,800,225,0,11200,0,0,0,267320,267320,2775
1824,11,435,802,226,0,11200,0,0,0,269757,269757,2775
1839,11,524,803,224,0,11200,0,0,0,271940,271940,2777
1854,11,593,804,223,0,11200,0,0,0,274047,274047,2778
1870,11,650,806,224,0,11200,0,0,0,275891,275891,2778
1885,11,709,809,227,0,11200,0,0,0,277885,277885,2779
1900,11,769,811,228,0,11200,0,0,0,280027,280027,2780
1915,12,72,811,220,0,11200,0,0,0,282540,282540,2780
1931,12,140,815,224,0,11200,0,0,0,284902,284902,2781
1946,12,209,815,223,0,11200,0,0,0,287440,287440,2781
1961,12,260,816,223,0,11200,0,0,0,289847,289847,2782
1976,12,316,816,223,0,11200,0,0,0,292112,292112,2782
1991,12,392,816,221,0,11200,0,0,0,294390,294390,2782
2007,12,487,816,221,0,11200,0,0,0,296545,296545,2782
2022,12,553,816,221,0,11200,0,0,0,298704,298704,2782
2037,12,613,820,224,0,11200,0,0,0,300766,300766,2783
2052,12,690,820,223,0,11200,0,0,0,302683,302683,2783
2068,12,754,823,225,0,11200,0,0,0,304602,304602,2783
2083,13,16,828,224,0,11200,0,0,0,306874,306874,2783
2099,13,118,828,224,0,11200,0,0,0,309524,309524,2783
2114,13,164,828,224,0,11200,0,0,0,312007,312007,2783
2129,13,234,830,226,0,11200,0,0,0,314438,314438,2784
2144,13,287,831,227,0,11200,0,0,0,316946,316946,2784
2160,13,353,831,227,0,11200,0,0,0,319058,319058,2784
2175,13,429,831,226,0,11200,0,0,0,321274,321274,2784
2190,13,529,832,227,0,11200,0,0,0,323770,323770,2784
2206,13,597,832,225,0,11200,0,0,0,325940,325940,2784
2221,13,633,832,225,0,11200,0,0,0,327154,327154,2784
2237,13,667,833,225,0,11200,0,0,0,328485,328485,2784
2252,13,727,837,228,0,11200,0,0,0,330319,330319,2796
2267,13,791,844,234,0,11200,0,0,0,332096,332096,2799
2283,14,16,846,227,0,11200,0,0,0,334049,334049,2800
2298,14,116,847,225,0,11200,0,0,0,336742,336742,2800
2313,14,174,847,225,0,11200,0,0,0,339205,339205,2800
2328,14,241,847,224,0,11200,0,0,0,341625,341625,2800
2343,14,288,847,223,0,11200,0,0,0,343993,343993,2800
2358,14,334,847,223,0,11200,0,0,0,346073,346073,2800
2374,14,397,847,223,0,11200,0,0,0,348332,348332,2800
2389,14,468,847,220,0,11200,0,0,0,350471,350471,2800
2404,14,549,847,220,0,11200,0,0,0,352809,352809,2800
2421,14,613,847,219,0,11200,0,0,0,354800,354800,2800
2437,14,676,848,220,0,11200,0,0,0,356364,356364,2800
2452,14,727,852,224,0,11200,0,0,0,358555,358555,2800
2468,14,846,857,225,0,11200,0,0,0,360742,360742,2802
2484,15,105,857,221,0,11200,0,0,0,363435,363435,2802
2499,15,156,858,222,0,11200,0,0,0,365823,365823,2803
2514,15,223,858,222,0,11200,0,0,0,368233,368233,2803
2529,15,267,858,221,0,11200,0,0,0,370560,370560,2803
2544,15,326,858,221,0,11200,0,0,0,372749,372749,2803
2559,15,378,858,221,0,11200,0,0,0,374893,374893,2803
2575,15,472,858,219,0,11200,0,0,0,377299,377299,2803
2590,15,556,858,218,0,11200,0,0,0,379774,379774,2803
2605,15,629,858,218,0,11200,0,0,0,381778,381778,2803
2620,15,693,859,219,0,11200,0,0,0,383727,383727,2804
2636,15,755,859,218,0,11200,0,0,0,385613,385613,2804
2651,15,842,861,214,0,11200,0,0,0,387630,387630,2805
2666,16,46,861,206,0,11200,0,0,0,390013,390013,2805
2681,16,146,861,205,0,11200,0,0,0,392471,392471,2805
2697,16,206,861,205,0,11200,0,0,0,395026,395026,2805
2712,16,264,861,205,0,11200,0,0,0,397513,397513,2805
2727,16,307,861,205,0,11200,0,0,0,399682,399682,2805
2743,16,376,861,205,0,11200,0,0,0,401977,401977,2805
2758,16,475,861,205,0,11200,0,0,0,404280,404280,2805
2774,16,571,861,205,0,11200,0,0,0,406760,406760,2805
2789,16,642,862,203,0,11200,0,0,0,408655,408655,2806
2804,16,701,863,203,0,11200,0,0,0,410612,410612,2806
2820,16,765,863,202,0,11200,0,0,0,412773,412773,2806
2836,17,861,865,200,0,11200,0,0,0,414914,414914,2806
2851,17,105,865,200,0,11200,0,0,0,417650,417650,2806
2866,17,156,865,200,0,11200,0,0,0,420123,420123,2806
2881,17,212,865,200,0,11200,0,0,0,422474,422474,2806
2897,17,268,865,200,0,11200,0,0,0,424889,424889,2806
2912,17,326,865,200,0,11200,0,0,0,427128,427128,2806
2927,17,389,867,201,0,11200,0,0,0,429343,429343,2806
2943,17,488,868,201,0,11200,0,0,0,431693,431693,2806
2958,17,570,868,200,0,11200,0,0,0,434119,434119,2806
2974,17,642,869,201,0,11200,0,0,0,435919,435919,2806
2989,17,685,870,200,0,11200,0,0,0,437572,437572,2806
3004,17,750,871,201,0,11200,0,0,0,439479,439479,2806
3020,17,833,872,197,0,11200,0,0,0,441501,441501,2806
3036,18,18,874,197,0,11200,0,0,0,443526,443526,2806
3051,18,122,874,197,0,11200,0,0,0,446104,446104,2806
3066,18,170,874,197,0,11200,0,0,0,448539,448539,2806
3081,18,227,874,195,0,11200,0,0,0,450802,450802,2806
3096,18,271,875,196,0,11200,0,0,0,453123,453123,2806
3111,18,316,876,197,0,11200,0,0,0,455138,455138,2807
3127,18,388,877,197,0,11200,0,0,0,457217,457217,2808
3142,18,462,877,197,0,11200,0,0,0,459401,459401,2808
3158,18,561,877,197,0,11200,0,0,0,461704,461704,2808
3173,18,617,878,198,0,11200,0,0,0,463659,463659,2808
3189,18,674,878,198,0,11200,0,0,0,465027,465027,2808
3204,18,727,878,197,0,11200,0,0,0,466991,466991,2808
3219,18,815,879,197,0,11200,0,0,0,468918,468918,2810
3234,19,3,881,191,0,11200,0,0,0,470895,470895,2813
3250,19,106,882,192,0,11200,0,0,0,473407,473407,2814
3265,19,167,882,192,0,11200,0,0,0,475959,475959,2814
3280,19,229,882,192,0,11200,0,0,0,478305,478305,2814
3295,19,285,883,193,0,11200,0,0,0,480722,480722,2814
3311,19,339,883,192,0,11200,0,0,0,482978,482978,2814
3326,19,406,883,192,0,11200,0,0,0,485096,485096,2814
3341,19,505,884,193,0,11200,0,0,0,487380,487380,2815
3357,19,578,884,191,0,11200,0,0,0,489633,489633,2815
3372,19,654,884,191,0,11200,0,0,0,491396,491396,2815
3387,19,711,884,191,0,11200,0,0,0,493229,493229,2815
3402,19,780,884,189,0,11200,0,0,0,495342,495342,2815
3417,19,875,886,188,0,11200,0,0,0,497332,497332,2817
3433,20,67,887,185,0,11200,0,0,0,499990,499990,2817
3448,20,163,888,186,0,11200,0,0,0,502627,502627,2817
3463,20,216,888,186,0,11200,0,0,0,504833,504833,2817
3478,20,251,888,186,0,11200,0,0,0,506814,506814,2817
3494,20,298,889,187,0,11200,0,0,0,509176,509176,2817
3509,20,353,889,187,0,11200,0,0,0,511395,511395,2817
3525,20,431,889,186,0,11200,0,0,0,513771,513771,2817
3540,20,523,889,185,0,11200,0,0,0,515939,515939,2817
3555,20,614,891,187,0,11200,0,0,0,518188,518188,2822
3570,20,687,891,186,0,11200,0,0,0,519938,519938,2822
3585,20,751,891,185,0,11200,0,0,0,522142,522142,2822
3601,20,838,893,185,0,11200,0,0,0,524042,524042,2822
3616,21,17,894,183,0,11200,0,0,0,526277,526277,2822
3631,21,131,894,181,0,11200,0,0,0,528790,528790,2822
3646,21,195,894,181,0,11200,0,0,0,531253,531253,2822
3662,21,245,894,181,0,11200,0,0,0,533409,533409,2822
3677,21,292,894,180,0,11200,0,0,0,535719,535719,2822
3693,21,350,894,179,0,11200,0,0,0,537870,537870,2822
3708,21,425,894,179,0,11200,0,0,0,540156,540156,2822
3724,21,516,895,179,0,11200,0,0,0,542519,542519,2822
3739,21,579,895,177,0,11200,0,0,0,544558,544558,2822
3754,21,652,895,177,0,11200,0,0,0,546649,546649,2822
3770,21,701,896,177,0,11200,0,0,0,548524,548524,2822
3785,21,761,896,177,0,11200,0,0,0,550569,550569,2822
3800,21,844,900,181,0,11200,0,0,0,552376,552376,2823
3815,22,18,901,180,0,11200,0,0,0,554653,554653,2824
3831,22,128,901,180,0,11200,0,0,0,557268,557268,2824
3846,22,191,901,180,0,11200,0,0,0,559551,559551,2824
3861,22,246,901,180,0,11200,0,0,0,561728,561728,2824
3877,22,292,901,180,0,11200,0,0,0,564161,564161,2824
3892,22,342,902,180,0,11200,0,0,0,566174,566174,2829
3907,22,418,902,180,0,11200,0,0,0,568346,568346,2829
3923,22,516,902,178,0,11200,0,0,0,570705,570705,2829
3938,22,597,902,178,0,11200,0,0,0,572872,572872,2829
3954,22,650,902,178,0,11200,0,0,0,574215,574215,2829
3969,22,703,902,178,0,11200,0,0,0,575697,575697,2829
3985,22,802,902,178,0,11200,0,0,0,577827,577827,2829
4000,22,861,904,179,0,11200,0,0,0,579603,579603,2829
4015,23,21,905,177,0,11200,0,0,0,581825,581825,2830
4031,23,127,905,175,0,11200,0,0,0,584443,584443,2830
4046,23,180,905,175,0,11200,0,0,0,586774,586774,2830
4061,23,235,905,175,0,11200,0,0,0,588923,588923,2830
4077,23,276,905,175,0,11200,0,0,0,591342,591342,2830
4092,23,327,905,175,0,11200,0,0,0,593482,593482,2830
4107,23,402,905,175,0,11200,0,0,0,595643,595643,2830
4123,23,503,905,175,0,11200,0,0,0,597898,597898,2830
4139,23,579,905,174,0,11200,0,0,0,600235,600235,2830
4154,23,642,905,173,0,11200,0,0,0,602260,602260,2830
4169,23,690,906,173,0,11200,0,0,0,603845,603845,2830
4185,23,761,906,173,0,11200,0,0,0,606108,606108,2830
4200,23,834,906,170,0,11200,0,0,0,607777,607777,2830
4215,24,8,908,170,0,11200,0,0,0,609891,609891,2833
4230,24,112,909,171,0,11200,0,0,0,612620,612620,2833
4246,24,167,909,171,0,11200,0,0,0,615183,615183,2833
4261,24,226,909,170,0,11200,0,0,0,617469,617469,2833
4276,24,275,909,170,0,11200,0,0,0,619865,619865,2833
4291,24,314,909,170,0,11200,0,0,0,621835,621835,2833
4307,24,371,909,170,0,11200,0,0,0,624040,624040,2833
4322,24,439,909,170,0,11200,0,0,0,626204,626204,2833
4338,24,523,909,170,0,11200,0,0,0,628441,628441,2833
4353,24,593,909,169,0,11200,0,0,0,630627,630627,2833
4370,24,651,910,168,0,11200,0,0,0,632362,632362,2834
4385,24,703,910,168,0,11200,0,0,0,634094,634094,2834
4400,24,771,911,169,0,11200,0,0,0,636159,636159,2834
4416,24,889,912,169,0,11200,0,0,0,638242,638242,2834
4431,25,32,912,164,0,11200,0,0,0,640442,640442,2834
4446,25,134,912,162,0,11200,0,0,0,643007,643007,2834
4462,25,209,912,162,0,11200,0,0,0,645645,645645,2834
4478,25,260,912,162,0,11200,0,0,0,647969,647969,2834
4493,25,313,912,162,0,11200,0,0,0,650052,650052,2834
4508,25,392,912,162,0,11200,0,0,0,652105,652105,2834
4523,25,466,912,161,0,11200,0,0,0,654315,654315,2834
4538,25,549,913,161,0,11200,0,0,0,656292,656292,2834
4553,25,633,913,160,0,11200,0,0,0,658461,658461,2834
4569,25,689,913,160,0,11200,0,0,0,660166,660166,2834
4584,25,742,913,159,0,11200,0,0,0,662281,662281,2834
4599,25,845,913,157,0,11200,0,0,0,664358,664358,2834
4614,26,11,915,156,0,11200,0,0,0,666578,666578,2835
4630,26,106,916,157,0,11200,0,0,0,669172,669172,2839
4645,26,156,917,157,0,11200,0,0,0,671373,671373,2839
4660,26,211,918,158,0,11200,0,0,0,673755,673755,2841
4675,26,266,918,158,0,11200,0,0,0,675893,675893,2841
4691,26,307,918,158,0,11200,0,0,0,677977,677977,2841
4706,26,372,918,156,0,11200,0,0,0,680183,680183,2841
4721,26,460,918,155,0,11200,0,0,0,682504,682504,2841
4737,26,529,918,153,0,11200,0,0,0,684730,684730,2841
4752,26,616,918,153,0,11200,0,0,0,687114,687114,2841
4768,26,676,918,153,0,11200,0,0,0,688484,688484,2841
4783,26,727,918,152,0,11200,0,0,0,690227,690227,2841
4798,26,832,918,152,0,11200,0,0,0,692245,692245,2841
4813,26,894,919,153,0,11200,0,0,0,694055,694055,2842
4829,27,24,922,150,0,11200,0,0,0,695899,695899,2847
4844,27,128,922,150,0,11200,0,0,0,698342,698342,2847
4859,27,181,922,150,0,11200,0,0,0,700549,700549,2847
4874,27,234,922,150,0,11200,0,0,0,702806,702806,2847
4890,27,282,922,150,0,11200,0,0,0,705237,705237,2847
4905,27,319,922,149,0,11200,0,0,0,707096,707096,2847
4920,27,377,922,148,0,11200,0,0,0,709077,709077,2847
4936,27,443,922,146,0,11200,0,0,0,711431,711431,2847
4951,27,547,922,146,0,11200,0,0,0,713660,713660,2847
4967,27,612,922,146,0,11200,0,0,0,715796,715796,2847
4982,27,667,922,146,0,11200,0,0,0,717522,717522,2847
4997,27,720,922,146,0,11200,0,0,0,719408,719408,2847
5013,27,815,923,146,0,11200,0,0,0,721428,721428,2847
5028,27,889,923,144,0,11200,0,0,0,723395,723395,2847
5049,28,921,923,143,0,11200,0,0,0,724512,724512,2847
5065,28,103,923,143,0,11200,0,0,0,727246,727246,2847
5080,28,152,923,143,0,11200,0,0,0,729473,729473,2847
5095,28,207,923,143,0,11200,0,0,0,731884,731884,2847
5110,28,258,924,144,0,11200,0,0,0,734321,734321,2847
5125,28,303,924,144,0,11200,0,0,0,736284,736284,2847
5141,28,369,924,144,0,11200,0,0,0,738469,738469,2847
5156,28,446,924,144,0,11200,0,0,0,740864,740864,2847
5172,28,529,924,144,0,11200,0,0,0,743063,743063,2847
5187,28,598,924,143,0,11200,0,0,0,745005,745005,2847
5202,28,666,924,143,0,11200,0,0,0,746712,746712,2847
5218,28,714,927,145,0,11200,0,0,0,748665,748665,2850
5234,28,774,928,146,0,11200,0,0,0,750707,750707,2851
5249,28,883,929,147,0,11200,0,0,0,752692,752692,2851
5264,29,16,929,144,0,11200,0,0,0,754498,754498,2851
5280,29,129,929,143,0,11200,0,0,0,757199,757199,2851
5295,29,191,929,143,0,11200,0,0,0,759509,759509,2851
5310,29,244,929,143,0,11200,0,0,0,761696,761696,2851
5325,29,298,930,144,0,11200,0,0,0,764109,764109,2851
5340,29,343,930,143,0,11200,0,0,0,766250,766250,2851
5356,29,418,930,143,0,11200,0,0,0,768432,768432,2851
5371,29,523,930,142,0,11200,0,0,0,770663,770663,2851
5386,29,586,930,141,0,11200,0,0,0,772855,772855,2851
5402,29,653,930,140,0,11200,0,0,0,774698,774698,2851
5417,29,716,930,139,0,11200,0,0,0,776490,776490,2851
5433,29,785,930,137,0,11200,0,0,0,778213,778213,2851
5448,29,858,930,136,0,11200,0,0,0,779916,779916,2851
5463,30,5,932,135,0,11200,0,0,0,781810,781810,2853
5478,30,107,932,135,0,11200,0,0,0,784382,784382,2853
5494,30,166,932,135,0,11200,0,0,0,786706,786706,2853
5509,30,233,932,135,0,11200,0,0,0,789133,789133,2853
5524,30,280,932,135,0,11200,0,0,0,791443,791443,2853
5540,30,324,932,134,0,11200,0,0,0,793490,793490,2853
5555,30,377,932,134,0,11200,0,0,0,795449,795449,2853
5570,30,460,932,134,0,11200,0,0,0,797657,797657,2853
5586,30,564,932,134,0,11200,0,0,0,799913,799913,2853
5601,30,654,932,134,0,11200,0,0,0,802009,802009,2853
5616,30,706,932,133,0,11200,0,0,0,803827,803827,2853
5632,30,771,932,133,0,11200,0,0,0,805781,805781,2853
5647,30,874,932,131,0,11200,0,0,0,807898,807898,2853
5663,31,920,932,131,0,11200,0,0,0,809406,809406,2853
5678,31,105,932,131,0,11200,0,0,0,811782,811782,2853
5694,31,162,932,131,0,11200,0,0,0,814192,814192,2853
5709,31,217,932,131,0,11200,0,0,0,816629,816629,2853
5724,31,267,932,131,0,11200,0,0,0,818964,818964,2853
5739,31,308,932,131,0,11200,0,0,0,821103,821103,2853
5755,31,363,932,131,0,11200,0,0,0,823158,823158,2853
5770,31,441,932,131,0,11200,0,0,0,825341,825341,2853
5785,31,529,932,130,0,11200,0,0,0,827499,827499,2853
5801,31,609,932,130,0,11200,0,0,0,829786,829786,2853
5816,31,659,932,130,0,11200,0,0,0,831328,831328,2853
5831,31,704,932,129,0,11200,0,0,0,833248,833248,2853
5847,31,765,932,129,0,11200,0,0,0,835272,835272,2853
5862,31,876,933,130,0,11200,0,0,0,837135,837135,2853
5877,31,920,936,131,0,11200,0,0,0,838654,838654,2854
5892,32,67,936,130,0,11200,0,0,0,840906,840906,2854
5907,32,139,936,130,0,11200,0,0,0,843245,843245,2854
5922,32,206,936,130,0,11200,0,0,0,845622,845622,2854
5938,32,262,936,130,0,11200,0,0,0,848095,848095,2854
5953,32,314,936,130,0,11200,0,0,0,850049,850049,2854
5969,32,396,936,130,0,11200,0,0,0,852424,852424,2854
5984,32,487,936,130,0,11200,0,0,0,854646,854646,2854
5999,32,561,936,129,0,11200,0,0,0,856844,856844,2854
6015,32,630,936,128,0,11200,0,0,0,858701,858701,2854
6030,32,689,938,130,0,11200,0,0,0,860625,860625,2854
6045,32,761,938,128,0,11200,0,0,0,862643,862643,2854
6060,32,845,938,128,0,11200,0,0,0,864502,864502,2854
6075,32,904,938,127,0,11200,0,0,0,866331,866331,2854
6090,33,17,939,127,0,11200,0,0,0,868006,868006,2854
6106,33,123,939,127,0,11200,0,0,0,870538,870538,2854
6121,33,172,939,127,0,11200,0,0,0,872962,872962,2854
6137,33,223,939,126,0,11200,0,0,0,875093,875093,2854
6152,33,275,939,126,0,11200,0,0,0,877359,877359,2854
6167,33,330,939,126,0,11200,0,0,0,879406,879406,2854
6183,33,404,939,125,0,11200,0,0,0,881801,881801,2854
6198,33,493,939,123,0,11200,0,0,0,884037,884037,2854
6213,33,570,939,123,0,11200,0,0,0,886348,886348,2854
6228,33,648,939,122,0,11200,0,0,0,888575,888575,2854
6245,33,696,940,123,0,11200,0,0,0,889804,889804,2854
6260,33,737,941,123,0,11200,0,0,0,891929,891929,2854
6275,33,824,941,121,0,11200,0,0,0,893840,893840,2854
6291,33,917,941,121,0,11200,0,0,0,895971,895971,2854
6306,34,24,941,121,0,11200,0,0,0,897643,897643,2854
6321,34,130,941,121,0,11200,0,0,0,899965,899965,2854
6336,34,191,941,120,0,11200,0,0,0,902408,902408,2854
6351,34,247,941,120,0,11200,0,0,0,904746,904746,2854
6366,34,288,941,120,0,11200,0,0,0,907029,907029,2854
6381,34,342,941,120,0,11200,0,0,0,909114,909114,2854
6397,34,402,942,121,0,11200,0,0,0,911319,911319,2856
6412,34,475,942,121,0,11200,0,0,0,913514,913514,2856
6427,34,543,942,120,0,11200,0,0,0,915662,915662,2856
6443,34,616,942,120,0,11200,0,0,0,917904,917904,2856
6458,34,689,942,119,0,11200,0,0,0,919909,919909,2856
6473,34,733,943,120,0,11200,0,0,0,921923,921923,2856
6488,34,845,943,119,0,11200,0,0,0,923954,923954,2856
6503,34,915,943,117,0,11200,0,0,0,925999,925999,2856
6518,35,17,943,116,0,11200,0,0,0,927481,927481,2856
6534,35,113,943,116,0,11200,0,0,0,929981,929981,2856
6549,35,154,943,116,0,11200,0,0,0,932078,932078,2856
6564,35,215,943,116,0,11200,0,0,0,934300,934300,2856
6579,35,270,943,116,0,11200,0,0,0,936561,936561,2856
6595,35,330,943,116,0,11200,0,0,0,938733,938733,2856
6610,35,389,943,116,0,11200,0,0,0,940824,940824,2856
6626,35,475,943,116,0,11200,0,0,0,943103,943103,2856
6641,35,564,943,116,0,11200,0,0,0,945359,945359,2856
6656,35,623,943,116,0,11200,0,0,0,947354,947354,2856
6671,35,692,943,115,0,11200,0,0,0,949152,949152,2856
6686,35,753,943,115,0,11200,0,0,0,951060,951060,2856
6702,35,844,943,114,0,11200,0,0,0,953003,953003,2856
6718,35,919,943,114,0,11200,0,0,0,955114,955114,2856
6733,36,17,943,112,0,11200,0,0,0,956571,956571,2856
6749,36,116,943,112,0,11200,0,0,0,959165,959165,2856
6764,36,170,943,111,0,11200,0,0,0,961610,961610,2856
6780,36,233,943,111,0,11200,0,0,0,963773,963773,2856
6795,36,281,943,111,0,11200,0,0,0,965977,965977,2856
6810,36,338,943,111,0,11200,0,0,0,968135,968135,2856
6826,36,404,943,111,0,11200,0,0,0,970345,970345,2856
6841,36,504,943,111,0,11200,0,0,0,972466,972466,2856
6856,36,571,943,111,0,11200,0,0,0,974746,974746,2856
6872,36,644,943,111,0,11200,0,0,0,976483,976483,2856
6887,36,696,944,111,0,11200,0,0,0,978378,978378,2856
6903,36,761,944,111,0,11200,0,0,0,980365,980365,2856
6918,36,846,944,109,0,11200,0,0,0,982483,982483,2856
6934,36,919,944,106,0,11200,0,0,0,984545,984545,2856
6949,37,25,944,105,0,11200,0,0,0,986504,986504,2856
6965,37,128,944,104,0,11200,0,0,0,988977,988977,2856
6980,37,194,944,104,0,11200,0,0,0,991124,991124,2856
6995,37,246,944,104,0,11200,0,0,0,993444,993444,2856
7010,37,307,944,104,0,11200,0,0,0,995652,995652,2856
7026,37,376,944,104,0,11200,0,0,0,997867,997867,2856
7041,37,452,944,104,0,11200,0,0,0,1000200,1000200,2856
7057,37,546,944,104,0,11200,0,0,0,1002558,1002558,2856
7072,37,617,945,104,0,11200,0,0,0,1004873,1004873,2856
7088,37,673,946,103,0,11200,0,0,0,1006743,1006743,2856
7104,37,720,946,103,0,11200,0,0,0,1008571,1008571,2856
7119,37,803,946,101,0,11200,0,0,0,1010628,1010628,2856
7134,37,901,946,101,0,11200,0,0,0,1012661,1012661,2856
7150,38,6,946,100,0,11200,0,0,0,1014102,1014102,2856
7165,38,101,946,99,0,11200,0,0,0,1016450,1016450,2856
7180,38,154,946,99,0,11200,0,0,0,1018896,1018896,2856
7195,38,204,946,99,0,11200,0,0,0,1021012,1021012,2856
7210,38,260,946,99,0,11200,0,0,0,1023269,1023269,2856
7226,38,297,946,99,0,11200,0,0,0,1025100,1025100,2856
7241,38,341,946,98,0,11200,0,0,0,1027167,1027167,2856
7256,38,396,946,98,0,11200,0,0,0,1029336,1029336,2856
7271,38,488,946,97,0,11200,0,0,0,1031677,1031677,2856
7287,38,563,946,97,0,11200,0,0,0,1033828,1033828,2856
7302,38,644,946,97,0,11200,0,0,0,1035807,1035807,2856
7318,38,704,946,97,0,11200,0,0,0,1037837,1037837,2856
7333,38,791,946,97,0,11200,0,0,0,1040050,1040050,2856
7348,38,876,946,97,0,11200,0,0,0,1041923,1041923,2856
7363,38,926,947,97,0,11200,0,0,0,1043477,1043477,2856
7378,39,43,947,97,0,11200,0,0,0,1045725,1045725,2856
7393,39,128,947,97,0,11200,0,0,0,1048059,1048059,2856
7409,39,188,947,97,0,11200,0,0,0,1050569,1050569,2856
7424,39,241,947,97,0,11200,0,0,0,1052745,1052745,2856
7439,39,283,948,98,0,11200,0,0,0,1055026,1055026,2857
7454,39,341,948,98,0,11200,0,0,0,1057165,1057165,2857
7469,39,404,948,98,0,11200,0,0,0,1059403,1059403,2857
7485,39,494,948,96,0,11200,0,0,0,1061646,1061646,2857
7500,39,563,948,95,0,11200,0,0,0,1063847,1063847,2857
7520,39,632,948,94,0,11200,0,0,0,1065929,1065929,2857
7535,39,690,948,94,0,11200,0,0,0,1067773,1067773,2857
7550,39,761,948,94,0,11200,0,0,0,1069941,1069941,2857
7565,39,845,949,94,0,11200,0,0,0,1071977,1071977,2857
7581,39,927,949,94,0,11200,0,0,0,1074060,1074060,2857
7596,40,43,949,93,0,11200,0,0,0,1076344,1076344,2857
7611,40,141,949,92,0,11200,0,0,0,1078706,1078706,2857
7626,40,200,949,92,0,11200,0,0,0,1080906,1080906,2857
7642,40,251,949,92,0,11200,0,0,0,1083141,1083141,2857
7657,40,300,949,92,0,11200,0,0,0,1085316,1085316,2857
7672,40,350,949,92,0,11200,0,0,0,1087372,1087372,2857
7687,40,431,949,92,0,11200,0,0,0,1089593,1089593,2857
7703,40,525,949,92,0,11200,0,0,0,1091708,1091708,2857
7718,40,609,949,92,0,11200,0,0,0,1093881,1093881,2857
7733,40,681,949,92,0,11200,0,0,0,1095799,1095799,2857
7748,40,747,949,91,0,11200,0,0,0,1097771,1097771,2857
7763,40,832,950,91,0,11200,0,0,0,1099760,1099760,2857
7778,40,900,950,91,0,11200,0,0,0,1101937,1101937,2857
7794,41,14,950,91,0,11200,0,0,0,1103897,1103897,2857
7809,41,116,950,90,0,11200,0,0,0,1106202,1106202,2857
7824,41,174,950,90,0,11200,0,0,0,1108701,1108701,2857
7840,41,227,950,90,0,11200,0,0,0,1110920,1110920,2857
7855,41,274,950,90,0,11200,0,0,0,1113198,1113198,2857
7871,41,334,950,90,0,11200,0,0,0,1115325,1115325,2857
7886,41,403,952,92,0,11200,0,0,0,1117652,1117652,2860
7902,41,500,952,91,0,11200,0,0,0,1120020,1120020,2860
7917,41,564,952,91,0,11200,0,0,0,1122291,1122291,2860
7932,41,647,952,91,0,11200,0,0,0,1124471,1124471,2860
7947,41,696,952,90,0,11200,0,0,0,1125825,1125825,2860
7963,41,763,954,92,0,11200,0,0,0,1128026,1128026,2863
7978,41,858,954,92,0,11200,0,0,0,1130064,1130064,2863
7994,42,950,958,95,0,11200,0,0,0,1132350,1132350,2867
8009,42,47,959,91,0,11200,0,0,0,1134624,1134624,2867
8024,42,138,959,91,0,11200,0,0,0,1136968,1136968,2867
8039,42,199,959,91,0,11200,0,0,0,1139408,1139408,2867
8055,42,244,959,91,0,11200,0,0,0,1141535,1141535,2867
8070,42,295,959,90,0,11200,0,0,0,1143689,1143689,2867
8085,42,362,959,90,0,11200,0,0,0,1145782,1145782,2867
8101,42,431,959,90,0,11200,0,0,0,1148061,1148061,2867
8116,42,524,959,90,0,11200,0,0,0,1150306,1150306,2867
8131,42,598,961,92,0,11200,0,0,0,1152575,1152575,2867
8147,42,664,961,92,0,11200,0,0,0,1154338,1154338,2867
8163,42,724,961,92,0,11200,0,0,0,1156167,1156167,2867
8178,42,815,961,92,0,11200,0,0,0,1158127,1158127,2867
8193,42,909,961,92,0,11200,0,0,0,1160274,1160274,2867
8209,43,7,962,92,0,11200,0,0,0,1161894,1161894,2874
8224,43,72,962,91,0,11200,0,0,0,1164395,1164395,2874
8240,43,134,962,90,0,11200,0,0,0,1166763,1166763,2874
8255,43,202,962,90,0,11200,0,0,0,1169136,1169136,2874
8270,43,245,962,90,0,11200,0,0,0,1171188,1171188,2874
8286,43,289,962,90,0,11200,0,0,0,1173525,1173525,2874
8301,43,334,962,90,0,11200,0,0,0,1175342,1175342,2874
8316,43,396,963,91,0,11200,0,0,0,1177525,1177525,2874
8332,43,451,963,91,0,11200,0,0,0,1179707,1179707,2874
8347,43,549,963,91,0,11200,0,0,0,1182094,1182094,2874
8362,43,614,963,91,0,11200,0,0,0,1183937,1183937,2874
8377,43,685,963,91,0,11200,0,0,0,1185461,1185461,2874
8393,43,730,963,91,0,11200,0,0,0,1187378,1187378,2874
8408,43,804,963,89,0,11200,0,0,0,1189462,1189462,2874
8423,43,883,963,87,0,11200,0,0,0,1191505,1191505,2874
8438,44,964,965,87,0,11200,0,0,0,1193431,1193431,2875
8453,44,91,965,87,0,11200,0,0,0,1195963,1195963,2875
8469,44,155,965,87,0,11200,0,0,0,1198408,1198408,2875
8484,44,216,965,87,0,11200,0,0,0,1200613,1200613,2875
8499,44,269,965,87,0,11200,0,0,0,1202931,1202931,2875
8515,44,316,965,87,0,11200,0,0,0,1205154,1205154,2875
8531,44,376,965,87,0,11200,0,0,0,1207261,1207261,2875
8546,44,460,965,87,0,11200,0,0,0,1209523,1209523,2875
8562,44,541,965,86,0,11200,0,0,0,1211785,1211785,2875
8577,44,608,966,87,0,11200,0,0,0,1214026,1214026,2875
8594,44,651,966,87,0,11200,0,0,0,1215552,1215552,2875
8609,44,704,967,88,0,11200,0,0,0,1217232,1217232,2875
8625,44,802,968,89,0,11200,0,0,0,1219464,1219464,2875
8640,44,875,969,89,0,11200,0,0,0,1221434,1221434,2875
8656,44,920,970,90,0,11200,0,0,0,1222828,1222828,2876
8671,45,14,970,87,0,11200,0,0,0,1224945,1224945,2876
8686,45,111,970,86,0,11200,0,0,0,1227446,1227446,2876
8702,45,163,970,86,0,11200,0,0,0,1229720,1229720,2876
8717,45,225,970,86,0,11200,0,0,0,1232205,1232205,2876
8732,45,271,970,85,0,11200,0,0,0,1234427,1234427,2876
8748,45,315,970,85,0,11200,0,0,0,1236452,1236452,2876
8763,45,379,970,85,0,11200,0,0,0,1238339,1238339,2876
8778,45,451,970,85,0,11200,0,0,0,1240494,1240494,2876
8793,45,546,970,85,0,11200,0,0,0,1242837,1242837,2876
8809,45,608,970,85,0,11200,0,0,0,1244995,1244995,2876
8824,45,667,970,85,0,11200,0,0,0,1246538,1246538,2876
8839,45,727,970,85,0,11200,0,0,0,1248676,1248676,2876
8854,45,838,970,85,0,11200,0,0,0,1250776,1250776,2876
8869,45,907,970,84,0,11200,0,0,0,1252711,1252711,2876
8898,45,921,970,84,0,11200,0,0,0,1253273,1253273,2876
8913,46,19,970,83,0,11200,0,0,0,1255571,1255571,2876
8928,46,130,971,83,0,11200,0,0,0,1258054,1258054,2876
8943,46,184,971,83,0,11200,0,0,0,1260393,1260393,2876
8958,46,235,971,82,0,11200,0,0,0,1262284,1262284,2876
8973,46,287,971,82,0,11200,0,0,0,1264686,1264686,2876
8988,46,341,971,82,0,11200,0,0,0,1266930,1266930,2876
9004,46,429,971,82,0,11200,0,0,0,1269178,1269178,2876
9020,46,508,971,81,0,11200,0,0,0,1271457,1271457,2876
9035,46,571,971,80,0,11200,0,0,0,1273626,1273626,2876
9050,46,644,972,80,0,11200,0,0,0,1275729,1275729,2877
9065,46,680,972,80,0,11200,0,0,0,1277274,1277274,2877
9080,46,739,972,80,0,11200,0,0,0,1279275,1279275,2877
9096,46,846,972,80,0,11200,0,0,0,1281377,1281377,2877
9114,46,920,972,80,0,11200,0,0,0,1283348,1283348,2877
9129,47,16,972,77,0,11200,0,0,0,1285512,1285512,2877
9144,47,124,973,77,0,11200,0,0,0,1288168,1288168,2877
9160,47,170,973,77,0,11200,0,0,0,1290435,1290435,2877
9175,47,226,973,77,0,11200,0,0,0,1292674,1292674,2877
9190,47,271,973,77,0,11200,0,0,0,1294768,1294768,2877
9205,47,320,973,77,0,11200,0,0,0,1296648,1296648,2877
9221,47,388,973,77,0,11200,0,0,0,1298810,1298810,2877
9236,47,451,973,77,0,11200,0,0,0,1301032,1301032,2877
9251,47,547,973,77,0,11200,0,0,0,1303365,1303365,2877
9267,47,612,973,77,0,11200,0,0,0,1305501,1305501,2877
9282,47,666,973,77,0,11200,0,0,0,1306953,1306953,2877
9297,47,712,974,78,0,11200,0,0,0,1308682,1308682,2877
9313,47,768,974,78,0,11200,0,0,0,1310876,1310876,2877
9328,47,876,976,80,0,11200,0,0,0,1312874,1312874,2877
9343,47,925,976,78,0,11200,0,0,0,1314589,1314589,2877
9359,48,16,976,75,0,11200,0,0,0,1316731,1316731,2877
9374,48,115,976,75,0,11200,0,0,0,1319252,1319252,2877
9389,48,158,976,75,0,11200,0,0,0,1321456,1321456,2877
9404,48,216,976,75,0,11200,0,0,0,1323386,1323386,2877
9420,48,266,976,75,0,11200,0,0,0,1325757,1325757,2877
9435,48,305,976,75,0,11200,0,0,0,1327604,1327604,2877
9451,48,358,976,75,0,11200,0,0,0,1329547,1329547,2877
9466,48,435,976,75,0,11200,0,0,0,1331796,1331796,2877
9482,48,523,976,75,0,11200,0,0,0,1334065,1334065,2877
9498,48,597,977,76,0,11200,0,0,0,1336443,1336443,2877
9513,48,674,977,75,0,11200,0,0,0,1338250,1338250,2877
9529,48,723,977,75,0,11200,0,0,0,1340159,1340159,2877
9544,48,803,977,75,0,11200,0,0,0,1342109,1342109,2877
9559,48,874,977,75,0,11200,0,0,0,1344049,1344049,2877
9575,48,935,977,75,0,11200,0,0,0,1346081,1346081,2877
9590,49,30,977,75,0,11200,0,0,0,1348546,1348546,2877
9605,49,135,977,75,0,11200,0,0,0,1351132,1351132,2877
9621,49,201,977,75,0,11200,0,0,0,1353457,1353457,2877
9636,49,258,977,75,0,11200,0,0,0,1355862,1355862,2877
9651,49,301,977,75,0,11200,0,0,0,1357986,1357986,2877
9666,49,351,977,75,0,11200,0,0,0,1360033,1360033,2877
9682,49,430,977,75,0,11200,0,0,0,1362074,1362074,2877
9697,49,512,977,75,0,11200,0,0,0,1364254,1364254,2877
9712,49,579,977,75,0,11200,0,0,0,1366430,1366430,2877
9727,49,671,978,76,0,11200,0,0,0,1368420,1368420,2877
9743,49,717,979,77,0,11200,0,0,0,1370245,1370245,2877
9758,49,803,979,77,0,11200,0,0,0,1372351,1372351,2877
9773,49,885,980,78,0,11200,0,0,0,1374325,1374325,2877
9788,49,941,981,75,0,11200,0,0,0,1375970,1375970,2877
9804,50,24,981,73,0,11200,0,0,0,1378349,1378349,2877
9819,50,127,981,73,0,11200,0,0,0,1380826,1380826,2877
9835,50,186,981,73,0,11200,0,0,0,1383347,1383347,2877
9850,50,242,981,73,0,11200,0,0,0,1385640,1385640,2877
9866,50,286,981,73,0,11200,0,0,0,1387930,1387930,2877
9881,50,338,981,73,0,11200,0,0,0,1389878,1389878,2877
9896,50,402,981,73,0,11200,0,0,0,1391948,1391948,2877
9911,50,495,981,73,0,11200,0,0,0,1394289,1394289,2877
9927,50,564,981,73,0,11200,0,0,0,1396330,1396330,2877
9943,50,632,982,73,0,11200,0,0,0,1398078,1398078,2878
9958,50,676,982,73,0,11200,0,0,0,1399049,1399049,2878
9973,50,753,982,73,0,11200,0,0,0,1401027,1401027,2878
9989,50,845,983,74,0,11200,0,0,0,1403162,1403162,2878
10004,50,919,984,75,0,11200,0,0,0,1405334,1405334,2879
10019,50,956,984,74,0,11200,0,0,0,1406365,1406365,2879
10035,51,49,984,72,0,11200,0,0,0,1408703,1408703,2879
10050,51,132,984,70,0,11200,0,0,0,1411104,1411104,2879
10066,51,200,985,71,0,11200,0,0,0,1413456,1413456,2879
10081,51,252,985,71,0,11200,0,0,0,1415814,1415814,2879
10096,51,298,986,72,0,11200,0,0,0,1417817,1417817,2882
10111,51,351,986,72,0,11200,0,0,0,1419823,1419823,2882
10126,51,429,986,72,0,11200,0,0,0,1422011,1422011,2882
10142,51,517,986,72,0,11200,0,0,0,1424256,1424256,2882
10157,51,585,986,72,0,11200,0,0,0,1426468,1426468,2882
10173,51,653,986,72,0,11200,0,0,0,1428355,1428355,2882
10188,51,713,987,73,0,11200,0,0,0,1430366,1430366,2882
10203,51,778,987,73,0,11200,0,0,0,1432381,1432381,2882
10218,51,857,987,72,0,11200,0,0,0,1434254,1434254,2882
10233,51,927,987,72,0,11200,0,0,0,1436198,1436198,2882
10249,52,14,987,67,0,11200,0,0,0,1438465,1438465,2882
10264,52,119,987,67,0,11200,0,0,0,1441000,1441000,2882
10279,52,170,987,67,0,11200,0,0,0,1443353,1443353,2882
10294,52,216,987,67,0,11200,0,0,0,1445486,1445486,2882
10310,52,267,987,67,0,11200,0,0,0,1447802,1447802,2882
10325,52,319,987,67,0,11200,0,0,0,1449765,1449765,2882
10340,52,377,987,66,0,11200,0,0,0,1451895,1451895,2882
10356,52,437,987,66,0,11200,0,0,0,1454217,1454217,2882
10371,52,517,987,66,0,11200,0,0,0,1456259,1456259,2882
10386,52,578,987,66,0,11200,0,0,0,1458359,1458359,2882
10402,52,632,987,66,0,11200,0,0,0,1459914,1459914,2882
10417,52,680,987,66,0,11200,0,0,0,1461331,1461331,2882
10433,52,739,987,66,0,11200,0,0,0,1463335,1463335,2882
10448,52,829,987,66,0,11200,0,0,0,1465261,1465261,2882
10463,52,881,988,67,0,11200,0,0,0,1466883,1466883,2882
10479,52,942,988,66,0,11200,0,0,0,1468409,1468409,2882
10494,53,19,988,66,0,11200,0,0,0,1470701,1470701,2882
10509,53,115,988,66,0,11200,0,0,0,1473236,1473236,2882
10525,53,176,989,67,0,11200,0,0,0,1475453,1475453,2883
10540,53,241,989,67,0,11200,0,0,0,1477769,1477769,2883
10556,53,289,989,67,0,11200,0,0,0,1480189,1480189,2883
10571,53,348,989,67,0,11200,0,0,0,1482234,1482234,2883
10586,53,425,989,66,0,11200,0,0,0,1484318,1484318,2883
10601,53,508,989,66,0,11200,0,0,0,1486377,1486377,2883
10617,53,575,989,66,0,11200,0,0,0,1488635,1488635,2883
10632,53,653,989,66,0,11200,0,0,0,1490445,1490445,2883
10647,53,711,989,66,0,11200,0,0,0,1492380,1492380,2883
10662,53,772,989,65,0,11200,0,0,0,1494466,1494466,2883
10677,53,883,989,65,0,11200,0,0,0,1496425,1496425,2883
10693,53,951,990,66,0,11200,0,0,0,1498417,1498417,2885
10709,54,14,991,61,0,11200,0,0,0,1500643,1500643,2885
10724,54,109,991,61,0,11200,0,0,0,1503043,1503043,2885
10739,54,159,991,61,0,11200,0,0,0,1505323,1505323,2885
10754,54,218,991,61,0,11200,0,0,0,1507637,1507637,2885
10769,54,268,991,61,0,11200,0,0,0,1510032,1510032,2885
10785,54,313,991,61,0,11200,0,0,0,1512150,1512150,2885
10800,54,369,991,61,0,11200,0,0,0,1514285,1514285,2885
10815,54,440,991,61,0,11200,0,0,0,1516532,1516532,2885
10830,54,521,991,61,0,11200,0,0,0,1518656,1518656,2885
10845,54,580,991,61,0,11200,0,0,0,1520908,1520908,2885
10860,54,648,991,61,0,11200,0,0,0,1522970,1522970,2885
10876,54,693,991,61,0,11200,0,0,0,1524205,1524205,2885
10892,54,763,991,60,0,11200,0,0,0,1526148,1526148,2885
10907,54,844,991,59,0,11200,0,0,0,1528035,1528035,2885
10922,54,918,991,59,0,11200,0,0,0,1530097,1530097,2885
10937,55,984,991,59,0,11200,0,0,0,1531585,1531585,2885
10952,55,47,991,59,0,11200,0,0,0,1533863,1533863,2885
10968,55,147,991,59,0,11200,0,0,0,1536281,1536281,2885
10983,55,199,991,59,0,11200,0,0,0,1538534,1538534,2885
10998,55,259,991,59,0,11200,0,0,0,1540808,1540808,2885
11013,55,305,991,59,0,11200,0,0,0,1542906,1542906,2885
11029,55,358,991,59,0,11200,0,0,0,1545008,1545008,2885
11044,55,435,991,59,0,11200,0,0,0,1547346,1547346,2885
11060,55,516,991,59,0,11200,0,0,0,1549587,1549587,2885
11075,55,571,991,59,0,11200,0,0,0,1551640,1551640,2885
11091,55,651,991,59,0,11200,0,0,0,1553764,1553764,2885
11106,55,699,991,59,0,11200,0,0,0,1555498,1555498,2885
11121,55,756,991,59,0,11200,0,0,0,1557511,1557511,2885
11137,55,845,991,58,0,11200,0,0,0,1559376,1559376,2885
11153,55,911,991,58,0,11200,0,0,0,1561412,1561412,2885
11168,55,950,991,58,0,11200,0,0,0,1562852,1562852,2885
11183,56,14,992,59,0,11200,0,0,0,1565003,1565003,2885
11198,56,113,992,58,0,11200,0,0,0,1567479,1567479,2885
11214,56,164,992,58,0,11200,0,0,0,1569811,1569811,2885
11229,56,241,992,58,0,11200,0,0,0,1572188,1572188,2885
11244,56,277,992,58,0,11200,0,0,0,1574349,1574349,2885
11260,56,330,992,58,0,11200,0,0,0,1576604,1576604,2885
11275,56,397,992,58,0,11200,0,0,0,1578566,1578566,2885
11290,56,516,992,57,0,11200,0,0,0,1580765,1580765,2885
11306,56,591,992,57,0,11200,0,0,0,1583101,1583101,2885
11321,56,666,993,58,0,11200,0,0,0,1585080,1585080,2888
11336,56,716,993,58,0,11200,0,0,0,1586715,1586715,2888
11352,56,780,993,57,0,11200,0,0,0,1588421,1588421,2888
11367,56,880,993,57,0,11200,0,0,0,1590372,1590372,2888
11382,56,945,993,56,0,11200,0,0,0,1592084,1592084,2888
11397,57,11,994,54,0,11200,0,0,0,1594358,1594358,2889
11413,57,109,994,53,0,11200,0,0,0,1596688,1596688,2889
11428,57,162,994,53,0,11200,0,0,0,1599090,1599090,2889
11443,57,212,994,53,0,11200,0,0,0,1601183,1601183,2889
11459,57,273,994,53,0,11200,0,0,0,1603545,1603545,2889
11474,57,324,994,53,0,11200,0,0,0,1605775,1605775,2889
11489,57,379,994,53,0,11200,0,0,0,1607867,1607867,2889
11504,57,461,994,53,0,11200,0,0,0,1610196,1610196,2889
11519,57,553,994,53,0,11200,0,0,0,1612439,1612439,2889
11535,57,617,994,53,0,11200,0,0,0,1614641,1614641,2889
11550,57,690,995,54,0,11200,0,0,0,1616532,1616532,2889
11566,57,756,995,54,0,11200,0,0,0,1618666,1618666,2889
11581,57,844,995,54,0,11200,0,0,0,1620458,1620458,2889
11596,57,917,995,53,0,11200,0,0,0,1622452,1622452,2889
11611,58,985,995,51,0,11200,0,0,0,1624062,1624062,2889
11627,58,43,995,51,0,11200,0,0,0,1626333,1626333,2889
11642,58,132,995,51,0,11200,0,0,0,1628870,1628870,2889
11658,58,191,996,52,0,11200,0,0,0,1631220,1631220,2889
11673,58,252,996,52,0,11200,0,0,0,1633513,1633513,2889
11688,58,303,996,52,0,11200,0,0,0,1635659,1635659,2889
11703,58,358,996,52,0,11200,0,0,0,1637797,1637797,2889
11718,58,430,996,52,0,11200,0,0,0,1639869,1639869,2889
11734,58,518,996,51,0,11200,0,0,0,1642160,1642160,2889
11749,58,598,996,51,0,11200,0,0,0,1644343,1644343,2889
11766,58,667,996,51,0,11200,0,0,0,1646235,1646235,2889
11782,58,730,996,51,0,11200,0,0,0,1648121,1648121,2889
11797,58,838,996,51,0,11200,0,0,0,1650184,1650184,2889
11812,58,915,996,51,0,11200,0,0,0,1651954,1651954,2889
11828,59,986,996,50,0,11200,0,0,0,1653589,1653589,2889
11843,59,91,996,50,0,11200,0,0,0,1655937,1655937,2889
11859,59,146,996,50,0,11200,0,0,0,1658270,1658270,2889
11874,59,200,996,50,0,11200,0,0,0,1660454,1660454,2889
11889,59,248,996,50,0,11200,0,0,0,1662628,1662628,2889
11904,59,300,996,50,0,11200,0,0,0,1664916,1664916,2889
11920,59,372,996,50,0,11200,0,0,0,1667145,1667145,2889
11935,59,451,996,50,0,11200,0,0,0,1669511,1669511,2889
11951,59,552,996,50,0,11200,0,0,0,1671802,1671802,2889
11966,59,617,996,50,0,11200,0,0,0,1673957,1673957,2889
11982,59,680,997,51,0,11200,0,0,0,1675681,1675681,2889
11997,59,729,997,51,0,11200,0,0,0,1677607,1677607,2889
12012,59,808,997,50,0,11200,0,0,0,1679774,1679774,2889
12027,59,896,997,50,0,11200,0,0,0,1681723,1681723,2889
12043,59,964,997,50,0,11200,0,0,0,1683439,1683439,2889
12058,60,26,999,50,0,11200,0,0,0,1685504,1685504,2891
12073,60,135,999,50,0,11200,0,0,0,1687854,1687854,2891
12089,60,195,999,50,0,11200,0,0,0,1690385,1690385,2891
12104,60,244,999,50,0,11200,0,0,0,1692318,1692318,2891
12119,60,291,999,50,0,11200,0,0,0,1694649,1694649,2891
12134,60,347,999,50,0,11200,0,0,0,1696647,1696647,2891
12150,60,431,999,50,0,11200,0,0,0,1698861,1698861,2891
12165,60,513,999,50,0,11200,0,0,0,1700918,1700918,2891
12180,60,571,999,50,0,11200,0,0,0,1702969,1702969,2891
12195,60,646,999,50,0,11200,0,0,0,1705359,1705359,2891
12210,60,709,1000,51,0,11200,0,0,0,1707100,1707100,2897
12226,60,791,1000,51,0,11200,0,0,0,1709225,1709225,2897
12241,60,883,1000,51,0,11200,0,0,0,1711254,1711254,2897
12256,60,927,1000,51,0,11200,0,0,0,1712928,1712928,2897
12271,61,6,1000,48,0,11200,0,0,0,1715047,1715047,2897
12286,61,105,1001,49,0,11200,0,0,0,1717534,1717534,2897
12301,61,147,1001,49,0,11200,0,0,0,1719835,1719835,2897
12316,61,202,1002,50,0,11200,0,0,0,1722234,1722234,2897
12332,61,260,1002,50,0,11200,0,0,0,1724538,1724538,2897
12347,61,312,1002,50,0,11200,0,0,0,1726718,1726718,2897
12362,61,369,1002,50,0,11200,0,0,0,1728759,1728759,2897
12377,61,439,1002,50,0,11200,0,0,0,1731012,1731012,2897
12393,61,538,1002,50,0,11200,0,0,0,1733263,1733263,2897
12408,61,608,1002,50,0,11200,0,0,0,1735297,1735297,2897
12424,61,651,1003,51,0,11200,0,0,0,1736438,1736438,2898
12439,61,711,1003,51,0,11200,0,0,0,1738452,1738452,2898
12455,61,780,1003,51,0,11200,0,0,0,1740637,1740637,2898
12470,61,858,1003,51,0,11200,0,0,0,1742594,1742594,2898
12486,61,926,1003,51,0,11200,0,0,0,1744300,1744300,2898
12501,62,8,1003,48,0,11200,0,0,0,1746395,1746395,2898
12516,62,101,1003,48,0,11200,0,0,0,1748830,1748830,2898
12532,62,147,1003,48,0,11200,0,0,0,1751040,1751040,2898
12547,62,204,1004,49,0,11200,0,0,0,1753258,1753258,2898
12563,62,260,1004,49,0,11200,0,0,0,1755692,1755692,2898
12578,62,307,1004,49,0,11200,0,0,0,1757890,1757890,2898
12593,62,366,1004,49,0,11200,0,0,0,1759759,1759759,2898
12608,62,439,1004,49,0,11200,0,0,0,1761987,1761987,2898
12624,62,529,1004,49,0,11200,0,0,0,1764141,1764141,2898
12639,62,611,1004,49,0,11200,0,0,0,1766173,1766173,2898
12654,62,671,1004,49,0,11200,0,0,0,1767704,1767704,2898
12669,62,722,1004,49,0,11200,0,0,0,1769675,1769675,2898
12684,62,808,1004,49,0,11200,0,0,0,1771722,1771722,2898
12699,62,894,1004,49,0,11200,0,0,0,1773779,1773779,2898
12718,62,921,1004,49,0,11200,0,0,0,1774588,1774588,2898
12733,63,997,1004,48,0,11200,0,0,0,1776668,1776668,2898
12748,63,71,1004,47,0,11200,0,0,0,1779088,1779088,2898
12763,63,140,1004,47,0,11200,0,0,0,1781466,1781466,2898
12778,63,200,1004,47,0,11200,0,0,0,1783779,1783779,2898
12794,63,250,1004,47,0,11200,0,0,0,1786091,1786091,2898
12809,63,291,1004,47,0,11200,0,0,0,1788231,1788231,2898
12824,63,341,1004,47,0,11200,0,0,0,1790278,1790278,2898
12839,63,406,1004,47,0,11200,0,0,0,1792354,1792354,2898
12854,63,483,1004,47,0,11200,0,0,0,1794332,1794332,2898
12870,63,560,1004,47,0,11200,0,0,0,1796383,1796383,2898
12885,63,632,1004,46,0,11200,0,0,0,1798415,1798415,2898
12900,63,680,1004,46,0,11200,0,0,0,1799991,1799991,2898
12915,63,729,1004,46,0,11200,0,0,0,1801930,1801930,2898
12931,63,838,1004,46,0,11200,0,0,0,1804055,1804055,2898
12948,63,920,1004,46,0,11200,0,0,0,1806024,1806024,2898
12963,64,990,1004,44,0,11200,0,0,0,1807907,1807907,2898
12979,64,101,1005,44,0,11200,0,0,0,1810482,1810482,2898
12994,64,141,1005,44,0,11200,0,0,0,1812693,1812693,2898
13009,64,207,1005,44,0,11200,0,0,0,1814919,1814919,2898
13024,64,261,1005,44,0,11200,0,0,0,1817331,1817331,2898
13040,64,298,1005,44,0,11200,0,0,0,1819480,1819480,2898
13056,64,348,1005,44,0,11200,0,0,0,1821518,1821518,2898
13071,64,429,1005,44,0,11200,0,0,0,1823857,1823857,2898
13086,64,524,1005,44,0,11200,0,0,0,1826067,1826067,2898
13101,64,597,1005,44,0,11200,0,0,0,1828162,1828162,2898
13116,64,642,1005,44,0,11200,0,0,0,1829595,1829595,2898
13132,64,671,1005,44,0,11200,0,0,0,1830840,1830840,2898
13147,64,719,1005,44,0,11200,0,0,0,1832781,1832781,2898
13162,64,832,1006,45,0,11200,0,0,0,1834959,1834959,2898
13178,64,904,1006,45,0,11200,0,0,0,1836966,1836966,2898
13219,64,921,1006,45,0,11200,0,0,0,1837652,1837652,2898
13234,65,1002,1006,45,0,11200,0,0,0,1839775,1839775,2898
13249,65,106,1006,45,0,11200,0,0,0,1842088,1842088,2898
13264,65,163,1007,46,0,11200,0,0,0,1844220,1844220,2898
13279,65,226,1007,46,0,11200,0,0,0,1846378,1846378,2898
13294,65,275,1007,46,0,11200,0,0,0,1848580,1848580,2898
13310,65,317,1007,46,0,11200,0,0,0,1850661,1850661,2898
13325,65,376,1007,46,0,11200,0,0,0,1852692,1852692,2898
13341,65,450,1007,46,0,11200,0,0,0,1854868,1854868,2898
13356,65,546,1007,46,0,11200,0,0,0,1857252,1857252,2898
13371,65,605,1007,46,0,11200,0,0,0,1859272,1859272,2898
13386,65,671,1007,46,0,11200,0,0,0,1861014,1861014,2898
13401,65,733,1007,46,0,11200,0,0,0,1863083,1863083,2898
13417,65,836,1007,46,0,11200,0,0,0,1865063,1865063,2898
13432,65,908,1007,46,0,11200,0,0,0,1867214,1867214,2898
13447,66,988,1007,46,0,11200,0,0,0,1869242,1869242,2898
13462,66,30,1007,46,0,11200,0,0,0,1871353,1871353,2898
13477,66,132,1007,46,0,11200,0,0,0,1874039,1874039,2898
13493,66,184,1007,46,0,11200,0,0,0,1876534,1876534,2898
13508,66,243,1007,46,0,11200,0,0,0,1878670,1878670,2898
13524,66,295,1007,46,0,11200,0,0,0,1881101,1881101,2898
13539,66,347,1007,46,0,11200,0,0,0,1883275,1883275,2898
13556,66,410,1008,47,0,11200,0,0,0,1885581,1885581,2898
13571,66,508,1008,47,0,11200,0,0,0,1887794,1887794,2898
13586,66,578,1008,47,0,11200,0,0,0,1889966,1889966,2898
13602,66,651,1008,47,0,11200,0,0,0,1891677,1891677,2898
13618,66,704,1008,47,0,11200,0,0,0,1893242,1893242,2898
13633,66,805,1008,46,0,11200,0,0,0,1895460,1895460,2898
13648,66,908,1008,46,0,11200,0,0,0,1897444,1897444,2898
13664,66,971,1008,46,0,11200,0,0,0,1899195,1899195,2898
13679,67,27,1008,43,0,11200,0,0,0,1901476,1901476,2898
13694,67,129,1008,43,0,11200,0,0,0,1904063,1904063,2898
13711,67,191,1008,43,0,11200,0,0,0,1906386,1906386,2898
13726,67,239,1009,44,0,11200,0,0,0,1908573,1908573,2899
13741,67,280,1009,44,0,11200,0,0,0,1910827,1910827,2899
13756,67,329,1009,44,0,11200,0,0,0,1912969,1912969,2899
13771,67,389,1009,44,0,11200,0,0,0,1915055,1915055,2899
13786,67,464,1009,44,0,11200,0,0,0,1917409,1917409,2899
13802,67,541,1009,44,0,11200,0,0,0,1919778,1919778,2899
13817,67,602,1010,45,0,11200,0,0,0,1921850,1921850,2899
13832,67,654,1010,45,0,11200,0,0,0,1923292,1923292,2899
13848,67,703,1010,45,0,11200,0,0,0,1924797,1924797,2899
13863,67,763,1010,45,0,11200,0,0,0,1926853,1926853,2899
13878,67,861,1010,45,0,11200,0,0,0,1928977,1928977,2899
13893,67,926,1010,45,0,11200,0,0,0,1930617,1930617,2899
13908,68,999,1010,44,0,11200,0,0,0,1932683,1932683,2899
13923,68,47,1010,42,0,11200,0,0,0,1935101,1935101,2899
13939,68,154,1010,42,0,11200,0,0,0,1937676,1937676,2899
13954,68,210,1010,42,0,11200,0,0,0,1939970,1939970,2899
13969,68,269,1010,42,0,11200,0,0,0,1942411,1942411,2899
13985,68,313,1010,42,0,11200,0,0,0,1944415,1944415,2899
14000,68,377,1010,41,0,11200,0,0,0,1946665,1946665,2899
14015,68,443,1010,41,0,11200,0,0,0,1948789,1948789,2899
14031,68,543,1010,41,0,11200,0,0,0,1951054,1951054,2899
14046,68,614,1010,41,0,11200,0,0,0,1953194,1953194,2899
14061,68,657,1010,41,0,11200,0,0,0,1954595,1954595,2899
14076,68,716,1010,41,0,11200,0,0,0,1956299,1956299,2899
14092,68,791,1010,40,0,11200,0,0,0,1958408,1958408,2899
14107,68,880,1010,40,0,11200,0,0,0,1960495,1960495,2899
14122,68,920,1010,40,0,11200,0,0,0,1961884,1961884,2899
14137,69,992,1010,39,0,11200,0,0,0,1963914,1963914,2899
14153,69,30,1010,38,0,11200,0,0,0,1966088,1966088,2899
14168,69,133,1010,38,0,11200,0,0,0,1968420,1968420,2899
14183,69,191,1010,37,0,11200,0,0,0,1970858,1970858,2899
14198,69,233,1011,38,0,11200,0,0,0,1972937,1972937,2901
14214,69,275,1011,38,0,11200,0,0,0,1975120,1975120,2901
14229,69,326,1011,38,0,11200,0,0,0,1977099,1977099,2901
14244,69,377,1011,38,0,11200,0,0,0,1979097,1979097,2901
14260,69,440,1011,38,0,11200,0,0,0,1981354,1981354,2901
14275,69,520,1011,38,0,11200,0,0,0,1983499,1983499,2901
14290,69,608,1011,38,0,11200,0,0,0,1985774,1985774,2901
14306,69,653,1011,38,0,11200,0,0,0,1987345,1987345,2901
14321,69,704,1012,39,0,11200,0,0,0,1989254,1989254,2904
14336,69,771,1012,39,0,11200,0,0,0,1991248,1991248,2904
14351,69,858,1012,39,0,11200,0,0,0,1993176,1993176,2904
14370,69,920,1012,38,0,11200,0,0,0,1994876,1994876,2904
14385,70,1008,1012,38,0,11200,0,0,0,1996909,1996909,2904
14400,70,71,1013,37,0,11200,0,0,0,1999118,1999118,2904
14416,70,146,1013,37,0,11200,0,0,0,2001708,2001708,2904
14431,70,206,1013,37,0,11200,0,0,0,2004055,2004055,2904
14447,70,256,1013,37,0,11200,0,0,0,2006313,2006313,2904
14462,70,304,1013,37,0,11200,0,0,0,2008393,2008393,2904
14478,70,347,1013,37,0,11200,0,0,0,2010566,2010566,2904
14493,70,417,1013,37,0,11200,0,0,0,2012680,2012680,2904
14508,70,512,1014,38,0,11200,0,0,0,2014694,2014694,2905
14523,70,579,1014,38,0,11200,0,0,0,2016772,2016772,2905
14538,70,650,1015,39,0,11200,0,0,0,2018763,2018763,2908
14553,70,690,1015,39,0,11200,0,0,0,2020285,2020285,2908
14568,70,764,1015,39,0,11200,0,0,0,2022577,2022577,2908
14584,70,858,1015,39,0,11200,0,0,0,2024639,2024639,2908
14599,70,967,1015,39,0,11200,0,0,0,2026781,2026781,2908
14615,71,11,1015,34,0,11200,0,0,0,2028676,2028676,2908
14630,71,115,1015,34,0,11200,0,0,0,2031154,2031154,2908
14645,71,167,1015,34,0,11200,0,0,0,2033402,2033402,2908
14660,71,232,1015,34,0,11200,0,0,0,2035608,2035608,2908
14675,71,274,1015,34,0,11200,0,0,0,2037801,2037801,2908
14690,71,319,1015,34,0,11200,0,0,0,2039761,2039761,2908
14705,71,370,1015,34,0,11200,0,0,0,2041838,2041838,2908
14721,71,439,1015,34,0,11200,0,0,0,2043924,2043924,2908
14736,71,527,1015,34,0,11200,0,0,0,2046307,2046307,2908
14751,71,601,1015,34,0,11200,0,0,0,2048248,2048248,2908
14767,71,650,1015,34,0,11200,0,0,0,2049730,2049730,2908
14782,71,699,1015,34,0,11200,0,0,0,2051333,2051333,2908
14798,71,764,1015,34,0,11200,0,0,0,2053427,2053427,2908
14813,71,858,1015,33,0,11200,0,0,0,2055425,2055425,2908
14832,71,920,1015,32,0,11200,0,0,0,2057006,2057006,2908
14863,71,921,1015,32,0,11200,0,0,0,2057102,2057102,2908
14879,71,992,1015,32,0,11200,0,0,0,2059072,2059072,2908
14901,72,1013,1015,32,0,11200,0,0,0,2059733,2059733,2908
14916,72,49,1015,32,0,11200,0,0,0,2062150,2062150,2908
14932,72,132,1015,32,0,11200,0,0,0,2064525,2064525,2908
14947,72,188,1015,32,0,11200,0,0,0,2066919,2066919,2908
14963,72,246,1015,32,0,11200,0,0,0,2069203,2069203,2908
14979,72,304,1015,32,0,11200,0,0,0,2071365,2071365,2908
14994,72,348,1015,32,0,11200,0,0,0,2073200,2073200,2908
15009,72,425,1015,32,0,11200,0,0,0,2075710,2075710,2908
15025,72,525,1015,32,0,11200,0,0,0,2077907,2077907,2908
15040,72,598,1015,32,0,11200,0,0,0,2080216,2080216,2908
15055,72,676,1015,32,0,11200,0,0,0,2082456,2082456,2908
15071,72,741,1015,32,0,11200,0,0,0,2084384,2084384,2908
15086,72,803,1015,31,0,11200,0,0,0,2086340,2086340,2908
15102,72,881,1015,31,0,11200,0,0,0,2088311,2088311,2908
15117,72,951,1015,31,0,11200,0,0,0,2090053,2090053,2908
15139,73,1013,1015,31,0,11200,0,0,0,2091884,2091884,2908
15154,73,83,1015,31,0,11200,0,0,0,2094406,2094406,2908
15169,73,136,1015,30,0,11200,0,0,0,2096700,2096700,2908
15185,73,207,1015,30,0,11200,0,0,0,2099171,2099171,2908
15200,73,255,1015,30,0,11200,0,0,0,2101552,2101552,2908
15215,73,315,1015,30,0,11200,0,0,0,2103779,2103779,2908
15230,73,376,1015,30,0,11200,0,0,0,2105927,2105927,2908
15245,73,446,1015,30,0,11200,0,0,0,2108280,2108280,2908
15261,73,547,1015,30,0,11200,0,0,0,2110593,2110593,2908
15280,73,613,1015,30,0,11200,0,0,0,2112767,2112767,2908
15297,73,651,1015,30,0,11200,0,0,0,2113955,2113955,2908
15313,73,720,1015,30,0,11200,0,0,0,2115933,2115933,2908
15328,73,807,1016,31,0,11200,0,0,0,2118002,2118002,2908
15343,73,881,1016,31,0,11200,0,0,0,2119960,2119960,2908
15358,73,932,1017,32,0,11200,0,0,0,2121365,2121365,2908
15374,74,1008,1017,31,0,11200,0,0,0,2123401,2123401,2908
15389,74,8,1017,31,0,11200,0,0,0,2124025,2124025,2908
15405,74,107,1017,31,0,11200,0,0,0,2126522,2126522,2908
15420,74,149,1017,31,0,11200,0,0,0,2128782,2128782,2908
15435,74,206,1017,31,0,11200,0,0,0,2131169,2131169,2908
15450,74,259,1017,31,0,11200,0,0,0,2133286,2133286,2908
15466,74,305,1017,31,0,11200,0,0,0,2135327,2135327,2908
15481,74,359,1017,31,0,11200,0,0,0,2137623,2137623,2908
15497,74,434,1017,31,0,11200,0,0,0,2139944,2139944,2908
15512,74,521,1017,31,0,11200,0,0,0,2141959,2141959,2908
15528,74,581,1017,31,0,11200,0,0,0,2144171,2144171,2908
15545,74,651,1017,31,0,11200,0,0,0,2145863,2145863,2908
15560,74,693,1017,31,0,11200,0,0,0,2147587,2147587,2908
15575,74,771,1017,31,0,11200,0,0,0,2149673,2149673,2908
15591,74,881,1017,31,0,11200,0,0,0,2151662,2151662,2908
15606,74,920,1017,31,0,11200,0,0,0,2153057,2153057,2908
15622,75,997,1018,32,0,11200,0,0,0,2154909,2154909,2908
15637,75,14,1018,32,0,11200,0,0,0,2156285,2156285,2908
15652,75,105,1019,33,0,11200,0,0,0,2158518,2158518,2909
15667,75,156,1019,33,0,11200,0,0,0,2161031,2161031,2909
15683,75,217,1019,33,0,11200,0,0,0,2163131,2163131,2909
15698,75,271,1019,32,0,11200,0,0,0,2165302,2165302,2909
15713,75,313,1019,32,0,11200,0,0,0,2167466,2167466,2909
15728,75,389,1019,32,0,11200,0,0,0,2169729,2169729,2909
15743,75,452,1019,32,0,11200,0,0,0,2171981,2171981,2909
15759,75,546,1019,32,0,11200,0,0,0,2174155,2174155,2909
15775,75,632,1019,32,0,11200,0,0,0,2176332,2176332,2909
15790,75,685,1019,32,0,11200,0,0,0,2178111,2178111,2909
15805,75,755,1019,32,0,11200,0,0,0,2180212,2180212,2909
15821,75,832,1019,32,0,11200,0,0,0,2182189,2182189,2909
15836,75,914,1019,32,0,11200,0,0,0,2184182,2184182,2909
15851,75,967,1019,32,0,11200,0,0,0,2185941,2185941,2909
15866,76,8,1019,31,0,11200,0,0,0,2187903,2187903,2909
15882,76,98,1019,31,0,11200,0,0,0,2190241,2190241,2909
15897,76,147,1019,31,0,11200,0,0,0,2192360,2192360,2909
15912,76,205,1019,31,0,11200,0,0,0,2194748,2194748,2909
15928,76,259,1019,31,0,11200,0,0,0,2196979,2196979,2909
15943,76,295,1019,31,0,11200,0,0,0,2198977,2198977,2909
15959,76,351,1019,31,0,11200,0,0,0,2201212,2201212,2909
15974,76,425,1019,31,0,11200,0,0,0,2203464,2203464,2909
15989,76,521,1019,31,0,11200,0,0,0,2205698,2205698,2909
16004,76,581,1019,31,0,11200,0,0,0,2207970,2207970,2909
16022,76,650,1019,31,0,11200,0,0,0,2209773,2209773,2909
16037,76,685,1019,31,0,11200,0,0,0,2211085,2211085,2909
16052,76,753,1019,31,0,11200,0,0,0,2213152,2213152,2909
16067,76,846,1019,31,0,11200,0,0,0,2215237,2215237,2909
16083,76,930,1019,31,0,11200,0,0,0,2217068,2217068,2909
16098,77,1002,1020,31,0,11200,0,0,0,2219100,2219100,2909
16113,77,49,1020,30,0,11200,0,0,0,2221277,2221277,2909
16129,77,147,1020,30,0,11200,0,0,0,2223792,2223792,2909
16144,77,205,1020,30,0,11200,0,0,0,2226043,2226043,2909
16159,77,260,1020,30,0,11200,0,0,0,2228334,2228334,2909
16175,77,303,1020,30,0,11200,0,0,0,2230272,2230272,2909
16190,77,367,1020,30,0,11200,0,0,0,2232534,2232534,2909
16205,77,452,1020,30,0,11200,0,0,0,2234646,2234646,2909
16220,77,531,1020,30,0,11200,0,0,0,2236821,2236821,2909
16235,77,609,1020,30,0,11200,0,0,0,2239164,2239164,2909
16251,77,674,1020,30,0,11200,0,0,0,2240990,2240990,2909
16266,77,733,1020,30,0,11200,0,0,0,2242925,2242925,2909
16282,77,832,1020,30,0,11200,0,0,0,2244887,2244887,2909
16297,77,904,1021,31,0,11200,0,0,0,2246742,2246742,2909
16312,77,971,1021,31,0,11200,0,0,0,2248617,2248617,2909
16327,78,5,1021,31,0,11200,0,0,0,2249915,2249915,2909
16343,78,106,1021,31,0,11200,0,0,0,2252370,2252370,2909
16358,78,158,1021,30,0,11200,0,0,0,2254839,2254839,2909
16374,78,223,1021,30,0,11200,0,0,0,2257081,2257081,2909
16389,78,266,1021,30,0,11200,0,0,0,2259154,2259154,2909
16404,78,301,1021,30,0,11200,0,0,0,2261043,2261043,2909
16419,78,351,1021,30,0,11200,0,0,0,2263134,2263134,2909
16434,78,430,1021,30,0,11200,0,0,0,2265318,2265318,2909
16450,78,511,1021,30,0,11200,0,0,0,2267372,2267372,2909
16465,78,578,1021,29,0,11200,0,0,0,2269785,2269785,2909
16481,78,663,1021,29,0,11200,0,0,0,2271859,2271859,2909
16496,78,716,1022,30,0,11200,0,0,0,2273794,2273794,2909
16511,78,774,1022,30,0,11200,0,0,0,2275555,2275555,2909
16527,78,880,1022,30,0,11200,0,0,0,2277511,2277511,2909
16542,78,941,1022,30,0,11200,0,0,0,2279498,2279498,2909
16557,79,1012,1022,30,0,11200,0,0,0,2281778,2281778,2909
16572,79,1019,1022,30,0,11200,0,0,0,2282071,2282071,2909
16587,79,72,1022,29,0,11200,0,0,0,2284441,2284441,2909
16603,79,149,1022,29,0,11200,0,0,0,2286867,2286867,2909
16618,79,207,1022,29,0,11200,0,0,0,2289044,2289044,2909
16633,79,261,1022,29,0,11200,0,0,0,2291414,2291414,2909
16649,79,304,1022,29,0,11200,0,0,0,2293347,2293347,2909
16664,79,350,1022,29,0,11200,0,0,0,2295182,2295182,2909
16679,79,425,1022,28,0,11200,0,0,0,2297469,2297469,2909
16694,79,483,1022,28,0,11200,0,0,0,2299441,2299441,2909
16709,79,556,1022,28,0,11200,0,0,0,2301812,2301812,2909
16725,79,617,1022,28,0,11200,0,0,0,2303771,2303771,2909
16740,79,674,1022,28,0,11200,0,0,0,2305286,2305286,2909
16755,79,716,1022,28,0,11200,0,0,0,2307062,2307062,2909
16770,79,800,1022,27,0,11200,0,0,0,2309004,2309004,2909
16785,79,894,1022,26,0,11200,0,0,0,2311044,2311044,2909
16800,79,941,1022,26,0,11200,0,0,0,2312357,2312357,2909
16824,80,1013,1022,25,0,11200,0,0,0,2314386,2314386,2909
16839,80,104,1022,24,0,11200,0,0,0,2316819,2316819,2909
16854,80,154,1022,24,0,11200,0,0,0,2319090,2319090,2909
16870,80,207,1022,24,0,11200,0,0,0,2321243,2321243,2909
16885,80,258,1022,24,0,11200,0,0,0,2323575,2323575,2909
16900,80,304,1022,24,0,11200,0,0,0,2325469,2325469,2909
16915,80,358,1022,24,0,11200,0,0,0,2327544,2327544,2909
16931,80,431,1022,24,0,11200,0,0,0,2329661,2329661,2909
16946,80,517,1022,24,0,11200,0,0,0,2331776,2331776,2909
16962,80,591,1022,24,0,11200,0,0,0,2333982,2333982,2909
16977,80,657,1022,24,0,11200,0,0,0,2335776,2335776,2909
16993,80,717,1022,24,0,11200,0,0,0,2337630,2337630,2909
17008,80,780,1023,25,0,11200,0,0,0,2339448,2339448,2909
17023,80,890,1023,25,0,11200,0,0,0,2341381,2341381,2909
17038,80,961,1023,25,0,11200,0,0,0,2342956,2342956,2909
17056,81,1013,1023,25,0,11200,0,0,0,2344697,2344697,2909
17071,81,103,1023,25,0,11200,0,0,0,2347155,2347155,2909
17086,81,162,1023,25,0,11200,0,0,0,2349649,2349649,2909
17101,81,227,1023,25,0,11200,0,0,0,2352090,2352090,2909
17116,81,277,1023,25,0,11200,0,0,0,2354363,2354363,2909
17131,81,336,1023,25,0,11200,0,0,0,2356284,2356284,2909
17146,81,393,1023,25,0,11200,0,0,0,2358257,2358257,2909
17162,81,459,1023,25,0,11200,0,0,0,2360376,2360376,2909
17177,81,547,1023,25,0,11200,0,0,0,2362644,2362644,2909
17192,81,614,1023,25,0,11200,0,0,0,2364671,2364671,2909
17207,81,667,1023,25,0,11200,0,0,0,2366003,2366003,2909
17223,81,717,1023,25,0,11200,0,0,0,2367762,2367762,2909
17238,81,802,1023,25,0,11200,0,0,0,2369727,2369727,2909
17253,81,883,1023,25,0,11200,0,0,0,2371722,2371722,2909
17268,81,927,1023,25,0,11200,0,0,0,2373025,2373025,2909
17297,82,1013,1023,25,0,11200,0,0,0,2375200,2375200,2909
17313,82,75,1023,24,0,11200,0,0,0,2377801,2377801,2909
17328,82,149,1023,24,0,11200,0,0,0,2380213,2380213,2909
17344,82,207,1023,24,0,11200,0,0,0,2382478,2382478,2909
17359,82,260,1023,24,0,11200,0,0,0,2384836,2384836,2909
17375,82,301,1023,24,0,11200,0,0,0,2386823,2386823,2909
17390,82,363,1023,24,0,11200,0,0,0,2389036,2389036,2909
17406,82,430,1023,24,0,11200,0,0,0,2391349,2391349,2909
17421,82,517,1023,24,0,11200,0,0,0,2393434,2393434,2909
17436,82,576,1023,24,0,11200,0,0,0,2395586,2395586,2909
17452,82,632,1023,24,0,11200,0,0,0,2397288,2397288,2909
17467,82,692,1023,24,0,11200,0,0,0,2399036,2399036,2909
17482,82,755,1023,24,0,11200,0,0,0,2401105,2401105,2909
17498,82,842,1023,24,0,11200,0,0,0,2403075,2403075,2909
17514,82,920,1023,24,0,11200,0,0,0,2404999,2404999,2909
17530,83,1008,1023,23,0,11200,0,0,0,2407119,2407119,2909
17547,83,1013,1023,23,0,11200,0,0,0,2407484,2407484,2909
17562,83,60,1023,23,0,11200,0,0,0,2409879,2409879,2909
17578,83,135,1023,23,0,11200,0,0,0,2412327,2412327,2909
17593,83,191,1023,23,0,11200,0,0,0,2414868,2414868,2909
17609,83,244,1023,23,0,11200,0,0,0,2417157,2417157,2909
17624,83,285,1023,23,0,11200,0,0,0,2419404,2419404,2909
17639,83,329,1023,23,0,11200,0,0,0,2421260,2421260,2909
17655,83,396,1023,23,0,11200,0,0,0,2423390,2423390,2909
17670,83,460,1023,23,0,11200,0,0,0,2425232,2425232,2909
17685,83,538,1023,23,0,11200,0,0,0,2427583,2427583,2909
17700,83,605,1023,23,0,11200,0,0,0,2429697,2429697,2909
17715,83,674,1023,23,0,11200,0,0,0,2431587,2431587,2909
17730,83,723,1023,23,0,11200,0,0,0,2433457,2433457,2909
17745,83,799,1023,23,0,11200,0,0,0,2435382,2435382,2909
17761,83,899,1023,23,0,11200,0,0,0,2437460,2437460,2909
17776,83,953,1024,24,0,11200,0,0,0,2439450,2439450,2913
17792,84,1013,1024,24,0,11200,0,0,0,2441061,2441061,2913
17807,84,67,1025,23,0,11200,0,0,0,2443615,2443615,2914
17822,84,146,1025,23,0,11200,0,0,0,2445951,2445951,2914
17838,84,202,1025,23,0,11200,0,0,0,2448482,2448482,2914
17853,84,252,1025,23,0,11200,0,0,0,2450612,2450612,2914
17868,84,297,1025,23,0,11200,0,0,0,2452649,2452649,2914
17883,84,351,1025,23,0,11200,0,0,0,2454705,2454705,2914
17899,84,429,1025,23,0,11200,0,0,0,2456901,2456901,2914
17914,84,523,1025,23,0,11200,0,0,0,2459094,2459094,2914
17929,84,594,1025,23,0,11200,0,0,0,2461233,2461233,2914
17944,84,647,1025,23,0,11200,0,0,0,2462836,2462836,2914
17959,84,683,1025,23,0,11200,0,0,0,2464224,2464224,2914
17974,84,755,1025,23,0,11200,0,0,0,2466119,2466119,2914
17990,84,842,1025,23,0,11200,0,0,0,2468111,2468111,2914
18005,84,917,1026,24,0,11200,0,0,0,2470083,2470083,2914
18020,84,964,1026,23,0,11200,0,0,0,2471752,2471752,2914
18036,85,5,1026,23,0,11200,0,0,0,2473857,2473857,2914
18051,85,101,1026,23,0,11200,0,0,0,2476282,2476282,2914
18066,85,141,1027,24,0,11200,0,0,0,2478587,2478587,2914
18081,85,212,1027,24,0,11200,0,0,0,2480871,2480871,2914
18096,85,273,1027,24,0,11200,0,0,0,2483431,2483431,2914
18111,85,324,1027,24,0,11200,0,0,0,2485458,2485458,2914
18127,85,376,1027,24,0,11200,0,0,0,2487394,2487394,2914
18142,85,441,1027,24,0,11200,0,0,0,2489603,2489603,2914
18157,85,531,1027,24,0,11200,0,0,0,2491855,2491855,2914
18173,85,612,1027,24,0,11200,0,0,0,2494182,2494182,2914
18188,85,674,1027,24,0,11200,0,0,0,2495680,2495680,2914
18204,85,736,1027,23,0,11200,0,0,0,2497577,2497577,2914
18219,85,815,1027,23,0,11200,0,0,0,2499616,2499616,2914
18234,85,901,1027,23,0,11200,0,0,0,2501613,2501613,2914
18250,85,969,1027,23,0,11200,0,0,0,2503339,2503339,2914
18271,86,1013,1027,23,0,11200,0,0,0,2504548,2504548,2914
18287,86,28,1027,22,0,11200,0,0,0,2506830,2506830,2914
18302,86,133,1027,22,0,11200,0,0,0,2509488,2509488,2914
18317,86,207,1027,22,0,11200,0,0,0,2511821,2511821,2914
18332,86,270,1028,23,0,11200,0,0,0,2514126,2514126,2915
18347,86,315,1028,23,0,11200,0,0,0,2516174,2516174,2915
18363,86,369,1028,23,0,11200,0,0,0,2518297,2518297,2915
18378,86,433,1028,23,0,11200,0,0,0,2520381,2520381,2915
18393,86,529,1028,23,0,11200,0,0,0,2522559,2522559,2915
18408,86,612,1028,23,0,11200,0,0,0,2524668,2524668,2915
18424,86,671,1028,23,0,11200,0,0,0,2526148,2526148,2915
18439,86,729,1028,23,0,11200,0,0,0,2528147,2528147,2915
18454,86,834,1028,23,0,11200,0,0,0,2530204,2530204,2915
18470,86,909,1028,23,0,11200,0,0,0,2532268,2532268,2915
18485,86,962,1028,23,0,11200,0,0,0,2533717,2533717,2915
18507,87,1013,1028,23,0,11200,0,0,0,2535200,2535200,2915
18522,87,72,1029,22,0,11200,0,0,0,2537737,2537737,2916
18538,87,154,1029,22,0,11200,0,0,0,2540078,2540078,2916
18553,87,215,1029,22,0,11200,0,0,0,2542563,2542563,2916
18568,87,266,1029,22,0,11200,0,0,0,2544746,2544746,2916
18584,87,314,1029,22,0,11200,0,0,0,2547030,2547030,2916
18599,87,377,1029,22,0,11200,0,0,0,2549105,2549105,2916
18615,87,461,1029,22,0,11200,0,0,0,2551493,2551493,2916
18630,87,553,1029,22,0,11200,0,0,0,2553794,2553794,2916
18646,87,614,1029,22,0,11200,0,0,0,2555726,2555726,2916
18662,87,667,1029,22,0,11200,0,0,0,2557326,2557326,2916
18677,87,723,1029,22,0,11200,0,0,0,2559179,2559179,2916
18692,87,810,1029,22,0,11200,0,0,0,2561210,2561210,2916
18708,87,899,1029,22,0,11200,0,0,0,2563260,2563260,2916
18723,87,941,1029,22,0,11200,0,0,0,2564811,2564811,2916
18738,88,1013,1029,22,0,11200,0,0,0,2566457,2566457,2916
18753,88,43,1029,22,0,11200,0,0,0,2568894,2568894,2916
18769,88,138,1029,22,0,11200,0,0,0,2571416,2571416,2916
18784,88,195,1029,22,0,11200,0,0,0,2573855,2573855,2916
18799,88,249,1030,23,0,11200,0,0,0,2576229,2576229,2917
18815,88,301,1030,23,0,11200,0,0,0,2578603,2578603,2917
18830,88,362,1030,23,0,11200,0,0,0,2580648,2580648,2917
18845,88,431,1032,25,0,11200,0,0,0,2582826,2582826,2918
18861,88,517,1032,25,0,11200,0,0,0,2585096,2585096,2918
18876,88,597,1032,25,0,11200,0,0,0,2587027,2587027,2918
18892,88,650,1032,25,0,11200,0,0,0,2588648,2588648,2918
18908,88,700,1032,25,0,11200,0,0,0,2590299,2590299,2918
18923,88,761,1032,25,0,11200,0,0,0,2592564,2592564,2918
18939,88,845,1032,25,0,11200,0,0,0,2594613,2594613,2918
18954,88,926,1032,25,0,11200,0,0,0,2596675,2596675,2918
18970,89,1011,1032,25,0,11200,0,0,0,2598670,2598670,2918
18985,89,16,1032,23,0,11200,0,0,0,2600036,2600036,2918
19000,89,119,1032,22,0,11200,0,0,0,2602528,2602528,2918
19015,89,167,1032,22,0,11200,0,0,0,2604763,2604763,2918
19031,89,223,1032,22,0,11200,0,0,0,2606998,2606998,2918
19046,89,272,1032,22,0,11200,0,0,0,2609012,2609012,2918
19061,89,317,1032,22,0,11200,0,0,0,2611175,2611175,2918
19077,89,372,1032,22,0,11200,0,0,0,2613347,2613347,2918
19093,89,440,1032,22,0,11200,0,0,0,2615548,2615548,2918
19108,89,524,1032,22,0,11200,0,0,0,2617752,2617752,2918
19123,89,608,1032,22,0,11200,0,0,0,2620225,2620225,2918
19138,89,674,1032,22,0,11200,0,0,0,2621829,2621829,2918
19154,89,723,1032,22,0,11200,0,0,0,2623543,2623543,2918
19169,89,810,1032,22,0,11200,0,0,0,2625155,2625155,2918
19184,89,881,1033,23,0,11200,0,0,0,2627090,2627090,2918
19200,89,922,1033,22,0,11200,0,0,0,2628490,2628490,2918
19215,89,1002,1034,22,0,11200,0,0,0,2630597,2630597,2919
19232,90,1013,1034,22,0,11200,0,0,0,2630984,2630984,2919
19247,90,32,1034,21,0,11200,0,0,0,2633338,2633338,2919
19263,90,132,1034,21,0,11200,0,0,0,2635644,2635644,2919
19278,90,203,1034,21,0,11200,0,0,0,2638099,2638099,2919
19294,90,259,1034,21,0,11200,0,0,0,2640544,2640544,2919
19309,90,313,1034,21,0,11200,0,0,0,2642698,2642698,2919
19324,90,372,1034,21,0,11200,0,0,0,2644712,2644712,2919
19339,90,451,1034,21,0,11200,0,0,0,2646810,2646810,2919
19355,90,551,1034,21,0,11200,0,0,0,2649058,2649058,2919
19370,90,613,1034,21,0,11200,0,0,0,2651226,2651226,2919
19386,90,667,1034,21,0,11200,0,0,0,2652814,2652814,2919
19401,90,727,1034,21,0,11200,0,0,0,2654668,2654668,2919
19416,90,802,1034,21,0,11200,0,0,0,2656573,2656573,2919
19432,90,874,1034,21,0,11200,0,0,0,2658283,2658283,2919
19447,90,930,1034,21,0,11200,0,0,0,2659975,2659975,2919
19480,91,1013,1034,21,0,11200,0,0,0,2662080,2662080,2919
19495,91,31,1034,21,0,11200,0,0,0,2664463,2664463,2919
19510,91,129,1034,21,0,11200,0,0,0,2666901,2666901,2919
19526,91,191,1034,21,0,11200,0,0,0,2669181,2669181,2919
19541,91,245,1034,21,0,11200,0,0,0,2671458,2671458,2919
19556,91,301,1034,21,0,11200,0,0,0,2673694,2673694,2919
19572,91,348,1034,21,0,11200,0,0,0,2675821,2675821,2919
19587,91,412,1034,21,0,11200,0,0,0,2677875,2677875,2919
19603,91,498,1034,21,0,11200,0,0,0,2680196,2680196,2919
19618,91,552,1034,21,0,11200,0,0,0,2682326,2682326,2919
19633,91,614,1034,21,0,11200,0,0,0,2684299,2684299,2919
19648,91,674,1034,21,0,11200,0,0,0,2685916,2685916,2919
19664,91,739,1035,22,0,11200,0,0,0,2687800,2687800,2919
19679,91,841,1035,22,0,11200,0,0,0,2689859,2689859,2919
19694,91,911,1036,23,0,11200,0,0,0,2691850,2691850,2919
19710,91,984,1036,23,0,11200,0,0,0,2693728,2693728,2919
19735,92,1013,1037,24,0,11200,0,0,0,2694725,2694725,2919
19750,92,25,1037,24,0,11200,0,0,0,2697004,2697004,2919
19765,92,130,1037,24,0,11200,0,0,0,2699456,2699456,2919
19781,92,184,1037,24,0,11200,0,0,0,2701889,2701889,2919
19796,92,249,1037,24,0,11200,0,0,0,2704143,2704143,2919
19811,92,292,1037,24,0,11200,0,0,0,2706274,2706274,2919
19826,92,342,1037,24,0,11200,0,0,0,2708351,2708351,2919
19841,92,429,1037,24,0,11200,0,0,0,2710520,2710520,2919
19857,92,505,1037,24,0,11200,0,0,0,2712763,2712763,2919
19872,92,601,1037,24,0,11200,0,0,0,2715098,2715098,2919
19887,92,651,1037,24,0,11200,0,0,0,2716607,2716607,2919
19903,92,714,1037,24,0,11200,0,0,0,2718384,2718384,2919
19919,92,769,1037,24,0,11200,0,0,0,2720514,2720514,2919
19935,92,884,1037,24,0,11200,0,0,0,2722716,2722716,2919
19950,92,936,1037,24,0,11200,0,0,0,2724333,2724333,2919
19965,92,1009,1037,23,0,11200,0,0,0,2726419,2726419,2919
19981,93,14,1037,23,0,11200,0,0,0,2727809,2727809,2919
19996,93,119,1037,23,0,11200,0,0,0,2730191,2730191,2919
20012,93,163,1037,23,0,11200,0,0,0,2732561,2732561,2919
20027,93,227,1037,23,0,11200,0,0,0,2734864,2734864,2919
20043,93,269,1037,23,0,11200,0,0,0,2737119,2737119,2919
20058,93,314,1037,23,0,11200,0,0,0,2739274,2739274,2919
20073,93,372,1037,23,0,11200,0,0,0,2741219,2741219,2919
20088,93,452,1037,23,0,11200,0,0,0,2743485,2743485,2919
20104,93,542,1037,23,0,11200,0,0,0,2745617,2745617,2919
20119,93,612,1037,23,0,11200,0,0,0,2747734,2747734,2919
20134,93,676,1037,23,0,11200,0,0,0,2749627,2749627,2919
20150,93,723,1037,23,0,11200,0,0,0,2751552,2751552,2919
20165,93,802,1037,23,0,11200,0,0,0,2753649,2753649,2919
20180,93,889,1037,23,0,11200,0,0,0,2755593,2755593,2919
20195,93,950,1037,23,0,11200,0,0,0,2757229,2757229,2919
20220,94,1013,1037,23,0,11200,0,0,0,2758855,2758855,2919
20236,94,32,1037,23,0,11200,0,0,0,2761095,2761095,2919
20251,94,137,1037,23,0,11200,0,0,0,2763509,2763509,2919
20266,94,205,1037,23,0,11200,0,0,0,2766001,2766001,2919
20281,94,256,1037,23,0,11200,0,0,0,2768245,2768245,2919
20296,94,305,1037,23,0,11200,0,0,0,2770465,2770465,2919
20312,94,363,1037,23,0,11200,0,0,0,2772588,2772588,2919
20327,94,435,1037,22,0,11200,0,0,0,2774824,2774824,2919
20343,94,517,1037,22,0,11200,0,0,0,2776988,2776988,2919
20358,94,586,1037,22,0,11200,0,0,0,2779294,2779294,2919
20374,94,650,1037,22,0,11200,0,0,0,2780984,2780984,2919
20389,94,693,1037,22,0,11200,0,0,0,2782517,2782517,2919
20405,94,769,1037,22,0,11200,0,0,0,2784587,2784587,2919
20420,94,861,1037,22,0,11200,0,0,0,2786292,2786292,2919
20435,94,927,1037,22,0,11200,0,0,0,2788161,2788161,2919
20450,94,1002,1037,22,0,11200,0,0,0,2789948,2789948,2919
20466,95,1025,1037,22,0,11200,0,0,0,2790582,2790582,2919
20481,95,49,1037,22,0,11200,0,0,0,2792786,2792786,2919
20496,95,137,1037,22,0,11200,0,0,0,2795122,2795122,2919
20512,95,195,1037,22,0,11200,0,0,0,2797639,2797639,2919
20527,95,243,1037,22,0,11200,0,0,0,2799781,2799781,2919
20542,95,289,1037,22,0,11200,0,0,0,2801692,2801692,2919
20557,95,347,1037,22,0,11200,0,0,0,2803743,2803743,2919
20573,95,414,1037,21,0,11200,0,0,0,2805929,2805929,2919
20588,95,488,1037,21,0,11200,0,0,0,2808014,2808014,2919
20603,95,569,1037,21,0,11200,0,0,0,2810325,2810325,2919
20619,95,654,1037,21,0,11200,0,0,0,2812696,2812696,2919
20634,95,704,1037,21,0,11200,0,0,0,2814209,2814209,2919
20650,95,769,1037,21,0,11200,0,0,0,2816158,2816158,2919
20665,95,861,1037,21,0,11200,0,0,0,2818225,2818225,2919
20680,95,941,1037,21,0,11200,0,0,0,2820130,2820130,2919
20696,96,1013,1037,21,0,11200,0,0,0,2821965,2821965,2919
20711,96,44,1037,21,0,11200,0,0,0,2824237,2824237,2919
20727,96,129,1037,21,0,11200,0,0,0,2826777,2826777,2919
20742,96,180,1037,21,0,11200,0,0,0,2829141,2829141,2919
20757,96,241,1037,21,0,11200,0,0,0,2831356,2831356,2919
20772,96,281,1037,21,0,11200,0,0,0,2833720,2833720,2919
20787,96,320,1037,21,0,11200,0,0,0,2835812,2835812,2919
20803,96,377,1037,21,0,11200,0,0,0,2837913,2837913,2919
20818,96,461,1037,21,0,11200,0,0,0,2840155,2840155,2919
20833,96,548,1037,21,0,11200,0,0,0,2842476,2842476,2919
20848,96,613,1037,21,0,11200,0,0,0,2844335,2844335,2919
20863,96,653,1037,21,0,11200,0,0,0,2845733,2845733,2919
20878,96,704,1037,21,0,11200,0,0,0,2847375,2847375,2919
20894,96,762,1037,21,0,11200,0,0,0,2849328,2849328,2919
20909,96,834,1037,21,0,11200,0,0,0,2851007,2851007,2919
20924,96,894,1037,21,0,11200,0,0,0,2852778,2852778,2919
20939,96,947,1037,21,0,11200,0,0,0,2854138,2854138,2919
20959,97,1013,1037,21,0,11200,0,0,0,2855911,2855911,2919
20975,97,28,1037,21,0,11200,0,0,0,2858205,2858205,2919
20990,97,134,1037,21,0,11200,0,0,0,2860578,2860578,2919
21006,97,204,1037,21,0,11200,0,0,0,2862847,2862847,2919
21021,97,264,1037,21,0,11200,0,0,0,2865016,2865016,2919
21037,97,320,1037,21,0,11200,0,0,0,2867163,2867163,2919
21052,97,376,1037,21,0,11200,0,0,0,2869325,2869325,2919
21068,97,461,1037,21,0,11200,0,0,0,2871699,2871699,2919
21083,97,549,1037,21,0,11200,0,0,0,2874001,2874001,2919
21098,97,629,1037,21,0,11200,0,0,0,2876109,2876109,2919
21113,97,692,1037,21,0,11200,0,0,0,2877957,2877957,2919
21129,97,753,1037,21,0,11200,0,0,0,2880142,2880142,2919
21144,97,838,1037,21,0,11200,0,0,0,2881996,2881996,2919
21159,97,904,1037,21,0,11200,0,0,0,2883898,2883898,2919
21176,97,955,1037,21,0,11200,0,0,0,2885411,2885411,2919
21198,98,1013,1037,21,0,11200,0,0,0,2887246,2887246,2919
21213,98,49,1037,20,0,11200,0,0,0,2889644,2889644,2919
21228,98,138,1037,20,0,11200,0,0,0,2892066,2892066,2919
21243,98,206,1037,20,0,11200,0,0,0,2894328,2894328,2919
21258,98,253,1037,20,0,11200,0,0,0,2896518,2896518,2919
21274,98,295,1037,20,0,11200,0,0,0,2898466,2898466,2919
21289,98,346,1037,20,0,11200,0,0,0,2900611,2900611,2919
21304,98,409,1037,20,0,11200,0,0,0,2902624,2902624,2919
21319,98,487,1037,20,0,11200,0,0,0,2904884,2904884,2919
21335,98,571,1037,20,0,11200,0,0,0,2907190,2907190,2919
21350,98,644,1037,20,0,11200,0,0,0,2909039,2909039,2919
21365,98,689,1037,20,0,11200,0,0,0,2910620,2910620,2919
21381,98,771,1037,20,0,11200,0,0,0,2912563,2912563,2919
21396,98,857,1037,19,0,11200,0,0,0,2914437,2914437,2919
21414,98,920,1037,19,0,11200,0,0,0,2916582,2916582,2919
21429,98,986,1037,19,0,11200,0,0,0,2918424,2918424,2919
21445,99,16,1037,19,0,11200,0,0,0,2920601,2920601,2919
21460,99,118,1037,19,0,11200,0,0,0,2923233,2923233,2919
21475,99,166,1037,19,0,11200,0,0,0,2925486,2925486,2919
21491,99,217,1037,19,0,11200,0,0,0,2927624,2927624,2919
21506,99,268,1038,20,0,11200,0,0,0,2929827,2929827,2919
21521,99,304,1038,20,0,11200,0,0,0,2931803,2931803,2919
21536,99,348,1038,20,0,11200,0,0,0,2933895,2933895,2919
21551,99,430,1038,20,0,11200,0,0,0,2936100,2936100,2919
21567,99,516,1038,20,0,11200,0,0,0,2938399,2938399,2919
21582,99,593,1038,20,0,11200,0,0,0,2940512,2940512,2919
21598,99,650,1038,20,0,11200,0,0,0,2942160,2942160,2919
21613,99,701,1038,20,0,11200,0,0,0,2943812,2943812,2919
21628,99,768,1038,20,0,11200,0,0,0,2945764,2945764,2919
21643,99,861,1038,20,0,11200,0,0,0,2947633,2947633,2919
21659,99,920,1038,20,0,11200,0,0,0,2949074,2949074,2919
21674,99,992,1038,20,0,11200,0,0,0,2951163,2951163,2919
21699,99,1013,1038,20,0,11200,0,0,0,2951981,2951981,2919
21714,100,25,1038,19,0,11200,0,0,0,2954294,2954294,2919
21729,100,131,1038,19,0,11200,0,0,0,2956793,2956793,2919
21744,100,188,1038,19,0,11200,0,0,0,2959139,2959139,2919
21759,100,246,1038,19,0,11200,0,0,0,2961195,2961195,2919
21775,100,303,1038,19,0,11200,0,0,0,2963304,2963304,2919
21790,100,358,1038,19,0,11200,0,0,0,2965414,2965414,2919
21805,100,426,1038,19,0,11200,0,0,0,2967487,2967487,2919
21821,100,508,1038,19,0,11200,0,0,0,2969677,2969677,2919
21836,100,578,1038,19,0,11200,0,0,0,2971973,2971973,2919
21851,100,650,1038,19,0,11200,0,0,0,2974103,2974103,2919
21866,100,704,1039,20,0,11200,0,0,0,2975988,2975988,2919
21881,100,769,1039,20,0,11200,0,0,0,2978112,2978112,2919
21897,100,860,1039,20,0,11200,0,0,0,2980196,2980196,2919
21913,100,930,1039,20,0,11200,0,0,0,2982040,2982040,2919
21928,100,1012,1039,20,0,11200,0,0,0,2983951,2983951,2919
21943,101,1031,1039,20,0,11200,0,0,0,2984480,2984480,2919
21958,101,113,1039,18,0,11200,0,0,0,2987110,2987110,2919
21974,101,164,1039,18,0,11200,0,0,0,2989342,2989342,2919
21989,101,221,1039,18,0,11200,0,0,0,2991647,2991647,2919
22004,101,271,1039,18,0,11200,0,0,0,2993813,2993813,2919
22020,101,321,1039,18,0,11200,0,0,0,2995940,2995940,2919
22035,101,397,1039,18,0,11200,0,0,0,2998165,2998165,2919
22051,101,473,1039,18,0,11200,0,0,0,3000362,3000362,2919
22066,101,560,1039,18,0,11200,0,0,0,3002532,3002532,2919
22081,101,641,1039,18,0,11200,0,0,0,3004692,3004692,2919
22097,101,685,1039,18,0,11200,0,0,0,3006308,3006308,2919
22112,101,737,1039,18,0,11200,0,0,0,3008311,3008311,2919
22127,101,838,1039,18,0,11200,0,0,0,3010248,3010248,2919
22143,101,914,1039,18,0,11200,0,0,0,3012245,3012245,2919
22159,101,951,1039,18,0,11200,0,0,0,3013311,3013311,2919
22174,101,1008,1039,18,0,11200,0,0,0,3015188,3015188,2919
22189,102,13,1039,18,0,11200,0,0,0,3016573,3016573,2919
22204,102,115,1039,18,0,11200,0,0,0,3019210,3019210,2919
22219,102,163,1039,18,0,11200,0,0,0,3021553,3021553,2919
22235,102,223,1039,18,0,11200,0,0,0,3023880,3023880,2919
22250,102,264,1039,18,0,11200,0,0,0,3025961,3025961,2919
22265,102,312,1039,18,0,11200,0,0,0,3028173,3028173,2919
22280,102,351,1039,18,0,11200,0,0,0,3030084,3030084,2919
22295,102,434,1039,18,0,11200,0,0,0,3032209,3032209,2919
22310,102,531,1039,18,0,11200,0,0,0,3034518,3034518,2919
22326,102,593,1039,18,0,11200,0,0,0,3036702,3036702,2919
22342,102,657,1039,18,0,11200,0,0,0,3038587,3038587,2919
22357,102,710,1039,18,0,11200,0,0,0,3040397,3040397,2919
22372,102,815,1039,18,0,11200,0,0,0,3042562,3042562,2919
22387,102,881,1039,18,0,11200,0,0,0,3044359,3044359,2919
22403,102,967,1040,19,0,11200,0,0,0,3046293,3046293,2921
22429,102,1013,1040,19,0,11200,0,0,0,3047814,3047814,2921
22444,103,27,1040,18,0,11200,0,0,0,3049891,3049891,2921
22460,103,122,1040,18,0,11200,0,0,0,3052238,3052238,2921
22475,103,174,1040,18,0,11200,0,0,0,3054757,3054757,2921
22491,103,241,1040,18,0,11200,0,0,0,3057239,3057239,2921
22506,103,286,1040,18,0,11200,0,0,0,3059502,3059502,2921
22521,103,339,1040,18,0,11200,0,0,0,3061396,3061396,2921
22536,103,400,1040,18,0,11200,0,0,0,3063446,3063446,2921
22552,103,488,1040,18,0,11200,0,0,0,3065647,3065647,2921
22567,103,563,1040,18,0,11200,0,0,0,3067794,3067794,2921
22582,103,637,1040,18,0,11200,0,0,0,3069657,3069657,2921
22598,103,690,1040,18,0,11200,0,0,0,3071357,3071357,2921
22613,103,762,1040,18,0,11200,0,0,0,3073370,3073370,2921
22628,103,836,1040,18,0,11200,0,0,0,3075245,3075245,2921
22643,103,915,1040,18,0,11200,0,0,0,3077311,3077311,2921
22659,103,989,1040,18,0,11200,0,0,0,3079152,3079152,2921
22681,103,1013,1040,18,0,11200,0,0,0,3079787,3079787,2921
22696,104,26,1040,18,0,11200,0,0,0,3082024,3082024,2921
22711,104,124,1040,18,0,11200,0,0,0,3084335,3084335,2921
22726,104,176,1040,18,0,11200,0,0,0,3086581,3086581,2921
22742,104,235,1040,18,0,11200,0,0,0,3088980,3088980,2921
22757,104,283,1040,18,0,11200,0,0,0,3091185,3091185,2921
22773,104,338,1040,18,0,11200,0,0,0,3093196,3093196,2921
22789,104,413,1040,18,0,11200,0,0,0,3095333,3095333,2921
22804,104,501,1040,18,0,11200,0,0,0,3097424,3097424,2921
22819,104,575,1040,18,0,11200,0,0,0,3099609,3099609,2921
22834,104,654,1040,18,0,11200,0,0,0,3101665,3101665,2921
22849,104,715,1040,18,0,11200,0,0,0,3103516,3103516,2921
22864,104,788,1040,18,0,11200,0,0,0,3105491,3105491,2921
22879,104,874,1040,18,0,11200,0,0,0,3107402,3107402,2921
22895,104,936,1041,19,0,11200,0,0,0,3109383,3109383,2922
22910,105,1027,1041,19,0,11200,0,0,0,3111431,3111431,2922
22925,105,47,1041,18,0,11200,0,0,0,3113544,3113544,2922
22940,105,138,1041,18,0,11200,0,0,0,3115908,3115908,2922
22956,105,204,1041,18,0,11200,0,0,0,3118161,3118161,2922
22971,105,249,1041,18,0,11200,0,0,0,3120237,3120237,2922
22986,105,288,1041,18,0,11200,0,0,0,3122345,3122345,2922
23002,105,343,1041,18,0,11200,0,0,0,3124508,3124508,2922
23017,105,399,1041,18,0,11200,0,0,0,3126418,3126418,2922
23032,105,488,1041,18,0,11200,0,0,0,3128665,3128665,2922
23047,105,560,1041,18,0,11200,0,0,0,3130568,3130568,2922
23063,105,632,1041,18,0,11200,0,0,0,3132428,3132428,2922
23079,105,685,1041,18,0,11200,0,0,0,3134065,3134065,2922
23094,105,732,1041,18,0,11200,0,0,0,3136123,3136123,2922
23109,105,832,1042,19,0,11200,0,0,0,3138111,3138111,2922
23125,105,914,1042,19,0,11200,0,0,0,3140090,3140090,2922
23140,105,993,1042,19,0,11200,0,0,0,3141973,3141973,2922
23155,106,1031,1042,19,0,11200,0,0,0,3143273,3143273,2922
23170,106,101,1042,19,0,11200,0,0,0,3145837,3145837,2922
23185,106,163,1042,19,0,11200,0,0,0,3148397,3148397,2922
23201,106,229,1042,19,0,11200,0,0,0,3150682,3150682,2922
23216,106,272,1042,19,0,11200,0,0,0,3152799,3152799,2922
23231,106,316,1042,19,0,11200,0,0,0,3154720,3154720,2922
23247,106,376,1042,19,0,11200,0,0,0,3156931,3156931,2922
23262,106,446,1042,19,0,11200,0,0,0,3159186,3159186,2922
23277,106,532,1042,19,0,11200,0,0,0,3161405,3161405,2922
23293,106,601,1042,19,0,11200,0,0,0,3163367,3163367,2922
23308,106,650,1042,19,0,11200,0,0,0,3165136,3165136,2922
23323,106,690,1042,19,0,11200,0,0,0,3166551,3166551,2922
23339,106,730,1042,19,0,11200,0,0,0,3168367,3168367,2922
23354,106,817,1042,19,0,11200,0,0,0,3170433,3170433,2922
23370,106,900,1042,19,0,11200,0,0,0,3172552,3172552,2922
23386,106,955,1042,19,0,11200,0,0,0,3174511,3174511,2922
23401,107,1022,1042,18,0,11200,0,0,0,3176250,3176250,2922
23416,107,28,1042,17,0,11200,0,0,0,3178614,3178614,2922
23431,107,134,1042,17,0,11200,0,0,0,3181148,3181148,2922
23447,107,203,1043,18,0,11200,0,0,0,3183618,3183618,2923
23462,107,243,1043,18,0,11200,0,0,0,3185705,3185705,2923
23477,107,289,1043,18,0,11200,0,0,0,3188023,3188023,2923
23492,107,339,1043,18,0,11200,0,0,0,3190002,3190002,2923
23508,107,393,1043,18,0,11200,0,0,0,3191934,3191934,2923
23523,107,495,1043,18,0,11200,0,0,0,3194206,3194206,2923
23538,107,558,1043,18,0,11200,0,0,0,3196356,3196356,2923
23554,107,609,1043,18,0,11200,0,0,0,3198347,3198347,2923
23569,107,673,1043,18,0,11200,0,0,0,3199891,3199891,2923
23585,107,723,1043,18,0,11200,0,0,0,3201677,3201677,2923
23600,107,803,1043,18,0,11200,0,0,0,3203558,3203558,2923
23615,107,889,1044,19,0,11200,0,0,0,3205549,3205549,2923
23631,107,950,1044,18,0,11200,0,0,0,3207268,3207268,2923
23646,107,1011,1044,18,0,11200,0,0,0,3209191,3209191,2923
23662,108,8,1045,16,0,11200,0,0,0,3211060,3211060,2923
23677,108,100,1045,16,0,11200,0,0,0,3213308,3213308,2923
23692,108,141,1045,16,0,11200,0,0,0,3215623,3215623,2923
23708,108,200,1045,16,0,11200,0,0,0,3217848,3217848,2923
23723,108,254,1045,16,0,11200,0,0,0,3220149,3220149,2923
23738,108,301,1045,16,0,11200,0,0,0,3222183,3222183,2923
23753,108,366,1045,16,0,11200,0,0,0,3224380,3224380,2923
23769,108,435,1045,16,0,11200,0,0,0,3226687,3226687,2923
23784,108,520,1045,16,0,11200,0,0,0,3228830,3228830,2923
23799,108,596,1045,16,0,11200,0,0,0,3230981,3230981,2923
23814,108,663,1045,16,0,11200,0,0,0,3232884,3232884,2923
23829,108,719,1045,16,0,11200,0,0,0,3234677,3234677,2923
23844,108,802,1045,16,0,11200,0,0,0,3236611,3236611,2923
23860,108,883,1045,16,0,11200,0,0,0,3238520,3238520,2923
23875,108,950,1045,16,0,11200,0,0,0,3240375,3240375,2923
23894,108,1013,1045,15,0,11200,0,0,0,3242303,3242303,2923
23909,109,25,1045,15,0,11200,0,0,0,3244586,3244586,2923
23924,109,128,1045,14,0,11200,0,0,0,3247222,3247222,2923
23940,109,201,1045,14,0,11200,0,0,0,3249763,3249763,2923
23955,109,250,1046,15,0,11200,0,0,0,3251820,3251820,2924
23970,109,291,1046,15,0,11200,0,0,0,3254153,3254153,2924
23986,109,347,1046,15,0,11200,0,0,0,3256255,3256255,2924
24001,109,429,1046,15,0,11200,0,0,0,3258387,3258387,2924
24016,109,524,1046,15,0,11200,0,0,0,3260609,3260609,2924
24032,109,597,1046,15,0,11200,0,0,0,3262722,3262722,2924
24047,109,644,1046,15,0,11200,0,0,0,3264245,3264245,2924
24063,109,703,1046,15,0,11200,0,0,0,3265940,3265940,2924
24078,109,763,1046,15,0,11200,0,0,0,3267883,3267883,2924
24093,109,844,1046,15,0,11200,0,0,0,3269693,3269693,2924
24108,109,935,1046,15,0,11200,0,0,0,3271665,3271665,2924
24126,109,1013,1046,15,0,11200,0,0,0,3273249,3273249,2924
24142,110,28,1046,14,0,11200,0,0,0,3275478,3275478,2924
24157,110,135,1046,14,0,11200,0,0,0,3278106,3278106,2924
24172,110,202,1046,14,0,11200,0,0,0,3280615,3280615,2924
24188,110,259,1046,14,0,11200,0,0,0,3283032,3283032,2924
24203,110,301,1046,14,0,11200,0,0,0,3284932,3284932,2924
24218,110,366,1046,14,0,11200,0,0,0,3287074,3287074,2924
24233,110,440,1046,14,0,11200,0,0,0,3289314,3289314,2924
24249,110,532,1046,14,0,11200,0,0,0,3291705,3291705,2924
24264,110,613,1046,14,0,11200,0,0,0,3293891,3293891,2924
24280,110,668,1046,14,0,11200,0,0,0,3295425,3295425,2924
24295,110,710,1046,14,0,11200,0,0,0,3297063,3297063,2924
24310,110,769,1046,14,0,11200,0,0,0,3299040,3299040,2924
24326,110,860,1046,14,0,11200,0,0,0,3301061,3301061,2924
24341,110,935,1046,14,0,11200,0,0,0,3302902,3302902,2924
24357,110,1002,1046,14,0,11200,0,0,0,3305082,3305082,2924
24372,111,7,1047,14,0,11200,0,0,0,3306737,3306737,2925
24387,111,104,1047,14,0,11200,0,0,0,3309275,3309275,2925
24403,111,154,1047,14,0,11200,0,0,0,3311629,3311629,2925
24418,111,215,1047,14,0,11200,0,0,0,3313854,3313854,2925
24433,111,259,1047,14,0,11200,0,0,0,3315797,3315797,2925
24448,111,300,1047,14,0,11200,0,0,0,3317847,3317847,2925
24463,111,351,1047,14,0,11200,0,0,0,3319955,3319955,2925
24479,111,430,1047,14,0,11200,0,0,0,3322231,3322231,2925
24494,111,529,1047,14,0,11200,0,0,0,3324376,3324376,2925
24509,111,602,1047,14,0,11200,0,0,0,3326587,3326587,2925
24524,111,651,1047,14,0,11200,0,0,0,3327959,3327959,2925
24539,111,693,1047,14,0,11200,0,0,0,3329693,3329693,2925
24555,111,771,1047,14,0,11200,0,0,0,3331740,3331740,2925
24570,111,858,1047,14,0,11200,0,0,0,3333603,3333603,2925
24585,111,924,1047,14,0,11200,0,0,0,3335140,3335140,2925
24601,111,997,1047,14,0,11200,0,0,0,3337022,3337022,2925
24617,112,8,1047,14,0,11200,0,0,0,3338748,3338748,2925
24632,112,109,1048,15,0,11200,0,0,0,3341284,3341284,2926
24647,112,154,1048,15,0,11200,0,0,0,3343679,3343679,2926
24662,112,206,1048,15,0,11200,0,0,0,3345795,3345795,2926
24678,112,254,1048,15,0,11200,0,0,0,3347826,3347826,2926
24693,112,291,1048,15,0,11200,0,0,0,3350019,3350019,2926
24708,112,344,1048,15,0,11200,0,0,0,3352171,3352171,2926
24723,112,418,1048,15,0,11200,0,0,0,3354369,3354369,2926
24738,112,503,1048,15,0,11200,0,0,0,3356554,3356554,2926
24753,112,563,1048,15,0,11200,0,0,0,3358694,3358694,2926
24769,112,615,1048,14,0,11200,0,0,0,3360666,3360666,2926
24784,112,676,1048,14,0,11200,0,0,0,3362240,3362240,2926
24799,112,716,1048,14,0,11200,0,0,0,3363753,3363753,2926
24814,112,782,1048,14,0,11200,0,0,0,3365737,3365737,2926
24830,112,883,1048,14,0,11200,0,0,0,3367802,3367802,2926
24845,112,951,1048,14,0,11200,0,0,0,3369509,3369509,2926
24871,112,1013,1049,15,0,11200,0,0,0,3371199,3371199,2927
24886,113,22,1049,13,0,11200,0,0,0,3373662,3373662,2927
24901,113,122,1049,13,0,11200,0,0,0,3376164,3376164,2927
24917,113,176,1049,13,0,11200,0,0,0,3378556,3378556,2927
24932,113,227,1049,13,0,11200,0,0,0,3380790,3380790,2927
24948,113,274,1049,13,0,11200,0,0,0,3382926,3382926,2927
24963,113,324,1049,13,0,11200,0,0,0,3385087,3385087,2927
24978,113,392,1049,13,0,11200,0,0,0,3387135,3387135,2927
24993,113,451,1049,13,0,11200,0,0,0,3389319,3389319,2927
25008,113,542,1049,13,0,11200,0,0,0,3391566,3391566,2927
25024,113,605,1049,13,0,11200,0,0,0,3393549,3393549,2927
25039,113,653,1049,13,0,11200,0,0,0,3395368,3395368,2927
25054,113,701,1049,13,0,11200,0,0,0,3396691,3396691,2927
25070,113,757,1049,13,0,11200,0,0,0,3398612,3398612,2927
25085,113,838,1049,13,0,11200,0,0,0,3400358,3400358,2927
25100,113,909,1049,13,0,11200,0,0,0,3402276,3402276,2927
25115,113,967,1049,13,0,11200,0,0,0,3403778,3403778,2927
25139,113,1013,1049,13,0,11200,0,0,0,3405093,3405093,2927
25155,114,16,1049,12,0,11200,0,0,0,3407377,3407377,2927
25170,114,124,1049,12,0,11200,0,0,0,3409914,3409914,2927
25185,114,181,1049,12,0,11200,0,0,0,3412303,3412303,2927
25200,114,229,1049,12,0,11200,0,0,0,3414405,3414405,2927
25215,114,283,1049,12,0,11200,0,0,0,3416802,3416802,2927
25231,114,341,1049,12,0,11200,0,0,0,3418875,3418875,2927
25246,114,426,1049,12,0,11200,0,0,0,3421080,3421080,2927
25261,114,509,1049,12,0,11200,0,0,0,3423146,3423146,2927
25276,114,575,1049,12,0,11200,0,0,0,3425193,3425193,2927
25291,114,647,1049,12,0,11200,0,0,0,3427212,3427212,2927
25307,114,685,1049,12,0,11200,0,0,0,3428570,3428570,2927
25322,114,736,1049,12,0,11200,0,0,0,3430076,3430076,2927
25337,114,828,1049,12,0,11200,0,0,0,3432031,3432031,2927
25352,114,900,1049,12,0,11200,0,0,0,3434122,3434122,2927
25368,114,956,1049,12,0,11200,0,0,0,3435718,3435718,2927
25391,114,1013,1049,12,0,11200,0,0,0,3437591,3437591,2927
25406,115,21,1049,11,0,11200,0,0,0,3439963,3439963,2927
25421,115,130,1049,11,0,11200,0,0,0,3442437,3442437,2927
25436,115,183,1049,11,0,11200,0,0,0,3444850,3444850,2927
25452,115,243,1049,11,0,11200,0,0,0,3447016,3447016,2927
25467,115,286,1049,11,0,11200,0,0,0,3449285,3449285,2927
25482,115,347,1049,11,0,11200,0,0,0,3451421,3451421,2927
25497,115,434,1049,11,0,11200,0,0,0,3453694,3453694,2927
25513,115,517,1049,11,0,11200,0,0,0,3455895,3455895,2927
25528,115,601,1049,11,0,11200,0,0,0,3458171,3458171,2927
25544,115,657,1049,11,0,11200,0,0,0,3459631,3459631,2927
25560,115,715,1049,11,0,11200,0,0,0,3461474,3461474,2927
25575,115,772,1049,11,0,11200,0,0,0,3463308,3463308,2927
25591,115,880,1049,11,0,11200,0,0,0,3465419,3465419,2927
25606,115,957,1049,11,0,11200,0,0,0,3467233,3467233,2927
25632,115,1013,1050,12,0,11200,0,0,0,3468789,3468789,2927
25648,116,25,1050,12,0,11200,0,0,0,3471172,3471172,2927
25663,116,124,1050,12,0,11200,0,0,0,3473865,3473865,2927
25678,116,176,1050,12,0,11200,0,0,0,3476182,3476182,2927
25694,116,238,1050,12,0,11200,0,0,0,3478559,3478559,2927
25709,116,286,1050,12,0,11200,0,0,0,3480953,3480953,2927
25724,116,339,1050,12,0,11200,0,0,0,3483036,3483036,2927
25740,116,392,1050,12,0,11200,0,0,0,3485031,3485031,2927
25755,116,475,1050,12,0,11200,0,0,0,3487241,3487241,2927
25770,116,564,1050,12,0,11200,0,0,0,3489594,3489594,2927
25786,116,629,1050,12,0,11200,0,0,0,3491783,3491783,2927
25801,116,653,1050,12,0,11200,0,0,0,3492699,3492699,2927
25816,116,703,1050,12,0,11200,0,0,0,3494435,3494435,2927
25832,116,785,1050,12,0,11200,0,0,0,3496496,3496496,2927
25848,116,860,1050,12,0,11200,0,0,0,3498281,3498281,2927
25863,116,920,1050,12,0,11200,0,0,0,3499982,3499982,2927
25879,116,1002,1050,12,0,11200,0,0,0,3502075,3502075,2927
25894,117,8,1050,12,0,11200,0,0,0,3503811,3503811,2927
25909,117,116,1050,12,0,11200,0,0,0,3506432,3506432,2927
25925,117,174,1050,12,0,11200,0,0,0,3508835,3508835,2927
25940,117,229,1050,12,0,11200,0,0,0,3511090,3511090,2927
25956,117,276,1050,12,0,11200,0,0,0,3513483,3513483,2927
25971,117,321,1050,12,0,11200,0,0,0,3515503,3515503,2927
25986,117,388,1050,12,0,11200,0,0,0,3517575,3517575,2927
26001,117,460,1050,12,0,11200,0,0,0,3519615,3519615,2927
26016,117,547,1050,12,0,11200,0,0,0,3521728,3521728,2927
26031,117,629,1050,12,0,11200,0,0,0,3523923,3523923,2927
26047,117,678,1050,12,0,11200,0,0,0,3525609,3525609,2927
26062,117,720,1050,12,0,11200,0,0,0,3527419,3527419,2927
26077,117,772,1050,12,0,11200,0,0,0,3529201,3529201,2927
26093,117,860,1050,12,0,11200,0,0,0,3531132,3531132,2927
26108,117,926,1050,12,0,11200,0,0,0,3532801,3532801,2927
26124,117,1002,1050,12,0,11200,0,0,0,3534782,3534782,2927
26139,118,1029,1050,12,0,11200,0,0,0,3535810,3535810,2927
26154,118,47,1050,12,0,11200,0,0,0,3538112,3538112,2927
26170,118,139,1050,12,0,11200,0,0,0,3540743,3540743,2927
26185,118,204,1051,13,0,11200,0,0,0,3543035,3543035,2929
26200,118,253,1051,13,0,11200,0,0,0,3545218,3545218,2929
26216,118,298,1051,13,0,11200,0,0,0,3547361,3547361,2929
26231,118,351,1051,13,0,11200,0,0,0,3549425,3549425,2929
26246,118,420,1051,13,0,11200,0,0,0,3551502,3551502,2929
26262,118,501,1051,13,0,11200,0,0,0,3553844,3553844,2929
26277,118,574,1051,13,0,11200,0,0,0,3556202,3556202,2929
26296,118,632,1051,13,0,11200,0,0,0,3557519,3557519,2929
26311,118,680,1051,13,0,11200,0,0,0,3559130,3559130,2929
26326,118,723,1051,13,0,11200,0,0,0,3560964,3560964,2929
26342,118,815,1051,13,0,11200,0,0,0,3562661,3562661,2929
26357,118,901,1051,13,0,11200,0,0,0,3564676,3564676,2929
26373,118,964,1051,13,0,11200,0,0,0,3566491,3566491,2929
26399,118,1013,1051,13,0,11200,0,0,0,3568074,3568074,2929
26414,119,20,1051,10,0,11200,0,0,0,3570242,3570242,2929
26430,119,122,1051,10,0,11200,0,0,0,3572692,3572692,2929
26445,119,188,1051,10,0,11200,0,0,0,3575069,3575069,2929
26460,119,238,1051,10,0,11200,0,0,0,3577289,3577289,2929
26476,119,282,1051,10,0,11200,0,0,0,3579621,3579621,2929
26491,119,342,1051,10,0,11200,0,0,0,3581722,3581722,2929
26506,119,396,1051,10,0,11200,0,0,0,3583704,3583704,2929
26522,119,475,1051,10,0,11200,0,0,0,3585912,3585912,2929
26537,119,547,1051,10,0,11200,0,0,0,3588119,3588119,2929
26552,119,611,1051,10,0,11200,0,0,0,3590026,3590026,2929
26568,119,651,1051,10,0,11200,0,0,0,3591318,3591318,2929
26583,119,717,1051,10,0,11200,0,0,0,3593130,3593130,2929
26598,119,795,1051,10,0,11200,0,0,0,3594775,3594775,2929
26614,119,894,1051,10,0,11200,0,0,0,3596959,3596959,2929
26629,119,930,1051,10,0,11200,0,0,0,3598009,3598009,2929
26659,119,1013,1051,10,0,11200,0,0,0,3599943,3599943,2929
26674,120,24,1051,9,0,11200,0,0,0,3601964,3601964,2929
26690,120,129,1051,9,0,11200,0,0,0,3604633,3604633,2929
26705,120,176,1051,9,0,11200,0,0,0,3607114,3607114,2929
26720,120,239,1051,9,0,11200,0,0,0,3609275,3609275,2929
26736,120,288,1051,9,0,11200,0,0,0,3611708,3611708,2929
26751,120,338,1051,9,0,11200,0,0,0,3613771,3613771,2929
26766,120,417,1051,9,0,11200,0,0,0,3616026,3616026,2929
26781,120,488,1051,9,0,11200,0,0,0,3617945,3617945,2929
26796,120,553,1051,9,0,11200,0,0,0,3619999,3619999,2929
26817,120,632,1051,9,0,11200,0,0,0,3621802,3621802,2929
26832,120,674,1051,9,0,11200,0,0,0,3623086,3623086,2929
26847,120,719,1051,9,0,11200,0,0,0,3624958,3624958,2929
26863,120,808,1051,9,0,11200,0,0,0,3626927,3626927,2929
26879,120,878,1051,9,0,11200,0,0,0,3628867,3628867,2929
26894,120,941,1051,9,0,11200,0,0,0,3630637,3630637,2929
26909,120,1012,1051,9,0,11200,0,0,0,3632530,3632530,2929
26924,121,21,1052,10,0,11200,0,0,0,3634822,3634822,2929
26940,121,118,1052,10,0,11200,0,0,0,3637369,3637369,2929
26956,121,194,1052,10,0,11200,0,0,0,3639889,3639889,2929
26971,121,243,1052,10,0,11200,0,0,0,3641986,3641986,2929
26986,121,289,1052,10,0,11200,0,0,0,3644267,3644267,2929
27001,121,351,1052,10,0,11200,0,0,0,3646269,3646269,2929
27016,121,425,1052,10,0,11200,0,0,0,3648517,3648517,2929
27031,121,498,1052,10,0,11200,0,0,0,3650678,3650678,2929
27046,121,569,1052,10,0,11200,0,0,0,3652804,3652804,2929
27062,121,651,1052,10,0,11200,0,0,0,3654785,3654785,2929
27077,121,701,1052,10,0,11200,0,0,0,3656426,3656426,2929
27093,121,771,1052,10,0,11200,0,0,0,3658692,3658692,2929
27108,121,881,1052,10,0,11200,0,0,0,3660728,3660728,2929
27124,121,936,1052,10,0,11200,0,0,0,3662382,3662382,2929
27141,121,1013,1052,10,0,11200,0,0,0,3663944,3663944,2929
27156,122,17,1052,10,0,11200,0,0,0,3666092,3666092,2929
27171,122,122,1052,10,0,11200,0,0,0,3668529,3668529,2929
27186,122,174,1052,10,0,11200,0,0,0,3671001,3671001,2929
27202,122,245,1052,10,0,11200,0,0,0,3673307,3673307,2929
27217,122,301,1052,10,0,11200,0,0,0,3675642,3675642,2929
27233,122,370,1052,10,0,11200,0,0,0,3678055,3678055,2929
27248,122,472,1052,10,0,11200,0,0,0,3680319,3680319,2929
27263,122,556,1052,10,0,11200,0,0,0,3682811,3682811,2929
27278,122,613,1052,10,0,11200,0,0,0,3684727,3684727,2929
27293,122,674,1052,10,0,11200,0,0,0,3686608,3686608,2929
27309,122,733,1052,10,0,11200,0,0,0,3688521,3688521,2929
27324,122,814,1052,10,0,11200,0,0,0,3690543,3690543,2929
27340,122,908,1052,10,0,11200,0,0,0,3692685,3692685,2929
27355,122,984,1052,10,0,11200,0,0,0,3694750,3694750,2929
27370,122,1022,1052,10,0,11200,0,0,0,3696190,3696190,2929
27385,123,19,1052,10,0,11200,0,0,0,3698418,3698418,2929
27401,123,116,1052,10,0,11200,0,0,0,3700860,3700860,2929
27416,123,166,1052,10,0,11200,0,0,0,3703075,3703075,2929
27431,123,221,1052,10,0,11200,0,0,0,3705117,3705117,2929
27446,123,264,1052,10,0,11200,0,0,0,3707452,3707452,2929
27461,123,308,1052,10,0,11200,0,0,0,3709566,3709566,2929
27477,123,372,1052,10,0,11200,0,0,0,3711807,3711807,2929
27492,123,441,1052,10,0,11200,0,0,0,3714058,3714058,2929
27507,123,529,1052,10,0,11200,0,0,0,3716308,3716308,2929
27522,123,603,1052,10,0,11200,0,0,0,3718557,3718557,2929
27537,123,654,1052,10,0,11200,0,0,0,3720090,3720090,2929
27553,123,716,1052,10,0,11200,0,0,0,3721978,3721978,2929
27568,123,795,1052,10,0,11200,0,0,0,3723988,3723988,2929
27584,123,883,1052,10,0,11200,0,0,0,3725937,3725937,2929
27599,123,941,1052,10,0,11200,0,0,0,3727593,3727593,2929
27615,123,1011,1052,10,0,11200,0,0,0,3729532,3729532,2929
27631,124,1029,1052,10,0,11200,0,0,0,3730276,3730276,2929
27646,124,32,1052,10,0,11200,0,0,0,3732444,3732444,2929
27661,124,134,1052,10,0,11200,0,0,0,3734811,3734811,2929
27677,124,188,1052,10,0,11200,0,0,0,3737075,3737075,2929
27692,124,243,1052,10,0,11200,0,0,0,3739225,3739225,2929
27707,124,285,1052,10,0,11200,0,0,0,3741552,3741552,2929
27722,124,330,1052,10,0,11200,0,0,0,3743552,3743552,2929
27737,124,392,1052,10,0,11200,0,0,0,3745533,3745533,2929
27753,124,477,1052,10,0,11200,0,0,0,3747737,3747737,2929
27768,124,553,1052,10,0,11200,0,0,0,3750137,3750137,2929
27784,124,615,1052,10,0,11200,0,0,0,3751993,3751993,2929
27800,124,676,1052,10,0,11200,0,0,0,3753994,3753994,2929
27815,124,730,1052,10,0,11200,0,0,0,3755950,3755950,2929
27831,124,816,1052,10,0,11200,0,0,0,3757830,3757830,2929
27846,124,885,1052,10,0,11200,0,0,0,3759762,3759762,2929
27861,124,950,1052,10,0,11200,0,0,0,3761595,3761595,2929
27877,124,1012,1052,9,0,11200,0,0,0,3763170,3763170,2929
27892,125,18,1052,8,0,11200,0,0,0,3765440,3765440,2929
27907,125,118,1052,8,0,11200,0,0,0,3767720,3767720,2929
27922,125,163,1052,8,0,11200,0,0,0,3770001,3770001,2929
27937,125,212,1052,8,0,11200,0,0,0,3772193,3772193,2929
27952,125,271,1052,8,0,11200,0,0,0,3774628,3774628,2929
27968,125,319,1052,8,0,11200,0,0,0,3776637,3776637,2929
27983,125,388,1052,8,0,11200,0,0,0,3778593,3778593,2929
27998,125,476,1052,8,0,11200,0,0,0,3780765,3780765,2929
28014,125,549,1052,8,0,11200,0,0,0,3783096,3783096,2929
28029,125,611,1052,8,0,11200,0,0,0,3785191,3785191,2929
28045,125,676,1052,8,0,11200,0,0,0,3787013,3787013,2929
28061,125,731,1052,8,0,11200,0,0,0,3788860,3788860,2929
28076,125,836,1052,8,0,11200,0,0,0,3791010,3791010,2929
28092,125,918,1052,8,0,11200,0,0,0,3793076,3793076,2929
28108,125,971,1052,8,0,11200,0,0,0,3794582,3794582,2929
28123,125,1021,1053,9,0,11200,0,0,0,3796118,3796118,2929
28139,126,21,1053,9,0,11200,0,0,0,3798403,3798403,2929
28154,126,118,1053,9,0,11200,0,0,0,3800848,3800848,2929
28169,126,167,1053,9,0,11200,0,0,0,3803260,3803260,2929
28184,126,223,1053,9,0,11200,0,0,0,3805414,3805414,2929
28200,126,269,1053,9,0,11200,0,0,0,3807643,3807643,2929
28215,126,321,1053,8,0,11200,0,0,0,3809875,3809875,2929
28231,126,378,1053,8,0,11200,0,0,0,3811953,3811953,2929
28246,126,460,1053,8,0,11200,0,0,0,3814330,3814330,2929
28262,126,547,1053,8,0,11200,0,0,0,3816509,3816509,2929
28277,126,613,1053,8,0,11200,0,0,0,3818461,3818461,2929
28293,126,667,1053,8,0,11200,0,0,0,3820288,3820288,2929
28309,126,706,1053,8,0,11200,0,0,0,3821921,3821921,2929
28324,126,784,1053,8,0,11200,0,0,0,3824007,3824007,2929
28339,126,885,1053,8,0,11200,0,0,0,3826022,3826022,2929
28354,126,951,1053,8,0,11200,0,0,0,3827744,3827744,2929
28378,126,1013,1053,8,0,11200,0,0,0,3829598,3829598,2929
28393,127,25,1053,8,0,11200,0,0,0,3831680,3831680,2929
28408,127,122,1053,8,0,11200,0,0,0,3834223,3834223,2929
28424,127,176,1053,8,0,11200,0,0,0,3836563,3836563,2929
28439,127,241,1053,8,0,11200,0,0,0,3838697,3838697,2929
28454,127,286,1053,8,0,11200,0,0,0,3840873,3840873,2929
28469,127,339,1053,8,0,11200,0,0,0,3842827,3842827,2929
28484,127,416,1053,8,0,11200,0,0,0,3844840,3844840,2929
28499,127,495,1053,8,0,11200,0,0,0,3846978,3846978,2929
28514,127,578,1053,8,0,11200,0,0,0,3849057,3849057,2929
28529,127,641,1053,8,0,11200,0,0,0,3850832,3850832,2929
28544,127,679,1053,8,0,11200,0,0,0,3852169,3852169,2929
28560,127,738,1053,8,0,11200,0,0,0,3854180,3854180,2929
28575,127,828,1053,8,0,11200,0,0,0,3856223,3856223,2929
28590,127,891,1053,8,0,11200,0,0,0,3858054,3858054,2929
28622,127,921,1053,8,0,11200,0,0,0,3859432,3859432,2929
28637,127,992,1054,9,0,11200,0,0,0,3861300,3861300,2933
28652,128,1033,1054,9,0,11200,0,0,0,3862605,3862605,2933
28667,128,28,1054,8,0,11200,0,0,0,3864613,3864613,2933
28682,128,129,1054,8,0,11200,0,0,0,3866886,3866886,2933
28698,128,200,1054,8,0,11200,0,0,0,3869183,3869183,2933
28713,128,250,1054,8,0,11200,0,0,0,3871402,3871402,2933
28728,128,291,1054,8,0,11200,0,0,0,3873709,3873709,2933
28744,128,351,1054,8,0,11200,0,0,0,3875813,3875813,2933
28759,128,425,1054,8,0,11200,0,0,0,3877882,3877882,2933
28774,128,517,1054,8,0,11200,0,0,0,3880126,3880126,2933
28790,128,597,1054,8,0,11200,0,0,0,3882493,3882493,2933
28806,128,651,1054,8,0,11200,0,0,0,3884202,3884202,2933
28822,128,716,1054,8,0,11200,0,0,0,3886092,3886092,2933
28837,128,810,1054,8,0,11200,0,0,0,3888281,3888281,2933
28852,128,911,1054,8,0,11200,0,0,0,3890423,3890423,2933
28867,128,947,1054,8,0,11200,0,0,0,3891626,3891626,2933
28885,128,1013,1055,9,0,11200,0,0,0,3893546,3893546,2933
28900,129,21,1055,9,0,11200,0,0,0,3895863,3895863,2933
28915,129,122,1055,9,0,11200,0,0,0,3898200,3898200,2933
28931,129,172,1055,9,0,11200,0,0,0,3900662,3900662,2933
28947,129,227,1055,9,0,11200,0,0,0,3902997,3902997,2933
28962,129,273,1055,9,0,11200,0,0,0,3905303,3905303,2933
28977,129,315,1055,9,0,11200,0,0,0,3907297,3907297,2933
28993,129,369,1055,9,0,11200,0,0,0,3909338,3909338,2933
29008,129,434,1055,9,0,11200,0,0,0,3911468,3911468,2933
29023,129,518,1055,9,0,11200,0,0,0,3913623,3913623,2933
29038,129,602,1055,9,0,11200,0,0,0,3915804,3915804,2933
29054,129,681,1055,9,0,11200,0,0,0,3917781,3917781,2933
29069,129,733,1055,9,0,11200,0,0,0,3919735,3919735,2933
29084,129,828,1055,9,0,11200,0,0,0,3921689,3921689,2933
29100,129,900,1055,9,0,11200,0,0,0,3923737,3923737,2933
29116,129,974,1055,9,0,11200,0,0,0,3925307,3925307,2933
29131,129,1019,1055,9,0,11200,0,0,0,3926786,3926786,2933
29146,130,27,1055,9,0,11200,0,0,0,3929170,3929170,2933
29162,130,129,1055,9,0,11200,0,0,0,3931575,3931575,2933
29177,130,180,1055,9,0,11200,0,0,0,3933972,3933972,2933
29192,130,249,1055,9,0,11200,0,0,0,3936317,3936317,2933
29207,130,292,1055,9,0,11200,0,0,0,3938586,3938586,2933
29222,130,343,1055,9,0,11200,0,0,0,3940607,3940607,2933
29237,130,423,1055,9,0,11200,0,0,0,3942815,3942815,2933
29253,130,521,1055,9,0,11200,0,0,0,3944999,3944999,2933
29268,130,580,1055,9,0,11200,0,0,0,3946998,3946998,2933
29285,130,651,1055,9,0,11200,0,0,0,3948876,3948876,2933
29300,130,703,1055,9,0,11200,0,0,0,3950797,3950797,2933
29316,130,754,1055,9,0,11200,0,0,0,3952748,3952748,2933
29332,130,851,1055,9,0,11200,0,0,0,3954846,3954846,2933
29349,130,920,1055,9,0,11200,0,0,0,3956933,3956933,2933
29365,130,988,1055,9,0,11200,0,0,0,3958707,3958707,2933
29386,130,1013,1055,9,0,11200,0,0,0,3959535,3959535,2933
29401,131,17,1055,9,0,11200,0,0,0,3961720,3961720,2933
29416,131,123,1055,9,0,11200,0,0,0,3964166,3964166,2933
29431,131,175,1055,9,0,11200,0,0,0,3966511,3966511,2933
29446,131,234,1055,9,0,11200,0,0,0,3968770,3968770,2933
29462,131,282,1055,9,0,11200,0,0,0,3971017,3971017,2933
29477,131,324,1055,9,0,11200,0,0,0,3972913,3972913,2933
29492,131,378,1055,9,0,11200,0,0,0,3974747,3974747,2933
29508,131,483,1055,9,0,11200,0,0,0,3977119,3977119,2933
29523,131,553,1055,9,0,11200,0,0,0,3979112,3979112,2933
29538,131,629,1055,9,0,11200,0,0,0,3981239,3981239,2933
29554,131,689,1055,9,0,11200,0,0,0,3982931,3982931,2933
29569,131,737,1055,9,0,11200,0,0,0,3984915,3984915,2933
29584,131,842,1055,9,0,11200,0,0,0,3986863,3986863,2933
29599,131,920,1055,9,0,11200,0,0,0,3988661,3988661,2933
29614,131,999,1055,9,0,11200,0,0,0,3990720,3990720,2933
29630,132,1040,1055,9,0,11200,0,0,0,3991989,3991989,2933
29645,132,74,1055,9,0,11200,0,0,0,3994369,3994369,2933
29660,132,139,1055,9,0,11200,0,0,0,3996727,3996727,2933
29675,132,206,1055,9,0,11200,0,0,0,3999339,3999339,2933
29691,132,249,1055,9,0,11200,0,0,0,4001500,4001500,2933
29706,132,300,1055,9,0,11200,0,0,0,4003820,4003820,2933
29721,132,351,1055,9,0,11200,0,0,0,4005862,4005862,2933
29737,132,413,1055,9,0,11200,0,0,0,4007973,4007973,2933
29752,132,487,1055,9,0,11200,0,0,0,4010018,4010018,2933
29767,132,561,1055,9,0,11200,0,0,0,4012182,4012182,2933
29783,132,642,1055,9,0,11200,0,0,0,4014416,4014416,2933
29798,132,703,1055,9,0,11200,0,0,0,4016117,4016117,2933
29813,132,762,1055,9,0,11200,0,0,0,4017791,4017791,2933
29829,132,842,1055,9,0,11200,0,0,0,4019797,4019797,2933
29846,132,920,1055,9,0,11200,0,0,0,4022028,4022028,2933
29861,132,986,1056,10,0,11200,0,0,0,4024185,4024185,2933
29876,133,1033,1056,10,0,11200,0,0,0,4025770,4025770,2933
29891,133,47,1056,10,0,11200,0,0,0,4028181,4028181,2933
29907,133,135,1056,10,0,11200,0,0,0,4030571,4030571,2933
29922,133,197,1056,10,0,11200,0,0,0,4032672,4032672,2933
29937,133,244,1056,10,0,11200,0,0,0,4034881,4034881,2933
29952,133,295,1056,10,0,11200,0,0,0,4037052,4037052,2933
29968,133,347,1056,10,0,11200,0,0,0,4038976,4038976,2933
29983,133,430,1056,10,0,11200,0,0,0,4041106,4041106,2933
29998,133,511,1056,10,0,11200,0,0,0,4043214,4043214,2933
30013,133,571,1057,11,0,11200,0,0,0,4045431,4045431,2933
30028,133,647,1057,11,0,11200,0,0,0,4047404,4047404,2933
30044,133,680,1057,11,0,11200,0,0,0,4048695,4048695,2933
30059,133,727,1057,11,0,11200,0,0,0,4050620,4050620,2933
30074,133,803,1057,11,0,11200,0,0,0,4052531,4052531,2933
30090,133,900,1057,10,0,11200,0,0,0,4054575,4054575,2933
30105,133,947,1057,10,0,11200,0,0,0,4056006,4056006,2933
30121,133,1011,1057,10,0,11200,0,0,0,4057960,4057960,2933
30136,134,12,1058,10,0,11200,0,0,0,4059644,4059644,2933
30151,134,107,1058,10,0,11200,0,0,0,4062305,4062305,2933
30167,134,161,1058,10,0,11200,0,0,0,4064869,4064869,2933
30182,134,213,1058,10,0,11200,0,0,0,4067113,4067113,2933
30197,134,270,1058,10,0,11200,0,0,0,4069364,4069364,2933
30212,134,312,1058,10,0,11200,0,0,0,4071349,4071349,2933
30227,134,372,1058,10,0,11200,0,0,0,4073250,4073250,2933
30242,134,446,1058,10,0,11200,0,0,0,4075409,4075409,2933
30257,134,542,1058,10,0,11200,0,0,0,4077674,4077674,2933
30273,134,609,1058,10,0,11200,0,0,0,4079794,4079794,2933
30288,134,668,1058,10,0,11200,0,0,0,4081418,4081418,2933
30303,134,711,1058,10,0,11200,0,0,0,4083135,4083135,2933
30318,134,768,1058,10,0,11200,0,0,0,4084999,4084999,2933
30334,134,860,1059,11,0,11200,0,0,0,4086732,4086732,2933
30349,134,939,1059,11,0,11200,0,0,0,4088727,4088727,2933
30364,134,992,1059,11,0,11200,0,0,0,4090740,4090740,2933
30380,134,1014,1059,11,0,11200,0,0,0,4091726,4091726,2933
30395,135,25,1059,11,0,11200,0,0,0,4094196,4094196,2933
30410,135,130,1059,11,0,11200,0,0,0,4096599,4096599,2933
30425,135,201,1059,11,0,11200,0,0,0,4098955,4098955,2933
30440,135,252,1059,11,0,11200,0,0,0,4101125,4101125,2933
30456,135,293,1059,11,0,11200,0,0,0,4103468,4103468,2933
30471,135,347,1059,11,0,11200,0,0,0,4105568,4105568,2933
30486,135,429,1059,11,0,11200,0,0,0,4107613,4107613,2933
30502,135,510,1059,11,0,11200,0,0,0,4109738,4109738,2933
30517,135,571,1059,11,0,11200,0,0,0,4111937,4111937,2933
30532,135,642,1059,11,0,11200,0,0,0,4113744,4113744,2933
30548,135,696,1059,11,0,11200,0,0,0,4115427,4115427,2933
30563,135,750,1059,11,0,11200,0,0,0,4117442,4117442,2933
30579,135,819,1059,11,0,11200,0,0,0,4119124,4119124,2933
30595,135,900,1059,11,0,11200,0,0,0,4121193,4121193,2933
30610,135,956,1059,11,0,11200,0,0,0,4123150,4123150,2933
30627,135,1013,1059,11,0,11200,0,0,0,4124906,4124906,2933
30642,136,19,1059,9,0,11200,0,0,0,4127270,4127270,2933
30657,136,118,1059,9,0,11200,0,0,0,4129557,4129557,2933
30673,136,170,1059,9,0,11200,0,0,0,4131780,4131780,2933
30688,136,225,1059,9,0,11200,0,0,0,4134031,4134031,2933
30703,136,275,1059,9,0,11200,0,0,0,4136428,4136428,2933
30719,136,321,1059,9,0,11200,0,0,0,4138451,4138451,2933
30734,136,393,1059,9,0,11200,0,0,0,4140578,4140578,2933
30749,136,487,1059,9,0,11200,0,0,0,4142813,4142813,2933
30765,136,548,1059,9,0,11200,0,0,0,4144943,4144943,2933
30780,136,614,1059,9,0,11200,0,0,0,4146708,4146708,2933
30795,136,657,1059,9,0,11200,0,0,0,4147842,4147842,2933
30811,136,719,1059,9,0,11200,0,0,0,4149772,4149772,2933
30826,136,810,1059,9,0,11200,0,0,0,4151645,4151645,2933
30841,136,901,1061,11,0,11200,0,0,0,4153587,4153587,2936
30856,136,961,1061,11,0,11200,0,0,0,4155183,4155183,2936
30890,136,1013,1061,11,0,11200,0,0,0,4156830,4156830,2936
30905,137,8,1061,9,0,11200,0,0,0,4158862,4158862,2936
30921,137,109,1061,9,0,11200,0,0,0,4161290,4161290,2936
30936,137,161,1061,9,0,11200,0,0,0,4163810,4163810,2936
30951,137,226,1061,9,0,11200,0,0,0,4166205,4166205,2936
30966,137,273,1061,9,0,11200,0,0,0,4168553,4168553,2936
30982,137,308,1061,9,0,11200,0,0,0,4170524,4170524,2936
30997,137,367,1061,9,0,11200,0,0,0,4172704,4172704,2936
31013,137,436,1061,9,0,11200,0,0,0,4174873,4174873,2936
31028,137,513,1061,9,0,11200,0,0,0,4176963,4176963,2936
31043,137,579,1061,9,0,11200,0,0,0,4179103,4179103,2936
31059,137,643,1061,9,0,11200,0,0,0,4181086,4181086,2936
31074,137,679,1061,9,0,11200,0,0,0,4182325,4182325,2936
31089,137,730,1061,9,0,11200,0,0,0,4184323,4184323,2936
31105,137,838,1061,9,0,11200,0,0,0,4186097,4186097,2936
31120,137,914,1061,9,0,11200,0,0,0,4187934,4187934,2936
31136,137,971,1061,9,0,11200,0,0,0,4189598,4189598,2936
31155,137,1013,1061,9,0,11200,0,0,0,4190726,4190726,2936
31170,138,25,1061,9,0,11200,0,0,0,4193089,4193089,2936
31185,138,124,1061,9,0,11200,0,0,0,4195553,4195553,2936
31201,138,188,1061,9,0,11200,0,0,0,4197961,4197961,2936
31216,138,245,1061,9,0,11200,0,0,0,4199912,4199912,2936
31232,138,292,1061,9,0,11200,0,0,0,4202134,4202134,2936
31247,138,343,1061,9,0,11200,0,0,0,4204214,4204214,2936
31262,138,404,1061,9,0,11200,0,0,0,4206225,4206225,2936
31277,138,495,1061,9,0,11200,0,0,0,4208245,4208245,2936
31292,138,556,1061,9,0,11200,0,0,0,4210392,4210392,2936
31308,138,613,1061,9,0,11200,0,0,0,4212360,4212360,2936
31323,138,676,1061,9,0,11200,0,0,0,4214107,4214107,2936
31338,138,732,1061,9,0,11200,0,0,0,4216082,4216082,2936
31353,138,828,1061,9,0,11200,0,0,0,4217949,4217949,2936
31368,138,911,1061,9,0,11200,0,0,0,4219973,4219973,2936
31383,138,935,1061,9,0,11200,0,0,0,4220805,4220805,2936
31399,138,1005,1061,9,0,11200,0,0,0,4222871,4222871,2936
31416,138,1013,1061,9,0,11200,0,0,0,4223170,4223170,2936
31431,139,21,1061,9,0,11200,0,0,0,4225519,4225519,2936
31446,139,122,1061,9,0,11200,0,0,0,4227665,4227665,2936
31461,139,172,1061,9,0,11200,0,0,0,4230001,4230001,2936
31477,139,234,1061,9,0,11200,0,0,0,4232252,4232252,2936
31492,139,282,1061,9,0,11200,0,0,0,4234674,4234674,2936
31508,139,327,1061,9,0,11200,0,0,0,4236708,4236708,2936
31523,139,393,1061,9,0,11200,0,0,0,4238949,4238949,2936
31539,139,503,1061,9,0,11200,0,0,0,4241062,4241062,2936
31554,139,586,1061,9,0,11200,0,0,0,4243370,4243370,2936
31569,139,651,1061,9,0,11200,0,0,0,4245057,4245057,2936
31584,139,715,1061,9,0,11200,0,0,0,4246960,4246960,2936
31601,139,766,1061,9,0,11200,0,0,0,4248676,4248676,2936
31616,139,861,1061,9,0,11200,0,0,0,4250448,4250448,2936
31631,139,935,1061,9,0,11200,0,0,0,4252281,4252281,2936
31646,139,1009,1061,9,0,11200,0,0,0,4254262,4254262,2936
31662,139,1024,1061,9,0,11200,0,0,0,4254741,4254741,2936
31677,140,26,1061,8,0,11200,0,0,0,4256990,4256990,2936
31692,140,114,1061,8,0,11200,0,0,0,4259436,4259436,2936
31708,140,181,1061,8,0,11200,0,0,0,4262062,4262062,2936
31723,140,238,1061,8,0,11200,0,0,0,4264097,4264097,2936
31738,140,280,1061,8,0,11200,0,0,0,4266180,4266180,2936
31753,140,342,1061,8,0,11200,0,0,0,4268213,4268213,2936
31768,140,402,1061,8,0,11200,0,0,0,4270289,4270289,2936
31783,140,472,1061,8,0,11200,0,0,0,4272390,4272390,2936
31798,140,547,1061,8,0,11200,0,0,0,4274486,4274486,2936
31813,140,609,1061,8,0,11200,0,0,0,4276599,4276599,2936
31829,140,651,1061,8,0,11200,0,0,0,4277892,4277892,2936
31844,140,712,1061,8,0,11200,0,0,0,4279839,4279839,2936
31859,140,780,1061,8,0,11200,0,0,0,4281918,4281918,2936
31875,140,858,1061,8,0,11200,0,0,0,4283577,4283577,2936
31892,140,920,1061,8,0,11200,0,0,0,4285189,4285189,2936
31907,140,997,1061,8,0,11200,0,0,0,4287025,4287025,2936
31932,140,1013,1061,8,0,11200,0,0,0,4287696,4287696,2936
31948,141,16,1061,8,0,11200,0,0,0,4289830,4289830,2936
31963,141,122,1061,8,0,11200,0,0,0,4292314,4292314,2936
31978,141,191,1061,8,0,11200,0,0,0,4294522,4294522,2936
31994,141,243,1061,8,0,11200,0,0,0,4296844,4296844,2936
32010,141,291,1061,8,0,11200,0,0,0,4299080,4299080,2936
32026,141,347,1061,8,0,11200,0,0,0,4301311,4301311,2936
32041,141,417,1061,8,0,11200,0,0,0,4303488,4303488,2936
32056,141,498,1061,8,0,11200,0,0,0,4305583,4305583,2936
32071,141,578,1061,8,0,11200,0,0,0,4307658,4307658,2936
32088,141,632,1061,8,0,11200,0,0,0,4309059,4309059,2936
32103,141,681,1061,8,0,11200,0,0,0,4310730,4310730,2936
32119,141,730,1061,8,0,11200,0,0,0,4312646,4312646,2936
32134,141,827,1061,8,0,11200,0,0,0,4314466,4314466,2936
32149,141,914,1061,8,0,11200,0,0,0,4316412,4316412,2936
32164,141,985,1061,8,0,11200,0,0,0,4318195,4318195,2936
32182,141,1013,1061,8,0,11200,0,0,0,4319143,4319143,2936
32197,142,8,1062,8,0,11200,0,0,0,4321271,4321271,2937
32212,142,112,1062,8,0,11200,0,0,0,4323652,4323652,2937
32227,142,168,1062,8,0,11200,0,0,0,4325916,4325916,2937
32243,142,233,1062,8,0,11200,0,0,0,4328219,4328219,2937
32259,142,285,1062,8,0,11200,0,0,0,4330531,4330531,2937
32274,142,348,1062,8,0,11200,0,0,0,4332612,4332612,2937
32290,142,431,1062,8,0,11200,0,0,0,4334759,4334759,2937
32305,142,517,1062,8,0,11200,0,0,0,4336787,4336787,2937
32320,142,581,1062,8,0,11200,0,0,0,4338927,4338927,2937
32336,142,653,1062,8,0,11200,0,0,0,4340837,4340837,2937
32351,142,699,1062,8,0,11200,0,0,0,4342387,4342387,2937
32367,142,754,1062,8,0,11200,0,0,0,4344180,4344180,2937
32382,142,842,1062,8,0,11200,0,0,0,4346060,4346060,2937
32397,142,914,1062,8,0,11200,0,0,0,4347976,4347976,2937
32413,142,997,1062,8,0,11200,0,0,0,4349994,4349994,2937
32429,143,1061,1062,7,0,11200,0,0,0,4351857,4351857,2937
32444,143,71,1062,7,0,11200,0,0,0,4354168,4354168,2937
32459,143,140,1062,7,0,11200,0,0,0,4356620,4356620,2937
32475,143,213,1062,7,0,11200,0,0,0,4358992,4358992,2937
32490,143,267,1062,7,0,11200,0,0,0,4361180,4361180,2937
32506,143,316,1062,7,0,11200,0,0,0,4363352,4363352,2937
32521,143,372,1062,7,0,11200,0,0,0,4365451,4365451,2937
32536,143,452,1062,7,0,11200,0,0,0,4367616,4367616,2937
32551,143,552,1062,7,0,11200,0,0,0,4369815,4369815,2937
32566,143,616,1062,7,0,11200,0,0,0,4371899,4371899,2937
32582,143,671,1062,7,0,11200,0,0,0,4373133,4373133,2937
32597,143,712,1062,7,0,11200,0,0,0,4374756,4374756,2937
32612,143,779,1062,7,0,11200,0,0,0,4376669,4376669,2937
32628,143,852,1062,7,0,11200,0,0,0,4378424,4378424,2937
32646,143,920,1062,7,0,11200,0,0,0,4380158,4380158,2937
32661,143,997,1063,8,0,11200,0,0,0,4382119,4382119,2937
32676,144,1047,1063,8,0,11200,0,0,0,4383970,4383970,2937
32691,144,25,1063,8,0,11200,0,0,0,4386047,4386047,2937
32706,144,129,1063,8,0,11200,0,0,0,4388510,4388510,2937
32721,144,184,1063,8,0,11200,0,0,0,4390592,4390592,2937
32736,144,246,1063,8,0,11200,0,0,0,4392882,4392882,2937
32752,144,301,1063,8,0,11200,0,0,0,4395134,4395134,2937
32767,144,366,1063,8,0,11200,0,0,0,4397210,4397210,2937
32782,144,440,1063,8,0,11200,0,0,0,4399374,4399374,2937
32797,144,523,1063,8,0,11200,0,0,0,4401532,4401532,2937
32813,144,593,1063,8,0,11200,0,0,0,4403813,4403813,2937
32828,144,673,1063,8,0,11200,0,0,0,4405780,4405780,2937
32843,144,732,1063,8,0,11200,0,0,0,4407484,4407484,2937
32859,144,832,1063,8,0,11200,0,0,0,4409442,4409442,2937
32874,144,911,1063,8,0,11200,0,0,0,4411464,4411464,2937
32890,144,961,1063,8,0,11200,0,0,0,4412863,4412863,2937
32905,144,1023,1063,8,0,11200,0,0,0,4414556,4414556,2937
32921,145,18,1063,8,0,11200,0,0,0,4416742,4416742,2937
32936,145,128,1063,8,0,11200,0,0,0,4419178,4419178,2937
32952,145,195,1063,8,0,11200,0,0,0,4421560,4421560,2937
32967,145,246,1063,8,0,11200,0,0,0,4423793,4423793,2937
32983,145,289,1063,8,0,11200,0,0,0,4426085,4426085,2937
32998,145,342,1063,8,0,11200,0,0,0,4428115,4428115,2937
33014,145,430,1063,8,0,11200,0,0,0,4430261,4430261,2937
33029,145,516,1063,8,0,11200,0,0,0,4432404,4432404,2937
33044,145,575,1063,8,0,11200,0,0,0,4434512,4434512,2937
33060,145,650,1063,8,0,11200,0,0,0,4436516,4436516,2937
33075,145,693,1063,8,0,11200,0,0,0,4438270,4438270,2937
33091,145,763,1063,8,0,11200,0,0,0,4440346,4440346,2937
33106,145,858,1063,8,0,11200,0,0,0,4442382,4442382,2937
33121,145,951,1063,8,0,11200,0,0,0,4444320,4444320,2937
33146,145,1013,1063,7,0,11200,0,0,0,4446268,4446268,2937
33161,146,12,1064,7,0,11200,0,0,0,4448354,4448354,2937
33177,146,109,1064,7,0,11200,0,0,0,4450817,4450817,2937
33192,146,162,1064,7,0,11200,0,0,0,4453208,4453208,2937
33207,146,221,1064,7,0,11200,0,0,0,4455574,4455574,2937
33222,146,276,1064,7,0,11200,0,0,0,4457909,4457909,2937
33237,146,324,1064,7,0,11200,0,0,0,4460035,4460035,2937
33252,146,388,1064,7,0,11200,0,0,0,4461941,4461941,2937
33268,146,451,1064,7,0,11200,0,0,0,4463981,4463981,2937
33283,146,528,1064,7,0,11200,0,0,0,4466125,4466125,2937
33298,146,597,1064,7,0,11200,0,0,0,4468393,4468393,2937
33313,146,668,1064,7,0,11200,0,0,0,4470173,4470173,2937
33329,146,715,1064,7,0,11200,0,0,0,4472083,4472083,2937
33345,146,803,1064,7,0,11200,0,0,0,4474079,4474079,2937
33360,146,894,1064,7,0,11200,0,0,0,4476062,4476062,2937
33375,146,984,1064,7,0,11200,0,0,0,4478016,4478016,2937
33392,146,1013,1064,7,0,11200,0,0,0,4479255,4479255,2937
33407,147,12,1064,7,0,11200,0,0,0,4481514,4481514,2937
33423,147,116,1064,7,0,11200,0,0,0,4483911,4483911,2937
33438,147,176,1064,7,0,11200,0,0,0,4486313,4486313,2937
33453,147,242,1064,7,0,11200,0,0,0,4488579,4488579,2937
33469,147,288,1064,7,0,11200,0,0,0,4490984,4490984,2937
33484,147,339,1064,7,0,11200,0,0,0,4493065,4493065,2937
33499,147,416,1064,7,0,11200,0,0,0,4495283,4495283,2937
33515,147,503,1064,7,0,11200,0,0,0,4497475,4497475,2937
33530,147,561,1064,7,0,11200,0,0,0,4499584,4499584,2937
33547,147,632,1064,7,0,11200,0,0,0,4501577,4501577,2937
33563,147,692,1064,7,0,11200,0,0,0,4503251,4503251,2937
33578,147,750,1064,7,0,11200,0,0,0,4505135,4505135,2937
33593,147,829,1064,7,0,11200,0,0,0,4507079,4507079,2937
33608,147,908,1064,7,0,11200,0,0,0,4508943,4508943,2937
33623,147,962,1064,7,0,11200,0,0,0,4510676,4510676,2937
33647,147,1013,1064,7,0,11200,0,0,0,4512219,4512219,2937
33663,148,1061,1064,7,0,11200,0,0,0,4514190,4514190,2937
33678,148,106,1064,7,0,11200,0,0,0,4516677,4516677,2937
33693,148,161,1064,7,0,11200,0,0,0,4519096,4519096,2937
33709,148,223,1064,7,0,11200,0,0,0,4521434,4521434,2937
33724,148,281,1064,7,0,11200,0,0,0,4523750,4523750,2937
33739,148,320,1064,7,0,11200,0,0,0,4525719,4525719,2937
33754,148,379,1064,7,0,11200,0,0,0,4527758,4527758,2937
33770,148,443,1064,7,0,11200,0,0,0,4530052,4530052,2937
33785,148,532,1064,7,0,11200,0,0,0,4532321,4532321,2937
33800,148,609,1064,7,0,11200,0,0,0,4534353,4534353,2937
33816,148,667,1064,7,0,11200,0,0,0,4535950,4535950,2937
33831,148,717,1064,7,0,11200,0,0,0,4537923,4537923,2937
33847,148,803,1064,7,0,11200,0,0,0,4539819,4539819,2937
33862,148,894,1064,7,0,11200,0,0,0,4541730,4541730,2937
33878,148,969,1064,7,0,11200,0,0,0,4543638,4543638,2937
33903,148,1013,1064,7,0,11200,0,0,0,4544980,4544980,2937
33918,149,24,1064,7,0,11200,0,0,0,4547070,4547070,2937
33934,149,122,1064,7,0,11200,0,0,0,4549327,4549327,2937
33949,149,188,1064,7,0,11200,0,0,0,4551821,4551821,2937
33964,149,242,1064,7,0,11200,0,0,0,4554098,4554098,2937
33980,149,284,1064,7,0,11200,0,0,0,4556439,4556439,2937
33995,149,338,1064,7,0,11200,0,0,0,4558523,4558523,2937
34010,149,397,1064,7,0,11200,0,0,0,4560619,4560619,2937
34026,149,483,1064,7,0,11200,0,0,0,4562925,4562925,2937
34041,149,568,1064,7,0,11200,0,0,0,4565177,4565177,2937
34056,149,640,1064,7,0,11200,0,0,0,4567245,4567245,2937
34072,149,690,1064,7,0,11200,0,0,0,4568998,4568998,2937
34087,149,753,1064,7,0,11200,0,0,0,4570920,4570920,2937
34102,149,851,1065,8,0,11200,0,0,0,4572860,4572860,2937
34121,149,920,1065,8,0,11200,0,0,0,4574662,4574662,2937
34136,149,950,1065,8,0,11200,0,0,0,4575337,4575337,2937
34167,149,1013,1065,8,0,11200,0,0,0,4577035,4577035,2937
34182,150,12,1065,7,0,11200,0,0,0,4579162,4579162,2937
34197,150,113,1065,7,0,11200,0,0,0,4581640,4581640,2937
34213,150,168,1065,7,0,11200,0,0,0,4584322,4584322,2937
34228,150,226,1065,7,0,11200,0,0,0,4586676,4586676,2937
34243,150,265,1065,7,0,11200,0,0,0,4588809,4588809,2937
34259,150,316,1065,7,0,11200,0,0,0,4590932,4590932,2937
34274,150,380,1065,7,0,11200,0,0,0,4592987,4592987,2937
34289,150,451,1065,7,0,11200,0,0,0,4595189,4595189,2937
34305,150,553,1065,7,0,11200,0,0,0,4597533,4597533,2937
34320,150,641,1065,7,0,11200,0,0,0,4599751,4599751,2937
34335,150,679,1065,7,0,11200,0,0,0,4600997,4600997,2937
34350,150,724,1065,7,0,11200,0,0,0,4602802,4602802,2937
34366,150,799,1065,7,0,11200,0,0,0,4604459,4604459,2937
34381,150,874,1065,7,0,11200,0,0,0,4606249,4606249,2937
34397,150,945,1065,7,0,11200,0,0,0,4608261,4608261,2937
34413,150,1013,1065,7,0,11200,0,0,0,4609898,4609898,2937
34428,151,10,1065,7,0,11200,0,0,0,4612091,4612091,2937
34444,151,109,1065,7,0,11200,0,0,0,4614246,4614246,2937
34459,151,162,1065,7,0,11200,0,0,0,4616728,4616728,2937
34474,151,216,1065,7,0,11200,0,0,0,4618963,4618963,2937
34490,151,268,1065,7,0,11200,0,0,0,4621308,4621308,2937
34505,151,314,1065,7,0,11200,0,0,0,4623371,4623371,2937
34520,151,396,1065,7,0,11200,0,0,0,4625423,4625423,2937
34536,151,483,1065,7,0,11200,0,0,0,4627689,4627689,2937
34551,151,552,1065,7,0,11200,0,0,0,4629810,4629810,2937
34566,151,613,1065,7,0,11200,0,0,0,4631874,4631874,2937
34582,151,651,1065,7,0,11200,0,0,0,4632935,4632935,2937
34597,151,696,1065,7,0,11200,0,0,0,4634575,4634575,2937
34613,151,764,1065,7,0,11200,0,0,0,4636620,4636620,2937
34628,151,852,1065,7,0,11200,0,0,0,4638555,4638555,2937
34645,151,920,1065,7,0,11200,0,0,0,4640232,4640232,2937
34660,151,997,1065,7,0,11200,0,0,0,4642362,4642362,2937
34675,152,1055,1065,6,0,11200,0,0,0,4643909,4643909,2937
34691,152,103,1065,6,0,11200,0,0,0,4646572,4646572,2937
34706,152,152,1065,6,0,11200,0,0,0,4648904,4648904,2937
34722,152,206,1065,6,0,11200,0,0,0,4650954,4650954,2937
34737,152,266,1065,6,0,11200,0,0,0,4653394,4653394,2937
34753,152,308,1065,6,0,11200,0,0,0,4655375,4655375,2937
34768,152,372,1065,6,0,11200,0,0,0,4657530,4657530,2937
34784,152,440,1065,6,0,11200,0,0,0,4659711,4659711,2937
34799,152,531,1065,6,0,11200,0,0,0,4662029,4662029,2937
34814,152,597,1065,6,0,11200,0,0,0,4664100,4664100,2937
34831,152,650,1065,6,0,11200,0,0,0,4665723,4665723,2937
34846,152,699,1065,6,0,11200,0,0,0,4667076,4667076,2937
34861,152,762,1065,6,0,11200,0,0,0,4668947,4668947,2937
34877,152,834,1065,6,0,11200,0,0,0,4670571,4670571,2937
34892,152,904,1065,6,0,11200,0,0,0,4672287,4672287,2937
34907,152,941,1065,6,0,11200,0,0,0,4673501,4673501,2937
34922,152,1009,1065,5,0,11200,0,0,0,4675250,4675250,2937
34938,152,1023,1065,5,0,11200,0,0,0,4675870,4675870,2937
34953,153,14,1065,5,0,11200,0,0,0,4677826,4677826,2937
34968,153,114,1065,5,0,11200,0,0,0,4680395,4680395,2937
34983,153,166,1065,5,0,11200,0,0,0,4682692,4682692,2937
34999,153,226,1065,5,0,11200,0,0,0,4684983,4684983,2937
35014,153,280,1065,5,0,11200,0,0,0,4687174,4687174,2937
35029,153,344,1065,5,0,11200,0,0,0,4689327,4689327,2937
35044,153,423,1065,5,0,11200,0,0,0,4691579,4691579,2937
35059,153,518,1065,5,0,11200,0,0,0,4694006,4694006,2937
35074,153,594,1065,5,0,11200,0,0,0,4696153,4696153,2937
35094,153,651,1065,5,0,11200,0,0,0,4697926,4697926,2937
35109,153,696,1065,5,0,11200,0,0,0,4699285,4699285,2937
35124,153,762,1065,5,0,11200,0,0,0,4701419,4701419,2937
35139,153,844,1065,5,0,11200,0,0,0,4703330,4703330,2937
35154,153,918,1065,5,0,11200,0,0,0,4705365,4705365,2937
35170,153,970,1065,5,0,11200,0,0,0,4706956,4706956,2937
35185,153,1018,1065,5,0,11200,0,0,0,4708160,4708160,2937
35200,154,10,1065,4,0,11200,0,0,0,4710165,4710165,2937
35216,154,104,1065,4,0,11200,0,0,0,4712596,4712596,2937
35231,154,158,1065,4,0,11200,0,0,0,4715108,4715108,2937
35246,154,223,1065,4,0,11200,0,0,0,4717517,4717517,2937
35261,154,280,1065,4,0,11200,0,0,0,4719793,4719793,2937
35276,154,339,1065,4,0,11200,0,0,0,4721935,4721935,2937
35292,154,404,1065,4,0,11200,0,0,0,4724200,4724200,2937
35307,154,477,1065,4,0,11200,0,0,0,4726218,4726218,2937
35322,154,556,1065,4,0,11200,0,0,0,4728481,4728481,2937
35338,154,632,1065,4,0,11200,0,0,0,4730495,4730495,2937
35353,154,679,1065,4,0,11200,0,0,0,4731875,4731875,2937
35368,154,729,1065,4,0,11200,0,0,0,4733668,4733668,2937
35384,154,814,1065,4,0,11200,0,0,0,4735468,4735468,2937
35399,154,890,1065,4,0,11200,0,0,0,4737276,4737276,2937
35414,154,948,1065,4,0,11200,0,0,0,4738976,4738976,2937
35430,154,1007,1065,4,0,11200,0,0,0,4741081,4741081,2937
35446,154,1026,1065,4,0,11200,0,0,0,4741820,4741820,2937
35461,155,18,1065,4,0,11200,0,0,0,4744152,4744152,2937
35476,155,116,1065,4,0,11200,0,0,0,4746509,4746509,2937
35491,155,171,1065,4,0,11200,0,0,0,4748935,4748935,2937
35507,155,226,1065,4,0,11200,0,0,0,4751335,4751335,2937
35522,155,274,1065,4,0,11200,0,0,0,4753604,4753604,2937
35537,155,314,1065,4,0,11200,0,0,0,4755430,4755430,2937
35552,155,376,1065,4,0,11200,0,0,0,4757462,4757462,2937
35567,155,461,1065,4,0,11200,0,0,0,4759756,4759756,2937
35583,155,542,1065,4,0,11200,0,0,0,4762108,4762108,2937
35598,155,611,1065,4,0,11200,0,0,0,4764117,4764117,2937
35613,155,671,1066,5,0,11200,0,0,0,4765828,4765828,2937
35629,155,732,1066,5,0,11200,0,0,0,4767804,4767804,2937
35644,155,803,1066,5,0,11200,0,0,0,4769524,4769524,2937
35660,155,881,1066,5,0,11200,0,0,0,4771421,4771421,2937
35675,155,930,1066,5,0,11200,0,0,0,4772913,4772913,2937
35690,155,993,1066,5,0,11200,0,0,0,4774872,4774872,2937
35705,155,1028,1066,5,0,11200,0,0,0,4775759,4775759,2937
35720,156,24,1066,4,0,11200,0,0,0,4778148,4778148,2937
35736,156,116,1066,4,0,11200,0,0,0,4780370,4780370,2937
35751,156,171,1066,4,0,11200,0,0,0,4782559,4782559,2937
35767,156,229,1066,4,0,11200,0,0,0,4784994,4784994,2937
35782,156,285,1066,4,0,11200,0,0,0,4787391,4787391,2937
35798,156,341,1066,4,0,11200,0,0,0,4789497,4789497,2937
35813,156,418,1066,4,0,11200,0,0,0,4791654,4791654,2937
35828,156,516,1066,4,0,11200,0,0,0,4793870,4793870,2937
35843,156,571,1066,4,0,11200,0,0,0,4796014,4796014,2937
35858,156,641,1066,4,0,11200,0,0,0,4798105,4798105,2937
35874,156,685,1066,4,0,11200,0,0,0,4799557,4799557,2937
35889,156,729,1066,4,0,11200,0,0,0,4801439,4801439,2937
35904,156,810,1066,4,0,11200,0,0,0,4803247,4803247,2937
35920,156,908,1066,4,0,11200,0,0,0,4805028,4805028,2937
35935,156,956,1066,4,0,11200,0,0,0,4806366,4806366,2937
35951,156,1013,1066,4,0,11200,0,0,0,4807825,4807825,2937
35966,157,11,1066,3,0,11200,0,0,0,4809798,4809798,2937
35982,157,122,1066,3,0,11200,0,0,0,4812370,4812370,2937
35997,157,180,1066,3,0,11200,0,0,0,4814801,4814801,2937
36013,157,241,1066,3,0,11200,0,0,0,4817094,4817094,2937
36028,157,285,1066,3,0,11200,0,0,0,4819505,4819505,2937
36043,157,350,1066,3,0,11200,0,0,0,4821667,4821667,2937
36059,157,425,1066,3,0,11200,0,0,0,4823911,4823911,2937
36074,157,505,1066,3,0,11200,0,0,0,4826070,4826070,2937
36089,157,570,1066,3,0,11200,0,0,0,4828390,4828390,2937
36104,157,647,1066,3,0,11200,0,0,0,4830371,4830371,2937
36119,157,713,1066,3,0,11200,0,0,0,4832319,4832319,2937
36134,157,773,1066,3,0,11200,0,0,0,4834314,4834314,2937
36149,157,876,1066,3,0,11200,0,0,0,4836213,4836213,2937
36172,157,920,1066,3,0,11200,0,0,0,4837765,4837765,2937
36187,157,1008,1066,3,0,11200,0,0,0,4839742,4839742,2937
36203,158,1042,1066,3,0,11200,0,0,0,4840972,4840972,2937
36218,158,27,1066,3,0,11200,0,0,0,4842964,4842964,2937
36233,158,130,1066,3,0,11200,0,0,0,4845462,4845462,2937
36248,158,199,1066,3,0,11200,0,0,0,4847730,4847730,2937
36263,158,253,1066,3,0,11200,0,0,0,4849953,4849953,2937
36278,158,305,1066,3,0,11200,0,0,0,4852055,4852055,2937
36295,158,363,1066,3,0,11200,0,0,0,4854180,4854180,2937
36310,158,436,1066,3,0,11200,0,0,0,4856448,4856448,2937
36326,158,521,1066,3,0,11200,0,0,0,4858741,4858741,2937
36342,158,602,1066,3,0,11200,0,0,0,4861087,4861087,2937
36357,158,674,1066,3,0,11200,0,0,0,4863301,4863301,2937
36373,158,724,1066,3,0,11200,0,0,0,4865108,4865108,2937
36388,158,826,1066,3,0,11200,0,0,0,4866858,4866858,2937
36403,158,917,1066,3,0,11200,0,0,0,4868968,4868968,2937
36419,158,981,1066,3,0,11200,0,0,0,4870802,4870802,2937
36434,158,1021,1066,3,0,11200,0,0,0,4872173,4872173,2937
36450,159,16,1066,3,0,11200,0,0,0,4874233,4874233,2937
36465,159,123,1066,3,0,11200,0,0,0,4876647,4876647,2937
36481,159,184,1066,3,0,11200,0,0,0,4879045,4879045,2937
36496,159,245,1066,3,0,11200,0,0,0,4881361,4881361,2937
36511,159,288,1066,3,0,11200,0,0,0,4883574,4883574,2937
36526,159,334,1066,2,0,11200,0,0,0,4885450,4885450,2937
36542,159,402,1066,2,0,11200,0,0,0,4887696,4887696,2937
36557,159,491,1066,2,0,11200,0,0,0,4890022,4890022,2937
36572,159,571,1066,2,0,11200,0,0,0,4892211,4892211,2937
36587,159,654,1066,2,0,11200,0,0,0,4894232,4894232,2937
36603,159,701,1066,2,0,11200,0,0,0,4895886,4895886,2937
36618,159,769,1066,2,0,11200,0,0,0,4897880,4897880,2937
36633,159,846,1066,2,0,11200,0,0,0,4899623,4899623,2937
36648,159,935,1066,2,0,11200,0,0,0,4901455,4901455,2937
36664,159,998,1066,2,0,11200,0,0,0,4903262,4903262,2937
36679,159,1013,1066,2,0,11200,0,0,0,4903757,4903757,2937
36694,160,13,1066,2,0,11200,0,0,0,4905898,4905898,2937
36709,160,115,1066,2,0,11200,0,0,0,4908263,4908263,2937
36725,160,166,1066,2,0,11200,0,0,0,4910604,4910604,2937
36740,160,221,1066,2,0,11200,0,0,0,4912876,4912876,2937
36755,160,270,1066,2,0,11200,0,0,0,4915083,4915083,2937
36771,160,324,1066,2,0,11200,0,0,0,4917013,4917013,2937
36786,160,393,1066,2,0,11200,0,0,0,4919075,4919075,2937
36801,160,472,1066,2,0,11200,0,0,0,4921426,4921426,2937
36817,160,555,1066,2,0,11200,0,0,0,4924010,4924010,2937
36832,160,617,1066,2,0,11200,0,0,0,4926170,4926170,2937
36847,160,673,1066,2,0,11200,0,0,0,4927709,4927709,2937
36863,160,738,1066,2,0,11200,0,0,0,4929719,4929719,2937
36878,160,834,1066,2,0,11200,0,0,0,4931447,4931447,2937
36894,160,911,1066,2,0,11200,0,0,0,4933569,4933569,2937
36909,160,976,1066,2,0,11200,0,0,0,4935427,4935427,2937
36936,160,1013,1067,3,0,11200,0,0,0,4936707,4936707,2937
36952,161,14,1067,3,0,11200,0,0,0,4939092,4939092,2937
36967,161,114,1067,3,0,11200,0,0,0,4941767,4941767,2937
36983,161,161,1067,3,0,11200,0,0,0,4944082,4944082,2937
36998,161,212,1067,3,0,11200,0,0,0,4946162,4946162,2937
37013,161,267,1067,3,0,11200,0,0,0,4948384,4948384,2937
37029,161,320,1067,3,0,11200,0,0,0,4950605,4950605,2937
37044,161,396,1067,3,0,11200,0,0,0,4952698,4952698,2937
37059,161,483,1068,4,0,11200,0,0,0,4954857,4954857,2938
37075,161,567,1068,4,0,11200,0,0,0,4957202,4957202,2938
37090,161,631,1068,4,0,11200,0,0,0,4959297,4959297,2938
37106,161,689,1068,4,0,11200,0,0,0,4960987,4960987,2938
37121,161,739,1068,4,0,11200,0,0,0,4963066,4963066,2938
37137,161,820,1068,4,0,11200,0,0,0,4965009,4965009,2938
37152,161,890,1068,4,0,11200,0,0,0,4966916,4966916,2938
37167,161,967,1068,4,0,11200,0,0,0,4968636,4968636,2938
37188,161,1013,1068,4,0,11200,0,0,0,4970179,4970179,2938
37203,162,6,1068,3,0,11200,0,0,0,4972238,4972238,2938
37218,162,109,1068,3,0,11200,0,0,0,4974514,4974514,2938
37234,162,146,1068,3,0,11200,0,0,0,4976665,4976665,2938
37249,162,203,1068,3,0,11200,0,0,0,4979084,4979084,2938
37264,162,246,1068,3,0,11200,0,0,0,4981205,4981205,2938
37280,162,291,1068,3,0,11200,0,0,0,4983400,4983400,2938
37295,162,344,1068,3,0,11200,0,0,0,4985506,4985506,2938
37310,162,404,1068,3,0,11200,0,0,0,4987590,4987590,2938
37326,162,501,1068,3,0,11200,0,0,0,4989836,4989836,2938
37341,162,575,1068,3,0,11200,0,0,0,4992035,4992035,2938
37357,162,633,1068,3,0,11200,0,0,0,4993834,4993834,2938
37372,162,680,1068,3,0,11200,0,0,0,4995628,4995628,2938
37387,162,761,1068,3,0,11200,0,0,0,4997681,4997681,2938
37403,162,855,1068,3,0,11200,0,0,0,4999558,4999558,2938
37418,162,920,1068,3,0,11200,0,0,0,5001169,5001169,2938
37433,162,990,1068,3,0,11200,0,0,0,5003243,5003243,2938
37448,162,1031,1068,3,0,11200,0,0,0,5004358,5004358,2938
37464,163,25,1068,3,0,11200,0,0,0,5006600,5006600,2938
37479,163,129,1068,3,0,11200,0,0,0,5009061,5009061,2938
37494,163,191,1068,3,0,11200,0,0,0,5011387,5011387,2938
37509,163,229,1068,3,0,11200,0,0,0,5013602,5013602,2938
37524,163,280,1068,3,0,11200,0,0,0,5015927,5015927,2938
37540,163,330,1069,4,0,11200,0,0,0,5017981,5017981,2939
37555,163,379,1069,4,0,11200,0,0,0,5020046,5020046,2939
37571,163,461,1069,4,0,11200,0,0,0,5022271,5022271,2939
37586,163,541,1069,4,0,11200,0,0,0,5024537,5024537,2939
37601,163,615,1069,4,0,11200,0,0,0,5026540,5026540,2939
37617,163,651,1069,4,0,11200,0,0,0,5027494,5027494,2939
37632,163,710,1069,4,0,11200,0,0,0,5029107,5029107,2939
37648,163,780,1069,4,0,11200,0,0,0,5031030,5031030,2939
37663,163,878,1069,4,0,11200,0,0,0,5032948,5032948,2939
37678,163,930,1069,4,0,11200,0,0,0,5034553,5034553,2939
37696,163,1011,1069,4,0,11200,0,0,0,5036544,5036544,2939
37712,164,1067,1069,4,0,11200,0,0,0,5037815,5037815,2939
37727,164,103,1069,3,0,11200,0,0,0,5040318,5040318,2939
37742,164,162,1069,3,0,11200,0,0,0,5042707,5042707,2939
37757,164,223,1069,3,0,11200,0,0,0,5045096,5045096,2939
37773,164,268,1069,3,0,11200,0,0,0,5047261,5047261,2939
37788,164,313,1069,3,0,11200,0,0,0,5049163,5049163,2939
37803,164,376,1069,3,0,11200,0,0,0,5051179,5051179,2939
37818,164,439,1069,3,0,11200,0,0,0,5053291,5053291,2939
37833,164,525,1069,3,0,11200,0,0,0,5055465,5055465,2939
37849,164,599,1069,3,0,11200,0,0,0,5057400,5057400,2939
37864,164,656,1069,3,0,11200,0,0,0,5058896,5058896,2939
37880,164,713,1069,3,0,11200,0,0,0,5060703,5060703,2939
37895,164,794,1069,3,0,11200,0,0,0,5062927,5062927,2939
37911,164,886,1069,3,0,11200,0,0,0,5065076,5065076,2939
37926,164,950,1069,3,0,11200,0,0,0,5066863,5066863,2939
37953,164,1013,1069,3,0,11200,0,0,0,5068775,5068775,2939
37968,165,7,1069,3,0,11200,0,0,0,5070815,5070815,2939
37983,165,109,1069,3,0,11200,0,0,0,5073274,5073274,2939
37998,165,148,1069,3,0,11200,0,0,0,5075453,5075453,2939
38014,165,210,1069,3,0,11200,0,0,0,5077715,5077715,2939
38029,165,255,1069,3,0,11200,0,0,0,5079790,5079790,2939
38044,165,303,1069,3,0,11200,0,0,0,5081894,5081894,2939
38059,165,366,1069,3,0,11200,0,0,0,5083947,5083947,2939
38075,165,435,1069,3,0,11200,0,0,0,5085995,5085995,2939
38090,165,508,1069,3,0,11200,0,0,0,5088085,5088085,2939
38105,165,568,1069,3,0,11200,0,0,0,5090289,5090289,2939
38120,165,632,1069,3,0,11200,0,0,0,5092049,5092049,2939
38137,165,693,1069,3,0,11200,0,0,0,5093892,5093892,2939
38152,165,761,1069,3,0,11200,0,0,0,5095965,5095965,2939
38168,165,845,1069,3,0,11200,0,0,0,5097965,5097965,2939
38183,165,917,1069,3,0,11200,0,0,0,5100152,5100152,2939
38198,165,984,1069,3,0,11200,0,0,0,5102190,5102190,2939
38222,165,1013,1069,3,0,11200,0,0,0,5103284,5103284,2939
38237,166,14,1069,3,0,11200,0,0,0,5105483,5105483,2939
38253,166,113,1069,3,0,11200,0,0,0,5108114,5108114,2939
38268,166,163,1069,3,0,11200,0,0,0,5110522,5110522,2939
38283,166,226,1069,3,0,11200,0,0,0,5112641,5112641,2939
38298,166,272,1069,3,0,11200,0,0,0,5114759,5114759,2939
38313,166,324,1069,3,0,11200,0,0,0,5116808,5116808,2939
38329,166,395,1069,3,0,11200,0,0,0,5119089,5119089,2939
38344,166,466,1069,3,0,11200,0,0,0,5121318,5121318,2939
38360,166,556,1069,3,0,11200,0,0,0,5123561,5123561,2939
38375,166,642,1069,3,0,11200,0,0,0,5125600,5125600,2939
38390,166,687,1069,3,0,11200,0,0,0,5127192,5127192,2939
38406,166,739,1069,3,0,11200,0,0,0,5129195,5129195,2939
38421,166,834,1069,3,0,11200,0,0,0,5131037,5131037,2939
38436,166,904,1069,3,0,11200,0,0,0,5133091,5133091,2939
38451,166,967,1069,3,0,11200,0,0,0,5134659,5134659,2939
38469,166,1013,1069,3,0,11200,0,0,0,5135657,5135657,2939
38485,167,13,1069,3,0,11200,0,0,0,5137902,5137902,2939
38500,167,115,1069,3,0,11200,0,0,0,5140285,5140285,2939
38515,167,159,1069,3,0,11200,0,0,0,5142613,5142613,2939
38530,167,225,1069,3,0,11200,0,0,0,5144869,5144869,2939
38546,167,275,1069,3,0,11200,0,0,0,5147114,5147114,2939
38561,167,321,1069,3,0,11200,0,0,0,5149139,5149139,2939
38576,167,372,1069,3,0,11200,0,0,0,5151181,5151181,2939
38591,167,461,1069,3,0,11200,0,0,0,5153242,5153242,2939
38606,167,548,1069,3,0,11200,0,0,0,5155434,5155434,2939
38621,167,613,1069,3,0,11200,0,0,0,5157352,5157352,2939
38636,167,674,1069,3,0,11200,0,0,0,5158968,5158968,2939
38651,167,717,1069,3,0,11200,0,0,0,5160751,5160751,2939
38666,167,803,1069,3,0,11200,0,0,0,5162725,5162725,2939
38682,167,889,1069,3,0,11200,0,0,0,5164617,5164617,2939
38697,167,956,1069,3,0,11200,0,0,0,5166277,5166277,2939
38712,167,1013,1070,4,0,11200,0,0,0,5167855,5167855,2941
38728,168,12,1070,2,0,11200,0,0,0,5170095,5170095,2941
38743,168,116,1070,2,0,11200,0,0,0,5172619,5172619,2941
38759,168,168,1070,2,0,11200,0,0,0,5174919,5174919,2941
38774,168,233,1070,2,0,11200,0,0,0,5177069,5177069,2941
38790,168,281,1070,2,0,11200,0,0,0,5179360,5179360,2941
38805,168,324,1070,2,0,11200,0,0,0,5181311,5181311,2941
38820,168,402,1070,2,0,11200,0,0,0,5183407,5183407,2941
38835,168,472,1070,2,0,11200,0,0,0,5185558,5185558,2941
38850,168,549,1070,2,0,11200,0,0,0,5187798,5187798,2941
38865,168,613,1070,2,0,11200,0,0,0,5189619,5189619,2941
38880,168,690,1070,2,0,11200,0,0,0,5191561,5191561,2941
38896,168,737,1070,2,0,11200,0,0,0,5193451,5193451,2941
38911,168,832,1070,2,0,11200,0,0,0,5195185,5195185,2941
38927,168,927,1070,2,0,11200,0,0,0,5197386,5197386,2941
38942,168,993,1070,2,0,11200,0,0,0,5199374,5199374,2941
38957,168,1039,1070,2,0,11200,0,0,0,5200976,5200976,2941
38972,169,13,1070,1,0,11200,0,0,0,5202754,5202754,2941
38987,169,115,1070,1,0,11200,0,0,0,5205055,5205055,2941
39003,169,159,1070,1,0,11200,0,0,0,5207539,5207539,2941
39019,169,223,1070,1,0,11200,0,0,0,5210010,5210010,2941
39034,169,273,1070,1,0,11200,0,0,0,5212245,5212245,2941
39050,169,336,1070,1,0,11200,0,0,0,5214412,5214412,2941
39065,169,388,1070,1,0,11200,0,0,0,5216547,5216547,2941
39080,169,475,1070,1,0,11200,0,0,0,5218644,5218644,2941
39095,169,564,1070,1,0,11200,0,0,0,5220855,5220855,2941
39111,169,634,1070,1,0,11200,0,0,0,5222847,5222847,2941
39126,169,693,1070,1,0,11200,0,0,0,5224712,5224712,2941
39142,169,753,1070,1,0,11200,0,0,0,5226799,5226799,2941
39158,169,846,1070,1,0,11200,0,0,0,5228628,5228628,2941
39174,169,920,1070,1,0,11200,0,0,0,5230429,5230429,2941
39189,169,1002,1070,1,0,11200,0,0,0,5232273,5232273,2941
39205,169,1014,1070,1,0,11200,0,0,0,5232900,5232900,2941
39220,170,6,1070,1,0,11200,0,0,0,5234842,5234842,2941
39235,170,72,1070,1,0,11200,0,0,0,5237162,5237162,2941
39251,170,138,1070,1,0,11200,0,0,0,5239427,5239427,2941
39266,170,202,1070,1,0,11200,0,0,0,5241723,5241723,2941
39282,170,246,1070,1,0,11200,0,0,0,5243858,5243858,2941
39297,170,291,1070,1,0,11200,0,0,0,5246118,5246118,2941
39313,170,341,1070,1,0,11200,0,0,0,5248203,5248203,2941
39328,170,389,1070,1,0,11200,0,0,0,5250230,5250230,2941
39343,170,487,1070,1,0,11200,0,0,0,5252289,5252289,2941
39358,170,561,1070,1,0,11200,0,0,0,5254301,5254301,2941
39373,170,637,1070,1,0,11200,0,0,0,5256182,5256182,2941
39389,170,687,1070,1,0,11200,0,0,0,5257872,5257872,2941
39404,170,730,1070,1,0,11200,0,0,0,5259736,5259736,2941
39420,170,838,1070,1,0,11200,0,0,0,5261651,5261651,2941
39435,170,908,1070,1,0,11200,0,0,0,5263634,5263634,2941
39451,170,969,1070,1,0,11200,0,0,0,5265468,5265468,2941
39482,170,1013,1070,1,0,11200,0,0,0,5266866,5266866,2941
39497,171,7,1070,1,0,11200,0,0,0,5269001,5269001,2941
39512,171,104,1070,1,0,11200,0,0,0,5271432,5271432,2941
39527,171,163,1070,1,0,11200,0,0,0,5273695,5273695,2941
39543,171,229,1070,1,0,11200,0,0,0,5276076,5276076,2941
39558,171,280,1070,1,0,11200,0,0,0,5278433,5278433,2941
39574,171,326,1070,1,0,11200,0,0,0,5280582,5280582,2941
39589,171,379,1070,1,0,11200,0,0,0,5282721,5282721,2941
39604,171,462,1070,1,0,11200,0,0,0,5285073,5285073,2941
39620,171,544,1070,1,0,11200,0,0,0,5287208,5287208,2941
39635,171,602,1070,1,0,11200,0,0,0,5289259,5289259,2941
39651,171,651,1070,1,0,11200,0,0,0,5290656,5290656,2941
39666,171,711,1070,1,0,11200,0,0,0,5292535,5292535,2941
39682,171,768,1071,2,0,11200,0,0,0,5294608,5294608,2941
39698,171,851,1071,2,0,11200,0,0,0,5296498,5296498,2941
39718,171,920,1071,2,0,11200,0,0,0,5298448,5298448,2941
39733,171,995,1071,2,0,11200,0,0,0,5300508,5300508,2941
39749,171,1023,1071,2,0,11200,0,0,0,5301644,5301644,2941
39764,172,12,1071,2,0,11200,0,0,0,5303730,5303730,2941
39779,172,119,1071,2,0,11200,0,0,0,5306229,5306229,2941
39794,172,163,1071,2,0,11200,0,0,0,5308496,5308496,2941
39810,172,223,1071,2,0,11200,0,0,0,5310795,5310795,2941
39825,172,275,1071,2,0,11200,0,0,0,5313285,5313285,2941
39840,172,329,1071,2,0,11200,0,0,0,5315262,5315262,2941
39856,172,425,1071,2,0,11200,0,0,0,5317514,5317514,2941
39871,172,516,1071,2,0,11200,0,0,0,5319655,5319655,2941
39886,172,594,1071,2,0,11200,0,0,0,5321793,5321793,2941
39901,172,670,1071,2,0,11200,0,0,0,5323523,5323523,2941
39917,172,717,1071,2,0,11200,0,0,0,5325373,5325373,2941
39932,172,814,1071,2,0,11200,0,0,0,5327341,5327341,2941
39947,172,917,1071,2,0,11200,0,0,0,5329547,5329547,2941
39962,172,969,1071,2,0,11200,0,0,0,5330932,5330932,2941
39977,172,1022,1071,2,0,11200,0,0,0,5332437,5332437,2941
39993,173,12,1071,2,0,11200,0,0,0,5334576,5334576,2941
40008,173,109,1071,2,0,11200,0,0,0,5336983,5336983,2941
40023,173,164,1071,2,0,11200,0,0,0,5339439,5339439,2941
40038,173,216,1071,2,0,11200,0,0,0,5341574,5341574,2941
40054,173,272,1071,2,0,11200,0,0,0,5343806,5343806,2941
40069,173,320,1071,2,0,11200,0,0,0,5345945,5345945,2941
40085,173,378,1071,2,0,11200,0,0,0,5348015,5348015,2941
40100,173,443,1071,2,0,11200,0,0,0,5350095,5350095,2941
40115,173,531,1071,2,0,11200,0,0,0,5352320,5352320,2941
40130,173,609,1071,2,0,11200,0,0,0,5354382,5354382,2941
40145,173,664,1071,2,0,11200,0,0,0,5355878,5355878,2941
40160,173,704,1071,2,0,11200,0,0,0,5357445,5357445,2941
40176,173,810,1071,2,0,11200,0,0,0,5359237,5359237,2941
40191,173,901,1071,2,0,11200,0,0,0,5361193,5361193,2941
40206,173,936,1071,2,0,11200,0,0,0,5362479,5362479,2941
40221,173,1008,1071,2,0,11200,0,0,0,5364441,5364441,2941
40242,173,1013,1071,2,0,11200,0,0,0,5364834,5364834,2941
40258,174,3,1071,2,0,11200,0,0,0,5366835,5366835,2941
40273,174,93,1071,2,0,11200,0,0,0,5369241,5369241,2941
40289,174,147,1071,2,0,11200,0,0,0,5371591,5371591,2941
40304,174,203,1071,2,0,11200,0,0,0,5373862,5373862,2941
40319,174,254,1071,2,0,11200,0,0,0,5376124,5376124,2941
40335,174,305,1071,2,0,11200,0,0,0,5378300,5378300,2941
40350,174,366,1071,2,0,11200,0,0,0,5380377,5380377,2941
40365,174,434,1071,2,0,11200,0,0,0,5382579,5382579,2941
40380,174,517,1071,2,0,11200,0,0,0,5384550,5384550,2941
40395,174,601,1071,2,0,11200,0,0,0,5386822,5386822,2941
40411,174,674,1071,2,0,11200,0,0,0,5388356,5388356,2941
40426,174,724,1071,2,0,11200,0,0,0,5390296,5390296,2941
40442,174,838,1071,2,0,11200,0,0,0,5392260,5392260,2941
40457,174,908,1071,2,0,11200,0,0,0,5394243,5394243,2941
40473,174,961,1071,2,0,11200,0,0,0,5395785,5395785,2941
40498,174,1013,1071,2,0,11200,0,0,0,5397432,5397432,2941
40514,175,6,1071,2,0,11200,0,0,0,5399504,5399504,2941
40529,175,84,1071,2,0,11200,0,0,0,5401863,5401863,2941
40544,175,139,1071,2,0,11200,0,0,0,5404192,5404192,2941
40559,175,203,1071,2,0,11200,0,0,0,5406582,5406582,2941
40574,175,246,1071,2,0,11200,0,0,0,5408577,5408577,2941
40590,175,292,1071,2,0,11200,0,0,0,5410838,5410838,2941
40605,175,350,1071,2,0,11200,0,0,0,5412806,5412806,2941
40621,175,435,1071,2,0,11200,0,0,0,5415105,5415105,2941
40636,175,523,1071,2,0,11200,0,0,0,5417270,5417270,2941
40651,175,591,1071,2,0,11200,0,0,0,5419426,5419426,2941
40668,175,672,1071,2,0,11200,0,0,0,5421436,5421436,2941
40683,175,719,1071,2,0,11200,0,0,0,5423209,5423209,2941
40701,175,766,1071,2,0,11200,0,0,0,5424865,5424865,2941
40716,175,861,1071,2,0,11200,0,0,0,5426769,5426769,2941
40731,175,930,1071,2,0,11200,0,0,0,5428751,5428751,2941
40759,175,1013,1072,3,0,11200,0,0,0,5430814,5430814,2941
40775,176,1068,1072,3,0,11200,0,0,0,5432668,5432668,2941
40790,176,61,1072,1,0,11200,0,0,0,5435106,5435106,2941
40805,176,138,1072,1,0,11200,0,0,0,5437544,5437544,2941
40821,176,200,1072,1,0,11200,0,0,0,5440100,5440100,2941
40836,176,252,1072,1,0,11200,0,0,0,5442430,5442430,2941
40851,176,292,1072,1,0,11200,0,0,0,5444422,5444422,2941
40867,176,367,1072,1,0,11200,0,0,0,5446567,5446567,2941
40882,176,437,1072,1,0,11200,0,0,0,5448932,5448932,2941
40897,176,516,1072,1,0,11200,0,0,0,5451031,5451031,2941
40913,176,586,1072,1,0,11200,0,0,0,5453357,5453357,2941
40928,176,654,1072,1,0,11200,0,0,0,5455283,5455283,2941
40944,176,707,1072,1,0,11200,0,0,0,5457017,5457017,2941
40959,176,778,1072,1,0,11200,0,0,0,5459031,5459031,2941
40975,176,869,1072,1,0,11200,0,0,0,5460912,5460912,2941
40990,176,945,1072,1,0,11200,0,0,0,5462766,5462766,2941
41009,176,1013,1072,1,0,11200,0,0,0,5464540,5464540,2941
41024,177,5,1072,1,0,11200,0,0,0,5466707,5466707,2941
41040,177,103,1072,1,0,11200,0,0,0,5469395,5469395,2941
41055,177,163,1072,1,0,11200,0,0,0,5471767,5471767,2941
41070,177,212,1072,1,0,11200,0,0,0,5474119,5474119,2941
41086,177,273,1072,1,0,11200,0,0,0,5476442,5476442,2941
41101,177,324,1072,1,0,11200,0,0,0,5478504,5478504,2941
41116,177,393,1072,1,0,11200,0,0,0,5480693,5480693,2941
41131,177,461,1072,1,0,11200,0,0,0,5482855,5482855,2941
41146,177,563,1072,1,0,11200,0,0,0,5485165,5485165,2941
41161,177,641,1072,1,0,11200,0,0,0,5487199,5487199,2941
41178,177,700,1072,1,0,11200,0,0,0,5488938,5488938,2941
41193,177,762,1072,1,0,11200,0,0,0,5490904,5490904,2941
41208,177,855,1072,1,0,11200,0,0,0,5492720,5492720,2941
41223,177,926,1072,1,0,11200,0,0,0,5494599,5494599,2941
41238,177,989,1072,1,0,11200,0,0,0,5496576,5496576,2941
41256,177,1013,1072,1,0,11200,0,0,0,5497389,5497389,2941
41271,178,1071,1072,1,0,11200,0,0,0,5499116,5499116,2941
41286,178,107,1072,1,0,11200,0,0,0,5501590,5501590,2941
41302,178,156,1072,1,0,11200,0,0,0,5503795,5503795,2941
41317,178,213,1072,1,0,11200,0,0,0,5505947,5505947,2941
41332,178,260,1072,1,0,11200,0,0,0,5508136,5508136,2941
41348,178,300,1072,1,0,11200,0,0,0,5510086,5510086,2941
41363,178,362,1072,1,0,11200,0,0,0,5512134,5512134,2941
41378,178,443,1072,1,0,11200,0,0,0,5514413,5514413,2941
41393,178,524,1072,1,0,11200,0,0,0,5516741,5516741,2941
41408,178,593,1072,1,0,11200,0,0,0,5518870,5518870,2941
41425,178,650,1072,1,0,11200,0,0,0,5520611,5520611,2941
41441,178,693,1072,1,0,11200,0,0,0,5522273,5522273,2941
41456,178,756,1072,1,0,11200,0,0,0,5524288,5524288,2941
41471,178,832,1072,1,0,11200,0,0,0,5526128,5526128,2941
41487,178,911,1072,1,0,11200,0,0,0,5528210,5528210,2941
41503,178,985,1072,1,0,11200,0,0,0,5530007,5530007,2941
41526,178,1013,1072,1,0,11200,0,0,0,5531005,5531005,2941
41541,179,1067,1072,1,0,11200,0,0,0,5532861,5532861,2941
41557,179,103,1072,1,0,11200,0,0,0,5535283,5535283,2941
41573,179,158,1072,1,0,11200,0,0,0,5537753,5537753,2941
41588,179,221,1072,1,0,11200,0,0,0,5540027,5540027,2941
41604,179,270,1072,1,0,11200,0,0,0,5542110,5542110,2941
41619,179,312,1072,1,0,11200,0,0,0,5544127,5544127,2941
41634,179,371,1072,1,0,11200,0,0,0,5546175,5546175,2941
41650,179,439,1072,1,0,11200,0,0,0,5548534,5548534,2941
41665,179,543,1072,1,0,11200,0,0,0,5550847,5550847,2941
41680,179,603,1072,1,0,11200,0,0,0,5552967,5552967,2941
41696,179,657,1072,1,0,11200,0,0,0,5554479,5554479,2941
41711,179,713,1072,1,0,11200,0,0,0,5556171,5556171,2941
41726,179,775,1072,1,0,11200,0,0,0,5558095,5558095,2941
41742,179,874,1072,1,0,11200,0,0,0,5559872,5559872,2941
41776,179,921,1072,1,0,11200,0,0,0,5561291,5561291,2941
41791,179,985,1072,1,0,11200,0,0,0,5563226,5563226,2941
41807,179,1040,1072,1,0,11200,0,0,0,5565111,5565111,2941
41822,180,27,1073,2,0,11200,0,0,0,5567212,5567212,2941
41838,180,132,1073,2,0,11200,0,0,0,5569677,5569677,2941
41853,180,195,1073,2,0,11200,0,0,0,5572070,5572070,2941
41868,180,255,1073,2,0,11200,0,0,0,5574271,5574271,2941
41883,180,303,1073,2,0,11200,0,0,0,5576317,5576317,2941
41898,180,362,1073,2,0,11200,0,0,0,5578278,5578278,2941
41914,180,416,1073,2,0,11200,0,0,0,5580371,5580371,2941
41929,180,504,1073,2,0,11200,0,0,0,5582544,5582544,2941
41944,180,574,1073,2,0,11200,0,0,0,5584684,5584684,2941
41961,180,651,1073,2,0,11200,0,0,0,5586687,5586687,2941
41976,180,710,1073,2,0,11200,0,0,0,5588416,5588416,2941
41992,180,763,1073,2,0,11200,0,0,0,5590354,5590354,2941
42007,180,832,1073,2,0,11200,0,0,0,5591931,5591931,2941
42022,180,904,1073,2,0,11200,0,0,0,5593659,5593659,2941
42038,180,974,1074,3,0,11200,0,0,0,5595513,5595513,2942
42066,180,1013,1074,3,0,11200,0,0,0,5596642,5596642,2942
42081,181,1071,1074,3,0,11200,0,0,0,5598493,5598493,2942
42097,181,104,1074,2,0,11200,0,0,0,5601113,5601113,2942
42112,181,146,1074,2,0,11200,0,0,0,5603317,5603317,2942
42127,181,211,1074,2,0,11200,0,0,0,5605647,5605647,2942
42142,181,261,1074,2,0,11200,0,0,0,5607891,5607891,2942
42157,181,311,1074,2,0,11200,0,0,0,5609972,5609972,2942
42172,181,362,1074,2,0,11200,0,0,0,5612085,5612085,2942
42188,181,433,1074,2,0,11200,0,0,0,5614249,5614249,2942
42203,181,527,1074,2,0,11200,0,0,0,5616431,5616431,2942
42218,181,601,1074,2,0,11200,0,0,0,5618603,5618603,2942
42234,181,664,1074,2,0,11200,0,0,0,5620183,5620183,2942
42249,181,713,1074,2,0,11200,0,0,0,5621832,5621832,2942
42264,181,777,1074,2,0,11200,0,0,0,5623777,5623777,2942
42279,181,861,1075,3,0,11200,0,0,0,5625582,5625582,2942
42294,181,935,1075,3,0,11200,0,0,0,5627343,5627343,2942
42309,181,1002,1075,3,0,11200,0,0,0,5629307,5629307,2942
42333,181,1013,1075,3,0,11200,0,0,0,5629737,5629737,2942
42348,182,1067,1075,3,0,11200,0,0,0,5631176,5631176,2942
42363,182,60,1075,3,0,11200,0,0,0,5633462,5633462,2942
42378,182,138,1075,3,0,11200,0,0,0,5635814,5635814,2942
42394,182,201,1075,3,0,11200,0,0,0,5638227,5638227,2942
42409,182,250,1075,3,0,11200,0,0,0,5640452,5640452,2942
42424,182,295,1075,3,0,11200,0,0,0,5642579,5642579,2942
42439,182,348,1075,3,0,11200,0,0,0,5644729,5644729,2942
42455,182,426,1075,3,0,11200,0,0,0,5646697,5646697,2942
42470,182,495,1075,3,0,11200,0,0,0,5648790,5648790,2942
42485,182,571,1075,3,0,11200,0,0,0,5650907,5650907,2942
42500,182,637,1075,3,0,11200,0,0,0,5652815,5652815,2942
42515,182,685,1075,3,0,11200,0,0,0,5654404,5654404,2942
42531,182,753,1075,3,0,11200,0,0,0,5656396,5656396,2942
42546,182,834,1076,4,0,11200,0,0,0,5658349,5658349,2942
42561,182,908,1076,4,0,11200,0,0,0,5660229,5660229,2942
42576,182,967,1076,4,0,11200,0,0,0,5661836,5661836,2942
42592,182,1040,1076,4,0,11200,0,0,0,5663706,5663706,2942
42607,183,27,1076,4,0,11200,0,0,0,5665927,5665927,2942
42622,183,134,1076,4,0,11200,0,0,0,5668564,5668564,2942
42638,183,195,1076,4,0,11200,0,0,0,5671023,5671023,2942
42653,183,244,1076,4,0,11200,0,0,0,5673282,5673282,2942
42668,183,284,1076,4,0,11200,0,0,0,5675538,5675538,2942
42684,183,334,1076,4,0,11200,0,0,0,5677515,5677515,2942
42699,183,416,1076,4,0,11200,0,0,0,5679670,5679670,2942
42714,183,503,1076,4,0,11200,0,0,0,5681946,5681946,2942
42730,183,564,1076,4,0,11200,0,0,0,5684162,5684162,2942
42745,183,632,1076,4,0,11200,0,0,0,5686127,5686127,2942
42761,183,671,1076,4,0,11200,0,0,0,5687274,5687274,2942
42776,183,723,1076,4,0,11200,0,0,0,5689173,5689173,2942
42792,183,803,1076,4,0,11200,0,0,0,5691098,5691098,2942
42807,183,881,1076,4,0,11200,0,0,0,5692921,5692921,2942
42823,183,945,1076,4,0,11200,0,0,0,5694515,5694515,2942
42846,183,1013,1076,4,0,11200,0,0,0,5696115,5696115,2942
42861,184,6,1076,4,0,11200,0,0,0,5698292,5698292,2942
42876,184,107,1076,4,0,11200,0,0,0,5700824,5700824,2942
42891,184,163,1076,4,0,11200,0,0,0,5703154,5703154,2942
42906,184,210,1076,4,0,11200,0,0,0,5705305,5705305,2942
42922,184,256,1076,4,0,11200,0,0,0,5707460,5707460,2942
42937,184,304,1076,4,0,11200,0,0,0,5709714,5709714,2942
42952,184,350,1076,4,0,11200,0,0,0,5711702,5711702,2942
42968,184,436,1076,4,0,11200,0,0,0,5713970,5713970,2942
42983,184,528,1076,4,0,11200,0,0,0,5716309,5716309,2942
42998,184,593,1076,4,0,11200,0,0,0,5718293,5718293,2942
43013,184,648,1076,4,0,11200,0,0,0,5720247,5720247,2942
43029,184,701,1076,4,0,11200,0,0,0,5721978,5721978,2942
43044,184,772,1076,4,0,11200,0,0,0,5723729,5723729,2942
43059,184,858,1076,4,0,11200,0,0,0,5725582,5725582,2942
43077,184,920,1076,4,0,11200,0,0,0,5727141,5727141,2942
43092,184,989,1076,4,0,11200,0,0,0,5729157,5729157,2942
43107,184,1033,1076,4,0,11200,0,0,0,5730387,5730387,2942
43123,185,16,1076,4,0,11200,0,0,0,5732525,5732525,2942
43138,185,109,1076,4,0,11200,0,0,0,5735049,5735049,2942
43153,185,159,1076,4,0,11200,0,0,0,5737431,5737431,2942
43169,185,212,1076,4,0,11200,0,0,0,5739699,5739699,2942
43184,185,258,1076,4,0,11200,0,0,0,5741922,5741922,2942
43199,185,306,1076,4,0,11200,0,0,0,5744047,5744047,2942
43215,185,362,1076,4,0,11200,0,0,0,5746144,5746144,2942
43230,185,431,1076,4,0,11200,0,0,0,5748177,5748177,2942
43245,185,525,1076,4,0,11200,0,0,0,5750354,5750354,2942
43260,185,595,1076,4,0,11200,0,0,0,5752590,5752590,2942
43276,185,650,1076,4,0,11200,0,0,0,5754088,5754088,2942
43291,185,706,1076,4,0,11200,0,0,0,5755720,5755720,2942
43306,185,768,1076,4,0,11200,0,0,0,5757747,5757747,2942
43321,185,881,1076,4,0,11200,0,0,0,5759680,5759680,2942
43337,185,947,1076,4,0,11200,0,0,0,5761530,5761530,2942
43355,185,1013,1076,4,0,11200,0,0,0,5763429,5763429,2942
43370,186,1070,1076,4,0,11200,0,0,0,5765233,5765233,2942
43385,186,72,1076,3,0,11200,0,0,0,5767653,5767653,2942
43400,186,147,1076,3,0,11200,0,0,0,5769907,5769907,2942
43416,186,216,1076,3,0,11200,0,0,0,5772203,5772203,2942
43431,186,270,1076,3,0,11200,0,0,0,5774533,5774533,2942
43446,186,330,1076,3,0,11200,0,0,0,5776627,5776627,2942
43462,186,396,1076,3,0,11200,0,0,0,5778637,5778637,2942
43477,186,488,1076,3,0,11200,0,0,0,5780931,5780931,2942
43493,186,563,1076,3,0,11200,0,0,0,5783034,5783034,2942
43508,186,651,1076,3,0,11200,0,0,0,5785048,5785048,2942
43523,186,696,1076,3,0,11200,0,0,0,5786390,5786390,2942
43538,186,762,1076,3,0,11200,0,0,0,5788518,5788518,2942
43554,186,855,1076,3,0,11200,0,0,0,5790437,5790437,2942
43569,186,924,1076,3,0,11200,0,0,0,5791881,5791881,2942
43584,186,1002,1076,3,0,11200,0,0,0,5793968,5793968,2942
43600,187,1071,1076,3,0,11200,0,0,0,5795939,5795939,2942
43615,187,103,1076,3,0,11200,0,0,0,5798424,5798424,2942
43630,187,161,1076,3,0,11200,0,0,0,5800801,5800801,2942
43645,187,217,1076,3,0,11200,0,0,0,5803027,5803027,2942
43661,187,264,1076,3,0,11200,0,0,0,5804944,5804944,2942
43676,187,305,1076,3,0,11200,0,0,0,5806882,5806882,2942
43692,187,358,1076,3,0,11200,0,0,0,5808867,5808867,2942
43707,187,430,1076,3,0,11200,0,0,0,5810945,5810945,2942
43722,187,523,1076,3,0,11200,0,0,0,5813181,5813181,2942
43737,187,593,1076,3,0,11200,0,0,0,5815244,5815244,2942
43753,187,647,1076,3,0,11200,0,0,0,5816500,5816500,2942
43768,187,706,1076,3,0,11200,0,0,0,5818047,5818047,2942
43783,187,778,1076,3,0,11200,0,0,0,5820143,5820143,2942
43798,187,871,1076,3,0,11200,0,0,0,5821811,5821811,2942
43814,187,924,1076,3,0,11200,0,0,0,5823483,5823483,2942
43829,187,984,1076,3,0,11200,0,0,0,5825307,5825307,2942
43851,187,1013,1076,3,0,11200,0,0,0,5826290,5826290,2942
43866,188,1064,1076,3,0,11200,0,0,0,5828316,5828316,2942
43881,188,89,1076,3,0,11200,0,0,0,5830472,5830472,2942
43896,188,161,1076,3,0,11200,0,0,0,5833000,5833000,2942
43911,188,207,1076,3,0,11200,0,0,0,5835113,5835113,2942
43927,188,252,1076,3,0,11200,0,0,0,5837182,5837182,2942
43942,188,304,1076,3,0,11200,0,0,0,5839455,5839455,2942
43957,188,358,1076,3,0,11200,0,0,0,5841493,5841493,2942
43972,188,433,1076,3,0,11200,0,0,0,5843485,5843485,2942
43987,188,529,1076,3,0,11200,0,0,0,5845769,5845769,2942
44002,188,608,1076,3,0,11200,0,0,0,5847918,5847918,2942
44017,188,654,1076,3,0,11200,0,0,0,5849453,5849453,2942
44032,188,710,1076,3,0,11200,0,0,0,5851199,5851199,2942
44048,188,772,1076,3,0,11200,0,0,0,5853230,5853230,2942
44063,188,883,1076,2,0,11200,0,0,0,5855327,5855327,2942
44078,188,927,1076,2,0,11200,0,0,0,5856629,5856629,2942
44093,188,1008,1076,2,0,11200,0,0,0,5858558,5858558,2942
44109,188,1021,1076,2,0,11200,0,0,0,5859077,5859077,2942
44124,189,7,1076,2,0,11200,0,0,0,5860850,5860850,2942
44139,189,106,1076,2,0,11200,0,0,0,5863221,5863221,2942
44154,189,156,1076,2,0,11200,0,0,0,5865520,5865520,2942
44169,189,209,1076,2,0,11200,0,0,0,5867785,5867785,2942
44185,189,264,1076,2,0,11200,0,0,0,5869926,5869926,2942
44200,189,311,1076,2,0,11200,0,0,0,5872040,5872040,2942
44215,189,367,1076,2,0,11200,0,0,0,5874155,5874155,2942
44231,189,439,1076,2,0,11200,0,0,0,5876391,5876391,2942
44247,189,531,1076,2,0,11200,0,0,0,5878615,5878615,2942
44262,189,601,1076,2,0,11200,0,0,0,5880602,5880602,2942
44277,189,666,1076,2,0,11200,0,0,0,5882255,5882255,2942
44293,189,706,1076,2,0,11200,0,0,0,5883868,5883868,2942
44308,189,778,1076,2,0,11200,0,0,0,5885791,5885791,2942
44323,189,886,1076,2,0,11200,0,0,0,5887630,5887630,2942
44338,189,954,1076,2,0,11200,0,0,0,5889244,5889244,2942
44365,189,1013,1076,2,0,11200,0,0,0,5891268,5891268,2942
44381,190,1068,1076,2,0,11200,0,0,0,5893210,5893210,2942
44396,190,86,1076,2,0,11200,0,0,0,5895541,5895541,2942
44411,190,149,1076,2,0,11200,0,0,0,5897938,5897938,2942
44426,190,206,1076,2,0,11200,0,0,0,5900123,5900123,2942
44441,190,254,1076,2,0,11200,0,0,0,5902323,5902323,2942
44457,190,292,1076,2,0,11200,0,0,0,5904362,5904362,2942
44472,190,344,1076,2,0,11200,0,0,0,5906442,5906442,2942
44488,190,423,1076,2,0,11200,0,0,0,5908577,5908577,2942
44503,190,517,1076,2,0,11200,0,0,0,5910775,5910775,2942
44519,190,597,1076,2,0,11200,0,0,0,5912885,5912885,2942
44534,190,663,1076,2,0,11200,0,0,0,5914796,5914796,2942
44549,190,701,1076,2,0,11200,0,0,0,5916431,5916431,2942
44564,190,756,1076,2,0,11200,0,0,0,5918272,5918272,2942
44579,190,838,1076,2,0,11200,0,0,0,5920085,5920085,2942
44594,190,920,1076,2,0,11200,0,0,0,5921876,5921876,2942
44610,190,1010,1076,2,0,11200,0,0,0,5923943,5923943,2942
44625,191,1060,1076,2,0,11200,0,0,0,5925314,5925314,2942
44640,191,49,1076,2,0,11200,0,0,0,5927504,5927504,2942
44655,191,141,1076,2,0,11200,0,0,0,5929909,5929909,2942
44670,191,205,1076,2,0,11200,0,0,0,5932275,5932275,2942
44686,191,264,1076,2,0,11200,0,0,0,5934646,5934646,2942
44702,191,308,1076,2,0,11200,0,0,0,5936738,5936738,2942
44717,191,369,1076,2,0,11200,0,0,0,5938938,5938938,2942
44732,191,436,1076,2,0,11200,0,0,0,5941110,5941110,2942
44747,191,528,1076,2,0,11200,0,0,0,5943413,5943413,2942
44762,191,601,1076,2,0,11200,0,0,0,5945621,5945621,2942
44778,191,663,1076,2,0,11200,0,0,0,5947359,5947359,2942
44793,191,715,1076,2,0,11200,0,0,0,5949156,5949156,2942
44808,191,795,1076,2,0,11200,0,0,0,5951026,5951026,2942
44823,191,890,1076,2,0,11200,0,0,0,5953169,5953169,2942
44838,191,964,1076,2,0,11200,0,0,0,5954961,5954961,2942
44856,191,1013,1076,2,0,11200,0,0,0,5956789,5956789,2942
44871,192,2,1076,2,0,11200,0,0,0,5958800,5958800,2942
44886,192,107,1076,2,0,11200,0,0,0,5961273,5961273,2942
44901,192,158,1076,2,0,11200,0,0,0,5963762,5963762,2942
44917,192,212,1076,2,0,11200,0,0,0,5966020,5966020,2942
44932,192,256,1076,2,0,11200,0,0,0,5968252,5968252,2942
44947,192,301,1076,2,0,11200,0,0,0,5970331,5970331,2942
44962,192,351,1076,2,0,11200,0,0,0,5972236,5972236,2942
44978,192,430,1076,2,0,11200,0,0,0,5974461,5974461,2942
44993,192,520,1076,2,0,11200,0,0,0,5976719,5976719,2942
45008,192,591,1076,2,0,11200,0,0,0,5978727,5978727,2942
45023,192,646,1076,2,0,11200,0,0,0,5980231,5980231,2942
45039,192,685,1076,2,0,11200,0,0,0,5981502,5981502,2942
45054,192,756,1076,2,0,11200,0,0,0,5983392,5983392,2942
45069,192,817,1076,2,0,11200,0,0,0,5984949,5984949,2942
45084,192,908,1076,2,0,11200,0,0,0,5987154,5987154,2942
45099,192,962,1076,2,0,11200,0,0,0,5989008,5989008,2942
45125,192,1013,1076,2,0,11200,0,0,0,5990282,5990282,2942
45140,193,8,1076,2,0,11200,0,0,0,5992349,5992349,2942
45155,193,114,1076,2,0,11200,0,0,0,5995134,5995134,2942
45170,193,162,1076,2,0,11200,0,0,0,5997313,5997313,2942
45186,193,225,1076,2,0,11200,0,0,0,5999584,5999584,2942
45201,193,268,1076,2,0,11200,0,0,0,6001573,6001573,2942
45216,193,306,1076,2,0,11200,0,0,0,6003603,6003603,2942
45232,193,370,1076,2,0,11200,0,0,0,6005817,6005817,2942
45247,193,451,1076,2,0,11200,0,0,0,6007977,6007977,2942
45263,193,541,1076,2,0,11200,0,0,0,6010220,6010220,2942
45280,193,613,1076,2,0,11200,0,0,0,6012399,6012399,2942
45295,193,673,1076,2,0,11200,0,0,0,6014269,6014269,2942
45310,193,724,1076,2,0,11200,0,0,0,6016129,6016129,2942
45326,193,814,1076,2,0,11200,0,0,0,6017982,6017982,2942
45341,193,876,1076,2,0,11200,0,0,0,6019668,6019668,2942
45357,193,956,1076,2,0,11200,0,0,0,6021546,6021546,2942
45372,193,1030,1076,2,0,11200,0,0,0,6023408,6023408,2942
45387,194,14,1076,2,0,11200,0,0,0,6025469,6025469,2942
45403,194,129,1076,2,0,11200,0,0,0,6027960,6027960,2942
45418,194,184,1076,2,0,11200,0,0,0,6030241,6030241,2942
45433,194,241,1076,2,0,11200,0,0,0,6032505,6032505,2942
45448,194,288,1076,2,0,11200,0,0,0,6034707,6034707,2942
45464,194,340,1076,2,0,11200,0,0,0,6036676,6036676,2942
45480,194,397,1076,2,0,11200,0,0,0,6038711,6038711,2942
45495,194,477,1077,3,0,11200,0,0,0,6040856,6040856,2942
45510,194,549,1077,3,0,11200,0,0,0,6043052,6043052,2942
45526,194,617,1077,3,0,11200,0,0,0,6045022,6045022,2942
45541,194,690,1077,3,0,11200,0,0,0,6046699,6046699,2942
45556,194,739,1077,3,0,11200,0,0,0,6048659,6048659,2942
45572,194,836,1077,3,0,11200,0,0,0,6050553,6050553,2942
45587,194,903,1077,3,0,11200,0,0,0,6052516,6052516,2942
45602,194,967,1077,3,0,11200,0,0,0,6054039,6054039,2942
45618,194,1013,1077,3,0,11200,0,0,0,6055344,6055344,2942
45633,195,10,1077,3,0,11200,0,0,0,6057440,6057440,2942
45648,195,107,1077,3,0,11200,0,0,0,6059878,6059878,2942
45663,195,162,1077,3,0,11200,0,0,0,6062166,6062166,2942
45679,195,229,1077,3,0,11200,0,0,0,6064566,6064566,2942
45695,195,282,1077,3,0,11200,0,0,0,6066842,6066842,2942
45710,195,339,1077,3,0,11200,0,0,0,6068967,6068967,2942
45725,195,399,1077,3,0,11200,0,0,0,6071230,6071230,2942
45740,195,475,1077,3,0,11200,0,0,0,6073393,6073393,2942
45755,195,560,1077,3,0,11200,0,0,0,6075799,6075799,2942
45771,195,613,1077,3,0,11200,0,0,0,6077813,6077813,2942
45786,195,679,1077,3,0,11200,0,0,0,6079518,6079518,2942
45801,195,719,1077,3,0,11200,0,0,0,6081195,6081195,2942
45816,195,814,1077,3,0,11200,0,0,0,6083301,6083301,2942
45832,195,889,1077,3,0,11200,0,0,0,6085437,6085437,2942
45847,195,951,1077,3,0,11200,0,0,0,6087057,6087057,2942
45863,195,1013,1077,3,0,11200,0,0,0,6089046,6089046,2942
45878,196,21,1077,3,0,11200,0,0,0,6091536,6091536,2942
45893,196,122,1077,3,0,11200,0,0,0,6094038,6094038,2942
45909,196,181,1077,3,0,11200,0,0,0,6096442,6096442,2942
45924,196,245,1077,3,0,11200,0,0,0,6098556,6098556,2942
45939,196,289,1077,3,0,11200,0,0,0,6100778,6100778,2942
45955,196,338,1077,3,0,11200,0,0,0,6102741,6102741,2942
45970,196,399,1077,3,0,11200,0,0,0,6104914,6104914,2942
45985,196,501,1077,3,0,11200,0,0,0,6107131,6107131,2942
46000,196,574,1077,3,0,11200,0,0,0,6109254,6109254,2942
46016,196,644,1077,3,0,11200,0,0,0,6111239,6111239,2942
46031,196,700,1077,3,0,11200,0,0,0,6112913,6112913,2942
46047,196,772,1077,3,0,11200,0,0,0,6114966,6114966,2942
46062,196,878,1077,3,0,11200,0,0,0,6116939,6116939,2942
46078,196,920,1077,3,0,11200,0,0,0,6118288,6118288,2942
46097,196,1011,1077,3,0,11200,0,0,0,6120390,6120390,2942
46112,197,1059,1077,3,0,11200,0,0,0,6121974,6121974,2942
46127,197,68,1077,3,0,11200,0,0,0,6124450,6124450,2942
46142,197,147,1077,3,0,11200,0,0,0,6126696,6126696,2942
46157,197,211,1077,3,0,11200,0,0,0,6129115,6129115,2942
46173,197,260,1077,3,0,11200,0,0,0,6131333,6131333,2942
46189,197,320,1077,3,0,11200,0,0,0,6133630,6133630,2942
46204,197,373,1077,3,0,11200,0,0,0,6135603,6135603,2942
46219,197,446,1077,3,0,11200,0,0,0,6137893,6137893,2942
46235,197,546,1077,3,0,11200,0,0,0,6140220,6140220,2942
46250,197,601,1077,3,0,11200,0,0,0,6142310,6142310,2942
46265,197,651,1077,3,0,11200,0,0,0,6143958,6143958,2942
46281,197,700,1077,3,0,11200,0,0,0,6145465,6145465,2942
46296,197,755,1077,3,0,11200,0,0,0,6147393,6147393,2942
46311,197,851,1077,3,0,11200,0,0,0,6149215,6149215,2942
46326,197,947,1077,3,0,11200,0,0,0,6151308,6151308,2942
46354,197,1013,1077,3,0,11200,0,0,0,6153164,6153164,2942
46369,198,11,1077,3,0,11200,0,0,0,6155331,6155331,2942
46384,198,91,1077,3,0,11200,0,0,0,6157706,6157706,2942
46400,198,137,1077,3,0,11200,0,0,0,6159961,6159961,2942
46415,198,205,1077,3,0,11200,0,0,0,6162380,6162380,2942
46430,198,260,1077,3,0,11200,0,0,0,6164815,6164815,2942
46446,198,313,1077,3,0,11200,0,0,0,6166977,6166977,2942
46461,198,378,1077,3,0,11200,0,0,0,6169222,6169222,2942
46477,198,451,1077,3,0,11200,0,0,0,6171481,6171481,2942
46492,198,556,1077,3,0,11200,0,0,0,6173635,6173635,2942
46508,198,613,1077,3,0,11200,0,0,0,6175549,6175549,2942
46524,198,676,1077,3,0,11200,0,0,0,6176944,6176944,2942
46539,198,723,1077,3,0,11200,0,0,0,6178705,6178705,2942
46554,198,802,1077,3,0,11200,0,0,0,6180378,6180378,2942
46569,198,883,1077,3,0,11200,0,0,0,6182347,6182347,2942
46585,198,961,1077,3,0,11200,0,0,0,6184196,6184196,2942
46608,198,1013,1077,3,0,11200,0,0,0,6185820,6185820,2942
46623,199,11,1077,3,0,11200,0,0,0,6188234,6188234,2942
46638,199,115,1077,3,0,11200,0,0,0,6190821,6190821,2942
46653,199,168,1077,3,0,11200,0,0,0,6193179,6193179,2942
46669,199,223,1077,3,0,11200,0,0,0,6195490,6195490,2942
46684,199,266,1077,3,0,11200,0,0,0,6197692,6197692,2942
46700,199,315,1077,3,0,11200,0,0,0,6199873,6199873,2942
46715,199,378,1077,3,0,11200,0,0,0,6201847,6201847,2942
46730,199,462,1077,3,0,11200,0,0,0,6204198,6204198,2942
46745,199,533,1077,3,0,11200,0,0,0,6206308,6206308,2942
46760,199,598,1077,3,0,11200,0,0,0,6208276,6208276,2942
46775,199,657,1077,3,0,11200,0,0,0,6210004,6210004,2942
46790,199,712,1077,3,0,11200,0,0,0,6211649,6211649,2942
46805,199,802,1077,3,0,11200,0,0,0,6213666,6213666,2942
46821,199,885,1077,3,0,11200,0,0,0,6215715,6215715,2942
46836,199,981,1077,3,0,11200,0,0,0,6217653,6217653,2942
46851,199,1021,1077,3,0,11200,0,0,0,6219402,6219402,2942
46867,200,1068,1077,3,0,11200,0,0,0,6221427,6221427,2942
46883,200,49,1077,3,0,11200,0,0,0,6223827,6223827,2942
46898,200,138,1077,3,0,11200,0,0,0,6226139,6226139,2942
46913,200,201,1077,3,0,11200,0,0,0,6228396,6228396,2942
46929,200,247,1077,3,0,11200,0,0,0,6230467,6230467,2942
46944,200,292,1077,3,0,11200,0,0,0,6232567,6232567,2942
46959,200,347,1077,3,0,11200,0,0,0,6234787,6234787,2942
46975,200,433,1077,3,0,11200,0,0,0,6236990,6236990,2942
46990,200,531,1077,3,0,11200,0,0,0,6239359,6239359,2942
47006,200,605,1077,3,0,11200,0,0,0,6241589,6241589,2942
47021,200,685,1077,3,0,11200,0,0,0,6243553,6243553,2942
47036,200,733,1077,3,0,11200,0,0,0,6245499,6245499,2942
47051,200,810,1078,4,0,11200,0,0,0,6247283,6247283,2942
47066,200,890,1078,4,0,11200,0,0,0,6249057,6249057,2942
47082,200,950,1078,4,0,11200,0,0,0,6250689,6250689,2942
47115,200,1013,1078,4,0,11200,0,0,0,6252486,6252486,2942
47130,201,11,1078,4,0,11200,0,0,0,6254721,6254721,2942
47145,201,107,1078,4,0,11200,0,0,0,6256946,6256946,2942
47160,201,156,1078,4,0,11200,0,0,0,6259183,6259183,2942
47175,201,209,1078,4,0,11200,0,0,0,6261348,6261348,2942
47191,201,266,1078,4,0,11200,0,0,0,6263669,6263669,2942
47206,201,330,1078,4,0,11200,0,0,0,6265792,6265792,2942
47222,201,396,1078,4,0,11200,0,0,0,6268045,6268045,2942
47237,201,487,1078,4,0,11200,0,0,0,6270350,6270350,2942
47252,201,553,1078,4,0,11200,0,0,0,6272435,6272435,2942
47267,201,615,1078,4,0,11200,0,0,0,6274508,6274508,2942
47282,201,666,1078,4,0,11200,0,0,0,6275845,6275845,2942
47298,201,716,1078,4,0,11200,0,0,0,6277607,6277607,2942
47313,201,795,1078,4,0,11200,0,0,0,6279450,6279450,2942
47328,201,860,1078,4,0,11200,0,0,0,6281164,6281164,2942
47343,201,930,1078,4,0,11200,0,0,0,6282858,6282858,2942
47360,201,1013,1078,4,0,11200,0,0,0,6284613,6284613,2942
47375,202,3,1079,5,0,11200,0,0,0,6286600,6286600,2942
47391,202,104,1079,5,0,11200,0,0,0,6289155,6289155,2942
47406,202,166,1079,5,0,11200,0,0,0,6291580,6291580,2942
47421,202,217,1079,5,0,11200,0,0,0,6293693,6293693,2942
47437,202,269,1079,5,0,11200,0,0,0,6295874,6295874,2942
47452,202,324,1079,5,0,11200,0,0,0,6297992,6297992,2942
47468,202,402,1079,5,0,11200,0,0,0,6300298,6300298,2942
47483,202,495,1079,5,0,11200,0,0,0,6302517,6302517,2942
47498,202,579,1079,5,0,11200,0,0,0,6304800,6304800,2942
47513,202,651,1079,5,0,11200,0,0,0,6306675,6306675,2942
47528,202,706,1079,5,0,11200,0,0,0,6308376,6308376,2942
47543,202,761,1079,5,0,11200,0,0,0,6310223,6310223,2942
47559,202,857,1079,5,0,11200,0,0,0,6312149,6312149,2942
47574,202,920,1079,5,0,11200,0,0,0,6313777,6313777,2942
47589,202,990,1079,5,0,11200,0,0,0,6315687,6315687,2942
47609,202,1013,1079,5,0,11200,0,0,0,6316576,6316576,2942
47624,203,10,1079,5,0,11200,0,0,0,6318798,6318798,2942
47639,203,116,1079,5,0,11200,0,0,0,6321288,6321288,2942
47654,203,168,1079,5,0,11200,0,0,0,6323718,6323718,2942
47669,203,245,1079,5,0,11200,0,0,0,6326050,6326050,2942
47684,203,295,1079,5,0,11200,0,0,0,6328194,6328194,2942
47700,203,351,1079,5,0,11200,0,0,0,6330457,6330457,2942
47715,203,426,1079,5,0,11200,0,0,0,6332624,6332624,2942
47731,203,517,1079,5,0,11200,0,0,0,6334979,6334979,2942
47746,203,589,1079,5,0,11200,0,0,0,6337053,6337053,2942
47761,203,657,1079,5,0,11200,0,0,0,6338723,6338723,2942
47776,203,714,1079,5,0,11200,0,0,0,6340464,6340464,2942
47792,203,808,1079,5,0,11200,0,0,0,6342463,6342463,2942
47808,203,890,1079,5,0,11200,0,0,0,6344377,6344377,2942
47823,203,950,1079,5,0,11200,0,0,0,6346052,6346052,2942
47851,203,1013,1079,5,0,11200,0,0,0,6347727,6347727,2942
47867,204,3,1079,5,0,11200,0,0,0,6349664,6349664,2942
47882,204,114,1079,5,0,11200,0,0,0,6352289,6352289,2942
47897,204,162,1079,5,0,11200,0,0,0,6354593,6354593,2942
47912,204,223,1079,5,0,11200,0,0,0,6356889,6356889,2942
47927,204,275,1079,5,0,11200,0,0,0,6358983,6358983,2942
47943,204,336,1079,5,0,11200,0,0,0,6361072,6361072,2942
47958,204,396,1079,5,0,11200,0,0,0,6363171,6363171,2942
47973,204,477,1079,5,0,11200,0,0,0,6365354,6365354,2942
47988,204,548,1079,5,0,11200,0,0,0,6367396,6367396,2942
48004,204,629,1079,5,0,11200,0,0,0,6369522,6369522,2942
48019,204,685,1079,5,0,11200,0,0,0,6371294,6371294,2942
48035,204,737,1079,5,0,11200,0,0,0,6373044,6373044,2942
48050,204,802,1079,5,0,11200,0,0,0,6374703,6374703,2942
48065,204,889,1079,5,0,11200,0,0,0,6376660,6376660,2942
48080,204,947,1079,5,0,11200,0,0,0,6378233,6378233,2942
48105,204,1013,1079,5,0,11200,0,0,0,6380264,6380264,2942
48120,205,3,1079,5,0,11200,0,0,0,6382249,6382249,2942
48135,205,111,1079,5,0,11200,0,0,0,6384918,6384918,2942
48150,205,161,1079,5,0,11200,0,0,0,6387230,6387230,2942
48166,205,221,1079,5,0,11200,0,0,0,6389672,6389672,2942
48181,205,267,1079,5,0,11200,0,0,0,6392012,6392012,2942
48197,205,305,1079,5,0,11200,0,0,0,6394005,6394005,2942
48212,205,376,1079,5,0,11200,0,0,0,6396122,6396122,2942
48227,205,477,1079,5,0,11200,0,0,0,6398402,6398402,2942
48242,205,552,1079,5,0,11200,0,0,0,6400586,6400586,2942
48258,205,625,1079,5,0,11200,0,0,0,6402683,6402683,2942
48273,205,679,1079,5,0,11200,0,0,0,6404184,6404184,2942
48288,205,727,1079,5,0,11200,0,0,0,6405924,6405924,2942
48306,205,785,1079,5,0,11200,0,0,0,6407670,6407670,2942
48321,205,861,1079,5,0,11200,0,0,0,6409620,6409620,2942
48337,205,954,1079,5,0,11200,0,0,0,6411557,6411557,2942
48370,205,1013,1079,5,0,11200,0,0,0,6413236,6413236,2942
48386,206,1071,1079,5,0,11200,0,0,0,6415277,6415277,2942
48401,206,43,1079,5,0,11200,0,0,0,6417518,6417518,2942
48416,206,132,1079,5,0,11200,0,0,0,6419839,6419839,2942
48431,206,195,1079,5,0,11200,0,0,0,6422313,6422313,2942
48446,206,245,1079,5,0,11200,0,0,0,6424509,6424509,2942
48462,206,297,1079,5,0,11200,0,0,0,6426911,6426911,2942
48478,206,353,1079,5,0,11200,0,0,0,6428957,6428957,2942
48493,206,431,1079,5,0,11200,0,0,0,6431194,6431194,2942
48508,206,520,1079,5,0,11200,0,0,0,6433562,6433562,2942
48524,206,602,1079,5,0,11200,0,0,0,6435824,6435824,2942
48539,206,668,1079,5,0,11200,0,0,0,6437473,6437473,2942
48555,206,713,1079,5,0,11200,0,0,0,6439238,6439238,2942
48570,206,801,1079,5,0,11200,0,0,0,6441250,6441250,2942
48585,206,880,1079,5,0,11200,0,0,0,6443292,6443292,2942
48601,206,956,1079,5,0,11200,0,0,0,6445042,6445042,2942
48616,206,1018,1079,5,0,11200,0,0,0,6446679,6446679,2942
48631,207,6,1079,4,0,11200,0,0,0,6448783,6448783,2942
48647,207,109,1079,4,0,11200,0,0,0,6451264,6451264,2942
48662,207,154,1079,4,0,11200,0,0,0,6453554,6453554,2942
48677,207,212,1079,4,0,11200,0,0,0,6455861,6455861,2942
48692,207,275,1079,4,0,11200,0,0,0,6458409,6458409,2942
48707,207,320,1079,4,0,11200,0,0,0,6460481,6460481,2942
48723,207,380,1079,4,0,11200,0,0,0,6462496,6462496,2942
48738,207,460,1079,4,0,11200,0,0,0,6464619,6464619,2942
48754,207,541,1079,4,0,11200,0,0,0,6466803,6466803,2942
48769,207,616,1079,4,0,11200,0,0,0,6468861,6468861,2942
48785,207,674,1079,4,0,11200,0,0,0,6470556,6470556,2942
48801,207,719,1079,4,0,11200,0,0,0,6472385,6472385,2942
48817,207,827,1079,4,0,11200,0,0,0,6474444,6474444,2942
48832,207,900,1079,4,0,11200,0,0,0,6476202,6476202,2942
48847,207,964,1079,4,0,11200,0,0,0,6478118,6478118,2942
48862,207,1013,1079,4,0,11200,0,0,0,6479501,6479501,2942
48878,208,1069,1079,4,0,11200,0,0,0,6481428,6481428,2942
48893,208,106,1079,4,0,11200,0,0,0,6483987,6483987,2942
48908,208,162,1079,4,0,11200,0,0,0,6486385,6486385,2942
48924,208,233,1079,4,0,11200,0,0,0,6488564,6488564,2942
48939,208,276,1079,4,0,11200,0,0,0,6490849,6490849,2942
48954,208,316,1079,4,0,11200,0,0,0,6493026,6493026,2942
48969,208,376,1079,4,0,11200,0,0,0,6495115,6495115,2942
48985,208,466,1079,4,0,11200,0,0,0,6497343,6497343,2942
49000,208,547,1079,4,0,11200,0,0,0,6499345,6499345,2942
49016,208,632,1079,4,0,11200,0,0,0,6501422,6501422,2942
49032,208,685,1079,4,0,11200,0,0,0,6503123,6503123,2942
49047,208,750,1079,4,0,11200,0,0,0,6505160,6505160,2942
49062,208,834,1079,4,0,11200,0,0,0,6507129,6507129,2942
49077,208,908,1079,4,0,11200,0,0,0,6509085,6509085,2942
49093,208,962,1079,4,0,11200,0,0,0,6510749,6510749,2942
49112,208,1013,1079,4,0,11200,0,0,0,6512330,6512330,2942
49128,209,12,1079,4,0,11200,0,0,0,6514407,6514407,2942
49143,209,104,1079,4,0,11200,0,0,0,6516772,6516772,2942
49158,209,141,1079,4,0,11200,0,0,0,6518905,6518905,2942
49173,209,201,1079,4,0,11200,0,0,0,6521165,6521165,2942
49188,209,246,1079,4,0,11200,0,0,0,6523231,6523231,2942
49203,209,288,1079,4,0,11200,0,0,0,6525549,6525549,2942
49218,209,366,1079,4,0,11200,0,0,0,6527590,6527590,2942
49234,209,443,1079,4,0,11200,0,0,0,6529868,6529868,2942
49249,209,548,1079,4,0,11200,0,0,0,6532099,6532099,2942
49264,209,605,1079,4,0,11200,0,0,0,6534127,6534127,2942
49279,209,673,1079,4,0,11200,0,0,0,6536001,6536001,2942
49295,209,719,1079,4,0,11200,0,0,0,6537801,6537801,2942
49310,209,828,1079,4,0,11200,0,0,0,6539923,6539923,2942
49325,209,890,1079,4,0,11200,0,0,0,6541710,6541710,2942
49340,209,961,1079,4,0,11200,0,0,0,6543169,6543169,2942
49357,209,1013,1079,4,0,11200,0,0,0,6544971,6544971,2942
49372,210,2,1079,4,0,11200,0,0,0,6546793,6546793,2942
49387,210,104,1079,4,0,11200,0,0,0,6549100,6549100,2942
49402,210,154,1079,4,0,11200,0,0,0,6551379,6551379,2942
49417,210,211,1079,4,0,11200,0,0,0,6553659,6553659,2942
49433,210,270,1079,4,0,11200,0,0,0,6556092,6556092,2942
49448,210,316,1079,4,0,11200,0,0,0,6558064,6558064,2942
49463,210,378,1079,4,0,11200,0,0,0,6560131,6560131,2942
49478,210,461,1079,4,0,11200,0,0,0,6562259,6562259,2942
49493,210,538,1079,4,0,11200,0,0,0,6564396,6564396,2942
49510,210,613,1079,4,0,11200,0,0,0,6566529,6566529,2942
49525,210,653,1079,4,0,11200,0,0,0,6567898,6567898,2942
49540,210,713,1079,4,0,11200,0,0,0,6569623,6569623,2942
49556,210,775,1079,4,0,11200,0,0,0,6571651,6571651,2942
49571,210,860,1079,4,0,11200,0,0,0,6573653,6573653,2942
49587,210,953,1079,4,0,11200,0,0,0,6575586,6575586,2942
49613,210,1013,1079,4,0,11200,0,0,0,6577290,6577290,2942
49629,211,5,1079,3,0,11200,0,0,0,6579269,6579269,2942
49644,211,119,1079,3,0,11200,0,0,0,6581940,6581940,2942
49659,211,172,1079,3,0,11200,0,0,0,6584188,6584188,2942
49674,211,226,1079,3,0,11200,0,0,0,6586384,6586384,2942
49689,211,270,1079,3,0,11200,0,0,0,6588585,6588585,2942
49705,211,316,1079,3,0,11200,0,0,0,6590764,6590764,2942
49720,211,388,1079,3,0,11200,0,0,0,6592977,6592977,2942
49735,211,472,1079,3,0,11200,0,0,0,6595203,6595203,2942
49750,211,553,1079,3,0,11200,0,0,0,6597510,6597510,2942
49766,211,616,1079,3,0,11200,0,0,0,6599677,6599677,2942
49782,211,679,1079,3,0,11200,0,0,0,6601660,6601660,2942
49797,211,720,1079,3,0,11200,0,0,0,6603236,6603236,2942
49813,211,834,1079,3,0,11200,0,0,0,6605378,6605378,2942
49828,211,899,1079,3,0,11200,0,0,0,6607155,6607155,2942
49844,211,953,1079,3,0,11200,0,0,0,6608763,6608763,2942
49861,211,1013,1079,3,0,11200,0,0,0,6610456,6610456,2942
49876,212,1068,1079,3,0,11200,0,0,0,6612362,6612362,2942
49891,212,91,1079,2,0,11200,0,0,0,6614761,6614761,2942
49906,212,139,1079,2,0,11200,0,0,0,6617029,6617029,2942
49922,212,209,1079,2,0,11200,0,0,0,6619412,6619412,2942
49937,212,266,1079,2,0,11200,0,0,0,6621824,6621824,2942
49952,212,308,1079,2,0,11200,0,0,0,6623723,6623723,2942
49967,212,367,1079,2,0,11200,0,0,0,6625790,6625790,2942
49983,212,439,1079,2,0,11200,0,0,0,6627977,6627977,2942
49998,212,548,1079,2,0,11200,0,0,0,6630405,6630405,2942
50013,212,647,1079,2,0,11200,0,0,0,6632617,6632617,2942
50029,212,690,1079,2,0,11200,0,0,0,6634013,6634013,2942
50045,212,737,1079,2,0,11200,0,0,0,6635790,6635790,2942
50060,212,844,1079,2,0,11200,0,0,0,6637841,6637841,2942
50076,212,906,1079,2,0,11200,0,0,0,6639654,6639654,2942
50091,212,984,1079,2,0,11200,0,0,0,6641682,6641682,2942
50106,212,1039,1079,2,0,11200,0,0,0,6643317,6643317,2942
50122,213,22,1079,2,0,11200,0,0,0,6645482,6645482,2942
50137,213,112,1079,2,0,11200,0,0,0,6647894,6647894,2942
50152,213,162,1079,2,0,11200,0,0,0,6650208,6650208,2942
50167,213,207,1079,2,0,11200,0,0,0,6652503,6652503,2942
50183,213,268,1079,2,0,11200,0,0,0,6654809,6654809,2942
50198,213,315,1079,2,0,11200,0,0,0,6656762,6656762,2942
50213,213,377,1079,2,0,11200,0,0,0,6658891,6658891,2942
50229,213,472,1079,2,0,11200,0,0,0,6660914,6660914,2942
50244,213,553,1079,2,0,11200,0,0,0,6663206,6663206,2942
50260,213,617,1079,2,0,11200,0,0,0,6665416,6665416,2942
50275,213,693,1079,2,0,11200,0,0,0,6667253,6667253,2942
50290,213,753,1079,2,0,11200,0,0,0,6669166,6669166,2942
50306,213,838,1079,2,0,11200,0,0,0,6671165,6671165,2942
50321,213,924,1079,2,0,11200,0,0,0,6673229,6673229,2942
50336,213,996,1079,2,0,11200,0,0,0,6675310,6675310,2942
50361,213,1013,1079,2,0,11200,0,0,0,6675973,6675973,2942
50376,214,1068,1079,2,0,11200,0,0,0,6677835,6677835,2942
50392,214,72,1079,2,0,11200,0,0,0,6680257,6680257,2942
50407,214,141,1079,2,0,11200,0,0,0,6682475,6682475,2942
50423,214,203,1079,2,0,11200,0,0,0,6684578,6684578,2942
50438,214,250,1079,2,0,11200,0,0,0,6686553,6686553,2942
50454,214,291,1079,2,0,11200,0,0,0,6688608,6688608,2942
50469,214,344,1079,2,0,11200,0,0,0,6690531,6690531,2942
50484,214,431,1079,2,0,11200,0,0,0,6692847,6692847,2942
50499,214,512,1079,2,0,11200,0,0,0,6694901,6694901,2942
50515,214,582,1079,2,0,11200,0,0,0,6697089,6697089,2942
50531,214,651,1080,3,0,11200,0,0,0,6698810,6698810,2942
50546,214,715,1080,3,0,11200,0,0,0,6700841,6700841,2942
50561,214,792,1080,3,0,11200,0,0,0,6702698,6702698,2942
50576,214,874,1080,3,0,11200,0,0,0,6704332,6704332,2942
50591,214,961,1080,3,0,11200,0,0,0,6706396,6706396,2942
50610,214,1013,1080,3,0,11200,0,0,0,6708055,6708055,2942
50625,215,2,1080,3,0,11200,0,0,0,6710121,6710121,2942
50640,215,82,1080,3,0,11200,0,0,0,6712575,6712575,2942
50656,215,146,1080,3,0,11200,0,0,0,6715078,6715078,2942
50671,215,205,1080,3,0,11200,0,0,0,6717234,6717234,2942
50686,215,256,1080,3,0,11200,0,0,0,6719498,6719498,2942
50701,215,312,1080,3,0,11200,0,0,0,6721618,6721618,2942
50717,215,363,1080,3,0,11200,0,0,0,6723565,6723565,2942
50732,215,452,1080,3,0,11200,0,0,0,6725909,6725909,2942
50747,215,542,1080,3,0,11200,0,0,0,6728366,6728366,2942
50763,215,608,1080,3,0,11200,0,0,0,6730567,6730567,2942
50779,215,666,1080,3,0,11200,0,0,0,6732121,6732121,2942
50794,215,717,1080,3,0,11200,0,0,0,6733856,6733856,2942
50809,215,808,1080,3,0,11200,0,0,0,6735695,6735695,2942
50825,215,901,1080,3,0,11200,0,0,0,6737612,6737612,2942
50840,215,951,1080,3,0,11200,0,0,0,6738986,6738986,2942
50867,215,1013,1080,3,0,11200,0,0,0,6740866,6740866,2942
50882,216,5,1080,3,0,11200,0,0,0,6742852,6742852,2942
50898,216,111,1080,3,0,11200,0,0,0,6745326,6745326,2942
50913,216,170,1080,3,0,11200,0,0,0,6747790,6747790,2942
50928,216,233,1080,3,0,11200,0,0,0,6749835,6749835,2942
50944,216,281,1080,3,0,11200,0,0,0,6752015,6752015,2942
50960,216,339,1080,3,0,11200,0,0,0,6753917,6753917,2942
50975,216,403,1080,3,0,11200,0,0,0,6756050,6756050,2942
50990,216,503,1080,3,0,11200,0,0,0,6758296,6758296,2942
51005,216,574,1080,3,0,11200,0,0,0,6760591,6760591,2942
51020,216,644,1080,3,0,11200,0,0,0,6762713,6762713,2942
51036,216,693,1080,3,0,11200,0,0,0,6764377,6764377,2942
51052,216,763,1080,3,0,11200,0,0,0,6766316,6766316,2942
51068,216,857,1080,3,0,11200,0,0,0,6768293,6768293,2942
51087,216,920,1080,3,0,11200,0,0,0,6769717,6769717,2942
51103,216,993,1081,4,0,11200,0,0,0,6771735,6771735,2942
51123,216,1013,1081,4,0,11200,0,0,0,6772278,6772278,2942
51138,217,1071,1081,4,0,11200,0,0,0,6774262,6774262,2942
51153,217,49,1081,3,0,11200,0,0,0,6776548,6776548,2942
51168,217,131,1081,3,0,11200,0,0,0,6778958,6778958,2942
51184,217,200,1081,3,0,11200,0,0,0,6781293,6781293,2942
51199,217,243,1081,3,0,11200,0,0,0,6783484,6783484,2942
51214,217,291,1081,3,0,11200,0,0,0,6785720,6785720,2942
51229,217,344,1081,3,0,11200,0,0,0,6787836,6787836,2942
51245,217,429,1081,3,0,11200,0,0,0,6790181,6790181,2942
51260,217,504,1081,3,0,11200,0,0,0,6792198,6792198,2942
51275,217,578,1081,3,0,11200,0,0,0,6794266,6794266,2942
51291,217,650,1081,3,0,11200,0,0,0,6796218,6796218,2942
51306,217,700,1081,3,0,11200,0,0,0,6797839,6797839,2942
51322,217,754,1081,3,0,11200,0,0,0,6799643,6799643,2942
51337,217,846,1081,3,0,11200,0,0,0,6801633,6801633,2942
51352,217,926,1081,3,0,11200,0,0,0,6803812,6803812,2942
51368,217,1010,1081,3,0,11200,0,0,0,6805876,6805876,2942
51384,217,1013,1081,3,0,11200,0,0,0,6806089,6806089,2942
51399,218,1080,1081,3,0,11200,0,0,0,6808010,6808010,2942
51414,218,103,1081,3,0,11200,0,0,0,6810578,6810578,2942
51430,218,148,1081,3,0,11200,0,0,0,6812791,6812791,2942
51445,218,207,1081,3,0,11200,0,0,0,6815176,6815176,2942
51461,218,266,1081,3,0,11200,0,0,0,6817378,6817378,2942
51476,218,307,1081,3,0,11200,0,0,0,6819349,6819349,2942
51491,218,370,1081,3,0,11200,0,0,0,6821462,6821462,2942
51507,218,439,1081,3,0,11200,0,0,0,6823647,6823647,2942
51522,218,523,1081,3,0,11200,0,0,0,6825780,6825780,2942
51538,218,581,1081,3,0,11200,0,0,0,6827852,6827852,2942
51553,218,648,1081,3,0,11200,0,0,0,6829741,6829741,2942
51568,218,704,1081,3,0,11200,0,0,0,6831439,6831439,2942
51583,218,760,1081,3,0,11200,0,0,0,6833430,6833430,2942
51599,218,851,1081,3,0,11200,0,0,0,6835434,6835434,2942
51614,218,935,1081,3,0,11200,0,0,0,6837319,6837319,2942
51629,218,1002,1081,3,0,11200,0,0,0,6839208,6839208,2942
51645,218,1046,1081,3,0,11200,0,0,0,6840574,6840574,2942
51660,219,25,1081,3,0,11200,0,0,0,6842696,6842696,2942
51676,219,132,1081,3,0,11200,0,0,0,6845199,6845199,2942
51692,219,194,1081,3,0,11200,0,0,0,6847558,6847558,2942
51707,219,244,1081,3,0,11200,0,0,0,6849634,6849634,2942
51723,219,298,1081,3,0,11200,0,0,0,6851959,6851959,2942
51738,219,367,1081,3,0,11200,0,0,0,6854198,6854198,2942
51754,219,437,1081,3,0,11200,0,0,0,6856362,6856362,2942
51769,219,543,1081,3,0,11200,0,0,0,6858706,6858706,2942
51785,219,605,1081,3,0,11200,0,0,0,6860674,6860674,2942
51800,219,652,1081,3,0,11200,0,0,0,6862093,6862093,2942
51815,219,693,1081,3,0,11200,0,0,0,6863471,6863471,2942
51830,219,763,1081,3,0,11200,0,0,0,6865426,6865426,2942
51845,219,829,1081,3,0,11200,0,0,0,6867014,6867014,2942
51861,219,919,1081,3,0,11200,0,0,0,6868988,6868988,2942
51876,219,988,1081,3,0,11200,0,0,0,6870473,6870473,2942
51891,219,1051,1081,3,0,11200,0,0,0,6871950,6871950,2942
51906,220,55,1081,3,0,11200,0,0,0,6874317,6874317,2942
51921,220,134,1081,3,0,11200,0,0,0,6876613,6876613,2942
51937,220,195,1081,3,0,11200,0,0,0,6878919,6878919,2942
51952,220,246,1081,3,0,11200,0,0,0,6881058,6881058,2942
51967,220,292,1081,3,0,11200,0,0,0,6883409,6883409,2942
51983,220,347,1081,3,0,11200,0,0,0,6885462,6885462,2942
51998,220,434,1081,3,0,11200,0,0,0,6887705,6887705,2942
52014,220,521,1081,3,0,11200,0,0,0,6889953,6889953,2942
52029,220,598,1081,3,0,11200,0,0,0,6892157,6892157,2942
52045,220,648,1081,3,0,11200,0,0,0,6893500,6893500,2942
52060,220,710,1081,3,0,11200,0,0,0,6895299,6895299,2942
52076,220,772,1081,3,0,11200,0,0,0,6897184,6897184,2942
52091,220,880,1081,3,0,11200,0,0,0,6899107,6899107,2942
52107,220,944,1081,3,0,11200,0,0,0,6901069,6901069,2942
52127,220,1013,1081,3,0,11200,0,0,0,6903179,6903179,2942
52142,221,1064,1081,3,0,11200,0,0,0,6904971,6904971,2942
52157,221,47,1081,3,0,11200,0,0,0,6907143,6907143,2942
52173,221,134,1081,3,0,11200,0,0,0,6909466,6909466,2942
52188,221,191,1081,3,0,11200,0,0,0,6911867,6911867,2942
52203,221,247,1081,3,0,11200,0,0,0,6914035,6914035,2942
52219,221,298,1081,3,0,11200,0,0,0,6916407,6916407,2942
52234,221,367,1081,3,0,11200,0,0,0,6918616,6918616,2942
52249,221,435,1081,3,0,11200,0,0,0,6920804,6920804,2942
52265,221,522,1081,3,0,11200,0,0,0,6923093,6923093,2942
52280,221,601,1081,3,0,11200,0,0,0,6925266,6925266,2942
52304,221,651,1081,3,0,11200,0,0,0,6926596,6926596,2942
52320,221,709,1081,3,0,11200,0,0,0,6928328,6928328,2942
52336,221,766,1081,3,0,11200,0,0,0,6930049,6930049,2942
52351,221,851,1081,3,0,11200,0,0,0,6931780,6931780,2942
52368,221,920,1081,3,0,11200,0,0,0,6933708,6933708,2942
52383,221,990,1081,3,0,11200,0,0,0,6935574,6935574,2942
52398,221,1036,1081,3,0,11200,0,0,0,6937584,6937584,2942
52413,222,10,1081,3,0,11200,0,0,0,6939593,6939593,2942
52429,222,116,1081,3,0,11200,0,0,0,6942138,6942138,2942
52444,222,170,1081,3,0,11200,0,0,0,6944557,6944557,2942
52459,222,229,1081,3,0,11200,0,0,0,6946673,6946673,2942
52475,222,276,1081,3,0,11200,0,0,0,6949104,6949104,2942
52491,222,334,1081,3,0,11200,0,0,0,6951282,6951282,2942
52506,222,402,1081,3,0,11200,0,0,0,6953557,6953557,2942
52521,222,483,1081,3,0,11200,0,0,0,6955478,6955478,2942
52537,222,564,1081,3,0,11200,0,0,0,6957682,6957682,2942
52552,222,628,1081,3,0,11200,0,0,0,6959528,6959528,2942
52568,222,685,1081,3,0,11200,0,0,0,6961616,6961616,2942
52583,222,733,1081,3,0,11200,0,0,0,6963378,6963378,2942
52599,222,834,1081,3,0,11200,0,0,0,6965234,6965234,2942
52614,222,909,1081,3,0,11200,0,0,0,6967174,6967174,2942
52630,222,981,1082,4,0,11200,0,0,0,6969077,6969077,2942
52650,222,1013,1082,4,0,11200,0,0,0,6970324,6970324,2942
52665,223,1067,1082,4,0,11200,0,0,0,6972290,6972290,2942
52681,223,60,1082,4,0,11200,0,0,0,6974403,6974403,2942
52696,223,138,1082,4,0,11200,0,0,0,6976719,6976719,2942
52711,223,204,1082,4,0,11200,0,0,0,6979103,6979103,2942
52727,223,250,1082,4,0,11200,0,0,0,6981316,6981316,2942
52742,223,299,1082,4,0,11200,0,0,0,6983504,6983504,2942
52757,223,369,1082,4,0,11200,0,0,0,6985803,6985803,2942
52772,223,436,1082,4,0,11200,0,0,0,6987908,6987908,2942
52788,223,525,1082,4,0,11200,0,0,0,6990038,6990038,2942
52803,223,581,1082,4,0,11200,0,0,0,6992059,6992059,2942
52819,223,650,1082,4,0,11200,0,0,0,6993852,6993852,2942
52834,223,703,1082,4,0,11200,0,0,0,6995190,6995190,2942
52850,223,763,1082,4,0,11200,0,0,0,6997161,6997161,2942
52865,223,858,1082,4,0,11200,0,0,0,6999138,6999138,2942
52882,223,920,1082,4,0,11200,0,0,0,7000903,7000903,2942
52897,223,1002,1082,4,0,11200,0,0,0,7002874,7002874,2942
52912,223,1048,1082,4,0,11200,0,0,0,7004825,7004825,2942
52927,224,26,1082,4,0,11200,0,0,0,7006762,7006762,2942
52943,224,133,1082,4,0,11200,0,0,0,7009264,7009264,2942
52958,224,184,1082,4,0,11200,0,0,0,7011573,7011573,2942
52974,224,247,1082,4,0,11200,0,0,0,7013962,7013962,2942
52989,224,292,1082,4,0,11200,0,0,0,7016203,7016203,2942
53004,224,348,1082,4,0,11200,0,0,0,7018326,7018326,2942
53019,224,430,1082,4,0,11200,0,0,0,7020586,7020586,2942
53034,224,521,1082,4,0,11200,0,0,0,7022733,7022733,2942
53049,224,578,1082,4,0,11200,0,0,0,7024684,7024684,2942
53065,224,642,1082,4,0,11200,0,0,0,7026369,7026369,2942
53080,224,674,1082,4,0,11200,0,0,0,7027759,7027759,2942
53095,224,724,1082,4,0,11200,0,0,0,7029667,7029667,2942
53111,224,780,1082,4,0,11200,0,0,0,7031444,7031444,2942
53126,224,876,1082,4,0,11200,0,0,0,7033281,7033281,2942
53142,224,936,1082,4,0,11200,0,0,0,7034912,7034912,2942
53157,224,1002,1082,4,0,11200,0,0,0,7036861,7036861,2942
53173,224,1050,1082,4,0,11200,0,0,0,7038481,7038481,2942
53189,225,43,1082,3,0,11200,0,0,0,7040758,7040758,2942
53204,225,148,1082,3,0,11200,0,0,0,7043239,7043239,2942
53220,225,215,1082,3,0,11200,0,0,0,7045741,7045741,2942
53235,225,270,1082,3,0,11200,0,0,0,7047906,7047906,2942
53250,225,308,1082,3,0,11200,0,0,0,7049843,7049843,2942
53265,225,369,1082,3,0,11200,0,0,0,7051760,7051760,2942
53281,225,435,1082,3,0,11200,0,0,0,7053937,7053937,2942
53296,225,524,1082,3,0,11200,0,0,0,7056156,7056156,2942
53312,225,602,1082,3,0,11200,0,0,0,7058299,7058299,2942
53331,225,651,1082,3,0,11200,0,0,0,7059816,7059816,2942
53346,225,700,1082,3,0,11200,0,0,0,7061439,7061439,2942
53362,225,761,1082,3,0,11200,0,0,0,7063439,7063439,2942
53377,225,838,1082,3,0,11200,0,0,0,7065350,7065350,2942
53393,225,908,1082,3,0,11200,0,0,0,7067288,7067288,2942
53408,225,969,1082,3,0,11200,0,0,0,7068729,7068729,2942
53424,225,1029,1082,3,0,11200,0,0,0,7070661,7070661,2942
53439,226,13,1082,3,0,11200,0,0,0,7072672,7072672,2942
53454,226,116,1082,3,0,11200,0,0,0,7075155,7075155,2942
53469,226,167,1082,3,0,11200,0,0,0,7077477,7077477,2942
53484,226,227,1082,3,0,11200,0,0,0,7079985,7079985,2942
53500,226,275,1082,3,0,11200,0,0,0,7082218,7082218,2942
53515,226,334,1082,3,0,11200,0,0,0,7084280,7084280,2942
53530,226,399,1082,3,0,11200,0,0,0,7086349,7086349,2942
53546,226,504,1082,3,0,11200,0,0,0,7088566,7088566,2942
53561,226,570,1082,3,0,11200,0,0,0,7090955,7090955,2942
53577,226,642,1082,3,0,11200,0,0,0,7092858,7092858,2942
53593,226,681,1082,3,0,11200,0,0,0,7094227,7094227,2942
53608,226,732,1082,3,0,11200,0,0,0,7096020,7096020,2942
53624,226,802,1082,3,0,11200,0,0,0,7097775,7097775,2942
53639,226,874,1082,3,0,11200,0,0,0,7099569,7099569,2942
53654,226,930,1082,3,0,11200,0,0,0,7101335,7101335,2942
53669,226,1002,1082,3,0,11200,0,0,0,7103325,7103325,2942
53684,226,1023,1082,3,0,11200,0,0,0,7104076,7104076,2942
53700,227,16,1082,3,0,11200,0,0,0,7106091,7106091,2942
53715,227,111,1082,3,0,11200,0,0,0,7108678,7108678,2942
53730,227,161,1082,3,0,11200,0,0,0,7111015,7111015,2942
53745,227,223,1082,3,0,11200,0,0,0,7113197,7113197,2942
53761,227,273,1082,3,0,11200,0,0,0,7115454,7115454,2942
53776,227,316,1082,3,0,11200,0,0,0,7117415,7117415,2942
53791,227,376,1082,3,0,11200,0,0,0,7119300,7119300,2942
53807,227,438,1082,3,0,11200,0,0,0,7121501,7121501,2942
53823,227,523,1082,3,0,11200,0,0,0,7123726,7123726,2942
53838,227,591,1082,3,0,11200,0,0,0,7125934,7125934,2942
53853,227,648,1082,3,0,11200,0,0,0,7127744,7127744,2942
53868,227,689,1082,3,0,11200,0,0,0,7129031,7129031,2942
53884,227,763,1082,3,0,11200,0,0,0,7130959,7130959,2942
53899,227,839,1082,3,0,11200,0,0,0,7132717,7132717,2942
53914,227,918,1082,3,0,11200,0,0,0,7134704,7134704,2942
53929,227,999,1082,3,0,11200,0,0,0,7136642,7136642,2942
53945,228,1061,1082,3,0,11200,0,0,0,7138792,7138792,2942
53960,228,40,1082,3,0,11200,0,0,0,7141013,7141013,2942
53975,228,134,1082,3,0,11200,0,0,0,7143332,7143332,2942
53991,228,202,1082,3,0,11200,0,0,0,7145727,7145727,2942
54006,228,253,1082,3,0,11200,0,0,0,7147893,7147893,2942
54021,228,300,1082,3,0,11200,0,0,0,7149928,7149928,2942
54036,228,353,1082,3,0,11200,0,0,0,7151954,7151954,2942
54052,228,430,1082,3,0,11200,0,0,0,7154315,7154315,2942
54067,228,520,1082,3,0,11200,0,0,0,7156512,7156512,2942
54082,228,575,1082,3,0,11200,0,0,0,7158367,7158367,2942
54098,228,651,1082,3,0,11200,0,0,0,7160119,7160119,2942
54113,228,692,1082,3,0,11200,0,0,0,7161712,7161712,2942
54129,228,753,1082,3,0,11200,0,0,0,7163472,7163472,2942
54145,228,838,1082,3,0,11200,0,0,0,7165412,7165412,2942
54160,228,918,1082,3,0,11200,0,0,0,7167507,7167507,2942
54176,228,978,1082,3,0,11200,0,0,0,7169033,7169033,2942
54200,228,1013,1082,3,0,11200,0,0,0,7170225,7170225,2942
54215,229,8,1082,3,0,11200,0,0,0,7172256,7172256,2942
54231,229,104,1082,3,0,11200,0,0,0,7174723,7174723,2942
54246,229,148,1082,3,0,11200,0,0,0,7176877,7176877,2942
54261,229,211,1082,3,0,11200,0,0,0,7179135,7179135,2942
54276,229,266,1082,3,0,11200,0,0,0,7181436,7181436,2942
54291,229,314,1082,3,0,11200,0,0,0,7183452,7183452,2942
54307,229,377,1082,3,0,11200,0,0,0,7185577,7185577,2942
54322,229,462,1082,3,0,11200,0,0,0,7187712,7187712,2942
54337,229,547,1082,3,0,11200,0,0,0,7189885,7189885,2942
54352,229,608,1082,3,0,11200,0,0,0,7192105,7192105,2942
54368,229,673,1082,3,0,11200,0,0,0,7193657,7193657,2942
54383,229,723,1082,3,0,11200,0,0,0,7195589,7195589,2942
54398,229,795,1082,3,0,11200,0,0,0,7197315,7197315,2942
54413,229,885,1082,3,0,11200,0,0,0,7199194,7199194,2942
54429,229,935,1082,3,0,11200,0,0,0,7200718,7200718,2942
54444,229,1011,1082,3,0,11200,0,0,0,7202844,7202844,2942
54460,229,1029,1082,3,0,11200,0,0,0,7203429,7203429,2942
54475,230,8,1082,3,0,11200,0,0,0,7205489,7205489,2942
54490,230,104,1082,3,0,11200,0,0,0,7207725,7207725,2942
54505,230,141,1082,3,0,11200,0,0,0,7209982,7209982,2942
54520,230,211,1082,3,0,11200,0,0,0,7212239,7212239,2942
54535,230,264,1082,3,0,11200,0,0,0,7214556,7214556,2942
54551,230,304,1082,3,0,11200,0,0,0,7216624,7216624,2942
54566,230,351,1082,3,0,11200,0,0,0,7218630,7218630,2942
54581,230,426,1082,3,0,11200,0,0,0,7220889,7220889,2942
54597,230,518,1082,3,0,11200,0,0,0,7223075,7223075,2942
54612,230,580,1082,3,0,11200,0,0,0,7224988,7224988,2942
54628,230,651,1082,3,0,11200,0,0,0,7226768,7226768,2942
54643,230,693,1082,3,0,11200,0,0,0,7228326,7228326,2942
54658,230,755,1082,3,0,11200,0,0,0,7230329,7230329,2942
54674,230,855,1082,3,0,11200,0,0,0,7232376,7232376,2942
54689,230,926,1082,3,0,11200,0,0,0,7234194,7234194,2942
54704,230,1010,1082,3,0,11200,0,0,0,7236266,7236266,2942
54719,230,1019,1082,3,0,11200,0,0,0,7236618,7236618,2942
54735,231,13,1082,3,0,11200,0,0,0,7238633,7238633,2942
54750,231,115,1082,3,0,11200,0,0,0,7241202,7241202,2942
54765,231,180,1082,3,0,11200,0,0,0,7243653,7243653,2942
54781,231,237,1082,3,0,11200,0,0,0,7245885,7245885,2942
54796,231,284,1082,3,0,11200,0,0,0,7248166,7248166,2942
54811,231,339,1082,3,0,11200,0,0,0,7250228,7250228,2942
54826,231,406,1082,3,0,11200,0,0,0,7252235,7252235,2942
54842,231,512,1082,3,0,11200,0,0,0,7254658,7254658,2942
54858,231,578,1082,3,0,11200,0,0,0,7256820,7256820,2942
54873,231,646,1083,4,0,11200,0,0,0,7258622,7258622,2942
54888,231,685,1083,4,0,11200,0,0,0,7259990,7259990,2942
54904,231,753,1083,4,0,11200,0,0,0,7261862,7261862,2942
54919,231,842,1083,4,0,11200,0,0,0,7263897,7263897,2942
54934,231,903,1083,4,0,11200,0,0,0,7265781,7265781,2942
54950,231,967,1083,4,0,11200,0,0,0,7267695,7267695,2942
54965,231,1027,1083,4,0,11200,0,0,0,7269385,7269385,2942
54980,232,1080,1083,4,0,11200,0,0,0,7271049,7271049,2942
54995,232,22,1083,3,0,11200,0,0,0,7272270,7272270,2942
55011,232,129,1083,3,0,11200,0,0,0,7274725,7274725,2942
55027,232,199,1083,3,0,11200,0,0,0,7277066,7277066,2942
55042,232,244,1083,3,0,11200,0,0,0,7279149,7279149,2942
55057,232,291,1083,3,0,11200,0,0,0,7281606,7281606,2942
55072,232,339,1083,3,0,11200,0,0,0,7283767,7283767,2942
55088,232,417,1083,3,0,11200,0,0,0,7285947,7285947,2942
55103,232,504,1083,3,0,11200,0,0,0,7288081,7288081,2942
55119,232,561,1083,3,0,11200,0,0,0,7290335,7290335,2942
55134,232,617,1083,3,0,11200,0,0,0,7292258,7292258,2942
55149,232,671,1083,3,0,11200,0,0,0,7293573,7293573,2942
55165,232,724,1083,3,0,11200,0,0,0,7295512,7295512,2942
55180,232,814,1083,3,0,11200,0,0,0,7297442,7297442,2942
55195,232,909,1083,3,0,11200,0,0,0,7299485,7299485,2942
55210,232,986,1083,3,0,11200,0,0,0,7301333,7301333,2942
55225,232,1019,1083,3,0,11200,0,0,0,7302563,7302563,2942
55240,233,1073,1083,3,0,11200,0,0,0,7304102,7304102,2942
55256,233,103,1083,1,0,11200,0,0,0,7306558,7306558,2942
55271,233,156,1083,1,0,11200,0,0,0,7308985,7308985,2942
55286,233,217,1083,1,0,11200,0,0,0,7311260,7311260,2942
55301,233,276,1083,1,0,11200,0,0,0,7313472,7313472,2942
55316,233,327,1083,1,0,11200,0,0,0,7315533,7315533,2942
55332,233,389,1083,1,0,11200,0,0,0,7317544,7317544,2942
55347,233,452,1083,1,0,11200,0,0,0,7319537,7319537,2942
55363,233,548,1083,1,0,11200,0,0,0,7321818,7321818,2942
55378,233,613,1083,1,0,11200,0,0,0,7323922,7323922,2942
55394,233,667,1083,1,0,11200,0,0,0,7325495,7325495,2942
55409,233,716,1083,1,0,11200,0,0,0,7327256,7327256,2942
55424,233,771,1083,1,0,11200,0,0,0,7328927,7328927,2942
55440,233,860,1083,1,0,11200,0,0,0,7330730,7330730,2942
55455,233,924,1083,1,0,11200,0,0,0,7332635,7332635,2942
55470,233,1002,1083,1,0,11200,0,0,0,7334615,7334615,2942
55485,234,1061,1083,1,0,11200,0,0,0,7336027,7336027,2942
55501,234,72,1083,1,0,11200,0,0,0,7338172,7338172,2942
55516,234,139,1083,1,0,11200,0,0,0,7340459,7340459,2942
55531,234,221,1083,1,0,11200,0,0,0,7342816,7342816,2942
55547,234,276,1083,1,0,11200,0,0,0,7345069,7345069,2942
55562,234,336,1083,1,0,11200,0,0,0,7347144,7347144,2942
55578,234,400,1083,1,0,11200,0,0,0,7349155,7349155,2942
55593,234,466,1083,1,0,11200,0,0,0,7351363,7351363,2942
55608,234,553,1083,1,0,11200,0,0,0,7353496,7353496,2942
55624,234,616,1083,1,0,11200,0,0,0,7355582,7355582,2942
55640,234,673,1083,1,0,11200,0,0,0,7357106,7357106,2942
55656,234,712,1083,1,0,11200,0,0,0,7358703,7358703,2942
55671,234,778,1083,1,0,11200,0,0,0,7360620,7360620,2942
55686,234,869,1083,1,0,11200,0,0,0,7362648,7362648,2942
55701,234,926,1083,1,0,11200,0,0,0,7364303,7364303,2942
55716,234,1008,1083,1,0,11200,0,0,0,7366072,7366072,2942
55737,234,1013,1083,1,0,11200,0,0,0,7366321,7366321,2942
55752,235,4,1083,1,0,11200,0,0,0,7368187,7368187,2942
55767,235,71,1083,1,0,11200,0,0,0,7370325,7370325,2942
55782,235,137,1083,1,0,11200,0,0,0,7372419,7372419,2942
55797,235,200,1083,1,0,11200,0,0,0,7374833,7374833,2942
55813,235,261,1083,1,0,11200,0,0,0,7377245,7377245,2942
55828,235,292,1083,1,0,11200,0,0,0,7379242,7379242,2942
55844,235,346,1083,1,0,11200,0,0,0,7381381,7381381,2942
55859,235,433,1083,1,0,11200,0,0,0,7383643,7383643,2942
55874,235,526,1083,1,0,11200,0,0,0,7385920,7385920,2942
55890,235,593,1083,1,0,11200,0,0,0,7387921,7387921,2942
55910,235,651,1083,1,0,11200,0,0,0,7389716,7389716,2942
55925,235,709,1083,1,0,11200,0,0,0,7391481,7391481,2942
55940,235,771,1083,1,0,11200,0,0,0,7393500,7393500,2942
55955,235,859,1083,1,0,11200,0,0,0,7395400,7395400,2942
55970,235,927,1083,1,0,11200,0,0,0,7397210,7397210,2942
55986,235,993,1084,2,0,11200,0,0,0,7399211,7399211,2942
56005,235,1013,1084,2,0,11200,0,0,0,7399816,7399816,2942
56020,236,1081,1084,2,0,11200,0,0,0,7401939,7401939,2942
56035,236,78,1084,2,0,11200,0,0,0,7404265,7404265,2942
56050,236,148,1084,2,0,11200,0,0,0,7406709,7406709,2942
56066,236,226,1084,2,0,11200,0,0,0,7409187,7409187,2942
56081,236,284,1084,2,0,11200,0,0,0,7411537,7411537,2942
56096,236,338,1084,2,0,11200,0,0,0,7413573,7413573,2942
56111,236,396,1084,2,0,11200,0,0,0,7415590,7415590,2942
56127,236,477,1084,2,0,11200,0,0,0,7417894,7417894,2942
56142,236,561,1084,2,0,11200,0,0,0,7420186,7420186,2942
56157,236,616,1084,2,0,11200,0,0,0,7422232,7422232,2942
56173,236,681,1084,2,0,11200,0,0,0,7423785,7423785,2942
56188,236,730,1084,2,0,11200,0,0,0,7425754,7425754,2942
56204,236,813,1084,2,0,11200,0,0,0,7427655,7427655,2942
56219,236,897,1084,2,0,11200,0,0,0,7429430,7429430,2942
56234,236,971,1084,2,0,11200,0,0,0,7431446,7431446,2942
56262,236,1013,1084,2,0,11200,0,0,0,7432767,7432767,2942
56278,237,12,1084,2,0,11200,0,0,0,7434877,7434877,2942
56293,237,116,1084,2,0,11200,0,0,0,7437195,7437195,2942
56308,237,171,1084,2,0,11200,0,0,0,7439558,7439558,2942
56323,237,225,1084,2,0,11200,0,0,0,7441779,7441779,2942
56338,237,272,1084,2,0,11200,0,0,0,7444145,7444145,2942
56354,237,330,1084,2,0,11200,0,0,0,7446259,7446259,2942
56370,237,400,1084,2,0,11200,0,0,0,7448278,7448278,2942
56385,237,485,1084,2,0,11200,0,0,0,7450479,7450479,2942
56401,237,548,1084,2,0,11200,0,0,0,7452578,7452578,2942
56416,237,614,1084,2,0,11200,0,0,0,7454718,7454718,2942
56432,237,685,1084,2,0,11200,0,0,0,7456374,7456374,2942
56447,237,753,1084,2,0,11200,0,0,0,7458225,7458225,2942
56462,237,845,1084,2,0,11200,0,0,0,7460134,7460134,2942
56477,237,924,1084,2,0,11200,0,0,0,7461906,7461906,2942
56493,237,1009,1084,2,0,11200,0,0,0,7463877,7463877,2942
56509,237,1043,1084,2,0,11200,0,0,0,7464644,7464644,2942
56524,238,24,1084,2,0,11200,0,0,0,7466830,7466830,2942
56539,238,127,1084,2,0,11200,0,0,0,7469420,7469420,2942
56555,238,168,1084,2,0,11200,0,0,0,7471829,7471829,2942
56570,238,232,1084,2,0,11200,0,0,0,7473969,7473969,2942
56585,238,283,1084,2,0,11200,0,0,0,7476406,7476406,2942
56601,238,334,1084,2,0,11200,0,0,0,7478446,7478446,2942
56616,238,399,1084,2,0,11200,0,0,0,7480435,7480435,2942
56632,238,488,1084,2,0,11200,0,0,0,7482642,7482642,2942
56647,238,563,1084,2,0,11200,0,0,0,7484877,7484877,2942
56662,238,620,1084,2,0,11200,0,0,0,7486864,7486864,2942
56678,238,685,1084,2,0,11200,0,0,0,7488655,7488655,2942
56693,238,761,1084,2,0,11200,0,0,0,7490724,7490724,2942
56708,238,836,1084,2,0,11200,0,0,0,7492398,7492398,2942
56724,238,900,1084,2,0,11200,0,0,0,7494204,7494204,2942
56739,238,984,1084,2,0,11200,0,0,0,7496148,7496148,2942
56758,238,1013,1084,2,0,11200,0,0,0,7497119,7497119,2942
56774,239,8,1084,2,0,11200,0,0,0,7499241,7499241,2942
56789,239,103,1084,2,0,11200,0,0,0,7501700,7501700,2942
56804,239,145,1084,2,0,11200,0,0,0,7503976,7503976,2942
56819,239,204,1084,2,0,11200,0,0,0,7506305,7506305,2942
56834,239,253,1084,2,0,11200,0,0,0,7508561,7508561,2942
56850,239,303,1084,2,0,11200,0,0,0,7510807,7510807,2942
56865,239,366,1084,2,0,11200,0,0,0,7512873,7512873,2942
56880,239,434,1084,2,0,11200,0,0,0,7515066,7515066,2942
56895,239,523,1084,2,0,11200,0,0,0,7517175,7517175,2942
56911,239,593,1084,2,0,11200,0,0,0,7519323,7519323,2942
56926,239,650,1084,2,0,11200,0,0,0,7520969,7520969,2942
56942,239,696,1084,2,0,11200,0,0,0,7522451,7522451,2942
56957,239,753,1084,2,0,11200,0,0,0,7524500,7524500,2942
56973,239,838,1084,2,0,11200,0,0,0,7526479,7526479,2942
56988,239,911,1084,2,0,11200,0,0,0,7528364,7528364,2942
57003,239,969,1084,2,0,11200,0,0,0,7529845,7529845,2942
57018,239,1038,1084,2,0,11200,0,0,0,7531772,7531772,2942
57034,240,12,1084,2,0,11200,0,0,0,7533647,7533647,2942
57049,240,115,1084,2,0,11200,0,0,0,7536357,7536357,2942
57064,240,167,1084,2,0,11200,0,0,0,7538677,7538677,2942
57079,240,232,1084,2,0,11200,0,0,0,7540926,7540926,2942
57095,240,270,1084,2,0,11200,0,0,0,7543175,7543175,2942
57110,240,315,1084,2,0,11200,0,0,0,7545318,7545318,2942
57125,240,376,1084,2,0,11200,0,0,0,7547327,7547327,2942
57141,240,440,1084,2,0,11200,0,0,0,7549476,7549476,2942
57156,240,543,1084,2,0,11200,0,0,0,7551970,7551970,2942
57171,240,615,1084,2,0,11200,0,0,0,7554074,7554074,2942
57187,240,683,1084,2,0,11200,0,0,0,7555880,7555880,2942
57202,240,727,1084,2,0,11200,0,0,0,7557681,7557681,2942
57217,240,835,1084,2,0,11200,0,0,0,7559560,7559560,2942
57233,240,915,1084,2,0,11200,0,0,0,7561617,7561617,2942
57248,240,950,1084,2,0,11200,0,0,0,7562759,7562759,2942
57263,240,1012,1084,2,0,11200,0,0,0,7564689,7564689,2942
57283,240,1013,1084,2,0,11200,0,0,0,7564786,7564786,2942
57299,241,1066,1084,2,0,11200,0,0,0,7566888,7566888,2942
57314,241,32,1084,2,0,11200,0,0,0,7568969,7568969,2942
57329,241,135,1084,2,0,11200,0,0,0,7571427,7571427,2942
57344,241,191,1084,2,0,11200,0,0,0,7573906,7573906,2942
57360,241,247,1084,2,0,11200,0,0,0,7576087,7576087,2942
57375,241,292,1084,2,0,11200,0,0,0,7578385,7578385,2942
57390,241,353,1084,2,0,11200,0,0,0,7580377,7580377,2942
57405,241,433,1084,2,0,11200,0,0,0,7582513,7582513,2942
57421,241,516,1084,2,0,11200,0,0,0,7584775,7584775,2942
57437,241,601,1084,2,0,11200,0,0,0,7587005,7587005,2942
57453,241,651,1084,2,0,11200,0,0,0,7588549,7588549,2942
57468,241,701,1084,2,0,11200,0,0,0,7590283,7590283,2942
57483,241,750,1084,2,0,11200,0,0,0,7592118,7592118,2942
57499,241,842,1084,2,0,11200,0,0,0,7594077,7594077,2942
57515,241,908,1084,2,0,11200,0,0,0,7596000,7596000,2942
57530,241,956,1084,2,0,11200,0,0,0,7597213,7597213,2942
57545,241,1013,1084,2,0,11200,0,0,0,7598605,7598605,2942
57561,242,1069,1084,2,0,11200,0,0,0,7600580,7600580,2942
57576,242,49,1084,2,0,11200,0,0,0,7602823,7602823,2942
57592,242,138,1084,2,0,11200,0,0,0,7605331,7605331,2942
57607,242,207,1084,2,0,11200,0,0,0,7607799,7607799,2942
57622,242,255,1084,2,0,11200,0,0,0,7609948,7609948,2942
57638,242,301,1084,2,0,11200,0,0,0,7612145,7612145,2942
57653,242,351,1084,2,0,11200,0,0,0,7614208,7614208,2942
57668,242,417,1084,2,0,11200,0,0,0,7616196,7616196,2942
57684,242,520,1084,2,0,11200,0,0,0,7618332,7618332,2942
57699,242,608,1084,2,0,11200,0,0,0,7620583,7620583,2942
57714,242,666,1084,2,0,11200,0,0,0,7622241,7622241,2942
57730,242,713,1084,2,0,11200,0,0,0,7624131,7624131,2942
57745,242,795,1084,2,0,11200,0,0,0,7626114,7626114,2942
57762,242,860,1084,2,0,11200,0,0,0,7627844,7627844,2942
57778,242,930,1084,2,0,11200,0,0,0,7629912,7629912,2942
57794,242,993,1084,2,0,11200,0,0,0,7632070,7632070,2942
57809,243,1061,1084,2,0,11200,0,0,0,7633923,7633923,2942
57825,243,71,1084,2,0,11200,0,0,0,7636154,7636154,2942
57840,243,135,1084,2,0,11200,0,0,0,7638394,7638394,2942
57855,243,183,1084,2,0,11200,0,0,0,7640696,7640696,2942
57870,243,243,1084,2,0,11200,0,0,0,7642553,7642553,2942
57885,243,288,1084,2,0,11200,0,0,0,7644725,7644725,2942
57900,243,334,1084,2,0,11200,0,0,0,7646443,7646443,2942
57915,243,426,1084,2,0,11200,0,0,0,7648608,7648608,2942
57930,243,503,1084,2,0,11200,0,0,0,7650724,7650724,2942
57946,243,568,1084,2,0,11200,0,0,0,7652927,7652927,2942
57961,243,617,1084,2,0,11200,0,0,0,7654759,7654759,2942
57976,243,676,1085,3,0,11200,0,0,0,7656203,7656203,2942
57992,243,716,1085,3,0,11200,0,0,0,7657806,7657806,2942
58007,243,810,1085,3,0,11200,0,0,0,7659740,7659740,2942
58022,243,899,1085,3,0,11200,0,0,0,7661604,7661604,2942
58038,243,964,1085,3,0,11200,0,0,0,7663341,7663341,2942
58054,243,1013,1085,3,0,11200,0,0,0,7664899,7664899,2942
58070,244,1080,1085,3,0,11200,0,0,0,7666881,7666881,2942
58086,244,104,1085,1,0,11200,0,0,0,7669384,7669384,2942
58101,244,147,1085,1,0,11200,0,0,0,7671422,7671422,2942
58116,244,204,1085,1,0,11200,0,0,0,7673806,7673806,2942
58131,244,253,1085,1,0,11200,0,0,0,7676015,7676015,2942
58146,244,307,1085,1,0,11200,0,0,0,7678162,7678162,2942
58162,244,367,1085,1,0,11200,0,0,0,7680276,7680276,2942
58177,244,443,1085,1,0,11200,0,0,0,7682597,7682597,2942
58192,244,531,1085,1,0,11200,0,0,0,7684821,7684821,2942
58207,244,613,1085,1,0,11200,0,0,0,7686914,7686914,2942
58222,244,667,1085,1,0,11200,0,0,0,7688679,7688679,2942
58238,244,717,1085,1,0,11200,0,0,0,7690413,7690413,2942
58253,244,778,1085,1,0,11200,0,0,0,7692221,7692221,2942
58268,244,876,1085,1,0,11200,0,0,0,7694120,7694120,2942
58284,244,925,1085,1,0,11200,0,0,0,7695722,7695722,2942
58299,244,1002,1085,1,0,11200,0,0,0,7697736,7697736,2942
58314,244,1040,1085,1,0,11200,0,0,0,7699153,7699153,2942
58330,245,13,1085,1,0,11200,0,0,0,7701080,7701080,2942
58345,245,105,1085,1,0,11200,0,0,0,7703564,7703564,2942
58360,245,148,1085,1,0,11200,0,0,0,7705801,7705801,2942
58376,245,204,1085,1,0,11200,0,0,0,7707991,7707991,2942
58391,245,254,1085,1,0,11200,0,0,0,7710147,7710147,2942
58407,245,292,1085,1,0,11200,0,0,0,7712176,7712176,2942
58422,245,347,1085,1,0,11200,0,0,0,7714353,7714353,2942
58437,245,418,1085,1,0,11200,0,0,0,7716636,7716636,2942
58453,245,503,1085,1,0,11200,0,0,0,7718700,7718700,2942
58468,245,564,1085,1,0,11200,0,0,0,7720895,7720895,2942
58483,245,642,1085,1,0,11200,0,0,0,7722985,7722985,2942
58499,245,681,1085,1,0,11200,0,0,0,7724381,7724381,2942
58514,245,733,1085,1,0,11200,0,0,0,7726245,7726245,2942
58530,245,836,1085,1,0,11200,0,0,0,7728136,7728136,2942
58545,245,908,1085,1,0,11200,0,0,0,7730127,7730127,2942
58560,245,997,1085,1,0,11200,0,0,0,7732245,7732245,2942
58577,245,1013,1085,1,0,11200,0,0,0,7732612,7732612,2942
58593,246,1071,1085,1,0,11200,0,0,0,7734580,7734580,2942
58608,246,71,1085,1,0,11200,0,0,0,7737000,7737000,2942
58623,246,138,1085,1,0,11200,0,0,0,7739159,7739159,2942
58638,246,201,1085,1,0,11200,0,0,0,7741567,7741567,2942
58654,246,252,1085,1,0,11200,0,0,0,7743822,7743822,2942
58669,246,300,1085,1,0,11200,0,0,0,7745811,7745811,2942
58684,246,363,1085,1,0,11200,0,0,0,7747986,7747986,2942
58699,246,436,1085,1,0,11200,0,0,0,7750284,7750284,2942
58714,246,525,1085,1,0,11200,0,0,0,7752499,7752499,2942
58730,246,598,1085,1,0,11200,0,0,0,7754565,7754565,2942
58745,246,668,1085,1,0,11200,0,0,0,7756291,7756291,2942
58760,246,720,1085,1,0,11200,0,0,0,7758070,7758070,2942
58775,246,808,1085,1,0,11200,0,0,0,7759816,7759816,2942
58791,246,889,1085,1,0,11200,0,0,0,7761695,7761695,2942
58806,246,953,1085,1,0,11200,0,0,0,7763398,7763398,2942
58821,246,1002,1085,1,0,11200,0,0,0,7765103,7765103,2942
58836,246,1050,1085,1,0,11200,0,0,0,7766632,7766632,2942
58851,247,28,1085,1,0,11200,0,0,0,7768758,7768758,2942
58866,247,129,1085,1,0,11200,0,0,0,7771273,7771273,2942
58882,247,184,1085,1,0,11200,0,0,0,7773593,7773593,2942
58897,247,242,1085,1,0,11200,0,0,0,7775929,7775929,2942
58913,247,283,1085,1,0,11200,0,0,0,7778149,7778149,2942
58929,247,329,1085,1,0,11200,0,0,0,7780258,7780258,2942
58944,247,403,1085,1,0,11200,0,0,0,7782439,7782439,2942
58959,247,504,1085,1,0,11200,0,0,0,7784731,7784731,2942
58974,247,574,1085,1,0,11200,0,0,0,7786932,7786932,2942
58989,247,644,1085,1,0,11200,0,0,0,7788546,7788546,2942
59005,247,701,1085,1,0,11200,0,0,0,7790246,7790246,2942
59020,247,762,1085,1,0,11200,0,0,0,7792257,7792257,2942
59035,247,845,1085,1,0,11200,0,0,0,7793854,7793854,2942
59050,247,923,1085,1,0,11200,0,0,0,7795527,7795527,2942
59066,247,993,1085,1,0,11200,0,0,0,7797550,7797550,2942
59084,247,1013,1085,1,0,11200,0,0,0,7798137,7798137,2942
59099,248,6,1085,0,0,11200,0,0,0,7800286,7800286,2942
59114,248,107,1085,0,0,11200,0,0,0,7802606,7802606,2942
59130,248,163,1085,0,0,11200,0,0,0,7805177,7805177,2942
59145,248,216,1085,0,0,11200,0,0,0,7807361,7807361,2942
59160,248,271,1085,0,0,11200,0,0,0,7809571,7809571,2942
59176,248,320,1085,0,0,11200,0,0,0,7811584,7811584,2942
59191,248,377,1085,0,0,11200,0,0,0,7813677,7813677,2942
59206,248,460,1085,0,0,11200,0,0,0,7815959,7815959,2942
59222,248,535,1085,0,0,11200,0,0,0,7817797,7817797,2942
59237,248,617,1085,0,0,11200,0,0,0,7819915,7819915,2942
59252,248,664,1085,0,0,11200,0,0,0,7821210,7821210,2942
59267,248,712,1085,0,0,11200,0,0,0,7822930,7822930,2942
59283,248,778,1086,1,0,11200,0,0,0,7824906,7824906,2942
59298,248,855,1086,1,0,11200,0,0,0,7826719,7826719,2942
59314,248,924,1086,1,0,11200,0,0,0,7828492,7828492,2942
59329,248,999,1086,1,0,11200,0,0,0,7830565,7830565,2942
59344,248,1013,1086,1,0,11200,0,0,0,7830972,7830972,2942
59359,249,1084,1086,1,0,11200,0,0,0,7832961,7832961,2942
59375,249,69,1086,1,0,11200,0,0,0,7835218,7835218,2942
59390,249,137,1086,1,0,11200,0,0,0,7837589,7837589,2942
59405,249,203,1086,1,0,11200,0,0,0,7839817,7839817,2942
59421,249,251,1086,1,0,11200,0,0,0,7842047,7842047,2942
59436,249,301,1086,1,0,11200,0,0,0,7844115,7844115,2942
59451,249,353,1087,2,0,11200,0,0,0,7846093,7846093,2943
59467,249,423,1087,2,0,11200,0,0,0,7848351,7848351,2943
59482,249,513,1087,2,0,11200,0,0,0,7850477,7850477,2943
59498,249,593,1087,2,0,11200,0,0,0,7852475,7852475,2943
59513,249,654,1087,2,0,11200,0,0,0,7854302,7854302,2943
59528,249,710,1087,2,0,11200,0,0,0,7856107,7856107,2943
59544,249,808,1087,2,0,11200,0,0,0,7858284,7858284,2943
59559,249,901,1087,2,0,11200,0,0,0,7860322,7860322,2943
59583,249,921,1087,2,0,11200,0,0,0,7860910,7860910,2943
59598,249,993,1087,2,0,11200,0,0,0,7862964,7862964,2943
59616,249,1050,1087,2,0,11200,0,0,0,7864831,7864831,2943
59631,250,26,1087,1,0,11200,0,0,0,7866951,7866951,2943
59646,250,116,1087,1,0,11200,0,0,0,7869525,7869525,2943
59662,250,176,1087,1,0,11200,0,0,0,7871781,7871781,2943
59677,250,238,1087,1,0,11200,0,0,0,7874000,7874000,2943
59693,250,280,1087,1,0,11200,0,0,0,7876276,7876276,2943
59708,250,341,1087,1,0,11200,0,0,0,7878265,7878265,2943
59724,250,403,1087,1,0,11200,0,0,0,7880153,7880153,2943
59739,250,503,1087,1,0,11200,0,0,0,7882288,7882288,2943
59754,250,571,1087,1,0,11200,0,0,0,7884510,7884510,2943
59769,250,641,1087,1,0,11200,0,0,0,7886158,7886158,2943
59785,250,693,1087,1,0,11200,0,0,0,7887864,7887864,2943
59800,250,754,1087,1,0,11200,0,0,0,7889932,7889932,2943
59816,250,836,1087,1,0,11200,0,0,0,7891876,7891876,2943
59833,250,920,1087,1,0,11200,0,0,0,7893833,7893833,2943
59848,250,989,1087,1,0,11200,0,0,0,7895818,7895818,2943
59870,250,1013,1087,1,0,11200,0,0,0,7896551,7896551,2943
59885,251,1071,1087,1,0,11200,0,0,0,7898559,7898559,2943
59900,251,111,1087,1,0,11200,0,0,0,7901260,7901260,2943
59915,251,167,1087,1,0,11200,0,0,0,7903716,7903716,2943
59930,251,226,1087,1,0,11200,0,0,0,7905968,7905968,2943
59945,251,276,1087,1,0,11200,0,0,0,7908045,7908045,2943
59960,251,334,1087,1,0,11200,0,0,0,7910102,7910102,2943
59976,251,396,1087,1,0,11200,0,0,0,7912132,7912132,2943
59991,251,462,1087,1,0,11200,0,0,0,7914326,7914326,2943
60007,251,541,1087,1,0,11200,0,0,0,7916504,7916504,2943
60022,251,594,1087,1,0,11200,0,0,0,7918507,7918507,2943
60037,251,653,1087,1,0,11200,0,0,0,7920157,7920157,2943
60052,251,700,1087,1,0,11200,0,0,0,7921735,7921735,2943
60067,251,762,1087,1,0,11200,0,0,0,7923600,7923600,2943
60082,251,858,1087,1,0,11200,0,0,0,7925676,7925676,2943
60097,251,924,1087,1,0,11200,0,0,0,7927340,7927340,2943
60112,251,990,1087,1,0,11200,0,0,0,7929179,7929179,2943
60128,251,1013,1087,1,0,11200,0,0,0,7929885,7929885,2943
60143,252,3,1087,1,0,11200,0,0,0,7931768,7931768,2943
60158,252,105,1087,1,0,11200,0,0,0,7934302,7934302,2943
60173,252,141,1087,1,0,11200,0,0,0,7936389,7936389,2943
60189,252,209,1087,1,0,11200,0,0,0,7938857,7938857,2943
60204,252,267,1087,1,0,11200,0,0,0,7941222,7941222,2943
60220,252,312,1087,1,0,11200,0,0,0,7943179,7943179,2943
60235,252,372,1087,1,0,11200,0,0,0,7945294,7945294,2943
60250,252,443,1087,1,0,11200,0,0,0,7947442,7947442,2943
60266,252,528,1087,1,0,11200,0,0,0,7949610,7949610,2943
60281,252,601,1087,1,0,11200,0,0,0,7951829,7951829,2943
60297,252,647,1087,1,0,11200,0,0,0,7953400,7953400,2943
60312,252,693,1087,1,0,11200,0,0,0,7954876,7954876,2943
60327,252,764,1087,1,0,11200,0,0,0,7956935,7956935,2943
60343,252,851,1087,1,0,11200,0,0,0,7958709,7958709,2943
60362,252,920,1087,1,0,11200,0,0,0,7960466,7960466,2943
60378,252,996,1087,1,0,11200,0,0,0,7962517,7962517,2943
60397,252,1013,1087,1,0,11200,0,0,0,7963169,7963169,2943
60413,253,1080,1087,1,0,11200,0,0,0,7965027,7965027,2943
60428,253,103,1087,1,0,11200,0,0,0,7967475,7967475,2943
60443,253,161,1087,1,0,11200,0,0,0,7969802,7969802,2943
60459,253,227,1087,1,0,11200,0,0,0,7972062,7972062,2943
60474,253,285,1087,1,0,11200,0,0,0,7974140,7974140,2943
60489,253,338,1087,1,0,11200,0,0,0,7976080,7976080,2943
60505,253,396,1088,2,0,11200,0,0,0,7977893,7977893,2943
60520,253,466,1088,2,0,11200,0,0,0,7979951,7979951,2943
60535,253,544,1088,2,0,11200,0,0,0,7982165,7982165,2943
60550,253,616,1088,2,0,11200,0,0,0,7984340,7984340,2943
60566,253,679,1088,2,0,11200,0,0,0,7985962,7985962,2943
60581,253,727,1088,2,0,11200,0,0,0,7987739,7987739,2943
60596,253,836,1088,2,0,11200,0,0,0,7989549,7989549,2943
60612,253,909,1088,2,0,11200,0,0,0,7991600,7991600,2943
60627,253,1002,1088,2,0,11200,0,0,0,7993699,7993699,2943
60642,253,1028,1088,2,0,11200,0,0,0,7994746,7994746,2943
60657,254,16,1088,2,0,11200,0,0,0,7996867,7996867,2943
60673,254,114,1088,2,0,11200,0,0,0,7999439,7999439,2943
60688,254,161,1089,3,0,11200,0,0,0,8001731,8001731,2943
60703,254,212,1089,3,0,11200,0,0,0,8004025,8004025,2943
60719,254,266,1089,3,0,11200,0,0,0,8006255,8006255,2943
60734,254,316,1089,3,0,11200,0,0,0,8008312,8008312,2943
60749,254,377,1089,3,0,11200,0,0,0,8010291,8010291,2943
60764,254,461,1089,3,0,11200,0,0,0,8012453,8012453,2943
60780,254,543,1089,3,0,11200,0,0,0,8014779,8014779,2943
60795,254,629,1089,3,0,11200,0,0,0,8016972,8016972,2943
60811,254,653,1089,3,0,11200,0,0,0,8017730,8017730,2943
60826,254,712,1089,3,0,11200,0,0,0,8019385,8019385,2943
60841,254,772,1089,3,0,11200,0,0,0,8021407,8021407,2943
60856,254,846,1089,3,0,11200,0,0,0,8023201,8023201,2943
60872,254,920,1089,3,0,11200,0,0,0,8025021,8025021,2943
60888,254,990,1089,3,0,11200,0,0,0,8027130,8027130,2943
60913,254,1013,1089,3,0,11200,0,0,0,8027691,8027691,2943
60928,255,1071,1089,3,0,11200,0,0,0,8029281,8029281,2943
60944,255,74,1089,2,0,11200,0,0,0,8031924,8031924,2943
60959,255,139,1089,2,0,11200,0,0,0,8034200,8034200,2943
60975,255,200,1089,2,0,11200,0,0,0,8036590,8036590,2943
60990,255,251,1089,2,0,11200,0,0,0,8039139,8039139,2943
61005,255,292,1089,2,0,11200,0,0,0,8041138,8041138,2943
61021,255,348,1089,2,0,11200,0,0,0,8043274,8043274,2943
61036,255,429,1089,2,0,11200,0,0,0,8045617,8045617,2943
61052,255,508,1089,2,0,11200,0,0,0,8047853,8047853,2943
61067,255,578,1089,2,0,11200,0,0,0,8049945,8049945,2943
61082,255,651,1089,2,0,11200,0,0,0,8051663,8051663,2943
61097,255,700,1089,2,0,11200,0,0,0,8053329,8053329,2943
61113,255,769,1089,2,0,11200,0,0,0,8055278,8055278,2943
61128,255,855,1089,2,0,11200,0,0,0,8057068,8057068,2943
61143,255,918,1089,2,0,11200,0,0,0,8058860,8058860,2943
61159,255,971,1089,2,0,11200,0,0,0,8060251,8060251,2943
61178,255,1013,1089,2,0,11200,0,0,0,8061382,8061382,2943
61193,256,1068,1089,2,0,11200,0,0,0,8063237,8063237,2943
61208,256,104,1089,2,0,11200,0,0,0,8065819,8065819,2943
61223,256,164,1089,2,0,11200,0,0,0,8068174,8068174,2943
61239,256,213,1089,2,0,11200,0,0,0,8070373,8070373,2943
61254,256,268,1089,2,0,11200,0,0,0,8072659,8072659,2943
61269,256,315,1089,2,0,11200,0,0,0,8074731,8074731,2943
61285,256,369,1089,2,0,11200,0,0,0,8076784,8076784,2943
61301,256,451,1089,2,0,11200,0,0,0,8078991,8078991,2943
61316,256,559,1089,2,0,11200,0,0,0,8081292,8081292,2943
61331,256,633,1089,2,0,11200,0,0,0,8083376,8083376,2943
61346,256,692,1089,2,0,11200,0,0,0,8084650,8084650,2943
61361,256,769,1089,2,0,11200,0,0,0,8086528,8086528,2943
61377,256,875,1089,2,0,11200,0,0,0,8088526,8088526,2943
61392,256,930,1089,2,0,11200,0,0,0,8090424,8090424,2943
61407,256,1010,1089,2,0,11200,0,0,0,8092427,8092427,2943
61423,256,1031,1089,2,0,11200,0,0,0,8093145,8093145,2943
61438,257,14,1089,2,0,11200,0,0,0,8095193,8095193,2943
61454,257,118,1089,2,0,11200,0,0,0,8097489,8097489,2943
61469,257,168,1089,2,0,11200,0,0,0,8099865,8099865,2943
61484,257,235,1089,2,0,11200,0,0,0,8102109,8102109,2943
61499,257,280,1089,2,0,11200,0,0,0,8104360,8104360,2943
61515,257,324,1089,2,0,11200,0,0,0,8106384,8106384,2943
61530,257,397,1089,2,0,11200,0,0,0,8108439,8108439,2943
61545,257,498,1089,2,0,11200,0,0,0,8110760,8110760,2943
61561,257,556,1089,2,0,11200,0,0,0,8113000,8113000,2943
61577,257,627,1089,2,0,11200,0,0,0,8114927,8114927,2943
61592,257,668,1089,2,0,11200,0,0,0,8116319,8116319,2943
61607,257,727,1089,2,0,11200,0,0,0,8118153,8118153,2943
61622,257,814,1089,2,0,11200,0,0,0,8120094,8120094,2943
61637,257,907,1089,2,0,11200,0,0,0,8122004,8122004,2943
61652,257,989,1089,2,0,11200,0,0,0,8123997,8123997,2943
61668,257,1021,1089,2,0,11200,0,0,0,8124911,8124911,2943
61683,258,1080,1089,2,0,11200,0,0,0,8126567,8126567,2943
61698,258,103,1089,2,0,11200,0,0,0,8129124,8129124,2943
61714,258,148,1089,2,0,11200,0,0,0,8131243,8131243,2943
61729,258,213,1089,2,0,11200,0,0,0,8133650,8133650,2943
61745,258,267,1089,2,0,11200,0,0,0,8135878,8135878,2943
61760,258,308,1089,2,0,11200,0,0,0,8138110,8138110,2943
61776,258,378,1089,2,0,11200,0,0,0,8140259,8140259,2943
61791,258,440,1089,2,0,11200,0,0,0,8142351,8142351,2943
61806,258,541,1089,2,0,11200,0,0,0,8144580,8144580,2943
61821,258,612,1089,2,0,11200,0,0,0,8146560,8146560,2943
61837,258,671,1089,2,0,11200,0,0,0,8148144,8148144,2943
61852,258,732,1089,2,0,11200,0,0,0,8150145,8150145,2943
61867,258,832,1089,2,0,11200,0,0,0,8152131,8152131,2943
61883,258,908,1089,2,0,11200,0,0,0,8154205,8154205,2943
61902,258,921,1089,2,0,11200,0,0,0,8154574,8154574,2943
61917,258,997,1089,2,0,11200,0,0,0,8156668,8156668,2943
61933,258,1031,1089,2,0,11200,0,0,0,8157684,8157684,2943
61948,259,6,1089,2,0,11200,0,0,0,8159559,8159559,2943
61963,259,104,1089,2,0,11200,0,0,0,8162001,8162001,2943
61978,259,156,1089,2,0,11200,0,0,0,8164155,8164155,2943
61994,259,209,1089,2,0,11200,0,0,0,8166477,8166477,2943
62009,259,260,1089,2,0,11200,0,0,0,8168729,8168729,2943
62024,259,306,1089,2,0,11200,0,0,0,8170943,8170943,2943
62040,259,377,1089,2,0,11200,0,0,0,8173082,8173082,2943
62055,259,488,1089,2,0,11200,0,0,0,8175244,8175244,2943
62070,259,560,1089,2,0,11200,0,0,0,8177426,8177426,2943
62085,259,617,1089,2,0,11200,0,0,0,8179534,8179534,2943
62100,259,696,1089,2,0,11200,0,0,0,8181400,8181400,2943
62116,259,761,1089,2,0,11200,0,0,0,8183416,8183416,2943
62131,259,852,1089,2,0,11200,0,0,0,8185216,8185216,2943
62147,259,930,1089,2,0,11200,0,0,0,8187140,8187140,2943
62164,259,1013,1089,2,0,11200,0,0,0,8188927,8188927,2943
62179,260,1084,1089,2,0,11200,0,0,0,8190868,8190868,2943
62194,260,105,1089,2,0,11200,0,0,0,8193230,8193230,2943
62209,260,163,1089,2,0,11200,0,0,0,8195601,8195601,2943
62224,260,216,1089,2,0,11200,0,0,0,8197838,8197838,2943
62239,260,266,1089,2,0,11200,0,0,0,8199934,8199934,2943
62254,260,312,1089,2,0,11200,0,0,0,8202000,8202000,2943
62270,260,376,1089,2,0,11200,0,0,0,8204028,8204028,2943
62285,260,441,1089,2,0,11200,0,0,0,8206187,8206187,2943
62300,260,528,1089,2,0,11200,0,0,0,8208210,8208210,2943
62315,260,593,1089,2,0,11200,0,0,0,8210343,8210343,2943
62330,260,664,1089,2,0,11200,0,0,0,8212286,8212286,2943
62345,260,711,1089,2,0,11200,0,0,0,8214004,8214004,2943
62360,260,771,1089,2,0,11200,0,0,0,8215800,8215800,2943
62376,260,860,1089,2,0,11200,0,0,0,8217840,8217840,2943
62391,260,935,1089,2,0,11200,0,0,0,8219523,8219523,2943
62407,260,1009,1089,2,0,11200,0,0,0,8221383,8221383,2943
62422,261,1060,1089,2,0,11200,0,0,0,8223041,8223041,2943
62437,261,71,1089,2,0,11200,0,0,0,8225268,8225268,2943
62453,261,146,1089,2,0,11200,0,0,0,8227353,8227353,2943
62468,261,204,1089,2,0,11200,0,0,0,8229644,8229644,2943
62483,261,252,1089,2,0,11200,0,0,0,8231943,8231943,2943
62498,261,292,1089,2,0,11200,0,0,0,8234038,8234038,2943
62514,261,342,1089,2,0,11200,0,0,0,8235909,8235909,2943
62529,261,416,1089,2,0,11200,0,0,0,8238118,8238118,2943
62544,261,505,1089,2,0,11200,0,0,0,8240306,8240306,2943
62560,261,581,1089,2,0,11200,0,0,0,8242633,8242633,2943
62575,261,651,1089,2,0,11200,0,0,0,8244455,8244455,2943
62591,261,689,1090,3,0,11200,0,0,0,8245978,8245978,2943
62606,261,756,1090,3,0,11200,0,0,0,8247840,8247840,2943
62621,261,861,1090,3,0,11200,0,0,0,8249858,8249858,2943
62640,261,920,1090,3,0,11200,0,0,0,8251567,8251567,2943
62655,261,999,1090,3,0,11200,0,0,0,8253385,8253385,2943
62671,261,1031,1090,3,0,11200,0,0,0,8254395,8254395,2943
62686,262,8,1090,3,0,11200,0,0,0,8256315,8256315,2943
62701,262,119,1090,3,0,11200,0,0,0,8258803,8258803,2943
62716,262,180,1090,3,0,11200,0,0,0,8261318,8261318,2943
62732,262,242,1090,3,0,11200,0,0,0,8263490,8263490,2943
62747,262,286,1090,3,0,11200,0,0,0,8265709,8265709,2943
62762,262,334,1090,3,0,11200,0,0,0,8267786,8267786,2943
62778,262,396,1090,3,0,11200,0,0,0,8269763,8269763,2943
62793,262,461,1090,3,0,11200,0,0,0,8271959,8271959,2943
62808,262,541,1090,3,0,11200,0,0,0,8274116,8274116,2943
62823,262,614,1090,3,0,11200,0,0,0,8276272,8276272,2943
62838,262,685,1090,3,0,11200,0,0,0,8278068,8278068,2943
62853,262,755,1090,3,0,11200,0,0,0,8279953,8279953,2943
62869,262,846,1090,3,0,11200,0,0,0,8281867,8281867,2943
62884,262,911,1090,3,0,11200,0,0,0,8283933,8283933,2943
62899,262,985,1090,3,0,11200,0,0,0,8285474,8285474,2943
62915,262,1042,1090,3,0,11200,0,0,0,8287176,8287176,2943
62930,263,10,1090,3,0,11200,0,0,0,8288996,8288996,2943
62945,263,111,1090,3,0,11200,0,0,0,8291633,8291633,2943
62960,263,167,1090,3,0,11200,0,0,0,8293915,8293915,2943
62975,263,232,1090,3,0,11200,0,0,0,8296025,8296025,2943
62991,263,283,1090,3,0,11200,0,0,0,8298262,8298262,2943
63006,263,341,1090,3,0,11200,0,0,0,8300437,8300437,2943
63021,263,402,1090,3,0,11200,0,0,0,8302455,8302455,2943
63036,263,483,1090,3,0,11200,0,0,0,8304515,8304515,2943
63052,263,571,1090,3,0,11200,0,0,0,8306742,8306742,2943
63067,263,644,1090,3,0,11200,0,0,0,8308917,8308917,2943
63082,263,693,1090,3,0,11200,0,0,0,8310368,8310368,2943
63097,263,756,1090,3,0,11200,0,0,0,8312193,8312193,2943
63112,263,844,1090,3,0,11200,0,0,0,8313964,8313964,2943
63128,263,911,1090,3,0,11200,0,0,0,8315894,8315894,2943
63143,263,984,1090,3,0,11200,0,0,0,8317610,8317610,2943
63158,263,1040,1090,3,0,11200,0,0,0,8319474,8319474,2943
63173,264,18,1090,3,0,11200,0,0,0,8321482,8321482,2943
63188,264,113,1090,3,0,11200,0,0,0,8324010,8324010,2943
63204,264,168,1090,3,0,11200,0,0,0,8326319,8326319,2943
63219,264,229,1090,3,0,11200,0,0,0,8328668,8328668,2943
63234,264,280,1090,3,0,11200,0,0,0,8330943,8330943,2943
63249,264,327,1090,3,0,11200,0,0,0,8333099,8333099,2943
63265,264,423,1090,3,0,11200,0,0,0,8335421,8335421,2943
63281,264,503,1090,3,0,11200,0,0,0,8337631,8337631,2943
63296,264,571,1090,3,0,11200,0,0,0,8339734,8339734,2943
63312,264,653,1090,3,0,11200,0,0,0,8341762,8341762,2943
63327,264,708,1090,3,0,11200,0,0,0,8343379,8343379,2943
63342,264,789,1090,3,0,11200,0,0,0,8345375,8345375,2943
63358,264,889,1090,3,0,11200,0,0,0,8347535,8347535,2943
63373,264,947,1090,3,0,11200,0,0,0,8348911,8348911,2943
63388,264,1021,1090,3,0,11200,0,0,0,8350756,8350756,2943
63403,265,8,1090,3,0,11200,0,0,0,8352952,8352952,2943
63419,265,106,1090,3,0,11200,0,0,0,8355439,8355439,2943
63434,265,152,1090,3,0,11200,0,0,0,8357943,8357943,2943
63449,265,207,1090,3,0,11200,0,0,0,8360150,8360150,2943
63465,265,264,1090,3,0,11200,0,0,0,8362512,8362512,2943
63480,265,307,1090,3,0,11200,0,0,0,8364638,8364638,2943
63495,265,370,1090,3,0,11200,0,0,0,8366782,8366782,2943
63510,265,440,1090,3,0,11200,0,0,0,8368784,8368784,2943
63526,265,523,1090,3,0,11200,0,0,0,8370960,8370960,2943
63541,265,594,1090,3,0,11200,0,0,0,8372995,8372995,2943
63556,265,657,1090,3,0,11200,0,0,0,8374901,8374901,2943
63571,265,709,1090,3,0,11200,0,0,0,8376458,8376458,2943
63586,265,761,1090,3,0,11200,0,0,0,8378279,8378279,2943
63603,265,842,1090,3,0,11200,0,0,0,8380139,8380139,2943
63619,265,920,1090,3,0,11200,0,0,0,8382203,8382203,2943
63634,265,953,1090,3,0,11200,0,0,0,8383134,8383134,2943
63657,265,1013,1090,3,0,11200,0,0,0,8384863,8384863,2943
63672,266,1069,1090,3,0,11200,0,0,0,8386733,8386733,2943
63687,266,31,1090,3,0,11200,0,0,0,8388924,8388924,2943
63702,266,127,1090,3,0,11200,0,0,0,8391356,8391356,2943
63718,266,171,1090,3,0,11200,0,0,0,8393642,8393642,2943
63734,266,229,1090,3,0,11200,0,0,0,8395960,8395960,2943
63749,266,282,1090,3,0,11200,0,0,0,8398301,8398301,2943
63764,266,327,1090,3,0,11200,0,0,0,8400252,8400252,2943
63779,266,378,1090,3,0,11200,0,0,0,8402338,8402338,2943
63794,266,451,1090,3,0,11200,0,0,0,8404326,8404326,2943
63810,266,553,1090,3,0,11200,0,0,0,8406671,8406671,2943
63825,266,633,1090,3,0,11200,0,0,0,8408622,8408622,2943
63841,266,676,1090,3,0,11200,0,0,0,8409982,8409982,2943
63857,266,719,1090,3,0,11200,0,0,0,8411787,8411787,2943
63872,266,802,1090,3,0,11200,0,0,0,8413681,8413681,2943
63887,266,901,1090,3,0,11200,0,0,0,8415566,8415566,2943
63902,266,985,1090,3,0,11200,0,0,0,8417603,8417603,2943
63926,266,1013,1091,4,0,11200,0,0,0,8418800,8418800,2943
63941,267,13,1091,3,0,11200,0,0,0,8420963,8420963,2943
63956,267,116,1091,3,0,11200,0,0,0,8423259,8423259,2943
63972,267,172,1091,3,0,11200,0,0,0,8425500,8425500,2943
63987,267,232,1091,3,0,11200,0,0,0,8427749,8427749,2943
64002,267,281,1091,3,0,11200,0,0,0,8430000,8430000,2943
64017,267,344,1091,3,0,11200,0,0,0,8432110,8432110,2943
64032,267,416,1091,3,0,11200,0,0,0,8434044,8434044,2943
64048,267,503,1091,3,0,11200,0,0,0,8436344,8436344,2943
64063,267,564,1091,3,0,11200,0,0,0,8438624,8438624,2943
64078,267,642,1091,3,0,11200,0,0,0,8440711,8440711,2943
64094,267,693,1091,3,0,11200,0,0,0,8442323,8442323,2943
64109,267,739,1091,3,0,11200,0,0,0,8444238,8444238,2943
64124,267,832,1091,3,0,11200,0,0,0,8446029,8446029,2943
64141,267,904,1091,3,0,11200,0,0,0,8447976,8447976,2943
64156,267,954,1091,3,0,11200,0,0,0,8449548,8449548,2943
64182,267,1013,1091,3,0,11200,0,0,0,8451073,8451073,2943
64197,268,1069,1091,3,0,11200,0,0,0,8452662,8452662,2943
64213,268,32,1091,3,0,11200,0,0,0,8454878,8454878,2943
64228,268,132,1091,3,0,11200,0,0,0,8457373,8457373,2943
64244,268,201,1091,3,0,11200,0,0,0,8459806,8459806,2943
64259,268,246,1091,3,0,11200,0,0,0,8462026,8462026,2943
64274,268,297,1091,3,0,11200,0,0,0,8464325,8464325,2943
64290,268,350,1091,3,0,11200,0,0,0,8466344,8466344,2943
64305,268,414,1091,3,0,11200,0,0,0,8468519,8468519,2943
64320,268,488,1091,3,0,11200,0,0,0,8470713,8470713,2943
64335,268,552,1091,3,0,11200,0,0,0,8472969,8472969,2943
64350,268,617,1091,3,0,11200,0,0,0,8475007,8475007,2943
64366,268,676,1091,3,0,11200,0,0,0,8476582,8476582,2943
64381,268,719,1091,3,0,11200,0,0,0,8478205,8478205,2943
64396,268,808,1091,3,0,11200,0,0,0,8480107,8480107,2943
64411,268,894,1091,3,0,11200,0,0,0,8482019,8482019,2943
64426,268,926,1091,3,0,11200,0,0,0,8483200,8483200,2943
64441,268,1002,1091,3,0,11200,0,0,0,8485160,8485160,2943
64458,268,1034,1091,3,0,11200,0,0,0,8486214,8486214,2943
64473,269,12,1091,2,0,11200,0,0,0,8488140,8488140,2943
64488,269,112,1091,2,0,11200,0,0,0,8490630,8490630,2943
64503,269,163,1091,2,0,11200,0,0,0,8492803,8492803,2943
64518,269,225,1091,2,0,11200,0,0,0,8494923,8494923,2943
64533,269,270,1091,2,0,11200,0,0,0,8497102,8497102,2943
64548,269,305,1091,2,0,11200,0,0,0,8498863,8498863,2943
64564,269,369,1091,2,0,11200,0,0,0,8501140,8501140,2943
64579,269,462,1091,2,0,11200,0,0,0,8503353,8503353,2943
64595,269,552,1091,2,0,11200,0,0,0,8505705,8505705,2943
64610,269,614,1091,2,0,11200,0,0,0,8507638,8507638,2943
64625,269,685,1091,2,0,11200,0,0,0,8509439,8509439,2943
64641,269,754,1091,2,0,11200,0,0,0,8511328,8511328,2943
64656,269,851,1091,2,0,11200,0,0,0,8513299,8513299,2943
64671,269,920,1091,2,0,11200,0,0,0,8515218,8515218,2943
64687,269,993,1091,2,0,11200,0,0,0,8517340,8517340,2943
64702,269,1038,1091,2,0,11200,0,0,0,8518596,8518596,2943
64717,270,19,1091,2,0,11200,0,0,0,8520833,8520833,2943
64733,270,122,1091,2,0,11200,0,0,0,8523256,8523256,2943
64748,270,176,1091,2,0,11200,0,0,0,8525517,8525517,2943
64764,270,232,1091,2,0,11200,0,0,0,8527723,8527723,2943
64779,270,282,1091,2,0,11200,0,0,0,8529837,8529837,2943
64794,270,340,1091,2,0,11200,0,0,0,8531902,8531902,2943
64809,270,426,1091,2,0,11200,0,0,0,8534259,8534259,2943
64825,270,504,1091,2,0,11200,0,0,0,8536413,8536413,2943
64840,270,571,1092,3,0,11200,0,0,0,8538774,8538774,2948
64855,270,646,1092,3,0,11200,0,0,0,8540845,8540845,2948
64871,270,690,1092,3,0,11200,0,0,0,8542236,8542236,2948
64887,270,730,1092,3,0,11200,0,0,0,8544018,8544018,2948
64902,270,829,1092,3,0,11200,0,0,0,8545863,8545863,2948
64917,270,917,1092,3,0,11200,0,0,0,8547947,8547947,2948
64933,270,956,1092,3,0,11200,0,0,0,8549223,8549223,2948
64948,270,1031,1092,3,0,11200,0,0,0,8551129,8551129,2948
64963,271,6,1092,2,0,11200,0,0,0,8553125,8553125,2948
64978,271,112,1092,2,0,11200,0,0,0,8555769,8555769,2948
64994,271,168,1092,2,0,11200,0,0,0,8558231,8558231,2948
65009,271,229,1092,2,0,11200,0,0,0,8560544,8560544,2948
65024,271,266,1092,2,0,11200,0,0,0,8562664,8562664,2948
65039,271,304,1092,2,0,11200,0,0,0,8564547,8564547,2948
65054,271,351,1092,2,0,11200,0,0,0,8566650,8566650,2948
65069,271,441,1092,2,0,11200,0,0,0,8568800,8568800,2948
65084,271,546,1092,2,0,11200,0,0,0,8571153,8571153,2948
65099,271,616,1092,2,0,11200,0,0,0,8573368,8573368,2948
65115,271,679,1092,2,0,11200,0,0,0,8575003,8575003,2948
65130,271,732,1092,2,0,11200,0,0,0,8576592,8576592,2948
65146,271,828,1092,2,0,11200,0,0,0,8578396,8578396,2948
65161,271,908,1092,2,0,11200,0,0,0,8580324,8580324,2948
65176,271,932,1092,2,0,11200,0,0,0,8581065,8581065,2948
65191,271,1012,1092,2,0,11200,0,0,0,8582965,8582965,2948
65207,271,1024,1092,2,0,11200,0,0,0,8583442,8583442,2948
65222,272,13,1093,3,0,11200,0,0,0,8585612,8585612,2949
65238,272,118,1093,3,0,11200,0,0,0,8588230,8588230,2949
65254,272,172,1093,3,0,11200,0,0,0,8590638,8590638,2949
65269,272,235,1093,3,0,11200,0,0,0,8592807,8592807,2949
65284,272,282,1093,3,0,11200,0,0,0,8595029,8595029,2949
65299,272,326,1093,3,0,11200,0,0,0,8596957,8596957,2949
65314,272,396,1093,3,0,11200,0,0,0,8599144,8599144,2949
65330,272,483,1093,3,0,11200,0,0,0,8601446,8601446,2949
65345,272,580,1093,3,0,11200,0,0,0,8603749,8603749,2949
65360,272,662,1093,3,0,11200,0,0,0,8605728,8605728,2949
65375,272,712,1093,3,0,11200,0,0,0,8607453,8607453,2949
65391,272,795,1093,3,0,11200,0,0,0,8609400,8609400,2949
65406,272,860,1094,4,0,11200,0,0,0,8611088,8611088,2949
65424,272,920,1094,4,0,11200,0,0,0,8612706,8612706,2949
65439,272,989,1094,4,0,11200,0,0,0,8614476,8614476,2949
65454,272,1018,1094,4,0,11200,0,0,0,8615390,8615390,2949
65470,273,8,1094,3,0,11200,0,0,0,8617591,8617591,2949
65485,273,106,1094,3,0,11200,0,0,0,8620122,8620122,2949
65500,273,149,1094,3,0,11200,0,0,0,8622501,8622501,2949
65516,273,212,1094,3,0,11200,0,0,0,8624909,8624909,2949
65531,273,256,1094,3,0,11200,0,0,0,8627153,8627153,2949
65546,273,303,1094,3,0,11200,0,0,0,8629444,8629444,2949
65561,273,371,1094,3,0,11200,0,0,0,8631579,8631579,2949
65576,273,449,1094,3,0,11200,0,0,0,8633867,8633867,2949
65592,273,523,1094,3,0,11200,0,0,0,8635986,8635986,2949
65607,273,609,1094,3,0,11200,0,0,0,8638195,8638195,2949
65622,273,654,1094,3,0,11200,0,0,0,8639910,8639910,2949
65638,273,703,1094,3,0,11200,0,0,0,8641402,8641402,2949
65653,273,762,1094,3,0,11200,0,0,0,8643174,8643174,2949
65669,273,838,1094,3,0,11200,0,0,0,8644548,8644548,2949
65685,273,920,1094,3,0,11200,0,0,0,8646272,8646272,2949
65700,273,1008,1094,3,0,11200,0,0,0,8648242,8648242,2949
65715,273,1043,1094,3,0,11200,0,0,0,8649455,8649455,2949
65730,274,25,1094,3,0,11200,0,0,0,8651637,8651637,2949
65745,274,122,1094,3,0,11200,0,0,0,8654146,8654146,2949
65760,274,171,1094,3,0,11200,0,0,0,8656331,8656331,2949
65776,274,239,1094,3,0,11200,0,0,0,8658573,8658573,2949
65791,274,283,1094,3,0,11200,0,0,0,8660711,8660711,2949
65806,274,343,1094,3,0,11200,0,0,0,8662945,8662945,2949
65821,274,403,1094,3,0,11200,0,0,0,8664953,8664953,2949
65836,274,503,1094,3,0,11200,0,0,0,8667203,8667203,2949
65852,274,568,1094,3,0,11200,0,0,0,8669321,8669321,2949
65868,274,642,1094,3,0,11200,0,0,0,8671235,8671235,2949
65883,274,693,1094,3,0,11200,0,0,0,8672836,8672836,2949
65898,274,750,1094,3,0,11200,0,0,0,8674771,8674771,2949
65915,274,845,1094,3,0,11200,0,0,0,8676795,8676795,2949
65931,274,917,1094,3,0,11200,0,0,0,8678893,8678893,2949
65953,274,921,1094,3,0,11200,0,0,0,8679138,8679138,2949
65968,274,983,1094,3,0,11200,0,0,0,8680932,8680932,2949
65984,274,1053,1094,3,0,11200,0,0,0,8682915,8682915,2949
65999,275,68,1094,3,0,11200,0,0,0,8685233,8685233,2949
66015,275,146,1094,3,0,11200,0,0,0,8687565,8687565,2949
66030,275,204,1094,3,0,11200,0,0,0,8689841,8689841,2949
66045,275,253,1094,3,0,11200,0,0,0,8691800,8691800,2949
66061,275,301,1094,3,0,11200,0,0,0,8694133,8694133,2949
66076,275,369,1094,3,0,11200,0,0,0,8696252,8696252,2949
66092,275,436,1094,3,0,11200,0,0,0,8698342,8698342,2949
66107,275,541,1094,3,0,11200,0,0,0,8700755,8700755,2949
66122,275,612,1094,3,0,11200,0,0,0,8702854,8702854,2949
66137,275,674,1094,3,0,11200,0,0,0,8704658,8704658,2949
66152,275,732,1094,3,0,11200,0,0,0,8706443,8706443,2949
66168,275,829,1094,3,0,11200,0,0,0,8708410,8708410,2949
66183,275,890,1094,3,0,11200,0,0,0,8710127,8710127,2949
66198,275,961,1094,3,0,11200,0,0,0,8711909,8711909,2949
66217,275,1013,1094,3,0,11200,0,0,0,8713283,8713283,2949
66232,276,1075,1094,3,0,11200,0,0,0,8715162,8715162,2949
66248,276,80,1094,3,0,11200,0,0,0,8717744,8717744,2949
66263,276,137,1094,3,0,11200,0,0,0,8720115,8720115,2949
66278,276,204,1094,3,0,11200,0,0,0,8722444,8722444,2949
66293,276,259,1094,3,0,11200,0,0,0,8724769,8724769,2949
66309,276,305,1094,3,0,11200,0,0,0,8726963,8726963,2949
66325,276,366,1094,3,0,11200,0,0,0,8729280,8729280,2949
66340,276,440,1094,3,0,11200,0,0,0,8731467,8731467,2949
66355,276,541,1094,3,0,11200,0,0,0,8733656,8733656,2949
66370,276,613,1094,3,0,11200,0,0,0,8735815,8735815,2949
66385,276,668,1094,3,0,11200,0,0,0,8737274,8737274,2949
66400,276,723,1094,3,0,11200,0,0,0,8739040,8739040,2949
66416,276,808,1094,3,0,11200,0,0,0,8740997,8740997,2949
66432,276,891,1094,3,0,11200,0,0,0,8742926,8742926,2949
66447,276,935,1094,3,0,11200,0,0,0,8744305,8744305,2949
66463,276,1010,1094,3,0,11200,0,0,0,8746322,8746322,2949
66478,277,1069,1094,3,0,11200,0,0,0,8748395,8748395,2949
66494,277,32,1094,3,0,11200,0,0,0,8750554,8750554,2949
66509,277,133,1094,3,0,11200,0,0,0,8752876,8752876,2949
66524,277,203,1094,3,0,11200,0,0,0,8755155,8755155,2949
66540,277,254,1094,3,0,11200,0,0,0,8757355,8757355,2949
66555,277,305,1094,3,0,11200,0,0,0,8759471,8759471,2949
66570,277,371,1094,3,0,11200,0,0,0,8761571,8761571,2949
66585,277,452,1094,3,0,11200,0,0,0,8763938,8763938,2949
66600,277,532,1094,3,0,11200,0,0,0,8766221,8766221,2949
66616,277,642,1094,3,0,11200,0,0,0,8768322,8768322,2949
66631,277,693,1094,3,0,11200,0,0,0,8769943,8769943,2949
66646,277,762,1094,3,0,11200,0,0,0,8771933,8771933,2949
66662,277,852,1094,3,0,11200,0,0,0,8773865,8773865,2949
66677,277,945,1094,3,0,11200,0,0,0,8775917,8775917,2949
66693,277,1011,1094,3,0,11200,0,0,0,8778054,8778054,2949
66708,277,1013,1094,3,0,11200,0,0,0,8778190,8778190,2949
66723,278,1086,1094,3,0,11200,0,0,0,8780186,8780186,2949
66738,278,103,1094,3,0,11200,0,0,0,8782599,8782599,2949
66754,278,152,1094,3,0,11200,0,0,0,8785039,8785039,2949
66769,278,207,1094,3,0,11200,0,0,0,8787183,8787183,2949
66784,278,259,1094,3,0,11200,0,0,0,8789463,8789463,2949
66799,278,312,1094,3,0,11200,0,0,0,8791461,8791461,2949
66815,278,372,1094,3,0,11200,0,0,0,8793622,8793622,2949
66830,278,433,1094,3,0,11200,0,0,0,8795677,8795677,2949
66846,278,503,1094,3,0,11200,0,0,0,8797817,8797817,2949
66861,278,568,1094,3,0,11200,0,0,0,8800132,8800132,2949
66876,278,653,1094,3,0,11200,0,0,0,8802103,8802103,2949
66891,278,703,1094,3,0,11200,0,0,0,8803701,8803701,2949
66907,278,757,1094,3,0,11200,0,0,0,8805595,8805595,2949
66922,278,851,1094,3,0,11200,0,0,0,8807351,8807351,2949
66941,278,920,1094,3,0,11200,0,0,0,8808753,8808753,2949
66956,278,1007,1094,3,0,11200,0,0,0,8810807,8810807,2949
66971,278,1013,1094,3,0,11200,0,0,0,8811179,8811179,2949
66986,279,1068,1094,3,0,11200,0,0,0,8812769,8812769,2949
67001,279,30,1094,3,0,11200,0,0,0,8814889,8814889,2949
67017,279,128,1094,3,0,11200,0,0,0,8817091,8817091,2949
67032,279,191,1094,3,0,11200,0,0,0,8819397,8819397,2949
67048,279,242,1094,3,0,11200,0,0,0,8821529,8821529,2949
67063,279,285,1094,3,0,11200,0,0,0,8823917,8823917,2949
67079,279,334,1094,3,0,11200,0,0,0,8825956,8825956,2949
67094,279,397,1094,3,0,11200,0,0,0,8828143,8828143,2949
67109,279,452,1094,3,0,11200,0,0,0,8830210,8830210,2949
67124,279,541,1094,3,0,11200,0,0,0,8832402,8832402,2949
67139,279,613,1094,3,0,11200,0,0,0,8834554,8834554,2949
67155,279,674,1094,3,0,11200,0,0,0,8836405,8836405,2949
67170,279,753,1094,3,0,11200,0,0,0,8838300,8838300,2949
67185,279,829,1094,3,0,11200,0,0,0,8840260,8840260,2949
67200,279,918,1094,3,0,11200,0,0,0,8842346,8842346,2949
67216,279,1010,1094,3,0,11200,0,0,0,8844295,8844295,2949
67231,279,1014,1094,3,0,11200,0,0,0,8844652,8844652,2949
67247,280,11,1094,3,0,11200,0,0,0,8846941,8846941,2949
67262,280,107,1094,3,0,11200,0,0,0,8849278,8849278,2949
67277,280,163,1094,3,0,11200,0,0,0,8851556,8851556,2949
67292,280,226,1094,3,0,11200,0,0,0,8853611,8853611,2949
67307,280,272,1094,3,0,11200,0,0,0,8855788,8855788,2949
67323,280,314,1094,3,0,11200,0,0,0,8857935,8857935,2949
67338,280,370,1094,3,0,11200,0,0,0,8859914,8859914,2949
67353,280,439,1094,3,0,11200,0,0,0,8862115,8862115,2949
67368,280,528,1094,3,0,11200,0,0,0,8864333,8864333,2949
67384,280,597,1094,3,0,11200,0,0,0,8866372,8866372,2949
67399,280,664,1094,3,0,11200,0,0,0,8868188,8868188,2949
67414,280,701,1094,3,0,11200,0,0,0,8869607,8869607,2949
67429,280,761,1094,3,0,11200,0,0,0,8871458,8871458,2949
67445,280,842,1094,3,0,11200,0,0,0,8873089,8873089,2949
67460,280,918,1094,3,0,11200,0,0,0,8875172,8875172,2949
67475,280,974,1094,3,0,11200,0,0,0,8876488,8876488,2949
67493,280,1013,1094,3,0,11200,0,0,0,8877556,8877556,2949
67509,281,1067,1094,3,0,11200,0,0,0,8879562,8879562,2949
67524,281,42,1094,3,0,11200,0,0,0,8881883,8881883,2949
67539,281,136,1094,3,0,11200,0,0,0,8884185,8884185,2949
67554,281,188,1094,3,0,11200,0,0,0,8886487,8886487,2949
67569,281,250,1094,3,0,11200,0,0,0,8888898,8888898,2949
67585,281,297,1094,3,0,11200,0,0,0,8891232,8891232,2949
67600,281,351,1094,3,0,11200,0,0,0,8893326,8893326,2949
67616,281,430,1094,3,0,11200,0,0,0,8895578,8895578,2949
67631,281,517,1094,3,0,11200,0,0,0,8897867,8897867,2949
67646,281,601,1094,3,0,11200,0,0,0,8900001,8900001,2949
67661,281,654,1094,3,0,11200,0,0,0,8901544,8901544,2949
67677,281,703,1094,3,0,11200,0,0,0,8903122,8903122,2949
67692,281,764,1094,3,0,11200,0,0,0,8904941,8904941,2949
67708,281,851,1094,3,0,11200,0,0,0,8906760,8906760,2949
67728,281,920,1094,3,0,11200,0,0,0,8908900,8908900,2949
67743,281,997,1094,3,0,11200,0,0,0,8910870,8910870,2949
67759,281,1033,1094,3,0,11200,0,0,0,8911980,8911980,2949
67774,282,16,1094,3,0,11200,0,0,0,8914085,8914085,2949
67789,282,116,1094,3,0,11200,0,0,0,8916585,8916585,2949
67804,282,180,1094,3,0,11200,0,0,0,8919200,8919200,2949
67820,282,229,1094,3,0,11200,0,0,0,8921310,8921310,2949
67835,282,282,1094,3,0,11200,0,0,0,8923552,8923552,2949
67850,282,329,1094,3,0,11200,0,0,0,8925577,8925577,2949
67865,282,388,1094,3,0,11200,0,0,0,8927604,8927604,2949
67881,282,480,1094,3,0,11200,0,0,0,8929743,8929743,2949
67896,282,553,1094,3,0,11200,0,0,0,8932097,8932097,2949
67912,282,632,1094,3,0,11200,0,0,0,8934062,8934062,2949
67928,282,692,1094,3,0,11200,0,0,0,8935657,8935657,2949
67944,282,756,1094,3,0,11200,0,0,0,8937604,8937604,2949
67960,282,845,1094,3,0,11200,0,0,0,8939328,8939328,2949
67975,282,929,1094,3,0,11200,0,0,0,8941311,8941311,2949
67991,282,1009,1094,3,0,11200,0,0,0,8943309,8943309,2949
68008,282,1013,1094,3,0,11200,0,0,0,8943606,8943606,2949
68024,283,1086,1094,3,0,11200,0,0,0,8945719,8945719,2949
68039,283,106,1094,3,0,11200,0,0,0,8947867,8947867,2949
68054,283,162,1094,3,0,11200,0,0,0,8950216,8950216,2949
68070,283,223,1094,3,0,11200,0,0,0,8952565,8952565,2949
68085,283,270,1094,3,0,11200,0,0,0,8954904,8954904,2949
68101,283,324,1094,3,0,11200,0,0,0,8956994,8956994,2949
68116,283,378,1094,3,0,11200,0,0,0,8958994,8958994,2949
68132,283,472,1094,3,0,11200,0,0,0,8961302,8961302,2949
68147,283,556,1094,3,0,11200,0,0,0,8963550,8963550,2949
68163,283,617,1094,3,0,11200,0,0,0,8965578,8965578,2949
68179,283,690,1094,3,0,11200,0,0,0,8967646,8967646,2949
68194,283,740,1094,3,0,11200,0,0,0,8969583,8969583,2949
68209,283,832,1094,3,0,11200,0,0,0,8971492,8971492,2949
68224,283,908,1094,3,0,11200,0,0,0,8973479,8973479,2949
68239,283,989,1094,3,0,11200,0,0,0,8975463,8975463,2949
68254,283,1029,1094,3,0,11200,0,0,0,8976483,8976483,2949
68270,284,2,1094,3,0,11200,0,0,0,8978329,8978329,2949
68285,284,107,1094,3,0,11200,0,0,0,8980938,8980938,2949
68300,284,162,1094,3,0,11200,0,0,0,8983133,8983133,2949
68316,284,226,1094,3,0,11200,0,0,0,8985283,8985283,2949
68331,284,276,1094,3,0,11200,0,0,0,8987408,8987408,2949
68347,284,338,1094,3,0,11200,0,0,0,8989532,8989532,2949
68362,284,379,1094,3,0,11200,0,0,0,8991286,8991286,2949
68378,284,447,1094,3,0,11200,0,0,0,8993429,8993429,2949
68393,284,556,1094,3,0,11200,0,0,0,8995717,8995717,2949
68409,284,613,1094,3,0,11200,0,0,0,8997650,8997650,2949
68425,284,683,1094,3,0,11200,0,0,0,8999466,8999466,2949
68440,284,729,1094,3,0,11200,0,0,0,9001375,9001375,2949
68456,284,832,1094,3,0,11200,0,0,0,9003235,9003235,2949
68479,284,920,1094,3,0,11200,0,0,0,9005326,9005326,2949
68494,284,997,1094,3,0,11200,0,0,0,9007374,9007374,2949
68509,284,1014,1094,3,0,11200,0,0,0,9007917,9007917,2949
68525,285,3,1094,3,0,11200,0,0,0,9010032,9010032,2949
68541,285,49,1094,3,0,11200,0,0,0,9012455,9012455,2949
68556,285,137,1094,3,0,11200,0,0,0,9014926,9014926,2949
68572,285,204,1094,3,0,11200,0,0,0,9017428,9017428,2949
68587,285,253,1094,3,0,11200,0,0,0,9019683,9019683,2949
68602,285,301,1094,3,0,11200,0,0,0,9021849,9021849,2949
68618,285,367,1094,3,0,11200,0,0,0,9024103,9024103,2949
68633,285,452,1094,3,0,11200,0,0,0,9026331,9026331,2949
68648,285,560,1094,3,0,11200,0,0,0,9028593,9028593,2949
68664,285,641,1094,3,0,11200,0,0,0,9030580,9030580,2949
68680,285,690,1094,3,0,11200,0,0,0,9032046,9032046,2949
68695,285,739,1094,3,0,11200,0,0,0,9033851,9033851,2949
68710,285,829,1094,3,0,11200,0,0,0,9035688,9035688,2949
68725,285,911,1094,3,0,11200,0,0,0,9037639,9037639,2949
68740,285,962,1094,3,0,11200,0,0,0,9039031,9039031,2949
68767,285,1013,1094,3,0,11200,0,0,0,9040826,9040826,2949
68782,286,1077,1094,3,0,11200,0,0,0,9042926,9042926,2949
68797,286,105,1094,3,0,11200,0,0,0,9045384,9045384,2949
68812,286,158,1094,3,0,11200,0,0,0,9047749,9047749,2949
68827,286,217,1094,3,0,11200,0,0,0,9050235,9050235,2949
68843,286,275,1094,3,0,11200,0,0,0,9052618,9052618,2949
68858,286,326,1094,3,0,11200,0,0,0,9054639,9054639,2949
68873,286,406,1094,3,0,11200,0,0,0,9056848,9056848,2949
68889,286,513,1094,3,0,11200,0,0,0,9059049,9059049,2949
68904,286,575,1094,3,0,11200,0,0,0,9061191,9061191,2949
68920,286,648,1094,3,0,11200,0,0,0,9063279,9063279,2949
68935,286,685,1094,3,0,11200,0,0,0,9064593,9064593,2949
68950,286,733,1094,3,0,11200,0,0,0,9066478,9066478,2949
68966,286,814,1094,3,0,11200,0,0,0,9068235,9068235,2949
68981,286,899,1094,3,0,11200,0,0,0,9070244,9070244,2949
68996,286,950,1094,3,0,11200,0,0,0,9071689,9071689,2949
69016,286,1013,1094,3,0,11200,0,0,0,9073680,9073680,2949
69032,287,1084,1094,3,0,11200,0,0,0,9075681,9075681,2949
69047,287,105,1094,3,0,11200,0,0,0,9078245,9078245,2949
69062,287,149,1094,3,0,11200,0,0,0,9080554,9080554,2949
69078,287,207,1094,3,0,11200,0,0,0,9082819,9082819,2949
69093,287,270,1094,3,0,11200,0,0,0,9085149,9085149,2949
69108,287,339,1094,3,0,11200,0,0,0,9087467,9087467,2949
69124,287,397,1094,3,0,11200,0,0,0,9089487,9089487,2949
69139,287,466,1094,3,0,11200,0,0,0,9091619,9091619,2949
69154,287,556,1094,3,0,11200,0,0,0,9093962,9093962,2949
69169,287,632,1094,3,0,11200,0,0,0,9095764,9095764,2949
69185,287,679,1094,3,0,11200,0,0,0,9097290,9097290,2949
69200,287,737,1094,3,0,11200,0,0,0,9099141,9099141,2949
69216,287,842,1094,3,0,11200,0,0,0,9100687,9100687,2949
69231,287,919,1094,3,0,11200,0,0,0,9102819,9102819,2949
69246,287,989,1094,3,0,11200,0,0,0,9104535,9104535,2949
69261,287,1018,1094,3,0,11200,0,0,0,9105495,9105495,2949
69277,288,1067,1094,3,0,11200,0,0,0,9107280,9107280,2949
69293,288,30,1094,3,0,11200,0,0,0,9109517,9109517,2949
69308,288,133,1094,3,0,11200,0,0,0,9112001,9112001,2949
69323,288,194,1094,3,0,11200,0,0,0,9114400,9114400,2949
69339,288,243,1094,3,0,11200,0,0,0,9116535,9116535,2949
69354,288,285,1094,3,0,11200,0,0,0,9118832,9118832,2949
69369,288,334,1094,3,0,11200,0,0,0,9120827,9120827,2949
69384,288,402,1094,3,0,11200,0,0,0,9123002,9123002,2949
69400,288,483,1094,3,0,11200,0,0,0,9125086,9125086,2949
69415,288,571,1094,3,0,11200,0,0,0,9127389,9127389,2949
69430,288,648,1094,3,0,11200,0,0,0,9129052,9129052,2949
69445,288,693,1094,3,0,11200,0,0,0,9130521,9130521,2949
69461,288,762,1094,3,0,11200,0,0,0,9132600,9132600,2949
69476,288,842,1094,3,0,11200,0,0,0,9134483,9134483,2949
69491,288,911,1094,3,0,11200,0,0,0,9136426,9136426,2949
69507,288,971,1094,3,0,11200,0,0,0,9138489,9138489,2949
69522,288,1029,1095,4,0,11200,0,0,0,9140320,9140320,2949
69537,289,10,1095,4,0,11200,0,0,0,9142495,9142495,2949
69553,289,106,1095,4,0,11200,0,0,0,9145007,9145007,2949
69568,289,170,1095,4,0,11200,0,0,0,9147454,9147454,2949
69584,289,232,1095,4,0,11200,0,0,0,9149690,9149690,2949
69599,289,288,1095,4,0,11200,0,0,0,9152099,9152099,2949
69614,289,338,1095,4,0,11200,0,0,0,9154038,9154038,2949
69629,289,404,1095,4,0,11200,0,0,0,9156037,9156037,2949
69644,289,488,1095,4,0,11200,0,0,0,9158127,9158127,2949
69659,289,568,1095,4,0,11200,0,0,0,9160104,9160104,2949
69674,289,632,1095,4,0,11200,0,0,0,9162004,9162004,2949
69689,289,679,1095,4,0,11200,0,0,0,9163643,9163643,2949
69705,289,720,1095,4,0,11200,0,0,0,9165485,9165485,2949
69720,289,791,1095,4,0,11200,0,0,0,9167270,9167270,2949
69736,289,878,1095,4,0,11200,0,0,0,9169210,9169210,2949
69751,289,930,1095,4,0,11200,0,0,0,9170949,9170949,2949
69766,289,992,1095,4,0,11200,0,0,0,9173033,9173033,2949
69782,289,1024,1095,4,0,11200,0,0,0,9173950,9173950,2949
69797,290,15,1095,4,0,11200,0,0,0,9176031,9176031,2949
69812,290,109,1095,4,0,11200,0,0,0,9178324,9178324,2949
69827,290,162,1095,4,0,11200,0,0,0,9180731,9180731,2949
69843,290,221,1095,4,0,11200,0,0,0,9183022,9183022,2949
69858,290,269,1095,4,0,11200,0,0,0,9185330,9185330,2949
69874,290,306,1095,4,0,11200,0,0,0,9187326,9187326,2949
69889,290,367,1095,4,0,11200,0,0,0,9189313,9189313,2949
69904,290,433,1095,4,0,11200,0,0,0,9191461,9191461,2949
69919,290,521,1095,4,0,11200,0,0,0,9193606,9193606,2949
69935,290,597,1095,4,0,11200,0,0,0,9195824,9195824,2949
69950,290,653,1095,4,0,11200,0,0,0,9197400,9197400,2949
69966,290,699,1095,4,0,11200,0,0,0,9199074,9199074,2949
69981,290,764,1095,4,0,11200,0,0,0,9201269,9201269,2949
69996,290,858,1095,4,0,11200,0,0,0,9203125,9203125,2949
70013,290,945,1095,4,0,11200,0,0,0,9205232,9205232,2949
70043,290,1013,1095,4,0,11200,0,0,0,9207376,9207376,2949
70058,291,1071,1095,4,0,11200,0,0,0,9209269,9209269,2949
70074,291,49,1095,4,0,11200,0,0,0,9211615,9211615,2949
70089,291,134,1095,4,0,11200,0,0,0,9213916,9213916,2949
70104,291,194,1095,4,0,11200,0,0,0,9216482,9216482,2949
70119,291,245,1095,4,0,11200,0,0,0,9218648,9218648,2949
70135,291,287,1095,4,0,11200,0,0,0,9220870,9220870,2949
70150,291,339,1095,4,0,11200,0,0,0,9222614,9222614,2949
70165,291,400,1095,4,0,11200,0,0,0,9224747,9224747,2949
70180,291,501,1095,4,0,11200,0,0,0,9226816,9226816,2949
70195,291,573,1095,4,0,11200,0,0,0,9229086,9229086,2949
70212,291,651,1095,4,0,11200,0,0,0,9231069,9231069,2949
70227,291,693,1095,4,0,11200,0,0,0,9232523,9232523,2949
70242,291,753,1095,4,0,11200,0,0,0,9234401,9234401,2949
70257,291,874,1095,4,0,11200,0,0,0,9236491,9236491,2949
70273,291,930,1095,4,0,11200,0,0,0,9238040,9238040,2949
70294,291,1013,1095,4,0,11200,0,0,0,9240130,9240130,2949
70309,292,1080,1095,4,0,11200,0,0,0,9242156,9242156,2949
70324,292,71,1095,4,0,11200,0,0,0,9244631,9244631,2949
70339,292,145,1095,4,0,11200,0,0,0,9246946,9246946,2949
70355,292,205,1095,4,0,11200,0,0,0,9249140,9249140,2949
70370,292,258,1095,4,0,11200,0,0,0,9251604,9251604,2949
70385,292,306,1095,4,0,11200,0,0,0,9253849,9253849,2949
70401,292,371,1095,4,0,11200,0,0,0,9256062,9256062,2949
70416,292,440,1095,4,0,11200,0,0,0,9258196,9258196,2949
70431,292,547,1095,4,0,11200,0,0,0,9260425,9260425,2949
70446,292,612,1095,4,0,11200,0,0,0,9262490,9262490,2949
70462,292,664,1095,4,0,11200,0,0,0,9263946,9263946,2949
70477,292,693,1095,4,0,11200,0,0,0,9265216,9265216,2949
70492,292,756,1095,4,0,11200,0,0,0,9267270,9267270,2949
70508,292,844,1095,4,0,11200,0,0,0,9269209,9269209,2949
70523,292,919,1095,4,0,11200,0,0,0,9271211,9271211,2949
70539,292,993,1095,4,0,11200,0,0,0,9273072,9273072,2949
70564,292,1013,1095,4,0,11200,0,0,0,9273835,9273835,2949
70579,293,1084,1095,4,0,11200,0,0,0,9275825,9275825,2949
70594,293,72,1095,3,0,11200,0,0,0,9278354,9278354,2949
70610,293,139,1095,3,0,11200,0,0,0,9280678,9280678,2949
70625,293,204,1095,3,0,11200,0,0,0,9283061,9283061,2949
70641,293,254,1095,3,0,11200,0,0,0,9285229,9285229,2949
70656,293,301,1095,3,0,11200,0,0,0,9287314,9287314,2949
70671,293,350,1095,3,0,11200,0,0,0,9289312,9289312,2949
70686,293,429,1095,3,0,11200,0,0,0,9291636,9291636,2949
70702,293,509,1095,3,0,11200,0,0,0,9293877,9293877,2949
70717,293,579,1095,3,0,11200,0,0,0,9296051,9296051,2949
70733,293,651,1095,3,0,11200,0,0,0,9297958,9297958,2949
70748,293,693,1095,3,0,11200,0,0,0,9299481,9299481,2949
70764,293,763,1095,3,0,11200,0,0,0,9301464,9301464,2949
70779,293,855,1095,3,0,11200,0,0,0,9303131,9303131,2949
70797,293,920,1095,3,0,11200,0,0,0,9304784,9304784,2949
70819,293,1013,1095,3,0,11200,0,0,0,9306776,9306776,2949
70835,293,1064,1095,3,0,11200,0,0,0,9308811,9308811,2949
70850,294,12,1095,3,0,11200,0,0,0,9310054,9310054,2949
70865,294,115,1095,3,0,11200,0,0,0,9312500,9312500,2949
70880,294,176,1095,3,0,11200,0,0,0,9314905,9314905,2949
70896,294,239,1095,3,0,11200,0,0,0,9317200,9317200,2949
70911,294,291,1095,3,0,11200,0,0,0,9319453,9319453,2949
70927,294,342,1095,3,0,11200,0,0,0,9321563,9321563,2949
70942,294,425,1095,3,0,11200,0,0,0,9323489,9323489,2949
70957,294,504,1095,3,0,11200,0,0,0,9325697,9325697,2949
70972,294,571,1095,3,0,11200,0,0,0,9327736,9327736,2949
70987,294,647,1095,3,0,11200,0,0,0,9329679,9329679,2949
71003,294,690,1095,3,0,11200,0,0,0,9331267,9331267,2949
71018,294,761,1095,3,0,11200,0,0,0,9333276,9333276,2949
71033,294,844,1095,3,0,11200,0,0,0,9335230,9335230,2949
71049,294,915,1095,3,0,11200,0,0,0,9337412,9337412,2949
71064,294,974,1095,3,0,11200,0,0,0,9338912,9338912,2949
71083,294,1013,1095,3,0,11200,0,0,0,9340115,9340115,2949
71098,295,1092,1095,3,0,11200,0,0,0,9342284,9342284,2949
71114,295,103,1095,3,0,11200,0,0,0,9345062,9345062,2949
71129,295,158,1095,3,0,11200,0,0,0,9347516,9347516,2949
71145,295,227,1095,3,0,11200,0,0,0,9349972,9349972,2949
71160,295,272,1095,3,0,11200,0,0,0,9352123,9352123,2949
71175,295,313,1095,3,0,11200,0,0,0,9354071,9354071,2949
71190,295,378,1095,3,0,11200,0,0,0,9356190,9356190,2949
71206,295,436,1095,3,0,11200,0,0,0,9358278,9358278,2949
71221,295,523,1095,3,0,11200,0,0,0,9360435,9360435,2949
71236,295,597,1095,3,0,11200,0,0,0,9362686,9362686,2949
71252,295,664,1095,3,0,11200,0,0,0,9364583,9364583,2949
71267,295,719,1095,3,0,11200,0,0,0,9366272,9366272,2949
71283,295,813,1095,3,0,11200,0,0,0,9368367,9368367,2949
71298,295,885,1095,3,0,11200,0,0,0,9370214,9370214,2949
71313,295,953,1095,3,0,11200,0,0,0,9372151,9372151,2949
71338,295,1013,1095,3,0,11200,0,0,0,9373934,9373934,2949
71353,296,1092,1095,3,0,11200,0,0,0,9376139,9376139,2949
71368,296,111,1095,3,0,11200,0,0,0,9378620,9378620,2949
71384,296,159,1095,3,0,11200,0,0,0,9381058,9381058,2949
71400,296,221,1095,3,0,11200,0,0,0,9383473,9383473,2949
71416,296,280,1095,3,0,11200,0,0,0,9385862,9385862,2949
71431,296,338,1095,3,0,11200,0,0,0,9387958,9387958,2949
71446,296,406,1095,3,0,11200,0,0,0,9390227,9390227,2949
71461,296,507,1095,3,0,11200,0,0,0,9392377,9392377,2949
71477,296,591,1095,3,0,11200,0,0,0,9394744,9394744,2949
71493,296,651,1095,3,0,11200,0,0,0,9396466,9396466,2949
71508,296,701,1095,3,0,11200,0,0,0,9397982,9397982,2949
71524,296,756,1095,3,0,11200,0,0,0,9399872,9399872,2949
71539,296,829,1095,3,0,11200,0,0,0,9401367,9401367,2949
71554,296,901,1095,3,0,11200,0,0,0,9403368,9403368,2949
71569,296,967,1095,3,0,11200,0,0,0,9405188,9405188,2949
71593,296,1013,1095,3,0,11200,0,0,0,9406655,9406655,2949
71608,297,1086,1095,3,0,11200,0,0,0,9408858,9408858,2949
71623,297,75,1095,2,0,11200,0,0,0,9411249,9411249,2949
71639,297,168,1095,2,0,11200,0,0,0,9413834,9413834,2949
71654,297,243,1095,2,0,11200,0,0,0,9416168,9416168,2949
71670,297,286,1095,2,0,11200,0,0,0,9418510,9418510,2949
71685,297,339,1095,2,0,11200,0,0,0,9420705,9420705,2949
71700,297,425,1095,2,0,11200,0,0,0,9422830,9422830,2949
71716,297,501,1095,2,0,11200,0,0,0,9425003,9425003,2949
71731,297,563,1095,2,0,11200,0,0,0,9427165,9427165,2949
71748,297,632,1095,2,0,11200,0,0,0,9429135,9429135,2949
71763,297,654,1095,2,0,11200,0,0,0,9430100,9430100,2949
71778,297,693,1095,2,0,11200,0,0,0,9431453,9431453,2949
71794,297,754,1095,2,0,11200,0,0,0,9433240,9433240,2949
71809,297,834,1095,2,0,11200,0,0,0,9435083,9435083,2949
71824,297,917,1095,2,0,11200,0,0,0,9437081,9437081,2949
71839,297,999,1095,2,0,11200,0,0,0,9439082,9439082,2949
71854,297,1033,1095,2,0,11200,0,0,0,9440302,9440302,2949
71869,298,8,1095,2,0,11200,0,0,0,9442091,9442091,2949
71885,298,103,1095,2,0,11200,0,0,0,9444437,9444437,2949
71900,298,147,1095,2,0,11200,0,0,0,9446719,9446719,2949
71915,298,205,1095,2,0,11200,0,0,0,9449069,9449069,2949
71930,298,261,1095,2,0,11200,0,0,0,9451421,9451421,2949
71945,298,306,1095,2,0,11200,0,0,0,9453597,9453597,2949
71961,298,362,1095,2,0,11200,0,0,0,9455616,9455616,2949
71976,298,439,1095,2,0,11200,0,0,0,9457844,9457844,2949
71991,298,524,1095,2,0,11200,0,0,0,9460059,9460059,2949
72006,298,596,1095,2,0,11200,0,0,0,9462178,9462178,2949
72022,298,651,1095,2,0,11200,0,0,0,9463763,9463763,2949
72037,298,703,1095,2,0,11200,0,0,0,9465351,9465351,2949
72052,298,754,1096,3,0,11200,0,0,0,9466978,9466978,2949
72067,298,817,1096,3,0,11200,0,0,0,9468811,9468811,2949
72082,298,909,1096,3,0,11200,0,0,0,9470948,9470948,2949
72097,298,961,1096,3,0,11200,0,0,0,9472512,9472512,2949
72112,298,1014,1096,3,0,11200,0,0,0,9474267,9474267,2949
72128,299,1092,1096,3,0,11200,0,0,0,9476302,9476302,2949
72143,299,105,1096,3,0,11200,0,0,0,9478716,9478716,2949
72158,299,152,1096,3,0,11200,0,0,0,9481056,9481056,2949
72174,299,212,1096,3,0,11200,0,0,0,9483488,9483488,2949
72189,299,256,1096,3,0,11200,0,0,0,9485928,9485928,2949
72204,299,301,1096,3,0,11200,0,0,0,9488093,9488093,2949
72219,299,370,1096,3,0,11200,0,0,0,9490161,9490161,2949
72234,299,445,1096,3,0,11200,0,0,0,9492133,9492133,2949
72249,299,548,1096,3,0,11200,0,0,0,9494387,9494387,2949
72265,299,629,1096,3,0,11200,0,0,0,9496443,9496443,2949
72280,299,680,1096,3,0,11200,0,0,0,9497983,9497983,2949
72296,299,730,1096,3,0,11200,0,0,0,9499755,9499755,2949
72311,299,815,1096,3,0,11200,0,0,0,9501572,9501572,2949
72326,299,894,1096,3,0,11200,0,0,0,9503602,9503602,2949
72341,299,953,1097,4,0,11200,0,0,0,9505286,9505286,2949
72357,299,1011,1097,4,0,11200,0,0,0,9507015,9507015,2949
72372,299,1065,1097,4,0,11200,0,0,0,9508658,9508658,2949
72388,300,25,1097,3,0,11200,0,0,0,9510777,9510777,2949
72403,300,122,1097,3,0,11200,0,0,0,9512981,9512981,2949
72419,300,181,1097,3,0,11200,0,0,0,9515364,9515364,2949
72435,300,243,1097,3,0,11200,0,0,0,9517541,9517541,2949
72450,300,292,1097,3,0,11200,0,0,0,9519833,9519833,2949
72466,300,349,1097,3,0,11200,0,0,0,9522047,9522047,2949
72481,300,439,1097,3,0,11200,0,0,0,9524280,9524280,2949
72496,300,525,1097,3,0,11200,0,0,0,9526387,9526387,2949
72511,300,594,1097,3,0,11200,0,0,0,9528366,9528366,2949
72526,300,654,1097,3,0,11200,0,0,0,9529860,9529860,2949
72541,300,710,1097,3,0,11200,0,0,0,9531580,9531580,2949
72557,300,768,1097,3,0,11200,0,0,0,9533388,9533388,2949
72572,300,852,1097,3,0,11200,0,0,0,9535088,9535088,2949
72588,300,920,1097,3,0,11200,0,0,0,9536694,9536694,2949
72603,300,990,1097,3,0,11200,0,0,0,9538574,9538574,2949
72626,300,1013,1097,3,0,11200,0,0,0,9539669,9539669,2949
72642,301,1073,1097,3,0,11200,0,0,0,9541701,9541701,2949
72657,301,93,1097,3,0,11200,0,0,0,9544074,9544074,2949
72672,301,146,1097,3,0,11200,0,0,0,9546414,9546414,2949
72687,301,199,1097,3,0,11200,0,0,0,9548867,9548867,2949
72702,301,243,1097,3,0,11200,0,0,0,9550952,9550952,2949
72718,301,292,1097,3,0,11200,0,0,0,9553277,9553277,2949
72734,301,344,1097,3,0,11200,0,0,0,9555363,9555363,2949
72749,301,413,1097,3,0,11200,0,0,0,9557515,9557515,2949
72764,301,505,1097,3,0,11200,0,0,0,9559728,9559728,2949
72779,301,579,1097,3,0,11200,0,0,0,9561973,9561973,2949
72798,301,650,1097,3,0,11200,0,0,0,9564034,9564034,2949
72813,301,704,1097,3,0,11200,0,0,0,9565582,9565582,2949
72828,301,768,1097,3,0,11200,0,0,0,9567423,9567423,2949
72843,301,860,1097,3,0,11200,0,0,0,9569272,9569272,2949
72858,301,936,1097,3,0,11200,0,0,0,9570992,9570992,2949
72874,301,995,1097,3,0,11200,0,0,0,9572810,9572810,2949
72889,301,1043,1097,3,0,11200,0,0,0,9574564,9574564,2949
72904,302,15,1097,3,0,11200,0,0,0,9576742,9576742,2949
72919,302,115,1097,3,0,11200,0,0,0,9579292,9579292,2949
72934,302,170,1097,3,0,11200,0,0,0,9581736,9581736,2949
72950,302,226,1097,3,0,11200,0,0,0,9583925,9583925,2949
72965,302,276,1097,3,0,11200,0,0,0,9586299,9586299,2949
72980,302,330,1097,3,0,11200,0,0,0,9588145,9588145,2949
72995,302,402,1097,3,0,11200,0,0,0,9590398,9590398,2949
73010,302,475,1097,3,0,11200,0,0,0,9592529,9592529,2949
73026,302,564,1097,3,0,11200,0,0,0,9594714,9594714,2949
73041,302,632,1097,3,0,11200,0,0,0,9596634,9596634,2949
73057,302,673,1097,3,0,11200,0,0,0,9598155,9598155,2949
73072,302,720,1097,3,0,11200,0,0,0,9599788,9599788,2949
73088,302,814,1097,3,0,11200,0,0,0,9601590,9601590,2949
73103,302,907,1097,3,0,11200,0,0,0,9603509,9603509,2949
73118,302,961,1097,3,0,11200,0,0,0,9604996,9604996,2949
73143,302,1013,1097,3,0,11200,0,0,0,9606542,9606542,2949
73159,303,8,1097,3,0,11200,0,0,0,9608740,9608740,2949
73174,303,114,1097,3,0,11200,0,0,0,9611191,9611191,2949
73190,303,159,1097,3,0,11200,0,0,0,9613607,9613607,2949
73205,303,213,1097,3,0,11200,0,0,0,9615869,9615869,2949
73220,303,261,1097,3,0,11200,0,0,0,9618227,9618227,2949
73236,303,316,1097,3,0,11200,0,0,0,9620316,9620316,2949
73251,303,378,1097,3,0,11200,0,0,0,9622326,9622326,2949
73266,303,472,1097,3,0,11200,0,0,0,9624582,9624582,2949
73281,303,548,1097,3,0,11200,0,0,0,9626808,9626808,2949
73297,303,616,1097,3,0,11200,0,0,0,9628984,9628984,2949
73312,303,679,1097,3,0,11200,0,0,0,9630525,9630525,2949
73327,303,732,1097,3,0,11200,0,0,0,9632303,9632303,2949
73342,303,810,1097,3,0,11200,0,0,0,9633993,9633993,2949
73357,303,883,1097,3,0,11200,0,0,0,9635677,9635677,2949
73372,303,954,1097,3,0,11200,0,0,0,9637252,9637252,2949
73389,303,1013,1097,3,0,11200,0,0,0,9639066,9639066,2949
73404,303,1067,1097,3,0,11200,0,0,0,9640966,9640966,2949
73419,304,21,1097,3,0,11200,0,0,0,9643090,9643090,2949
73435,304,122,1097,3,0,11200,0,0,0,9645601,9645601,2949
73450,304,166,1097,3,0,11200,0,0,0,9647699,9647699,2949
73465,304,215,1097,3,0,11200,0,0,0,9649840,9649840,2949
73482,304,265,1097,3,0,11200,0,0,0,9652157,9652157,2949
73497,304,312,1097,3,0,11200,0,0,0,9654292,9654292,2949
73512,304,372,1097,3,0,11200,0,0,0,9656241,9656241,2949
73527,304,436,1097,3,0,11200,0,0,0,9658172,9658172,2949
73542,304,529,1097,3,0,11200,0,0,0,9660411,9660411,2949
73557,304,605,1097,3,0,11200,0,0,0,9662474,9662474,2949
73575,304,650,1097,3,0,11200,0,0,0,9663913,9663913,2949
73592,304,679,1097,3,0,11200,0,0,0,9665185,9665185,2949
73607,304,724,1097,3,0,11200,0,0,0,9666875,9666875,2949
73622,304,814,1097,3,0,11200,0,0,0,9668795,9668795,2949
73638,304,880,1097,3,0,11200,0,0,0,9670558,9670558,2949
73653,304,954,1097,3,0,11200,0,0,0,9672360,9672360,2949
73677,304,1013,1097,3,0,11200,0,0,0,9673870,9673870,2949
73692,304,1061,1097,3,0,11200,0,0,0,9675274,9675274,2949
73708,305,24,1097,3,0,11200,0,0,0,9677499,9677499,2949
73724,305,126,1097,3,0,11200,0,0,0,9679849,9679849,2949
73739,305,164,1097,3,0,11200,0,0,0,9682114,9682114,2949
73755,305,227,1097,3,0,11200,0,0,0,9684278,9684278,2949
73771,305,276,1097,3,0,11200,0,0,0,9686757,9686757,2949
73786,305,327,1097,3,0,11200,0,0,0,9688842,9688842,2949
73801,305,389,1097,3,0,11200,0,0,0,9690879,9690879,2949
73816,305,454,1097,3,0,11200,0,0,0,9693131,9693131,2949
73831,305,546,1097,3,0,11200,0,0,0,9695416,9695416,2949
73847,305,616,1097,3,0,11200,0,0,0,9697612,9697612,2949
73862,305,709,1097,3,0,11200,0,0,0,9699673,9699673,2949
73877,305,764,1097,3,0,11200,0,0,0,9701444,9701444,2949
73893,305,851,1097,3,0,11200,0,0,0,9703376,9703376,2949
73908,305,917,1097,3,0,11200,0,0,0,9705406,9705406,2949
73923,305,981,1097,3,0,11200,0,0,0,9707105,9707105,2949
73938,305,1028,1097,3,0,11200,0,0,0,9708407,9708407,2949
73954,306,6,1097,3,0,11200,0,0,0,9710365,9710365,2949
73969,306,114,1097,3,0,11200,0,0,0,9713052,9713052,2949
73984,306,166,1097,3,0,11200,0,0,0,9715264,9715264,2949
74000,306,226,1097,3,0,11200,0,0,0,9717277,9717277,2949
74015,306,267,1097,3,0,11200,0,0,0,9719535,9719535,2949
74031,306,307,1097,3,0,11200,0,0,0,9721631,9721631,2949
74046,306,376,1097,3,0,11200,0,0,0,9723749,9723749,2949
74061,306,443,1097,3,0,11200,0,0,0,9726026,9726026,2949
74077,306,548,1097,3,0,11200,0,0,0,9728408,9728408,2949
74092,306,605,1097,3,0,11200,0,0,0,9729983,9729983,2949
74107,306,666,1097,3,0,11200,0,0,0,9731733,9731733,2949
74122,306,717,1097,3,0,11200,0,0,0,9733456,9733456,2949
74138,306,791,1097,3,0,11200,0,0,0,9735354,9735354,2949
74153,306,858,1097,3,0,11200,0,0,0,9736965,9736965,2949
74168,306,945,1097,3,0,11200,0,0,0,9738914,9738914,2949
74186,306,1013,1097,3,0,11200,0,0,0,9740869,9740869,2949
74201,307,1080,1097,3,0,11200,0,0,0,9743024,9743024,2949
74216,307,67,1097,3,0,11200,0,0,0,9745446,9745446,2949
74232,307,139,1097,3,0,11200,0,0,0,9747651,9747651,2949
74248,307,199,1097,3,0,11200,0,0,0,9749816,9749816,2949
74263,307,243,1097,3,0,11200,0,0,0,9751674,9751674,2949
74278,307,284,1097,3,0,11200,0,0,0,9753693,9753693,2949
74293,307,336,1097,3,0,11200,0,0,0,9755770,9755770,2949
74308,307,403,1097,3,0,11200,0,0,0,9757922,9757922,2949
74323,307,495,1097,3,0,11200,0,0,0,9760248,9760248,2949
74338,307,571,1097,3,0,11200,0,0,0,9762486,9762486,2949
74353,307,641,1097,3,0,11200,0,0,0,9764563,9764563,2949
74368,307,693,1097,3,0,11200,0,0,0,9766125,9766125,2949
74384,307,753,1097,3,0,11200,0,0,0,9768115,9768115,2949
74399,307,844,1097,3,0,11200,0,0,0,9770154,9770154,2949
74415,307,930,1097,3,0,11200,0,0,0,9772261,9772261,2949
74430,307,999,1097,3,0,11200,0,0,0,9774234,9774234,2949
74454,307,1013,1097,3,0,11200,0,0,0,9774915,9774915,2949
74470,308,1068,1097,3,0,11200,0,0,0,9776713,9776713,2949
74485,308,68,1097,3,0,11200,0,0,0,9779050,9779050,2949
74500,308,141,1097,3,0,11200,0,0,0,9781399,9781399,2949
74515,308,200,1097,3,0,11200,0,0,0,9783495,9783495,2949
74531,308,246,1097,3,0,11200,0,0,0,9785603,9785603,2949
74546,308,289,1097,3,0,11200,0,0,0,9787783,9787783,2949
74562,308,347,1097,3,0,11200,0,0,0,9789788,9789788,2949
74577,308,431,1097,3,0,11200,0,0,0,9791952,9791952,2949
74592,308,546,1097,3,0,11200,0,0,0,9794304,9794304,2949
74607,308,608,1097,3,0,11200,0,0,0,9796314,9796314,2949
74622,308,663,1097,3,0,11200,0,0,0,9797896,9797896,2949
74637,308,709,1097,3,0,11200,0,0,0,9799496,9799496,2949
74652,308,785,1097,3,0,11200,0,0,0,9801359,9801359,2949
74668,308,878,1097,3,0,11200,0,0,0,9803181,9803181,2949
74687,308,920,1097,3,0,11200,0,0,0,9804632,9804632,2949
74703,308,993,1097,3,0,11200,0,0,0,9806559,9806559,2949
74718,308,1021,1097,3,0,11200,0,0,0,9807586,9807586,2949
74733,309,1090,1097,2,0,11200,0,0,0,9809636,9809636,2949
74748,309,72,1097,2,0,11200,0,0,0,9811896,9811896,2949
74764,309,137,1097,2,0,11200,0,0,0,9814282,9814282,2949
74779,309,204,1097,2,0,11200,0,0,0,9816868,9816868,2949
74794,309,258,1097,2,0,11200,0,0,0,9819024,9819024,2949
74809,309,316,1097,2,0,11200,0,0,0,9821162,9821162,2949
74825,309,376,1097,2,0,11200,0,0,0,9823219,9823219,2949
74841,309,439,1097,2,0,11200,0,0,0,9825365,9825365,2949
74856,309,541,1097,2,0,11200,0,0,0,9827751,9827751,2949
74871,309,611,1097,2,0,11200,0,0,0,9829779,9829779,2949
74886,309,653,1097,2,0,11200,0,0,0,9831227,9831227,2949
74902,309,711,1097,2,0,11200,0,0,0,9832934,9832934,2949
74917,309,778,1097,2,0,11200,0,0,0,9834916,9834916,2949
74933,309,875,1097,2,0,11200,0,0,0,9836534,9836534,2949
74948,309,950,1097,2,0,11200,0,0,0,9838664,9838664,2949
74963,309,1018,1097,2,0,11200,0,0,0,9840543,9840543,2949
74982,310,1082,1097,2,0,11200,0,0,0,9842170,9842170,2949
74997,310,75,1097,2,0,11200,0,0,0,9844669,9844669,2949
75013,310,134,1097,2,0,11200,0,0,0,9846606,9846606,2949
75028,310,204,1097,2,0,11200,0,0,0,9848892,9848892,2949
75043,310,256,1097,2,0,11200,0,0,0,9851095,9851095,2949
75059,310,307,1097,2,0,11200,0,0,0,9853189,9853189,2949
75074,310,366,1097,2,0,11200,0,0,0,9855206,9855206,2949
75089,310,431,1097,2,0,11200,0,0,0,9857075,9857075,2949
75104,310,520,1097,2,0,11200,0,0,0,9859247,9859247,2949
75120,310,591,1097,2,0,11200,0,0,0,9861561,9861561,2949
75135,310,648,1097,2,0,11200,0,0,0,9863258,9863258,2949
75150,310,692,1097,2,0,11200,0,0,0,9864609,9864609,2949
75166,310,761,1097,2,0,11200,0,0,0,9866492,9866492,2949
75181,310,851,1097,2,0,11200,0,0,0,9868252,9868252,2949
75198,310,920,1097,2,0,11200,0,0,0,9870033,9870033,2949
75213,310,1008,1097,2,0,11200,0,0,0,9872039,9872039,2949
75229,310,1013,1097,2,0,11200,0,0,0,9872336,9872336,2949
75245,311,1082,1097,2,0,11200,0,0,0,9874249,9874249,2949
75260,311,33,1097,1,0,11200,0,0,0,9876304,9876304,2949
75275,311,137,1097,1,0,11200,0,0,0,9878717,9878717,2949
75291,311,200,1097,1,0,11200,0,0,0,9881106,9881106,2949
75306,311,247,1097,1,0,11200,0,0,0,9883182,9883182,2949
75321,311,300,1097,1,0,11200,0,0,0,9885305,9885305,2949
75337,311,353,1097,1,0,11200,0,0,0,9887311,9887311,2949
75352,311,425,1097,1,0,11200,0,0,0,9889202,9889202,2949
75367,311,517,1097,1,0,11200,0,0,0,9891288,9891288,2949
75382,311,578,1097,1,0,11200,0,0,0,9893349,9893349,2949
75397,311,657,1097,1,0,11200,0,0,0,9895072,9895072,2949
75413,311,703,1097,1,0,11200,0,0,0,9896516,9896516,2949
75428,311,753,1097,1,0,11200,0,0,0,9898154,9898154,2949
75443,311,842,1097,1,0,11200,0,0,0,9900014,9900014,2949
75464,311,920,1097,1,0,11200,0,0,0,9902079,9902079,2949
75479,311,993,1097,1,0,11200,0,0,0,9904158,9904158,2949
75499,311,1013,1097,1,0,11200,0,0,0,9904738,9904738,2949
75514,312,3,1097,1,0,11200,0,0,0,9906715,9906715,2949
75530,312,95,1097,1,0,11200,0,0,0,9909027,9909027,2949
75545,312,149,1097,1,0,11200,0,0,0,9911471,9911471,2949
75560,312,207,1097,1,0,11200,0,0,0,9913872,9913872,2949
75575,312,259,1097,1,0,11200,0,0,0,9916097,9916097,2949
75591,312,300,1097,1,0,11200,0,0,0,9918173,9918173,2949
75606,312,342,1097,1,0,11200,0,0,0,9919956,9919956,2949
75622,312,410,1097,1,0,11200,0,0,0,9922097,9922097,2949
75637,312,504,1097,1,0,11200,0,0,0,9924305,9924305,2949
75652,312,575,1097,1,0,11200,0,0,0,9926417,9926417,2949
75668,312,650,1097,1,0,11200,0,0,0,9927951,9927951,2949
75683,312,696,1097,1,0,11200,0,0,0,9929251,9929251,2949
75698,312,753,1097,1,0,11200,0,0,0,9930810,9930810,2949
75715,312,845,1097,1,0,11200,0,0,0,9932703,9932703,2949
75730,312,935,1097,1,0,11200,0,0,0,9934713,9934713,2949
75758,312,1013,1097,1,0,11200,0,0,0,9936713,9936713,2949
75773,313,1083,1097,1,0,11200,0,0,0,9938775,9938775,2949
75789,313,103,1097,1,0,11200,0,0,0,9941300,9941300,2949
75804,313,152,1097,1,0,11200,0,0,0,9943519,9943519,2949
75819,313,216,1097,1,0,11200,0,0,0,9945794,9945794,2949
75834,313,267,1097,1,0,11200,0,0,0,9947910,9947910,2949
75850,313,301,1097,1,0,11200,0,0,0,9949894,9949894,2949
75865,313,363,1097,1,0,11200,0,0,0,9951943,9951943,2949
75880,313,429,1097,1,0,11200,0,0,0,9954055,9954055,2949
75896,313,517,1097,1,0,11200,0,0,0,9956221,9956221,2949
75911,313,579,1097,1,0,11200,0,0,0,9958268,9958268,2949
75926,313,632,1097,1,0,11200,0,0,0,9959760,9959760,2949
75942,313,679,1097,1,0,11200,0,0,0,9961381,9961381,2949
75957,313,732,1097,1,0,11200,0,0,0,9963295,9963295,2949
75972,313,845,1097,1,0,11200,0,0,0,9965127,9965127,2949
75989,313,920,1097,1,0,11200,0,0,0,9966843,9966843,2949
76004,313,999,1097,1,0,11200,0,0,0,9968775,9968775,2949
76020,313,1061,1097,1,0,11200,0,0,0,9970789,9970789,2949
76035,314,28,1097,1,0,11200,0,0,0,9973007,9973007,2949
76050,314,133,1097,1,0,11200,0,0,0,9975451,9975451,2949
76065,314,195,1097,1,0,11200,0,0,0,9977760,9977760,2949
76080,314,245,1097,1,0,11200,0,0,0,9979802,9979802,2949
76096,314,288,1097,1,0,11200,0,0,0,9982138,9982138,2949
76111,314,357,1097,1,0,11200,0,0,0,9984190,9984190,2949
76126,314,429,1097,1,0,11200,0,0,0,9986415,9986415,2949
76142,314,524,1097,1,0,11200,0,0,0,9988577,9988577,2949
76157,314,593,1097,1,0,11200,0,0,0,9990800,9990800,2949
76173,314,650,1097,1,0,11200,0,0,0,9992582,9992582,2949
76189,314,711,1097,1,0,11200,0,0,0,9994385,9994385,2949
76204,314,795,1097,1,0,11200,0,0,0,9996394,9996394,2949
76220,314,889,1097,1,0,11200,0,0,0,9998389,9998389,2949
76235,314,962,1097,1,0,11200,0,0,0,10000093,10000093,2949
76266,314,1013,1097,1,0,11200,0,0,0,10001661,10001661,2949
76281,315,1071,1097,1,0,11200,0,0,0,10003616,10003616,2949
76297,315,24,1097,1,0,11200,0,0,0,10005311,10005311,2949
76312,315,127,1097,1,0,11200,0,0,0,10007845,10007845,2949
76328,315,172,1097,1,0,11200,0,0,0,10010084,10010084,2949
76343,315,225,1097,1,0,11200,0,0,0,10012189,10012189,2949
76359,315,272,1097,1,0,11200,0,0,0,10014445,10014445,2949
76374,315,314,1097,1,0,11200,0,0,0,10016368,10016368,2949
76389,315,369,1097,1,0,11200,0,0,0,10018428,10018428,2949
76404,315,437,1097,1,0,11200,0,0,0,10020460,10020460,2949
76419,315,523,1097,1,0,11200,0,0,0,10022743,10022743,2949
76435,315,597,1097,1,0,11200,0,0,0,10024821,10024821,2949
76451,315,650,1097,1,0,11200,0,0,0,10026673,10026673,2949
76466,315,689,1097,1,0,11200,0,0,0,10027785,10027785,2949
76482,315,753,1097,1,0,11200,0,0,0,10029661,10029661,2949
76497,315,838,1097,1,0,11200,0,0,0,10031441,10031441,2949
76512,315,919,1097,1,0,11200,0,0,0,10033439,10033439,2949
76527,315,985,1097,1,0,11200,0,0,0,10035100,10035100,2949
76547,315,1013,1097,1,0,11200,0,0,0,10036122,10036122,2949
76562,316,1073,1097,1,0,11200,0,0,0,10038057,10038057,2949
76577,316,71,1097,1,0,11200,0,0,0,10040573,10040573,2949
76593,316,138,1097,1,0,11200,0,0,0,10042895,10042895,2949
76608,316,201,1097,1,0,11200,0,0,0,10045089,10045089,2949
76623,316,256,1097,1,0,11200,0,0,0,10047486,10047486,2949
76638,316,307,1097,1,0,11200,0,0,0,10049423,10049423,2949
76653,316,351,1097,1,0,11200,0,0,0,10051272,10051272,2949
76668,316,425,1097,1,0,11200,0,0,0,10053402,10053402,2949
76683,316,513,1097,1,0,11200,0,0,0,10055363,10055363,2949
76698,316,580,1097,1,0,11200,0,0,0,10057468,10057468,2949
76715,316,651,1097,1,0,11200,0,0,0,10059317,10059317,2949
76731,316,701,1097,1,0,11200,0,0,0,10061060,10061060,2949
76746,316,765,1097,1,0,11200,0,0,0,10063039,10063039,2949
76761,316,844,1097,1,0,11200,0,0,0,10064712,10064712,2949
76777,316,919,1097,1,0,11200,0,0,0,10066747,10066747,2949
76792,316,1011,1097,1,0,11200,0,0,0,10068663,10068663,2949
76807,316,1039,1097,1,0,11200,0,0,0,10069567,10069567,2949
76823,317,25,1097,1,0,11200,0,0,0,10071805,10071805,2949
76838,317,132,1097,1,0,11200,0,0,0,10074360,10074360,2949
76853,317,199,1097,1,0,11200,0,0,0,10076769,10076769,2949
76868,317,252,1097,1,0,11200,0,0,0,10079070,10079070,2949
76883,317,298,1097,1,0,11200,0,0,0,10081135,10081135,2949
76899,317,363,1097,1,0,11200,0,0,0,10083340,10083340,2949
76914,317,430,1097,1,0,11200,0,0,0,10085588,10085588,2949
76929,317,518,1097,1,0,11200,0,0,0,10087727,10087727,2949
76945,317,593,1097,1,0,11200,0,0,0,10089948,10089948,2949
76960,317,654,1097,1,0,11200,0,0,0,10091816,10091816,2949
76975,317,719,1097,1,0,11200,0,0,0,10093596,10093596,2949
76991,317,808,1097,1,0,11200,0,0,0,10095443,10095443,2949
77006,317,881,1097,1,0,11200,0,0,0,10097276,10097276,2949
77022,317,935,1097,1,0,11200,0,0,0,10098938,10098938,2949
77037,317,1012,1097,1,0,11200,0,0,0,10100893,10100893,2949
77052,318,1080,1097,1,0,11200,0,0,0,10102910,10102910,2949
77067,318,47,1097,1,0,11200,0,0,0,10105345,10105345,2949
77083,318,139,1097,1,0,11200,0,0,0,10107848,10107848,2949
77098,318,209,1097,1,0,11200,0,0,0,10110188,10110188,2949
77114,318,268,1097,1,0,11200,0,0,0,10112547,10112547,2949
77129,318,315,1097,1,0,11200,0,0,0,10114673,10114673,2949
77144,318,377,1097,1,0,11200,0,0,0,10116871,10116871,2949
77159,318,462,1097,1,0,11200,0,0,0,10119162,10119162,2949
77175,318,547,1097,1,0,11200,0,0,0,10121511,10121511,2949
77190,318,613,1097,1,0,11200,0,0,0,10123709,10123709,2949
77205,318,671,1097,1,0,11200,0,0,0,10125365,10125365,2949
77221,318,717,1097,1,0,11200,0,0,0,10127143,10127143,2949
77236,318,795,1097,1,0,11200,0,0,0,10128905,10128905,2949
77251,318,894,1097,1,0,11200,0,0,0,10130687,10130687,2949
77266,318,967,1097,1,0,11200,0,0,0,10132496,10132496,2949
77289,318,1013,1097,1,0,11200,0,0,0,10133945,10133945,2949
77305,319,3,1097,1,0,11200,0,0,0,10135865,10135865,2949
77320,319,106,1097,1,0,11200,0,0,0,10138470,10138470,2949
77335,319,164,1097,1,0,11200,0,0,0,10140749,10140749,2949
77350,319,232,1097,1,0,11200,0,0,0,10142999,10142999,2949
77365,319,284,1097,1,0,11200,0,0,0,10145154,10145154,2949
77381,319,336,1097,1,0,11200,0,0,0,10147189,10147189,2949
77396,319,404,1097,1,0,11200,0,0,0,10149365,10149365,2949
77411,319,495,1097,1,0,11200,0,0,0,10151502,10151502,2949
77426,319,556,1097,1,0,11200,0,0,0,10153689,10153689,2949
77441,319,615,1097,1,0,11200,0,0,0,10155586,10155586,2949
77456,319,680,1097,1,0,11200,0,0,0,10157549,10157549,2949
77472,319,716,1097,1,0,11200,0,0,0,10159201,10159201,2949
77487,319,778,1097,1,0,11200,0,0,0,10160955,10160955,2949
77502,319,878,1097,1,0,11200,0,0,0,10162794,10162794,2949
77518,319,947,1097,1,0,11200,0,0,0,10164490,10164490,2949
77535,319,1011,1097,1,0,11200,0,0,0,10166429,10166429,2949
77556,319,1013,1097,1,0,11200,0,0,0,10166652,10166652,2949
77572,320,1073,1097,1,0,11200,0,0,0,10168535,10168535,2949
77587,320,27,1097,1,0,11200,0,0,0,10170575,10170575,2949
77602,320,129,1097,1,0,11200,0,0,0,10173211,10173211,2949
77618,320,190,1097,1,0,11200,0,0,0,10175613,10175613,2949
77633,320,241,1097,1,0,11200,0,0,0,10177624,10177624,2949
77648,320,285,1097,1,0,11200,0,0,0,10179584,10179584,2949
77663,320,339,1097,1,0,11200,0,0,0,10181595,10181595,2949
77678,320,400,1097,1,0,11200,0,0,0,10183718,10183718,2949
77693,320,504,1097,1,0,11200,0,0,0,10186090,10186090,2949
77708,320,568,1097,1,0,11200,0,0,0,10188160,10188160,2949
77724,320,629,1097,1,0,11200,0,0,0,10189943,10189943,2949
77739,320,681,1097,1,0,11200,0,0,0,10191678,10191678,2949
77755,320,739,1097,1,0,11200,0,0,0,10193564,10193564,2949
77770,320,829,1097,1,0,11200,0,0,0,10195456,10195456,2949
77786,320,906,1097,1,0,11200,0,0,0,10197372,10197372,2949
77801,320,964,1097,1,0,11200,0,0,0,10198816,10198816,2949
77821,320,1013,1097,1,0,11200,0,0,0,10199810,10199810,2949
77836,321,1091,1097,1,0,11200,0,0,0,10201967,10201967,2949
77852,321,104,1097,1,0,11200,0,0,0,10204575,10204575,2949
77867,321,159,1097,1,0,11200,0,0,0,10206988,10206988,2949
77882,321,217,1097,1,0,11200,0,0,0,10209290,10209290,2949
77897,321,270,1097,1,0,11200,0,0,0,10211527,10211527,2949
77913,321,324,1097,1,0,11200,0,0,0,10213604,10213604,2949
77928,321,377,1097,1,0,11200,0,0,0,10215538,10215538,2949
77944,321,473,1097,1,0,11200,0,0,0,10217717,10217717,2949
77959,321,560,1097,1,0,11200,0,0,0,10219948,10219948,2949
77974,321,632,1097,1,0,11200,0,0,0,10222047,10222047,2949
77990,321,680,1097,1,0,11200,0,0,0,10223498,10223498,2949
78005,321,730,1097,1,0,11200,0,0,0,10225303,10225303,2949
78021,321,803,1097,1,0,11200,0,0,0,10226900,10226900,2949
78036,321,858,1097,1,0,11200,0,0,0,10228344,10228344,2949
78051,321,935,1097,1,0,11200,0,0,0,10230278,10230278,2949
78071,321,1013,1097,1,0,11200,0,0,0,10232322,10232322,2949
78086,322,2,1097,1,0,11200,0,0,0,10234291,10234291,2949
78102,322,88,1097,1,0,11200,0,0,0,10236578,10236578,2949
78117,322,138,1097,1,0,11200,0,0,0,10238886,10238886,2949
78133,322,203,1097,1,0,11200,0,0,0,10241311,10241311,2949
78148,322,258,1097,1,0,11200,0,0,0,10243548,10243548,2949
78163,322,303,1097,1,0,11200,0,0,0,10245564,10245564,2949
78178,322,353,1097,1,0,11200,0,0,0,10247614,10247614,2949
78194,322,425,1098,2,0,11200,0,0,0,10249727,10249727,2949
78209,322,508,1098,2,0,11200,0,0,0,10251888,10251888,2949
78224,322,594,1098,2,0,11200,0,0,0,10254097,10254097,2949
78240,322,650,1098,2,0,11200,0,0,0,10255481,10255481,2949
78255,322,693,1098,2,0,11200,0,0,0,10256885,10256885,2949
78271,322,770,1098,2,0,11200,0,0,0,10258926,10258926,2949
78286,322,875,1098,2,0,11200,0,0,0,10260702,10260702,2949
78301,322,945,1098,2,0,11200,0,0,0,10262734,10262734,2949
78316,322,1011,1098,2,0,11200,0,0,0,10264537,10264537,2949
78338,322,1013,1098,2,0,11200,0,0,0,10264696,10264696,2949
78353,323,5,1098,2,0,11200,0,0,0,10266723,10266723,2949
78368,323,91,1098,2,0,11200,0,0,0,10269135,10269135,2949
78384,323,147,1098,2,0,11200,0,0,0,10271434,10271434,2949
78399,323,205,1098,2,0,11200,0,0,0,10273788,10273788,2949
78414,323,255,1098,2,0,11200,0,0,0,10276047,10276047,2949
78429,323,312,1098,2,0,11200,0,0,0,10278338,10278338,2949
78444,323,367,1098,2,0,11200,0,0,0,10280377,10280377,2949
78459,323,443,1098,2,0,11200,0,0,0,10282563,10282563,2949
78475,323,538,1098,2,0,11200,0,0,0,10284597,10284597,2949
78490,323,614,1098,2,0,11200,0,0,0,10286537,10286537,2949
78506,323,674,1098,2,0,11200,0,0,0,10288162,10288162,2949
78521,323,712,1098,2,0,11200,0,0,0,10289753,10289753,2949
78536,323,771,1098,2,0,11200,0,0,0,10291541,10291541,2949
78551,323,868,1098,2,0,11200,0,0,0,10293289,10293289,2949
78567,323,927,1098,2,0,11200,0,0,0,10294919,10294919,2949
78583,323,1011,1098,2,0,11200,0,0,0,10297022,10297022,2949
78602,323,1013,1098,2,0,11200,0,0,0,10297132,10297132,2949
78617,324,1086,1098,2,0,11200,0,0,0,10299122,10299122,2949
78632,324,91,1098,2,0,11200,0,0,0,10301725,10301725,2949
78648,324,139,1098,2,0,11200,0,0,0,10303955,10303955,2949
78663,324,201,1098,2,0,11200,0,0,0,10306356,10306356,2949
78679,324,246,1098,2,0,11200,0,0,0,10308627,10308627,2949
78694,324,295,1098,2,0,11200,0,0,0,10310916,10310916,2949
78709,324,366,1098,2,0,11200,0,0,0,10313311,10313311,2949
78724,324,436,1098,2,0,11200,0,0,0,10315529,10315529,2949
78740,324,525,1098,2,0,11200,0,0,0,10317672,10317672,2949
78755,324,584,1098,2,0,11200,0,0,0,10319790,10319790,2949
78771,324,651,1098,2,0,11200,0,0,0,10321680,10321680,2949
78786,324,700,1098,2,0,11200,0,0,0,10323024,10323024,2949
78801,324,766,1098,2,0,11200,0,0,0,10324816,10324816,2949
78816,324,867,1098,2,0,11200,0,0,0,10326677,10326677,2949
78831,324,936,1098,2,0,11200,0,0,0,10328300,10328300,2949
78846,324,1012,1098,2,0,11200,0,0,0,10330280,10330280,2949
78862,324,1029,1098,2,0,11200,0,0,0,10331008,10331008,2949
78877,325,6,1098,2,0,11200,0,0,0,10333190,10333190,2949
78892,325,104,1098,2,0,11200,0,0,0,10335590,10335590,2949
78908,325,152,1098,2,0,11200,0,0,0,10338044,10338044,2949
78923,325,211,1098,2,0,11200,0,0,0,10340402,10340402,2949
78938,325,261,1098,2,0,11200,0,0,0,10342661,10342661,2949
78953,325,303,1098,2,0,11200,0,0,0,10344705,10344705,2949
78968,325,348,1098,2,0,11200,0,0,0,10346679,10346679,2949
78983,325,430,1098,2,0,11200,0,0,0,10348924,10348924,2949
78998,325,518,1098,2,0,11200,0,0,0,10351055,10351055,2949
79014,325,574,1098,2,0,11200,0,0,0,10353076,10353076,2949
79031,325,632,1098,2,0,11200,0,0,0,10354767,10354767,2949
79046,325,690,1098,2,0,11200,0,0,0,10356606,10356606,2949
79061,325,753,1098,2,0,11200,0,0,0,10358480,10358480,2949
79076,325,846,1098,2,0,11200,0,0,0,10360377,10360377,2949
79091,325,920,1098,2,0,11200,0,0,0,10362181,10362181,2949
79108,325,1013,1098,2,0,11200,0,0,0,10363938,10363938,2949
79123,326,1092,1098,2,0,11200,0,0,0,10366013,10366013,2949
79138,326,103,1098,2,0,11200,0,0,0,10368599,10368599,2949
79153,326,148,1098,2,0,11200,0,0,0,10370869,10370869,2949
79169,326,207,1098,2,0,11200,0,0,0,10373091,10373091,2949
79184,326,251,1098,2,0,11200,0,0,0,10375267,10375267,2949
79199,326,292,1098,2,0,11200,0,0,0,10377560,10377560,2949
79215,326,349,1098,2,0,11200,0,0,0,10379708,10379708,2949
79230,326,440,1098,2,0,11200,0,0,0,10381917,10381917,2949
79245,326,531,1098,2,0,11200,0,0,0,10384156,10384156,2949
79260,326,600,1098,2,0,11200,0,0,0,10386393,10386393,2949
79276,326,671,1098,2,0,11200,0,0,0,10388167,10388167,2949
79291,326,715,1098,2,0,11200,0,0,0,10389850,10389850,2949
79306,326,811,1098,2,0,11200,0,0,0,10391762,10391762,2949
79322,326,908,1098,2,0,11200,0,0,0,10393872,10393872,2949
79337,326,964,1098,2,0,11200,0,0,0,10395611,10395611,2949
79364,326,1013,1098,2,0,11200,0,0,0,10397575,10397575,2949
79380,327,1080,1098,2,0,11200,0,0,0,10399345,10399345,2949
79395,327,67,1098,2,0,11200,0,0,0,10401565,10401565,2949
79410,327,138,1098,2,0,11200,0,0,0,10403765,10403765,2949
79425,327,204,1098,2,0,11200,0,0,0,10406138,10406138,2949
79440,327,256,1098,2,0,11200,0,0,0,10408362,10408362,2949
79455,327,291,1098,2,0,11200,0,0,0,10410247,10410247,2949
79470,327,342,1098,2,0,11200,0,0,0,10412242,10412242,2949
79486,327,406,1098,2,0,11200,0,0,0,10414233,10414233,2949
79501,327,503,1098,2,0,11200,0,0,0,10416348,10416348,2949
79517,327,575,1098,2,0,11200,0,0,0,10418548,10418548,2949
79533,327,642,1098,2,0,11200,0,0,0,10420290,10420290,2949
79548,327,700,1098,2,0,11200,0,0,0,10421774,10421774,2949
79563,327,764,1098,2,0,11200,0,0,0,10423621,10423621,2949
79578,327,855,1098,2,0,11200,0,0,0,10425392,10425392,2949
79594,327,920,1098,2,0,11200,0,0,0,10427016,10427016,2949
79609,327,993,1098,2,0,11200,0,0,0,10429035,10429035,2949
79624,327,1064,1098,2,0,11200,0,0,0,10430733,10430733,2949
79640,328,25,1098,2,0,11200,0,0,0,10432929,10432929,2949
79655,328,130,1098,2,0,11200,0,0,0,10435340,10435340,2949
79670,328,180,1098,2,0,11200,0,0,0,10437724,10437724,2949
79686,328,232,1098,2,0,11200,0,0,0,10440013,10440013,2949
79701,328,284,1098,2,0,11200,0,0,0,10442134,10442134,2949
79716,328,342,1098,2,0,11200,0,0,0,10444197,10444197,2949
79731,328,416,1098,2,0,11200,0,0,0,10446327,10446327,2949
79746,328,488,1098,2,0,11200,0,0,0,10448427,10448427,2949
79761,328,580,1098,2,0,11200,0,0,0,10450556,10450556,2949
79777,328,642,1098,2,0,11200,0,0,0,10452268,10452268,2949
79792,328,694,1098,2,0,11200,0,0,0,10453874,10453874,2949
79808,328,756,1098,2,0,11200,0,0,0,10455793,10455793,2949
79823,328,842,1098,2,0,11200,0,0,0,10457648,10457648,2949
79838,328,924,1098,2,0,11200,0,0,0,10459584,10459584,2949
79854,328,997,1098,2,0,11200,0,0,0,10461606,10461606,2949
79869,328,1045,1098,2,0,11200,0,0,0,10463150,10463150,2949
79884,329,22,1098,2,0,11200,0,0,0,10465304,10465304,2949
79899,329,122,1098,2,0,11200,0,0,0,10467820,10467820,2949
79915,329,171,1098,2,0,11200,0,0,0,10470065,10470065,2949
79930,329,234,1098,2,0,11200,0,0,0,10472425,10472425,2949
79945,329,282,1098,2,0,11200,0,0,0,10474629,10474629,2949
79961,329,330,1098,2,0,11200,0,0,0,10476692,10476692,2949
79977,329,393,1098,2,0,11200,0,0,0,10478764,10478764,2949
79992,329,472,1098,2,0,11200,0,0,0,10481081,10481081,2949
80007,329,547,1098,2,0,11200,0,0,0,10483185,10483185,2949
80022,329,633,1098,2,0,11200,0,0,0,10485161,10485161,2949
80038,329,683,1098,2,0,11200,0,0,0,10486380,10486380,2949
80053,329,750,1098,2,0,11200,0,0,0,10488160,10488160,2949
80069,329,814,1098,2,0,11200,0,0,0,10489896,10489896,2949
80084,329,883,1098,2,0,11200,0,0,0,10491756,10491756,2949
80100,329,961,1098,2,0,11200,0,0,0,10493658,10493658,2949
80130,329,1013,1098,2,0,11200,0,0,0,10495381,10495381,2949
80146,330,1069,1098,2,0,11200,0,0,0,10496963,10496963,2949
80161,330,49,1098,2,0,11200,0,0,0,10499385,10499385,2949
80176,330,134,1098,2,0,11200,0,0,0,10501549,10501549,2949
80192,330,199,1098,2,0,11200,0,0,0,10503872,10503872,2949
80207,330,245,1098,2,0,11200,0,0,0,10505955,10505955,2949
80223,330,292,1098,2,0,11200,0,0,0,10508189,10508189,2949
80238,330,341,1098,2,0,11200,0,0,0,10510369,10510369,2949
80253,330,411,1098,2,0,11200,0,0,0,10512475,10512475,2949
80268,330,508,1098,2,0,11200,0,0,0,10514667,10514667,2949
80284,330,571,1098,2,0,11200,0,0,0,10516952,10516952,2949
80301,330,632,1098,2,0,11200,0,0,0,10518942,10518942,2949
80316,330,663,1098,2,0,11200,0,0,0,10520111,10520111,2949
80331,330,699,1098,2,0,11200,0,0,0,10521456,10521456,2949
80346,330,754,1098,2,0,11200,0,0,0,10523239,10523239,2949
80362,330,845,1098,2,0,11200,0,0,0,10525150,10525150,2949
80377,330,927,1098,2,0,11200,0,0,0,10527167,10527167,2949
80392,330,1013,1098,2,0,11200,0,0,0,10529025,10529025,2949
80408,331,5,1098,2,0,11200,0,0,0,10530937,10530937,2949
80423,331,111,1098,2,0,11200,0,0,0,10533436,10533436,2949
80438,331,164,1098,2,0,11200,0,0,0,10535781,10535781,2949
80453,331,227,1098,2,0,11200,0,0,0,10538253,10538253,2949
80468,331,270,1098,2,0,11200,0,0,0,10540357,10540357,2949
80483,331,314,1098,2,0,11200,0,0,0,10542120,10542120,2949
80499,331,384,1098,2,0,11200,0,0,0,10544257,10544257,2949
80514,331,472,1098,2,0,11200,0,0,0,10546460,10546460,2949
80529,331,549,1098,2,0,11200,0,0,0,10548593,10548593,2949
80544,331,615,1098,2,0,11200,0,0,0,10550667,10550667,2949
80559,331,683,1098,2,0,11200,0,0,0,10552413,10552413,2949
80575,331,739,1098,2,0,11200,0,0,0,10554224,10554224,2949
80590,331,829,1098,2,0,11200,0,0,0,10555904,10555904,2949
80606,331,902,1098,2,0,11200,0,0,0,10557860,10557860,2949
80622,331,920,1098,2,0,11200,0,0,0,10558528,10558528,2949
80637,331,930,1098,2,0,11200,0,0,0,10558931,10558931,2949
80653,331,992,1098,2,0,11200,0,0,0,10560792,10560792,2949
80668,332,1073,1098,2,0,11200,0,0,0,10562713,10562713,2949
80683,332,75,1098,2,0,11200,0,0,0,10565200,10565200,2949
80698,332,154,1098,2,0,11200,0,0,0,10567678,10567678,2949
80714,332,212,1098,2,0,11200,0,0,0,10569918,10569918,2949
80729,332,270,1098,2,0,11200,0,0,0,10572370,10572370,2949
80745,332,316,1098,2,0,11200,0,0,0,10574458,10574458,2949
80760,332,376,1098,2,0,11200,0,0,0,10576523,10576523,2949
80775,332,454,1098,2,0,11200,0,0,0,10578704,10578704,2949
80790,332,549,1098,2,0,11200,0,0,0,10580858,10580858,2949
80805,332,612,1098,2,0,11200,0,0,0,10582819,10582819,2949
80823,332,667,1098,2,0,11200,0,0,0,10584472,10584472,2949
80839,332,716,1098,2,0,11200,0,0,0,10586220,10586220,2949
80854,332,768,1098,2,0,11200,0,0,0,10587826,10587826,2949
80869,332,851,1098,2,0,11200,0,0,0,10589630,10589630,2949
80885,332,927,1098,2,0,11200,0,0,0,10591381,10591381,2949
80900,332,993,1098,2,0,11200,0,0,0,10593145,10593145,2949
80915,332,1050,1098,2,0,11200,0,0,0,10595016,10595016,2949
80931,333,28,1098,2,0,11200,0,0,0,10597282,10597282,2949
80946,333,127,1098,2,0,11200,0,0,0,10599741,10599741,2949
80961,333,184,1098,2,0,11200,0,0,0,10601888,10601888,2949
80976,333,241,1098,2,0,11200,0,0,0,10604158,10604158,2949
80992,333,284,1098,2,0,11200,0,0,0,10606549,10606549,2949
81007,333,327,1098,2,0,11200,0,0,0,10608490,10608490,2949
81022,333,400,1098,2,0,11200,0,0,0,10610606,10610606,2949
81037,333,483,1098,2,0,11200,0,0,0,10612764,10612764,2949
81052,333,561,1098,2,0,11200,0,0,0,10615011,10615011,2949
81067,333,633,1098,2,0,11200,0,0,0,10616883,10616883,2949
81083,333,685,1098,2,0,11200,0,0,0,10618473,10618473,2949
81099,333,763,1098,2,0,11200,0,0,0,10620498,10620498,2949
81114,333,848,1098,2,0,11200,0,0,0,10622225,10622225,2949
81130,333,919,1098,2,0,11200,0,0,0,10624152,10624152,2949
81146,333,992,1098,2,0,11200,0,0,0,10626112,10626112,2949
81161,333,1028,1098,2,0,11200,0,0,0,10627199,10627199,2949
81176,334,2,1098,2,0,11200,0,0,0,10629136,10629136,2949
81192,334,103,1098,2,0,11200,0,0,0,10631560,10631560,2949
81207,334,145,1098,2,0,11200,0,0,0,10633621,10633621,2949
81222,334,209,1098,2,0,11200,0,0,0,10635884,10635884,2949
81237,334,256,1098,2,0,11200,0,0,0,10638110,10638110,2949
81252,334,301,1098,2,0,11200,0,0,0,10640402,10640402,2949
81267,334,362,1098,2,0,11200,0,0,0,10642377,10642377,2949
81284,334,434,1098,2,0,11200,0,0,0,10644587,10644587,2949
81299,334,520,1098,2,0,11200,0,0,0,10646794,10646794,2949
81314,334,598,1098,2,0,11200,0,0,0,10649181,10649181,2949
81330,334,657,1098,2,0,11200,0,0,0,10650988,10650988,2949
81346,334,704,1098,2,0,11200,0,0,0,10652436,10652436,2949
81362,334,767,1098,2,0,11200,0,0,0,10654427,10654427,2949
81377,334,860,1098,2,0,11200,0,0,0,10656390,10656390,2949
81392,334,935,1098,2,0,11200,0,0,0,10658384,10658384,2949
81407,334,1009,1098,2,0,11200,0,0,0,10660135,10660135,2949
81423,334,1046,1098,2,0,11200,0,0,0,10661421,10661421,2949
81438,335,13,1098,2,0,11200,0,0,0,10663391,10663391,2949
81453,335,113,1098,2,0,11200,0,0,0,10665706,10665706,2949
81468,335,168,1098,2,0,11200,0,0,0,10668005,10668005,2949
81483,335,234,1098,2,0,11200,0,0,0,10670210,10670210,2949
81499,335,284,1098,2,0,11200,0,0,0,10672387,10672387,2949
81514,335,341,1098,2,0,11200,0,0,0,10674481,10674481,2949
81530,335,400,1098,2,0,11200,0,0,0,10676524,10676524,2949
81545,335,481,1098,2,0,11200,0,0,0,10678798,10678798,2949
81561,335,574,1098,2,0,11200,0,0,0,10681085,10681085,2949
81576,335,632,1098,2,0,11200,0,0,0,10682806,10682806,2949
81592,335,685,1098,2,0,11200,0,0,0,10684510,10684510,2949
81607,335,730,1098,2,0,11200,0,0,0,10686138,10686138,2949
81622,335,829,1098,2,0,11200,0,0,0,10688017,10688017,2949
81638,335,902,1098,2,0,11200,0,0,0,10690098,10690098,2949
81653,335,947,1098,2,0,11200,0,0,0,10691723,10691723,2949
81668,335,1019,1098,2,0,11200,0,0,0,10693598,10693598,2949
81683,336,1086,1098,2,0,11200,0,0,0,10695491,10695491,2949
81699,336,75,1098,2,0,11200,0,0,0,10697986,10697986,2949
81714,336,140,1098,2,0,11200,0,0,0,10700032,10700032,2949
81729,336,206,1098,2,0,11200,0,0,0,10702191,10702191,2949
81745,336,246,1098,2,0,11200,0,0,0,10704105,10704105,2949
81761,336,298,1098,2,0,11200,0,0,0,10706512,10706512,2949
81776,336,358,1098,2,0,11200,0,0,0,10708566,10708566,2949
81791,336,435,1098,2,0,11200,0,0,0,10710832,10710832,2949
81806,336,532,1098,2,0,11200,0,0,0,10713210,10713210,2949
81822,336,612,1098,2,0,11200,0,0,0,10715504,10715504,2949
81838,336,681,1098,2,0,11200,0,0,0,10717451,10717451,2949
81853,336,729,1098,2,0,11200,0,0,0,10719101,10719101,2949
81869,336,817,1098,2,0,11200,0,0,0,10720980,10720980,2949
81884,336,899,1098,2,0,11200,0,0,0,10722750,10722750,2949
81899,336,969,1098,2,0,11200,0,0,0,10724527,10724527,2949
81918,336,1013,1098,2,0,11200,0,0,0,10725691,10725691,2949
81933,337,1091,1098,2,0,11200,0,0,0,10727844,10727844,2949
81948,337,72,1098,2,0,11200,0,0,0,10730360,10730360,2949
81963,337,147,1098,2,0,11200,0,0,0,10732642,10732642,2949
81979,337,215,1098,2,0,11200,0,0,0,10734918,10734918,2949
81994,337,258,1098,2,0,11200,0,0,0,10737131,10737131,2949
82009,337,301,1098,2,0,11200,0,0,0,10739038,10739038,2949
82024,337,350,1098,2,0,11200,0,0,0,10740990,10740990,2949
82040,337,433,1098,2,0,11200,0,0,0,10743251,10743251,2949
82055,337,531,1098,2,0,11200,0,0,0,10745514,10745514,2949
82071,337,612,1098,2,0,11200,0,0,0,10747782,10747782,2949
82087,337,651,1098,2,0,11200,0,0,0,10748998,10748998,2949
82102,337,704,1098,2,0,11200,0,0,0,10750489,10750489,2949
82117,337,762,1098,2,0,11200,0,0,0,10752308,10752308,2949
82133,337,858,1098,2,0,11200,0,0,0,10754274,10754274,2949
82149,337,945,1098,2,0,11200,0,0,0,10756490,10756490,2949
82164,337,1010,1098,2,0,11200,0,0,0,10758374,10758374,2949
82179,337,1026,1098,2,0,11200,0,0,0,10758968,10758968,2949
82194,338,1092,1098,2,0,11200,0,0,0,10760718,10760718,2949
82210,338,91,1098,2,0,11200,0,0,0,10763145,10763145,2949
82225,338,156,1098,2,0,11200,0,0,0,10765566,10765566,2949
82240,338,214,1098,2,0,11200,0,0,0,10767889,10767889,2949
82256,338,268,1098,2,0,11200,0,0,0,10770130,10770130,2949
82271,338,316,1098,2,0,11200,0,0,0,10772072,10772072,2949
82286,338,370,1098,2,0,11200,0,0,0,10774186,10774186,2949
82301,338,439,1098,2,0,11200,0,0,0,10776295,10776295,2949
82317,338,525,1098,2,0,11200,0,0,0,10778567,10778567,2949
82332,338,605,1098,2,0,11200,0,0,0,10780797,10780797,2949
82347,338,671,1098,2,0,11200,0,0,0,10782970,10782970,2949
82362,338,727,1098,2,0,11200,0,0,0,10784766,10784766,2949
82378,338,815,1098,2,0,11200,0,0,0,10786661,10786661,2949
82393,338,904,1098,2,0,11200,0,0,0,10788758,10788758,2949
82409,338,969,1098,2,0,11200,0,0,0,10790722,10790722,2949
82427,338,1013,1098,2,0,11200,0,0,0,10791800,10791800,2949
82442,339,1091,1098,2,0,11200,0,0,0,10793922,10793922,2949
82458,339,73,1098,2,0,11200,0,0,0,10796332,10796332,2949
82473,339,154,1098,2,0,11200,0,0,0,10798622,10798622,2949
82488,339,209,1098,2,0,11200,0,0,0,10800815,10800815,2949
82503,339,264,1098,2,0,11200,0,0,0,10803119,10803119,2949
82519,339,314,1098,2,0,11200,0,0,0,10805205,10805205,2949
82535,339,376,1098,2,0,11200,0,0,0,10807142,10807142,2949
82551,339,446,1098,2,0,11200,0,0,0,10809308,10809308,2949
82567,339,548,1098,2,0,11200,0,0,0,10811484,10811484,2949
82582,339,641,1098,2,0,11200,0,0,0,10813744,10813744,2949
82597,339,681,1098,2,0,11200,0,0,0,10815238,10815238,2949
82613,339,732,1098,2,0,11200,0,0,0,10817103,10817103,2949
82628,339,814,1098,2,0,11200,0,0,0,10818924,10818924,2949
82644,339,890,1098,2,0,11200,0,0,0,10820936,10820936,2949
82665,339,921,1098,2,0,11200,0,0,0,10821966,10821966,2949
82681,339,983,1098,2,0,11200,0,0,0,10823673,10823673,2949
82698,339,1013,1098,2,0,11200,0,0,0,10824650,10824650,2949
82714,340,1080,1098,2,0,11200,0,0,0,10826536,10826536,2949
82729,340,72,1098,2,0,11200,0,0,0,10828886,10828886,2949
82744,340,156,1098,2,0,11200,0,0,0,10831376,10831376,2949
82759,340,206,1098,2,0,11200,0,0,0,10833542,10833542,2949
82775,340,258,1098,2,0,11200,0,0,0,10835688,10835688,2949
82790,340,306,1098,2,0,11200,0,0,0,10837908,10837908,2949
82806,340,363,1098,2,0,11200,0,0,0,10839924,10839924,2949
82821,340,437,1098,2,0,11200,0,0,0,10842136,10842136,2949
82836,340,524,1098,2,0,11200,0,0,0,10844187,10844187,2949
82851,340,590,1098,2,0,11200,0,0,0,10846301,10846301,2949
82867,340,650,1098,2,0,11200,0,0,0,10847922,10847922,2949
82883,340,693,1098,2,0,11200,0,0,0,10849431,10849431,2949
82898,340,753,1098,2,0,11200,0,0,0,10851352,10851352,2949
82913,340,842,1098,2,0,11200,0,0,0,10853382,10853382,2949
82929,340,914,1098,2,0,11200,0,0,0,10855319,10855319,2949
82944,340,993,1098,2,0,11200,0,0,0,10857445,10857445,2949
82967,340,1013,1098,2,0,11200,0,0,0,10858143,10858143,2949
82982,341,6,1098,2,0,11200,0,0,0,10860266,10860266,2949
82997,341,111,1098,2,0,11200,0,0,0,10862802,10862802,2949
83012,341,172,1098,2,0,11200,0,0,0,10865133,10865133,2949
83028,341,238,1098,2,0,11200,0,0,0,10867354,10867354,2949
83043,341,282,1098,2,0,11200,0,0,0,10869530,10869530,2949
83058,341,339,1098,2,0,11200,0,0,0,10871677,10871677,2949
83074,341,400,1098,2,0,11200,0,0,0,10873662,10873662,2949
83089,341,487,1098,2,0,11200,0,0,0,10875908,10875908,2949
83105,341,568,1098,2,0,11200,0,0,0,10878172,10878172,2949
83121,341,632,1098,2,0,11200,0,0,0,10880112,10880112,2949
83136,341,679,1098,2,0,11200,0,0,0,10881427,10881427,2949
83152,341,730,1098,2,0,11200,0,0,0,10883253,10883253,2949
83168,341,838,1098,2,0,11200,0,0,0,10884987,10884987,2949
83183,341,914,1098,2,0,11200,0,0,0,10886935,10886935,2949
83198,341,983,1098,2,0,11200,0,0,0,10888685,10888685,2949
83213,341,1038,1098,2,0,11200,0,0,0,10890181,10890181,2949
83229,342,1,1098,2,0,11200,0,0,0,10892043,10892043,2949
83244,342,75,1098,2,0,11200,0,0,0,10894442,10894442,2949
83259,342,148,1098,2,0,11200,0,0,0,10896873,10896873,2949
83274,342,201,1098,2,0,11200,0,0,0,10899091,10899091,2949
83289,342,253,1098,2,0,11200,0,0,0,10901390,10901390,2949
83304,342,298,1098,2,0,11200,0,0,0,10903484,10903484,2949
83320,342,369,1098,2,0,11200,0,0,0,10905450,10905450,2949
83335,342,443,1098,2,0,11200,0,0,0,10907595,10907595,2949
83351,342,532,1098,2,0,11200,0,0,0,10909715,10909715,2949
83366,342,611,1098,2,0,11200,0,0,0,10911730,10911730,2949
83381,342,667,1098,2,0,11200,0,0,0,10913578,10913578,2949
83396,342,713,1098,2,0,11200,0,0,0,10915189,10915189,2949
83412,342,780,1098,2,0,11200,0,0,0,10917047,10917047,2949
83428,342,889,1098,2,0,11200,0,0,0,10919064,10919064,2949
83443,342,936,1098,2,0,11200,0,0,0,10920701,10920701,2949
83458,342,1009,1098,2,0,11200,0,0,0,10922714,10922714,2949
83476,342,1013,1098,2,0,11200,0,0,0,10923020,10923020,2949
83492,343,1090,1098,2,0,11200,0,0,0,10925121,10925121,2949
83507,343,60,1098,2,0,11200,0,0,0,10927669,10927669,2949
83522,343,146,1098,2,0,11200,0,0,0,10929927,10929927,2949
83538,343,203,1098,2,0,11200,0,0,0,10932262,10932262,2949
83553,343,246,1098,2,0,11200,0,0,0,10934350,10934350,2949
83568,343,297,1098,2,0,11200,0,0,0,10936516,10936516,2949
83583,343,363,1098,2,0,11200,0,0,0,10938583,10938583,2949
83598,343,434,1098,2,0,11200,0,0,0,10940799,10940799,2949
83614,343,521,1098,2,0,11200,0,0,0,10943162,10943162,2949
83629,343,598,1098,2,0,11200,0,0,0,10945290,10945290,2949
83649,343,651,1098,2,0,11200,0,0,0,10946897,10946897,2949
83664,343,703,1098,2,0,11200,0,0,0,10948503,10948503,2949
83679,343,765,1098,2,0,11200,0,0,0,10950452,10950452,2949
83694,343,851,1098,2,0,11200,0,0,0,10952357,10952357,2949
83709,343,935,1098,2,0,11200,0,0,0,10954131,10954131,2949
83725,343,1011,1098,2,0,11200,0,0,0,10956097,10956097,2949
83741,343,1053,1098,2,0,11200,0,0,0,10957203,10957203,2949
83756,344,28,1098,1,0,11200,0,0,0,10959539,10959539,2949
83771,344,123,1098,1,0,11200,0,0,0,10962065,10962065,2949
83786,344,171,1098,1,0,11200,0,0,0,10964411,10964411,2949
83801,344,221,1098,1,0,11200,0,0,0,10966456,10966456,2949
83817,344,271,1098,1,0,11200,0,0,0,10968741,10968741,2949
83832,344,320,1098,1,0,11200,0,0,0,10970814,10970814,2949
83848,344,378,1098,1,0,11200,0,0,0,10972745,10972745,2949
83863,344,443,1098,1,0,11200,0,0,0,10975013,10975013,2949
83879,344,535,1098,1,0,11200,0,0,0,10977205,10977205,2949
83894,344,605,1098,1,0,11200,0,0,0,10979224,10979224,2949
83909,344,674,1098,1,0,11200,0,0,0,10980995,10980995,2949
83925,344,714,1098,1,0,11200,0,0,0,10982562,10982562,2949
83940,344,763,1098,1,0,11200,0,0,0,10984255,10984255,2949
83956,344,845,1098,1,0,11200,0,0,0,10986075,10986075,2949
83976,344,920,1098,1,0,11200,0,0,0,10987829,10987829,2949
83992,344,986,1098,1,0,11200,0,0,0,10989559,10989559,2949
84007,344,1021,1098,1,0,11200,0,0,0,10990742,10990742,2949
84022,345,13,1098,1,0,11200,0,0,0,10992868,10992868,2949
84038,345,114,1098,1,0,11200,0,0,0,10995313,10995313,2949
84053,345,159,1098,1,0,11200,0,0,0,10997524,10997524,2949
84068,345,221,1098,1,0,11200,0,0,0,10999929,10999929,2949
84083,345,275,1098,1,0,11200,0,0,0,11002294,11002294,2949
84099,345,313,1098,1,0,11200,0,0,0,11004174,11004174,2949
84114,345,371,1098,1,0,11200,0,0,0,11006185,11006185,2949
84129,345,470,1098,1,0,11200,0,0,0,11008444,11008444,2949
84145,345,556,1098,1,0,11200,0,0,0,11010582,11010582,2949
84160,345,629,1098,1,0,11200,0,0,0,11012627,11012627,2949
84176,345,681,1098,1,0,11200,0,0,0,11014215,11014215,2949
84191,345,723,1098,1,0,11200,0,0,0,11015873,11015873,2949
84206,345,802,1098,1,0,11200,0,0,0,11017662,11017662,2949
84221,345,900,1098,1,0,11200,0,0,0,11019564,11019564,2949
84236,345,981,1098,1,0,11200,0,0,0,11021090,11021090,2949
84259,345,1013,1098,1,0,11200,0,0,0,11022115,11022115,2949
84274,345,1068,1098,1,0,11200,0,0,0,11024021,11024021,2949
84289,346,42,1098,1,0,11200,0,0,0,11026261,11026261,2949
84305,346,135,1098,1,0,11200,0,0,0,11028718,11028718,2949
84320,346,195,1098,1,0,11200,0,0,0,11030912,11030912,2949
84336,346,244,1098,1,0,11200,0,0,0,11033215,11033215,2949
84351,346,286,1098,1,0,11200,0,0,0,11035511,11035511,2949
84366,346,338,1098,1,0,11200,0,0,0,11037483,11037483,2949
84381,346,404,1098,1,0,11200,0,0,0,11039483,11039483,2949
84396,346,512,1098,1,0,11200,0,0,0,11041771,11041771,2949
84411,346,575,1098,1,0,11200,0,0,0,11043794,11043794,2949
84427,346,651,1098,1,0,11200,0,0,0,11045613,11045613,2949
84442,346,700,1098,1,0,11200,0,0,0,11047054,11047054,2949
84457,346,756,1098,1,0,11200,0,0,0,11048928,11048928,2949
84473,346,842,1098,1,0,11200,0,0,0,11050941,11050941,2949
84488,346,924,1098,1,0,11200,0,0,0,11052900,11052900,2949
84504,346,993,1098,1,0,11200,0,0,0,11054625,11054625,2949
84520,346,1018,1098,1,0,11200,0,0,0,11055535,11055535,2949
84535,347,1084,1098,1,0,11200,0,0,0,11057510,11057510,2949
84550,347,72,1098,1,0,11200,0,0,0,11059800,11059800,2949
84565,347,134,1098,1,0,11200,0,0,0,11062012,11062012,2949
84580,347,204,1098,1,0,11200,0,0,0,11064322,11064322,2949
84595,347,251,1098,1,0,11200,0,0,0,11066531,11066531,2949
84610,347,292,1098,1,0,11200,0,0,0,11068735,11068735,2949
84626,347,343,1098,1,0,11200,0,0,0,11070691,11070691,2949
84641,347,418,1098,1,0,11200,0,0,0,11072832,11072832,2949
84656,347,513,1098,1,0,11200,0,0,0,11074976,11074976,2949
84672,347,586,1098,1,0,11200,0,0,0,11077347,11077347,2949
84687,347,648,1098,1,0,11200,0,0,0,11078963,11078963,2949
84702,347,696,1098,1,0,11200,0,0,0,11080497,11080497,2949
84717,347,739,1098,1,0,11200,0,0,0,11082246,11082246,2949
84733,347,825,1098,1,0,11200,0,0,0,11084101,11084101,2949
84748,347,900,1098,1,0,11200,0,0,0,11086075,11086075,2949
84763,347,961,1098,1,0,11200,0,0,0,11087645,11087645,2949
84780,347,1013,1098,1,0,11200,0,0,0,11088945,11088945,2949
84796,347,1068,1098,1,0,11200,0,0,0,11090773,11090773,2949
84811,348,25,1098,1,0,11200,0,0,0,11092870,11092870,2949
84826,348,124,1098,1,0,11200,0,0,0,11095415,11095415,2949
84842,348,171,1098,1,0,11200,0,0,0,11097738,11097738,2949
84857,348,239,1098,1,0,11200,0,0,0,11099921,11099921,2949
84872,348,284,1098,1,0,11200,0,0,0,11101972,11101972,2949
84887,348,343,1098,1,0,11200,0,0,0,11104224,11104224,2949
84903,348,417,1098,1,0,11200,0,0,0,11106312,11106312,2949
84918,348,504,1098,1,0,11200,0,0,0,11108431,11108431,2949
84933,348,568,1098,1,0,11200,0,0,0,11110500,11110500,2949
84949,348,632,1098,1,0,11200,0,0,0,11112048,11112048,2949
84964,348,681,1098,1,0,11200,0,0,0,11113649,11113649,2949
84979,348,737,1098,1,0,11200,0,0,0,11115416,11115416,2949
84995,348,834,1098,1,0,11200,0,0,0,11117168,11117168,2949
85010,348,904,1098,1,0,11200,0,0,0,11118845,11118845,2949
85025,348,973,1098,1,0,11200,0,0,0,11120727,11120727,2949
85041,348,1018,1098,1,0,11200,0,0,0,11122231,11122231,2949
85056,349,1069,1098,1,0,11200,0,0,0,11123898,11123898,2949
85071,349,32,1098,1,0,11200,0,0,0,11126196,11126196,2949
85086,349,131,1098,1,0,11200,0,0,0,11128736,11128736,2949
85101,349,199,1098,1,0,11200,0,0,0,11130880,11130880,2949
85116,349,247,1098,1,0,11200,0,0,0,11132843,11132843,2949
85132,349,291,1098,1,0,11200,0,0,0,11134861,11134861,2949
85147,349,347,1098,1,0,11200,0,0,0,11136833,11136833,2949
85163,349,410,1098,1,0,11200,0,0,0,11138863,11138863,2949
85179,349,477,1098,1,0,11200,0,0,0,11140851,11140851,2949
85194,349,561,1098,1,0,11200,0,0,0,11143062,11143062,2949
85209,349,632,1098,1,0,11200,0,0,0,11145092,11145092,2949
85225,349,679,1098,1,0,11200,0,0,0,11146603,11146603,2949
85240,349,732,1098,1,0,11200,0,0,0,11148405,11148405,2949
85256,349,817,1098,1,0,11200,0,0,0,11150297,11150297,2949
85272,349,881,1098,1,0,11200,0,0,0,11151881,11151881,2949
85287,349,953,1098,1,0,11200,0,0,0,11153888,11153888,2949
85303,349,1013,1098,1,0,11200,0,0,0,11155375,11155375,2949
85319,350,1071,1098,1,0,11200,0,0,0,11157151,11157151,2949
85334,350,71,1098,1,0,11200,0,0,0,11159461,11159461,2949
85349,350,134,1098,1,0,11200,0,0,0,11161699,11161699,2949
85364,350,201,1098,1,0,11200,0,0,0,11164096,11164096,2949
85379,350,258,1098,1,0,11200,0,0,0,11166425,11166425,2949
85394,350,305,1098,1,0,11200,0,0,0,11168577,11168577,2949
85409,350,369,1098,1,0,11200,0,0,0,11170809,11170809,2949
85425,350,441,1098,1,0,11200,0,0,0,11172913,11172913,2949
85440,350,541,1098,1,0,11200,0,0,0,11175126,11175126,2949
85455,350,613,1098,1,0,11200,0,0,0,11177081,11177081,2949
85470,350,685,1098,1,0,11200,0,0,0,11178949,11178949,2949
85485,350,737,1098,1,0,11200,0,0,0,11180789,11180789,2949
85500,350,832,1098,1,0,11200,0,0,0,11182652,11182652,2949
85516,350,909,1098,1,0,11200,0,0,0,11184442,11184442,2949
85531,350,992,1098,1,0,11200,0,0,0,11186464,11186464,2949
85547,350,1014,1098,1,0,11200,0,0,0,11187305,11187305,2949
85562,351,3,1098,0,0,11200,0,0,0,11189277,11189277,2949
85577,351,105,1098,0,0,11200,0,0,0,11191631,11191631,2949
85592,351,156,1098,0,0,11200,0,0,0,11193839,11193839,2949
85607,351,217,1098,0,0,11200,0,0,0,11196140,11196140,2949
85623,351,270,1098,0,0,11200,0,0,0,11198354,11198354,2949
85638,351,312,1098,0,0,11200,0,0,0,11200407,11200407,2949
85654,351,372,1098,0,0,11200,0,0,0,11202441,11202441,2949
85669,351,435,1098,0,0,11200,0,0,0,11204637,11204637,2949
85685,351,508,1098,0,0,11200,0,0,0,11206603,11206603,2949
85700,351,580,1098,0,0,11200,0,0,0,11208729,11208729,2949
85715,351,648,1098,0,0,11200,0,0,0,11210730,11210730,2949
85731,351,685,1098,0,0,11200,0,0,0,11212142,11212142,2949
85746,351,739,1098,0,0,11200,0,0,0,11213994,11213994,2949
85761,351,828,1098,0,0,11200,0,0,0,11215967,11215967,2949
85777,351,911,1098,0,0,11200,0,0,0,11217931,11217931,2949
85792,351,989,1098,0,0,11200,0,0,0,11219679,11219679,2949
85807,351,1046,1098,0,0,11200,0,0,0,11221381,11221381,2949
85822,352,14,1098,0,0,11200,0,0,0,11223428,11223428,2949
85838,352,124,1098,0,0,11200,0,0,0,11225903,11225903,2949
85853,352,180,1098,0,0,11200,0,0,0,11228104,11228104,2949
85868,352,233,1098,0,0,11200,0,0,0,11230284,11230284,2949
85883,352,275,1098,0,0,11200,0,0,0,11232573,11232573,2949
85899,352,327,1098,0,0,11200,0,0,0,11234552,11234552,2949
85914,352,396,1098,0,0,11200,0,0,0,11236829,11236829,2949
85930,352,487,1098,0,0,11200,0,0,0,11238927,11238927,2949
85945,352,566,1098,0,0,11200,0,0,0,11241060,11241060,2949
85960,352,633,1098,0,0,11200,0,0,0,11242874,11242874,2949
85976,352,679,1098,0,0,11200,0,0,0,11244655,11244655,2949
85991,352,732,1098,0,0,11200,0,0,0,11246369,11246369,2949
86006,352,842,1098,0,0,11200,0,0,0,11248295,11248295,2949
86025,352,920,1098,0,0,11200,0,0,0,11250307,11250307,2949
86040,352,997,1098,0,0,11200,0,0,0,11252341,11252341,2949
86055,352,1063,1098,0,0,11200,0,0,0,11254038,11254038,2949
86070,353,31,1098,0,0,11200,0,0,0,11256046,11256046,2949
86086,353,139,1098,0,0,11200,0,0,0,11258509,11258509,2949
86101,353,195,1098,0,0,11200,0,0,0,11260811,11260811,2949
86117,353,249,1098,0,0,11200,0,0,0,11262961,11262961,2949
86132,353,300,1098,0,0,11200,0,0,0,11265039,11265039,2949
86147,353,350,1098,0,0,11200,0,0,0,11266927,11266927,2949
86162,353,426,1098,0,0,11200,0,0,0,11268976,11268976,2949
86177,353,518,1098,0,0,11200,0,0,0,11271104,11271104,2949
86193,353,578,1098,0,0,11200,0,0,0,11273162,11273162,2949
86209,353,651,1098,0,0,11200,0,0,0,11275091,11275091,2949
86225,353,703,1098,0,0,11200,0,0,0,11276612,11276612,2949
86240,353,761,1098,0,0,11200,0,0,0,11278267,11278267,2949
86255,353,845,1098,0,0,11200,0,0,0,11279881,11279881,2949
86272,353,919,1098,0,0,11200,0,0,0,11281853,11281853,2949
86287,353,974,1098,0,0,11200,0,0,0,11283429,11283429,2949
86306,353,1013,1098,0,0,11200,0,0,0,11284542,11284542,2949
86322,354,1080,1098,0,0,11200,0,0,0,11286258,11286258,2949
86337,354,66,1098,0,0,11200,0,0,0,11288628,11288628,2949
86352,354,141,1098,0,0,11200,0,0,0,11291168,11291168,2949
86368,354,209,1098,0,0,11200,0,0,0,11293633,11293633,2949
86384,354,271,1098,0,0,11200,0,0,0,11296025,11296025,2949
86399,354,338,1098,0,0,11200,0,0,0,11298083,11298083,2949
86415,354,400,1098,0,0,11200,0,0,0,11300245,11300245,2949
86431,354,488,1098,0,0,11200,0,0,0,11302508,11302508,2949
86446,354,567,1098,0,0,11200,0,0,0,11304681,11304681,2949
86461,354,641,1098,0,0,11200,0,0,0,11306523,11306523,2949
86477,354,690,1098,0,0,11200,0,0,0,11308117,11308117,2949
86492,354,750,1098,0,0,11200,0,0,0,11310052,11310052,2949
86508,354,838,1098,0,0,11200,0,0,0,11312049,11312049,2949
86523,354,911,1098,0,0,11200,0,0,0,11313813,11313813,2949
86538,354,983,1098,0,0,11200,0,0,0,11315577,11315577,2949
86554,354,1013,1098,0,0,11200,0,0,0,11316749,11316749,2949
86569,355,2,1098,0,0,11200,0,0,0,11318941,11318941,2949
86584,355,104,1098,0,0,11200,0,0,0,11321335,11321335,2949
86599,355,163,1098,0,0,11200,0,0,0,11323843,11323843,2949
86614,355,213,1098,0,0,11200,0,0,0,11326006,11326006,2949
86630,355,267,1098,0,0,11200,0,0,0,11328341,11328341,2949
86645,355,316,1098,0,0,11200,0,0,0,11330477,11330477,2949
86660,355,388,1098,0,0,11200,0,0,0,11332661,11332661,2949
86676,355,446,1098,0,0,11200,0,0,0,11334742,11334742,2949
86691,355,547,1098,0,0,11200,0,0,0,11336968,11336968,2949
86708,355,613,1098,0,0,11200,0,0,0,11339066,11339066,2949
86723,355,666,1098,0,0,11200,0,0,0,11340657,11340657,2949
86738,355,701,1098,0,0,11200,0,0,0,11341988,11341988,2949
86753,355,762,1098,0,0,11200,0,0,0,11343815,11343815,2949
86769,355,838,1098,0,0,11200,0,0,0,11345495,11345495,2949
86784,355,919,1098,0,0,11200,0,0,0,11347546,11347546,2949
86799,355,989,1098,0,0,11200,0,0,0,11349362,11349362,2949
86814,355,1014,1098,0,0,11200,0,0,0,11350143,11350143,2949
86830,356,1086,1098,0,0,11200,0,0,0,11352112,11352112,2949
86845,356,101,1098,0,0,11200,0,0,0,11354630,11354630,2949
86860,356,158,1098,0,0,11200,0,0,0,11357029,11357029,2949
86875,356,217,1098,0,0,11200,0,0,0,11359428,11359428,2949
86890,356,267,1098,0,0,11200,0,0,0,11361522,11361522,2949
86905,356,315,1098,0,0,11200,0,0,0,11363554,11363554,2949
86921,356,366,1098,0,0,11200,0,0,0,11365508,11365508,2949
86936,356,433,1098,0,0,11200,0,0,0,11367674,11367674,2949
86951,356,519,1098,0,0,11200,0,0,0,11369874,11369874,2949
86966,356,593,1098,0,0,11200,0,0,0,11371907,11371907,2949
86982,356,657,1098,0,0,11200,0,0,0,11373843,11373843,2949
86997,356,717,1098,0,0,11200,0,0,0,11375614,11375614,2949
87013,356,808,1098,0,0,11200,0,0,0,11377687,11377687,2949
87028,356,890,1098,0,0,11200,0,0,0,11379498,11379498,2949
87043,356,926,1098,0,0,11200,0,0,0,11380237,11380237,2949
87059,356,1008,1098,0,0,11200,0,0,0,11382217,11382217,2949
87074,356,1047,1098,0,0,11200,0,0,0,11383865,11383865,2949
87089,357,12,1099,1,0,11200,0,0,0,11385863,11385863,2949
87104,357,113,1099,1,0,11200,0,0,0,11388318,11388318,2949
87119,357,174,1099,1,0,11200,0,0,0,11390899,11390899,2949
87134,357,238,1099,1,0,11200,0,0,0,11393092,11393092,2949
87149,357,283,1099,1,0,11200,0,0,0,11395263,11395263,2949
87165,357,348,1099,1,0,11200,0,0,0,11397376,11397376,2949
87181,357,426,1099,1,0,11200,0,0,0,11399622,11399622,2949
87196,357,504,1099,1,0,11200,0,0,0,11401580,11401580,2949
87211,357,593,1099,1,0,11200,0,0,0,11403824,11403824,2949
87227,357,654,1099,1,0,11200,0,0,0,11405468,11405468,2949
87242,357,707,1099,1,0,11200,0,0,0,11406911,11406911,2949
87258,357,762,1099,1,0,11200,0,0,0,11408635,11408635,2949
87273,357,845,1099,1,0,11200,0,0,0,11410345,11410345,2949
87288,357,919,1099,1,0,11200,0,0,0,11412325,11412325,2949
87304,357,973,1099,1,0,11200,0,0,0,11413899,11413899,2949
87319,357,1014,1099,1,0,11200,0,0,0,11415095,11415095,2949
87335,358,3,1099,1,0,11200,0,0,0,11417301,11417301,2949
87350,358,106,1099,1,0,11200,0,0,0,11419749,11419749,2949
87365,358,159,1099,1,0,11200,0,0,0,11422189,11422189,2949
87381,358,220,1099,1,0,11200,0,0,0,11424548,11424548,2949
87397,358,273,1099,1,0,11200,0,0,0,11426742,11426742,2949
87412,358,334,1099,1,0,11200,0,0,0,11428947,11428947,2949
87427,358,389,1099,1,0,11200,0,0,0,11430915,11430915,2949
87443,358,487,1099,1,0,11200,0,0,0,11433230,11433230,2949
87458,358,561,1099,1,0,11200,0,0,0,11435285,11435285,2949
87474,358,632,1099,1,0,11200,0,0,0,11436887,11436887,2949
87490,358,679,1099,1,0,11200,0,0,0,11438540,11438540,2949
87505,358,724,1099,1,0,11200,0,0,0,11440207,11440207,2949
87520,358,803,1099,1,0,11200,0,0,0,11442054,11442054,2949
87535,358,907,1099,1,0,11200,0,0,0,11444209,11444209,2949
87551,358,951,1099,1,0,11200,0,0,0,11445547,11445547,2949
87566,358,1009,1099,1,0,11200,0,0,0,11447365,11447365,2949
87582,358,1039,1099,1,0,11200,0,0,0,11448435,11448435,2949
87597,359,21,1099,1,0,11200,0,0,0,11450821,11450821,2949
87612,359,131,1099,1,0,11200,0,0,0,11453511,11453511,2949
87627,359,174,1099,1,0,11200,0,0,0,11455790,11455790,2949
87642,359,220,1099,1,0,11200,0,0,0,11458003,11458003,2949
87658,359,271,1099,1,0,11200,0,0,0,11460335,11460335,2949
87673,359,308,1099,1,0,11200,0,0,0,11462370,11462370,2949
87689,359,369,1099,1,0,11200,0,0,0,11464536,11464536,2949
87704,359,435,1099,1,0,11200,0,0,0,11466632,11466632,2949
87719,359,531,1099,1,0,11200,0,0,0,11468871,11468871,2949
87735,359,605,1099,1,0,11200,0,0,0,11471020,11471020,2949
87750,359,664,1099,1,0,11200,0,0,0,11472571,11472571,2949
87765,359,693,1099,1,0,11200,0,0,0,11473693,11473693,2949
87781,359,739,1099,1,0,11200,0,0,0,11475561,11475561,2949
87796,359,817,1099,1,0,11200,0,0,0,11477390,11477390,2949
87812,359,900,1099,1,0,11200,0,0,0,11479375,11479375,2949
87827,359,969,1099,1,0,11200,0,0,0,11481197,11481197,2949
87842,359,1023,1099,1,0,11200,0,0,0,11482778,11482778,2949
87858,360,11,1099,1,0,11200,0,0,0,11485074,11485074,2949
87873,360,116,1099,1,0,11200,0,0,0,11487577,11487577,2949
87889,360,171,1099,1,0,11200,0,0,0,11489962,11489962,2949
87905,360,226,1099,1,0,11200,0,0,0,11492246,11492246,2949
87920,360,276,1099,1,0,11200,0,0,0,11494516,11494516,2949
87935,360,312,1099,1,0,11200,0,0,0,11496593,11496593,2949
87950,360,363,1099,1,0,11200,0,0,0,11498652,11498652,2949
87966,360,430,1099,1,0,11200,0,0,0,11500620,11500620,2949
87981,360,518,1099,1,0,11200,0,0,0,11502872,11502872,2949
87996,360,594,1099,1,0,11200,0,0,0,11505041,11505041,2949
88011,360,663,1099,1,0,11200,0,0,0,11506683,11506683,2949
88026,360,706,1099,1,0,11200,0,0,0,11508122,11508122,2949
88041,360,795,1099,1,0,11200,0,0,0,11510027,11510027,2949
88057,360,890,1099,1,0,11200,0,0,0,11512035,11512035,2949
88072,360,924,1099,1,0,11200,0,0,0,11513324,11513324,2949
88087,360,999,1099,1,0,11200,0,0,0,11515364,11515364,2949
88103,360,1014,1099,1,0,11200,0,0,0,11515912,11515912,2949
88118,360,1068,1099,1,0,11200,0,0,0,11517560,11517560,2949
88133,361,103,1099,1,0,11200,0,0,0,11520259,11520259,2949
88149,361,139,1099,1,0,11200,0,0,0,11522367,11522367,2949
88164,361,201,1099,1,0,11200,0,0,0,11524609,11524609,2949
88179,361,245,1099,1,0,11200,0,0,0,11526601,11526601,2949
88195,361,303,1099,1,0,11200,0,0,0,11528976,11528976,2949
88210,361,353,1099,1,0,11200,0,0,0,11531073,11531073,2949
88225,361,429,1099,1,0,11200,0,0,0,11533213,11533213,2949
88240,361,520,1099,1,0,11200,0,0,0,11535228,11535228,2949
88255,361,593,1099,1,0,11200,0,0,0,11537432,11537432,2949
88271,361,642,1099,1,0,11200,0,0,0,11538998,11538998,2949
88286,361,674,1099,1,0,11200,0,0,0,11540001,11540001,2949
88302,361,719,1099,1,0,11200,0,0,0,11541599,11541599,2949
88317,361,778,1099,1,0,11200,0,0,0,11543524,11543524,2949
88332,361,860,1099,1,0,11200,0,0,0,11545213,11545213,2949
88347,361,919,1099,1,0,11200,0,0,0,11547029,11547029,2949
88362,361,982,1099,1,0,11200,0,0,0,11548587,11548587,2949
88392,361,1013,1099,1,0,11200,0,0,0,11549906,11549906,2949
88407,362,1069,1099,1,0,11200,0,0,0,11551696,11551696,2949
88422,362,47,1099,1,0,11200,0,0,0,11554148,11554148,2949
88437,362,128,1099,1,0,11200,0,0,0,11556430,11556430,2949
88453,362,176,1099,1,0,11200,0,0,0,11558754,11558754,2949
88468,362,223,1099,1,0,11200,0,0,0,11560899,11560899,2949
88483,362,275,1099,1,0,11200,0,0,0,11563128,11563128,2949
88499,362,326,1099,1,0,11200,0,0,0,11565180,11565180,2949
88515,362,397,1099,1,0,11200,0,0,0,11567351,11567351,2949
88530,362,495,1099,1,0,11200,0,0,0,11569667,11569667,2949
88545,362,571,1099,1,0,11200,0,0,0,11571873,11571873,2949
88560,362,644,1099,1,0,11200,0,0,0,11573705,11573705,2949
88575,362,693,1099,1,0,11200,0,0,0,11575118,11575118,2949
88590,362,737,1099,1,0,11200,0,0,0,11576990,11576990,2949
88606,362,791,1099,1,0,11200,0,0,0,11578732,11578732,2949
88622,362,878,1099,1,0,11200,0,0,0,11580723,11580723,2949
88637,362,954,1099,1,0,11200,0,0,0,11582551,11582551,2949
88653,362,1013,1099,1,0,11200,0,0,0,11583983,11583983,2949
88668,363,1080,1099,1,0,11200,0,0,0,11585819,11585819,2949
88683,363,103,1099,1,0,11200,0,0,0,11588244,11588244,2949
88698,363,159,1099,1,0,11200,0,0,0,11590676,11590676,2949
88713,363,211,1099,1,0,11200,0,0,0,11592833,11592833,2949
88729,363,264,1099,1,0,11200,0,0,0,11595108,11595108,2949
88744,363,312,1099,1,0,11200,0,0,0,11597236,11597236,2949
88759,363,370,1099,1,0,11200,0,0,0,11599260,11599260,2949
88775,363,436,1099,1,0,11200,0,0,0,11601579,11601579,2949
88790,363,542,1099,1,0,11200,0,0,0,11603969,11603969,2949
88807,363,613,1099,1,0,11200,0,0,0,11606156,11606156,2949
88822,363,654,1099,1,0,11200,0,0,0,11607648,11607648,2949
88837,363,700,1099,1,0,11200,0,0,0,11609033,11609033,2949
88852,363,753,1099,1,0,11200,0,0,0,11610677,11610677,2949
88868,363,844,1099,1,0,11200,0,0,0,11612513,11612513,2949
88883,363,910,1099,1,0,11200,0,0,0,11614264,11614264,2949
88898,363,968,1099,1,0,11200,0,0,0,11615933,11615933,2949
88920,363,1013,1099,1,0,11200,0,0,0,11617284,11617284,2949
88935,364,1080,1099,1,0,11200,0,0,0,11619199,11619199,2949
88950,364,60,1099,1,0,11200,0,0,0,11621609,11621609,2949
88966,364,135,1099,1,0,11200,0,0,0,11624192,11624192,2949
88981,364,199,1099,1,0,11200,0,0,0,11626443,11626443,2949
88996,364,256,1099,1,0,11200,0,0,0,11628735,11628735,2949
89012,364,298,1099,1,0,11200,0,0,0,11630778,11630778,2949
89027,364,362,1099,1,0,11200,0,0,0,11632917,11632917,2949
89042,364,439,1099,1,0,11200,0,0,0,11635250,11635250,2949
89058,364,541,1099,1,0,11200,0,0,0,11637379,11637379,2949
89073,364,609,1099,1,0,11200,0,0,0,11639479,11639479,2949
89088,364,650,1099,1,0,11200,0,0,0,11640557,11640557,2949
89104,364,689,1099,1,0,11200,0,0,0,11641611,11641611,2949
89120,364,727,1099,1,0,11200,0,0,0,11643272,11643272,2949
89136,364,838,1099,1,0,11200,0,0,0,11645090,11645090,2949
89151,364,926,1099,1,0,11200,0,0,0,11647151,11647151,2949
89167,364,999,1099,1,0,11200,0,0,0,11649356,11649356,2949
89184,364,1013,1099,1,0,11200,0,0,0,11649754,11649754,2949
89199,364,1067,1099,1,0,11200,0,0,0,11651523,11651523,2949
89214,365,42,1099,1,0,11200,0,0,0,11653889,11653889,2949
89229,365,133,1099,1,0,11200,0,0,0,11656299,11656299,2949
89245,365,191,1099,1,0,11200,0,0,0,11658775,11658775,2949
89260,365,243,1099,1,0,11200,0,0,0,11660840,11660840,2949
89275,365,286,1099,1,0,11200,0,0,0,11663040,11663040,2949
89290,365,350,1099,1,0,11200,0,0,0,11665124,11665124,2949
89306,365,431,1099,1,0,11200,0,0,0,11667364,11667364,2949
89321,365,523,1099,1,0,11200,0,0,0,11669448,11669448,2949
89336,365,597,1099,1,0,11200,0,0,0,11671627,11671627,2949
89352,365,650,1099,1,0,11200,0,0,0,11673266,11673266,2949
89368,365,700,1099,1,0,11200,0,0,0,11674896,11674896,2949
89383,365,755,1099,1,0,11200,0,0,0,11676763,11676763,2949
89398,365,845,1099,1,0,11200,0,0,0,11678697,11678697,2949
89414,365,911,1099,1,0,11200,0,0,0,11680762,11680762,2949
89429,365,974,1099,1,0,11200,0,0,0,11682452,11682452,2949
89444,365,1023,1099,1,0,11200,0,0,0,11684018,11684018,2949
89460,366,10,1099,1,0,11200,0,0,0,11686113,11686113,2949
89475,366,109,1099,1,0,11200,0,0,0,11688360,11688360,2949
89490,366,170,1099,1,0,11200,0,0,0,11690942,11690942,2949
89505,366,235,1099,1,0,11200,0,0,0,11693264,11693264,2949
89520,366,282,1099,1,0,11200,0,0,0,11695473,11695473,2949
89535,366,339,1099,1,0,11200,0,0,0,11697510,11697510,2949
89551,366,403,1099,1,0,11200,0,0,0,11699744,11699744,2949
89567,366,475,1099,1,0,11200,0,0,0,11701977,11701977,2949
89582,366,553,1099,1,0,11200,0,0,0,11704226,11704226,2949
89597,366,629,1099,1,0,11200,0,0,0,11706256,11706256,2949
89612,366,691,1099,1,0,11200,0,0,0,11707904,11707904,2949
89627,366,748,1099,1,0,11200,0,0,0,11709630,11709630,2949
89643,366,844,1099,1,0,11200,0,0,0,11711526,11711526,2949
89658,366,914,1099,1,0,11200,0,0,0,11713482,11713482,2949
89673,366,969,1099,1,0,11200,0,0,0,11715001,11715001,2949
89699,366,1013,1099,1,0,11200,0,0,0,11715983,11715983,2949
89714,366,1068,1099,1,0,11200,0,0,0,11717715,11717715,2949
89729,367,44,1099,1,0,11200,0,0,0,11720104,11720104,2949
89745,367,132,1099,1,0,11200,0,0,0,11722549,11722549,2949
89760,367,194,1099,1,0,11200,0,0,0,11725054,11725054,2949
89775,367,244,1099,1,0,11200,0,0,0,11727108,11727108,2949
89790,367,284,1099,1,0,11200,0,0,0,11729401,11729401,2949
89806,367,338,1099,1,0,11200,0,0,0,11731577,11731577,2949
89821,367,402,1099,1,0,11200,0,0,0,11733835,11733835,2949
89837,367,477,1099,1,0,11200,0,0,0,11735944,11735944,2949
89852,367,564,1099,1,0,11200,0,0,0,11738223,11738223,2949
89867,367,632,1099,1,0,11200,0,0,0,11740395,11740395,2949
89883,367,685,1099,1,0,11200,0,0,0,11742043,11742043,2949
89898,367,737,1099,1,0,11200,0,0,0,11743765,11743765,2949
89913,367,817,1099,1,0,11200,0,0,0,11745509,11745509,2949
89929,367,880,1099,1,0,11200,0,0,0,11747346,11747346,2949
89944,367,920,1099,1,0,11200,0,0,0,11748839,11748839,2949
89959,367,993,1099,1,0,11200,0,0,0,11750632,11750632,2949
89979,367,1013,1099,1,0,11200,0,0,0,11751334,11751334,2949
89995,368,1092,1099,1,0,11200,0,0,0,11753319,11753319,2949
90010,368,91,1099,1,0,11200,0,0,0,11755791,11755791,2949
90025,368,146,1099,1,0,11200,0,0,0,11758007,11758007,2949
90040,368,210,1099,1,0,11200,0,0,0,11760428,11760428,2949
90056,368,267,1099,1,0,11200,0,0,0,11762550,11762550,2949
90071,368,314,1099,1,0,11200,0,0,0,11764697,11764697,2949
90086,368,371,1099,1,0,11200,0,0,0,11766799,11766799,2949
90101,368,439,1099,1,0,11200,0,0,0,11768869,11768869,2949
90116,368,529,1099,1,0,11200,0,0,0,11771007,11771007,2949
90132,368,608,1099,1,0,11200,0,0,0,11773234,11773234,2949
90147,368,673,1099,1,0,11200,0,0,0,11774844,11774844,2949
90163,368,720,1099,1,0,11200,0,0,0,11776446,11776446,2949
90178,368,795,1099,1,0,11200,0,0,0,11778233,11778233,2949
90193,368,878,1100,2,0,11200,0,0,0,11780038,11780038,2950
90209,368,946,1100,2,0,11200,0,0,0,11781818,11781818,2950
90235,368,1013,1100,2,0,11200,0,0,0,11783767,11783767,2950
90250,369,6,1100,1,0,11200,0,0,0,11786015,11786015,2950
90266,369,109,1100,1,0,11200,0,0,0,11788596,11788596,2950
90281,369,147,1100,1,0,11200,0,0,0,11790759,11790759,2950
90296,369,209,1100,1,0,11200,0,0,0,11793041,11793041,2950
90311,369,259,1100,1,0,11200,0,0,0,11795417,11795417,2950
90327,369,298,1100,1,0,11200,0,0,0,11797472,11797472,2950
90343,369,347,1100,1,0,11200,0,0,0,11799546,11799546,2950
90358,369,426,1100,1,0,11200,0,0,0,11801792,11801792,2950
90373,369,521,1100,1,0,11200,0,0,0,11804031,11804031,2950
90388,369,605,1100,1,0,11200,0,0,0,11806270,11806270,2950
90404,369,653,1100,1,0,11200,0,0,0,11807750,11807750,2950
90419,369,696,1100,1,0,11200,0,0,0,11809474,11809474,2950
90435,369,753,1100,1,0,11200,0,0,0,11811467,11811467,2950
90450,369,829,1100,1,0,11200,0,0,0,11813280,11813280,2950
90465,369,904,1100,1,0,11200,0,0,0,11815089,11815089,2950
90480,369,962,1100,1,0,11200,0,0,0,11816885,11816885,2950
90503,369,1013,1100,1,0,11200,0,0,0,11818672,11818672,2950
90518,369,1068,1100,1,0,11200,0,0,0,11820397,11820397,2950
90534,370,42,1100,1,0,11200,0,0,0,11822753,11822753,2950
90549,370,137,1100,1,0,11200,0,0,0,11825256,11825256,2950
90564,370,205,1100,1,0,11200,0,0,0,11827729,11827729,2950
90579,370,245,1100,1,0,11200,0,0,0,11829410,11829410,2950
90595,370,291,1100,1,0,11200,0,0,0,11831790,11831790,2950
90610,370,371,1100,1,0,11200,0,0,0,11833886,11833886,2950
90625,370,451,1100,1,0,11200,0,0,0,11836091,11836091,2950
90641,370,553,1100,1,0,11200,0,0,0,11838425,11838425,2950
90657,370,632,1100,1,0,11200,0,0,0,11840568,11840568,2950
90672,370,673,1100,1,0,11200,0,0,0,11842182,11842182,2950
90687,370,730,1100,1,0,11200,0,0,0,11843938,11843938,2950
90703,370,810,1100,1,0,11200,0,0,0,11845759,11845759,2950
90718,370,883,1100,1,0,11200,0,0,0,11847699,11847699,2950
90734,370,927,1100,1,0,11200,0,0,0,11849162,11849162,2950
90749,370,997,1100,1,0,11200,0,0,0,11851000,11851000,2950
90769,370,1013,1100,1,0,11200,0,0,0,11851560,11851560,2950
90784,371,1073,1100,1,0,11200,0,0,0,11853507,11853507,2950
90799,371,100,1100,1,0,11200,0,0,0,11855913,11855913,2950
90815,371,148,1100,1,0,11200,0,0,0,11858309,11858309,2950
90830,371,205,1100,1,0,11200,0,0,0,11860439,11860439,2950
90845,371,256,1100,1,0,11200,0,0,0,11862637,11862637,2950
90860,371,305,1100,1,0,11200,0,0,0,11864723,11864723,2950
90876,371,376,1100,1,0,11200,0,0,0,11866763,11866763,2950
90891,371,440,1100,1,0,11200,0,0,0,11868921,11868921,2950
90906,371,529,1100,1,0,11200,0,0,0,11871254,11871254,2950
90922,371,605,1100,1,0,11200,0,0,0,11873366,11873366,2950
90937,371,671,1100,1,0,11200,0,0,0,11875149,11875149,2950
90952,371,719,1100,1,0,11200,0,0,0,11876767,11876767,2950
90968,371,814,1100,1,0,11200,0,0,0,11878844,11878844,2950
90983,371,899,1100,1,0,11200,0,0,0,11880887,11880887,2950
90998,371,962,1100,1,0,11200,0,0,0,11882679,11882679,2950
91023,371,1013,1100,1,0,11200,0,0,0,11884423,11884423,2950
91038,371,1068,1100,1,0,11200,0,0,0,11886230,11886230,2950
91054,372,49,1100,1,0,11200,0,0,0,11888466,11888466,2950
91069,372,140,1100,1,0,11200,0,0,0,11890813,11890813,2950
91084,372,203,1100,1,0,11200,0,0,0,11893159,11893159,2950
91100,372,258,1100,1,0,11200,0,0,0,11895539,11895539,2950
91115,372,307,1100,1,0,11200,0,0,0,11897704,11897704,2950
91131,372,370,1100,1,0,11200,0,0,0,11899774,11899774,2950
91146,372,441,1100,1,0,11200,0,0,0,11902224,11902224,2950
91161,372,543,1100,1,0,11200,0,0,0,11904424,11904424,2950
91176,372,611,1100,1,0,11200,0,0,0,11906511,11906511,2950
91191,372,650,1100,1,0,11200,0,0,0,11907928,11907928,2950
91206,372,701,1100,1,0,11200,0,0,0,11909443,11909443,2950
91221,372,756,1100,1,0,11200,0,0,0,11911384,11911384,2950
91236,372,855,1100,1,0,11200,0,0,0,11913193,11913193,2950
91253,372,920,1100,1,0,11200,0,0,0,11915134,11915134,2950
91268,372,992,1100,1,0,11200,0,0,0,11916818,11916818,2950
91284,372,1039,1100,1,0,11200,0,0,0,11918079,11918079,2950
91299,373,10,1100,1,0,11200,0,0,0,11920063,11920063,2950
91314,373,105,1100,1,0,11200,0,0,0,11922473,11922473,2950
91329,373,161,1100,1,0,11200,0,0,0,11924959,11924959,2950
91345,373,216,1100,1,0,11200,0,0,0,11927336,11927336,2950
91360,373,269,1100,1,0,11200,0,0,0,11929420,11929420,2950
91375,373,314,1100,1,0,11200,0,0,0,11931545,11931545,2950
91390,373,379,1100,1,0,11200,0,0,0,11933653,11933653,2950
91406,373,446,1100,1,0,11200,0,0,0,11935821,11935821,2950
91421,373,528,1100,1,0,11200,0,0,0,11938095,11938095,2950
91436,373,615,1100,1,0,11200,0,0,0,11940328,11940328,2950
91452,373,676,1100,1,0,11200,0,0,0,11941989,11941989,2950
91467,373,719,1100,1,0,11200,0,0,0,11943594,11943594,2950
91482,373,814,1100,1,0,11200,0,0,0,11945345,11945345,2950
91498,373,883,1100,1,0,11200,0,0,0,11947186,11947186,2950
91513,373,961,1100,1,0,11200,0,0,0,11948989,11948989,2950
91529,373,1013,1100,1,0,11200,0,0,0,11950663,11950663,2950
91544,373,1062,1100,1,0,11200,0,0,0,11952393,11952393,2950
91559,374,43,1100,1,0,11200,0,0,0,11954831,11954831,2950
91574,374,136,1100,1,0,11200,0,0,0,11957105,11957105,2950
91590,374,202,1100,1,0,11200,0,0,0,11959460,11959460,2950
91605,374,249,1100,1,0,11200,0,0,0,11961686,11961686,2950
91620,374,298,1100,1,0,11200,0,0,0,11963910,11963910,2950
91636,374,353,1100,1,0,11200,0,0,0,11965820,11965820,2950
91651,374,433,1100,1,0,11200,0,0,0,11967985,11967985,2950
91667,374,506,1100,1,0,11200,0,0,0,11970034,11970034,2950
91683,374,568,1100,1,0,11200,0,0,0,11972035,11972035,2950
91698,374,639,1100,1,0,11200,0,0,0,11973802,11973802,2950
91713,374,679,1100,1,0,11200,0,0,0,11975082,11975082,2950
91729,374,727,1101,2,0,11200,0,0,0,11976879,11976879,2951
91744,374,814,1101,2,0,11200,0,0,0,11978634,11978634,2951
91760,374,908,1101,2,0,11200,0,0,0,11980529,11980529,2951
91775,374,961,1101,2,0,11200,0,0,0,11981976,11981976,2951
91791,374,1013,1101,2,0,11200,0,0,0,11983142,11983142,2951
91806,375,1085,1101,2,0,11200,0,0,0,11984932,11984932,2951
91821,375,103,1101,1,0,11200,0,0,0,11987344,11987344,2951
91836,375,139,1101,1,0,11200,0,0,0,11989247,11989247,2951
91852,375,209,1101,1,0,11200,0,0,0,11991443,11991443,2951
91867,375,260,1101,1,0,11200,0,0,0,11993729,11993729,2951
91882,375,304,1101,1,0,11200,0,0,0,11995786,11995786,2951
91898,375,350,1101,1,0,11200,0,0,0,11998050,11998050,2951
91913,375,434,1101,1,0,11200,0,0,0,12000214,12000214,2951
91929,375,521,1101,1,0,11200,0,0,0,12002264,12002264,2951
91945,375,598,1101,1,0,11200,0,0,0,12004439,12004439,2951
91960,375,668,1101,1,0,11200,0,0,0,12006225,12006225,2951
91975,375,713,1101,1,0,11200,0,0,0,12007758,12007758,2951
91990,375,802,1101,1,0,11200,0,0,0,12009462,12009462,2951
92005,375,875,1101,1,0,11200,0,0,0,12011258,12011258,2951
92021,375,947,1101,1,0,11200,0,0,0,12013250,12013250,2951
92036,375,999,1101,1,0,11200,0,0,0,12015102,12015102,2951
92055,375,1013,1101,1,0,11200,0,0,0,12015641,12015641,2951
92074,376,1082,1101,1,0,11200,0,0,0,12017443,12017443,2951
92089,376,101,1101,1,0,11200,0,0,0,12020060,12020060,2951
92104,376,146,1101,1,0,11200,0,0,0,12022514,12022514,2951
92120,376,206,1101,1,0,11200,0,0,0,12024852,12024852,2951
92135,376,264,1101,1,0,11200,0,0,0,12027282,12027282,2951
92150,376,314,1101,1,0,11200,0,0,0,12029457,12029457,2951
92166,376,389,1101,1,0,11200,0,0,0,12031708,12031708,2951
92181,376,487,1101,1,0,11200,0,0,0,12033940,12033940,2951
92196,376,571,1101,1,0,11200,0,0,0,12036158,12036158,2951
92211,376,644,1101,1,0,11200,0,0,0,12038296,12038296,2951
92226,376,680,1101,1,0,11200,0,0,0,12039581,12039581,2951
92242,376,720,1101,1,0,11200,0,0,0,12041160,12041160,2951
92257,376,771,1101,1,0,11200,0,0,0,12042855,12042855,2951
92272,376,838,1101,1,0,11200,0,0,0,12044550,12044550,2951
92287,376,917,1101,1,0,11200,0,0,0,12046474,12046474,2951
92302,376,981,1101,1,0,11200,0,0,0,12048037,12048037,2951
92317,376,1040,1101,1,0,11200,0,0,0,12049570,12049570,2951
92333,377,15,1101,1,0,11200,0,0,0,12051707,12051707,2951
92348,377,124,1101,1,0,11200,0,0,0,12054347,12054347,2951
92364,377,181,1101,1,0,11200,0,0,0,12056458,12056458,2951
92379,377,246,1101,1,0,11200,0,0,0,12058545,12058545,2951
92395,377,295,1101,1,0,11200,0,0,0,12060744,12060744,2951
92410,377,363,1101,1,0,11200,0,0,0,12063059,12063059,2951
92426,377,436,1101,1,0,11200,0,0,0,12065355,12065355,2951
92441,377,517,1101,1,0,11200,0,0,0,12067342,12067342,2951
92456,377,578,1101,1,0,11200,0,0,0,12069514,12069514,2951
92472,377,642,1101,1,0,11200,0,0,0,12071359,12071359,2951
92488,377,681,1101,1,0,11200,0,0,0,12072811,12072811,2951
92504,377,731,1101,1,0,11200,0,0,0,12074595,12074595,2951
92519,377,808,1101,1,0,11200,0,0,0,12076210,12076210,2951
92534,377,885,1101,1,0,11200,0,0,0,12078099,12078099,2951
92549,377,936,1101,1,0,11200,0,0,0,12079723,12079723,2951
92565,377,999,1101,1,0,11200,0,0,0,12081610,12081610,2951
92580,377,1061,1101,1,0,11200,0,0,0,12083612,12083612,2951
92596,378,28,1101,1,0,11200,0,0,0,12085881,12085881,2951
92611,378,129,1101,1,0,11200,0,0,0,12088379,12088379,2951
92626,378,204,1101,1,0,11200,0,0,0,12090762,12090762,2951
92641,378,246,1101,1,0,11200,0,0,0,12092852,12092852,2951
92657,378,300,1101,1,0,11200,0,0,0,12095078,12095078,2951
92672,378,351,1101,1,0,11200,0,0,0,12097269,12097269,2951
92687,378,437,1101,1,0,11200,0,0,0,12099608,12099608,2951
92702,378,548,1101,1,0,11200,0,0,0,12101938,12101938,2951
92718,378,613,1101,1,0,11200,0,0,0,12103967,12103967,2951
92734,378,673,1101,1,0,11200,0,0,0,12105499,12105499,2951
92750,378,711,1101,1,0,11200,0,0,0,12107081,12107081,2951
92765,378,780,1101,1,0,11200,0,0,0,12109017,12109017,2951
92781,378,880,1101,1,0,11200,0,0,0,12110871,12110871,2951
92796,378,930,1101,1,0,11200,0,0,0,12112362,12112362,2951
92812,378,1008,1101,1,0,11200,0,0,0,12114415,12114415,2951
92827,378,1018,1101,1,0,11200,0,0,0,12114759,12114759,2951
92842,379,7,1101,1,0,11200,0,0,0,12116920,12116920,2951
92857,379,107,1101,1,0,11200,0,0,0,12119297,12119297,2951
92872,379,159,1101,1,0,11200,0,0,0,12121812,12121812,2951
92888,379,217,1101,1,0,11200,0,0,0,12124096,12124096,2951
92903,379,275,1101,1,0,11200,0,0,0,12126385,12126385,2951
92918,379,327,1101,1,0,11200,0,0,0,12128406,12128406,2951
92933,379,399,1101,1,0,11200,0,0,0,12130604,12130604,2951
92948,379,487,1101,1,0,11200,0,0,0,12132748,12132748,2951
92963,379,571,1101,1,0,11200,0,0,0,12135026,12135026,2951
92979,379,650,1101,1,0,11200,0,0,0,12137009,12137009,2951
92994,379,690,1101,1,0,11200,0,0,0,12138450,12138450,2951
93009,379,754,1101,1,0,11200,0,0,0,12140394,12140394,2951
93025,379,845,1101,1,0,11200,0,0,0,12142459,12142459,2951
93041,379,917,1101,1,0,11200,0,0,0,12144413,12144413,2951
93056,379,984,1101,1,0,11200,0,0,0,12146031,12146031,2951
93082,379,1013,1101,1,0,11200,0,0,0,12147066,12147066,2951
93097,380,1080,1101,1,0,11200,0,0,0,12148990,12148990,2951
93112,380,49,1101,1,0,11200,0,0,0,12151351,12151351,2951
93127,380,143,1101,1,0,11200,0,0,0,12153644,12153644,2951
93142,380,204,1101,1,0,11200,0,0,0,12156006,12156006,2951
93158,380,258,1101,1,0,11200,0,0,0,12158289,12158289,2951
93173,380,306,1101,1,0,11200,0,0,0,12160446,12160446,2951
93188,380,370,1101,1,0,11200,0,0,0,12162647,12162647,2951
93204,380,435,1101,1,0,11200,0,0,0,12164775,12164775,2951
93219,380,531,1101,1,0,11200,0,0,0,12167059,12167059,2951
93235,380,614,1101,1,0,11200,0,0,0,12169267,12169267,2951
93250,380,685,1101,1,0,11200,0,0,0,12171095,12171095,2951
93265,380,753,1101,1,0,11200,0,0,0,12172937,12172937,2951
93281,380,846,1101,1,0,11200,0,0,0,12174636,12174636,2951
93296,380,932,1101,1,0,11200,0,0,0,12176894,12176894,2951
93311,380,999,1101,1,0,11200,0,0,0,12178942,12178942,2951
93327,380,1013,1101,1,0,11200,0,0,0,12179426,12179426,2951
93342,380,1069,1101,1,0,11200,0,0,0,12181253,12181253,2951
93358,381,25,1101,1,0,11200,0,0,0,12183327,12183327,2951
93373,381,124,1101,1,0,11200,0,0,0,12185807,12185807,2951
93388,381,174,1101,1,0,11200,0,0,0,12188049,12188049,2951
93403,381,229,1101,1,0,11200,0,0,0,12190086,12190086,2951
93419,381,276,1101,1,0,11200,0,0,0,12192266,12192266,2951
93434,381,318,1101,1,0,11200,0,0,0,12194226,12194226,2951
93449,381,372,1101,1,0,11200,0,0,0,12196109,12196109,2951
93464,381,466,1101,1,0,11200,0,0,0,12198391,12198391,2951
93479,381,543,1101,1,0,11200,0,0,0,12200450,12200450,2951
93495,381,613,1101,1,0,11200,0,0,0,12202404,12202404,2951
93510,381,690,1101,1,0,11200,0,0,0,12204198,12204198,2951
93526,381,730,1101,1,0,11200,0,0,0,12206086,12206086,2951
93541,381,828,1101,1,0,11200,0,0,0,12208152,12208152,2951
93556,381,908,1101,1,0,11200,0,0,0,12210045,12210045,2951
93571,381,964,1101,1,0,11200,0,0,0,12211422,12211422,2951
93593,381,1013,1101,1,0,11200,0,0,0,12212730,12212730,2951
93608,382,1073,1101,1,0,11200,0,0,0,12214662,12214662,2951
93623,382,31,1101,0,0,11200,0,0,0,12216891,12216891,2951
93639,382,132,1101,0,0,11200,0,0,0,12219488,12219488,2951
93654,382,188,1101,0,0,11200,0,0,0,12221727,12221727,2951
93669,382,241,1101,0,0,11200,0,0,0,12224031,12224031,2951
93684,382,287,1101,0,0,11200,0,0,0,12226227,12226227,2951
93700,382,341,1101,0,0,11200,0,0,0,12228188,12228188,2951
93715,382,411,1101,0,0,11200,0,0,0,12230236,12230236,2951
93730,382,472,1101,0,0,11200,0,0,0,12232230,12232230,2951
93746,382,547,1101,0,0,11200,0,0,0,12234434,12234434,2951
93761,382,609,1101,0,0,11200,0,0,0,12236765,12236765,2951
93777,382,679,1101,0,0,11200,0,0,0,12238297,12238297,2951
93792,382,720,1101,0,0,11200,0,0,0,12240082,12240082,2951
93807,382,803,1101,0,0,11200,0,0,0,12242079,12242079,2951
93822,382,883,1101,0,0,11200,0,0,0,12243955,12243955,2951
93837,382,943,1101,0,0,11200,0,0,0,12245780,12245780,2951
93862,382,1013,1101,0,0,11200,0,0,0,12247540,12247540,2951
93878,383,1100,1101,0,0,11200,0,0,0,12249551,12249551,2951
93894,383,104,1101,0,0,11200,0,0,0,12252073,12252073,2951
93909,383,156,1101,0,0,11200,0,0,0,12254242,12254242,2951
93924,383,221,1101,0,0,11200,0,0,0,12256538,12256538,2951
93939,383,268,1101,0,0,11200,0,0,0,12258846,12258846,2951
93954,383,324,1101,0,0,11200,0,0,0,12260836,12260836,2951
93969,383,385,1101,0,0,11200,0,0,0,12262922,12262922,2951
93984,383,482,1101,0,0,11200,0,0,0,12265237,12265237,2951
93999,383,549,1101,0,0,11200,0,0,0,12267403,12267403,2951
94014,383,632,1101,0,0,11200,0,0,0,12269503,12269503,2951
94030,383,676,1101,0,0,11200,0,0,0,12270913,12270913,2951
94045,383,727,1101,0,0,11200,0,0,0,12272770,12272770,2951
94061,383,838,1101,0,0,11200,0,0,0,12274519,12274519,2951
94076,383,911,1101,0,0,11200,0,0,0,12276526,12276526,2951
94092,383,967,1101,0,0,11200,0,0,0,12277575,12277575,2951
94109,383,1013,1101,0,0,11200,0,0,0,12278758,12278758,2951
94124,384,1084,1101,0,0,11200,0,0,0,12280936,12280936,2951
94140,384,103,1101,0,0,11200,0,0,0,12283455,12283455,2951
94155,384,140,1101,0,0,11200,0,0,0,12285629,12285629,2951
94170,384,207,1101,0,0,11200,0,0,0,12287993,12287993,2951
94186,384,256,1101,0,0,11200,0,0,0,12290223,12290223,2951
94201,384,301,1101,0,0,11200,0,0,0,12292334,12292334,2951
94216,384,358,1101,0,0,11200,0,0,0,12294307,12294307,2951
94231,384,425,1101,0,0,11200,0,0,0,12296296,12296296,2951
94247,384,523,1101,0,0,11200,0,0,0,12298493,12298493,2951
94262,384,598,1101,0,0,11200,0,0,0,12300512,12300512,2951
94277,384,668,1101,0,0,11200,0,0,0,12302350,12302350,2951
94292,384,700,1101,0,0,11200,0,0,0,12303610,12303610,2951
94307,384,764,1101,0,0,11200,0,0,0,12305637,12305637,2951
94322,384,855,1101,0,0,11200,0,0,0,12307395,12307395,2951
94340,384,920,1101,0,0,11200,0,0,0,12309191,12309191,2951
94356,384,993,1101,0,0,11200,0,0,0,12311155,12311155,2951
94373,384,1013,1101,0,0,11200,0,0,0,12311523,12311523,2951
94388,385,1073,1101,0,0,11200,0,0,0,12313665,12313665,2951
94403,385,72,1101,0,0,11200,0,0,0,12316106,12316106,2951
94419,385,139,1101,0,0,11200,0,0,0,12318263,12318263,2951
94435,385,207,1101,0,0,11200,0,0,0,12320662,12320662,2951
94450,385,256,1101,0,0,11200,0,0,0,12323034,12323034,2951
94465,385,301,1101,0,0,11200,0,0,0,12325203,12325203,2951
94481,385,353,1101,0,0,11200,0,0,0,12327381,12327381,2951
94496,385,428,1101,0,0,11200,0,0,0,12329675,12329675,2951
94511,385,508,1101,0,0,11200,0,0,0,12331717,12331717,2951
94527,385,577,1101,0,0,11200,0,0,0,12334011,12334011,2951
94542,385,632,1101,0,0,11200,0,0,0,12335549,12335549,2951
94558,385,676,1101,0,0,11200,0,0,0,12337132,12337132,2951
94573,385,720,1101,0,0,11200,0,0,0,12338800,12338800,2951
94589,385,808,1101,0,0,11200,0,0,0,12340989,12340989,2951
94605,385,890,1101,0,0,11200,0,0,0,12342778,12342778,2951
94620,385,954,1101,0,0,11200,0,0,0,12344615,12344615,2951
94637,385,1013,1101,0,0,11200,0,0,0,12346223,12346223,2951
94653,386,1100,1101,0,0,11200,0,0,0,12348210,12348210,2951
94668,386,104,1101,0,0,11200,0,0,0,12350624,12350624,2951
94683,386,161,1101,0,0,11200,0,0,0,12352818,12352818,2951
94698,386,223,1101,0,0,11200,0,0,0,12354945,12354945,2951
94713,386,274,1101,0,0,11200,0,0,0,12356980,12356980,2951
94728,386,315,1101,0,0,11200,0,0,0,12359079,12359079,2951
94744,386,377,1101,0,0,11200,0,0,0,12361207,12361207,2951
94759,386,466,1101,0,0,11200,0,0,0,12363440,12363440,2951
94775,386,532,1101,0,0,11200,0,0,0,12365551,12365551,2951
94790,386,597,1101,0,0,11200,0,0,0,12367476,12367476,2951
94805,386,664,1101,0,0,11200,0,0,0,12369586,12369586,2951
94821,386,698,1101,0,0,11200,0,0,0,12371006,12371006,2951
94837,386,764,1101,0,0,11200,0,0,0,12372994,12372994,2951
94852,386,846,1101,0,0,11200,0,0,0,12374723,12374723,2951
94871,386,920,1101,0,0,11200,0,0,0,12376922,12376922,2951
94887,386,999,1101,0,0,11200,0,0,0,12378907,12378907,2951
94902,386,1042,1101,0,0,11200,0,0,0,12380020,12380020,2951
94917,387,19,1101,0,0,11200,0,0,0,12382200,12382200,2951
94932,387,129,1101,0,0,11200,0,0,0,12384764,12384764,2951
94947,387,199,1101,0,0,11200,0,0,0,12387221,12387221,2951
94963,387,251,1101,0,0,11200,0,0,0,12389483,12389483,2951
94978,387,307,1101,0,0,11200,0,0,0,12391564,12391564,2951
94993,387,366,1101,0,0,11200,0,0,0,12393681,12393681,2951
95009,387,441,1101,0,0,11200,0,0,0,12395966,12395966,2951
95025,387,528,1101,0,0,11200,0,0,0,12398215,12398215,2951
95040,387,601,1101,0,0,11200,0,0,0,12400405,12400405,2951
95055,387,668,1101,0,0,11200,0,0,0,12402346,12402346,2951
95071,387,706,1101,0,0,11200,0,0,0,12403830,12403830,2951
95086,387,780,1101,0,0,11200,0,0,0,12405819,12405819,2951
95102,387,890,1101,0,0,11200,0,0,0,12407557,12407557,2951
95117,387,935,1101,0,0,11200,0,0,0,12408981,12408981,2951
95132,387,1002,1101,0,0,11200,0,0,0,12410976,12410976,2951
95153,387,1013,1101,0,0,11200,0,0,0,12411294,12411294,2951
95169,388,1078,1101,0,0,11200,0,0,0,12413532,12413532,2951
95184,388,72,1101,0,0,11200,0,0,0,12416181,12416181,2951
95199,388,154,1101,0,0,11200,0,0,0,12418675,12418675,2951
95214,388,216,1101,0,0,11200,0,0,0,12421031,12421031,2951
95230,388,258,1101,0,0,11200,0,0,0,12423019,12423019,2951
95245,388,298,1101,0,0,11200,0,0,0,12424980,12424980,2951
95260,388,363,1101,0,0,11200,0,0,0,12427216,12427216,2951
95276,388,436,1101,0,0,11200,0,0,0,12429415,12429415,2951
95291,388,523,1101,0,0,11200,0,0,0,12431735,12431735,2951
95306,388,598,1101,0,0,11200,0,0,0,12433899,12433899,2951
95322,388,671,1101,0,0,11200,0,0,0,12435727,12435727,2951
95337,388,716,1101,0,0,11200,0,0,0,12436967,12436967,2951
95352,388,787,1101,0,0,11200,0,0,0,12438866,12438866,2951
95367,388,885,1101,0,0,11200,0,0,0,12440848,12440848,2951
95383,388,935,1101,0,0,11200,0,0,0,12442196,12442196,2951
95398,388,999,1101,0,0,11200,0,0,0,12444107,12444107,2951
95413,388,1033,1101,0,0,11200,0,0,0,12445239,12445239,2951
95428,389,12,1101,0,0,11200,0,0,0,12447410,12447410,2951
95443,389,105,1101,0,0,11200,0,0,0,12449846,12449846,2951
95459,389,146,1101,0,0,11200,0,0,0,12452121,12452121,2951
95474,389,204,1101,0,0,11200,0,0,0,12454306,12454306,2951
95489,389,253,1101,0,0,11200,0,0,0,12456520,12456520,2951
95505,389,292,1101,0,0,11200,0,0,0,12458752,12458752,2951
95521,389,347,1101,0,0,11200,0,0,0,12460767,12460767,2951
95536,389,416,1101,0,0,11200,0,0,0,12462932,12462932,2951
95552,389,483,1101,0,0,11200,0,0,0,12465031,12465031,2951
95567,389,563,1101,0,0,11200,0,0,0,12467251,12467251,2951
95582,389,637,1101,0,0,11200,0,0,0,12469295,12469295,2951
95597,389,681,1101,0,0,11200,0,0,0,12470871,12470871,2951
95613,389,713,1101,0,0,11200,0,0,0,12472222,12472222,2951
95628,389,780,1101,0,0,11200,0,0,0,12474045,12474045,2951
95643,389,855,1101,0,0,11200,0,0,0,12475862,12475862,2951
95658,389,936,1101,0,0,11200,0,0,0,12477961,12477961,2951
95673,389,1009,1101,0,0,11200,0,0,0,12479933,12479933,2951
95688,389,1038,1101,0,0,11200,0,0,0,12480763,12480763,2951
95704,390,5,1101,0,0,11200,0,0,0,12482683,12482683,2951
95719,390,118,1101,0,0,11200,0,0,0,12485330,12485330,2951
95734,390,174,1101,0,0,11200,0,0,0,12487782,12487782,2951
95750,390,233,1101,0,0,11200,0,0,0,12490056,12490056,2951
95765,390,278,1101,0,0,11200,0,0,0,12492468,12492468,2951
95780,390,327,1101,0,0,11200,0,0,0,12494440,12494440,2951
95795,390,399,1101,0,0,11200,0,0,0,12496432,12496432,2951
95811,390,483,1101,0,0,11200,0,0,0,12498750,12498750,2951
95826,390,574,1101,0,0,11200,0,0,0,12500864,12500864,2951
95842,390,632,1101,0,0,11200,0,0,0,12502584,12502584,2951
95857,390,673,1101,0,0,11200,0,0,0,12503778,12503778,2951
95872,390,706,1101,0,0,11200,0,0,0,12505093,12505093,2951
95887,390,763,1101,0,0,11200,0,0,0,12506812,12506812,2951
95903,390,852,1101,0,0,11200,0,0,0,12508602,12508602,2951
95921,390,920,1101,0,0,11200,0,0,0,12510382,12510382,2951
95936,390,993,1101,0,0,11200,0,0,0,12512223,12512223,2951
95952,390,1045,1101,0,0,11200,0,0,0,12513688,12513688,2951
95967,391,3,1101,0,0,11200,0,0,0,12515441,12515441,2951
95982,391,107,1101,0,0,11200,0,0,0,12517706,12517706,2951
95997,391,154,1101,0,0,11200,0,0,0,12519859,12519859,2951
96013,391,207,1101,0,0,11200,0,0,0,12522289,12522289,2951
96028,391,255,1101,0,0,11200,0,0,0,12524383,12524383,2951
96043,391,305,1101,0,0,11200,0,0,0,12526414,12526414,2951
96058,391,379,1101,0,0,11200,0,0,0,12528470,12528470,2951
96074,391,469,1101,0,0,11200,0,0,0,12530613,12530613,2951
96089,391,537,1101,0,0,11200,0,0,0,12532742,12532742,2951
96104,391,611,1101,0,0,11200,0,0,0,12534632,12534632,2951
96120,391,676,1101,0,0,11200,0,0,0,12536394,12536394,2951
96135,391,715,1101,0,0,11200,0,0,0,12537970,12537970,2951
96151,391,772,1101,0,0,11200,0,0,0,12539617,12539617,2951
96166,391,860,1101,0,0,11200,0,0,0,12541150,12541150,2951
96181,391,920,1101,0,0,11200,0,0,0,12542842,12542842,2951
96197,391,1010,1101,0,0,11200,0,0,0,12544691,12544691,2951
96213,391,1050,1101,0,0,11200,0,0,0,12545945,12545945,2951
96228,392,12,1101,0,0,11200,0,0,0,12547781,12547781,2951
96243,392,112,1101,0,0,11200,0,0,0,12550003,12550003,2951
96258,392,148,1101,0,0,11200,0,0,0,12552052,12552052,2951
96274,392,209,1101,0,0,11200,0,0,0,12554238,12554238,2951
96289,392,252,1101,0,0,11200,0,0,0,12556147,12556147,2951
96304,392,298,1101,0,0,11200,0,0,0,12558237,12558237,2951
96319,392,358,1101,0,0,11200,0,0,0,12560230,12560230,2951
96335,392,433,1101,0,0,11200,0,0,0,12562403,12562403,2951
96351,392,517,1101,0,0,11200,0,0,0,12564589,12564589,2951
96366,392,578,1101,0,0,11200,0,0,0,12566684,12566684,2951
96381,392,651,1101,0,0,11200,0,0,0,12568240,12568240,2951
96396,392,693,1101,0,0,11200,0,0,0,12569630,12569630,2951
96411,392,732,1101,0,0,11200,0,0,0,12571287,12571287,2951
96427,392,814,1101,0,0,11200,0,0,0,12573132,12573132,2951
96442,392,897,1102,1,0,11200,0,0,0,12574739,12574739,2951
96458,392,961,1102,1,0,11200,0,0,0,12576262,12576262,2951
96473,392,1028,1102,1,0,11200,0,0,0,12577913,12577913,2951
96489,393,1099,1102,1,0,11200,0,0,0,12579783,12579783,2951
96504,393,101,1102,1,0,11200,0,0,0,12582126,12582126,2951
96519,393,145,1102,1,0,11200,0,0,0,12584174,12584174,2951
96535,393,207,1102,1,0,11200,0,0,0,12586469,12586469,2951
96550,393,254,1102,1,0,11200,0,0,0,12588553,12588553,2951
96565,393,298,1102,1,0,11200,0,0,0,12590742,12590742,2951
96580,393,362,1102,1,0,11200,0,0,0,12592781,12592781,2951
96596,393,434,1102,1,0,11200,0,0,0,12594907,12594907,2951
96611,393,517,1102,1,0,11200,0,0,0,12596949,12596949,2951
96627,393,579,1102,1,0,11200,0,0,0,12599015,12599015,2951
96642,393,642,1102,1,0,11200,0,0,0,12600647,12600647,2951
96658,393,689,1102,1,0,11200,0,0,0,12602003,12602003,2951
96673,393,756,1102,1,0,11200,0,0,0,12603745,12603745,2951
96688,393,844,1102,1,0,11200,0,0,0,12605385,12605385,2951
96706,393,920,1102,1,0,11200,0,0,0,12607514,12607514,2951
96722,393,997,1102,1,0,11200,0,0,0,12609622,12609622,2951
96737,393,1046,1103,2,0,11200,0,0,0,12610929,12610929,2951
96752,394,10,1103,2,0,11200,0,0,0,12612594,12612594,2951
96767,394,104,1103,2,0,11200,0,0,0,12615105,12615105,2951
96782,394,146,1103,2,0,11200,0,0,0,12617235,12617235,2951
96798,394,208,1103,2,0,11200,0,0,0,12619594,12619594,2951
96813,394,256,1103,2,0,11200,0,0,0,12621831,12621831,2951
96828,394,306,1103,2,0,11200,0,0,0,12624041,12624041,2951
96843,394,353,1103,2,0,11200,0,0,0,12625932,12625932,2951
96859,394,435,1103,2,0,11200,0,0,0,12627984,12627984,2951
96874,394,541,1103,2,0,11200,0,0,0,12630173,12630173,2951
96889,394,629,1103,2,0,11200,0,0,0,12632362,12632362,2951
96905,394,681,1103,2,0,11200,0,0,0,12633902,12633902,2951
96920,394,733,1103,2,0,11200,0,0,0,12635713,12635713,2951
96935,394,829,1103,2,0,11200,0,0,0,12637591,12637591,2951
96950,394,918,1103,2,0,11200,0,0,0,12639685,12639685,2951
96965,394,1002,1103,2,0,11200,0,0,0,12641816,12641816,2951
96981,394,1061,1103,2,0,11200,0,0,0,12643574,12643574,2951
96996,395,19,1103,2,0,11200,0,0,0,12645523,12645523,2951
97011,395,119,1103,2,0,11200,0,0,0,12647932,12647932,2951
97028,395,172,1103,2,0,11200,0,0,0,12650285,12650285,2951
97044,395,238,1103,2,0,11200,0,0,0,12652625,12652625,2951
97059,395,287,1103,2,0,11200,0,0,0,12654969,12654969,2951
97075,395,348,1103,2,0,11200,0,0,0,12657153,12657153,2951
97090,395,435,1103,2,0,11200,0,0,0,12659371,12659371,2951
97106,395,529,1103,2,0,11200,0,0,0,12661513,12661513,2951
97121,395,602,1103,2,0,11200,0,0,0,12663704,12663704,2951
97136,395,666,1103,2,0,11200,0,0,0,12665531,12665531,2951
97151,395,713,1103,2,0,11200,0,0,0,12666996,12666996,2951
97167,395,800,1103,2,0,11200,0,0,0,12669040,12669040,2951
97182,395,885,1103,2,0,11200,0,0,0,12670869,12670869,2951
97198,395,947,1103,2,0,11200,0,0,0,12672671,12672671,2951
97213,395,1012,1103,2,0,11200,0,0,0,12674609,12674609,2951
97228,395,1048,1103,2,0,11200,0,0,0,12675720,12675720,2951
97244,396,25,1103,1,0,11200,0,0,0,12677948,12677948,2951
97259,396,123,1103,1,0,11200,0,0,0,12680522,12680522,2951
97274,396,170,1103,1,0,11200,0,0,0,12682829,12682829,2951
97289,396,232,1103,1,0,11200,0,0,0,12684955,12684955,2951
97305,396,280,1103,1,0,11200,0,0,0,12687282,12687282,2951
97321,396,338,1103,1,0,11200,0,0,0,12689428,12689428,2951
97336,396,418,1103,1,0,11200,0,0,0,12691660,12691660,2951
97351,396,504,1103,1,0,11200,0,0,0,12693875,12693875,2951
97367,396,579,1103,1,0,11200,0,0,0,12696099,12696099,2951
97382,396,650,1103,1,0,11200,0,0,0,12697856,12697856,2951
97398,396,692,1103,1,0,11200,0,0,0,12699435,12699435,2951
97413,396,761,1103,1,0,11200,0,0,0,12701271,12701271,2951
97428,396,842,1103,1,0,11200,0,0,0,12702830,12702830,2951
97444,396,919,1103,1,0,11200,0,0,0,12704912,12704912,2951
97459,396,984,1103,1,0,11200,0,0,0,12706359,12706359,2951
97474,396,1031,1103,1,0,11200,0,0,0,12707882,12707882,2951
97490,397,3,1103,1,0,11200,0,0,0,12710052,12710052,2951
97505,397,107,1103,1,0,11200,0,0,0,12712700,12712700,2951
97520,397,171,1103,1,0,11200,0,0,0,12715208,12715208,2951
97536,397,242,1103,1,0,11200,0,0,0,12717495,12717495,2951
97551,397,291,1103,1,0,11200,0,0,0,12719821,12719821,2951
97566,397,350,1103,1,0,11200,0,0,0,12721921,12721921,2951
97582,397,423,1103,1,0,11200,0,0,0,12724236,12724236,2951
97597,397,503,1103,1,0,11200,0,0,0,12726378,12726378,2951
97612,397,568,1103,1,0,11200,0,0,0,12728610,12728610,2951
97628,397,642,1103,1,0,11200,0,0,0,12730502,12730502,2951
97644,397,683,1103,1,0,11200,0,0,0,12732030,12732030,2951
97660,397,737,1103,1,0,11200,0,0,0,12733680,12733680,2951
97675,397,832,1103,1,0,11200,0,0,0,12735578,12735578,2951
97690,397,917,1103,1,0,11200,0,0,0,12737416,12737416,2951
97706,397,983,1103,1,0,11200,0,0,0,12738995,12738995,2951
97729,397,1013,1103,1,0,11200,0,0,0,12740345,12740345,2951
97745,398,1092,1103,1,0,11200,0,0,0,12742580,12742580,2951
97760,398,75,1103,1,0,11200,0,0,0,12744957,12744957,2951
97776,398,146,1103,1,0,11200,0,0,0,12747312,12747312,2951
97791,398,210,1103,1,0,11200,0,0,0,12749566,12749566,2951
97807,398,267,1103,1,0,11200,0,0,0,12751907,12751907,2951
97822,398,301,1103,1,0,11200,0,0,0,12753944,12753944,2951
97837,398,367,1103,1,0,11200,0,0,0,12756134,12756134,2951
97853,398,436,1103,1,0,11200,0,0,0,12758415,12758415,2951
97868,398,529,1103,1,0,11200,0,0,0,12760517,12760517,2951
97883,398,608,1103,1,0,11200,0,0,0,12762798,12762798,2951
97898,398,664,1103,1,0,11200,0,0,0,12764400,12764400,2951
97914,398,714,1103,1,0,11200,0,0,0,12765942,12765942,2951
97929,398,768,1103,1,0,11200,0,0,0,12767542,12767542,2951
97944,398,874,1103,1,0,11200,0,0,0,12769658,12769658,2951
97959,398,936,1103,1,0,11200,0,0,0,12771575,12771575,2951
97974,398,1011,1103,1,0,11200,0,0,0,12773519,12773519,2951
97989,398,1059,1103,1,0,11200,0,0,0,12775139,12775139,2951
98005,399,24,1103,1,0,11200,0,0,0,12777362,12777362,2951
98020,399,127,1103,1,0,11200,0,0,0,12779955,12779955,2951
98035,399,187,1103,1,0,11200,0,0,0,12782170,12782170,2951
98050,399,242,1103,1,0,11200,0,0,0,12784377,12784377,2951
98066,399,287,1103,1,0,11200,0,0,0,12786506,12786506,2951
98081,399,340,1103,1,0,11200,0,0,0,12788352,12788352,2951
98096,399,417,1103,1,0,11200,0,0,0,12790410,12790410,2951
98111,399,477,1103,1,0,11200,0,0,0,12792376,12792376,2951
98126,399,564,1103,1,0,11200,0,0,0,12794519,12794519,2951
98142,399,617,1103,1,0,11200,0,0,0,12796426,12796426,2951
98158,399,674,1103,1,0,11200,0,0,0,12798207,12798207,2951
98174,399,714,1103,1,0,11200,0,0,0,12799703,12799703,2951
98189,399,808,1103,1,0,11200,0,0,0,12801613,12801613,2951
98205,399,901,1103,1,0,11200,0,0,0,12803540,12803540,2951
98220,399,964,1103,1,0,11200,0,0,0,12805741,12805741,2951
98238,399,1013,1103,1,0,11200,0,0,0,12807265,12807265,2951
98254,400,1079,1103,1,0,11200,0,0,0,12809251,12809251,2951
98269,400,52,1103,1,0,11200,0,0,0,12811595,12811595,2951
98284,400,134,1103,1,0,11200,0,0,0,12813939,12813939,2951
98299,400,203,1103,1,0,11200,0,0,0,12816360,12816360,2951
98314,400,249,1103,1,0,11200,0,0,0,12818478,12818478,2951
98330,400,291,1103,1,0,11200,0,0,0,12820695,12820695,2951
98345,400,358,1103,1,0,11200,0,0,0,12822836,12822836,2951
98360,400,430,1103,1,0,11200,0,0,0,12824942,12824942,2951
98375,400,523,1103,1,0,11200,0,0,0,12827091,12827091,2951
98391,400,584,1103,1,0,11200,0,0,0,12829067,12829067,2951
98406,400,650,1103,1,0,11200,0,0,0,12830809,12830809,2951
98421,400,690,1103,1,0,11200,0,0,0,12832275,12832275,2951
98437,400,739,1103,1,0,11200,0,0,0,12834045,12834045,2951
98453,400,820,1103,1,0,11200,0,0,0,12835985,12835985,2951
98468,400,909,1103,1,0,11200,0,0,0,12837959,12837959,2951
98483,400,999,1103,1,0,11200,0,0,0,12840057,12840057,2951
98498,400,1028,1103,1,0,11200,0,0,0,12841068,12841068,2951
98513,401,1100,1103,1,0,11200,0,0,0,12842963,12842963,2951
98528,401,105,1103,1,0,11200,0,0,0,12845537,12845537,2951
98544,401,159,1103,1,0,11200,0,0,0,12847874,12847874,2951
98559,401,211,1103,1,0,11200,0,0,0,12849956,12849956,2951
98574,401,260,1103,1,0,11200,0,0,0,12852159,12852159,2951
98589,401,308,1103,1,0,11200,0,0,0,12854278,12854278,2951
98605,401,376,1103,1,0,11200,0,0,0,12856344,12856344,2951
98621,401,456,1103,1,0,11200,0,0,0,12858646,12858646,2951
98636,401,551,1103,1,0,11200,0,0,0,12860902,12860902,2951
98651,401,623,1103,1,0,11200,0,0,0,12863005,12863005,2951
98668,401,667,1103,1,0,11200,0,0,0,12864018,12864018,2951
98683,401,711,1103,1,0,11200,0,0,0,12865577,12865577,2951
98698,401,771,1103,1,0,11200,0,0,0,12867403,12867403,2951
98713,401,858,1103,1,0,11200,0,0,0,12869377,12869377,2951
98733,401,920,1103,1,0,11200,0,0,0,12871186,12871186,2951
98748,401,999,1103,1,0,11200,0,0,0,12873209,12873209,2951
98766,401,1013,1103,1,0,11200,0,0,0,12873776,12873776,2951
98782,402,1086,1103,1,0,11200,0,0,0,12875855,12875855,2951
98797,402,85,1103,1,0,11200,0,0,0,12878292,12878292,2951
98813,402,139,1103,1,0,11200,0,0,0,12880428,12880428,2951
98830,402,203,1103,1,0,11200,0,0,0,12882788,12882788,2951
98845,402,251,1103,1,0,11200,0,0,0,12884988,12884988,2951
98860,402,297,1103,1,0,11200,0,0,0,12887334,12887334,2951
98876,402,362,1103,1,0,11200,0,0,0,12889416,12889416,2951
98891,402,433,1103,1,0,11200,0,0,0,12891579,12891579,2951
98906,402,528,1103,1,0,11200,0,0,0,12893755,12893755,2951
98921,402,591,1103,1,0,11200,0,0,0,12895784,12895784,2951
98937,402,674,1103,1,0,11200,0,0,0,12897577,12897577,2951
98952,402,720,1103,1,0,11200,0,0,0,12899255,12899255,2951
98967,402,808,1103,1,0,11200,0,0,0,12901187,12901187,2951
98982,402,899,1103,1,0,11200,0,0,0,12903186,12903186,2951
98998,402,956,1103,1,0,11200,0,0,0,12904849,12904849,2951
99013,402,1024,1103,1,0,11200,0,0,0,12906604,12906604,2951
99028,403,5,1103,1,0,11200,0,0,0,12908699,12908699,2951
99043,403,107,1103,1,0,11200,0,0,0,12911402,12911402,2951
99059,403,164,1103,1,0,11200,0,0,0,12913798,12913798,2951
99074,403,237,1103,1,0,11200,0,0,0,12916010,12916010,2951
99089,403,276,1103,1,0,11200,0,0,0,12918009,12918009,2951
99104,403,326,1103,1,0,11200,0,0,0,12920210,12920210,2951
99119,403,396,1103,1,0,11200,0,0,0,12922380,12922380,2951
99135,403,466,1103,1,0,11200,0,0,0,12924380,12924380,2951
99150,403,568,1103,1,0,11200,0,0,0,12926464,12926464,2951
99165,403,642,1103,1,0,11200,0,0,0,12928404,12928404,2951
99181,403,679,1103,1,0,11200,0,0,0,12929796,12929796,2951
99196,403,719,1103,1,0,11200,0,0,0,12931410,12931410,2951
99212,403,817,1103,1,0,11200,0,0,0,12933353,12933353,2951
99227,403,883,1103,1,0,11200,0,0,0,12935112,12935112,2951
99243,403,953,1103,1,0,11200,0,0,0,12937127,12937127,2951
99258,403,1028,1103,1,0,11200,0,0,0,12938808,12938808,2951
99273,404,1084,1103,1,0,11200,0,0,0,12940557,12940557,2951
99288,404,42,1103,1,0,11200,0,0,0,12942622,12942622,2951
99304,404,138,1103,1,0,11200,0,0,0,12945173,12945173,2951
99319,404,201,1103,1,0,11200,0,0,0,12947620,12947620,2951
99334,404,261,1103,1,0,11200,0,0,0,12950063,12950063,2951
99350,404,306,1103,1,0,11200,0,0,0,12951976,12951976,2951
99365,404,362,1103,1,0,11200,0,0,0,12954026,12954026,2951
99380,404,437,1103,1,0,11200,0,0,0,12956191,12956191,2951
99396,404,520,1103,1,0,11200,0,0,0,12958300,12958300,2951
99411,404,591,1103,1,0,11200,0,0,0,12960434,12960434,2951
99426,404,653,1103,1,0,11200,0,0,0,12962016,12962016,2951
99442,404,710,1103,1,0,11200,0,0,0,12963779,12963779,2951
99457,404,765,1103,1,0,11200,0,0,0,12965481,12965481,2951
99473,404,858,1103,1,0,11200,0,0,0,12967235,12967235,2951
99489,404,941,1103,1,0,11200,0,0,0,12969438,12969438,2951
99514,404,1013,1103,1,0,11200,0,0,0,12971314,12971314,2951
99529,405,1074,1103,1,0,11200,0,0,0,12973273,12973273,2951
99544,405,43,1103,1,0,11200,0,0,0,12975224,12975224,2951
99560,405,128,1103,1,0,11200,0,0,0,12977603,12977603,2951
99575,405,191,1103,1,0,11200,0,0,0,12980054,12980054,2951
99590,405,243,1103,1,0,11200,0,0,0,12982180,12982180,2951
99605,405,286,1103,1,0,11200,0,0,0,12984450,12984450,2951
99621,405,344,1103,1,0,11200,0,0,0,12986597,12986597,2951
99636,405,423,1103,1,0,11200,0,0,0,12988807,12988807,2951
99651,405,516,1103,1,0,11200,0,0,0,12990975,12990975,2951
99666,405,602,1103,1,0,11200,0,0,0,12993166,12993166,2951
99682,405,666,1103,1,0,11200,0,0,0,12994653,12994653,2951
99697,405,707,1103,1,0,11200,0,0,0,12995943,12995943,2951
99712,405,765,1103,1,0,11200,0,0,0,12997740,12997740,2951
99727,405,855,1103,1,0,11200,0,0,0,12999594,12999594,2951
99744,405,920,1103,1,0,11200,0,0,0,13001472,13001472,2951
99759,405,990,1103,1,0,11200,0,0,0,13003341,13003341,2951
99775,405,1042,1103,1,0,11200,0,0,0,13004769,13004769,2951
99790,406,12,1103,1,0,11200,0,0,0,13006676,13006676,2951
99806,406,127,1103,1,0,11200,0,0,0,13009489,13009489,2951
99821,406,174,1103,1,0,11200,0,0,0,13011890,13011890,2951
99836,406,239,1103,1,0,11200,0,0,0,13014035,13014035,2951
99852,406,284,1103,1,0,11200,0,0,0,13016349,13016349,2951
99867,406,343,1103,1,0,11200,0,0,0,13018592,13018592,2951
99883,406,418,1103,1,0,11200,0,0,0,13020747,13020747,2951
99898,406,505,1103,1,0,11200,0,0,0,13022955,13022955,2951
99914,406,571,1103,1,0,11200,0,0,0,13025130,13025130,2951
99931,406,650,1103,1,0,11200,0,0,0,13027008,13027008,2951
99946,406,683,1103,1,0,11200,0,0,0,13028195,13028195,2951
99961,406,739,1103,1,0,11200,0,0,0,13029735,13029735,2951
99977,406,832,1103,1,0,11200,0,0,0,13031713,13031713,2951
99992,406,901,1103,1,0,11200,0,0,0,13033489,13033489,2951
100007,406,961,1103,1,0,11200,0,0,0,13034938,13034938,2951
100030,406,1013,1103,1,0,11200,0,0,0,13036512,13036512,2951
100045,407,1092,1103,1,0,11200,0,0,0,13038559,13038559,2951
100060,407,49,1103,1,0,11200,0,0,0,13040974,13040974,2951
100076,407,138,1103,1,0,11200,0,0,0,13043325,13043325,2951
100091,407,213,1103,1,0,11200,0,0,0,13045758,13045758,2951
100106,407,266,1103,1,0,11200,0,0,0,13048123,13048123,2951
100122,407,314,1103,1,0,11200,0,0,0,13050349,13050349,2951
100137,407,370,1103,1,0,11200,0,0,0,13052472,13052472,2951
100153,407,439,1103,1,0,11200,0,0,0,13054700,13054700,2951
100168,407,525,1103,1,0,11200,0,0,0,13056936,13056936,2951
100184,407,579,1103,1,0,11200,0,0,0,13058881,13058881,2951
100204,407,651,1103,1,0,11200,0,0,0,13060540,13060540,2951
100219,407,689,1103,1,0,11200,0,0,0,13061950,13061950,2951
100234,407,733,1103,1,0,11200,0,0,0,13063841,13063841,2951
100250,407,817,1103,1,0,11200,0,0,0,13065700,13065700,2951
100265,407,901,1103,1,0,11200,0,0,0,13067759,13067759,2951
100280,407,981,1103,1,0,11200,0,0,0,13069868,13069868,2951
100299,407,1013,1103,1,0,11200,0,0,0,13071235,13071235,2951
100314,407,1071,1103,1,0,11200,0,0,0,13073126,13073126,2951
100329,408,31,1103,1,0,11200,0,0,0,13075302,13075302,2951
100344,408,128,1103,1,0,11200,0,0,0,13077749,13077749,2951
100359,408,199,1103,1,0,11200,0,0,0,13080132,13080132,2951
100375,408,246,1103,1,0,11200,0,0,0,13082286,13082286,2951
100391,408,289,1103,1,0,11200,0,0,0,13084447,13084447,2951
100406,408,339,1103,1,0,11200,0,0,0,13086438,13086438,2951
100421,408,402,1103,1,0,11200,0,0,0,13088606,13088606,2951
100437,408,483,1103,1,0,11200,0,0,0,13090595,13090595,2951
100452,408,563,1103,1,0,11200,0,0,0,13092784,13092784,2951
100467,408,616,1103,1,0,11200,0,0,0,13094908,13094908,2951
100482,408,680,1103,1,0,11200,0,0,0,13096414,13096414,2951
100497,408,726,1103,1,0,11200,0,0,0,13098063,13098063,2951
100513,408,827,1103,1,0,11200,0,0,0,13099869,13099869,2951
100528,408,889,1103,1,0,11200,0,0,0,13101746,13101746,2951
100546,408,921,1103,1,0,11200,0,0,0,13102820,13102820,2951
100561,408,993,1104,2,0,11200,0,0,0,13104726,13104726,2951
100577,408,1024,1104,2,0,11200,0,0,0,13105559,13105559,2951
100592,409,12,1104,1,0,11200,0,0,0,13107749,13107749,2951
100607,409,116,1104,1,0,11200,0,0,0,13110247,13110247,2951
100623,409,172,1104,1,0,11200,0,0,0,13112574,13112574,2951
100638,409,235,1104,1,0,11200,0,0,0,13114737,13114737,2951
100653,409,286,1104,1,0,11200,0,0,0,13117033,13117033,2951
100668,409,334,1104,1,0,11200,0,0,0,13118934,13118934,2951
100684,409,400,1104,1,0,11200,0,0,0,13121286,13121286,2951
100699,409,487,1104,1,0,11200,0,0,0,13123479,13123479,2951
100715,409,574,1104,1,0,11200,0,0,0,13125672,13125672,2951
100730,409,646,1104,1,0,11200,0,0,0,13127711,13127711,2951
100745,409,700,1104,1,0,11200,0,0,0,13129338,13129338,2951
100760,409,755,1104,1,0,11200,0,0,0,13131251,13131251,2951
100777,409,830,1104,1,0,11200,0,0,0,13133114,13133114,2951
100792,409,899,1104,1,0,11200,0,0,0,13134799,13134799,2951
100808,409,956,1104,1,0,11200,0,0,0,13136570,13136570,2951
100826,409,1013,1104,1,0,11200,0,0,0,13138179,13138179,2951
100841,410,1091,1104,1,0,11200,0,0,0,13140316,13140316,2951
100857,410,67,1104,1,0,11200,0,0,0,13142879,13142879,2951
100872,410,152,1104,1,0,11200,0,0,0,13145196,13145196,2951
100887,410,221,1104,1,0,11200,0,0,0,13147687,13147687,2951
100902,410,273,1104,1,0,11200,0,0,0,13149827,13149827,2951
100917,410,334,1104,1,0,11200,0,0,0,13152089,13152089,2951
100932,410,423,1104,1,0,11200,0,0,0,13154241,13154241,2951
100948,410,505,1104,1,0,11200,0,0,0,13156591,13156591,2951
100963,410,574,1104,1,0,11200,0,0,0,13158707,13158707,2951
100982,410,632,1104,1,0,11200,0,0,0,13160425,13160425,2951
100998,410,681,1104,1,0,11200,0,0,0,13161884,13161884,2951
101013,410,730,1104,1,0,11200,0,0,0,13163592,13163592,2951
101028,410,791,1104,1,0,11200,0,0,0,13165266,13165266,2951
101044,410,880,1104,1,0,11200,0,0,0,13166953,13166953,2951
101059,410,950,1104,1,0,11200,0,0,0,13168625,13168625,2951
101083,410,1013,1104,1,0,11200,0,0,0,13170484,13170484,2951
101099,410,1073,1104,1,0,11200,0,0,0,13172210,13172210,2951
101114,411,31,1104,1,0,11200,0,0,0,13174420,13174420,2951
101130,411,132,1104,1,0,11200,0,0,0,13176888,13176888,2951
101145,411,194,1104,1,0,11200,0,0,0,13179467,13179467,2951
101160,411,250,1104,1,0,11200,0,0,0,13181567,13181567,2951
101176,411,300,1104,1,0,11200,0,0,0,13183861,13183861,2951
101191,411,353,1104,1,0,11200,0,0,0,13186074,13186074,2951
101206,411,437,1104,1,0,11200,0,0,0,13188239,13188239,2951
101221,411,525,1104,1,0,11200,0,0,0,13190250,13190250,2951
101236,411,578,1104,1,0,11200,0,0,0,13192300,13192300,2951
101252,411,642,1104,1,0,11200,0,0,0,13194200,13194200,2951
101268,411,683,1104,1,0,11200,0,0,0,13195593,13195593,2951
101283,411,724,1104,1,0,11200,0,0,0,13197265,13197265,2951
101299,411,836,1104,1,0,11200,0,0,0,13199271,13199271,2951
101314,411,917,1104,1,0,11200,0,0,0,13201294,13201294,2951
101346,411,921,1104,1,0,11200,0,0,0,13201663,13201663,2951
101361,411,993,1104,1,0,11200,0,0,0,13203546,13203546,2951
101377,411,1013,1104,1,0,11200,0,0,0,13204180,13204180,2951
101392,411,1069,1104,1,0,11200,0,0,0,13205978,13205978,2951
101407,412,28,1104,1,0,11200,0,0,0,13208145,13208145,2951
101423,412,127,1104,1,0,11200,0,0,0,13210809,13210809,2951
101438,412,178,1104,1,0,11200,0,0,0,13213268,13213268,2951
101453,412,232,1104,1,0,11200,0,0,0,13215353,13215353,2951
101468,412,283,1104,1,0,11200,0,0,0,13217772,13217772,2951
101484,412,327,1104,1,0,11200,0,0,0,13219899,13219899,2951
101499,412,393,1104,1,0,11200,0,0,0,13221939,13221939,2951
101515,412,477,1104,1,0,11200,0,0,0,13224076,13224076,2951
101530,412,553,1104,1,0,11200,0,0,0,13226478,13226478,2951
101546,412,617,1104,1,0,11200,0,0,0,13228260,13228260,2951
101561,412,663,1104,1,0,11200,0,0,0,13229205,13229205,2951
101576,412,709,1104,1,0,11200,0,0,0,13230533,13230533,2951
101592,412,808,1104,1,0,11200,0,0,0,13232631,13232631,2951
101608,412,894,1104,1,0,11200,0,0,0,13234642,13234642,2951
101623,412,950,1104,1,0,11200,0,0,0,13236356,13236356,2951
101643,412,1013,1104,1,0,11200,0,0,0,13237946,13237946,2951
101658,412,1071,1104,1,0,11200,0,0,0,13239835,13239835,2951
101674,413,30,1104,1,0,11200,0,0,0,13242242,13242242,2951
101689,413,128,1104,1,0,11200,0,0,0,13244778,13244778,2951
101704,413,171,1104,1,0,11200,0,0,0,13247138,13247138,2951
101720,413,223,1104,1,0,11200,0,0,0,13249396,13249396,2951
101735,413,271,1104,1,0,11200,0,0,0,13251696,13251696,2951
101750,413,321,1104,1,0,11200,0,0,0,13253828,13253828,2951
101765,413,389,1104,1,0,11200,0,0,0,13255980,13255980,2951
101781,413,472,1104,1,0,11200,0,0,0,13258218,13258218,2951
101796,413,552,1104,1,0,11200,0,0,0,13260332,13260332,2951
101811,413,618,1104,1,0,11200,0,0,0,13262441,13262441,2951
101827,413,683,1104,1,0,11200,0,0,0,13264174,13264174,2951
101842,413,732,1104,1,0,11200,0,0,0,13265987,13265987,2951
101858,413,834,1104,1,0,11200,0,0,0,13267900,13267900,2951
101873,413,901,1104,1,0,11200,0,0,0,13269851,13269851,2951
101888,413,971,1104,1,0,11200,0,0,0,13271765,13271765,2951
101917,413,1013,1104,1,0,11200,0,0,0,13273119,13273119,2951
101932,414,1086,1104,1,0,11200,0,0,0,13274914,13274914,2951
101947,414,66,1104,1,0,11200,0,0,0,13277143,13277143,2951
101963,414,145,1104,1,0,11200,0,0,0,13279349,13279349,2951
101978,414,200,1104,1,0,11200,0,0,0,13281436,13281436,2951
101993,414,239,1104,1,0,11200,0,0,0,13283278,13283278,2951
102008,414,282,1104,1,0,11200,0,0,0,13285309,13285309,2951
102024,414,341,1104,1,0,11200,0,0,0,13287502,13287502,2951
102039,414,425,1104,1,0,11200,0,0,0,13289768,13289768,2951
102054,414,516,1104,1,0,11200,0,0,0,13291944,13291944,2951
102069,414,580,1104,1,0,11200,0,0,0,13293925,13293925,2951
102084,414,650,1104,1,0,11200,0,0,0,13295741,13295741,2951
102099,414,712,1104,1,0,11200,0,0,0,13297382,13297382,2951
102115,414,769,1104,1,0,11200,0,0,0,13299287,13299287,2951
102131,414,848,1104,1,0,11200,0,0,0,13300980,13300980,2951
102146,414,930,1104,1,0,11200,0,0,0,13302641,13302641,2951
102161,414,1011,1104,1,0,11200,0,0,0,13304411,13304411,2951
102177,414,1064,1104,1,0,11200,0,0,0,13306106,13306106,2951
102192,415,17,1104,1,0,11200,0,0,0,13308114,13308114,2951
102207,415,132,1104,1,0,11200,0,0,0,13310335,13310335,2951
102223,415,191,1104,1,0,11200,0,0,0,13312523,13312523,2951
102238,415,261,1105,2,0,11200,0,0,0,13314874,13314874,2951
102253,415,306,1105,2,0,11200,0,0,0,13316910,13316910,2951
102268,415,376,1105,2,0,11200,0,0,0,13318976,13318976,2951
102283,415,466,1105,2,0,11200,0,0,0,13321401,13321401,2951
102298,415,528,1105,2,0,11200,0,0,0,13323306,13323306,2951
102314,415,612,1105,2,0,11200,0,0,0,13325510,13325510,2951
102329,415,667,1105,2,0,11200,0,0,0,13327045,13327045,2951
102345,415,717,1105,2,0,11200,0,0,0,13328707,13328707,2951
102360,415,810,1105,2,0,11200,0,0,0,13330622,13330622,2951
102376,415,900,1105,2,0,11200,0,0,0,13332669,13332669,2951
102391,415,927,1105,2,0,11200,0,0,0,13333863,13333863,2951
102406,415,990,1105,2,0,11200,0,0,0,13335667,13335667,2951
102422,415,1050,1105,2,0,11200,0,0,0,13337470,13337470,2951
102437,416,14,1105,1,0,11200,0,0,0,13339375,13339375,2951
102453,416,104,1105,1,0,11200,0,0,0,13341840,13341840,2951
102468,416,156,1105,1,0,11200,0,0,0,13344385,13344385,2951
102483,416,212,1105,1,0,11200,0,0,0,13346869,13346869,2951
102499,416,264,1105,1,0,11200,0,0,0,13349055,13349055,2951
102514,416,336,1106,2,0,11200,0,0,0,13351185,13351185,2951
102529,416,386,1106,2,0,11200,0,0,0,13353250,13353250,2951
102545,416,472,1106,2,0,11200,0,0,0,13355522,13355522,2951
102560,416,552,1106,2,0,11200,0,0,0,13357820,13357820,2951
102575,416,612,1106,2,0,11200,0,0,0,13359920,13359920,2951
102590,416,676,1106,2,0,11200,0,0,0,13361816,13361816,2951
102605,416,714,1106,2,0,11200,0,0,0,13363437,13363437,2951
102621,416,808,1106,2,0,11200,0,0,0,13365337,13365337,2951
102637,416,890,1106,2,0,11200,0,0,0,13367185,13367185,2951
102652,416,926,1106,2,0,11200,0,0,0,13368309,13368309,2951
102668,416,1008,1106,2,0,11200,0,0,0,13370232,13370232,2951
102683,416,1024,1106,2,0,11200,0,0,0,13370877,13370877,2951
102698,417,1099,1106,2,0,11200,0,0,0,13372642,13372642,2951
102714,417,106,1106,2,0,11200,0,0,0,13375252,13375252,2951
102729,417,159,1106,2,0,11200,0,0,0,13377362,13377362,2951
102744,417,216,1106,2,0,11200,0,0,0,13379472,13379472,2951
102760,417,265,1106,2,0,11200,0,0,0,13381858,13381858,2951
102776,417,318,1106,2,0,11200,0,0,0,13384045,13384045,2951
102791,417,372,1106,2,0,11200,0,0,0,13386148,13386148,2951
102806,417,440,1106,2,0,11200,0,0,0,13388266,13388266,2951
102822,417,531,1106,2,0,11200,0,0,0,13390733,13390733,2951
102837,417,598,1106,2,0,11200,0,0,0,13392764,13392764,2951
102854,417,651,1106,2,0,11200,0,0,0,13394374,13394374,2951
102869,417,700,1107,3,0,11200,0,0,0,13395624,13395624,2951
102885,417,755,1107,3,0,11200,0,0,0,13397323,13397323,2951
102900,417,828,1107,3,0,11200,0,0,0,13398972,13398972,2951
102915,417,881,1107,3,0,11200,0,0,0,13400455,13400455,2951
102932,417,920,1107,3,0,11200,0,0,0,13401715,13401715,2951
102948,417,992,1108,4,0,11200,0,0,0,13403393,13403393,2951
102966,417,1013,1108,4,0,11200,0,0,0,13404152,13404152,2951
102982,417,1069,1108,4,0,11200,0,0,0,13405643,13405643,2951
102997,418,27,1108,4,0,11200,0,0,0,13407657,13407657,2951
103012,418,130,1108,4,0,11200,0,0,0,13409801,13409801,2951
103027,418,190,1108,4,0,11200,0,0,0,13411844,13411844,2951
103042,418,232,1108,4,0,11200,0,0,0,13413641,13413641,2951
103058,418,271,1108,4,0,11200,0,0,0,13415825,13415825,2951
103073,418,316,1108,4,0,11200,0,0,0,13417692,13417692,2951
103089,418,363,1108,4,0,11200,0,0,0,13419450,13419450,2951
103104,418,428,1108,4,0,11200,0,0,0,13421520,13421520,2951
103119,418,518,1108,4,0,11200,0,0,0,13423455,13423455,2951
103134,418,579,1108,4,0,11200,0,0,0,13425326,13425326,2951
103150,418,648,1108,4,0,11200,0,0,0,13427334,13427334,2951
103166,418,696,1108,4,0,11200,0,0,0,13428740,13428740,2951
103181,418,763,1108,4,0,11200,0,0,0,13430638,13430638,2951
103196,418,846,1108,4,0,11200,0,0,0,13432292,13432292,2951
103212,418,911,1108,4,0,11200,0,0,0,13433918,13433918,2951
103227,418,966,1108,4,0,11200,0,0,0,13435443,13435443,2951
103248,418,1013,1108,4,0,11200,0,0,0,13436923,13436923,2951
103263,418,1064,1108,4,0,11200,0,0,0,13438664,13438664,2951
103278,419,18,1108,4,0,11200,0,0,0,13440517,13440517,2951
103293,419,114,1108,4,0,11200,0,0,0,13442769,13442769,2951
103309,419,162,1108,4,0,11200,0,0,0,13444829,13444829,2951
103324,419,215,1108,4,0,11200,0,0,0,13446716,13446716,2951
103339,419,255,1108,4,0,11200,0,0,0,13448635,13448635,2951
103356,419,292,1108,4,0,11200,0,0,0,13450559,13450559,2951
103371,419,344,1108,4,0,11200,0,0,0,13452634,13452634,2951
103386,419,411,1108,4,0,11200,0,0,0,13454568,13454568,2951
103402,419,477,1108,4,0,11200,0,0,0,13456458,13456458,2951
103417,419,554,1108,4,0,11200,0,0,0,13458506,13458506,2951
103433,419,616,1108,4,0,11200,0,0,0,13460406,13460406,2951
103448,419,674,1108,4,0,11200,0,0,0,13461587,13461587,2951
103463,419,713,1108,4,0,11200,0,0,0,13462936,13462936,2951
103479,419,817,1108,4,0,11200,0,0,0,13464740,13464740,2951
103494,419,890,1108,4,0,11200,0,0,0,13466571,13466571,2951
103511,419,920,1108,4,0,11200,0,0,0,13467631,13467631,2951
103526,419,988,1108,4,0,11200,0,0,0,13469439,13469439,2951
103542,419,1046,1108,4,0,11200,0,0,0,13471099,13471099,2951
103557,420,1103,1108,4,0,11200,0,0,0,13472766,13472766,2951
103572,420,75,1108,4,0,11200,0,0,0,13475015,13475015,2951
103588,420,139,1108,4,0,11200,0,0,0,13477006,13477006,2951
103603,420,188,1108,4,0,11200,0,0,0,13479094,13479094,2951
103619,420,237,1108,4,0,11200,0,0,0,13480900,13480900,2951
103634,420,274,1108,4,0,11200,0,0,0,13482807,13482807,2951
103649,420,316,1108,4,0,11200,0,0,0,13484724,13484724,2951
103664,420,377,1108,4,0,11200,0,0,0,13486737,13486737,2951
103679,420,435,1108,4,0,11200,0,0,0,13488750,13488750,2951
103696,420,511,1108,4,0,11200,0,0,0,13490785,13490785,2951
103711,420,579,1108,4,0,11200,0,0,0,13492820,13492820,2951
103732,420,650,1108,4,0,11200,0,0,0,13494628,13494628,2951
103747,420,693,1108,4,0,11200,0,0,0,13495682,13495682,2951
103762,420,733,1108,4,0,11200,0,0,0,13497349,13497349,2951
103778,420,810,1108,4,0,11200,0,0,0,13498970,13498970,2951
103793,420,874,1108,4,0,11200,0,0,0,13500410,13500410,2951
103809,420,945,1108,4,0,11200,0,0,0,13502230,13502230,2951
103828,420,1013,1108,4,0,11200,0,0,0,13504042,13504042,2951
103844,420,1068,1108,4,0,11200,0,0,0,13505805,13505805,2951
103859,421,22,1109,4,0,11200,0,0,0,13507865,13507865,2951
103875,421,116,1109,4,0,11200,0,0,0,13509986,13509986,2951
103890,421,152,1109,4,0,11200,0,0,0,13511970,13511970,2951
103905,421,215,1109,4,0,11200,0,0,0,13513832,13513832,2951
103920,421,259,1109,4,0,11200,0,0,0,13515678,13515678,2951
103936,421,296,1109,4,0,11200,0,0,0,13517633,13517633,2951
103951,421,348,1109,4,0,11200,0,0,0,13519552,13519552,2951
103967,421,425,1109,4,0,11200,0,0,0,13521534,13521534,2951
103982,421,505,1109,4,0,11200,0,0,0,13523403,13523403,2951
103997,421,563,1109,4,0,11200,0,0,0,13525346,13525346,2951
104012,421,614,1109,4,0,11200,0,0,0,13527093,13527093,2951
104028,421,671,1109,4,0,11200,0,0,0,13528584,13528584,2951
104043,421,715,1109,4,0,11200,0,0,0,13529934,13529934,2951
104058,421,765,1109,4,0,11200,0,0,0,13531567,13531567,2951
104074,421,852,1109,4,0,11200,0,0,0,13533047,13533047,2951
104089,421,914,1109,4,0,11200,0,0,0,13534840,13534840,2951
104105,421,972,1109,4,0,11200,0,0,0,13536476,13536476,2951
104128,421,1013,1109,4,0,11200,0,0,0,13537924,13537924,2951
104144,421,1071,1109,4,0,11200,0,0,0,13539507,13539507,2951
104160,422,27,1109,4,0,11200,0,0,0,13541434,13541434,2951
104175,422,124,1109,4,0,11200,0,0,0,13543473,13543473,2951
104190,422,172,1109,4,0,11200,0,0,0,13545425,13545425,2951
104205,422,215,1109,4,0,11200,0,0,0,13547214,13547214,2951
104221,422,272,1109,4,0,11200,0,0,0,13549189,13549189,2951
104236,422,312,1109,4,0,11200,0,0,0,13550967,13550967,2951
104251,422,369,1109,4,0,11200,0,0,0,13552659,13552659,2951
104266,422,430,1109,4,0,11200,0,0,0,13554586,13554586,2951
104282,422,512,1109,4,0,11200,0,0,0,13556558,13556558,2951
104297,422,575,1109,4,0,11200,0,0,0,13558432,13558432,2951
104312,422,642,1109,4,0,11200,0,0,0,13560215,13560215,2951
104327,422,680,1109,4,0,11200,0,0,0,13561438,13561438,2951
104343,422,717,1109,4,0,11200,0,0,0,13562951,13562951,2951
104358,422,761,1109,4,0,11200,0,0,0,13564414,13564414,2951
104374,422,838,1109,4,0,11200,0,0,0,13566177,13566177,2951
104390,422,909,1109,4,0,11200,0,0,0,13567841,13567841,2951
104405,422,989,1109,4,0,11200,0,0,0,13569602,13569602,2951
104421,422,1033,1109,4,0,11200,0,0,0,13571062,13571062,2951
104436,423,1086,1109,4,0,11200,0,0,0,13572773,13572773,2951
104452,423,31,1109,4,0,11200,0,0,0,13574834,13574834,2951
104467,423,127,1109,4,0,11200,0,0,0,13577134,13577134,2951
104483,423,183,1109,4,0,11200,0,0,0,13579239,13579239,2951
104498,423,238,1109,4,0,11200,0,0,0,13581215,13581215,2951
104513,423,275,1109,4,0,11200,0,0,0,13583163,13583163,2951
104528,423,324,1109,4,0,11200,0,0,0,13584940,13584940,2951
104544,423,393,1109,4,0,11200,0,0,0,13586735,13586735,2951
104559,423,475,1109,4,0,11200,0,0,0,13588795,13588795,2951
104574,423,549,1109,4,0,11200,0,0,0,13590825,13590825,2951
104590,423,612,1109,4,0,11200,0,0,0,13592625,13592625,2951
104605,423,673,1109,4,0,11200,0,0,0,13594011,13594011,2951
104621,423,701,1109,4,0,11200,0,0,0,13595240,13595240,2951
104637,423,753,1109,4,0,11200,0,0,0,13597034,13597034,2951
104652,423,834,1109,4,0,11200,0,0,0,13598786,13598786,2951
104668,423,900,1109,4,0,11200,0,0,0,13600290,13600290,2951
104683,423,964,1109,4,0,11200,0,0,0,13601907,13601907,2951
104714,423,1013,1109,4,0,11200,0,0,0,13603381,13603381,2951
104729,424,1092,1109,4,0,11200,0,0,0,13605453,13605453,2951
104745,424,49,1109,4,0,11200,0,0,0,13607752,13607752,2951
104760,424,154,1109,4,0,11200,0,0,0,13610281,13610281,2951
104775,424,215,1109,4,0,11200,0,0,0,13612449,13612449,2951
104790,424,268,1109,4,0,11200,0,0,0,13614800,13614800,2951
104806,424,318,1109,4,0,11200,0,0,0,13616843,13616843,2951
104821,424,376,1109,4,0,11200,0,0,0,13619092,13619092,2951
104836,424,477,1109,4,0,11200,0,0,0,13621235,13621235,2951
104851,424,563,1109,4,0,11200,0,0,0,13623432,13623432,2951
104866,424,654,1109,4,0,11200,0,0,0,13625564,13625564,2951
104882,424,712,1109,4,0,11200,0,0,0,13627276,13627276,2951
104897,424,769,1109,4,0,11200,0,0,0,13629132,13629132,2951
104912,424,880,1109,4,0,11200,0,0,0,13631095,13631095,2951
104927,424,920,1109,4,0,11200,0,0,0,13632221,13632221,2951
104942,424,999,1109,4,0,11200,0,0,0,13634212,13634212,2951
104957,424,1069,1109,4,0,11200,0,0,0,13636123,13636123,2951
104973,425,32,1109,4,0,11200,0,0,0,13638403,13638403,2951
104988,425,123,1109,4,0,11200,0,0,0,13640817,13640817,2951
105003,425,172,1109,4,0,11200,0,0,0,13643056,13643056,2951
105018,425,235,1109,4,0,11200,0,0,0,13645282,13645282,2951
105034,425,282,1109,4,0,11200,0,0,0,13647496,13647496,2951
105049,425,350,1109,4,0,11200,0,0,0,13649729,13649729,2951
105064,425,425,1109,4,0,11200,0,0,0,13652019,13652019,2951
105080,425,518,1109,4,0,11200,0,0,0,13654472,13654472,2951
105095,425,605,1109,4,0,11200,0,0,0,13656753,13656753,2951
105111,425,668,1109,4,0,11200,0,0,0,13658506,13658506,2951
105126,425,717,1109,4,0,11200,0,0,0,13660086,13660086,2951
105144,425,785,1109,4,0,11200,0,0,0,13661886,13661886,2951
105160,425,855,1109,4,0,11200,0,0,0,13663467,13663467,2951
105175,425,920,1109,4,0,11200,0,0,0,13665382,13665382,2951
105190,425,1009,1109,4,0,11200,0,0,0,13667394,13667394,2951
105206,425,1018,1109,4,0,11200,0,0,0,13667699,13667699,2951
105221,426,1103,1109,4,0,11200,0,0,0,13669677,13669677,2951
105236,426,71,1109,4,0,11200,0,0,0,13672072,13672072,2951
105251,426,149,1109,4,0,11200,0,0,0,13674371,13674371,2951
105266,426,205,1109,4,0,11200,0,0,0,13676606,13676606,2951
105281,426,253,1109,4,0,11200,0,0,0,13678819,13678819,2951
105297,426,298,1109,4,0,11200,0,0,0,13680899,13680899,2951
105312,426,358,1109,4,0,11200,0,0,0,13682979,13682979,2951
105327,426,441,1109,4,0,11200,0,0,0,13685341,13685341,2951
105343,426,529,1109,4,0,11200,0,0,0,13687479,13687479,2951
105358,426,609,1109,4,0,11200,0,0,0,13689593,13689593,2951
105374,426,650,1109,4,0,11200,0,0,0,13691152,13691152,2951
105390,426,696,1109,4,0,11200,0,0,0,13692496,13692496,2951
105406,426,762,1109,4,0,11200,0,0,0,13694490,13694490,2951
105421,426,846,1109,4,0,11200,0,0,0,13696179,13696179,2951
105436,426,927,1109,4,0,11200,0,0,0,13698172,13698172,2951
105452,426,1009,1109,4,0,11200,0,0,0,13700117,13700117,2951
105470,426,1013,1109,4,0,11200,0,0,0,13700490,13700490,2951
105486,427,1086,1109,4,0,11200,0,0,0,13702589,13702589,2951
105501,427,49,1109,4,0,11200,0,0,0,13704845,13704845,2951
105516,427,136,1109,4,0,11200,0,0,0,13707137,13707137,2951
105531,427,205,1109,4,0,11200,0,0,0,13709380,13709380,2951
105547,427,253,1109,4,0,11200,0,0,0,13711649,13711649,2951
105562,427,297,1109,4,0,11200,0,0,0,13713765,13713765,2951
105577,427,358,1109,4,0,11200,0,0,0,13715872,13715872,2951
105592,427,434,1109,4,0,11200,0,0,0,13718123,13718123,2951
105608,427,520,1109,4,0,11200,0,0,0,13720128,13720128,2951
105623,427,608,1109,4,0,11200,0,0,0,13722342,13722342,2951
105638,427,666,1109,4,0,11200,0,0,0,13723885,13723885,2951
105654,427,710,1109,4,0,11200,0,0,0,13725486,13725486,2951
105669,427,771,1109,4,0,11200,0,0,0,13727369,13727369,2951
105684,427,899,1109,4,0,11200,0,0,0,13729510,13729510,2951
105700,427,936,1109,4,0,11200,0,0,0,13730738,13730738,2951
105734,427,1013,1109,4,0,11200,0,0,0,13732597,13732597,2951
105749,428,1099,1109,4,0,11200,0,0,0,13734707,13734707,2951
105764,428,76,1109,4,0,11200,0,0,0,13737131,13737131,2951
105779,428,140,1109,4,0,11200,0,0,0,13739289,13739289,2951
105795,428,195,1109,4,0,11200,0,0,0,13741414,13741414,2951
105810,428,243,1109,4,0,11200,0,0,0,13743539,13743539,2951
105825,428,286,1109,4,0,11200,0,0,0,13745584,13745584,2951
105841,428,344,1109,4,0,11200,0,0,0,13747491,13747491,2951
105856,428,426,1109,4,0,11200,0,0,0,13749884,13749884,2951
105871,428,504,1109,4,0,11200,0,0,0,13752091,13752091,2951
105886,428,579,1109,4,0,11200,0,0,0,13754159,13754159,2951
105901,428,676,1109,4,0,11200,0,0,0,13756307,13756307,2951
105917,428,724,1109,4,0,11200,0,0,0,13757965,13757965,2951
105932,428,810,1109,4,0,11200,0,0,0,13759717,13759717,2951
105948,428,881,1109,4,0,11200,0,0,0,13761563,13761563,2951
105963,428,961,1109,4,0,11200,0,0,0,13763478,13763478,2951
105979,428,1026,1109,4,0,11200,0,0,0,13765306,13765306,2951
105994,429,1091,1109,4,0,11200,0,0,0,13766881,13766881,2951
106009,429,30,1110,4,0,11200,0,0,0,13769085,13769085,2957
106024,429,130,1110,4,0,11200,0,0,0,13771524,13771524,2957
106039,429,180,1110,4,0,11200,0,0,0,13773856,13773856,2957
106054,429,233,1110,4,0,11200,0,0,0,13775874,13775874,2957
106069,429,280,1110,4,0,11200,0,0,0,13778165,13778165,2957
106085,429,326,1110,4,0,11200,0,0,0,13780091,13780091,2957
106100,429,393,1110,4,0,11200,0,0,0,13782178,13782178,2957
106115,429,475,1110,4,0,11200,0,0,0,13784352,13784352,2957
106131,429,560,1110,4,0,11200,0,0,0,13786412,13786412,2957
106147,429,617,1110,4,0,11200,0,0,0,13788552,13788552,2957
106162,429,678,1110,4,0,11200,0,0,0,13790281,13790281,2957
106177,429,729,1111,5,0,11200,0,0,0,13791958,13791958,2959
106193,429,828,1111,5,0,11200,0,0,0,13793829,13793829,2959
106208,429,909,1111,5,0,11200,0,0,0,13795775,13795775,2959
106223,429,959,1111,5,0,11200,0,0,0,13797287,13797287,2959
106253,429,1013,1111,5,0,11200,0,0,0,13798860,13798860,2959
106268,430,1086,1111,5,0,11200,0,0,0,13800783,13800783,2959
106283,430,75,1111,4,0,11200,0,0,0,13803347,13803347,2959
106298,430,159,1111,4,0,11200,0,0,0,13805619,13805619,2959
106313,430,223,1111,4,0,11200,0,0,0,13807663,13807663,2959
106328,430,276,1111,4,0,11200,0,0,0,13809965,13809965,2959
106344,430,334,1111,4,0,11200,0,0,0,13812013,13812013,2959
106359,430,393,1111,4,0,11200,0,0,0,13814111,13814111,2959
106374,430,495,1111,4,0,11200,0,0,0,13816479,13816479,2959
106390,430,575,1111,4,0,11200,0,0,0,13818673,13818673,2959
106405,430,642,1111,4,0,11200,0,0,0,13820286,13820286,2959
106420,430,690,1111,4,0,11200,0,0,0,13821592,13821592,2959
106436,430,739,1111,4,0,11200,0,0,0,13823493,13823493,2959
106451,430,844,1111,4,0,11200,0,0,0,13825361,13825361,2959
106466,430,917,1111,4,0,11200,0,0,0,13827602,13827602,2959
106482,430,967,1111,4,0,11200,0,0,0,13828964,13828964,2959
106510,430,1013,1111,4,0,11200,0,0,0,13830173,13830173,2959
106525,430,1069,1111,4,0,11200,0,0,0,13831979,13831979,2959
106540,431,25,1111,3,0,11200,0,0,0,13834107,13834107,2959
106555,431,128,1111,3,0,11200,0,0,0,13836527,13836527,2959
106570,431,188,1111,3,0,11200,0,0,0,13838780,13838780,2959
106585,431,252,1111,3,0,11200,0,0,0,13841011,13841011,2959
106601,431,304,1111,3,0,11200,0,0,0,13843044,13843044,2959
106616,431,358,1111,3,0,11200,0,0,0,13845093,13845093,2959
106631,431,417,1111,3,0,11200,0,0,0,13847316,13847316,2959
106647,431,513,1111,3,0,11200,0,0,0,13849517,13849517,2959
106662,431,581,1111,3,0,11200,0,0,0,13851600,13851600,2959
106678,431,651,1111,3,0,11200,0,0,0,13852999,13852999,2959
106694,431,693,1111,3,0,11200,0,0,0,13854435,13854435,2959
106710,431,748,1111,3,0,11200,0,0,0,13856293,13856293,2959
106725,431,842,1111,3,0,11200,0,0,0,13858236,13858236,2959
106740,431,926,1111,3,0,11200,0,0,0,13860278,13860278,2959
106755,431,985,1111,3,0,11200,0,0,0,13862167,13862167,2959
106771,431,1033,1111,3,0,11200,0,0,0,13863651,13863651,2959
106786,432,1108,1111,2,0,11200,0,0,0,13865393,13865393,2959
106801,432,104,1111,2,0,11200,0,0,0,13868040,13868040,2959
106817,432,156,1111,2,0,11200,0,0,0,13870354,13870354,2959
106832,432,212,1111,2,0,11200,0,0,0,13872391,13872391,2959
106848,432,274,1111,2,0,11200,0,0,0,13874672,13874672,2959
106863,432,329,1111,2,0,11200,0,0,0,13876813,13876813,2959
106879,432,371,1111,2,0,11200,0,0,0,13878803,13878803,2959
106894,432,434,1111,2,0,11200,0,0,0,13880874,13880874,2959
106909,432,529,1111,2,0,11200,0,0,0,13882919,13882919,2959
106925,432,594,1111,2,0,11200,0,0,0,13884969,13884969,2959
106940,432,667,1111,2,0,11200,0,0,0,13886978,13886978,2959
106956,432,709,1111,2,0,11200,0,0,0,13888254,13888254,2959
106971,432,772,1111,2,0,11200,0,0,0,13890213,13890213,2959
106986,432,855,1111,2,0,11200,0,0,0,13892063,13892063,2959
107001,432,920,1111,2,0,11200,0,0,0,13893685,13893685,2959
107017,432,969,1111,2,0,11200,0,0,0,13894855,13894855,2959
107035,432,1013,1111,2,0,11200,0,0,0,13896450,13896450,2959
107050,433,1091,1111,2,0,11200,0,0,0,13898464,13898464,2959
107065,433,72,1111,1,0,11200,0,0,0,13900831,13900831,2959
107080,433,141,1111,1,0,11200,0,0,0,13903330,13903330,2959
107096,433,203,1111,1,0,11200,0,0,0,13905852,13905852,2959
107111,433,261,1111,1,0,11200,0,0,0,13908161,13908161,2959
107127,433,301,1111,1,0,11200,0,0,0,13910180,13910180,2959
107142,433,363,1111,1,0,11200,0,0,0,13912220,13912220,2959
107157,433,441,1111,1,0,11200,0,0,0,13914473,13914473,2959
107173,433,525,1111,1,0,11200,0,0,0,13916623,13916623,2959
107188,433,594,1111,1,0,11200,0,0,0,13918546,13918546,2959
107204,433,671,1111,1,0,11200,0,0,0,13920596,13920596,2959
107219,433,716,1111,1,0,11200,0,0,0,13922335,13922335,2959
107234,433,810,1111,1,0,11200,0,0,0,13924245,13924245,2959
107250,433,901,1111,1,0,11200,0,0,0,13926282,13926282,2959
107265,433,981,1111,1,0,11200,0,0,0,13927942,13927942,2959
107280,433,1048,1111,1,0,11200,0,0,0,13929977,13929977,2959
107296,434,11,1111,1,0,11200,0,0,0,13931906,13931906,2959
107311,434,118,1111,1,0,11200,0,0,0,13934436,13934436,2959
107326,434,180,1111,1,0,11200,0,0,0,13936949,13936949,2959
107341,434,237,1111,1,0,11200,0,0,0,13939311,13939311,2959
107356,434,284,1111,1,0,11200,0,0,0,13941613,13941613,2959
107371,434,334,1111,1,0,11200,0,0,0,13943609,13943609,2959
107387,434,396,1111,1,0,11200,0,0,0,13945721,13945721,2959
107402,434,461,1111,1,0,11200,0,0,0,13947789,13947789,2959
107417,434,560,1111,1,0,11200,0,0,0,13950054,13950054,2959
107434,434,632,1111,1,0,11200,0,0,0,13952129,13952129,2959
107450,434,681,1111,1,0,11200,0,0,0,13953849,13953849,2959
107466,434,716,1111,1,0,11200,0,0,0,13955520,13955520,2959
107481,434,803,1111,1,0,11200,0,0,0,13957536,13957536,2959
107496,434,858,1111,1,0,11200,0,0,0,13959165,13959165,2959
107512,434,944,1111,1,0,11200,0,0,0,13961225,13961225,2959
107527,434,1012,1111,1,0,11200,0,0,0,13963229,13963229,2959
107542,434,1027,1111,1,0,11200,0,0,0,13963766,13963766,2959
107557,434,1077,1111,1,0,11200,0,0,0,13965586,13965586,2959
107572,435,30,1111,1,0,11200,0,0,0,13967954,13967954,2959
107588,435,127,1111,1,0,11200,0,0,0,13970472,13970472,2959
107603,435,180,1111,1,0,11200,0,0,0,13972873,13972873,2959
107619,435,242,1111,1,0,11200,0,0,0,13975092,13975092,2959
107634,435,289,1111,1,0,11200,0,0,0,13977293,13977293,2959
107649,435,343,1111,1,0,11200,0,0,0,13979537,13979537,2959
107665,435,418,1111,1,0,11200,0,0,0,13981719,13981719,2959
107680,435,513,1111,1,0,11200,0,0,0,13983771,13983771,2959
107695,435,575,1111,1,0,11200,0,0,0,13986041,13986041,2959
107711,435,653,1111,1,0,11200,0,0,0,13987816,13987816,2959
107726,435,701,1111,1,0,11200,0,0,0,13989138,13989138,2959
107742,435,768,1111,1,0,11200,0,0,0,13991175,13991175,2959
107758,435,863,1111,1,0,11200,0,0,0,13993121,13993121,2959
107773,435,936,1111,1,0,11200,0,0,0,13994917,13994917,2959
107788,435,1008,1111,1,0,11200,0,0,0,13996920,13996920,2959
107803,435,1024,1111,1,0,11200,0,0,0,13997346,13997346,2959
107820,436,1099,1111,1,0,11200,0,0,0,13999397,13999397,2959
107835,436,75,1111,1,0,11200,0,0,0,14001933,14001933,2959
107851,436,146,1111,1,0,11200,0,0,0,14004434,14004434,2959
107866,436,211,1111,1,0,11200,0,0,0,14006828,14006828,2959
107881,436,269,1111,1,0,11200,0,0,0,14009231,14009231,2959
107896,436,334,1111,1,0,11200,0,0,0,14011403,14011403,2959
107911,436,396,1111,1,0,11200,0,0,0,14013568,14013568,2959
107927,436,499,1111,1,0,11200,0,0,0,14015934,14015934,2959
107942,436,571,1111,1,0,11200,0,0,0,14018158,14018158,2959
107957,436,641,1111,1,0,11200,0,0,0,14020058,14020058,2959
107972,436,671,1111,1,0,11200,0,0,0,14021055,14021055,2959
107988,436,717,1111,1,0,11200,0,0,0,14022755,14022755,2959
108003,436,789,1111,1,0,11200,0,0,0,14024625,14024625,2959
108019,436,860,1111,1,0,11200,0,0,0,14026279,14026279,2959
108035,436,935,1111,1,0,11200,0,0,0,14028279,14028279,2959
108050,436,1011,1111,1,0,11200,0,0,0,14030353,14030353,2959
108065,436,1027,1111,1,0,11200,0,0,0,14030832,14030832,2959
108081,437,5,1111,1,0,11200,0,0,0,14033030,14033030,2959
108096,437,122,1111,1,0,11200,0,0,0,14035608,14035608,2959
108111,437,181,1111,1,0,11200,0,0,0,14038052,14038052,2959
108126,437,243,1111,1,0,11200,0,0,0,14040345,14040345,2959
108142,437,285,1111,1,0,11200,0,0,0,14042476,14042476,2959
108157,437,340,1111,1,0,11200,0,0,0,14044543,14044543,2959
108172,437,411,1111,1,0,11200,0,0,0,14046603,14046603,2959
108187,437,477,1111,1,0,11200,0,0,0,14048630,14048630,2959
108202,437,563,1111,1,0,11200,0,0,0,14050800,14050800,2959
108219,437,632,1111,1,0,11200,0,0,0,14052662,14052662,2959
108235,437,693,1111,1,0,11200,0,0,0,14054314,14054314,2959
108250,437,750,1111,1,0,11200,0,0,0,14056024,14056024,2959
108265,437,834,1111,1,0,11200,0,0,0,14057759,14057759,2959
108282,437,919,1111,1,0,11200,0,0,0,14059659,14059659,2959
108297,437,981,1111,1,0,11200,0,0,0,14061081,14061081,2959
108314,437,1013,1111,1,0,11200,0,0,0,14062349,14062349,2959
108330,438,1092,1111,1,0,11200,0,0,0,14064388,14064388,2959
108345,438,67,1111,1,0,11200,0,0,0,14066686,14066686,2959
108360,438,138,1111,1,0,11200,0,0,0,14069008,14069008,2959
108376,438,201,1111,1,0,11200,0,0,0,14071450,14071450,2959
108391,438,246,1111,1,0,11200,0,0,0,14073680,14073680,2959
108407,438,306,1111,1,0,11200,0,0,0,14076043,14076043,2959
108422,438,366,1111,1,0,11200,0,0,0,14078240,14078240,2959
108437,438,437,1111,1,0,11200,0,0,0,14080467,14080467,2959
108452,438,523,1112,2,0,11200,0,0,0,14082558,14082558,2959
108467,438,602,1112,2,0,11200,0,0,0,14084739,14084739,2959
108483,438,666,1112,2,0,11200,0,0,0,14086341,14086341,2959
108498,438,716,1112,2,0,11200,0,0,0,14087969,14087969,2959
108513,438,772,1112,2,0,11200,0,0,0,14089758,14089758,2959
108529,438,845,1112,2,0,11200,0,0,0,14091386,14091386,2959
108545,438,918,1112,2,0,11200,0,0,0,14093511,14093511,2959
108560,438,997,1112,2,0,11200,0,0,0,14095314,14095314,2959
108575,438,1018,1112,2,0,11200,0,0,0,14095861,14095861,2959
108591,439,1086,1112,2,0,11200,0,0,0,14097877,14097877,2959
108606,439,42,1112,1,0,11200,0,0,0,14100360,14100360,2959
108621,439,134,1112,1,0,11200,0,0,0,14102766,14102766,2959
108636,439,203,1112,1,0,11200,0,0,0,14105091,14105091,2959
108652,439,250,1112,1,0,11200,0,0,0,14107291,14107291,2959
108668,439,298,1112,1,0,11200,0,0,0,14109637,14109637,2959
108683,439,362,1112,1,0,11200,0,0,0,14111816,14111816,2959
108699,439,430,1112,1,0,11200,0,0,0,14114092,14114092,2959
108714,439,509,1112,1,0,11200,0,0,0,14116275,14116275,2959
108729,439,591,1112,1,0,11200,0,0,0,14118497,14118497,2959
108744,439,659,1112,1,0,11200,0,0,0,14120296,14120296,2959
108760,439,709,1112,1,0,11200,0,0,0,14121743,14121743,2959
108778,439,766,1112,1,0,11200,0,0,0,14123596,14123596,2959
108794,439,852,1112,1,0,11200,0,0,0,14125469,14125469,2959
108809,439,915,1112,1,0,11200,0,0,0,14127264,14127264,2959
108824,439,989,1112,1,0,11200,0,0,0,14129133,14129133,2959
108840,439,1023,1112,1,0,11200,0,0,0,14130011,14130011,2959
108855,440,1092,1112,1,0,11200,0,0,0,14131973,14131973,2959
108870,440,71,1112,1,0,11200,0,0,0,14134435,14134435,2959
108885,440,146,1112,1,0,11200,0,0,0,14136740,14136740,2959
108901,440,208,1112,1,0,11200,0,0,0,14139072,14139072,2959
108916,440,254,1112,1,0,11200,0,0,0,14141371,14141371,2959
108931,440,297,1112,1,0,11200,0,0,0,14143536,14143536,2959
108946,440,363,1112,1,0,11200,0,0,0,14145682,14145682,2959
108961,440,443,1112,1,0,11200,0,0,0,14147947,14147947,2959
108977,440,543,1112,1,0,11200,0,0,0,14150207,14150207,2959
108993,440,609,1112,1,0,11200,0,0,0,14152265,14152265,2959
109008,440,654,1112,1,0,11200,0,0,0,14153644,14153644,2959
109023,440,709,1112,1,0,11200,0,0,0,14155291,14155291,2959
109038,440,769,1112,1,0,11200,0,0,0,14156945,14156945,2959
109054,440,855,1112,1,0,11200,0,0,0,14158606,14158606,2959
109073,440,920,1112,1,0,11200,0,0,0,14160127,14160127,2959
109088,440,992,1112,1,0,11200,0,0,0,14162126,14162126,2959
109109,440,1013,1112,1,0,11200,0,0,0,14162710,14162710,2959
109125,441,5,1112,1,0,11200,0,0,0,14165073,14165073,2959
109140,441,92,1112,1,0,11200,0,0,0,14167592,14167592,2959
109155,441,142,1112,1,0,11200,0,0,0,14169839,14169839,2959
109170,441,202,1112,1,0,11200,0,0,0,14172137,14172137,2959
109186,441,247,1112,1,0,11200,0,0,0,14174324,14174324,2959
109201,441,295,1112,1,0,11200,0,0,0,14176575,14176575,2959
109216,441,342,1112,1,0,11200,0,0,0,14178582,14178582,2959
109231,441,423,1112,1,0,11200,0,0,0,14180829,14180829,2959
109247,441,518,1112,1,0,11200,0,0,0,14183226,14183226,2959
109262,441,591,1112,1,0,11200,0,0,0,14185491,14185491,2959
109278,441,653,1112,1,0,11200,0,0,0,14187192,14187192,2959
109293,441,703,1112,1,0,11200,0,0,0,14188792,14188792,2959
109308,441,764,1112,1,0,11200,0,0,0,14190777,14190777,2959
109323,441,842,1112,1,0,11200,0,0,0,14192636,14192636,2959
109338,441,907,1112,1,0,11200,0,0,0,14194460,14194460,2959
109354,441,987,1112,1,0,11200,0,0,0,14196365,14196365,2959
109369,441,1013,1112,1,0,11200,0,0,0,14197168,14197168,2959
109385,441,1067,1112,1,0,11200,0,0,0,14198811,14198811,2959
109400,442,24,1112,1,0,11200,0,0,0,14200907,14200907,2959
109415,442,129,1112,1,0,11200,0,0,0,14203298,14203298,2959
109430,442,181,1112,1,0,11200,0,0,0,14205576,14205576,2959
109446,442,238,1112,1,0,11200,0,0,0,14207646,14207646,2959
109461,442,287,1112,1,0,11200,0,0,0,14209948,14209948,2959
109476,442,344,1112,1,0,11200,0,0,0,14211788,14211788,2959
109491,442,406,1112,1,0,11200,0,0,0,14213865,14213865,2959
109506,442,523,1112,1,0,11200,0,0,0,14216146,14216146,2959
109522,442,598,1112,1,0,11200,0,0,0,14218276,14218276,2959
109537,442,651,1112,1,0,11200,0,0,0,14219709,14219709,2959
109552,442,709,1112,1,0,11200,0,0,0,14221339,14221339,2959
109568,442,765,1112,1,0,11200,0,0,0,14223302,14223302,2959
109583,442,860,1112,1,0,11200,0,0,0,14225176,14225176,2959
109598,442,920,1112,1,0,11200,0,0,0,14226946,14226946,2959
109613,442,990,1112,1,0,11200,0,0,0,14228882,14228882,2959
109636,442,1013,1112,1,0,11200,0,0,0,14229807,14229807,2959
109651,443,1085,1112,1,0,11200,0,0,0,14231805,14231805,2959
109666,443,31,1112,1,0,11200,0,0,0,14233982,14233982,2959
109682,443,129,1112,1,0,11200,0,0,0,14236464,14236464,2959
109697,443,195,1112,1,0,11200,0,0,0,14238782,14238782,2959
109712,443,246,1112,1,0,11200,0,0,0,14240827,14240827,2959
109727,443,292,1112,1,0,11200,0,0,0,14243170,14243170,2959
109742,443,344,1112,1,0,11200,0,0,0,14245069,14245069,2959
109757,443,416,1112,1,0,11200,0,0,0,14247203,14247203,2959
109773,443,501,1112,1,0,11200,0,0,0,14249310,14249310,2959
109788,443,567,1112,1,0,11200,0,0,0,14251461,14251461,2959
109803,443,657,1112,1,0,11200,0,0,0,14253599,14253599,2959
109818,443,693,1112,1,0,11200,0,0,0,14254911,14254911,2959
109834,443,750,1112,1,0,11200,0,0,0,14256623,14256623,2959
109849,443,842,1113,2,0,11200,0,0,0,14258552,14258552,2959
109864,443,919,1113,2,0,11200,0,0,0,14260637,14260637,2959
109879,443,999,1113,2,0,11200,0,0,0,14262512,14262512,2959
109898,443,1013,1113,2,0,11200,0,0,0,14262930,14262930,2959
109913,443,1071,1113,2,0,11200,0,0,0,14264687,14264687,2959
109928,444,53,1113,1,0,11200,0,0,0,14266969,14266969,2959
109943,444,133,1113,1,0,11200,0,0,0,14269304,14269304,2959
109958,444,201,1113,1,0,11200,0,0,0,14271731,14271731,2959
109973,444,246,1113,1,0,11200,0,0,0,14273849,14273849,2959
109988,444,289,1113,1,0,11200,0,0,0,14276170,14276170,2959
110004,444,344,1113,1,0,11200,0,0,0,14278298,14278298,2959
110019,444,418,1113,1,0,11200,0,0,0,14280519,14280519,2959
110034,444,513,1113,1,0,11200,0,0,0,14282807,14282807,2959
110049,444,574,1113,1,0,11200,0,0,0,14284953,14284953,2959
110064,444,641,1113,1,0,11200,0,0,0,14286604,14286604,2959
110079,444,685,1113,1,0,11200,0,0,0,14288082,14288082,2959
110094,444,737,1113,1,0,11200,0,0,0,14289715,14289715,2959
110110,444,838,1113,1,0,11200,0,0,0,14291632,14291632,2959
110126,444,926,1113,1,0,11200,0,0,0,14293488,14293488,2959
110141,444,1009,1113,1,0,11200,0,0,0,14295505,14295505,2959
110157,444,1038,1113,1,0,11200,0,0,0,14296328,14296328,2959
110172,445,1112,1113,1,0,11200,0,0,0,14298350,14298350,2959
110187,445,72,1113,1,0,11200,0,0,0,14300691,14300691,2959
110202,445,147,1113,1,0,11200,0,0,0,14303096,14303096,2959
110217,445,211,1113,1,0,11200,0,0,0,14305530,14305530,2959
110232,445,252,1113,1,0,11200,0,0,0,14307657,14307657,2959
110248,445,297,1113,1,0,11200,0,0,0,14309793,14309793,2959
110263,445,363,1113,1,0,11200,0,0,0,14311999,14311999,2959
110279,445,436,1113,1,0,11200,0,0,0,14314002,14314002,2959
110294,445,521,1113,1,0,11200,0,0,0,14316159,14316159,2959
110310,445,594,1113,1,0,11200,0,0,0,14318402,14318402,2959
110326,445,650,1113,1,0,11200,0,0,0,14320134,14320134,2959
110341,445,712,1113,1,0,11200,0,0,0,14321624,14321624,2959
110356,445,803,1113,1,0,11200,0,0,0,14323624,14323624,2959
110371,445,908,1113,1,0,11200,0,0,0,14325560,14325560,2959
110386,445,971,1113,1,0,11200,0,0,0,14327386,14327386,2959
110406,445,1013,1113,1,0,11200,0,0,0,14328470,14328470,2959
110421,446,1084,1113,1,0,11200,0,0,0,14330434,14330434,2959
110436,446,49,1113,1,0,11200,0,0,0,14332708,14332708,2959
110452,446,133,1113,1,0,11200,0,0,0,14335006,14335006,2959
110467,446,201,1113,1,0,11200,0,0,0,14337386,14337386,2959
110482,446,241,1113,1,0,11200,0,0,0,14339504,14339504,2959
110498,446,287,1113,1,0,11200,0,0,0,14341853,14341853,2959
110513,446,341,1113,1,0,11200,0,0,0,14343855,14343855,2959
110528,446,404,1113,1,0,11200,0,0,0,14345858,14345858,2959
110544,446,488,1113,1,0,11200,0,0,0,14348034,14348034,2959
110560,446,570,1113,1,0,11200,0,0,0,14350221,14350221,2959
110575,446,633,1113,1,0,11200,0,0,0,14352176,14352176,2959
110591,446,690,1113,1,0,11200,0,0,0,14353959,14353959,2959
110606,446,761,1113,1,0,11200,0,0,0,14355900,14355900,2959
110621,446,855,1113,1,0,11200,0,0,0,14357782,14357782,2959
110641,446,920,1113,1,0,11200,0,0,0,14359967,14359967,2959
110656,446,1009,1113,1,0,11200,0,0,0,14362036,14362036,2959
110671,446,1068,1113,1,0,11200,0,0,0,14363478,14363478,2959
110687,447,22,1113,1,0,11200,0,0,0,14365805,14365805,2959
110702,447,132,1113,1,0,11200,0,0,0,14368111,14368111,2959
110718,447,198,1113,1,0,11200,0,0,0,14370458,14370458,2959
110733,447,244,1113,1,0,11200,0,0,0,14372545,14372545,2959
110749,447,292,1113,1,0,11200,0,0,0,14374738,14374738,2959
110764,447,340,1113,1,0,11200,0,0,0,14376730,14376730,2959
110779,447,406,1113,1,0,11200,0,0,0,14378853,14378853,2959
110794,447,504,1113,1,0,11200,0,0,0,14381025,14381025,2959
110809,447,570,1113,1,0,11200,0,0,0,14383321,14383321,2959
110825,447,647,1113,1,0,11200,0,0,0,14385351,14385351,2959
110841,447,681,1113,1,0,11200,0,0,0,14386378,14386378,2959
110856,447,719,1113,1,0,11200,0,0,0,14388043,14388043,2959
110872,447,802,1113,1,0,11200,0,0,0,14389969,14389969,2959
110887,447,877,1113,1,0,11200,0,0,0,14391775,14391775,2959
110902,447,953,1113,1,0,11200,0,0,0,14393777,14393777,2959
110922,447,1013,1113,1,0,11200,0,0,0,14395299,14395299,2959
110937,448,1092,1113,1,0,11200,0,0,0,14397237,14397237,2959
110952,448,47,1113,1,0,11200,0,0,0,14399474,14399474,2959
110968,448,137,1113,1,0,11200,0,0,0,14401787,14401787,2959
110983,448,205,1113,1,0,11200,0,0,0,14404059,14404059,2959
110998,448,256,1113,1,0,11200,0,0,0,14406276,14406276,2959
111013,448,300,1113,1,0,11200,0,0,0,14408247,14408247,2959
111028,448,350,1113,1,0,11200,0,0,0,14410310,14410310,2959
111044,448,429,1113,1,0,11200,0,0,0,14412658,14412658,2959
111059,448,509,1113,1,0,11200,0,0,0,14414703,14414703,2959
111074,448,580,1113,1,0,11200,0,0,0,14416977,14416977,2959
111089,448,657,1113,1,0,11200,0,0,0,14418885,14418885,2959
111104,448,704,1113,1,0,11200,0,0,0,14420353,14420353,2959
111120,448,768,1113,1,0,11200,0,0,0,14422188,14422188,2959
111135,448,857,1113,1,0,11200,0,0,0,14423811,14423811,2959
111151,448,920,1113,1,0,11200,0,0,0,14425366,14425366,2959
111166,448,997,1113,1,0,11200,0,0,0,14427445,14427445,2959
111191,448,1013,1113,1,0,11200,0,0,0,14428112,14428112,2959
111206,448,1073,1113,1,0,11200,0,0,0,14430173,14430173,2959
111221,449,42,1113,1,0,11200,0,0,0,14432497,14432497,2959
111236,449,131,1113,1,0,11200,0,0,0,14434738,14434738,2959
111252,449,184,1113,1,0,11200,0,0,0,14436895,14436895,2959
111267,449,233,1113,1,0,11200,0,0,0,14439057,14439057,2959
111282,449,274,1113,1,0,11200,0,0,0,14441188,14441188,2959
111298,449,326,1113,1,0,11200,0,0,0,14443279,14443279,2959
111313,449,388,1113,1,0,11200,0,0,0,14445274,14445274,2959
111328,449,461,1113,1,0,11200,0,0,0,14447595,14447595,2959
111344,449,547,1113,1,0,11200,0,0,0,14449731,14449731,2959
111359,449,612,1113,1,0,11200,0,0,0,14451629,14451629,2959
111375,449,680,1113,1,0,11200,0,0,0,14453341,14453341,2959
111390,449,727,1113,1,0,11200,0,0,0,14455030,14455030,2959
111405,449,785,1113,1,0,11200,0,0,0,14456568,14456568,2959
111420,449,862,1113,1,0,11200,0,0,0,14458163,14458163,2959
111435,449,950,1113,1,0,11200,0,0,0,14460025,14460025,2959
111468,449,1013,1113,1,0,11200,0,0,0,14461644,14461644,2959
111483,450,1099,1113,1,0,11200,0,0,0,14463644,14463644,2959
111498,450,80,1113,1,0,11200,0,0,0,14465982,14465982,2959
111513,450,146,1113,1,0,11200,0,0,0,14468148,14468148,2959
111528,450,211,1113,1,0,11200,0,0,0,14470507,14470507,2959
111544,450,268,1113,1,0,11200,0,0,0,14472774,14472774,2959
111559,450,313,1113,1,0,11200,0,0,0,14474802,14474802,2959
111574,450,372,1113,1,0,11200,0,0,0,14476896,14476896,2959
111590,450,436,1113,1,0,11200,0,0,0,14478909,14478909,2959
111605,450,524,1113,1,0,11200,0,0,0,14481157,14481157,2959
111621,450,597,1113,1,0,11200,0,0,0,14483368,14483368,2959
111636,450,651,1113,1,0,11200,0,0,0,14484869,14484869,2959
111651,450,700,1113,1,0,11200,0,0,0,14486271,14486271,2959
111666,450,763,1113,1,0,11200,0,0,0,14488130,14488130,2959
111681,450,852,1113,1,0,11200,0,0,0,14490011,14490011,2959
111697,450,926,1113,1,0,11200,0,0,0,14491844,14491844,2959
111712,450,1002,1113,1,0,11200,0,0,0,14493985,14493985,2959
111731,450,1013,1113,1,0,11200,0,0,0,14494349,14494349,2959
111746,451,1086,1113,1,0,11200,0,0,0,14496342,14496342,2959
111761,451,71,1113,1,0,11200,0,0,0,14498710,14498710,2959
111776,451,138,1113,1,0,11200,0,0,0,14501201,14501201,2959
111791,451,202,1113,1,0,11200,0,0,0,14503605,14503605,2959
111806,451,250,1113,1,0,11200,0,0,0,14505774,14505774,2959
111821,451,301,1113,1,0,11200,0,0,0,14507822,14507822,2959
111836,451,347,1113,1,0,11200,0,0,0,14509735,14509735,2959
111851,451,417,1113,1,0,11200,0,0,0,14511702,14511702,2959
111866,451,505,1113,1,0,11200,0,0,0,14513828,14513828,2959
111882,451,574,1113,1,0,11200,0,0,0,14516133,14516133,2959
111897,451,644,1113,1,0,11200,0,0,0,14518238,14518238,2959
111913,451,689,1113,1,0,11200,0,0,0,14519652,14519652,2959
111928,451,733,1113,1,0,11200,0,0,0,14521445,14521445,2959
111944,451,829,1113,1,0,11200,0,0,0,14523229,14523229,2959
111959,451,899,1113,1,0,11200,0,0,0,14524994,14524994,2959
111975,451,941,1113,1,0,11200,0,0,0,14526531,14526531,2959
111991,451,1011,1113,1,0,11200,0,0,0,14528285,14528285,2959
112006,451,1050,1113,1,0,11200,0,0,0,14529879,14529879,2959
112022,452,16,1113,0,0,11200,0,0,0,14531994,14531994,2959
112037,452,118,1113,0,0,11200,0,0,0,14534540,14534540,2959
112052,452,167,1113,0,0,11200,0,0,0,14536906,14536906,2959
112067,452,233,1113,0,0,11200,0,0,0,14539272,14539272,2959
112083,452,285,1113,0,0,11200,0,0,0,14541457,14541457,2959
112098,452,343,1113,0,0,11200,0,0,0,14543458,14543458,2959
112113,452,430,1113,0,0,11200,0,0,0,14545690,14545690,2959
112129,452,503,1113,0,0,11200,0,0,0,14547783,14547783,2959
112144,452,567,1113,0,0,11200,0,0,0,14549993,14549993,2959
112159,452,644,1113,0,0,11200,0,0,0,14552083,14552083,2959
112174,452,673,1113,0,0,11200,0,0,0,14553044,14553044,2959
112190,452,714,1113,0,0,11200,0,0,0,14554611,14554611,2959
112205,452,793,1113,0,0,11200,0,0,0,14556308,14556308,2959
112220,452,883,1113,0,0,11200,0,0,0,14558146,14558146,2959
112235,452,942,1113,0,0,11200,0,0,0,14559395,14559395,2959
112261,452,1013,1113,0,0,11200,0,0,0,14561456,14561456,2959
112277,452,1080,1113,0,0,11200,0,0,0,14563332,14563332,2959
112292,453,31,1113,0,0,11200,0,0,0,14565734,14565734,2959
112308,453,127,1113,0,0,11200,0,0,0,14568309,14568309,2959
112323,453,181,1113,0,0,11200,0,0,0,14570675,14570675,2959
112338,453,239,1113,0,0,11200,0,0,0,14572896,14572896,2959
112354,453,281,1113,0,0,11200,0,0,0,14575260,14575260,2959
112369,453,334,1113,0,0,11200,0,0,0,14577176,14577176,2959
112384,453,404,1113,0,0,11200,0,0,0,14579287,14579287,2959
112400,453,500,1113,0,0,11200,0,0,0,14581356,14581356,2959
112415,453,571,1113,0,0,11200,0,0,0,14583601,14583601,2959
112436,453,632,1113,0,0,11200,0,0,0,14585472,14585472,2959
112451,453,681,1113,0,0,11200,0,0,0,14587081,14587081,2959
112467,453,723,1113,0,0,11200,0,0,0,14588714,14588714,2959
112482,453,808,1113,0,0,11200,0,0,0,14590512,14590512,2959
112497,453,900,1113,0,0,11200,0,0,0,14592379,14592379,2959
112513,453,951,1113,0,0,11200,0,0,0,14593869,14593869,2959
112544,453,1013,1113,0,0,11200,0,0,0,14595672,14595672,2959
112560,454,1086,1113,0,0,11200,0,0,0,14597762,14597762,2959
112575,454,43,1113,0,0,11200,0,0,0,14600153,14600153,2959
112591,454,133,1113,0,0,11200,0,0,0,14602763,14602763,2959
112606,454,194,1113,0,0,11200,0,0,0,14605170,14605170,2959
112621,454,242,1113,0,0,11200,0,0,0,14607318,14607318,2959
112636,454,289,1113,0,0,11200,0,0,0,14609565,14609565,2959
112652,454,342,1113,0,0,11200,0,0,0,14611629,14611629,2959
112667,454,423,1113,0,0,11200,0,0,0,14613681,14613681,2959
112682,454,505,1113,0,0,11200,0,0,0,14615564,14615564,2959
112697,454,574,1113,0,0,11200,0,0,0,14617629,14617629,2959
112713,454,647,1113,0,0,11200,0,0,0,14619625,14619625,2959
112728,454,693,1113,0,0,11200,0,0,0,14621050,14621050,2959
112743,454,756,1113,0,0,11200,0,0,0,14622974,14622974,2959
112758,454,829,1113,0,0,11200,0,0,0,14624564,14624564,2959
112773,454,901,1113,0,0,11200,0,0,0,14626480,14626480,2959
112788,454,984,1113,0,0,11200,0,0,0,14628353,14628353,2959
112808,454,1013,1113,0,0,11200,0,0,0,14629278,14629278,2959
112824,454,1069,1113,0,0,11200,0,0,0,14631248,14631248,2959
112839,455,28,1113,0,0,11200,0,0,0,14633585,14633585,2959
112854,455,128,1113,0,0,11200,0,0,0,14636161,14636161,2959
112870,455,180,1113,0,0,11200,0,0,0,14638504,14638504,2959
112885,455,243,1113,0,0,11200,0,0,0,14640691,14640691,2959
112900,455,283,1113,0,0,11200,0,0,0,14642929,14642929,2959
112916,455,329,1113,0,0,11200,0,0,0,14644950,14644950,2959
112931,455,428,1113,0,0,11200,0,0,0,14647174,14647174,2959
112947,455,501,1113,0,0,11200,0,0,0,14649177,14649177,2959
112962,455,564,1113,0,0,11200,0,0,0,14651333,14651333,2959
112977,455,632,1113,0,0,11200,0,0,0,14653129,14653129,2959
112992,455,676,1113,0,0,11200,0,0,0,14654562,14654562,2959
113008,455,724,1113,0,0,11200,0,0,0,14656248,14656248,2959
113023,455,815,1113,0,0,11200,0,0,0,14658148,14658148,2959
113038,455,904,1113,0,0,11200,0,0,0,14660024,14660024,2959
113053,455,956,1113,0,0,11200,0,0,0,14661655,14661655,2959
113075,455,1013,1113,0,0,11200,0,0,0,14663155,14663155,2959
113090,456,1091,1113,0,0,11200,0,0,0,14665192,14665192,2959
113105,456,60,1113,0,0,11200,0,0,0,14667466,14667466,2959
113120,456,141,1113,0,0,11200,0,0,0,14669675,14669675,2959
113136,456,205,1113,0,0,11200,0,0,0,14671954,14671954,2959
113151,456,252,1113,0,0,11200,0,0,0,14674115,14674115,2959
113166,456,304,1113,0,0,11200,0,0,0,14676351,14676351,2959
113182,456,362,1113,0,0,11200,0,0,0,14678443,14678443,2959
113197,456,437,1113,0,0,11200,0,0,0,14680588,14680588,2959
113213,456,534,1113,0,0,11200,0,0,0,14682836,14682836,2959
113228,456,594,1113,0,0,11200,0,0,0,14684869,14684869,2959
113244,456,654,1113,0,0,11200,0,0,0,14686494,14686494,2959
113259,456,709,1113,0,0,11200,0,0,0,14688093,14688093,2959
113274,456,771,1113,0,0,11200,0,0,0,14689945,14689945,2959
113289,456,860,1113,0,0,11200,0,0,0,14691640,14691640,2959
113305,456,957,1113,0,0,11200,0,0,0,14693666,14693666,2959
113329,456,1013,1113,0,0,11200,0,0,0,14695266,14695266,2959
113344,456,1080,1113,0,0,11200,0,0,0,14697113,14697113,2959
113359,457,39,1113,0,0,11200,0,0,0,14699451,14699451,2959
113375,457,135,1113,0,0,11200,0,0,0,14701757,14701757,2959
113390,457,199,1113,0,0,11200,0,0,0,14704051,14704051,2959
113405,457,249,1113,0,0,11200,0,0,0,14706344,14706344,2959
113420,457,291,1113,0,0,11200,0,0,0,14708531,14708531,2959
113435,457,347,1113,0,0,11200,0,0,0,14710489,14710489,2959
113451,457,430,1113,0,0,11200,0,0,0,14712591,14712591,2959
113466,457,518,1113,0,0,11200,0,0,0,14714832,14714832,2959
113482,457,600,1113,0,0,11200,0,0,0,14717120,14717120,2959
113499,457,651,1113,0,0,11200,0,0,0,14718600,14718600,2959
113514,457,696,1113,0,0,11200,0,0,0,14720084,14720084,2959
113529,457,764,1113,0,0,11200,0,0,0,14722206,14722206,2959
113545,457,845,1113,0,0,11200,0,0,0,14724062,14724062,2959
113561,457,920,1113,0,0,11200,0,0,0,14726030,14726030,2959
113576,457,986,1113,0,0,11200,0,0,0,14727879,14727879,2959
113597,457,1013,1113,0,0,11200,0,0,0,14728911,14728911,2959
113613,458,1092,1113,0,0,11200,0,0,0,14731071,14731071,2959
113628,458,72,1113,0,0,11200,0,0,0,14733449,14733449,2959
113643,458,141,1113,0,0,11200,0,0,0,14735678,14735678,2959
113659,458,206,1113,0,0,11200,0,0,0,14738168,14738168,2959
113674,458,259,1113,0,0,11200,0,0,0,14740317,14740317,2959
113689,458,304,1113,0,0,11200,0,0,0,14742316,14742316,2959
113704,458,376,1113,0,0,11200,0,0,0,14744470,14744470,2959
113719,458,460,1113,0,0,11200,0,0,0,14746554,14746554,2959
113735,458,540,1113,0,0,11200,0,0,0,14748695,14748695,2959
113750,458,608,1113,0,0,11200,0,0,0,14750514,14750514,2959
113765,458,652,1113,0,0,11200,0,0,0,14751945,14751945,2959
113780,458,704,1113,0,0,11200,0,0,0,14753530,14753530,2959
113796,458,794,1113,0,0,11200,0,0,0,14755374,14755374,2959
113811,458,873,1113,0,0,11200,0,0,0,14757057,14757057,2959
113826,458,945,1113,0,0,11200,0,0,0,14758808,14758808,2959
113841,458,1012,1113,0,0,11200,0,0,0,14760840,14760840,2959
113857,458,1021,1113,0,0,11200,0,0,0,14761113,14761113,2959
113872,458,1080,1113,0,0,11200,0,0,0,14762867,14762867,2959
113888,459,39,1113,0,0,11200,0,0,0,14765279,14765279,2959
113903,459,134,1113,0,0,11200,0,0,0,14767875,14767875,2959
113918,459,199,1113,0,0,11200,0,0,0,14770357,14770357,2959
113934,459,246,1113,0,0,11200,0,0,0,14772603,14772603,2959
113949,459,300,1113,0,0,11200,0,0,0,14774679,14774679,2959
113964,459,358,1113,0,0,11200,0,0,0,14776985,14776985,2959
113979,459,426,1113,0,0,11200,0,0,0,14779009,14779009,2959
113995,459,514,1113,0,0,11200,0,0,0,14781143,14781143,2959
114010,459,579,1113,0,0,11200,0,0,0,14783287,14783287,2959
114027,459,650,1113,0,0,11200,0,0,0,14785200,14785200,2959
114043,459,693,1113,0,0,11200,0,0,0,14786513,14786513,2959
114058,459,761,1113,0,0,11200,0,0,0,14788287,14788287,2959
114073,459,836,1113,0,0,11200,0,0,0,14789956,14789956,2959
114088,459,914,1113,0,0,11200,0,0,0,14791893,14791893,2959
114104,459,971,1113,0,0,11200,0,0,0,14793429,14793429,2959
114120,459,1013,1113,0,0,11200,0,0,0,14794536,14794536,2959
114135,460,1099,1113,0,0,11200,0,0,0,14796580,14796580,2959
114150,460,71,1113,0,0,11200,0,0,0,14799001,14799001,2959
114166,460,156,1113,0,0,11200,0,0,0,14801513,14801513,2959
114181,460,221,1113,0,0,11200,0,0,0,14803656,14803656,2959
114196,460,266,1113,0,0,11200,0,0,0,14805742,14805742,2959
114211,460,316,1113,0,0,11200,0,0,0,14807869,14807869,2959
114227,460,372,1113,0,0,11200,0,0,0,14809949,14809949,2959
114242,460,436,1113,0,0,11200,0,0,0,14812103,14812103,2959
114257,460,521,1113,0,0,11200,0,0,0,14814275,14814275,2959
114272,460,609,1113,0,0,11200,0,0,0,14816393,14816393,2959
114288,460,671,1113,0,0,11200,0,0,0,14818193,14818193,2959
114303,460,709,1113,0,0,11200,0,0,0,14819667,14819667,2959
114320,460,766,1113,0,0,11200,0,0,0,14821364,14821364,2959
114335,460,857,1113,0,0,11200,0,0,0,14823142,14823142,2959
114351,460,945,1113,0,0,11200,0,0,0,14825083,14825083,2959
114383,460,1013,1113,0,0,11200,0,0,0,14827040,14827040,2959
114399,461,1086,1113,0,0,11200,0,0,0,14828910,14828910,2959
114414,461,42,1113,0,0,11200,0,0,0,14831183,14831183,2959
114430,461,133,1113,0,0,11200,0,0,0,14833712,14833712,2959
114445,461,184,1113,0,0,11200,0,0,0,14836039,14836039,2959
114460,461,244,1113,0,0,11200,0,0,0,14838264,14838264,2959
114476,461,297,1113,0,0,11200,0,0,0,14840548,14840548,2959
114491,461,348,1113,0,0,11200,0,0,0,14842720,14842720,2959
114507,461,425,1113,0,0,11200,0,0,0,14844815,14844815,2959
114522,461,508,1113,0,0,11200,0,0,0,14847005,14847005,2959
114537,461,598,1113,0,0,11200,0,0,0,14849293,14849293,2959
114552,461,650,1113,0,0,11200,0,0,0,14850695,14850695,2959
114567,461,704,1113,0,0,11200,0,0,0,14852314,14852314,2959
114583,461,771,1113,0,0,11200,0,0,0,14854189,14854189,2959
114599,461,845,1113,0,0,11200,0,0,0,14855718,14855718,2959
114614,461,915,1113,0,0,11200,0,0,0,14857731,14857731,2959
114629,461,984,1113,0,0,11200,0,0,0,14859392,14859392,2959
114648,461,1013,1113,0,0,11200,0,0,0,14860387,14860387,2959
114663,462,1100,1113,0,0,11200,0,0,0,14862625,14862625,2959
114679,462,104,1113,0,0,11200,0,0,0,14865069,14865069,2959
114694,462,159,1113,0,0,11200,0,0,0,14867346,14867346,2959
114709,462,212,1113,0,0,11200,0,0,0,14869655,14869655,2959
114724,462,252,1113,0,0,11200,0,0,0,14871725,14871725,2959
114740,462,298,1113,0,0,11200,0,0,0,14873814,14873814,2959
114755,462,347,1113,0,0,11200,0,0,0,14876061,14876061,2959
114771,462,429,1113,0,0,11200,0,0,0,14878246,14878246,2959
114786,462,512,1113,0,0,11200,0,0,0,14880279,14880279,2959
114801,462,581,1113,0,0,11200,0,0,0,14882487,14882487,2959
114817,462,651,1113,0,0,11200,0,0,0,14884454,14884454,2959
114832,462,710,1113,0,0,11200,0,0,0,14886071,14886071,2959
114847,462,771,1113,0,0,11200,0,0,0,14887918,14887918,2959
114863,462,875,1113,0,0,11200,0,0,0,14889523,14889523,2959
114880,462,920,1113,0,0,11200,0,0,0,14890866,14890866,2959
114896,462,921,1113,0,0,11200,0,0,0,14890958,14890958,2959
114911,462,984,1113,0,0,11200,0,0,0,14892508,14892508,2959
114926,462,1013,1113,0,0,11200,0,0,0,14893398,14893398,2959
114942,462,1073,1113,0,0,11200,0,0,0,14895051,14895051,2959
114959,463,25,1113,0,0,11200,0,0,0,14896938,14896938,2959
114974,463,114,1113,0,0,11200,0,0,0,14898703,14898703,2959
114989,463,145,1113,0,0,11200,0,0,0,14900347,14900347,2959
115004,463,195,1113,0,0,11200,0,0,0,14902130,14902130,2959
115020,463,238,1113,0,0,11200,0,0,0,14903762,14903762,2959
115036,463,268,1113,0,0,11200,0,0,0,14905439,14905439,2959
115051,463,309,1113,0,0,11200,0,0,0,14907054,14907054,2959
115066,463,347,1113,0,0,11200,0,0,0,14908548,14908548,2959
115082,463,397,1113,0,0,11200,0,0,0,14910129,14910129,2959
115097,463,446,1113,0,0,11200,0,0,0,14911814,14911814,2959
115112,463,517,1113,0,0,11200,0,0,0,14913458,14913458,2959
115127,463,571,1113,0,0,11200,0,0,0,14915157,14915157,2959
115142,463,642,1113,0,0,11200,0,0,0,14916732,14916732,2959
115159,463,679,1113,0,0,11200,0,0,0,14917933,14917933,2959
115174,463,711,1113,0,0,11200,0,0,0,14919172,14919172,2959
115190,463,756,1113,0,0,11200,0,0,0,14920502,14920502,2959
115205,463,802,1113,0,0,11200,0,0,0,14921710,14921710,2959
115220,463,838,1113,0,0,11200,0,0,0,14922832,14922832,2959
115235,463,896,1113,0,0,11200,0,0,0,14924282,14924282,2959
115250,463,953,1113,0,0,11200,0,0,0,14925676,14925676,2959
115266,463,1008,1113,0,0,11200,0,0,0,14927202,14927202,2959
115282,463,1013,1113,0,0,11200,0,0,0,14927576,14927576,2959
115297,463,1061,1113,0,0,11200,0,0,0,14929143,14929143,2959
115313,464,1092,1113,0,0,11200,0,0,0,14930163,14930163,2959
115329,464,17,1113,0,0,11200,0,0,0,14931343,14931343,2959
115344,464,37,1113,0,0,11200,0,0,0,14932343,14932343,2959
115359,464,105,1113,0,0,11200,0,0,0,14933624,14933624,2959
115375,464,131,1113,0,0,11200,0,0,0,14934638,14934638,2959
115390,464,156,1113,0,0,11200,0,0,0,14935753,14935753,2959
115405,464,194,1113,0,0,11200,0,0,0,14936922,14936922,2959
115421,464,217,1113,0,0,11200,0,0,0,14937957,14937957,2959
115436,464,245,1113,0,0,11200,0,0,0,14938994,14938994,2959
115451,464,274,1113,0,0,11200,0,0,0,14940219,14940219,2959
115468,464,292,1113,0,0,11200,0,0,0,14941170,14941170,2959
115483,464,311,1113,0,0,11200,0,0,0,14942151,14942151,2959
115500,464,341,1113,0,0,11200,0,0,0,14943321,14943321,2959
115515,464,371,1113,0,0,11200,0,0,0,14944317,14944317,2959
115531,464,404,1113,0,0,11200,0,0,0,14945361,14945361,2959
115546,464,436,1113,0,0,11200,0,0,0,14946469,14946469,2959
115563,464,480,1113,0,0,11200,0,0,0,14947602,14947602,2959
115578,464,521,1113,0,0,11200,0,0,0,14948593,14948593,2959
115594,464,549,1113,0,0,11200,0,0,0,14949566,14949566,2959
115609,464,578,1113,0,0,11200,0,0,0,14950588,14950588,2959
115625,464,613,1113,0,0,11200,0,0,0,14951566,14951566,2959
115641,464,657,1113,0,0,11200,0,0,0,14952618,14952618,2959
115656,464,689,1113,0,0,11200,0,0,0,14953449,14953449,2959
115673,464,713,1113,0,0,11200,0,0,0,14954333,14954333,2959
115689,464,737,1113,0,0,11200,0,0,0,14955294,14955294,2959
115704,464,791,1113,0,0,11200,0,0,0,14956221,14956221,2959
115720,464,844,1113,0,0,11200,0,0,0,14957160,14957160,2959
115735,464,878,1113,0,0,11200,0,0,0,14958132,14958132,2959
115751,464,917,1113,0,0,11200,0,0,0,14959112,14959112,2959
115766,464,950,1113,0,0,11200,0,0,0,14959835,14959835,2959
115782,464,983,1113,0,0,11200,0,0,0,14960758,14960758,2959
115797,464,1012,1113,0,0,11200,0,0,0,14961733,14961733,2959
115812,464,1042,1113,0,0,11200,0,0,0,14962701,14962701,2959
115827,465,1091,1113,0,0,11200,0,0,0,14963550,14963550,2959
115842,465,16,1113,0,0,11200,0,0,0,14964635,14964635,2959
115857,465,72,1113,0,0,11200,0,0,0,14965633,14965633,2959
115873,465,118,1113,0,0,11200,0,0,0,14966889,14966889,2959
115889,465,138,1113,0,0,11200,0,0,0,14968047,14968047,2959
115904,465,164,1113,0,0,11200,0,0,0,14969166,14969166,2959
115920,465,207,1113,0,0,11200,0,0,0,14970279,14970279,2959
115935,465,234,1113,0,0,11200,0,0,0,14971330,14971330,2959
115951,465,256,1113,0,0,11200,0,0,0,14972428,14972428,2959
115968,465,279,1113,0,0,11200,0,0,0,14973500,14973500,2959
115984,465,303,1113,0,0,11200,0,0,0,14974559,14974559,2959
115999,465,330,1113,0,0,11200,0,0,0,14975561,14975561,2959
116014,465,366,1113,0,0,11200,0,0,0,14976551,14976551,2959
116030,465,413,1113,0,0,11200,0,0,0,14977528,14977528,2959
116045,465,439,1113,0,0,11200,0,0,0,14978575,14978575,2959
116060,465,487,1113,0,0,11200,0,0,0,14979558,14979558,2959
116076,465,521,1113,0,0,11200,0,0,0,14980592,14980592,2959
116092,465,553,1113,0,0,11200,0,0,0,14981613,14981613,2959
116107,465,581,1113,0,0,11200,0,0,0,14982649,14982649,2959
116123,465,617,1113,0,0,11200,0,0,0,14983660,14983660,2959
116140,465,666,1113,0,0,11200,0,0,0,14984715,14984715,2959
116155,465,689,1113,0,0,11200,0,0,0,14985568,14985568,2959
116170,465,711,1113,0,0,11200,0,0,0,14986457,14986457,2959
116187,465,739,1113,0,0,11200,0,0,0,14987419,14987419,2959
116202,465,766,1113,0,0,11200,0,0,0,14988246,14988246,2959
116219,465,814,1113,0,0,11200,0,0,0,14989241,14989241,2959
116236,465,857,1113,0,0,11200,0,0,0,14990229,14990229,2959
116251,465,901,1113,0,0,11200,0,0,0,14991223,14991223,2959
116267,465,930,1113,0,0,11200,0,0,0,14992117,14992117,2959
116283,465,962,1113,0,0,11200,0,0,0,14993076,14993076,2959
116298,465,989,1113,0,0,11200,0,0,0,14994066,14994066,2959
116314,465,1013,1113,0,0,11200,0,0,0,14994835,14994835,2959
116329,465,1050,1113,0,0,11200,0,0,0,14995789,14995789,2959
116346,466,1086,1113,0,0,11200,0,0,0,14996774,14996774,2959
116362,466,14,1113,0,0,11200,0,0,0,14997949,14997949,2959
116377,466,43,1113,0,0,11200,0,0,0,14999140,14999140,2959
116393,466,115,1113,0,0,11200,0,0,0,15000480,15000480,2959
116410,466,146,1113,0,0,11200,0,0,0,15001711,15001711,2959
116427,466,171,1113,0,0,11200,0,0,0,15002991,15002991,2959
116443,466,203,1113,0,0,11200,0,0,0,15004202,15004202,2959
116458,466,229,1113,0,0,11200,0,0,0,15005318,15005318,2959
116474,466,255,1113,0,0,11200,0,0,0,15006459,15006459,2959
116489,466,276,1113,0,0,11200,0,0,0,15007547,15007547,2959
116505,466,301,1113,0,0,11200,0,0,0,15008577,15008577,2959
116522,466,329,1113,0,0,11200,0,0,0,15009707,15009707,2959
116537,466,365,1113,0,0,11200,0,0,0,15010707,15010707,2959
116553,466,392,1113,0,0,11200,0,0,0,15011675,15011675,2959
116568,466,434,1113,0,0,11200,0,0,0,15012710,15012710,2959
116584,466,487,1113,0,0,11200,0,0,0,15013816,15013816,2959
116599,466,516,1113,0,0,11200,0,0,0,15014829,15014829,2959
116614,466,546,1113,0,0,11200,0,0,0,15015771,15015771,2959
116629,466,580,1113,0,0,11200,0,0,0,15016788,15016788,2959
116645,466,632,1113,0,0,11200,0,0,0,15017897,15017897,2959
116661,466,666,1113,0,0,11200,0,0,0,15018882,15018882,2959
116677,466,683,1113,0,0,11200,0,0,0,15019727,15019727,2959
116692,466,716,1113,0,0,11200,0,0,0,15020582,15020582,2959
116708,466,762,1113,0,0,11200,0,0,0,15021605,15021605,2959
116724,466,808,1113,0,0,11200,0,0,0,15022562,15022562,2959
116739,466,854,1113,0,0,11200,0,0,0,15023556,15023556,2959
116755,466,889,1113,0,0,11200,0,0,0,15024598,15024598,2959
116771,466,919,1113,0,0,11200,0,0,0,15025631,15025631,2959
116786,466,961,1113,0,0,11200,0,0,0,15026471,15026471,2959
116802,466,992,1113,0,0,11200,0,0,0,15027523,15027523,2959
116818,466,1024,1113,0,0,11200,0,0,0,15028470,15028470,2959
116834,466,1053,1113,0,0,11200,0,0,0,15029446,15029446,2959
116849,467,1092,1113,0,0,11200,0,0,0,15030449,15030449,2959
116865,467,14,1113,0,0,11200,0,0,0,15031571,15031571,2959
116881,467,36,1113,0,0,11200,0,0,0,15032569,15032569,2959
116896,467,116,1113,0,0,11200,0,0,0,15033774,15033774,2959
116912,467,135,1113,0,0,11200,0,0,0,15034933,15034933,2959
116928,467,163,1113,0,0,11200,0,0,0,15036057,15036057,2959
116944,467,194,1113,0,0,11200,0,0,0,15037246,15037246,2959
116960,467,227,1113,0,0,11200,0,0,0,15038332,15038332,2959
116975,467,251,1113,0,0,11200,0,0,0,15039229,15039229,2959
116990,467,270,1113,0,0,11200,0,0,0,15040307,15040307,2959
117006,467,297,1113,0,0,11200,0,0,0,15041383,15041383,2959
117022,467,321,1113,0,0,11200,0,0,0,15042374,15042374,2959
117038,467,348,1113,0,0,11200,0,0,0,15043372,15043372,2959
117054,467,380,1113,0,0,11200,0,0,0,15044396,15044396,2959
117070,467,417,1113,0,0,11200,0,0,0,15045536,15045536,2959
117086,467,440,1113,0,0,11200,0,0,0,15046519,15046519,2959
117102,467,505,1113,0,0,11200,0,0,0,15047547,15047547,2959
117117,467,541,1113,0,0,11200,0,0,0,15048637,15048637,2959
117132,467,567,1113,0,0,11200,0,0,0,15049618,15049618,2959
117147,467,602,1113,0,0,11200,0,0,0,15050656,15050656,2959
117163,467,644,1113,0,0,11200,0,0,0,15051746,15051746,2959
117179,467,671,1113,0,0,11200,0,0,0,15052794,15052794,2959
117195,467,701,1113,0,0,11200,0,0,0,15053641,15053641,2959
117210,467,723,1113,0,0,11200,0,0,0,15054629,15054629,2959
117226,467,763,1113,0,0,11200,0,0,0,15055546,15055546,2959
117243,467,814,1113,0,0,11200,0,0,0,15056500,15056500,2959
117258,467,860,1113,0,0,11200,0,0,0,15057371,15057371,2959
117273,467,909,1113,0,0,11200,0,0,0,15058333,15058333,2959
117289,467,935,1113,0,0,11200,0,0,0,15059208,15059208,2959
117304,467,985,1113,0,0,11200,0,0,0,15060159,15060159,2959
117319,467,1011,1114,1,0,11200,0,0,0,15061091,15061091,2959
117335,467,1048,1114,1,0,11200,0,0,0,15062041,15062041,2959
117350,468,1099,1114,1,0,11200,0,0,0,15063041,15063041,2959
117365,468,17,1114,1,0,11200,0,0,0,15064191,15064191,2959
117381,468,81,1114,1,0,11200,0,0,0,15065367,15065367,2959
117397,468,127,1114,1,0,11200,0,0,0,15066598,15066598,2959
117412,468,148,1114,1,0,11200,0,0,0,15067679,15067679,2959
117429,468,171,1114,1,0,11200,0,0,0,15069000,15069000,2959
117444,468,203,1114,1,0,11200,0,0,0,15070083,15070083,2959
117460,468,227,1114,1,0,11200,0,0,0,15071165,15071165,2959
117475,468,251,1114,1,0,11200,0,0,0,15072256,15072256,2959
117491,468,274,1114,1,0,11200,0,0,0,15073379,15073379,2959
117506,468,289,1114,1,0,11200,0,0,0,15074344,15074344,2959
117522,468,316,1114,1,0,11200,0,0,0,15075376,15075376,2959
117539,468,348,1114,1,0,11200,0,0,0,15076400,15076400,2959
117555,468,379,1114,1,0,11200,0,0,0,15077458,15077458,2959
117570,468,423,1114,1,0,11200,0,0,0,15078550,15078550,2959
117585,468,477,1114,1,0,11200,0,0,0,15079516,15079516,2959
117601,468,514,1114,1,0,11200,0,0,0,15080511,15080511,2959
117616,468,546,1114,1,0,11200,0,0,0,15081561,15081561,2959
117632,468,580,1114,1,0,11200,0,0,0,15082622,15082622,2959
117648,468,614,1114,1,0,11200,0,0,0,15083689,15083689,2959
117663,468,654,1114,1,0,11200,0,0,0,15084668,15084668,2959
117680,468,681,1114,1,0,11200,0,0,0,15085645,15085645,2959
117696,468,712,1114,1,0,11200,0,0,0,15086586,15086586,2959
117711,468,753,1114,1,0,11200,0,0,0,15087545,15087545,2959
117726,468,783,1114,1,0,11200,0,0,0,15088535,15088535,2959
117741,468,836,1114,1,0,11200,0,0,0,15089385,15089385,2959
117757,468,876,1114,1,0,11200,0,0,0,15090328,15090328,2959
117773,468,911,1114,1,0,11200,0,0,0,15091372,15091372,2959
117789,468,941,1114,1,0,11200,0,0,0,15092300,15092300,2959
117804,468,986,1114,1,0,11200,0,0,0,15093285,15093285,2959
117833,468,1013,1114,1,0,11200,0,0,0,15094117,15094117,2959
117848,468,1043,1114,1,0,11200,0,0,0,15095058,15095058,2959
117864,468,1071,1114,1,0,11200,0,0,0,15096034,15096034,2959
117879,469,16,1114,1,0,11200,0,0,0,15097209,15097209,2959
117895,469,60,1114,1,0,11200,0,0,0,15098389,15098389,2959
117910,469,114,1114,1,0,11200,0,0,0,15099536,15099536,2959
117925,469,133,1114,1,0,11200,0,0,0,15100652,15100652,2959
117941,469,158,1114,1,0,11200,0,0,0,15101813,15101813,2959
117956,469,188,1114,1,0,11200,0,0,0,15102977,15102977,2959
117971,469,210,1114,1,0,11200,0,0,0,15103961,15103961,2959
117987,469,241,1114,1,0,11200,0,0,0,15105012,15105012,2959
118003,469,260,1114,1,0,11200,0,0,0,15106224,15106224,2959
118019,469,283,1114,1,0,11200,0,0,0,15107367,15107367,2959
118034,469,308,1114,1,0,11200,0,0,0,15108396,15108396,2959
118050,469,339,1114,1,0,11200,0,0,0,15109387,15109387,2959
118066,469,369,1114,1,0,11200,0,0,0,15110470,15110470,2959
118081,469,397,1114,1,0,11200,0,0,0,15111478,15111478,2959
118097,469,433,1114,1,0,11200,0,0,0,15112456,15112456,2959
118113,469,487,1114,1,0,11200,0,0,0,15113491,15113491,2959
118128,469,520,1114,1,0,11200,0,0,0,15114506,15114506,2959
118145,469,560,1114,1,0,11200,0,0,0,15115496,15115496,2959
118161,469,591,1114,1,0,11200,0,0,0,15116488,15116488,2959
118176,469,637,1114,1,0,11200,0,0,0,15117445,15117445,2959
118191,469,668,1114,1,0,11200,0,0,0,15118444,15118444,2959
118207,469,690,1114,1,0,11200,0,0,0,15119198,15119198,2959
118222,469,720,1114,1,0,11200,0,0,0,15120122,15120122,2959
118237,469,756,1114,1,0,11200,0,0,0,15121020,15121020,2959
118252,469,802,1114,1,0,11200,0,0,0,15121900,15121900,2959
118268,469,852,1114,1,0,11200,0,0,0,15122783,15122783,2959
118284,469,894,1114,1,0,11200,0,0,0,15123835,15123835,2959
118300,469,927,1114,1,0,11200,0,0,0,15124772,15124772,2959
118316,469,972,1114,1,0,11200,0,0,0,15125771,15125771,2959
118332,469,1002,1114,1,0,11200,0,0,0,15126674,15126674,2959
118354,469,1013,1114,1,0,11200,0,0,0,15127009,15127009,2959
118370,469,1056,1114,1,0,11200,0,0,0,15128171,15128171,2959
118385,470,1091,1114,1,0,11200,0,0,0,15129151,15129151,2959
118400,470,10,1114,1,0,11200,0,0,0,15130098,15130098,2959
118416,470,31,1114,1,0,11200,0,0,0,15131179,15131179,2959
118431,470,103,1114,1,0,11200,0,0,0,15132405,15132405,2959
118446,470,123,1114,1,0,11200,0,0,0,15133481,15133481,2959
118463,470,138,1114,1,0,11200,0,0,0,15134589,15134589,2959
118479,470,176,1114,1,0,11200,0,0,0,15135779,15135779,2959
118494,470,207,1114,1,0,11200,0,0,0,15136754,15136754,2959
118509,470,238,1114,1,0,11200,0,0,0,15137787,15137787,2959
118525,470,261,1114,1,0,11200,0,0,0,15138920,15138920,2959
118540,470,282,1114,1,0,11200,0,0,0,15139973,15139973,2959
118556,470,307,1114,1,0,11200,0,0,0,15141030,15141030,2959
118572,470,347,1114,1,0,11200,0,0,0,15142157,15142157,2959
118588,470,384,1114,1,0,11200,0,0,0,15143230,15143230,2959
118603,470,411,1114,1,0,11200,0,0,0,15144306,15144306,2959
118619,470,451,1114,1,0,11200,0,0,0,15145419,15145419,2959
118635,470,501,1114,1,0,11200,0,0,0,15146537,15146537,2959
118650,470,525,1114,1,0,11200,0,0,0,15147560,15147560,2959
118666,470,563,1114,1,0,11200,0,0,0,15148622,15148622,2959
118682,470,605,1114,1,0,11200,0,0,0,15149694,15149694,2959
118697,470,650,1114,1,0,11200,0,0,0,15150725,15150725,2959
118713,470,680,1114,1,0,11200,0,0,0,15151646,15151646,2959
118729,470,706,1114,1,0,11200,0,0,0,15152522,15152522,2959
118744,470,729,1114,1,0,11200,0,0,0,15153539,15153539,2959
118760,470,780,1114,1,0,11200,0,0,0,15154537,15154537,2959
118776,470,842,1114,1,0,11200,0,0,0,15155399,15155399,2959
118791,470,881,1114,1,0,11200,0,0,0,15156416,15156416,2959
118807,470,918,1114,1,0,11200,0,0,0,15157485,15157485,2959
118823,470,956,1114,1,0,11200,0,0,0,15158246,15158246,2959
118838,470,997,1114,1,0,11200,0,0,0,15159241,15159241,2959
118855,470,1013,1114,1,0,11200,0,0,0,15159744,15159744,2959
118870,470,1039,1114,1,0,11200,0,0,0,15160811,15160811,2959
118885,471,1084,1114,1,0,11200,0,0,0,15161727,15161727,2959
118901,471,11,1114,1,0,11200,0,0,0,15162843,15162843,2959
118916,471,67,1114,1,0,11200,0,0,0,15163958,15163958,2959
118932,471,119,1114,1,0,11200,0,0,0,15165239,15165239,2959
118948,471,141,1114,1,0,11200,0,0,0,15166405,15166405,2959
118964,471,168,1114,1,0,11200,0,0,0,15167598,15167598,2959
118980,471,204,1114,1,0,11200,0,0,0,15168684,15168684,2959
118996,471,229,1114,1,0,11200,0,0,0,15169849,15169849,2959
119012,471,252,1114,1,0,11200,0,0,0,15170848,15170848,2959
119028,471,275,1114,1,0,11200,0,0,0,15171981,15171981,2959
119044,471,298,1114,1,0,11200,0,0,0,15172930,15172930,2959
119059,471,327,1114,1,0,11200,0,0,0,15173908,15173908,2959
119075,471,351,1114,1,0,11200,0,0,0,15174884,15174884,2959
119091,471,392,1114,1,0,11200,0,0,0,15175926,15175926,2959
119106,471,431,1114,1,0,11200,0,0,0,15177039,15177039,2959
119122,471,483,1114,1,0,11200,0,0,0,15178151,15178151,2959
119138,471,516,1114,1,0,11200,0,0,0,15179168,15179168,2959
119153,471,549,1114,1,0,11200,0,0,0,15180151,15180151,2959
119169,471,587,1114,1,0,11200,0,0,0,15181258,15181258,2959
119184,471,629,1114,1,0,11200,0,0,0,15182198,15182198,2959
119199,471,668,1114,1,0,11200,0,0,0,15183263,15183263,2959
119214,471,690,1114,1,0,11200,0,0,0,15183998,15183998,2959
119231,471,713,1114,1,0,11200,0,0,0,15184888,15184888,2959
119246,471,754,1114,1,0,11200,0,0,0,15185885,15185885,2959
119261,471,802,1114,1,0,11200,0,0,0,15186846,15186846,2959
119277,471,838,1114,1,0,11200,0,0,0,15187805,15187805,2959
119292,471,881,1114,1,0,11200,0,0,0,15188798,15188798,2959
119307,471,917,1114,1,0,11200,0,0,0,15189843,15189843,2959
119322,471,935,1114,1,0,11200,0,0,0,15190530,15190530,2959
119337,471,964,1114,1,0,11200,0,0,0,15191460,15191460,2959
119353,471,1008,1114,1,0,11200,0,0,0,15192365,15192365,2959
119368,471,1027,1114,1,0,11200,0,0,0,15193102,15193102,2959
119384,471,1061,1114,1,0,11200,0,0,0,15194175,15194175,2959
119400,472,1109,1114,1,0,11200,0,0,0,15195157,15195157,2959
119415,472,24,1114,1,0,11200,0,0,0,15196320,15196320,2959
119431,472,104,1114,1,0,11200,0,0,0,15197510,15197510,2959
119447,472,130,1114,1,0,11200,0,0,0,15198701,15198701,2959
119462,472,164,1114,1,0,11200,0,0,0,15199790,15199790,2959
119477,472,200,1114,1,0,11200,0,0,0,15200801,15200801,2959
119494,472,223,1115,2,0,11200,0,0,0,15201825,15201825,2959
119509,472,249,1115,2,0,11200,0,0,0,15202756,15202756,2959
119524,472,272,1115,2,0,11200,0,0,0,15203968,15203968,2959
119539,472,301,1115,2,0,11200,0,0,0,15205015,15205015,2959
119555,472,324,1115,2,0,11200,0,0,0,15206003,15206003,2959
119570,472,355,1115,2,0,11200,0,0,0,15207081,15207081,2959
119585,472,400,1115,2,0,11200,0,0,0,15208211,15208211,2959
119601,472,451,1115,2,0,11200,0,0,0,15209230,15209230,2959
119617,472,501,1115,2,0,11200,0,0,0,15210471,15210471,2959
119633,472,525,1115,2,0,11200,0,0,0,15211562,15211562,2959
119649,472,568,1115,2,0,11200,0,0,0,15212658,15212658,2959
119665,472,611,1115,2,0,11200,0,0,0,15213714,15213714,2959
119680,472,647,1115,2,0,11200,0,0,0,15214702,15214702,2959
119695,472,673,1115,2,0,11200,0,0,0,15215485,15215485,2959
119710,472,692,1115,2,0,11200,0,0,0,15216250,15216250,2959
119725,472,719,1115,2,0,11200,0,0,0,15217191,15217191,2959
119741,472,763,1115,2,0,11200,0,0,0,15218193,15218193,2959
119758,472,813,1115,2,0,11200,0,0,0,15219168,15219168,2959
119773,472,845,1115,2,0,11200,0,0,0,15219980,15219980,2959
119788,472,889,1115,2,0,11200,0,0,0,15220989,15220989,2959
119804,472,926,1115,2,0,11200,0,0,0,15222066,15222066,2959
119820,472,971,1115,2,0,11200,0,0,0,15223102,15223102,2959
119836,472,1008,1115,2,0,11200,0,0,0,15224072,15224072,2959
119860,472,1013,1115,2,0,11200,0,0,0,15224396,15224396,2959
119877,472,1061,1115,2,0,11200,0,0,0,15225478,15225478,2959
119893,473,1099,1115,2,0,11200,0,0,0,15226484,15226484,2959
119908,473,17,1115,2,0,11200,0,0,0,15227614,15227614,2959
119924,473,47,1115,2,0,11200,0,0,0,15228719,15228719,2959
119939,473,116,1115,2,0,11200,0,0,0,15229896,15229896,2959
119955,473,139,1115,2,0,11200,0,0,0,15230992,15230992,2959
119970,473,166,1115,2,0,11200,0,0,0,15232253,15232253,2959
119986,473,199,1115,2,0,11200,0,0,0,15233282,15233282,2959
120001,473,216,1115,2,0,11200,0,0,0,15234436,15234436,2959
120016,473,246,1115,2,0,11200,0,0,0,15235444,15235444,2959
120031,473,270,1115,2,0,11200,0,0,0,15236539,15236539,2959
120046,473,292,1115,2,0,11200,0,0,0,15237427,15237427,2959
120062,473,320,1115,2,0,11200,0,0,0,15238446,15238446,2959
120078,473,347,1115,2,0,11200,0,0,0,15239489,15239489,2959
120093,473,397,1115,2,0,11200,0,0,0,15240534,15240534,2959
120109,473,441,1115,2,0,11200,0,0,0,15241686,15241686,2959
120124,473,498,1115,2,0,11200,0,0,0,15242795,15242795,2959
120141,473,531,1115,2,0,11200,0,0,0,15243929,15243929,2959
120156,473,568,1115,2,0,11200,0,0,0,15244978,15244978,2959
120173,473,609,1115,2,0,11200,0,0,0,15246104,15246104,2959
120189,473,641,1115,2,0,11200,0,0,0,15247197,15247197,2959
120205,473,668,1115,2,0,11200,0,0,0,15248158,15248158,2959
120222,473,693,1115,2,0,11200,0,0,0,15248983,15248983,2959
120238,473,714,1115,2,0,11200,0,0,0,15249913,15249913,2959
120254,473,754,1115,2,0,11200,0,0,0,15250853,15250853,2959
120270,473,791,1115,2,0,11200,0,0,0,15251834,15251834,2959
120286,473,834,1115,2,0,11200,0,0,0,15252794,15252794,2959
120301,473,876,1115,2,0,11200,0,0,0,15253712,15253712,2959
120317,473,915,1115,2,0,11200,0,0,0,15254762,15254762,2959
120333,473,935,1115,2,0,11200,0,0,0,15255520,15255520,2959
120349,473,967,1115,2,0,11200,0,0,0,15256531,15256531,2959
120364,473,993,1115,2,0,11200,0,0,0,15257528,15257528,2959
120380,473,1031,1115,2,0,11200,0,0,0,15258659,15258659,2959
120395,473,1067,1115,2,0,11200,0,0,0,15259617,15259617,2959
120411,474,2,1115,2,0,11200,0,0,0,15260768,15260768,2959
120427,474,24,1115,2,0,11200,0,0,0,15262095,15262095,2959
120443,474,75,1115,2,0,11200,0,0,0,15263240,15263240,2959
120459,474,121,1115,2,0,11200,0,0,0,15264438,15264438,2959
120474,474,140,1115,2,0,11200,0,0,0,15265452,15265452,2959
120489,474,170,1115,2,0,11200,0,0,0,15266615,15266615,2959
120505,474,201,1115,2,0,11200,0,0,0,15267673,15267673,2959
120520,474,232,1115,2,0,11200,0,0,0,15268758,15268758,2959
120536,474,247,1115,2,0,11200,0,0,0,15269734,15269734,2959
120552,474,275,1115,2,0,11200,0,0,0,15270941,15270941,2959
120567,474,304,1115,2,0,11200,0,0,0,15271923,15271923,2959
120582,474,330,1115,2,0,11200,0,0,0,15272997,15272997,2959
120598,474,363,1115,2,0,11200,0,0,0,15274047,15274047,2959
120613,474,397,1115,2,0,11200,0,0,0,15275048,15275048,2959
120629,474,436,1115,2,0,11200,0,0,0,15276138,15276138,2959
120645,474,495,1115,2,0,11200,0,0,0,15277130,15277130,2959
120660,474,525,1115,2,0,11200,0,0,0,15278287,15278287,2959
120676,474,553,1115,2,0,11200,0,0,0,15279351,15279351,2959
120691,474,578,1115,2,0,11200,0,0,0,15280296,15280296,2959
120707,474,612,1115,2,0,11200,0,0,0,15281335,15281335,2959
120723,474,642,1115,2,0,11200,0,0,0,15282280,15282280,2959
120738,474,668,1115,2,0,11200,0,0,0,15283245,15283245,2959
120754,474,692,1115,2,0,11200,0,0,0,15284072,15284072,2959
120769,474,715,1115,2,0,11200,0,0,0,15285034,15285034,2959
120784,474,753,1115,2,0,11200,0,0,0,15285906,15285906,2959
120800,474,803,1115,2,0,11200,0,0,0,15286974,15286974,2959
120817,474,845,1115,2,0,11200,0,0,0,15287845,15287845,2959
120832,474,881,1115,2,0,11200,0,0,0,15288774,15288774,2959
120852,474,920,1115,2,0,11200,0,0,0,15289738,15289738,2959
120868,474,956,1115,2,0,11200,0,0,0,15290684,15290684,2959
120883,474,990,1115,2,0,11200,0,0,0,15291585,15291585,2959
120913,474,1013,1115,2,0,11200,0,0,0,15292408,15292408,2959
120929,474,1047,1115,2,0,11200,0,0,0,15293485,15293485,2959
120944,474,1073,1115,2,0,11200,0,0,0,15294407,15294407,2959
120961,475,12,1115,2,0,11200,0,0,0,15295614,15295614,2959
120976,475,42,1115,2,0,11200,0,0,0,15296682,15296682,2959
120991,475,111,1115,2,0,11200,0,0,0,15297926,15297926,2959
121007,475,131,1115,2,0,11200,0,0,0,15299012,15299012,2959
121022,475,163,1115,2,0,11200,0,0,0,15300087,15300087,2959
121037,475,195,1115,2,0,11200,0,0,0,15301062,15301062,2959
121054,475,215,1115,2,0,11200,0,0,0,15302167,15302167,2959
121069,475,241,1115,2,0,11200,0,0,0,15303150,15303150,2959
121084,475,259,1115,2,0,11200,0,0,0,15304217,15304217,2959
121100,475,276,1115,2,0,11200,0,0,0,15305225,15305225,2959
121115,475,298,1115,2,0,11200,0,0,0,15306173,15306173,2959
121130,475,326,1115,2,0,11200,0,0,0,15307269,15307269,2959
121145,475,351,1115,2,0,11200,0,0,0,15308296,15308296,2959
121161,475,393,1115,2,0,11200,0,0,0,15309377,15309377,2959
121177,475,437,1115,2,0,11200,0,0,0,15310494,15310494,2959
121193,475,483,1115,2,0,11200,0,0,0,15311629,15311629,2959
121208,475,520,1115,2,0,11200,0,0,0,15312651,15312651,2959
121223,475,560,1115,2,0,11200,0,0,0,15313712,15313712,2959
121240,475,601,1115,2,0,11200,0,0,0,15314775,15314775,2959
121256,475,642,1115,2,0,11200,0,0,0,15315839,15315839,2959
121272,475,685,1115,2,0,11200,0,0,0,15316781,15316781,2959
121289,475,709,1115,2,0,11200,0,0,0,15317652,15317652,2959
121304,475,730,1115,2,0,11200,0,0,0,15318658,15318658,2959
121320,475,771,1115,2,0,11200,0,0,0,15319599,15319599,2959
121335,475,817,1115,2,0,11200,0,0,0,15320532,15320532,2959
121351,475,858,1115,2,0,11200,0,0,0,15321485,15321485,2959
121367,475,899,1115,2,0,11200,0,0,0,15322463,15322463,2959
121385,475,920,1115,2,0,11200,0,0,0,15323138,15323138,2959
121401,475,964,1115,2,0,11200,0,0,0,15324173,15324173,2959
121418,475,1011,1115,2,0,11200,0,0,0,15325176,15325176,2959
121434,475,1023,1115,2,0,11200,0,0,0,15325726,15325726,2959
121450,475,1060,1115,2,0,11200,0,0,0,15326840,15326840,2959
121465,476,1109,1115,2,0,11200,0,0,0,15327811,15327811,2959
121480,476,17,1115,2,0,11200,0,0,0,15328896,15328896,2959
121495,476,71,1115,2,0,11200,0,0,0,15330071,15330071,2959
121511,476,122,1115,2,0,11200,0,0,0,15331257,15331257,2959
121526,476,140,1115,2,0,11200,0,0,0,15332355,15332355,2959
121541,476,174,1115,2,0,11200,0,0,0,15333608,15333608,2959
121556,476,207,1115,2,0,11200,0,0,0,15334652,15334652,2959
121572,476,235,1115,2,0,11200,0,0,0,15335707,15335707,2959
121587,476,258,1115,2,0,11200,0,0,0,15336813,15336813,2959
121602,476,282,1115,2,0,11200,0,0,0,15337877,15337877,2959
121617,476,306,1115,2,0,11200,0,0,0,15338849,15338849,2959
121632,476,341,1115,2,0,11200,0,0,0,15339874,15339874,2959
121648,476,372,1115,2,0,11200,0,0,0,15340862,15340862,2959
121664,476,407,1115,2,0,11200,0,0,0,15341937,15341937,2959
121679,476,440,1115,2,0,11200,0,0,0,15343060,15343060,2959
121695,476,505,1115,2,0,11200,0,0,0,15344172,15344172,2959
121710,476,542,1115,2,0,11200,0,0,0,15345195,15345195,2959
121725,476,578,1115,2,0,11200,0,0,0,15346241,15346241,2959
121740,476,612,1115,2,0,11200,0,0,0,15347209,15347209,2959
121756,476,650,1115,2,0,11200,0,0,0,15348225,15348225,2959
121771,476,676,1115,2,0,11200,0,0,0,15349116,15349116,2959
121787,476,696,1115,2,0,11200,0,0,0,15349823,15349823,2959
121803,476,723,1115,2,0,11200,0,0,0,15350788,15350788,2959
121818,476,756,1115,2,0,11200,0,0,0,15351684,15351684,2959
121833,476,803,1115,2,0,11200,0,0,0,15352692,15352692,2959
121848,476,845,1115,2,0,11200,0,0,0,15353563,15353563,2959
121864,476,901,1115,2,0,11200,0,0,0,15354570,15354570,2959
121880,476,930,1115,2,0,11200,0,0,0,15355572,15355572,2959
121896,476,967,1115,2,0,11200,0,0,0,15356561,15356561,2959
121912,476,990,1115,2,0,11200,0,0,0,15357499,15357499,2959
121927,476,1014,1115,2,0,11200,0,0,0,15358154,15358154,2959
121943,476,1050,1115,2,0,11200,0,0,0,15359235,15359235,2959
121959,477,1103,1115,2,0,11200,0,0,0,15360280,15360280,2959
121974,477,18,1115,2,0,11200,0,0,0,15361419,15361419,2959
121990,477,68,1115,2,0,11200,0,0,0,15362496,15362496,2959
122005,477,116,1115,2,0,11200,0,0,0,15363690,15363690,2959
122021,477,141,1115,2,0,11200,0,0,0,15364841,15364841,2959
122036,477,172,1115,2,0,11200,0,0,0,15365994,15365994,2959
122052,477,207,1115,2,0,11200,0,0,0,15367198,15367198,2959
122068,477,238,1115,2,0,11200,0,0,0,15368277,15368277,2959
122084,477,258,1115,2,0,11200,0,0,0,15369411,15369411,2959
122100,477,280,1115,2,0,11200,0,0,0,15370395,15370395,2959
122115,477,304,1115,2,0,11200,0,0,0,15371443,15371443,2959
122131,477,330,1115,2,0,11200,0,0,0,15372450,15372450,2959
122146,477,350,1115,2,0,11200,0,0,0,15373453,15373453,2959
122162,477,392,1115,2,0,11200,0,0,0,15374462,15374462,2959
122178,477,429,1115,2,0,11200,0,0,0,15375670,15375670,2959
122194,477,472,1115,2,0,11200,0,0,0,15376777,15376777,2959
122209,477,520,1115,2,0,11200,0,0,0,15377825,15377825,2959
122224,477,564,1115,2,0,11200,0,0,0,15378807,15378807,2959
122239,477,602,1115,2,0,11200,0,0,0,15379820,15379820,2959
122255,477,642,1115,2,0,11200,0,0,0,15380814,15380814,2959
122270,477,668,1115,2,0,11200,0,0,0,15381824,15381824,2959
122286,477,693,1115,2,0,11200,0,0,0,15382610,15382610,2959
122301,477,724,1115,2,0,11200,0,0,0,15383594,15383594,2959
122317,477,756,1115,2,0,11200,0,0,0,15384518,15384518,2959
122335,477,820,1115,2,0,11200,0,0,0,15385529,15385529,2959
122351,477,854,1115,2,0,11200,0,0,0,15386450,15386450,2959
122367,477,890,1115,2,0,11200,0,0,0,15387523,15387523,2959
122386,477,920,1115,2,0,11200,0,0,0,15388559,15388559,2959
122402,477,962,1115,2,0,11200,0,0,0,15389535,15389535,2959
122418,477,993,1115,2,0,11200,0,0,0,15390524,15390524,2959
122436,477,1013,1115,2,0,11200,0,0,0,15391186,15391186,2959
122451,477,1046,1115,2,0,11200,0,0,0,15392283,15392283,2959
122466,478,1084,1115,2,0,11200,0,0,0,15393191,15393191,2959
122481,478,10,1115,2,0,11200,0,0,0,15394294,15394294,2959
122497,478,31,1115,2,0,11200,0,0,0,15395377,15395377,2959
122513,478,104,1115,2,0,11200,0,0,0,15396605,15396605,2959
122529,478,129,1115,2,0,11200,0,0,0,15397804,15397804,2959
122545,478,152,1115,2,0,11200,0,0,0,15398964,15398964,2959
122560,478,184,1115,2,0,11200,0,0,0,15400069,15400069,2959
122575,478,212,1115,2,0,11200,0,0,0,15401128,15401128,2959
122592,478,243,1115,2,0,11200,0,0,0,15402244,15402244,2959
122607,478,271,1115,2,0,11200,0,0,0,15403416,15403416,2959
122623,478,288,1115,2,0,11200,0,0,0,15404425,15404425,2959
122638,478,316,1115,2,0,11200,0,0,0,15405362,15405362,2959
122653,478,344,1115,2,0,11200,0,0,0,15406466,15406466,2959
122668,478,376,1115,2,0,11200,0,0,0,15407424,15407424,2959
122684,478,423,1115,2,0,11200,0,0,0,15408556,15408556,2959
122700,478,466,1115,2,0,11200,0,0,0,15409634,15409634,2959
122715,478,517,1115,2,0,11200,0,0,0,15410696,15410696,2959
122730,478,552,1115,2,0,11200,0,0,0,15411709,15411709,2959
122745,478,598,1115,2,0,11200,0,0,0,15412800,15412800,2959
122761,478,637,1115,2,0,11200,0,0,0,15413834,15413834,2959
122777,478,674,1115,2,0,11200,0,0,0,15414842,15414842,2959
122793,478,703,1115,2,0,11200,0,0,0,15415624,15415624,2959
122808,478,729,1115,2,0,11200,0,0,0,15416560,15416560,2959
122823,478,762,1115,2,0,11200,0,0,0,15417465,15417465,2959
122840,478,814,1115,2,0,11200,0,0,0,15418498,15418498,2959
122855,478,854,1115,2,0,11200,0,0,0,15419274,15419274,2959
122872,478,914,1115,2,0,11200,0,0,0,15420422,15420422,2959
122887,478,945,1115,2,0,11200,0,0,0,15421182,15421182,2959
122903,478,973,1115,2,0,11200,0,0,0,15422193,15422193,2959
122919,478,1010,1115,2,0,11200,0,0,0,15423188,15423188,2959
122935,478,1039,1115,2,0,11200,0,0,0,15423994,15423994,2959
122950,479,1086,1115,2,0,11200,0,0,0,15425054,15425054,2959
122966,479,11,1115,1,0,11200,0,0,0,15426251,15426251,2959
122981,479,32,1115,1,0,11200,0,0,0,15427309,15427309,2959
122997,479,109,1116,2,0,11200,0,0,0,15428450,15428450,2959
123012,479,132,1116,2,0,11200,0,0,0,15429738,15429738,2959
123028,479,159,1116,2,0,11200,0,0,0,15430907,15430907,2959
123044,479,200,1116,2,0,11200,0,0,0,15432118,15432118,2959
123059,479,226,1116,2,0,11200,0,0,0,15433221,15433221,2959
123075,479,250,1116,2,0,11200,0,0,0,15434230,15434230,2959
123090,479,271,1116,2,0,11200,0,0,0,15435345,15435345,2959
123105,479,298,1116,2,0,11200,0,0,0,15436352,15436352,2959
123120,479,338,1116,2,0,11200,0,0,0,15437490,15437490,2959
123136,479,369,1116,2,0,11200,0,0,0,15438467,15438467,2959
123152,479,404,1116,2,0,11200,0,0,0,15439558,15439558,2959
123167,479,440,1116,2,0,11200,0,0,0,15440561,15440561,2959
123182,479,512,1116,2,0,11200,0,0,0,15441586,15441586,2959
123198,479,543,1116,2,0,11200,0,0,0,15442702,15442702,2959
123214,479,571,1116,2,0,11200,0,0,0,15443777,15443777,2959
123229,479,612,1116,2,0,11200,0,0,0,15444858,15444858,2959
123245,479,642,1116,2,0,11200,0,0,0,15445848,15445848,2959
123260,479,676,1116,2,0,11200,0,0,0,15446630,15446630,2959
123276,479,706,1116,2,0,11200,0,0,0,15447412,15447412,2959
123291,479,730,1116,2,0,11200,0,0,0,15448408,15448408,2959
123306,479,768,1116,2,0,11200,0,0,0,15449345,15449345,2959
123322,479,834,1116,2,0,11200,0,0,0,15450341,15450341,2959
123337,479,861,1116,2,0,11200,0,0,0,15451229,15451229,2959
123353,479,914,1116,2,0,11200,0,0,0,15452303,15452303,2959
123369,479,941,1116,2,0,11200,0,0,0,15453195,15453195,2959
123384,479,972,1116,2,0,11200,0,0,0,15454143,15454143,2959
123400,479,1011,1116,2,0,11200,0,0,0,15455159,15455159,2959
123416,479,1042,1116,2,0,11200,0,0,0,15456055,15456055,2959
123432,479,1080,1116,2,0,11200,0,0,0,15457080,15457080,2959
123447,480,10,1116,2,0,11200,0,0,0,15458273,15458273,2959
123464,480,43,1116,2,0,11200,0,0,0,15459406,15459406,2959
123480,480,109,1116,2,0,11200,0,0,0,15460671,15460671,2959
123496,480,137,1116,2,0,11200,0,0,0,15461848,15461848,2959
123512,480,171,1116,2,0,11200,0,0,0,15463009,15463009,2959
123528,480,207,1116,2,0,11200,0,0,0,15464217,15464217,2959
123543,480,241,1116,2,0,11200,0,0,0,15465222,15465222,2959
123558,480,261,1116,2,0,11200,0,0,0,15466441,15466441,2959
123575,480,282,1116,2,0,11200,0,0,0,15467519,15467519,2959
123590,480,301,1116,2,0,11200,0,0,0,15468478,15468478,2959
123605,480,339,1116,2,0,11200,0,0,0,15469539,15469539,2959
123622,480,369,1116,2,0,11200,0,0,0,15470635,15470635,2959
123637,480,406,1116,2,0,11200,0,0,0,15471732,15471732,2959
123653,480,435,1116,2,0,11200,0,0,0,15472790,15472790,2959
123668,480,475,1116,2,0,11200,0,0,0,15473878,15473878,2959
123684,480,528,1116,2,0,11200,0,0,0,15475065,15475065,2959
123699,480,568,1116,2,0,11200,0,0,0,15476068,15476068,2959
123715,480,608,1116,2,0,11200,0,0,0,15477072,15477072,2959
123730,480,641,1116,2,0,11200,0,0,0,15478074,15478074,2959
123746,480,671,1116,2,0,11200,0,0,0,15478998,15478998,2959
123762,480,693,1116,2,0,11200,0,0,0,15479882,15479882,2959
123778,480,716,1116,2,0,11200,0,0,0,15480892,15480892,2959
123793,480,762,1116,2,0,11200,0,0,0,15481889,15481889,2959
123808,480,817,1116,2,0,11200,0,0,0,15482780,15482780,2959
123825,480,874,1116,2,0,11200,0,0,0,15483723,15483723,2959
123840,480,910,1116,2,0,11200,0,0,0,15484728,15484728,2959
123855,480,947,1116,2,0,11200,0,0,0,15485730,15485730,2959
123871,480,990,1116,2,0,11200,0,0,0,15486670,15486670,2959
123898,480,1013,1116,2,0,11200,0,0,0,15487416,15487416,2959
123914,480,1053,1116,2,0,11200,0,0,0,15488526,15488526,2959
123929,481,1103,1116,2,0,11200,0,0,0,15489503,15489503,2959
123944,481,25,1116,2,0,11200,0,0,0,15490668,15490668,2959
123960,481,91,1116,2,0,11200,0,0,0,15491808,15491808,2959
123975,481,122,1116,2,0,11200,0,0,0,15492934,15492934,2959
123991,481,146,1116,2,0,11200,0,0,0,15494040,15494040,2959
124007,481,174,1116,2,0,11200,0,0,0,15495281,15495281,2959
124022,481,209,1116,2,0,11200,0,0,0,15496315,15496315,2959
124038,481,238,1116,2,0,11200,0,0,0,15497399,15497399,2959
124055,481,260,1116,2,0,11200,0,0,0,15498640,15498640,2959
124070,481,283,1116,2,0,11200,0,0,0,15499682,15499682,2959
124085,481,312,1116,2,0,11200,0,0,0,15500768,15500768,2959
124102,481,347,1116,2,0,11200,0,0,0,15501928,15501928,2959
124118,481,385,1116,2,0,11200,0,0,0,15502953,15502953,2959
124133,481,418,1116,2,0,11200,0,0,0,15504011,15504011,2959
124148,481,452,1116,2,0,11200,0,0,0,15504981,15504981,2959
124164,481,509,1116,2,0,11200,0,0,0,15506185,15506185,2959
124179,481,553,1116,2,0,11200,0,0,0,15507244,15507244,2959
124194,481,591,1116,2,0,11200,0,0,0,15508194,15508194,2959
124210,481,617,1116,2,0,11200,0,0,0,15509173,15509173,2959
124225,481,668,1116,2,0,11200,0,0,0,15510116,15510116,2959
124240,481,693,1116,2,0,11200,0,0,0,15510864,15510864,2959
124255,481,714,1116,2,0,11200,0,0,0,15511835,15511835,2959
124271,481,737,1116,2,0,11200,0,0,0,15512787,15512787,2959
124286,481,772,1116,2,0,11200,0,0,0,15513670,15513670,2959
124303,481,845,1116,2,0,11200,0,0,0,15514638,15514638,2959
124318,481,874,1116,2,0,11200,0,0,0,15515428,15515428,2959
124333,481,908,1116,2,0,11200,0,0,0,15516426,15516426,2959
124352,481,921,1116,2,0,11200,0,0,0,15516921,15516921,2959
124368,481,954,1116,2,0,11200,0,0,0,15517920,15517920,2959
124383,481,988,1116,2,0,11200,0,0,0,15518801,15518801,2959
124401,481,1013,1116,2,0,11200,0,0,0,15519462,15519462,2959
124417,481,1048,1116,2,0,11200,0,0,0,15520595,15520595,2959
124432,482,1091,1116,2,0,11200,0,0,0,15521589,15521589,2959
124447,482,13,1116,2,0,11200,0,0,0,15522643,15522643,2959
124464,482,32,1116,2,0,11200,0,0,0,15523735,15523735,2959
124479,482,105,1116,2,0,11200,0,0,0,15524970,15524970,2959
124494,482,122,1116,2,0,11200,0,0,0,15526024,15526024,2959
124510,482,138,1116,2,0,11200,0,0,0,15527135,15527135,2959
124527,482,171,1116,2,0,11200,0,0,0,15528496,15528496,2959
124542,482,203,1116,2,0,11200,0,0,0,15529606,15529606,2959
124558,482,234,1116,2,0,11200,0,0,0,15530735,15530735,2959
124573,482,259,1116,2,0,11200,0,0,0,15531897,15531897,2959
124589,482,281,1116,2,0,11200,0,0,0,15532968,15532968,2959
124605,482,301,1116,2,0,11200,0,0,0,15533918,15533918,2959
124620,482,339,1116,2,0,11200,0,0,0,15534997,15534997,2959
124637,482,371,1116,2,0,11200,0,0,0,15536022,15536022,2959
124652,482,423,1116,2,0,11200,0,0,0,15537036,15537036,2959
124667,482,452,1116,2,0,11200,0,0,0,15538070,15538070,2959
124682,482,516,1116,2,0,11200,0,0,0,15539161,15539161,2959
124697,482,546,1116,2,0,11200,0,0,0,15540210,15540210,2959
124713,482,578,1116,2,0,11200,0,0,0,15541185,15541185,2959
124729,482,611,1116,2,0,11200,0,0,0,15542251,15542251,2959
124744,482,653,1116,2,0,11200,0,0,0,15543243,15543243,2959
124760,482,685,1116,2,0,11200,0,0,0,15544089,15544089,2959
124776,482,715,1116,2,0,11200,0,0,0,15544979,15544979,2959
124792,482,755,1116,2,0,11200,0,0,0,15545988,15545988,2959
124807,482,791,1116,2,0,11200,0,0,0,15546955,15546955,2959
124823,482,839,1116,2,0,11200,0,0,0,15547859,15547859,2959
124839,482,878,1116,2,0,11200,0,0,0,15548805,15548805,2959
124855,482,917,1116,2,0,11200,0,0,0,15549822,15549822,2959
124870,482,950,1116,2,0,11200,0,0,0,15550703,15550703,2959
124886,482,988,1116,2,0,11200,0,0,0,15551710,15551710,2959
124909,482,1013,1116,2,0,11200,0,0,0,15552624,15552624,2959
124925,482,1039,1116,2,0,11200,0,0,0,15553611,15553611,2959
124940,482,1071,1116,2,0,11200,0,0,0,15554537,15554537,2959
124955,483,7,1116,2,0,11200,0,0,0,15555599,15555599,2959
124971,483,30,1116,2,0,11200,0,0,0,15556734,15556734,2959
124987,483,105,1116,2,0,11200,0,0,0,15557969,15557969,2959
125002,483,131,1116,2,0,11200,0,0,0,15559107,15559107,2959
125017,483,158,1116,2,0,11200,0,0,0,15560318,15560318,2959
125033,483,194,1116,2,0,11200,0,0,0,15561580,15561580,2959
125049,483,221,1116,2,0,11200,0,0,0,15562761,15562761,2959
125065,483,243,1116,2,0,11200,0,0,0,15563723,15563723,2959
125081,483,266,1116,2,0,11200,0,0,0,15564979,15564979,2959
125097,483,287,1116,2,0,11200,0,0,0,15565972,15565972,2959
125112,483,313,1116,2,0,11200,0,0,0,15567020,15567020,2959
125128,483,343,1116,2,0,11200,0,0,0,15568101,15568101,2959
125144,483,369,1116,2,0,11200,0,0,0,15569001,15569001,2959
125159,483,404,1116,2,0,11200,0,0,0,15570077,15570077,2959
125174,483,443,1116,2,0,11200,0,0,0,15571127,15571127,2959
125190,483,503,1116,2,0,11200,0,0,0,15572166,15572166,2959
125205,483,525,1116,2,0,11200,0,0,0,15573230,15573230,2959
125221,483,557,1116,2,0,11200,0,0,0,15574231,15574231,2959
125236,483,598,1116,2,0,11200,0,0,0,15575215,15575215,2959
125251,483,617,1116,2,0,11200,0,0,0,15576165,15576165,2959
125267,483,664,1116,2,0,11200,0,0,0,15577210,15577210,2959
125283,483,689,1116,2,0,11200,0,0,0,15578061,15578061,2959
125298,483,711,1116,2,0,11200,0,0,0,15578935,15578935,2959
125314,483,750,1116,2,0,11200,0,0,0,15579878,15579878,2959
125329,483,800,1116,2,0,11200,0,0,0,15580840,15580840,2959
125344,483,852,1116,2,0,11200,0,0,0,15581786,15581786,2959
125359,483,887,1116,2,0,11200,0,0,0,15582782,15582782,2959
125375,483,920,1116,2,0,11200,0,0,0,15583814,15583814,2959
125391,483,964,1116,2,0,11200,0,0,0,15584870,15584870,2959
125407,483,1002,1116,2,0,11200,0,0,0,15585890,15585890,2959
125422,483,1040,1116,2,0,11200,0,0,0,15586940,15586940,2959
125438,484,1092,1116,2,0,11200,0,0,0,15587981,15587981,2959
125453,484,13,1116,2,0,11200,0,0,0,15589163,15589163,2959
125469,484,47,1116,2,0,11200,0,0,0,15590148,15590148,2959
125484,484,114,1116,2,0,11200,0,0,0,15591427,15591427,2959
125499,484,136,1116,2,0,11200,0,0,0,15592539,15592539,2959
125515,484,170,1116,2,0,11200,0,0,0,15593736,15593736,2959
125532,484,209,1116,2,0,11200,0,0,0,15594807,15594807,2959
125547,484,234,1116,2,0,11200,0,0,0,15595909,15595909,2959
125563,484,264,1116,2,0,11200,0,0,0,15597152,15597152,2959
125578,484,286,1116,2,0,11200,0,0,0,15598114,15598114,2959
125593,484,312,1116,2,0,11200,0,0,0,15599136,15599136,2959
125609,484,341,1116,2,0,11200,0,0,0,15600309,15600309,2959
125625,484,370,1116,2,0,11200,0,0,0,15601326,15601326,2959
125641,484,406,1116,2,0,11200,0,0,0,15602526,15602526,2959
125657,484,437,1116,2,0,11200,0,0,0,15603620,15603620,2959
125673,484,495,1116,2,0,11200,0,0,0,15604657,15604657,2959
125689,484,528,1116,2,0,11200,0,0,0,15605700,15605700,2959
125705,484,567,1116,2,0,11200,0,0,0,15606766,15606766,2959
125722,484,601,1116,2,0,11200,0,0,0,15607818,15607818,2959
125738,484,641,1116,2,0,11200,0,0,0,15608896,15608896,2959
125753,484,671,1116,2,0,11200,0,0,0,15609867,15609867,2959
125769,484,690,1116,2,0,11200,0,0,0,15610622,15610622,2959
125784,484,714,1116,2,0,11200,0,0,0,15611513,15611513,2959
125801,484,753,1116,2,0,11200,0,0,0,15612574,15612574,2959
125817,484,808,1116,2,0,11200,0,0,0,15613603,15613603,2959
125833,484,852,1116,2,0,11200,0,0,0,15614483,15614483,2959
125850,484,889,1116,2,0,11200,0,0,0,15615517,15615517,2959
125868,484,920,1116,2,0,11200,0,0,0,15616455,15616455,2959
125884,484,954,1116,2,0,11200,0,0,0,15617368,15617368,2959
125900,484,989,1116,2,0,11200,0,0,0,15618433,15618433,2959
125917,484,1013,1116,2,0,11200,0,0,0,15619277,15619277,2959
125933,484,1050,1116,2,0,11200,0,0,0,15620336,15620336,2959
125949,485,1103,1116,2,0,11200,0,0,0,15621302,15621302,2959
125964,485,17,1116,2,0,11200,0,0,0,15622495,15622495,2959
125981,485,72,1116,2,0,11200,0,0,0,15623716,15623716,2959
125996,485,116,1116,2,0,11200,0,0,0,15624879,15624879,2959
126011,485,138,1116,2,0,11200,0,0,0,15626053,15626053,2959
126027,485,168,1116,2,0,11200,0,0,0,15627255,15627255,2959
126042,485,202,1116,2,0,11200,0,0,0,15628392,15628392,2959
126058,485,229,1116,2,0,11200,0,0,0,15629458,15629458,2959
126074,485,253,1116,2,0,11200,0,0,0,15630568,15630568,2959
126090,485,276,1116,2,0,11200,0,0,0,15631639,15631639,2959
126106,485,304,1116,2,0,11200,0,0,0,15632687,15632687,2959
126122,485,334,1116,2,0,11200,0,0,0,15633789,15633789,2959
126137,485,369,1116,2,0,11200,0,0,0,15634721,15634721,2959
126153,485,406,1116,2,0,11200,0,0,0,15635808,15635808,2959
126168,485,440,1116,2,0,11200,0,0,0,15636767,15636767,2959
126185,485,496,1116,2,0,11200,0,0,0,15637934,15637934,2959
126201,485,531,1116,2,0,11200,0,0,0,15639026,15639026,2959
126216,485,561,1116,2,0,11200,0,0,0,15639988,15639988,2959
126232,485,594,1116,2,0,11200,0,0,0,15641101,15641101,2959
126247,485,641,1116,2,0,11200,0,0,0,15642128,15642128,2959
126264,485,674,1116,2,0,11200,0,0,0,15643122,15643122,2959
126279,485,702,1116,2,0,11200,0,0,0,15643919,15643919,2959
126295,485,733,1116,2,0,11200,0,0,0,15645012,15645012,2959
126311,485,764,1116,2,0,11200,0,0,0,15645985,15645985,2959
126326,485,810,1116,2,0,11200,0,0,0,15646910,15646910,2959
126342,485,845,1116,2,0,11200,0,0,0,15647683,15647683,2959
126357,485,885,1116,2,0,11200,0,0,0,15648651,15648651,2959
126374,485,920,1116,2,0,11200,0,0,0,15649655,15649655,2959
126391,485,962,1116,2,0,11200,0,0,0,15650704,15650704,2959
126407,485,992,1116,2,0,11200,0,0,0,15651782,15651782,2959
126431,485,1013,1116,2,0,11200,0,0,0,15652418,15652418,2959
126447,485,1045,1116,2,0,11200,0,0,0,15653521,15653521,2959
126464,486,1086,1116,2,0,11200,0,0,0,15654460,15654460,2959
126479,486,8,1116,2,0,11200,0,0,0,15655549,15655549,2959
126494,486,27,1116,2,0,11200,0,0,0,15656599,15656599,2959
126509,486,105,1116,2,0,11200,0,0,0,15657800,15657800,2959
126525,486,132,1116,2,0,11200,0,0,0,15658946,15658946,2959
126541,486,162,1116,2,0,11200,0,0,0,15660139,15660139,2959
126556,486,199,1116,2,0,11200,0,0,0,15661173,15661173,2959
126572,486,226,1116,2,0,11200,0,0,0,15662272,15662272,2959
126587,486,250,1116,2,0,11200,0,0,0,15663373,15663373,2959
126602,486,269,1116,2,0,11200,0,0,0,15664513,15664513,2959
126618,486,292,1116,2,0,11200,0,0,0,15665551,15665551,2959
126634,486,320,1116,2,0,11200,0,0,0,15666599,15666599,2959
126649,486,347,1116,2,0,11200,0,0,0,15667604,15667604,2959
126664,486,372,1116,2,0,11200,0,0,0,15668584,15668584,2959
126680,486,404,1116,2,0,11200,0,0,0,15669644,15669644,2959
126696,486,451,1116,2,0,11200,0,0,0,15670762,15670762,2959
126712,486,503,1116,2,0,11200,0,0,0,15671852,15671852,2959
126727,486,532,1116,2,0,11200,0,0,0,15672935,15672935,2959
126743,486,574,1116,2,0,11200,0,0,0,15673993,15673993,2959
126759,486,612,1116,2,0,11200,0,0,0,15674993,15674993,2959
126775,486,653,1116,2,0,11200,0,0,0,15675934,15675934,2959
126790,486,683,1116,2,0,11200,0,0,0,15676791,15676791,2959
126806,486,711,1116,2,0,11200,0,0,0,15677580,15677580,2959
126822,486,750,1116,2,0,11200,0,0,0,15678611,15678611,2959
126838,486,795,1116,2,0,11200,0,0,0,15679618,15679618,2959
126853,486,838,1116,2,0,11200,0,0,0,15680489,15680489,2959
126869,486,885,1116,2,0,11200,0,0,0,15681444,15681444,2959
126884,486,924,1116,2,0,11200,0,0,0,15682351,15682351,2959
126901,486,956,1116,2,0,11200,0,0,0,15683352,15683352,2959
126917,486,989,1116,2,0,11200,0,0,0,15684413,15684413,2959
126933,486,1013,1116,2,0,11200,0,0,0,15685103,15685103,2959
126949,486,1060,1116,2,0,11200,0,0,0,15686086,15686086,2959
126964,487,1105,1116,2,0,11200,0,0,0,15687015,15687015,2959
126979,487,17,1116,2,0,11200,0,0,0,15688145,15688145,2959
126994,487,47,1116,2,0,11200,0,0,0,15689211,15689211,2959
127010,487,114,1116,2,0,11200,0,0,0,15690455,15690455,2959
127026,487,135,1116,2,0,11200,0,0,0,15691594,15691594,2959
127041,487,162,1116,2,0,11200,0,0,0,15692802,15692802,2959
127056,487,188,1116,2,0,11200,0,0,0,15693862,15693862,2959
127072,487,212,1116,2,0,11200,0,0,0,15694890,15694890,2959
127088,487,242,1116,2,0,11200,0,0,0,15696067,15696067,2959
127103,487,266,1116,2,0,11200,0,0,0,15697197,15697197,2959
127118,487,281,1116,2,0,11200,0,0,0,15698269,15698269,2959
127134,487,301,1116,2,0,11200,0,0,0,15699211,15699211,2959
127150,487,336,1116,2,0,11200,0,0,0,15700334,15700334,2959
127165,487,361,1116,2,0,11200,0,0,0,15701343,15701343,2959
127180,487,399,1116,2,0,11200,0,0,0,15702396,15702396,2959
127195,487,433,1116,2,0,11200,0,0,0,15703387,15703387,2959
127211,487,477,1116,2,0,11200,0,0,0,15704465,15704465,2959
127227,487,517,1116,2,0,11200,0,0,0,15705622,15705622,2959
127243,487,550,1116,2,0,11200,0,0,0,15706766,15706766,2959
127258,487,586,1116,2,0,11200,0,0,0,15707768,15707768,2959
127274,487,617,1116,2,0,11200,0,0,0,15708738,15708738,2959
127289,487,664,1116,2,0,11200,0,0,0,15709725,15709725,2959
127306,487,692,1116,2,0,11200,0,0,0,15710545,15710545,2959
127322,487,720,1116,2,0,11200,0,0,0,15711580,15711580,2959
127338,487,765,1116,2,0,11200,0,0,0,15712577,15712577,2959
127354,487,817,1116,2,0,11200,0,0,0,15713547,15713547,2959
127370,487,852,1116,2,0,11200,0,0,0,15714403,15714403,2959
127385,487,889,1116,2,0,11200,0,0,0,15715413,15715413,2959
127403,487,920,1116,2,0,11200,0,0,0,15716430,15716430,2959
127419,487,956,1116,2,0,11200,0,0,0,15717366,15717366,2959
127435,487,993,1116,2,0,11200,0,0,0,15718364,15718364,2959
127456,487,1013,1116,2,0,11200,0,0,0,15718873,15718873,2959
127473,487,1048,1116,2,0,11200,0,0,0,15719972,15719972,2959
127488,488,1092,1116,2,0,11200,0,0,0,15720971,15720971,2959
127503,488,14,1116,2,0,11200,0,0,0,15722035,15722035,2959
127519,488,63,1116,2,0,11200,0,0,0,15723212,15723212,2959
127535,488,118,1116,2,0,11200,0,0,0,15724470,15724470,2959
127551,488,148,1116,2,0,11200,0,0,0,15725665,15725665,2959
127567,488,181,1116,2,0,11200,0,0,0,15726831,15726831,2959
127583,488,212,1116,2,0,11200,0,0,0,15727909,15727909,2959
127599,488,241,1116,2,0,11200,0,0,0,15728929,15728929,2959
127615,488,259,1116,2,0,11200,0,0,0,15730102,15730102,2959
127632,488,285,1116,2,0,11200,0,0,0,15731221,15731221,2959
127647,488,320,1116,2,0,11200,0,0,0,15732208,15732208,2959
127663,488,348,1116,2,0,11200,0,0,0,15733240,15733240,2959
127678,488,379,1116,2,0,11200,0,0,0,15734359,15734359,2959
127694,488,417,1116,2,0,11200,0,0,0,15735531,15735531,2959
127710,488,462,1116,2,0,11200,0,0,0,15736610,15736610,2959
127726,488,516,1116,2,0,11200,0,0,0,15737751,15737751,2959
127741,488,547,1116,2,0,11200,0,0,0,15738793,15738793,2959
127757,488,574,1116,2,0,11200,0,0,0,15739829,15739829,2959
127773,488,615,1116,2,0,11200,0,0,0,15740805,15740805,2959
127788,488,654,1116,2,0,11200,0,0,0,15741813,15741813,2959
127803,488,681,1116,2,0,11200,0,0,0,15742648,15742648,2959
127819,488,711,1116,2,0,11200,0,0,0,15743501,15743501,2959
127836,488,753,1116,2,0,11200,0,0,0,15744462,15744462,2959
127851,488,779,1116,2,0,11200,0,0,0,15745461,15745461,2959
127866,488,828,1116,2,0,11200,0,0,0,15746264,15746264,2959
127882,488,851,1116,2,0,11200,0,0,0,15747049,15747049,2959
127898,488,878,1116,2,0,11200,0,0,0,15748035,15748035,2959
127919,488,920,1116,2,0,11200,0,0,0,15749191,15749191,2959
127934,488,961,1116,2,0,11200,0,0,0,15750113,15750113,2959
127949,488,990,1116,2,0,11200,0,0,0,15751006,15751006,2959
127966,488,1013,1116,2,0,11200,0,0,0,15751805,15751805,2959
127984,488,1043,1116,2,0,11200,0,0,0,15752862,15752862,2959
127999,488,1078,1116,2,0,11200,0,0,0,15753865,15753865,2959
128016,489,8,1116,2,0,11200,0,0,0,15755029,15755029,2959
128032,489,49,1116,2,0,11200,0,0,0,15756189,15756189,2959
128048,489,115,1116,2,0,11200,0,0,0,15757515,15757515,2959
128063,489,135,1116,2,0,11200,0,0,0,15758518,15758518,2959
128079,489,167,1116,2,0,11200,0,0,0,15759731,15759731,2959
128095,489,200,1116,2,0,11200,0,0,0,15760756,15760756,2959
128110,489,226,1116,2,0,11200,0,0,0,15761902,15761902,2959
128125,489,250,1116,2,0,11200,0,0,0,15762891,15762891,2959
128141,489,275,1116,2,0,11200,0,0,0,15764023,15764023,2959
128156,489,303,1116,2,0,11200,0,0,0,15764992,15764992,2959
128172,489,338,1116,2,0,11200,0,0,0,15766050,15766050,2959
128187,489,371,1116,2,0,11200,0,0,0,15767038,15767038,2959
128202,489,404,1116,2,0,11200,0,0,0,15768118,15768118,2959
128218,489,443,1116,2,0,11200,0,0,0,15769114,15769114,2959
128234,489,498,1116,2,0,11200,0,0,0,15770207,15770207,2959
128249,489,523,1116,2,0,11200,0,0,0,15771226,15771226,2959
128265,489,568,1116,2,0,11200,0,0,0,15772287,15772287,2959
128280,489,597,1116,2,0,11200,0,0,0,15773285,15773285,2959
128296,489,633,1116,2,0,11200,0,0,0,15774269,15774269,2959
128312,489,663,1116,2,0,11200,0,0,0,15775153,15775153,2959
128327,489,681,1116,2,0,11200,0,0,0,15776039,15776039,2959
128343,489,701,1116,2,0,11200,0,0,0,15776833,15776833,2959
128359,489,723,1116,2,0,11200,0,0,0,15777789,15777789,2959
128375,489,764,1116,2,0,11200,0,0,0,15778769,15778769,2959
128391,489,810,1116,2,0,11200,0,0,0,15779684,15779684,2959
128406,489,856,1116,2,0,11200,0,0,0,15780630,15780630,2959
128422,489,900,1116,2,0,11200,0,0,0,15781640,15781640,2959
128438,489,930,1116,2,0,11200,0,0,0,15782472,15782472,2959
128455,489,974,1116,2,0,11200,0,0,0,15783551,15783551,2959
128470,489,999,1116,2,0,11200,0,0,0,15784507,15784507,2959
128486,489,1019,1116,2,0,11200,0,0,0,15785016,15785016,2959
128502,489,1053,1116,2,0,11200,0,0,0,15786069,15786069,2959
128517,490,1099,1116,2,0,11200,0,0,0,15787017,15787017,2959
128532,490,13,1116,2,0,11200,0,0,0,15788054,15788054,2959
128548,490,43,1116,2,0,11200,0,0,0,15789204,15789204,2959
128563,490,115,1116,2,0,11200,0,0,0,15790469,15790469,2959
128578,490,138,1116,2,0,11200,0,0,0,15791579,15791579,2959
128593,490,184,1116,2,0,11200,0,0,0,15792724,15792724,2959
128609,490,209,1116,2,0,11200,0,0,0,15793805,15793805,2959
128625,490,238,1116,2,0,11200,0,0,0,15794916,15794916,2959
128640,490,259,1116,2,0,11200,0,0,0,15796083,15796083,2959
128657,490,282,1116,2,0,11200,0,0,0,15797192,15797192,2959
128672,490,298,1116,2,0,11200,0,0,0,15798178,15798178,2959
128689,490,330,1116,2,0,11200,0,0,0,15799328,15799328,2959
128704,490,363,1116,2,0,11200,0,0,0,15800318,15800318,2959
128720,490,405,1116,2,0,11200,0,0,0,15801446,15801446,2959
128736,490,440,1116,2,0,11200,0,0,0,15802542,15802542,2959
128752,490,495,1116,2,0,11200,0,0,0,15803707,15803707,2959
128767,490,524,1116,2,0,11200,0,0,0,15804740,15804740,2959
128783,490,562,1116,2,0,11200,0,0,0,15805809,15805809,2959
128800,490,604,1116,2,0,11200,0,0,0,15806843,15806843,2959
128815,490,647,1116,2,0,11200,0,0,0,15807845,15807845,2959
128832,490,674,1116,2,0,11200,0,0,0,15808829,15808829,2959
128848,490,700,1116,2,0,11200,0,0,0,15809657,15809657,2959
128864,490,724,1116,2,0,11200,0,0,0,15810678,15810678,2959
128880,490,761,1116,2,0,11200,0,0,0,15811666,15811666,2959
128896,490,814,1116,2,0,11200,0,0,0,15812626,15812626,2959
128911,490,847,1116,2,0,11200,0,0,0,15813568,15813568,2959
128927,490,890,1116,2,0,11200,0,0,0,15814570,15814570,2959
128945,490,920,1116,2,0,11200,0,0,0,15815433,15815433,2959
128960,490,961,1116,2,0,11200,0,0,0,15816446,15816446,2959
128976,490,990,1116,2,0,11200,0,0,0,15817416,15817416,2959
129010,490,1013,1116,2,0,11200,0,0,0,15818329,15818329,2959
129025,490,1047,1116,2,0,11200,0,0,0,15819398,15819398,2959
129041,491,1092,1116,2,0,11200,0,0,0,15820473,15820473,2959
129057,491,14,1116,1,0,11200,0,0,0,15821612,15821612,2959
129073,491,47,1116,1,0,11200,0,0,0,15822800,15822800,2959
129088,491,121,1116,1,0,11200,0,0,0,15824009,15824009,2959
129104,491,148,1116,1,0,11200,0,0,0,15825172,15825172,2959
129119,491,181,1116,1,0,11200,0,0,0,15826319,15826319,2959
129134,491,210,1116,1,0,11200,0,0,0,15827350,15827350,2959
129149,491,235,1116,1,0,11200,0,0,0,15828380,15828380,2959
129164,491,260,1116,1,0,11200,0,0,0,15829478,15829478,2959
129179,491,280,1116,1,0,11200,0,0,0,15830520,15830520,2959
129195,491,301,1116,1,0,11200,0,0,0,15831450,15831450,2959
129211,491,336,1116,1,0,11200,0,0,0,15832616,15832616,2959
129226,491,366,1116,1,0,11200,0,0,0,15833659,15833659,2959
129242,491,404,1116,1,0,11200,0,0,0,15834728,15834728,2959
129258,491,435,1116,1,0,11200,0,0,0,15835824,15835824,2959
129274,491,495,1116,1,0,11200,0,0,0,15836973,15836973,2959
129289,491,524,1116,1,0,11200,0,0,0,15838082,15838082,2959
129304,491,556,1116,1,0,11200,0,0,0,15839099,15839099,2959
129320,491,593,1116,1,0,11200,0,0,0,15840159,15840159,2959
129336,491,617,1116,1,0,11200,0,0,0,15841136,15841136,2959
129351,491,666,1116,1,0,11200,0,0,0,15842171,15842171,2959
129366,491,685,1116,1,0,11200,0,0,0,15843022,15843022,2959
129382,491,724,1116,1,0,11200,0,0,0,15844063,15844063,2959
129397,491,754,1116,1,0,11200,0,0,0,15844937,15844937,2959
129412,491,801,1116,1,0,11200,0,0,0,15845907,15845907,2959
129428,491,845,1116,1,0,11200,0,0,0,15846785,15846785,2959
129444,491,900,1116,1,0,11200,0,0,0,15847815,15847815,2959
129460,491,920,1116,1,0,11200,0,0,0,15848632,15848632,2959
129476,491,960,1116,1,0,11200,0,0,0,15849681,15849681,2959
129492,491,993,1116,1,0,11200,0,0,0,15850752,15850752,2959
129507,491,1019,1116,1,0,11200,0,0,0,15851371,15851371,2959
129523,491,1053,1116,1,0,11200,0,0,0,15852444,15852444,2959
129538,492,1091,1116,1,0,11200,0,0,0,15853381,15853381,2959
129554,492,13,1116,1,0,11200,0,0,0,15854586,15854586,2959
129569,492,48,1116,1,0,11200,0,0,0,15855740,15855740,2959
129585,492,115,1116,1,0,11200,0,0,0,15856969,15856969,2959
129601,492,139,1116,1,0,11200,0,0,0,15858041,15858041,2959
129616,492,171,1116,1,0,11200,0,0,0,15859266,15859266,2959
129633,492,206,1116,1,0,11200,0,0,0,15860435,15860435,2959
129649,492,242,1116,1,0,11200,0,0,0,15861582,15861582,2959
129665,492,261,1116,1,0,11200,0,0,0,15862731,15862731,2959
129680,492,285,1116,1,0,11200,0,0,0,15863726,15863726,2959
129696,492,314,1116,1,0,11200,0,0,0,15864750,15864750,2959
129711,492,348,1116,1,0,11200,0,0,0,15865730,15865730,2959
129726,492,376,1116,1,0,11200,0,0,0,15866742,15866742,2959
129741,492,411,1116,1,0,11200,0,0,0,15867745,15867745,2959
129757,492,449,1116,1,0,11200,0,0,0,15868785,15868785,2959
129772,492,498,1116,1,0,11200,0,0,0,15869907,15869907,2959
129787,492,521,1116,1,0,11200,0,0,0,15870905,15870905,2959
129802,492,549,1116,1,0,11200,0,0,0,15872021,15872021,2959
129818,492,591,1116,1,0,11200,0,0,0,15873092,15873092,2959
129833,492,647,1116,1,0,11200,0,0,0,15874119,15874119,2959
129849,492,683,1116,1,0,11200,0,0,0,15875123,15875123,2959
129865,492,714,1116,1,0,11200,0,0,0,15876156,15876156,2959
129883,492,737,1116,1,0,11200,0,0,0,15877083,15877083,2959
129898,492,791,1116,1,0,11200,0,0,0,15878014,15878014,2959
129914,492,844,1116,1,0,11200,0,0,0,15878970,15878970,2959
129930,492,881,1116,1,0,11200,0,0,0,15879699,15879699,2959
129945,492,924,1116,1,0,11200,0,0,0,15880641,15880641,2959
129961,492,953,1116,1,0,11200,0,0,0,15881581,15881581,2959
129976,492,994,1116,1,0,11200,0,0,0,15882507,15882507,2959
129998,492,1013,1116,1,0,11200,0,0,0,15883086,15883086,2959
130013,492,1050,1116,1,0,11200,0,0,0,15884074,15884074,2959
130028,493,1100,1116,1,0,11200,0,0,0,15885077,15885077,2959
130043,493,18,1116,1,0,11200,0,0,0,15886168,15886168,2959
130059,493,49,1116,1,0,11200,0,0,0,15887307,15887307,2959
130074,493,112,1116,1,0,11200,0,0,0,15888457,15888457,2959
130090,493,139,1116,1,0,11200,0,0,0,15889637,15889637,2959
130105,493,176,1116,1,0,11200,0,0,0,15890829,15890829,2959
130121,493,205,1116,1,0,11200,0,0,0,15891886,15891886,2959
130137,493,227,1116,1,0,11200,0,0,0,15892991,15892991,2959
130152,493,251,1116,1,0,11200,0,0,0,15893976,15893976,2959
130168,493,276,1116,1,0,11200,0,0,0,15895126,15895126,2959
130183,493,303,1116,1,0,11200,0,0,0,15896085,15896085,2959
130198,493,330,1116,1,0,11200,0,0,0,15897159,15897159,2959
130213,493,353,1116,1,0,11200,0,0,0,15898135,15898135,2959
130230,493,396,1116,1,0,11200,0,0,0,15899269,15899269,2959
130245,493,434,1116,1,0,11200,0,0,0,15900340,15900340,2959
130261,493,472,1116,1,0,11200,0,0,0,15901412,15901412,2959
130277,493,516,1116,1,0,11200,0,0,0,15902547,15902547,2959
130293,493,547,1116,1,0,11200,0,0,0,15903565,15903565,2959
130308,493,586,1116,1,0,11200,0,0,0,15904629,15904629,2959
130324,493,612,1116,1,0,11200,0,0,0,15905668,15905668,2959
130340,493,647,1116,1,0,11200,0,0,0,15906695,15906695,2959
130356,493,690,1116,1,0,11200,0,0,0,15907594,15907594,2959
130372,493,715,1116,1,0,11200,0,0,0,15908551,15908551,2959
130388,493,753,1116,1,0,11200,0,0,0,15909454,15909454,2959
130404,493,807,1116,1,0,11200,0,0,0,15910410,15910410,2959
130420,493,845,1116,1,0,11200,0,0,0,15911282,15911282,2959
130435,493,894,1116,1,0,11200,0,0,0,15912268,15912268,2959
130451,493,927,1116,1,0,11200,0,0,0,15912989,15912989,2959
130467,493,969,1116,1,0,11200,0,0,0,15913982,15913982,2959
130484,493,1008,1116,1,0,11200,0,0,0,15915096,15915096,2959
130502,493,1013,1116,1,0,11200,0,0,0,15915331,15915331,2959
130518,493,1050,1116,1,0,11200,0,0,0,15916388,15916388,2959
130534,494,1084,1116,1,0,11200,0,0,0,15917411,15917411,2959
130549,494,10,1116,1,0,11200,0,0,0,15918587,15918587,2959
130565,494,30,1116,1,0,11200,0,0,0,15919717,15919717,2959
130581,494,106,1116,1,0,11200,0,0,0,15921076,15921076,2959
130598,494,132,1116,1,0,11200,0,0,0,15922380,15922380,2959
130614,494,164,1116,1,0,11200,0,0,0,15923643,15923643,2959
130629,494,195,1116,1,0,11200,0,0,0,15924761,15924761,2959
130645,494,215,1116,1,0,11200,0,0,0,15925919,15925919,2959
130661,494,245,1116,1,0,11200,0,0,0,15926911,15926911,2959
130676,494,268,1116,1,0,11200,0,0,0,15928121,15928121,2959
130692,494,289,1116,1,0,11200,0,0,0,15929183,15929183,2959
130707,494,313,1116,1,0,11200,0,0,0,15930174,15930174,2959
130724,494,348,1116,1,0,11200,0,0,0,15931259,15931259,2959
130739,494,388,1116,1,0,11200,0,0,0,15932341,15932341,2959
130755,494,418,1116,1,0,11200,0,0,0,15933416,15933416,2959
130770,494,453,1116,1,0,11200,0,0,0,15934472,15934472,2959
130786,494,501,1116,1,0,11200,0,0,0,15935522,15935522,2959
130801,494,532,1116,1,0,11200,0,0,0,15936527,15936527,2959
130818,494,575,1116,1,0,11200,0,0,0,15937719,15937719,2959
130833,494,612,1116,1,0,11200,0,0,0,15938758,15938758,2959
130848,494,651,1116,1,0,11200,0,0,0,15939766,15939766,2959
130864,494,680,1116,1,0,11200,0,0,0,15940610,15940610,2959
130879,494,703,1116,1,0,11200,0,0,0,15941434,15941434,2959
130894,494,719,1116,1,0,11200,0,0,0,15942353,15942353,2959
130909,494,761,1116,1,0,11200,0,0,0,15943310,15943310,2959
130925,494,810,1116,1,0,11200,0,0,0,15944360,15944360,2959
130941,494,855,1116,1,0,11200,0,0,0,15945360,15945360,2959
130957,494,907,1116,1,0,11200,0,0,0,15946378,15946378,2959
130972,494,945,1116,1,0,11200,0,0,0,15947264,15947264,2959
130989,494,981,1116,1,0,11200,0,0,0,15948243,15948243,2959
131004,494,1012,1116,1,0,11200,0,0,0,15949316,15949316,2959
131020,494,1018,1116,1,0,11200,0,0,0,15949554,15949554,2959
131035,494,1046,1116,1,0,11200,0,0,0,15950567,15950567,2959
131050,495,1086,1116,1,0,11200,0,0,0,15951506,15951506,2959
131065,495,14,1116,0,0,11200,0,0,0,15952549,15952549,2959
131081,495,43,1116,0,0,11200,0,0,0,15953722,15953722,2959
131097,495,118,1116,0,0,11200,0,0,0,15954997,15954997,2959
131113,495,141,1116,0,0,11200,0,0,0,15956218,15956218,2959
131128,495,174,1116,0,0,11200,0,0,0,15957570,15957570,2959
131144,495,207,1116,0,0,11200,0,0,0,15958688,15958688,2959
131159,495,234,1116,0,0,11200,0,0,0,15959686,15959686,2959
131175,495,251,1116,0,0,11200,0,0,0,15960750,15960750,2959
131191,495,271,1116,0,0,11200,0,0,0,15961927,15961927,2959
131207,495,292,1116,0,0,11200,0,0,0,15962853,15962853,2959
131224,495,324,1116,0,0,11200,0,0,0,15964004,15964004,2959
131240,495,351,1116,0,0,11200,0,0,0,15965003,15965003,2959
131255,495,393,1116,0,0,11200,0,0,0,15965991,15965991,2959
131271,495,423,1116,0,0,11200,0,0,0,15967059,15967059,2959
131286,495,446,1116,0,0,11200,0,0,0,15968023,15968023,2959
131301,495,493,1116,0,0,11200,0,0,0,15969195,15969195,2959
131316,495,524,1116,0,0,11200,0,0,0,15970247,15970247,2959
131332,495,560,1116,0,0,11200,0,0,0,15971344,15971344,2959
131347,495,594,1117,1,0,11200,0,0,0,15972377,15972377,2959
131363,495,624,1117,1,0,11200,0,0,0,15973360,15973360,2959
131379,495,651,1117,1,0,11200,0,0,0,15974287,15974287,2959
131395,495,680,1117,1,0,11200,0,0,0,15975224,15975224,2959
131411,495,696,1117,1,0,11200,0,0,0,15975961,15975961,2959
131426,495,717,1117,1,0,11200,0,0,0,15976842,15976842,2959
131442,495,752,1117,1,0,11200,0,0,0,15977769,15977769,2959
131458,495,802,1117,1,0,11200,0,0,0,15978816,15978816,2959
131473,495,838,1117,1,0,11200,0,0,0,15979758,15979758,2959
131489,495,858,1117,1,0,11200,0,0,0,15980744,15980744,2959
131506,495,903,1117,1,0,11200,0,0,0,15981820,15981820,2959
131522,495,920,1117,1,0,11200,0,0,0,15982478,15982478,2959
131538,495,946,1117,1,0,11200,0,0,0,15983403,15983403,2959
131553,495,984,1117,1,0,11200,0,0,0,15984316,15984316,2959
131571,495,1013,1117,1,0,11200,0,0,0,15985231,15985231,2959
131586,495,1046,1117,1,0,11200,0,0,0,15986195,15986195,2959
131601,496,1086,1117,1,0,11200,0,0,0,15987125,15987125,2959
131617,496,16,1117,1,0,11200,0,0,0,15988304,15988304,2959
131632,496,43,1117,1,0,11200,0,0,0,15989332,15989332,2959
131648,496,114,1117,1,0,11200,0,0,0,15990538,15990538,2959
131664,496,136,1117,1,0,11200,0,0,0,15991724,15991724,2959
131680,496,159,1117,1,0,11200,0,0,0,15992854,15992854,2959
131696,496,191,1117,1,0,11200,0,0,0,15994115,15994115,2959
131711,496,210,1117,1,0,11200,0,0,0,15995131,15995131,2959
131727,496,242,1117,1,0,11200,0,0,0,15996231,15996231,2959
131744,496,267,1117,1,0,11200,0,0,0,15997423,15997423,2959
131759,496,289,1117,1,0,11200,0,0,0,15998401,15998401,2959
131774,496,312,1117,1,0,11200,0,0,0,15999378,15999378,2959
131790,496,341,1117,1,0,11200,0,0,0,16000453,16000453,2959
131805,496,377,1117,1,0,11200,0,0,0,16001526,16001526,2959
131820,496,418,1117,1,0,11200,0,0,0,16002731,16002731,2959
131836,496,446,1117,1,0,11200,0,0,0,16003761,16003761,2959
131851,496,505,1117,1,0,11200,0,0,0,16004800,16004800,2959
131867,496,541,1117,1,0,11200,0,0,0,16005852,16005852,2959
131883,496,578,1117,1,0,11200,0,0,0,16006889,16006889,2959
131898,496,614,1117,1,0,11200,0,0,0,16007953,16007953,2959
131913,496,651,1117,1,0,11200,0,0,0,16008857,16008857,2959
131929,496,689,1117,1,0,11200,0,0,0,16009750,16009750,2959
131945,496,720,1117,1,0,11200,0,0,0,16010891,16010891,2959
131961,496,764,1117,1,0,11200,0,0,0,16011877,16011877,2959
131976,496,807,1117,1,0,11200,0,0,0,16012782,16012782,2959
131992,496,842,1117,1,0,11200,0,0,0,16013608,16013608,2959
132007,496,881,1117,1,0,11200,0,0,0,16014526,16014526,2959
132023,496,924,1117,1,0,11200,0,0,0,16015528,16015528,2959
132038,496,962,1117,1,0,11200,0,0,0,16016564,16016564,2959
132053,496,1008,1117,1,0,11200,0,0,0,16017555,16017555,2959
132072,496,1013,1117,1,0,11200,0,0,0,16017957,16017957,2959
132087,496,1047,1117,1,0,11200,0,0,0,16019074,16019074,2959
132103,497,3,1117,1,0,11200,0,0,0,16020124,16020124,2959
132118,497,24,1117,1,0,11200,0,0,0,16021262,16021262,2959
132134,497,101,1117,1,0,11200,0,0,0,16022468,16022468,2959
132149,497,123,1117,1,0,11200,0,0,0,16023604,16023604,2959
132164,497,150,1117,1,0,11200,0,0,0,16024671,16024671,2959
132179,497,172,1117,1,0,11200,0,0,0,16025797,16025797,2959
132195,497,206,1117,1,0,11200,0,0,0,16026864,16026864,2959
132210,497,235,1117,1,0,11200,0,0,0,16028005,16028005,2959
132226,497,258,1117,1,0,11200,0,0,0,16029132,16029132,2959
132242,497,281,1117,1,0,11200,0,0,0,16030170,16030170,2959
132257,497,298,1117,1,0,11200,0,0,0,16031078,16031078,2959
132273,497,324,1117,1,0,11200,0,0,0,16032070,16032070,2959
132288,497,353,1117,1,0,11200,0,0,0,16033047,16033047,2959
132303,497,392,1117,1,0,11200,0,0,0,16034040,16034040,2959
132319,497,430,1117,1,0,11200,0,0,0,16035229,16035229,2959
132334,497,451,1117,1,0,11200,0,0,0,16036222,16036222,2959
132350,497,488,1117,1,0,11200,0,0,0,16037301,16037301,2959
132366,497,521,1117,1,0,11200,0,0,0,16038417,16038417,2959
132382,497,560,1117,1,0,11200,0,0,0,16039530,16039530,2959
132398,497,586,1117,1,0,11200,0,0,0,16040533,16040533,2959
132413,497,632,1117,1,0,11200,0,0,0,16041502,16041502,2959
132429,497,673,1117,1,0,11200,0,0,0,16042543,16042543,2959
132444,497,703,1117,1,0,11200,0,0,0,16043337,16043337,2959
132460,497,728,1117,1,0,11200,0,0,0,16044380,16044380,2959
132476,497,764,1117,1,0,11200,0,0,0,16045359,16045359,2959
132491,497,815,1117,1,0,11200,0,0,0,16046344,16046344,2959
132507,497,848,1117,1,0,11200,0,0,0,16047275,16047275,2959
132523,497,890,1117,1,0,11200,0,0,0,16048398,16048398,2959
132539,497,935,1117,1,0,11200,0,0,0,16049443,16049443,2959
132554,497,974,1117,1,0,11200,0,0,0,16050384,16050384,2959
132576,497,1013,1117,1,0,11200,0,0,0,16051377,16051377,2959
132591,497,1059,1117,1,0,11200,0,0,0,16052423,16052423,2959
132607,498,1103,1117,1,0,11200,0,0,0,16053420,16053420,2959
132623,498,14,1117,1,0,11200,0,0,0,16054462,16054462,2959
132638,498,47,1117,1,0,11200,0,0,0,16055505,16055505,2959
132653,498,113,1117,1,0,11200,0,0,0,16056813,16056813,2959
132669,498,141,1117,1,0,11200,0,0,0,16057997,16057997,2959
132684,498,171,1117,1,0,11200,0,0,0,16059173,16059173,2959
132700,498,204,1117,1,0,11200,0,0,0,16060218,16060218,2959
132716,498,226,1117,1,0,11200,0,0,0,16061230,16061230,2959
132732,498,248,1117,1,0,11200,0,0,0,16062242,16062242,2959
132747,498,276,1117,1,0,11200,0,0,0,16063236,16063236,2959
132763,498,300,1117,1,0,11200,0,0,0,16064185,16064185,2959
132779,498,327,1117,1,0,11200,0,0,0,16065276,16065276,2959
132795,498,367,1117,1,0,11200,0,0,0,16066266,16066266,2959
132811,498,393,1117,1,0,11200,0,0,0,16067260,16067260,2959
132826,498,431,1117,1,0,11200,0,0,0,16068376,16068376,2959
132842,498,475,1117,1,0,11200,0,0,0,16069389,16069389,2959
132857,498,518,1117,1,0,11200,0,0,0,16070467,16070467,2959
132872,498,553,1117,1,0,11200,0,0,0,16071490,16071490,2959
132888,498,597,1117,1,0,11200,0,0,0,16072554,16072554,2959
132903,498,637,1117,1,0,11200,0,0,0,16073518,16073518,2959
132919,498,658,1117,1,0,11200,0,0,0,16074504,16074504,2959
132934,498,690,1117,1,0,11200,0,0,0,16075437,16075437,2959
132950,498,713,1117,1,0,11200,0,0,0,16076289,16076289,2959
132965,498,750,1117,1,0,11200,0,0,0,16077223,16077223,2959
132981,498,780,1117,1,0,11200,0,0,0,16078212,16078212,2959
132996,498,838,1117,1,0,11200,0,0,0,16079119,16079119,2959
133013,498,878,1117,1,0,11200,0,0,0,16080042,16080042,2959
133028,498,907,1117,1,0,11200,0,0,0,16081023,16081023,2959
133043,498,920,1117,1,0,11200,0,0,0,16081611,16081611,2959
133059,498,962,1117,1,0,11200,0,0,0,16082585,16082585,2959
133075,498,1002,1117,1,0,11200,0,0,0,16083615,16083615,2959
133091,498,1024,1117,1,0,11200,0,0,0,16084181,16084181,2959
133107,498,1053,1117,1,0,11200,0,0,0,16085102,16085102,2959
133123,499,1099,1117,1,0,11200,0,0,0,16086041,16086041,2959
133139,499,16,1117,1,0,11200,0,0,0,16087274,16087274,2959
133155,499,43,1117,1,0,11200,0,0,0,16088337,16088337,2959
133171,499,116,1117,1,0,11200,0,0,0,16089620,16089620,2959
133186,499,141,1117,1,0,11200,0,0,0,16090778,16090778,2959
133203,499,171,1117,1,0,11200,0,0,0,16092011,16092011,2959
133218,499,203,1117,1,0,11200,0,0,0,16093081,16093081,2959
133234,499,238,1117,1,0,11200,0,0,0,16094149,16094149,2959
133249,499,268,1117,1,0,11200,0,0,0,16095294,16095294,2959
133266,499,292,1117,1,0,11200,0,0,0,16096292,16096292,2959
133281,499,316,1117,1,0,11200,0,0,0,16097367,16097367,2959
133296,499,344,1117,1,0,11200,0,0,0,16098433,16098433,2959
133312,499,376,1117,1,0,11200,0,0,0,16099370,16099370,2959
133327,499,418,1117,1,0,11200,0,0,0,16100463,16100463,2959
133342,499,460,1117,1,0,11200,0,0,0,16101545,16101545,2959
133358,499,505,1117,1,0,11200,0,0,0,16102673,16102673,2959
133374,499,546,1117,1,0,11200,0,0,0,16103770,16103770,2959
133389,499,574,1117,1,0,11200,0,0,0,16104824,16104824,2959
133406,499,611,1117,1,0,11200,0,0,0,16105943,16105943,2959
133421,499,647,1117,1,0,11200,0,0,0,16106895,16106895,2959
133437,499,679,1117,1,0,11200,0,0,0,16107901,16107901,2959
133452,499,699,1117,1,0,11200,0,0,0,16108624,16108624,2959
133468,499,720,1117,1,0,11200,0,0,0,16109571,16109571,2959
133484,499,754,1117,1,0,11200,0,0,0,16110487,16110487,2959
133499,499,808,1117,1,0,11200,0,0,0,16111440,16111440,2959
133515,499,842,1117,1,0,11200,0,0,0,16112331,16112331,2959
133531,499,875,1117,1,0,11200,0,0,0,16113269,16113269,2959
133546,499,907,1117,1,0,11200,0,0,0,16114346,16114346,2959
133561,499,921,1117,1,0,11200,0,0,0,16114886,16114886,2959
133577,499,961,1117,1,0,11200,0,0,0,16115934,16115934,2959
133592,499,997,1117,1,0,11200,0,0,0,16116901,16116901,2959
133607,499,1028,1117,1,0,11200,0,0,0,16117835,16117835,2959
133623,499,1053,1117,1,0,11200,0,0,0,16118801,16118801,2959
133638,500,1101,1117,1,0,11200,0,0,0,16119754,16119754,2959
133653,500,16,1117,1,0,11200,0,0,0,16120900,16120900,2959
133668,500,47,1117,1,0,11200,0,0,0,16121926,16121926,2959
133683,500,113,1117,1,0,11200,0,0,0,16123183,16123183,2959
133698,500,135,1117,1,0,11200,0,0,0,16124333,16124333,2959
133713,500,163,1117,1,0,11200,0,0,0,16125582,16125582,2959
133729,500,195,1117,1,0,11200,0,0,0,16126709,16126709,2959
133744,500,223,1117,1,0,11200,0,0,0,16127804,16127804,2959
133761,500,245,1117,1,0,11200,0,0,0,16128816,16128816,2959
133777,500,271,1117,1,0,11200,0,0,0,16130113,16130113,2959
133793,500,292,1117,1,0,11200,0,0,0,16131102,16131102,2959
133809,500,316,1117,1,0,11200,0,0,0,16132220,16132220,2959
133824,500,351,1117,1,0,11200,0,0,0,16133248,16133248,2959
133840,500,396,1117,1,0,11200,0,0,0,16134377,16134377,2959
133856,500,429,1117,1,0,11200,0,0,0,16135500,16135500,2959
133872,500,460,1117,1,0,11200,0,0,0,16136575,16136575,2959
133888,500,501,1117,1,0,11200,0,0,0,16137600,16137600,2959
133904,500,532,1117,1,0,11200,0,0,0,16138660,16138660,2959
133919,500,581,1117,1,0,11200,0,0,0,16139761,16139761,2959
133935,500,632,1117,1,0,11200,0,0,0,16140773,16140773,2959
133950,500,663,1117,1,0,11200,0,0,0,16141793,16141793,2959
133966,500,690,1117,1,0,11200,0,0,0,16142645,16142645,2959
133981,500,712,1117,1,0,11200,0,0,0,16143402,16143402,2959
133997,500,739,1117,1,0,11200,0,0,0,16144300,16144300,2959
134012,500,795,1117,1,0,11200,0,0,0,16145255,16145255,2959
134028,500,844,1117,1,0,11200,0,0,0,16146071,16146071,2959
134043,500,881,1117,1,0,11200,0,0,0,16147005,16147005,2959
134061,500,920,1117,1,0,11200,0,0,0,16148025,16148025,2959
134078,500,954,1117,1,0,11200,0,0,0,16149013,16149013,2959
134094,500,1002,1117,1,0,11200,0,0,0,16150063,16150063,2959
134110,500,1042,1117,1,0,11200,0,0,0,16151042,16151042,2959
134126,500,1080,1117,1,0,11200,0,0,0,16152031,16152031,2959
134141,501,10,1117,1,0,11200,0,0,0,16153113,16153113,2959
134156,501,31,1117,1,0,11200,0,0,0,16154148,16154148,2959
134172,501,111,1117,1,0,11200,0,0,0,16155424,16155424,2959
134187,501,137,1117,1,0,11200,0,0,0,16156624,16156624,2959
134202,501,172,1117,1,0,11200,0,0,0,16157774,16157774,2959
134218,501,204,1117,1,0,11200,0,0,0,16158862,16158862,2959
134234,501,233,1117,1,0,11200,0,0,0,16159978,16159978,2959
134249,501,259,1117,1,0,11200,0,0,0,16161117,16161117,2959
134265,501,284,1117,1,0,11200,0,0,0,16162232,16162232,2959
134281,501,313,1117,1,0,11200,0,0,0,16163277,16163277,2959
134297,501,343,1117,1,0,11200,0,0,0,16164347,16164347,2959
134312,501,379,1117,1,0,11200,0,0,0,16165326,16165326,2959
134327,501,429,1117,1,0,11200,0,0,0,16166435,16166435,2959
134343,501,462,1117,1,0,11200,0,0,0,16167486,16167486,2959
134359,501,517,1117,1,0,11200,0,0,0,16168572,16168572,2959
134374,501,546,1117,1,0,11200,0,0,0,16169622,16169622,2959
134390,501,574,1117,1,0,11200,0,0,0,16170626,16170626,2959
134405,501,615,1117,1,0,11200,0,0,0,16171683,16171683,2959
134420,501,661,1117,1,0,11200,0,0,0,16172677,16172677,2959
134436,501,685,1117,1,0,11200,0,0,0,16173620,16173620,2959
134452,501,709,1117,1,0,11200,0,0,0,16174547,16174547,2959
134467,501,737,1117,1,0,11200,0,0,0,16175515,16175515,2959
134483,501,772,1117,1,0,11200,0,0,0,16176553,16176553,2959
134500,501,838,1117,1,0,11200,0,0,0,16177497,16177497,2959
134516,501,880,1117,1,0,11200,0,0,0,16178435,16178435,2959
134531,501,914,1117,1,0,11200,0,0,0,16179495,16179495,2959
134557,501,921,1117,1,0,11200,0,0,0,16179770,16179770,2959
134572,501,962,1117,1,0,11200,0,0,0,16180708,16180708,2959
134589,501,1008,1117,1,0,11200,0,0,0,16181765,16181765,2959
134605,501,1019,1117,1,0,11200,0,0,0,16182354,16182354,2959
134621,501,1053,1117,1,0,11200,0,0,0,16183495,16183495,2959
134636,502,1092,1117,1,0,11200,0,0,0,16184428,16184428,2959
134651,502,13,1117,1,0,11200,0,0,0,16185562,16185562,2959
134667,502,49,1117,1,0,11200,0,0,0,16186675,16186675,2959
134682,502,107,1117,1,0,11200,0,0,0,16187828,16187828,2959
134698,502,130,1117,1,0,11200,0,0,0,16189068,16189068,2959
134714,502,149,1117,1,0,11200,0,0,0,16190204,16190204,2959
134729,502,181,1117,1,0,11200,0,0,0,16191398,16191398,2959
134744,502,210,1117,1,0,11200,0,0,0,16192493,16192493,2959
134760,502,242,1117,1,0,11200,0,0,0,16193600,16193600,2959
134777,502,267,1117,1,0,11200,0,0,0,16194791,16194791,2959
134792,502,295,1117,1,0,11200,0,0,0,16195861,16195861,2959
134807,502,320,1117,1,0,11200,0,0,0,16196949,16196949,2959
134823,502,344,1117,1,0,11200,0,0,0,16198056,16198056,2959
134838,502,379,1117,1,0,11200,0,0,0,16199016,16199016,2959
134854,502,426,1117,1,0,11200,0,0,0,16200223,16200223,2959
134869,502,472,1117,1,0,11200,0,0,0,16201301,16201301,2959
134886,502,520,1117,1,0,11200,0,0,0,16202401,16202401,2959
134901,502,563,1117,1,0,11200,0,0,0,16203466,16203466,2959
134916,502,612,1117,1,0,11200,0,0,0,16204441,16204441,2959
134934,502,651,1117,1,0,11200,0,0,0,16205450,16205450,2959
134950,502,685,1117,1,0,11200,0,0,0,16206349,16206349,2959
134965,502,704,1117,1,0,11200,0,0,0,16207148,16207148,2959
134980,502,725,1117,1,0,11200,0,0,0,16208095,16208095,2959
134996,502,762,1117,1,0,11200,0,0,0,16209059,16209059,2959
135012,502,815,1117,1,0,11200,0,0,0,16210006,16210006,2959
135028,502,874,1117,1,0,11200,0,0,0,16210947,16210947,2959
135044,502,908,1117,1,0,11200,0,0,0,16211966,16211966,2959
135059,502,931,1117,1,0,11200,0,0,0,16212611,16212611,2959
135075,502,981,1117,1,0,11200,0,0,0,16213638,16213638,2959
135090,502,1011,1117,1,0,11200,0,0,0,16214686,16214686,2959
135105,502,1028,1117,1,0,11200,0,0,0,16215298,16215298,2959
135121,502,1069,1117,1,0,11200,0,0,0,16216330,16216330,2959
135137,503,3,1117,1,0,11200,0,0,0,16217369,16217369,2959
135152,503,21,1117,1,0,11200,0,0,0,16218562,16218562,2959
135168,503,71,1117,1,0,11200,0,0,0,16219675,16219675,2959
135183,503,116,1117,1,0,11200,0,0,0,16220911,16220911,2959
135199,503,138,1117,1,0,11200,0,0,0,16222008,16222008,2959
135214,503,168,1117,1,0,11200,0,0,0,16223260,16223260,2959
135230,503,200,1117,1,0,11200,0,0,0,16224491,16224491,2959
135246,503,226,1117,1,0,11200,0,0,0,16225684,16225684,2959
135262,503,251,1117,1,0,11200,0,0,0,16226792,16226792,2959
135277,503,276,1117,1,0,11200,0,0,0,16227911,16227911,2959
135293,503,300,1117,1,0,11200,0,0,0,16228933,16228933,2959
135308,503,330,1117,1,0,11200,0,0,0,16230004,16230004,2959
135323,503,351,1117,1,0,11200,0,0,0,16230924,16230924,2959
135338,503,393,1117,1,0,11200,0,0,0,16231907,16231907,2959
135354,503,433,1117,1,0,11200,0,0,0,16233013,16233013,2959
135369,503,458,1117,1,0,11200,0,0,0,16233937,16233937,2959
135385,503,505,1117,1,0,11200,0,0,0,16234943,16234943,2959
135400,503,546,1117,1,0,11200,0,0,0,16236015,16236015,2959
135416,503,575,1117,1,0,11200,0,0,0,16236972,16236972,2959
135431,503,609,1117,1,0,11200,0,0,0,16237991,16237991,2959
135447,503,651,1117,1,0,11200,0,0,0,16238974,16238974,2959
135463,503,683,1117,1,0,11200,0,0,0,16239887,16239887,2959
135478,503,711,1117,1,0,11200,0,0,0,16240743,16240743,2959
135493,503,730,1117,1,0,11200,0,0,0,16241719,16241719,2959
135510,503,772,1117,1,0,11200,0,0,0,16242741,16242741,2959
135525,503,838,1117,1,0,11200,0,0,0,16243688,16243688,2959
135541,503,876,1117,1,0,11200,0,0,0,16244657,16244657,2959
135557,503,911,1117,1,0,11200,0,0,0,16245767,16245767,2959
135572,503,936,1117,1,0,11200,0,0,0,16246502,16246502,2959
135587,503,974,1117,1,0,11200,0,0,0,16247497,16247497,2959
135603,503,1010,1117,1,0,11200,0,0,0,16248482,16248482,2959
135618,503,1038,1117,1,0,11200,0,0,0,16249392,16249392,2959
135635,503,1068,1117,1,0,11200,0,0,0,16250465,16250465,2959
135651,504,1112,1117,1,0,11200,0,0,0,16251441,16251441,2959
135666,504,24,1117,1,0,11200,0,0,0,16252548,16252548,2959
135683,504,75,1117,1,0,11200,0,0,0,16253796,16253796,2959
135698,504,124,1117,1,0,11200,0,0,0,16254930,16254930,2959
135714,504,157,1117,1,0,11200,0,0,0,16256079,16256079,2959
135730,504,183,1117,1,0,11200,0,0,0,16257295,16257295,2959
135746,504,209,1117,1,0,11200,0,0,0,16258329,16258329,2959
135762,504,234,1117,1,0,11200,0,0,0,16259400,16259400,2959
135777,504,256,1117,1,0,11200,0,0,0,16260447,16260447,2959
135793,504,276,1117,1,0,11200,0,0,0,16261585,16261585,2959
135808,504,303,1117,1,0,11200,0,0,0,16262574,16262574,2959
135824,504,334,1117,1,0,11200,0,0,0,16263682,16263682,2959
135840,504,367,1117,1,0,11200,0,0,0,16264761,16264761,2959
135855,504,406,1117,1,0,11200,0,0,0,16265786,16265786,2959
135871,504,440,1117,1,0,11200,0,0,0,16266850,16266850,2959
135887,504,503,1117,1,0,11200,0,0,0,16267964,16267964,2959
135902,504,531,1117,1,0,11200,0,0,0,16269004,16269004,2959
135917,504,567,1117,1,0,11200,0,0,0,16270043,16270043,2959
135932,504,597,1117,1,0,11200,0,0,0,16270983,16270983,2959
135948,504,624,1117,1,0,11200,0,0,0,16271903,16271903,2959
135964,504,657,1117,1,0,11200,0,0,0,16272868,16272868,2959
135980,504,689,1117,1,0,11200,0,0,0,16273738,16273738,2959
135996,504,711,1117,1,0,11200,0,0,0,16274668,16274668,2959
136013,504,733,1117,1,0,11200,0,0,0,16275771,16275771,2959
136028,504,764,1117,1,0,11200,0,0,0,16276752,16276752,2959
136043,504,824,1117,1,0,11200,0,0,0,16277621,16277621,2959
136059,504,857,1117,1,0,11200,0,0,0,16278429,16278429,2959
136074,504,904,1117,1,0,11200,0,0,0,16279416,16279416,2959
136090,504,926,1117,1,0,11200,0,0,0,16280069,16280069,2959
136105,504,969,1117,1,0,11200,0,0,0,16280985,16280985,2959
136120,504,999,1117,1,0,11200,0,0,0,16281978,16281978,2959
136136,504,1023,1117,1,0,11200,0,0,0,16282679,16282679,2959
136152,504,1068,1117,1,0,11200,0,0,0,16283694,16283694,2959
136167,505,2,1117,1,0,11200,0,0,0,16284784,16284784,2959
136183,505,25,1117,1,0,11200,0,0,0,16285830,16285830,2959
136199,505,101,1117,1,0,11200,0,0,0,16287067,16287067,2959
136214,505,133,1117,1,0,11200,0,0,0,16288278,16288278,2959
136230,505,163,1117,1,0,11200,0,0,0,16289482,16289482,2959
136245,505,202,1117,1,0,11200,0,0,0,16290514,16290514,2959
136261,505,241,1117,1,0,11200,0,0,0,16291618,16291618,2959
136276,505,262,1117,1,0,11200,0,0,0,16292752,16292752,2959
136292,505,286,1117,1,0,11200,0,0,0,16293762,16293762,2959
136307,505,312,1117,1,0,11200,0,0,0,16294790,16294790,2959
136322,505,341,1117,1,0,11200,0,0,0,16295871,16295871,2959
136338,505,372,1117,1,0,11200,0,0,0,16296901,16296901,2959
136353,505,411,1117,1,0,11200,0,0,0,16298051,16298051,2959
136368,505,441,1117,1,0,11200,0,0,0,16299158,16299158,2959
136384,505,505,1117,1,0,11200,0,0,0,16300307,16300307,2959
136399,505,538,1117,1,0,11200,0,0,0,16301359,16301359,2959
136414,505,578,1117,1,0,11200,0,0,0,16302304,16302304,2959
136431,505,613,1117,1,0,11200,0,0,0,16303272,16303272,2959
136446,505,646,1117,1,0,11200,0,0,0,16304339,16304339,2959
136462,505,681,1117,1,0,11200,0,0,0,16305260,16305260,2959
136478,505,704,1117,1,0,11200,0,0,0,16306009,16306009,2959
136493,505,733,1117,1,0,11200,0,0,0,16306965,16306965,2959
136508,505,771,1117,1,0,11200,0,0,0,16307860,16307860,2959
136523,505,828,1117,1,0,11200,0,0,0,16308811,16308811,2959
136539,505,867,1117,1,0,11200,0,0,0,16309763,16309763,2959
136555,505,907,1117,1,0,11200,0,0,0,16310819,16310819,2959
136570,505,938,1117,1,0,11200,0,0,0,16311707,16311707,2959
136586,505,968,1117,1,0,11200,0,0,0,16312691,16312691,2959
136602,505,1009,1117,1,0,11200,0,0,0,16313715,16313715,2959
136622,505,1013,1117,1,0,11200,0,0,0,16314097,16314097,2959
136639,505,1042,1117,1,0,11200,0,0,0,16315168,16315168,2959
136655,505,1071,1117,1,0,11200,0,0,0,16316238,16316238,2959
136671,506,8,1117,1,0,11200,0,0,0,16317465,16317465,2959
136686,506,27,1117,1,0,11200,0,0,0,16318585,16318585,2959
136701,506,103,1117,1,0,11200,0,0,0,16319841,16319841,2959
136717,506,132,1117,1,0,11200,0,0,0,16320993,16320993,2959
136732,506,156,1117,1,0,11200,0,0,0,16322220,16322220,2959
136748,506,195,1117,1,0,11200,0,0,0,16323347,16323347,2959
136763,506,217,1117,1,0,11200,0,0,0,16324449,16324449,2959
136778,506,245,1117,1,0,11200,0,0,0,16325460,16325460,2959
136794,506,264,1117,1,0,11200,0,0,0,16326594,16326594,2959
136810,506,297,1117,1,0,11200,0,0,0,16327748,16327748,2959
136826,506,327,1117,1,0,11200,0,0,0,16328765,16328765,2959
136842,506,366,1117,1,0,11200,0,0,0,16329821,16329821,2959
136857,506,406,1117,1,0,11200,0,0,0,16330877,16330877,2959
136873,506,436,1117,1,0,11200,0,0,0,16331888,16331888,2959
136889,506,473,1117,1,0,11200,0,0,0,16332967,16332967,2959
136905,506,518,1117,1,0,11200,0,0,0,16334076,16334076,2959
136921,506,546,1117,1,0,11200,0,0,0,16335070,16335070,2959
136936,506,571,1117,1,0,11200,0,0,0,16335962,16335962,2959
136951,506,608,1117,1,0,11200,0,0,0,16337100,16337100,2959
136966,506,644,1117,1,0,11200,0,0,0,16338047,16338047,2959
136982,506,681,1117,1,0,11200,0,0,0,16339038,16339038,2959
136999,506,710,1117,1,0,11200,0,0,0,16339880,16339880,2959
137014,506,732,1117,1,0,11200,0,0,0,16340920,16340920,2959
137030,506,772,1117,1,0,11200,0,0,0,16341957,16341957,2959
137045,506,814,1117,1,0,11200,0,0,0,16342783,16342783,2959
137061,506,857,1117,1,0,11200,0,0,0,16343663,16343663,2959
137077,506,904,1117,1,0,11200,0,0,0,16344713,16344713,2959
137102,506,921,1117,1,0,11200,0,0,0,16345210,16345210,2959
137118,506,961,1117,1,0,11200,0,0,0,16346139,16346139,2959
137134,506,997,1117,1,0,11200,0,0,0,16347117,16347117,2959
137149,506,1023,1117,1,0,11200,0,0,0,16347861,16347861,2959
137164,506,1059,1117,1,0,11200,0,0,0,16348813,16348813,2959
137180,507,1092,1117,1,0,11200,0,0,0,16349781,16349781,2959
137195,507,14,1117,1,0,11200,0,0,0,16350844,16350844,2959
137212,507,38,1117,1,0,11200,0,0,0,16352042,16352042,2959
137228,507,107,1117,1,0,11200,0,0,0,16353223,16353223,2959
137243,507,133,1117,1,0,11200,0,0,0,16354492,16354492,2959
137259,507,162,1117,1,0,11200,0,0,0,16355673,16355673,2959
137274,507,200,1117,1,0,11200,0,0,0,16356810,16356810,2959
137290,507,228,1117,1,0,11200,0,0,0,16357896,16357896,2959
137305,507,261,1117,1,0,11200,0,0,0,16358958,16358958,2959
137320,507,286,1117,1,0,11200,0,0,0,16359963,16359963,2959
137335,507,320,1117,1,0,11200,0,0,0,16361000,16361000,2959
137351,507,348,1117,1,0,11200,0,0,0,16362068,16362068,2959
137368,507,377,1117,1,0,11200,0,0,0,16363085,16363085,2959
137383,507,411,1117,1,0,11200,0,0,0,16364123,16364123,2959
137398,507,439,1117,1,0,11200,0,0,0,16365191,16365191,2959
137413,507,494,1117,1,0,11200,0,0,0,16366167,16366167,2959
137429,507,528,1117,1,0,11200,0,0,0,16367228,16367228,2959
137444,507,563,1117,1,0,11200,0,0,0,16368232,16368232,2959
137460,507,601,1117,1,0,11200,0,0,0,16369368,16369368,2959
137476,507,642,1117,1,0,11200,0,0,0,16370446,16370446,2959
137492,507,666,1117,1,0,11200,0,0,0,16371352,16371352,2959
137510,507,693,1117,1,0,11200,0,0,0,16372217,16372217,2959
137526,507,716,1117,1,0,11200,0,0,0,16373175,16373175,2959
137542,507,754,1117,1,0,11200,0,0,0,16374119,16374119,2959
137557,507,803,1117,1,0,11200,0,0,0,16375194,16375194,2959
137573,507,842,1117,1,0,11200,0,0,0,16375993,16375993,2959
137588,507,875,1117,1,0,11200,0,0,0,16376899,16376899,2959
137603,507,915,1117,1,0,11200,0,0,0,16377860,16377860,2959
137618,507,945,1117,1,0,11200,0,0,0,16378614,16378614,2959
137634,507,983,1117,1,0,11200,0,0,0,16379580,16379580,2959
137650,507,1013,1118,2,0,11200,0,0,0,16380428,16380428,2959
137666,507,1045,1118,2,0,11200,0,0,0,16381440,16381440,2959
137681,508,1086,1118,2,0,11200,0,0,0,16382461,16382461,2959
137697,508,2,1118,2,0,11200,0,0,0,16383490,16383490,2959
137712,508,22,1118,2,0,11200,0,0,0,16384660,16384660,2959
137727,508,71,1118,2,0,11200,0,0,0,16385795,16385795,2959
137742,508,118,1118,2,0,11200,0,0,0,16386986,16386986,2959
137758,508,141,1118,2,0,11200,0,0,0,16388150,16388150,2959
137774,508,172,1118,2,0,11200,0,0,0,16389369,16389369,2959
137790,508,207,1118,2,0,11200,0,0,0,16390441,16390441,2959
137806,508,241,1118,2,0,11200,0,0,0,16391625,16391625,2959
137821,508,268,1118,2,0,11200,0,0,0,16392707,16392707,2959
137836,508,295,1118,2,0,11200,0,0,0,16393757,16393757,2959
137852,508,326,1118,2,0,11200,0,0,0,16394767,16394767,2959
137867,508,353,1118,2,0,11200,0,0,0,16395818,16395818,2959
137882,508,388,1118,2,0,11200,0,0,0,16396820,16396820,2959
137898,508,423,1118,2,0,11200,0,0,0,16397908,16397908,2959
137914,508,446,1118,2,0,11200,0,0,0,16398894,16398894,2959
137929,508,496,1118,2,0,11200,0,0,0,16399925,16399925,2959
137945,508,523,1118,2,0,11200,0,0,0,16400973,16400973,2959
137960,508,547,1118,2,0,11200,0,0,0,16401908,16401908,2959
137975,508,579,1118,2,0,11200,0,0,0,16402930,16402930,2959
137991,508,613,1118,2,0,11200,0,0,0,16404036,16404036,2959
138007,508,650,1118,2,0,11200,0,0,0,16404945,16404945,2959
138022,508,671,1118,2,0,11200,0,0,0,16405884,16405884,2959
138038,508,693,1118,2,0,11200,0,0,0,16406654,16406654,2959
138054,508,716,1118,2,0,11200,0,0,0,16407655,16407655,2959
138070,508,772,1118,2,0,11200,0,0,0,16408658,16408658,2959
138085,508,838,1118,2,0,11200,0,0,0,16409533,16409533,2959
138101,508,881,1118,2,0,11200,0,0,0,16410467,16410467,2959
138116,508,917,1118,2,0,11200,0,0,0,16411467,16411467,2959
138132,508,953,1118,2,0,11200,0,0,0,16412507,16412507,2959
138147,508,990,1118,2,0,11200,0,0,0,16413525,16413525,2959
138174,508,1013,1118,2,0,11200,0,0,0,16414213,16414213,2959
138190,508,1042,1118,2,0,11200,0,0,0,16415285,16415285,2959
138205,508,1073,1118,2,0,11200,0,0,0,16416190,16416190,2959
138221,509,6,1118,2,0,11200,0,0,0,16417399,16417399,2959
138237,509,28,1118,2,0,11200,0,0,0,16418415,16418415,2959
138253,509,112,1118,2,0,11200,0,0,0,16419705,16419705,2959
138268,509,132,1118,2,0,11200,0,0,0,16420929,16420929,2959
138283,509,162,1118,2,0,11200,0,0,0,16422148,16422148,2959
138299,509,200,1118,2,0,11200,0,0,0,16423249,16423249,2959
138315,509,226,1118,2,0,11200,0,0,0,16424412,16424412,2959
138331,509,250,1118,2,0,11200,0,0,0,16425529,16425529,2959
138346,509,273,1118,2,0,11200,0,0,0,16426681,16426681,2959
138362,509,292,1118,2,0,11200,0,0,0,16427655,16427655,2959
138377,509,315,1118,2,0,11200,0,0,0,16428763,16428763,2959
138392,509,342,1118,2,0,11200,0,0,0,16429756,16429756,2959
138408,509,369,1118,2,0,11200,0,0,0,16430839,16430839,2959
138424,509,403,1118,2,0,11200,0,0,0,16431911,16431911,2959
138439,509,451,1118,2,0,11200,0,0,0,16432936,16432936,2959
138454,509,498,1118,2,0,11200,0,0,0,16434021,16434021,2959
138470,509,523,1118,2,0,11200,0,0,0,16435055,16435055,2959
138485,509,556,1118,2,0,11200,0,0,0,16436170,16436170,2959
138501,509,597,1118,2,0,11200,0,0,0,16437222,16437222,2959
138516,509,617,1118,2,0,11200,0,0,0,16438137,16438137,2959
138532,509,667,1118,2,0,11200,0,0,0,16439036,16439036,2959
138548,509,693,1118,2,0,11200,0,0,0,16439800,16439800,2959
138564,509,717,1118,2,0,11200,0,0,0,16440876,16440876,2959
138580,509,762,1118,2,0,11200,0,0,0,16441840,16441840,2959
138596,509,810,1118,2,0,11200,0,0,0,16442758,16442758,2959
138612,509,852,1118,2,0,11200,0,0,0,16443642,16443642,2959
138627,509,900,1118,2,0,11200,0,0,0,16444647,16444647,2959
138645,509,920,1118,2,0,11200,0,0,0,16445616,16445616,2959
138660,509,974,1118,2,0,11200,0,0,0,16446670,16446670,2959
138676,509,1012,1118,2,0,11200,0,0,0,16447711,16447711,2959
138691,509,1018,1118,2,0,11200,0,0,0,16447894,16447894,2959
138707,509,1048,1118,2,0,11200,0,0,0,16448920,16448920,2959
138723,509,1071,1118,2,0,11200,0,0,0,16449902,16449902,2959
138738,510,1110,1118,2,0,11200,0,0,0,16450875,16450875,2959
138754,510,24,1118,2,0,11200,0,0,0,16452104,16452104,2959
138770,510,103,1118,2,0,11200,0,0,0,16453335,16453335,2959
138786,510,128,1118,2,0,11200,0,0,0,16454398,16454398,2959
138803,510,152,1118,2,0,11200,0,0,0,16455603,16455603,2959
138818,510,181,1118,2,0,11200,0,0,0,16456766,16456766,2959
138834,510,209,1118,2,0,11200,0,0,0,16457839,16457839,2959
138849,510,235,1118,2,0,11200,0,0,0,16458960,16458960,2959
138865,510,259,1118,2,0,11200,0,0,0,16460077,16460077,2959
138881,510,287,1118,2,0,11200,0,0,0,16461134,16461134,2959
138897,510,315,1118,2,0,11200,0,0,0,16462207,16462207,2959
138913,510,347,1118,2,0,11200,0,0,0,16463305,16463305,2959
138928,510,376,1118,2,0,11200,0,0,0,16464273,16464273,2959
138944,510,429,1118,2,0,11200,0,0,0,16465483,16465483,2959
138960,510,461,1118,2,0,11200,0,0,0,16466517,16466517,2959
138976,510,509,1118,2,0,11200,0,0,0,16467609,16467609,2959
138991,510,547,1118,2,0,11200,0,0,0,16468679,16468679,2959
139006,510,578,1118,2,0,11200,0,0,0,16469670,16469670,2959
139022,510,616,1118,2,0,11200,0,0,0,16470720,16470720,2959
139037,510,657,1118,2,0,11200,0,0,0,16471702,16471702,2959
139053,510,690,1118,2,0,11200,0,0,0,16472594,16472594,2959
139069,510,716,1118,2,0,11200,0,0,0,16473510,16473510,2959
139084,510,754,1118,2,0,11200,0,0,0,16474348,16474348,2959
139099,510,802,1118,2,0,11200,0,0,0,16475394,16475394,2959
139115,510,837,1118,2,0,11200,0,0,0,16476310,16476310,2959
139130,510,875,1118,2,0,11200,0,0,0,16477331,16477331,2959
139146,510,920,1118,2,0,11200,0,0,0,16478320,16478320,2959
139162,510,969,1118,2,0,11200,0,0,0,16479288,16479288,2959
139189,510,1013,1118,2,0,11200,0,0,0,16480257,16480257,2959
139204,510,1053,1118,2,0,11200,0,0,0,16481282,16481282,2959
139220,511,1099,1118,2,0,11200,0,0,0,16482322,16482322,2959
139236,511,21,1118,2,0,11200,0,0,0,16483514,16483514,2959
139252,511,89,1118,2,0,11200,0,0,0,16484737,16484737,2959
139268,511,123,1118,2,0,11200,0,0,0,16485975,16485975,2959
139284,511,148,1118,2,0,11200,0,0,0,16487119,16487119,2959
139299,511,191,1118,2,0,11200,0,0,0,16488266,16488266,2959
139314,511,213,1118,2,0,11200,0,0,0,16489253,16489253,2959
139330,511,252,1118,2,0,11200,0,0,0,16490428,16490428,2959
139345,511,283,1118,2,0,11200,0,0,0,16491551,16491551,2959
139360,511,308,1118,2,0,11200,0,0,0,16492562,16492562,2959
139376,511,334,1118,2,0,11200,0,0,0,16493646,16493646,2959
139391,511,366,1118,2,0,11200,0,0,0,16494692,16494692,2959
139407,511,402,1118,2,0,11200,0,0,0,16495783,16495783,2959
139422,511,436,1118,2,0,11200,0,0,0,16496875,16496875,2959
139437,511,477,1118,2,0,11200,0,0,0,16497877,16497877,2959
139454,511,531,1118,2,0,11200,0,0,0,16499043,16499043,2959
139469,511,578,1118,2,0,11200,0,0,0,16500038,16500038,2959
139484,511,617,1118,2,0,11200,0,0,0,16501029,16501029,2959
139500,511,651,1118,2,0,11200,0,0,0,16501943,16501943,2959
139515,511,674,1118,2,0,11200,0,0,0,16502897,16502897,2959
139532,511,711,1118,2,0,11200,0,0,0,16503845,16503845,2959
139547,511,739,1118,2,0,11200,0,0,0,16504802,16504802,2959
139562,511,765,1118,2,0,11200,0,0,0,16505766,16505766,2959
139578,511,829,1118,2,0,11200,0,0,0,16506836,16506836,2959
139593,511,873,1118,2,0,11200,0,0,0,16507760,16507760,2959
139609,511,917,1118,2,0,11200,0,0,0,16508875,16508875,2959
139625,511,956,1118,2,0,11200,0,0,0,16509870,16509870,2959
139641,511,989,1118,2,0,11200,0,0,0,16510896,16510896,2959
139658,511,1013,1118,2,0,11200,0,0,0,16511600,16511600,2959
139673,511,1040,1118,2,0,11200,0,0,0,16512651,16512651,2959
139688,511,1073,1118,2,0,11200,0,0,0,16513521,16513521,2959
139704,512,5,1118,2,0,11200,0,0,0,16514611,16514611,2959
139719,512,27,1118,2,0,11200,0,0,0,16515622,16515622,2959
139734,512,106,1118,2,0,11200,0,0,0,16516863,16516863,2959
139749,512,129,1118,2,0,11200,0,0,0,16517993,16517993,2959
139764,512,152,1118,2,0,11200,0,0,0,16519112,16519112,2959
139782,512,195,1118,2,0,11200,0,0,0,16520370,16520370,2959
139797,512,221,1118,2,0,11200,0,0,0,16521444,16521444,2959
139812,512,244,1118,2,0,11200,0,0,0,16522489,16522489,2959
139828,512,268,1118,2,0,11200,0,0,0,16523754,16523754,2959
139845,512,289,1118,2,0,11200,0,0,0,16524881,16524881,2959
139861,512,329,1118,2,0,11200,0,0,0,16525903,16525903,2959
139876,512,347,1118,2,0,11200,0,0,0,16526924,16526924,2959
139891,512,370,1118,2,0,11200,0,0,0,16527893,16527893,2959
139906,512,403,1118,2,0,11200,0,0,0,16528939,16528939,2959
139922,512,443,1118,2,0,11200,0,0,0,16530033,16530033,2959
139937,512,501,1118,2,0,11200,0,0,0,16531087,16531087,2959
139953,512,528,1118,2,0,11200,0,0,0,16532194,16532194,2959
139968,512,556,1118,2,0,11200,0,0,0,16533180,16533180,2959
139984,512,601,1118,2,0,11200,0,0,0,16534240,16534240,2959
140001,512,642,1118,2,0,11200,0,0,0,16535369,16535369,2959
140017,512,673,1118,2,0,11200,0,0,0,16536393,16536393,2959
140032,512,700,1118,2,0,11200,0,0,0,16537173,16537173,2959
140048,512,727,1118,2,0,11200,0,0,0,16538185,16538185,2959
140064,512,768,1118,2,0,11200,0,0,0,16539215,16539215,2959
140079,512,828,1118,2,0,11200,0,0,0,16540051,16540051,2959
140095,512,862,1118,2,0,11200,0,0,0,16541041,16541041,2959
140111,512,909,1118,2,0,11200,0,0,0,16542051,16542051,2959
140127,512,920,1118,2,0,11200,0,0,0,16542598,16542598,2959
140142,512,961,1118,2,0,11200,0,0,0,16543559,16543559,2959
140157,512,999,1118,2,0,11200,0,0,0,16544548,16544548,2959
140173,512,1013,1118,2,0,11200,0,0,0,16544907,16544907,2959
140188,512,1048,1118,2,0,11200,0,0,0,16546003,16546003,2959
140204,513,1099,1118,2,0,11200,0,0,0,16547020,16547020,2959
140219,513,13,1118,2,0,11200,0,0,0,16548082,16548082,2959
140235,513,47,1118,2,0,11200,0,0,0,16549254,16549254,2959
140251,513,114,1118,2,0,11200,0,0,0,16550470,16550470,2959
140266,513,136,1118,2,0,11200,0,0,0,16551680,16551680,2959
140281,513,162,1118,2,0,11200,0,0,0,16552814,16552814,2959
140297,513,201,1118,2,0,11200,0,0,0,16553898,16553898,2959
140312,513,221,1118,2,0,11200,0,0,0,16555153,16555153,2959
140328,513,242,1118,2,0,11200,0,0,0,16556093,16556093,2959
140343,513,269,1118,2,0,11200,0,0,0,16557239,16557239,2959
140360,513,291,1118,2,0,11200,0,0,0,16558251,16558251,2959
140375,513,326,1118,2,0,11200,0,0,0,16559279,16559279,2959
140391,513,353,1118,2,0,11200,0,0,0,16560300,16560300,2959
140407,513,397,1118,2,0,11200,0,0,0,16561426,16561426,2959
140422,513,436,1118,2,0,11200,0,0,0,16562447,16562447,2959
140438,513,483,1118,2,0,11200,0,0,0,16563580,16563580,2959
140454,513,517,1118,2,0,11200,0,0,0,16564694,16564694,2959
140470,513,547,1118,2,0,11200,0,0,0,16565732,16565732,2959
140486,513,578,1118,2,0,11200,0,0,0,16566764,16566764,2959
140501,513,614,1118,2,0,11200,0,0,0,16567751,16567751,2959
140516,513,653,1118,2,0,11200,0,0,0,16568795,16568795,2959
140532,513,680,1118,2,0,11200,0,0,0,16569714,16569714,2959
140547,513,713,1118,2,0,11200,0,0,0,16570585,16570585,2959
140563,513,737,1118,2,0,11200,0,0,0,16571542,16571542,2959
140579,513,772,1118,2,0,11200,0,0,0,16572483,16572483,2959
140594,513,818,1118,2,0,11200,0,0,0,16573265,16573265,2959
140610,513,858,1118,2,0,11200,0,0,0,16574236,16574236,2959
140626,513,909,1118,2,0,11200,0,0,0,16575252,16575252,2959
140642,513,927,1118,2,0,11200,0,0,0,16575984,16575984,2959
140657,513,967,1118,2,0,11200,0,0,0,16576911,16576911,2959
140674,513,992,1118,2,0,11200,0,0,0,16577930,16577930,2959
140695,513,1013,1118,2,0,11200,0,0,0,16578546,16578546,2959
140710,513,1042,1118,2,0,11200,0,0,0,16579515,16579515,2959
140727,513,1080,1118,2,0,11200,0,0,0,16580568,16580568,2959
140743,514,1110,1118,2,0,11200,0,0,0,16581675,16581675,2959
140758,514,21,1118,2,0,11200,0,0,0,16582782,16582782,2959
140774,514,72,1118,2,0,11200,0,0,0,16583941,16583941,2959
140790,514,123,1118,2,0,11200,0,0,0,16585072,16585072,2959
140806,514,156,1118,2,0,11200,0,0,0,16586358,16586358,2959
140822,514,194,1118,2,0,11200,0,0,0,16587502,16587502,2959
140838,514,221,1118,2,0,11200,0,0,0,16588670,16588670,2959
140853,514,247,1118,2,0,11200,0,0,0,16589730,16589730,2959
140869,514,273,1118,2,0,11200,0,0,0,16590885,16590885,2959
140884,514,292,1118,2,0,11200,0,0,0,16591899,16591899,2959
140900,514,324,1118,2,0,11200,0,0,0,16592932,16592932,2959
140915,514,344,1118,2,0,11200,0,0,0,16593997,16593997,2959
140931,514,372,1118,2,0,11200,0,0,0,16594939,16594939,2959
140946,514,405,1118,2,0,11200,0,0,0,16595935,16595935,2959
140962,514,443,1118,2,0,11200,0,0,0,16597003,16597003,2959
140977,514,504,1118,2,0,11200,0,0,0,16597984,16597984,2959
140992,514,541,1118,2,0,11200,0,0,0,16599095,16599095,2959
141008,514,574,1118,2,0,11200,0,0,0,16600235,16600235,2959
141024,514,609,1118,2,0,11200,0,0,0,16601263,16601263,2959
141039,514,653,1118,2,0,11200,0,0,0,16602239,16602239,2959
141055,514,680,1118,2,0,11200,0,0,0,16603224,16603224,2959
141072,514,703,1118,2,0,11200,0,0,0,16604027,16604027,2959
141087,514,724,1118,2,0,11200,0,0,0,16604960,16604960,2959
141103,514,768,1118,2,0,11200,0,0,0,16605907,16605907,2959
141118,514,817,1118,2,0,11200,0,0,0,16606954,16606954,2959
141134,514,858,1118,2,0,11200,0,0,0,16607904,16607904,2959
141149,514,890,1118,2,0,11200,0,0,0,16608861,16608861,2959
141165,514,926,1118,2,0,11200,0,0,0,16609609,16609609,2959
141180,514,969,1118,2,0,11200,0,0,0,16610564,16610564,2959
141195,514,1008,1118,2,0,11200,0,0,0,16611594,16611594,2959
141214,514,1013,1118,2,0,11200,0,0,0,16611966,16611966,2959
141229,514,1045,1118,2,0,11200,0,0,0,16612974,16612974,2959
141246,514,1080,1118,2,0,11200,0,0,0,16613917,16613917,2959
141261,515,6,1118,2,0,11200,0,0,0,16614968,16614968,2959
141276,515,25,1118,2,0,11200,0,0,0,16615961,16615961,2959
141292,515,104,1118,2,0,11200,0,0,0,16617206,16617206,2959
141308,515,134,1118,2,0,11200,0,0,0,16618501,16618501,2959
141323,515,163,1118,2,0,11200,0,0,0,16619603,16619603,2959
141340,515,199,1118,2,0,11200,0,0,0,16620823,16620823,2959
141356,515,221,1118,2,0,11200,0,0,0,16621896,16621896,2959
141372,515,243,1118,2,0,11200,0,0,0,16622932,16622932,2959
141388,515,264,1118,2,0,11200,0,0,0,16624141,16624141,2959
141403,515,283,1118,2,0,11200,0,0,0,16625095,16625095,2959
141419,515,303,1118,2,0,11200,0,0,0,16626043,16626043,2959
141434,515,334,1118,2,0,11200,0,0,0,16627091,16627091,2959
141450,515,371,1118,2,0,11200,0,0,0,16628097,16628097,2959
141465,515,418,1118,2,0,11200,0,0,0,16629126,16629126,2959
141481,515,466,1118,2,0,11200,0,0,0,16630149,16630149,2959
141497,515,521,1118,2,0,11200,0,0,0,16631274,16631274,2959
141512,515,553,1118,2,0,11200,0,0,0,16632281,16632281,2959
141527,515,593,1118,2,0,11200,0,0,0,16633297,16633297,2959
141542,515,637,1118,2,0,11200,0,0,0,16634296,16634296,2959
141557,515,666,1118,2,0,11200,0,0,0,16635177,16635177,2959
141572,515,689,1118,2,0,11200,0,0,0,16635964,16635964,2959
141588,515,716,1118,2,0,11200,0,0,0,16636960,16636960,2959
141603,515,754,1118,2,0,11200,0,0,0,16637866,16637866,2959
141618,515,803,1118,2,0,11200,0,0,0,16638849,16638849,2959
141634,515,838,1118,2,0,11200,0,0,0,16639688,16639688,2959
141650,515,878,1118,2,0,11200,0,0,0,16640593,16640593,2959
141666,515,918,1118,2,0,11200,0,0,0,16641753,16641753,2959
141682,515,962,1118,2,0,11200,0,0,0,16642604,16642604,2959
141697,515,993,1118,2,0,11200,0,0,0,16643589,16643589,2959
141722,515,1013,1118,2,0,11200,0,0,0,16644355,16644355,2959
141738,515,1047,1118,2,0,11200,0,0,0,16645382,16645382,2959
141753,516,1086,1118,2,0,11200,0,0,0,16646356,16646356,2959
141768,516,13,1118,2,0,11200,0,0,0,16647480,16647480,2959
141783,516,47,1118,2,0,11200,0,0,0,16648686,16648686,2959
141798,516,115,1118,2,0,11200,0,0,0,16649836,16649836,2959
141814,516,134,1118,2,0,11200,0,0,0,16650945,16650945,2959
141830,516,162,1118,2,0,11200,0,0,0,16652113,16652113,2959
141845,516,191,1118,2,0,11200,0,0,0,16653236,16653236,2959
141861,516,221,1118,2,0,11200,0,0,0,16654390,16654390,2959
141877,516,246,1118,2,0,11200,0,0,0,16655358,16655358,2959
141892,516,268,1118,2,0,11200,0,0,0,16656577,16656577,2959
141908,516,288,1118,2,0,11200,0,0,0,16657597,16657597,2959
141924,516,318,1118,2,0,11200,0,0,0,16658703,16658703,2959
141939,516,347,1118,2,0,11200,0,0,0,16659724,16659724,2959
141955,516,389,1118,2,0,11200,0,0,0,16660706,16660706,2959
141970,516,425,1118,2,0,11200,0,0,0,16661818,16661818,2959
141985,516,460,1118,2,0,11200,0,0,0,16662926,16662926,2959
142001,516,520,1118,2,0,11200,0,0,0,16664005,16664005,2959
142016,516,553,1118,2,0,11200,0,0,0,16665060,16665060,2959
142031,516,581,1118,2,0,11200,0,0,0,16666194,16666194,2959
142046,516,615,1118,2,0,11200,0,0,0,16667147,16667147,2959
142061,516,667,1118,2,0,11200,0,0,0,16668189,16668189,2959
142078,516,694,1118,2,0,11200,0,0,0,16669007,16669007,2959
142093,516,723,1118,2,0,11200,0,0,0,16670067,16670067,2959
142109,516,761,1118,2,0,11200,0,0,0,16671057,16671057,2959
142124,516,800,1118,2,0,11200,0,0,0,16672046,16672046,2959
142140,516,842,1118,2,0,11200,0,0,0,16672967,16672967,2959
142156,516,883,1118,2,0,11200,0,0,0,16673972,16673972,2959
142171,516,918,1118,2,0,11200,0,0,0,16674987,16674987,2959
142187,516,953,1118,2,0,11200,0,0,0,16676009,16676009,2959
142203,516,992,1118,2,0,11200,0,0,0,16676978,16676978,2959
142219,516,1023,1118,2,0,11200,0,0,0,16677799,16677799,2959
142235,516,1053,1118,2,0,11200,0,0,0,16678919,16678919,2959
142250,517,1099,1118,2,0,11200,0,0,0,16679849,16679849,2959
142265,517,11,1118,2,0,11200,0,0,0,16680848,16680848,2959
142281,517,42,1118,2,0,11200,0,0,0,16681971,16681971,2959
142296,517,107,1118,2,0,11200,0,0,0,16683084,16683084,2959
142313,517,133,1118,2,0,11200,0,0,0,16684305,16684305,2959
142328,517,158,1118,2,0,11200,0,0,0,16685445,16685445,2959
142343,517,176,1118,2,0,11200,0,0,0,16686577,16686577,2959
142358,517,209,1118,2,0,11200,0,0,0,16687613,16687613,2959
142374,517,234,1118,2,0,11200,0,0,0,16688640,16688640,2959
142390,517,260,1118,2,0,11200,0,0,0,16689845,16689845,2959
142406,517,282,1118,2,0,11200,0,0,0,16690924,16690924,2959
142421,517,303,1118,2,0,11200,0,0,0,16691904,16691904,2959
142437,517,334,1118,2,0,11200,0,0,0,16693009,16693009,2959
142453,517,363,1118,2,0,11200,0,0,0,16694056,16694056,2959
142468,517,392,1118,2,0,11200,0,0,0,16695033,16695033,2959
142483,517,425,1118,2,0,11200,0,0,0,16696167,16696167,2959
142499,517,451,1118,2,0,11200,0,0,0,16697222,16697222,2959
142515,517,504,1118,2,0,11200,0,0,0,16698375,16698375,2959
142531,517,541,1118,2,0,11200,0,0,0,16699447,16699447,2959
142547,517,574,1118,2,0,11200,0,0,0,16700554,16700554,2959
142562,517,613,1118,2,0,11200,0,0,0,16701521,16701521,2959
142578,517,653,1118,2,0,11200,0,0,0,16702540,16702540,2959
142593,517,679,1118,2,0,11200,0,0,0,16703375,16703375,2959
142609,517,709,1118,2,0,11200,0,0,0,16704151,16704151,2959
142625,517,739,1118,2,0,11200,0,0,0,16705161,16705161,2959
142641,517,795,1118,2,0,11200,0,0,0,16706159,16706159,2959
142656,517,842,1118,2,0,11200,0,0,0,16707101,16707101,2959
142673,517,900,1118,2,0,11200,0,0,0,16708180,16708180,2959
142689,517,939,1118,2,0,11200,0,0,0,16709170,16709170,2959
142704,517,976,1118,2,0,11200,0,0,0,16710122,16710122,2959
142720,517,1009,1118,2,0,11200,0,0,0,16711147,16711147,2959
142735,517,1013,1118,2,0,11200,0,0,0,16711351,16711351,2959
142750,517,1045,1118,2,0,11200,0,0,0,16712307,16712307,2959
142766,518,1100,1118,2,0,11200,0,0,0,16713265,16713265,2959
142782,518,12,1118,2,0,11200,0,0,0,16714282,16714282,2959
142797,518,43,1118,2,0,11200,0,0,0,16715401,16715401,2959
142813,518,115,1118,2,0,11200,0,0,0,16716682,16716682,2959
142828,518,139,1118,2,0,11200,0,0,0,16717747,16717747,2959
142844,518,174,1118,2,0,11200,0,0,0,16718923,16718923,2959
142859,518,206,1118,2,0,11200,0,0,0,16719917,16719917,2959
142874,518,229,1118,2,0,11200,0,0,0,16720832,16720832,2959
142889,518,255,1118,2,0,11200,0,0,0,16721831,16721831,2959
142906,518,283,1118,2,0,11200,0,0,0,16723020,16723020,2959
142922,518,303,1118,2,0,11200,0,0,0,16723965,16723965,2959
142937,518,336,1118,2,0,11200,0,0,0,16725046,16725046,2959
142953,518,371,1118,2,0,11200,0,0,0,16726064,16726064,2959
142968,518,411,1118,2,0,11200,0,0,0,16727112,16727112,2959
142984,518,446,1118,2,0,11200,0,0,0,16728236,16728236,2959
143000,518,498,1118,2,0,11200,0,0,0,16729328,16729328,2959
143015,518,532,1118,2,0,11200,0,0,0,16730410,16730410,2959
143031,518,578,1118,2,0,11200,0,0,0,16731371,16731371,2959
143046,518,614,1118,2,0,11200,0,0,0,16732427,16732427,2959
143062,518,652,1118,2,0,11200,0,0,0,16733441,16733441,2959
143077,518,679,1118,2,0,11200,0,0,0,16734407,16734407,2959
143092,518,701,1118,2,0,11200,0,0,0,16735132,16735132,2959
143108,518,723,1118,2,0,11200,0,0,0,16736193,16736193,2959
143123,518,764,1118,2,0,11200,0,0,0,16737255,16737255,2959
143139,518,814,1118,2,0,11200,0,0,0,16738157,16738157,2959
143155,518,855,1118,2,0,11200,0,0,0,16739155,16739155,2959
143170,518,904,1118,2,0,11200,0,0,0,16740145,16740145,2959
143186,518,941,1118,2,0,11200,0,0,0,16741002,16741002,2959
143201,518,983,1118,2,0,11200,0,0,0,16742022,16742022,2959
143227,518,1013,1118,2,0,11200,0,0,0,16743067,16743067,2959
143243,518,1048,1118,2,0,11200,0,0,0,16744139,16744139,2959
143259,519,1099,1118,2,0,11200,0,0,0,16745153,16745153,2959
143275,519,18,1118,2,0,11200,0,0,0,16746387,16746387,2959
143290,519,45,1118,2,0,11200,0,0,0,16747535,16747535,2959
143305,519,115,1118,2,0,11200,0,0,0,16748814,16748814,2959
143321,519,145,1118,2,0,11200,0,0,0,16749973,16749973,2959
143337,519,180,1118,2,0,11200,0,0,0,16751241,16751241,2959
143352,519,209,1118,2,0,11200,0,0,0,16752253,16752253,2959
143368,519,233,1118,2,0,11200,0,0,0,16753354,16753354,2959
143384,519,254,1118,2,0,11200,0,0,0,16754498,16754498,2959
143399,519,283,1118,2,0,11200,0,0,0,16755690,16755690,2959
143415,519,308,1118,2,0,11200,0,0,0,16756754,16756754,2959
143430,519,339,1118,2,0,11200,0,0,0,16757840,16757840,2959
143446,519,367,1118,2,0,11200,0,0,0,16758788,16758788,2959
143462,519,406,1118,2,0,11200,0,0,0,16759952,16759952,2959
143477,519,436,1118,2,0,11200,0,0,0,16760995,16760995,2959
143493,519,488,1118,2,0,11200,0,0,0,16762100,16762100,2959
143508,519,523,1118,2,0,11200,0,0,0,16763145,16763145,2959
143524,519,563,1118,2,0,11200,0,0,0,16764188,16764188,2959
143540,519,608,1118,2,0,11200,0,0,0,16765353,16765353,2959
143556,519,644,1118,2,0,11200,0,0,0,16766383,16766383,2959
143572,519,671,1118,2,0,11200,0,0,0,16767434,16767434,2959
143587,519,701,1118,2,0,11200,0,0,0,16768251,16768251,2959
143602,519,730,1118,2,0,11200,0,0,0,16769180,16769180,2959
143619,519,768,1118,2,0,11200,0,0,0,16770170,16770170,2959
143635,519,815,1118,2,0,11200,0,0,0,16771208,16771208,2959
143651,519,852,1118,2,0,11200,0,0,0,16772073,16772073,2959
143667,519,900,1118,2,0,11200,0,0,0,16773103,16773103,2959
143683,519,945,1118,2,0,11200,0,0,0,16774163,16774163,2959
143699,519,974,1118,2,0,11200,0,0,0,16775091,16775091,2959
143714,519,1009,1118,2,0,11200,0,0,0,16776090,16776090,2959
143730,519,1040,1118,2,0,11200,0,0,0,16777056,16777056,2959
143746,519,1068,1118,2,0,11200,0,0,0,16777852,16777852,2959
143762,520,2,1118,2,0,11200,0,0,0,16778954,16778954,2959
143778,520,25,1118,2,0,11200,0,0,0,16780193,16780193,2959
143794,520,101,1118,2,0,11200,0,0,0,16781486,16781486,2959
143809,520,132,1118,2,0,11200,0,0,0,16782731,16782731,2959
143824,520,156,1118,2,0,11200,0,0,0,16783844,16783844,2959
143839,520,199,1118,2,0,11200,0,0,0,16785062,16785062,2959
143854,520,217,1118,2,0,11200,0,0,0,16786208,16786208,2959
143870,520,245,1118,2,0,11200,0,0,0,16787165,16787165,2959
143885,520,266,1118,2,0,11200,0,0,0,16788334,16788334,2959
143900,520,283,1118,2,0,11200,0,0,0,16789281,16789281,2959
143916,520,315,1118,2,0,11200,0,0,0,16790294,16790294,2959
143931,520,347,1118,2,0,11200,0,0,0,16791325,16791325,2959
143947,520,370,1118,2,0,11200,0,0,0,16792301,16792301,2959
143962,520,417,1118,2,0,11200,0,0,0,16793426,16793426,2959
143978,520,451,1118,2,0,11200,0,0,0,16794542,16794542,2959
143994,520,503,1118,2,0,11200,0,0,0,16795568,16795568,2959
144010,520,539,1118,2,0,11200,0,0,0,16796630,16796630,2959
144026,520,563,1118,2,0,11200,0,0,0,16797683,16797683,2959
144041,520,598,1118,2,0,11200,0,0,0,16798674,16798674,2959
144057,520,642,1118,2,0,11200,0,0,0,16799639,16799639,2959
144072,520,674,1118,2,0,11200,0,0,0,16800633,16800633,2959
144088,520,696,1118,2,0,11200,0,0,0,16801432,16801432,2959
144104,520,724,1118,2,0,11200,0,0,0,16802494,16802494,2959
144119,520,759,1118,2,0,11200,0,0,0,16803463,16803463,2959
144135,520,810,1118,2,0,11200,0,0,0,16804418,16804418,2959
144151,520,852,1118,2,0,11200,0,0,0,16805339,16805339,2959
144166,520,888,1118,2,0,11200,0,0,0,16806365,16806365,2959
144189,520,920,1118,2,0,11200,0,0,0,16807402,16807402,2959
144205,520,961,1118,2,0,11200,0,0,0,16808368,16808368,2959
144220,520,993,1118,2,0,11200,0,0,0,16809318,16809318,2959
144238,520,1013,1118,2,0,11200,0,0,0,16809864,16809864,2959
144253,520,1064,1118,2,0,11200,0,0,0,16810900,16810900,2959
144269,521,1109,1118,2,0,11200,0,0,0,16812004,16812004,2959
144284,521,24,1118,2,0,11200,0,0,0,16813157,16813157,2959
144299,521,72,1118,2,0,11200,0,0,0,16814232,16814232,2959
144316,521,118,1118,2,0,11200,0,0,0,16815322,16815322,2959
144332,521,146,1118,2,0,11200,0,0,0,16816548,16816548,2959
144347,521,181,1118,2,0,11200,0,0,0,16817796,16817796,2959
144362,521,210,1118,2,0,11200,0,0,0,16818784,16818784,2959
144378,521,239,1118,2,0,11200,0,0,0,16819884,16819884,2959
144394,521,261,1118,2,0,11200,0,0,0,16820980,16820980,2959
144410,521,283,1118,2,0,11200,0,0,0,16822108,16822108,2959
144426,521,306,1118,2,0,11200,0,0,0,16823073,16823073,2959
144441,521,343,1118,2,0,11200,0,0,0,16824182,16824182,2959
144456,521,372,1118,2,0,11200,0,0,0,16825114,16825114,2959
144473,521,411,1118,2,0,11200,0,0,0,16826188,16826188,2959
144489,521,461,1118,2,0,11200,0,0,0,16827225,16827225,2959
144505,521,512,1118,2,0,11200,0,0,0,16828368,16828368,2959
144520,521,552,1118,2,0,11200,0,0,0,16829533,16829533,2959
144536,521,581,1118,2,0,11200,0,0,0,16830612,16830612,2959
144551,521,613,1118,2,0,11200,0,0,0,16831549,16831549,2959
144567,521,644,1118,2,0,11200,0,0,0,16832515,16832515,2959
144582,521,668,1118,2,0,11200,0,0,0,16833582,16833582,2959
144597,521,693,1118,2,0,11200,0,0,0,16834410,16834410,2959
144612,521,715,1118,2,0,11200,0,0,0,16835394,16835394,2959
144628,521,754,1118,2,0,11200,0,0,0,16836354,16836354,2959
144644,521,803,1118,2,0,11200,0,0,0,16837407,16837407,2959
144660,521,846,1118,2,0,11200,0,0,0,16838295,16838295,2959
144675,521,900,1118,2,0,11200,0,0,0,16839347,16839347,2959
144690,521,927,1118,2,0,11200,0,0,0,16840191,16840191,2959
144705,521,983,1118,2,0,11200,0,0,0,16841153,16841153,2959
144720,521,1012,1118,2,0,11200,0,0,0,16842171,16842171,2959
144735,521,1039,1118,2,0,11200,0,0,0,16842902,16842902,2959
144751,521,1069,1118,2,0,11200,0,0,0,16843820,16843820,2959
144767,522,1114,1118,2,0,11200,0,0,0,16844772,16844772,2959
144782,522,25,1118,2,0,11200,0,0,0,16845901,16845901,2959
144798,522,76,1118,2,0,11200,0,0,0,16847094,16847094,2959
144814,522,117,1118,2,0,11200,0,0,0,16848343,16848343,2959
144830,522,140,1118,2,0,11200,0,0,0,16849470,16849470,2959
144845,522,174,1118,2,0,11200,0,0,0,16850757,16850757,2959
144860,522,213,1118,2,0,11200,0,0,0,16851841,16851841,2959
144876,522,239,1118,2,0,11200,0,0,0,16852836,16852836,2959
144891,522,259,1118,2,0,11200,0,0,0,16853955,16853955,2959
144907,522,276,1118,2,0,11200,0,0,0,16855026,16855026,2959
144922,522,298,1118,2,0,11200,0,0,0,16856039,16856039,2959
144937,522,320,1118,2,0,11200,0,0,0,16857144,16857144,2959
144953,522,343,1118,2,0,11200,0,0,0,16858191,16858191,2959
144969,522,370,1118,2,0,11200,0,0,0,16859173,16859173,2959
144984,522,406,1118,2,0,11200,0,0,0,16860276,16860276,2959
145001,522,439,1118,2,0,11200,0,0,0,16861370,16861370,2959
145016,522,501,1118,2,0,11200,0,0,0,16862399,16862399,2959
145031,522,547,1118,2,0,11200,0,0,0,16863438,16863438,2959
145047,522,593,1118,2,0,11200,0,0,0,16864575,16864575,2959
145063,522,641,1118,2,0,11200,0,0,0,16865638,16865638,2959
145081,522,676,1118,2,0,11200,0,0,0,16866621,16866621,2959
145096,522,703,1118,2,0,11200,0,0,0,16867455,16867455,2959
145112,522,727,1118,2,0,11200,0,0,0,16868376,16868376,2959
145127,522,762,1118,2,0,11200,0,0,0,16869311,16869311,2959
145144,522,808,1118,2,0,11200,0,0,0,16870314,16870314,2959
145159,522,846,1118,2,0,11200,0,0,0,16871160,16871160,2959
145175,522,889,1118,2,0,11200,0,0,0,16872211,16872211,2959
145191,522,918,1118,2,0,11200,0,0,0,16873223,16873223,2959
145206,522,947,1118,2,0,11200,0,0,0,16873969,16873969,2959
145221,522,981,1118,2,0,11200,0,0,0,16874869,16874869,2959
145245,522,1013,1118,2,0,11200,0,0,0,16875842,16875842,2959
145260,522,1048,1118,2,0,11200,0,0,0,16876871,16876871,2959
145275,523,1103,1118,2,0,11200,0,0,0,16877781,16877781,2959
145291,523,13,1118,2,0,11200,0,0,0,16878886,16878886,2959
145307,523,47,1118,2,0,11200,0,0,0,16880011,16880011,2959
145322,523,111,1118,2,0,11200,0,0,0,16881221,16881221,2959
145337,523,138,1118,2,0,11200,0,0,0,16882419,16882419,2959
145353,523,164,1118,2,0,11200,0,0,0,16883623,16883623,2959
145368,523,202,1118,2,0,11200,0,0,0,16884630,16884630,2959
145383,523,234,1118,2,0,11200,0,0,0,16885671,16885671,2959
145398,523,255,1118,2,0,11200,0,0,0,16886716,16886716,2959
145414,523,281,1118,2,0,11200,0,0,0,16887911,16887911,2959
145430,523,303,1118,2,0,11200,0,0,0,16888851,16888851,2959
145446,523,339,1118,2,0,11200,0,0,0,16889920,16889920,2959
145462,523,376,1118,2,0,11200,0,0,0,16891010,16891010,2959
145477,523,406,1118,2,0,11200,0,0,0,16892088,16892088,2959
145493,523,445,1118,2,0,11200,0,0,0,16893118,16893118,2959
145508,523,501,1118,2,0,11200,0,0,0,16894154,16894154,2959
145524,523,528,1118,2,0,11200,0,0,0,16895263,16895263,2959
145539,523,561,1118,2,0,11200,0,0,0,16896174,16896174,2959
145556,523,586,1118,2,0,11200,0,0,0,16897236,16897236,2959
145571,523,617,1118,2,0,11200,0,0,0,16898154,16898154,2959
145587,523,662,1118,2,0,11200,0,0,0,16899184,16899184,2959
145602,523,690,1118,2,0,11200,0,0,0,16900013,16900013,2959
145617,523,715,1118,2,0,11200,0,0,0,16900857,16900857,2959
145632,523,739,1118,2,0,11200,0,0,0,16901710,16901710,2959
145648,523,772,1118,2,0,11200,0,0,0,16902607,16902607,2959
145663,523,834,1118,2,0,11200,0,0,0,16903509,16903509,2959
145679,523,876,1118,2,0,11200,0,0,0,16904468,16904468,2959
145694,523,917,1118,2,0,11200,0,0,0,16905507,16905507,2959
145711,523,950,1118,2,0,11200,0,0,0,16906202,16906202,2959
145727,523,985,1118,2,0,11200,0,0,0,16907154,16907154,2959
145747,523,1013,1118,2,0,11200,0,0,0,16908184,16908184,2959
145763,523,1046,1118,2,0,11200,0,0,0,16909295,16909295,2959
145778,524,1086,1118,2,0,11200,0,0,0,16910267,16910267,2959
145794,524,12,1118,2,0,11200,0,0,0,16911324,16911324,2959
145809,524,43,1118,2,0,11200,0,0,0,16912440,16912440,2959
145826,524,116,1118,2,0,11200,0,0,0,16913742,16913742,2959
145842,524,139,1118,2,0,11200,0,0,0,16914961,16914961,2959
145858,524,167,1118,2,0,11200,0,0,0,16916241,16916241,2959
145874,524,201,1118,2,0,11200,0,0,0,16917313,16917313,2959
145889,524,232,1118,2,0,11200,0,0,0,16918427,16918427,2959
145905,524,255,1118,2,0,11200,0,0,0,16919528,16919528,2959
145921,524,283,1118,2,0,11200,0,0,0,16920623,16920623,2959
145936,524,308,1118,2,0,11200,0,0,0,16921560,16921560,2959
145951,524,344,1118,2,0,11200,0,0,0,16922620,16922620,2959
145968,524,389,1118,2,0,11200,0,0,0,16923706,16923706,2959
145983,524,433,1118,2,0,11200,0,0,0,16924700,16924700,2959
145998,524,472,1118,2,0,11200,0,0,0,16925789,16925789,2959
146015,524,517,1118,2,0,11200,0,0,0,16926814,16926814,2959
146030,524,547,1118,2,0,11200,0,0,0,16927838,16927838,2959
146046,524,579,1118,2,0,11200,0,0,0,16928877,16928877,2959
146062,524,615,1118,2,0,11200,0,0,0,16929932,16929932,2959
146078,524,656,1118,2,0,11200,0,0,0,16930838,16930838,2959
146094,524,683,1118,2,0,11200,0,0,0,16931707,16931707,2959
146110,524,710,1118,2,0,11200,0,0,0,16932615,16932615,2959
146126,524,737,1118,2,0,11200,0,0,0,16933681,16933681,2959
146142,524,772,1118,2,0,11200,0,0,0,16934695,16934695,2959
146158,524,832,1118,2,0,11200,0,0,0,16935551,16935551,2959
146173,524,874,1118,2,0,11200,0,0,0,16936472,16936472,2959
146189,524,909,1118,2,0,11200,0,0,0,16937550,16937550,2959
146205,524,934,1118,2,0,11200,0,0,0,16938333,16938333,2959
146221,524,962,1118,2,0,11200,0,0,0,16939318,16939318,2959
146236,524,992,1118,2,0,11200,0,0,0,16940307,16940307,2959
146254,524,1013,1118,2,0,11200,0,0,0,16940835,16940835,2959
146269,524,1050,1118,2,0,11200,0,0,0,16941840,16941840,2959
146284,525,1100,1118,2,0,11200,0,0,0,16942784,16942784,2959
146299,525,15,1118,2,0,11200,0,0,0,16943923,16943923,2959
146315,525,72,1118,2,0,11200,0,0,0,16945042,16945042,2959
146330,525,123,1118,2,0,11200,0,0,0,16946167,16946167,2959
146346,525,152,1118,2,0,11200,0,0,0,16947240,16947240,2959
146361,525,183,1118,2,0,11200,0,0,0,16948412,16948412,2959
146377,525,213,1118,2,0,11200,0,0,0,16949522,16949522,2959
146393,525,242,1118,2,0,11200,0,0,0,16950614,16950614,2959
146409,525,264,1118,2,0,11200,0,0,0,16951735,16951735,2959
146424,525,288,1118,2,0,11200,0,0,0,16952709,16952709,2959
146440,525,314,1118,2,0,11200,0,0,0,16953696,16953696,2959
146455,525,344,1118,2,0,11200,0,0,0,16954652,16954652,2959
146470,525,372,1118,2,0,11200,0,0,0,16955614,16955614,2959
146486,525,407,1118,2,0,11200,0,0,0,16956649,16956649,2959
146501,525,439,1118,2,0,11200,0,0,0,16957633,16957633,2959
146517,525,494,1118,2,0,11200,0,0,0,16958712,16958712,2959
146532,525,525,1118,2,0,11200,0,0,0,16959854,16959854,2959
146548,525,564,1118,2,0,11200,0,0,0,16960843,16960843,2959
146563,525,605,1118,2,0,11200,0,0,0,16961890,16961890,2959
146578,525,637,1118,2,0,11200,0,0,0,16962860,16962860,2959
146595,525,671,1118,2,0,11200,0,0,0,16963893,16963893,2959
146610,525,693,1118,2,0,11200,0,0,0,16964645,16964645,2959
146626,525,717,1118,2,0,11200,0,0,0,16965665,16965665,2959
146641,525,755,1118,2,0,11200,0,0,0,16966609,16966609,2959
146657,525,802,1118,2,0,11200,0,0,0,16967543,16967543,2959
146673,525,845,1118,2,0,11200,0,0,0,16968488,16968488,2959
146688,525,881,1118,2,0,11200,0,0,0,16969478,16969478,2959
146705,525,920,1118,2,0,11200,0,0,0,16970466,16970466,2959
146721,525,962,1118,2,0,11200,0,0,0,16971465,16971465,2959
146738,525,999,1118,2,0,11200,0,0,0,16972535,16972535,2959
146753,525,1028,1118,2,0,11200,0,0,0,16973177,16973177,2959
146769,525,1067,1118,2,0,11200,0,0,0,16974136,16974136,2959
146785,526,1109,1118,2,0,11200,0,0,0,16975136,16975136,2959
146801,526,22,1118,2,0,11200,0,0,0,16976288,16976288,2959
146816,526,72,1118,2,0,11200,0,0,0,16977428,16977428,2959
146831,526,123,1118,2,0,11200,0,0,0,16978670,16978670,2959
146846,526,145,1118,2,0,11200,0,0,0,16979802,16979802,2959
146862,526,180,1118,2,0,11200,0,0,0,16981083,16981083,2959
146878,526,213,1118,2,0,11200,0,0,0,16982120,16982120,2959
146893,526,244,1118,2,0,11200,0,0,0,16983128,16983128,2959
146908,526,264,1118,2,0,11200,0,0,0,16984340,16984340,2959
146925,526,282,1118,2,0,11200,0,0,0,16985523,16985523,2959
146941,526,301,1118,2,0,11200,0,0,0,16986502,16986502,2959
146958,526,329,1118,2,0,11200,0,0,0,16987572,16987572,2959
146974,526,364,1118,2,0,11200,0,0,0,16988606,16988606,2959
146989,526,399,1118,2,0,11200,0,0,0,16989711,16989711,2959
147005,526,436,1118,2,0,11200,0,0,0,16990807,16990807,2959
147021,526,487,1118,2,0,11200,0,0,0,16991929,16991929,2959
147036,526,520,1118,2,0,11200,0,0,0,16992968,16992968,2959
147051,526,553,1118,2,0,11200,0,0,0,16993941,16993941,2959
147067,526,601,1118,2,0,11200,0,0,0,16995035,16995035,2959
147083,526,649,1118,2,0,11200,0,0,0,16996052,16996052,2959
147098,526,674,1118,2,0,11200,0,0,0,16997040,16997040,2959
147115,526,700,1118,2,0,11200,0,0,0,16997846,16997846,2959
147130,526,729,1118,2,0,11200,0,0,0,16998801,16998801,2959
147145,526,772,1118,2,0,11200,0,0,0,16999745,16999745,2959
147161,526,838,1118,2,0,11200,0,0,0,17000626,17000626,2959
147176,526,883,1118,2,0,11200,0,0,0,17001565,17001565,2959
147191,526,918,1118,2,0,11200,0,0,0,17002552,17002552,2959
147206,526,962,1118,2,0,11200,0,0,0,17003395,17003395,2959
147222,526,1009,1118,2,0,11200,0,0,0,17004449,17004449,2959
147238,526,1031,1118,2,0,11200,0,0,0,17005231,17005231,2959
147253,526,1060,1118,2,0,11200,0,0,0,17006171,17006171,2959
147270,527,1110,1118,2,0,11200,0,0,0,17007148,17007148,2959
147285,527,19,1118,1,0,11200,0,0,0,17008216,17008216,2959
147301,527,67,1118,1,0,11200,0,0,0,17009431,17009431,2959
147316,527,115,1118,1,0,11200,0,0,0,17010616,17010616,2959
147331,527,138,1118,1,0,11200,0,0,0,17011711,17011711,2959
147347,527,172,1118,1,0,11200,0,0,0,17013018,17013018,2959
147362,527,209,1118,1,0,11200,0,0,0,17014122,17014122,2959
147378,527,238,1118,1,0,11200,0,0,0,17015247,17015247,2959
147393,527,258,1118,1,0,11200,0,0,0,17016340,17016340,2959
147409,527,282,1118,1,0,11200,0,0,0,17017380,17017380,2959
147424,527,300,1118,1,0,11200,0,0,0,17018355,17018355,2959
147440,527,329,1118,1,0,11200,0,0,0,17019457,17019457,2959
147456,527,369,1118,1,0,11200,0,0,0,17020501,17020501,2959
147472,527,411,1118,1,0,11200,0,0,0,17021559,17021559,2959
147488,527,449,1118,1,0,11200,0,0,0,17022538,17022538,2959
147503,527,505,1118,1,0,11200,0,0,0,17023533,17023533,2959
147518,527,546,1118,1,0,11200,0,0,0,17024567,17024567,2959
147533,527,573,1118,1,0,11200,0,0,0,17025539,17025539,2959
147548,527,611,1118,1,0,11200,0,0,0,17026486,17026486,2959
147564,527,650,1118,1,0,11200,0,0,0,17027345,17027345,2959
147581,527,679,1118,1,0,11200,0,0,0,17028280,17028280,2959
147596,527,704,1118,1,0,11200,0,0,0,17029068,17029068,2959
147612,527,729,1118,1,0,11200,0,0,0,17030141,17030141,2959
147627,527,769,1118,1,0,11200,0,0,0,17031142,17031142,2959
147643,527,838,1118,1,0,11200,0,0,0,17032090,17032090,2959
147660,527,880,1118,1,0,11200,0,0,0,17033022,17033022,2959
147675,527,924,1118,1,0,11200,0,0,0,17034138,17034138,2959
147690,527,969,1118,1,0,11200,0,0,0,17035110,17035110,2959
147707,527,1014,1118,1,0,11200,0,0,0,17036092,17036092,2959
147722,527,1053,1118,1,0,11200,0,0,0,17037143,17037143,2959
147738,528,1100,1118,1,0,11200,0,0,0,17038135,17038135,2959
147754,528,14,1118,1,0,11200,0,0,0,17039225,17039225,2959
147770,528,67,1118,1,0,11200,0,0,0,17040357,17040357,2959
147786,528,123,1118,1,0,11200,0,0,0,17041586,17041586,2959
147802,528,146,1118,1,0,11200,0,0,0,17042759,17042759,2959
147818,528,183,1118,1,0,11200,0,0,0,17043936,17043936,2959
147834,528,207,1118,1,0,11200,0,0,0,17044853,17044853,2959
147849,528,233,1118,1,0,11200,0,0,0,17045903,17045903,2959
147865,528,258,1118,1,0,11200,0,0,0,17047128,17047128,2959
147880,528,280,1118,1,0,11200,0,0,0,17048148,17048148,2959
147896,528,298,1118,1,0,11200,0,0,0,17049089,17049089,2959
147911,528,326,1118,1,0,11200,0,0,0,17050127,17050127,2959
147927,528,363,1118,1,0,11200,0,0,0,17051247,17051247,2959
147942,528,406,1118,1,0,11200,0,0,0,17052299,17052299,2959
147957,528,441,1118,1,0,11200,0,0,0,17053380,17053380,2959
147973,528,488,1118,1,0,11200,0,0,0,17054442,17054442,2959
147988,528,541,1118,1,0,11200,0,0,0,17055514,17055514,2959
148004,528,581,1118,1,0,11200,0,0,0,17056567,17056567,2959
148019,528,617,1118,1,0,11200,0,0,0,17057545,17057545,2959
148034,528,663,1118,1,0,11200,0,0,0,17058556,17058556,2959
148050,528,682,1118,1,0,11200,0,0,0,17059410,17059410,2959
148065,528,706,1118,1,0,11200,0,0,0,17060291,17060291,2959
148081,528,732,1118,1,0,11200,0,0,0,17061237,17061237,2959
148096,528,764,1118,1,0,11200,0,0,0,17062189,17062189,2959
148112,528,814,1118,1,0,11200,0,0,0,17063156,17063156,2959
148127,528,848,1118,1,0,11200,0,0,0,17064118,17064118,2959
148143,528,894,1118,1,0,11200,0,0,0,17065101,17065101,2959
148161,528,920,1118,1,0,11200,0,0,0,17065952,17065952,2959
148176,528,962,1118,1,0,11200,0,0,0,17066925,17066925,2959
148192,528,999,1118,1,0,11200,0,0,0,17067949,17067949,2959
148207,528,1038,1118,1,0,11200,0,0,0,17068870,17068870,2959
148223,528,1067,1118,1,0,11200,0,0,0,17069767,17069767,2959
148238,529,1112,1118,1,0,11200,0,0,0,17070827,17070827,2959
148255,529,24,1118,1,0,11200,0,0,0,17072106,17072106,2959
148270,529,71,1118,1,0,11200,0,0,0,17073256,17073256,2959
148286,529,116,1118,1,0,11200,0,0,0,17074414,17074414,2959
148302,529,139,1118,1,0,11200,0,0,0,17075577,17075577,2959
148317,529,159,1118,1,0,11200,0,0,0,17076661,17076661,2959
148334,529,199,1118,1,0,11200,0,0,0,17077877,17077877,2959
148349,529,223,1118,1,0,11200,0,0,0,17078980,17078980,2959
148364,529,245,1118,1,0,11200,0,0,0,17079990,17079990,2959
148380,529,273,1118,1,0,11200,0,0,0,17081138,17081138,2959
148395,529,298,1118,1,0,11200,0,0,0,17082101,17082101,2959
148410,529,327,1118,1,0,11200,0,0,0,17083165,17083165,2959
148426,529,366,1118,1,0,11200,0,0,0,17084346,17084346,2959
148442,529,394,1118,1,0,11200,0,0,0,17085391,17085391,2959
148457,529,429,1118,1,0,11200,0,0,0,17086417,17086417,2959
148473,529,473,1118,1,0,11200,0,0,0,17087465,17087465,2959
148488,529,528,1118,1,0,11200,0,0,0,17088613,17088613,2959
148504,529,561,1118,1,0,11200,0,0,0,17089657,17089657,2959
148519,529,597,1118,1,0,11200,0,0,0,17090734,17090734,2959
148535,529,639,1118,1,0,11200,0,0,0,17091779,17091779,2959
148551,529,666,1118,1,0,11200,0,0,0,17092804,17092804,2959
148567,529,689,1118,1,0,11200,0,0,0,17093647,17093647,2959
148582,529,720,1118,1,0,11200,0,0,0,17094608,17094608,2959
148598,529,769,1118,1,0,11200,0,0,0,17095547,17095547,2959
148613,529,817,1118,1,0,11200,0,0,0,17096483,17096483,2959
148629,529,885,1118,1,0,11200,0,0,0,17097458,17097458,2959
148645,529,930,1118,1,0,11200,0,0,0,17098328,17098328,2959
148661,529,961,1118,1,0,11200,0,0,0,17099312,17099312,2959
148676,529,997,1118,1,0,11200,0,0,0,17100291,17100291,2959
148692,529,1040,1118,1,0,11200,0,0,0,17101358,17101358,2959
148708,529,1071,1118,1,0,11200,0,0,0,17102153,17102153,2959
148724,530,3,1118,0,0,11200,0,0,0,17103239,17103239,2959
148740,530,25,1118,0,0,11200,0,0,0,17104351,17104351,2959
148755,530,101,1118,0,0,11200,0,0,0,17105475,17105475,2959
148771,530,129,1118,0,0,11200,0,0,0,17106629,17106629,2959
148786,530,152,1118,0,0,11200,0,0,0,17107696,17107696,2959
148801,530,195,1118,0,0,11200,0,0,0,17108857,17108857,2959
148818,530,221,1118,0,0,11200,0,0,0,17109978,17109978,2959
148833,530,244,1118,0,0,11200,0,0,0,17110932,17110932,2959
148848,530,273,1118,0,0,11200,0,0,0,17112140,17112140,2959
148865,530,297,1118,0,0,11200,0,0,0,17113181,17113181,2959
148881,530,340,1118,0,0,11200,0,0,0,17114311,17114311,2959
148897,530,372,1118,0,0,11200,0,0,0,17115377,17115377,2959
148912,530,408,1118,0,0,11200,0,0,0,17116382,17116382,2959
148928,530,437,1118,0,0,11200,0,0,0,17117453,17117453,2959
148944,530,483,1118,0,0,11200,0,0,0,17118505,17118505,2959
148960,530,521,1118,0,0,11200,0,0,0,17119629,17119629,2959
148975,530,561,1118,0,0,11200,0,0,0,17120648,17120648,2959
148992,530,593,1118,0,0,11200,0,0,0,17121665,17121665,2959
149007,530,646,1118,0,0,11200,0,0,0,17122737,17122737,2959
149023,530,674,1118,0,0,11200,0,0,0,17123661,17123661,2959
149039,530,693,1118,0,0,11200,0,0,0,17124408,17124408,2959
149054,530,720,1118,0,0,11200,0,0,0,17125408,17125408,2959
149070,530,764,1118,0,0,11200,0,0,0,17126391,17126391,2959
149086,530,808,1118,0,0,11200,0,0,0,17127175,17127175,2959
149103,530,845,1118,0,0,11200,0,0,0,17128160,17128160,2959
149119,530,889,1118,0,0,11200,0,0,0,17129185,17129185,2959
149134,530,926,1118,0,0,11200,0,0,0,17130026,17130026,2959
149149,530,969,1118,0,0,11200,0,0,0,17130973,17130973,2959
149164,530,1008,1118,0,0,11200,0,0,0,17131897,17131897,2959
149180,530,1023,1118,0,0,11200,0,0,0,17132496,17132496,2959
149195,530,1050,1118,0,0,11200,0,0,0,17133460,17133460,2959
149211,531,1099,1118,0,0,11200,0,0,0,17134445,17134445,2959
149227,531,14,1118,0,0,11200,0,0,0,17135686,17135686,2959
149243,531,43,1118,0,0,11200,0,0,0,17136705,17136705,2959
149258,531,112,1118,0,0,11200,0,0,0,17137791,17137791,2959
149274,531,134,1118,0,0,11200,0,0,0,17138923,17138923,2959
149289,531,156,1118,0,0,11200,0,0,0,17140120,17140120,2959
149305,531,191,1118,0,0,11200,0,0,0,17141306,17141306,2959
149320,531,212,1118,0,0,11200,0,0,0,17142316,17142316,2959
149336,531,242,1118,0,0,11200,0,0,0,17143378,17143378,2959
149351,531,267,1118,0,0,11200,0,0,0,17144516,17144516,2959
149367,531,289,1118,0,0,11200,0,0,0,17145549,17145549,2959
149382,531,314,1118,0,0,11200,0,0,0,17146569,17146569,2959
149397,531,340,1118,0,0,11200,0,0,0,17147626,17147626,2959
149413,531,375,1118,0,0,11200,0,0,0,17148661,17148661,2959
149428,531,410,1118,0,0,11200,0,0,0,17149655,17149655,2959
149443,531,437,1118,0,0,11200,0,0,0,17150699,17150699,2959
149460,531,498,1118,0,0,11200,0,0,0,17151892,17151892,2959
149475,531,523,1118,0,0,11200,0,0,0,17152922,17152922,2959
149491,531,549,1118,0,0,11200,0,0,0,17153963,17153963,2959
149506,531,586,1118,0,0,11200,0,0,0,17155052,17155052,2959
149522,531,629,1118,0,0,11200,0,0,0,17156142,17156142,2959
149537,531,666,1118,0,0,11200,0,0,0,17157186,17157186,2959
149553,531,696,1118,0,0,11200,0,0,0,17157960,17157960,2959
149569,531,717,1118,0,0,11200,0,0,0,17158976,17158976,2959
149585,531,763,1118,0,0,11200,0,0,0,17159958,17159958,2959
149601,531,814,1118,0,0,11200,0,0,0,17160822,17160822,2959
149616,531,851,1118,0,0,11200,0,0,0,17161684,17161684,2959
149632,531,890,1118,0,0,11200,0,0,0,17162693,17162693,2959
149648,531,920,1118,0,0,11200,0,0,0,17163591,17163591,2959
149663,531,960,1118,0,0,11200,0,0,0,17164575,17164575,2959
149680,531,1008,1118,0,0,11200,0,0,0,17165587,17165587,2959
149695,531,1042,1118,0,0,11200,0,0,0,17166691,17166691,2959
149711,531,1071,1118,0,0,11200,0,0,0,17167702,17167702,2959
149727,532,3,1118,0,0,11200,0,0,0,17168787,17168787,2959
149743,532,24,1118,0,0,11200,0,0,0,17169965,17169965,2959
149759,532,76,1118,0,0,11200,0,0,0,17171210,17171210,2959
149774,532,123,1118,0,0,11200,0,0,0,17172471,17172471,2959
149789,532,148,1118,0,0,11200,0,0,0,17173594,17173594,2959
149804,532,183,1118,0,0,11200,0,0,0,17174825,17174825,2959
149821,532,213,1118,0,0,11200,0,0,0,17175934,17175934,2959
149836,532,239,1118,0,0,11200,0,0,0,17176958,17176958,2959
149852,532,264,1118,0,0,11200,0,0,0,17178167,17178167,2959
149867,532,297,1118,0,0,11200,0,0,0,17179186,17179186,2959
149882,532,324,1118,0,0,11200,0,0,0,17180125,17180125,2959
149899,532,353,1118,0,0,11200,0,0,0,17181237,17181237,2959
149915,532,396,1118,0,0,11200,0,0,0,17182375,17182375,2959
149930,532,430,1118,0,0,11200,0,0,0,17183391,17183391,2959
149946,532,469,1118,0,0,11200,0,0,0,17184506,17184506,2959
149961,532,513,1118,0,0,11200,0,0,0,17185552,17185552,2959
149977,532,542,1118,0,0,11200,0,0,0,17186710,17186710,2959
149992,532,568,1118,0,0,11200,0,0,0,17187714,17187714,2959
150008,532,605,1118,0,0,11200,0,0,0,17188797,17188797,2959
150024,532,650,1118,0,0,11200,0,0,0,17189884,17189884,2959
150040,532,689,1118,0,0,11200,0,0,0,17190755,17190755,2959
150055,532,715,1118,0,0,11200,0,0,0,17191703,17191703,2959
150072,532,745,1118,0,0,11200,0,0,0,17192605,17192605,2959
150087,532,780,1118,0,0,11200,0,0,0,17193515,17193515,2959
150102,532,836,1118,0,0,11200,0,0,0,17194406,17194406,2959
150117,532,881,1118,0,0,11200,0,0,0,17195319,17195319,2959
150132,532,918,1118,0,0,11200,0,0,0,17196335,17196335,2959
150148,532,961,1118,0,0,11200,0,0,0,17197324,17197324,2959
150164,532,997,1118,0,0,11200,0,0,0,17198350,17198350,2959
150179,532,1014,1118,0,0,11200,0,0,0,17198937,17198937,2959
150194,532,1050,1118,0,0,11200,0,0,0,17199957,17199957,2959
150211,533,1101,1118,0,0,11200,0,0,0,17201021,17201021,2959
150226,533,21,1118,0,0,11200,0,0,0,17202131,17202131,2959
150242,533,60,1118,0,0,11200,0,0,0,17203329,17203329,2959
150257,533,109,1118,0,0,11200,0,0,0,17204432,17204432,2959
150273,533,133,1118,0,0,11200,0,0,0,17205675,17205675,2959
150288,533,161,1118,0,0,11200,0,0,0,17206796,17206796,2959
150304,533,195,1118,0,0,11200,0,0,0,17207934,17207934,2959
150319,533,216,1118,0,0,11200,0,0,0,17209098,17209098,2959
150335,533,245,1118,0,0,11200,0,0,0,17210089,17210089,2959
150351,533,267,1118,0,0,11200,0,0,0,17211228,17211228,2959
150366,533,287,1118,0,0,11200,0,0,0,17212203,17212203,2959
150381,533,308,1118,0,0,11200,0,0,0,17213213,17213213,2959
150396,533,342,1118,0,0,11200,0,0,0,17214225,17214225,2959
150412,533,372,1118,0,0,11200,0,0,0,17215196,17215196,2959
150427,533,416,1118,0,0,11200,0,0,0,17216230,17216230,2959
150443,533,443,1118,0,0,11200,0,0,0,17217243,17217243,2959
150458,533,501,1118,0,0,11200,0,0,0,17218317,17218317,2959
150473,533,529,1118,0,0,11200,0,0,0,17219382,17219382,2959
150489,533,581,1118,0,0,11200,0,0,0,17220444,17220444,2959
150504,533,613,1118,0,0,11200,0,0,0,17221459,17221459,2959
150519,533,651,1118,0,0,11200,0,0,0,17222407,17222407,2959
150535,533,680,1118,0,0,11200,0,0,0,17223262,17223262,2959
150550,533,700,1118,0,0,11200,0,0,0,17224079,17224079,2959
150566,533,730,1118,0,0,11200,0,0,0,17225066,17225066,2959
150582,533,780,1118,0,0,11200,0,0,0,17226015,17226015,2959
150597,533,829,1118,0,0,11200,0,0,0,17226869,17226869,2959
150613,533,860,1118,0,0,11200,0,0,0,17227723,17227723,2959
150629,533,890,1118,0,0,11200,0,0,0,17228804,17228804,2959
150646,533,920,1118,0,0,11200,0,0,0,17229835,17229835,2959
150662,533,971,1118,0,0,11200,0,0,0,17230839,17230839,2959
150677,533,1010,1118,0,0,11200,0,0,0,17231801,17231801,2959
150693,533,1042,1118,0,0,11200,0,0,0,17232719,17232719,2959
150709,533,1084,1118,0,0,11200,0,0,0,17233768,17233768,2959
150724,534,15,1118,0,0,11200,0,0,0,17234919,17234919,2959
150740,534,43,1118,0,0,11200,0,0,0,17235975,17235975,2959
150755,534,104,1118,0,0,11200,0,0,0,17237189,17237189,2959
150770,534,123,1118,0,0,11200,0,0,0,17238259,17238259,2959
150785,534,147,1118,0,0,11200,0,0,0,17239374,17239374,2959
150801,534,178,1118,0,0,11200,0,0,0,17240597,17240597,2959
150816,534,212,1118,0,0,11200,0,0,0,17241657,17241657,2959
150832,534,243,1118,0,0,11200,0,0,0,17242708,17242708,2959
150848,534,264,1118,0,0,11200,0,0,0,17243904,17243904,2959
150864,534,284,1118,0,0,11200,0,0,0,17244921,17244921,2959
150879,534,305,1118,0,0,11200,0,0,0,17245878,17245878,2959
150895,534,341,1118,0,0,11200,0,0,0,17246961,17246961,2959
150911,534,371,1118,0,0,11200,0,0,0,17248033,17248033,2959
150927,534,406,1118,0,0,11200,0,0,0,17249063,17249063,2959
150942,534,460,1118,0,0,11200,0,0,0,17250159,17250159,2959
150958,534,504,1118,0,0,11200,0,0,0,17251137,17251137,2959
150973,534,532,1118,0,0,11200,0,0,0,17252306,17252306,2959
150989,534,575,1118,0,0,11200,0,0,0,17253363,17253363,2959
151005,534,615,1118,0,0,11200,0,0,0,17254445,17254445,2959
151020,534,667,1118,0,0,11200,0,0,0,17255447,17255447,2959
151035,534,699,1118,0,0,11200,0,0,0,17256280,17256280,2959
151050,534,719,1118,0,0,11200,0,0,0,17257208,17257208,2959
151066,534,753,1118,0,0,11200,0,0,0,17258136,17258136,2959
151082,534,791,1118,0,0,11200,0,0,0,17259191,17259191,2959
151098,534,845,1118,0,0,11200,0,0,0,17260130,17260130,2959
151113,534,881,1118,0,0,11200,0,0,0,17261101,17261101,2959
151129,534,917,1118,0,0,11200,0,0,0,17262106,17262106,2959
151144,534,950,1118,0,0,11200,0,0,0,17262845,17262845,2959
151159,534,992,1118,0,0,11200,0,0,0,17263814,17263814,2959
151176,534,1013,1118,0,0,11200,0,0,0,17264518,17264518,2959
151191,534,1051,1118,0,0,11200,0,0,0,17265584,17265584,2959
151207,534,1080,1118,0,0,11200,0,0,0,17266430,17266430,2959
151222,535,5,1118,0,0,11200,0,0,0,17267511,17267511,2959
151237,535,27,1118,0,0,11200,0,0,0,17268587,17268587,2959
151252,535,91,1118,0,0,11200,0,0,0,17269758,17269758,2959
151268,535,123,1118,0,0,11200,0,0,0,17271040,17271040,2959
151284,535,141,1118,0,0,11200,0,0,0,17272092,17272092,2959
151299,535,172,1118,0,0,11200,0,0,0,17273293,17273293,2959
151315,535,205,1118,0,0,11200,0,0,0,17274406,17274406,2959
151330,535,236,1118,0,0,11200,0,0,0,17275527,17275527,2959
151346,535,264,1118,0,0,11200,0,0,0,17276684,17276684,2959
151362,535,295,1118,0,0,11200,0,0,0,17277737,17277737,2959
151378,535,323,1118,0,0,11200,0,0,0,17278841,17278841,2959
151393,535,348,1118,0,0,11200,0,0,0,17279855,17279855,2959
151409,535,396,1118,0,0,11200,0,0,0,17280917,17280917,2959
151424,535,433,1118,0,0,11200,0,0,0,17282018,17282018,2959
151439,535,475,1118,0,0,11200,0,0,0,17282996,17282996,2959
151455,535,523,1118,0,0,11200,0,0,0,17284087,17284087,2959
151471,535,561,1118,0,0,11200,0,0,0,17285104,17285104,2959
151487,535,598,1118,0,0,11200,0,0,0,17286157,17286157,2959
151502,535,637,1118,0,0,11200,0,0,0,17287083,17287083,2959
151517,535,663,1118,0,0,11200,0,0,0,17288038,17288038,2959
151532,535,683,1118,0,0,11200,0,0,0,17288885,17288885,2959
151548,535,710,1118,0,0,11200,0,0,0,17289727,17289727,2959
151565,535,732,1118,0,0,11200,0,0,0,17290729,17290729,2959
151581,535,768,1118,0,0,11200,0,0,0,17291714,17291714,2959
151596,535,813,1118,0,0,11200,0,0,0,17292515,17292515,2959
151613,535,855,1118,0,0,11200,0,0,0,17293418,17293418,2959
151628,535,900,1118,0,0,11200,0,0,0,17294532,17294532,2959
151644,535,923,1118,0,0,11200,0,0,0,17295327,17295327,2959
151659,535,954,1118,0,0,11200,0,0,0,17296332,17296332,2959
151674,535,986,1118,0,0,11200,0,0,0,17297238,17297238,2959
151703,535,1013,1118,0,0,11200,0,0,0,17298147,17298147,2959
151719,535,1048,1118,0,0,11200,0,0,0,17299261,17299261,2959
151734,536,1104,1118,0,0,11200,0,0,0,17300226,17300226,2959
151750,536,19,1118,0,0,11200,0,0,0,17301333,17301333,2959
151765,536,67,1118,0,0,11200,0,0,0,17302430,17302430,2959
151781,536,116,1118,0,0,11200,0,0,0,17303636,17303636,2959
151796,536,141,1118,0,0,11200,0,0,0,17304748,17304748,2959
151812,536,174,1118,0,0,11200,0,0,0,17305936,17305936,2959
151829,536,204,1118,0,0,11200,0,0,0,17307048,17307048,2959
151844,536,225,1118,0,0,11200,0,0,0,17307999,17307999,2959
151859,536,246,1118,0,0,11200,0,0,0,17309004,17309004,2959
151874,536,269,1118,0,0,11200,0,0,0,17310193,17310193,2959
151890,536,288,1118,0,0,11200,0,0,0,17311287,17311287,2959
151905,536,315,1118,0,0,11200,0,0,0,17312271,17312271,2959
151921,536,348,1118,0,0,11200,0,0,0,17313329,17313329,2959
151936,536,388,1118,0,0,11200,0,0,0,17314389,17314389,2959
151952,536,407,1118,0,0,11200,0,0,0,17315352,17315352,2959
151967,536,446,1118,0,0,11200,0,0,0,17316461,17316461,2959
151982,536,509,1118,0,0,11200,0,0,0,17317460,17317460,2959
151997,536,548,1118,0,0,11200,0,0,0,17318557,17318557,2959
152013,536,579,1118,0,0,11200,0,0,0,17319631,17319631,2959
152028,536,609,1118,0,0,11200,0,0,0,17320540,17320540,2959
152044,536,654,1118,0,0,11200,0,0,0,17321563,17321563,2959
152060,536,690,1118,0,0,11200,0,0,0,17322474,17322474,2959
152076,536,710,1118,0,0,11200,0,0,0,17323411,17323411,2959
152091,536,727,1118,0,0,11200,0,0,0,17324310,17324310,2959
152106,536,764,1118,0,0,11200,0,0,0,17325201,17325201,2959
152123,536,796,1118,0,0,11200,0,0,0,17326175,17326175,2959
152141,536,832,1118,0,0,11200,0,0,0,17327105,17327105,2959
152158,536,880,1118,0,0,11200,0,0,0,17328129,17328129,2959
152175,536,920,1118,0,0,11200,0,0,0,17329167,17329167,2959
152191,536,967,1118,0,0,11200,0,0,0,17330183,17330183,2959
152206,536,1002,1118,0,0,11200,0,0,0,17331232,17331232,2959
152221,536,1021,1118,0,0,11200,0,0,0,17331748,17331748,2959
152237,536,1061,1118,0,0,11200,0,0,0,17332857,17332857,2959
152254,537,1112,1118,0,0,11200,0,0,0,17333891,17333891,2959
152270,537,18,1118,0,0,11200,0,0,0,17335116,17335116,2959
152286,537,67,1118,0,0,11200,0,0,0,17336296,17336296,2959
152301,537,116,1118,0,0,11200,0,0,0,17337479,17337479,2959
152316,537,138,1118,0,0,11200,0,0,0,17338596,17338596,2959
152331,537,171,1118,0,0,11200,0,0,0,17339849,17339849,2959
152347,537,205,1118,0,0,11200,0,0,0,17340894,17340894,2959
152363,537,234,1118,0,0,11200,0,0,0,17342022,17342022,2959
152379,537,256,1118,0,0,11200,0,0,0,17343209,17343209,2959
152395,537,284,1118,0,0,11200,0,0,0,17344228,17344228,2959
152411,537,305,1118,0,0,11200,0,0,0,17345259,17345259,2959
152426,537,339,1118,0,0,11200,0,0,0,17346377,17346377,2959
152442,537,371,1118,0,0,11200,0,0,0,17347423,17347423,2959
152459,537,406,1118,0,0,11200,0,0,0,17348493,17348493,2959
152476,537,451,1118,0,0,11200,0,0,0,17349630,17349630,2959
152491,537,504,1118,0,0,11200,0,0,0,17350664,17350664,2959
152506,537,543,1118,0,0,11200,0,0,0,17351720,17351720,2959
152521,537,575,1118,0,0,11200,0,0,0,17352730,17352730,2959
152538,537,611,1118,0,0,11200,0,0,0,17353897,17353897,2959
152553,537,642,1118,0,0,11200,0,0,0,17354858,17354858,2959
152569,537,671,1118,0,0,11200,0,0,0,17355688,17355688,2959
152585,537,701,1118,0,0,11200,0,0,0,17356533,17356533,2959
152600,537,727,1118,0,0,11200,0,0,0,17357546,17357546,2959
152616,537,764,1118,0,0,11200,0,0,0,17358525,17358525,2959
152632,537,814,1118,0,0,11200,0,0,0,17359433,17359433,2959
152647,537,851,1118,0,0,11200,0,0,0,17360291,17360291,2959
152662,537,890,1118,0,0,11200,0,0,0,17361325,17361325,2959
152679,537,920,1118,0,0,11200,0,0,0,17362100,17362100,2959
152694,537,961,1118,0,0,11200,0,0,0,17362994,17362994,2959
152709,537,989,1118,0,0,11200,0,0,0,17363953,17363953,2959
152734,537,1013,1118,0,0,11200,0,0,0,17364487,17364487,2959
152750,537,1045,1118,0,0,11200,0,0,0,17365558,17365558,2959
152765,537,1080,1118,0,0,11200,0,0,0,17366409,17366409,2959
152780,538,7,1118,0,0,11200,0,0,0,17367447,17367447,2959
152795,538,32,1118,0,0,11200,0,0,0,17368520,17368520,2959
152811,538,107,1118,0,0,11200,0,0,0,17369747,17369747,2959
152827,538,136,1118,0,0,11200,0,0,0,17370911,17370911,2959
152842,538,168,1118,0,0,11200,0,0,0,17372076,17372076,2959
152858,538,203,1118,0,0,11200,0,0,0,17373276,17373276,2959
152874,538,226,1118,0,0,11200,0,0,0,17374367,17374367,2959
152889,538,249,1118,0,0,11200,0,0,0,17375464,17375464,2959
152904,538,268,1118,0,0,11200,0,0,0,17376620,17376620,2959
152920,538,289,1118,0,0,11200,0,0,0,17377661,17377661,2959
152936,538,312,1118,0,0,11200,0,0,0,17378655,17378655,2959
152952,538,341,1118,0,0,11200,0,0,0,17379722,17379722,2959
152967,538,376,1118,0,0,11200,0,0,0,17380779,17380779,2959
152983,538,423,1118,0,0,11200,0,0,0,17381864,17381864,2959
152999,538,457,1118,0,0,11200,0,0,0,17382872,17382872,2959
153015,538,503,1118,0,0,11200,0,0,0,17383969,17383969,2959
153031,538,541,1118,0,0,11200,0,0,0,17385085,17385085,2959
153047,538,578,1118,0,0,11200,0,0,0,17386136,17386136,2959
153062,538,612,1118,0,0,11200,0,0,0,17387129,17387129,2959
153077,538,646,1118,0,0,11200,0,0,0,17388046,17388046,2959
153093,538,674,1118,0,0,11200,0,0,0,17388953,17388953,2959
153108,538,710,1118,0,0,11200,0,0,0,17389842,17389842,2959
153123,538,739,1118,0,0,11200,0,0,0,17390893,17390893,2959
153139,538,772,1118,0,0,11200,0,0,0,17391989,17391989,2959
153154,538,845,1118,0,0,11200,0,0,0,17392846,17392846,2959
153171,538,889,1118,0,0,11200,0,0,0,17393941,17393941,2959
153187,538,920,1119,1,0,11200,0,0,0,17394684,17394684,2959
153202,538,962,1120,2,0,11200,0,0,0,17395750,17395750,2959
153218,538,1002,1120,2,0,11200,0,0,0,17396691,17396691,2959
153236,538,1013,1120,2,0,11200,0,0,0,17397207,17397207,2959
153252,538,1050,1120,2,0,11200,0,0,0,17398340,17398340,2959
153267,539,1103,1120,2,0,11200,0,0,0,17399323,17399323,2959
153282,539,14,1120,2,0,11200,0,0,0,17400434,17400434,2959
153297,539,43,1120,2,0,11200,0,0,0,17401552,17401552,2959
153313,539,109,1120,2,0,11200,0,0,0,17402726,17402726,2959
153328,539,135,1120,2,0,11200,0,0,0,17403870,17403870,2959
153344,539,166,1120,2,0,11200,0,0,0,17405147,17405147,2959
153359,539,200,1120,2,0,11200,0,0,0,17406124,17406124,2959
153374,539,223,1120,2,0,11200,0,0,0,17407177,17407177,2959
153389,539,245,1120,2,0,11200,0,0,0,17408160,17408160,2959
153405,539,270,1120,2,0,11200,0,0,0,17409300,17409300,2959
153420,539,289,1120,2,0,11200,0,0,0,17410341,17410341,2959
153436,539,316,1120,2,0,11200,0,0,0,17411394,17411394,2959
153451,539,342,1120,2,0,11200,0,0,0,17412439,17412439,2959
153467,539,388,1120,2,0,11200,0,0,0,17413439,17413439,2959
153483,539,417,1120,2,0,11200,0,0,0,17414497,17414497,2959
153499,539,456,1120,2,0,11200,0,0,0,17415612,17415612,2959
153514,539,513,1120,2,0,11200,0,0,0,17416613,17416613,2959
153529,539,546,1120,2,0,11200,0,0,0,17417581,17417581,2959
153544,539,575,1120,2,0,11200,0,0,0,17418703,17418703,2959
153561,539,613,1120,2,0,11200,0,0,0,17419807,17419807,2959
153578,539,650,1120,2,0,11200,0,0,0,17420895,17420895,2959
153594,539,681,1120,2,0,11200,0,0,0,17421891,17421891,2959
153610,539,709,1120,2,0,11200,0,0,0,17422825,17422825,2959
153626,539,736,1120,2,0,11200,0,0,0,17423812,17423812,2959
153641,539,795,1120,2,0,11200,0,0,0,17424794,17424794,2959
153656,539,836,1120,2,0,11200,0,0,0,17425709,17425709,2959
153672,539,878,1120,2,0,11200,0,0,0,17426648,17426648,2959
153687,539,917,1120,2,0,11200,0,0,0,17427656,17427656,2959
153703,539,941,1120,2,0,11200,0,0,0,17428448,17428448,2959
153719,539,984,1120,2,0,11200,0,0,0,17429457,17429457,2959
153740,539,1013,1120,2,0,11200,0,0,0,17430346,17430346,2959
153755,539,1047,1120,2,0,11200,0,0,0,17431420,17431420,2959
153771,540,1089,1120,2,0,11200,0,0,0,17432374,17432374,2959
153786,540,11,1120,2,0,11200,0,0,0,17433503,17433503,2959
153803,540,43,1120,2,0,11200,0,0,0,17434606,17434606,2959
153818,540,109,1120,2,0,11200,0,0,0,17435733,17435733,2959
153833,540,148,1120,2,0,11200,0,0,0,17437494,17437494,2959
153848,540,209,1120,2,0,11200,0,0,0,17439749,17439749,2959
153863,540,258,1120,2,0,11200,0,0,0,17441859,17441859,2959
153878,540,303,1120,2,0,11200,0,0,0,17443826,17443826,2959
153894,540,362,1120,2,0,11200,0,0,0,17445939,17445939,2959
153909,540,430,1120,2,0,11200,0,0,0,17448100,17448100,2959
153925,540,516,1120,2,0,11200,0,0,0,17450311,17450311,2959
153940,540,578,1120,2,0,11200,0,0,0,17452312,17452312,2959
153955,540,650,1120,2,0,11200,0,0,0,17454479,17454479,2959
153971,540,693,1120,2,0,11200,0,0,0,17455795,17455795,2959
153987,540,761,1120,2,0,11200,0,0,0,17457828,17457828,2959
154002,540,838,1120,2,0,11200,0,0,0,17459680,17459680,2959
154018,540,908,1120,2,0,11200,0,0,0,17461592,17461592,2959
154033,540,974,1120,2,0,11200,0,0,0,17463276,17463276,2959
154053,540,1013,1120,2,0,11200,0,0,0,17464399,17464399,2959
154068,540,1084,1120,2,0,11200,0,0,0,17466057,17466057,2959
154083,541,42,1120,1,0,11200,0,0,0,17468244,17468244,2959
154099,541,134,1120,1,0,11200,0,0,0,17470549,17470549,2959
154114,541,200,1120,1,0,11200,0,0,0,17472881,17472881,2959
154129,541,246,1120,1,0,11200,0,0,0,17474884,17474884,2959
154144,541,297,1120,1,0,11200,0,0,0,17477114,17477114,2959
154159,541,353,1120,1,0,11200,0,0,0,17479081,17479081,2959
154175,541,431,1120,1,0,11200,0,0,0,17481216,17481216,2959
154190,541,520,1120,1,0,11200,0,0,0,17483472,17483472,2959
154205,541,586,1120,1,0,11200,0,0,0,17485539,17485539,2959
154221,541,650,1120,1,0,11200,0,0,0,17487299,17487299,2959
154236,541,692,1120,1,0,11200,0,0,0,17488744,17488744,2959
154251,541,753,1120,1,0,11200,0,0,0,17490740,17490740,2959
154267,541,838,1120,1,0,11200,0,0,0,17492606,17492606,2959
154282,541,919,1120,1,0,11200,0,0,0,17494568,17494568,2959
154297,541,941,1120,1,0,11200,0,0,0,17495032,17495032,2959
154317,541,1013,1120,1,0,11200,0,0,0,17496999,17496999,2959
154333,541,1067,1120,1,0,11200,0,0,0,17498666,17498666,2959
154348,542,25,1120,1,0,11200,0,0,0,17500946,17500946,2959
154364,542,132,1120,1,0,11200,0,0,0,17503627,17503627,2959
154380,542,199,1120,1,0,11200,0,0,0,17506032,17506032,2959
154396,542,250,1120,1,0,11200,0,0,0,17508156,17508156,2959
154411,542,289,1120,1,0,11200,0,0,0,17510380,17510380,2959
154426,542,363,1120,1,0,11200,0,0,0,17512510,17512510,2959
154442,542,434,1120,1,0,11200,0,0,0,17514710,17514710,2959
154457,542,535,1120,1,0,11200,0,0,0,17517003,17517003,2959
154473,542,605,1120,1,0,11200,0,0,0,17519095,17519095,2959
154488,542,663,1120,1,0,11200,0,0,0,17520710,17520710,2959
154503,542,723,1120,1,0,11200,0,0,0,17522522,17522522,2959
154518,542,791,1120,1,0,11200,0,0,0,17524121,17524121,2959
154534,542,890,1120,1,0,11200,0,0,0,17525923,17525923,2959
154549,542,951,1120,1,0,11200,0,0,0,17527490,17527490,2959
154568,542,1013,1120,1,0,11200,0,0,0,17529113,17529113,2959
154583,542,1071,1120,1,0,11200,0,0,0,17531079,17531079,2959
154599,543,27,1120,1,0,11200,0,0,0,17533200,17533200,2959
154614,543,129,1120,1,0,11200,0,0,0,17535680,17535680,2959
154629,543,172,1120,1,0,11200,0,0,0,17537989,17537989,2959
154645,543,237,1120,1,0,11200,0,0,0,17540279,17540279,2959
154660,543,280,1120,1,0,11200,0,0,0,17542294,17542294,2959
154676,543,334,1120,1,0,11200,0,0,0,17544368,17544368,2959
154691,543,399,1120,1,0,11200,0,0,0,17546339,17546339,2959
154706,543,483,1120,1,0,11200,0,0,0,17548544,17548544,2959
154722,543,568,1120,1,0,11200,0,0,0,17550785,17550785,2959
154737,543,644,1120,1,0,11200,0,0,0,17552751,17552751,2959
154753,543,685,1120,1,0,11200,0,0,0,17554141,17554141,2959
154769,543,753,1120,1,0,11200,0,0,0,17556072,17556072,2959
154784,543,838,1120,1,0,11200,0,0,0,17557713,17557713,2959
154799,543,901,1120,1,0,11200,0,0,0,17559520,17559520,2959
154814,543,969,1120,1,0,11200,0,0,0,17561140,17561140,2959
154836,543,1013,1120,1,0,11200,0,0,0,17562366,17562366,2959
154851,543,1080,1120,1,0,11200,0,0,0,17564219,17564219,2959
154867,544,27,1120,1,0,11200,0,0,0,17566357,17566357,2959
154882,544,133,1120,1,0,11200,0,0,0,17568784,17568784,2959
154898,544,191,1120,1,0,11200,0,0,0,17571033,17571033,2959
154913,544,235,1120,1,0,11200,0,0,0,17573072,17573072,2959
154929,544,285,1120,1,0,11200,0,0,0,17575324,17575324,2959
154944,544,339,1120,1,0,11200,0,0,0,17577405,17577405,2959
154959,544,406,1120,1,0,11200,0,0,0,17579437,17579437,2959
154974,544,504,1120,1,0,11200,0,0,0,17581699,17581699,2959
154989,544,594,1120,1,0,11200,0,0,0,17583921,17583921,2959
155005,544,663,1120,1,0,11200,0,0,0,17585785,17585785,2959
155020,544,716,1120,1,0,11200,0,0,0,17587487,17587487,2959
155035,544,769,1120,1,0,11200,0,0,0,17589117,17589117,2959
155050,544,878,1120,1,0,11200,0,0,0,17591012,17591012,2959
155066,544,945,1120,1,0,11200,0,0,0,17592955,17592955,2959
155083,544,1013,1120,1,0,11200,0,0,0,17594749,17594749,2959
155098,545,1100,1120,1,0,11200,0,0,0,17596760,17596760,2959
155113,545,47,1120,1,0,11200,0,0,0,17598949,17598949,2959
155128,545,136,1120,1,0,11200,0,0,0,17601452,17601452,2959
155144,545,195,1120,1,0,11200,0,0,0,17603841,17603841,2959
155159,545,246,1120,1,0,11200,0,0,0,17605828,17605828,2959
155174,545,291,1120,1,0,11200,0,0,0,17608034,17608034,2959
155189,545,342,1120,1,0,11200,0,0,0,17610167,17610167,2959
155204,545,402,1120,1,0,11200,0,0,0,17612285,17612285,2959
155220,545,501,1120,1,0,11200,0,0,0,17614401,17614401,2959
155235,545,560,1120,1,0,11200,0,0,0,17616475,17616475,2959
155250,545,632,1120,1,0,11200,0,0,0,17618474,17618474,2959
155265,545,679,1120,1,0,11200,0,0,0,17620102,17620102,2959
155280,545,739,1120,1,0,11200,0,0,0,17621868,17621868,2959
155296,545,830,1120,1,0,11200,0,0,0,17623694,17623694,2959
155311,545,901,1120,1,0,11200,0,0,0,17625460,17625460,2959
155327,545,957,1120,1,0,11200,0,0,0,17627249,17627249,2959
155344,545,1013,1120,1,0,11200,0,0,0,17628632,17628632,2959
155359,545,1073,1120,1,0,11200,0,0,0,17630529,17630529,2959
155374,546,22,1120,1,0,11200,0,0,0,17632533,17632533,2959
155390,546,129,1120,1,0,11200,0,0,0,17634991,17634991,2959
155405,546,181,1120,1,0,11200,0,0,0,17637297,17637297,2959
155420,546,239,1120,1,0,11200,0,0,0,17639492,17639492,2959
155436,546,287,1120,1,0,11200,0,0,0,17641835,17641835,2959
155451,546,344,1120,1,0,11200,0,0,0,17643914,17643914,2959
155467,546,404,1120,1,0,11200,0,0,0,17645949,17645949,2959
155482,546,501,1120,1,0,11200,0,0,0,17648264,17648264,2959
155497,546,570,1120,1,0,11200,0,0,0,17650362,17650362,2959
155513,546,616,1120,1,0,11200,0,0,0,17652357,17652357,2959
155529,546,681,1120,1,0,11200,0,0,0,17654151,17654151,2959
155544,546,720,1120,1,0,11200,0,0,0,17655863,17655863,2959
155559,546,814,1120,1,0,11200,0,0,0,17657791,17657791,2959
155574,546,883,1120,1,0,11200,0,0,0,17659625,17659625,2959
155589,546,935,1120,1,0,11200,0,0,0,17661143,17661143,2959
155605,546,1002,1120,1,0,11200,0,0,0,17663275,17663275,2959
155620,546,1064,1120,1,0,11200,0,0,0,17664995,17664995,2959
155636,547,26,1120,1,0,11200,0,0,0,17667222,17667222,2959
155651,547,129,1120,1,0,11200,0,0,0,17669583,17669583,2959
155667,547,191,1120,1,0,11200,0,0,0,17671968,17671968,2959
155682,547,238,1120,1,0,11200,0,0,0,17673991,17673991,2959
155697,547,282,1120,1,0,11200,0,0,0,17676210,17676210,2959
155713,547,344,1120,1,0,11200,0,0,0,17678498,17678498,2959
155728,547,411,1120,1,0,11200,0,0,0,17680487,17680487,2959
155743,547,487,1120,1,0,11200,0,0,0,17682515,17682515,2959
155758,547,548,1120,1,0,11200,0,0,0,17684503,17684503,2959
155774,547,617,1120,1,0,11200,0,0,0,17686619,17686619,2959
155790,547,674,1120,1,0,11200,0,0,0,17688183,17688183,2959
155805,547,710,1120,1,0,11200,0,0,0,17689379,17689379,2959
155821,547,771,1120,1,0,11200,0,0,0,17691271,17691271,2959
155836,547,878,1120,1,0,11200,0,0,0,17693136,17693136,2959
155851,547,951,1120,1,0,11200,0,0,0,17695064,17695064,2959
155872,547,1013,1120,1,0,11200,0,0,0,17696523,17696523,2959
155887,547,1071,1120,1,0,11200,0,0,0,17698334,17698334,2959
155903,548,27,1120,1,0,11200,0,0,0,17700563,17700563,2959
155918,548,129,1120,1,0,11200,0,0,0,17702893,17702893,2959
155934,548,181,1120,1,0,11200,0,0,0,17705194,17705194,2959
155949,548,239,1120,1,0,11200,0,0,0,17707442,17707442,2959
155964,548,287,1120,1,0,11200,0,0,0,17709831,17709831,2959
155979,548,339,1120,1,0,11200,0,0,0,17711785,17711785,2959
155995,548,396,1120,1,0,11200,0,0,0,17713561,17713561,2959
156010,548,475,1120,1,0,11200,0,0,0,17715712,17715712,2959
156025,548,546,1120,1,0,11200,0,0,0,17717871,17717871,2959
156042,548,633,1120,1,0,11200,0,0,0,17720017,17720017,2959
156058,548,690,1120,1,0,11200,0,0,0,17721809,17721809,2959
156073,548,732,1120,1,0,11200,0,0,0,17723646,17723646,2959
156088,548,828,1120,1,0,11200,0,0,0,17725342,17725342,2959
156104,548,906,1120,1,0,11200,0,0,0,17727347,17727347,2959
156119,548,978,1120,1,0,11200,0,0,0,17729200,17729200,2959
156134,548,1028,1120,1,0,11200,0,0,0,17730657,17730657,2959
156149,548,1086,1120,1,0,11200,0,0,0,17732590,17732590,2959
156164,549,31,1120,1,0,11200,0,0,0,17734716,17734716,2959
156180,549,127,1120,1,0,11200,0,0,0,17737283,17737283,2959
156195,549,172,1120,1,0,11200,0,0,0,17739459,17739459,2959
156210,549,229,1120,1,0,11200,0,0,0,17741595,17741595,2959
156226,549,276,1120,1,0,11200,0,0,0,17743844,17743844,2959
156241,549,320,1120,1,0,11200,0,0,0,17745928,17745928,2959
156256,549,372,1120,1,0,11200,0,0,0,17747914,17747914,2959
156271,549,443,1120,1,0,11200,0,0,0,17750023,17750023,2959
156286,549,529,1120,1,0,11200,0,0,0,17752053,17752053,2959
156301,549,614,1120,1,0,11200,0,0,0,17754234,17754234,2959
156317,549,679,1120,1,0,11200,0,0,0,17755815,17755815,2959
156333,549,712,1120,1,0,11200,0,0,0,17757110,17757110,2959
156349,549,772,1120,1,0,11200,0,0,0,17758866,17758866,2959
156364,549,874,1120,1,0,11200,0,0,0,17760329,17760329,2959
156379,549,936,1120,1,0,11200,0,0,0,17762262,17762262,2959
156396,549,1011,1120,1,0,11200,0,0,0,17764366,17764366,2959
156411,549,1061,1120,1,0,11200,0,0,0,17765478,17765478,2959
156426,550,21,1120,1,0,11200,0,0,0,17767635,17767635,2959
156442,550,124,1120,1,0,11200,0,0,0,17769871,17769871,2959
156457,550,201,1120,1,0,11200,0,0,0,17772149,17772149,2959
156472,550,256,1120,1,0,11200,0,0,0,17774359,17774359,2959
156487,550,298,1120,1,0,11200,0,0,0,17776515,17776515,2959
156503,550,351,1120,1,0,11200,0,0,0,17778493,17778493,2959
156518,550,433,1120,1,0,11200,0,0,0,17780657,17780657,2959
156533,550,517,1120,1,0,11200,0,0,0,17782768,17782768,2959
156549,550,583,1120,1,0,11200,0,0,0,17785044,17785044,2959
156565,550,650,1120,1,0,11200,0,0,0,17786716,17786716,2959
156581,550,690,1120,1,0,11200,0,0,0,17788386,17788386,2959
156596,550,727,1120,1,0,11200,0,0,0,17789973,17789973,2959
156611,550,795,1120,1,0,11200,0,0,0,17791685,17791685,2959
156627,550,889,1120,1,0,11200,0,0,0,17793803,17793803,2959
156642,550,966,1120,1,0,11200,0,0,0,17795744,17795744,2959
156659,550,1013,1120,1,0,11200,0,0,0,17797169,17797169,2959
156674,551,1104,1120,1,0,11200,0,0,0,17799389,17799389,2959
156690,551,47,1120,1,0,11200,0,0,0,17801561,17801561,2959
156705,551,146,1120,1,0,11200,0,0,0,17803910,17803910,2959
156720,551,210,1120,1,0,11200,0,0,0,17806306,17806306,2959
156736,551,259,1120,1,0,11200,0,0,0,17808678,17808678,2959
156752,551,298,1120,1,0,11200,0,0,0,17810623,17810623,2959
156767,551,350,1120,1,0,11200,0,0,0,17812671,17812671,2959
156782,551,433,1120,1,0,11200,0,0,0,17814934,17814934,2959
156798,551,526,1120,1,0,11200,0,0,0,17817164,17817164,2959
156813,551,609,1120,1,0,11200,0,0,0,17819422,17819422,2959
156829,551,650,1120,1,0,11200,0,0,0,17820507,17820507,2959
156844,551,700,1120,1,0,11200,0,0,0,17821883,17821883,2959
156859,551,753,1120,1,0,11200,0,0,0,17823585,17823585,2959
156875,551,838,1120,1,0,11200,0,0,0,17825415,17825415,2959
156897,551,920,1120,1,0,11200,0,0,0,17827590,17827590,2959
156912,551,990,1120,1,0,11200,0,0,0,17829595,17829595,2959
156933,551,1013,1120,1,0,11200,0,0,0,17830290,17830290,2959
156949,551,1086,1120,1,0,11200,0,0,0,17832225,17832225,2959
156964,552,75,1120,1,0,11200,0,0,0,17834792,17834792,2959
156979,552,158,1120,1,0,11200,0,0,0,17837460,17837460,2959
156995,552,223,1120,1,0,11200,0,0,0,17839723,17839723,2959
157010,552,272,1120,1,0,11200,0,0,0,17841912,17841912,2959
157025,552,314,1120,1,0,11200,0,0,0,17843835,17843835,2959
157040,552,389,1120,1,0,11200,0,0,0,17845857,17845857,2959
157055,552,457,1120,1,0,11200,0,0,0,17847894,17847894,2959
157071,552,536,1120,1,0,11200,0,0,0,17850116,17850116,2959
157086,552,609,1120,1,0,11200,0,0,0,17852077,17852077,2959
157102,552,666,1120,1,0,11200,0,0,0,17853660,17853660,2959
157117,552,703,1120,1,0,11200,0,0,0,17855011,17855011,2959
157132,552,764,1120,1,0,11200,0,0,0,17856815,17856815,2959
157147,552,829,1120,1,0,11200,0,0,0,17858162,17858162,2959
157162,552,911,1120,1,0,11200,0,0,0,17859883,17859883,2959
157177,552,983,1120,1,0,11200,0,0,0,17861597,17861597,2959
157193,552,1042,1120,1,0,11200,0,0,0,17863283,17863283,2959
157208,553,12,1120,1,0,11200,0,0,0,17865229,17865229,2959
157223,553,101,1120,1,0,11200,0,0,0,17867644,17867644,2959
157239,553,150,1120,1,0,11200,0,0,0,17870040,17870040,2959
157254,553,216,1120,1,0,11200,0,0,0,17872422,17872422,2959
157269,553,264,1120,1,0,11200,0,0,0,17874706,17874706,2959
157284,553,307,1120,1,0,11200,0,0,0,17876887,17876887,2959
157300,553,388,1120,1,0,11200,0,0,0,17878823,17878823,2959
157315,553,451,1120,1,0,11200,0,0,0,17880899,17880899,2959
157330,553,548,1120,1,0,11200,0,0,0,17883162,17883162,2959
157345,553,617,1120,1,0,11200,0,0,0,17885063,17885063,2959
157361,553,681,1120,1,0,11200,0,0,0,17886694,17886694,2959
157376,553,727,1120,1,0,11200,0,0,0,17888269,17888269,2959
157391,553,808,1120,1,0,11200,0,0,0,17889794,17889794,2959
157407,553,911,1120,1,0,11200,0,0,0,17891820,17891820,2959
157422,553,964,1120,1,0,11200,0,0,0,17893078,17893078,2959
157450,553,1013,1120,1,0,11200,0,0,0,17894707,17894707,2959
157465,554,1099,1120,1,0,11200,0,0,0,17896634,17896634,2959
157480,554,47,1120,1,0,11200,0,0,0,17899073,17899073,2959
157495,554,135,1120,1,0,11200,0,0,0,17901311,17901311,2959
157511,554,201,1120,1,0,11200,0,0,0,17903409,17903409,2959
157526,554,244,1120,1,0,11200,0,0,0,17905639,17905639,2959
157541,554,285,1120,1,0,11200,0,0,0,17908015,17908015,2959
157557,554,338,1120,1,0,11200,0,0,0,17910072,17910072,2959
157572,554,398,1120,1,0,11200,0,0,0,17912006,17912006,2959
157587,554,472,1120,1,0,11200,0,0,0,17914103,17914103,2959
157602,554,575,1120,1,0,11200,0,0,0,17916283,17916283,2959
157618,554,646,1120,1,0,11200,0,0,0,17918218,17918218,2959
157633,554,689,1120,1,0,11200,0,0,0,17919511,17919511,2959
157648,554,754,1120,1,0,11200,0,0,0,17921308,17921308,2959
157664,554,810,1120,1,0,11200,0,0,0,17922908,17922908,2959
157679,554,880,1120,1,0,11200,0,0,0,17924703,17924703,2959
157694,554,924,1120,1,0,11200,0,0,0,17926273,17926273,2959
157709,554,989,1120,1,0,11200,0,0,0,17928238,17928238,2959
157725,554,1013,1120,1,0,11200,0,0,0,17929087,17929087,2959
157740,554,1080,1120,1,0,11200,0,0,0,17931150,17931150,2959
157755,555,25,1120,1,0,11200,0,0,0,17933422,17933422,2959
157770,555,133,1120,1,0,11200,0,0,0,17935850,17935850,2959
157786,555,202,1120,1,0,11200,0,0,0,17938259,17938259,2959
157801,555,247,1120,1,0,11200,0,0,0,17940460,17940460,2959
157816,555,306,1120,1,0,11200,0,0,0,17942653,17942653,2959
157831,555,366,1120,1,0,11200,0,0,0,17944477,17944477,2959
157847,555,439,1120,1,0,11200,0,0,0,17946742,17946742,2959
157862,555,523,1120,1,0,11200,0,0,0,17948896,17948896,2959
157877,555,591,1120,1,0,11200,0,0,0,17951036,17951036,2959
157892,555,651,1120,1,0,11200,0,0,0,17952867,17952867,2959
157908,555,696,1120,1,0,11200,0,0,0,17954225,17954225,2959
157924,555,739,1120,1,0,11200,0,0,0,17955950,17955950,2959
157939,555,844,1120,1,0,11200,0,0,0,17957746,17957746,2959
157954,555,918,1120,1,0,11200,0,0,0,17959855,17959855,2959
157970,555,999,1120,1,0,11200,0,0,0,17961570,17961570,2959
157985,555,1042,1120,1,0,11200,0,0,0,17962844,17962844,2959
158000,556,1115,1120,1,0,11200,0,0,0,17964807,17964807,2959
158016,556,114,1120,1,0,11200,0,0,0,17967266,17967266,2959
158031,556,160,1120,1,0,11200,0,0,0,17969606,17969606,2959
158046,556,217,1120,1,0,11200,0,0,0,17971873,17971873,2959
158061,556,270,1120,1,0,11200,0,0,0,17973946,17973946,2959
158077,556,327,1120,1,0,11200,0,0,0,17976198,17976198,2959
158092,556,395,1120,1,0,11200,0,0,0,17978127,17978127,2959
158107,556,461,1120,1,0,11200,0,0,0,17980254,17980254,2959
158122,556,546,1120,1,0,11200,0,0,0,17982397,17982397,2959
158139,556,632,1120,1,0,11200,0,0,0,17984361,17984361,2959
158155,556,693,1120,1,0,11200,0,0,0,17986006,17986006,2959
158170,556,739,1120,1,0,11200,0,0,0,17987560,17987560,2959
158185,556,842,1120,1,0,11200,0,0,0,17989362,17989362,2959
158200,556,899,1120,1,0,11200,0,0,0,17991026,17991026,2959
158215,556,962,1120,1,0,11200,0,0,0,17992918,17992918,2959
158230,556,1024,1120,1,0,11200,0,0,0,17994684,17994684,2959
158246,557,1109,1120,1,0,11200,0,0,0,17996690,17996690,2959
158261,557,101,1120,1,0,11200,0,0,0,17998958,17998958,2959
158276,557,159,1120,1,0,11200,0,0,0,18001309,18001309,2959
158292,557,225,1120,1,0,11200,0,0,0,18003550,18003550,2959
158308,557,279,1120,1,0,11200,0,0,0,18005710,18005710,2959
158323,557,335,1120,1,0,11200,0,0,0,18007817,18007817,2959
158338,557,402,1120,1,0,11200,0,0,0,18009896,18009896,2959
158353,557,494,1120,1,0,11200,0,0,0,18011982,18011982,2959
158369,557,560,1120,1,0,11200,0,0,0,18014235,18014235,2959
158384,557,633,1120,1,0,11200,0,0,0,18016362,18016362,2959
158399,557,683,1120,1,0,11200,0,0,0,18017802,18017802,2959
158414,557,732,1120,1,0,11200,0,0,0,18019589,18019589,2959
158429,557,815,1120,1,0,11200,0,0,0,18021339,18021339,2959
158444,557,885,1120,1,0,11200,0,0,0,18023055,18023055,2959
158459,557,950,1120,1,0,11200,0,0,0,18024865,18024865,2959
158477,557,1013,1120,1,0,11200,0,0,0,18026492,18026492,2959
158492,557,1069,1120,1,0,11200,0,0,0,18028218,18028218,2959
158508,558,32,1120,1,0,11200,0,0,0,18030487,18030487,2959
158524,558,136,1120,1,0,11200,0,0,0,18032771,18032771,2959
158539,558,189,1120,1,0,11200,0,0,0,18035006,18035006,2959
158555,558,245,1120,1,0,11200,0,0,0,18037050,18037050,2959
158570,558,284,1120,1,0,11200,0,0,0,18039263,18039263,2959
158585,558,342,1120,1,0,11200,0,0,0,18041333,18041333,2959
158600,558,425,1120,1,0,11200,0,0,0,18043555,18043555,2959
158615,558,505,1120,1,0,11200,0,0,0,18045579,18045579,2959
158631,558,575,1120,1,0,11200,0,0,0,18047860,18047860,2959
158649,558,650,1120,1,0,11200,0,0,0,18049954,18049954,2959
158665,558,700,1120,1,0,11200,0,0,0,18051542,18051542,2959
158680,558,762,1120,1,0,11200,0,0,0,18053337,18053337,2959
158696,558,833,1120,1,0,11200,0,0,0,18055027,18055027,2959
158711,558,908,1120,1,0,11200,0,0,0,18056896,18056896,2959
158726,558,961,1120,1,0,11200,0,0,0,18058193,18058193,2959
158748,558,1013,1120,1,0,11200,0,0,0,18059693,18059693,2959
158764,558,1086,1120,1,0,11200,0,0,0,18061863,18061863,2959
158779,559,67,1120,1,0,11200,0,0,0,18064377,18064377,2959
158795,559,138,1120,1,0,11200,0,0,0,18066637,18066637,2959
158810,559,204,1120,1,0,11200,0,0,0,18068946,18068946,2959
158825,559,250,1120,1,0,11200,0,0,0,18071079,18071079,2959
158841,559,294,1120,1,0,11200,0,0,0,18073267,18073267,2959
158856,559,353,1120,1,0,11200,0,0,0,18075553,18075553,2959
158872,559,438,1120,1,0,11200,0,0,0,18077792,18077792,2959
158887,559,520,1120,1,0,11200,0,0,0,18080138,18080138,2959
158903,559,597,1120,1,0,11200,0,0,0,18082292,18082292,2959
158918,559,654,1120,1,0,11200,0,0,0,18084066,18084066,2959
158933,559,701,1120,1,0,11200,0,0,0,18085499,18085499,2959
158949,559,754,1120,1,0,11200,0,0,0,18087177,18087177,2959
158964,559,858,1120,1,0,11200,0,0,0,18089131,18089131,2959
158982,559,920,1120,1,0,11200,0,0,0,18090639,18090639,2959
158997,559,993,1120,1,0,11200,0,0,0,18092515,18092515,2959
159012,559,1040,1120,1,0,11200,0,0,0,18093897,18093897,2959
159028,560,1,1120,1,0,11200,0,0,0,18095762,18095762,2959
159043,560,71,1120,1,0,11200,0,0,0,18097815,18097815,2959
159059,560,146,1120,1,0,11200,0,0,0,18100123,18100123,2959
159074,560,207,1120,1,0,11200,0,0,0,18102437,18102437,2959
159089,560,255,1120,1,0,11200,0,0,0,18104528,18104528,2959
159104,560,307,1120,1,0,11200,0,0,0,18106659,18106659,2959
159120,560,372,1120,1,0,11200,0,0,0,18108687,18108687,2959
159135,560,443,1120,1,0,11200,0,0,0,18110952,18110952,2959
159151,560,532,1120,1,0,11200,0,0,0,18113169,18113169,2959
159166,560,612,1120,1,0,11200,0,0,0,18115219,18115219,2959
159182,560,668,1120,1,0,11200,0,0,0,18116855,18116855,2959
159197,560,715,1120,1,0,11200,0,0,0,18118588,18118588,2959
159212,560,808,1120,1,0,11200,0,0,0,18120478,18120478,2959
159228,560,894,1120,1,0,11200,0,0,0,18122442,18122442,2959
159243,560,971,1120,1,0,11200,0,0,0,18124334,18124334,2959
159259,560,1040,1120,1,0,11200,0,0,0,18126444,18126444,2959
159274,561,1112,1120,1,0,11200,0,0,0,18128298,18128298,2959
159289,561,91,1120,1,0,11200,0,0,0,18130533,18130533,2959
159304,561,139,1120,1,0,11200,0,0,0,18132547,18132547,2959
159320,561,200,1120,1,0,11200,0,0,0,18134885,18134885,2959
159335,561,253,1120,1,0,11200,0,0,0,18137062,18137062,2959
159350,561,301,1120,1,0,11200,0,0,0,18139319,18139319,2959
159365,561,366,1120,1,0,11200,0,0,0,18141399,18141399,2959
159381,561,437,1120,1,0,11200,0,0,0,18143670,18143670,2959
159396,561,518,1120,1,0,11200,0,0,0,18145799,18145799,2959
159411,561,602,1120,1,0,11200,0,0,0,18147820,18147820,2959
159426,561,654,1120,1,0,11200,0,0,0,18149552,18149552,2959
159441,561,696,1120,1,0,11200,0,0,0,18151076,18151076,2959
159457,561,772,1120,1,0,11200,0,0,0,18153128,18153128,2959
159472,561,858,1120,1,0,11200,0,0,0,18154913,18154913,2959
159488,561,941,1120,1,0,11200,0,0,0,18156919,18156919,2959
159503,561,1013,1120,1,0,11200,0,0,0,18158797,18158797,2959
159518,562,1091,1120,1,0,11200,0,0,0,18160715,18160715,2959
159534,562,28,1120,1,0,11200,0,0,0,18162972,18162972,2959
159549,562,141,1120,1,0,11200,0,0,0,18165420,18165420,2959
159564,562,204,1120,1,0,11200,0,0,0,18167688,18167688,2959
159580,562,253,1120,1,0,11200,0,0,0,18169658,18169658,2959
159595,562,297,1120,1,0,11200,0,0,0,18171680,18171680,2959
159611,562,365,1120,1,0,11200,0,0,0,18173721,18173721,2959
159626,562,436,1120,1,0,11200,0,0,0,18175831,18175831,2959
159641,562,528,1120,1,0,11200,0,0,0,18178172,18178172,2959
159656,562,602,1120,1,0,11200,0,0,0,18180336,18180336,2959
159671,562,671,1120,1,0,11200,0,0,0,18181852,18181852,2959
159687,562,714,1120,1,0,11200,0,0,0,18183392,18183392,2959
159702,562,778,1120,1,0,11200,0,0,0,18185378,18185378,2959
159717,562,852,1120,1,0,11200,0,0,0,18187122,18187122,2959
159734,562,920,1120,1,0,11200,0,0,0,18188859,18188859,2959
159749,562,997,1120,1,0,11200,0,0,0,18190783,18190783,2959
159765,562,1024,1120,1,0,11200,0,0,0,18191723,18191723,2959
159780,563,1091,1120,1,0,11200,0,0,0,18193802,18193802,2959
159795,563,66,1120,1,0,11200,0,0,0,18196223,18196223,2959
159811,563,145,1120,1,0,11200,0,0,0,18198515,18198515,2959
159826,563,210,1120,1,0,11200,0,0,0,18200750,18200750,2959
159841,563,266,1120,1,0,11200,0,0,0,18203035,18203035,2959
159856,563,320,1120,1,0,11200,0,0,0,18205082,18205082,2959
159872,563,377,1120,1,0,11200,0,0,0,18206993,18206993,2959
159887,563,451,1120,1,0,11200,0,0,0,18209173,18209173,2959
159903,563,541,1120,1,0,11200,0,0,0,18211542,18211542,2959
159918,563,611,1120,1,0,11200,0,0,0,18213509,18213509,2959
159933,563,666,1120,1,0,11200,0,0,0,18214828,18214828,2959
159948,563,709,1120,1,0,11200,0,0,0,18216356,18216356,2959
159964,563,777,1120,1,0,11200,0,0,0,18218364,18218364,2959
159979,563,846,1120,1,0,11200,0,0,0,18219805,18219805,2959
159997,563,920,1120,1,0,11200,0,0,0,18221589,18221589,2959
160012,563,997,1120,1,0,11200,0,0,0,18223417,18223417,2959
160028,563,1064,1120,1,0,11200,0,0,0,18225476,18225476,2959
160043,564,24,1120,1,0,11200,0,0,0,18227673,18227673,2959
160058,564,123,1120,1,0,11200,0,0,0,18229811,18229811,2959
160074,564,176,1120,1,0,11200,0,0,0,18232098,18232098,2959
160089,564,242,1120,1,0,11200,0,0,0,18234365,18234365,2959
160104,564,284,1120,1,0,11200,0,0,0,18236526,18236526,2959
160120,564,342,1120,1,0,11200,0,0,0,18238538,18238538,2959
160135,564,406,1120,1,0,11200,0,0,0,18240746,18240746,2959
160151,564,503,1120,1,0,11200,0,0,0,18242982,18242982,2959
160166,564,586,1120,1,0,11200,0,0,0,18245313,18245313,2959
160181,564,651,1120,1,0,11200,0,0,0,18247049,18247049,2959
160197,564,700,1120,1,0,11200,0,0,0,18248556,18248556,2959
160212,564,769,1120,1,0,11200,0,0,0,18250634,18250634,2959
160228,564,826,1120,1,0,11200,0,0,0,18252133,18252133,2959
160243,564,915,1120,1,0,11200,0,0,0,18254203,18254203,2959
160259,564,967,1120,1,0,11200,0,0,0,18255667,18255667,2959
160274,564,1018,1120,1,0,11200,0,0,0,18256667,18256667,2959
160289,565,1091,1120,1,0,11200,0,0,0,18258492,18258492,2959
160304,565,67,1120,1,0,11200,0,0,0,18260828,18260828,2959
160319,565,146,1120,1,0,11200,0,0,0,18263222,18263222,2959
160334,565,202,1120,1,0,11200,0,0,0,18265433,18265433,2959
160350,565,254,1120,1,0,11200,0,0,0,18267691,18267691,2959
160365,565,301,1120,1,0,11200,0,0,0,18269773,18269773,2959
160380,565,353,1120,1,0,11200,0,0,0,18271854,18271854,2959
160395,565,430,1120,1,0,11200,0,0,0,18273970,18273970,2959
160411,565,524,1120,1,0,11200,0,0,0,18276360,18276360,2959
160426,565,594,1120,1,0,11200,0,0,0,18278536,18278536,2959
160443,565,651,1120,1,0,11200,0,0,0,18280235,18280235,2959
160458,565,696,1120,1,0,11200,0,0,0,18281691,18281691,2959
160473,565,763,1120,1,0,11200,0,0,0,18283531,18283531,2959
160488,565,852,1120,1,0,11200,0,0,0,18285193,18285193,2959
160504,565,920,1120,1,0,11200,0,0,0,18287136,18287136,2959
160540,565,1013,1120,1,0,11200,0,0,0,18289212,18289212,2959
160555,566,1091,1120,1,0,11200,0,0,0,18291271,18291271,2959
160570,566,67,1120,1,0,11200,0,0,0,18293673,18293673,2959
160585,566,135,1120,1,0,11200,0,0,0,18295803,18295803,2959
160601,566,200,1120,1,0,11200,0,0,0,18298098,18298098,2959
160616,566,245,1120,1,0,11200,0,0,0,18300341,18300341,2959
160632,566,289,1120,1,0,11200,0,0,0,18302578,18302578,2959
160647,566,359,1120,1,0,11200,0,0,0,18304681,18304681,2959
160662,566,433,1120,1,0,11200,0,0,0,18306804,18306804,2959
160678,566,520,1120,1,0,11200,0,0,0,18308901,18308901,2959
160693,566,591,1120,1,0,11200,0,0,0,18310953,18310953,2959
160708,566,663,1120,1,0,11200,0,0,0,18312693,18312693,2959
160724,566,710,1120,1,0,11200,0,0,0,18314212,18314212,2959
160739,566,765,1120,1,0,11200,0,0,0,18315879,18315879,2959
160754,566,857,1120,1,0,11200,0,0,0,18317564,18317564,2959
160770,566,920,1120,1,0,11200,0,0,0,18319210,18319210,2959
160786,566,1011,1120,1,0,11200,0,0,0,18321312,18321312,2959
160801,566,1050,1120,1,0,11200,0,0,0,18322435,18322435,2959
160816,567,15,1120,1,0,11200,0,0,0,18324514,18324514,2959
160831,567,114,1120,1,0,11200,0,0,0,18326773,18326773,2959
160846,567,162,1120,1,0,11200,0,0,0,18329046,18329046,2959
160861,567,212,1120,1,0,11200,0,0,0,18331231,18331231,2959
160876,567,266,1120,1,0,11200,0,0,0,18333562,18333562,2959
160891,567,303,1120,1,0,11200,0,0,0,18335552,18335552,2959
160907,567,363,1120,1,0,11200,0,0,0,18337664,18337664,2959
160922,567,436,1120,1,0,11200,0,0,0,18339788,18339788,2959
160938,567,517,1120,1,0,11200,0,0,0,18341745,18341745,2959
160953,567,591,1120,1,0,11200,0,0,0,18343912,18343912,2959
160968,567,654,1120,1,0,11200,0,0,0,18345736,18345736,2959
160984,567,716,1120,1,0,11200,0,0,0,18347563,18347563,2959
160999,567,814,1120,1,0,11200,0,0,0,18349249,18349249,2959
161014,567,880,1120,1,0,11200,0,0,0,18350900,18350900,2959
161030,567,945,1120,1,0,11200,0,0,0,18352728,18352728,2959
161045,567,1011,1120,1,0,11200,0,0,0,18354487,18354487,2959
161061,567,1053,1120,1,0,11200,0,0,0,18355789,18355789,2959
161076,568,17,1120,0,0,11200,0,0,0,18357812,18357812,2959
161091,568,122,1120,0,0,11200,0,0,0,18360116,18360116,2959
161106,568,170,1120,0,0,11200,0,0,0,18362409,18362409,2959
161121,568,243,1120,0,0,11200,0,0,0,18364618,18364618,2959
161137,568,292,1120,0,0,11200,0,0,0,18366920,18366920,2959
161152,568,353,1120,0,0,11200,0,0,0,18368846,18368846,2959
161168,568,436,1120,0,0,11200,0,0,0,18371040,18371040,2959
161183,568,523,1120,0,0,11200,0,0,0,18373018,18373018,2959
161198,568,594,1120,0,0,11200,0,0,0,18375103,18375103,2959
161213,568,667,1120,0,0,11200,0,0,0,18376967,18376967,2959
161228,568,712,1120,0,0,11200,0,0,0,18378376,18378376,2959
161244,568,795,1120,0,0,11200,0,0,0,18380063,18380063,2959
161259,568,889,1120,0,0,11200,0,0,0,18382002,18382002,2959
161274,568,950,1120,0,0,11200,0,0,0,18383499,18383499,2959
161291,568,1013,1120,0,0,11200,0,0,0,18385319,18385319,2959
161306,568,1067,1120,0,0,11200,0,0,0,18387257,18387257,2959
161321,569,21,1120,0,0,11200,0,0,0,18389369,18389369,2959
161337,569,124,1120,0,0,11200,0,0,0,18391789,18391789,2959
161352,569,180,1120,0,0,11200,0,0,0,18394229,18394229,2959
161367,569,235,1120,0,0,11200,0,0,0,18396237,18396237,2959
161382,569,281,1120,0,0,11200,0,0,0,18398489,18398489,2959
161397,569,334,1120,0,0,11200,0,0,0,18400539,18400539,2959
161413,569,418,1120,0,0,11200,0,0,0,18402837,18402837,2959
161428,569,496,1120,0,0,11200,0,0,0,18404777,18404777,2959
161444,569,568,1120,0,0,11200,0,0,0,18407080,18407080,2959
161461,569,651,1120,0,0,11200,0,0,0,18409120,18409120,2959
161476,569,690,1120,0,0,11200,0,0,0,18410497,18410497,2959
161491,569,763,1120,0,0,11200,0,0,0,18412253,18412253,2959
161507,569,852,1120,0,0,11200,0,0,0,18413885,18413885,2959
161523,569,911,1120,0,0,11200,0,0,0,18415565,18415565,2959
161538,569,986,1120,0,0,11200,0,0,0,18417240,18417240,2959
161553,569,1023,1120,0,0,11200,0,0,0,18418308,18418308,2959
161569,570,1103,1120,0,0,11200,0,0,0,18420376,18420376,2959
161584,570,31,1120,0,0,11200,0,0,0,18422653,18422653,2959
161599,570,129,1120,0,0,11200,0,0,0,18425164,18425164,2959
161615,570,183,1120,0,0,11200,0,0,0,18427516,18427516,2959
161630,570,242,1120,0,0,11200,0,0,0,18429732,18429732,2959
161645,570,285,1120,0,0,11200,0,0,0,18431944,18431944,2959
161660,570,342,1120,0,0,11200,0,0,0,18433854,18433854,2959
161675,570,425,1120,0,0,11200,0,0,0,18435898,18435898,2959
161690,570,507,1120,0,0,11200,0,0,0,18438018,18438018,2959
161705,570,578,1120,0,0,11200,0,0,0,18440328,18440328,2959
161721,570,644,1120,0,0,11200,0,0,0,18442174,18442174,2959
161737,570,690,1120,0,0,11200,0,0,0,18443810,18443810,2959
161752,570,753,1120,0,0,11200,0,0,0,18445476,18445476,2959
161767,570,842,1120,0,0,11200,0,0,0,18447319,18447319,2959
161783,570,919,1120,0,0,11200,0,0,0,18449235,18449235,2959
161798,570,992,1120,0,0,11200,0,0,0,18451124,18451124,2959
161815,570,1013,1120,0,0,11200,0,0,0,18451739,18451739,2959
161830,571,1100,1120,0,0,11200,0,0,0,18453920,18453920,2959
161846,571,30,1120,0,0,11200,0,0,0,18456099,18456099,2959
161861,571,128,1120,0,0,11200,0,0,0,18458644,18458644,2959
161876,571,180,1120,0,0,11200,0,0,0,18460990,18460990,2959
161891,571,241,1120,0,0,11200,0,0,0,18463200,18463200,2959
161907,571,287,1120,0,0,11200,0,0,0,18465541,18465541,2959
161923,571,347,1120,0,0,11200,0,0,0,18467733,18467733,2959
161938,571,437,1120,0,0,11200,0,0,0,18470043,18470043,2959
161953,571,531,1120,0,0,11200,0,0,0,18472228,18472228,2959
161969,571,597,1120,0,0,11200,0,0,0,18474136,18474136,2959
161984,571,676,1120,0,0,11200,0,0,0,18476013,18476013,2959
162000,571,716,1120,0,0,11200,0,0,0,18477637,18477637,2959
162015,571,808,1120,0,0,11200,0,0,0,18479419,18479419,2959
162030,571,881,1120,0,0,11200,0,0,0,18481213,18481213,2959
162045,571,935,1120,0,0,11200,0,0,0,18482685,18482685,2959
162060,571,1009,1120,0,0,11200,0,0,0,18484616,18484616,2959
162076,571,1013,1120,0,0,11200,0,0,0,18484928,18484928,2959
162092,571,1086,1120,0,0,11200,0,0,0,18486969,18486969,2959
162107,572,47,1120,0,0,11200,0,0,0,18489448,18489448,2959
162122,572,133,1120,0,0,11200,0,0,0,18491656,18491656,2959
162137,572,191,1120,0,0,11200,0,0,0,18493929,18493929,2959
162152,572,243,1120,0,0,11200,0,0,0,18496035,18496035,2959
162168,572,298,1120,0,0,11200,0,0,0,18498355,18498355,2959
162183,572,367,1120,0,0,11200,0,0,0,18500549,18500549,2959
162198,572,439,1120,0,0,11200,0,0,0,18502729,18502729,2959
162213,572,528,1120,0,0,11200,0,0,0,18504911,18504911,2959
162229,572,611,1120,0,0,11200,0,0,0,18506946,18506946,2959
162244,572,673,1120,0,0,11200,0,0,0,18508696,18508696,2959
162259,572,724,1120,0,0,11200,0,0,0,18510278,18510278,2959
162275,572,814,1120,0,0,11200,0,0,0,18512161,18512161,2959
162290,572,907,1120,0,0,11200,0,0,0,18514045,18514045,2959
162305,572,964,1120,0,0,11200,0,0,0,18515586,18515586,2959
162334,572,1013,1120,0,0,11200,0,0,0,18517161,18517161,2959
162349,572,1074,1120,0,0,11200,0,0,0,18518997,18518997,2959
162365,573,26,1120,0,0,11200,0,0,0,18521213,18521213,2959
162380,573,129,1120,0,0,11200,0,0,0,18523666,18523666,2959
162395,573,204,1120,0,0,11200,0,0,0,18526019,18526019,2959
162410,573,250,1120,0,0,11200,0,0,0,18528183,18528183,2959
162425,573,292,1120,0,0,11200,0,0,0,18530164,18530164,2959
162440,573,343,1120,0,0,11200,0,0,0,18532183,18532183,2959
162455,573,418,1120,0,0,11200,0,0,0,18534385,18534385,2959
162471,573,512,1120,0,0,11200,0,0,0,18536624,18536624,2959
162486,573,591,1120,0,0,11200,0,0,0,18538863,18538863,2959
162502,573,667,1120,0,0,11200,0,0,0,18540824,18540824,2959
162517,573,704,1120,0,0,11200,0,0,0,18542140,18542140,2959
162533,573,763,1120,0,0,11200,0,0,0,18544126,18544126,2959
162548,573,845,1120,0,0,11200,0,0,0,18545817,18545817,2959
162563,573,917,1120,0,0,11200,0,0,0,18547769,18547769,2959
162579,573,993,1120,0,0,11200,0,0,0,18549799,18549799,2959
162595,573,1026,1120,0,0,11200,0,0,0,18551057,18551057,2959
162610,573,1080,1120,0,0,11200,0,0,0,18552959,18552959,2959
162625,574,30,1120,0,0,11200,0,0,0,18554908,18554908,2959
162641,574,133,1120,0,0,11200,0,0,0,18557221,18557221,2959
162656,574,201,1120,0,0,11200,0,0,0,18559374,18559374,2959
162671,574,250,1120,0,0,11200,0,0,0,18561477,18561477,2959
162686,574,304,1120,0,0,11200,0,0,0,18563728,18563728,2959
162702,574,369,1120,0,0,11200,0,0,0,18565721,18565721,2959
162718,574,435,1120,0,0,11200,0,0,0,18567935,18567935,2959
162733,574,516,1120,0,0,11200,0,0,0,18570118,18570118,2959
162749,574,568,1120,0,0,11200,0,0,0,18572197,18572197,2959
162764,574,663,1120,0,0,11200,0,0,0,18574242,18574242,2959
162780,574,693,1120,0,0,11200,0,0,0,18575629,18575629,2959
162795,574,759,1120,0,0,11200,0,0,0,18577611,18577611,2959
162810,574,858,1120,0,0,11200,0,0,0,18579533,18579533,2959
162825,574,941,1120,0,0,11200,0,0,0,18581313,18581313,2959
162840,574,1012,1120,0,0,11200,0,0,0,18583116,18583116,2959
162855,574,1059,1120,0,0,11200,0,0,0,18584510,18584510,2959
162871,575,16,1120,0,0,11200,0,0,0,18586577,18586577,2959
162886,575,122,1120,0,0,11200,0,0,0,18588954,18588954,2959
162902,575,171,1120,0,0,11200,0,0,0,18591320,18591320,2959
162917,575,227,1120,0,0,11200,0,0,0,18593556,18593556,2959
162932,575,273,1120,0,0,11200,0,0,0,18595840,18595840,2959
162947,575,326,1120,0,0,11200,0,0,0,18597891,18597891,2959
162962,575,400,1120,0,0,11200,0,0,0,18599881,18599881,2959
162977,575,495,1120,0,0,11200,0,0,0,18602230,18602230,2959
162993,575,561,1120,0,0,11200,0,0,0,18604405,18604405,2959
163008,575,612,1120,0,0,11200,0,0,0,18606352,18606352,2959
163024,575,681,1120,0,0,11200,0,0,0,18608111,18608111,2959
163039,575,750,1120,0,0,11200,0,0,0,18609950,18609950,2959
163054,575,828,1120,0,0,11200,0,0,0,18611582,18611582,2959
163069,575,908,1120,0,0,11200,0,0,0,18613518,18613518,2959
163085,575,964,1120,0,0,11200,0,0,0,18615174,18615174,2959
163110,575,1013,1120,0,0,11200,0,0,0,18616817,18616817,2959
163125,576,1092,1120,0,0,11200,0,0,0,18619032,18619032,2959
163140,576,47,1120,0,0,11200,0,0,0,18620996,18620996,2959
163156,576,132,1120,0,0,11200,0,0,0,18623402,18623402,2959
163171,576,191,1120,0,0,11200,0,0,0,18625873,18625873,2959
163187,576,241,1120,0,0,11200,0,0,0,18628004,18628004,2959
163202,576,288,1120,0,0,11200,0,0,0,18630063,18630063,2959
163218,576,343,1120,0,0,11200,0,0,0,18632193,18632193,2959
163233,576,400,1120,0,0,11200,0,0,0,18634059,18634059,2959
163248,576,498,1120,0,0,11200,0,0,0,18636299,18636299,2959
163264,576,570,1120,0,0,11200,0,0,0,18638333,18638333,2959
163279,576,641,1120,0,0,11200,0,0,0,18640092,18640092,2959
163295,576,683,1120,0,0,11200,0,0,0,18641545,18641545,2959
163310,576,723,1120,0,0,11200,0,0,0,18643115,18643115,2959
163326,576,789,1120,0,0,11200,0,0,0,18644830,18644830,2959
163341,576,874,1120,0,0,11200,0,0,0,18646698,18646698,2959
163359,576,920,1120,0,0,11200,0,0,0,18648445,18648445,2959
163374,576,1009,1120,0,0,11200,0,0,0,18650330,18650330,2959
163389,576,1050,1120,0,0,11200,0,0,0,18651624,18651624,2959
163404,577,18,1120,0,0,11200,0,0,0,18653551,18653551,2959
163420,577,118,1120,0,0,11200,0,0,0,18656094,18656094,2959
163435,577,166,1120,0,0,11200,0,0,0,18658383,18658383,2959
163450,577,241,1120,0,0,11200,0,0,0,18660644,18660644,2959
163466,577,282,1120,0,0,11200,0,0,0,18662876,18662876,2959
163481,577,329,1120,0,0,11200,0,0,0,18664755,18664755,2959
163496,577,411,1120,0,0,11200,0,0,0,18666840,18666840,2959
163511,577,501,1120,0,0,11200,0,0,0,18668980,18668980,2959
163526,577,570,1120,0,0,11200,0,0,0,18671077,18671077,2959
163542,577,642,1120,0,0,11200,0,0,0,18673025,18673025,2959
163557,577,693,1120,0,0,11200,0,0,0,18674559,18674559,2959
163573,577,737,1120,0,0,11200,0,0,0,18676350,18676350,2959
163588,577,817,1120,0,0,11200,0,0,0,18677982,18677982,2959
163603,577,900,1120,0,0,11200,0,0,0,18679874,18679874,2959
163618,577,969,1120,0,0,11200,0,0,0,18681855,18681855,2959
163646,577,1013,1120,0,0,11200,0,0,0,18683265,18683265,2959
163661,578,1091,1120,0,0,11200,0,0,0,18685294,18685294,2959
163676,578,49,1120,0,0,11200,0,0,0,18687589,18687589,2959
163691,578,138,1120,0,0,11200,0,0,0,18689935,18689935,2959
163707,578,206,1120,0,0,11200,0,0,0,18692150,18692150,2959
163722,578,266,1120,0,0,11200,0,0,0,18694478,18694478,2959
163737,578,321,1120,0,0,11200,0,0,0,18696584,18696584,2959
163753,578,396,1120,0,0,11200,0,0,0,18698622,18698622,2959
163768,578,462,1120,0,0,11200,0,0,0,18700739,18700739,2959
163784,578,546,1120,0,0,11200,0,0,0,18702787,18702787,2959
163799,578,609,1120,0,0,11200,0,0,0,18704735,18704735,2959
163814,578,673,1120,0,0,11200,0,0,0,18706488,18706488,2959
163829,578,711,1120,0,0,11200,0,0,0,18707890,18707890,2959
163844,578,768,1120,0,0,11200,0,0,0,18709693,18709693,2959
163860,578,857,1120,0,0,11200,0,0,0,18711533,18711533,2959
163875,578,920,1120,0,0,11200,0,0,0,18713089,18713089,2959
163890,578,997,1120,0,0,11200,0,0,0,18714897,18714897,2959
163906,578,1013,1120,0,0,11200,0,0,0,18715299,18715299,2959
163922,579,1092,1120,0,0,11200,0,0,0,18717167,18717167,2959
163937,579,28,1120,0,0,11200,0,0,0,18719222,18719222,2959
163952,579,134,1120,0,0,11200,0,0,0,18721704,18721704,2959
163968,579,200,1120,0,0,11200,0,0,0,18724312,18724312,2959
163983,579,251,1120,0,0,11200,0,0,0,18726474,18726474,2959
163998,579,301,1120,0,0,11200,0,0,0,18728650,18728650,2959
164014,579,358,1120,0,0,11200,0,0,0,18730698,18730698,2959
164029,579,434,1120,0,0,11200,0,0,0,18732953,18732953,2959
164044,579,525,1120,0,0,11200,0,0,0,18735174,18735174,2959
164060,579,615,1120,0,0,11200,0,0,0,18737460,18737460,2959
164076,579,671,1120,0,0,11200,0,0,0,18739216,18739216,2959
164091,579,724,1120,0,0,11200,0,0,0,18740780,18740780,2959
164107,579,828,1120,0,0,11200,0,0,0,18742573,18742573,2959
164122,579,909,1120,0,0,11200,0,0,0,18744358,18744358,2959
164137,579,976,1120,0,0,11200,0,0,0,18746197,18746197,2959
164168,579,1013,1120,0,0,11200,0,0,0,18747664,18747664,2959
164183,580,1091,1120,0,0,11200,0,0,0,18749855,18749855,2959
164198,580,91,1120,0,0,11200,0,0,0,18752316,18752316,2959
164213,580,148,1120,0,0,11200,0,0,0,18754600,18754600,2959
164228,580,205,1120,0,0,11200,0,0,0,18756976,18756976,2959
164243,580,245,1120,0,0,11200,0,0,0,18759089,18759089,2959
164259,580,289,1120,0,0,11200,0,0,0,18761345,18761345,2959
164274,580,353,1120,0,0,11200,0,0,0,18763329,18763329,2959
164289,580,416,1120,0,0,11200,0,0,0,18765365,18765365,2959
164304,580,498,1120,0,0,11200,0,0,0,18767358,18767358,2959
164320,580,563,1120,0,0,11200,0,0,0,18769786,18769786,2959
164335,580,644,1120,0,0,11200,0,0,0,18771811,18771811,2959
164351,580,692,1120,0,0,11200,0,0,0,18773548,18773548,2959
164366,580,739,1120,0,0,11200,0,0,0,18775454,18775454,2959
164381,580,832,1120,0,0,11200,0,0,0,18777153,18777153,2959
164397,580,908,1120,0,0,11200,0,0,0,18779038,18779038,2959
164412,580,967,1120,0,0,11200,0,0,0,18780841,18780841,2959
164428,580,1024,1120,0,0,11200,0,0,0,18782373,18782373,2959
164443,581,1109,1120,0,0,11200,0,0,0,18784383,18784383,2959
164458,581,91,1120,0,0,11200,0,0,0,18786822,18786822,2959
164474,581,147,1120,0,0,11200,0,0,0,18789091,18789091,2959
164489,581,207,1120,0,0,11200,0,0,0,18791306,18791306,2959
164505,581,267,1120,0,0,11200,0,0,0,18793475,18793475,2959
164520,581,306,1120,0,0,11200,0,0,0,18795548,18795548,2959
164536,581,353,1120,0,0,11200,0,0,0,18797437,18797437,2959
164551,581,423,1120,0,0,11200,0,0,0,18799337,18799337,2959
164566,581,504,1120,0,0,11200,0,0,0,18801553,18801553,2959
164581,581,574,1120,0,0,11200,0,0,0,18803533,18803533,2959
164597,581,663,1120,0,0,11200,0,0,0,18805548,18805548,2959
164612,581,706,1120,0,0,11200,0,0,0,18807098,18807098,2959
164627,581,802,1120,0,0,11200,0,0,0,18808996,18808996,2959
164643,581,890,1120,0,0,11200,0,0,0,18810725,18810725,2959
164658,581,954,1120,0,0,11200,0,0,0,18812291,18812291,2959
164674,581,1013,1120,0,0,11200,0,0,0,18813955,18813955,2959
164689,581,1073,1120,0,0,11200,0,0,0,18815833,18815833,2959
164704,582,32,1120,0,0,11200,0,0,0,18817856,18817856,2959
164719,582,132,1120,0,0,11200,0,0,0,18820185,18820185,2959
164735,582,194,1120,0,0,11200,0,0,0,18822638,18822638,2959
164751,582,243,1120,0,0,11200,0,0,0,18824668,18824668,2959
164766,582,297,1120,0,0,11200,0,0,0,18826977,18826977,2959
164781,582,353,1120,0,0,11200,0,0,0,18828815,18828815,2959
164796,582,451,1120,0,0,11200,0,0,0,18831022,18831022,2959
164812,582,549,1120,0,0,11200,0,0,0,18833255,18833255,2959
164827,582,612,1120,0,0,11200,0,0,0,18835203,18835203,2959
164842,582,653,1120,0,0,11200,0,0,0,18836435,18836435,2959
164857,582,704,1120,0,0,11200,0,0,0,18837848,18837848,2959
164872,582,771,1120,0,0,11200,0,0,0,18839779,18839779,2959
164887,582,876,1120,0,0,11200,0,0,0,18841717,18841717,2959
164902,582,952,1120,0,0,11200,0,0,0,18843634,18843634,2959
164917,582,1014,1120,0,0,11200,0,0,0,18845081,18845081,2959
164933,583,1099,1120,0,0,11200,0,0,0,18847173,18847173,2959
164948,583,71,1120,0,0,11200,0,0,0,18849405,18849405,2959
164964,583,139,1120,0,0,11200,0,0,0,18851918,18851918,2959
164979,583,205,1120,0,0,11200,0,0,0,18854297,18854297,2959
164994,583,244,1120,0,0,11200,0,0,0,18856259,18856259,2959
165010,583,294,1120,0,0,11200,0,0,0,18858525,18858525,2959
165025,583,344,1120,0,0,11200,0,0,0,18860624,18860624,2959
165041,583,426,1120,0,0,11200,0,0,0,18862804,18862804,2959
165056,583,505,1120,0,0,11200,0,0,0,18864823,18864823,2959
165071,583,578,1120,0,0,11200,0,0,0,18867066,18867066,2959
165086,583,653,1120,0,0,11200,0,0,0,18868649,18868649,2959
165102,583,693,1120,0,0,11200,0,0,0,18870098,18870098,2959
165118,583,761,1120,0,0,11200,0,0,0,18872248,18872248,2959
165133,583,846,1120,0,0,11200,0,0,0,18873905,18873905,2959
165148,583,920,1120,0,0,11200,0,0,0,18875659,18875659,2959
165163,583,986,1120,0,0,11200,0,0,0,18877567,18877567,2959
165179,583,1046,1120,0,0,11200,0,0,0,18879381,18879381,2959
165194,584,1109,1120,0,0,11200,0,0,0,18881340,18881340,2959
165209,584,60,1120,0,0,11200,0,0,0,18883783,18883783,2959
165225,584,133,1120,0,0,11200,0,0,0,18885989,18885989,2959
165241,584,207,1120,0,0,11200,0,0,0,18888383,18888383,2959
165256,584,255,1120,0,0,11200,0,0,0,18890404,18890404,2959
165272,584,306,1120,0,0,11200,0,0,0,18892379,18892379,2959
165287,584,371,1120,0,0,11200,0,0,0,18894270,18894270,2959
165302,584,461,1120,0,0,11200,0,0,0,18896520,18896520,2959
165317,584,547,1120,0,0,11200,0,0,0,18898577,18898577,2959
165333,584,616,1120,0,0,11200,0,0,0,18900629,18900629,2959
165348,584,685,1120,0,0,11200,0,0,0,18902466,18902466,2959
165364,584,737,1120,0,0,11200,0,0,0,18904301,18904301,2959
165380,584,832,1120,0,0,11200,0,0,0,18906253,18906253,2959
165395,584,914,1120,0,0,11200,0,0,0,18908225,18908225,2959
165410,584,981,1120,0,0,11200,0,0,0,18909963,18909963,2959
165425,584,1039,1120,0,0,11200,0,0,0,18911711,18911711,2959
165441,585,8,1120,0,0,11200,0,0,0,18913720,18913720,2959
165456,585,114,1120,0,0,11200,0,0,0,18916025,18916025,2959
165471,585,172,1120,0,0,11200,0,0,0,18918532,18918532,2959
165487,585,227,1120,0,0,11200,0,0,0,18920415,18920415,2959
165502,585,275,1120,0,0,11200,0,0,0,18922786,18922786,2959
165518,585,327,1120,0,0,11200,0,0,0,18924855,18924855,2959
165533,585,392,1120,0,0,11200,0,0,0,18926765,18926765,2959
165548,585,472,1120,0,0,11200,0,0,0,18928989,18928989,2959
165564,585,552,1120,0,0,11200,0,0,0,18931260,18931260,2959
165580,585,632,1120,0,0,11200,0,0,0,18933402,18933402,2959
165595,585,690,1120,0,0,11200,0,0,0,18935057,18935057,2959
165610,585,732,1120,0,0,11200,0,0,0,18936859,18936859,2959
165625,585,826,1120,0,0,11200,0,0,0,18938740,18938740,2959
165640,585,908,1120,0,0,11200,0,0,0,18940706,18940706,2959
165656,585,941,1120,0,0,11200,0,0,0,18941903,18941903,2959
165671,585,1012,1120,0,0,11200,0,0,0,18943955,18943955,2959
165686,585,1047,1120,0,0,11200,0,0,0,18944978,18944978,2959
165701,586,6,1120,0,0,11200,0,0,0,18946772,18946772,2959
165716,586,104,1120,0,0,11200,0,0,0,18949062,18949062,2959
165731,586,147,1120,0,0,11200,0,0,0,18951416,18951416,2959
165746,586,208,1120,0,0,11200,0,0,0,18953756,18953756,2959
165762,586,255,1120,0,0,11200,0,0,0,18956039,18956039,2959
165777,586,305,1120,0,0,11200,0,0,0,18958278,18958278,2959
165793,586,371,1120,0,0,11200,0,0,0,18960490,18960490,2959
165808,586,446,1120,0,0,11200,0,0,0,18962614,18962614,2959
165823,586,568,1120,0,0,11200,0,0,0,18964860,18964860,2959
165840,586,650,1120,0,0,11200,0,0,0,18966997,18966997,2959
165856,586,701,1120,0,0,11200,0,0,0,18968601,18968601,2959
165871,586,753,1120,0,0,11200,0,0,0,18970409,18970409,2959
165886,586,846,1120,0,0,11200,0,0,0,18972029,18972029,2959
165902,586,930,1120,0,0,11200,0,0,0,18973952,18973952,2959
165928,586,1013,1120,0,0,11200,0,0,0,18975844,18975844,2959
165943,586,1068,1120,0,0,11200,0,0,0,18977591,18977591,2959
165959,587,22,1120,0,0,11200,0,0,0,18979872,18979872,2959
165974,587,127,1120,0,0,11200,0,0,0,18982333,18982333,2959
165990,587,174,1120,0,0,11200,0,0,0,18984625,18984625,2959
166005,587,235,1120,0,0,11200,0,0,0,18986815,18986815,2959
166020,587,289,1120,0,0,11200,0,0,0,18989030,18989030,2959
166036,587,347,1120,0,0,11200,0,0,0,18991170,18991170,2959
166051,587,429,1120,0,0,11200,0,0,0,18993361,18993361,2959
166066,587,517,1120,0,0,11200,0,0,0,18995590,18995590,2959
166081,587,578,1120,0,0,11200,0,0,0,18997537,18997537,2959
166097,587,663,1120,0,0,11200,0,0,0,18999465,18999465,2959
166112,587,696,1120,0,0,11200,0,0,0,19000847,19000847,2959
166127,587,762,1120,0,0,11200,0,0,0,19002735,19002735,2959
166143,587,832,1120,0,0,11200,0,0,0,19004353,19004353,2959
166158,587,911,1120,0,0,11200,0,0,0,19006366,19006366,2959
166173,587,988,1120,0,0,11200,0,0,0,19008085,19008085,2959
166189,587,1013,1120,0,0,11200,0,0,0,19008883,19008883,2959
166204,588,1091,1120,0,0,11200,0,0,0,19010945,19010945,2959
166219,588,27,1120,0,0,11200,0,0,0,19012856,19012856,2959
166235,588,129,1120,0,0,11200,0,0,0,19015137,19015137,2959
166250,588,181,1120,0,0,11200,0,0,0,19017468,19017468,2959
166265,588,229,1120,0,0,11200,0,0,0,19019657,19019657,2959
166280,588,280,1120,0,0,11200,0,0,0,19021783,19021783,2959
166296,588,329,1120,0,0,11200,0,0,0,19023869,19023869,2959
166311,588,390,1120,0,0,11200,0,0,0,19025969,19025969,2959
166326,588,498,1120,0,0,11200,0,0,0,19028283,19028283,2959
166341,588,561,1120,0,0,11200,0,0,0,19030379,19030379,2959
166358,588,632,1120,0,0,11200,0,0,0,19032228,19032228,2959
166374,588,681,1120,0,0,11200,0,0,0,19033549,19033549,2959
166389,588,717,1120,0,0,11200,0,0,0,19034889,19034889,2959
166405,588,795,1120,0,0,11200,0,0,0,19036819,19036819,2959
166420,588,878,1120,0,0,11200,0,0,0,19038621,19038621,2959
166435,588,927,1120,0,0,11200,0,0,0,19039919,19039919,2959
166451,588,990,1120,0,0,11200,0,0,0,19041768,19041768,2959
166466,588,1048,1120,0,0,11200,0,0,0,19043682,19043682,2959
166481,589,14,1120,0,0,11200,0,0,0,19045770,19045770,2959
166496,589,109,1120,0,0,11200,0,0,0,19047891,19047891,2959
166511,589,149,1120,0,0,11200,0,0,0,19049991,19049991,2959
166526,589,205,1120,0,0,11200,0,0,0,19052096,19052096,2959
166542,589,246,1120,0,0,11200,0,0,0,19054040,19054040,2959
166558,589,292,1120,0,0,11200,0,0,0,19056189,19056189,2959
166573,589,365,1120,0,0,11200,0,0,0,19058319,19058319,2959
166588,589,443,1120,0,0,11200,0,0,0,19060339,19060339,2959
166604,589,547,1120,0,0,11200,0,0,0,19062588,19062588,2959
166620,589,608,1120,0,0,11200,0,0,0,19064503,19064503,2959
166635,589,680,1120,0,0,11200,0,0,0,19066408,19066408,2959
166651,589,732,1120,0,0,11200,0,0,0,19068021,19068021,2959
166667,589,842,1120,0,0,11200,0,0,0,19069755,19069755,2959
166682,589,919,1120,0,0,11200,0,0,0,19071808,19071808,2959
166697,589,971,1120,0,0,11200,0,0,0,19073331,19073331,2959
166722,589,1013,1120,0,0,11200,0,0,0,19074645,19074645,2959
166737,590,1112,1120,0,0,11200,0,0,0,19076902,19076902,2959
166752,590,103,1120,0,0,11200,0,0,0,19079286,19079286,2959
166767,590,146,1120,0,0,11200,0,0,0,19081432,19081432,2959
166783,590,210,1120,0,0,11200,0,0,0,19083690,19083690,2959
166798,590,259,1120,0,0,11200,0,0,0,19086001,19086001,2959
166813,590,313,1120,0,0,11200,0,0,0,19088091,19088091,2959
166828,590,388,1120,0,0,11200,0,0,0,19090306,19090306,2959
166844,590,475,1120,0,0,11200,0,0,0,19092452,19092452,2959
166859,590,556,1120,0,0,11200,0,0,0,19094481,19094481,2959
166874,590,627,1120,0,0,11200,0,0,0,19096277,19096277,2959
166890,590,687,1120,0,0,11200,0,0,0,19098079,19098079,2959
166905,590,730,1120,0,0,11200,0,0,0,19099878,19099878,2959
166921,590,836,1120,0,0,11200,0,0,0,19101850,19101850,2959
166936,590,901,1120,0,0,11200,0,0,0,19103737,19103737,2959
166951,590,971,1120,0,0,11200,0,0,0,19105534,19105534,2959
166973,590,1013,1120,0,0,11200,0,0,0,19106959,19106959,2959
166988,590,1080,1120,0,0,11200,0,0,0,19108964,19108964,2959
167004,591,27,1120,0,0,11200,0,0,0,19111229,19111229,2959
167019,591,134,1120,0,0,11200,0,0,0,19113607,19113607,2959
167034,591,202,1120,0,0,11200,0,0,0,19116130,19116130,2959
167050,591,261,1120,0,0,11200,0,0,0,19118419,19118419,2959
167065,591,305,1120,0,0,11200,0,0,0,19120465,19120465,2959
167081,591,376,1120,0,0,11200,0,0,0,19122658,19122658,2959
167096,591,447,1120,0,0,11200,0,0,0,19124862,19124862,2959
167112,591,531,1120,0,0,11200,0,0,0,19127082,19127082,2959
167127,591,612,1120,0,0,11200,0,0,0,19129096,19129096,2959
167143,591,690,1120,0,0,11200,0,0,0,19131024,19131024,2959
167158,591,753,1120,0,0,11200,0,0,0,19132999,19132999,2959
167174,591,855,1120,0,0,11200,0,0,0,19134959,19134959,2959
167189,591,924,1120,0,0,11200,0,0,0,19136498,19136498,2959
167205,591,1010,1120,0,0,11200,0,0,0,19138438,19138438,2959
167220,591,1039,1120,0,0,11200,0,0,0,19139452,19139452,2959
167235,592,1112,1120,0,0,11200,0,0,0,19141292,19141292,2959
167250,592,71,1120,0,0,11200,0,0,0,19143698,19143698,2959
167266,592,139,1120,0,0,11200,0,0,0,19145988,19145988,2959
167281,592,211,1120,0,0,11200,0,0,0,19148446,19148446,2959
167296,592,271,1120,0,0,11200,0,0,0,19150604,19150604,2959
167311,592,324,1120,0,0,11200,0,0,0,19152500,19152500,2959
167326,592,407,1120,0,0,11200,0,0,0,19154697,19154697,2959
167342,592,486,1120,0,0,11200,0,0,0,19156882,19156882,2959
167357,592,553,1120,0,0,11200,0,0,0,19158929,19158929,2959
167372,592,617,1120,0,0,11200,0,0,0,19160931,19160931,2959
167388,592,676,1120,0,0,11200,0,0,0,19162449,19162449,2959
167403,592,716,1120,0,0,11200,0,0,0,19164017,19164017,2959
167418,592,814,1120,0,0,11200,0,0,0,19165825,19165825,2959
167434,592,901,1120,0,0,11200,0,0,0,19167839,19167839,2959
167449,592,956,1120,0,0,11200,0,0,0,19169204,19169204,2959
167473,592,1013,1120,0,0,11200,0,0,0,19171009,19171009,2959
167488,592,1073,1120,0,0,11200,0,0,0,19172753,19172753,2959
167503,593,32,1120,0,0,11200,0,0,0,19174999,19174999,2959
167519,593,134,1120,0,0,11200,0,0,0,19177597,19177597,2959
167534,593,188,1120,0,0,11200,0,0,0,19180020,19180020,2959
167550,593,234,1120,0,0,11200,0,0,0,19182143,19182143,2959
167566,593,287,1120,0,0,11200,0,0,0,19184447,19184447,2959
167581,593,347,1120,0,0,11200,0,0,0,19186412,19186412,2959
167597,593,425,1120,0,0,11200,0,0,0,19188411,19188411,2959
167612,593,513,1120,0,0,11200,0,0,0,19190516,19190516,2959
167627,593,579,1120,0,0,11200,0,0,0,19192585,19192585,2959
167643,593,663,1120,0,0,11200,0,0,0,19194750,19194750,2959
167658,593,707,1120,0,0,11200,0,0,0,19196128,19196128,2959
167673,593,771,1120,0,0,11200,0,0,0,19197994,19197994,2959
167688,593,875,1120,0,0,11200,0,0,0,19199777,19199777,2959
167704,593,953,1120,0,0,11200,0,0,0,19201847,19201847,2959
167725,593,1013,1120,0,0,11200,0,0,0,19203432,19203432,2959
167740,593,1084,1120,0,0,11200,0,0,0,19205296,19205296,2959
167756,594,42,1120,0,0,11200,0,0,0,19207542,19207542,2959
167771,594,133,1120,0,0,11200,0,0,0,19209830,19209830,2959
167786,594,191,1120,0,0,11200,0,0,0,19212102,19212102,2959
167801,594,247,1120,0,0,11200,0,0,0,19214179,19214179,2959
167817,594,292,1120,0,0,11200,0,0,0,19216431,19216431,2959
167832,594,362,1120,0,0,11200,0,0,0,19218537,19218537,2959
167848,594,435,1120,0,0,11200,0,0,0,19220710,19220710,2959
167863,594,520,1120,0,0,11200,0,0,0,19222809,19222809,2959
167878,594,586,1120,0,0,11200,0,0,0,19224876,19224876,2959
167894,594,633,1120,0,0,11200,0,0,0,19226440,19226440,2959
167909,594,683,1120,0,0,11200,0,0,0,19228043,19228043,2959
167925,594,737,1120,0,0,11200,0,0,0,19229948,19229948,2959
167940,594,815,1120,0,0,11200,0,0,0,19231631,19231631,2959
167955,594,890,1120,0,0,11200,0,0,0,19233432,19233432,2959
167970,594,969,1120,0,0,11200,0,0,0,19235190,19235190,2959
167989,594,1013,1120,0,0,11200,0,0,0,19236444,19236444,2959
168004,594,1077,1120,0,0,11200,0,0,0,19238334,19238334,2959
168020,595,25,1120,0,0,11200,0,0,0,19240402,19240402,2959
168035,595,124,1120,0,0,11200,0,0,0,19242844,19242844,2959
168050,595,181,1120,0,0,11200,0,0,0,19245208,19245208,2959
168066,595,242,1120,0,0,11200,0,0,0,19247469,19247469,2959
168081,595,292,1120,0,0,11200,0,0,0,19249868,19249868,2959
168096,595,359,1120,0,0,11200,0,0,0,19251978,19251978,2959
168112,595,429,1120,0,0,11200,0,0,0,19254046,19254046,2959
168127,595,520,1120,0,0,11200,0,0,0,19256242,19256242,2959
168142,595,597,1120,0,0,11200,0,0,0,19258201,19258201,2959
168157,595,653,1120,0,0,11200,0,0,0,19259797,19259797,2959
168173,595,703,1120,0,0,11200,0,0,0,19261503,19261503,2959
168188,595,750,1120,0,0,11200,0,0,0,19263031,19263031,2959
168204,595,838,1120,0,0,11200,0,0,0,19264786,19264786,2959
168220,595,920,1120,0,0,11200,0,0,0,19266582,19266582,2959
168236,595,988,1120,0,0,11200,0,0,0,19268431,19268431,2959
168251,595,1014,1120,0,0,11200,0,0,0,19269359,19269359,2959
168267,596,1092,1120,0,0,11200,0,0,0,19271516,19271516,2959
168282,596,67,1120,0,0,11200,0,0,0,19273736,19273736,2959
168297,596,138,1120,0,0,11200,0,0,0,19275751,19275751,2959
168312,596,206,1120,0,0,11200,0,0,0,19278045,19278045,2959
168328,596,268,1120,0,0,11200,0,0,0,19280276,19280276,2959
168343,596,324,1120,0,0,11200,0,0,0,19282396,19282396,2959
168358,596,396,1120,0,0,11200,0,0,0,19284522,19284522,2959
168374,596,475,1120,0,0,11200,0,0,0,19286673,19286673,2959
168389,596,557,1120,0,0,11200,0,0,0,19288750,19288750,2959
168405,596,615,1120,0,0,11200,0,0,0,19290724,19290724,2959
168420,596,657,1120,0,0,11200,0,0,0,19291871,19291871,2959
168435,596,701,1120,0,0,11200,0,0,0,19293187,19293187,2959
168450,596,763,1120,0,0,11200,0,0,0,19295032,19295032,2959
168466,596,852,1120,0,0,11200,0,0,0,19296807,19296807,2959
168481,596,924,1120,0,0,11200,0,0,0,19298692,19298692,2959
168496,596,1002,1120,0,0,11200,0,0,0,19300591,19300591,2959
168512,596,1048,1120,0,0,11200,0,0,0,19301803,19301803,2959
168527,597,11,1120,0,0,11200,0,0,0,19303661,19303661,2959
168542,597,113,1120,0,0,11200,0,0,0,19305992,19305992,2959
168558,597,158,1120,0,0,11200,0,0,0,19308157,19308157,2959
168573,597,206,1120,0,0,11200,0,0,0,19310231,19310231,2959
168588,597,261,1120,0,0,11200,0,0,0,19312478,19312478,2959
168604,597,306,1120,0,0,11200,0,0,0,19314436,19314436,2959
168619,597,362,1120,0,0,11200,0,0,0,19316394,19316394,2959
168634,597,441,1120,0,0,11200,0,0,0,19318570,19318570,2959
168649,597,547,1120,0,0,11200,0,0,0,19320790,19320790,2959
168665,597,617,1120,0,0,11200,0,0,0,19322921,19322921,2959
168680,597,674,1120,0,0,11200,0,0,0,19324225,19324225,2959
168695,597,730,1120,0,0,11200,0,0,0,19325878,19325878,2959
168711,597,814,1120,0,0,11200,0,0,0,19327585,19327585,2959
168726,597,881,1120,0,0,11200,0,0,0,19329335,19329335,2959
168753,597,921,1120,0,0,11200,0,0,0,19330537,19330537,2959
168769,597,1002,1120,0,0,11200,0,0,0,19332620,19332620,2959
168784,597,1068,1120,0,0,11200,0,0,0,19334162,19334162,2959
168799,598,25,1120,0,0,11200,0,0,0,19336219,19336219,2959
168814,598,123,1120,0,0,11200,0,0,0,19338842,19338842,2959
168829,598,188,1120,0,0,11200,0,0,0,19341111,19341111,2959
168844,598,246,1120,0,0,11200,0,0,0,19343153,19343153,2959
168860,598,298,1120,0,0,11200,0,0,0,19345316,19345316,2959
168875,598,350,1120,0,0,11200,0,0,0,19347314,19347314,2959
168891,598,431,1120,0,0,11200,0,0,0,19349486,19349486,2959
168906,598,531,1120,0,0,11200,0,0,0,19351672,19351672,2959
168921,598,593,1120,0,0,11200,0,0,0,19353546,19353546,2959
168939,598,651,1120,0,0,11200,0,0,0,19355188,19355188,2959
168954,598,704,1120,0,0,11200,0,0,0,19356668,19356668,2959
168969,598,762,1120,0,0,11200,0,0,0,19358610,19358610,2959
168985,598,852,1120,0,0,11200,0,0,0,19360261,19360261,2959
169000,598,927,1120,0,0,11200,0,0,0,19362148,19362148,2959
169015,598,994,1120,0,0,11200,0,0,0,19364092,19364092,2959
169031,598,1061,1120,0,0,11200,0,0,0,19365918,19365918,2959
169046,599,5,1120,0,0,11200,0,0,0,19367464,19367464,2959
169061,599,72,1120,0,0,11200,0,0,0,19369856,19369856,2959
169077,599,152,1120,0,0,11200,0,0,0,19372193,19372193,2959
169092,599,221,1120,0,0,11200,0,0,0,19374650,19374650,2959
169107,599,272,1120,0,0,11200,0,0,0,19376910,19376910,2959
169123,599,336,1120,0,0,11200,0,0,0,19379005,19379005,2959
169138,599,402,1120,0,0,11200,0,0,0,19380955,19380955,2959
169153,599,498,1120,0,0,11200,0,0,0,19383352,19383352,2959
169168,599,556,1120,0,0,11200,0,0,0,19385385,19385385,2959
169184,599,633,1120,0,0,11200,0,0,0,19387414,19387414,2959
169200,599,689,1120,0,0,11200,0,0,0,19388922,19388922,2959
169216,599,740,1120,0,0,11200,0,0,0,19390800,19390800,2959
169231,599,832,1120,0,0,11200,0,0,0,19392582,19392582,2959
169246,599,911,1120,0,0,11200,0,0,0,19394305,19394305,2959
169261,599,985,1120,0,0,11200,0,0,0,19396168,19396168,2959
169278,599,1064,1120,0,0,11200,0,0,0,19398207,19398207,2959
169293,600,25,1120,0,0,11200,0,0,0,19400447,19400447,2959
169309,600,119,1120,0,0,11200,0,0,0,19402516,19402516,2959
169324,600,180,1120,0,0,11200,0,0,0,19404958,19404958,2959
169339,600,238,1120,0,0,11200,0,0,0,19407186,19407186,2959
169354,600,289,1120,0,0,11200,0,0,0,19409277,19409277,2959
169370,600,344,1120,0,0,11200,0,0,0,19411294,19411294,2959
169385,600,431,1120,0,0,11200,0,0,0,19413577,19413577,2959
169400,600,518,1120,0,0,11200,0,0,0,19415672,19415672,2959
169417,600,584,1120,0,0,11200,0,0,0,19417877,19417877,2959
169433,600,651,1120,0,0,11200,0,0,0,19419446,19419446,2959
169449,600,703,1120,0,0,11200,0,0,0,19421240,19421240,2959
169465,600,765,1120,0,0,11200,0,0,0,19422995,19422995,2959
169481,600,875,1120,0,0,11200,0,0,0,19424984,19424984,2959
169496,600,950,1120,0,0,11200,0,0,0,19426815,19426815,2959
169512,600,1012,1120,0,0,11200,0,0,0,19428728,19428728,2959
169527,600,1086,1120,0,0,11200,0,0,0,19430414,19430414,2959
169542,601,31,1120,0,0,11200,0,0,0,19432548,19432548,2959
169558,601,131,1120,0,0,11200,0,0,0,19435066,19435066,2959
169573,601,181,1120,0,0,11200,0,0,0,19437212,19437212,2959
169588,601,242,1120,0,0,11200,0,0,0,19439478,19439478,2959
169603,601,288,1120,0,0,11200,0,0,0,19441698,19441698,2959
169618,601,348,1120,0,0,11200,0,0,0,19443608,19443608,2959
169633,601,429,1120,0,0,11200,0,0,0,19445665,19445665,2959
169649,601,518,1120,0,0,11200,0,0,0,19447871,19447871,2959
169664,601,611,1120,0,0,11200,0,0,0,19450034,19450034,2959
169681,601,667,1120,0,0,11200,0,0,0,19451351,19451351,2959
169696,601,699,1120,0,0,11200,0,0,0,19452600,19452600,2959
169712,601,769,1120,0,0,11200,0,0,0,19454569,19454569,2959
169727,601,855,1120,0,0,11200,0,0,0,19456341,19456341,2959
169744,601,920,1120,0,0,11200,0,0,0,19458138,19458138,2959
169760,601,999,1120,0,0,11200,0,0,0,19460162,19460162,2959
169775,601,1021,1120,0,0,11200,0,0,0,19460898,19460898,2959
169790,601,1080,1120,0,0,11200,0,0,0,19462810,19462810,2959
169806,602,43,1120,0,0,11200,0,0,0,19465052,19465052,2959
169821,602,135,1120,0,0,11200,0,0,0,19467269,19467269,2959
169836,602,200,1120,0,0,11200,0,0,0,19469671,19469671,2959
169851,602,253,1120,0,0,11200,0,0,0,19471752,19471752,2959
169866,602,304,1120,0,0,11200,0,0,0,19473794,19473794,2959
169882,602,367,1120,0,0,11200,0,0,0,19476029,19476029,2959
169897,602,433,1120,0,0,11200,0,0,0,19478040,19478040,2959
169913,602,523,1120,0,0,11200,0,0,0,19480150,19480150,2959
169929,602,598,1120,0,0,11200,0,0,0,19482290,19482290,2959
169944,602,674,1120,0,0,11200,0,0,0,19484111,19484111,2959
169960,602,717,1120,0,0,11200,0,0,0,19485717,19485717,2959
169975,602,791,1120,0,0,11200,0,0,0,19487676,19487676,2959
169990,602,885,1120,0,0,11200,0,0,0,19489610,19489610,2959
170005,602,953,1120,0,0,11200,0,0,0,19491305,19491305,2959
170021,602,1013,1120,0,0,11200,0,0,0,19493001,19493001,2959
170036,602,1069,1120,0,0,11200,0,0,0,19494753,19494753,2959
170051,603,28,1120,0,0,11200,0,0,0,19497154,19497154,2959
170066,603,136,1120,0,0,11200,0,0,0,19499554,19499554,2959
170081,603,201,1120,0,0,11200,0,0,0,19501915,19501915,2959
170097,603,247,1120,0,0,11200,0,0,0,19504060,19504060,2959
170112,603,298,1120,0,0,11200,0,0,0,19506086,19506086,2959
170127,603,347,1120,0,0,11200,0,0,0,19507978,19507978,2959
170142,603,416,1120,0,0,11200,0,0,0,19510041,19510041,2959
170158,603,508,1120,0,0,11200,0,0,0,19512195,19512195,2959
170173,603,581,1120,0,0,11200,0,0,0,19514439,19514439,2959
170188,603,646,1120,0,0,11200,0,0,0,19516228,19516228,2959
170204,603,683,1120,0,0,11200,0,0,0,19517518,19517518,2959
170219,603,723,1120,0,0,11200,0,0,0,19519200,19519200,2959
170234,603,808,1120,0,0,11200,0,0,0,19520921,19520921,2959
170249,603,890,1120,0,0,11200,0,0,0,19522866,19522866,2959
170264,603,950,1120,0,0,11200,0,0,0,19524366,19524366,2959
170287,603,1013,1120,0,0,11200,0,0,0,19526057,19526057,2959
170302,603,1068,1120,0,0,11200,0,0,0,19527596,19527596,2959
170317,604,24,1120,0,0,11200,0,0,0,19529792,19529792,2959
170333,604,122,1120,0,0,11200,0,0,0,19532085,19532085,2959
170348,604,180,1120,0,0,11200,0,0,0,19534591,19534591,2959
170364,604,241,1120,0,0,11200,0,0,0,19536778,19536778,2959
170379,604,280,1120,0,0,11200,0,0,0,19539032,19539032,2959
170394,604,329,1120,0,0,11200,0,0,0,19540991,19540991,2959
170410,604,396,1120,0,0,11200,0,0,0,19543055,19543055,2959
170425,604,460,1120,0,0,11200,0,0,0,19545103,19545103,2959
170441,604,568,1120,0,0,11200,0,0,0,19547369,19547369,2959
170457,604,642,1120,0,0,11200,0,0,0,19549553,19549553,2959
170472,604,689,1120,0,0,11200,0,0,0,19551180,19551180,2959
170488,604,737,1120,0,0,11200,0,0,0,19553037,19553037,2959
170504,604,822,1120,0,0,11200,0,0,0,19554724,19554724,2959
170519,604,890,1120,0,0,11200,0,0,0,19556556,19556556,2959
170534,604,946,1120,0,0,11200,0,0,0,19557922,19557922,2959
170556,604,1013,1120,0,0,11200,0,0,0,19559729,19559729,2959
170572,604,1067,1120,0,0,11200,0,0,0,19561702,19561702,2959
170587,605,18,1120,0,0,11200,0,0,0,19564024,19564024,2959
170602,605,116,1120,0,0,11200,0,0,0,19566577,19566577,2959
170618,605,168,1120,0,0,11200,0,0,0,19568910,19568910,2959
170633,605,225,1120,0,0,11200,0,0,0,19571095,19571095,2959
170649,605,275,1120,0,0,11200,0,0,0,19573254,19573254,2959
170664,605,314,1120,0,0,11200,0,0,0,19575169,19575169,2959
170679,605,388,1120,0,0,11200,0,0,0,19577169,19577169,2959
170694,605,461,1120,0,0,11200,0,0,0,19579204,19579204,2959
170710,605,543,1120,0,0,11200,0,0,0,19581249,19581249,2959
170725,605,601,1120,0,0,11200,0,0,0,19583325,19583325,2959
170740,605,667,1120,0,0,11200,0,0,0,19584979,19584979,2959
170756,605,703,1120,0,0,11200,0,0,0,19586280,19586280,2959
170771,605,761,1120,0,0,11200,0,0,0,19588164,19588164,2959
170787,605,845,1120,0,0,11200,0,0,0,19589918,19589918,2959
170802,605,924,1120,0,0,11200,0,0,0,19591836,19591836,2959
170818,605,999,1120,0,0,11200,0,0,0,19593913,19593913,2959
170833,605,1039,1120,0,0,11200,0,0,0,19595102,19595102,2959
170848,606,6,1120,0,0,11200,0,0,0,19597018,19597018,2959
170863,606,107,1120,0,0,11200,0,0,0,19599423,19599423,2959
170879,606,163,1120,0,0,11200,0,0,0,19601697,19601697,2959
170894,606,216,1120,0,0,11200,0,0,0,19603976,19603976,2959
170910,606,276,1120,0,0,11200,0,0,0,19606196,19606196,2959
170925,606,336,1120,0,0,11200,0,0,0,19608270,19608270,2959
170940,606,397,1120,0,0,11200,0,0,0,19610102,19610102,2959
170956,606,472,1120,0,0,11200,0,0,0,19612298,19612298,2959
170971,606,552,1120,0,0,11200,0,0,0,19614503,19614503,2959
170986,606,629,1120,0,0,11200,0,0,0,19616471,19616471,2959
171001,606,685,1120,0,0,11200,0,0,0,19618103,19618103,2959
171017,606,761,1120,0,0,11200,0,0,0,19619939,19619939,2959
171032,606,855,1120,0,0,11200,0,0,0,19621696,19621696,2959
171047,606,947,1120,0,0,11200,0,0,0,19623686,19623686,2959
171065,606,1013,1120,0,0,11200,0,0,0,19625359,19625359,2959
171080,607,1103,1120,0,0,11200,0,0,0,19627387,19627387,2959
171095,607,72,1120,0,0,11200,0,0,0,19629638,19629638,2959
171110,607,152,1120,0,0,11200,0,0,0,19632024,19632024,2959
171125,607,225,1120,0,0,11200,0,0,0,19634358,19634358,2959
171140,607,274,1120,0,0,11200,0,0,0,19636516,19636516,2959
171155,607,338,1120,0,0,11200,0,0,0,19638612,19638612,2959
171171,607,411,1120,0,0,11200,0,0,0,19640742,19640742,2959
171186,607,501,1120,0,0,11200,0,0,0,19642869,19642869,2959
171201,607,568,1120,0,0,11200,0,0,0,19644835,19644835,2959
171216,607,648,1120,0,0,11200,0,0,0,19646677,19646677,2959
171232,607,696,1120,0,0,11200,0,0,0,19648221,19648221,2959
171248,607,739,1120,0,0,11200,0,0,0,19649791,19649791,2959
171263,607,829,1120,0,0,11200,0,0,0,19651627,19651627,2959
171278,607,906,1120,0,0,11200,0,0,0,19653579,19653579,2959
171294,607,993,1120,0,0,11200,0,0,0,19655656,19655656,2959
171309,607,1039,1120,0,0,11200,0,0,0,19657048,19657048,2959
171324,608,3,1120,0,0,11200,0,0,0,19659001,19659001,2959
171339,608,75,1120,0,0,11200,0,0,0,19661336,19661336,2959
171354,608,147,1120,0,0,11200,0,0,0,19663649,19663649,2959
171370,608,213,1120,0,0,11200,0,0,0,19666043,19666043,2959
171385,608,261,1120,0,0,11200,0,0,0,19668227,19668227,2959
171400,608,321,1120,0,0,11200,0,0,0,19670384,19670384,2959
171415,608,372,1120,0,0,11200,0,0,0,19672376,19672376,2959
171430,608,451,1120,0,0,11200,0,0,0,19674541,19674541,2959
171446,608,541,1120,0,0,11200,0,0,0,19676749,19676749,2959
171461,608,602,1120,0,0,11200,0,0,0,19678749,19678749,2959
171476,608,653,1120,0,0,11200,0,0,0,19680176,19680176,2959
171491,608,709,1120,0,0,11200,0,0,0,19681656,19681656,2959
171507,608,772,1120,0,0,11200,0,0,0,19683606,19683606,2959
171522,608,885,1120,0,0,11200,0,0,0,19685521,19685521,2959
171537,608,924,1120,0,0,11200,0,0,0,19686348,19686348,2959
171552,608,1009,1120,0,0,11200,0,0,0,19688378,19688378,2959
171568,608,1080,1120,0,0,11200,0,0,0,19690430,19690430,2959
171583,609,32,1120,0,0,11200,0,0,0,19692773,19692773,2959
171598,609,137,1120,0,0,11200,0,0,0,19695331,19695331,2959
171614,609,204,1120,0,0,11200,0,0,0,19697759,19697759,2959
171629,609,264,1120,0,0,11200,0,0,0,19700027,19700027,2959
171644,609,313,1120,0,0,11200,0,0,0,19701992,19701992,2959
171659,609,366,1120,0,0,11200,0,0,0,19703884,19703884,2959
171674,609,437,1120,0,0,11200,0,0,0,19705928,19705928,2959
171690,609,543,1120,0,0,11200,0,0,0,19708235,19708235,2959
171705,609,608,1120,0,0,11200,0,0,0,19710353,19710353,2959
171721,609,671,1120,0,0,11200,0,0,0,19712070,19712070,2959
171736,609,712,1120,0,0,11200,0,0,0,19713433,19713433,2959
171751,609,771,1120,0,0,11200,0,0,0,19715248,19715248,2959
171767,609,851,1120,0,0,11200,0,0,0,19716972,19716972,2959
171782,609,927,1120,0,0,11200,0,0,0,19718798,19718798,2959
171798,609,1008,1120,0,0,11200,0,0,0,19720787,19720787,2959
171813,609,1042,1120,0,0,11200,0,0,0,19721929,19721929,2959
171828,610,5,1120,0,0,11200,0,0,0,19723736,19723736,2959
171843,610,91,1120,0,0,11200,0,0,0,19725951,19725951,2959
171859,610,146,1120,0,0,11200,0,0,0,19728188,19728188,2959
171874,610,211,1120,0,0,11200,0,0,0,19730517,19730517,2959
171889,610,265,1120,0,0,11200,0,0,0,19732986,19732986,2959
171905,610,312,1120,0,0,11200,0,0,0,19734819,19734819,2959
171920,610,369,1120,0,0,11200,0,0,0,19736883,19736883,2959
171935,610,440,1120,0,0,11200,0,0,0,19739156,19739156,2959
171951,610,522,1120,0,0,11200,0,0,0,19741362,19741362,2959
171966,610,591,1120,0,0,11200,0,0,0,19743409,19743409,2959
171981,610,654,1120,0,0,11200,0,0,0,19745059,19745059,2959
171997,610,701,1120,0,0,11200,0,0,0,19746435,19746435,2959
172012,610,769,1120,0,0,11200,0,0,0,19748455,19748455,2959
172028,610,852,1120,0,0,11200,0,0,0,19750165,19750165,2959
172045,610,920,1120,0,0,11200,0,0,0,19752036,19752036,2959
172061,610,1002,1120,0,0,11200,0,0,0,19753949,19753949,2959
172079,610,1013,1120,0,0,11200,0,0,0,19754339,19754339,2959
172095,610,1080,1120,0,0,11200,0,0,0,19756346,19756346,2959
172110,611,71,1120,0,0,11200,0,0,0,19758773,19758773,2959
172125,611,141,1120,0,0,11200,0,0,0,19761011,19761011,2959
172140,611,205,1120,0,0,11200,0,0,0,19763315,19763315,2959
172156,611,251,1120,0,0,11200,0,0,0,19765534,19765534,2959
172171,611,301,1120,0,0,11200,0,0,0,19767558,19767558,2959
172186,611,357,1120,0,0,11200,0,0,0,19769742,19769742,2959
172201,611,430,1120,0,0,11200,0,0,0,19771953,19771953,2959
172217,611,521,1120,0,0,11200,0,0,0,19774121,19774121,2959
172232,611,593,1120,0,0,11200,0,0,0,19776378,19776378,2959
172247,611,666,1120,0,0,11200,0,0,0,19778102,19778102,2959
172263,611,711,1120,0,0,11200,0,0,0,19779655,19779655,2959
172278,611,761,1120,0,0,11200,0,0,0,19781376,19781376,2959
172294,611,838,1120,0,0,11200,0,0,0,19782833,19782833,2959
172309,611,909,1120,0,0,11200,0,0,0,19784612,19784612,2959
172324,611,983,1120,0,0,11200,0,0,0,19786367,19786367,2959
172341,611,1013,1120,0,0,11200,0,0,0,19787443,19787443,2959
172357,611,1086,1120,0,0,11200,0,0,0,19789604,19789604,2959
172372,612,60,1120,0,0,11200,0,0,0,19791985,19791985,2959
172387,612,136,1120,0,0,11200,0,0,0,19794400,19794400,2959
172403,612,191,1120,0,0,11200,0,0,0,19796336,19796336,2959
172418,612,249,1120,0,0,11200,0,0,0,19798673,19798673,2959
172434,612,301,1120,0,0,11200,0,0,0,19801035,19801035,2959
172449,612,371,1120,0,0,11200,0,0,0,19803264,19803264,2959
172465,612,437,1120,0,0,11200,0,0,0,19805402,19805402,2959
172480,612,517,1120,0,0,11200,0,0,0,19807436,19807436,2959
172495,612,588,1120,0,0,11200,0,0,0,19809513,19809513,2959
172510,612,648,1120,0,0,11200,0,0,0,19811220,19811220,2959
172525,612,699,1120,0,0,11200,0,0,0,19812630,19812630,2959
172541,612,769,1120,0,0,11200,0,0,0,19814533,19814533,2959
172556,612,875,1120,0,0,11200,0,0,0,19816341,19816341,2959
172571,612,930,1120,0,0,11200,0,0,0,19817798,19817798,2959
172587,612,1002,1120,0,0,11200,0,0,0,19819719,19819719,2959
172602,612,1013,1120,0,0,11200,0,0,0,19820181,19820181,2959
172617,612,1084,1120,0,0,11200,0,0,0,19822014,19822014,2959
172632,613,43,1120,0,0,11200,0,0,0,19824123,19824123,2959
172648,613,137,1120,0,0,11200,0,0,0,19826511,19826511,2959
172663,613,207,1120,0,0,11200,0,0,0,19828880,19828880,2959
172678,613,256,1120,0,0,11200,0,0,0,19831185,19831185,2959
172694,613,305,1120,0,0,11200,0,0,0,19833325,19833325,2959
172709,613,362,1120,0,0,11200,0,0,0,19835419,19835419,2959
172724,613,437,1120,0,0,11200,0,0,0,19837549,19837549,2959
172739,613,525,1120,0,0,11200,0,0,0,19839739,19839739,2959
172755,613,593,1120,0,0,11200,0,0,0,19841832,19841832,2959
172771,613,651,1120,0,0,11200,0,0,0,19843418,19843418,2959
172786,613,696,1120,0,0,11200,0,0,0,19844776,19844776,2959
172801,613,765,1120,0,0,11200,0,0,0,19846602,19846602,2959
172817,613,845,1120,0,0,11200,0,0,0,19848207,19848207,2959
172833,613,920,1120,0,0,11200,0,0,0,19849945,19849945,2959
172848,613,992,1120,0,0,11200,0,0,0,19851882,19851882,2959
172863,613,1033,1120,0,0,11200,0,0,0,19853069,19853069,2959
172878,614,6,1120,0,0,11200,0,0,0,19855136,19855136,2959
172893,614,75,1120,0,0,11200,0,0,0,19857048,19857048,2959
172909,614,148,1120,0,0,11200,0,0,0,19859232,19859232,2959
172924,614,217,1120,0,0,11200,0,0,0,19861789,19861789,2959
172939,614,266,1120,0,0,11200,0,0,0,19863972,19863972,2959
172954,614,321,1120,0,0,11200,0,0,0,19866173,19866173,2959
172969,614,378,1120,0,0,11200,0,0,0,19868104,19868104,2959
172985,614,439,1120,0,0,11200,0,0,0,19870255,19870255,2959
173000,614,546,1120,0,0,11200,0,0,0,19872483,19872483,2959
173015,614,615,1120,0,0,11200,0,0,0,19874564,19874564,2959
173030,614,664,1120,0,0,11200,0,0,0,19875758,19875758,2959
173045,614,719,1120,0,0,11200,0,0,0,19877497,19877497,2959
173061,614,773,1120,0,0,11200,0,0,0,19879391,19879391,2959
173076,614,876,1120,0,0,11200,0,0,0,19881319,19881319,2959
173092,614,924,1120,0,0,11200,0,0,0,19882537,19882537,2959
173107,614,992,1120,0,0,11200,0,0,0,19884194,19884194,2959
173128,614,1013,1120,0,0,11200,0,0,0,19884907,19884907,2959
173144,614,1080,1120,0,0,11200,0,0,0,19886803,19886803,2959
173159,615,32,1120,0,0,11200,0,0,0,19889308,19889308,2959
173174,615,132,1120,0,0,11200,0,0,0,19891758,19891758,2959
173189,615,195,1120,0,0,11200,0,0,0,19894154,19894154,2959
173204,615,245,1120,0,0,11200,0,0,0,19896302,19896302,2959
173220,615,286,1120,0,0,11200,0,0,0,19898564,19898564,2959
173235,615,339,1120,0,0,11200,0,0,0,19900465,19900465,2959
173250,615,407,1120,0,0,11200,0,0,0,19902521,19902521,2959
173265,615,505,1120,0,0,11200,0,0,0,19904638,19904638,2959
173280,615,586,1120,0,0,11200,0,0,0,19906884,19906884,2959
173295,615,650,1120,0,0,11200,0,0,0,19908730,19908730,2959
173310,615,699,1120,0,0,11200,0,0,0,19910105,19910105,2959
173326,615,754,1120,0,0,11200,0,0,0,19912041,19912041,2959
