# relative_time, cycles_done, cur_item, corpus_count, pending_total, pending_favs, total_edges, saved_crashes, saved_hangs, max_depth, execs_per_sec, execs_done, edges_found16,0,14,198,186,0,31168,0,0,0,851,851,3232
31,0,26,238,217,0,31168,0,0,0,1667,1667,3301
47,0,100,254,219,0,31168,0,0,0,2543,2543,3334
62,0,118,273,227,0,31168,0,0,0,3423,3423,3394
78,0,142,284,226,0,31168,0,0,0,4270,4270,3404
93,0,160,318,246,0,31168,0,0,0,5135,5135,3480
110,0,181,323,236,0,31168,0,0,0,6104,6104,3490
125,0,197,334,235,0,31168,0,0,0,6884,6884,3535
141,0,224,344,229,0,31168,0,0,0,7745,7745,3581
156,0,241,352,223,0,31168,0,0,0,8595,8595,3589
171,0,275,361,217,0,31168,0,0,0,9424,9424,3594
187,0,313,375,215,0,31168,0,0,0,10272,10272,3606
204,0,333,383,210,0,31168,0,0,0,11130,11130,3627
219,0,355,390,202,0,31168,0,0,0,11965,11965,3677
234,0,379,403,202,0,31168,0,0,0,12801,12801,3692
250,0,403,416,201,0,31168,0,0,0,13552,13552,3700
265,1,7,422,200,0,31168,0,0,0,14461,14461,3700
281,1,21,425,203,0,31168,0,0,0,15334,15334,3700
297,1,95,429,204,0,31168,0,0,0,16213,16213,3713
312,1,122,433,208,0,31168,0,0,0,17126,17126,3716
328,1,145,438,213,0,31168,0,0,0,17956,17956,3750
344,1,164,441,216,0,31168,0,0,0,18802,18802,3757
359,1,183,446,221,0,31168,0,0,0,19665,19665,3766
376,1,204,447,222,0,31168,0,0,0,20583,20583,3767
391,1,227,447,221,0,31168,0,0,0,21385,21385,3767
407,1,243,449,222,0,31168,0,0,0,22255,22255,3770
422,1,265,451,223,0,31168,0,0,0,23079,23079,3773
437,1,303,455,227,0,31168,0,0,0,23874,23874,3779
453,1,322,459,230,0,31168,0,0,0,24732,24732,3794
468,1,343,462,232,0,31168,0,0,0,25563,25563,3797
484,1,376,463,231,0,31168,0,0,0,26433,26433,3797
500,1,400,472,240,0,31168,0,0,0,27253,27253,3801
517,1,431,476,238,0,31168,0,0,0,28197,28197,3808
532,1,449,484,232,0,31168,0,0,0,28952,28952,3810
549,1,482,502,230,0,31168,0,0,0,29858,29858,3866
565,2,6,508,225,0,31168,0,0,0,30753,30753,3893
580,2,19,508,225,0,31168,0,0,0,31598,31598,3893
595,2,44,508,223,0,31168,0,0,0,32452,32452,3893
613,2,113,510,224,0,31168,0,0,0,33366,33366,3980
629,2,131,510,223,0,31168,0,0,0,34339,34339,3980
644,2,150,513,225,0,31168,0,0,0,35214,35214,3981
659,2,170,514,226,0,31168,0,0,0,36062,36062,3981
676,2,189,515,226,0,31168,0,0,0,36918,36918,3984
692,2,218,516,226,0,31168,0,0,0,37758,37758,3984
708,2,233,520,230,0,31168,0,0,0,38585,38585,3989
723,2,260,522,232,0,31168,0,0,0,39497,39497,3991
738,2,300,523,232,0,31168,0,0,0,40257,40257,3991
754,2,323,526,234,0,31168,0,0,0,41101,41101,3991
769,2,345,527,235,0,31168,0,0,0,41950,41950,3991
785,2,371,528,235,0,31168,0,0,0,42821,42821,4001
800,2,400,529,236,0,31168,0,0,0,43619,43619,4008
816,2,429,532,239,0,31168,0,0,0,44432,44432,4009
832,2,448,539,246,0,31168,0,0,0,45331,45331,4016
848,2,474,545,252,0,31168,0,0,0,46088,46088,4043
864,2,502,550,255,0,31168,0,0,0,46933,46933,4044
880,2,521,556,251,0,31168,0,0,0,47681,47681,4050
895,2,550,560,242,0,31168,0,0,0,48458,48458,4059
910,3,7,561,238,0,31168,0,0,0,49354,49354,4059
926,3,36,563,239,0,31168,0,0,0,50221,50221,4062
942,3,103,566,241,0,31168,0,0,0,51084,51084,4062
958,3,129,566,241,0,31168,0,0,0,52045,52045,4062
974,3,154,566,241,0,31168,0,0,0,52860,52860,4062
989,3,172,567,242,0,31168,0,0,0,53689,53689,4070
1004,3,189,569,244,0,31168,0,0,0,54531,54531,4072
1019,3,215,569,244,0,31168,0,0,0,55356,55356,4072
1035,3,232,570,245,0,31168,0,0,0,56251,56251,4072
1051,3,260,571,246,0,31168,0,0,0,57082,57082,4072
1066,3,302,573,248,0,31168,0,0,0,57907,57907,4073
1082,3,331,574,249,0,31168,0,0,0,58777,58777,4073
1097,3,347,574,249,0,31168,0,0,0,59639,59639,4073
1113,3,377,574,249,0,31168,0,0,0,60492,60492,4073
1128,3,399,577,251,0,31168,0,0,0,61296,61296,4074
1144,3,429,578,251,0,31168,0,0,0,62082,62082,4075
1160,3,447,580,253,0,31168,0,0,0,62942,62942,4075
1176,3,467,582,255,0,31168,0,0,0,63777,63777,4076
1193,3,485,583,256,0,31168,0,0,0,64683,64683,4076
1209,3,516,586,259,0,31168,0,0,0,65501,65501,4077
1224,3,536,589,262,0,31168,0,0,0,66322,66322,4081
1240,3,566,590,259,0,31168,0,0,0,67132,67132,4081
1255,3,587,593,250,0,31168,0,0,0,67967,67967,4090
1271,4,14,593,247,0,31168,0,0,0,68862,68862,4090
1287,4,59,594,246,0,31168,0,0,0,69742,69742,4092
1304,4,113,594,246,0,31168,0,0,0,70641,70641,4092
1320,4,144,595,247,0,31168,0,0,0,71586,71586,4092
1336,4,165,597,249,0,31168,0,0,0,72399,72399,4093
1352,4,182,597,249,0,31168,0,0,0,73328,73328,4093
1368,4,197,598,250,0,31168,0,0,0,74149,74149,4094
1384,4,209,599,250,0,31168,0,0,0,74971,74971,4094
1399,4,226,599,249,0,31168,0,0,0,75842,75842,4094
1415,4,246,599,248,0,31168,0,0,0,76751,76751,4094
1431,4,285,599,248,0,31168,0,0,0,77594,77594,4094
1447,4,317,600,249,0,31168,0,0,0,78460,78460,4094
1463,4,334,601,249,0,31168,0,0,0,79375,79375,4094
1479,4,357,601,249,0,31168,0,0,0,80270,80270,4094
1495,4,385,601,249,0,31168,0,0,0,81135,81135,4094
1512,4,406,602,250,0,31168,0,0,0,82037,82037,4095
1528,4,435,602,247,0,31168,0,0,0,82848,82848,4095
1545,4,449,605,250,0,31168,0,0,0,83742,83742,4099
1560,4,472,607,250,0,31168,0,0,0,84575,84575,4099
1575,4,494,607,250,0,31168,0,0,0,85350,85350,4099
1590,4,521,608,251,0,31168,0,0,0,86169,86169,4099
1607,4,550,608,249,0,31168,0,0,0,87061,87061,4099
1623,4,576,609,249,0,31168,0,0,0,87898,87898,4100
1640,4,600,613,249,0,31168,0,0,0,88779,88779,4100
1655,5,11,613,243,0,31168,0,0,0,89659,89659,4100
1670,5,35,613,243,0,31168,0,0,0,90494,90494,4100
1687,5,75,613,242,0,31168,0,0,0,91328,91328,4100
1703,5,118,613,242,0,31168,0,0,0,92206,92206,4100
1718,5,142,615,244,0,31168,0,0,0,93103,93103,4101
1734,5,160,615,244,0,31168,0,0,0,93939,93939,4101
1751,5,183,615,244,0,31168,0,0,0,94869,94869,4101
1767,5,202,615,243,0,31168,0,0,0,95714,95714,4101
1784,5,228,615,242,0,31168,0,0,0,96689,96689,4101
1800,5,241,615,242,0,31168,0,0,0,97522,97522,4101
1816,5,273,615,242,0,31168,0,0,0,98384,98384,4101
1831,5,300,616,241,0,31168,0,0,0,99212,99212,4101
1847,5,327,617,242,0,31168,0,0,0,99993,99993,4101
1862,5,347,618,242,0,31168,0,0,0,100816,100816,4101
1878,5,380,618,242,0,31168,0,0,0,101562,101562,4101
1894,5,403,618,242,0,31168,0,0,0,102389,102389,4101
1910,5,440,619,243,0,31168,0,0,0,103248,103248,4106
1926,5,459,620,244,0,31168,0,0,0,104206,104206,4113
1943,5,477,620,244,0,31168,0,0,0,105078,105078,4113
1958,5,510,621,245,0,31168,0,0,0,105883,105883,4116
1975,5,538,622,244,0,31168,0,0,0,106734,106734,4116
1990,5,566,623,243,0,31168,0,0,0,107576,107576,4116
2006,5,593,627,246,0,31168,0,0,0,108441,108441,4133
2022,5,617,627,243,0,31168,0,0,0,109232,109232,4133
2038,6,11,627,239,0,31168,0,0,0,110081,110081,4133
2053,6,44,627,239,0,31168,0,0,0,110918,110918,4133
2069,6,105,629,241,0,31168,0,0,0,111764,111764,4139
2085,6,125,630,241,0,31168,0,0,0,112697,112697,4139
2101,6,149,631,241,0,31168,0,0,0,113627,113627,4139
2117,6,168,631,241,0,31168,0,0,0,114526,114526,4139
2133,6,188,632,242,0,31168,0,0,0,115423,115423,4139
2148,6,210,633,242,0,31168,0,0,0,116305,116305,4139
2165,6,229,633,242,0,31168,0,0,0,117177,117177,4139
2180,6,248,633,242,0,31168,0,0,0,118042,118042,4139
2195,6,285,633,242,0,31168,0,0,0,118832,118832,4139
2211,6,309,633,241,0,31168,0,0,0,119616,119616,4139
2226,6,324,634,242,0,31168,0,0,0,120298,120298,4140
2242,6,339,634,242,0,31168,0,0,0,121102,121102,4140
2258,6,366,635,242,0,31168,0,0,0,121955,121955,4140
2275,6,393,635,242,0,31168,0,0,0,122814,122814,4140
2290,6,412,635,241,0,31168,0,0,0,123658,123658,4140
2306,6,438,635,241,0,31168,0,0,0,124435,124435,4140
2321,6,459,636,242,0,31168,0,0,0,125287,125287,4142
2336,6,481,636,242,0,31168,0,0,0,126092,126092,4142
2352,6,502,637,243,0,31168,0,0,0,126830,126830,4150
2367,6,520,637,243,0,31168,0,0,0,127616,127616,4150
2382,6,550,637,243,0,31168,0,0,0,128447,128447,4150
2397,6,574,638,244,0,31168,0,0,0,129284,129284,4150
2414,6,597,639,245,0,31168,0,0,0,130095,130095,4150
2431,6,619,640,245,0,31168,0,0,0,130924,130924,4150
2446,7,6,642,240,0,31168,0,0,0,131810,131810,4153
2462,7,19,642,240,0,31168,0,0,0,132711,132711,4153
2478,7,62,642,238,0,31168,0,0,0,133601,133601,4153
2494,7,110,644,237,0,31168,0,0,0,134466,134466,4163
2509,7,141,644,237,0,31168,0,0,0,135391,135391,4163
2525,7,156,644,237,0,31168,0,0,0,136249,136249,4163
2540,7,173,646,239,0,31168,0,0,0,137150,137150,4164
2556,7,193,647,239,0,31168,0,0,0,138022,138022,4164
2572,7,215,647,239,0,31168,0,0,0,138908,138908,4164
2588,7,234,648,240,0,31168,0,0,0,139786,139786,4164
2604,7,260,648,240,0,31168,0,0,0,140545,140545,4164
2620,7,292,649,239,0,31168,0,0,0,141366,141366,4164
2636,7,315,649,239,0,31168,0,0,0,142192,142192,4164
2652,7,343,649,239,0,31168,0,0,0,143080,143080,4164
2667,7,377,649,239,0,31168,0,0,0,143904,143904,4164
2683,7,409,649,239,0,31168,0,0,0,144717,144717,4164
2698,7,430,649,237,0,31168,0,0,0,145506,145506,4164
2714,7,447,649,237,0,31168,0,0,0,146390,146390,4164
2730,7,477,649,237,0,31168,0,0,0,147339,147339,4164
2746,7,494,651,239,0,31168,0,0,0,148129,148129,4164
2761,7,521,653,241,0,31168,0,0,0,148916,148916,4164
2776,7,541,654,241,0,31168,0,0,0,149683,149683,4164
2791,7,567,656,242,0,31168,0,0,0,150419,150419,4165
2808,7,597,658,244,0,31168,0,0,0,151303,151303,4165
2824,7,627,658,244,0,31168,0,0,0,152002,152002,4165
2839,8,2,659,238,0,31168,0,0,0,152920,152920,4166
2855,8,17,659,238,0,31168,0,0,0,153820,153820,4166
2870,8,44,659,237,0,31168,0,0,0,154684,154684,4166
2886,8,103,659,235,0,31168,0,0,0,155550,155550,4166
2903,8,122,659,235,0,31168,0,0,0,156482,156482,4166
2918,8,148,659,235,0,31168,0,0,0,157364,157364,4166
2934,8,165,660,235,0,31168,0,0,0,158227,158227,4166
2950,8,185,660,234,0,31168,0,0,0,159070,159070,4166
2965,8,209,660,234,0,31168,0,0,0,159912,159912,4166
2981,8,227,660,233,0,31168,0,0,0,160718,160718,4166
2997,8,250,660,233,0,31168,0,0,0,161544,161544,4166
3013,8,282,662,235,0,31168,0,0,0,162375,162375,4167
3028,8,316,662,235,0,31168,0,0,0,163168,163168,4167
3043,8,332,663,235,0,31168,0,0,0,164016,164016,4167
3059,8,355,664,236,0,31168,0,0,0,164903,164903,4167
3075,8,384,665,237,0,31168,0,0,0,165669,165669,4167
3091,8,406,665,236,0,31168,0,0,0,166544,166544,4167
3107,8,436,665,235,0,31168,0,0,0,167390,167390,4167
3123,8,453,665,235,0,31168,0,0,0,168247,168247,4167
3139,8,475,666,236,0,31168,0,0,0,169120,169120,4167
3154,8,504,666,235,0,31168,0,0,0,169922,169922,4167
3170,8,524,666,235,0,31168,0,0,0,170765,170765,4167
3186,8,556,667,236,0,31168,0,0,0,171598,171598,4167
3201,8,574,667,236,0,31168,0,0,0,172361,172361,4167
3217,8,590,668,237,0,31168,0,0,0,173188,173188,4167
3234,8,625,668,235,0,31168,0,0,0,174112,174112,4167
3249,8,650,671,236,0,31168,0,0,0,174941,174941,4171
3265,9,7,672,231,0,31168,0,0,0,175874,175874,4178
3280,9,31,672,231,0,31168,0,0,0,176686,176686,4178
3297,9,103,672,230,0,31168,0,0,0,177653,177653,4178
3312,9,131,672,230,0,31168,0,0,0,178535,178535,4178
3328,9,148,672,230,0,31168,0,0,0,179383,179383,4178
3344,9,167,672,230,0,31168,0,0,0,180230,180230,4178
3362,9,184,672,230,0,31168,0,0,0,181188,181188,4178
3377,9,207,672,230,0,31168,0,0,0,182070,182070,4178
3392,9,227,673,231,0,31168,0,0,0,182883,182883,4178
3407,9,240,673,231,0,31168,0,0,0,183723,183723,4178
3423,9,259,673,231,0,31168,0,0,0,184570,184570,4178
3439,9,289,673,229,0,31168,0,0,0,185447,185447,4178
3454,9,316,675,230,0,31168,0,0,0,186233,186233,4180
3470,9,337,676,231,0,31168,0,0,0,187166,187166,4183
3486,9,362,676,231,0,31168,0,0,0,188041,188041,4183
3501,9,393,676,231,0,31168,0,0,0,188880,188880,4183
3517,9,409,677,232,0,31168,0,0,0,189728,189728,4183
3532,9,431,677,231,0,31168,0,0,0,190564,190564,4183
3548,9,447,678,232,0,31168,0,0,0,191333,191333,4183
3563,9,463,678,232,0,31168,0,0,0,192121,192121,4183
3578,9,480,678,232,0,31168,0,0,0,192922,192922,4183
3593,9,510,678,232,0,31168,0,0,0,193678,193678,4183
3609,9,528,679,232,0,31168,0,0,0,194457,194457,4183
3625,9,550,679,232,0,31168,0,0,0,195249,195249,4183
3641,9,574,679,232,0,31168,0,0,0,196143,196143,4183
3656,9,601,680,232,0,31168,0,0,0,196968,196968,4184
3672,9,619,682,233,0,31168,0,0,0,197827,197827,4184
3688,9,645,683,234,0,31168,0,0,0,198599,198599,4185
3704,9,682,685,230,0,31168,0,0,0,199529,199529,4187
3720,10,13,686,229,0,31168,0,0,0,200447,200447,4187
3736,10,27,687,230,0,31168,0,0,0,201345,201345,4187
3752,10,99,687,227,0,31168,0,0,0,202226,202226,4187
3767,10,125,687,227,0,31168,0,0,0,203083,203083,4187
3782,10,141,687,227,0,31168,0,0,0,203867,203867,4187
3797,10,160,687,227,0,31168,0,0,0,204700,204700,4187
3814,10,179,688,228,0,31168,0,0,0,205563,205563,4187
3830,10,192,690,230,0,31168,0,0,0,206391,206391,4188
3846,10,214,690,228,0,31168,0,0,0,207314,207314,4188
3863,10,231,690,228,0,31168,0,0,0,208272,208272,4188
3878,10,257,690,228,0,31168,0,0,0,209114,209114,4188
3893,10,281,690,225,0,31168,0,0,0,209932,209932,4188
3908,10,303,690,225,0,31168,0,0,0,210746,210746,4188
3923,10,327,690,225,0,31168,0,0,0,211560,211560,4188
3939,10,349,691,226,0,31168,0,0,0,212408,212408,4188
3954,10,369,692,227,0,31168,0,0,0,213195,213195,4188
3969,10,388,692,226,0,31168,0,0,0,213994,213994,4188
3986,10,409,693,226,0,31168,0,0,0,214819,214819,4188
4003,10,434,693,226,0,31168,0,0,0,215650,215650,4188
4018,10,449,694,227,0,31168,0,0,0,216443,216443,4188
4034,10,477,695,228,0,31168,0,0,0,217278,217278,4188
4049,10,502,695,227,0,31168,0,0,0,218132,218132,4188
4066,10,519,696,227,0,31168,0,0,0,219011,219011,4188
4081,10,540,697,228,0,31168,0,0,0,219826,219826,4189
4098,10,563,697,228,0,31168,0,0,0,220673,220673,4189
4114,10,592,697,227,0,31168,0,0,0,221575,221575,4189
4131,10,619,699,228,0,31168,0,0,0,222438,222438,4190
4147,10,648,701,229,0,31168,0,0,0,223237,223237,4190
4162,10,673,703,231,0,31168,0,0,0,224046,224046,4194
4179,11,707,708,227,0,31168,0,0,0,224968,224968,4213
4195,11,17,708,227,0,31168,0,0,0,225822,225822,4213
4211,11,35,709,227,0,31168,0,0,0,226693,226693,4213
4226,11,107,709,225,0,31168,0,0,0,227471,227471,4213
4242,11,138,709,225,0,31168,0,0,0,228401,228401,4213
4257,11,151,710,226,0,31168,0,0,0,229275,229275,4213
4273,11,171,710,226,0,31168,0,0,0,230145,230145,4213
4289,11,186,710,226,0,31168,0,0,0,230956,230956,4213
4304,11,206,710,226,0,31168,0,0,0,231795,231795,4213
4319,11,221,710,225,0,31168,0,0,0,232687,232687,4213
4335,11,241,711,226,0,31168,0,0,0,233528,233528,4213
4350,11,274,711,225,0,31168,0,0,0,234356,234356,4213
4366,11,300,711,225,0,31168,0,0,0,235149,235149,4213
4381,11,321,711,224,0,31168,0,0,0,235995,235995,4213
4397,11,339,711,224,0,31168,0,0,0,236836,236836,4213
4413,11,370,712,225,0,31168,0,0,0,237675,237675,4213
4428,11,395,714,226,0,31168,0,0,0,238479,238479,4213
4444,11,414,714,226,0,31168,0,0,0,239310,239310,4213
4460,11,437,714,226,0,31168,0,0,0,240147,240147,4213
4475,11,448,714,225,0,31168,0,0,0,241024,241024,4213
4491,11,468,715,225,0,31168,0,0,0,241869,241869,4213
4506,11,487,715,225,0,31168,0,0,0,242660,242660,4213
4521,11,512,715,222,0,31168,0,0,0,243407,243407,4213
4536,11,531,715,221,0,31168,0,0,0,244240,244240,4213
4552,11,557,715,221,0,31168,0,0,0,245019,245019,4213
4568,11,583,716,222,0,31168,0,0,0,245870,245870,4213
4584,11,602,716,222,0,31168,0,0,0,246641,246641,4213
4599,11,624,716,222,0,31168,0,0,0,247426,247426,4213
4615,11,655,717,221,0,31168,0,0,0,248300,248300,4214
4631,11,682,719,222,0,31168,0,0,0,249125,249125,4214
4646,11,716,719,220,0,31168,0,0,0,249883,249883,4214
4662,12,16,719,220,0,31168,0,0,0,250848,250848,4214
4678,12,60,719,220,0,31168,0,0,0,251742,251742,4214
4693,12,105,719,218,0,31168,0,0,0,252534,252534,4214
4710,12,129,719,218,0,31168,0,0,0,253513,253513,4214
4725,12,150,719,218,0,31168,0,0,0,254346,254346,4214
4742,12,165,720,218,0,31168,0,0,0,255248,255248,4214
4757,12,186,720,218,0,31168,0,0,0,256105,256105,4214
4772,12,209,720,218,0,31168,0,0,0,256867,256867,4214
4789,12,238,720,218,0,31168,0,0,0,257773,257773,4214
4804,12,256,720,217,0,31168,0,0,0,258574,258574,4214
4820,12,276,720,217,0,31168,0,0,0,259407,259407,4214
4837,12,304,721,218,0,31168,0,0,0,260204,260204,4215
4852,12,323,721,218,0,31168,0,0,0,261002,261002,4215
4868,12,339,721,218,0,31168,0,0,0,261854,261854,4215
4883,12,370,722,219,0,31168,0,0,0,262704,262704,4217
4898,12,396,722,219,0,31168,0,0,0,263480,263480,4217
4914,12,424,723,219,0,31168,0,0,0,264300,264300,4217
4931,12,446,724,220,0,31168,0,0,0,265228,265228,4217
4946,12,467,725,221,0,31168,0,0,0,266115,266115,4217
4962,12,489,726,222,0,31168,0,0,0,266949,266949,4217
4977,12,519,726,222,0,31168,0,0,0,267731,267731,4217
4993,12,547,728,223,0,31168,0,0,0,268567,268567,4221
5009,12,572,728,223,0,31168,0,0,0,269420,269420,4221
5025,12,593,728,223,0,31168,0,0,0,270215,270215,4221
5041,12,609,729,223,0,31168,0,0,0,270942,270942,4225
5057,12,628,730,224,0,31168,0,0,0,271742,271742,4226
5072,12,667,733,226,0,31168,0,0,0,272579,272579,4226
5087,12,689,734,225,0,31168,0,0,0,273407,273407,4226
5102,12,728,736,222,0,31168,0,0,0,274218,274218,4233
5117,13,6,739,220,0,31168,0,0,0,275083,275083,4234
5132,13,19,739,219,0,31168,0,0,0,275897,275897,4234
5147,13,65,740,219,0,31168,0,0,0,276734,276734,4234
5163,13,122,740,218,0,31168,0,0,0,277698,277698,4234
5179,13,143,740,218,0,31168,0,0,0,278611,278611,4234
5196,13,154,741,218,0,31168,0,0,0,279469,279469,4234
5212,13,173,741,216,0,31168,0,0,0,280369,280369,4234
5228,13,208,741,216,0,31168,0,0,0,281252,281252,4234
5244,13,227,741,216,0,31168,0,0,0,282145,282145,4234
5261,13,248,741,216,0,31168,0,0,0,283050,283050,4234
5277,13,275,741,216,0,31168,0,0,0,283861,283861,4234
5293,13,302,742,217,0,31168,0,0,0,284634,284634,4237
5308,13,327,742,217,0,31168,0,0,0,285491,285491,4237
5324,13,340,742,217,0,31168,0,0,0,286349,286349,4237
5340,13,357,742,217,0,31168,0,0,0,287201,287201,4237
5356,13,380,742,216,0,31168,0,0,0,288026,288026,4237
5372,13,400,743,217,0,31168,0,0,0,288894,288894,4237
5387,13,428,743,216,0,31168,0,0,0,289727,289727,4237
5404,13,444,743,215,0,31168,0,0,0,290564,290564,4237
5419,13,464,743,215,0,31168,0,0,0,291400,291400,4237
5434,13,484,743,214,0,31168,0,0,0,292177,292177,4237
5450,13,509,743,214,0,31168,0,0,0,292933,292933,4237
5465,13,532,744,215,0,31168,0,0,0,293714,293714,4246
5481,13,557,744,215,0,31168,0,0,0,294521,294521,4246
5497,13,583,744,214,0,31168,0,0,0,295373,295373,4246
5513,13,602,744,214,0,31168,0,0,0,296158,296158,4246
5529,13,619,744,213,0,31168,0,0,0,296967,296967,4246
5545,13,655,744,213,0,31168,0,0,0,297761,297761,4246
5562,13,679,745,214,0,31168,0,0,0,298665,298665,4246
5578,13,716,745,214,0,31168,0,0,0,299505,299505,4246
5593,14,748,751,216,0,31168,0,0,0,300314,300314,4247
5609,14,15,751,216,0,31168,0,0,0,301207,301207,4247
5625,14,46,751,216,0,31168,0,0,0,302065,302065,4247
5641,14,107,751,213,0,31168,0,0,0,302889,302889,4247
5656,14,137,751,213,0,31168,0,0,0,303718,303718,4247
5671,14,151,751,213,0,31168,0,0,0,304492,304492,4247
5688,14,170,751,213,0,31168,0,0,0,305368,305368,4247
5704,14,192,751,213,0,31168,0,0,0,306115,306115,4247
5721,14,218,751,213,0,31168,0,0,0,307003,307003,4247
5736,14,236,751,213,0,31168,0,0,0,307852,307852,4247
5753,14,265,751,213,0,31168,0,0,0,308766,308766,4247
5769,14,298,751,213,0,31168,0,0,0,309638,309638,4247
5785,14,320,751,213,0,31168,0,0,0,310427,310427,4247
5801,14,338,752,214,0,31168,0,0,0,311295,311295,4247
5817,14,361,752,213,0,31168,0,0,0,312171,312171,4247
5832,14,388,752,212,0,31168,0,0,0,312905,312905,4247
5848,14,409,752,212,0,31168,0,0,0,313694,313694,4247
5864,14,436,753,212,0,31168,0,0,0,314517,314517,4247
5879,14,451,753,212,0,31168,0,0,0,315341,315341,4247
5894,14,474,753,212,0,31168,0,0,0,316118,316118,4247
5910,14,492,753,212,0,31168,0,0,0,316919,316919,4247
5926,14,517,753,212,0,31168,0,0,0,317698,317698,4247
5941,14,547,754,213,0,31168,0,0,0,318503,318503,4247
5956,14,574,755,213,0,31168,0,0,0,319304,319304,4247
5972,14,599,755,213,0,31168,0,0,0,320150,320150,4247
5987,14,619,755,213,0,31168,0,0,0,320919,320919,4247
6003,14,650,755,212,0,31168,0,0,0,321760,321760,4247
6018,14,679,755,211,0,31168,0,0,0,322569,322569,4247
6034,14,704,755,211,0,31168,0,0,0,323366,323366,4247
6050,14,737,757,212,0,31168,0,0,0,324151,324151,4247
6066,15,1,763,214,0,31168,0,0,0,324945,324945,4248
6082,15,18,763,214,0,31168,0,0,0,325812,325812,4248
6098,15,61,764,214,0,31168,0,0,0,326647,326647,4248
6113,15,109,764,214,0,31168,0,0,0,327412,327412,4248
6128,15,136,765,215,0,31168,0,0,0,328222,328222,4249
6143,15,149,765,215,0,31168,0,0,0,329090,329090,4249
6158,15,165,765,215,0,31168,0,0,0,329954,329954,4249
6174,15,183,765,215,0,31168,0,0,0,330852,330852,4249
6189,15,209,765,215,0,31168,0,0,0,331729,331729,4249
6206,15,228,765,215,0,31168,0,0,0,332597,332597,4249
6222,15,249,765,215,0,31168,0,0,0,333535,333535,4249
6237,15,275,767,216,0,31168,0,0,0,334315,334315,4249
6254,15,309,767,216,0,31168,0,0,0,335189,335189,4249
6271,15,327,769,218,0,31168,0,0,0,336045,336045,4250
6287,15,343,769,218,0,31168,0,0,0,336918,336918,4250
6302,15,370,769,217,0,31168,0,0,0,337733,337733,4250
6319,15,397,769,216,0,31168,0,0,0,338463,338463,4250
6334,15,424,769,215,0,31168,0,0,0,339216,339216,4250
6349,15,443,769,215,0,31168,0,0,0,340001,340001,4250
6365,15,467,769,215,0,31168,0,0,0,340872,340872,4250
6380,15,484,769,215,0,31168,0,0,0,341686,341686,4250
6396,15,509,769,215,0,31168,0,0,0,342490,342490,4250
6412,15,532,770,215,0,31168,0,0,0,343314,343314,4250
6427,15,567,770,215,0,31168,0,0,0,344116,344116,4250
6443,15,591,770,215,0,31168,0,0,0,344905,344905,4250
6459,15,615,770,215,0,31168,0,0,0,345793,345793,4250
6475,15,644,770,214,0,31168,0,0,0,346662,346662,4250
6492,15,668,771,215,0,31168,0,0,0,347496,347496,4250
6507,15,698,772,215,0,31168,0,0,0,348313,348313,4250
6522,15,729,775,217,0,31168,0,0,0,349121,349121,4253
6538,15,760,776,217,0,31168,0,0,0,349873,349873,4253
6553,16,4,777,212,0,31168,0,0,0,350648,350648,4253
6568,16,31,777,211,0,31168,0,0,0,351516,351516,4253
6584,16,79,777,210,0,31168,0,0,0,352369,352369,4253
6599,16,117,777,208,0,31168,0,0,0,353230,353230,4253
6615,16,142,778,209,0,31168,0,0,0,354137,354137,4253
6631,16,161,779,210,0,31168,0,0,0,355009,355009,4253
6647,16,183,779,210,0,31168,0,0,0,355930,355930,4253
6663,16,207,779,210,0,31168,0,0,0,356879,356879,4253
6678,16,224,779,210,0,31168,0,0,0,357727,357727,4253
6695,16,248,779,210,0,31168,0,0,0,358663,358663,4253
6711,16,265,779,210,0,31168,0,0,0,359485,359485,4253
6726,16,304,780,211,0,31168,0,0,0,360275,360275,4254
6742,16,332,780,208,0,31168,0,0,0,361097,361097,4254
6758,16,352,781,209,0,31168,0,0,0,361893,361893,4254
6773,16,379,781,209,0,31168,0,0,0,362613,362613,4254
6789,16,400,781,209,0,31168,0,0,0,363418,363418,4254
6806,16,427,781,209,0,31168,0,0,0,364281,364281,4254
6822,16,444,781,209,0,31168,0,0,0,365085,365085,4254
6837,16,467,781,209,0,31168,0,0,0,365919,365919,4254
6854,16,485,782,210,0,31168,0,0,0,366794,366794,4255
6870,16,505,782,209,0,31168,0,0,0,367618,367618,4255
6885,16,520,782,209,0,31168,0,0,0,368442,368442,4255
6901,16,540,782,207,0,31168,0,0,0,369237,369237,4255
6917,16,577,782,206,0,31168,0,0,0,370047,370047,4255
6932,16,600,782,206,0,31168,0,0,0,370790,370790,4255
6947,16,619,782,206,0,31168,0,0,0,371515,371515,4255
6963,16,655,782,206,0,31168,0,0,0,372301,372301,4255
6979,16,682,782,206,0,31168,0,0,0,373097,373097,4255
6995,16,705,782,205,0,31168,0,0,0,373942,373942,4255
7010,16,733,782,202,0,31168,0,0,0,374699,374699,4255
7026,16,767,782,201,0,31168,0,0,0,375452,375452,4255
7042,17,8,784,199,0,31168,0,0,0,376364,376364,4256
7057,17,30,784,199,0,31168,0,0,0,377196,377196,4256
7073,17,77,784,197,0,31168,0,0,0,378069,378069,4256
7088,17,116,785,197,0,31168,0,0,0,378951,378951,4262
7104,17,138,785,197,0,31168,0,0,0,379782,379782,4262
7119,17,154,785,197,0,31168,0,0,0,380601,380601,4262
7135,17,179,785,197,0,31168,0,0,0,381477,381477,4262
7151,17,197,785,197,0,31168,0,0,0,382251,382251,4262
7166,17,219,785,197,0,31168,0,0,0,383084,383084,4262
7181,17,232,785,197,0,31168,0,0,0,383900,383900,4262
7198,17,250,785,196,0,31168,0,0,0,384728,384728,4262
7213,17,282,785,196,0,31168,0,0,0,385483,385483,4262
7229,17,303,785,196,0,31168,0,0,0,386285,386285,4262
7245,17,328,785,196,0,31168,0,0,0,387123,387123,4262
7262,17,346,785,195,0,31168,0,0,0,388042,388042,4262
7277,17,366,785,195,0,31168,0,0,0,388860,388860,4262
7293,17,393,785,195,0,31168,0,0,0,389618,389618,4262
7308,17,412,785,195,0,31168,0,0,0,390446,390446,4262
7323,17,440,786,196,0,31168,0,0,0,391276,391276,4262
7339,17,464,787,196,0,31168,0,0,0,392183,392183,4262
7354,17,484,788,197,0,31168,0,0,0,393013,393013,4262
7370,17,509,788,197,0,31168,0,0,0,393795,393795,4262
7385,17,531,788,197,0,31168,0,0,0,394612,394612,4262
7400,17,554,789,198,0,31168,0,0,0,395364,395364,4262
7416,17,580,789,197,0,31168,0,0,0,396193,396193,4262
7432,17,603,789,197,0,31168,0,0,0,397045,397045,4262
7448,17,646,789,197,0,31168,0,0,0,397821,397821,4262
7463,17,672,789,196,0,31168,0,0,0,398680,398680,4262
7478,17,703,789,193,0,31168,0,0,0,399489,399489,4262
7495,17,741,789,193,0,31168,0,0,0,400356,400356,4262
7513,17,773,791,194,0,31168,0,0,0,401281,401281,4264
7529,18,0,794,192,0,31168,0,0,0,402110,402110,4269
7545,18,16,794,192,0,31168,0,0,0,403063,403063,4269
7561,18,61,794,191,0,31168,0,0,0,403959,403959,4269
7576,18,114,794,191,0,31168,0,0,0,404776,404776,4269
7593,18,138,794,191,0,31168,0,0,0,405703,405703,4269
7609,18,154,794,191,0,31168,0,0,0,406605,406605,4269
7626,18,174,795,192,0,31168,0,0,0,407526,407526,4269
7643,18,194,795,192,0,31168,0,0,0,408427,408427,4269
7659,18,215,795,192,0,31168,0,0,0,409301,409301,4269
7675,18,232,795,192,0,31168,0,0,0,410157,410157,4269
7692,18,260,795,192,0,31168,0,0,0,411043,411043,4269
7708,18,285,795,192,0,31168,0,0,0,411868,411868,4269
7723,18,312,795,192,0,31168,0,0,0,412658,412658,4269
7740,18,331,797,194,0,31168,0,0,0,413567,413567,4269
7755,18,345,797,194,0,31168,0,0,0,414407,414407,4269
7771,18,377,798,194,0,31168,0,0,0,415309,415309,4269
7788,18,409,798,194,0,31168,0,0,0,416158,416158,4269
7804,18,436,798,194,0,31168,0,0,0,416965,416965,4269
7819,18,450,798,194,0,31168,0,0,0,417756,417756,4269
7834,18,468,798,194,0,31168,0,0,0,418571,418571,4269
7850,18,485,798,193,0,31168,0,0,0,419299,419299,4269
7865,18,516,798,192,0,31168,0,0,0,420026,420026,4269
7883,18,538,798,192,0,31168,0,0,0,420901,420901,4269
7898,18,567,798,192,0,31168,0,0,0,421691,421691,4269
7913,18,588,798,192,0,31168,0,0,0,422492,422492,4269
7929,18,619,798,192,0,31168,0,0,0,423318,423318,4269
7945,18,655,798,192,0,31168,0,0,0,424185,424185,4269
7960,18,683,798,192,0,31168,0,0,0,425031,425031,4269
7977,18,716,799,192,0,31168,0,0,0,425915,425915,4272
7992,18,748,799,189,0,31168,0,0,0,426773,426773,4272
8009,18,773,801,189,0,31168,0,0,0,427595,427595,4272
8024,19,1,803,186,0,31168,0,0,0,428387,428387,4273
8040,19,21,803,186,0,31168,0,0,0,429314,429314,4273
8057,19,62,803,186,0,31168,0,0,0,430276,430276,4273
8073,19,107,803,186,0,31168,0,0,0,431121,431121,4273
8090,19,136,803,186,0,31168,0,0,0,432044,432044,4273
8106,19,151,803,186,0,31168,0,0,0,432888,432888,4273
8122,19,167,803,186,0,31168,0,0,0,433736,433736,4273
8137,19,184,803,186,0,31168,0,0,0,434603,434603,4273
8153,19,206,803,186,0,31168,0,0,0,435508,435508,4273
8168,19,224,803,186,0,31168,0,0,0,436284,436284,4273
8183,19,240,803,186,0,31168,0,0,0,437120,437120,4273
8200,19,265,803,186,0,31168,0,0,0,438012,438012,4273
8218,19,296,803,186,0,31168,0,0,0,438911,438911,4273
8233,19,315,803,186,0,31168,0,0,0,439713,439713,4273
8249,19,333,803,186,0,31168,0,0,0,440495,440495,4273
8264,19,352,803,186,0,31168,0,0,0,441342,441342,4273
8280,19,379,803,186,0,31168,0,0,0,442211,442211,4273
8296,19,400,803,186,0,31168,0,0,0,442964,442964,4273
8311,19,430,803,186,0,31168,0,0,0,443781,443781,4273
8328,19,449,803,186,0,31168,0,0,0,444626,444626,4273
8343,19,477,803,186,0,31168,0,0,0,445470,445470,4273
8359,19,508,803,185,0,31168,0,0,0,446274,446274,4273
8374,19,532,804,186,0,31168,0,0,0,447062,447062,4283
8390,19,563,805,186,0,31168,0,0,0,447888,447888,4283
8405,19,588,805,186,0,31168,0,0,0,448721,448721,4283
8421,19,613,806,187,0,31168,0,0,0,449605,449605,4283
8436,19,640,807,188,0,31168,0,0,0,450424,450424,4283
8452,19,672,807,188,0,31168,0,0,0,451293,451293,4283
8467,19,699,807,188,0,31168,0,0,0,452099,452099,4283
8483,19,729,807,187,0,31168,0,0,0,452910,452910,4283
8499,19,763,807,186,0,31168,0,0,0,453683,453683,4283
8514,20,792,809,188,0,31168,0,0,0,454378,454378,4283
8530,20,8,809,186,0,31168,0,0,0,455222,455222,4283
8546,20,23,809,186,0,31168,0,0,0,456063,456063,4283
8561,20,99,809,184,0,31168,0,0,0,456927,456927,4283
8577,20,122,809,184,0,31168,0,0,0,457835,457835,4283
8592,20,143,809,183,0,31168,0,0,0,458717,458717,4283
8609,20,160,809,183,0,31168,0,0,0,459529,459529,4283
8624,20,182,809,183,0,31168,0,0,0,460395,460395,4283
8640,20,207,809,183,0,31168,0,0,0,461203,461203,4283
8655,20,226,809,183,0,31168,0,0,0,462031,462031,4283
8672,20,241,810,184,0,31168,0,0,0,462980,462980,4284
8688,20,274,810,184,0,31168,0,0,0,463819,463819,4284
8704,20,303,810,183,0,31168,0,0,0,464649,464649,4284
8719,20,325,810,183,0,31168,0,0,0,465537,465537,4284
8735,20,340,810,183,0,31168,0,0,0,466331,466331,4284
8751,20,359,810,183,0,31168,0,0,0,467165,467165,4284
8766,20,393,810,183,0,31168,0,0,0,467887,467887,4284
8781,20,415,810,183,0,31168,0,0,0,468676,468676,4284
8797,20,442,810,183,0,31168,0,0,0,469546,469546,4284
8813,20,459,810,183,0,31168,0,0,0,470420,470420,4284
8829,20,481,810,183,0,31168,0,0,0,471252,471252,4284
8844,20,508,810,183,0,31168,0,0,0,472039,472039,4284
8860,20,528,810,183,0,31168,0,0,0,472886,472886,4284
8877,20,541,810,183,0,31168,0,0,0,473699,473699,4284
8892,20,574,810,183,0,31168,0,0,0,474503,474503,4284
8908,20,603,810,183,0,31168,0,0,0,475313,475313,4284
8923,20,636,810,183,0,31168,0,0,0,476195,476195,4284
8939,20,665,810,183,0,31168,0,0,0,476960,476960,4284
8954,20,698,810,182,0,31168,0,0,0,477739,477739,4284
8970,20,721,812,182,0,31168,0,0,0,478543,478543,4284
8985,20,748,813,182,0,31168,0,0,0,479380,479380,4284
9001,20,784,814,182,0,31168,0,0,0,480188,480188,4285
9017,21,810,818,183,0,31168,0,0,0,481013,481013,4299
9034,21,8,818,178,0,31168,0,0,0,481965,481965,4299
9049,21,21,818,178,0,31168,0,0,0,482770,482770,4299
9064,21,46,818,177,0,31168,0,0,0,483625,483625,4299
9079,21,113,818,177,0,31168,0,0,0,484397,484397,4299
9094,21,140,818,177,0,31168,0,0,0,485296,485296,4299
9109,21,152,818,177,0,31168,0,0,0,486157,486157,4299
9125,21,172,818,177,0,31168,0,0,0,487051,487051,4299
9140,21,193,818,177,0,31168,0,0,0,487886,487886,4299
9156,21,221,818,177,0,31168,0,0,0,488702,488702,4299
9171,21,239,818,176,0,31168,0,0,0,489474,489474,4299
9187,21,271,818,175,0,31168,0,0,0,490316,490316,4299
9204,21,315,818,175,0,31168,0,0,0,491169,491169,4299
9220,21,335,819,176,0,31168,0,0,0,492019,492019,4299
9236,21,352,819,175,0,31168,0,0,0,492857,492857,4299
9252,21,379,819,175,0,31168,0,0,0,493722,493722,4299
9270,21,403,819,175,0,31168,0,0,0,494617,494617,4299
9285,21,429,819,175,0,31168,0,0,0,495439,495439,4299
9301,21,451,819,175,0,31168,0,0,0,496302,496302,4299
9317,21,475,819,175,0,31168,0,0,0,497198,497198,4299
9332,21,504,819,175,0,31168,0,0,0,498018,498018,4299
9347,21,521,819,175,0,31168,0,0,0,498806,498806,4299
9362,21,551,819,175,0,31168,0,0,0,499544,499544,4299
9378,21,567,819,175,0,31168,0,0,0,500354,500354,4299
9393,21,590,819,175,0,31168,0,0,0,501112,501112,4299
9408,21,613,819,175,0,31168,0,0,0,501872,501872,4299
9423,21,635,820,176,0,31168,0,0,0,502679,502679,4304
9441,21,663,820,175,0,31168,0,0,0,503508,503508,4304
9456,21,689,820,175,0,31168,0,0,0,504289,504289,4304
9472,21,719,820,174,0,31168,0,0,0,505049,505049,4304
9488,21,743,820,173,0,31168,0,0,0,505808,505808,4304
9503,21,771,822,173,0,31168,0,0,0,506598,506598,4306
9518,21,793,823,173,0,31168,0,0,0,507260,507260,4306
9534,22,0,825,172,0,31168,0,0,0,508047,508047,4306
9549,22,17,826,173,0,31168,0,0,0,508972,508972,4306
9565,22,49,826,172,0,31168,0,0,0,509859,509859,4306
9580,22,110,826,172,0,31168,0,0,0,510717,510717,4306
9597,22,143,826,172,0,31168,0,0,0,511654,511654,4306
9612,22,161,826,172,0,31168,0,0,0,512459,512459,4306
9629,22,179,827,173,0,31168,0,0,0,513371,513371,4306
9644,22,197,827,173,0,31168,0,0,0,514227,514227,4306
9659,22,215,827,173,0,31168,0,0,0,515048,515048,4306
9675,22,230,827,173,0,31168,0,0,0,515823,515823,4306
9690,22,248,827,173,0,31168,0,0,0,516657,516657,4306
9706,22,282,827,173,0,31168,0,0,0,517484,517484,4306
9723,22,315,827,173,0,31168,0,0,0,518377,518377,4306
9739,22,327,827,173,0,31168,0,0,0,519207,519207,4306
9754,22,345,827,172,0,31168,0,0,0,520023,520023,4306
9770,22,366,827,172,0,31168,0,0,0,520894,520894,4306
9786,22,389,827,172,0,31168,0,0,0,521688,521688,4306
9802,22,414,827,172,0,31168,0,0,0,522474,522474,4306
9818,22,440,827,172,0,31168,0,0,0,523316,523316,4306
9833,22,459,827,172,0,31168,0,0,0,524183,524183,4306
9850,22,489,827,172,0,31168,0,0,0,525073,525073,4306
9865,22,517,827,172,0,31168,0,0,0,525823,525823,4306
9882,22,538,827,172,0,31168,0,0,0,526753,526753,4306
9897,22,566,827,172,0,31168,0,0,0,527557,527557,4306
9913,22,589,827,171,0,31168,0,0,0,528379,528379,4306
9928,22,618,828,172,0,31168,0,0,0,529133,529133,4306
9944,22,658,828,172,0,31168,0,0,0,529947,529947,4306
9959,22,682,828,172,0,31168,0,0,0,530747,530747,4306
9975,22,728,828,172,0,31168,0,0,0,531559,531559,4306
9991,22,760,829,171,0,31168,0,0,0,532348,532348,4306
10007,22,783,829,171,0,31168,0,0,0,533151,533151,4306
10023,23,812,829,171,0,31168,0,0,0,533955,533955,4306
10039,23,5,831,173,0,31168,0,0,0,534887,534887,4306
10057,23,19,831,173,0,31168,0,0,0,535762,535762,4306
10072,23,61,831,171,0,31168,0,0,0,536645,536645,4306
10088,23,109,831,169,0,31168,0,0,0,537498,537498,4306
10103,23,137,831,168,0,31168,0,0,0,538332,538332,4306
10120,23,147,831,168,0,31168,0,0,0,539200,539200,4306
10136,23,168,831,168,0,31168,0,0,0,540078,540078,4306
10153,23,189,831,168,0,31168,0,0,0,540998,540998,4306
10168,23,208,831,168,0,31168,0,0,0,541811,541811,4306
10183,23,226,831,167,0,31168,0,0,0,542672,542672,4306
10199,23,245,831,167,0,31168,0,0,0,543506,543506,4306
10214,23,275,831,167,0,31168,0,0,0,544281,544281,4306
10230,23,304,831,167,0,31168,0,0,0,545024,545024,4306
10245,23,330,831,167,0,31168,0,0,0,545832,545832,4306
10262,23,355,831,167,0,31168,0,0,0,546687,546687,4306
10279,23,393,831,166,0,31168,0,0,0,547553,547553,4306
10294,23,435,831,165,0,31168,0,0,0,548302,548302,4306
10310,23,450,831,165,0,31168,0,0,0,549203,549203,4306
10327,23,474,831,165,0,31168,0,0,0,550115,550115,4306
10343,23,504,831,165,0,31168,0,0,0,550919,550919,4306
10358,23,524,831,165,0,31168,0,0,0,551736,551736,4306
10373,23,550,831,164,0,31168,0,0,0,552417,552417,4306
10389,23,572,831,164,0,31168,0,0,0,553266,553266,4306
10405,23,591,831,164,0,31168,0,0,0,554114,554114,4306
10421,23,617,831,163,0,31168,0,0,0,554980,554980,4306
10436,23,640,831,162,0,31168,0,0,0,555679,555679,4306
10451,23,658,831,161,0,31168,0,0,0,556429,556429,4306
10467,23,682,831,161,0,31168,0,0,0,557263,557263,4306
10483,23,705,831,161,0,31168,0,0,0,558011,558011,4306
10499,23,757,831,160,0,31168,0,0,0,558844,558844,4306
10515,23,788,832,160,0,31168,0,0,0,559602,559602,4306
10531,24,815,832,160,0,31168,0,0,0,560402,560402,4306
10547,24,2,832,157,0,31168,0,0,0,561208,561208,4306
10562,24,15,832,157,0,31168,0,0,0,562100,562100,4306
10578,24,60,833,158,0,31168,0,0,0,562983,562983,4308
10594,24,107,834,158,0,31168,0,0,0,563822,563822,4308
10611,24,121,834,157,0,31168,0,0,0,564713,564713,4308
10627,24,146,834,157,0,31168,0,0,0,565619,565619,4308
10644,24,167,834,157,0,31168,0,0,0,566542,566542,4308
10661,24,193,834,157,0,31168,0,0,0,567510,567510,4308
10677,24,215,834,157,0,31168,0,0,0,568414,568414,4308
10693,24,230,834,157,0,31168,0,0,0,569232,569232,4308
10709,24,256,834,157,0,31168,0,0,0,570075,570075,4308
10724,24,282,834,157,0,31168,0,0,0,570867,570867,4308
10740,24,316,834,157,0,31168,0,0,0,571700,571700,4308
10755,24,336,834,157,0,31168,0,0,0,572513,572513,4308
10770,24,359,834,157,0,31168,0,0,0,573341,573341,4308
10785,24,388,834,157,0,31168,0,0,0,574113,574113,4308
10801,24,414,835,158,0,31168,0,0,0,574932,574932,4310
10817,24,440,835,158,0,31168,0,0,0,575758,575758,4310
10833,24,456,835,158,0,31168,0,0,0,576628,576628,4310
10849,24,478,836,158,0,31168,0,0,0,577507,577507,4310
10866,24,498,837,159,0,31168,0,0,0,578391,578391,4311
10883,24,524,838,159,0,31168,0,0,0,579257,579257,4311
10898,24,550,838,159,0,31168,0,0,0,580006,580006,4311
10915,24,579,838,157,0,31168,0,0,0,580885,580885,4311
10930,24,597,838,157,0,31168,0,0,0,581632,581632,4311
10946,24,620,838,157,0,31168,0,0,0,582420,582420,4311
10961,24,650,838,157,0,31168,0,0,0,583155,583155,4311
10978,24,675,838,156,0,31168,0,0,0,584016,584016,4311
10994,24,716,838,156,0,31168,0,0,0,584835,584835,4311
11010,24,748,838,156,0,31168,0,0,0,585619,585619,4311
11028,24,783,841,157,0,31168,0,0,0,586512,586512,4311
11044,25,819,843,159,0,31168,0,0,0,587351,587351,4311
11060,25,8,844,155,0,31168,0,0,0,588266,588266,4311
11076,25,19,844,154,0,31168,0,0,0,589124,589124,4311
11091,25,62,844,154,0,31168,0,0,0,590002,590002,4311
11107,25,115,844,153,0,31168,0,0,0,590864,590864,4311
11123,25,137,844,152,0,31168,0,0,0,591771,591771,4311
11140,25,152,844,152,0,31168,0,0,0,592666,592666,4311
11156,25,167,844,152,0,31168,0,0,0,593509,593509,4311
11171,25,184,844,152,0,31168,0,0,0,594337,594337,4311
11187,25,210,844,152,0,31168,0,0,0,595187,595187,4311
11203,25,231,844,152,0,31168,0,0,0,596088,596088,4311
11218,25,250,844,152,0,31168,0,0,0,596891,596891,4311
11234,25,273,844,151,0,31168,0,0,0,597637,597637,4311
11250,25,301,844,151,0,31168,0,0,0,598425,598425,4311
11267,25,323,844,151,0,31168,0,0,0,599350,599350,4311
11282,25,343,844,151,0,31168,0,0,0,600111,600111,4311
11297,25,359,844,151,0,31168,0,0,0,600932,600932,4311
11313,25,393,844,151,0,31168,0,0,0,601743,601743,4311
11329,25,426,844,151,0,31168,0,0,0,602551,602551,4311
11344,25,443,844,151,0,31168,0,0,0,603345,603345,4311
11359,25,464,845,152,0,31168,0,0,0,604198,604198,4311
11376,25,484,845,152,0,31168,0,0,0,605082,605082,4311
11391,25,516,845,150,0,31168,0,0,0,605868,605868,4311
11407,25,537,845,150,0,31168,0,0,0,606660,606660,4311
11423,25,556,845,150,0,31168,0,0,0,607402,607402,4311
11439,25,583,845,150,0,31168,0,0,0,608279,608279,4311
11455,25,608,845,150,0,31168,0,0,0,609092,609092,4311
11470,25,640,845,150,0,31168,0,0,0,609878,609878,4311
11485,25,675,845,150,0,31168,0,0,0,610697,610697,4311
11502,25,712,845,150,0,31168,0,0,0,611599,611599,4311
11517,25,743,845,150,0,31168,0,0,0,612346,612346,4311
11532,25,778,845,150,0,31168,0,0,0,613189,613189,4311
11549,25,815,847,152,0,31168,0,0,0,614091,614091,4314
11564,26,845,847,150,0,31168,0,0,0,614866,614866,4314
11579,26,11,848,150,0,31168,0,0,0,615725,615725,4314
11594,26,31,848,150,0,31168,0,0,0,616536,616536,4314
11609,26,113,848,149,0,31168,0,0,0,617368,617368,4314
11625,26,138,848,149,0,31168,0,0,0,618203,618203,4314
11640,26,154,849,150,0,31168,0,0,0,619058,619058,4315
11656,26,170,849,150,0,31168,0,0,0,619890,619890,4315
11673,26,192,850,150,0,31168,0,0,0,620775,620775,4315
11688,26,219,850,150,0,31168,0,0,0,621599,621599,4315
11704,26,233,850,150,0,31168,0,0,0,622460,622460,4315
11720,26,256,850,150,0,31168,0,0,0,623286,623286,4315
11737,26,286,850,149,0,31168,0,0,0,624204,624204,4315
11752,26,316,850,149,0,31168,0,0,0,625045,625045,4315
11768,26,332,850,148,0,31168,0,0,0,625849,625849,4315
11784,26,351,850,148,0,31168,0,0,0,626724,626724,4315
11800,26,375,850,147,0,31168,0,0,0,627609,627609,4315
11815,26,400,850,147,0,31168,0,0,0,628352,628352,4315
11831,26,424,850,146,0,31168,0,0,0,629145,629145,4315
11846,26,443,850,146,0,31168,0,0,0,629891,629891,4315
11861,26,467,850,146,0,31168,0,0,0,630651,630651,4315
11876,26,487,850,146,0,31168,0,0,0,631500,631500,4315
11892,26,516,850,146,0,31168,0,0,0,632246,632246,4315
11907,26,532,850,146,0,31168,0,0,0,633027,633027,4315
11923,26,556,850,146,0,31168,0,0,0,633846,633846,4315
11939,26,579,850,146,0,31168,0,0,0,634713,634713,4315
11954,26,602,851,147,0,31168,0,0,0,635545,635545,4320
11970,26,635,851,147,0,31168,0,0,0,636394,636394,4320
11986,26,673,851,147,0,31168,0,0,0,637272,637272,4320
12001,26,704,851,147,0,31168,0,0,0,638064,638064,4320
12018,26,737,851,147,0,31168,0,0,0,638912,638912,4320
12035,26,779,852,147,0,31168,0,0,0,639768,639768,4322
12052,26,809,853,148,0,31168,0,0,0,640539,640539,4322
12067,27,848,854,148,0,31168,0,0,0,641315,641315,4322
12084,27,11,854,146,0,31168,0,0,0,642185,642185,4322
12099,27,24,854,146,0,31168,0,0,0,643010,643010,4322
12114,27,83,855,146,0,31168,0,0,0,643843,643843,4322
12130,27,116,855,146,0,31168,0,0,0,644656,644656,4322
12145,27,137,855,146,0,31168,0,0,0,645426,645426,4322
12161,27,148,855,146,0,31168,0,0,0,646297,646297,4322
12176,27,165,855,146,0,31168,0,0,0,647114,647114,4322
12192,27,186,855,146,0,31168,0,0,0,648021,648021,4322
12207,27,204,855,146,0,31168,0,0,0,648893,648893,4322
12224,27,229,855,146,0,31168,0,0,0,649801,649801,4322
12239,27,250,855,146,0,31168,0,0,0,650623,650623,4322
12254,27,281,855,146,0,31168,0,0,0,651447,651447,4322
12269,27,320,855,146,0,31168,0,0,0,652264,652264,4322
12286,27,343,855,146,0,31168,0,0,0,653159,653159,4322
12302,27,363,855,146,0,31168,0,0,0,654006,654006,4322
12317,27,393,855,146,0,31168,0,0,0,654712,654712,4322
12333,27,428,855,146,0,31168,0,0,0,655552,655552,4322
12350,27,448,855,146,0,31168,0,0,0,656443,656443,4322
12366,27,472,855,146,0,31168,0,0,0,657360,657360,4322
12382,27,493,855,146,0,31168,0,0,0,658179,658179,4322
12398,27,528,855,146,0,31168,0,0,0,659013,659013,4322
12414,27,554,855,146,0,31168,0,0,0,659775,659775,4322
12430,27,579,855,146,0,31168,0,0,0,660619,660619,4322
12446,27,602,855,146,0,31168,0,0,0,661518,661518,4322
12461,27,633,855,146,0,31168,0,0,0,662327,662327,4322
12476,27,662,855,146,0,31168,0,0,0,663127,663127,4322
12493,27,684,855,146,0,31168,0,0,0,663943,663943,4322
12509,27,707,855,145,0,31168,0,0,0,664767,664767,4322
12524,27,736,855,145,0,31168,0,0,0,665480,665480,4322
12540,27,764,855,144,0,31168,0,0,0,666263,666263,4322
12556,27,792,855,144,0,31168,0,0,0,667061,667061,4322
12571,27,815,855,144,0,31168,0,0,0,667754,667754,4322
12587,28,850,859,147,0,31168,0,0,0,668529,668529,4338
12603,28,9,859,145,0,31168,0,0,0,669423,669423,4338
12618,28,30,859,145,0,31168,0,0,0,670250,670250,4338
12634,28,99,859,144,0,31168,0,0,0,671111,671111,4338
12649,28,122,859,144,0,31168,0,0,0,671923,671923,4338
12665,28,146,859,144,0,31168,0,0,0,672698,672698,4338
12680,28,165,859,144,0,31168,0,0,0,673538,673538,4338
12697,28,186,859,144,0,31168,0,0,0,674447,674447,4338
12713,28,218,859,144,0,31168,0,0,0,675287,675287,4338
12729,28,230,859,144,0,31168,0,0,0,676146,676146,4338
12744,28,256,860,145,0,31168,0,0,0,676967,676967,4338
12760,28,286,860,145,0,31168,0,0,0,677812,677812,4338
12776,28,320,860,145,0,31168,0,0,0,678603,678603,4338
12792,28,350,860,145,0,31168,0,0,0,679465,679465,4338
12807,28,376,860,145,0,31168,0,0,0,680290,680290,4338
12823,28,400,861,146,0,31168,0,0,0,681075,681075,4338
12839,28,431,861,146,0,31168,0,0,0,681922,681922,4338
12854,28,447,861,146,0,31168,0,0,0,682690,682690,4338
12869,28,474,861,146,0,31168,0,0,0,683486,683486,4338
12885,28,493,861,146,0,31168,0,0,0,684311,684311,4338
12900,28,510,861,146,0,31168,0,0,0,685115,685115,4338
12916,28,531,861,146,0,31168,0,0,0,685998,685998,4338
12932,28,551,862,147,0,31168,0,0,0,686761,686761,4340
12947,28,577,862,147,0,31168,0,0,0,687552,687552,4340
12962,28,602,862,146,0,31168,0,0,0,688336,688336,4340
12978,28,624,863,147,0,31168,0,0,0,689123,689123,4341
12994,28,648,863,147,0,31168,0,0,0,689982,689982,4341
13009,28,674,863,147,0,31168,0,0,0,690764,690764,4341
13025,28,704,863,147,0,31168,0,0,0,691561,691561,4341
13042,28,746,863,147,0,31168,0,0,0,692408,692408,4341
13057,28,772,863,145,0,31168,0,0,0,693136,693136,4341
13072,28,806,864,146,0,31168,0,0,0,693906,693906,4341
13088,29,848,865,146,0,31168,0,0,0,694724,694724,4341
13104,29,6,865,143,0,31168,0,0,0,695582,695582,4341
13120,29,30,865,143,0,31168,0,0,0,696426,696426,4341
13136,29,82,866,142,0,31168,0,0,0,697375,697375,4341
13152,29,121,866,141,0,31168,0,0,0,698232,698232,4341
13167,29,145,866,141,0,31168,0,0,0,699061,699061,4341
13183,29,164,866,141,0,31168,0,0,0,699922,699922,4341
13199,29,197,866,141,0,31168,0,0,0,700783,700783,4341
13214,29,218,866,141,0,31168,0,0,0,701620,701620,4341
13231,29,232,866,141,0,31168,0,0,0,702549,702549,4341
13247,29,252,866,141,0,31168,0,0,0,703347,703347,4341
13263,29,285,866,141,0,31168,0,0,0,704213,704213,4341
13278,29,320,866,141,0,31168,0,0,0,704945,704945,4341
13293,29,335,866,141,0,31168,0,0,0,705791,705791,4341
13309,29,354,866,140,0,31168,0,0,0,706583,706583,4341
13325,29,375,866,140,0,31168,0,0,0,707418,707418,4341
13341,29,397,866,140,0,31168,0,0,0,708299,708299,4341
13357,29,424,866,140,0,31168,0,0,0,709095,709095,4341
13372,29,450,866,140,0,31168,0,0,0,709885,709885,4341
13388,29,477,866,140,0,31168,0,0,0,710743,710743,4341
13404,29,510,866,140,0,31168,0,0,0,711557,711557,4341
13419,29,531,867,141,0,31168,0,0,0,712339,712339,4341
13434,29,556,867,141,0,31168,0,0,0,713121,713121,4341
13450,29,579,867,141,0,31168,0,0,0,713983,713983,4341
13465,29,601,867,140,0,31168,0,0,0,714790,714790,4341
13481,29,620,867,140,0,31168,0,0,0,715600,715600,4341
13497,29,654,867,140,0,31168,0,0,0,716463,716463,4341
13513,29,684,868,141,0,31168,0,0,0,717298,717298,4341
13528,29,721,868,141,0,31168,0,0,0,718099,718099,4341
13544,29,757,868,141,0,31168,0,0,0,718874,718874,4341
13560,29,790,868,141,0,31168,0,0,0,719734,719734,4341
13577,29,816,868,140,0,31168,0,0,0,720610,720610,4341
13592,30,847,869,140,0,31168,0,0,0,721398,721398,4341
13607,30,4,869,139,0,31168,0,0,0,722259,722259,4341
13622,30,18,870,140,0,31168,0,0,0,723080,723080,4341
13639,30,61,870,140,0,31168,0,0,0,723990,723990,4341
13655,30,105,870,138,0,31168,0,0,0,724938,724938,4341
13671,30,136,870,137,0,31168,0,0,0,725821,725821,4341
13686,30,151,870,137,0,31168,0,0,0,726669,726669,4341
13702,30,167,870,137,0,31168,0,0,0,727496,727496,4341
13717,30,188,870,137,0,31168,0,0,0,728318,728318,4341
13733,30,215,870,137,0,31168,0,0,0,729200,729200,4341
13748,30,238,870,137,0,31168,0,0,0,730039,730039,4341
13764,30,260,870,137,0,31168,0,0,0,730899,730899,4341
13779,30,303,870,137,0,31168,0,0,0,731723,731723,4341
13795,30,323,870,137,0,31168,0,0,0,732562,732562,4341
13810,30,340,870,137,0,31168,0,0,0,733427,733427,4341
13826,30,359,870,137,0,31168,0,0,0,734277,734277,4341
13842,30,389,870,137,0,31168,0,0,0,735085,735085,4341
13857,30,409,870,137,0,31168,0,0,0,735891,735891,4341
13874,30,438,870,136,0,31168,0,0,0,736776,736776,4341
13891,30,461,870,135,0,31168,0,0,0,737733,737733,4341
13908,30,482,870,134,0,31168,0,0,0,738649,738649,4341
13923,30,509,870,134,0,31168,0,0,0,739403,739403,4341
13939,30,528,870,134,0,31168,0,0,0,740244,740244,4341
13955,30,550,870,134,0,31168,0,0,0,740999,740999,4341
13971,30,570,870,133,0,31168,0,0,0,741897,741897,4341
13988,30,593,870,133,0,31168,0,0,0,742762,742762,4341
14004,30,620,870,133,0,31168,0,0,0,743618,743618,4341
14020,30,650,870,133,0,31168,0,0,0,744475,744475,4341
14035,30,689,870,132,0,31168,0,0,0,745281,745281,4341
14050,30,727,870,131,0,31168,0,0,0,746077,746077,4341
14066,30,748,870,131,0,31168,0,0,0,746871,746871,4341
14081,30,779,870,131,0,31168,0,0,0,747611,747611,4341
14097,30,809,871,132,0,31168,0,0,0,748489,748489,4341
14112,31,836,871,130,0,31168,0,0,0,749251,749251,4341
14127,31,2,871,130,0,31168,0,0,0,750101,750101,4341
14143,31,17,871,130,0,31168,0,0,0,751000,751000,4341
14159,31,61,871,130,0,31168,0,0,0,751836,751836,4341
14174,31,114,871,130,0,31168,0,0,0,752621,752621,4341
14190,31,138,871,130,0,31168,0,0,0,753500,753500,4341
14205,31,160,871,130,0,31168,0,0,0,754284,754284,4341
14221,31,174,871,130,0,31168,0,0,0,755144,755144,4341
14236,31,191,871,130,0,31168,0,0,0,755961,755961,4341
14252,31,215,871,130,0,31168,0,0,0,756804,756804,4341
14267,31,233,871,130,0,31168,0,0,0,757652,757652,4341
14283,31,252,871,130,0,31168,0,0,0,758504,758504,4341
14298,31,282,871,130,0,31168,0,0,0,759308,759308,4341
14314,31,309,871,129,0,31168,0,0,0,760122,760122,4341
14330,31,333,871,129,0,31168,0,0,0,761014,761014,4341
14345,31,353,871,129,0,31168,0,0,0,761823,761823,4341
14360,31,377,871,129,0,31168,0,0,0,762569,762569,4341
14376,31,403,871,129,0,31168,0,0,0,763374,763374,4341
14392,31,436,871,129,0,31168,0,0,0,764151,764151,4341
14407,31,453,871,129,0,31168,0,0,0,764993,764993,4341
14423,31,474,871,129,0,31168,0,0,0,765789,765789,4341
14439,31,493,871,129,0,31168,0,0,0,766612,766612,4341
14455,31,517,871,129,0,31168,0,0,0,767401,767401,4341
14471,31,535,871,129,0,31168,0,0,0,768173,768173,4341
14486,31,557,871,128,0,31168,0,0,0,768966,768966,4341
14503,31,580,871,127,0,31168,0,0,0,769833,769833,4341
14519,31,601,872,128,0,31168,0,0,0,770703,770703,4341
14534,31,620,872,128,0,31168,0,0,0,771430,771430,4341
14551,31,648,872,128,0,31168,0,0,0,772291,772291,4341
14566,31,675,872,126,0,31168,0,0,0,773155,773155,4341
14582,31,707,872,126,0,31168,0,0,0,774020,774020,4341
14598,31,741,872,126,0,31168,0,0,0,774867,774867,4341
14614,31,764,872,125,0,31168,0,0,0,775668,775668,4341
14629,31,793,872,124,0,31168,0,0,0,776425,776425,4341
14645,31,816,873,124,0,31168,0,0,0,777214,777214,4341
14660,32,854,873,123,0,31168,0,0,0,778017,778017,4341
14676,32,8,873,123,0,31168,0,0,0,778902,778902,4341
14692,32,26,873,123,0,31168,0,0,0,779739,779739,4341
14707,32,91,873,122,0,31168,0,0,0,780621,780621,4341
14723,32,118,873,122,0,31168,0,0,0,781496,781496,4341
14739,32,145,873,122,0,31168,0,0,0,782379,782379,4341
14754,32,165,873,122,0,31168,0,0,0,783199,783199,4341
14769,32,186,873,122,0,31168,0,0,0,784010,784010,4341
14785,32,206,873,121,0,31168,0,0,0,784866,784866,4341
14800,32,228,873,121,0,31168,0,0,0,785631,785631,4341
14817,32,250,873,121,0,31168,0,0,0,786546,786546,4341
14833,32,282,873,121,0,31168,0,0,0,787367,787367,4341
14848,32,322,873,121,0,31168,0,0,0,788137,788137,4341
14863,32,340,873,121,0,31168,0,0,0,788938,788938,4341
14879,32,364,874,122,0,31168,0,0,0,789814,789814,4344
14896,32,385,874,122,0,31168,0,0,0,790654,790654,4344
14912,32,415,874,122,0,31168,0,0,0,791516,791516,4344
14928,32,441,874,122,0,31168,0,0,0,792301,792301,4344
14943,32,455,874,122,0,31168,0,0,0,793133,793133,4344
14959,32,480,874,122,0,31168,0,0,0,793966,793966,4344
14974,32,504,874,122,0,31168,0,0,0,794775,794775,4344
14991,32,527,874,122,0,31168,0,0,0,795614,795614,4344
15007,32,551,874,122,0,31168,0,0,0,796409,796409,4344
15022,32,574,874,122,0,31168,0,0,0,797206,797206,4344
15037,32,596,874,122,0,31168,0,0,0,798022,798022,4344
15053,32,619,874,122,0,31168,0,0,0,798845,798845,4344
15069,32,648,874,122,0,31168,0,0,0,799638,799638,4344
15085,32,679,875,123,0,31168,0,0,0,800564,800564,4344
15101,32,727,876,124,0,31168,0,0,0,801380,801380,4344
15116,32,759,876,124,0,31168,0,0,0,802124,802124,4344
15132,32,784,876,124,0,31168,0,0,0,802989,802989,4344
15147,32,812,876,123,0,31168,0,0,0,803722,803722,4344
15164,32,832,877,123,0,31168,0,0,0,804514,804514,4344
15180,33,862,877,123,0,31168,0,0,0,805308,805308,4344
15195,33,17,877,122,0,31168,0,0,0,806154,806154,4344
15212,33,63,877,122,0,31168,0,0,0,807092,807092,4344
15228,33,114,878,123,0,31168,0,0,0,807950,807950,4344
15243,33,138,878,123,0,31168,0,0,0,808811,808811,4344
15259,33,152,878,123,0,31168,0,0,0,809669,809669,4344
15274,33,174,878,123,0,31168,0,0,0,810548,810548,4344
15290,33,200,878,123,0,31168,0,0,0,811412,811412,4344
15305,33,220,878,123,0,31168,0,0,0,812271,812271,4344
15321,33,239,878,123,0,31168,0,0,0,813154,813154,4344
15336,33,271,878,123,0,31168,0,0,0,813988,813988,4344
15351,33,301,878,123,0,31168,0,0,0,814744,814744,4344
15367,33,323,878,123,0,31168,0,0,0,815587,815587,4344
15383,33,340,878,123,0,31168,0,0,0,816452,816452,4344
15398,33,366,878,123,0,31168,0,0,0,817235,817235,4344
15415,33,397,878,123,0,31168,0,0,0,818059,818059,4344
15431,33,427,878,123,0,31168,0,0,0,818847,818847,4344
15447,33,445,878,123,0,31168,0,0,0,819679,819679,4344
15462,33,459,878,123,0,31168,0,0,0,820571,820571,4344
15478,33,481,878,123,0,31168,0,0,0,821352,821352,4344
15494,33,508,878,123,0,31168,0,0,0,822234,822234,4344
15511,33,531,878,123,0,31168,0,0,0,823105,823105,4344
15527,33,551,878,123,0,31168,0,0,0,823876,823876,4344
15543,33,572,878,123,0,31168,0,0,0,824772,824772,4344
15560,33,597,878,123,0,31168,0,0,0,825693,825693,4344
15577,33,619,878,123,0,31168,0,0,0,826580,826580,4344
15592,33,646,878,123,0,31168,0,0,0,827426,827426,4344
15608,33,673,878,123,0,31168,0,0,0,828309,828309,4344
15624,33,702,878,122,0,31168,0,0,0,829051,829051,4344
15640,33,737,878,122,0,31168,0,0,0,829858,829858,4344
15655,33,773,878,122,0,31168,0,0,0,830638,830638,4344
15671,33,794,878,122,0,31168,0,0,0,831386,831386,4344
15687,33,819,878,122,0,31168,0,0,0,832195,832195,4344
15703,34,858,878,120,0,31168,0,0,0,833027,833027,4344
15718,34,4,878,119,0,31168,0,0,0,833903,833903,4344
15734,34,18,878,119,0,31168,0,0,0,834725,834725,4344
15749,34,60,878,119,0,31168,0,0,0,835569,835569,4344
15765,34,109,878,119,0,31168,0,0,0,836419,836419,4344
15780,34,131,878,119,0,31168,0,0,0,837270,837270,4344
15795,34,160,878,119,0,31168,0,0,0,838102,838102,4344
15812,34,187,880,121,0,31168,0,0,0,839070,839070,4344
15828,34,209,880,121,0,31168,0,0,0,839955,839955,4344
15843,34,229,880,121,0,31168,0,0,0,840775,840775,4344
15859,34,251,880,120,0,31168,0,0,0,841691,841691,4344
15876,34,276,880,120,0,31168,0,0,0,842575,842575,4344
15892,34,309,880,120,0,31168,0,0,0,843352,843352,4344
15907,34,331,880,120,0,31168,0,0,0,844152,844152,4344
15924,34,349,880,120,0,31168,0,0,0,845005,845005,4344
15940,34,375,880,120,0,31168,0,0,0,845845,845845,4344
15955,34,412,880,120,0,31168,0,0,0,846669,846669,4344
15971,34,438,880,120,0,31168,0,0,0,847461,847461,4344
15988,34,459,880,120,0,31168,0,0,0,848408,848408,4344
16004,34,487,880,120,0,31168,0,0,0,849276,849276,4344
16020,34,519,880,120,0,31168,0,0,0,850087,850087,4344
16035,34,540,880,120,0,31168,0,0,0,850883,850883,4344
16050,34,567,880,120,0,31168,0,0,0,851659,851659,4344
16065,34,588,880,120,0,31168,0,0,0,852507,852507,4344
16080,34,612,880,120,0,31168,0,0,0,853337,853337,4344
16096,34,640,880,120,0,31168,0,0,0,854185,854185,4344
16111,34,669,880,120,0,31168,0,0,0,855011,855011,4344
16132,34,690,880,119,0,31168,0,0,0,855816,855816,4344
16148,34,721,880,119,0,31168,0,0,0,856571,856571,4344
16163,34,760,880,119,0,31168,0,0,0,857347,857347,4344
16178,34,792,880,119,0,31168,0,0,0,858171,858171,4344
16195,34,817,880,119,0,31168,0,0,0,859070,859070,4344
16211,35,861,880,119,0,31168,0,0,0,859898,859898,4344
16229,35,9,880,119,0,31168,0,0,0,860833,860833,4344
16244,35,23,880,119,0,31168,0,0,0,861602,861602,4344
16259,35,100,880,119,0,31168,0,0,0,862449,862449,4344
16275,35,118,880,119,0,31168,0,0,0,863285,863285,4344
16290,35,144,880,119,0,31168,0,0,0,864146,864146,4344
16305,35,167,880,119,0,31168,0,0,0,865036,865036,4344
16320,35,186,880,119,0,31168,0,0,0,865790,865790,4344
16337,35,207,880,119,0,31168,0,0,0,866689,866689,4344
16353,35,226,880,119,0,31168,0,0,0,867497,867497,4344
16368,35,238,880,119,0,31168,0,0,0,868306,868306,4344
16383,35,260,880,119,0,31168,0,0,0,869046,869046,4344
16399,35,290,881,120,0,31168,0,0,0,869852,869852,4346
16414,35,320,881,120,0,31168,0,0,0,870629,870629,4346
16429,35,334,881,120,0,31168,0,0,0,871428,871428,4346
16445,35,357,881,120,0,31168,0,0,0,872210,872210,4346
16461,35,384,881,120,0,31168,0,0,0,873004,873004,4346
16476,35,403,881,120,0,31168,0,0,0,873783,873783,4346
16491,35,434,881,120,0,31168,0,0,0,874509,874509,4346
16506,35,450,881,120,0,31168,0,0,0,875311,875311,4346
16523,35,472,881,119,0,31168,0,0,0,876235,876235,4346
16538,35,484,881,119,0,31168,0,0,0,876957,876957,4346
16553,35,508,881,119,0,31168,0,0,0,877769,877769,4346
16569,35,527,881,119,0,31168,0,0,0,878548,878548,4346
16585,35,551,881,119,0,31168,0,0,0,879315,879315,4346
16600,35,579,881,119,0,31168,0,0,0,880153,880153,4346
16615,35,600,881,119,0,31168,0,0,0,880904,880904,4346
16631,35,618,881,119,0,31168,0,0,0,881701,881701,4346
16647,35,655,881,118,0,31168,0,0,0,882511,882511,4346
16663,35,683,881,118,0,31168,0,0,0,883320,883320,4346
16679,35,720,881,118,0,31168,0,0,0,884161,884161,4346
16695,35,748,881,116,0,31168,0,0,0,884939,884939,4346
16710,35,775,881,116,0,31168,0,0,0,885738,885738,4346
16726,35,794,881,116,0,31168,0,0,0,886412,886412,4346
16742,35,836,881,115,0,31168,0,0,0,887293,887293,4346
16758,36,880,882,115,0,31168,0,0,0,888198,888198,4346
16775,36,10,882,114,0,31168,0,0,0,889118,889118,4346
16792,36,48,882,114,0,31168,0,0,0,890094,890094,4346
16807,36,114,882,114,0,31168,0,0,0,890980,890980,4346
16823,36,137,882,114,0,31168,0,0,0,891796,891796,4346
16840,36,152,882,114,0,31168,0,0,0,892736,892736,4346
16855,36,171,882,114,0,31168,0,0,0,893576,893576,4346
16872,36,189,882,114,0,31168,0,0,0,894441,894441,4346
16887,36,215,882,114,0,31168,0,0,0,895269,895269,4346
16902,36,230,882,114,0,31168,0,0,0,896045,896045,4346
16918,36,252,882,114,0,31168,0,0,0,896905,896905,4346
16934,36,277,882,112,0,31168,0,0,0,897727,897727,4346
16950,36,306,882,111,0,31168,0,0,0,898574,898574,4346
16966,36,328,882,111,0,31168,0,0,0,899420,899420,4346
16981,36,353,882,111,0,31168,0,0,0,900197,900197,4346
16997,36,377,882,111,0,31168,0,0,0,901008,901008,4346
17013,36,404,882,111,0,31168,0,0,0,901840,901840,4346
17029,36,437,882,111,0,31168,0,0,0,902710,902710,4346
17045,36,451,882,111,0,31168,0,0,0,903564,903564,4346
17060,36,472,882,111,0,31168,0,0,0,904347,904347,4346
17077,36,493,882,111,0,31168,0,0,0,905210,905210,4346
17092,36,516,882,111,0,31168,0,0,0,905967,905967,4346
17108,36,538,882,111,0,31168,0,0,0,906759,906759,4346
17123,36,570,882,111,0,31168,0,0,0,907546,907546,4346
17139,36,597,882,111,0,31168,0,0,0,908332,908332,4346
17154,36,618,882,111,0,31168,0,0,0,909125,909125,4346
17171,36,643,882,111,0,31168,0,0,0,909959,909959,4346
17186,36,673,883,112,0,31168,0,0,0,910736,910736,4351
17202,36,702,883,111,0,31168,0,0,0,911463,911463,4351
17217,36,735,883,110,0,31168,0,0,0,912232,912232,4351
17233,36,769,883,110,0,31168,0,0,0,912998,912998,4351
17249,36,798,883,109,0,31168,0,0,0,913828,913828,4351
17265,36,845,886,112,0,31168,0,0,0,914744,914744,4355
17281,37,880,886,110,0,31168,0,0,0,915546,915546,4355
17296,37,8,886,107,0,31168,0,0,0,916413,916413,4355
17312,37,30,886,107,0,31168,0,0,0,917238,917238,4355
17328,37,99,886,107,0,31168,0,0,0,918166,918166,4355
17344,37,128,886,106,0,31168,0,0,0,919037,919037,4355
17359,37,148,886,106,0,31168,0,0,0,919907,919907,4355
17375,37,167,886,106,0,31168,0,0,0,920764,920764,4355
17392,37,183,886,106,0,31168,0,0,0,921657,921657,4355
17408,37,208,886,106,0,31168,0,0,0,922549,922549,4355
17424,37,228,886,106,0,31168,0,0,0,923423,923423,4355
17440,37,249,886,106,0,31168,0,0,0,924239,924239,4355
17455,37,271,886,106,0,31168,0,0,0,925039,925039,4355
17471,37,301,886,106,0,31168,0,0,0,925802,925802,4355
17486,37,322,886,106,0,31168,0,0,0,926664,926664,4355
17503,37,339,886,106,0,31168,0,0,0,927528,927528,4355
17519,37,366,886,106,0,31168,0,0,0,928408,928408,4355
17534,37,397,886,106,0,31168,0,0,0,929222,929222,4355
17551,37,427,886,106,0,31168,0,0,0,930050,930050,4355
17566,37,443,886,106,0,31168,0,0,0,930843,930843,4355
17581,37,467,886,106,0,31168,0,0,0,931705,931705,4355
17597,37,485,886,106,0,31168,0,0,0,932569,932569,4355
17613,37,517,886,106,0,31168,0,0,0,933404,933404,4355
17630,37,538,886,106,0,31168,0,0,0,934208,934208,4355
17645,37,570,886,106,0,31168,0,0,0,935027,935027,4355
17660,37,600,886,106,0,31168,0,0,0,935802,935802,4355
17676,37,627,886,106,0,31168,0,0,0,936645,936645,4355
17692,37,658,886,105,0,31168,0,0,0,937494,937494,4355
17712,37,690,886,105,0,31168,0,0,0,938313,938313,4355
17728,37,736,886,105,0,31168,0,0,0,939115,939115,4355
17743,37,769,886,105,0,31168,0,0,0,939833,939833,4355
17758,37,798,886,104,0,31168,0,0,0,940611,940611,4355
17774,37,832,887,103,0,31168,0,0,0,941453,941453,4355
17789,38,865,887,103,0,31168,0,0,0,942321,942321,4355
17804,38,11,887,103,0,31168,0,0,0,943164,943164,4355
17821,38,24,887,103,0,31168,0,0,0,944013,944013,4355
17836,38,100,887,103,0,31168,0,0,0,944938,944938,4355
17852,38,122,887,103,0,31168,0,0,0,945832,945832,4355
17867,38,147,887,103,0,31168,0,0,0,946681,946681,4355
17882,38,168,887,103,0,31168,0,0,0,947551,947551,4355
17899,38,189,887,103,0,31168,0,0,0,948482,948482,4355
17915,38,213,887,103,0,31168,0,0,0,949385,949385,4355
17931,38,232,887,103,0,31168,0,0,0,950250,950250,4355
17947,38,256,887,103,0,31168,0,0,0,951135,951135,4355
17962,38,281,887,103,0,31168,0,0,0,951924,951924,4355
17978,38,304,887,103,0,31168,0,0,0,952709,952709,4355
17994,38,332,887,103,0,31168,0,0,0,953548,953548,4355
18010,38,346,887,103,0,31168,0,0,0,954342,954342,4355
18025,38,377,887,103,0,31168,0,0,0,955102,955102,4355
18040,38,400,887,103,0,31168,0,0,0,955968,955968,4355
18058,38,434,887,103,0,31168,0,0,0,956839,956839,4355
18073,38,448,887,103,0,31168,0,0,0,957672,957672,4355
18088,38,472,887,103,0,31168,0,0,0,958487,958487,4355
18104,38,492,887,103,0,31168,0,0,0,959325,959325,4355
18119,38,519,887,103,0,31168,0,0,0,960078,960078,4355
18135,38,540,887,103,0,31168,0,0,0,960833,960833,4355
18151,38,563,887,103,0,31168,0,0,0,961686,961686,4355
18166,38,590,887,103,0,31168,0,0,0,962559,962559,4355
18182,38,618,887,103,0,31168,0,0,0,963347,963347,4355
18198,38,646,887,103,0,31168,0,0,0,964191,964191,4355
18215,38,679,887,103,0,31168,0,0,0,965072,965072,4355
18232,38,722,887,103,0,31168,0,0,0,965946,965946,4355
18249,38,764,887,103,0,31168,0,0,0,966799,966799,4355
18266,38,806,888,104,0,31168,0,0,0,967702,967702,4356
18281,38,820,888,103,0,31168,0,0,0,968522,968522,4356
18297,39,858,888,102,0,31168,0,0,0,969430,969430,4356
18312,39,0,888,100,0,31168,0,0,0,970245,970245,4356
18328,39,15,888,100,0,31168,0,0,0,971112,971112,4356
18344,39,44,888,100,0,31168,0,0,0,971969,971969,4356
18360,39,104,888,99,0,31168,0,0,0,972877,972877,4356
18375,39,128,888,99,0,31168,0,0,0,973670,973670,4356
18390,39,149,888,99,0,31168,0,0,0,974539,974539,4356
18406,39,168,888,99,0,31168,0,0,0,975400,975400,4356
18421,39,186,888,99,0,31168,0,0,0,976207,976207,4356
18436,39,207,888,99,0,31168,0,0,0,977069,977069,4356
18452,39,226,888,99,0,31168,0,0,0,977905,977905,4356
18467,39,240,888,99,0,31168,0,0,0,978748,978748,4356
18482,39,265,888,99,0,31168,0,0,0,979546,979546,4356
18498,39,300,889,100,0,31168,0,0,0,980284,980284,4356
18515,39,324,889,100,0,31168,0,0,0,981207,981207,4356
18531,39,343,889,100,0,31168,0,0,0,982057,982057,4356
18546,39,363,889,100,0,31168,0,0,0,982884,982884,4356
18562,39,393,889,100,0,31168,0,0,0,983710,983710,4356
18577,39,414,889,100,0,31168,0,0,0,984490,984490,4356
18593,39,442,889,99,0,31168,0,0,0,985271,985271,4356
18609,39,465,889,99,0,31168,0,0,0,986206,986206,4356
18624,39,478,889,98,0,31168,0,0,0,986944,986944,4356
18641,39,494,889,98,0,31168,0,0,0,987703,987703,4356
18657,39,520,889,97,0,31168,0,0,0,988513,988513,4356
18673,39,540,889,97,0,31168,0,0,0,989331,989331,4356
18689,39,567,889,97,0,31168,0,0,0,990194,990194,4356
18705,39,593,889,97,0,31168,0,0,0,991052,991052,4356
18720,39,612,889,96,0,31168,0,0,0,991864,991864,4356
18736,39,631,889,95,0,31168,0,0,0,992700,992700,4356
18751,39,669,889,94,0,31168,0,0,0,993512,993512,4356
18767,39,704,889,94,0,31168,0,0,0,994336,994336,4356
18784,39,737,889,94,0,31168,0,0,0,995152,995152,4356
18799,39,767,889,94,0,31168,0,0,0,995941,995941,4356
18814,39,794,890,95,0,31168,0,0,0,996732,996732,4356
18830,39,821,890,95,0,31168,0,0,0,997498,997498,4356
18845,40,877,890,95,0,31168,0,0,0,998330,998330,4356
18860,40,8,890,95,0,31168,0,0,0,999213,999213,4356
18876,40,24,890,95,0,31168,0,0,0,999993,999993,4356
18893,40,75,890,95,0,31168,0,0,0,1000822,1000822,4356
18909,40,118,890,95,0,31168,0,0,0,1001652,1001652,4356
18925,40,140,890,95,0,31168,0,0,0,1002525,1002525,4356
18941,40,159,890,95,0,31168,0,0,0,1003401,1003401,4356
18956,40,180,890,95,0,31168,0,0,0,1004206,1004206,4356
18972,40,200,890,95,0,31168,0,0,0,1005057,1005057,4356
18988,40,223,890,95,0,31168,0,0,0,1005886,1005886,4356
19004,40,245,890,95,0,31168,0,0,0,1006750,1006750,4356
19020,40,260,890,95,0,31168,0,0,0,1007507,1007507,4356
19037,40,298,890,95,0,31168,0,0,0,1008420,1008420,4356
19053,40,316,890,95,0,31168,0,0,0,1009150,1009150,4356
19068,40,336,890,94,0,31168,0,0,0,1010020,1010020,4356
19083,40,356,890,94,0,31168,0,0,0,1010828,1010828,4356
19100,40,393,890,94,0,31168,0,0,0,1011740,1011740,4356
19117,40,429,890,94,0,31168,0,0,0,1012650,1012650,4356
19132,40,448,890,94,0,31168,0,0,0,1013464,1013464,4356
19148,40,468,890,94,0,31168,0,0,0,1014310,1014310,4356
19163,40,492,890,94,0,31168,0,0,0,1015086,1015086,4356
19179,40,520,890,94,0,31168,0,0,0,1015897,1015897,4356
19195,40,538,890,94,0,31168,0,0,0,1016745,1016745,4356
19210,40,567,890,94,0,31168,0,0,0,1017556,1017556,4356
19226,40,591,890,94,0,31168,0,0,0,1018346,1018346,4356
19242,40,618,890,94,0,31168,0,0,0,1019179,1019179,4356
19258,40,645,890,93,0,31168,0,0,0,1019929,1019929,4356
19274,40,671,890,93,0,31168,0,0,0,1020753,1020753,4356
19290,40,702,890,92,0,31168,0,0,0,1021604,1021604,4356
19305,40,737,890,92,0,31168,0,0,0,1022395,1022395,4356
19321,40,773,890,92,0,31168,0,0,0,1023214,1023214,4356
19336,40,803,890,91,0,31168,0,0,0,1024030,1024030,4356
19353,40,828,891,92,0,31168,0,0,0,1024861,1024861,4357
19369,41,860,891,91,0,31168,0,0,0,1025749,1025749,4357
19384,41,1,891,90,0,31168,0,0,0,1026536,1026536,4357
19400,41,15,891,90,0,31168,0,0,0,1027362,1027362,4357
19416,41,37,891,90,0,31168,0,0,0,1028242,1028242,4357
19432,41,103,891,89,0,31168,0,0,0,1029004,1029004,4357
19448,41,129,891,89,0,31168,0,0,0,1029914,1029914,4357
19463,41,150,891,89,0,31168,0,0,0,1030771,1030771,4357
19479,41,168,891,89,0,31168,0,0,0,1031574,1031574,4357
19495,41,188,891,89,0,31168,0,0,0,1032440,1032440,4357
19510,41,210,891,89,0,31168,0,0,0,1033245,1033245,4357
19527,41,233,891,89,0,31168,0,0,0,1034111,1034111,4357
19542,41,261,891,89,0,31168,0,0,0,1034950,1034950,4357
19558,41,298,891,88,0,31168,0,0,0,1035733,1035733,4357
19574,41,320,891,88,0,31168,0,0,0,1036669,1036669,4357
19590,41,336,891,88,0,31168,0,0,0,1037487,1037487,4357
19606,41,359,891,88,0,31168,0,0,0,1038374,1038374,4357
19622,41,389,891,88,0,31168,0,0,0,1039182,1039182,4357
19638,41,414,892,89,0,31168,0,0,0,1040008,1040008,4358
19656,41,437,892,89,0,31168,0,0,0,1040887,1040887,4358
19671,41,451,892,89,0,31168,0,0,0,1041747,1041747,4358
19687,41,474,892,89,0,31168,0,0,0,1042613,1042613,4358
19703,41,494,892,89,0,31168,0,0,0,1043456,1043456,4358
19718,41,518,892,89,0,31168,0,0,0,1044226,1044226,4358
19734,41,541,892,89,0,31168,0,0,0,1045038,1045038,4358
19751,41,572,892,89,0,31168,0,0,0,1045911,1045911,4358
19767,41,592,893,90,0,31168,0,0,0,1046722,1046722,4360
19784,41,619,893,90,0,31168,0,0,0,1047578,1047578,4360
19799,41,648,893,90,0,31168,0,0,0,1048344,1048344,4360
19816,41,673,893,89,0,31168,0,0,0,1049187,1049187,4360
19832,41,720,893,89,0,31168,0,0,0,1050024,1050024,4360
19848,41,748,894,90,0,31168,0,0,0,1050779,1050779,4361
19863,41,781,894,90,0,31168,0,0,0,1051591,1051591,4361
19878,41,809,894,90,0,31168,0,0,0,1052326,1052326,4361
19893,41,835,894,88,0,31168,0,0,0,1053117,1053117,4361
19908,42,859,894,87,0,31168,0,0,0,1053822,1053822,4361
19923,42,885,894,86,0,31168,0,0,0,1054643,1054643,4361
19939,42,6,894,83,0,31168,0,0,0,1055505,1055505,4361
19955,42,24,894,83,0,31168,0,0,0,1056416,1056416,4361
19971,42,75,894,83,0,31168,0,0,0,1057206,1057206,4361
19987,42,122,894,83,0,31168,0,0,0,1058088,1058088,4361
20002,42,141,894,83,0,31168,0,0,0,1058883,1058883,4361
20018,42,161,894,83,0,31168,0,0,0,1059742,1059742,4361
20034,42,180,894,83,0,31168,0,0,0,1060598,1060598,4361
20049,42,197,894,83,0,31168,0,0,0,1061405,1061405,4361
20065,42,220,894,83,0,31168,0,0,0,1062302,1062302,4361
20081,42,234,894,83,0,31168,0,0,0,1063169,1063169,4361
20097,42,259,894,83,0,31168,0,0,0,1064045,1064045,4361
20113,42,290,894,83,0,31168,0,0,0,1064858,1064858,4361
20129,42,322,894,83,0,31168,0,0,0,1065741,1065741,4361
20145,42,338,894,83,0,31168,0,0,0,1066608,1066608,4361
20162,42,366,894,83,0,31168,0,0,0,1067503,1067503,4361
20177,42,389,894,83,0,31168,0,0,0,1068344,1068344,4361
20192,42,416,894,83,0,31168,0,0,0,1069168,1069168,4361
20208,42,440,894,83,0,31168,0,0,0,1069914,1069914,4361
20223,42,455,894,83,0,31168,0,0,0,1070693,1070693,4361
20240,42,481,894,83,0,31168,0,0,0,1071581,1071581,4361
20256,42,508,894,83,0,31168,0,0,0,1072347,1072347,4361
20273,42,532,895,84,0,31168,0,0,0,1073184,1073184,4361
20288,42,557,895,84,0,31168,0,0,0,1073936,1073936,4361
20303,42,577,895,84,0,31168,0,0,0,1074775,1074775,4361
20319,42,596,895,84,0,31168,0,0,0,1075552,1075552,4361
20335,42,615,895,83,0,31168,0,0,0,1076405,1076405,4361
20351,42,648,895,83,0,31168,0,0,0,1077286,1077286,4361
20367,42,683,895,83,0,31168,0,0,0,1078171,1078171,4361
20383,42,710,895,83,0,31168,0,0,0,1078974,1078974,4361
20398,42,743,895,83,0,31168,0,0,0,1079726,1079726,4361
20415,42,779,895,83,0,31168,0,0,0,1080581,1080581,4361
20430,42,815,896,84,0,31168,0,0,0,1081404,1081404,4365
20445,42,840,896,83,0,31168,0,0,0,1082249,1082249,4365
20461,43,863,897,83,0,31168,0,0,0,1083064,1083064,4365
20478,43,895,897,82,0,31168,0,0,0,1083969,1083969,4365
20494,43,14,897,82,0,31168,0,0,0,1084880,1084880,4365
20511,43,44,897,82,0,31168,0,0,0,1085806,1085806,4365
20527,43,107,897,81,0,31168,0,0,0,1086647,1086647,4365
20543,43,126,897,81,0,31168,0,0,0,1087487,1087487,4365
20558,43,146,897,81,0,31168,0,0,0,1088285,1088285,4365
20573,43,165,897,81,0,31168,0,0,0,1089099,1089099,4365
20588,43,188,897,81,0,31168,0,0,0,1089947,1089947,4365
20604,43,209,897,80,0,31168,0,0,0,1090804,1090804,4365
20621,43,229,897,80,0,31168,0,0,0,1091771,1091771,4365
20637,43,251,897,80,0,31168,0,0,0,1092624,1092624,4365
20652,43,280,897,80,0,31168,0,0,0,1093375,1093375,4365
20667,43,313,897,80,0,31168,0,0,0,1094214,1094214,4365
20684,43,332,897,80,0,31168,0,0,0,1095055,1095055,4365
20699,43,359,897,80,0,31168,0,0,0,1095933,1095933,4365
20716,43,397,897,80,0,31168,0,0,0,1096771,1096771,4365
20731,43,431,897,80,0,31168,0,0,0,1097548,1097548,4365
20746,43,444,897,80,0,31168,0,0,0,1098338,1098338,4365
20763,43,467,897,80,0,31168,0,0,0,1099256,1099256,4365
20778,43,493,897,80,0,31168,0,0,0,1100060,1100060,4365
20794,43,520,897,80,0,31168,0,0,0,1100896,1100896,4365
20811,43,553,897,80,0,31168,0,0,0,1101763,1101763,4365
20826,43,579,897,80,0,31168,0,0,0,1102622,1102622,4365
20844,43,601,897,80,0,31168,0,0,0,1103505,1103505,4365
20859,43,635,897,80,0,31168,0,0,0,1104318,1104318,4365
20876,43,662,897,80,0,31168,0,0,0,1105166,1105166,4365
20892,43,683,897,80,0,31168,0,0,0,1106068,1106068,4365
20908,43,729,897,80,0,31168,0,0,0,1106872,1106872,4365
20924,43,748,897,80,0,31168,0,0,0,1107736,1107736,4365
20940,43,783,897,80,0,31168,0,0,0,1108519,1108519,4365
20955,43,815,897,80,0,31168,0,0,0,1109356,1109356,4365
20971,43,832,899,82,0,31168,0,0,0,1110105,1110105,4365
20987,44,873,899,82,0,31168,0,0,0,1110961,1110961,4365
21002,44,0,899,82,0,31168,0,0,0,1111705,1111705,4365
21017,44,14,899,82,0,31168,0,0,0,1112473,1112473,4365
21033,44,45,899,82,0,31168,0,0,0,1113344,1113344,4365
21049,44,100,899,82,0,31168,0,0,0,1114198,1114198,4365
21065,44,136,899,82,0,31168,0,0,0,1115118,1115118,4365
21081,44,150,899,82,0,31168,0,0,0,1116032,1116032,4365
21096,44,171,899,82,0,31168,0,0,0,1116925,1116925,4365
21112,44,196,899,82,0,31168,0,0,0,1117740,1117740,4365
21128,44,221,899,82,0,31168,0,0,0,1118647,1118647,4365
21143,44,238,899,82,0,31168,0,0,0,1119488,1119488,4365
21159,44,264,899,82,0,31168,0,0,0,1120383,1120383,4365
21175,44,312,899,82,0,31168,0,0,0,1121178,1121178,4365
21191,44,332,899,82,0,31168,0,0,0,1122059,1122059,4365
21206,44,353,899,82,0,31168,0,0,0,1122890,1122890,4365
21221,44,380,899,82,0,31168,0,0,0,1123698,1123698,4365
21236,44,398,899,82,0,31168,0,0,0,1124460,1124460,4365
21253,44,424,899,82,0,31168,0,0,0,1125304,1125304,4365
21268,44,438,899,81,0,31168,0,0,0,1126057,1126057,4365
21284,44,455,899,81,0,31168,0,0,0,1126877,1126877,4365
21300,44,478,899,81,0,31168,0,0,0,1127647,1127647,4365
21316,44,498,899,81,0,31168,0,0,0,1128466,1128466,4365
21331,44,520,899,81,0,31168,0,0,0,1129283,1129283,4365
21346,44,540,899,81,0,31168,0,0,0,1130112,1130112,4365
21362,44,572,899,81,0,31168,0,0,0,1130973,1130973,4365
21379,44,591,899,81,0,31168,0,0,0,1131859,1131859,4365
21395,44,617,899,81,0,31168,0,0,0,1132657,1132657,4365
21411,44,658,899,81,0,31168,0,0,0,1133482,1133482,4365
21427,44,683,899,81,0,31168,0,0,0,1134322,1134322,4365
21442,44,728,899,80,0,31168,0,0,0,1135045,1135045,4365
21457,44,762,900,80,0,31168,0,0,0,1135855,1135855,4365
21473,44,783,900,80,0,31168,0,0,0,1136644,1136644,4365
21489,44,809,901,81,0,31168,0,0,0,1137520,1137520,4367
21506,44,848,901,81,0,31168,0,0,0,1138373,1138373,4367
21522,45,882,901,81,0,31168,0,0,0,1139185,1139185,4367
21537,45,3,902,81,0,31168,0,0,0,1140004,1140004,4367
21554,45,23,902,81,0,31168,0,0,0,1140950,1140950,4367
21569,45,100,902,81,0,31168,0,0,0,1141826,1141826,4367
21585,45,115,902,81,0,31168,0,0,0,1142682,1142682,4367
21601,45,137,902,81,0,31168,0,0,0,1143594,1143594,4367
21617,45,152,902,81,0,31168,0,0,0,1144476,1144476,4367
21633,45,168,902,81,0,31168,0,0,0,1145323,1145323,4367
21649,45,192,902,81,0,31168,0,0,0,1146266,1146266,4367
21666,45,215,902,81,0,31168,0,0,0,1147177,1147177,4367
21681,45,232,902,81,0,31168,0,0,0,1147986,1147986,4367
21697,45,257,902,81,0,31168,0,0,0,1148802,1148802,4367
21712,45,286,902,81,0,31168,0,0,0,1149574,1149574,4367
21727,45,316,902,81,0,31168,0,0,0,1150411,1150411,4367
21742,45,334,902,81,0,31168,0,0,0,1151211,1151211,4367
21758,45,363,903,82,0,31168,0,0,0,1152046,1152046,4367
21773,45,389,903,82,0,31168,0,0,0,1152805,1152805,4367
21788,45,423,903,82,0,31168,0,0,0,1153633,1153633,4367
21805,45,438,903,82,0,31168,0,0,0,1154525,1154525,4367
21821,45,456,903,82,0,31168,0,0,0,1155374,1155374,4367
21837,45,478,903,82,0,31168,0,0,0,1156242,1156242,4367
21853,45,504,903,82,0,31168,0,0,0,1157118,1157118,4367
21869,45,527,903,82,0,31168,0,0,0,1157974,1157974,4367
21884,45,556,903,82,0,31168,0,0,0,1158792,1158792,4367
21899,45,577,903,81,0,31168,0,0,0,1159667,1159667,4367
21914,45,592,903,81,0,31168,0,0,0,1160414,1160414,4367
21929,45,613,903,81,0,31168,0,0,0,1161233,1161233,4367
21946,45,635,903,81,0,31168,0,0,0,1162077,1162077,4367
21962,45,663,903,81,0,31168,0,0,0,1162936,1162936,4367
21977,45,698,903,81,0,31168,0,0,0,1163752,1163752,4367
21992,45,728,903,80,0,31168,0,0,0,1164559,1164559,4367
22008,45,760,903,80,0,31168,0,0,0,1165262,1165262,4367
22025,45,784,903,80,0,31168,0,0,0,1166095,1166095,4367
22041,45,809,904,81,0,31168,0,0,0,1166913,1166913,4367
22057,45,846,905,81,0,31168,0,0,0,1167674,1167674,4367
22074,46,879,905,80,0,31168,0,0,0,1168529,1168529,4367
22090,46,900,906,81,0,31168,0,0,0,1169368,1169368,4367
22107,46,13,906,81,0,31168,0,0,0,1170316,1170316,4367
22122,46,60,906,81,0,31168,0,0,0,1171180,1171180,4367
22137,46,109,906,81,0,31168,0,0,0,1171947,1171947,4367
22154,46,131,906,81,0,31168,0,0,0,1172857,1172857,4367
22169,46,147,906,81,0,31168,0,0,0,1173640,1173640,4367
22184,46,168,906,81,0,31168,0,0,0,1174542,1174542,4367
22199,46,187,906,81,0,31168,0,0,0,1175349,1175349,4367
22216,46,209,906,81,0,31168,0,0,0,1176272,1176272,4367
22232,46,230,906,81,0,31168,0,0,0,1177084,1177084,4367
22248,46,250,906,81,0,31168,0,0,0,1177956,1177956,4367
22263,46,281,906,81,0,31168,0,0,0,1178727,1178727,4367
22280,46,309,906,81,0,31168,0,0,0,1179585,1179585,4367
22295,46,327,906,81,0,31168,0,0,0,1180398,1180398,4367
22311,46,347,906,81,0,31168,0,0,0,1181296,1181296,4367
22326,46,366,906,81,0,31168,0,0,0,1182099,1182099,4367
22341,46,395,906,81,0,31168,0,0,0,1182886,1182886,4367
22356,46,428,906,81,0,31168,0,0,0,1183656,1183656,4367
22372,46,447,906,81,0,31168,0,0,0,1184488,1184488,4367
22387,46,463,906,81,0,31168,0,0,0,1185350,1185350,4367
22403,46,480,906,81,0,31168,0,0,0,1186188,1186188,4367
22420,46,509,906,81,0,31168,0,0,0,1187066,1187066,4367
22436,46,540,906,81,0,31168,0,0,0,1187944,1187944,4367
22451,46,567,906,81,0,31168,0,0,0,1188725,1188725,4367
22467,46,586,906,81,0,31168,0,0,0,1189493,1189493,4367
22484,46,613,906,81,0,31168,0,0,0,1190387,1190387,4367
22500,46,640,906,81,0,31168,0,0,0,1191253,1191253,4367
22515,46,669,906,81,0,31168,0,0,0,1192013,1192013,4367
22531,46,700,906,81,0,31168,0,0,0,1192812,1192812,4367
22546,46,735,906,81,0,31168,0,0,0,1193615,1193615,4367
22562,46,771,906,81,0,31168,0,0,0,1194429,1194429,4367
22579,46,794,906,81,0,31168,0,0,0,1195263,1195263,4367
22594,46,819,906,81,0,31168,0,0,0,1196079,1196079,4367
22610,46,860,906,81,0,31168,0,0,0,1196949,1196949,4367
22626,47,888,906,79,0,31168,0,0,0,1197739,1197739,4367
22641,47,5,906,79,0,31168,0,0,0,1198674,1198674,4367
22656,47,23,907,80,0,31168,0,0,0,1199498,1199498,4368
22672,47,65,908,81,0,31168,0,0,0,1200266,1200266,4369
22687,47,116,908,80,0,31168,0,0,0,1201167,1201167,4369
22703,47,140,908,79,0,31168,0,0,0,1202052,1202052,4369
22719,47,154,908,79,0,31168,0,0,0,1202890,1202890,4369
22734,47,173,908,79,0,31168,0,0,0,1203738,1203738,4369
22749,47,194,908,78,0,31168,0,0,0,1204568,1204568,4369
22764,47,215,908,78,0,31168,0,0,0,1205377,1205377,4369
22781,47,229,908,78,0,31168,0,0,0,1206220,1206220,4369
22797,47,249,908,78,0,31168,0,0,0,1207057,1207057,4369
22812,47,276,908,77,0,31168,0,0,0,1207849,1207849,4369
22828,47,304,908,77,0,31168,0,0,0,1208722,1208722,4369
22844,47,328,908,77,0,31168,0,0,0,1209531,1209531,4369
22859,47,349,908,77,0,31168,0,0,0,1210360,1210360,4369
22876,47,370,908,77,0,31168,0,0,0,1211189,1211189,4369
22891,47,395,908,77,0,31168,0,0,0,1212016,1212016,4369
22906,47,429,908,77,0,31168,0,0,0,1212811,1212811,4369
22922,47,446,908,77,0,31168,0,0,0,1213589,1213589,4369
22938,47,469,908,76,0,31168,0,0,0,1214498,1214498,4369
22953,47,487,908,76,0,31168,0,0,0,1215312,1215312,4369
22968,47,514,908,76,0,31168,0,0,0,1216093,1216093,4369
22984,47,535,908,76,0,31168,0,0,0,1216919,1216919,4369
23001,47,563,908,76,0,31168,0,0,0,1217754,1217754,4369
23017,47,590,908,76,0,31168,0,0,0,1218626,1218626,4369
23034,47,615,908,76,0,31168,0,0,0,1219491,1219491,4369
23049,47,646,908,76,0,31168,0,0,0,1220283,1220283,4369
23066,47,683,908,75,0,31168,0,0,0,1221124,1221124,4369
23082,47,721,908,75,0,31168,0,0,0,1221996,1221996,4369
23098,47,759,908,75,0,31168,0,0,0,1222832,1222832,4369
23113,47,784,908,75,0,31168,0,0,0,1223641,1223641,4369
23130,47,812,908,75,0,31168,0,0,0,1224430,1224430,4369
23145,47,846,909,76,0,31168,0,0,0,1225132,1225132,4369
23161,48,880,909,75,0,31168,0,0,0,1225989,1225989,4369
23176,48,1,909,72,0,31168,0,0,0,1226834,1226834,4369
23192,48,15,909,72,0,31168,0,0,0,1227669,1227669,4369
23207,48,35,909,72,0,31168,0,0,0,1228528,1228528,4369
23223,48,98,909,72,0,31168,0,0,0,1229373,1229373,4369
23239,48,118,909,72,0,31168,0,0,0,1230247,1230247,4369
23255,48,143,909,72,0,31168,0,0,0,1231141,1231141,4369
23270,48,156,909,72,0,31168,0,0,0,1231995,1231995,4369
23286,48,172,909,72,0,31168,0,0,0,1232836,1232836,4369
23302,48,201,909,72,0,31168,0,0,0,1233686,1233686,4369
23317,48,226,909,72,0,31168,0,0,0,1234546,1234546,4369
23333,48,249,909,71,0,31168,0,0,0,1235433,1235433,4369
23348,48,281,909,71,0,31168,0,0,0,1236225,1236225,4369
23364,48,313,909,70,0,31168,0,0,0,1237037,1237037,4369
23380,48,334,909,70,0,31168,0,0,0,1237883,1237883,4369
23395,48,359,909,70,0,31168,0,0,0,1238740,1238740,4369
23411,48,395,909,70,0,31168,0,0,0,1239551,1239551,4369
23427,48,414,909,70,0,31168,0,0,0,1240386,1240386,4369
23443,48,441,909,70,0,31168,0,0,0,1241237,1241237,4369
23459,48,473,909,70,0,31168,0,0,0,1242079,1242079,4369
23474,48,492,909,70,0,31168,0,0,0,1242857,1242857,4369
23490,48,508,909,69,0,31168,0,0,0,1243641,1243641,4369
23506,48,524,909,69,0,31168,0,0,0,1244448,1244448,4369
23522,48,550,909,69,0,31168,0,0,0,1245236,1245236,4369
23537,48,572,910,70,0,31168,0,0,0,1246036,1246036,4369
23555,48,591,910,70,0,31168,0,0,0,1246919,1246919,4369
23570,48,617,910,70,0,31168,0,0,0,1247705,1247705,4369
23585,48,646,910,70,0,31168,0,0,0,1248494,1248494,4369
23601,48,674,910,70,0,31168,0,0,0,1249283,1249283,4369
23618,48,690,910,70,0,31168,0,0,0,1249954,1249954,4369
23634,48,734,910,70,0,31168,0,0,0,1250682,1250682,4369
23649,48,773,910,70,0,31168,0,0,0,1251520,1251520,4369
23665,48,803,910,69,0,31168,0,0,0,1252329,1252329,4369
23681,48,834,910,69,0,31168,0,0,0,1253194,1253194,4369
23696,49,881,910,69,0,31168,0,0,0,1254032,1254032,4369
23712,49,895,910,69,0,31168,0,0,0,1254851,1254851,4369
23728,49,13,910,68,0,31168,0,0,0,1255740,1255740,4369
23744,49,60,910,68,0,31168,0,0,0,1256600,1256600,4369
23760,49,109,910,67,0,31168,0,0,0,1257470,1257470,4369
23776,49,140,910,67,0,31168,0,0,0,1258347,1258347,4369
23791,49,151,910,67,0,31168,0,0,0,1259155,1259155,4369
23807,49,167,910,67,0,31168,0,0,0,1259988,1259988,4369
23823,49,187,910,67,0,31168,0,0,0,1260798,1260798,4369
23838,49,204,910,67,0,31168,0,0,0,1261586,1261586,4369
23853,49,226,910,67,0,31168,0,0,0,1262437,1262437,4369
23868,49,250,910,67,0,31168,0,0,0,1263258,1263258,4369
23883,49,275,910,67,0,31168,0,0,0,1264022,1264022,4369
23899,49,313,910,67,0,31168,0,0,0,1264880,1264880,4369
23914,49,332,910,67,0,31168,0,0,0,1265744,1265744,4369
23929,49,347,910,67,0,31168,0,0,0,1266568,1266568,4369
23944,49,372,910,67,0,31168,0,0,0,1267358,1267358,4369
23960,49,399,910,67,0,31168,0,0,0,1268192,1268192,4369
23976,49,435,911,68,0,31168,0,0,0,1269027,1269027,4369
23992,49,451,911,68,0,31168,0,0,0,1269869,1269869,4369
24008,49,477,911,68,0,31168,0,0,0,1270686,1270686,4369
24024,49,506,911,68,0,31168,0,0,0,1271505,1271505,4369
24040,49,535,911,68,0,31168,0,0,0,1272373,1272373,4369
24057,49,559,911,68,0,31168,0,0,0,1273164,1273164,4369
24072,49,586,911,68,0,31168,0,0,0,1273969,1273969,4369
24089,49,610,911,68,0,31168,0,0,0,1274871,1274871,4369
24104,49,635,911,68,0,31168,0,0,0,1275695,1275695,4369
24120,49,658,911,67,0,31168,0,0,0,1276514,1276514,4369
24135,49,683,911,67,0,31168,0,0,0,1277310,1277310,4369
24151,49,720,911,67,0,31168,0,0,0,1278040,1278040,4369
24167,49,752,911,67,0,31168,0,0,0,1278837,1278837,4369
24184,49,779,911,67,0,31168,0,0,0,1279706,1279706,4369
24201,49,797,911,66,0,31168,0,0,0,1280482,1280482,4369
24217,49,817,911,66,0,31168,0,0,0,1281331,1281331,4369
24233,49,858,911,65,0,31168,0,0,0,1282185,1282185,4369
24249,50,890,911,64,0,31168,0,0,0,1283113,1283113,4369
24266,50,4,911,63,0,31168,0,0,0,1284009,1284009,4369
24281,50,16,911,63,0,31168,0,0,0,1284828,1284828,4369
24297,50,44,911,63,0,31168,0,0,0,1285642,1285642,4369
24313,50,104,911,63,0,31168,0,0,0,1286467,1286467,4369
24328,50,128,911,63,0,31168,0,0,0,1287352,1287352,4369
24344,50,147,911,63,0,31168,0,0,0,1288227,1288227,4369
24359,50,164,911,63,0,31168,0,0,0,1289048,1289048,4369
24375,50,186,911,63,0,31168,0,0,0,1289954,1289954,4369
24391,50,204,911,63,0,31168,0,0,0,1290779,1290779,4369
24408,50,226,911,63,0,31168,0,0,0,1291685,1291685,4369
24424,50,245,911,63,0,31168,0,0,0,1292613,1292613,4369
24440,50,276,912,63,0,31168,0,0,0,1293431,1293431,4370
24455,50,310,912,63,0,31168,0,0,0,1294141,1294141,4370
24471,50,332,912,63,0,31168,0,0,0,1294969,1294969,4370
24487,50,353,912,63,0,31168,0,0,0,1295846,1295846,4370
24502,50,377,912,63,0,31168,0,0,0,1296590,1296590,4370
24517,50,406,912,63,0,31168,0,0,0,1297418,1297418,4370
24532,50,432,912,63,0,31168,0,0,0,1298140,1298140,4370
24548,50,448,912,63,0,31168,0,0,0,1298988,1298988,4370
24563,50,473,912,63,0,31168,0,0,0,1299796,1299796,4370
24580,50,493,912,63,0,31168,0,0,0,1300638,1300638,4370
24595,50,521,912,63,0,31168,0,0,0,1301421,1301421,4370
24610,50,551,912,63,0,31168,0,0,0,1302159,1302159,4370
24626,50,576,912,63,0,31168,0,0,0,1302967,1302967,4370
24641,50,600,912,63,0,31168,0,0,0,1303748,1303748,4370
24657,50,627,912,62,0,31168,0,0,0,1304554,1304554,4370
24673,50,660,912,62,0,31168,0,0,0,1305401,1305401,4370
24689,50,698,912,62,0,31168,0,0,0,1306273,1306273,4370
24705,50,728,912,62,0,31168,0,0,0,1307016,1307016,4370
24721,50,763,913,63,0,31168,0,0,0,1307799,1307799,4370
24737,50,784,914,64,0,31168,0,0,0,1308650,1308650,4370
24753,50,815,914,63,0,31168,0,0,0,1309536,1309536,4370
24769,50,846,914,63,0,31168,0,0,0,1310408,1310408,4370
24784,51,881,914,62,0,31168,0,0,0,1311176,1311176,4370
24800,51,913,914,60,0,31168,0,0,0,1311966,1311966,4370
24816,51,17,914,60,0,31168,0,0,0,1312856,1312856,4370
24831,51,61,914,59,0,31168,0,0,0,1313642,1313642,4370
24847,51,109,914,59,0,31168,0,0,0,1314477,1314477,4370
24863,51,137,914,59,0,31168,0,0,0,1315357,1315357,4370
24879,51,150,914,59,0,31168,0,0,0,1316176,1316176,4370
24895,51,174,914,59,0,31168,0,0,0,1317081,1317081,4370
24911,51,197,914,59,0,31168,0,0,0,1317932,1317932,4370
24926,51,220,914,59,0,31168,0,0,0,1318745,1318745,4370
24943,51,240,914,59,0,31168,0,0,0,1319699,1319699,4370
24958,51,272,914,58,0,31168,0,0,0,1320510,1320510,4370
24973,51,298,914,58,0,31168,0,0,0,1321333,1321333,4370
24990,51,327,914,58,0,31168,0,0,0,1322213,1322213,4370
25005,51,343,914,58,0,31168,0,0,0,1323065,1323065,4370
25021,51,374,914,58,0,31168,0,0,0,1323900,1323900,4370
25037,51,398,914,58,0,31168,0,0,0,1324766,1324766,4370
25054,51,426,914,57,0,31168,0,0,0,1325608,1325608,4370
25070,51,443,914,57,0,31168,0,0,0,1326458,1326458,4370
25086,51,467,914,57,0,31168,0,0,0,1327311,1327311,4370
25102,51,484,914,57,0,31168,0,0,0,1328083,1328083,4370
25117,51,510,915,58,0,31168,0,0,0,1328894,1328894,4370
25134,51,536,915,58,0,31168,0,0,0,1329757,1329757,4370
25149,51,562,915,58,0,31168,0,0,0,1330533,1330533,4370
25164,51,585,915,58,0,31168,0,0,0,1331355,1331355,4370
25180,51,602,915,58,0,31168,0,0,0,1332109,1332109,4370
25196,51,626,915,58,0,31168,0,0,0,1332934,1332934,4370
25211,51,665,915,58,0,31168,0,0,0,1333748,1333748,4370
25228,51,698,915,57,0,31168,0,0,0,1334615,1334615,4370
25244,51,727,915,57,0,31168,0,0,0,1335335,1335335,4370
25259,51,764,915,57,0,31168,0,0,0,1336101,1336101,4370
25275,51,798,915,57,0,31168,0,0,0,1336892,1336892,4370
25290,51,834,915,57,0,31168,0,0,0,1337793,1337793,4370
25307,51,860,916,57,0,31168,0,0,0,1338738,1338738,4370
25323,52,890,916,57,0,31168,0,0,0,1339566,1339566,4370
25338,52,911,916,57,0,31168,0,0,0,1340288,1340288,4370
25353,52,15,916,56,0,31168,0,0,0,1341120,1341120,4370
25368,52,62,916,56,0,31168,0,0,0,1341894,1341894,4370
25384,52,113,916,56,0,31168,0,0,0,1342716,1342716,4370
25399,52,142,916,56,0,31168,0,0,0,1343587,1343587,4370
25416,52,156,916,56,0,31168,0,0,0,1344476,1344476,4370
25432,52,182,916,56,0,31168,0,0,0,1345349,1345349,4370
25448,52,206,916,56,0,31168,0,0,0,1346257,1346257,4370
25463,52,228,916,56,0,31168,0,0,0,1347117,1347117,4370
25480,52,249,916,56,0,31168,0,0,0,1347997,1347997,4370
25496,52,285,916,56,0,31168,0,0,0,1348867,1348867,4370
25511,52,313,916,56,0,31168,0,0,0,1349664,1349664,4370
25528,52,332,916,56,0,31168,0,0,0,1350596,1350596,4370
25544,52,353,916,56,0,31168,0,0,0,1351413,1351413,4370
25560,52,384,916,56,0,31168,0,0,0,1352272,1352272,4370
25576,52,424,916,56,0,31168,0,0,0,1353104,1353104,4370
25592,52,442,916,56,0,31168,0,0,0,1353944,1353944,4370
25607,52,467,916,56,0,31168,0,0,0,1354750,1354750,4370
25622,52,484,916,56,0,31168,0,0,0,1355537,1355537,4370
25638,52,509,916,56,0,31168,0,0,0,1356303,1356303,4370
25654,52,528,916,56,0,31168,0,0,0,1357102,1357102,4370
25671,52,557,916,56,0,31168,0,0,0,1357890,1357890,4370
25686,52,580,916,56,0,31168,0,0,0,1358715,1358715,4370
25703,52,608,916,56,0,31168,0,0,0,1359584,1359584,4370
25719,52,635,916,56,0,31168,0,0,0,1360422,1360422,4370
25734,52,665,916,56,0,31168,0,0,0,1361210,1361210,4370
25750,52,705,916,56,0,31168,0,0,0,1362098,1362098,4370
25766,52,745,916,56,0,31168,0,0,0,1362909,1362909,4370
25782,52,781,916,56,0,31168,0,0,0,1363750,1363750,4370
25799,52,803,916,56,0,31168,0,0,0,1364629,1364629,4370
25814,52,833,916,55,0,31168,0,0,0,1365365,1365365,4370
25830,52,862,916,55,0,31168,0,0,0,1366207,1366207,4370
25845,53,893,916,54,0,31168,0,0,0,1367002,1367002,4370
25860,53,5,916,53,0,31168,0,0,0,1367871,1367871,4370
25876,53,19,917,54,0,31168,0,0,0,1368675,1368675,4371
25891,53,61,917,54,0,31168,0,0,0,1369499,1369499,4371
25906,53,115,918,55,0,31168,0,0,0,1370364,1370364,4371
25922,53,142,918,55,0,31168,0,0,0,1371205,1371205,4371
25937,53,159,918,55,0,31168,0,0,0,1372046,1372046,4371
25953,53,179,918,55,0,31168,0,0,0,1372869,1372869,4371
25969,53,204,918,55,0,31168,0,0,0,1373776,1373776,4371
25984,53,226,918,55,0,31168,0,0,0,1374590,1374590,4371
25999,53,249,918,55,0,31168,0,0,0,1375423,1375423,4371
26015,53,281,918,55,0,31168,0,0,0,1376215,1376215,4371
26031,53,315,918,55,0,31168,0,0,0,1377040,1377040,4371
26046,53,333,918,55,0,31168,0,0,0,1377780,1377780,4371
26061,53,352,918,55,0,31168,0,0,0,1378638,1378638,4371
26077,53,379,918,55,0,31168,0,0,0,1379453,1379453,4371
26093,53,406,918,55,0,31168,0,0,0,1380302,1380302,4371
26108,53,434,918,55,0,31168,0,0,0,1381070,1381070,4371
26123,53,450,918,55,0,31168,0,0,0,1381859,1381859,4371
26139,53,474,918,55,0,31168,0,0,0,1382730,1382730,4371
26155,53,494,918,55,0,31168,0,0,0,1383579,1383579,4371
26170,53,519,918,55,0,31168,0,0,0,1384402,1384402,4371
26187,53,541,918,55,0,31168,0,0,0,1385242,1385242,4371
26202,53,572,918,55,0,31168,0,0,0,1386060,1386060,4371
26218,53,596,918,55,0,31168,0,0,0,1386896,1386896,4371
26233,53,619,919,56,0,31168,0,0,0,1387701,1387701,4371
26249,53,653,919,56,0,31168,0,0,0,1388506,1388506,4371
26265,53,672,919,56,0,31168,0,0,0,1389403,1389403,4371
26280,53,703,919,56,0,31168,0,0,0,1390201,1390201,4371
26296,53,737,920,57,0,31168,0,0,0,1390991,1390991,4371
26313,53,773,920,57,0,31168,0,0,0,1391849,1391849,4371
26328,53,809,920,57,0,31168,0,0,0,1392619,1392619,4371
26344,53,846,922,59,0,31168,0,0,0,1393419,1393419,4375
26361,53,883,922,58,0,31168,0,0,0,1394295,1394295,4375
26376,54,909,923,59,0,31168,0,0,0,1395068,1395068,4375
26392,54,11,923,56,0,31168,0,0,0,1395900,1395900,4375
26408,54,30,923,56,0,31168,0,0,0,1396760,1396760,4375
26424,54,68,923,56,0,31168,0,0,0,1397641,1397641,4375
26440,54,116,923,56,0,31168,0,0,0,1398554,1398554,4375
26457,54,144,923,56,0,31168,0,0,0,1399474,1399474,4375
26473,54,161,923,56,0,31168,0,0,0,1400330,1400330,4375
26490,54,184,923,56,0,31168,0,0,0,1401273,1401273,4375
26506,54,206,923,56,0,31168,0,0,0,1402164,1402164,4375
26522,54,229,923,56,0,31168,0,0,0,1403043,1403043,4375
26538,54,252,923,56,0,31168,0,0,0,1403941,1403941,4375
26554,54,279,923,56,0,31168,0,0,0,1404759,1404759,4375
26570,54,313,923,56,0,31168,0,0,0,1405667,1405667,4375
26585,54,332,923,56,0,31168,0,0,0,1406508,1406508,4375
26601,54,357,923,56,0,31168,0,0,0,1407327,1407327,4375
26616,54,388,923,56,0,31168,0,0,0,1408110,1408110,4375
26632,54,409,923,56,0,31168,0,0,0,1408917,1408917,4375
26650,54,437,923,56,0,31168,0,0,0,1409812,1409812,4375
26665,54,456,923,56,0,31168,0,0,0,1410643,1410643,4375
26680,54,488,923,56,0,31168,0,0,0,1411472,1411472,4375
26697,54,518,923,56,0,31168,0,0,0,1412314,1412314,4375
26713,54,538,923,56,0,31168,0,0,0,1413141,1413141,4375
26729,54,572,923,56,0,31168,0,0,0,1414013,1414013,4375
26744,54,596,923,56,0,31168,0,0,0,1414809,1414809,4375
26760,54,620,923,56,0,31168,0,0,0,1415614,1415614,4375
26776,54,654,923,56,0,31168,0,0,0,1416431,1416431,4375
26791,54,683,923,56,0,31168,0,0,0,1417243,1417243,4375
26807,54,720,923,56,0,31168,0,0,0,1418092,1418092,4375
26823,54,748,923,56,0,31168,0,0,0,1418867,1418867,4375
26839,54,782,923,56,0,31168,0,0,0,1419719,1419719,4375
26855,54,815,923,56,0,31168,0,0,0,1420597,1420597,4375
26871,54,850,923,56,0,31168,0,0,0,1421397,1421397,4375
26887,54,881,923,55,0,31168,0,0,0,1422228,1422228,4375
26904,55,910,923,55,0,31168,0,0,0,1423115,1423115,4375
26921,55,9,923,54,0,31168,0,0,0,1424018,1424018,4375
26936,55,24,923,54,0,31168,0,0,0,1424850,1424850,4375
26953,55,75,923,54,0,31168,0,0,0,1425739,1425739,4375
26968,55,113,923,54,0,31168,0,0,0,1426548,1426548,4375
26983,55,143,923,54,0,31168,0,0,0,1427387,1427387,4375
26998,55,156,923,54,0,31168,0,0,0,1428178,1428178,4375
27015,55,179,923,54,0,31168,0,0,0,1429096,1429096,4375
27030,55,206,923,54,0,31168,0,0,0,1429917,1429917,4375
27047,55,224,923,54,0,31168,0,0,0,1430763,1430763,4375
27064,55,245,923,54,0,31168,0,0,0,1431652,1431652,4375
27079,55,274,923,54,0,31168,0,0,0,1432488,1432488,4375
27095,55,304,923,54,0,31168,0,0,0,1433349,1433349,4375
27111,55,333,923,54,0,31168,0,0,0,1434165,1434165,4375
27126,55,350,923,54,0,31168,0,0,0,1435043,1435043,4375
27142,55,384,923,54,0,31168,0,0,0,1435794,1435794,4375
27157,55,399,923,54,0,31168,0,0,0,1436578,1436578,4375
27174,55,431,923,54,0,31168,0,0,0,1437398,1437398,4375
27190,55,451,923,54,0,31168,0,0,0,1438268,1438268,4375
27206,55,477,923,54,0,31168,0,0,0,1439107,1439107,4375
27221,55,502,923,54,0,31168,0,0,0,1439891,1439891,4375
27237,55,528,923,54,0,31168,0,0,0,1440745,1440745,4375
27252,55,551,923,54,0,31168,0,0,0,1441526,1441526,4375
27269,55,583,923,54,0,31168,0,0,0,1442409,1442409,4375
27284,55,602,923,54,0,31168,0,0,0,1443218,1443218,4375
27300,55,633,923,54,0,31168,0,0,0,1444013,1444013,4375
27315,55,662,923,54,0,31168,0,0,0,1444813,1444813,4375
27331,55,692,923,54,0,31168,0,0,0,1445678,1445678,4375
27346,55,721,923,54,0,31168,0,0,0,1446486,1446486,4375
27362,55,760,923,54,0,31168,0,0,0,1447305,1447305,4375
27377,55,781,924,55,0,31168,0,0,0,1448109,1448109,4375
27393,55,806,924,55,0,31168,0,0,0,1448929,1448929,4375
27409,55,832,925,56,0,31168,0,0,0,1449694,1449694,4375
27426,55,860,925,55,0,31168,0,0,0,1450500,1450500,4375
27442,55,887,926,56,0,31168,0,0,0,1451288,1451288,4375
27457,56,914,926,56,0,31168,0,0,0,1452080,1452080,4375
27472,56,8,926,56,0,31168,0,0,0,1452918,1452918,4375
27488,56,41,926,56,0,31168,0,0,0,1453773,1453773,4375
27505,56,107,926,56,0,31168,0,0,0,1454669,1454669,4375
27521,56,130,926,56,0,31168,0,0,0,1455510,1455510,4375
27536,56,146,926,56,0,31168,0,0,0,1456341,1456341,4375
27553,56,164,926,56,0,31168,0,0,0,1457237,1457237,4375
27568,56,182,926,56,0,31168,0,0,0,1458065,1458065,4375
27584,56,208,926,56,0,31168,0,0,0,1458898,1458898,4375
27600,56,228,926,56,0,31168,0,0,0,1459789,1459789,4375
27616,56,245,926,55,0,31168,0,0,0,1460731,1460731,4375
27631,56,276,926,55,0,31168,0,0,0,1461571,1461571,4375
27647,56,309,926,55,0,31168,0,0,0,1462441,1462441,4375
27663,56,327,926,55,0,31168,0,0,0,1463250,1463250,4375
27679,56,343,926,55,0,31168,0,0,0,1464039,1464039,4375
27695,56,366,926,55,0,31168,0,0,0,1464923,1464923,4375
27712,56,393,926,55,0,31168,0,0,0,1465734,1465734,4375
27728,56,415,926,55,0,31168,0,0,0,1466534,1466534,4375
27744,56,440,926,55,0,31168,0,0,0,1467262,1467262,4375
27760,56,463,926,55,0,31168,0,0,0,1468122,1468122,4375
27775,56,485,926,55,0,31168,0,0,0,1468958,1468958,4375
27792,56,505,926,55,0,31168,0,0,0,1469778,1469778,4375
27807,56,533,926,55,0,31168,0,0,0,1470596,1470596,4375
27823,56,559,926,55,0,31168,0,0,0,1471397,1471397,4375
27839,56,583,926,55,0,31168,0,0,0,1472214,1472214,4375
27855,56,606,926,55,0,31168,0,0,0,1473029,1473029,4375
27870,56,624,926,55,0,31168,0,0,0,1473758,1473758,4375
27886,56,658,926,54,0,31168,0,0,0,1474577,1474577,4375
27902,56,684,926,54,0,31168,0,0,0,1475405,1475405,4375
27918,56,721,926,54,0,31168,0,0,0,1476173,1476173,4375
27933,56,752,926,54,0,31168,0,0,0,1476926,1476926,4375
27949,56,792,927,55,0,31168,0,0,0,1477741,1477741,4375
27964,56,820,927,55,0,31168,0,0,0,1478499,1478499,4375
27980,56,860,927,55,0,31168,0,0,0,1479310,1479310,4375
27996,57,895,927,55,0,31168,0,0,0,1480173,1480173,4375
28011,57,3,927,52,0,31168,0,0,0,1481091,1481091,4375
28027,57,16,927,52,0,31168,0,0,0,1481924,1481924,4375
28043,57,44,927,52,0,31168,0,0,0,1482825,1482825,4375
28059,57,112,927,52,0,31168,0,0,0,1483712,1483712,4375
28074,57,140,927,52,0,31168,0,0,0,1484580,1484580,4375
28091,57,161,927,52,0,31168,0,0,0,1485455,1485455,4375
28107,57,179,927,52,0,31168,0,0,0,1486366,1486366,4375
28124,57,194,927,52,0,31168,0,0,0,1487200,1487200,4375
28139,57,219,927,52,0,31168,0,0,0,1488043,1488043,4375
28155,57,240,927,52,0,31168,0,0,0,1488893,1488893,4375
28171,57,257,927,52,0,31168,0,0,0,1489635,1489635,4375
28186,57,279,927,52,0,31168,0,0,0,1490436,1490436,4375
28201,57,309,927,52,0,31168,0,0,0,1491185,1491185,4375
28216,57,327,927,52,0,31168,0,0,0,1492000,1492000,4375
28232,57,349,927,52,0,31168,0,0,0,1492855,1492855,4375
28247,57,376,927,52,0,31168,0,0,0,1493693,1493693,4375
28264,57,397,927,50,0,31168,0,0,0,1494577,1494577,4375
28281,57,424,927,50,0,31168,0,0,0,1495434,1495434,4375
28297,57,440,927,50,0,31168,0,0,0,1496321,1496321,4375
28314,57,456,927,50,0,31168,0,0,0,1497266,1497266,4375
28329,57,484,927,50,0,31168,0,0,0,1498117,1498117,4375
28344,57,510,927,50,0,31168,0,0,0,1498856,1498856,4375
28360,57,536,927,50,0,31168,0,0,0,1499629,1499629,4375
28375,57,567,927,50,0,31168,0,0,0,1500378,1500378,4375
28392,57,597,927,50,0,31168,0,0,0,1501280,1501280,4375
28408,57,619,927,50,0,31168,0,0,0,1502100,1502100,4375
28424,57,655,927,50,0,31168,0,0,0,1502933,1502933,4375
28440,57,689,927,50,0,31168,0,0,0,1503745,1503745,4375
28456,57,727,927,50,0,31168,0,0,0,1504486,1504486,4375
28472,57,757,927,50,0,31168,0,0,0,1505271,1505271,4375
28488,57,791,927,50,0,31168,0,0,0,1506097,1506097,4375
28503,57,816,928,51,0,31168,0,0,0,1506851,1506851,4375
28519,57,848,928,50,0,31168,0,0,0,1507681,1507681,4375
28534,57,882,928,50,0,31168,0,0,0,1508552,1508552,4375
28550,58,906,928,49,0,31168,0,0,0,1509300,1509300,4375
28567,58,6,928,49,0,31168,0,0,0,1510254,1510254,4375
28583,58,24,928,49,0,31168,0,0,0,1511162,1511162,4375
28599,58,75,928,49,0,31168,0,0,0,1512027,1512027,4375
28614,58,110,928,49,0,31168,0,0,0,1512806,1512806,4375
28630,58,136,928,49,0,31168,0,0,0,1513743,1513743,4375
28646,58,151,928,49,0,31168,0,0,0,1514567,1514567,4375
28661,58,170,928,49,0,31168,0,0,0,1515344,1515344,4375
28677,58,192,928,49,0,31168,0,0,0,1516179,1516179,4375
28692,58,215,928,49,0,31168,0,0,0,1517001,1517001,4375
28708,58,229,928,49,0,31168,0,0,0,1517849,1517849,4375
28723,58,248,928,49,0,31168,0,0,0,1518633,1518633,4375
28738,58,275,928,49,0,31168,0,0,0,1519446,1519446,4375
28754,58,302,928,49,0,31168,0,0,0,1520220,1520220,4375
28769,58,322,928,49,0,31168,0,0,0,1521075,1521075,4375
28785,58,338,928,49,0,31168,0,0,0,1521959,1521959,4375
28800,58,357,928,49,0,31168,0,0,0,1522788,1522788,4375
28816,58,393,928,49,0,31168,0,0,0,1523623,1523623,4375
28831,58,415,928,49,0,31168,0,0,0,1524427,1524427,4375
28847,58,444,928,49,0,31168,0,0,0,1525251,1525251,4375
28863,58,472,928,49,0,31168,0,0,0,1526124,1526124,4375
28880,58,492,928,49,0,31168,0,0,0,1526973,1526973,4375
28896,58,520,928,49,0,31168,0,0,0,1527806,1527806,4375
28912,58,538,928,49,0,31168,0,0,0,1528546,1528546,4375
28929,58,566,928,49,0,31168,0,0,0,1529437,1529437,4375
28946,58,588,928,49,0,31168,0,0,0,1530322,1530322,4375
28961,58,608,928,49,0,31168,0,0,0,1531043,1531043,4375
28977,58,636,928,49,0,31168,0,0,0,1531837,1531837,4375
28993,58,671,928,49,0,31168,0,0,0,1532676,1532676,4375
29009,58,716,928,49,0,31168,0,0,0,1533519,1533519,4375
29025,58,748,928,49,0,31168,0,0,0,1534316,1534316,4375
29041,58,792,928,49,0,31168,0,0,0,1535127,1535127,4375
29057,58,817,928,49,0,31168,0,0,0,1535921,1535921,4375
29073,58,851,928,49,0,31168,0,0,0,1536780,1536780,4375
29088,58,887,928,49,0,31168,0,0,0,1537581,1537581,4375
29103,59,921,928,49,0,31168,0,0,0,1538338,1538338,4375
29119,59,16,928,49,0,31168,0,0,0,1539282,1539282,4375
29134,59,62,928,49,0,31168,0,0,0,1540061,1540061,4375
29150,59,115,928,49,0,31168,0,0,0,1540938,1540938,4375
29166,59,143,928,49,0,31168,0,0,0,1541777,1541777,4375
29183,59,161,928,49,0,31168,0,0,0,1542666,1542666,4375
29198,59,184,928,49,0,31168,0,0,0,1543535,1543535,4375
29214,59,207,928,49,0,31168,0,0,0,1544380,1544380,4375
29230,59,224,928,49,0,31168,0,0,0,1545168,1545168,4375
29245,59,238,928,49,0,31168,0,0,0,1546020,1546020,4375
29260,59,265,928,49,0,31168,0,0,0,1546816,1546816,4375
29276,59,295,928,49,0,31168,0,0,0,1547594,1547594,4375
29292,59,320,928,49,0,31168,0,0,0,1548407,1548407,4375
29308,59,335,928,49,0,31168,0,0,0,1549291,1549291,4375
29324,59,353,928,49,0,31168,0,0,0,1550188,1550188,4375
29341,59,385,928,49,0,31168,0,0,0,1551085,1551085,4375
29356,59,411,928,49,0,31168,0,0,0,1551826,1551826,4375
29372,59,436,928,49,0,31168,0,0,0,1552696,1552696,4375
29389,59,450,928,49,0,31168,0,0,0,1553594,1553594,4375
29405,59,474,928,49,0,31168,0,0,0,1554461,1554461,4375
29422,59,492,928,49,0,31168,0,0,0,1555355,1555355,4375
29438,59,521,928,49,0,31168,0,0,0,1556140,1556140,4375
29453,59,547,928,49,0,31168,0,0,0,1556924,1556924,4375
29469,59,574,928,49,0,31168,0,0,0,1557751,1557751,4375
29484,59,593,928,49,0,31168,0,0,0,1558539,1558539,4375
29500,59,620,928,49,0,31168,0,0,0,1559305,1559305,4375
29516,59,658,928,49,0,31168,0,0,0,1560138,1560138,4375
29533,59,682,928,49,0,31168,0,0,0,1561006,1561006,4375
29550,59,719,928,49,0,31168,0,0,0,1561817,1561817,4375
29566,59,737,928,49,0,31168,0,0,0,1562592,1562592,4375
29582,59,773,928,49,0,31168,0,0,0,1563412,1563412,4375
29597,59,803,929,50,0,31168,0,0,0,1564227,1564227,4375
29613,59,834,929,50,0,31168,0,0,0,1565102,1565102,4375
29629,59,873,929,50,0,31168,0,0,0,1565884,1565884,4375
29644,60,909,929,50,0,31168,0,0,0,1566705,1566705,4375
29661,60,11,929,48,0,31168,0,0,0,1567621,1567621,4375
29676,60,31,929,48,0,31168,0,0,0,1568451,1568451,4375
29691,60,102,929,48,0,31168,0,0,0,1569258,1569258,4375
29707,60,128,929,48,0,31168,0,0,0,1570128,1570128,4375
29722,60,146,929,48,0,31168,0,0,0,1570940,1570940,4375
29738,60,163,929,48,0,31168,0,0,0,1571792,1571792,4375
29755,60,193,929,48,0,31168,0,0,0,1572722,1572722,4375
29770,60,219,929,48,0,31168,0,0,0,1573557,1573557,4375
29785,60,236,929,48,0,31168,0,0,0,1574356,1574356,4375
29801,60,265,929,48,0,31168,0,0,0,1575133,1575133,4375
29817,60,300,929,48,0,31168,0,0,0,1575900,1575900,4375
29833,60,324,929,48,0,31168,0,0,0,1576756,1576756,4375
29848,60,350,929,48,0,31168,0,0,0,1577586,1577586,4375
29863,60,380,929,48,0,31168,0,0,0,1578386,1578386,4375
29880,60,404,929,48,0,31168,0,0,0,1579266,1579266,4375
29897,60,434,929,48,0,31168,0,0,0,1580082,1580082,4375
29912,60,443,929,48,0,31168,0,0,0,1580854,1580854,4375
29928,60,464,929,48,0,31168,0,0,0,1581659,1581659,4375
29943,60,489,929,48,0,31168,0,0,0,1582472,1582472,4375
29958,60,519,929,48,0,31168,0,0,0,1583238,1583238,4375
29973,60,547,929,48,0,31168,0,0,0,1583991,1583991,4375
29989,60,567,929,48,0,31168,0,0,0,1584749,1584749,4375
30004,60,596,929,47,0,31168,0,0,0,1585572,1585572,4375
30019,60,619,929,47,0,31168,0,0,0,1586392,1586392,4375
30035,60,645,929,46,0,31168,0,0,0,1587135,1587135,4375
30051,60,679,929,46,0,31168,0,0,0,1587939,1587939,4375
30066,60,707,929,46,0,31168,0,0,0,1588699,1588699,4375
30082,60,736,929,46,0,31168,0,0,0,1589489,1589489,4375
30098,60,784,929,46,0,31168,0,0,0,1590336,1590336,4375
30114,60,815,929,46,0,31168,0,0,0,1591243,1591243,4375
30130,60,846,929,46,0,31168,0,0,0,1592064,1592064,4375
30145,60,882,929,46,0,31168,0,0,0,1592896,1592896,4375
30162,61,909,929,45,0,31168,0,0,0,1593756,1593756,4375
30178,61,8,929,45,0,31168,0,0,0,1594651,1594651,4375
30193,61,26,929,45,0,31168,0,0,0,1595481,1595481,4375
30209,61,79,929,45,0,31168,0,0,0,1596304,1596304,4375
30225,61,122,929,45,0,31168,0,0,0,1597146,1597146,4375
30242,61,138,929,45,0,31168,0,0,0,1598018,1598018,4375
30259,61,152,929,45,0,31168,0,0,0,1598925,1598925,4375
30274,61,172,929,45,0,31168,0,0,0,1599797,1599797,4375
30289,61,197,929,45,0,31168,0,0,0,1600660,1600660,4375
30305,61,228,929,45,0,31168,0,0,0,1601494,1601494,4375
30321,61,241,929,45,0,31168,0,0,0,1602401,1602401,4375
30337,61,265,929,45,0,31168,0,0,0,1603226,1603226,4375
30352,61,301,929,45,0,31168,0,0,0,1604029,1604029,4375
30368,61,323,929,45,0,31168,0,0,0,1604875,1604875,4375
30384,61,343,929,45,0,31168,0,0,0,1605778,1605778,4375
30399,61,366,929,45,0,31168,0,0,0,1606563,1606563,4375
30415,61,389,929,45,0,31168,0,0,0,1607401,1607401,4375
30430,61,409,929,44,0,31168,0,0,0,1608208,1608208,4375
30447,61,438,929,44,0,31168,0,0,0,1609059,1609059,4375
30462,61,463,929,44,0,31168,0,0,0,1609876,1609876,4375
30477,61,480,929,43,0,31168,0,0,0,1610657,1610657,4375
30493,61,504,929,43,0,31168,0,0,0,1611437,1611437,4375
30509,61,528,929,43,0,31168,0,0,0,1612301,1612301,4375
30525,61,550,929,43,0,31168,0,0,0,1613110,1613110,4375
30541,61,576,929,43,0,31168,0,0,0,1614042,1614042,4375
30558,61,600,929,43,0,31168,0,0,0,1614892,1614892,4375
30574,61,627,929,43,0,31168,0,0,0,1615687,1615687,4375
30589,61,662,929,42,0,31168,0,0,0,1616491,1616491,4375
30604,61,684,929,42,0,31168,0,0,0,1617320,1617320,4375
30620,61,720,929,41,0,31168,0,0,0,1618051,1618051,4375
30636,61,748,929,40,0,31168,0,0,0,1618818,1618818,4375
30651,61,783,929,40,0,31168,0,0,0,1619595,1619595,4375
30667,61,812,929,40,0,31168,0,0,0,1620381,1620381,4375
30683,61,848,929,40,0,31168,0,0,0,1621161,1621161,4375
30699,61,881,929,40,0,31168,0,0,0,1621967,1621967,4375
30714,62,900,929,40,0,31168,0,0,0,1622740,1622740,4375
30731,62,5,929,40,0,31168,0,0,0,1623599,1623599,4375
30746,62,21,929,40,0,31168,0,0,0,1624408,1624408,4375
30761,62,86,929,40,0,31168,0,0,0,1625236,1625236,4375
30777,62,122,930,41,0,31168,0,0,0,1626117,1626117,4375
30794,62,146,930,41,0,31168,0,0,0,1627037,1627037,4375
30809,62,165,930,41,0,31168,0,0,0,1627895,1627895,4375
30825,62,185,930,41,0,31168,0,0,0,1628770,1628770,4375
30841,62,209,931,42,0,31168,0,0,0,1629607,1629607,4377
30856,62,231,931,42,0,31168,0,0,0,1630444,1630444,4377
30872,62,257,931,42,0,31168,0,0,0,1631326,1631326,4377
30887,62,289,931,42,0,31168,0,0,0,1632106,1632106,4377
30903,62,312,932,42,0,31168,0,0,0,1632945,1632945,4383
30919,62,331,932,42,0,31168,0,0,0,1633802,1633802,4383
30934,62,352,932,42,0,31168,0,0,0,1634595,1634595,4383
30950,62,375,932,42,0,31168,0,0,0,1635384,1635384,4383
30967,62,396,932,42,0,31168,0,0,0,1636261,1636261,4383
30983,62,425,932,42,0,31168,0,0,0,1637070,1637070,4383
30999,62,441,932,42,0,31168,0,0,0,1637869,1637869,4383
31015,62,465,932,42,0,31168,0,0,0,1638768,1638768,4383
31030,62,485,932,42,0,31168,0,0,0,1639562,1639562,4383
31045,62,508,932,42,0,31168,0,0,0,1640305,1640305,4383
31061,62,528,932,42,0,31168,0,0,0,1641120,1641120,4383
31076,62,553,932,42,0,31168,0,0,0,1641921,1641921,4383
31091,62,583,932,42,0,31168,0,0,0,1642773,1642773,4383
31107,62,603,932,42,0,31168,0,0,0,1643547,1643547,4383
31124,62,635,932,42,0,31168,0,0,0,1644430,1644430,4383
31141,62,650,932,42,0,31168,0,0,0,1645165,1645165,4383
31159,62,676,932,42,0,31168,0,0,0,1646057,1646057,4383
31174,62,707,932,42,0,31168,0,0,0,1646841,1646841,4383
31189,62,746,932,42,0,31168,0,0,0,1647644,1647644,4383
31205,62,781,932,42,0,31168,0,0,0,1648463,1648463,4383
31221,62,800,932,42,0,31168,0,0,0,1649197,1649197,4383
31236,62,813,932,42,0,31168,0,0,0,1649934,1649934,4383
31252,62,850,932,41,0,31168,0,0,0,1650701,1650701,4383
31268,62,890,933,42,0,31168,0,0,0,1651518,1651518,4383
31284,63,917,933,41,0,31168,0,0,0,1652324,1652324,4383
31300,63,14,933,39,0,31168,0,0,0,1653220,1653220,4383
31316,63,44,933,39,0,31168,0,0,0,1654105,1654105,4383
31331,63,105,933,39,0,31168,0,0,0,1654967,1654967,4383
31346,63,136,933,39,0,31168,0,0,0,1655852,1655852,4383
31362,63,152,933,39,0,31168,0,0,0,1656676,1656676,4383
31378,63,173,933,39,0,31168,0,0,0,1657533,1657533,4383
31393,63,189,933,39,0,31168,0,0,0,1658374,1658374,4383
31408,63,210,933,39,0,31168,0,0,0,1659223,1659223,4383
31425,63,232,933,39,0,31168,0,0,0,1660127,1660127,4383
31440,63,256,933,39,0,31168,0,0,0,1660896,1660896,4383
31456,63,289,933,39,0,31168,0,0,0,1661702,1661702,4383
31473,63,327,933,39,0,31168,0,0,0,1662627,1662627,4383
31488,63,352,933,39,0,31168,0,0,0,1663445,1663445,4383
31504,63,377,933,39,0,31168,0,0,0,1664218,1664218,4383
31520,63,406,933,39,0,31168,0,0,0,1664950,1664950,4383
31535,63,428,933,39,0,31168,0,0,0,1665741,1665741,4383
31550,63,450,933,39,0,31168,0,0,0,1666568,1666568,4383
31566,63,474,933,39,0,31168,0,0,0,1667426,1667426,4383
31582,63,493,933,39,0,31168,0,0,0,1668262,1668262,4383
31598,63,521,933,39,0,31168,0,0,0,1669106,1669106,4383
31614,63,538,933,39,0,31168,0,0,0,1669879,1669879,4383
31629,63,574,933,39,0,31168,0,0,0,1670700,1670700,4383
31645,63,596,933,39,0,31168,0,0,0,1671537,1671537,4383
31664,63,618,933,39,0,31168,0,0,0,1672394,1672394,4383
31679,63,655,933,39,0,31168,0,0,0,1673221,1673221,4383
31695,63,679,933,39,0,31168,0,0,0,1674053,1674053,4383
31710,63,705,933,39,0,31168,0,0,0,1674857,1674857,4383
31727,63,736,934,40,0,31168,0,0,0,1675642,1675642,4383
31744,63,769,934,40,0,31168,0,0,0,1676516,1676516,4383
31759,63,793,934,40,0,31168,0,0,0,1677312,1677312,4383
31774,63,832,934,40,0,31168,0,0,0,1678094,1678094,4383
31790,63,865,934,40,0,31168,0,0,0,1678918,1678918,4383
31806,63,885,934,40,0,31168,0,0,0,1679732,1679732,4383
31822,64,909,934,39,0,31168,0,0,0,1680531,1680531,4383
31837,64,3,934,38,0,31168,0,0,0,1681380,1681380,4383
31854,64,27,934,38,0,31168,0,0,0,1682334,1682334,4383
31871,64,99,934,38,0,31168,0,0,0,1683242,1683242,4383
31888,64,124,934,37,0,31168,0,0,0,1684182,1684182,4383
31903,64,143,934,37,0,31168,0,0,0,1685017,1685017,4383
31919,64,163,934,37,0,31168,0,0,0,1685838,1685838,4383
31935,64,181,934,37,0,31168,0,0,0,1686727,1686727,4383
31950,64,207,934,37,0,31168,0,0,0,1687574,1687574,4383
31966,64,229,934,37,0,31168,0,0,0,1688497,1688497,4383
31982,64,248,934,37,0,31168,0,0,0,1689291,1689291,4383
31997,64,276,934,37,0,31168,0,0,0,1690050,1690050,4383
32013,64,309,935,38,0,31168,0,0,0,1690889,1690889,4383
32029,64,327,935,38,0,31168,0,0,0,1691746,1691746,4383
32045,64,345,935,38,0,31168,0,0,0,1692559,1692559,4383
32061,64,375,935,38,0,31168,0,0,0,1693347,1693347,4383
32076,64,397,935,38,0,31168,0,0,0,1694111,1694111,4383
32092,64,428,935,38,0,31168,0,0,0,1694885,1694885,4383
32107,64,443,935,38,0,31168,0,0,0,1695651,1695651,4383
32123,64,468,935,38,0,31168,0,0,0,1696544,1696544,4383
32138,64,489,935,38,0,31168,0,0,0,1697328,1697328,4383
32154,64,518,935,38,0,31168,0,0,0,1698144,1698144,4383
32169,64,538,935,38,0,31168,0,0,0,1698917,1698917,4383
32185,64,570,935,38,0,31168,0,0,0,1699755,1699755,4383
32200,64,593,935,38,0,31168,0,0,0,1700535,1700535,4383
32216,64,618,935,38,0,31168,0,0,0,1701274,1701274,4383
32231,64,648,935,38,0,31168,0,0,0,1702020,1702020,4383
32247,64,677,935,38,0,31168,0,0,0,1702873,1702873,4383
32262,64,704,935,38,0,31168,0,0,0,1703640,1703640,4383
32278,64,737,935,38,0,31168,0,0,0,1704407,1704407,4383
32294,64,773,935,38,0,31168,0,0,0,1705174,1705174,4383
32310,64,806,935,38,0,31168,0,0,0,1705995,1705995,4383
32326,64,835,935,38,0,31168,0,0,0,1706830,1706830,4383
32343,64,887,935,38,0,31168,0,0,0,1707745,1707745,4383
32358,65,916,935,38,0,31168,0,0,0,1708572,1708572,4383
32373,65,9,935,38,0,31168,0,0,0,1709469,1709469,4383
32389,65,35,935,38,0,31168,0,0,0,1710365,1710365,4383
32406,65,82,935,38,0,31168,0,0,0,1711232,1711232,4383
32422,65,126,935,38,0,31168,0,0,0,1712144,1712144,4383
32437,65,147,935,38,0,31168,0,0,0,1712928,1712928,4383
32453,65,161,935,38,0,31168,0,0,0,1713794,1713794,4383
32469,65,180,935,38,0,31168,0,0,0,1714687,1714687,4383
32484,65,200,935,38,0,31168,0,0,0,1715475,1715475,4383
32501,65,224,935,38,0,31168,0,0,0,1716402,1716402,4383
32516,65,248,935,38,0,31168,0,0,0,1717264,1717264,4383
32533,65,274,935,38,0,31168,0,0,0,1718106,1718106,4383
32550,65,300,935,38,0,31168,0,0,0,1718937,1718937,4383
32565,65,331,935,38,0,31168,0,0,0,1719792,1719792,4383
32581,65,352,935,38,0,31168,0,0,0,1720593,1720593,4383
32596,65,376,936,39,0,31168,0,0,0,1721384,1721384,4385
32612,65,403,936,39,0,31168,0,0,0,1722175,1722175,4385
32627,65,437,936,39,0,31168,0,0,0,1722988,1722988,4385
32642,65,449,936,39,0,31168,0,0,0,1723802,1723802,4385
32657,65,474,936,39,0,31168,0,0,0,1724649,1724649,4385
32673,65,502,936,39,0,31168,0,0,0,1725465,1725465,4385
32688,65,528,936,39,0,31168,0,0,0,1726277,1726277,4385
32704,65,553,936,39,0,31168,0,0,0,1727061,1727061,4385
32719,65,579,936,39,0,31168,0,0,0,1727842,1727842,4385
32734,65,601,936,39,0,31168,0,0,0,1728660,1728660,4385
32751,65,636,936,39,0,31168,0,0,0,1729532,1729532,4385
32768,65,669,936,39,0,31168,0,0,0,1730405,1730405,4385
32783,65,702,936,39,0,31168,0,0,0,1731213,1731213,4385
32800,65,729,936,39,0,31168,0,0,0,1732033,1732033,4385
32816,65,760,936,39,0,31168,0,0,0,1732853,1732853,4385
32831,65,793,936,39,0,31168,0,0,0,1733565,1733565,4385
32847,65,817,936,39,0,31168,0,0,0,1734323,1734323,4385
32863,65,851,936,39,0,31168,0,0,0,1735140,1735140,4385
32880,65,873,936,39,0,31168,0,0,0,1735979,1735979,4385
32895,66,906,936,39,0,31168,0,0,0,1736780,1736780,4385
32912,66,1,936,38,0,31168,0,0,0,1737650,1737650,4385
32927,66,18,936,38,0,31168,0,0,0,1738558,1738558,4385
32943,66,61,936,38,0,31168,0,0,0,1739429,1739429,4385
32959,66,116,936,38,0,31168,0,0,0,1740326,1740326,4385
32976,66,143,936,38,0,31168,0,0,0,1741284,1741284,4385
32991,66,161,936,38,0,31168,0,0,0,1742115,1742115,4385
33009,66,179,936,37,0,31168,0,0,0,1743029,1743029,4385
33024,66,200,936,37,0,31168,0,0,0,1743831,1743831,4385
33040,66,220,936,37,0,31168,0,0,0,1744699,1744699,4385
33055,66,233,936,37,0,31168,0,0,0,1745547,1745547,4385
33070,66,250,936,37,0,31168,0,0,0,1746316,1746316,4385
33086,66,286,936,37,0,31168,0,0,0,1747137,1747137,4385
33101,66,312,936,37,0,31168,0,0,0,1747911,1747911,4385
33116,66,334,936,37,0,31168,0,0,0,1748655,1748655,4385
33132,66,351,936,37,0,31168,0,0,0,1749470,1749470,4385
33147,66,370,936,37,0,31168,0,0,0,1750232,1750232,4385
33162,66,395,936,37,0,31168,0,0,0,1751043,1751043,4385
33178,66,414,936,37,0,31168,0,0,0,1751825,1751825,4385
33193,66,443,938,39,0,31168,0,0,0,1752594,1752594,4389
33209,66,468,938,39,0,31168,0,0,0,1753545,1753545,4389
33225,66,485,938,39,0,31168,0,0,0,1754377,1754377,4389
33241,66,514,938,39,0,31168,0,0,0,1755227,1755227,4389
33257,66,536,938,39,0,31168,0,0,0,1756008,1756008,4389
33272,66,566,938,39,0,31168,0,0,0,1756789,1756789,4389
33288,66,593,938,39,0,31168,0,0,0,1757577,1757577,4389
33305,66,619,938,39,0,31168,0,0,0,1758407,1758407,4389
33320,66,649,938,39,0,31168,0,0,0,1759213,1759213,4389
33335,66,673,938,39,0,31168,0,0,0,1759997,1759997,4389
33351,66,718,938,39,0,31168,0,0,0,1760789,1760789,4389
33366,66,741,938,39,0,31168,0,0,0,1761537,1761537,4389
33382,66,781,938,39,0,31168,0,0,0,1762317,1762317,4389
33399,66,812,938,39,0,31168,0,0,0,1763109,1763109,4389
33414,66,846,938,39,0,31168,0,0,0,1763923,1763923,4389
33431,66,877,938,38,0,31168,0,0,0,1764792,1764792,4389
33447,67,913,938,38,0,31168,0,0,0,1765613,1765613,4389
33462,67,3,938,36,0,31168,0,0,0,1766398,1766398,4389
33477,67,19,939,37,0,31168,0,0,0,1767240,1767240,4393
33493,67,62,939,37,0,31168,0,0,0,1768140,1768140,4393
33509,67,114,939,37,0,31168,0,0,0,1769080,1769080,4393
33526,67,142,939,37,0,31168,0,0,0,1770011,1770011,4393
33542,67,152,939,37,0,31168,0,0,0,1770825,1770825,4393
33557,67,172,939,37,0,31168,0,0,0,1771658,1771658,4393
33573,67,197,939,37,0,31168,0,0,0,1772539,1772539,4393
33589,67,219,939,37,0,31168,0,0,0,1773379,1773379,4393
33604,67,232,939,37,0,31168,0,0,0,1774137,1774137,4393
33619,67,257,939,37,0,31168,0,0,0,1774886,1774886,4393
33635,67,286,939,37,0,31168,0,0,0,1775676,1775676,4393
33651,67,311,939,37,0,31168,0,0,0,1776421,1776421,4393
33666,67,328,939,37,0,31168,0,0,0,1777191,1777191,4393
33681,67,350,939,37,0,31168,0,0,0,1778006,1778006,4393
33697,67,379,939,37,0,31168,0,0,0,1778845,1778845,4393
33712,67,403,939,37,0,31168,0,0,0,1779674,1779674,4393
33728,67,431,939,37,0,31168,0,0,0,1780539,1780539,4393
33744,67,450,939,37,0,31168,0,0,0,1781351,1781351,4393
33760,67,473,939,37,0,31168,0,0,0,1782207,1782207,4393
33777,67,497,939,37,0,31168,0,0,0,1783096,1783096,4393
33792,67,519,939,37,0,31168,0,0,0,1783886,1783886,4393
33807,67,541,939,37,0,31168,0,0,0,1784630,1784630,4393
33823,67,572,939,37,0,31168,0,0,0,1785462,1785462,4393
33839,67,597,939,37,0,31168,0,0,0,1786280,1786280,4393
33854,67,627,939,37,0,31168,0,0,0,1786969,1786969,4393
33870,67,655,939,37,0,31168,0,0,0,1787731,1787731,4393
33886,67,682,939,37,0,31168,0,0,0,1788540,1788540,4393
33902,67,720,939,37,0,31168,0,0,0,1789345,1789345,4393
33917,67,746,939,37,0,31168,0,0,0,1790090,1790090,4393
33934,67,781,939,37,0,31168,0,0,0,1790876,1790876,4393
33949,67,809,939,37,0,31168,0,0,0,1791653,1791653,4393
33964,67,834,940,38,0,31168,0,0,0,1792529,1792529,4393
33981,67,877,940,38,0,31168,0,0,0,1793430,1793430,4393
33996,67,902,940,37,0,31168,0,0,0,1794238,1794238,4393
34013,68,938,940,36,0,31168,0,0,0,1795080,1795080,4393
34028,68,13,940,36,0,31168,0,0,0,1795978,1795978,4393
34044,68,31,940,36,0,31168,0,0,0,1796820,1796820,4393
34059,68,99,940,36,0,31168,0,0,0,1797643,1797643,4393
34076,68,118,940,36,0,31168,0,0,0,1798570,1798570,4393
34092,68,145,940,36,0,31168,0,0,0,1799468,1799468,4393
34110,68,167,940,36,0,31168,0,0,0,1800426,1800426,4393
34126,68,186,940,36,0,31168,0,0,0,1801313,1801313,4393
34142,68,220,940,36,0,31168,0,0,0,1802171,1802171,4393
34158,68,238,940,36,0,31168,0,0,0,1803054,1803054,4393
34174,68,275,940,36,0,31168,0,0,0,1803815,1803815,4393
34189,68,303,940,36,0,31168,0,0,0,1804618,1804618,4393
34204,68,321,940,36,0,31168,0,0,0,1805347,1805347,4393
34219,68,337,940,36,0,31168,0,0,0,1806112,1806112,4393
34236,68,357,940,36,0,31168,0,0,0,1807014,1807014,4393
34251,68,395,940,36,0,31168,0,0,0,1807855,1807855,4393
34269,68,424,940,36,0,31168,0,0,0,1808745,1808745,4393
34284,68,446,940,36,0,31168,0,0,0,1809592,1809592,4393
34300,68,465,940,36,0,31168,0,0,0,1810450,1810450,4393
34315,68,485,940,36,0,31168,0,0,0,1811246,1811246,4393
34331,68,509,940,36,0,31168,0,0,0,1812052,1812052,4393
34346,68,532,940,36,0,31168,0,0,0,1812838,1812838,4393
34362,68,559,940,36,0,31168,0,0,0,1813634,1813634,4393
34378,68,583,940,36,0,31168,0,0,0,1814485,1814485,4393
34395,68,618,940,36,0,31168,0,0,0,1815322,1815322,4393
34411,68,650,940,36,0,31168,0,0,0,1816133,1816133,4393
34426,68,684,940,36,0,31168,0,0,0,1817000,1817000,4393
34442,68,707,940,36,0,31168,0,0,0,1817715,1817715,4393
34457,68,746,940,36,0,31168,0,0,0,1818453,1818453,4393
34474,68,773,940,36,0,31168,0,0,0,1819320,1819320,4393
34490,68,803,940,36,0,31168,0,0,0,1820167,1820167,4393
34507,68,834,940,36,0,31168,0,0,0,1821067,1821067,4393
34522,68,865,940,36,0,31168,0,0,0,1821855,1821855,4393
34538,68,895,940,36,0,31168,0,0,0,1822741,1822741,4393
34553,69,921,940,36,0,31168,0,0,0,1823562,1823562,4393
34569,69,3,941,36,0,31168,0,0,0,1824416,1824416,4395
34584,69,24,941,36,0,31168,0,0,0,1825203,1825203,4395
34601,69,75,941,36,0,31168,0,0,0,1826123,1826123,4395
34616,69,115,941,36,0,31168,0,0,0,1826963,1826963,4395
34631,69,141,941,36,0,31168,0,0,0,1827830,1827830,4395
34648,69,159,941,36,0,31168,0,0,0,1828764,1828764,4395
34664,69,173,941,36,0,31168,0,0,0,1829625,1829625,4395
34679,69,193,941,36,0,31168,0,0,0,1830492,1830492,4395
34696,69,218,941,36,0,31168,0,0,0,1831445,1831445,4395
34712,69,234,941,36,0,31168,0,0,0,1832207,1832207,4395
34728,69,256,941,36,0,31168,0,0,0,1833057,1833057,4395
34743,69,288,941,36,0,31168,0,0,0,1833818,1833818,4395
34759,69,304,941,36,0,31168,0,0,0,1834637,1834637,4395
34775,69,327,941,36,0,31168,0,0,0,1835483,1835483,4395
34790,69,347,941,36,0,31168,0,0,0,1836357,1836357,4395
34806,69,376,941,36,0,31168,0,0,0,1837236,1837236,4395
34821,69,400,941,36,0,31168,0,0,0,1838001,1838001,4395
34837,69,434,941,36,0,31168,0,0,0,1838775,1838775,4395
34852,69,449,941,36,0,31168,0,0,0,1839598,1839598,4395
34868,69,474,941,36,0,31168,0,0,0,1840390,1840390,4395
34883,69,494,941,36,0,31168,0,0,0,1841143,1841143,4395
34899,69,520,941,36,0,31168,0,0,0,1841978,1841978,4395
34914,69,540,941,36,0,31168,0,0,0,1842675,1842675,4395
34930,69,566,941,36,0,31168,0,0,0,1843418,1843418,4395
34945,69,586,941,36,0,31168,0,0,0,1844208,1844208,4395
34960,69,608,941,36,0,31168,0,0,0,1844970,1844970,4395
34976,69,627,941,36,0,31168,0,0,0,1845707,1845707,4395
34991,69,665,941,36,0,31168,0,0,0,1846549,1846549,4395
35007,69,698,941,36,0,31168,0,0,0,1847382,1847382,4395
35022,69,735,941,36,0,31168,0,0,0,1848196,1848196,4395
35039,69,757,941,36,0,31168,0,0,0,1849018,1849018,4395
35055,69,783,941,36,0,31168,0,0,0,1849863,1849863,4395
35070,69,812,941,36,0,31168,0,0,0,1850673,1850673,4395
35086,69,848,941,36,0,31168,0,0,0,1851514,1851514,4395
35101,69,884,941,35,0,31168,0,0,0,1852377,1852377,4395
35118,70,910,941,35,0,31168,0,0,0,1853241,1853241,4395
35134,70,940,942,36,0,31168,0,0,0,1854087,1854087,4395
35151,70,16,942,36,0,31168,0,0,0,1855023,1855023,4395
35166,70,60,942,36,0,31168,0,0,0,1855849,1855849,4395
35182,70,109,942,36,0,31168,0,0,0,1856638,1856638,4395
35198,70,136,942,36,0,31168,0,0,0,1857560,1857560,4395
35214,70,159,942,36,0,31168,0,0,0,1858479,1858479,4395
35231,70,181,942,36,0,31168,0,0,0,1859436,1859436,4395
35247,70,205,942,36,0,31168,0,0,0,1860195,1860195,4395
35263,70,221,942,36,0,31168,0,0,0,1861002,1861002,4395
35278,70,240,942,36,0,31168,0,0,0,1861881,1861881,4395
35294,70,274,942,36,0,31168,0,0,0,1862730,1862730,4395
35310,70,300,942,36,0,31168,0,0,0,1863582,1863582,4395
35325,70,321,942,36,0,31168,0,0,0,1864396,1864396,4395
35342,70,347,942,36,0,31168,0,0,0,1865296,1865296,4395
35358,70,375,942,36,0,31168,0,0,0,1866209,1866209,4395
35374,70,399,942,36,0,31168,0,0,0,1866974,1866974,4395
35389,70,418,942,35,0,31168,0,0,0,1867715,1867715,4395
35405,70,438,942,35,0,31168,0,0,0,1868497,1868497,4395
35421,70,455,942,35,0,31168,0,0,0,1869393,1869393,4395
35436,70,480,942,35,0,31168,0,0,0,1870169,1870169,4395
35453,70,504,942,35,0,31168,0,0,0,1871003,1871003,4395
35468,70,527,942,35,0,31168,0,0,0,1871856,1871856,4395
35483,70,551,942,35,0,31168,0,0,0,1872610,1872610,4395
35498,70,574,942,35,0,31168,0,0,0,1873364,1873364,4395
35514,70,600,942,35,0,31168,0,0,0,1874197,1874197,4395
35530,70,619,942,35,0,31168,0,0,0,1874941,1874941,4395
35545,70,648,942,35,0,31168,0,0,0,1875757,1875757,4395
35560,70,673,942,35,0,31168,0,0,0,1876560,1876560,4395
35577,70,702,942,35,0,31168,0,0,0,1877411,1877411,4395
35593,70,734,942,35,0,31168,0,0,0,1878225,1878225,4395
35609,70,767,942,35,0,31168,0,0,0,1879020,1879020,4395
35626,70,794,942,35,0,31168,0,0,0,1879969,1879969,4395
35641,70,817,942,35,0,31168,0,0,0,1880751,1880751,4395
35658,70,861,942,35,0,31168,0,0,0,1881642,1881642,4395
35673,70,893,942,35,0,31168,0,0,0,1882496,1882496,4395
35690,71,914,943,35,0,31168,0,0,0,1883295,1883295,4395
35706,71,1,943,35,0,31168,0,0,0,1884104,1884104,4395
35722,71,18,943,35,0,31168,0,0,0,1885043,1885043,4395
35739,71,83,943,35,0,31168,0,0,0,1885872,1885872,4395
35755,71,118,943,35,0,31168,0,0,0,1886791,1886791,4395
35772,71,143,943,35,0,31168,0,0,0,1887751,1887751,4395
35788,71,166,943,35,0,31168,0,0,0,1888603,1888603,4395
35805,71,183,943,35,0,31168,0,0,0,1889496,1889496,4395
35821,71,198,943,35,0,31168,0,0,0,1890336,1890336,4395
35837,71,223,943,35,0,31168,0,0,0,1891253,1891253,4395
35852,71,237,943,35,0,31168,0,0,0,1892083,1892083,4395
35867,71,265,943,35,0,31168,0,0,0,1892860,1892860,4395
35883,71,303,943,35,0,31168,0,0,0,1893721,1893721,4395
35901,71,332,943,35,0,31168,0,0,0,1894565,1894565,4395
35916,71,354,943,35,0,31168,0,0,0,1895385,1895385,4395
35932,71,384,943,35,0,31168,0,0,0,1896210,1896210,4395
35947,71,406,943,35,0,31168,0,0,0,1897003,1897003,4395
35963,71,435,943,35,0,31168,0,0,0,1897843,1897843,4395
35980,71,453,943,35,0,31168,0,0,0,1898710,1898710,4395
35995,71,480,943,35,0,31168,0,0,0,1899501,1899501,4395
36011,71,493,943,35,0,31168,0,0,0,1900301,1900301,4395
36026,71,519,943,35,0,31168,0,0,0,1901115,1901115,4395
36042,71,536,943,34,0,31168,0,0,0,1901887,1901887,4395
36058,71,563,943,34,0,31168,0,0,0,1902729,1902729,4395
36074,71,586,943,34,0,31168,0,0,0,1903502,1903502,4395
36090,71,610,943,34,0,31168,0,0,0,1904302,1904302,4395
36105,71,645,943,34,0,31168,0,0,0,1905066,1905066,4395
36121,71,673,943,34,0,31168,0,0,0,1905958,1905958,4395
36137,71,703,943,34,0,31168,0,0,0,1906814,1906814,4395
36152,71,728,943,34,0,31168,0,0,0,1907595,1907595,4395
36169,71,764,943,34,0,31168,0,0,0,1908418,1908418,4395
36184,71,790,943,34,0,31168,0,0,0,1909196,1909196,4395
36200,71,813,943,34,0,31168,0,0,0,1910076,1910076,4395
36217,71,848,943,34,0,31168,0,0,0,1910917,1910917,4395
36232,71,882,943,34,0,31168,0,0,0,1911684,1911684,4395
36248,72,913,943,34,0,31168,0,0,0,1912476,1912476,4395
36265,72,4,943,34,0,31168,0,0,0,1913406,1913406,4395
36280,72,21,943,34,0,31168,0,0,0,1914221,1914221,4395
36297,72,65,943,34,0,31168,0,0,0,1915140,1915140,4395
36314,72,118,943,33,0,31168,0,0,0,1916121,1916121,4395
36331,72,144,943,31,0,31168,0,0,0,1917064,1917064,4395
36346,72,165,943,31,0,31168,0,0,0,1917900,1917900,4395
36362,72,183,943,31,0,31168,0,0,0,1918776,1918776,4395
36377,72,204,943,31,0,31168,0,0,0,1919597,1919597,4395
36392,72,226,943,31,0,31168,0,0,0,1920427,1920427,4395
36408,72,239,943,31,0,31168,0,0,0,1921267,1921267,4395
36425,72,273,943,31,0,31168,0,0,0,1922220,1922220,4395
36441,72,309,943,31,0,31168,0,0,0,1923023,1923023,4395
36461,72,323,943,31,0,31168,0,0,0,1923882,1923882,4395
36477,72,337,943,31,0,31168,0,0,0,1924686,1924686,4395
36493,72,356,943,31,0,31168,0,0,0,1925540,1925540,4395
36508,72,380,943,31,0,31168,0,0,0,1926248,1926248,4395
36524,72,403,943,31,0,31168,0,0,0,1927003,1927003,4395
36539,72,436,943,31,0,31168,0,0,0,1927807,1927807,4395
36555,72,459,943,31,0,31168,0,0,0,1928680,1928680,4395
36572,72,480,943,31,0,31168,0,0,0,1929533,1929533,4395
36587,72,509,943,31,0,31168,0,0,0,1930348,1930348,4395
36604,72,531,943,31,0,31168,0,0,0,1931243,1931243,4395
36619,72,559,943,31,0,31168,0,0,0,1932020,1932020,4395
36634,72,579,943,31,0,31168,0,0,0,1932828,1932828,4395
36650,72,603,943,31,0,31168,0,0,0,1933588,1933588,4395
36666,72,626,943,31,0,31168,0,0,0,1934442,1934442,4395
36683,72,650,943,31,0,31168,0,0,0,1935214,1935214,4395
36698,72,682,943,31,0,31168,0,0,0,1936033,1936033,4395
36715,72,716,943,31,0,31168,0,0,0,1936762,1936762,4395
36731,72,748,943,31,0,31168,0,0,0,1937556,1937556,4395
36746,72,779,943,31,0,31168,0,0,0,1938279,1938279,4395
36761,72,809,943,31,0,31168,0,0,0,1939067,1939067,4395
36777,72,845,944,32,0,31168,0,0,0,1939865,1939865,4395
36793,72,877,945,33,0,31168,0,0,0,1940671,1940671,4395
36808,72,900,945,33,0,31168,0,0,0,1941502,1941502,4395
36826,73,935,945,33,0,31168,0,0,0,1942366,1942366,4395
36842,73,8,945,33,0,31168,0,0,0,1943252,1943252,4395
36858,73,31,945,33,0,31168,0,0,0,1944231,1944231,4395
36874,73,105,945,33,0,31168,0,0,0,1945108,1945108,4395
36890,73,131,945,33,0,31168,0,0,0,1945973,1945973,4395
36906,73,151,945,33,0,31168,0,0,0,1946866,1946866,4395
36922,73,168,945,33,0,31168,0,0,0,1947754,1947754,4395
36938,73,190,945,33,0,31168,0,0,0,1948596,1948596,4395
36954,73,209,945,33,0,31168,0,0,0,1949464,1949464,4395
36970,73,230,945,33,0,31168,0,0,0,1950347,1950347,4395
36986,73,250,945,33,0,31168,0,0,0,1951218,1951218,4395
37001,73,281,945,33,0,31168,0,0,0,1951988,1951988,4395
37017,73,312,945,32,0,31168,0,0,0,1952825,1952825,4395
37032,73,333,945,32,0,31168,0,0,0,1953640,1953640,4395
37048,73,352,945,32,0,31168,0,0,0,1954462,1954462,4395
37064,73,376,945,32,0,31168,0,0,0,1955321,1955321,4395
37081,73,400,945,32,0,31168,0,0,0,1956151,1956151,4395
37097,73,432,945,32,0,31168,0,0,0,1956959,1956959,4395
37112,73,447,945,32,0,31168,0,0,0,1957758,1957758,4395
37129,73,468,945,32,0,31168,0,0,0,1958732,1958732,4395
37144,73,493,945,32,0,31168,0,0,0,1959528,1959528,4395
37160,73,531,945,32,0,31168,0,0,0,1960340,1960340,4395
37175,73,558,945,32,0,31168,0,0,0,1961132,1961132,4395
37190,73,580,945,32,0,31168,0,0,0,1961926,1961926,4395
37206,73,605,945,32,0,31168,0,0,0,1962788,1962788,4395
37222,73,636,945,32,0,31168,0,0,0,1963633,1963633,4395
37237,73,668,945,32,0,31168,0,0,0,1964441,1964441,4395
37254,73,705,945,32,0,31168,0,0,0,1965351,1965351,4395
37271,73,737,945,32,0,31168,0,0,0,1966139,1966139,4395
37286,73,760,945,32,0,31168,0,0,0,1966883,1966883,4395
37302,73,791,945,32,0,31168,0,0,0,1967722,1967722,4395
37318,73,816,945,32,0,31168,0,0,0,1968537,1968537,4395
37333,73,851,946,33,0,31168,0,0,0,1969312,1969312,4395
37349,73,881,946,32,0,31168,0,0,0,1970175,1970175,4395
37364,74,910,946,32,0,31168,0,0,0,1970989,1970989,4395
37379,74,938,946,31,0,31168,0,0,0,1971772,1971772,4395
37395,74,17,946,31,0,31168,0,0,0,1972676,1972676,4395
37411,74,62,946,31,0,31168,0,0,0,1973545,1973545,4395
37427,74,122,946,31,0,31168,0,0,0,1974410,1974410,4395
37442,74,142,946,31,0,31168,0,0,0,1975229,1975229,4395
37458,74,159,946,31,0,31168,0,0,0,1976104,1976104,4395
37474,74,180,946,31,0,31168,0,0,0,1977007,1977007,4395
37489,74,201,946,31,0,31168,0,0,0,1977798,1977798,4395
37505,74,223,946,31,0,31168,0,0,0,1978601,1978601,4395
37520,74,240,946,31,0,31168,0,0,0,1979400,1979400,4395
37536,74,265,946,31,0,31168,0,0,0,1980256,1980256,4395
37552,74,302,946,31,0,31168,0,0,0,1981078,1981078,4395
37567,74,321,946,31,0,31168,0,0,0,1981904,1981904,4395
37583,74,337,946,31,0,31168,0,0,0,1982692,1982692,4395
37599,74,367,946,31,0,31168,0,0,0,1983523,1983523,4395
37616,74,393,946,31,0,31168,0,0,0,1984395,1984395,4395
37632,74,414,946,31,0,31168,0,0,0,1985266,1985266,4395
37648,74,442,946,31,0,31168,0,0,0,1986085,1986085,4395
37663,74,458,946,31,0,31168,0,0,0,1986929,1986929,4395
37679,74,481,946,31,0,31168,0,0,0,1987764,1987764,4395
37694,74,505,946,31,0,31168,0,0,0,1988532,1988532,4395
37711,74,532,946,31,0,31168,0,0,0,1989426,1989426,4395
37728,74,563,946,31,0,31168,0,0,0,1990306,1990306,4395
37743,74,583,946,31,0,31168,0,0,0,1991117,1991117,4395
37759,74,601,946,31,0,31168,0,0,0,1991940,1991940,4395
37774,74,635,946,31,0,31168,0,0,0,1992735,1992735,4395
37790,74,671,946,31,0,31168,0,0,0,1993536,1993536,4395
37807,74,698,946,31,0,31168,0,0,0,1994402,1994402,4395
37823,74,720,946,31,0,31168,0,0,0,1995195,1995195,4395
37838,74,746,946,31,0,31168,0,0,0,1995962,1995962,4395
37854,74,779,946,31,0,31168,0,0,0,1996737,1996737,4395
37870,74,801,946,31,0,31168,0,0,0,1997483,1997483,4395
37886,74,844,946,31,0,31168,0,0,0,1998318,1998318,4395
37902,74,885,946,31,0,31168,0,0,0,1999258,1999258,4395
37919,75,910,947,32,0,31168,0,0,0,2000110,2000110,4395
37934,75,4,947,31,0,31168,0,0,0,2000950,2000950,4395
37951,75,17,947,31,0,31168,0,0,0,2001849,2001849,4395
37967,75,60,947,31,0,31168,0,0,0,2002755,2002755,4395
37982,75,109,947,31,0,31168,0,0,0,2003573,2003573,4395
37998,75,131,947,31,0,31168,0,0,0,2004457,2004457,4395
38013,75,150,947,31,0,31168,0,0,0,2005257,2005257,4395
38030,75,170,947,31,0,31168,0,0,0,2006130,2006130,4395
38045,75,193,947,31,0,31168,0,0,0,2006942,2006942,4395
38060,75,214,947,31,0,31168,0,0,0,2007738,2007738,4395
38076,75,234,947,31,0,31168,0,0,0,2008520,2008520,4395
38091,75,252,947,31,0,31168,0,0,0,2009384,2009384,4395
38108,75,275,947,31,0,31168,0,0,0,2010235,2010235,4395
38124,75,302,947,31,0,31168,0,0,0,2011033,2011033,4395
38139,75,323,947,31,0,31168,0,0,0,2011868,2011868,4395
38155,75,338,947,31,0,31168,0,0,0,2012694,2012694,4395
38170,75,356,947,31,0,31168,0,0,0,2013580,2013580,4395
38186,75,380,947,31,0,31168,0,0,0,2014436,2014436,4395
38202,75,398,947,31,0,31168,0,0,0,2015257,2015257,4395
38219,75,436,947,31,0,31168,0,0,0,2016115,2016115,4395
38234,75,455,947,31,0,31168,0,0,0,2016943,2016943,4395
38250,75,480,947,31,0,31168,0,0,0,2017776,2017776,4395
38265,75,494,947,31,0,31168,0,0,0,2018566,2018566,4395
38281,75,521,947,31,0,31168,0,0,0,2019379,2019379,4395
38298,75,542,947,31,0,31168,0,0,0,2020155,2020155,4395
38314,75,566,947,31,0,31168,0,0,0,2020931,2020931,4395
38329,75,593,947,31,0,31168,0,0,0,2021752,2021752,4395
38345,75,613,947,31,0,31168,0,0,0,2022490,2022490,4395
38360,75,636,947,31,0,31168,0,0,0,2023279,2023279,4395
38376,75,673,947,31,0,31168,0,0,0,2024099,2024099,4395
38392,75,705,947,31,0,31168,0,0,0,2024949,2024949,4395
38408,75,741,947,31,0,31168,0,0,0,2025756,2025756,4395
38423,75,781,947,31,0,31168,0,0,0,2026530,2026530,4395
38439,75,815,947,31,0,31168,0,0,0,2027392,2027392,4395
38455,75,848,947,31,0,31168,0,0,0,2028231,2028231,4395
38471,75,884,947,31,0,31168,0,0,0,2029096,2029096,4395
38486,76,911,947,31,0,31168,0,0,0,2029890,2029890,4395
38502,76,937,947,30,0,31168,0,0,0,2030670,2030670,4395
38519,76,11,948,30,0,31168,0,0,0,2031627,2031627,4395
38535,76,30,948,30,0,31168,0,0,0,2032492,2032492,4395
38550,76,75,948,30,0,31168,0,0,0,2033284,2033284,4395
38565,76,114,949,31,0,31168,0,0,0,2034088,2034088,4398
38581,76,142,949,31,0,31168,0,0,0,2034935,2034935,4398
38596,76,164,949,31,0,31168,0,0,0,2035774,2035774,4398
38611,76,182,949,31,0,31168,0,0,0,2036591,2036591,4398
38628,76,204,949,31,0,31168,0,0,0,2037463,2037463,4398
38643,76,228,949,31,0,31168,0,0,0,2038312,2038312,4398
38659,76,250,949,31,0,31168,0,0,0,2039170,2039170,4398
38674,76,285,949,31,0,31168,0,0,0,2039973,2039973,4398
38690,76,315,949,31,0,31168,0,0,0,2040846,2040846,4398
38707,76,336,949,31,0,31168,0,0,0,2041737,2041737,4398
38722,76,369,949,31,0,31168,0,0,0,2042524,2042524,4398
38739,76,396,949,31,0,31168,0,0,0,2043391,2043391,4398
38754,76,414,949,31,0,31168,0,0,0,2044122,2044122,4398
38769,76,442,949,31,0,31168,0,0,0,2044950,2044950,4398
38786,76,463,949,31,0,31168,0,0,0,2045849,2045849,4398
38803,76,489,949,31,0,31168,0,0,0,2046711,2046711,4398
38818,76,518,949,31,0,31168,0,0,0,2047471,2047471,4398
38834,76,541,949,31,0,31168,0,0,0,2048282,2048282,4398
38851,76,576,949,31,0,31168,0,0,0,2049177,2049177,4398
38867,76,593,949,31,0,31168,0,0,0,2049969,2049969,4398
38883,76,619,949,31,0,31168,0,0,0,2050798,2050798,4398
38899,76,645,949,31,0,31168,0,0,0,2051623,2051623,4398
38915,76,678,949,31,0,31168,0,0,0,2052425,2052425,4398
38930,76,704,949,31,0,31168,0,0,0,2053231,2053231,4398
38946,76,746,949,31,0,31168,0,0,0,2054065,2054065,4398
38961,76,767,949,31,0,31168,0,0,0,2054789,2054789,4398
38977,76,803,949,31,0,31168,0,0,0,2055567,2055567,4398
38993,76,834,950,32,0,31168,0,0,0,2056387,2056387,4398
39009,76,862,950,32,0,31168,0,0,0,2057236,2057236,4398
39026,76,887,950,31,0,31168,0,0,0,2058058,2058058,4398
39043,77,916,950,31,0,31168,0,0,0,2058919,2058919,4398
39059,77,1,950,30,0,31168,0,0,0,2059805,2059805,4398
39076,77,15,950,30,0,31168,0,0,0,2060744,2060744,4398
39091,77,44,950,30,0,31168,0,0,0,2061490,2061490,4398
39106,77,113,950,30,0,31168,0,0,0,2062408,2062408,4398
39122,77,138,950,30,0,31168,0,0,0,2063266,2063266,4398
39138,77,152,950,30,0,31168,0,0,0,2064092,2064092,4398
39153,77,166,950,30,0,31168,0,0,0,2064933,2064933,4398
39170,77,187,950,30,0,31168,0,0,0,2065807,2065807,4398
39185,77,215,950,30,0,31168,0,0,0,2066703,2066703,4398
39201,77,232,950,30,0,31168,0,0,0,2067483,2067483,4398
39216,77,252,950,30,0,31168,0,0,0,2068301,2068301,4398
39232,77,281,950,29,0,31168,0,0,0,2069112,2069112,4398
39248,77,312,950,29,0,31168,0,0,0,2069893,2069893,4398
39263,77,332,950,29,0,31168,0,0,0,2070697,2070697,4398
39279,77,349,950,29,0,31168,0,0,0,2071571,2071571,4398
39295,77,376,950,29,0,31168,0,0,0,2072375,2072375,4398
39311,77,399,950,29,0,31168,0,0,0,2073171,2073171,4398
39328,77,428,950,29,0,31168,0,0,0,2074072,2074072,4398
39343,77,447,950,29,0,31168,0,0,0,2074865,2074865,4398
39359,77,465,950,29,0,31168,0,0,0,2075716,2075716,4398
39375,77,484,950,29,0,31168,0,0,0,2076504,2076504,4398
39391,77,509,950,29,0,31168,0,0,0,2077211,2077211,4398
39407,77,532,950,29,0,31168,0,0,0,2078033,2078033,4398
39424,77,559,950,29,0,31168,0,0,0,2078857,2078857,4398
39440,77,585,950,29,0,31168,0,0,0,2079747,2079747,4398
39456,77,617,951,30,0,31168,0,0,0,2080563,2080563,4398
39472,77,645,951,30,0,31168,0,0,0,2081412,2081412,4398
39488,77,669,951,30,0,31168,0,0,0,2082245,2082245,4398
39504,77,698,951,30,0,31168,0,0,0,2083129,2083129,4398
39519,77,734,951,30,0,31168,0,0,0,2083866,2083866,4398
39534,77,767,951,29,0,31168,0,0,0,2084611,2084611,4398
39550,77,798,951,29,0,31168,0,0,0,2085488,2085488,4398
39565,77,820,951,29,0,31168,0,0,0,2086310,2086310,4398
39581,77,859,951,29,0,31168,0,0,0,2087117,2087117,4398
39596,77,892,951,29,0,31168,0,0,0,2087866,2087866,4398
39612,78,916,951,29,0,31168,0,0,0,2088695,2088695,4398
39628,78,7,951,28,0,31168,0,0,0,2089542,2089542,4398
39644,78,24,951,28,0,31168,0,0,0,2090387,2090387,4398
39659,78,100,951,28,0,31168,0,0,0,2091216,2091216,4398
39674,78,126,951,28,0,31168,0,0,0,2092028,2092028,4398
39689,78,149,951,28,0,31168,0,0,0,2092842,2092842,4398
39704,78,172,951,28,0,31168,0,0,0,2093678,2093678,4398
39720,78,196,951,28,0,31168,0,0,0,2094475,2094475,4398
39736,78,220,951,28,0,31168,0,0,0,2095335,2095335,4398
39751,78,234,951,28,0,31168,0,0,0,2096111,2096111,4398
39767,78,260,951,28,0,31168,0,0,0,2096965,2096965,4398
39783,78,289,951,28,0,31168,0,0,0,2097773,2097773,4398
39799,78,315,951,28,0,31168,0,0,0,2098573,2098573,4398
39814,78,332,951,28,0,31168,0,0,0,2099405,2099405,4398
39829,78,359,951,28,0,31168,0,0,0,2100235,2100235,4398
39845,78,376,951,28,0,31168,0,0,0,2100956,2100956,4398
39861,78,398,951,28,0,31168,0,0,0,2101744,2101744,4398
39876,78,426,951,28,0,31168,0,0,0,2102547,2102547,4398
39892,78,443,951,28,0,31168,0,0,0,2103237,2103237,4398
39909,78,468,951,28,0,31168,0,0,0,2104186,2104186,4398
39924,78,492,951,28,0,31168,0,0,0,2104973,2104973,4398
39941,78,516,951,28,0,31168,0,0,0,2105721,2105721,4398
39957,78,536,951,28,0,31168,0,0,0,2106520,2106520,4398
39973,78,567,951,28,0,31168,0,0,0,2107360,2107360,4398
39988,78,588,951,28,0,31168,0,0,0,2108158,2108158,4398
40004,78,618,951,27,0,31168,0,0,0,2109010,2109010,4398
40021,78,655,951,27,0,31168,0,0,0,2109848,2109848,4398
40037,78,683,951,27,0,31168,0,0,0,2110726,2110726,4398
40054,78,721,951,27,0,31168,0,0,0,2111537,2111537,4398
40070,78,743,951,27,0,31168,0,0,0,2112339,2112339,4398
40085,78,791,951,27,0,31168,0,0,0,2113115,2113115,4398
40101,78,816,951,27,0,31168,0,0,0,2113925,2113925,4398
40117,78,851,951,27,0,31168,0,0,0,2114833,2114833,4398
40132,78,881,951,27,0,31168,0,0,0,2115648,2115648,4398
40148,78,907,951,26,0,31168,0,0,0,2116457,2116457,4398
40164,79,937,951,26,0,31168,0,0,0,2117282,2117282,4398
40180,79,13,951,26,0,31168,0,0,0,2118120,2118120,4398
40195,79,41,951,26,0,31168,0,0,0,2118952,2118952,4398
40210,79,104,951,26,0,31168,0,0,0,2119748,2119748,4398
40225,79,126,951,26,0,31168,0,0,0,2120594,2120594,4398
40241,79,146,951,26,0,31168,0,0,0,2121432,2121432,4398
40257,79,165,951,26,0,31168,0,0,0,2122281,2122281,4398
40272,79,184,951,26,0,31168,0,0,0,2123126,2123126,4398
40287,79,201,951,26,0,31168,0,0,0,2123924,2123924,4398
40304,79,229,951,26,0,31168,0,0,0,2124789,2124789,4398
40320,79,252,951,26,0,31168,0,0,0,2125619,2125619,4398
40335,79,289,951,26,0,31168,0,0,0,2126426,2126426,4398
40350,79,316,951,26,0,31168,0,0,0,2127222,2127222,4398
40365,79,331,951,26,0,31168,0,0,0,2127991,2127991,4398
40380,79,356,951,26,0,31168,0,0,0,2128767,2128767,4398
40396,79,388,951,26,0,31168,0,0,0,2129575,2129575,4398
40411,79,409,951,26,0,31168,0,0,0,2130360,2130360,4398
40426,79,438,951,26,0,31168,0,0,0,2131159,2131159,4398
40443,79,453,951,26,0,31168,0,0,0,2132029,2132029,4398
40459,79,475,951,26,0,31168,0,0,0,2132894,2132894,4398
40474,79,504,951,26,0,31168,0,0,0,2133618,2133618,4398
40491,79,524,951,26,0,31168,0,0,0,2134484,2134484,4398
40506,79,550,951,26,0,31168,0,0,0,2135232,2135232,4398
40522,79,583,951,26,0,31168,0,0,0,2136057,2136057,4398
40539,79,603,951,26,0,31168,0,0,0,2136853,2136853,4398
40554,79,627,951,26,0,31168,0,0,0,2137644,2137644,4398
40570,79,650,951,26,0,31168,0,0,0,2138453,2138453,4398
40586,79,682,951,26,0,31168,0,0,0,2139317,2139317,4398
40602,79,716,951,26,0,31168,0,0,0,2140096,2140096,4398
40617,79,736,951,26,0,31168,0,0,0,2140870,2140870,4398
40633,79,771,951,26,0,31168,0,0,0,2141710,2141710,4398
40649,79,806,951,26,0,31168,0,0,0,2142546,2142546,4398
40665,79,848,951,26,0,31168,0,0,0,2143381,2143381,4398
40680,79,874,951,26,0,31168,0,0,0,2144223,2144223,4398
40696,79,906,951,25,0,31168,0,0,0,2145021,2145021,4398
40712,80,936,951,25,0,31168,0,0,0,2145880,2145880,4398
40728,80,9,953,24,0,31168,0,0,0,2146747,2146747,4403
40743,80,26,953,24,0,31168,0,0,0,2147551,2147551,4403
40760,80,99,953,24,0,31168,0,0,0,2148434,2148434,4403
40776,80,118,953,24,0,31168,0,0,0,2149332,2149332,4403
40792,80,145,953,24,0,31168,0,0,0,2150175,2150175,4403
40808,80,163,953,24,0,31168,0,0,0,2151088,2151088,4403
40824,80,183,953,24,0,31168,0,0,0,2151941,2151941,4403
40840,80,208,953,24,0,31168,0,0,0,2152884,2152884,4403
40856,80,229,953,24,0,31168,0,0,0,2153657,2153657,4403
40872,80,249,953,24,0,31168,0,0,0,2154532,2154532,4403
40887,80,276,953,24,0,31168,0,0,0,2155355,2155355,4403
40903,80,304,954,25,0,31168,0,0,0,2156205,2156205,4404
40919,80,334,954,25,0,31168,0,0,0,2157025,2157025,4404
40934,80,355,954,25,0,31168,0,0,0,2157850,2157850,4404
40949,80,388,954,25,0,31168,0,0,0,2158608,2158608,4404
40965,80,415,954,25,0,31168,0,0,0,2159414,2159414,4404
40982,80,438,954,25,0,31168,0,0,0,2160243,2160243,4404
40997,80,456,954,25,0,31168,0,0,0,2161079,2161079,4404
41013,80,482,954,25,0,31168,0,0,0,2161928,2161928,4404
41030,80,508,954,25,0,31168,0,0,0,2162747,2162747,4404
41045,80,528,954,25,0,31168,0,0,0,2163605,2163605,4404
41060,80,556,954,25,0,31168,0,0,0,2164317,2164317,4404
41075,80,583,954,25,0,31168,0,0,0,2165117,2165117,4404
41091,80,602,954,25,0,31168,0,0,0,2165906,2165906,4404
41106,80,636,954,25,0,31168,0,0,0,2166750,2166750,4404
41121,80,673,954,25,0,31168,0,0,0,2167565,2167565,4404
41137,80,703,954,25,0,31168,0,0,0,2168367,2168367,4404
41152,80,735,954,25,0,31168,0,0,0,2169137,2169137,4404
41168,80,768,954,24,0,31168,0,0,0,2169966,2169966,4404
41183,80,792,954,24,0,31168,0,0,0,2170776,2170776,4404
41199,80,819,954,24,0,31168,0,0,0,2171572,2171572,4404
41215,80,856,954,24,0,31168,0,0,0,2172395,2172395,4404
41230,80,885,954,24,0,31168,0,0,0,2173194,2173194,4404
41245,81,924,954,24,0,31168,0,0,0,2173977,2173977,4404
41262,81,952,954,24,0,31168,0,0,0,2174808,2174808,4404
41279,81,17,954,23,0,31168,0,0,0,2175733,2175733,4404
41295,81,62,954,23,0,31168,0,0,0,2176602,2176602,4404
41310,81,116,954,23,0,31168,0,0,0,2177472,2177472,4404
41325,81,142,954,23,0,31168,0,0,0,2178301,2178301,4404
41342,81,160,954,23,0,31168,0,0,0,2179185,2179185,4404
41359,81,181,954,23,0,31168,0,0,0,2180083,2180083,4404
41374,81,200,954,23,0,31168,0,0,0,2180896,2180896,4404
41391,81,231,954,23,0,31168,0,0,0,2181890,2181890,4404
41406,81,256,954,23,0,31168,0,0,0,2182666,2182666,4404
41422,81,281,954,23,0,31168,0,0,0,2183493,2183493,4404
41437,81,304,954,23,0,31168,0,0,0,2184229,2184229,4404
41453,81,324,954,23,0,31168,0,0,0,2185045,2185045,4404
41468,81,345,954,23,0,31168,0,0,0,2185852,2185852,4404
41485,81,376,954,22,0,31168,0,0,0,2186700,2186700,4404
41501,81,399,954,22,0,31168,0,0,0,2187560,2187560,4404
41518,81,428,954,22,0,31168,0,0,0,2188377,2188377,4404
41534,81,446,954,22,0,31168,0,0,0,2189185,2189185,4404
41549,81,467,954,22,0,31168,0,0,0,2189984,2189984,4404
41564,81,494,954,22,0,31168,0,0,0,2190783,2190783,4404
41581,81,514,954,22,0,31168,0,0,0,2191598,2191598,4404
41596,81,531,954,22,0,31168,0,0,0,2192410,2192410,4404
41611,81,556,954,22,0,31168,0,0,0,2193156,2193156,4404
41627,81,590,954,22,0,31168,0,0,0,2193905,2193905,4404
41642,81,615,954,22,0,31168,0,0,0,2194702,2194702,4404
41657,81,646,954,22,0,31168,0,0,0,2195500,2195500,4404
41673,81,670,954,22,0,31168,0,0,0,2196262,2196262,4404
41688,81,702,954,22,0,31168,0,0,0,2197060,2197060,4404
41705,81,734,954,22,0,31168,0,0,0,2197948,2197948,4404
41721,81,773,954,22,0,31168,0,0,0,2198742,2198742,4404
41737,81,794,954,22,0,31168,0,0,0,2199476,2199476,4404
41752,81,817,954,22,0,31168,0,0,0,2200287,2200287,4404
41769,81,854,954,22,0,31168,0,0,0,2201125,2201125,4404
41786,81,887,955,23,0,31168,0,0,0,2202003,2202003,4404
41802,82,916,955,22,0,31168,0,0,0,2202799,2202799,4404
41818,82,951,956,23,0,31168,0,0,0,2203645,2203645,4405
41833,82,13,956,21,0,31168,0,0,0,2204556,2204556,4405
41848,82,35,956,21,0,31168,0,0,0,2205354,2205354,4405
41863,82,105,956,21,0,31168,0,0,0,2206154,2206154,4405
41879,82,137,956,21,0,31168,0,0,0,2206976,2206976,4405
41895,82,156,956,21,0,31168,0,0,0,2207840,2207840,4405
41910,82,174,956,21,0,31168,0,0,0,2208712,2208712,4405
41925,82,206,956,21,0,31168,0,0,0,2209578,2209578,4405
41942,82,223,956,21,0,31168,0,0,0,2210466,2210466,4405
41957,82,248,956,21,0,31168,0,0,0,2211304,2211304,4405
41972,82,285,956,21,0,31168,0,0,0,2212101,2212101,4405
41989,82,315,956,21,0,31168,0,0,0,2212884,2212884,4405
42005,82,336,956,21,0,31168,0,0,0,2213759,2213759,4405
42020,82,359,956,21,0,31168,0,0,0,2214578,2214578,4405
42037,82,386,956,21,0,31168,0,0,0,2215433,2215433,4405
42052,82,404,956,21,0,31168,0,0,0,2216194,2216194,4405
42067,82,434,956,21,0,31168,0,0,0,2217017,2217017,4405
42083,82,450,956,21,0,31168,0,0,0,2217835,2217835,4405
42100,82,478,956,21,0,31168,0,0,0,2218739,2218739,4405
42117,82,504,956,21,0,31168,0,0,0,2219535,2219535,4405
42133,82,531,956,21,0,31168,0,0,0,2220340,2220340,4405
42148,82,557,956,21,0,31168,0,0,0,2221135,2221135,4405
42163,82,583,956,21,0,31168,0,0,0,2221942,2221942,4405
42179,82,602,956,21,0,31168,0,0,0,2222797,2222797,4405
42196,82,627,956,21,0,31168,0,0,0,2223632,2223632,4405
42211,82,660,956,21,0,31168,0,0,0,2224470,2224470,4405
42228,82,696,956,21,0,31168,0,0,0,2225362,2225362,4405
42243,82,734,956,21,0,31168,0,0,0,2226119,2226119,4405
42259,82,756,956,21,0,31168,0,0,0,2226842,2226842,4405
42274,82,781,956,21,0,31168,0,0,0,2227599,2227599,4405
42290,82,806,956,21,0,31168,0,0,0,2228446,2228446,4405
42307,82,826,956,21,0,31168,0,0,0,2229266,2229266,4405
42323,82,858,956,21,0,31168,0,0,0,2230033,2230033,4405
42338,82,891,956,21,0,31168,0,0,0,2230875,2230875,4405
42354,82,907,956,20,0,31168,0,0,0,2231472,2231472,4405
42369,83,936,957,21,0,31168,0,0,0,2232256,2232256,4406
42384,83,3,957,20,0,31168,0,0,0,2233099,2233099,4406
42400,83,17,957,20,0,31168,0,0,0,2233917,2233917,4406
42415,83,60,957,20,0,31168,0,0,0,2234811,2234811,4406
42431,83,107,957,20,0,31168,0,0,0,2235673,2235673,4406
42446,83,138,957,20,0,31168,0,0,0,2236572,2236572,4406
42462,83,150,957,20,0,31168,0,0,0,2237362,2237362,4406
42478,83,172,957,20,0,31168,0,0,0,2238258,2238258,4406
42493,83,189,957,20,0,31168,0,0,0,2239067,2239067,4406
42508,83,208,957,20,0,31168,0,0,0,2239860,2239860,4406
42524,83,228,957,20,0,31168,0,0,0,2240737,2240737,4406
42540,83,241,957,20,0,31168,0,0,0,2241613,2241613,4406
42556,83,264,957,20,0,31168,0,0,0,2242362,2242362,4406
42572,83,289,957,20,0,31168,0,0,0,2243202,2243202,4406
42588,83,316,957,20,0,31168,0,0,0,2243966,2243966,4406
42603,83,349,957,20,0,31168,0,0,0,2244874,2244874,4406
42620,83,376,957,20,0,31168,0,0,0,2245719,2245719,4406
42636,83,400,957,20,0,31168,0,0,0,2246541,2246541,4406
42651,83,435,957,20,0,31168,0,0,0,2247298,2247298,4406
42667,83,449,957,20,0,31168,0,0,0,2248156,2248156,4406
42683,83,475,957,20,0,31168,0,0,0,2248991,2248991,4406
42698,83,504,957,20,0,31168,0,0,0,2249766,2249766,4406
42715,83,530,957,20,0,31168,0,0,0,2250629,2250629,4406
42732,83,551,957,20,0,31168,0,0,0,2251434,2251434,4406
42747,83,577,957,20,0,31168,0,0,0,2252243,2252243,4406
42763,83,600,957,20,0,31168,0,0,0,2253067,2253067,4406
42780,83,628,957,20,0,31168,0,0,0,2253920,2253920,4406
42796,83,669,957,20,0,31168,0,0,0,2254727,2254727,4406
42812,83,702,957,20,0,31168,0,0,0,2255538,2255538,4406
42827,83,727,957,20,0,31168,0,0,0,2256258,2256258,4406
42843,83,759,957,20,0,31168,0,0,0,2257014,2257014,4406
42860,83,791,957,20,0,31168,0,0,0,2257841,2257841,4406
42875,83,816,957,20,0,31168,0,0,0,2258659,2258659,4406
42891,83,856,958,21,0,31168,0,0,0,2259510,2259510,4406
42907,83,884,958,21,0,31168,0,0,0,2260337,2260337,4406
42922,83,907,958,21,0,31168,0,0,0,2261079,2261079,4406
42937,84,938,958,21,0,31168,0,0,0,2261824,2261824,4406
42954,84,7,958,21,0,31168,0,0,0,2262796,2262796,4406
42971,84,44,958,21,0,31168,0,0,0,2263743,2263743,4406
42987,84,107,958,21,0,31168,0,0,0,2264643,2264643,4406
43003,84,135,958,21,0,31168,0,0,0,2265506,2265506,4406
43018,84,154,958,21,0,31168,0,0,0,2266353,2266353,4406
43033,84,170,958,21,0,31168,0,0,0,2267165,2267165,4406
43049,84,192,958,21,0,31168,0,0,0,2268025,2268025,4406
43065,84,212,958,21,0,31168,0,0,0,2268886,2268886,4406
43081,84,233,958,21,0,31168,0,0,0,2269721,2269721,4406
43096,84,257,958,21,0,31168,0,0,0,2270535,2270535,4406
43113,84,285,958,21,0,31168,0,0,0,2271407,2271407,4406
43128,84,312,958,21,0,31168,0,0,0,2272173,2272173,4406
43143,84,333,958,21,0,31168,0,0,0,2273021,2273021,4406
43158,84,357,958,21,0,31168,0,0,0,2273879,2273879,4406
43173,84,377,958,21,0,31168,0,0,0,2274566,2274566,4406
43190,84,403,958,21,0,31168,0,0,0,2275400,2275400,4406
43206,84,431,958,21,0,31168,0,0,0,2276137,2276137,4406
43221,84,450,958,21,0,31168,0,0,0,2277016,2277016,4406
43237,84,468,958,21,0,31168,0,0,0,2277818,2277818,4406
43252,84,494,958,21,0,31168,0,0,0,2278602,2278602,4406
43268,84,517,958,21,0,31168,0,0,0,2279426,2279426,4406
43285,84,538,958,21,0,31168,0,0,0,2280275,2280275,4406
43301,84,570,958,21,0,31168,0,0,0,2281115,2281115,4406
43317,84,587,958,21,0,31168,0,0,0,2281908,2281908,4406
43334,84,610,958,20,0,31168,0,0,0,2282728,2282728,4406
43349,84,648,958,20,0,31168,0,0,0,2283533,2283533,4406
43366,84,672,958,20,0,31168,0,0,0,2284383,2284383,4406
43382,84,702,958,20,0,31168,0,0,0,2285248,2285248,4406
43398,84,736,958,20,0,31168,0,0,0,2286018,2286018,4406
43413,84,769,958,20,0,31168,0,0,0,2286761,2286761,4406
43428,84,800,958,20,0,31168,0,0,0,2287553,2287553,4406
43443,84,845,958,20,0,31168,0,0,0,2288324,2288324,4406
43458,84,882,958,20,0,31168,0,0,0,2289156,2289156,4406
43474,84,911,958,20,0,31168,0,0,0,2289981,2289981,4406
43489,85,936,958,20,0,31168,0,0,0,2290710,2290710,4406
43505,85,4,958,20,0,31168,0,0,0,2291578,2291578,4406
43520,85,26,958,20,0,31168,0,0,0,2292436,2292436,4406
43535,85,65,958,20,0,31168,0,0,0,2293258,2293258,4406
43552,85,118,958,20,0,31168,0,0,0,2294191,2294191,4406
43567,85,145,958,20,0,31168,0,0,0,2294992,2294992,4406
43582,85,167,958,20,0,31168,0,0,0,2295841,2295841,4406
43597,85,192,958,20,0,31168,0,0,0,2296636,2296636,4406
43613,85,214,958,20,0,31168,0,0,0,2297495,2297495,4406
43629,85,229,958,20,0,31168,0,0,0,2298346,2298346,4406
43644,85,245,958,20,0,31168,0,0,0,2299216,2299216,4406
43660,85,267,958,20,0,31168,0,0,0,2299990,2299990,4406
43675,85,292,958,20,0,31168,0,0,0,2300746,2300746,4406
43690,85,313,958,20,0,31168,0,0,0,2301465,2301465,4406
43707,85,336,958,20,0,31168,0,0,0,2302260,2302260,4406
43723,85,357,958,20,0,31168,0,0,0,2303129,2303129,4406
43739,85,388,958,20,0,31168,0,0,0,2303947,2303947,4406
43754,85,409,958,20,0,31168,0,0,0,2304722,2304722,4406
43770,85,436,958,20,0,31168,0,0,0,2305532,2305532,4406
43787,85,455,958,20,0,31168,0,0,0,2306454,2306454,4406
43802,85,481,958,20,0,31168,0,0,0,2307305,2307305,4406
43817,85,505,958,20,0,31168,0,0,0,2308056,2308056,4406
43833,85,535,958,20,0,31168,0,0,0,2308918,2308918,4406
43849,85,557,959,21,0,31168,0,0,0,2309649,2309649,4408
43864,85,583,959,21,0,31168,0,0,0,2310417,2310417,4408
43880,85,608,959,21,0,31168,0,0,0,2311202,2311202,4408
43895,85,635,959,21,0,31168,0,0,0,2311999,2311999,4408
43910,85,668,959,21,0,31168,0,0,0,2312744,2312744,4408
43925,85,705,959,21,0,31168,0,0,0,2313560,2313560,4408
43942,85,746,959,21,0,31168,0,0,0,2314366,2314366,4408
43957,85,784,959,21,0,31168,0,0,0,2315154,2315154,4408
43973,85,806,959,21,0,31168,0,0,0,2315844,2315844,4408
43989,85,834,959,21,0,31168,0,0,0,2316716,2316716,4408
44005,85,880,959,21,0,31168,0,0,0,2317533,2317533,4408
44021,85,913,959,21,0,31168,0,0,0,2318386,2318386,4408
44036,86,951,960,20,0,31168,0,0,0,2319224,2319224,4409
44051,86,9,960,18,0,31168,0,0,0,2320105,2320105,4409
44067,86,30,960,18,0,31168,0,0,0,2320897,2320897,4409
44082,86,107,960,18,0,31168,0,0,0,2321719,2321719,4409
44097,86,129,960,18,0,31168,0,0,0,2322567,2322567,4409
44114,86,150,960,18,0,31168,0,0,0,2323433,2323433,4409
44129,86,171,960,18,0,31168,0,0,0,2324202,2324202,4409
44146,86,187,960,18,0,31168,0,0,0,2325123,2325123,4409
44161,86,214,960,18,0,31168,0,0,0,2325966,2325966,4409
44176,86,230,960,18,0,31168,0,0,0,2326811,2326811,4409
44192,86,249,960,18,0,31168,0,0,0,2327695,2327695,4409
44208,86,282,960,18,0,31168,0,0,0,2328473,2328473,4409
44224,86,313,960,18,0,31168,0,0,0,2329287,2329287,4409
44240,86,328,960,18,0,31168,0,0,0,2330114,2330114,4409
44256,86,349,960,18,0,31168,0,0,0,2330969,2330969,4409
44271,86,366,960,18,0,31168,0,0,0,2331757,2331757,4409
44288,86,396,960,18,0,31168,0,0,0,2332651,2332651,4409
44303,86,426,960,18,0,31168,0,0,0,2333467,2333467,4409
44319,86,444,960,18,0,31168,0,0,0,2334340,2334340,4409
44334,86,468,960,18,0,31168,0,0,0,2335168,2335168,4409
44351,86,484,960,18,0,31168,0,0,0,2336002,2336002,4409
44367,86,505,960,18,0,31168,0,0,0,2336773,2336773,4409
44382,86,527,960,18,0,31168,0,0,0,2337558,2337558,4409
44399,86,550,960,18,0,31168,0,0,0,2338403,2338403,4409
44415,86,572,960,18,0,31168,0,0,0,2339230,2339230,4409
44431,86,593,960,18,0,31168,0,0,0,2340043,2340043,4409
44446,86,627,960,18,0,31168,0,0,0,2340791,2340791,4409
44462,86,658,960,18,0,31168,0,0,0,2341573,2341573,4409
44478,86,682,960,18,0,31168,0,0,0,2342409,2342409,4409
44493,86,716,960,18,0,31168,0,0,0,2343002,2343002,4409
44508,86,743,960,18,0,31168,0,0,0,2343693,2343693,4409
44524,86,782,960,18,0,31168,0,0,0,2344542,2344542,4409
44542,86,807,961,19,0,31168,0,0,0,2345292,2345292,4411
44558,86,846,961,19,0,31168,0,0,0,2346167,2346167,4411
44574,86,865,961,19,0,31168,0,0,0,2347018,2347018,4411
44590,86,895,961,19,0,31168,0,0,0,2347849,2347849,4411
44605,87,930,961,19,0,31168,0,0,0,2348670,2348670,4411
44620,87,960,961,18,0,31168,0,0,0,2349451,2349451,4411
44635,87,18,961,18,0,31168,0,0,0,2350317,2350317,4411
44652,87,62,961,18,0,31168,0,0,0,2351237,2351237,4411
44669,87,110,961,18,0,31168,0,0,0,2352099,2352099,4411
44684,87,136,961,18,0,31168,0,0,0,2352911,2352911,4411
44699,87,150,961,18,0,31168,0,0,0,2353761,2353761,4411
44715,87,167,961,18,0,31168,0,0,0,2354608,2354608,4411
44731,87,189,961,18,0,31168,0,0,0,2355531,2355531,4411
44747,87,214,961,18,0,31168,0,0,0,2356373,2356373,4411
44762,87,239,961,18,0,31168,0,0,0,2357207,2357207,4411
44777,87,264,961,18,0,31168,0,0,0,2358040,2358040,4411
44793,87,289,961,18,0,31168,0,0,0,2358883,2358883,4411
44809,87,315,961,18,0,31168,0,0,0,2359656,2359656,4411
44825,87,334,961,18,0,31168,0,0,0,2360535,2360535,4411
44840,87,357,961,18,0,31168,0,0,0,2361348,2361348,4411
44857,87,385,961,18,0,31168,0,0,0,2362160,2362160,4411
44873,87,415,961,18,0,31168,0,0,0,2362951,2362951,4411
44888,87,442,961,18,0,31168,0,0,0,2363772,2363772,4411
44903,87,467,961,18,0,31168,0,0,0,2364538,2364538,4411
44919,87,499,961,18,0,31168,0,0,0,2365359,2365359,4411
44935,87,518,961,18,0,31168,0,0,0,2366120,2366120,4411
44950,87,536,961,18,0,31168,0,0,0,2366912,2366912,4411
44965,87,562,961,17,0,31168,0,0,0,2367652,2367652,4411
44982,87,585,961,17,0,31168,0,0,0,2368568,2368568,4411
44999,87,619,961,17,0,31168,0,0,0,2369422,2369422,4411
45014,87,645,961,17,0,31168,0,0,0,2370156,2370156,4411
45030,87,675,961,17,0,31168,0,0,0,2371040,2371040,4411
45045,87,707,961,17,0,31168,0,0,0,2371804,2371804,4411
45060,87,748,961,17,0,31168,0,0,0,2372598,2372598,4411
45076,87,771,961,17,0,31168,0,0,0,2373387,2373387,4411
45091,87,792,961,17,0,31168,0,0,0,2374196,2374196,4411
45107,87,817,961,17,0,31168,0,0,0,2375035,2375035,4411
45123,87,858,961,17,0,31168,0,0,0,2375839,2375839,4411
45139,87,890,961,17,0,31168,0,0,0,2376629,2376629,4411
45154,87,913,961,17,0,31168,0,0,0,2377452,2377452,4411
45170,88,946,962,17,0,31168,0,0,0,2378193,2378193,4411
45186,88,1,962,17,0,31168,0,0,0,2379054,2379054,4411
45202,88,16,962,17,0,31168,0,0,0,2379949,2379949,4411
45218,88,48,962,17,0,31168,0,0,0,2380797,2380797,4411
45234,88,103,962,17,0,31168,0,0,0,2381591,2381591,4411
45250,88,128,962,17,0,31168,0,0,0,2382499,2382499,4411
45266,88,147,962,17,0,31168,0,0,0,2383354,2383354,4411
45282,88,161,962,17,0,31168,0,0,0,2384229,2384229,4411
45298,88,180,962,17,0,31168,0,0,0,2385158,2385158,4411
45314,88,192,962,17,0,31168,0,0,0,2385977,2385977,4411
45330,88,218,962,17,0,31168,0,0,0,2386859,2386859,4411
45346,88,236,962,17,0,31168,0,0,0,2387734,2387734,4411
45361,88,259,962,17,0,31168,0,0,0,2388521,2388521,4411
45376,88,286,962,17,0,31168,0,0,0,2389348,2389348,4411
45392,88,313,962,17,0,31168,0,0,0,2390114,2390114,4411
45408,88,331,962,17,0,31168,0,0,0,2390952,2390952,4411
45424,88,344,962,17,0,31168,0,0,0,2391792,2391792,4411
45439,88,360,962,17,0,31168,0,0,0,2392560,2392560,4411
45455,88,384,962,17,0,31168,0,0,0,2393330,2393330,4411
45472,88,404,962,17,0,31168,0,0,0,2394108,2394108,4411
45487,88,429,962,17,0,31168,0,0,0,2394883,2394883,4411
45503,88,444,962,17,0,31168,0,0,0,2395707,2395707,4411
45519,88,473,962,17,0,31168,0,0,0,2396645,2396645,4411
45535,88,489,962,17,0,31168,0,0,0,2397444,2397444,4411
45550,88,514,962,17,0,31168,0,0,0,2398231,2398231,4411
45565,88,535,962,17,0,31168,0,0,0,2399009,2399009,4411
45581,88,563,962,17,0,31168,0,0,0,2399793,2399793,4411
45596,88,587,962,17,0,31168,0,0,0,2400618,2400618,4411
45612,88,613,962,17,0,31168,0,0,0,2401416,2401416,4411
45627,88,645,962,17,0,31168,0,0,0,2402230,2402230,4411
45643,88,675,962,17,0,31168,0,0,0,2403085,2403085,4411
45658,88,703,962,17,0,31168,0,0,0,2403821,2403821,4411
45674,88,735,962,17,0,31168,0,0,0,2404593,2404593,4411
45689,88,773,962,17,0,31168,0,0,0,2405317,2405317,4411
45704,88,799,962,17,0,31168,0,0,0,2406125,2406125,4411
45720,88,848,962,17,0,31168,0,0,0,2407010,2407010,4411
45736,88,881,962,17,0,31168,0,0,0,2407827,2407827,4411
45751,88,910,962,17,0,31168,0,0,0,2408623,2408623,4411
45767,89,948,962,17,0,31168,0,0,0,2409435,2409435,4411
45783,89,6,962,17,0,31168,0,0,0,2410354,2410354,4411
45799,89,19,962,17,0,31168,0,0,0,2411177,2411177,4411
45815,89,90,962,17,0,31168,0,0,0,2412021,2412021,4411
45830,89,122,963,18,0,31168,0,0,0,2412867,2412867,4411
45845,89,144,963,18,0,31168,0,0,0,2413682,2413682,4411
45861,89,171,963,18,0,31168,0,0,0,2414557,2414557,4411
45877,89,193,963,18,0,31168,0,0,0,2415459,2415459,4411
45892,89,218,963,18,0,31168,0,0,0,2416311,2416311,4411
45907,89,232,963,18,0,31168,0,0,0,2417082,2417082,4411
45923,89,248,963,18,0,31168,0,0,0,2417950,2417950,4411
45940,89,274,963,18,0,31168,0,0,0,2418764,2418764,4411
45956,89,302,963,18,0,31168,0,0,0,2419495,2419495,4411
45971,89,323,963,18,0,31168,0,0,0,2420329,2420329,4411
45987,89,339,963,18,0,31168,0,0,0,2421156,2421156,4411
46003,89,359,963,18,0,31168,0,0,0,2422005,2422005,4411
46019,89,395,963,18,0,31168,0,0,0,2422754,2422754,4411
46034,89,427,963,18,0,31168,0,0,0,2423513,2423513,4411
46051,89,442,963,18,0,31168,0,0,0,2424318,2424318,4411
46066,89,464,963,18,0,31168,0,0,0,2425183,2425183,4411
46082,89,484,963,18,0,31168,0,0,0,2425978,2425978,4411
46097,89,508,963,18,0,31168,0,0,0,2426795,2426795,4411
46112,89,533,963,18,0,31168,0,0,0,2427579,2427579,4411
46128,89,562,963,18,0,31168,0,0,0,2428403,2428403,4411
46145,89,585,963,18,0,31168,0,0,0,2429262,2429262,4411
46161,89,602,963,18,0,31168,0,0,0,2430097,2430097,4411
46176,89,628,963,18,0,31168,0,0,0,2430846,2430846,4411
46191,89,660,963,18,0,31168,0,0,0,2431660,2431660,4411
46207,89,689,963,18,0,31168,0,0,0,2432399,2432399,4411
46222,89,720,963,18,0,31168,0,0,0,2433162,2433162,4411
46239,89,748,963,18,0,31168,0,0,0,2433952,2433952,4411
46255,89,784,963,18,0,31168,0,0,0,2434721,2434721,4411
46271,89,806,963,18,0,31168,0,0,0,2435455,2435455,4411
46288,89,832,963,18,0,31168,0,0,0,2436314,2436314,4411
46303,89,878,963,18,0,31168,0,0,0,2437117,2437117,4411
46319,89,905,963,18,0,31168,0,0,0,2437909,2437909,4411
46335,90,931,963,18,0,31168,0,0,0,2438772,2438772,4411
46351,90,958,963,17,0,31168,0,0,0,2439617,2439617,4411
46368,90,11,963,16,0,31168,0,0,0,2440513,2440513,4411
46384,90,30,963,16,0,31168,0,0,0,2441387,2441387,4411
46400,90,75,963,16,0,31168,0,0,0,2442244,2442244,4411
46416,90,118,963,16,0,31168,0,0,0,2443101,2443101,4411
46432,90,142,963,16,0,31168,0,0,0,2444007,2444007,4411
46447,90,162,963,16,0,31168,0,0,0,2444887,2444887,4411
46463,90,179,963,16,0,31168,0,0,0,2445736,2445736,4411
46480,90,206,963,16,0,31168,0,0,0,2446674,2446674,4411
46496,90,227,963,16,0,31168,0,0,0,2447538,2447538,4411
46512,90,240,963,16,0,31168,0,0,0,2448380,2448380,4411
46527,90,271,963,16,0,31168,0,0,0,2449159,2449159,4411
46545,90,300,963,16,0,31168,0,0,0,2449979,2449979,4411
46561,90,327,963,16,0,31168,0,0,0,2450805,2450805,4411
46576,90,340,963,16,0,31168,0,0,0,2451644,2451644,4411
46592,90,366,963,16,0,31168,0,0,0,2452448,2452448,4411
46608,90,393,963,16,0,31168,0,0,0,2453243,2453243,4411
46623,90,415,963,16,0,31168,0,0,0,2454017,2454017,4411
46638,90,437,963,16,0,31168,0,0,0,2454834,2454834,4411
46654,90,460,963,16,0,31168,0,0,0,2455663,2455663,4411
46669,90,480,963,16,0,31168,0,0,0,2456471,2456471,4411
46684,90,509,963,16,0,31168,0,0,0,2457271,2457271,4411
46700,90,533,963,16,0,31168,0,0,0,2458118,2458118,4411
46716,90,562,963,16,0,31168,0,0,0,2458948,2458948,4411
46732,90,587,963,16,0,31168,0,0,0,2459847,2459847,4411
46748,90,612,963,16,0,31168,0,0,0,2460655,2460655,4411
46764,90,636,963,16,0,31168,0,0,0,2461475,2461475,4411
46779,90,665,963,16,0,31168,0,0,0,2462225,2462225,4411
46795,90,698,963,16,0,31168,0,0,0,2463052,2463052,4411
46810,90,734,964,17,0,31168,0,0,0,2463813,2463813,4411
46826,90,769,964,17,0,31168,0,0,0,2464647,2464647,4411
46841,90,795,964,17,0,31168,0,0,0,2465367,2465367,4411
46856,90,832,964,17,0,31168,0,0,0,2466200,2466200,4411
46873,90,862,964,17,0,31168,0,0,0,2467053,2467053,4411
46889,90,895,964,17,0,31168,0,0,0,2467931,2467931,4411
46904,91,921,964,17,0,31168,0,0,0,2468677,2468677,4411
46920,91,959,964,17,0,31168,0,0,0,2469487,2469487,4411
46937,91,13,964,17,0,31168,0,0,0,2470390,2470390,4411
46952,91,44,964,17,0,31168,0,0,0,2471227,2471227,4411
46969,91,106,964,17,0,31168,0,0,0,2472109,2472109,4411
46985,91,140,964,17,0,31168,0,0,0,2473040,2473040,4411
47000,91,159,964,17,0,31168,0,0,0,2473849,2473849,4411
47016,91,181,964,17,0,31168,0,0,0,2474707,2474707,4411
47034,91,204,964,17,0,31168,0,0,0,2475640,2475640,4411
47049,91,220,964,17,0,31168,0,0,0,2476420,2476420,4411
47067,91,238,964,17,0,31168,0,0,0,2477311,2477311,4411
47082,91,274,964,17,0,31168,0,0,0,2478090,2478090,4411
47097,91,303,964,17,0,31168,0,0,0,2478941,2478941,4411
47113,91,321,964,17,0,31168,0,0,0,2479703,2479703,4411
47128,91,345,964,17,0,31168,0,0,0,2480569,2480569,4411
47144,91,376,964,17,0,31168,0,0,0,2481431,2481431,4411
47160,91,398,964,17,0,31168,0,0,0,2482212,2482212,4411
47176,91,426,964,17,0,31168,0,0,0,2483009,2483009,4411
47191,91,447,964,17,0,31168,0,0,0,2483829,2483829,4411
47207,91,469,964,17,0,31168,0,0,0,2484686,2484686,4411
47223,91,488,964,17,0,31168,0,0,0,2485550,2485550,4411
47238,91,516,964,17,0,31168,0,0,0,2486363,2486363,4411
47253,91,540,964,17,0,31168,0,0,0,2487134,2487134,4411
47270,91,570,964,17,0,31168,0,0,0,2487979,2487979,4411
47285,91,588,964,17,0,31168,0,0,0,2488785,2488785,4411
47302,91,617,964,17,0,31168,0,0,0,2489612,2489612,4411
47319,91,648,964,17,0,31168,0,0,0,2490436,2490436,4411
47334,91,679,964,17,0,31168,0,0,0,2491221,2491221,4411
47350,91,704,964,17,0,31168,0,0,0,2491998,2491998,4411
47365,91,743,964,17,0,31168,0,0,0,2492724,2492724,4411
47380,91,771,964,17,0,31168,0,0,0,2493458,2493458,4411
47396,91,793,964,17,0,31168,0,0,0,2494134,2494134,4411
47411,91,820,964,17,0,31168,0,0,0,2494927,2494927,4411
47427,91,861,964,17,0,31168,0,0,0,2495764,2495764,4411
47442,91,892,964,17,0,31168,0,0,0,2496596,2496596,4411
47458,92,928,964,16,0,31168,0,0,0,2497399,2497399,4411
47474,92,960,964,15,0,31168,0,0,0,2498202,2498202,4411
47490,92,16,964,15,0,31168,0,0,0,2499139,2499139,4411
47506,92,62,964,15,0,31168,0,0,0,2500077,2500077,4411
47522,92,109,964,15,0,31168,0,0,0,2500933,2500933,4411
47537,92,142,964,15,0,31168,0,0,0,2501824,2501824,4411
47553,92,166,964,15,0,31168,0,0,0,2502710,2502710,4411
47569,92,181,964,15,0,31168,0,0,0,2503545,2503545,4411
47584,92,196,964,15,0,31168,0,0,0,2504323,2504323,4411
47599,92,221,964,15,0,31168,0,0,0,2505137,2505137,4411
47614,92,249,964,15,0,31168,0,0,0,2505986,2505986,4411
47630,92,282,964,15,0,31168,0,0,0,2506771,2506771,4411
47645,92,313,964,15,0,31168,0,0,0,2507540,2507540,4411
47661,92,333,964,15,0,31168,0,0,0,2508416,2508416,4411
47676,92,353,964,15,0,31168,0,0,0,2509215,2509215,4411
47691,92,375,964,15,0,31168,0,0,0,2510016,2510016,4411
47706,92,399,964,15,0,31168,0,0,0,2510816,2510816,4411
47723,92,428,964,15,0,31168,0,0,0,2511682,2511682,4411
47739,92,443,964,15,0,31168,0,0,0,2512527,2512527,4411
47754,92,468,964,15,0,31168,0,0,0,2513344,2513344,4411
47771,92,493,964,15,0,31168,0,0,0,2514226,2514226,4411
47786,92,519,964,15,0,31168,0,0,0,2515036,2515036,4411
47802,92,538,964,15,0,31168,0,0,0,2515779,2515779,4411
47817,92,570,964,15,0,31168,0,0,0,2516638,2516638,4411
47833,92,588,964,15,0,31168,0,0,0,2517389,2517389,4411
47848,92,612,964,15,0,31168,0,0,0,2518176,2518176,4411
47863,92,640,964,15,0,31168,0,0,0,2518959,2518959,4411
47878,92,671,964,15,0,31168,0,0,0,2519771,2519771,4411
47894,92,702,964,15,0,31168,0,0,0,2520511,2520511,4411
47910,92,734,964,15,0,31168,0,0,0,2521381,2521381,4411
47926,92,759,965,16,0,31168,0,0,0,2522129,2522129,4411
47943,92,794,965,16,0,31168,0,0,0,2523026,2523026,4411
47960,92,836,965,16,0,31168,0,0,0,2523904,2523904,4411
47977,92,871,965,16,0,31168,0,0,0,2524721,2524721,4411
47992,92,907,965,16,0,31168,0,0,0,2525586,2525586,4411
48008,93,938,966,17,0,31168,0,0,0,2526385,2526385,4411
48024,93,5,966,17,0,31168,0,0,0,2527298,2527298,4411
48040,93,24,966,17,0,31168,0,0,0,2528124,2528124,4411
48055,93,67,966,17,0,31168,0,0,0,2528988,2528988,4411
48070,93,114,966,17,0,31168,0,0,0,2529792,2529792,4411
48087,93,144,966,17,0,31168,0,0,0,2530701,2530701,4411
48102,93,160,966,17,0,31168,0,0,0,2531454,2531454,4411
48119,93,179,966,17,0,31168,0,0,0,2532361,2532361,4411
48135,93,196,966,17,0,31168,0,0,0,2533201,2533201,4411
48151,93,218,966,17,0,31168,0,0,0,2534068,2534068,4411
48168,93,233,966,17,0,31168,0,0,0,2534997,2534997,4411
48184,93,256,966,17,0,31168,0,0,0,2535894,2535894,4411
48200,93,286,966,17,0,31168,0,0,0,2536732,2536732,4411
48216,93,315,966,17,0,31168,0,0,0,2537552,2537552,4411
48232,93,331,966,17,0,31168,0,0,0,2538445,2538445,4411
48248,93,350,966,17,0,31168,0,0,0,2539287,2539287,4411
48263,93,376,966,17,0,31168,0,0,0,2540084,2540084,4411
48280,93,397,966,17,0,31168,0,0,0,2540952,2540952,4411
48296,93,428,966,17,0,31168,0,0,0,2541812,2541812,4411
48311,93,446,966,17,0,31168,0,0,0,2542648,2542648,4411
48326,93,467,966,17,0,31168,0,0,0,2543475,2543475,4411
48342,93,485,966,17,0,31168,0,0,0,2544230,2544230,4411
48357,93,516,966,17,0,31168,0,0,0,2544973,2544973,4411
48373,93,546,966,17,0,31168,0,0,0,2545741,2545741,4411
48388,93,576,966,17,0,31168,0,0,0,2546541,2546541,4411
48404,93,596,966,17,0,31168,0,0,0,2547404,2547404,4411
48419,93,624,966,17,0,31168,0,0,0,2548167,2548167,4411
48434,93,665,966,17,0,31168,0,0,0,2548977,2548977,4411
48451,93,698,966,17,0,31168,0,0,0,2549857,2549857,4411
48466,93,735,966,17,0,31168,0,0,0,2550650,2550650,4411
48482,93,771,966,17,0,31168,0,0,0,2551461,2551461,4411
48499,93,794,967,18,0,31168,0,0,0,2552313,2552313,4411
48514,93,833,967,18,0,31168,0,0,0,2553118,2553118,4411
48529,93,884,968,19,0,31168,0,0,0,2553933,2553933,4411
48545,93,910,968,19,0,31168,0,0,0,2554707,2554707,4411
48561,94,948,968,19,0,31168,0,0,0,2555509,2555509,4411
48577,94,6,968,18,0,31168,0,0,0,2556474,2556474,4411
48594,94,24,968,18,0,31168,0,0,0,2557426,2557426,4411
48610,94,99,969,19,0,31168,0,0,0,2558225,2558225,4411
48626,94,125,969,19,0,31168,0,0,0,2559046,2559046,4411
48642,94,147,969,19,0,31168,0,0,0,2559938,2559938,4411
48658,94,167,969,19,0,31168,0,0,0,2560766,2560766,4411
48674,94,184,969,19,0,31168,0,0,0,2561594,2561594,4411
48689,94,201,969,19,0,31168,0,0,0,2562466,2562466,4411
48704,94,227,969,19,0,31168,0,0,0,2563309,2563309,4411
48720,94,245,969,19,0,31168,0,0,0,2564158,2564158,4411
48736,94,271,969,19,0,31168,0,0,0,2565021,2565021,4411
48753,94,301,969,19,0,31168,0,0,0,2565805,2565805,4411
48769,94,322,969,19,0,31168,0,0,0,2566667,2566667,4411
48784,94,339,969,19,0,31168,0,0,0,2567510,2567510,4411
48800,94,359,969,19,0,31168,0,0,0,2568348,2568348,4411
48815,94,397,969,19,0,31168,0,0,0,2569148,2569148,4411
48830,94,422,969,19,0,31168,0,0,0,2569886,2569886,4411
48847,94,440,969,19,0,31168,0,0,0,2570751,2570751,4411
48862,94,463,969,19,0,31168,0,0,0,2571507,2571507,4411
48877,94,480,969,19,0,31168,0,0,0,2572265,2572265,4411
48892,94,502,969,19,0,31168,0,0,0,2573032,2573032,4411
48909,94,519,969,19,0,31168,0,0,0,2573864,2573864,4411
48925,94,540,969,19,0,31168,0,0,0,2574655,2574655,4411
48940,94,567,969,19,0,31168,0,0,0,2575445,2575445,4411
48955,94,591,969,19,0,31168,0,0,0,2576255,2576255,4411
48971,94,618,969,19,0,31168,0,0,0,2577087,2577087,4411
48986,94,655,969,19,0,31168,0,0,0,2577890,2577890,4411
49001,94,682,969,19,0,31168,0,0,0,2578706,2578706,4411
49017,94,720,969,19,0,31168,0,0,0,2579553,2579553,4411
49033,94,746,969,19,0,31168,0,0,0,2580319,2580319,4411
49049,94,782,969,19,0,31168,0,0,0,2581135,2581135,4411
49064,94,801,969,19,0,31168,0,0,0,2581861,2581861,4411
49080,94,832,969,19,0,31168,0,0,0,2582689,2582689,4411
49096,94,865,969,19,0,31168,0,0,0,2583557,2583557,4411
49111,94,895,969,19,0,31168,0,0,0,2584245,2584245,4411
49127,94,916,969,19,0,31168,0,0,0,2584978,2584978,4411
49143,95,954,969,19,0,31168,0,0,0,2585854,2585854,4411
49159,95,9,969,18,0,31168,0,0,0,2586680,2586680,4411
49174,95,30,969,18,0,31168,0,0,0,2587449,2587449,4411
49191,95,87,969,18,0,31168,0,0,0,2588322,2588322,4411
49207,95,118,969,18,0,31168,0,0,0,2589194,2589194,4411
49222,95,149,969,18,0,31168,0,0,0,2590056,2590056,4411
49238,95,170,969,18,0,31168,0,0,0,2590933,2590933,4411
49253,95,189,969,18,0,31168,0,0,0,2591765,2591765,4411
49269,95,215,969,18,0,31168,0,0,0,2592569,2592569,4411
49284,95,233,969,18,0,31168,0,0,0,2593424,2593424,4411
49299,95,260,969,18,0,31168,0,0,0,2594272,2594272,4411
49314,95,300,969,18,0,31168,0,0,0,2595082,2595082,4411
49330,95,322,969,18,0,31168,0,0,0,2595847,2595847,4411
49345,95,337,969,18,0,31168,0,0,0,2596647,2596647,4411
49361,95,363,970,19,0,31168,0,0,0,2597519,2597519,4411
49376,95,389,970,19,0,31168,0,0,0,2598203,2598203,4411
49393,95,409,970,19,0,31168,0,0,0,2599033,2599033,4411
49408,95,435,970,19,0,31168,0,0,0,2599761,2599761,4411
49424,95,451,971,20,0,31168,0,0,0,2600558,2600558,4411
49439,95,474,971,20,0,31168,0,0,0,2601395,2601395,4411
49456,95,493,971,20,0,31168,0,0,0,2602205,2602205,4411
49472,95,532,971,20,0,31168,0,0,0,2603045,2603045,4411
49488,95,551,971,20,0,31168,0,0,0,2603788,2603788,4411
49503,95,579,971,20,0,31168,0,0,0,2604589,2604589,4411
49518,95,600,971,20,0,31168,0,0,0,2605350,2605350,4411
49534,95,619,971,20,0,31168,0,0,0,2606157,2606157,4411
49549,95,655,971,20,0,31168,0,0,0,2606949,2606949,4411
49564,95,689,972,21,0,31168,0,0,0,2607821,2607821,4412
49580,95,716,972,21,0,31168,0,0,0,2608619,2608619,4412
49596,95,741,972,21,0,31168,0,0,0,2609397,2609397,4412
49612,95,769,972,21,0,31168,0,0,0,2610119,2610119,4412
49627,95,798,972,21,0,31168,0,0,0,2610898,2610898,4412
49644,95,823,972,21,0,31168,0,0,0,2611772,2611772,4412
49660,95,858,972,21,0,31168,0,0,0,2612567,2612567,4412
49675,95,890,972,21,0,31168,0,0,0,2613361,2613361,4412
49691,95,914,972,21,0,31168,0,0,0,2614172,2614172,4412
49706,96,955,972,21,0,31168,0,0,0,2615005,2615005,4412
49722,96,9,973,21,0,31168,0,0,0,2615863,2615863,4415
49738,96,35,973,21,0,31168,0,0,0,2616767,2616767,4415
49755,96,104,973,21,0,31168,0,0,0,2617659,2617659,4415
49770,96,126,973,21,0,31168,0,0,0,2618517,2618517,4415
49786,96,151,973,21,0,31168,0,0,0,2619403,2619403,4415
49801,96,174,973,21,0,31168,0,0,0,2620259,2620259,4415
49817,96,196,973,21,0,31168,0,0,0,2621116,2621116,4415
49833,96,219,973,21,0,31168,0,0,0,2622030,2622030,4415
49849,96,239,973,21,0,31168,0,0,0,2622905,2622905,4415
49865,96,271,973,21,0,31168,0,0,0,2623725,2623725,4415
49880,96,295,973,21,0,31168,0,0,0,2624478,2624478,4415
49895,96,320,973,21,0,31168,0,0,0,2625237,2625237,4415
49911,96,340,973,21,0,31168,0,0,0,2626069,2626069,4415
49926,96,359,973,21,0,31168,0,0,0,2626882,2626882,4415
49942,96,388,973,21,0,31168,0,0,0,2627681,2627681,4415
49958,96,404,973,21,0,31168,0,0,0,2628444,2628444,4415
49974,96,437,973,21,0,31168,0,0,0,2629276,2629276,4415
49991,96,456,973,21,0,31168,0,0,0,2630161,2630161,4415
50008,96,478,973,21,0,31168,0,0,0,2631059,2631059,4415
50024,96,504,973,21,0,31168,0,0,0,2631920,2631920,4415
50039,96,521,973,21,0,31168,0,0,0,2632731,2632731,4415
50057,96,538,973,21,0,31168,0,0,0,2633571,2633571,4415
50073,96,572,973,21,0,31168,0,0,0,2634455,2634455,4415
50088,96,591,973,21,0,31168,0,0,0,2635285,2635285,4415
50104,96,613,973,21,0,31168,0,0,0,2636038,2636038,4415
50120,96,636,973,21,0,31168,0,0,0,2636902,2636902,4415
50135,96,671,973,21,0,31168,0,0,0,2637701,2637701,4415
50152,96,700,973,21,0,31168,0,0,0,2638529,2638529,4415
50168,96,721,973,21,0,31168,0,0,0,2639314,2639314,4415
50183,96,745,973,21,0,31168,0,0,0,2639998,2639998,4415
50199,96,783,973,21,0,31168,0,0,0,2640787,2640787,4415
50215,96,806,973,21,0,31168,0,0,0,2641629,2641629,4415
50230,96,835,973,21,0,31168,0,0,0,2642431,2642431,4415
50247,96,873,973,20,0,31168,0,0,0,2643316,2643316,4415
50262,96,906,973,20,0,31168,0,0,0,2644146,2644146,4415
50278,97,931,973,20,0,31168,0,0,0,2644948,2644948,4415
50293,97,956,973,20,0,31168,0,0,0,2645764,2645764,4415
50309,97,9,973,18,0,31168,0,0,0,2646715,2646715,4415
50324,97,21,973,18,0,31168,0,0,0,2647522,2647522,4415
50340,97,75,973,18,0,31168,0,0,0,2648392,2648392,4415
50356,97,116,973,18,0,31168,0,0,0,2649216,2649216,4415
50371,97,141,973,18,0,31168,0,0,0,2650108,2650108,4415
50388,97,163,973,18,0,31168,0,0,0,2650973,2650973,4415
50403,97,183,973,18,0,31168,0,0,0,2651818,2651818,4415
50419,97,206,973,18,0,31168,0,0,0,2652652,2652652,4415
50436,97,227,973,18,0,31168,0,0,0,2653553,2653553,4415
50453,97,250,973,18,0,31168,0,0,0,2654417,2654417,4415
50468,97,274,973,18,0,31168,0,0,0,2655164,2655164,4415
50484,97,301,973,18,0,31168,0,0,0,2655922,2655922,4415
50501,97,323,973,18,0,31168,0,0,0,2656827,2656827,4415
50517,97,337,973,18,0,31168,0,0,0,2657593,2657593,4415
50533,97,356,973,18,0,31168,0,0,0,2658456,2658456,4415
50548,97,388,973,18,0,31168,0,0,0,2659325,2659325,4415
50563,97,424,973,18,0,31168,0,0,0,2660124,2660124,4415
50579,97,441,973,18,0,31168,0,0,0,2660885,2660885,4415
50596,97,464,973,18,0,31168,0,0,0,2661765,2661765,4415
50612,97,481,973,18,0,31168,0,0,0,2662597,2662597,4415
50628,97,504,973,18,0,31168,0,0,0,2663385,2663385,4415
50643,97,528,973,18,0,31168,0,0,0,2664203,2664203,4415
50658,97,551,973,18,0,31168,0,0,0,2664949,2664949,4415
50673,97,585,973,18,0,31168,0,0,0,2665754,2665754,4415
50689,97,613,973,18,0,31168,0,0,0,2666598,2666598,4415
50705,97,640,973,18,0,31168,0,0,0,2667413,2667413,4415
50721,97,673,973,18,0,31168,0,0,0,2668271,2668271,4415
50737,97,703,973,18,0,31168,0,0,0,2669059,2669059,4415
50752,97,736,973,18,0,31168,0,0,0,2669732,2669732,4415
50767,97,764,973,18,0,31168,0,0,0,2670532,2670532,4415
50783,97,791,973,18,0,31168,0,0,0,2671397,2671397,4415
50798,97,815,973,18,0,31168,0,0,0,2672160,2672160,4415
50815,97,858,973,18,0,31168,0,0,0,2673039,2673039,4415
50832,97,887,973,18,0,31168,0,0,0,2673933,2673933,4415
50847,97,913,973,18,0,31168,0,0,0,2674693,2674693,4415
50863,98,954,973,18,0,31168,0,0,0,2675563,2675563,4415
50879,98,6,973,18,0,31168,0,0,0,2676402,2676402,4415
50895,98,26,973,18,0,31168,0,0,0,2677292,2677292,4415
50911,98,103,973,18,0,31168,0,0,0,2678156,2678156,4415
50927,98,122,973,18,0,31168,0,0,0,2679047,2679047,4415
50943,98,143,973,18,0,31168,0,0,0,2679853,2679853,4415
50959,98,156,973,18,0,31168,0,0,0,2680660,2680660,4415
50975,98,171,973,18,0,31168,0,0,0,2681549,2681549,4415
50990,98,204,973,18,0,31168,0,0,0,2682307,2682307,4415
51006,98,220,973,18,0,31168,0,0,0,2683120,2683120,4415
51021,98,238,973,18,0,31168,0,0,0,2683964,2683964,4415
51036,98,267,973,18,0,31168,0,0,0,2684784,2684784,4415
51052,98,298,973,18,0,31168,0,0,0,2685595,2685595,4415
51067,98,320,973,18,0,31168,0,0,0,2686429,2686429,4415
51082,98,340,973,18,0,31168,0,0,0,2687269,2687269,4415
51098,98,372,973,18,0,31168,0,0,0,2688086,2688086,4415
51114,98,395,973,18,0,31168,0,0,0,2688866,2688866,4415
51130,98,424,973,18,0,31168,0,0,0,2689674,2689674,4415
51146,98,444,973,18,0,31168,0,0,0,2690518,2690518,4415
51161,98,467,973,18,0,31168,0,0,0,2691339,2691339,4415
51177,98,487,973,18,0,31168,0,0,0,2692174,2692174,4415
51193,98,514,973,18,0,31168,0,0,0,2693026,2693026,4415
51209,98,531,973,18,0,31168,0,0,0,2693848,2693848,4415
51224,98,547,973,18,0,31168,0,0,0,2694592,2694592,4415
51239,98,571,973,18,0,31168,0,0,0,2695406,2695406,4415
51254,98,593,973,18,0,31168,0,0,0,2696203,2696203,4415
51270,98,610,973,18,0,31168,0,0,0,2696965,2696965,4415
51285,98,636,973,18,0,31168,0,0,0,2697749,2697749,4415
51301,98,671,973,18,0,31168,0,0,0,2698588,2698588,4415
51317,98,707,973,18,0,31168,0,0,0,2699411,2699411,4415
51334,98,748,973,18,0,31168,0,0,0,2700297,2700297,4415
51350,98,781,974,19,0,31168,0,0,0,2701101,2701101,4416
51367,98,806,974,19,0,31168,0,0,0,2702000,2702000,4416
51382,98,836,975,20,0,31168,0,0,0,2702728,2702728,4416
51398,98,881,976,21,0,31168,0,0,0,2703561,2703561,4417
51414,98,900,976,21,0,31168,0,0,0,2704383,2704383,4417
51429,99,935,976,21,0,31168,0,0,0,2705151,2705151,4417
51446,99,959,976,21,0,31168,0,0,0,2705998,2705998,4417
51461,99,7,976,19,0,31168,0,0,0,2706836,2706836,4417
51478,99,24,976,19,0,31168,0,0,0,2707652,2707652,4417
51495,99,75,976,19,0,31168,0,0,0,2708542,2708542,4417
51510,99,110,976,19,0,31168,0,0,0,2709308,2709308,4417
51525,99,138,976,19,0,31168,0,0,0,2710089,2710089,4417
51541,99,151,976,19,0,31168,0,0,0,2710895,2710895,4417
51556,99,170,976,19,0,31168,0,0,0,2711703,2711703,4417
51572,99,188,976,19,0,31168,0,0,0,2712567,2712567,4417
51587,99,214,976,19,0,31168,0,0,0,2713408,2713408,4417
51602,99,238,976,19,0,31168,0,0,0,2714260,2714260,4417
51619,99,257,976,19,0,31168,0,0,0,2715099,2715099,4417
51634,99,282,976,19,0,31168,0,0,0,2715883,2715883,4417
51650,99,304,976,19,0,31168,0,0,0,2716671,2716671,4417
51666,99,328,976,19,0,31168,0,0,0,2717476,2717476,4417
51682,99,350,976,19,0,31168,0,0,0,2718315,2718315,4417
51698,99,377,976,19,0,31168,0,0,0,2719137,2719137,4417
51713,99,409,976,19,0,31168,0,0,0,2719903,2719903,4417
51729,99,441,976,19,0,31168,0,0,0,2720761,2720761,4417
51746,99,464,976,19,0,31168,0,0,0,2721666,2721666,4417
51761,99,482,976,19,0,31168,0,0,0,2722450,2722450,4417
51776,99,508,976,19,0,31168,0,0,0,2723180,2723180,4417
51793,99,532,976,19,0,31168,0,0,0,2724066,2724066,4417
51808,99,556,976,19,0,31168,0,0,0,2724772,2724772,4417
51823,99,580,976,19,0,31168,0,0,0,2725538,2725538,4417
51839,99,601,976,19,0,31168,0,0,0,2726323,2726323,4417
51854,99,633,976,19,0,31168,0,0,0,2727102,2727102,4417
51869,99,669,976,19,0,31168,0,0,0,2727938,2727938,4417
51885,99,703,976,19,0,31168,0,0,0,2728774,2728774,4417
51901,99,727,976,19,0,31168,0,0,0,2729606,2729606,4417
51916,99,764,976,19,0,31168,0,0,0,2730345,2730345,4417
51932,99,793,976,19,0,31168,0,0,0,2731225,2731225,4417
51949,99,817,976,19,0,31168,0,0,0,2732058,2732058,4417
51964,99,865,977,20,0,31168,0,0,0,2732868,2732868,4417
51979,99,900,977,20,0,31168,0,0,0,2733640,2733640,4417
51995,100,938,977,20,0,31168,0,0,0,2734484,2734484,4417
52012,100,960,978,20,0,31168,0,0,0,2735388,2735388,4417
52028,100,8,978,20,0,31168,0,0,0,2736275,2736275,4417
52043,100,46,978,20,0,31168,0,0,0,2737109,2737109,4417
52059,100,115,978,20,0,31168,0,0,0,2737956,2737956,4417
52075,100,142,978,20,0,31168,0,0,0,2738859,2738859,4417
52092,100,163,978,20,0,31168,0,0,0,2739761,2739761,4417
52108,100,184,978,20,0,31168,0,0,0,2740587,2740587,4417
52124,100,208,978,20,0,31168,0,0,0,2741419,2741419,4417
52141,100,230,978,20,0,31168,0,0,0,2742357,2742357,4417
52157,100,256,978,20,0,31168,0,0,0,2743213,2743213,4417
52173,100,281,978,20,0,31168,0,0,0,2744042,2744042,4417
52188,100,313,978,20,0,31168,0,0,0,2744852,2744852,4417
52205,100,328,978,20,0,31168,0,0,0,2745619,2745619,4417
52220,100,345,978,20,0,31168,0,0,0,2746450,2746450,4417
52236,100,377,978,20,0,31168,0,0,0,2747292,2747292,4417
52251,100,406,978,20,0,31168,0,0,0,2748068,2748068,4417
52266,100,438,978,20,0,31168,0,0,0,2748846,2748846,4417
52281,100,453,978,20,0,31168,0,0,0,2749647,2749647,4417
52297,100,475,978,20,0,31168,0,0,0,2750493,2750493,4417
52313,100,493,978,20,0,31168,0,0,0,2751263,2751263,4417
52329,100,516,978,20,0,31168,0,0,0,2752091,2752091,4417
52345,100,540,978,20,0,31168,0,0,0,2752868,2752868,4417
52360,100,576,978,20,0,31168,0,0,0,2753666,2753666,4417
52375,100,600,978,20,0,31168,0,0,0,2754466,2754466,4417
52391,100,627,978,20,0,31168,0,0,0,2755240,2755240,4417
52406,100,655,978,20,0,31168,0,0,0,2756038,2756038,4417
52422,100,682,978,20,0,31168,0,0,0,2756835,2756835,4417
52437,100,720,978,20,0,31168,0,0,0,2757642,2757642,4417
52454,100,746,978,20,0,31168,0,0,0,2758387,2758387,4417
52470,100,782,978,20,0,31168,0,0,0,2759178,2759178,4417
52485,100,809,978,20,0,31168,0,0,0,2759960,2759960,4417
52502,100,861,978,20,0,31168,0,0,0,2760905,2760905,4417
52517,100,891,978,20,0,31168,0,0,0,2761713,2761713,4417
52533,100,914,978,20,0,31168,0,0,0,2762554,2762554,4417
52549,101,955,978,20,0,31168,0,0,0,2763371,2763371,4417
52564,101,2,978,19,0,31168,0,0,0,2764230,2764230,4417
52579,101,15,978,19,0,31168,0,0,0,2764999,2764999,4417
52594,101,60,978,19,0,31168,0,0,0,2765811,2765811,4417
52609,101,104,978,19,0,31168,0,0,0,2766599,2766599,4417
52625,101,127,978,19,0,31168,0,0,0,2767420,2767420,4417
52640,101,148,978,19,0,31168,0,0,0,2768236,2768236,4417
52655,101,164,978,19,0,31168,0,0,0,2769052,2769052,4417
52670,101,192,978,19,0,31168,0,0,0,2769873,2769873,4417
52686,101,218,978,19,0,31168,0,0,0,2770655,2770655,4417
52701,101,236,978,19,0,31168,0,0,0,2771460,2771460,4417
52717,101,259,978,19,0,31168,0,0,0,2772270,2772270,4417
52733,101,281,978,19,0,31168,0,0,0,2772924,2772924,4417
52750,101,315,978,19,0,31168,0,0,0,2773841,2773841,4417
52765,101,334,978,19,0,31168,0,0,0,2774648,2774648,4417
52780,101,353,978,19,0,31168,0,0,0,2775459,2775459,4417
52796,101,376,978,19,0,31168,0,0,0,2776252,2776252,4417
52811,101,403,978,19,0,31168,0,0,0,2776994,2776994,4417
52828,101,435,978,19,0,31168,0,0,0,2777772,2777772,4417
52843,101,450,978,19,0,31168,0,0,0,2778623,2778623,4417
52859,101,474,978,19,0,31168,0,0,0,2779453,2779453,4417
52876,101,502,978,19,0,31168,0,0,0,2780306,2780306,4417
52891,101,528,978,18,0,31168,0,0,0,2781022,2781022,4417
52907,101,551,978,18,0,31168,0,0,0,2781801,2781801,4417
52923,101,583,978,18,0,31168,0,0,0,2782693,2782693,4417
52941,101,610,978,18,0,31168,0,0,0,2783608,2783608,4417
52957,101,645,978,18,0,31168,0,0,0,2784409,2784409,4417
52972,101,672,978,18,0,31168,0,0,0,2785237,2785237,4417
52987,101,704,978,18,0,31168,0,0,0,2786005,2786005,4417
53003,101,741,978,18,0,31168,0,0,0,2786789,2786789,4417
53019,101,779,978,18,0,31168,0,0,0,2787556,2787556,4417
53034,101,803,978,18,0,31168,0,0,0,2788380,2788380,4417
53049,101,834,978,18,0,31168,0,0,0,2789146,2789146,4417
53065,101,873,978,18,0,31168,0,0,0,2789975,2789975,4417
53080,101,906,978,18,0,31168,0,0,0,2790732,2790732,4417
53097,102,937,978,18,0,31168,0,0,0,2791538,2791538,4417
53113,102,961,978,18,0,31168,0,0,0,2792376,2792376,4417
53129,102,9,978,18,0,31168,0,0,0,2793266,2793266,4417
53145,102,35,978,18,0,31168,0,0,0,2794127,2794127,4417
53161,102,100,978,18,0,31168,0,0,0,2794950,2794950,4417
53176,102,125,978,18,0,31168,0,0,0,2795788,2795788,4417
53192,102,143,978,18,0,31168,0,0,0,2796704,2796704,4417
53209,102,161,978,18,0,31168,0,0,0,2797605,2797605,4417
53224,102,179,978,18,0,31168,0,0,0,2798407,2798407,4417
53241,102,194,978,18,0,31168,0,0,0,2799293,2799293,4417
53256,102,220,978,18,0,31168,0,0,0,2800090,2800090,4417
53272,102,241,978,18,0,31168,0,0,0,2800963,2800963,4417
53288,102,274,978,18,0,31168,0,0,0,2801780,2801780,4417
53303,102,304,978,18,0,31168,0,0,0,2802617,2802617,4417
53319,102,331,978,18,0,31168,0,0,0,2803411,2803411,4417
53335,102,345,978,18,0,31168,0,0,0,2804199,2804199,4417
53350,102,363,978,18,0,31168,0,0,0,2804985,2804985,4417
53367,102,389,978,18,0,31168,0,0,0,2805816,2805816,4417
53383,102,409,978,18,0,31168,0,0,0,2806568,2806568,4417
53399,102,437,978,18,0,31168,0,0,0,2807377,2807377,4417
53415,102,459,978,18,0,31168,0,0,0,2808268,2808268,4417
53432,102,481,978,18,0,31168,0,0,0,2809190,2809190,4417
53447,102,516,978,18,0,31168,0,0,0,2809991,2809991,4417
53462,102,536,978,18,0,31168,0,0,0,2810757,2810757,4417
53477,102,577,978,18,0,31168,0,0,0,2811590,2811590,4417
53493,102,602,978,18,0,31168,0,0,0,2812403,2812403,4417
53509,102,635,978,18,0,31168,0,0,0,2813230,2813230,4417
53524,102,672,978,18,0,31168,0,0,0,2814033,2814033,4417
53541,102,702,978,18,0,31168,0,0,0,2814881,2814881,4417
53557,102,735,978,18,0,31168,0,0,0,2815699,2815699,4417
53572,102,769,978,18,0,31168,0,0,0,2816395,2816395,4417
53589,102,801,978,18,0,31168,0,0,0,2817229,2817229,4417
53605,102,820,978,18,0,31168,0,0,0,2818068,2818068,4417
53620,102,877,978,18,0,31168,0,0,0,2818875,2818875,4417
53636,102,910,978,18,0,31168,0,0,0,2819731,2819731,4417
53651,103,948,978,18,0,31168,0,0,0,2820488,2820488,4417
53667,103,975,978,17,0,31168,0,0,0,2821356,2821356,4417
53682,103,13,978,17,0,31168,0,0,0,2822212,2822212,4417
53698,103,46,978,17,0,31168,0,0,0,2823090,2823090,4417
53713,103,107,978,17,0,31168,0,0,0,2823898,2823898,4417
53730,103,137,978,17,0,31168,0,0,0,2824772,2824772,4417
53745,103,151,978,17,0,31168,0,0,0,2825602,2825602,4417
53761,103,173,978,17,0,31168,0,0,0,2826538,2826538,4417
53776,103,194,978,17,0,31168,0,0,0,2827375,2827375,4417
53792,103,215,978,17,0,31168,0,0,0,2828251,2828251,4417
53808,103,234,978,17,0,31168,0,0,0,2829083,2829083,4417
53824,103,259,978,17,0,31168,0,0,0,2829875,2829875,4417
53840,103,298,978,17,0,31168,0,0,0,2830737,2830737,4417
53855,103,320,978,17,0,31168,0,0,0,2831528,2831528,4417
53870,103,334,978,17,0,31168,0,0,0,2832324,2832324,4417
53886,103,355,978,17,0,31168,0,0,0,2833128,2833128,4417
53901,103,393,978,17,0,31168,0,0,0,2833837,2833837,4417
53917,103,414,978,17,0,31168,0,0,0,2834605,2834605,4417
53932,103,436,978,17,0,31168,0,0,0,2835409,2835409,4417
53948,103,453,978,17,0,31168,0,0,0,2836247,2836247,4417
53965,103,480,978,17,0,31168,0,0,0,2837117,2837117,4417
53981,103,508,978,17,0,31168,0,0,0,2837893,2837893,4417
53998,103,535,978,17,0,31168,0,0,0,2838765,2838765,4417
54013,103,570,978,17,0,31168,0,0,0,2839559,2839559,4417
54030,103,588,978,17,0,31168,0,0,0,2840433,2840433,4417
54046,103,620,978,17,0,31168,0,0,0,2841254,2841254,4417
54062,103,658,978,17,0,31168,0,0,0,2842057,2842057,4417
54077,103,688,978,17,0,31168,0,0,0,2842823,2842823,4417
54093,103,716,978,17,0,31168,0,0,0,2843579,2843579,4417
54109,103,746,978,17,0,31168,0,0,0,2844350,2844350,4417
54125,103,781,978,17,0,31168,0,0,0,2845099,2845099,4417
54141,103,817,978,17,0,31168,0,0,0,2845910,2845910,4417
54156,103,848,978,17,0,31168,0,0,0,2846701,2846701,4417
54171,103,885,978,17,0,31168,0,0,0,2847441,2847441,4417
54187,103,906,978,17,0,31168,0,0,0,2848203,2848203,4417
54202,104,938,978,17,0,31168,0,0,0,2848948,2848948,4417
54218,104,972,978,17,0,31168,0,0,0,2849785,2849785,4417
54234,104,9,978,17,0,31168,0,0,0,2850659,2850659,4417
54249,104,60,978,17,0,31168,0,0,0,2851468,2851468,4417
54264,104,114,978,17,0,31168,0,0,0,2852289,2852289,4417
54279,104,144,978,17,0,31168,0,0,0,2853133,2853133,4417
54295,104,165,978,17,0,31168,0,0,0,2853961,2853961,4417
54310,104,186,978,17,0,31168,0,0,0,2854816,2854816,4417
54326,104,207,978,17,0,31168,0,0,0,2855643,2855643,4417
54341,104,228,978,17,0,31168,0,0,0,2856465,2856465,4417
54359,104,249,978,17,0,31168,0,0,0,2857382,2857382,4417
54374,104,275,978,17,0,31168,0,0,0,2858114,2858114,4417
54390,104,300,978,17,0,31168,0,0,0,2858891,2858891,4417
54405,104,323,978,17,0,31168,0,0,0,2859678,2859678,4417
54420,104,339,978,17,0,31168,0,0,0,2860486,2860486,4417
54436,104,363,978,17,0,31168,0,0,0,2861273,2861273,4417
54451,104,393,978,17,0,31168,0,0,0,2861987,2861987,4417
54468,104,415,978,17,0,31168,0,0,0,2862883,2862883,4417
54484,104,444,978,17,0,31168,0,0,0,2863678,2863678,4417
54499,104,468,978,17,0,31168,0,0,0,2864512,2864512,4417
54516,104,494,978,17,0,31168,0,0,0,2865345,2865345,4417
54532,104,519,978,17,0,31168,0,0,0,2866092,2866092,4417
54547,104,541,978,17,0,31168,0,0,0,2866865,2866865,4417
54563,104,574,978,17,0,31168,0,0,0,2867665,2867665,4417
54578,104,588,978,17,0,31168,0,0,0,2868465,2868465,4417
54593,104,613,978,17,0,31168,0,0,0,2869302,2869302,4417
54608,104,640,978,17,0,31168,0,0,0,2870018,2870018,4417
54624,104,671,978,17,0,31168,0,0,0,2870803,2870803,4417
54639,104,702,978,17,0,31168,0,0,0,2871571,2871571,4417
54654,104,734,978,17,0,31168,0,0,0,2872320,2872320,4417
54669,104,760,978,17,0,31168,0,0,0,2873057,2873057,4417
54686,104,794,978,17,0,31168,0,0,0,2873925,2873925,4417
54701,104,836,978,17,0,31168,0,0,0,2874694,2874694,4417
54716,104,858,978,17,0,31168,0,0,0,2875443,2875443,4417
54732,104,886,978,17,0,31168,0,0,0,2876301,2876301,4417
54747,104,911,978,17,0,31168,0,0,0,2877103,2877103,4417
54768,104,927,978,16,0,31168,0,0,0,2877431,2877431,4417
54783,105,974,978,15,0,31168,0,0,0,2878226,2878226,4417
54798,105,17,978,15,0,31168,0,0,0,2879085,2879085,4417
54814,105,50,978,15,0,31168,0,0,0,2879917,2879917,4417
54831,105,105,978,15,0,31168,0,0,0,2880827,2880827,4417
54847,105,137,978,15,0,31168,0,0,0,2881747,2881747,4417
54863,105,149,978,15,0,31168,0,0,0,2882583,2882583,4417
54879,105,168,978,15,0,31168,0,0,0,2883444,2883444,4417
54894,105,186,978,15,0,31168,0,0,0,2884255,2884255,4417
54909,105,209,978,15,0,31168,0,0,0,2885036,2885036,4417
54925,105,229,978,15,0,31168,0,0,0,2885861,2885861,4417
54940,105,249,978,15,0,31168,0,0,0,2886735,2886735,4417
54956,105,282,978,15,0,31168,0,0,0,2887587,2887587,4417
54972,105,302,978,15,0,31168,0,0,0,2888249,2888249,4417
54989,105,324,978,15,0,31168,0,0,0,2889084,2889084,4417
55004,105,343,978,15,0,31168,0,0,0,2889865,2889865,4417
55019,105,379,978,15,0,31168,0,0,0,2890677,2890677,4417
55034,105,399,978,15,0,31168,0,0,0,2891471,2891471,4417
55051,105,437,978,15,0,31168,0,0,0,2892373,2892373,4417
55067,105,451,978,15,0,31168,0,0,0,2893239,2893239,4417
55082,105,472,978,15,0,31168,0,0,0,2894023,2894023,4417
55099,105,494,978,15,0,31168,0,0,0,2894895,2894895,4417
55115,105,521,978,15,0,31168,0,0,0,2895727,2895727,4417
55131,105,547,978,15,0,31168,0,0,0,2896583,2896583,4417
55147,105,570,978,15,0,31168,0,0,0,2897381,2897381,4417
55163,105,601,978,15,0,31168,0,0,0,2898192,2898192,4417
55179,105,619,978,15,0,31168,0,0,0,2899004,2899004,4417
55195,105,655,978,15,0,31168,0,0,0,2899816,2899816,4417
55211,105,696,978,15,0,31168,0,0,0,2900657,2900657,4417
55227,105,720,978,15,0,31168,0,0,0,2901411,2901411,4417
55244,105,748,978,15,0,31168,0,0,0,2902236,2902236,4417
55259,105,781,978,15,0,31168,0,0,0,2903018,2903018,4417
55275,105,809,978,15,0,31168,0,0,0,2903758,2903758,4417
55290,105,845,978,15,0,31168,0,0,0,2904557,2904557,4417
55306,105,885,978,15,0,31168,0,0,0,2905368,2905368,4417
55321,105,913,978,15,0,31168,0,0,0,2906057,2906057,4417
55337,106,940,978,15,0,31168,0,0,0,2906805,2906805,4417
55352,106,975,978,15,0,31168,0,0,0,2907661,2907661,4417
55368,106,14,978,15,0,31168,0,0,0,2908567,2908567,4417
55384,106,46,978,15,0,31168,0,0,0,2909449,2909449,4417
55400,106,110,978,15,0,31168,0,0,0,2910296,2910296,4417
55415,106,131,978,15,0,31168,0,0,0,2911160,2911160,4417
55430,106,147,978,15,0,31168,0,0,0,2911965,2911965,4417
55446,106,164,978,15,0,31168,0,0,0,2912779,2912779,4417
55462,106,186,978,15,0,31168,0,0,0,2913583,2913583,4417
55477,106,210,978,15,0,31168,0,0,0,2914388,2914388,4417
55493,106,232,978,15,0,31168,0,0,0,2915283,2915283,4417
55509,106,256,978,15,0,31168,0,0,0,2916087,2916087,4417
55525,106,281,978,15,0,31168,0,0,0,2916940,2916940,4417
55541,106,309,978,15,0,31168,0,0,0,2917705,2917705,4417
55556,106,331,978,15,0,31168,0,0,0,2918502,2918502,4417
55572,106,352,978,15,0,31168,0,0,0,2919352,2919352,4417
55587,106,379,978,15,0,31168,0,0,0,2920150,2920150,4417
55602,106,404,978,15,0,31168,0,0,0,2920910,2920910,4417
55619,106,435,978,15,0,31168,0,0,0,2921763,2921763,4417
55635,106,455,978,15,0,31168,0,0,0,2922689,2922689,4417
55651,106,477,978,15,0,31168,0,0,0,2923519,2923519,4417
55667,106,502,978,15,0,31168,0,0,0,2924312,2924312,4417
55683,106,527,978,15,0,31168,0,0,0,2925125,2925125,4417
55698,106,540,978,15,0,31168,0,0,0,2925861,2925861,4417
55715,106,562,978,15,0,31168,0,0,0,2926710,2926710,4417
55731,106,580,978,15,0,31168,0,0,0,2927573,2927573,4417
55748,106,601,978,15,0,31168,0,0,0,2928361,2928361,4417
55764,106,624,978,15,0,31168,0,0,0,2929142,2929142,4417
55779,106,658,978,15,0,31168,0,0,0,2929918,2929918,4417
55796,106,683,978,15,0,31168,0,0,0,2930811,2930811,4417
55811,106,721,978,15,0,31168,0,0,0,2931600,2931600,4417
55827,106,757,978,15,0,31168,0,0,0,2932416,2932416,4417
55843,106,782,978,15,0,31168,0,0,0,2933198,2933198,4417
55859,106,803,978,15,0,31168,0,0,0,2934066,2934066,4417
55876,106,832,978,15,0,31168,0,0,0,2934893,2934893,4417
55891,106,865,978,15,0,31168,0,0,0,2935708,2935708,4417
55907,106,891,978,15,0,31168,0,0,0,2936574,2936574,4417
55923,106,917,978,15,0,31168,0,0,0,2937372,2937372,4417
55938,107,953,978,15,0,31168,0,0,0,2938185,2938185,4417
55954,107,4,978,15,0,31168,0,0,0,2939053,2939053,4417
55971,107,18,978,15,0,31168,0,0,0,2939924,2939924,4417
55988,107,46,978,15,0,31168,0,0,0,2940816,2940816,4417
56003,107,103,978,15,0,31168,0,0,0,2941548,2941548,4417
56019,107,126,978,15,0,31168,0,0,0,2942453,2942453,4417
56035,107,144,978,15,0,31168,0,0,0,2943331,2943331,4417
56051,107,159,978,15,0,31168,0,0,0,2944122,2944122,4417
56067,107,179,978,15,0,31168,0,0,0,2945023,2945023,4417
56084,107,200,978,15,0,31168,0,0,0,2945946,2945946,4417
56100,107,221,978,15,0,31168,0,0,0,2946813,2946813,4417
56116,107,237,978,15,0,31168,0,0,0,2947719,2947719,4417
56132,107,265,978,15,0,31168,0,0,0,2948599,2948599,4417
56148,107,301,978,15,0,31168,0,0,0,2949421,2949421,4417
56164,107,323,978,15,0,31168,0,0,0,2950248,2950248,4417
56179,107,340,978,15,0,31168,0,0,0,2951057,2951057,4417
56195,107,369,978,15,0,31168,0,0,0,2951893,2951893,4417
56210,107,395,978,15,0,31168,0,0,0,2952713,2952713,4417
56226,107,413,978,15,0,31168,0,0,0,2953504,2953504,4417
56241,107,442,978,15,0,31168,0,0,0,2954313,2954313,4417
56257,107,464,978,15,0,31168,0,0,0,2955126,2955126,4417
56273,107,481,978,15,0,31168,0,0,0,2955944,2955944,4417
56288,107,509,978,15,0,31168,0,0,0,2956699,2956699,4417
56304,107,535,978,15,0,31168,0,0,0,2957506,2957506,4417
56320,107,559,978,15,0,31168,0,0,0,2958259,2958259,4417
56335,107,587,978,15,0,31168,0,0,0,2959102,2959102,4417
56352,107,612,978,15,0,31168,0,0,0,2959966,2959966,4417
56367,107,643,978,15,0,31168,0,0,0,2960820,2960820,4417
56383,107,675,978,15,0,31168,0,0,0,2961726,2961726,4417
56400,107,704,978,15,0,31168,0,0,0,2962593,2962593,4417
56416,107,743,978,15,0,31168,0,0,0,2963446,2963446,4417
56431,107,781,978,15,0,31168,0,0,0,2964202,2964202,4417
56448,107,801,978,15,0,31168,0,0,0,2965024,2965024,4417
56463,107,834,978,15,0,31168,0,0,0,2965841,2965841,4417
56479,107,880,978,15,0,31168,0,0,0,2966667,2966667,4417
56495,107,910,978,15,0,31168,0,0,0,2967486,2967486,4417
56515,107,927,979,16,0,31168,0,0,0,2967938,2967938,4418
56532,108,953,979,16,0,31168,0,0,0,2968823,2968823,4418
56553,108,978,979,15,0,31168,0,0,0,2969484,2969484,4418
56570,108,16,979,15,0,31168,0,0,0,2970406,2970406,4418
56585,108,44,979,15,0,31168,0,0,0,2971273,2971273,4418
56602,108,110,979,15,0,31168,0,0,0,2972193,2972193,4418
56618,108,129,979,15,0,31168,0,0,0,2973098,2973098,4418
56634,108,150,979,15,0,31168,0,0,0,2973935,2973935,4418
56649,108,172,979,15,0,31168,0,0,0,2974823,2974823,4418
56665,108,194,979,15,0,31168,0,0,0,2975669,2975669,4418
56681,108,219,979,15,0,31168,0,0,0,2976561,2976561,4418
56697,108,236,979,15,0,31168,0,0,0,2977442,2977442,4418
56712,108,259,979,15,0,31168,0,0,0,2978285,2978285,4418
56728,108,286,979,15,0,31168,0,0,0,2979153,2979153,4418
56744,108,315,979,15,0,31168,0,0,0,2979951,2979951,4418
56759,108,334,979,15,0,31168,0,0,0,2980752,2980752,4418
56775,108,353,979,15,0,31168,0,0,0,2981651,2981651,4418
56790,108,388,979,15,0,31168,0,0,0,2982392,2982392,4418
56806,108,406,979,15,0,31168,0,0,0,2983141,2983141,4418
56821,108,437,979,15,0,31168,0,0,0,2983924,2983924,4418
56836,108,455,979,15,0,31168,0,0,0,2984795,2984795,4418
56852,108,481,979,15,0,31168,0,0,0,2985583,2985583,4418
56867,108,508,979,15,0,31168,0,0,0,2986344,2986344,4418
56883,108,531,979,15,0,31168,0,0,0,2987198,2987198,4418
56898,108,557,979,15,0,31168,0,0,0,2987927,2987927,4418
56915,108,583,979,15,0,31168,0,0,0,2988768,2988768,4418
56931,108,601,979,15,0,31168,0,0,0,2989531,2989531,4418
56948,108,628,979,15,0,31168,0,0,0,2990387,2990387,4418
56964,108,662,979,15,0,31168,0,0,0,2991212,2991212,4418
56981,108,689,979,15,0,31168,0,0,0,2992086,2992086,4418
56998,108,716,979,15,0,31168,0,0,0,2992940,2992940,4418
57013,108,748,979,15,0,31168,0,0,0,2993616,2993616,4418
57029,108,783,979,15,0,31168,0,0,0,2994375,2994375,4418
57045,108,815,979,15,0,31168,0,0,0,2995230,2995230,4418
57060,108,856,979,15,0,31168,0,0,0,2996030,2996030,4418
57077,108,891,979,15,0,31168,0,0,0,2996866,2996866,4418
57092,108,921,979,15,0,31168,0,0,0,2997612,2997612,4418
57108,109,954,979,15,0,31168,0,0,0,2998444,2998444,4418
57124,109,3,979,15,0,31168,0,0,0,2999275,2999275,4418
57141,109,35,979,15,0,31168,0,0,0,3000229,3000229,4418
57157,109,100,979,15,0,31168,0,0,0,3001131,3001131,4418
57173,109,131,979,15,0,31168,0,0,0,3001983,3001983,4418
57189,109,150,979,15,0,31168,0,0,0,3002858,3002858,4418
57206,109,173,979,15,0,31168,0,0,0,3003801,3003801,4418
57221,109,193,979,15,0,31168,0,0,0,3004651,3004651,4418
57236,109,214,979,15,0,31168,0,0,0,3005508,3005508,4418
57253,109,233,979,15,0,31168,0,0,0,3006318,3006318,4418
57269,109,259,979,15,0,31168,0,0,0,3007162,3007162,4418
57285,109,295,979,15,0,31168,0,0,0,3008026,3008026,4418
57302,109,326,979,15,0,31168,0,0,0,3008895,3008895,4418
57318,109,345,979,15,0,31168,0,0,0,3009672,3009672,4418
57334,109,377,979,15,0,31168,0,0,0,3010483,3010483,4418
57350,109,412,979,15,0,31168,0,0,0,3011266,3011266,4418
57366,109,439,979,15,0,31168,0,0,0,3012116,3012116,4418
57381,109,455,979,15,0,31168,0,0,0,3012933,3012933,4418
57397,109,480,979,15,0,31168,0,0,0,3013716,3013716,4418
57412,109,499,979,15,0,31168,0,0,0,3014539,3014539,4418
57428,109,520,979,15,0,31168,0,0,0,3015375,3015375,4418
57443,109,541,979,15,0,31168,0,0,0,3016116,3016116,4418
57460,109,574,979,15,0,31168,0,0,0,3016967,3016967,4418
57475,109,591,979,15,0,31168,0,0,0,3017760,3017760,4418
57490,109,617,979,15,0,31168,0,0,0,3018505,3018505,4418
57505,109,636,979,15,0,31168,0,0,0,3019274,3019274,4418
57522,109,662,979,15,0,31168,0,0,0,3020151,3020151,4418
57538,109,684,979,15,0,31168,0,0,0,3020945,3020945,4418
57553,109,726,979,15,0,31168,0,0,0,3021696,3021696,4418
57569,109,752,979,15,0,31168,0,0,0,3022480,3022480,4418
57587,109,791,979,15,0,31168,0,0,0,3023311,3023311,4418
57603,109,812,979,15,0,31168,0,0,0,3024092,3024092,4418
57619,109,834,979,15,0,31168,0,0,0,3024819,3024819,4418
57635,109,865,979,15,0,31168,0,0,0,3025646,3025646,4418
57651,109,900,979,15,0,31168,0,0,0,3026447,3026447,4418
57666,109,921,979,15,0,31168,0,0,0,3027242,3027242,4418
57682,110,971,979,15,0,31168,0,0,0,3028102,3028102,4418
57699,110,1,979,15,0,31168,0,0,0,3028601,3028601,4418
57714,110,17,979,15,0,31168,0,0,0,3029459,3029459,4418
57731,110,61,979,15,0,31168,0,0,0,3030363,3030363,4418
57747,110,109,979,15,0,31168,0,0,0,3031193,3031193,4418
57762,110,138,979,15,0,31168,0,0,0,3032053,3032053,4418
57778,110,152,979,15,0,31168,0,0,0,3032923,3032923,4418
57793,110,171,979,15,0,31168,0,0,0,3033741,3033741,4418
57808,110,189,979,15,0,31168,0,0,0,3034505,3034505,4418
57823,110,215,979,15,0,31168,0,0,0,3035286,3035286,4418
57839,110,230,979,15,0,31168,0,0,0,3036028,3036028,4418
57854,110,257,979,15,0,31168,0,0,0,3036820,3036820,4418
57870,110,282,979,15,0,31168,0,0,0,3037596,3037596,4418
57886,110,316,979,15,0,31168,0,0,0,3038367,3038367,4418
57902,110,333,979,15,0,31168,0,0,0,3039073,3039073,4418
57918,110,352,979,15,0,31168,0,0,0,3039938,3039938,4418
57933,110,377,979,15,0,31168,0,0,0,3040678,3040678,4418
57950,110,400,979,15,0,31168,0,0,0,3041493,3041493,4418
57965,110,434,979,15,0,31168,0,0,0,3042266,3042266,4418
57980,110,453,979,15,0,31168,0,0,0,3043060,3043060,4418
57997,110,477,979,15,0,31168,0,0,0,3043964,3043964,4418
58014,110,504,979,15,0,31168,0,0,0,3044790,3044790,4418
58030,110,527,979,15,0,31168,0,0,0,3045645,3045645,4418
58046,110,553,979,15,0,31168,0,0,0,3046439,3046439,4418
58061,110,578,979,15,0,31168,0,0,0,3047208,3047208,4418
58077,110,601,979,15,0,31168,0,0,0,3048051,3048051,4418
58092,110,619,979,15,0,31168,0,0,0,3048784,3048784,4418
58108,110,648,979,15,0,31168,0,0,0,3049527,3049527,4418
58123,110,674,979,15,0,31168,0,0,0,3050345,3050345,4418
58139,110,721,979,15,0,31168,0,0,0,3051205,3051205,4418
58155,110,746,979,15,0,31168,0,0,0,3051998,3051998,4418
58170,110,770,979,15,0,31168,0,0,0,3052765,3052765,4418
58185,110,794,979,15,0,31168,0,0,0,3053545,3053545,4418
58202,110,817,979,15,0,31168,0,0,0,3054352,3054352,4418
58218,110,851,979,15,0,31168,0,0,0,3055208,3055208,4418
58234,110,890,979,15,0,31168,0,0,0,3056072,3056072,4418
58249,110,914,979,15,0,31168,0,0,0,3056818,3056818,4418
58265,111,955,979,15,0,31168,0,0,0,3057682,3057682,4418
58280,111,0,979,14,0,31168,0,0,0,3058380,3058380,4418
58296,111,16,979,14,0,31168,0,0,0,3059285,3059285,4418
58313,111,60,979,14,0,31168,0,0,0,3060190,3060190,4418
58328,111,116,979,14,0,31168,0,0,0,3061025,3061025,4418
58345,111,142,979,14,0,31168,0,0,0,3061893,3061893,4418
58360,111,152,979,14,0,31168,0,0,0,3062624,3062624,4418
58376,111,172,979,14,0,31168,0,0,0,3063466,3063466,4418
58391,111,188,979,14,0,31168,0,0,0,3064274,3064274,4418
58407,111,209,979,14,0,31168,0,0,0,3065148,3065148,4418
58424,111,230,979,14,0,31168,0,0,0,3066016,3066016,4418
58440,111,259,979,14,0,31168,0,0,0,3066867,3066867,4418
58455,111,293,979,14,0,31168,0,0,0,3067686,3067686,4418
58471,111,322,979,14,0,31168,0,0,0,3068468,3068468,4418
58486,111,339,979,14,0,31168,0,0,0,3069261,3069261,4418
58502,111,366,979,14,0,31168,0,0,0,3070136,3070136,4418
58519,111,396,979,14,0,31168,0,0,0,3070971,3070971,4418
58535,111,427,979,14,0,31168,0,0,0,3071765,3071765,4418
58552,111,448,979,14,0,31168,0,0,0,3072635,3072635,4418
58567,111,475,979,14,0,31168,0,0,0,3073494,3073494,4418
58584,111,499,979,14,0,31168,0,0,0,3074327,3074327,4418
58600,111,519,979,14,0,31168,0,0,0,3075093,3075093,4418
58615,111,547,979,14,0,31168,0,0,0,3075869,3075869,4418
58630,111,563,979,14,0,31168,0,0,0,3076628,3076628,4418
58645,111,587,979,14,0,31168,0,0,0,3077417,3077417,4418
58661,111,612,979,14,0,31168,0,0,0,3078247,3078247,4418
58678,111,635,979,14,0,31168,0,0,0,3079103,3079103,4418
58694,111,666,980,15,0,31168,0,0,0,3080001,3080001,4418
58710,111,698,980,15,0,31168,0,0,0,3080822,3080822,4418
58726,111,735,980,15,0,31168,0,0,0,3081556,3081556,4418
58741,111,773,980,15,0,31168,0,0,0,3082249,3082249,4418
58757,111,809,981,16,0,31168,0,0,0,3083110,3083110,4418
58774,111,848,982,17,0,31168,0,0,0,3083971,3083971,4418
58789,111,881,982,17,0,31168,0,0,0,3084771,3084771,4418
58804,111,905,982,17,0,31168,0,0,0,3085546,3085546,4418
58820,112,936,982,16,0,31168,0,0,0,3086298,3086298,4418
58836,112,971,982,15,0,31168,0,0,0,3087238,3087238,4418
58852,112,5,982,14,0,31168,0,0,0,3087893,3087893,4418
58868,112,18,982,14,0,31168,0,0,0,3088733,3088733,4418
58883,112,61,982,14,0,31168,0,0,0,3089541,3089541,4418
58899,112,114,982,14,0,31168,0,0,0,3090371,3090371,4418
58914,112,138,982,14,0,31168,0,0,0,3091167,3091167,4418
58930,112,149,982,14,0,31168,0,0,0,3091983,3091983,4418
58946,112,171,982,14,0,31168,0,0,0,3092850,3092850,4418
58962,112,200,982,14,0,31168,0,0,0,3093752,3093752,4418
58978,112,227,982,14,0,31168,0,0,0,3094630,3094630,4418
58994,112,249,982,14,0,31168,0,0,0,3095505,3095505,4418
59009,112,273,982,14,0,31168,0,0,0,3096282,3096282,4418
59025,112,298,982,14,0,31168,0,0,0,3097123,3097123,4418
59041,112,318,982,14,0,31168,0,0,0,3097972,3097972,4418
59057,112,339,982,14,0,31168,0,0,0,3098768,3098768,4418
59073,112,366,982,14,0,31168,0,0,0,3099591,3099591,4418
59089,112,393,982,14,0,31168,0,0,0,3100328,3100328,4418
59104,112,415,982,14,0,31168,0,0,0,3101100,3101100,4418
59120,112,440,982,14,0,31168,0,0,0,3101888,3101888,4418
59137,112,456,982,14,0,31168,0,0,0,3102800,3102800,4418
59152,112,478,982,14,0,31168,0,0,0,3103597,3103597,4418
59169,112,508,982,14,0,31168,0,0,0,3104396,3104396,4418
59185,112,527,982,14,0,31168,0,0,0,3105232,3105232,4418
59201,112,553,982,14,0,31168,0,0,0,3106028,3106028,4418
59216,112,570,982,14,0,31168,0,0,0,3106819,3106819,4418
59231,112,588,982,14,0,31168,0,0,0,3107556,3107556,4418
59246,112,615,982,14,0,31168,0,0,0,3108420,3108420,4418
59262,112,633,982,14,0,31168,0,0,0,3109232,3109232,4418
59277,112,669,982,14,0,31168,0,0,0,3110062,3110062,4418
59292,112,704,982,14,0,31168,0,0,0,3110869,3110869,4418
59308,112,735,982,14,0,31168,0,0,0,3111661,3111661,4418
59324,112,764,982,14,0,31168,0,0,0,3112456,3112456,4418
59340,112,792,983,14,0,31168,0,0,0,3113238,3113238,4418
59356,112,815,983,14,0,31168,0,0,0,3113977,3113977,4418
59371,112,846,983,14,0,31168,0,0,0,3114758,3114758,4418
59387,112,882,983,13,0,31168,0,0,0,3115636,3115636,4418
59403,112,911,983,13,0,31168,0,0,0,3116412,3116412,4418
59418,113,953,983,13,0,31168,0,0,0,3117155,3117155,4418
59433,113,978,983,13,0,31168,0,0,0,3117778,3117778,4418
59451,113,14,983,12,0,31168,0,0,0,3118719,3118719,4418
59468,113,46,983,12,0,31168,0,0,0,3119640,3119640,4418
59483,113,107,983,12,0,31168,0,0,0,3120471,3120471,4418
59498,113,128,983,12,0,31168,0,0,0,3121310,3121310,4418
59515,113,149,983,12,0,31168,0,0,0,3122217,3122217,4418
59531,113,170,983,12,0,31168,0,0,0,3123057,3123057,4418
59546,113,189,983,12,0,31168,0,0,0,3123987,3123987,4418
59563,113,220,983,12,0,31168,0,0,0,3124873,3124873,4418
59580,113,240,983,12,0,31168,0,0,0,3125789,3125789,4418
59595,113,275,983,12,0,31168,0,0,0,3126592,3126592,4418
59611,113,302,983,12,0,31168,0,0,0,3127404,3127404,4418
59627,113,331,983,12,0,31168,0,0,0,3128280,3128280,4418
59642,113,352,983,12,0,31168,0,0,0,3129110,3129110,4418
59657,113,375,983,12,0,31168,0,0,0,3129848,3129848,4418
59673,113,399,983,12,0,31168,0,0,0,3130666,3130666,4418
59690,113,429,983,12,0,31168,0,0,0,3131506,3131506,4418
59706,113,444,983,12,0,31168,0,0,0,3132257,3132257,4418
59722,113,465,983,12,0,31168,0,0,0,3133089,3133089,4418
59738,113,478,983,12,0,31168,0,0,0,3133874,3133874,4418
59754,113,495,983,12,0,31168,0,0,0,3134707,3134707,4418
59769,113,519,983,12,0,31168,0,0,0,3135510,3135510,4418
59785,113,539,983,12,0,31168,0,0,0,3136316,3136316,4418
59800,113,572,983,12,0,31168,0,0,0,3137119,3137119,4418
59815,113,596,983,12,0,31168,0,0,0,3137911,3137911,4418
59830,113,629,984,13,0,31168,0,0,0,3138711,3138711,4418
59846,113,658,984,13,0,31168,0,0,0,3139521,3139521,4418
59861,113,698,984,13,0,31168,0,0,0,3140285,3140285,4418
59876,113,732,984,13,0,31168,0,0,0,3141104,3141104,4418
59893,113,759,984,13,0,31168,0,0,0,3141898,3141898,4418
59910,113,783,984,13,0,31168,0,0,0,3142760,3142760,4418
59925,113,813,984,13,0,31168,0,0,0,3143582,3143582,4418
59941,113,851,984,13,0,31168,0,0,0,3144430,3144430,4418
59957,113,880,984,13,0,31168,0,0,0,3145313,3145313,4418
59972,113,900,984,13,0,31168,0,0,0,3146040,3146040,4418
59988,113,921,984,13,0,31168,0,0,0,3146822,3146822,4418
60004,114,954,984,13,0,31168,0,0,0,3147701,3147701,4418
60021,114,984,985,12,0,31168,0,0,0,3148557,3148557,4419
60038,114,15,985,12,0,31168,0,0,0,3149457,3149457,4419
60053,114,37,985,12,0,31168,0,0,0,3150357,3150357,4419
60069,114,105,985,12,0,31168,0,0,0,3151247,3151247,4419
60084,114,136,985,12,0,31168,0,0,0,3152107,3152107,4419
60100,114,152,985,12,0,31168,0,0,0,3152925,3152925,4419
60116,114,167,985,12,0,31168,0,0,0,3153800,3153800,4419
60132,114,181,985,12,0,31168,0,0,0,3154619,3154619,4419
60148,114,204,985,12,0,31168,0,0,0,3155448,3155448,4419
60164,114,228,985,12,0,31168,0,0,0,3156309,3156309,4419
60179,114,249,985,12,0,31168,0,0,0,3157160,3157160,4419
60194,114,275,985,12,0,31168,0,0,0,3157866,3157866,4419
60209,114,309,985,12,0,31168,0,0,0,3158682,3158682,4419
60225,114,334,985,12,0,31168,0,0,0,3159538,3159538,4419
60241,114,369,985,12,0,31168,0,0,0,3160353,3160353,4419
60257,114,396,985,12,0,31168,0,0,0,3161152,3161152,4419
60273,114,424,985,12,0,31168,0,0,0,3161978,3161978,4419
60289,114,442,985,12,0,31168,0,0,0,3162821,3162821,4419
60304,114,468,985,12,0,31168,0,0,0,3163655,3163655,4419
60320,114,487,985,12,0,31168,0,0,0,3164497,3164497,4419
60335,114,518,985,12,0,31168,0,0,0,3165319,3165319,4419
60351,114,536,985,12,0,31168,0,0,0,3166135,3166135,4419
60367,114,559,985,12,0,31168,0,0,0,3166920,3166920,4419
60382,114,580,985,12,0,31168,0,0,0,3167759,3167759,4419
60397,114,606,985,12,0,31168,0,0,0,3168469,3168469,4419
60414,114,628,985,12,0,31168,0,0,0,3169351,3169351,4419
60429,114,660,985,12,0,31168,0,0,0,3170136,3170136,4419
60445,114,696,985,12,0,31168,0,0,0,3170936,3170936,4419
60460,114,720,985,12,0,31168,0,0,0,3171714,3171714,4419
60476,114,757,985,12,0,31168,0,0,0,3172539,3172539,4419
60491,114,783,985,12,0,31168,0,0,0,3173233,3173233,4419
60507,114,815,985,12,0,31168,0,0,0,3174032,3174032,4419
60523,114,856,985,12,0,31168,0,0,0,3174846,3174846,4419
60538,114,887,985,12,0,31168,0,0,0,3175676,3175676,4419
60554,114,911,985,12,0,31168,0,0,0,3176485,3176485,4419
60570,115,940,985,12,0,31168,0,0,0,3177131,3177131,4419
60586,115,973,985,11,0,31168,0,0,0,3177993,3177993,4419
60601,115,9,985,11,0,31168,0,0,0,3178729,3178729,4419
60617,115,24,985,11,0,31168,0,0,0,3179545,3179545,4419
60632,115,75,985,11,0,31168,0,0,0,3180395,3180395,4419
60647,115,118,985,11,0,31168,0,0,0,3181262,3181262,4419
60663,115,145,985,11,0,31168,0,0,0,3182126,3182126,4419
60679,115,159,985,11,0,31168,0,0,0,3182904,3182904,4419
60695,115,180,985,11,0,31168,0,0,0,3183689,3183689,4419
60712,115,193,985,11,0,31168,0,0,0,3184545,3184545,4419
60727,115,215,985,11,0,31168,0,0,0,3185394,3185394,4419
60743,115,238,985,11,0,31168,0,0,0,3186228,3186228,4419
60758,115,273,985,11,0,31168,0,0,0,3187030,3187030,4419
60773,115,316,985,11,0,31168,0,0,0,3187834,3187834,4419
60789,115,337,985,11,0,31168,0,0,0,3188744,3188744,4419
60804,115,363,985,11,0,31168,0,0,0,3189567,3189567,4419
60820,115,385,985,11,0,31168,0,0,0,3190383,3190383,4419
60835,115,414,985,11,0,31168,0,0,0,3191166,3191166,4419
60850,115,440,985,11,0,31168,0,0,0,3191944,3191944,4419
60865,115,459,985,11,0,31168,0,0,0,3192745,3192745,4419
60880,115,474,985,11,0,31168,0,0,0,3193480,3193480,4419
60899,115,496,985,11,0,31168,0,0,0,3194313,3194313,4419
60914,115,518,985,11,0,31168,0,0,0,3195075,3195075,4419
60930,115,538,985,11,0,31168,0,0,0,3195866,3195866,4419
60945,115,563,985,11,0,31168,0,0,0,3196690,3196690,4419
60962,115,588,985,11,0,31168,0,0,0,3197519,3197519,4419
60977,115,615,985,11,0,31168,0,0,0,3198306,3198306,4419
60992,115,640,985,11,0,31168,0,0,0,3199120,3199120,4419
61008,115,673,985,11,0,31168,0,0,0,3199897,3199897,4419
61023,115,703,985,11,0,31168,0,0,0,3200726,3200726,4419
61038,115,734,985,11,0,31168,0,0,0,3201503,3201503,4419
61054,115,760,985,11,0,31168,0,0,0,3202291,3202291,4419
61069,115,806,985,11,0,31168,0,0,0,3203137,3203137,4419
61085,115,836,985,11,0,31168,0,0,0,3203952,3203952,4419
61101,115,881,985,11,0,31168,0,0,0,3204848,3204848,4419
61117,115,910,985,11,0,31168,0,0,0,3205632,3205632,4419
61133,116,951,985,11,0,31168,0,0,0,3206428,3206428,4419
61162,116,978,985,11,0,31168,0,0,0,3207149,3207149,4419
61179,116,21,985,11,0,31168,0,0,0,3208013,3208013,4419
61194,116,65,985,11,0,31168,0,0,0,3208849,3208849,4419
61209,116,116,985,11,0,31168,0,0,0,3209671,3209671,4419
61225,116,140,985,11,0,31168,0,0,0,3210468,3210468,4419
61241,116,156,985,11,0,31168,0,0,0,3211367,3211367,4419
61257,116,173,985,11,0,31168,0,0,0,3212246,3212246,4419
61272,116,200,985,11,0,31168,0,0,0,3213023,3213023,4419
61288,116,221,985,11,0,31168,0,0,0,3213860,3213860,4419
61303,116,248,985,11,0,31168,0,0,0,3214704,3214704,4419
61319,116,271,985,11,0,31168,0,0,0,3215537,3215537,4419
61335,116,300,985,11,0,31168,0,0,0,3216279,3216279,4419
61351,116,321,985,11,0,31168,0,0,0,3217159,3217159,4419
61366,116,343,985,11,0,31168,0,0,0,3217990,3217990,4419
61383,116,376,985,11,0,31168,0,0,0,3218862,3218862,4419
61399,116,400,985,11,0,31168,0,0,0,3219708,3219708,4419
61415,116,436,985,11,0,31168,0,0,0,3220535,3220535,4419
61431,116,453,985,11,0,31168,0,0,0,3221419,3221419,4419
61447,116,474,985,11,0,31168,0,0,0,3222230,3222230,4419
61463,116,502,985,11,0,31168,0,0,0,3222995,3222995,4419
61478,116,524,985,11,0,31168,0,0,0,3223742,3223742,4419
61493,116,550,985,11,0,31168,0,0,0,3224504,3224504,4419
61509,116,572,985,11,0,31168,0,0,0,3225362,3225362,4419
61526,116,602,985,11,0,31168,0,0,0,3226215,3226215,4419
61541,116,635,985,11,0,31168,0,0,0,3227019,3227019,4419
61558,116,668,985,11,0,31168,0,0,0,3227879,3227879,4419
61573,116,698,985,11,0,31168,0,0,0,3228694,3228694,4419
61589,116,735,985,11,0,31168,0,0,0,3229505,3229505,4419
61606,116,771,985,11,0,31168,0,0,0,3230374,3230374,4419
61622,116,812,985,11,0,31168,0,0,0,3231264,3231264,4419
61638,116,845,985,11,0,31168,0,0,0,3232133,3232133,4419
61655,116,877,985,11,0,31168,0,0,0,3233019,3233019,4419
61671,116,907,985,11,0,31168,0,0,0,3233828,3233828,4419
61687,117,937,985,11,0,31168,0,0,0,3234681,3234681,4419
61703,117,960,985,11,0,31168,0,0,0,3235514,3235514,4419
61719,117,1,985,10,0,31168,0,0,0,3236095,3236095,4419
61734,117,17,985,10,0,31168,0,0,0,3236939,3236939,4419
61750,117,61,985,10,0,31168,0,0,0,3237772,3237772,4419
61765,117,113,985,10,0,31168,0,0,0,3238617,3238617,4419
61780,117,145,985,10,0,31168,0,0,0,3239515,3239515,4419
61797,117,167,985,10,0,31168,0,0,0,3240397,3240397,4419
61812,117,187,985,10,0,31168,0,0,0,3241195,3241195,4419
61828,117,211,985,10,0,31168,0,0,0,3242051,3242051,4419
61843,117,233,985,10,0,31168,0,0,0,3242894,3242894,4419
61858,117,256,985,10,0,31168,0,0,0,3243757,3243757,4419
61873,117,282,985,10,0,31168,0,0,0,3244575,3244575,4419
61890,117,321,985,10,0,31168,0,0,0,3245518,3245518,4419
61906,117,337,985,10,0,31168,0,0,0,3246394,3246394,4419
61922,117,357,985,10,0,31168,0,0,0,3247205,3247205,4419
61937,117,390,985,10,0,31168,0,0,0,3247929,3247929,4419
61952,117,405,985,10,0,31168,0,0,0,3248698,3248698,4419
61968,117,442,985,10,0,31168,0,0,0,3249492,3249492,4419
61985,117,463,985,10,0,31168,0,0,0,3250359,3250359,4419
62001,117,481,985,10,0,31168,0,0,0,3251159,3251159,4419
62017,117,508,985,10,0,31168,0,0,0,3251951,3251951,4419
62033,117,531,985,10,0,31168,0,0,0,3252806,3252806,4419
62048,117,559,985,10,0,31168,0,0,0,3253588,3253588,4419
62063,117,586,985,10,0,31168,0,0,0,3254385,3254385,4419
62080,117,602,985,10,0,31168,0,0,0,3255203,3255203,4419
62096,117,635,985,10,0,31168,0,0,0,3256073,3256073,4419
62112,117,662,985,10,0,31168,0,0,0,3256915,3256915,4419
62128,117,689,985,10,0,31168,0,0,0,3257783,3257783,4419
62144,117,728,985,10,0,31168,0,0,0,3258565,3258565,4419
62160,117,758,985,10,0,31168,0,0,0,3259346,3259346,4419
62176,117,783,985,10,0,31168,0,0,0,3260173,3260173,4419
62192,117,806,985,10,0,31168,0,0,0,3260955,3260955,4419
62208,117,838,985,10,0,31168,0,0,0,3261757,3261757,4419
62223,117,881,985,10,0,31168,0,0,0,3262598,3262598,4419
62239,117,906,985,10,0,31168,0,0,0,3263351,3263351,4419
62255,117,936,985,9,0,31168,0,0,0,3264128,3264128,4419
62270,118,963,985,9,0,31168,0,0,0,3264900,3264900,4419
62288,118,978,985,9,0,31168,0,0,0,3265257,3265257,4419
62304,118,11,985,9,0,31168,0,0,0,3266153,3266153,4419
62319,118,23,985,9,0,31168,0,0,0,3266904,3266904,4419
62335,118,65,985,9,0,31168,0,0,0,3267741,3267741,4419
62350,118,116,985,9,0,31168,0,0,0,3268564,3268564,4419
62365,118,141,985,9,0,31168,0,0,0,3269417,3269417,4419
62380,118,156,985,9,0,31168,0,0,0,3270217,3270217,4419
62396,118,172,985,9,0,31168,0,0,0,3271053,3271053,4419
62411,118,189,985,9,0,31168,0,0,0,3271842,3271842,4419
62427,118,214,985,9,0,31168,0,0,0,3272662,3272662,4419
62443,118,232,985,9,0,31168,0,0,0,3273562,3273562,4419
62458,118,250,985,9,0,31168,0,0,0,3274330,3274330,4419
62475,118,275,985,9,0,31168,0,0,0,3275178,3275178,4419
62491,118,301,985,9,0,31168,0,0,0,3276033,3276033,4419
62507,118,322,985,9,0,31168,0,0,0,3276868,3276868,4419
62522,118,340,985,9,0,31168,0,0,0,3277619,3277619,4419
62538,118,370,985,9,0,31168,0,0,0,3278450,3278450,4419
62553,118,399,985,9,0,31168,0,0,0,3279243,3279243,4419
62569,118,428,985,9,0,31168,0,0,0,3280072,3280072,4419
62585,118,449,985,9,0,31168,0,0,0,3280887,3280887,4419
62601,118,473,985,9,0,31168,0,0,0,3281770,3281770,4419
62617,118,494,985,9,0,31168,0,0,0,3282642,3282642,4419
62634,118,519,985,9,0,31168,0,0,0,3283467,3283467,4419
62650,118,541,985,9,0,31168,0,0,0,3284286,3284286,4419
62665,118,570,985,9,0,31168,0,0,0,3285092,3285092,4419
62681,118,588,985,9,0,31168,0,0,0,3285918,3285918,4419
62696,118,617,985,9,0,31168,0,0,0,3286728,3286728,4419
62713,118,650,985,9,0,31168,0,0,0,3287580,3287580,4419
62728,118,679,985,9,0,31168,0,0,0,3288404,3288404,4419
62743,118,707,985,9,0,31168,0,0,0,3289150,3289150,4419
62759,118,743,985,9,0,31168,0,0,0,3289887,3289887,4419
62775,118,769,985,9,0,31168,0,0,0,3290665,3290665,4419
62793,118,810,986,10,0,31168,0,0,0,3291563,3291563,4419
62809,118,848,986,10,0,31168,0,0,0,3292428,3292428,4419
62824,118,883,986,10,0,31168,0,0,0,3293271,3293271,4419
62839,118,909,986,10,0,31168,0,0,0,3293999,3293999,4419
62855,119,940,986,10,0,31168,0,0,0,3294819,3294819,4419
62870,119,973,986,10,0,31168,0,0,0,3295599,3295599,4419
62886,119,5,986,10,0,31168,0,0,0,3296191,3296191,4419
62902,119,18,986,10,0,31168,0,0,0,3297017,3297017,4419
62918,119,35,986,10,0,31168,0,0,0,3297852,3297852,4419
62933,119,103,986,10,0,31168,0,0,0,3298695,3298695,4419
62948,119,136,986,10,0,31168,0,0,0,3299593,3299593,4419
62963,119,151,986,10,0,31168,0,0,0,3300416,3300416,4419
62978,119,171,986,10,0,31168,0,0,0,3301246,3301246,4419
62995,119,190,986,10,0,31168,0,0,0,3302160,3302160,4419
63011,119,208,986,10,0,31168,0,0,0,3302976,3302976,4419
63027,119,231,986,10,0,31168,0,0,0,3303823,3303823,4419
63042,119,252,986,10,0,31168,0,0,0,3304688,3304688,4419
63058,119,276,986,10,0,31168,0,0,0,3305492,3305492,4419
63074,119,316,986,10,0,31168,0,0,0,3306312,3306312,4419
63090,119,339,986,10,0,31168,0,0,0,3307193,3307193,4419
63107,119,370,986,10,0,31168,0,0,0,3308092,3308092,4419
63122,119,398,986,10,0,31168,0,0,0,3308872,3308872,4419
63138,119,428,986,10,0,31168,0,0,0,3309685,3309685,4419
63154,119,442,986,10,0,31168,0,0,0,3310466,3310466,4419
63170,119,465,986,10,0,31168,0,0,0,3311321,3311321,4419
63186,119,487,986,10,0,31168,0,0,0,3312162,3312162,4419
63201,119,510,986,10,0,31168,0,0,0,3312911,3312911,4419
63218,119,532,986,10,0,31168,0,0,0,3313806,3313806,4419
63233,119,566,986,10,0,31168,0,0,0,3314585,3314585,4419
63249,119,591,986,10,0,31168,0,0,0,3315456,3315456,4419
63265,119,620,986,10,0,31168,0,0,0,3316237,3316237,4419
63280,119,660,986,10,0,31168,0,0,0,3317094,3317094,4419
63296,119,683,986,10,0,31168,0,0,0,3317964,3317964,4419
63313,119,721,986,10,0,31168,0,0,0,3318857,3318857,4419
63328,119,736,986,10,0,31168,0,0,0,3319540,3319540,4419
63344,119,781,986,10,0,31168,0,0,0,3320379,3320379,4419
63361,119,801,986,10,0,31168,0,0,0,3321261,3321261,4419
63377,119,836,987,11,0,31168,0,0,0,3322129,3322129,4419
63392,119,877,987,11,0,31168,0,0,0,3322908,3322908,4419
63408,119,896,987,11,0,31168,0,0,0,3323764,3323764,4419
63424,119,935,988,12,0,31168,0,0,0,3324577,3324577,4421
63440,120,959,988,12,0,31168,0,0,0,3325397,3325397,4421
63455,120,0,988,10,0,31168,0,0,0,3326036,3326036,4421
63471,120,23,988,10,0,31168,0,0,0,3326875,3326875,4421
63488,120,88,988,10,0,31168,0,0,0,3327794,3327794,4421
63503,120,116,988,10,0,31168,0,0,0,3328650,3328650,4421
63519,120,141,988,10,0,31168,0,0,0,3329489,3329489,4421
63534,120,163,988,10,0,31168,0,0,0,3330312,3330312,4421
63550,120,180,988,10,0,31168,0,0,0,3331225,3331225,4421
63566,120,208,988,10,0,31168,0,0,0,3332074,3332074,4421
63582,120,229,988,10,0,31168,0,0,0,3332968,3332968,4421
63598,120,250,988,10,0,31168,0,0,0,3333871,3333871,4421
63615,120,275,988,10,0,31168,0,0,0,3334698,3334698,4421
63631,120,309,988,10,0,31168,0,0,0,3335590,3335590,4421
63647,120,331,988,10,0,31168,0,0,0,3336470,3336470,4421
63663,120,352,988,10,0,31168,0,0,0,3337292,3337292,4421
63678,120,378,988,10,0,31168,0,0,0,3338031,3338031,4421
63694,120,415,988,10,0,31168,0,0,0,3338883,3338883,4421
63709,120,447,988,10,0,31168,0,0,0,3339654,3339654,4421
63724,120,464,988,10,0,31168,0,0,0,3340403,3340403,4421
63741,120,484,988,10,0,31168,0,0,0,3341253,3341253,4421
63757,120,510,988,10,0,31168,0,0,0,3342119,3342119,4421
63774,120,535,988,10,0,31168,0,0,0,3343016,3343016,4421
63790,120,570,988,10,0,31168,0,0,0,3343838,3343838,4421
63806,120,602,988,10,0,31168,0,0,0,3344668,3344668,4421
63822,120,633,988,10,0,31168,0,0,0,3345490,3345490,4421
63837,120,658,988,10,0,31168,0,0,0,3346288,3346288,4421
63852,120,684,988,10,0,31168,0,0,0,3347125,3347125,4421
63868,120,727,988,10,0,31168,0,0,0,3347959,3347959,4421
63884,120,746,988,10,0,31168,0,0,0,3348788,3348788,4421
63901,120,782,988,10,0,31168,0,0,0,3349573,3349573,4421
63916,120,812,988,10,0,31168,0,0,0,3350363,3350363,4421
63931,120,851,988,10,0,31168,0,0,0,3351188,3351188,4421
63948,120,886,988,10,0,31168,0,0,0,3352050,3352050,4421
63963,120,910,988,10,0,31168,0,0,0,3352846,3352846,4421
63980,120,938,988,10,0,31168,0,0,0,3353635,3353635,4421
63995,121,972,988,9,0,31168,0,0,0,3354493,3354493,4421
64011,121,984,988,9,0,31168,0,0,0,3354798,3354798,4421
64026,121,14,988,9,0,31168,0,0,0,3355682,3355682,4421
64042,121,61,988,9,0,31168,0,0,0,3356564,3356564,4421
64058,121,118,988,9,0,31168,0,0,0,3357461,3357461,4421
64073,121,142,988,9,0,31168,0,0,0,3358287,3358287,4421
64088,121,163,988,9,0,31168,0,0,0,3359104,3359104,4421
64105,121,181,988,9,0,31168,0,0,0,3360053,3360053,4421
64120,121,206,988,9,0,31168,0,0,0,3360830,3360830,4421
64135,121,226,988,9,0,31168,0,0,0,3361682,3361682,4421
64151,121,240,988,9,0,31168,0,0,0,3362522,3362522,4421
64166,121,265,988,9,0,31168,0,0,0,3363291,3363291,4421
64182,121,302,988,9,0,31168,0,0,0,3364062,3364062,4421
64197,121,328,988,9,0,31168,0,0,0,3364879,3364879,4421
64213,121,347,988,9,0,31168,0,0,0,3365678,3365678,4421
64228,121,369,988,9,0,31168,0,0,0,3366424,3366424,4421
64243,121,397,988,9,0,31168,0,0,0,3367177,3367177,4421
64260,121,427,988,9,0,31168,0,0,0,3368054,3368054,4421
64275,121,443,988,9,0,31168,0,0,0,3368834,3368834,4421
64291,121,464,988,9,0,31168,0,0,0,3369716,3369716,4421
64307,121,484,988,9,0,31168,0,0,0,3370567,3370567,4421
64322,121,514,988,9,0,31168,0,0,0,3371384,3371384,4421
64338,121,535,988,9,0,31168,0,0,0,3372184,3372184,4421
64353,121,559,988,9,0,31168,0,0,0,3372973,3372973,4421
64369,121,581,988,9,0,31168,0,0,0,3373819,3373819,4421
64385,121,602,988,9,0,31168,0,0,0,3374628,3374628,4421
64402,121,627,988,9,0,31168,0,0,0,3375408,3375408,4421
64417,121,652,988,9,0,31168,0,0,0,3376247,3376247,4421
64434,121,673,988,9,0,31168,0,0,0,3377113,3377113,4421
64450,121,703,988,9,0,31168,0,0,0,3377848,3377848,4421
64467,121,741,988,9,0,31168,0,0,0,3378671,3378671,4421
64483,121,783,988,9,0,31168,0,0,0,3379475,3379475,4421
64499,121,817,988,9,0,31168,0,0,0,3380298,3380298,4421
64514,121,860,988,9,0,31168,0,0,0,3381107,3381107,4421
64531,121,883,988,9,0,31168,0,0,0,3381995,3381995,4421
64546,121,910,988,9,0,31168,0,0,0,3382796,3382796,4421
64561,121,938,988,9,0,31168,0,0,0,3383589,3383589,4421
64577,122,973,988,9,0,31168,0,0,0,3384410,3384410,4421
64594,122,984,988,9,0,31168,0,0,0,3384722,3384722,4421
64609,122,23,988,9,0,31168,0,0,0,3385591,3385591,4421
64626,122,103,989,10,0,31168,0,0,0,3386523,3386523,4422
64643,122,129,989,10,0,31168,0,0,0,3387507,3387507,4422
64659,122,146,990,11,0,31168,0,0,0,3388349,3388349,4422
64675,122,171,990,11,0,31168,0,0,0,3389224,3389224,4422
64692,122,197,990,11,0,31168,0,0,0,3390122,3390122,4422
64709,122,221,990,11,0,31168,0,0,0,3391044,3391044,4422
64726,122,239,990,11,0,31168,0,0,0,3391901,3391901,4422
64741,122,259,990,11,0,31168,0,0,0,3392671,3392671,4422
64757,122,289,990,11,0,31168,0,0,0,3393524,3393524,4422
64772,122,311,990,11,0,31168,0,0,0,3394257,3394257,4422
64788,122,330,990,11,0,31168,0,0,0,3394998,3394998,4422
64804,122,353,990,11,0,31168,0,0,0,3395875,3395875,4422
64821,122,379,990,11,0,31168,0,0,0,3396748,3396748,4422
64836,122,403,990,11,0,31168,0,0,0,3397568,3397568,4422
64853,122,431,990,11,0,31168,0,0,0,3398441,3398441,4422
64868,122,450,990,11,0,31168,0,0,0,3399264,3399264,4422
64884,122,475,990,11,0,31168,0,0,0,3400161,3400161,4422
64900,122,502,990,11,0,31168,0,0,0,3400996,3400996,4422
64915,122,521,990,11,0,31168,0,0,0,3401713,3401713,4422
64930,122,551,990,11,0,31168,0,0,0,3402473,3402473,4422
64946,122,580,990,11,0,31168,0,0,0,3403324,3403324,4422
64962,122,600,990,11,0,31168,0,0,0,3404105,3404105,4422
64978,122,627,990,11,0,31168,0,0,0,3404978,3404978,4422
64995,122,662,990,11,0,31168,0,0,0,3405825,3405825,4422
65010,122,696,990,11,0,31168,0,0,0,3406637,3406637,4422
65026,122,720,990,11,0,31168,0,0,0,3407424,3407424,4422
65041,122,740,990,11,0,31168,0,0,0,3408121,3408121,4422
65057,122,771,990,11,0,31168,0,0,0,3408977,3408977,4422
65073,122,801,990,11,0,31168,0,0,0,3409828,3409828,4422
65089,122,820,990,11,0,31168,0,0,0,3410709,3410709,4422
65104,122,865,990,11,0,31168,0,0,0,3411569,3411569,4422
65121,122,893,990,11,0,31168,0,0,0,3412405,3412405,4422
65136,122,931,990,11,0,31168,0,0,0,3413199,3413199,4422
65152,123,958,990,11,0,31168,0,0,0,3414102,3414102,4422
65172,123,978,990,11,0,31168,0,0,0,3414629,3414629,4422
65187,123,8,990,10,0,31168,0,0,0,3415480,3415480,4422
65203,123,23,990,10,0,31168,0,0,0,3416274,3416274,4422
65219,123,103,990,10,0,31168,0,0,0,3417187,3417187,4422
65235,123,125,990,10,0,31168,0,0,0,3418105,3418105,4422
65251,123,151,990,10,0,31168,0,0,0,3418971,3418971,4422
65266,123,171,990,10,0,31168,0,0,0,3419754,3419754,4422
65282,123,192,990,10,0,31168,0,0,0,3420600,3420600,4422
65297,123,215,990,10,0,31168,0,0,0,3421431,3421431,4422
65312,123,232,990,10,0,31168,0,0,0,3422297,3422297,4422
65328,123,252,990,10,0,31168,0,0,0,3423191,3423191,4422
65344,123,285,990,10,0,31168,0,0,0,3424059,3424059,4422
65359,123,313,990,10,0,31168,0,0,0,3424813,3424813,4422
65375,123,336,990,10,0,31168,0,0,0,3425635,3425635,4422
65391,123,366,990,10,0,31168,0,0,0,3426523,3426523,4422
65407,123,389,990,10,0,31168,0,0,0,3427371,3427371,4422
65423,123,418,990,10,0,31168,0,0,0,3428190,3428190,4422
65440,123,443,990,10,0,31168,0,0,0,3428985,3428985,4422
65456,123,456,990,10,0,31168,0,0,0,3429816,3429816,4422
65473,123,478,990,10,0,31168,0,0,0,3430689,3430689,4422
65488,123,508,990,10,0,31168,0,0,0,3431494,3431494,4422
65504,123,532,990,10,0,31168,0,0,0,3432300,3432300,4422
65519,123,563,990,10,0,31168,0,0,0,3433065,3433065,4422
65535,123,587,990,10,0,31168,0,0,0,3433940,3433940,4422
65550,123,617,990,10,0,31168,0,0,0,3434761,3434761,4422
65566,123,636,990,10,0,31168,0,0,0,3435591,3435591,4422
65581,123,665,990,10,0,31168,0,0,0,3436352,3436352,4422
65597,123,703,990,10,0,31168,0,0,0,3437161,3437161,4422
65613,123,729,990,10,0,31168,0,0,0,3437834,3437834,4422
65629,123,769,990,10,0,31168,0,0,0,3438696,3438696,4422
65645,123,812,990,10,0,31168,0,0,0,3439488,3439488,4422
65661,123,832,990,10,0,31168,0,0,0,3440236,3440236,4422
65677,123,860,990,10,0,31168,0,0,0,3441123,3441123,4422
65693,123,895,990,10,0,31168,0,0,0,3441917,3441917,4422
65708,123,940,990,10,0,31168,0,0,0,3442627,3442627,4422
65723,124,967,990,10,0,31168,0,0,0,3443477,3443477,4422
65739,124,4,990,10,0,31168,0,0,0,3444174,3444174,4422
65756,124,21,990,10,0,31168,0,0,0,3445120,3445120,4422
65772,124,71,990,10,0,31168,0,0,0,3445988,3445988,4422
65788,124,125,990,10,0,31168,0,0,0,3446862,3446862,4422
65804,124,143,990,10,0,31168,0,0,0,3447700,3447700,4422
65820,124,162,990,10,0,31168,0,0,0,3448668,3448668,4422
65837,124,182,990,10,0,31168,0,0,0,3449627,3449627,4422
65852,124,196,990,10,0,31168,0,0,0,3450461,3450461,4422
65868,124,220,990,10,0,31168,0,0,0,3451301,3451301,4422
65883,124,234,990,10,0,31168,0,0,0,3452145,3452145,4422
65899,124,258,990,10,0,31168,0,0,0,3452992,3452992,4422
65914,124,286,990,10,0,31168,0,0,0,3453819,3453819,4422
65929,124,321,990,10,0,31168,0,0,0,3454610,3454610,4422
65946,124,339,990,10,0,31168,0,0,0,3455483,3455483,4422
65961,124,370,990,10,0,31168,0,0,0,3456288,3456288,4422
65977,124,398,990,10,0,31168,0,0,0,3457093,3457093,4422
65993,124,428,990,10,0,31168,0,0,0,3457835,3457835,4422
66008,124,444,990,10,0,31168,0,0,0,3458629,3458629,4422
66024,124,472,990,10,0,31168,0,0,0,3459507,3459507,4422
66039,124,494,990,10,0,31168,0,0,0,3460299,3460299,4422
66056,124,517,990,10,0,31168,0,0,0,3461155,3461155,4422
66072,124,532,990,10,0,31168,0,0,0,3462000,3462000,4422
66087,124,559,990,10,0,31168,0,0,0,3462793,3462793,4422
66103,124,588,990,10,0,31168,0,0,0,3463709,3463709,4422
66119,124,624,990,10,0,31168,0,0,0,3464542,3464542,4422
66135,124,660,990,10,0,31168,0,0,0,3465344,3465344,4422
66150,124,683,990,10,0,31168,0,0,0,3466169,3466169,4422
66166,124,720,990,10,0,31168,0,0,0,3467012,3467012,4422
66182,124,737,990,10,0,31168,0,0,0,3467739,3467739,4422
66198,124,769,990,10,0,31168,0,0,0,3468527,3468527,4422
66213,124,791,990,10,0,31168,0,0,0,3469318,3469318,4422
66230,124,816,990,10,0,31168,0,0,0,3470110,3470110,4422
66245,124,848,990,10,0,31168,0,0,0,3470851,3470851,4422
66261,124,882,990,10,0,31168,0,0,0,3471690,3471690,4422
66276,124,909,990,10,0,31168,0,0,0,3472488,3472488,4422
66292,124,938,990,10,0,31168,0,0,0,3473274,3473274,4422
66310,125,959,990,10,0,31168,0,0,0,3474176,3474176,4422
66326,125,984,990,9,0,31168,0,0,0,3474901,3474901,4422
66343,125,14,990,9,0,31168,0,0,0,3475843,3475843,4422
66359,125,61,990,9,0,31168,0,0,0,3476742,3476742,4422
66375,125,122,990,9,0,31168,0,0,0,3477640,3477640,4422
66390,125,145,990,9,0,31168,0,0,0,3478492,3478492,4422
66405,125,164,990,9,0,31168,0,0,0,3479316,3479316,4422
66421,125,183,990,9,0,31168,0,0,0,3480219,3480219,4422
66436,125,204,990,9,0,31168,0,0,0,3481033,3481033,4422
66452,125,227,990,9,0,31168,0,0,0,3481876,3481876,4422
66469,125,241,990,9,0,31168,0,0,0,3482728,3482728,4422
66484,125,274,990,9,0,31168,0,0,0,3483540,3483540,4422
66500,125,302,990,9,0,31168,0,0,0,3484348,3484348,4422
66516,125,322,990,9,0,31168,0,0,0,3485143,3485143,4422
66531,125,338,990,9,0,31168,0,0,0,3485978,3485978,4422
66548,125,376,990,9,0,31168,0,0,0,3486829,3486829,4422
66564,125,398,990,9,0,31168,0,0,0,3487655,3487655,4422
66580,125,425,990,9,0,31168,0,0,0,3488488,3488488,4422
66595,125,444,990,9,0,31168,0,0,0,3489277,3489277,4422
66611,125,465,990,9,0,31168,0,0,0,3490122,3490122,4422
66626,125,487,990,9,0,31168,0,0,0,3490949,3490949,4422
66643,125,509,990,9,0,31168,0,0,0,3491823,3491823,4422
66659,125,531,990,9,0,31168,0,0,0,3492721,3492721,4422
66675,125,556,991,10,0,31168,0,0,0,3493542,3493542,4422
66690,125,580,991,10,0,31168,0,0,0,3494376,3494376,4422
66705,125,601,991,10,0,31168,0,0,0,3495132,3495132,4422
66721,125,636,991,10,0,31168,0,0,0,3495938,3495938,4422
66736,125,669,992,11,0,31168,0,0,0,3496710,3496710,4422
66752,125,702,992,11,0,31168,0,0,0,3497447,3497447,4422
66769,125,741,992,11,0,31168,0,0,0,3498216,3498216,4422
66786,125,764,992,11,0,31168,0,0,0,3499056,3499056,4422
66801,125,792,992,11,0,31168,0,0,0,3499827,3499827,4422
66818,125,819,992,11,0,31168,0,0,0,3500670,3500670,4422
66835,125,862,992,11,0,31168,0,0,0,3501558,3501558,4422
66850,125,895,992,11,0,31168,0,0,0,3502398,3502398,4422
66866,125,931,992,11,0,31168,0,0,0,3503222,3503222,4422
66882,126,972,992,10,0,31168,0,0,0,3504064,3504064,4422
66897,126,1,992,8,0,31168,0,0,0,3504805,3504805,4422
66912,126,17,992,8,0,31168,0,0,0,3505691,3505691,4422
66928,126,51,992,8,0,31168,0,0,0,3506510,3506510,4422
66943,126,109,992,8,0,31168,0,0,0,3507327,3507327,4422
66958,126,138,992,8,0,31168,0,0,0,3508181,3508181,4422
66974,126,156,992,8,0,31168,0,0,0,3509044,3509044,4422
66989,126,173,992,8,0,31168,0,0,0,3509919,3509919,4422
67006,126,194,992,8,0,31168,0,0,0,3510811,3510811,4422
67022,126,217,992,8,0,31168,0,0,0,3511633,3511633,4422
67038,126,232,992,8,0,31168,0,0,0,3512418,3512418,4422
67053,126,259,992,8,0,31168,0,0,0,3513236,3513236,4422
67068,126,281,992,8,0,31168,0,0,0,3514023,3514023,4422
67084,126,317,992,8,0,31168,0,0,0,3514837,3514837,4422
67100,126,336,992,8,0,31168,0,0,0,3515744,3515744,4422
67116,126,355,992,8,0,31168,0,0,0,3516558,3516558,4422
67132,126,380,992,8,0,31168,0,0,0,3517394,3517394,4422
67148,126,412,992,8,0,31168,0,0,0,3518226,3518226,4422
67164,126,438,992,8,0,31168,0,0,0,3519045,3519045,4422
67180,126,459,992,8,0,31168,0,0,0,3519948,3519948,4422
67195,126,481,992,8,0,31168,0,0,0,3520754,3520754,4422
67211,126,518,992,8,0,31168,0,0,0,3521593,3521593,4422
67226,126,535,992,8,0,31168,0,0,0,3522360,3522360,4422
67242,126,574,992,8,0,31168,0,0,0,3523186,3523186,4422
67257,126,597,992,8,0,31168,0,0,0,3524001,3524001,4422
67272,126,620,992,8,0,31168,0,0,0,3524763,3524763,4422
67289,126,650,992,8,0,31168,0,0,0,3525539,3525539,4422
67305,126,683,992,8,0,31168,0,0,0,3526379,3526379,4422
67320,126,728,992,8,0,31168,0,0,0,3527121,3527121,4422
67337,126,766,992,8,0,31168,0,0,0,3527995,3527995,4422
67353,126,803,992,8,0,31168,0,0,0,3528851,3528851,4422
67369,126,836,992,8,0,31168,0,0,0,3529666,3529666,4422
67385,126,877,992,8,0,31168,0,0,0,3530457,3530457,4422
67400,126,903,992,8,0,31168,0,0,0,3531273,3531273,4422
67416,126,931,992,8,0,31168,0,0,0,3532137,3532137,4422
67432,127,952,992,8,0,31168,0,0,0,3532965,3532965,4422
67457,127,978,992,7,0,31168,0,0,0,3533748,3533748,4422
67474,127,9,992,7,0,31168,0,0,0,3534647,3534647,4422
67490,127,46,992,7,0,31168,0,0,0,3535557,3535557,4422
67507,127,110,992,7,0,31168,0,0,0,3536501,3536501,4422
67523,127,140,992,7,0,31168,0,0,0,3537334,3537334,4422
67538,127,156,992,7,0,31168,0,0,0,3538135,3538135,4422
67554,127,179,992,7,0,31168,0,0,0,3538970,3538970,4422
67571,127,197,992,7,0,31168,0,0,0,3539837,3539837,4422
67586,127,220,992,7,0,31168,0,0,0,3540653,3540653,4422
67601,127,232,992,7,0,31168,0,0,0,3541478,3541478,4422
67616,127,256,992,7,0,31168,0,0,0,3542291,3542291,4422
67633,127,289,992,7,0,31168,0,0,0,3543232,3543232,4422
67648,127,317,992,7,0,31168,0,0,0,3544022,3544022,4422
67664,127,339,992,7,0,31168,0,0,0,3544878,3544878,4422
67679,127,363,992,7,0,31168,0,0,0,3545733,3545733,4422
67695,127,389,992,7,0,31168,0,0,0,3546558,3546558,4422
67711,127,412,992,7,0,31168,0,0,0,3547373,3547373,4422
67727,127,436,993,8,0,31168,0,0,0,3548172,3548172,4424
67742,127,454,993,8,0,31168,0,0,0,3549035,3549035,4424
67759,127,477,993,8,0,31168,0,0,0,3549905,3549905,4424
67775,127,500,993,8,0,31168,0,0,0,3550710,3550710,4424
67790,127,521,993,8,0,31168,0,0,0,3551480,3551480,4424
67806,127,547,993,8,0,31168,0,0,0,3552306,3552306,4424
67823,127,580,993,8,0,31168,0,0,0,3553143,3553143,4424
67839,127,600,993,8,0,31168,0,0,0,3553951,3553951,4424
67856,127,619,993,8,0,31168,0,0,0,3554691,3554691,4424
67871,127,660,993,8,0,31168,0,0,0,3555477,3555477,4424
67888,127,683,993,8,0,31168,0,0,0,3556393,3556393,4424
67904,127,727,993,8,0,31168,0,0,0,3557192,3557192,4424
67919,127,759,993,8,0,31168,0,0,0,3557963,3557963,4424
67934,127,790,993,8,0,31168,0,0,0,3558689,3558689,4424
67950,127,817,993,8,0,31168,0,0,0,3559548,3559548,4424
67966,127,860,993,8,0,31168,0,0,0,3560409,3560409,4424
67982,127,890,994,9,0,31168,0,0,0,3561178,3561178,4426
68006,127,927,994,9,0,31168,0,0,0,3561945,3561945,4426
68023,128,953,994,9,0,31168,0,0,0,3562803,3562803,4426
68053,128,978,994,9,0,31168,0,0,0,3563624,3563624,4426
68069,128,4,994,7,0,31168,0,0,0,3564464,3564464,4426
68085,128,21,994,7,0,31168,0,0,0,3565371,3565371,4426
68100,128,60,994,7,0,31168,0,0,0,3566186,3566186,4426
68116,128,107,994,7,0,31168,0,0,0,3566961,3566961,4426
68131,128,137,994,7,0,31168,0,0,0,3567807,3567807,4426
68146,128,156,994,7,0,31168,0,0,0,3568651,3568651,4426
68163,128,182,994,7,0,31168,0,0,0,3569574,3569574,4426
68180,128,208,994,7,0,31168,0,0,0,3570503,3570503,4426
68196,128,231,994,7,0,31168,0,0,0,3571432,3571432,4426
68211,128,250,994,7,0,31168,0,0,0,3572232,3572232,4426
68228,128,275,994,7,0,31168,0,0,0,3573076,3573076,4426
68244,128,309,994,7,0,31168,0,0,0,3573929,3573929,4426
68259,128,331,994,7,0,31168,0,0,0,3574789,3574789,4426
68276,128,350,994,7,0,31168,0,0,0,3575715,3575715,4426
68291,128,377,994,7,0,31168,0,0,0,3576491,3576491,4426
68307,128,404,994,7,0,31168,0,0,0,3577278,3577278,4426
68323,128,440,994,7,0,31168,0,0,0,3578078,3578078,4426
68339,128,463,994,7,0,31168,0,0,0,3578931,3578931,4426
68354,128,481,994,7,0,31168,0,0,0,3579755,3579755,4426
68370,128,508,994,7,0,31168,0,0,0,3580515,3580515,4426
68385,128,536,994,7,0,31168,0,0,0,3581292,3581292,4426
68400,128,557,994,7,0,31168,0,0,0,3582046,3582046,4426
68416,128,580,994,7,0,31168,0,0,0,3582865,3582865,4426
68432,128,603,994,7,0,31168,0,0,0,3583667,3583667,4426
68447,128,627,994,7,0,31168,0,0,0,3584473,3584473,4426
68463,128,662,994,7,0,31168,0,0,0,3585340,3585340,4426
68479,128,702,994,7,0,31168,0,0,0,3586136,3586136,4426
68496,128,728,994,7,0,31168,0,0,0,3587021,3587021,4426
68511,128,757,994,7,0,31168,0,0,0,3587788,3587788,4426
68528,128,793,994,7,0,31168,0,0,0,3588636,3588636,4426
68544,128,816,994,7,0,31168,0,0,0,3589361,3589361,4426
68559,128,851,994,7,0,31168,0,0,0,3590224,3590224,4426
68575,128,884,994,7,0,31168,0,0,0,3591058,3591058,4426
68591,128,913,994,7,0,31168,0,0,0,3591885,3591885,4426
68607,128,940,994,7,0,31168,0,0,0,3592621,3592621,4426
68622,129,971,994,7,0,31168,0,0,0,3593426,3593426,4426
68639,129,982,994,7,0,31168,0,0,0,3593814,3593814,4426
68654,129,2,994,7,0,31168,0,0,0,3594580,3594580,4426
68669,129,18,994,7,0,31168,0,0,0,3595437,3595437,4426
68685,129,61,994,7,0,31168,0,0,0,3596291,3596291,4426
68701,129,115,994,7,0,31168,0,0,0,3597181,3597181,4426
68716,129,144,994,7,0,31168,0,0,0,3598049,3598049,4426
68733,129,164,994,7,0,31168,0,0,0,3598943,3598943,4426
68749,129,187,994,7,0,31168,0,0,0,3599850,3599850,4426
68765,129,206,994,7,0,31168,0,0,0,3600669,3600669,4426
68781,129,226,994,7,0,31168,0,0,0,3601568,3601568,4426
68798,129,252,995,8,0,31168,0,0,0,3602488,3602488,4427
68814,129,285,995,8,0,31168,0,0,0,3603262,3603262,4427
68831,129,315,995,8,0,31168,0,0,0,3604204,3604204,4427
68846,129,336,995,8,0,31168,0,0,0,3605044,3605044,4427
68862,129,356,995,8,0,31168,0,0,0,3605891,3605891,4427
68878,129,388,995,8,0,31168,0,0,0,3606705,3606705,4427
68893,129,429,995,8,0,31168,0,0,0,3607558,3607558,4427
68909,129,449,995,8,0,31168,0,0,0,3608434,3608434,4427
68926,129,480,995,8,0,31168,0,0,0,3609317,3609317,4427
68942,129,517,995,8,0,31168,0,0,0,3610165,3610165,4427
68957,129,551,995,8,0,31168,0,0,0,3610909,3610909,4427
68973,129,576,995,8,0,31168,0,0,0,3611757,3611757,4427
68988,129,594,995,8,0,31168,0,0,0,3612594,3612594,4427
69004,129,617,995,8,0,31168,0,0,0,3613409,3613409,4427
69019,129,642,995,8,0,31168,0,0,0,3614236,3614236,4427
69035,129,669,995,8,0,31168,0,0,0,3615047,3615047,4427
69050,129,682,995,8,0,31168,0,0,0,3615870,3615870,4427
69065,129,720,995,8,0,31168,0,0,0,3616640,3616640,4427
69081,129,748,995,8,0,31168,0,0,0,3617421,3617421,4427
69097,129,782,995,8,0,31168,0,0,0,3618207,3618207,4427
69115,129,807,995,8,0,31168,0,0,0,3619018,3619018,4427
69132,129,846,995,8,0,31168,0,0,0,3619841,3619841,4427
69147,129,880,995,8,0,31168,0,0,0,3620663,3620663,4427
69163,129,909,995,8,0,31168,0,0,0,3621482,3621482,4427
69178,129,942,995,8,0,31168,0,0,0,3622223,3622223,4427
69194,130,971,995,8,0,31168,0,0,0,3623138,3623138,4427
69210,130,1,995,7,0,31168,0,0,0,3623853,3623853,4427
69226,130,17,995,7,0,31168,0,0,0,3624760,3624760,4427
69242,130,44,995,7,0,31168,0,0,0,3625638,3625638,4427
69258,130,99,995,7,0,31168,0,0,0,3626479,3626479,4427
69273,130,129,995,7,0,31168,0,0,0,3627362,3627362,4427
69289,130,147,995,7,0,31168,0,0,0,3628218,3628218,4427
69305,130,167,995,7,0,31168,0,0,0,3629089,3629089,4427
69322,130,184,995,7,0,31168,0,0,0,3630018,3630018,4427
69337,130,207,995,7,0,31168,0,0,0,3630834,3630834,4427
69353,130,226,995,7,0,31168,0,0,0,3631658,3631658,4427
69368,130,238,995,7,0,31168,0,0,0,3632446,3632446,4427
69383,130,257,995,7,0,31168,0,0,0,3633233,3633233,4427
69398,130,285,995,7,0,31168,0,0,0,3633976,3633976,4427
69414,130,316,995,7,0,31168,0,0,0,3634766,3634766,4427
69430,130,335,995,7,0,31168,0,0,0,3635617,3635617,4427
69446,130,363,995,7,0,31168,0,0,0,3636492,3636492,4427
69462,130,393,995,7,0,31168,0,0,0,3637331,3637331,4427
69478,130,426,995,7,0,31168,0,0,0,3638141,3638141,4427
69493,130,447,995,7,0,31168,0,0,0,3638973,3638973,4427
69509,130,465,995,7,0,31168,0,0,0,3639804,3639804,4427
69525,130,484,995,7,0,31168,0,0,0,3640610,3640610,4427
69541,130,509,995,7,0,31168,0,0,0,3641432,3641432,4427
69557,130,531,995,7,0,31168,0,0,0,3642331,3642331,4427
69572,130,556,995,7,0,31168,0,0,0,3643148,3643148,4427
69588,130,577,995,7,0,31168,0,0,0,3643926,3643926,4427
69603,130,593,995,7,0,31168,0,0,0,3644742,3644742,4427
69619,130,617,995,7,0,31168,0,0,0,3645575,3645575,4427
69635,130,646,995,7,0,31168,0,0,0,3646372,3646372,4427
69652,130,672,995,7,0,31168,0,0,0,3647260,3647260,4427
69668,130,704,995,7,0,31168,0,0,0,3647999,3647999,4427
69684,130,748,995,7,0,31168,0,0,0,3648756,3648756,4427
69700,130,782,995,7,0,31168,0,0,0,3649583,3649583,4427
69715,130,809,995,7,0,31168,0,0,0,3650371,3650371,4427
69730,130,851,995,7,0,31168,0,0,0,3651181,3651181,4427
69746,130,891,995,7,0,31168,0,0,0,3651957,3651957,4427
69762,130,921,995,7,0,31168,0,0,0,3652802,3652802,4427
69778,131,954,995,6,0,31168,0,0,0,3653603,3653603,4427
69794,131,977,995,6,0,31168,0,0,0,3654494,3654494,4427
69810,131,3,995,6,0,31168,0,0,0,3655187,3655187,4427
69826,131,19,995,6,0,31168,0,0,0,3656004,3656004,4427
69842,131,65,995,6,0,31168,0,0,0,3656897,3656897,4427
69857,131,122,995,6,0,31168,0,0,0,3657773,3657773,4427
69873,131,146,995,6,0,31168,0,0,0,3658586,3658586,4427
69889,131,167,995,6,0,31168,0,0,0,3659443,3659443,4427
69905,131,200,995,6,0,31168,0,0,0,3660282,3660282,4427
69920,131,229,995,6,0,31168,0,0,0,3661135,3661135,4427
69935,131,250,995,6,0,31168,0,0,0,3661954,3661954,4427
69951,131,281,995,6,0,31168,0,0,0,3662776,3662776,4427
69967,131,304,995,6,0,31168,0,0,0,3663576,3663576,4427
69982,131,327,995,6,0,31168,0,0,0,3664380,3664380,4427
69997,131,353,995,6,0,31168,0,0,0,3665231,3665231,4427
70013,131,380,995,6,0,31168,0,0,0,3666016,3666016,4427
70028,131,409,995,6,0,31168,0,0,0,3666779,3666779,4427
70044,131,440,995,6,0,31168,0,0,0,3667563,3667563,4427
70060,131,459,995,6,0,31168,0,0,0,3668463,3668463,4427
70076,131,484,995,6,0,31168,0,0,0,3669274,3669274,4427
70091,131,505,995,6,0,31168,0,0,0,3670022,3670022,4427
70107,131,527,995,6,0,31168,0,0,0,3670875,3670875,4427
70122,131,559,995,6,0,31168,0,0,0,3671670,3671670,4427
70138,131,585,995,6,0,31168,0,0,0,3672521,3672521,4427
70153,131,612,995,6,0,31168,0,0,0,3673277,3673277,4427
70168,131,643,995,6,0,31168,0,0,0,3674073,3674073,4427
70184,131,673,995,6,0,31168,0,0,0,3674873,3674873,4427
70200,131,707,995,6,0,31168,0,0,0,3675702,3675702,4427
70216,131,749,995,6,0,31168,0,0,0,3676388,3676388,4427
70231,131,781,995,6,0,31168,0,0,0,3677084,3677084,4427
70247,131,812,995,6,0,31168,0,0,0,3677991,3677991,4427
70262,131,851,995,6,0,31168,0,0,0,3678791,3678791,4427
70278,131,885,996,7,0,31168,0,0,0,3679591,3679591,4427
70293,131,914,996,7,0,31168,0,0,0,3680365,3680365,4427
70308,131,942,996,7,0,31168,0,0,0,3681132,3681132,4427
70337,132,978,996,7,0,31168,0,0,0,3682058,3682058,4427
70353,132,5,996,6,0,31168,0,0,0,3682923,3682923,4427
70369,132,24,996,6,0,31168,0,0,0,3683795,3683795,4427
70385,132,105,996,6,0,31168,0,0,0,3684681,3684681,4427
70400,132,128,996,6,0,31168,0,0,0,3685445,3685445,4427
70416,132,154,996,6,0,31168,0,0,0,3686233,3686233,4427
70431,132,173,996,6,0,31168,0,0,0,3687101,3687101,4427
70446,132,193,996,6,0,31168,0,0,0,3687893,3687893,4427
70462,132,214,996,6,0,31168,0,0,0,3688758,3688758,4427
70478,132,232,996,6,0,31168,0,0,0,3689539,3689539,4427
70495,132,249,996,6,0,31168,0,0,0,3690457,3690457,4427
70510,132,285,996,6,0,31168,0,0,0,3691273,3691273,4427
70527,132,315,996,6,0,31168,0,0,0,3692112,3692112,4427
70542,132,335,996,6,0,31168,0,0,0,3692930,3692930,4427
70557,132,350,996,6,0,31168,0,0,0,3693752,3693752,4427
70574,132,377,996,6,0,31168,0,0,0,3694560,3694560,4427
70590,132,400,996,6,0,31168,0,0,0,3695379,3695379,4427
70606,132,434,996,6,0,31168,0,0,0,3696160,3696160,4427
70621,132,453,996,6,0,31168,0,0,0,3696988,3696988,4427
70636,132,474,996,6,0,31168,0,0,0,3697789,3697789,4427
70652,132,502,996,6,0,31168,0,0,0,3698633,3698633,4427
70668,132,518,996,6,0,31168,0,0,0,3699485,3699485,4427
70684,132,536,996,6,0,31168,0,0,0,3700278,3700278,4427
70700,132,577,996,6,0,31168,0,0,0,3701121,3701121,4427
70717,132,612,996,6,0,31168,0,0,0,3702003,3702003,4427
70732,132,633,996,6,0,31168,0,0,0,3702777,3702777,4427
70749,132,658,996,6,0,31168,0,0,0,3703574,3703574,4427
70765,132,700,996,6,0,31168,0,0,0,3704447,3704447,4427
70782,132,737,996,6,0,31168,0,0,0,3705277,3705277,4427
70798,132,769,996,6,0,31168,0,0,0,3706084,3706084,4427
70813,132,806,996,6,0,31168,0,0,0,3706872,3706872,4427
70829,132,848,996,6,0,31168,0,0,0,3707621,3707621,4427
70846,132,887,996,6,0,31168,0,0,0,3708553,3708553,4427
70862,132,916,996,6,0,31168,0,0,0,3709412,3709412,4427
70878,133,951,996,6,0,31168,0,0,0,3710221,3710221,4427
70895,133,978,996,6,0,31168,0,0,0,3711098,3711098,4427
70910,133,2,996,6,0,31168,0,0,0,3711871,3711871,4427
70926,133,17,996,6,0,31168,0,0,0,3712783,3712783,4427
70941,133,60,996,6,0,31168,0,0,0,3713588,3713588,4427
70956,133,107,996,6,0,31168,0,0,0,3714441,3714441,4427
70973,133,143,996,6,0,31168,0,0,0,3715322,3715322,4427
70989,133,159,996,6,0,31168,0,0,0,3716155,3716155,4427
71004,133,174,996,6,0,31168,0,0,0,3716960,3716960,4427
71020,133,200,996,6,0,31168,0,0,0,3717814,3717814,4427
71035,133,223,996,6,0,31168,0,0,0,3718653,3718653,4427
71051,133,246,996,6,0,31168,0,0,0,3719547,3719547,4427
71067,133,274,996,6,0,31168,0,0,0,3720391,3720391,4427
71082,133,302,996,6,0,31168,0,0,0,3721153,3721153,4427
71098,133,328,996,6,0,31168,0,0,0,3722017,3722017,4427
71113,133,350,996,6,0,31168,0,0,0,3722851,3722851,4427
71128,133,380,996,6,0,31168,0,0,0,3723643,3723643,4427
71144,133,405,996,6,0,31168,0,0,0,3724492,3724492,4427
71159,133,435,996,6,0,31168,0,0,0,3725288,3725288,4427
71175,133,448,996,6,0,31168,0,0,0,3726114,3726114,4427
71191,133,474,996,6,0,31168,0,0,0,3727008,3727008,4427
71207,133,493,996,6,0,31168,0,0,0,3727753,3727753,4427
71222,133,517,996,6,0,31168,0,0,0,3728587,3728587,4427
71237,133,536,996,6,0,31168,0,0,0,3729387,3729387,4427
71255,133,569,996,6,0,31168,0,0,0,3730257,3730257,4427
71271,133,589,996,6,0,31168,0,0,0,3731095,3731095,4427
71287,133,618,996,6,0,31168,0,0,0,3731889,3731889,4427
71302,133,648,996,6,0,31168,0,0,0,3732697,3732697,4427
71319,133,682,996,6,0,31168,0,0,0,3733521,3733521,4427
71334,133,707,996,6,0,31168,0,0,0,3734284,3734284,4427
71350,133,743,996,6,0,31168,0,0,0,3735124,3735124,4427
71366,133,782,996,6,0,31168,0,0,0,3735961,3735961,4427
71382,133,812,996,6,0,31168,0,0,0,3736770,3736770,4427
71398,133,856,996,6,0,31168,0,0,0,3737661,3737661,4427
71415,133,887,996,6,0,31168,0,0,0,3738567,3738567,4427
71430,133,916,996,6,0,31168,0,0,0,3739348,3739348,4427
71446,134,951,996,6,0,31168,0,0,0,3740161,3740161,4427
71466,134,978,996,6,0,31168,0,0,0,3741014,3741014,4427
71481,134,995,996,5,0,31168,0,0,0,3741800,3741800,4427
71497,134,15,996,5,0,31168,0,0,0,3742674,3742674,4427
71513,134,61,996,5,0,31168,0,0,0,3743610,3743610,4427
71530,134,104,996,5,0,31168,0,0,0,3744444,3744444,4427
71546,134,129,996,5,0,31168,0,0,0,3745404,3745404,4427
71563,134,148,996,5,0,31168,0,0,0,3746255,3746255,4427
71578,134,171,996,5,0,31168,0,0,0,3747091,3747091,4427
71595,134,193,996,5,0,31168,0,0,0,3747987,3747987,4427
71611,134,218,996,5,0,31168,0,0,0,3748919,3748919,4427
71627,134,234,996,5,0,31168,0,0,0,3749785,3749785,4427
71643,134,264,996,5,0,31168,0,0,0,3750650,3750650,4427
71658,134,289,996,5,0,31168,0,0,0,3751460,3751460,4427
71674,134,316,996,5,0,31168,0,0,0,3752228,3752228,4427
71690,134,336,996,5,0,31168,0,0,0,3753044,3753044,4427
71705,134,359,996,5,0,31168,0,0,0,3753907,3753907,4427
71720,134,393,996,5,0,31168,0,0,0,3754676,3754676,4427
71736,134,424,996,5,0,31168,0,0,0,3755442,3755442,4427
71751,134,438,996,5,0,31168,0,0,0,3756202,3756202,4427
71768,134,468,996,5,0,31168,0,0,0,3757089,3757089,4427
71784,134,489,996,5,0,31168,0,0,0,3757920,3757920,4427
71800,134,516,996,5,0,31168,0,0,0,3758697,3758697,4427
71817,134,537,996,5,0,31168,0,0,0,3759566,3759566,4427
71833,134,566,996,5,0,31168,0,0,0,3760402,3760402,4427
71848,134,585,996,5,0,31168,0,0,0,3761191,3761191,4427
71864,134,603,996,5,0,31168,0,0,0,3762001,3762001,4427
71879,134,628,997,6,0,31168,0,0,0,3762780,3762780,4428
71894,134,650,997,6,0,31168,0,0,0,3763554,3763554,4428
71911,134,682,997,6,0,31168,0,0,0,3764461,3764461,4428
71926,134,716,997,6,0,31168,0,0,0,3765256,3765256,4428
71944,134,760,997,6,0,31168,0,0,0,3766074,3766074,4428
71959,134,791,997,6,0,31168,0,0,0,3766907,3766907,4428
71975,134,816,997,6,0,31168,0,0,0,3767700,3767700,4428
71990,134,877,997,6,0,31168,0,0,0,3768512,3768512,4428
72005,134,895,997,6,0,31168,0,0,0,3769310,3769310,4428
72020,134,938,997,6,0,31168,0,0,0,3770072,3770072,4428
72035,135,971,997,6,0,31168,0,0,0,3770907,3770907,4428
72051,135,978,997,6,0,31168,0,0,0,3771159,3771159,4428
72068,135,5,997,5,0,31168,0,0,0,3772010,3772010,4428
72083,135,19,997,5,0,31168,0,0,0,3772778,3772778,4428
72098,135,65,997,5,0,31168,0,0,0,3773539,3773539,4428
72114,135,122,997,5,0,31168,0,0,0,3774401,3774401,4428
72129,135,145,997,5,0,31168,0,0,0,3775255,3775255,4428
72144,135,163,997,5,0,31168,0,0,0,3776066,3776066,4428
72160,135,182,997,5,0,31168,0,0,0,3776910,3776910,4428
72175,135,200,997,5,0,31168,0,0,0,3777732,3777732,4428
72191,135,221,997,5,0,31168,0,0,0,3778593,3778593,4428
72206,135,245,997,5,0,31168,0,0,0,3779421,3779421,4428
72223,135,289,997,5,0,31168,0,0,0,3780295,3780295,4428
72239,135,312,997,5,0,31168,0,0,0,3781094,3781094,4428
72254,135,333,997,5,0,31168,0,0,0,3781948,3781948,4428
72269,135,357,997,5,0,31168,0,0,0,3782748,3782748,4428
72285,135,388,997,5,0,31168,0,0,0,3783513,3783513,4428
72302,135,412,997,5,0,31168,0,0,0,3784354,3784354,4428
72317,135,436,997,5,0,31168,0,0,0,3785166,3785166,4428
72332,135,451,997,5,0,31168,0,0,0,3785946,3785946,4428
72347,135,477,997,5,0,31168,0,0,0,3786766,3786766,4428
72364,135,505,997,5,0,31168,0,0,0,3787598,3787598,4428
72380,135,531,997,5,0,31168,0,0,0,3788421,3788421,4428
72396,135,556,997,5,0,31168,0,0,0,3789232,3789232,4428
72411,135,579,997,5,0,31168,0,0,0,3790024,3790024,4428
72427,135,600,997,5,0,31168,0,0,0,3790819,3790819,4428
72442,135,617,997,5,0,31168,0,0,0,3791536,3791536,4428
72459,135,653,997,5,0,31168,0,0,0,3792387,3792387,4428
72474,135,674,997,5,0,31168,0,0,0,3793202,3793202,4428
72490,135,704,997,5,0,31168,0,0,0,3794036,3794036,4428
72506,135,734,997,5,0,31168,0,0,0,3794843,3794843,4428
72522,135,760,997,5,0,31168,0,0,0,3795668,3795668,4428
72538,135,791,997,5,0,31168,0,0,0,3796486,3796486,4428
72554,135,817,997,5,0,31168,0,0,0,3797372,3797372,4428
72570,135,850,997,5,0,31168,0,0,0,3798145,3798145,4428
72587,135,880,997,5,0,31168,0,0,0,3799034,3799034,4428
72603,135,900,997,5,0,31168,0,0,0,3799822,3799822,4428
72618,135,931,997,5,0,31168,0,0,0,3800554,3800554,4428
72634,136,955,997,5,0,31168,0,0,0,3801402,3801402,4428
72657,136,978,997,5,0,31168,0,0,0,3802117,3802117,4428
72673,136,1,997,5,0,31168,0,0,0,3802879,3802879,4428
72688,136,21,997,5,0,31168,0,0,0,3803764,3803764,4428
72704,136,62,997,5,0,31168,0,0,0,3804596,3804596,4428
72719,136,129,997,5,0,31168,0,0,0,3805469,3805469,4428
72734,136,149,997,5,0,31168,0,0,0,3806291,3806291,4428
72751,136,167,997,5,0,31168,0,0,0,3807202,3807202,4428
72766,136,186,997,5,0,31168,0,0,0,3808046,3808046,4428
72781,136,206,997,5,0,31168,0,0,0,3808832,3808832,4428
72796,136,229,998,6,0,31168,0,0,0,3809646,3809646,4428
72811,136,252,998,6,0,31168,0,0,0,3810461,3810461,4428
72828,136,282,998,6,0,31168,0,0,0,3811314,3811314,4428
72844,136,309,998,6,0,31168,0,0,0,3812114,3812114,4428
72859,136,328,998,6,0,31168,0,0,0,3812885,3812885,4428
72875,136,340,998,6,0,31168,0,0,0,3813697,3813697,4428
72890,136,366,998,6,0,31168,0,0,0,3814496,3814496,4428
72906,136,398,998,6,0,31168,0,0,0,3815297,3815297,4428
72921,136,429,998,6,0,31168,0,0,0,3816106,3816106,4428
72937,136,444,998,6,0,31168,0,0,0,3816934,3816934,4428
72954,136,465,998,6,0,31168,0,0,0,3817825,3817825,4428
72970,136,487,998,6,0,31168,0,0,0,3818715,3818715,4428
72986,136,514,998,6,0,31168,0,0,0,3819445,3819445,4428
73002,136,532,998,6,0,31168,0,0,0,3820261,3820261,4428
73018,136,563,998,6,0,31168,0,0,0,3821066,3821066,4428
73034,136,587,998,6,0,31168,0,0,0,3821924,3821924,4428
73051,136,613,998,6,0,31168,0,0,0,3822814,3822814,4428
73068,136,636,998,6,0,31168,0,0,0,3823634,3823634,4428
73084,136,673,998,6,0,31168,0,0,0,3824462,3824462,4428
73100,136,704,998,6,0,31168,0,0,0,3825227,3825227,4428
73116,136,735,998,6,0,31168,0,0,0,3826018,3826018,4428
73131,136,763,998,6,0,31168,0,0,0,3826754,3826754,4428
73146,136,781,998,6,0,31168,0,0,0,3827386,3827386,4428
73162,136,806,998,6,0,31168,0,0,0,3828131,3828131,4428
73179,136,847,998,6,0,31168,0,0,0,3828962,3828962,4428
73194,136,880,998,6,0,31168,0,0,0,3829761,3829761,4428
73209,136,907,998,6,0,31168,0,0,0,3830577,3830577,4428
73226,136,936,998,6,0,31168,0,0,0,3831412,3831412,4428
73241,137,959,998,6,0,31168,0,0,0,3832208,3832208,4428
73265,137,978,998,6,0,31168,0,0,0,3832843,3832843,4428
73282,137,3,998,6,0,31168,0,0,0,3833628,3833628,4428
73297,137,23,998,6,0,31168,0,0,0,3834474,3834474,4428
73312,137,107,998,6,0,31168,0,0,0,3835327,3835327,4428
73329,137,128,998,6,0,31168,0,0,0,3836287,3836287,4428
73344,137,150,998,6,0,31168,0,0,0,3837080,3837080,4428
73359,137,168,998,6,0,31168,0,0,0,3837869,3837869,4428
73375,137,182,998,6,0,31168,0,0,0,3838698,3838698,4428
73391,137,197,998,6,0,31168,0,0,0,3839532,3839532,4428
73408,137,219,998,6,0,31168,0,0,0,3840348,3840348,4428
73423,137,233,998,6,0,31168,0,0,0,3841132,3841132,4428
73439,137,257,998,6,0,31168,0,0,0,3841999,3841999,4428
73455,137,281,998,6,0,31168,0,0,0,3842849,3842849,4428
73470,137,309,998,6,0,31168,0,0,0,3843725,3843725,4428
73487,137,332,998,6,0,31168,0,0,0,3844633,3844633,4428
73503,137,357,998,6,0,31168,0,0,0,3845547,3845547,4428
73520,137,388,998,6,0,31168,0,0,0,3846353,3846353,4428
73535,137,417,998,6,0,31168,0,0,0,3847108,3847108,4428
73551,137,441,998,6,0,31168,0,0,0,3847952,3847952,4428
73567,137,463,998,6,0,31168,0,0,0,3848825,3848825,4428
73583,137,478,998,6,0,31168,0,0,0,3849673,3849673,4428
73598,137,505,998,6,0,31168,0,0,0,3850432,3850432,4428
73613,137,533,998,6,0,31168,0,0,0,3851189,3851189,4428
73628,137,567,998,6,0,31168,0,0,0,3851986,3851986,4428
73644,137,593,998,6,0,31168,0,0,0,3852724,3852724,4428
73659,137,615,998,6,0,31168,0,0,0,3853541,3853541,4428
73675,137,644,998,6,0,31168,0,0,0,3854327,3854327,4428
73690,137,674,998,6,0,31168,0,0,0,3855059,3855059,4428
73706,137,707,998,6,0,31168,0,0,0,3855836,3855836,4428
73721,137,743,998,6,0,31168,0,0,0,3856628,3856628,4428
73736,137,767,998,6,0,31168,0,0,0,3857339,3857339,4428
73752,137,793,998,6,0,31168,0,0,0,3858158,3858158,4428
73767,137,832,998,6,0,31168,0,0,0,3858985,3858985,4428
73783,137,861,998,6,0,31168,0,0,0,3859810,3859810,4428
73799,137,890,998,6,0,31168,0,0,0,3860649,3860649,4428
73815,137,911,998,6,0,31168,0,0,0,3861467,3861467,4428
73830,138,956,998,6,0,31168,0,0,0,3862300,3862300,4428
73845,138,990,998,6,0,31168,0,0,0,3863071,3863071,4428
73861,138,14,998,6,0,31168,0,0,0,3863943,3863943,4428
73877,138,61,998,6,0,31168,0,0,0,3864863,3864863,4428
73892,138,118,998,6,0,31168,0,0,0,3865705,3865705,4428
73907,138,145,998,6,0,31168,0,0,0,3866538,3866538,4428
73924,138,161,998,6,0,31168,0,0,0,3867416,3867416,4428
73939,138,180,998,6,0,31168,0,0,0,3868284,3868284,4428
73955,138,194,998,6,0,31168,0,0,0,3869134,3869134,4428
73971,138,214,998,6,0,31168,0,0,0,3869980,3869980,4428
73987,138,233,998,6,0,31168,0,0,0,3870791,3870791,4428
74003,138,257,998,6,0,31168,0,0,0,3871611,3871611,4428
74019,138,282,998,6,0,31168,0,0,0,3872482,3872482,4428
74035,138,313,998,6,0,31168,0,0,0,3873316,3873316,4428
74051,138,332,998,6,0,31168,0,0,0,3874161,3874161,4428
74067,138,350,998,6,0,31168,0,0,0,3875032,3875032,4428
74082,138,375,998,6,0,31168,0,0,0,3875751,3875751,4428
74097,138,398,998,6,0,31168,0,0,0,3876538,3876538,4428
74113,138,431,998,6,0,31168,0,0,0,3877325,3877325,4428
74128,138,451,998,6,0,31168,0,0,0,3878151,3878151,4428
74146,138,477,998,6,0,31168,0,0,0,3879042,3879042,4428
74162,138,505,998,6,0,31168,0,0,0,3879858,3879858,4428
74178,138,531,998,6,0,31168,0,0,0,3880712,3880712,4428
74193,138,562,998,6,0,31168,0,0,0,3881478,3881478,4428
74210,138,585,998,6,0,31168,0,0,0,3882307,3882307,4428
74226,138,608,998,6,0,31168,0,0,0,3883116,3883116,4428
74242,138,628,998,6,0,31168,0,0,0,3883907,3883907,4428
74259,138,662,998,6,0,31168,0,0,0,3884773,3884773,4428
74275,138,689,998,6,0,31168,0,0,0,3885595,3885595,4428
74291,138,734,998,6,0,31168,0,0,0,3886393,3886393,4428
74306,138,764,998,6,0,31168,0,0,0,3887228,3887228,4428
74323,138,795,998,6,0,31168,0,0,0,3888082,3888082,4428
74339,138,820,998,6,0,31168,0,0,0,3888955,3888955,4428
74355,138,860,998,6,0,31168,0,0,0,3889801,3889801,4428
74371,138,893,998,6,0,31168,0,0,0,3890692,3890692,4428
74388,138,931,998,6,0,31168,0,0,0,3891603,3891603,4428
74403,139,956,998,6,0,31168,0,0,0,3892405,3892405,4428
74419,139,988,998,6,0,31168,0,0,0,3893164,3893164,4428
74435,139,9,998,6,0,31168,0,0,0,3894018,3894018,4428
74450,139,31,998,6,0,31168,0,0,0,3894845,3894845,4428
74466,139,105,998,6,0,31168,0,0,0,3895647,3895647,4428
74481,139,128,998,6,0,31168,0,0,0,3896479,3896479,4428
74497,139,143,998,6,0,31168,0,0,0,3897302,3897302,4428
74512,139,161,998,6,0,31168,0,0,0,3898089,3898089,4428
74527,139,180,998,6,0,31168,0,0,0,3898899,3898899,4428
74543,139,200,998,6,0,31168,0,0,0,3899724,3899724,4428
74559,139,230,998,6,0,31168,0,0,0,3900573,3900573,4428
74574,139,249,998,6,0,31168,0,0,0,3901392,3901392,4428
74589,139,275,998,6,0,31168,0,0,0,3902204,3902204,4428
74605,139,315,998,6,0,31168,0,0,0,3903048,3903048,4428
74622,139,333,998,6,0,31168,0,0,0,3903809,3903809,4428
74637,139,359,998,6,0,31168,0,0,0,3904623,3904623,4428
74653,139,389,998,6,0,31168,0,0,0,3905414,3905414,4428
74668,139,424,998,6,0,31168,0,0,0,3906171,3906171,4428
74684,139,442,998,6,0,31168,0,0,0,3907003,3907003,4428
74699,139,459,998,6,0,31168,0,0,0,3907847,3907847,4428
74714,139,478,998,6,0,31168,0,0,0,3908625,3908625,4428
74729,139,504,998,6,0,31168,0,0,0,3909412,3909412,4428
74744,139,533,998,6,0,31168,0,0,0,3910165,3910165,4428
74760,139,557,998,6,0,31168,0,0,0,3910940,3910940,4428
74775,139,576,998,6,0,31168,0,0,0,3911778,3911778,4428
74792,139,596,998,6,0,31168,0,0,0,3912618,3912618,4428
74807,139,613,998,6,0,31168,0,0,0,3913309,3913309,4428
74823,139,650,998,6,0,31168,0,0,0,3914134,3914134,4428
74839,139,697,998,6,0,31168,0,0,0,3914980,3914980,4428
74854,139,728,998,6,0,31168,0,0,0,3915794,3915794,4428
74870,139,759,998,6,0,31168,0,0,0,3916565,3916565,4428
74886,139,798,998,6,0,31168,0,0,0,3917396,3917396,4428
74901,139,817,998,6,0,31168,0,0,0,3918145,3918145,4428
74916,139,861,999,7,0,31168,0,0,0,3918951,3918951,4428
74932,139,885,999,7,0,31168,0,0,0,3919752,3919752,4428
74948,139,914,999,7,0,31168,0,0,0,3920528,3920528,4428
74963,140,955,999,7,0,31168,0,0,0,3921332,3921332,4428
74978,140,982,999,7,0,31168,0,0,0,3922000,3922000,4428
74993,140,5,999,7,0,31168,0,0,0,3922834,3922834,4428
75010,140,21,999,7,0,31168,0,0,0,3923670,3923670,4428
75026,140,100,999,7,0,31168,0,0,0,3924561,3924561,4428
75043,140,116,999,7,0,31168,0,0,0,3925464,3925464,4428
75059,140,142,999,7,0,31168,0,0,0,3926302,3926302,4428
75075,140,157,999,7,0,31168,0,0,0,3927112,3927112,4428
75091,140,172,999,7,0,31168,0,0,0,3927960,3927960,4428
75106,140,189,999,7,0,31168,0,0,0,3928795,3928795,4428
75121,140,219,999,7,0,31168,0,0,0,3929707,3929707,4428
75138,140,239,999,7,0,31168,0,0,0,3930612,3930612,4428
75153,140,265,999,7,0,31168,0,0,0,3931456,3931456,4428
75168,140,298,999,7,0,31168,0,0,0,3932237,3932237,4428
75184,140,317,999,7,0,31168,0,0,0,3933050,3933050,4428
75200,140,338,999,7,0,31168,0,0,0,3933953,3933953,4428
75216,140,366,999,7,0,31168,0,0,0,3934798,3934798,4428
75233,140,397,999,7,0,31168,0,0,0,3935637,3935637,4428
75248,140,434,999,7,0,31168,0,0,0,3936455,3936455,4428
75265,140,453,999,7,0,31168,0,0,0,3937262,3937262,4428
75280,140,477,999,7,0,31168,0,0,0,3938030,3938030,4428
75296,140,494,999,7,0,31168,0,0,0,3938801,3938801,4428
75311,140,524,999,7,0,31168,0,0,0,3939580,3939580,4428
75326,140,551,999,7,0,31168,0,0,0,3940313,3940313,4428
75343,140,590,999,7,0,31168,0,0,0,3941138,3941138,4428
75358,140,608,999,7,0,31168,0,0,0,3941887,3941887,4428
75376,140,645,999,7,0,31168,0,0,0,3942743,3942743,4428
75392,140,679,999,7,0,31168,0,0,0,3943661,3943661,4428
75408,140,721,999,7,0,31168,0,0,0,3944476,3944476,4428
75424,140,748,999,7,0,31168,0,0,0,3945278,3945278,4428
75439,140,783,999,7,0,31168,0,0,0,3945996,3945996,4428
75454,140,803,999,7,0,31168,0,0,0,3946727,3946727,4428
75471,140,832,999,7,0,31168,0,0,0,3947630,3947630,4428
75487,140,873,999,7,0,31168,0,0,0,3948429,3948429,4428
75504,140,895,999,7,0,31168,0,0,0,3949310,3949310,4428
75519,140,931,999,7,0,31168,0,0,0,3950088,3950088,4428
75534,141,955,999,7,0,31168,0,0,0,3950909,3950909,4428
75549,141,984,999,7,0,31168,0,0,0,3951696,3951696,4428
75565,141,4,999,7,0,31168,0,0,0,3952519,3952519,4428
75580,141,26,999,7,0,31168,0,0,0,3953308,3953308,4428
75595,141,94,999,7,0,31168,0,0,0,3954088,3954088,4428
75610,141,121,999,7,0,31168,0,0,0,3954857,3954857,4428
75625,141,142,999,7,0,31168,0,0,0,3955751,3955751,4428
75640,141,160,999,7,0,31168,0,0,0,3956539,3956539,4428
75656,141,180,999,7,0,31168,0,0,0,3957379,3957379,4428
75671,141,197,999,7,0,31168,0,0,0,3958262,3958262,4428
75687,141,229,999,7,0,31168,0,0,0,3959143,3959143,4428
75703,141,245,999,7,0,31168,0,0,0,3959974,3959974,4428
75719,141,268,999,7,0,31168,0,0,0,3960838,3960838,4428
75735,141,302,999,7,0,31168,0,0,0,3961662,3961662,4428
75751,141,324,999,7,0,31168,0,0,0,3962495,3962495,4428
75766,141,340,999,7,0,31168,0,0,0,3963314,3963314,4428
75781,141,357,999,7,0,31168,0,0,0,3964127,3964127,4428
75798,141,384,999,7,0,31168,0,0,0,3964957,3964957,4428
75814,141,404,999,7,0,31168,0,0,0,3965773,3965773,4428
75829,141,431,999,7,0,31168,0,0,0,3966540,3966540,4428
75844,141,450,999,7,0,31168,0,0,0,3967321,3967321,4428
75860,141,468,999,7,0,31168,0,0,0,3968136,3968136,4428
75877,141,492,999,7,0,31168,0,0,0,3968938,3968938,4428
75893,141,519,1000,8,0,31168,0,0,0,3969783,3969783,4428
75909,141,541,1000,8,0,31168,0,0,0,3970556,3970556,4428
75924,141,567,1000,8,0,31168,0,0,0,3971310,3971310,4428
75940,141,591,1000,8,0,31168,0,0,0,3972179,3972179,4428
75956,141,617,1000,8,0,31168,0,0,0,3973007,3973007,4428
75973,141,655,1000,8,0,31168,0,0,0,3973891,3973891,4428
75990,141,685,1000,8,0,31168,0,0,0,3974791,3974791,4428
76006,141,716,1000,8,0,31168,0,0,0,3975582,3975582,4428
76021,141,751,1000,8,0,31168,0,0,0,3976302,3976302,4428
76037,141,782,1000,8,0,31168,0,0,0,3977074,3977074,4428
76052,141,812,1001,9,0,31168,0,0,0,3977848,3977848,4428
76069,141,836,1001,9,0,31168,0,0,0,3978705,3978705,4428
76085,141,873,1001,9,0,31168,0,0,0,3979492,3979492,4428
76102,141,895,1001,9,0,31168,0,0,0,3980350,3980350,4428
76118,141,937,1001,9,0,31168,0,0,0,3981149,3981149,4428
76133,142,971,1001,9,0,31168,0,0,0,3981977,3981977,4428
76150,142,990,1001,8,0,31168,0,0,0,3982527,3982527,4428
76165,142,7,1001,6,0,31168,0,0,0,3983378,3983378,4428
76181,142,23,1001,6,0,31168,0,0,0,3984170,3984170,4428
76196,142,99,1001,6,0,31168,0,0,0,3984925,3984925,4428
76211,142,115,1001,6,0,31168,0,0,0,3985811,3985811,4428
76227,142,144,1001,6,0,31168,0,0,0,3986633,3986633,4428
76244,142,167,1001,6,0,31168,0,0,0,3987541,3987541,4428
76260,142,186,1001,6,0,31168,0,0,0,3988364,3988364,4428
76276,142,209,1001,6,0,31168,0,0,0,3989278,3989278,4428
76292,142,229,1001,6,0,31168,0,0,0,3990077,3990077,4428
76307,142,241,1001,6,0,31168,0,0,0,3990901,3990901,4428
76323,142,271,1001,6,0,31168,0,0,0,3991651,3991651,4428
76338,142,301,1001,6,0,31168,0,0,0,3992382,3992382,4428
76353,142,327,1001,6,0,31168,0,0,0,3993154,3993154,4428
76369,142,339,1001,6,0,31168,0,0,0,3993932,3993932,4428
76385,142,355,1001,6,0,31168,0,0,0,3994678,3994678,4428
76400,142,379,1001,6,0,31168,0,0,0,3995455,3995455,4428
76415,142,398,1001,6,0,31168,0,0,0,3996199,3996199,4428
76431,142,424,1001,6,0,31168,0,0,0,3996972,3996972,4428
76446,142,440,1001,6,0,31168,0,0,0,3997710,3997710,4428
76462,142,464,1001,6,0,31168,0,0,0,3998600,3998600,4428
76477,142,484,1001,6,0,31168,0,0,0,3999365,3999365,4428
76492,142,505,1001,6,0,31168,0,0,0,4000060,4000060,4428
76508,142,525,1001,6,0,31168,0,0,0,4000879,4000879,4428
76523,142,550,1001,6,0,31168,0,0,0,4001657,4001657,4428
76539,142,574,1001,6,0,31168,0,0,0,4002481,4002481,4428
76555,142,599,1001,6,0,31168,0,0,0,4003274,4003274,4428
76570,142,621,1001,6,0,31168,0,0,0,4003998,4003998,4428
76587,142,658,1001,6,0,31168,0,0,0,4004792,4004792,4428
76602,142,682,1001,6,0,31168,0,0,0,4005559,4005559,4428
76618,142,707,1001,6,0,31168,0,0,0,4006330,4006330,4428
76633,142,741,1001,6,0,31168,0,0,0,4007050,4007050,4428
76648,142,771,1001,6,0,31168,0,0,0,4007801,4007801,4428
76663,142,798,1001,6,0,31168,0,0,0,4008519,4008519,4428
76679,142,836,1001,6,0,31168,0,0,0,4009271,4009271,4428
76695,142,885,1001,6,0,31168,0,0,0,4010142,4010142,4428
76712,142,910,1001,6,0,31168,0,0,0,4010917,4010917,4428
76727,143,953,1001,6,0,31168,0,0,0,4011694,4011694,4428
76755,143,978,1001,6,0,31168,0,0,0,4012485,4012485,4428
76772,143,996,1001,6,0,31168,0,0,0,4013323,4013323,4428
76787,143,13,1001,6,0,31168,0,0,0,4014213,4014213,4428
76803,143,35,1001,6,0,31168,0,0,0,4014988,4014988,4428
76819,143,103,1001,6,0,31168,0,0,0,4015822,4015822,4428
76834,143,129,1001,6,0,31168,0,0,0,4016688,4016688,4428
76849,143,149,1001,6,0,31168,0,0,0,4017507,4017507,4428
76865,143,170,1001,6,0,31168,0,0,0,4018327,4018327,4428
76880,143,191,1001,6,0,31168,0,0,0,4019150,4019150,4428
76896,143,212,1001,6,0,31168,0,0,0,4019989,4019989,4428
76912,143,231,1001,6,0,31168,0,0,0,4020861,4020861,4428
76929,143,260,1001,6,0,31168,0,0,0,4021720,4021720,4428
76945,143,292,1001,6,0,31168,0,0,0,4022608,4022608,4428
76962,143,316,1001,6,0,31168,0,0,0,4023474,4023474,4428
76978,143,331,1001,6,0,31168,0,0,0,4024272,4024272,4428
76994,143,357,1001,6,0,31168,0,0,0,4025107,4025107,4428
77010,143,389,1001,6,0,31168,0,0,0,4025986,4025986,4428
77026,143,406,1001,6,0,31168,0,0,0,4026761,4026761,4428
77042,143,441,1001,6,0,31168,0,0,0,4027652,4027652,4428
77058,143,464,1001,6,0,31168,0,0,0,4028569,4028569,4428
77075,143,489,1001,6,0,31168,0,0,0,4029457,4029457,4428
77091,143,517,1001,6,0,31168,0,0,0,4030271,4030271,4428
77106,143,538,1001,6,0,31168,0,0,0,4031059,4031059,4428
77123,143,570,1001,6,0,31168,0,0,0,4031957,4031957,4428
77139,143,600,1001,6,0,31168,0,0,0,4032832,4032832,4428
77154,143,633,1001,6,0,31168,0,0,0,4033622,4033622,4428
77169,143,662,1001,6,0,31168,0,0,0,4034395,4034395,4428
77184,143,707,1001,6,0,31168,0,0,0,4035174,4035174,4428
77201,143,748,1001,6,0,31168,0,0,0,4035968,4035968,4428
77217,143,781,1001,6,0,31168,0,0,0,4036737,4036737,4428
77232,143,798,1001,6,0,31168,0,0,0,4037423,4037423,4428
77248,143,832,1001,6,0,31168,0,0,0,4038265,4038265,4428
77263,143,860,1002,7,0,31168,0,0,0,4039058,4039058,4428
77280,143,893,1002,7,0,31168,0,0,0,4039893,4039893,4428
77295,143,921,1002,7,0,31168,0,0,0,4040661,4040661,4428
77311,144,956,1002,7,0,31168,0,0,0,4041556,4041556,4428
77327,144,984,1002,7,0,31168,0,0,0,4042137,4042137,4428
77342,144,1,1002,7,0,31168,0,0,0,4042931,4042931,4428
77358,144,18,1002,7,0,31168,0,0,0,4043788,4043788,4428
77375,144,65,1002,7,0,31168,0,0,0,4044697,4044697,4428
77391,144,115,1002,7,0,31168,0,0,0,4045562,4045562,4428
77406,144,140,1002,7,0,31168,0,0,0,4046447,4046447,4428
77422,144,158,1002,7,0,31168,0,0,0,4047218,4047218,4428
77437,144,175,1002,7,0,31168,0,0,0,4048065,4048065,4428
77453,144,194,1002,7,0,31168,0,0,0,4048863,4048863,4428
77469,144,218,1002,7,0,31168,0,0,0,4049783,4049783,4428
77484,144,232,1002,7,0,31168,0,0,0,4050555,4050555,4428
77501,144,252,1002,7,0,31168,0,0,0,4051406,4051406,4428
77517,144,285,1002,7,0,31168,0,0,0,4052213,4052213,4428
77534,144,315,1002,7,0,31168,0,0,0,4053056,4053056,4428
77550,144,334,1002,7,0,31168,0,0,0,4053840,4053840,4428
77566,144,350,1002,7,0,31168,0,0,0,4054716,4054716,4428
77583,144,370,1002,7,0,31168,0,0,0,4055522,4055522,4428
77598,144,395,1002,7,0,31168,0,0,0,4056325,4056325,4428
77614,144,428,1002,7,0,31168,0,0,0,4057136,4057136,4428
77630,144,444,1002,7,0,31168,0,0,0,4057999,4057999,4428
77646,144,473,1002,7,0,31168,0,0,0,4058874,4058874,4428
77661,144,499,1002,7,0,31168,0,0,0,4059678,4059678,4428
77676,144,524,1002,7,0,31168,0,0,0,4060441,4060441,4428
77693,144,553,1002,7,0,31168,0,0,0,4061291,4061291,4428
77708,144,576,1002,7,0,31168,0,0,0,4062082,4062082,4428
77723,144,600,1002,7,0,31168,0,0,0,4062902,4062902,4428
77739,144,618,1002,7,0,31168,0,0,0,4063596,4063596,4428
77755,144,655,1002,7,0,31168,0,0,0,4064459,4064459,4428
77770,144,679,1002,7,0,31168,0,0,0,4065248,4065248,4428
77786,144,707,1002,7,0,31168,0,0,0,4066015,4066015,4428
77803,144,759,1002,7,0,31168,0,0,0,4066851,4066851,4428
77818,144,783,1002,7,0,31168,0,0,0,4067606,4067606,4428
77833,144,812,1002,7,0,31168,0,0,0,4068430,4068430,4428
77849,144,856,1002,7,0,31168,0,0,0,4069241,4069241,4428
77864,144,881,1002,7,0,31168,0,0,0,4070058,4070058,4428
77879,144,906,1002,7,0,31168,0,0,0,4070848,4070848,4428
77895,144,931,1002,7,0,31168,0,0,0,4071697,4071697,4428
77911,145,959,1002,7,0,31168,0,0,0,4072506,4072506,4428
77928,145,990,1002,7,0,31168,0,0,0,4073212,4073212,4428
77944,145,8,1002,7,0,31168,0,0,0,4074051,4074051,4428
77960,145,30,1002,7,0,31168,0,0,0,4074910,4074910,4428
77976,145,75,1002,7,0,31168,0,0,0,4075770,4075770,4428
77992,145,122,1002,7,0,31168,0,0,0,4076597,4076597,4428
78007,145,149,1002,7,0,31168,0,0,0,4077455,4077455,4428
78022,145,167,1002,7,0,31168,0,0,0,4078233,4078233,4428
78037,145,186,1002,7,0,31168,0,0,0,4079045,4079045,4428
78054,145,208,1002,7,0,31168,0,0,0,4079859,4079859,4428
78070,145,229,1002,7,0,31168,0,0,0,4080731,4080731,4428
78087,145,255,1002,7,0,31168,0,0,0,4081557,4081557,4428
78102,145,300,1002,7,0,31168,0,0,0,4082325,4082325,4428
78118,145,317,1002,7,0,31168,0,0,0,4083139,4083139,4428
78133,145,338,1002,7,0,31168,0,0,0,4083951,4083951,4428
78148,145,357,1002,7,0,31168,0,0,0,4084790,4084790,4428
78164,145,380,1002,7,0,31168,0,0,0,4085579,4085579,4428
78179,145,403,1002,7,0,31168,0,0,0,4086386,4086386,4428
78195,145,430,1002,7,0,31168,0,0,0,4087243,4087243,4428
78211,145,446,1002,7,0,31168,0,0,0,4088039,4088039,4428
78227,145,474,1002,7,0,31168,0,0,0,4088878,4088878,4428
78242,145,492,1002,7,0,31168,0,0,0,4089641,4089641,4428
78259,145,519,1002,7,0,31168,0,0,0,4090428,4090428,4428
78274,145,550,1002,7,0,31168,0,0,0,4091249,4091249,4428
78289,145,580,1002,7,0,31168,0,0,0,4092045,4092045,4428
78304,145,610,1002,7,0,31168,0,0,0,4092766,4092766,4428
78319,145,635,1002,7,0,31168,0,0,0,4093473,4093473,4428
78334,145,665,1002,7,0,31168,0,0,0,4094258,4094258,4428
78351,145,696,1002,7,0,31168,0,0,0,4095117,4095117,4428
78366,145,735,1002,7,0,31168,0,0,0,4095880,4095880,4428
78382,145,763,1002,7,0,31168,0,0,0,4096615,4096615,4428
78398,145,794,1002,7,0,31168,0,0,0,4097493,4097493,4428
78413,145,832,1003,8,0,31168,0,0,0,4098314,4098314,4430
78429,145,862,1003,8,0,31168,0,0,0,4099169,4099169,4430
78445,145,895,1003,8,0,31168,0,0,0,4099991,4099991,4430
78460,145,931,1003,8,0,31168,0,0,0,4100746,4100746,4430
78476,146,958,1003,8,0,31168,0,0,0,4101554,4101554,4430
78493,146,978,1003,8,0,31168,0,0,0,4102062,4102062,4430
78510,146,1000,1003,7,0,31168,0,0,0,4102940,4102940,4430
78525,146,16,1003,6,0,31168,0,0,0,4103760,4103760,4430
78540,146,56,1003,6,0,31168,0,0,0,4104573,4104573,4430
78555,146,105,1003,6,0,31168,0,0,0,4105407,4105407,4430
78571,146,131,1003,6,0,31168,0,0,0,4106233,4106233,4430
78586,146,149,1003,6,0,31168,0,0,0,4107077,4107077,4430
78603,146,170,1003,6,0,31168,0,0,0,4107935,4107935,4430
78619,146,194,1003,6,0,31168,0,0,0,4108747,4108747,4430
78635,146,218,1003,6,0,31168,0,0,0,4109670,4109670,4430
78650,146,236,1003,6,0,31168,0,0,0,4110471,4110471,4430
78666,146,259,1003,6,0,31168,0,0,0,4111357,4111357,4430
78681,146,283,1003,6,0,31168,0,0,0,4112176,4112176,4430
78696,146,302,1003,6,0,31168,0,0,0,4112943,4112943,4430
78711,146,323,1003,6,0,31168,0,0,0,4113796,4113796,4430
78726,146,343,1003,6,0,31168,0,0,0,4114585,4114585,4430
78743,146,366,1003,6,0,31168,0,0,0,4115510,4115510,4430
78759,146,397,1003,6,0,31168,0,0,0,4116326,4116326,4430
78776,146,428,1003,6,0,31168,0,0,0,4117190,4117190,4430
78792,146,450,1003,6,0,31168,0,0,0,4117995,4117995,4430
78808,146,477,1003,6,0,31168,0,0,0,4118860,4118860,4430
78825,146,502,1003,6,0,31168,0,0,0,4119696,4119696,4430
78840,146,531,1003,6,0,31168,0,0,0,4120489,4120489,4430
78856,146,556,1003,6,0,31168,0,0,0,4121278,4121278,4430
78871,146,576,1003,6,0,31168,0,0,0,4122068,4122068,4430
78887,146,601,1003,6,0,31168,0,0,0,4122945,4122945,4430
78902,146,620,1003,6,0,31168,0,0,0,4123711,4123711,4430
78918,146,653,1003,6,0,31168,0,0,0,4124524,4124524,4430
78934,146,696,1003,6,0,31168,0,0,0,4125397,4125397,4430
78950,146,735,1003,6,0,31168,0,0,0,4126177,4126177,4430
78966,146,771,1003,6,0,31168,0,0,0,4126952,4126952,4430
78982,146,803,1003,6,0,31168,0,0,0,4127816,4127816,4430
78998,146,845,1003,6,0,31168,0,0,0,4128606,4128606,4430
79015,146,873,1003,6,0,31168,0,0,0,4129466,4129466,4430
79032,146,893,1003,6,0,31168,0,0,0,4130378,4130378,4430
79048,146,935,1003,6,0,31168,0,0,0,4131200,4131200,4430
79064,147,955,1003,6,0,31168,0,0,0,4132031,4132031,4430
79079,147,982,1003,6,0,31168,0,0,0,4132725,4132725,4430
79094,147,0,1003,6,0,31168,0,0,0,4133487,4133487,4430
79110,147,21,1003,6,0,31168,0,0,0,4134386,4134386,4430
79125,147,65,1003,6,0,31168,0,0,0,4135207,4135207,4430
79141,147,125,1003,6,0,31168,0,0,0,4136112,4136112,4430
79157,147,147,1003,6,0,31168,0,0,0,4136867,4136867,4430
79173,147,168,1003,6,0,31168,0,0,0,4137795,4137795,4430
79188,147,192,1003,6,0,31168,0,0,0,4138628,4138628,4430
79204,147,221,1003,6,0,31168,0,0,0,4139524,4139524,4430
79220,147,238,1003,6,0,31168,0,0,0,4140419,4140419,4430
79235,147,259,1003,6,0,31168,0,0,0,4141217,4141217,4430
79251,147,295,1003,6,0,31168,0,0,0,4142033,4142033,4430
79266,147,316,1003,6,0,31168,0,0,0,4142822,4142822,4430
79283,147,334,1003,6,0,31168,0,0,0,4143674,4143674,4430
79299,147,352,1003,6,0,31168,0,0,0,4144556,4144556,4430
79315,147,379,1003,6,0,31168,0,0,0,4145403,4145403,4430
79330,147,403,1003,6,0,31168,0,0,0,4146168,4146168,4430
79345,147,424,1003,6,0,31168,0,0,0,4146913,4146913,4430
79362,147,441,1003,6,0,31168,0,0,0,4147716,4147716,4430
79379,147,458,1003,6,0,31168,0,0,0,4148591,4148591,4430
79395,147,485,1003,6,0,31168,0,0,0,4149433,4149433,4430
79411,147,516,1003,6,0,31168,0,0,0,4150246,4150246,4430
79427,147,535,1003,6,0,31168,0,0,0,4151121,4151121,4430
79443,147,563,1003,6,0,31168,0,0,0,4151909,4151909,4430
79458,147,586,1003,6,0,31168,0,0,0,4152653,4152653,4430
79473,147,603,1003,6,0,31168,0,0,0,4153446,4153446,4430
79489,147,628,1003,6,0,31168,0,0,0,4154263,4154263,4430
79505,147,668,1003,6,0,31168,0,0,0,4155093,4155093,4430
79521,147,696,1003,6,0,31168,0,0,0,4155932,4155932,4430
79537,147,728,1003,6,0,31168,0,0,0,4156687,4156687,4430
79552,147,763,1003,6,0,31168,0,0,0,4157368,4157368,4430
79568,147,790,1003,6,0,31168,0,0,0,4158196,4158196,4430
79583,147,813,1003,6,0,31168,0,0,0,4158988,4158988,4430
79599,147,850,1003,6,0,31168,0,0,0,4159727,4159727,4430
79615,147,887,1003,6,0,31168,0,0,0,4160589,4160589,4430
79632,147,935,1004,7,0,31168,0,0,0,4161405,4161405,4430
79647,147,956,1005,8,0,31168,0,0,0,4162195,4162195,4434
79665,148,978,1005,8,0,31168,0,0,0,4162891,4162891,4434
79680,148,996,1005,8,0,31168,0,0,0,4163669,4163669,4434
79695,148,11,1005,6,0,31168,0,0,0,4164531,4164531,4434
79712,148,60,1005,6,0,31168,0,0,0,4165349,4165349,4434
79728,148,107,1005,6,0,31168,0,0,0,4166205,4166205,4434
79744,148,131,1005,6,0,31168,0,0,0,4167145,4167145,4434
79759,148,150,1005,6,0,31168,0,0,0,4168018,4168018,4434
79775,148,170,1005,6,0,31168,0,0,0,4168873,4168873,4434
79790,148,189,1005,6,0,31168,0,0,0,4169692,4169692,4434
79806,148,214,1005,6,0,31168,0,0,0,4170535,4170535,4434
79822,148,230,1005,6,0,31168,0,0,0,4171371,4171371,4434
79837,148,250,1005,6,0,31168,0,0,0,4172197,4172197,4434
79853,148,275,1005,6,0,31168,0,0,0,4172967,4172967,4434
79869,148,315,1005,6,0,31168,0,0,0,4173787,4173787,4434
79884,148,332,1005,6,0,31168,0,0,0,4174652,4174652,4434
79902,148,355,1005,6,0,31168,0,0,0,4175558,4175558,4434
79917,148,384,1005,6,0,31168,0,0,0,4176309,4176309,4434
79933,148,412,1005,6,0,31168,0,0,0,4177096,4177096,4434
79951,148,437,1005,6,0,31168,0,0,0,4177988,4177988,4434
79967,148,464,1005,6,0,31168,0,0,0,4178904,4178904,4434
79984,148,485,1005,6,0,31168,0,0,0,4179770,4179770,4434
80000,148,517,1005,6,0,31168,0,0,0,4180608,4180608,4434
80015,148,541,1005,6,0,31168,0,0,0,4181405,4181405,4434
80030,148,566,1005,6,0,31168,0,0,0,4182211,4182211,4434
80046,148,596,1005,6,0,31168,0,0,0,4183037,4183037,4434
80061,148,619,1005,6,0,31168,0,0,0,4183820,4183820,4434
80076,148,655,1005,6,0,31168,0,0,0,4184647,4184647,4434
80092,148,683,1005,6,0,31168,0,0,0,4185508,4185508,4434
80107,148,705,1005,6,0,31168,0,0,0,4186076,4186076,4434
80124,148,746,1005,6,0,31168,0,0,0,4186881,4186881,4434
80140,148,783,1005,6,0,31168,0,0,0,4187637,4187637,4434
80156,148,819,1005,6,0,31168,0,0,0,4188492,4188492,4434
80171,148,865,1005,6,0,31168,0,0,0,4189271,4189271,4434
80186,148,900,1005,6,0,31168,0,0,0,4190071,4190071,4434
80202,148,934,1005,6,0,31168,0,0,0,4190841,4190841,4434
80218,149,971,1005,6,0,31168,0,0,0,4191724,4191724,4434
80236,149,978,1005,6,0,31168,0,0,0,4192116,4192116,4434
80253,149,996,1005,6,0,31168,0,0,0,4192941,4192941,4434
80268,149,11,1005,6,0,31168,0,0,0,4193812,4193812,4434
80283,149,31,1005,6,0,31168,0,0,0,4194641,4194641,4434
80298,149,83,1005,6,0,31168,0,0,0,4195464,4195464,4434
80313,149,117,1005,6,0,31168,0,0,0,4196335,4196335,4434
80329,149,143,1005,6,0,31168,0,0,0,4197188,4197188,4434
80345,149,161,1005,6,0,31168,0,0,0,4197975,4197975,4434
80360,149,183,1005,5,0,31168,0,0,0,4198788,4198788,4434
80375,149,200,1005,5,0,31168,0,0,0,4199588,4199588,4434
80392,149,232,1005,5,0,31168,0,0,0,4200494,4200494,4434
80407,149,256,1005,5,0,31168,0,0,0,4201293,4201293,4434
80423,149,298,1005,5,0,31168,0,0,0,4202066,4202066,4434
80439,149,321,1005,5,0,31168,0,0,0,4202838,4202838,4434
80454,149,335,1005,5,0,31168,0,0,0,4203582,4203582,4434
80469,149,356,1005,5,0,31168,0,0,0,4204364,4204364,4434
80485,149,385,1005,5,0,31168,0,0,0,4205102,4205102,4434
80500,149,412,1005,5,0,31168,0,0,0,4205917,4205917,4434
80515,149,443,1005,5,0,31168,0,0,0,4206760,4206760,4434
80532,149,468,1005,5,0,31168,0,0,0,4207611,4207611,4434
80547,149,489,1005,5,0,31168,0,0,0,4208385,4208385,4434
80563,149,516,1005,5,0,31168,0,0,0,4209198,4209198,4434
80578,149,540,1005,5,0,31168,0,0,0,4210003,4210003,4434
80594,149,575,1005,5,0,31168,0,0,0,4210870,4210870,4434
80609,149,590,1005,5,0,31168,0,0,0,4211660,4211660,4434
80625,149,615,1005,5,0,31168,0,0,0,4212485,4212485,4434
80640,149,645,1005,5,0,31168,0,0,0,4213253,4213253,4434
80656,149,669,1005,5,0,31168,0,0,0,4214027,4214027,4434
80671,149,698,1005,5,0,31168,0,0,0,4214806,4214806,4434
80688,149,727,1005,5,0,31168,0,0,0,4215589,4215589,4434
80704,149,763,1006,6,0,31168,0,0,0,4216310,4216310,4435
80719,149,798,1006,6,0,31168,0,0,0,4217130,4217130,4435
80735,149,817,1006,6,0,31168,0,0,0,4217837,4217837,4435
80750,149,850,1006,6,0,31168,0,0,0,4218625,4218625,4435
80765,149,885,1006,6,0,31168,0,0,0,4219385,4219385,4435
80781,149,921,1006,6,0,31168,0,0,0,4220234,4220234,4435
80796,149,954,1006,6,0,31168,0,0,0,4221007,4221007,4435
80821,150,978,1006,6,0,31168,0,0,0,4221705,4221705,4435
80836,150,1002,1006,6,0,31168,0,0,0,4222502,4222502,4435
80852,150,9,1006,5,0,31168,0,0,0,4223347,4223347,4435
80868,150,31,1006,5,0,31168,0,0,0,4224198,4224198,4435
80883,150,89,1006,5,0,31168,0,0,0,4225028,4225028,4435
80900,150,121,1006,5,0,31168,0,0,0,4225892,4225892,4435
80916,150,143,1006,5,0,31168,0,0,0,4226734,4226734,4435
80933,150,164,1006,5,0,31168,0,0,0,4227609,4227609,4435
80948,150,183,1006,5,0,31168,0,0,0,4228411,4228411,4435
80964,150,200,1006,5,0,31168,0,0,0,4229224,4229224,4435
80980,150,226,1006,5,0,31168,0,0,0,4230118,4230118,4435
80995,150,245,1006,5,0,31168,0,0,0,4231013,4231013,4435
81012,150,276,1006,5,0,31168,0,0,0,4231841,4231841,4435
81027,150,304,1006,5,0,31168,0,0,0,4232672,4232672,4435
81043,150,327,1006,5,0,31168,0,0,0,4233463,4233463,4435
81059,150,345,1006,5,0,31168,0,0,0,4234298,4234298,4435
81074,150,370,1006,5,0,31168,0,0,0,4235093,4235093,4435
81091,150,395,1006,5,0,31168,0,0,0,4235927,4235927,4435
81106,150,427,1006,5,0,31168,0,0,0,4236696,4236696,4435
81122,150,444,1006,5,0,31168,0,0,0,4237476,4237476,4435
81137,150,465,1006,5,0,31168,0,0,0,4238313,4238313,4435
81152,150,484,1006,5,0,31168,0,0,0,4239093,4239093,4435
81168,150,508,1006,5,0,31168,0,0,0,4239856,4239856,4435
81184,150,538,1006,5,0,31168,0,0,0,4240652,4240652,4435
81199,150,562,1006,5,0,31168,0,0,0,4241433,4241433,4435
81215,150,588,1006,5,0,31168,0,0,0,4242266,4242266,4435
81231,150,612,1006,5,0,31168,0,0,0,4243083,4243083,4435
81247,150,635,1006,5,0,31168,0,0,0,4243833,4243833,4435
81263,150,668,1006,5,0,31168,0,0,0,4244633,4244633,4435
81279,150,696,1006,5,0,31168,0,0,0,4245472,4245472,4435
81294,150,734,1006,5,0,31168,0,0,0,4246216,4246216,4435
81309,150,765,1006,5,0,31168,0,0,0,4246970,4246970,4435
81325,150,796,1006,5,0,31168,0,0,0,4247784,4247784,4435
81340,150,821,1006,5,0,31168,0,0,0,4248547,4248547,4435
81357,150,858,1006,5,0,31168,0,0,0,4249381,4249381,4435
81372,150,890,1006,5,0,31168,0,0,0,4250212,4250212,4435
81388,150,916,1006,5,0,31168,0,0,0,4251057,4251057,4435
81404,151,959,1006,5,0,31168,0,0,0,4251867,4251867,4435
81419,151,990,1006,5,0,31168,0,0,0,4252535,4252535,4435
81435,151,0,1006,5,0,31168,0,0,0,4253350,4253350,4435
81450,151,17,1006,5,0,31168,0,0,0,4254236,4254236,4435
81466,151,56,1006,5,0,31168,0,0,0,4255048,4255048,4435
81482,151,109,1006,5,0,31168,0,0,0,4255851,4255851,4435
81497,151,127,1006,5,0,31168,0,0,0,4256715,4256715,4435
81513,151,151,1006,5,0,31168,0,0,0,4257520,4257520,4435
81528,151,179,1006,5,0,31168,0,0,0,4258334,4258334,4435
81543,151,197,1006,5,0,31168,0,0,0,4259161,4259161,4435
81559,151,223,1006,5,0,31168,0,0,0,4259981,4259981,4435
81576,151,239,1006,5,0,31168,0,0,0,4260863,4260863,4435
81593,151,275,1006,5,0,31168,0,0,0,4261744,4261744,4435
81609,151,309,1006,5,0,31168,0,0,0,4262594,4262594,4435
81624,151,328,1006,5,0,31168,0,0,0,4263389,4263389,4435
81639,151,343,1006,5,0,31168,0,0,0,4264214,4264214,4435
81655,151,369,1006,5,0,31168,0,0,0,4264989,4264989,4435
81670,151,396,1006,5,0,31168,0,0,0,4265763,4265763,4435
81686,151,428,1006,5,0,31168,0,0,0,4266541,4266541,4435
81703,151,448,1006,5,0,31168,0,0,0,4267420,4267420,4435
81718,151,467,1006,5,0,31168,0,0,0,4268217,4268217,4435
81733,151,481,1006,5,0,31168,0,0,0,4268970,4268970,4435
81749,151,510,1006,5,0,31168,0,0,0,4269797,4269797,4435
81765,151,536,1006,5,0,31168,0,0,0,4270627,4270627,4435
81782,151,564,1006,5,0,31168,0,0,0,4271491,4271491,4435
81797,151,588,1006,5,0,31168,0,0,0,4272322,4272322,4435
81813,151,618,1006,5,0,31168,0,0,0,4273193,4273193,4435
81830,151,648,1006,5,0,31168,0,0,0,4273990,4273990,4435
81845,151,679,1006,5,0,31168,0,0,0,4274886,4274886,4435
81861,151,718,1006,5,0,31168,0,0,0,4275631,4275631,4435
81876,151,743,1006,5,0,31168,0,0,0,4276435,4276435,4435
81892,151,782,1006,5,0,31168,0,0,0,4277220,4277220,4435
81908,151,816,1006,5,0,31168,0,0,0,4278089,4278089,4435
81924,151,851,1006,5,0,31168,0,0,0,4278936,4278936,4435
81941,151,887,1006,5,0,31168,0,0,0,4279822,4279822,4435
81957,151,911,1006,5,0,31168,0,0,0,4280545,4280545,4435
81973,151,952,1006,5,0,31168,0,0,0,4281364,4281364,4435
81988,152,982,1006,4,0,31168,0,0,0,4282185,4282185,4435
82004,152,1004,1006,3,0,31168,0,0,0,4282988,4282988,4435
82021,152,13,1006,3,0,31168,0,0,0,4283919,4283919,4435
82036,152,26,1006,3,0,31168,0,0,0,4284779,4284779,4435
82052,152,100,1006,3,0,31168,0,0,0,4285621,4285621,4435
82067,152,118,1006,3,0,31168,0,0,0,4286492,4286492,4435
82082,152,143,1006,3,0,31168,0,0,0,4287363,4287363,4435
82097,152,164,1006,3,0,31168,0,0,0,4288144,4288144,4435
82112,152,185,1006,3,0,31168,0,0,0,4289028,4289028,4435
82129,152,208,1006,3,0,31168,0,0,0,4289872,4289872,4435
82144,152,228,1006,3,0,31168,0,0,0,4290666,4290666,4435
82160,152,249,1006,3,0,31168,0,0,0,4291481,4291481,4435
82176,152,282,1006,3,0,31168,0,0,0,4292269,4292269,4435
82191,152,320,1006,3,0,31168,0,0,0,4293061,4293061,4435
82207,152,353,1006,3,0,31168,0,0,0,4293873,4293873,4435
82224,152,377,1006,3,0,31168,0,0,0,4294717,4294717,4435
82240,152,400,1006,3,0,31168,0,0,0,4295534,4295534,4435
82256,152,429,1006,3,0,31168,0,0,0,4296304,4296304,4435
82271,152,447,1006,3,0,31168,0,0,0,4297079,4297079,4435
82286,152,473,1006,3,0,31168,0,0,0,4297928,4297928,4435
82302,152,493,1006,3,0,31168,0,0,0,4298708,4298708,4435
82317,152,520,1006,3,0,31168,0,0,0,4299511,4299511,4435
82333,152,556,1006,3,0,31168,0,0,0,4300327,4300327,4435
82348,152,579,1006,3,0,31168,0,0,0,4301172,4301172,4435
82364,152,613,1006,3,0,31168,0,0,0,4302073,4302073,4435
82380,152,650,1006,3,0,31168,0,0,0,4302859,4302859,4435
82395,152,683,1006,3,0,31168,0,0,0,4303725,4303725,4435
82410,152,729,1006,3,0,31168,0,0,0,4304550,4304550,4435
82425,152,764,1006,3,0,31168,0,0,0,4305284,4305284,4435
82440,152,791,1006,3,0,31168,0,0,0,4306018,4306018,4435
82457,152,819,1006,3,0,31168,0,0,0,4306868,4306868,4435
82472,152,851,1006,3,0,31168,0,0,0,4307654,4307654,4435
82487,152,887,1006,3,0,31168,0,0,0,4308463,4308463,4435
82503,152,910,1006,3,0,31168,0,0,0,4309239,4309239,4435
82518,152,946,1006,3,0,31168,0,0,0,4309993,4309993,4435
82534,153,973,1006,3,0,31168,0,0,0,4310793,4310793,4435
82549,153,993,1006,3,0,31168,0,0,0,4311350,4311350,4435
82565,153,6,1006,3,0,31168,0,0,0,4312205,4312205,4435
82582,153,21,1006,3,0,31168,0,0,0,4313098,4313098,4435
82597,153,65,1006,3,0,31168,0,0,0,4313941,4313941,4435
82612,153,113,1006,3,0,31168,0,0,0,4314752,4314752,4435
82628,153,140,1006,3,0,31168,0,0,0,4315563,4315563,4435
82643,153,161,1006,3,0,31168,0,0,0,4316432,4316432,4435
82659,153,180,1006,3,0,31168,0,0,0,4317337,4317337,4435
82675,153,200,1006,3,0,31168,0,0,0,4318177,4318177,4435
82691,153,220,1006,3,0,31168,0,0,0,4319102,4319102,4435
82707,153,236,1006,3,0,31168,0,0,0,4319889,4319889,4435
82723,153,260,1006,3,0,31168,0,0,0,4320719,4320719,4435
82739,153,285,1006,3,0,31168,0,0,0,4321564,4321564,4435
82754,153,315,1006,3,0,31168,0,0,0,4322395,4322395,4435
82770,153,335,1006,3,0,31168,0,0,0,4323263,4323263,4435
82786,153,357,1006,3,0,31168,0,0,0,4324098,4324098,4435
82801,153,380,1006,3,0,31168,0,0,0,4324835,4324835,4435
82817,153,409,1006,3,0,31168,0,0,0,4325646,4325646,4435
82833,153,434,1006,3,0,31168,0,0,0,4326443,4326443,4435
82849,153,449,1006,3,0,31168,0,0,0,4327303,4327303,4435
82866,153,468,1006,3,0,31168,0,0,0,4328146,4328146,4435
82881,153,493,1006,3,0,31168,0,0,0,4328948,4328948,4435
82897,153,520,1006,3,0,31168,0,0,0,4329794,4329794,4435
82912,153,547,1006,3,0,31168,0,0,0,4330615,4330615,4435
82928,153,583,1006,3,0,31168,0,0,0,4331438,4331438,4435
82944,153,610,1006,3,0,31168,0,0,0,4332284,4332284,4435
82960,153,640,1006,3,0,31168,0,0,0,4333142,4333142,4435
82976,153,668,1006,3,0,31168,0,0,0,4333943,4333943,4435
82991,153,707,1006,3,0,31168,0,0,0,4334732,4334732,4435
83007,153,741,1006,3,0,31168,0,0,0,4335442,4335442,4435
83023,153,767,1006,3,0,31168,0,0,0,4336212,4336212,4435
83039,153,793,1006,3,0,31168,0,0,0,4336980,4336980,4435
83056,153,820,1006,3,0,31168,0,0,0,4337805,4337805,4435
83071,153,865,1006,3,0,31168,0,0,0,4338622,4338622,4435
83087,153,898,1006,3,0,31168,0,0,0,4339422,4339422,4435
83103,153,921,1006,3,0,31168,0,0,0,4340207,4340207,4435
83118,153,954,1006,3,0,31168,0,0,0,4340968,4340968,4435
83135,154,984,1006,3,0,31168,0,0,0,4341747,4341747,4435
83150,154,1,1006,3,0,31168,0,0,0,4342539,4342539,4435
83165,154,15,1006,3,0,31168,0,0,0,4343361,4343361,4435
83181,154,60,1006,3,0,31168,0,0,0,4344210,4344210,4435
83196,154,109,1006,3,0,31168,0,0,0,4344975,4344975,4435
83212,154,137,1006,3,0,31168,0,0,0,4345860,4345860,4435
83228,154,154,1006,3,0,31168,0,0,0,4346726,4346726,4435
83243,154,173,1006,3,0,31168,0,0,0,4347571,4347571,4435
83259,154,201,1006,3,0,31168,0,0,0,4348386,4348386,4435
83275,154,225,1006,3,0,31168,0,0,0,4349288,4349288,4435
83291,154,245,1006,3,0,31168,0,0,0,4350163,4350163,4435
83306,154,265,1006,3,0,31168,0,0,0,4350936,4350936,4435
83323,154,298,1006,3,0,31168,0,0,0,4351759,4351759,4435
83339,154,323,1006,3,0,31168,0,0,0,4352486,4352486,4435
83355,154,339,1006,3,0,31168,0,0,0,4353346,4353346,4435
83370,154,363,1006,3,0,31168,0,0,0,4354135,4354135,4435
83385,154,389,1006,3,0,31168,0,0,0,4354931,4354931,4435
83401,154,425,1006,3,0,31168,0,0,0,4355723,4355723,4435
83417,154,447,1006,3,0,31168,0,0,0,4356567,4356567,4435
83433,154,467,1007,4,0,31168,0,0,0,4357394,4357394,4437
83449,154,492,1007,4,0,31168,0,0,0,4358196,4358196,4437
83464,154,514,1007,4,0,31168,0,0,0,4358951,4358951,4437
83480,154,536,1007,4,0,31168,0,0,0,4359753,4359753,4437
83497,154,572,1007,4,0,31168,0,0,0,4360662,4360662,4437
83512,154,596,1007,4,0,31168,0,0,0,4361425,4361425,4437
83527,154,620,1007,4,0,31168,0,0,0,4362194,4362194,4437
83542,154,658,1007,4,0,31168,0,0,0,4362969,4362969,4437
83558,154,684,1007,4,0,31168,0,0,0,4363767,4363767,4437
83574,154,707,1007,4,0,31168,0,0,0,4364568,4364568,4437
83589,154,748,1007,4,0,31168,0,0,0,4365252,4365252,4437
83604,154,779,1007,4,0,31168,0,0,0,4365977,4365977,4437
83620,154,801,1007,4,0,31168,0,0,0,4366698,4366698,4437
83635,154,815,1007,4,0,31168,0,0,0,4367439,4367439,4437
83650,154,850,1007,4,0,31168,0,0,0,4368252,4368252,4437
83665,154,884,1007,4,0,31168,0,0,0,4369047,4369047,4437
83682,154,911,1007,4,0,31168,0,0,0,4369859,4369859,4437
83697,154,952,1007,4,0,31168,0,0,0,4370659,4370659,4437
83712,155,972,1008,5,0,31168,0,0,0,4371402,4371402,4437
83727,155,982,1008,5,0,31168,0,0,0,4371707,4371707,4437
83743,155,1005,1008,5,0,31168,0,0,0,4372557,4372557,4437
83759,155,18,1008,4,0,31168,0,0,0,4373479,4373479,4437
83774,155,62,1008,4,0,31168,0,0,0,4374252,4374252,4437
83790,155,109,1008,4,0,31168,0,0,0,4375027,4375027,4437
83806,155,137,1008,4,0,31168,0,0,0,4375860,4375860,4437
83821,155,160,1008,4,0,31168,0,0,0,4376708,4376708,4437
83836,155,181,1008,4,0,31168,0,0,0,4377544,4377544,4437
83852,155,201,1008,4,0,31168,0,0,0,4378361,4378361,4437
83867,155,223,1008,4,0,31168,0,0,0,4379157,4379157,4437
83883,155,239,1008,4,0,31168,0,0,0,4379994,4379994,4437
83899,155,259,1008,4,0,31168,0,0,0,4380818,4380818,4437
83914,155,289,1008,4,0,31168,0,0,0,4381575,4381575,4437
83930,155,320,1008,4,0,31168,0,0,0,4382442,4382442,4437
83946,155,337,1008,4,0,31168,0,0,0,4383264,4383264,4437
83961,155,376,1008,4,0,31168,0,0,0,4384093,4384093,4437
83977,155,400,1008,4,0,31168,0,0,0,4384885,4384885,4437
83992,155,429,1008,4,0,31168,0,0,0,4385639,4385639,4437
84008,155,448,1008,4,0,31168,0,0,0,4386489,4386489,4437
84026,155,466,1008,4,0,31168,0,0,0,4387352,4387352,4437
84041,155,487,1008,4,0,31168,0,0,0,4388137,4388137,4437
84058,155,509,1008,4,0,31168,0,0,0,4388959,4388959,4437
84073,155,536,1008,4,0,31168,0,0,0,4389682,4389682,4437
84088,155,562,1008,4,0,31168,0,0,0,4390469,4390469,4437
84105,155,586,1008,4,0,31168,0,0,0,4391286,4391286,4437
84121,155,615,1008,4,0,31168,0,0,0,4392125,4392125,4437
84137,155,640,1008,4,0,31168,0,0,0,4392938,4392938,4437
84152,155,668,1008,4,0,31168,0,0,0,4393683,4393683,4437
84167,155,703,1008,4,0,31168,0,0,0,4394440,4394440,4437
84183,155,737,1008,4,0,31168,0,0,0,4395235,4395235,4437
84199,155,773,1008,4,0,31168,0,0,0,4396045,4396045,4437
84214,155,801,1008,4,0,31168,0,0,0,4396801,4396801,4437
84230,155,845,1008,4,0,31168,0,0,0,4397654,4397654,4437
84246,155,881,1008,4,0,31168,0,0,0,4398446,4398446,4437
84261,155,909,1008,4,0,31168,0,0,0,4399145,4399145,4437
84277,155,937,1008,4,0,31168,0,0,0,4400007,4400007,4437
84293,156,965,1008,4,0,31168,0,0,0,4400819,4400819,4437
84316,156,978,1008,4,0,31168,0,0,0,4401223,4401223,4437
84332,156,999,1008,4,0,31168,0,0,0,4402073,4402073,4437
84348,156,7,1008,4,0,31168,0,0,0,4402923,4402923,4437
84363,156,21,1008,4,0,31168,0,0,0,4403691,4403691,4437
84378,156,50,1008,4,0,31168,0,0,0,4404520,4404520,4437
84393,156,110,1008,4,0,31168,0,0,0,4405331,4405331,4437
84409,156,143,1008,4,0,31168,0,0,0,4406176,4406176,4437
84425,156,160,1008,4,0,31168,0,0,0,4407003,4407003,4437
84440,156,174,1008,4,0,31168,0,0,0,4407806,4407806,4437
84456,156,193,1008,4,0,31168,0,0,0,4408613,4408613,4437
84472,156,220,1009,5,0,31168,0,0,0,4409470,4409470,4437
84488,156,239,1009,5,0,31168,0,0,0,4410336,4410336,4437
84503,156,271,1009,5,0,31168,0,0,0,4411101,4411101,4437
84519,156,300,1009,5,0,31168,0,0,0,4411891,4411891,4437
84535,156,324,1009,5,0,31168,0,0,0,4412781,4412781,4437
84552,156,343,1009,5,0,31168,0,0,0,4413602,4413602,4437
84567,156,375,1009,5,0,31168,0,0,0,4414384,4414384,4437
84583,156,397,1009,5,0,31168,0,0,0,4415188,4415188,4437
84599,156,415,1009,5,0,31168,0,0,0,4415948,4415948,4437
84615,156,440,1009,5,0,31168,0,0,0,4416640,4416640,4437
84630,156,453,1009,5,0,31168,0,0,0,4417400,4417400,4437
84645,156,473,1009,5,0,31168,0,0,0,4418250,4418250,4437
84661,156,494,1009,5,0,31168,0,0,0,4419119,4419119,4437
84676,156,524,1009,5,0,31168,0,0,0,4419924,4419924,4437
84691,156,547,1009,5,0,31168,0,0,0,4420699,4420699,4437
84707,156,567,1009,5,0,31168,0,0,0,4421462,4421462,4437
84722,156,588,1009,5,0,31168,0,0,0,4422236,4422236,4437
84737,156,613,1009,5,0,31168,0,0,0,4423025,4423025,4437
84753,156,650,1009,5,0,31168,0,0,0,4423879,4423879,4437
84768,156,675,1009,5,0,31168,0,0,0,4424673,4424673,4437
84784,156,700,1009,5,0,31168,0,0,0,4425446,4425446,4437
84799,156,737,1009,5,0,31168,0,0,0,4426248,4426248,4437
84816,156,769,1009,5,0,31168,0,0,0,4427102,4427102,4437
84832,156,793,1009,5,0,31168,0,0,0,4427864,4427864,4437
84847,156,817,1009,5,0,31168,0,0,0,4428670,4428670,4437
84862,156,850,1009,5,0,31168,0,0,0,4429493,4429493,4437
84877,156,890,1009,5,0,31168,0,0,0,4430277,4430277,4437
84894,156,921,1009,5,0,31168,0,0,0,4431101,4431101,4437
84911,157,960,1009,5,0,31168,0,0,0,4431899,4431899,4437
84926,157,984,1009,5,0,31168,0,0,0,4432334,4432334,4437
84941,157,1005,1009,5,0,31168,0,0,0,4433100,4433100,4437
84956,157,18,1009,5,0,31168,0,0,0,4433967,4433967,4437
84973,157,82,1009,5,0,31168,0,0,0,4434837,4434837,4437
84988,157,115,1009,5,0,31168,0,0,0,4435606,4435606,4437
85004,157,137,1009,5,0,31168,0,0,0,4436483,4436483,4437
85020,157,151,1009,5,0,31168,0,0,0,4437347,4437347,4437
85035,157,171,1009,5,0,31168,0,0,0,4438164,4438164,4437
85051,157,188,1009,5,0,31168,0,0,0,4438998,4438998,4437
85068,157,221,1009,5,0,31168,0,0,0,4439860,4439860,4437
85083,157,238,1009,5,0,31168,0,0,0,4440737,4440737,4437
85099,157,265,1009,5,0,31168,0,0,0,4441494,4441494,4437
85114,157,298,1009,5,0,31168,0,0,0,4442239,4442239,4437
85129,157,320,1009,5,0,31168,0,0,0,4442995,4442995,4437
85145,157,337,1009,5,0,31168,0,0,0,4443805,4443805,4437
85162,157,363,1009,5,0,31168,0,0,0,4444696,4444696,4437
85177,157,396,1009,5,0,31168,0,0,0,4445485,4445485,4437
85193,157,428,1009,5,0,31168,0,0,0,4446244,4446244,4437
85209,157,446,1009,5,0,31168,0,0,0,4447083,4447083,4437
85224,157,470,1009,5,0,31168,0,0,0,4447893,4447893,4437
85240,157,494,1009,5,0,31168,0,0,0,4448760,4448760,4437
85255,157,519,1009,5,0,31168,0,0,0,4449519,4449519,4437
85272,157,547,1009,5,0,31168,0,0,0,4450385,4450385,4437
85288,157,565,1009,5,0,31168,0,0,0,4451245,4451245,4437
85304,157,583,1009,5,0,31168,0,0,0,4452010,4452010,4437
85319,157,602,1009,5,0,31168,0,0,0,4452783,4452783,4437
85335,157,645,1009,5,0,31168,0,0,0,4453685,4453685,4437
85351,157,674,1009,5,0,31168,0,0,0,4454454,4454454,4437
85367,157,732,1009,5,0,31168,0,0,0,4455301,4455301,4437
85382,157,767,1009,5,0,31168,0,0,0,4456091,4456091,4437
85398,157,803,1009,5,0,31168,0,0,0,4456875,4456875,4437
85414,157,832,1009,5,0,31168,0,0,0,4457735,4457735,4437
85430,157,862,1009,5,0,31168,0,0,0,4458525,4458525,4437
85446,157,893,1009,5,0,31168,0,0,0,4459346,4459346,4437
85461,157,936,1009,5,0,31168,0,0,0,4460082,4460082,4437
85483,158,978,1009,5,0,31168,0,0,0,4460945,4460945,4437
85499,158,1006,1009,5,0,31168,0,0,0,4461800,4461800,4437
85516,158,15,1009,5,0,31168,0,0,0,4462712,4462712,4437
85531,158,60,1009,5,0,31168,0,0,0,4463603,4463603,4437
85548,158,107,1009,5,0,31168,0,0,0,4464429,4464429,4437
85565,158,137,1009,5,0,31168,0,0,0,4465264,4465264,4437
85581,158,151,1009,5,0,31168,0,0,0,4466124,4466124,4437
85596,158,166,1009,5,0,31168,0,0,0,4466925,4466925,4437
85612,158,184,1009,5,0,31168,0,0,0,4467790,4467790,4437
85627,158,198,1010,6,0,31168,0,0,0,4468616,4468616,4437
85643,158,220,1010,6,0,31168,0,0,0,4469490,4469490,4437
85659,158,238,1010,6,0,31168,0,0,0,4470337,4470337,4437
85676,158,261,1010,6,0,31168,0,0,0,4471179,4471179,4437
85691,158,289,1010,6,0,31168,0,0,0,4471951,4471951,4437
85706,158,321,1010,6,0,31168,0,0,0,4472699,4472699,4437
85721,158,335,1010,6,0,31168,0,0,0,4473466,4473466,4437
85737,158,352,1010,6,0,31168,0,0,0,4474189,4474189,4437
85752,158,380,1010,6,0,31168,0,0,0,4474938,4474938,4437
85767,158,409,1010,6,0,31168,0,0,0,4475714,4475714,4437
85783,158,437,1010,6,0,31168,0,0,0,4476579,4476579,4437
85799,158,455,1010,6,0,31168,0,0,0,4477427,4477427,4437
85814,158,480,1010,6,0,31168,0,0,0,4478176,4478176,4437
85830,158,510,1010,6,0,31168,0,0,0,4478942,4478942,4437
85847,158,532,1010,6,0,31168,0,0,0,4479803,4479803,4437
85863,158,562,1010,6,0,31168,0,0,0,4480567,4480567,4437
85880,158,593,1010,6,0,31168,0,0,0,4481478,4481478,4437
85895,158,617,1010,6,0,31168,0,0,0,4482155,4482155,4437
85911,158,648,1010,6,0,31168,0,0,0,4482959,4482959,4437
85926,158,675,1010,6,0,31168,0,0,0,4483771,4483771,4437
85942,158,713,1010,6,0,31168,0,0,0,4484560,4484560,4437
85958,158,736,1010,6,0,31168,0,0,0,4485264,4485264,4437
85973,158,765,1010,6,0,31168,0,0,0,4486008,4486008,4437
85990,158,786,1010,6,0,31168,0,0,0,4486876,4486876,4437
86006,158,815,1010,6,0,31168,0,0,0,4487692,4487692,4437
86021,158,846,1010,6,0,31168,0,0,0,4488412,4488412,4437
86038,158,873,1010,6,0,31168,0,0,0,4489258,4489258,4437
86053,158,891,1010,6,0,31168,0,0,0,4490111,4490111,4437
86069,158,913,1010,6,0,31168,0,0,0,4490840,4490840,4437
86084,158,955,1010,6,0,31168,0,0,0,4491649,4491649,4437
86106,159,978,1010,6,0,31168,0,0,0,4492263,4492263,4437
86121,159,999,1010,6,0,31168,0,0,0,4493007,4493007,4437
86137,159,14,1010,6,0,31168,0,0,0,4493860,4493860,4437
86152,159,31,1011,7,0,31168,0,0,0,4494666,4494666,4438
86167,159,93,1011,7,0,31168,0,0,0,4495466,4495466,4438
86183,159,118,1011,7,0,31168,0,0,0,4496305,4496305,4438
86199,159,144,1011,7,0,31168,0,0,0,4497158,4497158,4438
86215,159,164,1011,7,0,31168,0,0,0,4497957,4497957,4438
86231,159,180,1011,7,0,31168,0,0,0,4498841,4498841,4438
86246,159,197,1011,7,0,31168,0,0,0,4499542,4499542,4438
86263,159,218,1011,7,0,31168,0,0,0,4500417,4500417,4438
86278,159,236,1011,7,0,31168,0,0,0,4501169,4501169,4438
86294,159,271,1011,7,0,31168,0,0,0,4502006,4502006,4438
86310,159,309,1011,7,0,31168,0,0,0,4502816,4502816,4438
86326,159,332,1011,7,0,31168,0,0,0,4503735,4503735,4438
86343,159,353,1011,7,0,31168,0,0,0,4504605,4504605,4438
86358,159,384,1011,7,0,31168,0,0,0,4505343,4505343,4438
86375,159,400,1011,7,0,31168,0,0,0,4506174,4506174,4438
86390,159,434,1011,7,0,31168,0,0,0,4506971,4506971,4438
86405,159,449,1011,7,0,31168,0,0,0,4507785,4507785,4438
86420,159,475,1011,7,0,31168,0,0,0,4508567,4508567,4438
86436,159,502,1011,7,0,31168,0,0,0,4509346,4509346,4438
86453,159,521,1011,7,0,31168,0,0,0,4510214,4510214,4438
86469,159,547,1011,7,0,31168,0,0,0,4510990,4510990,4438
86485,159,572,1011,7,0,31168,0,0,0,4511810,4511810,4438
86502,159,600,1011,7,0,31168,0,0,0,4512722,4512722,4438
86518,159,617,1011,7,0,31168,0,0,0,4513533,4513533,4438
86535,159,642,1011,7,0,31168,0,0,0,4514348,4514348,4438
86551,159,662,1011,7,0,31168,0,0,0,4515082,4515082,4438
86567,159,682,1011,7,0,31168,0,0,0,4515935,4515935,4438
86583,159,720,1011,7,0,31168,0,0,0,4516738,4516738,4438
86598,159,757,1011,7,0,31168,0,0,0,4517555,4517555,4438
86614,159,790,1011,7,0,31168,0,0,0,4518312,4518312,4438
86630,159,817,1011,7,0,31168,0,0,0,4519077,4519077,4438
86646,159,850,1011,7,0,31168,0,0,0,4519852,4519852,4438
86662,159,890,1011,7,0,31168,0,0,0,4520723,4520723,4438
86677,159,931,1011,7,0,31168,0,0,0,4521505,4521505,4438
86693,159,960,1011,7,0,31168,0,0,0,4522343,4522343,4438
86712,160,978,1011,7,0,31168,0,0,0,4522862,4522862,4438
86728,160,1000,1011,7,0,31168,0,0,0,4523691,4523691,4438
86744,160,9,1011,6,0,31168,0,0,0,4524596,4524596,4438
86759,160,31,1011,6,0,31168,0,0,0,4525394,4525394,4438
86775,160,94,1011,6,0,31168,0,0,0,4526256,4526256,4438
86792,160,122,1011,6,0,31168,0,0,0,4527103,4527103,4438
86808,160,143,1011,6,0,31168,0,0,0,4527917,4527917,4438
86825,160,160,1011,6,0,31168,0,0,0,4528768,4528768,4438
86840,160,179,1011,6,0,31168,0,0,0,4529586,4529586,4438
86856,160,200,1011,6,0,31168,0,0,0,4530446,4530446,4438
86872,160,221,1011,6,0,31168,0,0,0,4531345,4531345,4438
86888,160,233,1011,6,0,31168,0,0,0,4532149,4532149,4438
86903,160,252,1011,6,0,31168,0,0,0,4532962,4532962,4438
86918,160,286,1011,6,0,31168,0,0,0,4533709,4533709,4438
86935,160,312,1011,6,0,31168,0,0,0,4534571,4534571,4438
86951,160,330,1011,6,0,31168,0,0,0,4535323,4535323,4438
86968,160,345,1011,6,0,31168,0,0,0,4536176,4536176,4438
86983,160,379,1011,6,0,31168,0,0,0,4536991,4536991,4438
86999,160,399,1011,6,0,31168,0,0,0,4537796,4537796,4438
87016,160,434,1011,6,0,31168,0,0,0,4538632,4538632,4438
87032,160,451,1011,6,0,31168,0,0,0,4539379,4539379,4438
87048,160,475,1011,6,0,31168,0,0,0,4540178,4540178,4438
87063,160,504,1011,6,0,31168,0,0,0,4540956,4540956,4438
87078,160,531,1011,6,0,31168,0,0,0,4541736,4541736,4438
87094,160,557,1011,6,0,31168,0,0,0,4542501,4542501,4438
87109,160,577,1011,6,0,31168,0,0,0,4543340,4543340,4438
87126,160,602,1011,6,0,31168,0,0,0,4544232,4544232,4438
87142,160,628,1011,6,0,31168,0,0,0,4545026,4545026,4438
87157,160,655,1011,6,0,31168,0,0,0,4545836,4545836,4438
87173,160,682,1011,6,0,31168,0,0,0,4546681,4546681,4438
87190,160,722,1011,6,0,31168,0,0,0,4547445,4547445,4438
87205,160,746,1011,6,0,31168,0,0,0,4548191,4548191,4438
87221,160,771,1011,6,0,31168,0,0,0,4548932,4548932,4438
87237,160,803,1011,6,0,31168,0,0,0,4549737,4549737,4438
87252,160,846,1011,6,0,31168,0,0,0,4550488,4550488,4438
87268,160,884,1011,6,0,31168,0,0,0,4551324,4551324,4438
87285,160,910,1011,6,0,31168,0,0,0,4552127,4552127,4438
87301,160,940,1011,6,0,31168,0,0,0,4552912,4552912,4438
87320,161,978,1011,6,0,31168,0,0,0,4553721,4553721,4438
87335,161,1004,1011,6,0,31168,0,0,0,4554541,4554541,4438
87351,161,17,1011,6,0,31168,0,0,0,4555382,4555382,4438
87367,161,65,1011,6,0,31168,0,0,0,4556226,4556226,4438
87382,161,115,1011,6,0,31168,0,0,0,4557028,4557028,4438
87398,161,142,1011,6,0,31168,0,0,0,4557990,4557990,4438
87414,161,164,1011,6,0,31168,0,0,0,4558884,4558884,4438
87431,161,182,1011,6,0,31168,0,0,0,4559816,4559816,4438
87447,161,201,1011,6,0,31168,0,0,0,4560699,4560699,4438
87463,161,220,1011,6,0,31168,0,0,0,4561461,4561461,4438
87478,161,234,1011,6,0,31168,0,0,0,4562303,4562303,4438
87494,161,259,1011,6,0,31168,0,0,0,4563111,4563111,4438
87509,161,289,1011,6,0,31168,0,0,0,4563930,4563930,4438
87525,161,316,1011,6,0,31168,0,0,0,4564684,4564684,4438
87541,161,335,1011,6,0,31168,0,0,0,4565571,4565571,4438
87556,161,355,1011,6,0,31168,0,0,0,4566359,4566359,4438
87572,161,393,1011,6,0,31168,0,0,0,4567127,4567127,4438
87587,161,426,1011,6,0,31168,0,0,0,4567959,4567959,4438
87603,161,443,1011,6,0,31168,0,0,0,4568842,4568842,4438
87619,161,468,1011,6,0,31168,0,0,0,4569625,4569625,4438
87635,161,489,1011,6,0,31168,0,0,0,4570421,4570421,4438
87650,161,514,1011,6,0,31168,0,0,0,4571192,4571192,4438
87665,161,533,1011,6,0,31168,0,0,0,4572004,4572004,4438
87680,161,553,1011,6,0,31168,0,0,0,4572738,4572738,4438
87695,161,576,1011,6,0,31168,0,0,0,4573546,4573546,4438
87711,161,602,1011,6,0,31168,0,0,0,4574352,4574352,4438
87727,161,624,1011,6,0,31168,0,0,0,4575182,4575182,4438
87743,161,648,1011,6,0,31168,0,0,0,4576003,4576003,4438
87759,161,674,1011,6,0,31168,0,0,0,4576834,4576834,4438
87775,161,698,1011,6,0,31168,0,0,0,4577406,4577406,4438
87791,161,727,1011,6,0,31168,0,0,0,4578204,4578204,4438
87807,161,763,1011,6,0,31168,0,0,0,4579007,4579007,4438
87822,161,790,1011,6,0,31168,0,0,0,4579813,4579813,4438
87838,161,817,1011,6,0,31168,0,0,0,4580571,4580571,4438
87854,161,859,1011,6,0,31168,0,0,0,4581405,4581405,4438
87869,161,893,1011,6,0,31168,0,0,0,4582214,4582214,4438
87885,161,931,1011,6,0,31168,0,0,0,4583019,4583019,4438
87901,162,973,1011,6,0,31168,0,0,0,4583877,4583877,4438
87917,162,992,1011,6,0,31168,0,0,0,4584404,4584404,4438
87933,162,1,1011,5,0,31168,0,0,0,4585283,4585283,4438
87948,162,15,1011,5,0,31168,0,0,0,4586146,4586146,4438
87963,162,61,1011,5,0,31168,0,0,0,4587002,4587002,4438
87979,162,121,1011,5,0,31168,0,0,0,4587822,4587822,4438
87995,162,146,1011,5,0,31168,0,0,0,4588722,4588722,4438
88011,162,163,1011,5,0,31168,0,0,0,4589502,4589502,4438
88026,162,183,1011,5,0,31168,0,0,0,4590351,4590351,4438
88042,162,203,1011,5,0,31168,0,0,0,4591264,4591264,4438
88058,162,227,1011,5,0,31168,0,0,0,4592102,4592102,4438
88073,162,241,1011,5,0,31168,0,0,0,4592903,4592903,4438
88088,162,273,1011,5,0,31168,0,0,0,4593671,4593671,4438
88104,162,301,1011,5,0,31168,0,0,0,4594421,4594421,4438
88122,162,321,1011,5,0,31168,0,0,0,4595334,4595334,4438
88137,162,340,1011,5,0,31168,0,0,0,4596149,4596149,4438
88153,162,375,1011,5,0,31168,0,0,0,4596994,4596994,4438
88170,162,403,1011,5,0,31168,0,0,0,4597787,4597787,4438
88185,162,431,1011,5,0,31168,0,0,0,4598596,4598596,4438
88200,162,453,1011,5,0,31168,0,0,0,4599429,4599429,4438
88216,162,480,1011,5,0,31168,0,0,0,4600233,4600233,4438
88231,162,499,1011,5,0,31168,0,0,0,4601008,4601008,4438
88247,162,521,1011,5,0,31168,0,0,0,4601803,4601803,4438
88262,162,536,1011,5,0,31168,0,0,0,4602491,4602491,4438
88277,162,563,1011,5,0,31168,0,0,0,4603300,4603300,4438
88293,162,588,1011,5,0,31168,0,0,0,4604071,4604071,4438
88309,162,617,1011,5,0,31168,0,0,0,4604921,4604921,4438
88325,162,655,1011,5,0,31168,0,0,0,4605780,4605780,4438
88341,162,689,1011,5,0,31168,0,0,0,4606640,4606640,4438
88357,162,705,1011,5,0,31168,0,0,0,4607196,4607196,4438
88374,162,734,1011,5,0,31168,0,0,0,4608043,4608043,4438
88391,162,757,1011,5,0,31168,0,0,0,4608896,4608896,4438
88408,162,788,1011,5,0,31168,0,0,0,4609781,4609781,4438
88424,162,817,1011,5,0,31168,0,0,0,4610568,4610568,4438
88439,162,856,1011,5,0,31168,0,0,0,4611348,4611348,4438
88455,162,884,1011,5,0,31168,0,0,0,4612170,4612170,4438
88471,162,910,1011,5,0,31168,0,0,0,4612954,4612954,4438
88486,162,951,1011,5,0,31168,0,0,0,4613744,4613744,4438
88502,163,973,1011,5,0,31168,0,0,0,4614592,4614592,4438
88518,163,988,1011,5,0,31168,0,0,0,4615125,4615125,4438
88533,163,1010,1011,5,0,31168,0,0,0,4615884,4615884,4438
88549,163,13,1011,5,0,31168,0,0,0,4616774,4616774,4438
88564,163,35,1011,5,0,31168,0,0,0,4617561,4617561,4438
88580,163,100,1011,5,0,31168,0,0,0,4618412,4618412,4438
88595,163,126,1011,5,0,31168,0,0,0,4619213,4619213,4438
88611,163,144,1011,5,0,31168,0,0,0,4620023,4620023,4438
88626,163,156,1011,5,0,31168,0,0,0,4620790,4620790,4438
88642,163,172,1011,5,0,31168,0,0,0,4621650,4621650,4438
88657,163,192,1011,5,0,31168,0,0,0,4622416,4622416,4438
88673,163,220,1011,5,0,31168,0,0,0,4623226,4623226,4438
88688,163,238,1011,5,0,31168,0,0,0,4624086,4624086,4438
88704,163,260,1011,5,0,31168,0,0,0,4624929,4624929,4438
88721,163,285,1011,5,0,31168,0,0,0,4625755,4625755,4438
88736,163,312,1011,5,0,31168,0,0,0,4626541,4626541,4438
88752,163,332,1011,5,0,31168,0,0,0,4627450,4627450,4438
88768,163,355,1011,5,0,31168,0,0,0,4628304,4628304,4438
88783,163,381,1011,5,0,31168,0,0,0,4629087,4629087,4438
88798,163,412,1011,5,0,31168,0,0,0,4629893,4629893,4438
88814,163,436,1011,5,0,31168,0,0,0,4630622,4630622,4438
88830,163,450,1011,5,0,31168,0,0,0,4631467,4631467,4438
88847,163,475,1011,5,0,31168,0,0,0,4632302,4632302,4438
88862,163,502,1011,5,0,31168,0,0,0,4633045,4633045,4438
88878,163,520,1011,5,0,31168,0,0,0,4633829,4633829,4438
88894,163,544,1011,5,0,31168,0,0,0,4634648,4634648,4438
88910,163,572,1011,5,0,31168,0,0,0,4635491,4635491,4438
88925,163,602,1011,5,0,31168,0,0,0,4636271,4636271,4438
88941,163,628,1011,5,0,31168,0,0,0,4637010,4637010,4438
88957,163,665,1011,5,0,31168,0,0,0,4637816,4637816,4438
88973,163,696,1011,5,0,31168,0,0,0,4638619,4638619,4438
88988,163,727,1011,5,0,31168,0,0,0,4639406,4639406,4438
89003,163,757,1011,5,0,31168,0,0,0,4640149,4640149,4438
89018,163,779,1011,5,0,31168,0,0,0,4640881,4640881,4438
89035,163,806,1011,5,0,31168,0,0,0,4641764,4641764,4438
89050,163,846,1011,5,0,31168,0,0,0,4642557,4642557,4438
89066,163,873,1011,5,0,31168,0,0,0,4643396,4643396,4438
89082,163,907,1011,5,0,31168,0,0,0,4644127,4644127,4438
89097,163,937,1011,5,0,31168,0,0,0,4644856,4644856,4438
89114,164,964,1011,5,0,31168,0,0,0,4645684,4645684,4438
89129,164,992,1011,5,0,31168,0,0,0,4646220,4646220,4438
89145,164,3,1011,5,0,31168,0,0,0,4647072,4647072,4438
89160,164,24,1011,5,0,31168,0,0,0,4647915,4647915,4438
89175,164,99,1011,5,0,31168,0,0,0,4648710,4648710,4438
89191,164,119,1011,5,0,31168,0,0,0,4649547,4649547,4438
89206,164,144,1011,5,0,31168,0,0,0,4650362,4650362,4438
89221,164,164,1011,5,0,31168,0,0,0,4651165,4651165,4438
89237,164,193,1011,5,0,31168,0,0,0,4652017,4652017,4438
89254,164,219,1011,5,0,31168,0,0,0,4652865,4652865,4438
89269,164,236,1011,5,0,31168,0,0,0,4653712,4653712,4438
89286,164,274,1011,5,0,31168,0,0,0,4654571,4654571,4438
89301,164,303,1011,5,0,31168,0,0,0,4655380,4655380,4438
89317,164,331,1011,5,0,31168,0,0,0,4656280,4656280,4438
89333,164,349,1011,5,0,31168,0,0,0,4657141,4657141,4438
89349,164,384,1011,5,0,31168,0,0,0,4657903,4657903,4438
89364,164,406,1011,5,0,31168,0,0,0,4658680,4658680,4438
89380,164,435,1011,5,0,31168,0,0,0,4659441,4659441,4438
89395,164,450,1011,5,0,31168,0,0,0,4660245,4660245,4438
89410,164,467,1011,5,0,31168,0,0,0,4661094,4661094,4438
89426,164,485,1011,5,0,31168,0,0,0,4661910,4661910,4438
89443,164,509,1011,5,0,31168,0,0,0,4662755,4662755,4438
89459,164,536,1011,5,0,31168,0,0,0,4663542,4663542,4438
89474,164,559,1011,5,0,31168,0,0,0,4664270,4664270,4438
89490,164,590,1011,5,0,31168,0,0,0,4665118,4665118,4438
89507,164,612,1011,5,0,31168,0,0,0,4665929,4665929,4438
89522,164,643,1011,5,0,31168,0,0,0,4666777,4666777,4438
89538,164,671,1011,5,0,31168,0,0,0,4667568,4667568,4438
89555,164,698,1011,5,0,31168,0,0,0,4668479,4668479,4438
89572,164,728,1011,5,0,31168,0,0,0,4669327,4669327,4438
89587,164,746,1011,5,0,31168,0,0,0,4670069,4670069,4438
89603,164,784,1011,5,0,31168,0,0,0,4670936,4670936,4438
89619,164,815,1011,5,0,31168,0,0,0,4671731,4671731,4438
89635,164,856,1011,5,0,31168,0,0,0,4672549,4672549,4438
89652,164,885,1011,5,0,31168,0,0,0,4673459,4673459,4438
89667,164,910,1011,5,0,31168,0,0,0,4674225,4674225,4438
89683,164,945,1011,5,0,31168,0,0,0,4675015,4675015,4438
89704,165,978,1011,5,0,31168,0,0,0,4675831,4675831,4438
89720,165,1006,1011,5,0,31168,0,0,0,4676614,4676614,4438
89735,165,13,1011,5,0,31168,0,0,0,4677467,4677467,4438
89751,165,41,1011,5,0,31168,0,0,0,4678307,4678307,4438
89767,165,103,1011,5,0,31168,0,0,0,4679156,4679156,4438
89783,165,126,1011,5,0,31168,0,0,0,4679995,4679995,4438
89798,165,145,1011,5,0,31168,0,0,0,4680838,4680838,4438
89815,165,163,1011,5,0,31168,0,0,0,4681715,4681715,4438
89830,165,180,1011,5,0,31168,0,0,0,4682557,4682557,4438
89846,165,201,1011,5,0,31168,0,0,0,4683391,4683391,4438
89862,165,227,1011,5,0,31168,0,0,0,4684307,4684307,4438
89877,165,250,1011,5,0,31168,0,0,0,4685116,4685116,4438
89893,165,286,1011,5,0,31168,0,0,0,4685924,4685924,4438
89909,165,316,1011,5,0,31168,0,0,0,4686701,4686701,4438
89924,165,334,1011,5,0,31168,0,0,0,4687501,4687501,4438
89939,165,353,1011,5,0,31168,0,0,0,4688284,4688284,4438
89955,165,376,1011,5,0,31168,0,0,0,4689024,4689024,4438
89970,165,393,1011,5,0,31168,0,0,0,4689768,4689768,4438
89986,165,424,1011,5,0,31168,0,0,0,4690545,4690545,4438
90001,165,444,1011,5,0,31168,0,0,0,4691318,4691318,4438
90016,165,468,1011,5,0,31168,0,0,0,4692145,4692145,4438
90031,165,492,1011,5,0,31168,0,0,0,4692951,4692951,4438
90046,165,516,1011,5,0,31168,0,0,0,4693725,4693725,4438
90062,165,541,1011,5,0,31168,0,0,0,4694456,4694456,4438
90077,165,563,1011,5,0,31168,0,0,0,4695225,4695225,4438
90093,165,585,1011,5,0,31168,0,0,0,4696035,4696035,4438
90109,165,602,1011,5,0,31168,0,0,0,4696846,4696846,4438
90124,165,628,1011,5,0,31168,0,0,0,4697648,4697648,4438
90140,165,665,1011,5,0,31168,0,0,0,4698494,4698494,4438
90157,165,689,1011,5,0,31168,0,0,0,4699319,4699319,4438
90173,165,716,1011,5,0,31168,0,0,0,4700078,4700078,4438
90189,165,741,1011,5,0,31168,0,0,0,4700858,4700858,4438
90204,165,773,1011,5,0,31168,0,0,0,4701630,4701630,4438
90220,165,801,1011,5,0,31168,0,0,0,4702420,4702420,4438
90236,165,823,1011,5,0,31168,0,0,0,4703192,4703192,4438
90251,165,861,1011,5,0,31168,0,0,0,4704023,4704023,4438
90268,165,890,1011,5,0,31168,0,0,0,4704884,4704884,4438
90284,165,911,1011,5,0,31168,0,0,0,4705643,4705643,4438
90300,165,952,1011,5,0,31168,0,0,0,4706459,4706459,4438
90319,166,978,1011,5,0,31168,0,0,0,4707139,4707139,4438
90335,166,1004,1011,5,0,31168,0,0,0,4707972,4707972,4438
90350,166,11,1011,5,0,31168,0,0,0,4708774,4708774,4438
90367,166,60,1011,5,0,31168,0,0,0,4709628,4709628,4438
90382,166,114,1011,5,0,31168,0,0,0,4710533,4710533,4438
90399,166,143,1011,5,0,31168,0,0,0,4711448,4711448,4438
90414,166,164,1011,5,0,31168,0,0,0,4712286,4712286,4438
90429,166,187,1011,5,0,31168,0,0,0,4713126,4713126,4438
90445,166,207,1011,5,0,31168,0,0,0,4713947,4713947,4438
90461,166,230,1011,5,0,31168,0,0,0,4714797,4714797,4438
90477,166,259,1011,5,0,31168,0,0,0,4715642,4715642,4438
90493,166,285,1011,5,0,31168,0,0,0,4716443,4716443,4438
90508,166,312,1011,5,0,31168,0,0,0,4717136,4717136,4438
90523,166,334,1011,5,0,31168,0,0,0,4717935,4717935,4438
90538,166,356,1011,5,0,31168,0,0,0,4718779,4718779,4438
90554,166,389,1011,5,0,31168,0,0,0,4719588,4719588,4438
90569,166,409,1011,5,0,31168,0,0,0,4720363,4720363,4438
90586,166,434,1011,5,0,31168,0,0,0,4721158,4721158,4438
90602,166,448,1011,5,0,31168,0,0,0,4722011,4722011,4438
90617,166,474,1011,5,0,31168,0,0,0,4722858,4722858,4438
90634,166,494,1011,5,0,31168,0,0,0,4723718,4723718,4438
90650,166,521,1011,5,0,31168,0,0,0,4724592,4724592,4438
90666,166,550,1011,5,0,31168,0,0,0,4725360,4725360,4438
90683,166,577,1011,5,0,31168,0,0,0,4726275,4726275,4438
90699,166,594,1011,5,0,31168,0,0,0,4727081,4727081,4438
90714,166,614,1011,5,0,31168,0,0,0,4727749,4727749,4438
90730,166,636,1011,5,0,31168,0,0,0,4728541,4728541,4438
90746,166,660,1011,5,0,31168,0,0,0,4729323,4729323,4438
90761,166,684,1011,5,0,31168,0,0,0,4730114,4730114,4438
90776,166,729,1011,5,0,31168,0,0,0,4730842,4730842,4438
90792,166,760,1011,5,0,31168,0,0,0,4731548,4731548,4438
90808,166,790,1011,5,0,31168,0,0,0,4732307,4732307,4438
90824,166,816,1011,5,0,31168,0,0,0,4733039,4733039,4438
90839,166,858,1011,5,0,31168,0,0,0,4733858,4733858,4438
90855,166,890,1011,5,0,31168,0,0,0,4734602,4734602,4438
90871,166,929,1011,5,0,31168,0,0,0,4735389,4735389,4438
90886,166,955,1011,5,0,31168,0,0,0,4736175,4736175,4438
90905,167,978,1011,5,0,31168,0,0,0,4736730,4736730,4438
90921,167,996,1011,5,0,31168,0,0,0,4737541,4737541,4438
90937,167,6,1011,5,0,31168,0,0,0,4738399,4738399,4438
90952,167,44,1011,5,0,31168,0,0,0,4739270,4739270,4438
90967,167,113,1011,5,0,31168,0,0,0,4740093,4740093,4438
90983,167,141,1011,5,0,31168,0,0,0,4741074,4741074,4438
90999,167,160,1011,5,0,31168,0,0,0,4741913,4741913,4438
91014,167,179,1011,5,0,31168,0,0,0,4742733,4742733,4438
91030,167,201,1011,5,0,31168,0,0,0,4743588,4743588,4438
91046,167,223,1011,5,0,31168,0,0,0,4744475,4744475,4438
91062,167,238,1011,5,0,31168,0,0,0,4745263,4745263,4438
91077,167,259,1011,5,0,31168,0,0,0,4745978,4745978,4438
91093,167,300,1011,5,0,31168,0,0,0,4746767,4746767,4438
91109,167,321,1011,5,0,31168,0,0,0,4747651,4747651,4438
91124,167,338,1011,5,0,31168,0,0,0,4748421,4748421,4438
91141,167,375,1011,5,0,31168,0,0,0,4749296,4749296,4438
91157,167,399,1011,5,0,31168,0,0,0,4750083,4750083,4438
91173,167,429,1011,5,0,31168,0,0,0,4750946,4750946,4438
91188,167,450,1011,5,0,31168,0,0,0,4751755,4751755,4438
91203,167,474,1011,5,0,31168,0,0,0,4752600,4752600,4438
91220,167,504,1011,5,0,31168,0,0,0,4753496,4753496,4438
91236,167,528,1011,5,0,31168,0,0,0,4754306,4754306,4438
91252,167,553,1011,5,0,31168,0,0,0,4755083,4755083,4438
91268,167,577,1011,5,0,31168,0,0,0,4755921,4755921,4438
91283,167,603,1011,5,0,31168,0,0,0,4756688,4756688,4438
91298,167,635,1011,5,0,31168,0,0,0,4757419,4757419,4438
91315,167,668,1011,5,0,31168,0,0,0,4758272,4758272,4438
91330,167,696,1011,5,0,31168,0,0,0,4759059,4759059,4438
91345,167,728,1011,5,0,31168,0,0,0,4759745,4759745,4438
91361,167,755,1011,5,0,31168,0,0,0,4760491,4760491,4438
91377,167,782,1011,5,0,31168,0,0,0,4761335,4761335,4438
91394,167,812,1011,5,0,31168,0,0,0,4762187,4762187,4438
91409,167,851,1011,5,0,31168,0,0,0,4762994,4762994,4438
91424,167,880,1011,5,0,31168,0,0,0,4763763,4763763,4438
91440,167,907,1011,5,0,31168,0,0,0,4764608,4764608,4438
91456,167,948,1011,5,0,31168,0,0,0,4765490,4765490,4438
91473,168,973,1011,5,0,31168,0,0,0,4766376,4766376,4438
91488,168,1004,1011,4,0,31168,0,0,0,4767108,4767108,4438
91504,168,7,1011,4,0,31168,0,0,0,4768012,4768012,4438
91520,168,23,1011,4,0,31168,0,0,0,4768855,4768855,4438
91536,168,75,1011,4,0,31168,0,0,0,4769679,4769679,4438
91552,168,113,1011,4,0,31168,0,0,0,4770525,4770525,4438
91567,168,137,1011,4,0,31168,0,0,0,4771378,4771378,4438
91583,168,148,1011,4,0,31168,0,0,0,4772187,4772187,4438
91598,168,163,1011,4,0,31168,0,0,0,4773042,4773042,4438
91613,168,181,1011,4,0,31168,0,0,0,4773871,4773871,4438
91629,168,196,1011,4,0,31168,0,0,0,4774676,4774676,4438
91644,168,220,1011,4,0,31168,0,0,0,4775431,4775431,4438
91659,168,236,1011,4,0,31168,0,0,0,4776241,4776241,4438
91676,168,259,1011,4,0,31168,0,0,0,4777025,4777025,4438
91692,168,286,1011,4,0,31168,0,0,0,4777814,4777814,4438
91708,168,312,1011,4,0,31168,0,0,0,4778525,4778525,4438
91723,168,327,1011,4,0,31168,0,0,0,4779316,4779316,4438
91738,168,347,1011,4,0,31168,0,0,0,4780099,4780099,4438
91754,168,376,1011,4,0,31168,0,0,0,4780928,4780928,4438
91769,168,396,1011,4,0,31168,0,0,0,4781703,4781703,4438
91785,168,416,1011,4,0,31168,0,0,0,4782472,4782472,4438
91802,168,436,1011,4,0,31168,0,0,0,4783275,4783275,4438
91817,168,456,1011,4,0,31168,0,0,0,4784082,4784082,4438
91833,168,478,1011,4,0,31168,0,0,0,4784833,4784833,4438
91849,168,499,1011,4,0,31168,0,0,0,4785664,4785664,4438
91865,168,524,1011,4,0,31168,0,0,0,4786457,4786457,4438
91881,168,550,1011,4,0,31168,0,0,0,4787169,4787169,4438
91897,168,572,1011,4,0,31168,0,0,0,4787984,4787984,4438
91912,168,596,1011,4,0,31168,0,0,0,4788742,4788742,4438
91929,168,620,1011,4,0,31168,0,0,0,4789550,4789550,4438
91944,168,655,1011,4,0,31168,0,0,0,4790386,4790386,4438
91960,168,684,1011,4,0,31168,0,0,0,4791199,4791199,4438
91976,168,716,1011,4,0,31168,0,0,0,4791911,4791911,4438
91992,168,741,1011,4,0,31168,0,0,0,4792649,4792649,4438
92007,168,784,1011,4,0,31168,0,0,0,4793419,4793419,4438
92022,168,817,1011,4,0,31168,0,0,0,4794209,4794209,4438
92037,168,860,1011,4,0,31168,0,0,0,4794990,4794990,4438
92053,168,891,1011,4,0,31168,0,0,0,4795818,4795818,4438
92068,168,914,1011,4,0,31168,0,0,0,4796548,4796548,4438
92085,168,939,1011,4,0,31168,0,0,0,4797338,4797338,4438
92101,169,971,1011,4,0,31168,0,0,0,4798216,4798216,4438
92117,169,979,1011,4,0,31168,0,0,0,4798635,4798635,4438
92132,169,995,1011,4,0,31168,0,0,0,4799408,4799408,4438
92148,169,3,1011,4,0,31168,0,0,0,4800269,4800269,4438
92165,169,23,1011,4,0,31168,0,0,0,4801169,4801169,4438
92181,169,99,1011,4,0,31168,0,0,0,4801977,4801977,4438
92196,169,115,1011,4,0,31168,0,0,0,4802774,4802774,4438
92212,169,142,1011,4,0,31168,0,0,0,4803667,4803667,4438
92228,169,156,1011,4,0,31168,0,0,0,4804489,4804489,4438
92243,169,171,1011,4,0,31168,0,0,0,4805283,4805283,4438
92260,169,188,1011,4,0,31168,0,0,0,4806152,4806152,4438
92277,169,208,1011,4,0,31168,0,0,0,4807082,4807082,4438
92292,169,227,1011,4,0,31168,0,0,0,4807863,4807863,4438
92309,169,241,1011,4,0,31168,0,0,0,4808755,4808755,4438
92326,169,271,1011,4,0,31168,0,0,0,4809633,4809633,4438
92341,169,300,1011,4,0,31168,0,0,0,4810369,4810369,4438
92356,169,322,1011,4,0,31168,0,0,0,4811202,4811202,4438
92371,169,338,1011,4,0,31168,0,0,0,4811906,4811906,4438
92387,169,364,1011,4,0,31168,0,0,0,4812754,4812754,4438
92404,169,389,1011,4,0,31168,0,0,0,4813636,4813636,4438
92419,169,414,1011,4,0,31168,0,0,0,4814383,4814383,4438
92434,169,442,1011,4,0,31168,0,0,0,4815136,4815136,4438
92449,169,467,1011,4,0,31168,0,0,0,4815923,4815923,4438
92466,169,492,1011,4,0,31168,0,0,0,4816781,4816781,4438
92483,169,524,1011,4,0,31168,0,0,0,4817638,4817638,4438
92498,169,557,1011,4,0,31168,0,0,0,4818433,4818433,4438
92514,169,588,1011,4,0,31168,0,0,0,4819228,4819228,4438
92530,169,615,1011,4,0,31168,0,0,0,4820030,4820030,4438
92547,169,648,1011,4,0,31168,0,0,0,4820856,4820856,4438
92562,169,675,1011,4,0,31168,0,0,0,4821698,4821698,4438
92579,169,702,1011,4,0,31168,0,0,0,4822422,4822422,4438
92595,169,735,1011,4,0,31168,0,0,0,4823180,4823180,4438
92611,169,760,1011,4,0,31168,0,0,0,4823911,4823911,4438
92626,169,790,1011,4,0,31168,0,0,0,4824701,4824701,4438
92641,169,816,1011,4,0,31168,0,0,0,4825504,4825504,4438
92658,169,836,1011,4,0,31168,0,0,0,4826192,4826192,4438
92673,169,880,1011,4,0,31168,0,0,0,4826960,4826960,4438
92688,169,901,1011,4,0,31168,0,0,0,4827691,4827691,4438
92705,169,931,1011,4,0,31168,0,0,0,4828560,4828560,4438
92720,169,953,1011,4,0,31168,0,0,0,4829244,4829244,4438
92747,170,978,1011,4,0,31168,0,0,0,4830038,4830038,4438
92763,170,996,1011,3,0,31168,0,0,0,4830801,4830801,4438
92778,170,4,1011,3,0,31168,0,0,0,4831626,4831626,4438
92794,170,16,1011,3,0,31168,0,0,0,4832400,4832400,4438
92809,170,60,1011,3,0,31168,0,0,0,4833196,4833196,4438
92824,170,110,1011,3,0,31168,0,0,0,4834002,4834002,4438
92840,170,140,1011,3,0,31168,0,0,0,4834897,4834897,4438
92856,170,156,1011,3,0,31168,0,0,0,4835819,4835819,4438
92872,170,179,1011,3,0,31168,0,0,0,4836664,4836664,4438
92887,170,200,1011,3,0,31168,0,0,0,4837492,4837492,4438
92903,170,221,1011,3,0,31168,0,0,0,4838354,4838354,4438
92918,170,234,1011,3,0,31168,0,0,0,4839188,4839188,4438
92935,170,260,1011,3,0,31168,0,0,0,4840030,4840030,4438
92950,170,300,1011,3,0,31168,0,0,0,4840828,4840828,4438
92965,170,327,1011,3,0,31168,0,0,0,4841662,4841662,4438
92980,170,350,1011,3,0,31168,0,0,0,4842520,4842520,4438
92996,170,376,1011,3,0,31168,0,0,0,4843276,4843276,4438
93011,170,398,1011,3,0,31168,0,0,0,4844056,4844056,4438
93026,170,427,1011,3,0,31168,0,0,0,4844902,4844902,4438
93042,170,438,1011,3,0,31168,0,0,0,4845610,4845610,4438
93058,170,453,1011,3,0,31168,0,0,0,4846461,4846461,4438
93074,170,478,1011,3,0,31168,0,0,0,4847322,4847322,4438
93089,170,504,1011,3,0,31168,0,0,0,4848068,4848068,4438
93105,170,528,1011,3,0,31168,0,0,0,4848903,4848903,4438
93121,170,550,1011,3,0,31168,0,0,0,4849686,4849686,4438
93138,170,579,1011,3,0,31168,0,0,0,4850543,4850543,4438
93154,170,602,1011,3,0,31168,0,0,0,4851364,4851364,4438
93170,170,624,1011,3,0,31168,0,0,0,4852202,4852202,4438
93186,170,643,1011,3,0,31168,0,0,0,4853020,4853020,4438
93202,170,671,1011,3,0,31168,0,0,0,4853870,4853870,4438
93218,170,704,1011,3,0,31168,0,0,0,4854649,4854649,4438
93234,170,735,1011,3,0,31168,0,0,0,4855500,4855500,4438
93250,170,767,1011,3,0,31168,0,0,0,4856284,4856284,4438
93266,170,801,1011,3,0,31168,0,0,0,4857136,4857136,4438
93281,170,836,1011,3,0,31168,0,0,0,4857913,4857913,4438
93297,170,882,1011,3,0,31168,0,0,0,4858762,4858762,4438
93313,170,900,1011,3,0,31168,0,0,0,4859610,4859610,4438
93330,170,937,1011,3,0,31168,0,0,0,4860379,4860379,4438
93347,171,967,1011,3,0,31168,0,0,0,4861277,4861277,4438
93362,171,995,1011,3,0,31168,0,0,0,4861983,4861983,4438
93377,171,8,1011,2,0,31168,0,0,0,4862782,4862782,4438
93394,171,26,1011,2,0,31168,0,0,0,4863699,4863699,4438
93410,171,87,1011,2,0,31168,0,0,0,4864554,4864554,4438
93426,171,128,1011,2,0,31168,0,0,0,4865375,4865375,4438
93441,171,145,1011,2,0,31168,0,0,0,4866196,4866196,4438
93456,171,158,1011,2,0,31168,0,0,0,4866987,4866987,4438
93471,171,172,1011,2,0,31168,0,0,0,4867845,4867845,4438
93488,171,193,1011,2,0,31168,0,0,0,4868732,4868732,4438
93503,171,214,1011,2,0,31168,0,0,0,4869581,4869581,4438
93519,171,230,1011,2,0,31168,0,0,0,4870421,4870421,4438
93535,171,252,1011,2,0,31168,0,0,0,4871293,4871293,4438
93552,171,275,1011,2,0,31168,0,0,0,4872035,4872035,4438
93567,171,309,1011,2,0,31168,0,0,0,4872841,4872841,4438
93583,171,331,1011,2,0,31168,0,0,0,4873668,4873668,4438
93600,171,345,1011,2,0,31168,0,0,0,4874486,4874486,4438
93615,171,370,1011,2,0,31168,0,0,0,4875253,4875253,4438
93631,171,397,1011,2,0,31168,0,0,0,4876084,4876084,4438
93648,171,429,1011,2,0,31168,0,0,0,4876926,4876926,4438
93664,171,450,1011,2,0,31168,0,0,0,4877828,4877828,4438
93680,171,475,1011,2,0,31168,0,0,0,4878672,4878672,4438
93696,171,492,1011,2,0,31168,0,0,0,4879480,4879480,4438
93712,171,520,1011,2,0,31168,0,0,0,4880275,4880275,4438
93729,171,538,1011,2,0,31168,0,0,0,4881059,4881059,4438
93744,171,574,1011,2,0,31168,0,0,0,4881818,4881818,4438
93760,171,596,1011,2,0,31168,0,0,0,4882655,4882655,4438
93776,171,619,1011,2,0,31168,0,0,0,4883393,4883393,4438
93792,171,651,1011,2,0,31168,0,0,0,4884160,4884160,4438
93807,171,684,1011,2,0,31168,0,0,0,4884984,4884984,4438
93823,171,716,1011,2,0,31168,0,0,0,4885772,4885772,4438
93838,171,760,1011,2,0,31168,0,0,0,4886465,4886465,4438
93854,171,791,1011,2,0,31168,0,0,0,4887309,4887309,4438
93869,171,815,1011,2,0,31168,0,0,0,4888017,4888017,4438
93884,171,848,1011,2,0,31168,0,0,0,4888759,4888759,4438
93900,171,884,1011,2,0,31168,0,0,0,4889520,4889520,4438
93916,171,909,1011,2,0,31168,0,0,0,4890307,4890307,4438
93933,171,941,1011,2,0,31168,0,0,0,4891200,4891200,4438
93949,172,967,1011,2,0,31168,0,0,0,4892102,4892102,4438
93966,172,988,1011,2,0,31168,0,0,0,4892779,4892779,4438
93981,172,1,1011,2,0,31168,0,0,0,4893568,4893568,4438
93996,172,19,1011,2,0,31168,0,0,0,4894371,4894371,4438
94012,172,69,1011,2,0,31168,0,0,0,4895188,4895188,4438
94028,172,125,1011,2,0,31168,0,0,0,4896088,4896088,4438
94043,172,143,1011,2,0,31168,0,0,0,4896963,4896963,4438
94059,172,157,1011,2,0,31168,0,0,0,4897792,4897792,4438
94074,172,181,1011,2,0,31168,0,0,0,4898613,4898613,4438
94089,172,201,1011,2,0,31168,0,0,0,4899441,4899441,4438
94105,172,224,1011,2,0,31168,0,0,0,4900252,4900252,4438
94121,172,244,1011,2,0,31168,0,0,0,4901172,4901172,4438
94136,172,273,1011,2,0,31168,0,0,0,4901957,4901957,4438
94152,172,301,1011,2,0,31168,0,0,0,4902737,4902737,4438
94168,172,327,1011,2,0,31168,0,0,0,4903574,4903574,4438
94183,172,352,1011,2,0,31168,0,0,0,4904396,4904396,4438
94199,172,380,1011,2,0,31168,0,0,0,4905183,4905183,4438
94214,172,403,1011,2,0,31168,0,0,0,4905931,4905931,4438
94230,172,434,1011,2,0,31168,0,0,0,4906700,4906700,4438
94245,172,453,1011,2,0,31168,0,0,0,4907484,4907484,4438
94261,172,478,1011,2,0,31168,0,0,0,4908331,4908331,4438
94276,172,510,1011,2,0,31168,0,0,0,4909090,4909090,4438
94292,172,533,1011,2,0,31168,0,0,0,4909870,4909870,4438
94307,172,562,1011,2,0,31168,0,0,0,4910623,4910623,4438
94323,172,586,1011,2,0,31168,0,0,0,4911422,4911422,4438
94338,172,613,1011,2,0,31168,0,0,0,4912262,4912262,4438
94355,172,646,1011,2,0,31168,0,0,0,4913109,4913109,4438
94370,172,682,1011,2,0,31168,0,0,0,4913859,4913859,4438
94387,172,715,1011,2,0,31168,0,0,0,4914753,4914753,4438
94403,172,743,1011,2,0,31168,0,0,0,4915525,4915525,4438
94421,172,773,1011,2,0,31168,0,0,0,4916348,4916348,4438
94436,172,803,1011,2,0,31168,0,0,0,4917035,4917035,4438
94451,172,835,1011,2,0,31168,0,0,0,4917821,4917821,4438
94467,172,862,1011,2,0,31168,0,0,0,4918685,4918685,4438
94483,172,900,1011,2,0,31168,0,0,0,4919542,4919542,4438
94499,172,924,1011,2,0,31168,0,0,0,4920292,4920292,4438
94514,172,952,1011,2,0,31168,0,0,0,4921060,4921060,4438
94530,173,984,1011,2,0,31168,0,0,0,4921908,4921908,4438
94546,173,1004,1011,2,0,31168,0,0,0,4922739,4922739,4438
94562,173,9,1011,2,0,31168,0,0,0,4923690,4923690,4438
94578,173,35,1011,2,0,31168,0,0,0,4924573,4924573,4438
94593,173,77,1011,2,0,31168,0,0,0,4925390,4925390,4438
94609,173,116,1011,2,0,31168,0,0,0,4926258,4926258,4438
94624,173,141,1011,2,0,31168,0,0,0,4927121,4927121,4438
94640,173,156,1011,2,0,31168,0,0,0,4927889,4927889,4438
94655,173,171,1011,2,0,31168,0,0,0,4928742,4928742,4438
94672,173,189,1011,2,0,31168,0,0,0,4929625,4929625,4438
94688,173,215,1011,2,0,31168,0,0,0,4930513,4930513,4438
94704,173,230,1011,2,0,31168,0,0,0,4931271,4931271,4438
94720,173,245,1011,2,0,31168,0,0,0,4932188,4932188,4438
94735,173,275,1011,2,0,31168,0,0,0,4932943,4932943,4438
94750,173,300,1011,2,0,31168,0,0,0,4933710,4933710,4438
94766,173,323,1011,2,0,31168,0,0,0,4934557,4934557,4438
94782,173,340,1011,2,0,31168,0,0,0,4935401,4935401,4438
94798,173,370,1011,2,0,31168,0,0,0,4936261,4936261,4438
94814,173,397,1011,2,0,31168,0,0,0,4937100,4937100,4438
94830,173,426,1011,2,0,31168,0,0,0,4937897,4937897,4438
94845,173,443,1011,2,0,31168,0,0,0,4938712,4938712,4438
94861,173,465,1011,2,0,31168,0,0,0,4939652,4939652,4438
94877,173,484,1011,2,0,31168,0,0,0,4940519,4940519,4438
94894,173,510,1011,2,0,31168,0,0,0,4941330,4941330,4438
94909,173,532,1011,2,0,31168,0,0,0,4942148,4942148,4438
94924,173,553,1011,2,0,31168,0,0,0,4942911,4942911,4438
94939,173,577,1011,2,0,31168,0,0,0,4943713,4943713,4438
94955,173,602,1011,2,0,31168,0,0,0,4944498,4944498,4438
94971,173,627,1011,2,0,31168,0,0,0,4945357,4945357,4438
94987,173,671,1011,2,0,31168,0,0,0,4946173,4946173,4438
95003,173,696,1011,2,0,31168,0,0,0,4946913,4946913,4438
95018,173,728,1011,2,0,31168,0,0,0,4947679,4947679,4438
95033,173,757,1011,2,0,31168,0,0,0,4948399,4948399,4438
95049,173,783,1011,2,0,31168,0,0,0,4949122,4949122,4438
95065,173,801,1011,2,0,31168,0,0,0,4949867,4949867,4438
95082,173,828,1011,2,0,31168,0,0,0,4950704,4950704,4438
95097,173,861,1011,2,0,31168,0,0,0,4951465,4951465,4438
95113,173,895,1011,2,0,31168,0,0,0,4952237,4952237,4438
95128,173,913,1011,2,0,31168,0,0,0,4952993,4952993,4438
95145,173,940,1011,2,0,31168,0,0,0,4953780,4953780,4438
95160,174,972,1011,2,0,31168,0,0,0,4954639,4954639,4438
95176,174,999,1011,2,0,31168,0,0,0,4955316,4955316,4438
95191,174,15,1011,2,0,31168,0,0,0,4956209,4956209,4438
95206,174,44,1011,2,0,31168,0,0,0,4957013,4957013,4438
95222,174,104,1011,2,0,31168,0,0,0,4957883,4957883,4438
95238,174,129,1011,2,0,31168,0,0,0,4958740,4958740,4438
95254,174,151,1011,2,0,31168,0,0,0,4959608,4959608,4438
95270,174,173,1011,2,0,31168,0,0,0,4960525,4960525,4438
95286,174,199,1011,2,0,31168,0,0,0,4961388,4961388,4438
95301,174,219,1011,2,0,31168,0,0,0,4962258,4962258,4438
95317,174,236,1011,2,0,31168,0,0,0,4963081,4963081,4438
95332,174,271,1011,2,0,31168,0,0,0,4963864,4963864,4438
95348,174,304,1011,2,0,31168,0,0,0,4964700,4964700,4438
95364,174,323,1011,2,0,31168,0,0,0,4965536,4965536,4438
95380,174,350,1011,2,0,31168,0,0,0,4966376,4966376,4438
95396,174,380,1011,2,0,31168,0,0,0,4967170,4967170,4438
95411,174,404,1011,2,0,31168,0,0,0,4967974,4967974,4438
95427,174,437,1011,2,0,31168,0,0,0,4968791,4968791,4438
95442,174,451,1011,2,0,31168,0,0,0,4969581,4969581,4438
95458,174,477,1011,2,0,31168,0,0,0,4970403,4970403,4438
95474,174,505,1011,2,0,31168,0,0,0,4971220,4971220,4438
95490,174,524,1011,2,0,31168,0,0,0,4972030,4972030,4438
95505,174,553,1011,2,0,31168,0,0,0,4972844,4972844,4438
95521,174,583,1011,2,0,31168,0,0,0,4973644,4973644,4438
95536,174,603,1011,2,0,31168,0,0,0,4974435,4974435,4438
95552,174,627,1011,2,0,31168,0,0,0,4975222,4975222,4438
95568,174,665,1011,2,0,31168,0,0,0,4976079,4976079,4438
95583,174,689,1011,2,0,31168,0,0,0,4976864,4976864,4438
95598,174,721,1011,2,0,31168,0,0,0,4977633,4977633,4438
95615,174,759,1011,2,0,31168,0,0,0,4978432,4978432,4438
95631,174,794,1011,2,0,31168,0,0,0,4979293,4979293,4438
95648,174,820,1011,2,0,31168,0,0,0,4980071,4980071,4438
95663,174,860,1011,2,0,31168,0,0,0,4980867,4980867,4438
95679,174,881,1011,2,0,31168,0,0,0,4981542,4981542,4438
95695,174,900,1011,2,0,31168,0,0,0,4982282,4982282,4438
95711,174,937,1011,2,0,31168,0,0,0,4983050,4983050,4438
95726,175,967,1011,2,0,31168,0,0,0,4983925,4983925,4438
95743,175,996,1011,2,0,31168,0,0,0,4984645,4984645,4438
95758,175,4,1011,2,0,31168,0,0,0,4985490,4985490,4438
95773,175,30,1011,2,0,31168,0,0,0,4986340,4986340,4438
95789,175,109,1011,2,0,31168,0,0,0,4987218,4987218,4438
95804,175,137,1011,2,0,31168,0,0,0,4988094,4988094,4438
95819,175,151,1011,2,0,31168,0,0,0,4988935,4988935,4438
95835,175,167,1011,2,0,31168,0,0,0,4989820,4989820,4438
95851,175,187,1011,2,0,31168,0,0,0,4990573,4990573,4438
95866,175,207,1011,2,0,31168,0,0,0,4991331,4991331,4438
95881,175,230,1011,2,0,31168,0,0,0,4992124,4992124,4438
95897,175,250,1011,2,0,31168,0,0,0,4992916,4992916,4438
95914,175,281,1011,2,0,31168,0,0,0,4993750,4993750,4438
95929,175,303,1011,2,0,31168,0,0,0,4994540,4994540,4438
95946,175,333,1011,2,0,31168,0,0,0,4995404,4995404,4438
95961,175,353,1011,2,0,31168,0,0,0,4996204,4996204,4438
95977,175,375,1011,2,0,31168,0,0,0,4996916,4996916,4438
95994,175,398,1011,2,0,31168,0,0,0,4997683,4997683,4438
96010,175,427,1011,2,0,31168,0,0,0,4998488,4998488,4438
96027,175,443,1011,2,0,31168,0,0,0,4999257,4999257,4438
96042,175,465,1011,2,0,31168,0,0,0,5000063,5000063,4438
96059,175,484,1011,2,0,31168,0,0,0,5000898,5000898,4438
96074,175,509,1011,2,0,31168,0,0,0,5001675,5001675,4438
96091,175,528,1011,2,0,31168,0,0,0,5002501,5002501,4438
96106,175,562,1011,2,0,31168,0,0,0,5003298,5003298,4438
96121,175,591,1011,2,0,31168,0,0,0,5004037,5004037,4438
96137,175,612,1011,2,0,31168,0,0,0,5004821,5004821,4438
96152,175,636,1011,2,0,31168,0,0,0,5005567,5005567,4438
96168,175,665,1011,2,0,31168,0,0,0,5006398,5006398,4438
96185,175,698,1011,2,0,31168,0,0,0,5007214,5007214,4438
96201,175,721,1011,2,0,31168,0,0,0,5007942,5007942,4438
96216,175,746,1011,2,0,31168,0,0,0,5008641,5008641,4438
96233,175,782,1011,2,0,31168,0,0,0,5009390,5009390,4438
96248,175,806,1011,2,0,31168,0,0,0,5010112,5010112,4438
96264,175,832,1011,2,0,31168,0,0,0,5010845,5010845,4438
96280,175,873,1011,2,0,31168,0,0,0,5011597,5011597,4438
96296,175,904,1011,2,0,31168,0,0,0,5012392,5012392,4438
96312,175,931,1011,2,0,31168,0,0,0,5013172,5013172,4438
96327,175,958,1011,2,0,31168,0,0,0,5013898,5013898,4438
96343,176,990,1011,2,0,31168,0,0,0,5014691,5014691,4438
96359,176,0,1011,2,0,31168,0,0,0,5015539,5015539,4438
96374,176,21,1011,2,0,31168,0,0,0,5016355,5016355,4438
96389,176,62,1011,2,0,31168,0,0,0,5017108,5017108,4438
96406,176,113,1011,2,0,31168,0,0,0,5017904,5017904,4438
96421,176,142,1011,2,0,31168,0,0,0,5018721,5018721,4438
96437,176,161,1011,2,0,31168,0,0,0,5019552,5019552,4438
96452,176,189,1011,2,0,31168,0,0,0,5020365,5020365,4438
96467,176,209,1011,2,0,31168,0,0,0,5021109,5021109,4438
96483,176,228,1011,2,0,31168,0,0,0,5021909,5021909,4438
96499,176,248,1011,2,0,31168,0,0,0,5022714,5022714,4438
96516,176,275,1011,2,0,31168,0,0,0,5023561,5023561,4438
96532,176,301,1011,2,0,31168,0,0,0,5024271,5024271,4438
96548,176,332,1011,2,0,31168,0,0,0,5025115,5025115,4438
96564,176,345,1011,2,0,31168,0,0,0,5025906,5025906,4438
96579,176,369,1011,2,0,31168,0,0,0,5026657,5026657,4438
96596,176,396,1011,2,0,31168,0,0,0,5027505,5027505,4438
96611,176,415,1011,2,0,31168,0,0,0,5028240,5028240,4438
96628,176,441,1011,2,0,31168,0,0,0,5029057,5029057,4438
96646,176,458,1011,2,0,31168,0,0,0,5029913,5029913,4438
96662,176,482,1011,2,0,31168,0,0,0,5030760,5030760,4438
96680,176,509,1011,2,0,31168,0,0,0,5031585,5031585,4438
96695,176,531,1011,2,0,31168,0,0,0,5032409,5032409,4438
96711,176,567,1011,2,0,31168,0,0,0,5033221,5033221,4438
96726,176,597,1011,2,0,31168,0,0,0,5033936,5033936,4438
96741,176,628,1011,2,0,31168,0,0,0,5034684,5034684,4438
96758,176,662,1011,2,0,31168,0,0,0,5035587,5035587,4438
96773,176,698,1011,2,0,31168,0,0,0,5036322,5036322,4438
96789,176,722,1011,2,0,31168,0,0,0,5036988,5036988,4438
96805,176,756,1011,2,0,31168,0,0,0,5037789,5037789,4438
96821,176,783,1011,2,0,31168,0,0,0,5038581,5038581,4438
96838,176,815,1011,2,0,31168,0,0,0,5039475,5039475,4438
96853,176,838,1011,2,0,31168,0,0,0,5040208,5040208,4438
96869,176,873,1011,2,0,31168,0,0,0,5041076,5041076,4438
96884,176,901,1011,2,0,31168,0,0,0,5041845,5041845,4438
96900,176,930,1011,2,0,31168,0,0,0,5042652,5042652,4438
96915,177,967,1011,2,0,31168,0,0,0,5043454,5043454,4438
96930,177,992,1011,2,0,31168,0,0,0,5044113,5044113,4438
96947,177,5,1011,2,0,31168,0,0,0,5045031,5045031,4438
96963,177,23,1011,2,0,31168,0,0,0,5045933,5045933,4438
96979,177,100,1011,2,0,31168,0,0,0,5046765,5046765,4438
96995,177,118,1011,2,0,31168,0,0,0,5047667,5047667,4438
97011,177,145,1011,2,0,31168,0,0,0,5048490,5048490,4438
97026,177,160,1011,2,0,31168,0,0,0,5049284,5049284,4438
97043,177,182,1011,2,0,31168,0,0,0,5050212,5050212,4438
97058,177,207,1011,2,0,31168,0,0,0,5051034,5051034,4438
97074,177,230,1011,2,0,31168,0,0,0,5051933,5051933,4438
97090,177,256,1011,2,0,31168,0,0,0,5052830,5052830,4438
97106,177,298,1011,2,0,31168,0,0,0,5053690,5053690,4438
97123,177,321,1011,2,0,31168,0,0,0,5054561,5054561,4438
97138,177,340,1011,2,0,31168,0,0,0,5055395,5055395,4438
97154,177,370,1011,2,0,31168,0,0,0,5056154,5056154,4438
97170,177,395,1011,2,0,31168,0,0,0,5056954,5056954,4438
97185,177,415,1011,2,0,31168,0,0,0,5057742,5057742,4438
97201,177,448,1011,2,0,31168,0,0,0,5058591,5058591,4438
97216,177,478,1011,2,0,31168,0,0,0,5059423,5059423,4438
97231,177,504,1011,2,0,31168,0,0,0,5060143,5060143,4438
97247,177,527,1011,2,0,31168,0,0,0,5060997,5060997,4438
97263,177,552,1011,2,0,31168,0,0,0,5061764,5061764,4438
97279,177,577,1011,2,0,31168,0,0,0,5062490,5062490,4438
97295,177,603,1011,2,0,31168,0,0,0,5063326,5063326,4438
97310,177,628,1011,2,0,31168,0,0,0,5064108,5064108,4438
97327,177,668,1011,2,0,31168,0,0,0,5065009,5065009,4438
97343,177,698,1011,2,0,31168,0,0,0,5065811,5065811,4438
97358,177,729,1011,2,0,31168,0,0,0,5066619,5066619,4438
97375,177,757,1011,2,0,31168,0,0,0,5067412,5067412,4438
97390,177,784,1011,2,0,31168,0,0,0,5068202,5068202,4438
97405,177,808,1011,2,0,31168,0,0,0,5068897,5068897,4438
97422,177,848,1011,2,0,31168,0,0,0,5069760,5069760,4438
97437,177,893,1011,2,0,31168,0,0,0,5070534,5070534,4438
97452,177,930,1011,2,0,31168,0,0,0,5071338,5071338,4438
97468,177,956,1011,2,0,31168,0,0,0,5072155,5072155,4438
97483,178,987,1011,2,0,31168,0,0,0,5072847,5072847,4438
97498,178,0,1011,2,0,31168,0,0,0,5073684,5073684,4438
97514,178,15,1011,2,0,31168,0,0,0,5074587,5074587,4438
97530,178,35,1011,2,0,31168,0,0,0,5075381,5075381,4438
97545,178,101,1011,2,0,31168,0,0,0,5076159,5076159,4438
97560,178,136,1011,2,0,31168,0,0,0,5077010,5077010,4438
97576,178,151,1011,2,0,31168,0,0,0,5077883,5077883,4438
97592,178,167,1011,2,0,31168,0,0,0,5078742,5078742,4438
97608,178,188,1011,2,0,31168,0,0,0,5079612,5079612,4438
97624,178,218,1011,2,0,31168,0,0,0,5080528,5080528,4438
97639,178,236,1011,2,0,31168,0,0,0,5081327,5081327,4438
97655,178,256,1011,2,0,31168,0,0,0,5082174,5082174,4438
97671,178,286,1011,2,0,31168,0,0,0,5083022,5083022,4438
97687,178,312,1011,2,0,31168,0,0,0,5083791,5083791,4438
97703,178,332,1011,2,0,31168,0,0,0,5084683,5084683,4438
97719,178,345,1011,2,0,31168,0,0,0,5085452,5085452,4438
97735,178,366,1011,2,0,31168,0,0,0,5086300,5086300,4438
97751,178,391,1011,2,0,31168,0,0,0,5087023,5087023,4438
97766,178,414,1011,2,0,31168,0,0,0,5087855,5087855,4438
97781,178,437,1011,2,0,31168,0,0,0,5088599,5088599,4438
97798,178,451,1011,2,0,31168,0,0,0,5089500,5089500,4438
97813,178,478,1011,2,0,31168,0,0,0,5090313,5090313,4438
97829,178,502,1011,2,0,31168,0,0,0,5091105,5091105,4438
97845,178,525,1011,2,0,31168,0,0,0,5091923,5091923,4438
97863,178,550,1011,2,0,31168,0,0,0,5092824,5092824,4438
97879,178,572,1011,2,0,31168,0,0,0,5093635,5093635,4438
97895,178,597,1011,2,0,31168,0,0,0,5094510,5094510,4438
97911,178,627,1011,2,0,31168,0,0,0,5095361,5095361,4438
97927,178,662,1011,2,0,31168,0,0,0,5096162,5096162,4438
97943,178,703,1011,2,0,31168,0,0,0,5097031,5097031,4438
97958,178,741,1011,2,0,31168,0,0,0,5097786,5097786,4438
97973,178,779,1011,2,0,31168,0,0,0,5098560,5098560,4438
97989,178,809,1011,2,0,31168,0,0,0,5099433,5099433,4438
98006,178,845,1011,2,0,31168,0,0,0,5100210,5100210,4438
98021,178,873,1011,2,0,31168,0,0,0,5101010,5101010,4438
98038,178,892,1011,2,0,31168,0,0,0,5101877,5101877,4438
98054,178,913,1011,2,0,31168,0,0,0,5102652,5102652,4438
98069,178,940,1011,2,0,31168,0,0,0,5103410,5103410,4438
98084,179,967,1011,2,0,31168,0,0,0,5104176,5104176,4438
98102,179,984,1011,2,0,31168,0,0,0,5104639,5104639,4438
98118,179,0,1011,2,0,31168,0,0,0,5105446,5105446,4438
98135,179,21,1011,2,0,31168,0,0,0,5106300,5106300,4438
98150,179,65,1011,2,0,31168,0,0,0,5107132,5107132,4438
98166,179,125,1011,2,0,31168,0,0,0,5108003,5108003,4438
98181,179,141,1011,2,0,31168,0,0,0,5108798,5108798,4438
98198,179,156,1011,2,0,31168,0,0,0,5109716,5109716,4438
98214,179,172,1011,2,0,31168,0,0,0,5110584,5110584,4438
98231,179,194,1011,2,0,31168,0,0,0,5111504,5111504,4438
98247,179,215,1011,2,0,31168,0,0,0,5112388,5112388,4438
98262,179,234,1011,2,0,31168,0,0,0,5113232,5113232,4438
98277,179,259,1011,2,0,31168,0,0,0,5114034,5114034,4438
98292,179,285,1011,2,0,31168,0,0,0,5114798,5114798,4438
98309,179,320,1011,2,0,31168,0,0,0,5115698,5115698,4438
98326,179,337,1011,2,0,31168,0,0,0,5116597,5116597,4438
98342,179,362,1011,2,0,31168,0,0,0,5117455,5117455,4438
98359,179,398,1011,2,0,31168,0,0,0,5118317,5118317,4438
98374,179,438,1011,2,0,31168,0,0,0,5119074,5119074,4438
98389,179,459,1011,2,0,31168,0,0,0,5119852,5119852,4438
98405,179,482,1011,2,0,31168,0,0,0,5120710,5120710,4438
98421,179,508,1011,2,0,31168,0,0,0,5121542,5121542,4438
98436,179,531,1011,2,0,31168,0,0,0,5122343,5122343,4438
98452,179,556,1011,2,0,31168,0,0,0,5123197,5123197,4438
98468,179,579,1011,2,0,31168,0,0,0,5124066,5124066,4438
98483,179,600,1011,2,0,31168,0,0,0,5124929,5124929,4438
98499,179,627,1011,2,0,31168,0,0,0,5125756,5125756,4438
98515,179,649,1011,2,0,31168,0,0,0,5126511,5126511,4438
98530,179,675,1011,2,0,31168,0,0,0,5127328,5127328,4438
98546,179,720,1011,2,0,31168,0,0,0,5128117,5128117,4438
98561,179,748,1011,2,0,31168,0,0,0,5128853,5128853,4438
98577,179,783,1011,2,0,31168,0,0,0,5129573,5129573,4438
98592,179,812,1011,2,0,31168,0,0,0,5130409,5130409,4438
98610,179,851,1011,2,0,31168,0,0,0,5131329,5131329,4438
98627,179,891,1011,2,0,31168,0,0,0,5132189,5132189,4438
98642,179,914,1011,2,0,31168,0,0,0,5133006,5133006,4438
98658,179,955,1011,2,0,31168,0,0,0,5133826,5133826,4438
98674,180,978,1011,2,0,31168,0,0,0,5134420,5134420,4438
98691,180,996,1011,2,0,31168,0,0,0,5135238,5135238,4438
98706,180,9,1011,2,0,31168,0,0,0,5136133,5136133,4438
98723,180,60,1011,2,0,31168,0,0,0,5137108,5137108,4438
98738,180,116,1011,2,0,31168,0,0,0,5137981,5137981,4438
98754,180,147,1011,2,0,31168,0,0,0,5138868,5138868,4438
98769,180,168,1011,2,0,31168,0,0,0,5139714,5139714,4438
98785,180,186,1011,2,0,31168,0,0,0,5140575,5140575,4438
98802,180,209,1011,2,0,31168,0,0,0,5141474,5141474,4438
98818,180,227,1011,2,0,31168,0,0,0,5142258,5142258,4438
98834,180,244,1011,2,0,31168,0,0,0,5143139,5143139,4438
98850,180,276,1011,2,0,31168,0,0,0,5143964,5143964,4438
98866,180,316,1011,2,0,31168,0,0,0,5144810,5144810,4438
98882,180,336,1011,2,0,31168,0,0,0,5145600,5145600,4438
98897,180,357,1011,2,0,31168,0,0,0,5146371,5146371,4438
98912,180,395,1011,2,0,31168,0,0,0,5147174,5147174,4438
98928,180,415,1011,2,0,31168,0,0,0,5147989,5147989,4438
98944,180,448,1011,2,0,31168,0,0,0,5148861,5148861,4438
98960,180,467,1011,2,0,31168,0,0,0,5149735,5149735,4438
98976,180,485,1011,2,0,31168,0,0,0,5150525,5150525,4438
98992,180,516,1011,2,0,31168,0,0,0,5151361,5151361,4438
99007,180,540,1011,2,0,31168,0,0,0,5152177,5152177,4438
99023,180,572,1011,2,0,31168,0,0,0,5152961,5152961,4438
99038,180,600,1011,2,0,31168,0,0,0,5153767,5153767,4438
99054,180,627,1011,2,0,31168,0,0,0,5154615,5154615,4438
99069,180,668,1011,2,0,31168,0,0,0,5155447,5155447,4438
99086,180,698,1011,2,0,31168,0,0,0,5156239,5156239,4438
99102,180,727,1011,2,0,31168,0,0,0,5157028,5157028,4438
99118,180,757,1011,2,0,31168,0,0,0,5157796,5157796,4438
99134,180,782,1011,2,0,31168,0,0,0,5158505,5158505,4438
99149,180,809,1011,2,0,31168,0,0,0,5159276,5159276,4438
99164,180,851,1011,2,0,31168,0,0,0,5160083,5160083,4438
99180,180,884,1011,2,0,31168,0,0,0,5160878,5160878,4438
99196,180,910,1011,2,0,31168,0,0,0,5161671,5161671,4438
99211,180,953,1011,2,0,31168,0,0,0,5162362,5162362,4438
99228,181,978,1011,2,0,31168,0,0,0,5162992,5162992,4438
99243,181,1005,1011,2,0,31168,0,0,0,5163799,5163799,4438
99258,181,9,1011,2,0,31168,0,0,0,5164658,5164658,4438
99273,181,24,1011,2,0,31168,0,0,0,5165444,5165444,4438
99289,181,62,1011,2,0,31168,0,0,0,5166217,5166217,4438
99305,181,113,1011,2,0,31168,0,0,0,5167052,5167052,4438
99321,181,137,1011,2,0,31168,0,0,0,5168026,5168026,4438
99338,181,159,1011,2,0,31168,0,0,0,5168951,5168951,4438
99354,181,179,1011,2,0,31168,0,0,0,5169847,5169847,4438
99370,181,189,1011,2,0,31168,0,0,0,5170650,5170650,4438
99386,181,209,1011,2,0,31168,0,0,0,5171463,5171463,4438
99403,181,233,1011,2,0,31168,0,0,0,5172415,5172415,4438
99418,181,271,1011,2,0,31168,0,0,0,5173285,5173285,4438
99435,181,301,1011,2,0,31168,0,0,0,5174095,5174095,4438
99452,181,324,1011,2,0,31168,0,0,0,5174984,5174984,4438
99467,181,339,1011,2,0,31168,0,0,0,5175783,5175783,4438
99483,181,369,1011,2,0,31168,0,0,0,5176601,5176601,4438
99499,181,397,1011,2,0,31168,0,0,0,5177369,5177369,4438
99515,181,429,1011,2,0,31168,0,0,0,5178190,5178190,4438
99531,181,450,1011,2,0,31168,0,0,0,5179112,5179112,4438
99546,181,472,1011,2,0,31168,0,0,0,5179860,5179860,4438
99562,181,502,1011,2,0,31168,0,0,0,5180662,5180662,4438
99578,181,521,1011,2,0,31168,0,0,0,5181441,5181441,4438
99594,181,550,1011,2,0,31168,0,0,0,5182247,5182247,4438
99610,181,580,1011,2,0,31168,0,0,0,5183130,5183130,4438
99627,181,601,1011,2,0,31168,0,0,0,5183946,5183946,4438
99643,181,628,1011,2,0,31168,0,0,0,5184751,5184751,4438
99658,181,662,1011,2,0,31168,0,0,0,5185620,5185620,4438
99674,181,684,1011,2,0,31168,0,0,0,5186466,5186466,4438
99689,181,703,1011,2,0,31168,0,0,0,5187102,5187102,4438
99704,181,736,1011,2,0,31168,0,0,0,5187830,5187830,4438
99720,181,781,1011,2,0,31168,0,0,0,5188594,5188594,4438
99736,181,803,1011,2,0,31168,0,0,0,5189381,5189381,4438
99752,181,839,1011,2,0,31168,0,0,0,5190206,5190206,4438
99769,181,877,1011,2,0,31168,0,0,0,5191012,5191012,4438
99785,181,907,1011,2,0,31168,0,0,0,5191839,5191839,4438
99800,181,937,1012,3,0,31168,0,0,0,5192664,5192664,4439
99816,182,972,1012,3,0,31168,0,0,0,5193576,5193576,4439
99832,182,990,1012,3,0,31168,0,0,0,5194083,5194083,4439
99849,182,0,1012,2,0,31168,0,0,0,5194949,5194949,4439
99864,182,14,1012,2,0,31168,0,0,0,5195872,5195872,4439
99880,182,42,1012,2,0,31168,0,0,0,5196769,5196769,4439
99896,182,103,1012,2,0,31168,0,0,0,5197591,5197591,4439
99912,182,128,1012,2,0,31168,0,0,0,5198467,5198467,4439
99927,182,148,1012,2,0,31168,0,0,0,5199370,5199370,4439
99943,182,167,1012,2,0,31168,0,0,0,5200179,5200179,4439
99958,182,187,1012,2,0,31168,0,0,0,5201020,5201020,4439
99974,182,207,1012,2,0,31168,0,0,0,5201914,5201914,4439
99989,182,227,1012,2,0,31168,0,0,0,5202735,5202735,4439
100005,182,256,1012,2,0,31168,0,0,0,5203580,5203580,4439
100021,182,282,1012,2,0,31168,0,0,0,5204373,5204373,4439
100036,182,308,1012,2,0,31168,0,0,0,5205126,5205126,4439
100051,182,328,1012,2,0,31168,0,0,0,5205825,5205825,4439
100067,182,352,1012,2,0,31168,0,0,0,5206711,5206711,4439
100084,182,377,1012,2,0,31168,0,0,0,5207569,5207569,4439
100100,182,400,1012,2,0,31168,0,0,0,5208432,5208432,4439
100115,182,429,1012,2,0,31168,0,0,0,5209203,5209203,4439
100131,182,453,1012,2,0,31168,0,0,0,5210061,5210061,4439
100147,182,481,1012,2,0,31168,0,0,0,5210995,5210995,4439
100162,182,509,1012,2,0,31168,0,0,0,5211770,5211770,4439
100177,182,531,1012,2,0,31168,0,0,0,5212595,5212595,4439
100193,182,556,1012,2,0,31168,0,0,0,5213361,5213361,4439
100208,182,574,1012,2,0,31168,0,0,0,5214163,5214163,4439
100223,182,600,1012,2,0,31168,0,0,0,5214947,5214947,4439
100240,182,627,1012,2,0,31168,0,0,0,5215773,5215773,4439
100255,182,658,1012,2,0,31168,0,0,0,5216565,5216565,4439
100270,182,696,1012,2,0,31168,0,0,0,5217346,5217346,4439
100286,182,728,1012,2,0,31168,0,0,0,5218072,5218072,4439
100303,182,763,1012,2,0,31168,0,0,0,5218870,5218870,4439
100319,182,783,1012,2,0,31168,0,0,0,5219640,5219640,4439
100334,182,819,1012,2,0,31168,0,0,0,5220429,5220429,4439
100350,182,851,1012,2,0,31168,0,0,0,5221238,5221238,4439
100366,182,893,1012,2,0,31168,0,0,0,5222048,5222048,4439
100382,182,930,1012,2,0,31168,0,0,0,5222867,5222867,4439
100397,182,958,1012,2,0,31168,0,0,0,5223594,5223594,4439
100414,183,988,1012,2,0,31168,0,0,0,5224287,5224287,4439
100429,183,1006,1012,2,0,31168,0,0,0,5225028,5225028,4439
100446,183,13,1012,2,0,31168,0,0,0,5225928,5225928,4439
100462,183,35,1012,2,0,31168,0,0,0,5226843,5226843,4439
100479,183,75,1012,2,0,31168,0,0,0,5227705,5227705,4439
100494,183,116,1012,2,0,31168,0,0,0,5228586,5228586,4439
100511,183,142,1012,2,0,31168,0,0,0,5229417,5229417,4439
100526,183,154,1012,2,0,31168,0,0,0,5230249,5230249,4439
100542,183,171,1012,2,0,31168,0,0,0,5231071,5231071,4439
100559,183,192,1012,2,0,31168,0,0,0,5232008,5232008,4439
100574,183,210,1012,2,0,31168,0,0,0,5232786,5232786,4439
100591,183,231,1012,2,0,31168,0,0,0,5233694,5233694,4439
100606,183,249,1012,2,0,31168,0,0,0,5234546,5234546,4439
100622,183,279,1012,2,0,31168,0,0,0,5235356,5235356,4439
100638,183,313,1012,2,0,31168,0,0,0,5236225,5236225,4439
100654,183,334,1012,2,0,31168,0,0,0,5237095,5237095,4439
100670,183,356,1012,2,0,31168,0,0,0,5237940,5237940,4439
100685,183,393,1012,2,0,31168,0,0,0,5238763,5238763,4439
100701,183,409,1012,2,0,31168,0,0,0,5239547,5239547,4439
100718,183,438,1012,2,0,31168,0,0,0,5240401,5240401,4439
100733,183,455,1012,2,0,31168,0,0,0,5241244,5241244,4439
100749,183,477,1012,2,0,31168,0,0,0,5241998,5241998,4439
100766,183,504,1012,2,0,31168,0,0,0,5242843,5242843,4439
100782,183,548,1012,2,0,31168,0,0,0,5243695,5243695,4439
100799,183,566,1012,2,0,31168,0,0,0,5244524,5244524,4439
100815,183,596,1013,3,0,31168,0,0,0,5245340,5245340,4439
100831,183,635,1013,3,0,31168,0,0,0,5246143,5246143,4439
100846,183,675,1013,3,0,31168,0,0,0,5246959,5246959,4439
100862,183,703,1013,3,0,31168,0,0,0,5247723,5247723,4439
100878,183,736,1013,3,0,31168,0,0,0,5248524,5248524,4439
100893,183,764,1013,3,0,31168,0,0,0,5249310,5249310,4439
100910,183,801,1013,3,0,31168,0,0,0,5250093,5250093,4439
100926,183,832,1013,3,0,31168,0,0,0,5250950,5250950,4439
100942,183,877,1013,3,0,31168,0,0,0,5251787,5251787,4439
100957,183,910,1013,3,0,31168,0,0,0,5252617,5252617,4439
100972,183,930,1013,3,0,31168,0,0,0,5253178,5253178,4439
100987,183,958,1013,3,0,31168,0,0,0,5253981,5253981,4439
101003,184,987,1013,3,0,31168,0,0,0,5254766,5254766,4439
101018,184,1005,1013,3,0,31168,0,0,0,5255527,5255527,4439
101035,184,15,1013,3,0,31168,0,0,0,5256418,5256418,4439
101051,184,62,1013,3,0,31168,0,0,0,5257249,5257249,4439
101066,184,126,1013,3,0,31168,0,0,0,5258107,5258107,4439
101083,184,147,1013,3,0,31168,0,0,0,5259025,5259025,4439
101098,184,164,1013,3,0,31168,0,0,0,5259818,5259818,4439
101113,184,179,1013,3,0,31168,0,0,0,5260633,5260633,4439
101130,184,189,1013,3,0,31168,0,0,0,5261484,5261484,4439
101146,184,219,1013,3,0,31168,0,0,0,5262366,5262366,4439
101162,184,236,1013,3,0,31168,0,0,0,5263227,5263227,4439
101178,184,264,1013,3,0,31168,0,0,0,5264086,5264086,4439
101193,184,285,1013,3,0,31168,0,0,0,5264835,5264835,4439
101209,184,315,1013,3,0,31168,0,0,0,5265621,5265621,4439
101225,184,333,1013,3,0,31168,0,0,0,5266436,5266436,4439
101240,184,353,1013,3,0,31168,0,0,0,5267258,5267258,4439
101256,184,379,1013,3,0,31168,0,0,0,5268101,5268101,4439
101271,184,409,1013,3,0,31168,0,0,0,5268916,5268916,4439
101287,184,436,1013,3,0,31168,0,0,0,5269700,5269700,4439
101303,184,465,1013,3,0,31168,0,0,0,5270658,5270658,4439
101319,184,490,1013,3,0,31168,0,0,0,5271496,5271496,4439
101336,184,514,1013,3,0,31168,0,0,0,5272295,5272295,4439
101351,184,533,1013,3,0,31168,0,0,0,5273006,5273006,4439
101366,184,559,1013,3,0,31168,0,0,0,5273766,5273766,4439
101382,184,586,1013,3,0,31168,0,0,0,5274573,5274573,4439
101399,184,602,1013,3,0,31168,0,0,0,5275436,5275436,4439
101415,184,628,1013,3,0,31168,0,0,0,5276255,5276255,4439
101431,184,668,1013,3,0,31168,0,0,0,5277131,5277131,4439
101447,184,695,1013,3,0,31168,0,0,0,5277968,5277968,4439
101462,184,728,1013,3,0,31168,0,0,0,5278733,5278733,4439
101477,184,760,1013,3,0,31168,0,0,0,5279493,5279493,4439
101492,184,783,1013,3,0,31168,0,0,0,5280269,5280269,4439
101509,184,806,1013,3,0,31168,0,0,0,5281062,5281062,4439
101524,184,846,1013,3,0,31168,0,0,0,5281845,5281845,4439
101539,184,873,1013,3,0,31168,0,0,0,5282639,5282639,4439
101555,184,909,1013,3,0,31168,0,0,0,5283433,5283433,4439
101570,184,940,1013,3,0,31168,0,0,0,5284181,5284181,4439
101601,185,978,1013,3,0,31168,0,0,0,5285153,5285153,4439
101618,185,1003,1013,3,0,31168,0,0,0,5286012,5286012,4439
101633,185,6,1013,3,0,31168,0,0,0,5286914,5286914,4439
101649,185,21,1013,3,0,31168,0,0,0,5287752,5287752,4439
101665,185,62,1013,3,0,31168,0,0,0,5288590,5288590,4439
101681,185,113,1013,3,0,31168,0,0,0,5289486,5289486,4439
101697,185,141,1013,3,0,31168,0,0,0,5290327,5290327,4439
101712,185,155,1013,3,0,31168,0,0,0,5291167,5291167,4439
101728,185,179,1013,3,0,31168,0,0,0,5292057,5292057,4439
101744,185,192,1013,3,0,31168,0,0,0,5292905,5292905,4439
101759,185,210,1013,3,0,31168,0,0,0,5293746,5293746,4439
101776,185,239,1013,3,0,31168,0,0,0,5294610,5294610,4439
101791,185,271,1013,3,0,31168,0,0,0,5295396,5295396,4439
101807,185,302,1013,3,0,31168,0,0,0,5296163,5296163,4439
101822,185,327,1013,3,0,31168,0,0,0,5296992,5296992,4439
101838,185,343,1013,3,0,31168,0,0,0,5297820,5297820,4439
101854,185,376,1013,3,0,31168,0,0,0,5298630,5298630,4439
101869,185,406,1013,3,0,31168,0,0,0,5299461,5299461,4439
101886,185,441,1013,3,0,31168,0,0,0,5300303,5300303,4439
101902,185,455,1013,3,0,31168,0,0,0,5301158,5301158,4439
101917,185,473,1013,3,0,31168,0,0,0,5301882,5301882,4439
101932,185,489,1013,3,0,31168,0,0,0,5302612,5302612,4439
101948,185,518,1013,3,0,31168,0,0,0,5303435,5303435,4439
101963,185,536,1013,3,0,31168,0,0,0,5304172,5304172,4439
101979,185,567,1013,3,0,31168,0,0,0,5304942,5304942,4439
101995,185,588,1013,3,0,31168,0,0,0,5305680,5305680,4439
102011,185,603,1013,3,0,31168,0,0,0,5306349,5306349,4439
102027,185,620,1013,3,0,31168,0,0,0,5307083,5307083,4439
102043,185,660,1013,3,0,31168,0,0,0,5307983,5307983,4439
102060,185,696,1013,3,0,31168,0,0,0,5308806,5308806,4439
102077,185,716,1013,3,0,31168,0,0,0,5309610,5309610,4439
102093,185,739,1013,3,0,31168,0,0,0,5310411,5310411,4439
102109,185,769,1013,3,0,31168,0,0,0,5311204,5311204,4439
102125,185,798,1013,3,0,31168,0,0,0,5311988,5311988,4439
102140,185,832,1013,3,0,31168,0,0,0,5312728,5312728,4439
102155,185,865,1013,3,0,31168,0,0,0,5313542,5313542,4439
102172,185,893,1013,3,0,31168,0,0,0,5314397,5314397,4439
102188,185,922,1013,3,0,31168,0,0,0,5315226,5315226,4439
102205,185,961,1013,3,0,31168,0,0,0,5316088,5316088,4439
102227,186,978,1013,3,0,31168,0,0,0,5316744,5316744,4439
102243,186,1006,1013,3,0,31168,0,0,0,5317622,5317622,4439
102259,186,11,1013,3,0,31168,0,0,0,5318538,5318538,4439
102275,186,31,1013,3,0,31168,0,0,0,5319467,5319467,4439
102291,186,110,1013,3,0,31168,0,0,0,5320248,5320248,4439
102306,186,131,1013,3,0,31168,0,0,0,5321071,5321071,4439
102322,186,148,1013,3,0,31168,0,0,0,5321894,5321894,4439
102339,186,167,1013,3,0,31168,0,0,0,5322725,5322725,4439
102354,186,188,1013,3,0,31168,0,0,0,5323503,5323503,4439
102369,186,210,1013,3,0,31168,0,0,0,5324359,5324359,4439
102385,186,227,1013,3,0,31168,0,0,0,5325173,5325173,4439
102400,186,245,1013,3,0,31168,0,0,0,5325987,5325987,4439
102415,186,276,1013,3,0,31168,0,0,0,5326780,5326780,4439
102430,186,301,1013,3,0,31168,0,0,0,5327515,5327515,4439
102447,186,327,1013,3,0,31168,0,0,0,5328386,5328386,4439
102462,186,339,1013,3,0,31168,0,0,0,5329186,5329186,4439
102479,186,363,1013,3,0,31168,0,0,0,5330064,5330064,4439
102494,186,395,1013,3,0,31168,0,0,0,5330851,5330851,4439
102509,186,427,1013,3,0,31168,0,0,0,5331672,5331672,4439
102525,186,451,1013,3,0,31168,0,0,0,5332544,5332544,4439
102540,186,477,1013,3,0,31168,0,0,0,5333403,5333403,4439
102556,186,494,1013,3,0,31168,0,0,0,5334143,5334143,4439
102571,186,520,1013,3,0,31168,0,0,0,5334943,5334943,4439
102587,186,556,1013,3,0,31168,0,0,0,5335713,5335713,4439
102604,186,579,1013,3,0,31168,0,0,0,5336545,5336545,4439
102619,186,600,1013,3,0,31168,0,0,0,5337364,5337364,4439
102636,186,618,1013,3,0,31168,0,0,0,5338118,5338118,4439
102653,186,646,1013,3,0,31168,0,0,0,5338973,5338973,4439
102669,186,669,1013,3,0,31168,0,0,0,5339820,5339820,4439
102684,186,700,1013,3,0,31168,0,0,0,5340649,5340649,4439
102701,186,735,1013,3,0,31168,0,0,0,5341434,5341434,4439
102716,186,767,1013,3,0,31168,0,0,0,5342172,5342172,4439
102732,186,793,1013,3,0,31168,0,0,0,5342976,5342976,4439
102748,186,820,1013,3,0,31168,0,0,0,5343843,5343843,4439
102763,186,859,1013,3,0,31168,0,0,0,5344644,5344644,4439
102779,186,887,1013,3,0,31168,0,0,0,5345498,5345498,4439
102795,186,916,1013,3,0,31168,0,0,0,5346328,5346328,4439
102811,186,952,1013,3,0,31168,0,0,0,5347155,5347155,4439
102830,187,978,1013,3,0,31168,0,0,0,5347877,5347877,4439
102848,187,995,1013,3,0,31168,0,0,0,5348736,5348736,4439
102863,187,1,1013,2,0,31168,0,0,0,5349434,5349434,4439
102879,187,16,1013,2,0,31168,0,0,0,5350264,5350264,4439
102894,187,44,1013,2,0,31168,0,0,0,5350998,5350998,4439
102909,187,107,1013,2,0,31168,0,0,0,5351756,5351756,4439
102925,187,140,1013,2,0,31168,0,0,0,5352549,5352549,4439
102940,187,154,1013,2,0,31168,0,0,0,5353289,5353289,4439
102956,187,170,1013,2,0,31168,0,0,0,5354031,5354031,4439
102971,187,187,1013,2,0,31168,0,0,0,5354756,5354756,4439
102987,187,201,1013,2,0,31168,0,0,0,5355444,5355444,4439
103002,187,223,1013,2,0,31168,0,0,0,5356236,5356236,4439
103017,187,236,1013,2,0,31168,0,0,0,5356983,5356983,4439
103033,187,256,1013,2,0,31168,0,0,0,5357743,5357743,4439
103048,187,281,1013,2,0,31168,0,0,0,5358487,5358487,4439
103064,187,302,1013,2,0,31168,0,0,0,5359260,5359260,4439
103080,187,321,1013,2,0,31168,0,0,0,5360052,5360052,4439
103095,187,339,1013,2,0,31168,0,0,0,5360833,5360833,4439
103110,187,359,1013,2,0,31168,0,0,0,5361563,5361563,4439
103127,187,384,1013,2,0,31168,0,0,0,5362361,5362361,4439
103142,187,409,1013,2,0,31168,0,0,0,5363134,5363134,4439
103158,187,431,1013,2,0,31168,0,0,0,5363935,5363935,4439
103174,187,448,1013,2,0,31168,0,0,0,5364736,5364736,4439
103190,187,468,1013,2,0,31168,0,0,0,5365634,5365634,4439
103206,187,494,1013,2,0,31168,0,0,0,5366365,5366365,4439
103223,187,519,1013,2,0,31168,0,0,0,5367166,5367166,4439
103240,187,535,1013,2,0,31168,0,0,0,5367972,5367972,4439
103256,187,566,1013,2,0,31168,0,0,0,5368683,5368683,4439
103271,187,586,1013,2,0,31168,0,0,0,5369384,5369384,4439
103286,187,602,1013,2,0,31168,0,0,0,5370094,5370094,4439
103302,187,628,1013,2,0,31168,0,0,0,5370851,5370851,4439
103318,187,662,1013,2,0,31168,0,0,0,5371621,5371621,4439
103333,187,689,1013,2,0,31168,0,0,0,5372313,5372313,4439
103349,187,720,1013,2,0,31168,0,0,0,5373040,5373040,4439
103365,187,743,1014,3,0,31168,0,0,0,5373751,5373751,4439
103380,187,779,1014,3,0,31168,0,0,0,5374510,5374510,4439
103396,187,806,1014,3,0,31168,0,0,0,5375195,5375195,4439
103411,187,832,1014,3,0,31168,0,0,0,5375946,5375946,4439
103427,187,880,1014,3,0,31168,0,0,0,5376747,5376747,4439
103442,187,905,1014,3,0,31168,0,0,0,5377437,5377437,4439
103459,187,930,1014,3,0,31168,0,0,0,5378193,5378193,4439
103475,188,967,1014,3,0,31168,0,0,0,5378979,5378979,4439
103491,188,992,1014,3,0,31168,0,0,0,5379747,5379747,4439
103506,188,1011,1014,3,0,31168,0,0,0,5380466,5380466,4439
103521,188,11,1014,3,0,31168,0,0,0,5381257,5381257,4439
103538,188,26,1014,3,0,31168,0,0,0,5382037,5382037,4439
103553,188,100,1014,3,0,31168,0,0,0,5382772,5382772,4439
103568,188,125,1014,3,0,31168,0,0,0,5383548,5383548,4439
103584,188,145,1014,3,0,31168,0,0,0,5384294,5384294,4439
103599,188,160,1014,3,0,31168,0,0,0,5385051,5385051,4439
103615,188,174,1014,3,0,31168,0,0,0,5385854,5385854,4439
103631,188,193,1014,3,0,31168,0,0,0,5386574,5386574,4439
103648,188,215,1014,3,0,31168,0,0,0,5387483,5387483,4439
103665,188,233,1014,3,0,31168,0,0,0,5388300,5388300,4439
103680,188,260,1014,3,0,31168,0,0,0,5389147,5389147,4439
103696,188,282,1014,3,0,31168,0,0,0,5389918,5389918,4439
103711,188,304,1014,3,0,31168,0,0,0,5390712,5390712,4439
103727,188,328,1014,3,0,31168,0,0,0,5391504,5391504,4439
103744,188,343,1014,3,0,31168,0,0,0,5392276,5392276,4439
103759,188,366,1014,3,0,31168,0,0,0,5392982,5392982,4439
103774,188,397,1014,3,0,31168,0,0,0,5393727,5393727,4439
103791,188,429,1014,3,0,31168,0,0,0,5394516,5394516,4439
103807,188,446,1014,3,0,31168,0,0,0,5395301,5395301,4439
103823,188,467,1014,3,0,31168,0,0,0,5396113,5396113,4439
103840,188,485,1014,3,0,31168,0,0,0,5396854,5396854,4439
103856,188,514,1014,3,0,31168,0,0,0,5397591,5397591,4439
103872,188,534,1014,3,0,31168,0,0,0,5398301,5398301,4439
103888,188,557,1014,3,0,31168,0,0,0,5399005,5399005,4439
103903,188,585,1014,3,0,31168,0,0,0,5399703,5399703,4439
103918,188,602,1014,3,0,31168,0,0,0,5400421,5400421,4439
103934,188,624,1014,3,0,31168,0,0,0,5401167,5401167,4439
103951,188,658,1014,3,0,31168,0,0,0,5401923,5401923,4439
103967,188,689,1014,3,0,31168,0,0,0,5402737,5402737,4439
103984,188,728,1014,3,0,31168,0,0,0,5403471,5403471,4439
103999,188,748,1014,3,0,31168,0,0,0,5404195,5404195,4439
104015,188,781,1014,3,0,31168,0,0,0,5404910,5404910,4439
104030,188,804,1014,3,0,31168,0,0,0,5405653,5405653,4439
104047,188,846,1014,3,0,31168,0,0,0,5406374,5406374,4439
104064,188,890,1014,3,0,31168,0,0,0,5407201,5407201,4439
104079,188,913,1014,3,0,31168,0,0,0,5407894,5407894,4439
104095,188,938,1014,3,0,31168,0,0,0,5408637,5408637,4439
104111,189,971,1014,3,0,31168,0,0,0,5409452,5409452,4439
104126,189,996,1014,3,0,31168,0,0,0,5410157,5410157,4439
104144,189,8,1014,3,0,31168,0,0,0,5411073,5411073,4439
104160,189,30,1014,3,0,31168,0,0,0,5411862,5411862,4439
104175,189,118,1014,3,0,31168,0,0,0,5412589,5412589,4439
104190,189,145,1014,3,0,31168,0,0,0,5413330,5413330,4439
104206,189,156,1014,3,0,31168,0,0,0,5414047,5414047,4439
104221,189,173,1014,3,0,31168,0,0,0,5414808,5414808,4439
104238,189,194,1014,3,0,31168,0,0,0,5415607,5415607,4439
104254,189,220,1014,3,0,31168,0,0,0,5416417,5416417,4439
104269,189,236,1014,3,0,31168,0,0,0,5417231,5417231,4439
104286,189,275,1014,3,0,31168,0,0,0,5418017,5418017,4439
104301,189,308,1014,3,0,31168,0,0,0,5418799,5418799,4439
104317,189,327,1014,3,0,31168,0,0,0,5419588,5419588,4439
104333,189,339,1014,3,0,31168,0,0,0,5420463,5420463,4439
104349,189,366,1014,3,0,31168,0,0,0,5421218,5421218,4439
104364,189,399,1014,3,0,31168,0,0,0,5421971,5421971,4439
104381,189,426,1014,3,0,31168,0,0,0,5422775,5422775,4439
104397,189,441,1014,3,0,31168,0,0,0,5423513,5423513,4439
104414,189,464,1014,3,0,31168,0,0,0,5424355,5424355,4439
104431,189,480,1014,3,0,31168,0,0,0,5425104,5425104,4439
104446,189,504,1014,3,0,31168,0,0,0,5425839,5425839,4439
104462,189,524,1014,3,0,31168,0,0,0,5426644,5426644,4439
104478,189,556,1014,3,0,31168,0,0,0,5427350,5427350,4439
104494,189,579,1014,3,0,31168,0,0,0,5428164,5428164,4439
104509,189,602,1014,3,0,31168,0,0,0,5428831,5428831,4439
104525,189,619,1014,3,0,31168,0,0,0,5429515,5429515,4439
104541,189,646,1014,3,0,31168,0,0,0,5430271,5430271,4439
104557,189,673,1014,3,0,31168,0,0,0,5431058,5431058,4439
104572,189,702,1014,3,0,31168,0,0,0,5431769,5431769,4439
104588,189,735,1014,3,0,31168,0,0,0,5432492,5432492,4439
104605,189,759,1014,3,0,31168,0,0,0,5433245,5433245,4439
104621,189,790,1015,4,0,31168,0,0,0,5433930,5433930,4439
104636,189,812,1015,4,0,31168,0,0,0,5434661,5434661,4439
104652,189,836,1015,4,0,31168,0,0,0,5435415,5435415,4439
104668,189,865,1015,4,0,31168,0,0,0,5436162,5436162,4439
104683,189,892,1015,4,0,31168,0,0,0,5436927,5436927,4439
104698,189,925,1015,4,0,31168,0,0,0,5437652,5437652,4439
104715,189,953,1015,4,0,31168,0,0,0,5438362,5438362,4439
104730,190,978,1015,4,0,31168,0,0,0,5438898,5438898,4439
104746,190,1002,1015,4,0,31168,0,0,0,5439675,5439675,4439
104761,190,8,1015,4,0,31168,0,0,0,5440526,5440526,4439
104777,190,23,1015,4,0,31168,0,0,0,5441403,5441403,4439
104793,190,61,1015,4,0,31168,0,0,0,5442211,5442211,4439
104808,190,115,1015,4,0,31168,0,0,0,5442997,5442997,4439
104824,190,138,1015,4,0,31168,0,0,0,5443846,5443846,4439
104840,190,160,1015,4,0,31168,0,0,0,5444800,5444800,4439
104856,190,179,1015,4,0,31168,0,0,0,5445713,5445713,4439
104872,190,200,1015,4,0,31168,0,0,0,5446534,5446534,4439
104888,190,220,1015,4,0,31168,0,0,0,5447432,5447432,4439
104904,190,233,1015,4,0,31168,0,0,0,5448310,5448310,4439
104919,190,259,1015,4,0,31168,0,0,0,5449156,5449156,4439
104936,190,285,1015,4,0,31168,0,0,0,5449935,5449935,4439
104952,190,312,1015,4,0,31168,0,0,0,5450739,5450739,4439
104969,190,335,1015,4,0,31168,0,0,0,5451639,5451639,4439
104984,190,353,1015,4,0,31168,0,0,0,5452367,5452367,4439
104999,190,377,1015,4,0,31168,0,0,0,5453134,5453134,4439
105015,190,403,1015,4,0,31168,0,0,0,5453890,5453890,4439
105031,190,434,1015,4,0,31168,0,0,0,5454764,5454764,4439
105047,190,453,1015,4,0,31168,0,0,0,5455668,5455668,4439
105063,190,480,1015,4,0,31168,0,0,0,5456468,5456468,4439
105079,190,499,1015,4,0,31168,0,0,0,5457350,5457350,4439
105095,190,524,1015,4,0,31168,0,0,0,5458257,5458257,4439
105112,190,547,1015,4,0,31168,0,0,0,5459060,5459060,4439
105128,190,572,1015,4,0,31168,0,0,0,5459895,5459895,4439
105143,190,597,1015,4,0,31168,0,0,0,5460668,5460668,4439
105158,190,619,1015,4,0,31168,0,0,0,5461454,5461454,4439
105174,190,655,1015,4,0,31168,0,0,0,5462362,5462362,4439
105189,190,683,1015,4,0,31168,0,0,0,5463172,5463172,4439
105208,190,721,1015,4,0,31168,0,0,0,5464064,5464064,4439
105223,190,763,1015,4,0,31168,0,0,0,5464817,5464817,4439
105238,190,783,1015,4,0,31168,0,0,0,5465606,5465606,4439
105255,190,815,1015,4,0,31168,0,0,0,5466406,5466406,4439
105271,190,851,1015,4,0,31168,0,0,0,5467284,5467284,4439
105287,190,882,1015,4,0,31168,0,0,0,5468101,5468101,4439
105302,190,913,1015,4,0,31168,0,0,0,5468856,5468856,4439
105320,190,947,1015,4,0,31168,0,0,0,5469578,5469578,4439
105336,191,987,1015,4,0,31168,0,0,0,5470506,5470506,4439
105354,191,1007,1015,3,0,31168,0,0,0,5471350,5471350,4439
105370,191,16,1015,3,0,31168,0,0,0,5472250,5472250,4439
105387,191,65,1015,3,0,31168,0,0,0,5473169,5473169,4439
105402,191,126,1016,4,0,31168,0,0,0,5474000,5474000,4439
105418,191,146,1016,4,0,31168,0,0,0,5474847,5474847,4439
105433,191,160,1016,4,0,31168,0,0,0,5475690,5475690,4439
105449,191,182,1016,4,0,31168,0,0,0,5476591,5476591,4439
105465,191,215,1016,4,0,31168,0,0,0,5477407,5477407,4439
105481,191,238,1016,4,0,31168,0,0,0,5478301,5478301,4439
105496,191,260,1016,4,0,31168,0,0,0,5479102,5479102,4439
105512,191,295,1016,4,0,31168,0,0,0,5479928,5479928,4439
105528,191,322,1016,4,0,31168,0,0,0,5480716,5480716,4439
105543,191,339,1016,4,0,31168,0,0,0,5481491,5481491,4439
105558,191,370,1016,4,0,31168,0,0,0,5482243,5482243,4439
105574,191,395,1016,4,0,31168,0,0,0,5483054,5483054,4439
105590,191,415,1016,4,0,31168,0,0,0,5483879,5483879,4439
105605,191,440,1016,4,0,31168,0,0,0,5484652,5484652,4439
105621,191,456,1016,4,0,31168,0,0,0,5485429,5485429,4439
105636,191,482,1016,4,0,31168,0,0,0,5486239,5486239,4439
105651,191,514,1016,4,0,31168,0,0,0,5487005,5487005,4439
105667,191,535,1016,4,0,31168,0,0,0,5487832,5487832,4439
105683,191,553,1016,4,0,31168,0,0,0,5488635,5488635,4439
105699,191,577,1016,4,0,31168,0,0,0,5489487,5489487,4439
105714,191,601,1016,4,0,31168,0,0,0,5490339,5490339,4439
105730,191,635,1016,4,0,31168,0,0,0,5491143,5491143,4439
105745,191,665,1016,4,0,31168,0,0,0,5491908,5491908,4439
105762,191,698,1016,4,0,31168,0,0,0,5492781,5492781,4439
105778,191,736,1016,4,0,31168,0,0,0,5493536,5493536,4439
105794,191,767,1016,4,0,31168,0,0,0,5494276,5494276,4439
105810,191,792,1016,4,0,31168,0,0,0,5495114,5495114,4439
105826,191,834,1016,4,0,31168,0,0,0,5495980,5495980,4439
105842,191,861,1016,4,0,31168,0,0,0,5496759,5496759,4439
105859,191,893,1016,4,0,31168,0,0,0,5497643,5497643,4439
105875,191,916,1016,4,0,31168,0,0,0,5498423,5498423,4439
105891,191,952,1016,4,0,31168,0,0,0,5499237,5499237,4439
105906,192,982,1016,4,0,31168,0,0,0,5499842,5499842,4439
105922,192,1005,1016,4,0,31168,0,0,0,5500591,5500591,4439
105937,192,7,1016,3,0,31168,0,0,0,5501462,5501462,4439
105953,192,35,1016,3,0,31168,0,0,0,5502390,5502390,4439
105969,192,103,1016,3,0,31168,0,0,0,5503237,5503237,4439
105986,192,131,1016,3,0,31168,0,0,0,5504142,5504142,4439
106002,192,151,1016,3,0,31168,0,0,0,5504978,5504978,4439
106017,192,168,1016,3,0,31168,0,0,0,5505820,5505820,4439
106034,192,192,1016,3,0,31168,0,0,0,5506695,5506695,4439
106050,192,218,1016,3,0,31168,0,0,0,5507566,5507566,4439
106066,192,234,1016,3,0,31168,0,0,0,5508398,5508398,4439
106082,192,259,1016,3,0,31168,0,0,0,5509210,5509210,4439
106097,192,286,1016,3,0,31168,0,0,0,5509968,5509968,4439
106112,192,315,1016,3,0,31168,0,0,0,5510733,5510733,4439
106128,192,334,1016,3,0,31168,0,0,0,5511600,5511600,4439
106145,192,352,1016,3,0,31168,0,0,0,5512489,5512489,4439
106161,192,377,1016,3,0,31168,0,0,0,5513367,5513367,4439
106177,192,403,1016,3,0,31168,0,0,0,5514114,5514114,4439
106193,192,431,1016,3,0,31168,0,0,0,5514893,5514893,4439
106209,192,452,1016,3,0,31168,0,0,0,5515770,5515770,4439
106224,192,474,1016,3,0,31168,0,0,0,5516610,5516610,4439
106239,192,494,1016,3,0,31168,0,0,0,5517427,5517427,4439
106256,192,520,1016,3,0,31168,0,0,0,5518247,5518247,4439
106272,192,540,1016,3,0,31168,0,0,0,5519086,5519086,4439
106288,192,570,1016,3,0,31168,0,0,0,5519922,5519922,4439
106303,192,590,1016,3,0,31168,0,0,0,5520694,5520694,4439
106318,192,615,1016,3,0,31168,0,0,0,5521476,5521476,4439
106336,192,659,1016,3,0,31168,0,0,0,5522354,5522354,4439
106352,192,682,1016,3,0,31168,0,0,0,5523197,5523197,4439
106367,192,721,1016,3,0,31168,0,0,0,5523999,5523999,4439
106383,192,748,1016,3,0,31168,0,0,0,5524748,5524748,4439
106399,192,791,1016,3,0,31168,0,0,0,5525561,5525561,4439
106414,192,816,1016,3,0,31168,0,0,0,5526344,5526344,4439
106429,192,856,1016,3,0,31168,0,0,0,5527158,5527158,4439
106445,192,890,1016,3,0,31168,0,0,0,5527979,5527979,4439
106462,192,921,1016,3,0,31168,0,0,0,5528809,5528809,4439
106477,192,955,1016,3,0,31168,0,0,0,5529587,5529587,4439
106497,193,978,1016,3,0,31168,0,0,0,5530089,5530089,4439
106512,193,999,1016,3,0,31168,0,0,0,5530848,5530848,4439
106527,193,5,1016,3,0,31168,0,0,0,5531691,5531691,4439
106542,193,19,1016,3,0,31168,0,0,0,5532483,5532483,4439
106558,193,46,1016,3,0,31168,0,0,0,5533321,5533321,4439
106573,193,104,1016,3,0,31168,0,0,0,5534118,5534118,4439
106588,193,128,1016,3,0,31168,0,0,0,5534979,5534979,4439
106604,193,146,1016,3,0,31168,0,0,0,5535783,5535783,4439
106621,193,167,1016,3,0,31168,0,0,0,5536653,5536653,4439
106638,193,192,1016,3,0,31168,0,0,0,5537544,5537544,4439
106653,193,219,1016,3,0,31168,0,0,0,5538389,5538389,4439
106669,193,234,1016,3,0,31168,0,0,0,5539212,5539212,4439
106685,193,263,1016,3,0,31168,0,0,0,5539997,5539997,4439
106701,193,301,1016,3,0,31168,0,0,0,5540828,5540828,4439
106718,193,323,1016,3,0,31168,0,0,0,5541722,5541722,4439
106733,193,339,1016,3,0,31168,0,0,0,5542538,5542538,4439
106748,193,357,1016,3,0,31168,0,0,0,5543338,5543338,4439
106765,193,388,1016,3,0,31168,0,0,0,5544229,5544229,4439
106781,193,409,1016,3,0,31168,0,0,0,5545072,5545072,4439
106796,193,446,1016,3,0,31168,0,0,0,5545834,5545834,4439
106811,193,477,1016,3,0,31168,0,0,0,5546627,5546627,4439
106827,193,494,1016,3,0,31168,0,0,0,5547455,5547455,4439
106844,193,519,1016,3,0,31168,0,0,0,5548367,5548367,4439
106859,193,538,1016,3,0,31168,0,0,0,5549164,5549164,4439
106875,193,567,1016,3,0,31168,0,0,0,5550027,5550027,4439
106890,193,588,1016,3,0,31168,0,0,0,5550771,5550771,4439
106906,193,612,1016,3,0,31168,0,0,0,5551496,5551496,4439
106923,193,636,1016,3,0,31168,0,0,0,5552284,5552284,4439
106938,193,665,1016,3,0,31168,0,0,0,5553118,5553118,4439
106955,193,700,1016,3,0,31168,0,0,0,5553953,5553953,4439
106971,193,735,1016,3,0,31168,0,0,0,5554741,5554741,4439
106986,193,769,1016,3,0,31168,0,0,0,5555512,5555512,4439
107002,193,815,1016,3,0,31168,0,0,0,5556277,5556277,4439
107017,193,845,1016,3,0,31168,0,0,0,5557084,5557084,4439
107032,193,877,1016,3,0,31168,0,0,0,5557892,5557892,4439
107048,193,911,1016,3,0,31168,0,0,0,5558708,5558708,4439
107063,193,953,1016,3,0,31168,0,0,0,5559498,5559498,4439
107080,194,975,1016,3,0,31168,0,0,0,5560311,5560311,4439
107095,194,993,1016,3,0,31168,0,0,0,5560896,5560896,4439
107110,194,5,1016,3,0,31168,0,0,0,5561734,5561734,4439
107126,194,26,1016,3,0,31168,0,0,0,5562540,5562540,4439
107143,194,103,1016,3,0,31168,0,0,0,5563459,5563459,4439
107159,194,136,1016,3,0,31168,0,0,0,5564337,5564337,4439
107174,194,149,1016,3,0,31168,0,0,0,5565140,5565140,4439
107189,194,164,1016,3,0,31168,0,0,0,5565945,5565945,4439
107205,194,182,1016,3,0,31168,0,0,0,5566776,5566776,4439
107220,194,201,1016,3,0,31168,0,0,0,5567586,5567586,4439
107235,194,221,1016,3,0,31168,0,0,0,5568420,5568420,4439
107250,194,239,1016,3,0,31168,0,0,0,5569276,5569276,4439
107267,194,259,1016,3,0,31168,0,0,0,5570151,5570151,4439
107284,194,298,1016,3,0,31168,0,0,0,5571060,5571060,4439
107300,194,321,1016,3,0,31168,0,0,0,5571895,5571895,4439
107316,194,343,1016,3,0,31168,0,0,0,5572781,5572781,4439
107331,194,375,1016,3,0,31168,0,0,0,5573613,5573613,4439
107347,194,395,1016,3,0,31168,0,0,0,5574423,5574423,4439
107363,194,414,1016,3,0,31168,0,0,0,5575232,5575232,4439
107379,194,444,1016,3,0,31168,0,0,0,5576052,5576052,4439
107395,194,465,1016,3,0,31168,0,0,0,5576930,5576930,4439
107411,194,484,1016,3,0,31168,0,0,0,5577737,5577737,4439
107427,194,514,1016,3,0,31168,0,0,0,5578591,5578591,4439
107442,194,535,1016,3,0,31168,0,0,0,5579339,5579339,4439
107458,194,558,1016,3,0,31168,0,0,0,5580087,5580087,4439
107474,194,583,1016,3,0,31168,0,0,0,5580890,5580890,4439
107490,194,603,1016,3,0,31168,0,0,0,5581703,5581703,4439
107506,194,640,1016,3,0,31168,0,0,0,5582500,5582500,4439
107522,194,673,1016,3,0,31168,0,0,0,5583311,5583311,4439
107538,194,705,1016,3,0,31168,0,0,0,5584171,5584171,4439
107555,194,737,1016,3,0,31168,0,0,0,5584967,5584967,4439
107571,194,779,1016,3,0,31168,0,0,0,5585768,5585768,4439
107587,194,816,1016,3,0,31168,0,0,0,5586647,5586647,4439
107603,194,856,1016,3,0,31168,0,0,0,5587488,5587488,4439
107620,194,892,1016,3,0,31168,0,0,0,5588323,5588323,4439
107636,194,931,1016,3,0,31168,0,0,0,5589129,5589129,4439
107652,194,955,1016,3,0,31168,0,0,0,5589986,5589986,4439
107668,195,984,1016,3,0,31168,0,0,0,5590555,5590555,4439
107683,195,1002,1016,3,0,31168,0,0,0,5591310,5591310,4439
107700,195,14,1016,3,0,31168,0,0,0,5592283,5592283,4439
107716,195,46,1016,3,0,31168,0,0,0,5593115,5593115,4439
107732,195,107,1016,3,0,31168,0,0,0,5593935,5593935,4439
107747,195,141,1016,3,0,31168,0,0,0,5594823,5594823,4439
107764,195,156,1016,3,0,31168,0,0,0,5595732,5595732,4439
107779,195,172,1016,3,0,31168,0,0,0,5596589,5596589,4439
107794,195,192,1016,3,0,31168,0,0,0,5597386,5597386,4439
107811,195,219,1016,3,0,31168,0,0,0,5598309,5598309,4439
107827,195,237,1016,3,0,31168,0,0,0,5599168,5599168,4439
107842,195,256,1016,3,0,31168,0,0,0,5599995,5599995,4439
107859,195,286,1016,3,0,31168,0,0,0,5600848,5600848,4439
107874,195,317,1016,3,0,31168,0,0,0,5601657,5601657,4439
107890,195,335,1016,3,0,31168,0,0,0,5602582,5602582,4439
107906,195,359,1016,3,0,31168,0,0,0,5603435,5603435,4439
107923,195,393,1016,3,0,31168,0,0,0,5604285,5604285,4439
107938,195,428,1016,3,0,31168,0,0,0,5605124,5605124,4439
107953,195,444,1016,3,0,31168,0,0,0,5605828,5605828,4439
107969,195,474,1016,3,0,31168,0,0,0,5606664,5606664,4439
107984,195,509,1016,3,0,31168,0,0,0,5607468,5607468,4439
108001,195,538,1016,3,0,31168,0,0,0,5608298,5608298,4439
108017,195,566,1016,3,0,31168,0,0,0,5609083,5609083,4439
108033,195,588,1016,3,0,31168,0,0,0,5609896,5609896,4439
108049,195,613,1016,3,0,31168,0,0,0,5610718,5610718,4439
108065,195,640,1016,3,0,31168,0,0,0,5611477,5611477,4439
108081,195,679,1016,3,0,31168,0,0,0,5612384,5612384,4439
108097,195,716,1016,3,0,31168,0,0,0,5613252,5613252,4439
108114,195,746,1016,3,0,31168,0,0,0,5614097,5614097,4439
108130,195,779,1016,3,0,31168,0,0,0,5614878,5614878,4439
108146,195,813,1016,3,0,31168,0,0,0,5615701,5615701,4439
108161,195,856,1016,3,0,31168,0,0,0,5616523,5616523,4439
108177,195,887,1016,3,0,31168,0,0,0,5617369,5617369,4439
108192,195,911,1016,3,0,31168,0,0,0,5618164,5618164,4439
108209,195,955,1016,3,0,31168,0,0,0,5619074,5619074,4439
108227,196,978,1016,3,0,31168,0,0,0,5619790,5619790,4439
108243,196,999,1016,3,0,31168,0,0,0,5620546,5620546,4439
108258,196,8,1016,3,0,31168,0,0,0,5621375,5621375,4439
108273,196,31,1016,3,0,31168,0,0,0,5622243,5622243,4439
108289,196,107,1016,3,0,31168,0,0,0,5622977,5622977,4439
108304,196,126,1016,3,0,31168,0,0,0,5623853,5623853,4439
108320,196,144,1016,3,0,31168,0,0,0,5624673,5624673,4439
108335,196,161,1016,3,0,31168,0,0,0,5625472,5625472,4439
108351,196,181,1016,3,0,31168,0,0,0,5626336,5626336,4439
108367,196,201,1016,3,0,31168,0,0,0,5627158,5627158,4439
108382,196,223,1016,3,0,31168,0,0,0,5628004,5628004,4439
108398,196,248,1016,3,0,31168,0,0,0,5628853,5628853,4439
108414,196,271,1016,3,0,31168,0,0,0,5629692,5629692,4439
108431,196,298,1016,3,0,31168,0,0,0,5630573,5630573,4439
108447,196,317,1016,3,0,31168,0,0,0,5631451,5631451,4439
108463,196,338,1016,3,0,31168,0,0,0,5632312,5632312,4439
108478,196,359,1016,3,0,31168,0,0,0,5633148,5633148,4439
108495,196,400,1016,3,0,31168,0,0,0,5634002,5634002,4439
108510,196,431,1016,3,0,31168,0,0,0,5634795,5634795,4439
108525,196,449,1016,3,0,31168,0,0,0,5635632,5635632,4439
108541,196,468,1016,3,0,31168,0,0,0,5636466,5636466,4439
108557,196,502,1016,3,0,31168,0,0,0,5637274,5637274,4439
108572,196,520,1016,3,0,31168,0,0,0,5638053,5638053,4439
108588,196,541,1016,3,0,31168,0,0,0,5638819,5638819,4439
108604,196,566,1016,3,0,31168,0,0,0,5639615,5639615,4439
108619,196,585,1016,3,0,31168,0,0,0,5640406,5640406,4439
108635,196,603,1016,3,0,31168,0,0,0,5641117,5641117,4439
108651,196,635,1016,3,0,31168,0,0,0,5641924,5641924,4439
108667,196,672,1016,3,0,31168,0,0,0,5642757,5642757,4439
108683,196,705,1016,3,0,31168,0,0,0,5643617,5643617,4439
108699,196,757,1016,3,0,31168,0,0,0,5644409,5644409,4439
108715,196,790,1016,3,0,31168,0,0,0,5645241,5645241,4439
108731,196,815,1016,3,0,31168,0,0,0,5646103,5646103,4439
108749,196,860,1016,3,0,31168,0,0,0,5647013,5647013,4439
108764,196,888,1016,3,0,31168,0,0,0,5647810,5647810,4439
108779,196,910,1016,3,0,31168,0,0,0,5648586,5648586,4439
108795,196,948,1016,3,0,31168,0,0,0,5649384,5649384,4439
108810,197,975,1016,3,0,31168,0,0,0,5650196,5650196,4439
108829,197,978,1016,3,0,31168,0,0,0,5650311,5650311,4439
108844,197,1011,1016,3,0,31168,0,0,0,5651123,5651123,4439
108859,197,14,1016,3,0,31168,0,0,0,5651940,5651940,4439
108875,197,58,1016,3,0,31168,0,0,0,5652850,5652850,4439
108890,197,105,1016,3,0,31168,0,0,0,5653660,5653660,4439
108906,197,131,1016,3,0,31168,0,0,0,5654451,5654451,4439
108922,197,149,1016,3,0,31168,0,0,0,5655360,5655360,4439
108938,197,170,1016,3,0,31168,0,0,0,5656194,5656194,4439
108953,197,187,1016,3,0,31168,0,0,0,5657055,5657055,4439
108969,197,206,1016,3,0,31168,0,0,0,5657913,5657913,4439
108985,197,224,1016,3,0,31168,0,0,0,5658752,5658752,4439
109000,197,240,1016,3,0,31168,0,0,0,5659584,5659584,4439
109016,197,271,1016,3,0,31168,0,0,0,5660397,5660397,4439
109032,197,312,1016,3,0,31168,0,0,0,5661242,5661242,4439
109048,197,334,1016,3,0,31168,0,0,0,5662088,5662088,4439
109063,197,352,1016,3,0,31168,0,0,0,5662955,5662955,4439
109079,197,375,1016,3,0,31168,0,0,0,5663745,5663745,4439
109095,197,398,1016,3,0,31168,0,0,0,5664556,5664556,4439
109111,197,434,1016,3,0,31168,0,0,0,5665419,5665419,4439
109128,197,451,1016,3,0,31168,0,0,0,5666323,5666323,4439
109144,197,481,1016,3,0,31168,0,0,0,5667153,5667153,4439
109159,197,508,1016,3,0,31168,0,0,0,5667892,5667892,4439
109174,197,524,1016,3,0,31168,0,0,0,5668671,5668671,4439
109189,197,550,1016,3,0,31168,0,0,0,5669466,5669466,4439
109205,197,576,1016,3,0,31168,0,0,0,5670201,5670201,4439
109221,197,597,1016,3,0,31168,0,0,0,5671040,5671040,4439
109238,197,624,1016,3,0,31168,0,0,0,5671922,5671922,4439
109253,197,658,1016,3,0,31168,0,0,0,5672743,5672743,4439
109268,197,689,1016,3,0,31168,0,0,0,5673576,5673576,4439
109284,197,727,1016,3,0,31168,0,0,0,5674352,5674352,4439
109300,197,760,1016,3,0,31168,0,0,0,5675128,5675128,4439
109315,197,793,1016,3,0,31168,0,0,0,5675907,5675907,4439
109330,197,821,1016,3,0,31168,0,0,0,5676729,5676729,4439
109346,197,860,1016,3,0,31168,0,0,0,5677553,5677553,4439
109363,197,890,1016,3,0,31168,0,0,0,5678429,5678429,4439
109379,197,914,1016,3,0,31168,0,0,0,5679196,5679196,4439
109395,197,942,1016,3,0,31168,0,0,0,5679968,5679968,4439
109411,198,967,1016,3,0,31168,0,0,0,5680794,5680794,4439
109426,198,987,1016,3,0,31168,0,0,0,5681404,5681404,4439
109441,198,1005,1016,3,0,31168,0,0,0,5682107,5682107,4439
109458,198,14,1016,3,0,31168,0,0,0,5683048,5683048,4439
109474,198,30,1016,3,0,31168,0,0,0,5683886,5683886,4439
109489,198,87,1016,3,0,31168,0,0,0,5684701,5684701,4439
109506,198,118,1016,3,0,31168,0,0,0,5685648,5685648,4439
109521,198,143,1016,3,0,31168,0,0,0,5686492,5686492,4439
109537,198,156,1016,3,0,31168,0,0,0,5687362,5687362,4439
109552,198,173,1016,3,0,31168,0,0,0,5688190,5688190,4439
109568,198,194,1016,3,0,31168,0,0,0,5689077,5689077,4439
109584,198,220,1016,3,0,31168,0,0,0,5689924,5689924,4439
109599,198,233,1016,3,0,31168,0,0,0,5690786,5690786,4439
109615,198,257,1016,3,0,31168,0,0,0,5691640,5691640,4439
109631,198,281,1016,3,0,31168,0,0,0,5692434,5692434,4439
109647,198,313,1016,3,0,31168,0,0,0,5693274,5693274,4439
109663,198,331,1016,3,0,31168,0,0,0,5694111,5694111,4439
109679,198,352,1016,3,0,31168,0,0,0,5694984,5694984,4439
109694,198,380,1016,3,0,31168,0,0,0,5695747,5695747,4439
109710,198,400,1016,3,0,31168,0,0,0,5696540,5696540,4439
109726,198,428,1016,3,0,31168,0,0,0,5697346,5697346,4439
109741,198,446,1016,3,0,31168,0,0,0,5698083,5698083,4439
109756,198,465,1016,3,0,31168,0,0,0,5698890,5698890,4439
109771,198,485,1016,3,0,31168,0,0,0,5699697,5699697,4439
109787,198,510,1016,3,0,31168,0,0,0,5700489,5700489,4439
109802,198,532,1016,3,0,31168,0,0,0,5701340,5701340,4439
109818,198,559,1016,3,0,31168,0,0,0,5701999,5701999,4439
109833,198,580,1016,3,0,31168,0,0,0,5702800,5702800,4439
109848,198,602,1016,3,0,31168,0,0,0,5703598,5703598,4439
109865,198,635,1016,3,0,31168,0,0,0,5704514,5704514,4439
109881,198,668,1016,3,0,31168,0,0,0,5705369,5705369,4439
109899,198,698,1016,3,0,31168,0,0,0,5706224,5706224,4439
109914,198,729,1016,3,0,31168,0,0,0,5706966,5706966,4439
109930,198,759,1016,3,0,31168,0,0,0,5707687,5707687,4439
109946,198,784,1016,3,0,31168,0,0,0,5708463,5708463,4439
109964,198,812,1016,3,0,31168,0,0,0,5709392,5709392,4439
109979,198,848,1016,3,0,31168,0,0,0,5710175,5710175,4439
109995,198,885,1016,3,0,31168,0,0,0,5710978,5710978,4439
110010,198,921,1016,3,0,31168,0,0,0,5711782,5711782,4439
110027,198,953,1016,3,0,31168,0,0,0,5712604,5712604,4439
110042,199,974,1016,3,0,31168,0,0,0,5713407,5713407,4439
110060,199,978,1016,3,0,31168,0,0,0,5713599,5713599,4439
110077,199,1015,1016,3,0,31168,0,0,0,5714445,5714445,4439
110093,199,15,1016,3,0,31168,0,0,0,5715364,5715364,4439
110109,199,36,1016,3,0,31168,0,0,0,5716288,5716288,4439
110125,199,103,1016,3,0,31168,0,0,0,5717138,5717138,4439
110140,199,126,1016,3,0,31168,0,0,0,5718017,5718017,4439
110156,199,144,1016,3,0,31168,0,0,0,5718798,5718798,4439
110171,199,161,1016,3,0,31168,0,0,0,5719641,5719641,4439
110186,199,182,1016,3,0,31168,0,0,0,5720407,5720407,4439
110202,199,204,1016,3,0,31168,0,0,0,5721278,5721278,4439
110218,199,226,1016,3,0,31168,0,0,0,5722131,5722131,4439
110234,199,241,1016,3,0,31168,0,0,0,5722937,5722937,4439
110250,199,281,1016,3,0,31168,0,0,0,5723774,5723774,4439
110266,199,309,1016,3,0,31168,0,0,0,5724587,5724587,4439
110281,199,327,1016,3,0,31168,0,0,0,5725409,5725409,4439
110297,199,345,1016,3,0,31168,0,0,0,5726265,5726265,4439
110313,199,377,1016,3,0,31168,0,0,0,5727093,5727093,4439
110328,199,403,1016,3,0,31168,0,0,0,5727911,5727911,4439
110344,199,431,1016,3,0,31168,0,0,0,5728755,5728755,4439
110360,199,449,1016,3,0,31168,0,0,0,5729606,5729606,4439
110376,199,473,1016,3,0,31168,0,0,0,5730398,5730398,4439
110392,199,494,1016,3,0,31168,0,0,0,5731177,5731177,4439
110407,199,518,1016,3,0,31168,0,0,0,5731960,5731960,4439
110422,199,538,1016,3,0,31168,0,0,0,5732742,5732742,4439
110437,199,567,1016,3,0,31168,0,0,0,5733537,5733537,4439
110453,199,586,1016,3,0,31168,0,0,0,5734305,5734305,4439
110468,199,603,1016,3,0,31168,0,0,0,5735021,5735021,4439
110483,199,635,1016,3,0,31168,0,0,0,5735858,5735858,4439
110501,199,672,1016,3,0,31168,0,0,0,5736785,5736785,4439
110516,199,703,1016,3,0,31168,0,0,0,5737594,5737594,4439
110532,199,746,1016,3,0,31168,0,0,0,5738330,5738330,4439
110548,199,773,1016,3,0,31168,0,0,0,5739121,5739121,4439
110564,199,798,1016,3,0,31168,0,0,0,5739975,5739975,4439
110580,199,834,1016,3,0,31168,0,0,0,5740812,5740812,4439
110596,199,881,1016,3,0,31168,0,0,0,5741666,5741666,4439
110613,199,900,1016,3,0,31168,0,0,0,5742519,5742519,4439
110629,199,935,1016,3,0,31168,0,0,0,5743331,5743331,4439
110645,200,971,1016,3,0,31168,0,0,0,5744180,5744180,4439
110662,200,990,1016,3,0,31168,0,0,0,5744818,5744818,4439
110678,200,1011,1016,3,0,31168,0,0,0,5745675,5745675,4439
110694,200,11,1016,2,0,31168,0,0,0,5746592,5746592,4439
110710,200,44,1016,2,0,31168,0,0,0,5747448,5747448,4439
110726,200,100,1016,2,0,31168,0,0,0,5748215,5748215,4439
110741,200,128,1016,2,0,31168,0,0,0,5749089,5749089,4439
110759,200,147,1016,2,0,31168,0,0,0,5750001,5750001,4439
110776,200,167,1016,2,0,31168,0,0,0,5750908,5750908,4439
110793,200,194,1016,2,0,31168,0,0,0,5751824,5751824,4439
110808,200,219,1016,2,0,31168,0,0,0,5752648,5752648,4439
110823,200,236,1016,2,0,31168,0,0,0,5753467,5753467,4439
110839,200,261,1016,2,0,31168,0,0,0,5754256,5754256,4439
110854,200,295,1016,2,0,31168,0,0,0,5755032,5755032,4439
110870,200,327,1016,2,0,31168,0,0,0,5755868,5755868,4439
110886,200,345,1016,2,0,31168,0,0,0,5756728,5756728,4439
110901,200,375,1016,2,0,31168,0,0,0,5757556,5757556,4439
110916,200,400,1016,2,0,31168,0,0,0,5758367,5758367,4439
110933,200,435,1016,2,0,31168,0,0,0,5759255,5759255,4439
110948,200,456,1016,2,0,31168,0,0,0,5760054,5760054,4439
110965,200,484,1016,2,0,31168,0,0,0,5760895,5760895,4439
110981,200,505,1016,2,0,31168,0,0,0,5761680,5761680,4439
110997,200,527,1016,2,0,31168,0,0,0,5762512,5762512,4439
111012,200,559,1016,2,0,31168,0,0,0,5763243,5763243,4439
111027,200,583,1016,2,0,31168,0,0,0,5764005,5764005,4439
111043,200,610,1016,2,0,31168,0,0,0,5764816,5764816,4439
111058,200,643,1016,2,0,31168,0,0,0,5765657,5765657,4439
111073,200,673,1016,2,0,31168,0,0,0,5766490,5766490,4439
111089,200,707,1016,2,0,31168,0,0,0,5767311,5767311,4439
111105,200,746,1016,2,0,31168,0,0,0,5768119,5768119,4439
111121,200,783,1016,2,0,31168,0,0,0,5768936,5768936,4439
111141,200,807,1016,2,0,31168,0,0,0,5769865,5769865,4439
111156,200,845,1016,2,0,31168,0,0,0,5770684,5770684,4439
111173,200,882,1016,2,0,31168,0,0,0,5771612,5771612,4439
111190,200,913,1016,2,0,31168,0,0,0,5772483,5772483,4439
111207,200,955,1016,2,0,31168,0,0,0,5773384,5773384,4439
111223,201,987,1016,2,0,31168,0,0,0,5774105,5774105,4439
111239,201,1004,1016,2,0,31168,0,0,0,5774889,5774889,4439
111254,201,5,1016,2,0,31168,0,0,0,5775708,5775708,4439
111270,201,23,1016,2,0,31168,0,0,0,5776532,5776532,4439
111285,201,99,1016,2,0,31168,0,0,0,5777362,5777362,4439
111301,201,122,1016,2,0,31168,0,0,0,5778188,5778188,4439
111316,201,148,1016,2,0,31168,0,0,0,5779044,5779044,4439
111333,201,166,1016,2,0,31168,0,0,0,5779987,5779987,4439
111350,201,186,1016,2,0,31168,0,0,0,5780907,5780907,4439
111366,201,204,1016,2,0,31168,0,0,0,5781784,5781784,4439
111382,201,224,1016,2,0,31168,0,0,0,5782630,5782630,4439
111399,201,249,1016,2,0,31168,0,0,0,5783516,5783516,4439
111415,201,276,1016,2,0,31168,0,0,0,5784314,5784314,4439
111432,201,317,1016,2,0,31168,0,0,0,5785186,5785186,4439
111447,201,334,1016,2,0,31168,0,0,0,5786013,5786013,4439
111463,201,363,1016,2,0,31168,0,0,0,5786801,5786801,4439
111478,201,393,1016,2,0,31168,0,0,0,5787535,5787535,4439
111493,201,415,1016,2,0,31168,0,0,0,5788295,5788295,4439
111509,201,436,1016,2,0,31168,0,0,0,5789063,5789063,4439
111525,201,449,1016,2,0,31168,0,0,0,5789910,5789910,4439
111540,201,474,1016,2,0,31168,0,0,0,5790750,5790750,4439
111557,201,493,1016,2,0,31168,0,0,0,5791549,5791549,4439
111574,201,519,1016,2,0,31168,0,0,0,5792481,5792481,4439
111590,201,541,1016,2,0,31168,0,0,0,5793226,5793226,4439
111605,201,579,1016,2,0,31168,0,0,0,5793986,5793986,4439
111622,201,602,1016,2,0,31168,0,0,0,5794829,5794829,4439
111637,201,624,1016,2,0,31168,0,0,0,5795673,5795673,4439
111653,201,656,1016,2,0,31168,0,0,0,5796491,5796491,4439
111668,201,674,1016,2,0,31168,0,0,0,5797291,5797291,4439
111684,201,706,1016,2,0,31168,0,0,0,5798115,5798115,4439
111700,201,749,1016,2,0,31168,0,0,0,5798889,5798889,4439
111715,201,783,1016,2,0,31168,0,0,0,5799615,5799615,4439
111731,201,816,1016,2,0,31168,0,0,0,5800461,5800461,4439
111747,201,850,1016,2,0,31168,0,0,0,5801263,5801263,4439
111762,201,881,1016,2,0,31168,0,0,0,5802069,5802069,4439
111778,201,893,1016,2,0,31168,0,0,0,5802871,5802871,4439
111793,201,930,1016,2,0,31168,0,0,0,5803678,5803678,4439
111809,202,972,1016,2,0,31168,0,0,0,5804533,5804533,4439
111825,202,982,1016,2,0,31168,0,0,0,5804963,5804963,4439
111841,202,1006,1016,2,0,31168,0,0,0,5805764,5805764,4439
111857,202,11,1016,2,0,31168,0,0,0,5806601,5806601,4439
111873,202,60,1016,2,0,31168,0,0,0,5807496,5807496,4439
111889,202,109,1016,2,0,31168,0,0,0,5808386,5808386,4439
111904,202,137,1016,2,0,31168,0,0,0,5809229,5809229,4439
111920,202,150,1016,2,0,31168,0,0,0,5810089,5810089,4439
111936,202,170,1016,2,0,31168,0,0,0,5811002,5811002,4439
111953,202,192,1016,2,0,31168,0,0,0,5811855,5811855,4439
111969,202,215,1016,2,0,31168,0,0,0,5812714,5812714,4439
111985,202,231,1016,2,0,31168,0,0,0,5813620,5813620,4439
112001,202,250,1016,2,0,31168,0,0,0,5814479,5814479,4439
112016,202,281,1016,2,0,31168,0,0,0,5815306,5815306,4439
112031,202,311,1016,2,0,31168,0,0,0,5816093,5816093,4439
112048,202,334,1016,2,0,31168,0,0,0,5816921,5816921,4439
112063,202,355,1016,2,0,31168,0,0,0,5817723,5817723,4439
112078,202,379,1016,2,0,31168,0,0,0,5818525,5818525,4439
112094,202,409,1016,2,0,31168,0,0,0,5819295,5819295,4439
112110,202,435,1016,2,0,31168,0,0,0,5820162,5820162,4439
112126,202,453,1016,2,0,31168,0,0,0,5821041,5821041,4439
112141,202,478,1016,2,0,31168,0,0,0,5821856,5821856,4439
112157,202,494,1016,2,0,31168,0,0,0,5822641,5822641,4439
112173,202,524,1016,2,0,31168,0,0,0,5823457,5823457,4439
112189,202,553,1016,2,0,31168,0,0,0,5824239,5824239,4439
112204,202,577,1016,2,0,31168,0,0,0,5825041,5825041,4439
112220,202,596,1016,2,0,31168,0,0,0,5825835,5825835,4439
112236,202,617,1016,2,0,31168,0,0,0,5826581,5826581,4439
112252,202,648,1016,2,0,31168,0,0,0,5827389,5827389,4439
112267,202,674,1016,2,0,31168,0,0,0,5828203,5828203,4439
112283,202,716,1016,2,0,31168,0,0,0,5829021,5829021,4439
112299,202,748,1016,2,0,31168,0,0,0,5829794,5829794,4439
112314,202,781,1016,2,0,31168,0,0,0,5830527,5830527,4439
112331,202,803,1016,2,0,31168,0,0,0,5831294,5831294,4439
112347,202,846,1016,2,0,31168,0,0,0,5832120,5832120,4439
112364,202,882,1016,2,0,31168,0,0,0,5833007,5833007,4439
112379,202,907,1016,2,0,31168,0,0,0,5833735,5833735,4439
112394,202,937,1016,2,0,31168,0,0,0,5834504,5834504,4439
112410,202,960,1016,2,0,31168,0,0,0,5835346,5835346,4439
112426,203,988,1016,2,0,31168,0,0,0,5836006,5836006,4439
112442,203,3,1016,2,0,31168,0,0,0,5836900,5836900,4439
112458,203,16,1016,2,0,31168,0,0,0,5837705,5837705,4439
112473,203,44,1016,2,0,31168,0,0,0,5838536,5838536,4439
112488,203,107,1016,2,0,31168,0,0,0,5839365,5839365,4439
112504,203,129,1016,2,0,31168,0,0,0,5840215,5840215,4439
112519,203,147,1016,2,0,31168,0,0,0,5840961,5840961,4439
112535,203,165,1016,2,0,31168,0,0,0,5841855,5841855,4439
112550,203,184,1016,2,0,31168,0,0,0,5842693,5842693,4439
112567,203,208,1016,2,0,31168,0,0,0,5843574,5843574,4439
112583,203,229,1016,2,0,31168,0,0,0,5844490,5844490,4439
112599,203,250,1016,2,0,31168,0,0,0,5845372,5845372,4439
112614,203,281,1016,2,0,31168,0,0,0,5846166,5846166,4439
112630,203,315,1016,2,0,31168,0,0,0,5846973,5846973,4439
112646,203,332,1016,2,0,31168,0,0,0,5847794,5847794,4439
112661,203,353,1016,2,0,31168,0,0,0,5848587,5848587,4439
112677,203,385,1016,2,0,31168,0,0,0,5849404,5849404,4439
112693,203,404,1016,2,0,31168,0,0,0,5850174,5850174,4439
112708,203,431,1016,2,0,31168,0,0,0,5850993,5850993,4439
112723,203,444,1016,2,0,31168,0,0,0,5851794,5851794,4439
112739,203,467,1016,2,0,31168,0,0,0,5852647,5852647,4439
112755,203,489,1016,2,0,31168,0,0,0,5853499,5853499,4439
112772,203,520,1016,2,0,31168,0,0,0,5854375,5854375,4439
112787,203,554,1016,2,0,31168,0,0,0,5855161,5855161,4439
112803,203,583,1016,2,0,31168,0,0,0,5855987,5855987,4439
112819,203,606,1016,2,0,31168,0,0,0,5856781,5856781,4439
112835,203,635,1016,2,0,31168,0,0,0,5857669,5857669,4439
112850,203,662,1016,2,0,31168,0,0,0,5858491,5858491,4439
112867,203,684,1016,2,0,31168,0,0,0,5859297,5859297,4439
112884,203,721,1016,2,0,31168,0,0,0,5860200,5860200,4439
112899,203,748,1016,2,0,31168,0,0,0,5860939,5860939,4439
112915,203,784,1016,2,0,31168,0,0,0,5861662,5861662,4439
112931,203,821,1017,3,0,31168,0,0,0,5862542,5862542,4439
112947,203,851,1017,3,0,31168,0,0,0,5863249,5863249,4439
112964,203,886,1017,3,0,31168,0,0,0,5864144,5864144,4439
112980,203,911,1017,3,0,31168,0,0,0,5864949,5864949,4439
112996,203,948,1017,3,0,31168,0,0,0,5865771,5865771,4439
113011,204,973,1017,3,0,31168,0,0,0,5866621,5866621,4439
113027,204,996,1017,3,0,31168,0,0,0,5867450,5867450,4439
113043,204,6,1017,3,0,31168,0,0,0,5868374,5868374,4439
113059,204,21,1017,3,0,31168,0,0,0,5869232,5869232,4439
113075,204,71,1017,3,0,31168,0,0,0,5870114,5870114,4439
113090,204,122,1017,3,0,31168,0,0,0,5871008,5871008,4439
113106,204,146,1017,3,0,31168,0,0,0,5871828,5871828,4439
113121,204,161,1017,3,0,31168,0,0,0,5872623,5872623,4439
113136,204,181,1017,3,0,31168,0,0,0,5873452,5873452,4439
113153,204,200,1017,3,0,31168,0,0,0,5874309,5874309,4439
113168,204,220,1017,3,0,31168,0,0,0,5875125,5875125,4439
113184,204,238,1017,3,0,31168,0,0,0,5875933,5875933,4439
113199,204,259,1017,3,0,31168,0,0,0,5876739,5876739,4439
113215,204,281,1017,3,0,31168,0,0,0,5877578,5877578,4439
113232,204,312,1017,3,0,31168,0,0,0,5878448,5878448,4439
113248,204,334,1017,3,0,31168,0,0,0,5879255,5879255,4439
113263,204,353,1017,3,0,31168,0,0,0,5880077,5880077,4439
113280,204,384,1017,3,0,31168,0,0,0,5880889,5880889,4439
113296,204,406,1017,3,0,31168,0,0,0,5881694,5881694,4439
113312,204,438,1017,3,0,31168,0,0,0,5882512,5882512,4439
113328,204,455,1017,3,0,31168,0,0,0,5883423,5883423,4439
113344,204,477,1017,3,0,31168,0,0,0,5884309,5884309,4439
113360,204,504,1017,3,0,31168,0,0,0,5885095,5885095,4439
113375,204,524,1017,3,0,31168,0,0,0,5885885,5885885,4439
113392,204,553,1017,3,0,31168,0,0,0,5886760,5886760,4439
113408,204,580,1017,3,0,31168,0,0,0,5887624,5887624,4439
113423,204,608,1017,3,0,31168,0,0,0,5888434,5888434,4439
113438,204,648,1017,3,0,31168,0,0,0,5889197,5889197,4439
113454,204,679,1017,3,0,31168,0,0,0,5890003,5890003,4439
113470,204,720,1017,3,0,31168,0,0,0,5890862,5890862,4439
113485,204,760,1017,3,0,31168,0,0,0,5891592,5891592,4439
113502,204,789,1017,3,0,31168,0,0,0,5892425,5892425,4439
113518,204,821,1017,3,0,31168,0,0,0,5893218,5893218,4439
113533,204,850,1017,3,0,31168,0,0,0,5893985,5893985,4439
113549,204,887,1017,3,0,31168,0,0,0,5894790,5894790,4439
113564,204,910,1017,3,0,31168,0,0,0,5895503,5895503,4439
113579,204,940,1017,3,0,31168,0,0,0,5896176,5896176,4439
113594,204,960,1017,3,0,31168,0,0,0,5896887,5896887,4439
113610,205,978,1017,3,0,31168,0,0,0,5897405,5897405,4439
113626,205,1004,1017,3,0,31168,0,0,0,5898278,5898278,4439
113641,205,7,1017,3,0,31168,0,0,0,5899149,5899149,4439
113656,205,21,1017,3,0,31168,0,0,0,5899958,5899958,4439
113672,205,61,1017,3,0,31168,0,0,0,5900806,5900806,4439
113688,205,109,1017,3,0,31168,0,0,0,5901633,5901633,4439
113704,205,129,1017,3,0,31168,0,0,0,5902460,5902460,4439
113719,205,146,1017,3,0,31168,0,0,0,5903295,5903295,4439
113734,205,161,1017,3,0,31168,0,0,0,5904151,5904151,4439
113749,205,173,1017,3,0,31168,0,0,0,5904971,5904971,4439
113765,205,193,1017,3,0,31168,0,0,0,5905751,5905751,4439
113780,205,214,1017,3,0,31168,0,0,0,5906552,5906552,4439
113797,205,230,1017,3,0,31168,0,0,0,5907391,5907391,4439
113812,205,245,1017,3,0,31168,0,0,0,5908231,5908231,4439
113828,205,276,1017,3,0,31168,0,0,0,5909066,5909066,4439
113846,205,309,1017,3,0,31168,0,0,0,5909889,5909889,4439
113861,205,328,1017,3,0,31168,0,0,0,5910730,5910730,4439
113877,205,345,1017,3,0,31168,0,0,0,5911512,5911512,4439
113893,205,376,1018,4,0,31168,0,0,0,5912383,5912383,4439
113909,205,399,1018,4,0,31168,0,0,0,5913257,5913257,4439
113925,205,431,1018,4,0,31168,0,0,0,5914097,5914097,4439
113941,205,449,1018,4,0,31168,0,0,0,5914958,5914958,4439
113957,205,474,1018,4,0,31168,0,0,0,5915892,5915892,4439
113972,205,494,1018,4,0,31168,0,0,0,5916675,5916675,4439
113987,205,518,1018,4,0,31168,0,0,0,5917417,5917417,4439
114003,205,533,1018,4,0,31168,0,0,0,5918223,5918223,4439
114019,205,566,1018,4,0,31168,0,0,0,5919077,5919077,4439
114034,205,593,1018,4,0,31168,0,0,0,5919842,5919842,4439
114050,205,618,1018,4,0,31168,0,0,0,5920562,5920562,4439
114065,205,643,1018,4,0,31168,0,0,0,5921316,5921316,4439
114081,205,669,1018,4,0,31168,0,0,0,5922186,5922186,4439
114097,205,698,1018,4,0,31168,0,0,0,5922985,5922985,4439
114113,205,720,1018,4,0,31168,0,0,0,5923714,5923714,4439
114130,205,748,1018,4,0,31168,0,0,0,5924579,5924579,4439
114146,205,771,1018,4,0,31168,0,0,0,5925319,5925319,4439
114162,205,798,1018,4,0,31168,0,0,0,5926071,5926071,4439
114178,205,821,1018,4,0,31168,0,0,0,5926893,5926893,4439
114195,205,873,1018,4,0,31168,0,0,0,5927782,5927782,4439
114210,205,895,1018,4,0,31168,0,0,0,5928601,5928601,4439
114227,205,936,1018,4,0,31168,0,0,0,5929424,5929424,4439
114242,206,971,1018,4,0,31168,0,0,0,5930237,5930237,4439
114259,206,987,1018,4,0,31168,0,0,0,5930646,5930646,4439
114275,206,1015,1018,4,0,31168,0,0,0,5931461,5931461,4439
114291,206,11,1018,4,0,31168,0,0,0,5932312,5932312,4439
114308,206,24,1018,4,0,31168,0,0,0,5933226,5933226,4439
114324,206,60,1018,4,0,31168,0,0,0,5934043,5934043,4439
114339,206,105,1018,4,0,31168,0,0,0,5934835,5934835,4439
114355,206,131,1018,4,0,31168,0,0,0,5935703,5935703,4439
114370,206,145,1018,4,0,31168,0,0,0,5936456,5936456,4439
114386,206,164,1018,4,0,31168,0,0,0,5937254,5937254,4439
114401,206,181,1018,4,0,31168,0,0,0,5938165,5938165,4439
114417,206,197,1018,4,0,31168,0,0,0,5938980,5938980,4439
114432,206,220,1018,4,0,31168,0,0,0,5939802,5939802,4439
114449,206,239,1018,4,0,31168,0,0,0,5940691,5940691,4439
114464,206,271,1018,4,0,31168,0,0,0,5941507,5941507,4439
114479,206,300,1018,4,0,31168,0,0,0,5942286,5942286,4439
114495,206,324,1018,4,0,31168,0,0,0,5943168,5943168,4439
114511,206,350,1018,4,0,31168,0,0,0,5943999,5943999,4439
114526,206,379,1018,4,0,31168,0,0,0,5944800,5944800,4439
114541,206,409,1018,4,0,31168,0,0,0,5945575,5945575,4439
114556,206,434,1018,4,0,31168,0,0,0,5946306,5946306,4439
114571,206,447,1018,4,0,31168,0,0,0,5947070,5947070,4439
114587,206,473,1018,4,0,31168,0,0,0,5947890,5947890,4439
114602,206,499,1018,4,0,31168,0,0,0,5948697,5948697,4439
114618,206,518,1018,4,0,31168,0,0,0,5949568,5949568,4439
114635,206,550,1018,4,0,31168,0,0,0,5950387,5950387,4439
114650,206,567,1018,4,0,31168,0,0,0,5951117,5951117,4439
114665,206,596,1018,4,0,31168,0,0,0,5951910,5951910,4439
114680,206,612,1018,4,0,31168,0,0,0,5952706,5952706,4439
114696,206,636,1018,4,0,31168,0,0,0,5953526,5953526,4439
114712,206,669,1018,4,0,31168,0,0,0,5954333,5954333,4439
114727,206,689,1018,4,0,31168,0,0,0,5955150,5955150,4439
114742,206,734,1018,4,0,31168,0,0,0,5955886,5955886,4439
114758,206,760,1018,4,0,31168,0,0,0,5956671,5956671,4439
114773,206,784,1019,5,0,31168,0,0,0,5957423,5957423,4439
114789,206,809,1019,5,0,31168,0,0,0,5958207,5958207,4439
114805,206,836,1019,5,0,31168,0,0,0,5959089,5959089,4439
114822,206,868,1019,5,0,31168,0,0,0,5959959,5959959,4439
114838,206,895,1019,5,0,31168,0,0,0,5960731,5960731,4439
114854,206,936,1019,5,0,31168,0,0,0,5961442,5961442,4439
114869,206,960,1019,5,0,31168,0,0,0,5962104,5962104,4439
114885,207,990,1019,5,0,31168,0,0,0,5962713,5962713,4439
114902,207,1005,1019,5,0,31168,0,0,0,5963352,5963352,4439
114918,207,5,1019,4,0,31168,0,0,0,5963993,5963993,4439
114934,207,13,1019,4,0,31168,0,0,0,5964598,5964598,4439
114950,207,25,1019,4,0,31168,0,0,0,5965239,5965239,4439
114967,207,61,1019,4,0,31168,0,0,0,5965911,5965911,4439
114983,207,110,1019,4,0,31168,0,0,0,5966601,5966601,4439
114998,207,132,1019,4,0,31168,0,0,0,5967262,5967262,4439
115014,207,146,1019,4,0,31168,0,0,0,5967866,5967866,4439
115030,207,159,1019,4,0,31168,0,0,0,5968529,5968529,4439
115047,207,171,1019,4,0,31168,0,0,0,5969195,5969195,4439
115062,207,192,1019,4,0,31168,0,0,0,5969823,5969823,4439
115079,207,206,1019,4,0,31168,0,0,0,5970469,5970469,4439
115095,207,224,1019,4,0,31168,0,0,0,5971110,5971110,4439
115110,207,236,1019,4,0,31168,0,0,0,5971795,5971795,4439
115126,207,257,1019,4,0,31168,0,0,0,5972429,5972429,4439
115142,207,282,1019,4,0,31168,0,0,0,5973058,5973058,4439
115158,207,303,1019,4,0,31168,0,0,0,5973709,5973709,4439
115174,207,324,1019,4,0,31168,0,0,0,5974348,5974348,4439
115191,207,338,1019,4,0,31168,0,0,0,5974983,5974983,4439
115206,207,355,1019,4,0,31168,0,0,0,5975587,5975587,4439
115222,207,375,1019,4,0,31168,0,0,0,5976167,5976167,4439
115237,207,396,1019,4,0,31168,0,0,0,5976761,5976761,4439
115252,207,415,1019,4,0,31168,0,0,0,5977380,5977380,4439
115269,207,434,1019,4,0,31168,0,0,0,5978013,5978013,4439
115284,207,446,1019,4,0,31168,0,0,0,5978596,5978596,4439
115300,207,464,1019,4,0,31168,0,0,0,5979322,5979322,4439
115316,207,475,1019,4,0,31168,0,0,0,5979800,5979800,4439
115331,207,482,1019,4,0,31168,0,0,0,5980240,5980240,4439
115349,207,504,1019,4,0,31168,0,0,0,5980775,5980775,4439
115367,207,518,1019,4,0,31168,0,0,0,5981321,5981321,4439
115383,207,528,1019,4,0,31168,0,0,0,5981789,5981789,4439
115399,207,541,1019,4,0,31168,0,0,0,5982251,5982251,4439
115416,207,563,1019,4,0,31168,0,0,0,5982782,5982782,4439
115432,207,580,1019,4,0,31168,0,0,0,5983278,5983278,4439
115448,207,593,1019,4,0,31168,0,0,0,5983791,5983791,4439
115463,207,613,1019,4,0,31168,0,0,0,5984259,5984259,4439
115480,207,635,1019,4,0,31168,0,0,0,5984764,5984764,4439
115496,207,655,1019,4,0,31168,0,0,0,5985242,5985242,4439
115512,207,669,1019,4,0,31168,0,0,0,5985738,5985738,4439
115528,207,689,1019,4,0,31168,0,0,0,5986240,5986240,4439
115545,207,721,1019,4,0,31168,0,0,0,5986782,5986782,4439
115562,207,737,1019,4,0,31168,0,0,0,5987279,5987279,4439
115578,207,757,1019,4,0,31168,0,0,0,5987736,5987736,4439
115594,207,783,1019,4,0,31168,0,0,0,5988194,5988194,4439
115612,207,801,1019,4,0,31168,0,0,0,5988787,5988787,4439
115629,207,817,1019,4,0,31168,0,0,0,5989264,5989264,4439
115646,207,856,1019,4,0,31168,0,0,0,5989807,5989807,4439
115662,207,877,1019,4,0,31168,0,0,0,5990286,5990286,4439
115678,207,888,1019,4,0,31168,0,0,0,5990816,5990816,4439
115695,207,909,1019,4,0,31168,0,0,0,5991295,5991295,4439
115711,207,931,1019,4,0,31168,0,0,0,5991797,5991797,4439
115727,207,958,1019,4,0,31168,0,0,0,5992258,5992258,4439
115742,208,973,1019,4,0,31168,0,0,0,5992720,5992720,4439
115768,208,978,1019,4,0,31168,0,0,0,5992915,5992915,4439
115785,208,992,1019,4,0,31168,0,0,0,5993436,5993436,4439
115803,208,1006,1019,4,0,31168,0,0,0,5993948,5993948,4439
115819,208,7,1019,4,0,31168,0,0,0,5994549,5994549,4439
115836,208,16,1019,4,0,31168,0,0,0,5995078,5995078,4439
115853,208,30,1019,4,0,31168,0,0,0,5995556,5995556,4439
115870,208,80,1019,4,0,31168,0,0,0,5996088,5996088,4439
115888,208,105,1019,4,0,31168,0,0,0,5996669,5996669,4439
115903,208,118,1019,4,0,31168,0,0,0,5997168,5997168,4439
115921,208,136,1019,4,0,31168,0,0,0,5997733,5997733,4439
115937,208,145,1019,4,0,31168,0,0,0,5998217,5998217,4439
115955,208,161,1019,4,0,31168,0,0,0,5998776,5998776,4439
115971,208,180,1019,4,0,31168,0,0,0,5999345,5999345,4439
115986,208,193,1019,4,0,31168,0,0,0,5999799,5999799,4439
116003,208,208,1019,4,0,31168,0,0,0,6000318,6000318,4439
116019,208,220,1019,4,0,31168,0,0,0,6000817,6000817,4439
116035,208,231,1019,4,0,31168,0,0,0,6001309,6001309,4439
116053,208,249,1019,4,0,31168,0,0,0,6001884,6001884,4439
116069,208,265,1019,4,0,31168,0,0,0,6002375,6002375,4439
116084,208,282,1019,4,0,31168,0,0,0,6002851,6002851,4439
116101,208,298,1019,4,0,31168,0,0,0,6003331,6003331,4439
116116,208,316,1019,4,0,31168,0,0,0,6003820,6003820,4439
116131,208,324,1019,4,0,31168,0,0,0,6004309,6004309,4439
116149,208,336,1019,4,0,31168,0,0,0,6004882,6004882,4439
116167,208,352,1019,4,0,31168,0,0,0,6005477,6005477,4439
116183,208,366,1019,4,0,31168,0,0,0,6005950,6005950,4439
116200,208,380,1019,4,0,31168,0,0,0,6006455,6006455,4439
116216,208,397,1019,4,0,31168,0,0,0,6006956,6006956,4439
116232,208,414,1019,4,0,31168,0,0,0,6007436,6007436,4439
116247,208,435,1019,4,0,31168,0,0,0,6007895,6007895,4439
116263,208,447,1019,4,0,31168,0,0,0,6008350,6008350,4439
116279,208,456,1019,4,0,31168,0,0,0,6008871,6008871,4439
116296,208,474,1019,4,0,31168,0,0,0,6009402,6009402,4439
116311,208,484,1019,4,0,31168,0,0,0,6009851,6009851,4439
116328,208,502,1019,4,0,31168,0,0,0,6010352,6010352,4439
116345,208,518,1019,4,0,31168,0,0,0,6010810,6010810,4439
116361,208,532,1019,4,0,31168,0,0,0,6011284,6011284,4439
116378,208,551,1019,4,0,31168,0,0,0,6011790,6011790,4439
116393,208,563,1019,4,0,31168,0,0,0,6012259,6012259,4439
116409,208,580,1019,4,0,31168,0,0,0,6012717,6012717,4439
116426,208,593,1019,4,0,31168,0,0,0,6013202,6013202,4439
116441,208,602,1019,4,0,31168,0,0,0,6013646,6013646,4439
116459,208,619,1019,4,0,31168,0,0,0,6014175,6014175,4439
116475,208,636,1019,4,0,31168,0,0,0,6014662,6014662,4439
116491,208,650,1019,4,0,31168,0,0,0,6015152,6015152,4439
116509,208,671,1019,4,0,31168,0,0,0,6015700,6015700,4439
116526,208,694,1019,4,0,31168,0,0,0,6016196,6016196,4439
116544,208,705,1019,4,0,31168,0,0,0,6016787,6016787,4439
116560,208,729,1019,4,0,31168,0,0,0,6017224,6017224,4439
116576,208,760,1019,4,0,31168,0,0,0,6017695,6017695,4439
116593,208,782,1019,4,0,31168,0,0,0,6018217,6018217,4439
116609,208,801,1019,4,0,31168,0,0,0,6018714,6018714,4439
116624,208,815,1019,4,0,31168,0,0,0,6019136,6019136,4439
116640,208,845,1019,4,0,31168,0,0,0,6019637,6019637,4439
116657,208,867,1019,4,0,31168,0,0,0,6020169,6020169,4439
116674,208,887,1019,4,0,31168,0,0,0,6020674,6020674,4439
116690,208,905,1019,4,0,31168,0,0,0,6021154,6021154,4439
116705,208,913,1019,4,0,31168,0,0,0,6021606,6021606,4439
116721,208,936,1019,4,0,31168,0,0,0,6022105,6022105,4439
116737,208,954,1019,4,0,31168,0,0,0,6022572,6022572,4439
116753,209,973,1019,4,0,31168,0,0,0,6023084,6023084,4439
116768,209,990,1019,4,0,31168,0,0,0,6023549,6023549,4439
116787,209,1005,1019,4,0,31168,0,0,0,6024121,6024121,4439
116804,209,5,1019,4,0,31168,0,0,0,6024690,6024690,4439
116820,209,18,1019,4,0,31168,0,0,0,6025169,6025169,4439
116835,209,27,1019,4,0,31168,0,0,0,6025633,6025633,4439
116851,209,50,1019,4,0,31168,0,0,0,6026146,6026146,4439
116868,209,100,1019,4,0,31168,0,0,0,6026647,6026647,4439
116885,209,116,1019,4,0,31168,0,0,0,6027152,6027152,4439
116901,209,137,1019,4,0,31168,0,0,0,6027632,6027632,4439
116917,209,145,1019,4,0,31168,0,0,0,6028144,6028144,4439
116933,209,156,1019,4,0,31168,0,0,0,6028637,6028637,4439
116948,209,166,1019,4,0,31168,0,0,0,6029122,6029122,4439
116963,209,182,1019,4,0,31168,0,0,0,6029640,6029640,4439
116981,209,200,1019,4,0,31168,0,0,0,6030174,6030174,4439
116996,209,215,1019,4,0,31168,0,0,0,6030691,6030691,4439
117012,209,227,1019,4,0,31168,0,0,0,6031153,6031153,4439
117028,209,236,1019,4,0,31168,0,0,0,6031666,6031666,4439
117045,209,252,1019,4,0,31168,0,0,0,6032233,6032233,4439
117061,209,271,1019,4,0,31168,0,0,0,6032694,6032694,4439
117078,209,298,1019,4,0,31168,0,0,0,6033211,6033211,4439
117096,209,315,1019,4,0,31168,0,0,0,6033750,6033750,4439
117114,209,331,1019,4,0,31168,0,0,0,6034340,6034340,4439
117130,209,345,1019,4,0,31168,0,0,0,6034825,6034825,4439
117145,209,363,1019,4,0,31168,0,0,0,6035327,6035327,4439
117162,209,379,1019,4,0,31168,0,0,0,6035846,6035846,4439
117179,209,395,1019,4,0,31168,0,0,0,6036338,6036338,4439
117196,209,412,1019,4,0,31168,0,0,0,6036853,6036853,4439
117211,209,428,1019,4,0,31168,0,0,0,6037311,6037311,4439
117226,209,440,1019,4,0,31168,0,0,0,6037741,6037741,4439
117244,209,451,1019,4,0,31168,0,0,0,6038334,6038334,4439
117260,209,467,1019,4,0,31168,0,0,0,6038816,6038816,4439
117275,209,477,1019,4,0,31168,0,0,0,6039277,6039277,4439
117291,209,487,1019,4,0,31168,0,0,0,6039725,6039725,4439
117306,209,502,1019,4,0,31168,0,0,0,6040183,6040183,4439
117321,209,516,1019,4,0,31168,0,0,0,6040626,6040626,4439
117338,209,527,1019,4,0,31168,0,0,0,6041164,6041164,4439
117354,209,538,1019,4,0,31168,0,0,0,6041616,6041616,4439
117369,209,562,1019,4,0,31168,0,0,0,6042102,6042102,4439
117386,209,580,1019,4,0,31168,0,0,0,6042607,6042607,4439
117402,209,593,1019,4,0,31168,0,0,0,6043071,6043071,4439
117420,209,609,1019,4,0,31168,0,0,0,6043611,6043611,4439
117435,209,627,1019,4,0,31168,0,0,0,6044074,6044074,4439
117451,209,648,1019,4,0,31168,0,0,0,6044556,6044556,4439
117467,209,665,1019,4,0,31168,0,0,0,6045048,6045048,4439
117482,209,679,1019,4,0,31168,0,0,0,6045538,6045538,4439
117499,209,700,1019,4,0,31168,0,0,0,6045995,6045995,4439
117516,209,721,1019,4,0,31168,0,0,0,6046507,6046507,4439
117532,209,735,1019,4,0,31168,0,0,0,6046958,6046958,4439
117548,209,748,1019,4,0,31168,0,0,0,6047445,6047445,4439
117564,209,769,1019,4,0,31168,0,0,0,6047909,6047909,4439
117581,209,783,1019,4,0,31168,0,0,0,6048374,6048374,4439
117597,209,806,1019,4,0,31168,0,0,0,6048882,6048882,4439
117614,209,819,1019,4,0,31168,0,0,0,6049329,6049329,4439
117630,209,842,1019,4,0,31168,0,0,0,6049818,6049818,4439
117646,209,858,1020,5,0,31168,0,0,0,6050303,6050303,4439
117661,209,881,1020,5,0,31168,0,0,0,6050795,6050795,4439
117678,209,907,1020,5,0,31168,0,0,0,6051301,6051301,4439
117695,209,914,1020,5,0,31168,0,0,0,6051784,6051784,4439
117711,209,938,1020,5,0,31168,0,0,0,6052270,6052270,4439
117726,209,960,1020,5,0,31168,0,0,0,6052772,6052772,4439
117751,210,978,1020,5,0,31168,0,0,0,6053329,6053329,4439
117767,210,996,1020,5,0,31168,0,0,0,6053806,6053806,4439
117782,210,1,1020,5,0,31168,0,0,0,6054278,6054278,4439
117800,210,13,1020,5,0,31168,0,0,0,6054919,6054919,4439
117818,210,23,1020,5,0,31168,0,0,0,6055433,6055433,4439
117834,210,76,1020,5,0,31168,0,0,0,6055943,6055943,4439
117849,210,105,1020,5,0,31168,0,0,0,6056441,6056441,4439
117867,210,118,1020,5,0,31168,0,0,0,6056996,6056996,4439
117884,210,131,1020,5,0,31168,0,0,0,6057505,6057505,4439
117900,210,143,1020,5,0,31168,0,0,0,6058007,6058007,4439
117918,210,151,1020,5,0,31168,0,0,0,6058558,6058558,4439
117935,210,164,1020,5,0,31168,0,0,0,6059078,6059078,4439
117950,210,170,1020,5,0,31168,0,0,0,6059580,6059580,4439
117966,210,185,1020,5,0,31168,0,0,0,6060037,6060037,4439
117982,210,193,1020,5,0,31168,0,0,0,6060530,6060530,4439
117997,210,208,1020,5,0,31168,0,0,0,6061006,6061006,4439
118014,210,220,1020,5,0,31168,0,0,0,6061518,6061518,4439
118032,210,230,1020,5,0,31168,0,0,0,6062122,6062122,4439
118049,210,249,1020,5,0,31168,0,0,0,6062623,6062623,4439
118065,210,265,1020,5,0,31168,0,0,0,6063105,6063105,4439
118081,210,286,1020,5,0,31168,0,0,0,6063612,6063612,4439
118100,210,309,1020,5,0,31168,0,0,0,6064130,6064130,4439
118115,210,320,1020,5,0,31168,0,0,0,6064630,6064630,4439
118133,210,332,1020,5,0,31168,0,0,0,6065180,6065180,4439
118148,210,340,1020,5,0,31168,0,0,0,6065638,6065638,4439
118163,210,355,1020,5,0,31168,0,0,0,6066123,6066123,4439
118179,210,376,1020,5,0,31168,0,0,0,6066608,6066608,4439
118195,210,390,1020,5,0,31168,0,0,0,6067086,6067086,4439
118210,210,404,1020,5,0,31168,0,0,0,6067491,6067491,4439
118225,210,424,1020,5,0,31168,0,0,0,6067940,6067940,4439
118241,210,435,1020,5,0,31168,0,0,0,6068426,6068426,4439
118257,210,444,1020,5,0,31168,0,0,0,6068929,6068929,4439
118274,210,455,1020,5,0,31168,0,0,0,6069505,6069505,4439
118291,210,473,1020,5,0,31168,0,0,0,6070027,6070027,4439
118307,210,481,1020,5,0,31168,0,0,0,6070469,6070469,4439
118323,210,494,1020,5,0,31168,0,0,0,6070987,6070987,4439
118340,210,514,1020,5,0,31168,0,0,0,6071472,6071472,4439
118355,210,524,1020,5,0,31168,0,0,0,6071919,6071919,4439
118371,210,536,1020,5,0,31168,0,0,0,6072409,6072409,4439
118390,210,550,1020,5,0,31168,0,0,0,6072938,6072938,4439
118408,210,572,1020,5,0,31168,0,0,0,6073506,6073506,4439
118425,210,585,1020,5,0,31168,0,0,0,6073979,6073979,4439
118440,210,600,1020,5,0,31168,0,0,0,6074453,6074453,4439
118457,210,613,1020,5,0,31168,0,0,0,6074932,6074932,4439
118476,210,636,1020,5,0,31168,0,0,0,6075466,6075466,4439
118492,210,662,1020,5,0,31168,0,0,0,6075910,6075910,4439
118507,210,675,1020,5,0,31168,0,0,0,6076370,6076370,4439
118524,210,691,1020,5,0,31168,0,0,0,6076867,6076867,4439
118541,210,711,1020,5,0,31168,0,0,0,6077363,6077363,4439
118557,210,734,1020,5,0,31168,0,0,0,6077821,6077821,4439
118573,210,760,1020,5,0,31168,0,0,0,6078290,6078290,4439
118589,210,779,1020,5,0,31168,0,0,0,6078742,6078742,4439
118605,210,801,1020,5,0,31168,0,0,0,6079241,6079241,4439
118621,210,820,1020,5,0,31168,0,0,0,6079718,6079718,4439
118637,210,845,1020,5,0,31168,0,0,0,6080213,6080213,4439
118653,210,862,1020,5,0,31168,0,0,0,6080725,6080725,4439
118669,210,887,1020,5,0,31168,0,0,0,6081214,6081214,4439
118685,210,895,1020,5,0,31168,0,0,0,6081701,6081701,4439
118701,210,930,1020,5,0,31168,0,0,0,6082214,6082214,4439
118716,210,942,1020,5,0,31168,0,0,0,6082658,6082658,4439
118734,210,959,1020,5,0,31168,0,0,0,6083263,6083263,4439
118763,211,978,1020,5,0,31168,0,0,0,6083584,6083584,4439
118780,211,999,1020,5,0,31168,0,0,0,6084081,6084081,4439
118795,211,1,1020,5,0,31168,0,0,0,6084577,6084577,4439
118813,211,9,1020,5,0,31168,0,0,0,6085201,6085201,4439
118830,211,19,1020,5,0,31168,0,0,0,6085677,6085677,4439
118845,211,46,1020,5,0,31168,0,0,0,6086191,6086191,4439
118860,211,100,1020,5,0,31168,0,0,0,6086667,6086667,4439
118876,211,114,1020,5,0,31168,0,0,0,6087189,6087189,4439
118892,211,137,1020,5,0,31168,0,0,0,6087711,6087711,4439
118908,211,146,1020,5,0,31168,0,0,0,6088232,6088232,4439
118924,211,154,1020,5,0,31168,0,0,0,6088732,6088732,4439
118942,211,166,1020,5,0,31168,0,0,0,6089272,6089272,4439
118957,211,180,1020,5,0,31168,0,0,0,6089821,6089821,4439
118973,211,188,1020,5,0,31168,0,0,0,6090297,6090297,4439
118989,211,200,1020,5,0,31168,0,0,0,6090776,6090776,4439
119005,211,208,1020,5,0,31168,0,0,0,6091292,6091292,4439
119021,211,220,1020,5,0,31168,0,0,0,6091800,6091800,4439
119038,211,232,1020,5,0,31168,0,0,0,6092341,6092341,4439
119057,211,250,1020,5,0,31168,0,0,0,6092922,6092922,4439
119072,211,271,1020,5,0,31168,0,0,0,6093375,6093375,4439
119090,211,286,1020,5,0,31168,0,0,0,6093945,6093945,4439
119107,211,313,1020,5,0,31168,0,0,0,6094497,6094497,4439
119122,211,331,1020,5,0,31168,0,0,0,6094972,6094972,4439
119138,211,339,1020,5,0,31168,0,0,0,6095451,6095451,4439
119153,211,356,1020,5,0,31168,0,0,0,6095957,6095957,4439
119169,211,379,1020,5,0,31168,0,0,0,6096423,6096423,4439
119186,211,399,1020,5,0,31168,0,0,0,6096951,6096951,4439
119203,211,412,1020,5,0,31168,0,0,0,6097441,6097441,4439
119219,211,431,1020,5,0,31168,0,0,0,6097910,6097910,4439
119234,211,441,1020,5,0,31168,0,0,0,6098365,6098365,4439
119249,211,451,1020,5,0,31168,0,0,0,6098875,6098875,4439
119266,211,473,1020,5,0,31168,0,0,0,6099418,6099418,4439
119282,211,481,1020,5,0,31168,0,0,0,6099895,6099895,4439
119298,211,502,1020,5,0,31168,0,0,0,6100384,6100384,4439
119313,211,524,1020,5,0,31168,0,0,0,6100839,6100839,4439
119330,211,536,1020,5,0,31168,0,0,0,6101359,6101359,4439
119347,211,563,1020,5,0,31168,0,0,0,6101838,6101838,4439
119362,211,577,1020,5,0,31168,0,0,0,6102313,6102313,4439
119379,211,588,1020,5,0,31168,0,0,0,6102826,6102826,4439
119395,211,608,1020,5,0,31168,0,0,0,6103280,6103280,4439
119412,211,619,1020,5,0,31168,0,0,0,6103811,6103811,4439
119428,211,635,1020,5,0,31168,0,0,0,6104307,6104307,4439
119444,211,655,1020,5,0,31168,0,0,0,6104779,6104779,4439
119460,211,671,1020,5,0,31168,0,0,0,6105268,6105268,4439
119477,211,684,1020,5,0,31168,0,0,0,6105788,6105788,4439
119494,211,704,1020,5,0,31168,0,0,0,6106290,6106290,4439
119512,211,721,1020,5,0,31168,0,0,0,6106752,6106752,4439
119527,211,736,1020,5,0,31168,0,0,0,6107199,6107199,4439
119546,211,759,1020,5,0,31168,0,0,0,6107737,6107737,4439
119562,211,773,1020,5,0,31168,0,0,0,6108190,6108190,4439
119578,211,790,1020,5,0,31168,0,0,0,6108649,6108649,4439
119594,211,806,1020,5,0,31168,0,0,0,6109120,6109120,4439
119611,211,821,1020,5,0,31168,0,0,0,6109678,6109678,4439
119627,211,851,1021,6,0,31168,0,0,0,6110128,6110128,4439
119643,211,873,1021,6,0,31168,0,0,0,6110592,6110592,4439
119658,211,887,1021,6,0,31168,0,0,0,6111064,6111064,4439
119675,211,906,1021,6,0,31168,0,0,0,6111557,6111557,4439
119691,211,916,1021,6,0,31168,0,0,0,6112072,6112072,4439
119709,211,940,1022,7,0,31168,0,0,0,6112592,6112592,4439
119725,211,956,1022,7,0,31168,0,0,0,6113098,6113098,4439
119742,212,978,1022,7,0,31168,0,0,0,6113407,6113407,4439
119758,212,992,1022,7,0,31168,0,0,0,6113905,6113905,4439
119775,212,1006,1022,7,0,31168,0,0,0,6114419,6114419,4439
119790,212,1,1022,7,0,31168,0,0,0,6114905,6114905,4439
119808,212,11,1022,7,0,31168,0,0,0,6115533,6115533,4439
119823,212,17,1022,7,0,31168,0,0,0,6116016,6116016,4439
119840,212,46,1022,7,0,31168,0,0,0,6116548,6116548,4439
119857,212,75,1022,7,0,31168,0,0,0,6117067,6117067,4439
119873,212,112,1022,7,0,31168,0,0,0,6117558,6117558,4439
119888,212,119,1022,7,0,31168,0,0,0,6118091,6118091,4439
119905,212,129,1022,7,0,31168,0,0,0,6118626,6118626,4439
119921,212,145,1022,7,0,31168,0,0,0,6119118,6119118,4439
119936,212,159,1022,7,0,31168,0,0,0,6119570,6119570,4439
119951,212,170,1022,7,0,31168,0,0,0,6120056,6120056,4439
119967,212,182,1022,7,0,31168,0,0,0,6120572,6120572,4439
119982,212,200,1022,7,0,31168,0,0,0,6121046,6121046,4439
120000,212,218,1022,7,0,31168,0,0,0,6121655,6121655,4439
120016,212,230,1022,7,0,31168,0,0,0,6122183,6122183,4439
120032,212,245,1022,7,0,31168,0,0,0,6122674,6122674,4439
120048,212,260,1022,7,0,31168,0,0,0,6123157,6123157,4439
120064,212,281,1022,7,0,31168,0,0,0,6123618,6123618,4439
120081,212,300,1022,7,0,31168,0,0,0,6124139,6124139,4439
120099,212,315,1022,7,0,31168,0,0,0,6124733,6124733,4439
120116,212,328,1022,7,0,31168,0,0,0,6125247,6125247,4439
120131,212,339,1022,7,0,31168,0,0,0,6125709,6125709,4439
120147,212,357,1022,7,0,31168,0,0,0,6126248,6126248,4439
120163,212,370,1022,7,0,31168,0,0,0,6126747,6126747,4439
120178,212,384,1022,7,0,31168,0,0,0,6127204,6127204,4439
120195,212,399,1022,7,0,31168,0,0,0,6127743,6127743,4439
120213,212,414,1022,7,0,31168,0,0,0,6128290,6128290,4439
120231,212,428,1022,7,0,31168,0,0,0,6128842,6128842,4439
120247,212,440,1022,7,0,31168,0,0,0,6129323,6129323,4439
120263,212,450,1022,7,0,31168,0,0,0,6129844,6129844,4439
120280,212,463,1022,7,0,31168,0,0,0,6130407,6130407,4439
120297,212,480,1022,7,0,31168,0,0,0,6130931,6130931,4439
120313,212,493,1022,7,0,31168,0,0,0,6131351,6131351,4439
120329,212,507,1022,7,0,31168,0,0,0,6131819,6131819,4439
120345,212,517,1022,7,0,31168,0,0,0,6132316,6132316,4439
120361,212,532,1022,7,0,31168,0,0,0,6132780,6132780,4439
120377,212,549,1022,7,0,31168,0,0,0,6133217,6133217,4439
120392,212,562,1022,7,0,31168,0,0,0,6133663,6133663,4439
120407,212,579,1022,7,0,31168,0,0,0,6134141,6134141,4439
120424,212,590,1022,7,0,31168,0,0,0,6134667,6134667,4439
120440,212,610,1022,7,0,31168,0,0,0,6135142,6135142,4439
120456,212,624,1022,7,0,31168,0,0,0,6135639,6135639,4439
120471,212,646,1022,7,0,31168,0,0,0,6136096,6136096,4439
120488,212,665,1022,7,0,31168,0,0,0,6136586,6136586,4439
120505,212,679,1022,7,0,31168,0,0,0,6137139,6137139,4439
120521,212,702,1022,7,0,31168,0,0,0,6137614,6137614,4439
120539,212,721,1022,7,0,31168,0,0,0,6138116,6138116,4439
120554,212,736,1022,7,0,31168,0,0,0,6138561,6138561,4439
120571,212,756,1022,7,0,31168,0,0,0,6139042,6139042,4439
120589,212,773,1022,7,0,31168,0,0,0,6139546,6139546,4439
120604,212,794,1022,7,0,31168,0,0,0,6140013,6140013,4439
120622,212,815,1022,7,0,31168,0,0,0,6140530,6140530,4439
120640,212,830,1022,7,0,31168,0,0,0,6141018,6141018,4439
120656,212,850,1022,7,0,31168,0,0,0,6141504,6141504,4439
120672,212,881,1022,7,0,31168,0,0,0,6141983,6141983,4439
120687,212,891,1022,7,0,31168,0,0,0,6142450,6142450,4439
120703,212,906,1022,7,0,31168,0,0,0,6142917,6142917,4439
120718,212,921,1022,7,0,31168,0,0,0,6143398,6143398,4439
120734,212,948,1022,7,0,31168,0,0,0,6143881,6143881,4439
120749,212,959,1022,7,0,31168,0,0,0,6144371,6144371,4439
120768,213,978,1022,7,0,31168,0,0,0,6144758,6144758,4439
120784,213,990,1022,7,0,31168,0,0,0,6145213,6145213,4439
120801,213,1002,1022,7,0,31168,0,0,0,6145751,6145751,4439
120818,213,1015,1022,7,0,31168,0,0,0,6146291,6146291,4439
120835,213,9,1022,7,0,31168,0,0,0,6146857,6146857,4439
120851,213,24,1022,7,0,31168,0,0,0,6147366,6147366,4439
120869,213,62,1022,7,0,31168,0,0,0,6147907,6147907,4439
120885,213,107,1022,7,0,31168,0,0,0,6148439,6148439,4439
120901,213,118,1022,7,0,31168,0,0,0,6149001,6149001,4439
120919,213,137,1022,7,0,31168,0,0,0,6149572,6149572,4439
120935,213,145,1022,7,0,31168,0,0,0,6150066,6150066,4439
120951,213,152,1022,7,0,31168,0,0,0,6150544,6150544,4439
120968,213,165,1022,7,0,31168,0,0,0,6151091,6151091,4439
120985,213,177,1022,7,0,31168,0,0,0,6151636,6151636,4439
121002,213,187,1022,7,0,31168,0,0,0,6152136,6152136,4439
121018,213,197,1022,7,0,31168,0,0,0,6152618,6152618,4439
121034,213,214,1022,7,0,31168,0,0,0,6153100,6153100,4439
121049,213,223,1022,7,0,31168,0,0,0,6153558,6153558,4439
121067,213,232,1022,7,0,31168,0,0,0,6154118,6154118,4439
121082,213,240,1022,7,0,31168,0,0,0,6154598,6154598,4439
121099,213,257,1022,7,0,31168,0,0,0,6155120,6155120,4439
121115,213,282,1022,7,0,31168,0,0,0,6155631,6155631,4439
121131,213,308,1023,8,0,31168,0,0,0,6156099,6156099,4439
121148,213,317,1023,8,0,31168,0,0,0,6156599,6156599,4439
121164,213,334,1023,8,0,31168,0,0,0,6157094,6157094,4439
121181,213,350,1023,8,0,31168,0,0,0,6157641,6157641,4439
121200,213,366,1023,8,0,31168,0,0,0,6158235,6158235,4439
121219,213,380,1023,8,0,31168,0,0,0,6158812,6158812,4439
121234,213,398,1023,8,0,31168,0,0,0,6159274,6159274,4439
121250,213,426,1023,8,0,31168,0,0,0,6159773,6159773,4439
121267,213,437,1023,8,0,31168,0,0,0,6160276,6160276,4439
121283,213,447,1023,8,0,31168,0,0,0,6160777,6160777,4439
121298,213,464,1023,8,0,31168,0,0,0,6161288,6161288,4439
121315,213,477,1023,8,0,31168,0,0,0,6161820,6161820,4439
121331,213,484,1023,8,0,31168,0,0,0,6162289,6162289,4439
121346,213,504,1023,8,0,31168,0,0,0,6162750,6162750,4439
121363,213,519,1023,8,0,31168,0,0,0,6163277,6163277,4439
121378,213,531,1023,8,0,31168,0,0,0,6163732,6163732,4439
121393,213,540,1023,8,0,31168,0,0,0,6164174,6164174,4439
121409,213,562,1023,8,0,31168,0,0,0,6164622,6164622,4439
121425,213,586,1023,8,0,31168,0,0,0,6165175,6165175,4439
121441,213,602,1023,8,0,31168,0,0,0,6165668,6165668,4439
121457,213,618,1023,8,0,31168,0,0,0,6166140,6166140,4439
121475,213,636,1023,8,0,31168,0,0,0,6166684,6166684,4439
121494,213,650,1023,8,0,31168,0,0,0,6167241,6167241,4439
121512,213,669,1023,8,0,31168,0,0,0,6167820,6167820,4439
121527,213,679,1023,8,0,31168,0,0,0,6168304,6168304,4439
121544,213,704,1023,8,0,31168,0,0,0,6168820,6168820,4439
121559,213,736,1023,8,0,31168,0,0,0,6169273,6169273,4439
121574,213,757,1023,8,0,31168,0,0,0,6169705,6169705,4439
121593,213,773,1023,8,0,31168,0,0,0,6170195,6170195,4439
121608,213,798,1023,8,0,31168,0,0,0,6170674,6170674,4439
121624,213,812,1023,8,0,31168,0,0,0,6171133,6171133,4439
121640,213,834,1023,8,0,31168,0,0,0,6171600,6171600,4439
121655,213,856,1023,8,0,31168,0,0,0,6172085,6172085,4439
121673,213,873,1023,8,0,31168,0,0,0,6172598,6172598,4439
121688,213,887,1023,8,0,31168,0,0,0,6173057,6173057,4439
121706,213,909,1023,8,0,31168,0,0,0,6173554,6173554,4439
121722,213,931,1023,8,0,31168,0,0,0,6174081,6174081,4439
121738,213,951,1023,8,0,31168,0,0,0,6174526,6174526,4439
121754,213,967,1023,8,0,31168,0,0,0,6175061,6175061,4439
121770,214,984,1023,8,0,31168,0,0,0,6175479,6175479,4439
121786,214,995,1023,8,0,31168,0,0,0,6175997,6175997,4439
121803,214,1,1024,9,0,31168,0,0,0,6176494,6176494,4439
121818,214,13,1024,9,0,31168,0,0,0,6177016,6177016,4439
121834,214,23,1024,9,0,31168,0,0,0,6177501,6177501,4439
121849,214,57,1024,9,0,31168,0,0,0,6178035,6178035,4439
121864,214,100,1024,9,0,31168,0,0,0,6178490,6178490,4439
121881,214,110,1024,9,0,31168,0,0,0,6179003,6179003,4439
121896,214,129,1024,9,0,31168,0,0,0,6179528,6179528,4439
121915,214,145,1024,9,0,31168,0,0,0,6180113,6180113,4439
121931,214,152,1024,9,0,31168,0,0,0,6180639,6180639,4439
121948,214,167,1024,9,0,31168,0,0,0,6181210,6181210,4439
121963,214,181,1024,9,0,31168,0,0,0,6181722,6181722,4439
121979,214,192,1024,9,0,31168,0,0,0,6182170,6182170,4439
121994,214,204,1024,9,0,31168,0,0,0,6182660,6182660,4439
122010,214,218,1024,9,0,31168,0,0,0,6183149,6183149,4439
122025,214,230,1024,9,0,31168,0,0,0,6183621,6183621,4439
122042,214,240,1024,9,0,31168,0,0,0,6184139,6184139,4439
122057,214,257,1024,9,0,31168,0,0,0,6184644,6184644,4439
122074,214,271,1024,9,0,31168,0,0,0,6185162,6185162,4439
122091,214,289,1024,9,0,31168,0,0,0,6185657,6185657,4439
122106,214,303,1024,9,0,31168,0,0,0,6186093,6186093,4439
122122,214,321,1024,9,0,31168,0,0,0,6186580,6186580,4439
122139,214,334,1024,9,0,31168,0,0,0,6187101,6187101,4439
122155,214,345,1024,9,0,31168,0,0,0,6187584,6187584,4439
122173,214,366,1024,9,0,31168,0,0,0,6188153,6188153,4439
122190,214,384,1024,9,0,31168,0,0,0,6188644,6188644,4439
122205,214,406,1024,9,0,31168,0,0,0,6189123,6189123,4439
122222,214,427,1024,9,0,31168,0,0,0,6189646,6189646,4439
122238,214,434,1024,9,0,31168,0,0,0,6190100,6190100,4439
122254,214,444,1024,9,0,31168,0,0,0,6190583,6190583,4439
122271,214,456,1024,9,0,31168,0,0,0,6191152,6191152,4439
122287,214,478,1024,9,0,31168,0,0,0,6191649,6191649,4439
122303,214,489,1024,9,0,31168,0,0,0,6192118,6192118,4439
122321,214,510,1024,9,0,31168,0,0,0,6192651,6192651,4439
122336,214,524,1024,9,0,31168,0,0,0,6193150,6193150,4439
122353,214,541,1024,9,0,31168,0,0,0,6193652,6193652,4439
122371,214,559,1024,9,0,31168,0,0,0,6194180,6194180,4439
122388,214,577,1024,9,0,31168,0,0,0,6194736,6194736,4439
122404,214,591,1024,9,0,31168,0,0,0,6195200,6195200,4439
122420,214,602,1024,9,0,31168,0,0,0,6195683,6195683,4439
122436,214,616,1024,9,0,31168,0,0,0,6196157,6196157,4439
122452,214,635,1024,9,0,31168,0,0,0,6196660,6196660,4439
122469,214,658,1024,9,0,31168,0,0,0,6197167,6197167,4439
122487,214,675,1024,9,0,31168,0,0,0,6197705,6197705,4439
122504,214,696,1024,9,0,31168,0,0,0,6198209,6198209,4439
122519,214,707,1024,9,0,31168,0,0,0,6198666,6198666,4439
122536,214,727,1024,9,0,31168,0,0,0,6199133,6199133,4439
122553,214,746,1024,9,0,31168,0,0,0,6199590,6199590,4439
122568,214,771,1024,9,0,31168,0,0,0,6200059,6200059,4439
122585,214,790,1024,9,0,31168,0,0,0,6200513,6200513,4439
122600,214,806,1024,9,0,31168,0,0,0,6200994,6200994,4439
122618,214,820,1024,9,0,31168,0,0,0,6201542,6201542,4439
122634,214,846,1024,9,0,31168,0,0,0,6201996,6201996,4439
122650,214,858,1024,9,0,31168,0,0,0,6202476,6202476,4439
122666,214,881,1024,9,0,31168,0,0,0,6202981,6202981,4439
122681,214,893,1024,9,0,31168,0,0,0,6203441,6203441,4439
122697,214,911,1024,9,0,31168,0,0,0,6203932,6203932,4439
122713,214,935,1024,9,0,31168,0,0,0,6204383,6204383,4439
122730,214,955,1024,9,0,31168,0,0,0,6204950,6204950,4439
122750,215,978,1024,9,0,31168,0,0,0,6205422,6205422,4439
122766,215,992,1024,9,0,31168,0,0,0,6205867,6205867,4439
122781,215,1004,1024,9,0,31168,0,0,0,6206348,6206348,4439
122796,215,1,1024,9,0,31168,0,0,0,6206805,6206805,4439
122813,215,9,1024,9,0,31168,0,0,0,6207351,6207351,4439
122828,215,22,1024,9,0,31168,0,0,0,6207852,6207852,4439
122845,215,46,1024,9,0,31168,0,0,0,6208383,6208383,4439
122862,215,75,1024,9,0,31168,0,0,0,6208926,6208926,4439
122879,215,105,1024,9,0,31168,0,0,0,6209426,6209426,4439
122895,215,122,1024,9,0,31168,0,0,0,6209953,6209953,4439
122910,215,136,1024,9,0,31168,0,0,0,6210455,6210455,4439
122925,215,144,1024,9,0,31168,0,0,0,6210955,6210955,4439
122941,215,154,1024,9,0,31168,0,0,0,6211436,6211436,4439
122957,215,164,1024,9,0,31168,0,0,0,6211961,6211961,4439
122974,215,173,1024,9,0,31168,0,0,0,6212543,6212543,4439
122989,215,182,1024,9,0,31168,0,0,0,6213022,6213022,4439
123004,215,193,1024,9,0,31168,0,0,0,6213459,6213459,4439
123020,215,204,1024,9,0,31168,0,0,0,6213936,6213936,4439
123037,215,219,1024,9,0,31168,0,0,0,6214470,6214470,4439
123053,215,227,1024,9,0,31168,0,0,0,6214945,6214945,4439
123068,215,234,1024,9,0,31168,0,0,0,6215413,6215413,4439
123084,215,249,1024,9,0,31168,0,0,0,6215926,6215926,4439
123099,215,264,1024,9,0,31168,0,0,0,6216355,6216355,4439
123117,215,281,1024,9,0,31168,0,0,0,6216910,6216910,4439
123135,215,300,1024,9,0,31168,0,0,0,6217412,6217412,4439
123150,215,316,1024,9,0,31168,0,0,0,6217931,6217931,4439
123167,215,331,1024,9,0,31168,0,0,0,6218493,6218493,4439
123185,215,339,1024,9,0,31168,0,0,0,6219045,6219045,4439
123201,215,353,1024,9,0,31168,0,0,0,6219557,6219557,4439
123217,215,370,1024,9,0,31168,0,0,0,6220048,6220048,4439
123233,215,385,1024,9,0,31168,0,0,0,6220530,6220530,4439
123248,215,400,1024,9,0,31168,0,0,0,6220985,6220985,4439
123265,215,424,1024,9,0,31168,0,0,0,6221430,6221430,4439
123281,215,436,1024,9,0,31168,0,0,0,6221920,6221920,4439
123296,215,445,1025,10,0,31168,0,0,0,6222391,6222391,4442
123313,215,455,1025,10,0,31168,0,0,0,6222929,6222929,4442
123328,215,473,1025,10,0,31168,0,0,0,6223374,6223374,4442
123344,215,481,1025,10,0,31168,0,0,0,6223817,6223817,4442
123359,215,502,1025,10,0,31168,0,0,0,6224273,6224273,4442
123376,215,514,1025,10,0,31168,0,0,0,6224775,6224775,4442
123391,215,527,1025,10,0,31168,0,0,0,6225273,6225273,4442
123406,215,547,1025,10,0,31168,0,0,0,6225703,6225703,4442
123424,215,562,1025,10,0,31168,0,0,0,6226226,6226226,4442
123440,215,579,1025,10,0,31168,0,0,0,6226683,6226683,4442
123456,215,590,1025,10,0,31168,0,0,0,6227166,6227166,4442
123472,215,602,1025,10,0,31168,0,0,0,6227656,6227656,4442
123489,215,619,1025,10,0,31168,0,0,0,6228149,6228149,4442
123506,215,643,1025,10,0,31168,0,0,0,6228683,6228683,4442
123523,215,662,1025,10,0,31168,0,0,0,6229192,6229192,4442
123538,215,682,1025,10,0,31168,0,0,0,6229668,6229668,4442
123555,215,696,1025,10,0,31168,0,0,0,6230198,6230198,4442
123572,215,705,1025,10,0,31168,0,0,0,6230675,6230675,4442
123590,215,736,1025,10,0,31168,0,0,0,6231194,6231194,4442
123607,215,764,1025,10,0,31168,0,0,0,6231684,6231684,4442
123624,215,784,1025,10,0,31168,0,0,0,6232185,6232185,4442
123641,215,801,1025,10,0,31168,0,0,0,6232741,6232741,4442
123658,215,817,1025,10,0,31168,0,0,0,6233249,6233249,4442
123675,215,846,1025,10,0,31168,0,0,0,6233749,6233749,4442
123691,215,862,1026,11,0,31168,0,0,0,6234278,6234278,4442
123707,215,884,1026,11,0,31168,0,0,0,6234784,6234784,4442
123722,215,906,1026,11,0,31168,0,0,0,6235244,6235244,4442
123738,215,921,1026,11,0,31168,0,0,0,6235717,6235717,4442
123756,215,951,1026,11,0,31168,0,0,0,6236282,6236282,4442
123774,215,967,1026,11,0,31168,0,0,0,6236807,6236807,4442
123789,216,978,1026,11,0,31168,0,0,0,6237093,6237093,4442
123807,216,996,1026,11,0,31168,0,0,0,6237611,6237611,4442
123823,216,1014,1026,10,0,31168,0,0,0,6238110,6238110,4442
123840,216,2,1026,8,0,31168,0,0,0,6238623,6238623,4442
123855,216,14,1026,8,0,31168,0,0,0,6239124,6239124,4442
123871,216,23,1026,8,0,31168,0,0,0,6239597,6239597,4442
123887,216,46,1026,8,0,31168,0,0,0,6240124,6240124,4442
123903,216,75,1026,8,0,31168,0,0,0,6240612,6240612,4442
123919,216,109,1026,8,0,31168,0,0,0,6241106,6241106,4442
123936,216,126,1026,8,0,31168,0,0,0,6241666,6241666,4442
123953,216,142,1026,8,0,31168,0,0,0,6242258,6242258,4442
123969,216,149,1026,8,0,31168,0,0,0,6242775,6242775,4442
123985,216,160,1026,8,0,31168,0,0,0,6243255,6243255,4442
124000,216,170,1026,8,0,31168,0,0,0,6243718,6243718,4442
124018,216,184,1026,8,0,31168,0,0,0,6244279,6244279,4442
124035,216,193,1026,8,0,31168,0,0,0,6244822,6244822,4442
124051,216,210,1026,8,0,31168,0,0,0,6245316,6245316,4442
124067,216,223,1026,8,0,31168,0,0,0,6245828,6245828,4442
124082,216,233,1026,8,0,31168,0,0,0,6246305,6246305,4442
124098,216,248,1026,8,0,31168,0,0,0,6246841,6246841,4442
124114,216,265,1026,8,0,31168,0,0,0,6247345,6247345,4442
124129,216,289,1026,8,0,31168,0,0,0,6247811,6247811,4442
124147,216,304,1026,8,0,31168,0,0,0,6248331,6248331,4442
124164,216,320,1026,8,0,31168,0,0,0,6248851,6248851,4442
124182,216,332,1026,8,0,31168,0,0,0,6249466,6249466,4442
124197,216,339,1026,8,0,31168,0,0,0,6249956,6249956,4442
124214,216,352,1026,8,0,31168,0,0,0,6250468,6250468,4442
124230,216,370,1026,8,0,31168,0,0,0,6250949,6250949,4442
124247,216,392,1026,8,0,31168,0,0,0,6251428,6251428,4442
124262,216,409,1026,8,0,31168,0,0,0,6251888,6251888,4442
124277,216,427,1026,8,0,31168,0,0,0,6252341,6252341,4442
124293,216,440,1026,8,0,31168,0,0,0,6252800,6252800,4442
124309,216,453,1026,8,0,31168,0,0,0,6253350,6253350,4442
124325,216,468,1026,8,0,31168,0,0,0,6253831,6253831,4442
124342,216,480,1026,8,0,31168,0,0,0,6254333,6254333,4442
124360,216,494,1026,8,0,31168,0,0,0,6254899,6254899,4442
124376,216,508,1026,8,0,31168,0,0,0,6255355,6255355,4442
124391,216,521,1026,8,0,31168,0,0,0,6255773,6255773,4442
124409,216,538,1026,8,0,31168,0,0,0,6256332,6256332,4442
124425,216,559,1026,8,0,31168,0,0,0,6256818,6256818,4442
124442,216,576,1026,8,0,31168,0,0,0,6257365,6257365,4442
124458,216,593,1026,8,0,31168,0,0,0,6257835,6257835,4442
124475,216,608,1026,8,0,31168,0,0,0,6258355,6258355,4442
124493,216,624,1026,8,0,31168,0,0,0,6258889,6258889,4442
124510,216,643,1026,8,0,31168,0,0,0,6259393,6259393,4442
124525,216,660,1026,8,0,31168,0,0,0,6259854,6259854,4442
124541,216,679,1026,8,0,31168,0,0,0,6260344,6260344,4442
124556,216,696,1026,8,0,31168,0,0,0,6260789,6260789,4442
124571,216,713,1026,8,0,31168,0,0,0,6261240,6261240,4442
124588,216,728,1026,8,0,31168,0,0,0,6261709,6261709,4442
124604,216,759,1026,8,0,31168,0,0,0,6262176,6262176,4442
124620,216,771,1026,8,0,31168,0,0,0,6262669,6262669,4442
124636,216,783,1026,8,0,31168,0,0,0,6263134,6263134,4442
124653,216,803,1026,8,0,31168,0,0,0,6263646,6263646,4442
124668,216,821,1026,8,0,31168,0,0,0,6264121,6264121,4442
124684,216,858,1026,8,0,31168,0,0,0,6264611,6264611,4442
124701,216,885,1026,8,0,31168,0,0,0,6265176,6265176,4442
124716,216,900,1026,8,0,31168,0,0,0,6265606,6265606,4442
124732,216,914,1026,8,0,31168,0,0,0,6266085,6266085,4442
124747,216,938,1026,8,0,31168,0,0,0,6266533,6266533,4442
124763,216,958,1026,8,0,31168,0,0,0,6267063,6267063,4442
124778,217,982,1026,8,0,31168,0,0,0,6267551,6267551,4442
124794,217,996,1026,8,0,31168,0,0,0,6267998,6267998,4442
124809,217,0,1026,8,0,31168,0,0,0,6268468,6268468,4442
124824,217,9,1026,8,0,31168,0,0,0,6268963,6268963,4442
124841,217,19,1026,8,0,31168,0,0,0,6269492,6269492,4442
124857,217,31,1026,8,0,31168,0,0,0,6270001,6270001,4442
124873,217,104,1026,8,0,31168,0,0,0,6270525,6270525,4442
124889,217,116,1026,8,0,31168,0,0,0,6271014,6271014,4442
124906,217,131,1026,8,0,31168,0,0,0,6271573,6271573,4442
124922,217,145,1026,8,0,31168,0,0,0,6272097,6272097,4442
124939,217,159,1026,8,0,31168,0,0,0,6272675,6272675,4442
124955,217,170,1026,8,0,31168,0,0,0,6273161,6273161,4442
124973,217,183,1026,8,0,31168,0,0,0,6273740,6273740,4442
124990,217,193,1026,8,0,31168,0,0,0,6274251,6274251,4442
125005,217,208,1026,8,0,31168,0,0,0,6274769,6274769,4442
125022,217,220,1026,8,0,31168,0,0,0,6275275,6275275,4442
125040,217,228,1026,8,0,31168,0,0,0,6275829,6275829,4442
125059,217,239,1026,8,0,31168,0,0,0,6276431,6276431,4442
125075,217,250,1026,8,0,31168,0,0,0,6276950,6276950,4442
125091,217,264,1026,8,0,31168,0,0,0,6277425,6277425,4442
125107,217,276,1026,8,0,31168,0,0,0,6277885,6277885,4442
125122,217,292,1026,8,0,31168,0,0,0,6278400,6278400,4442
125140,217,312,1026,8,0,31168,0,0,0,6278925,6278925,4442
125156,217,323,1026,8,0,31168,0,0,0,6279429,6279429,4442
125172,217,335,1026,8,0,31168,0,0,0,6279937,6279937,4442
125188,217,349,1026,8,0,31168,0,0,0,6280440,6280440,4442
125206,217,359,1026,8,0,31168,0,0,0,6280988,6280988,4442
125223,217,377,1026,8,0,31168,0,0,0,6281478,6281478,4442
125238,217,396,1026,8,0,31168,0,0,0,6281928,6281928,4442
125253,217,412,1026,8,0,31168,0,0,0,6282418,6282418,4442
125272,217,428,1026,8,0,31168,0,0,0,6282953,6282953,4442
125287,217,438,1026,8,0,31168,0,0,0,6283396,6283396,4442
125304,217,453,1026,8,0,31168,0,0,0,6283968,6283968,4442
125321,217,474,1026,8,0,31168,0,0,0,6284490,6284490,4442
125337,217,487,1026,8,0,31168,0,0,0,6285011,6285011,4442
125353,217,510,1026,8,0,31168,0,0,0,6285477,6285477,4442
125368,217,524,1026,8,0,31168,0,0,0,6285948,6285948,4442
125385,217,538,1026,8,0,31168,0,0,0,6286449,6286449,4442
125402,217,557,1026,8,0,31168,0,0,0,6286946,6286946,4442
125418,217,570,1026,8,0,31168,0,0,0,6287453,6287453,4442
125435,217,583,1026,8,0,31168,0,0,0,6287972,6287972,4442
125451,217,593,1026,8,0,31168,0,0,0,6288463,6288463,4442
125467,217,602,1026,8,0,31168,0,0,0,6288930,6288930,4442
125485,217,627,1026,8,0,31168,0,0,0,6289472,6289472,4442
125501,217,650,1026,8,0,31168,0,0,0,6289957,6289957,4442
125516,217,672,1026,8,0,31168,0,0,0,6290451,6290451,4442
125535,217,689,1026,8,0,31168,0,0,0,6291022,6291022,4442
125552,217,720,1026,8,0,31168,0,0,0,6291571,6291571,4442
125569,217,734,1026,8,0,31168,0,0,0,6292021,6292021,4442
125587,217,748,1026,8,0,31168,0,0,0,6292548,6292548,4442
125604,217,773,1026,8,0,31168,0,0,0,6293049,6293049,4442
125619,217,791,1026,8,0,31168,0,0,0,6293520,6293520,4442
125638,217,812,1026,8,0,31168,0,0,0,6294058,6294058,4442
125654,217,832,1026,8,0,31168,0,0,0,6294473,6294473,4442
125670,217,856,1026,8,0,31168,0,0,0,6294970,6294970,4442
125686,217,865,1026,8,0,31168,0,0,0,6295413,6295413,4442
125703,217,887,1026,8,0,31168,0,0,0,6295956,6295956,4442
125719,217,895,1026,8,0,31168,0,0,0,6296404,6296404,4442
125735,217,921,1026,8,0,31168,0,0,0,6296876,6296876,4442
125752,217,948,1026,8,0,31168,0,0,0,6297374,6297374,4442
125770,217,966,1026,8,0,31168,0,0,0,6297960,6297960,4442
125791,218,978,1026,8,0,31168,0,0,0,6298395,6298395,4442
125806,218,995,1026,8,0,31168,0,0,0,6298871,6298871,4442
125822,218,1006,1026,8,0,31168,0,0,0,6299360,6299360,4442
125837,218,0,1026,7,0,31168,0,0,0,6299819,6299819,4442
125853,218,14,1026,7,0,31168,0,0,0,6300327,6300327,4442
125871,218,23,1026,7,0,31168,0,0,0,6300905,6300905,4442
125887,218,65,1026,7,0,31168,0,0,0,6301406,6301406,4442
125903,218,110,1026,7,0,31168,0,0,0,6301901,6301901,4442
125920,218,126,1026,7,0,31168,0,0,0,6302465,6302465,4442
125936,218,138,1026,7,0,31168,0,0,0,6302957,6302957,4442
125952,218,146,1026,7,0,31168,0,0,0,6303472,6303472,4442
125969,218,159,1026,7,0,31168,0,0,0,6304006,6304006,4442
125984,218,172,1026,7,0,31168,0,0,0,6304513,6304513,4442
126001,218,192,1026,7,0,31168,0,0,0,6305045,6305045,4442
126018,218,206,1026,7,0,31168,0,0,0,6305562,6305562,4442
126034,218,220,1026,7,0,31168,0,0,0,6306076,6306076,4442
126051,218,229,1026,7,0,31168,0,0,0,6306659,6306659,4442
126067,218,240,1026,7,0,31168,0,0,0,6307171,6307171,4442
126085,218,257,1026,7,0,31168,0,0,0,6307707,6307707,4442
126100,218,282,1026,7,0,31168,0,0,0,6308195,6308195,4442
126118,218,309,1026,7,0,31168,0,0,0,6308751,6308751,4442
126133,218,320,1026,7,0,31168,0,0,0,6309204,6309204,4442
126148,218,328,1026,7,0,31168,0,0,0,6309687,6309687,4442
126166,218,336,1026,7,0,31168,0,0,0,6310225,6310225,4442
126183,218,345,1026,7,0,31168,0,0,0,6310740,6310740,4442
126199,218,356,1026,7,0,31168,0,0,0,6311234,6311234,4442
126215,218,369,1026,7,0,31168,0,0,0,6311727,6311727,4442
126231,218,384,1026,7,0,31168,0,0,0,6312224,6312224,4442
126247,218,406,1026,7,0,31168,0,0,0,6312697,6312697,4442
126263,218,429,1026,7,0,31168,0,0,0,6313175,6313175,4442
126279,218,440,1026,7,0,31168,0,0,0,6313647,6313647,4442
126295,218,451,1026,7,0,31168,0,0,0,6314204,6314204,4442
126312,218,465,1026,7,0,31168,0,0,0,6314702,6314702,4442
126330,218,478,1026,7,0,31168,0,0,0,6315246,6315246,4442
126346,218,487,1026,7,0,31168,0,0,0,6315743,6315743,4442
126361,218,504,1026,7,0,31168,0,0,0,6316173,6316173,4442
126376,218,516,1026,7,0,31168,0,0,0,6316658,6316658,4442
126391,218,532,1026,7,0,31168,0,0,0,6317104,6317104,4442
126406,218,538,1026,7,0,31168,0,0,0,6317502,6317502,4442
126422,218,557,1027,8,0,31168,0,0,0,6317944,6317944,4442
126437,218,572,1027,8,0,31168,0,0,0,6318401,6318401,4442
126452,218,588,1027,8,0,31168,0,0,0,6318886,6318886,4442
126468,218,601,1027,8,0,31168,0,0,0,6319355,6319355,4442
126484,218,619,1027,8,0,31168,0,0,0,6319846,6319846,4442
126500,218,644,1027,8,0,31168,0,0,0,6320351,6320351,4442
126515,218,660,1027,8,0,31168,0,0,0,6320818,6320818,4442
126530,218,682,1027,8,0,31168,0,0,0,6321296,6321296,4442
126545,218,698,1027,8,0,31168,0,0,0,6321771,6321771,4442
126563,218,712,1027,8,0,31168,0,0,0,6322321,6322321,4442
126578,218,734,1027,8,0,31168,0,0,0,6322770,6322770,4442
126596,218,748,1027,8,0,31168,0,0,0,6323274,6323274,4442
126613,218,771,1027,8,0,31168,0,0,0,6323792,6323792,4442
126629,218,789,1027,8,0,31168,0,0,0,6324246,6324246,4442
126645,218,801,1027,8,0,31168,0,0,0,6324760,6324760,4442
126662,218,817,1027,8,0,31168,0,0,0,6325277,6325277,4442
126678,218,836,1027,8,0,31168,0,0,0,6325784,6325784,4442
126694,218,850,1027,8,0,31168,0,0,0,6326288,6326288,4442
126710,218,877,1027,8,0,31168,0,0,0,6326806,6326806,4442
126725,218,890,1027,8,0,31168,0,0,0,6327275,6327275,4442
126742,218,909,1027,8,0,31168,0,0,0,6327778,6327778,4442
126758,218,935,1027,8,0,31168,0,0,0,6328233,6328233,4442
126774,218,958,1027,8,0,31168,0,0,0,6328760,6328760,4442
126791,219,978,1027,8,0,31168,0,0,0,6329149,6329149,4442
126807,219,996,1027,8,0,31168,0,0,0,6329634,6329634,4442
126823,219,1024,1027,8,0,31168,0,0,0,6330134,6330134,4442
126838,219,7,1027,8,0,31168,0,0,0,6330681,6330681,4442
126856,219,19,1027,8,0,31168,0,0,0,6331258,6331258,4442
126872,219,30,1027,8,0,31168,0,0,0,6331739,6331739,4442
126890,219,76,1027,8,0,31168,0,0,0,6332267,6332267,4442
126906,219,110,1027,8,0,31168,0,0,0,6332787,6332787,4442
126921,219,124,1027,8,0,31168,0,0,0,6333314,6333314,4442
126939,219,137,1027,8,0,31168,0,0,0,6333885,6333885,4442
126955,219,147,1027,8,0,31168,0,0,0,6334402,6334402,4442
126970,219,156,1027,8,0,31168,0,0,0,6334876,6334876,4442
126987,219,169,1027,8,0,31168,0,0,0,6335409,6335409,4442
127003,219,181,1027,8,0,31168,0,0,0,6335957,6335957,4442
127018,219,192,1027,8,0,31168,0,0,0,6336421,6336421,4442
127034,219,207,1027,8,0,31168,0,0,0,6336919,6336919,4442
127050,219,220,1027,8,0,31168,0,0,0,6337389,6337389,4442
127067,219,236,1027,8,0,31168,0,0,0,6337934,6337934,4442
127083,219,250,1027,8,0,31168,0,0,0,6338449,6338449,4442
127098,219,262,1027,8,0,31168,0,0,0,6338930,6338930,4442
127113,219,274,1027,8,0,31168,0,0,0,6339382,6339382,4442
127132,219,298,1027,8,0,31168,0,0,0,6339916,6339916,4442
127147,219,312,1027,8,0,31168,0,0,0,6340386,6340386,4442
127163,219,323,1027,8,0,31168,0,0,0,6340901,6340901,4442
127178,219,336,1027,8,0,31168,0,0,0,6341351,6341351,4442
127193,219,352,1027,8,0,31168,0,0,0,6341839,6341839,4442
127209,219,369,1027,8,0,31168,0,0,0,6342304,6342304,4442
127227,219,389,1027,8,0,31168,0,0,0,6342848,6342848,4442
127244,219,404,1027,8,0,31168,0,0,0,6343356,6343356,4442
127259,219,426,1027,8,0,31168,0,0,0,6343809,6343809,4442
127274,219,440,1027,8,0,31168,0,0,0,6344272,6344272,4442
127290,219,453,1027,8,0,31168,0,0,0,6344784,6344784,4442
127307,219,465,1027,8,0,31168,0,0,0,6345296,6345296,4442
127323,219,477,1027,8,0,31168,0,0,0,6345757,6345757,4442
127340,219,485,1027,8,0,31168,0,0,0,6346271,6346271,4442
127357,219,504,1027,8,0,31168,0,0,0,6346749,6346749,4442
127373,219,519,1027,8,0,31168,0,0,0,6347228,6347228,4442
127388,219,531,1027,8,0,31168,0,0,0,6347664,6347664,4442
127403,219,540,1027,8,0,31168,0,0,0,6348100,6348100,4442
127419,219,557,1027,8,0,31168,0,0,0,6348575,6348575,4442
127434,219,570,1027,8,0,31168,0,0,0,6349050,6349050,4442
127450,219,583,1027,8,0,31168,0,0,0,6349538,6349538,4442
127465,219,593,1027,8,0,31168,0,0,0,6350011,6350011,4442
127482,219,603,1027,8,0,31168,0,0,0,6350479,6350479,4442
127499,219,619,1027,8,0,31168,0,0,0,6350972,6350972,4442
127515,219,636,1027,8,0,31168,0,0,0,6351489,6351489,4442
127531,219,650,1027,8,0,31168,0,0,0,6351980,6351980,4442
127548,219,668,1027,8,0,31168,0,0,0,6352492,6352492,4442
127566,219,683,1027,8,0,31168,0,0,0,6353065,6353065,4442
127583,219,702,1027,8,0,31168,0,0,0,6353572,6353572,4442
127600,219,723,1027,8,0,31168,0,0,0,6354094,6354094,4442
127617,219,737,1027,8,0,31168,0,0,0,6354502,6354502,4442
127632,219,761,1027,8,0,31168,0,0,0,6354970,6354970,4442
127648,219,781,1027,8,0,31168,0,0,0,6355470,6355470,4442
127665,219,794,1027,8,0,31168,0,0,0,6355938,6355938,4442
127681,219,821,1027,8,0,31168,0,0,0,6356416,6356416,4442
127696,219,860,1027,8,0,31168,0,0,0,6356897,6356897,4442
127712,219,882,1027,8,0,31168,0,0,0,6357385,6357385,4442
127727,219,892,1027,8,0,31168,0,0,0,6357842,6357842,4442
127743,219,909,1027,8,0,31168,0,0,0,6358303,6358303,4442
127758,219,931,1027,8,0,31168,0,0,0,6358778,6358778,4442
127774,219,956,1027,8,0,31168,0,0,0,6359301,6359301,4442
127791,219,973,1027,8,0,31168,0,0,0,6359804,6359804,4442
127810,220,978,1027,8,0,31168,0,0,0,6360005,6360005,4442
127827,220,994,1027,8,0,31168,0,0,0,6360532,6360532,4442
127843,220,1006,1027,8,0,31168,0,0,0,6361057,6361057,4442
127860,220,1,1027,8,0,31168,0,0,0,6361559,6361559,4442
127876,220,12,1027,8,0,31168,0,0,0,6362092,6362092,4442
127891,220,17,1027,8,0,31168,0,0,0,6362580,6362580,4442
127909,220,28,1027,8,0,31168,0,0,0,6363155,6363155,4442
127924,220,59,1027,8,0,31168,0,0,0,6363670,6363670,4442
127940,220,75,1027,8,0,31168,0,0,0,6364156,6364156,4442
127955,220,110,1027,8,0,31168,0,0,0,6364654,6364654,4442
127971,220,121,1027,8,0,31168,0,0,0,6365173,6365173,4442
127989,220,133,1027,8,0,31168,0,0,0,6365723,6365723,4442
128004,220,145,1027,8,0,31168,0,0,0,6366200,6366200,4442
128020,220,154,1027,8,0,31168,0,0,0,6366676,6366676,4442
128036,220,163,1027,8,0,31168,0,0,0,6367211,6367211,4442
128054,220,173,1027,8,0,31168,0,0,0,6367783,6367783,4442
128069,220,183,1027,8,0,31168,0,0,0,6368258,6368258,4442
128085,220,194,1027,8,0,31168,0,0,0,6368712,6368712,4442
128101,220,209,1027,8,0,31168,0,0,0,6369235,6369235,4442
128117,220,221,1027,8,0,31168,0,0,0,6369771,6369771,4442
128133,220,231,1027,8,0,31168,0,0,0,6370269,6370269,4442
128149,220,241,1027,8,0,31168,0,0,0,6370784,6370784,4442
128165,220,257,1027,8,0,31168,0,0,0,6371291,6371291,4442
128180,220,271,1027,8,0,31168,0,0,0,6371752,6371752,4442
128198,220,298,1027,8,0,31168,0,0,0,6372234,6372234,4442
128213,220,315,1027,8,0,31168,0,0,0,6372680,6372680,4442
128230,220,332,1027,8,0,31168,0,0,0,6373215,6373215,4442
128246,220,345,1027,8,0,31168,0,0,0,6373704,6373704,4442
128261,220,357,1027,8,0,31168,0,0,0,6374205,6374205,4442
128276,220,376,1027,8,0,31168,0,0,0,6374640,6374640,4442
128293,220,389,1027,8,0,31168,0,0,0,6375152,6375152,4442
128310,220,404,1027,8,0,31168,0,0,0,6375673,6375673,4442
128325,220,429,1027,8,0,31168,0,0,0,6376150,6376150,4442
128342,220,442,1027,8,0,31168,0,0,0,6376626,6376626,4442
128357,220,453,1027,8,0,31168,0,0,0,6377124,6377124,4442
128375,220,474,1027,8,0,31168,0,0,0,6377680,6377680,4442
128390,220,485,1027,8,0,31168,0,0,0,6378105,6378105,4442
128408,220,502,1027,8,0,31168,0,0,0,6378658,6378658,4442
128424,220,516,1027,8,0,31168,0,0,0,6379112,6379112,4442
128439,220,528,1027,8,0,31168,0,0,0,6379574,6379574,4442
128457,220,550,1027,8,0,31168,0,0,0,6380059,6380059,4442
128473,220,563,1027,8,0,31168,0,0,0,6380552,6380552,4442
128488,220,580,1027,8,0,31168,0,0,0,6381053,6381053,4442
128507,220,591,1028,9,0,31168,0,0,0,6381567,6381567,4442
128525,220,608,1028,9,0,31168,0,0,0,6382081,6382081,4442
128540,220,620,1028,9,0,31168,0,0,0,6382541,6382541,4442
128556,220,646,1028,9,0,31168,0,0,0,6383018,6383018,4442
128572,220,671,1028,9,0,31168,0,0,0,6383524,6383524,4442
128588,220,683,1028,9,0,31168,0,0,0,6384048,6384048,4442
128604,220,702,1028,9,0,31168,0,0,0,6384510,6384510,4442
128619,220,727,1028,9,0,31168,0,0,0,6384977,6384977,4442
128635,220,743,1028,9,0,31168,0,0,0,6385455,6385455,4442
128653,220,760,1028,9,0,31168,0,0,0,6385968,6385968,4442
128669,220,773,1028,9,0,31168,0,0,0,6386437,6386437,4442
128685,220,791,1028,9,0,31168,0,0,0,6386944,6386944,4442
128700,220,801,1028,9,0,31168,0,0,0,6387394,6387394,4442
128715,220,817,1028,9,0,31168,0,0,0,6387870,6387870,4442
128732,220,845,1028,9,0,31168,0,0,0,6388382,6388382,4442
128750,220,861,1028,9,0,31168,0,0,0,6388940,6388940,4442
128765,220,890,1028,9,0,31168,0,0,0,6389405,6389405,4442
128781,220,900,1028,9,0,31168,0,0,0,6389894,6389894,4442
128797,220,916,1028,9,0,31168,0,0,0,6390367,6390367,4442
128812,220,938,1028,9,0,31168,0,0,0,6390824,6390824,4442
128828,220,958,1028,9,0,31168,0,0,0,6391306,6391306,4442
128843,220,975,1028,9,0,31168,0,0,0,6391810,6391810,4442
128859,221,996,1028,9,0,31168,0,0,0,6392251,6392251,4442
128875,221,1024,1028,9,0,31168,0,0,0,6392756,6392756,4442
128891,221,11,1028,9,0,31168,0,0,0,6393291,6393291,4442
128907,221,23,1028,9,0,31168,0,0,0,6393796,6393796,4442
128922,221,42,1028,9,0,31168,0,0,0,6394303,6394303,4442
128938,221,81,1028,9,0,31168,0,0,0,6394800,6394800,4442
128954,221,107,1028,9,0,31168,0,0,0,6395320,6395320,4442
128969,221,125,1028,9,0,31168,0,0,0,6395839,6395839,4442
128985,221,137,1028,9,0,31168,0,0,0,6396317,6396317,4442
129001,221,147,1028,9,0,31168,0,0,0,6396814,6396814,4442
129018,221,154,1028,9,0,31168,0,0,0,6397349,6397349,4442
129033,221,165,1028,9,0,31168,0,0,0,6397868,6397868,4442
129049,221,173,1028,9,0,31168,0,0,0,6398397,6398397,4442
129065,221,184,1028,9,0,31168,0,0,0,6398923,6398923,4442
129081,221,194,1028,9,0,31168,0,0,0,6399414,6399414,4442
129096,221,207,1028,9,0,31168,0,0,0,6399936,6399936,4442
129113,221,226,1028,9,0,31168,0,0,0,6400446,6400446,4442
129131,221,234,1028,9,0,31168,0,0,0,6401005,6401005,4442
129147,221,250,1028,9,0,31168,0,0,0,6401521,6401521,4442
129163,221,271,1028,9,0,31168,0,0,0,6402014,6402014,4442
129179,221,285,1028,9,0,31168,0,0,0,6402494,6402494,4442
129195,221,302,1028,9,0,31168,0,0,0,6402947,6402947,4442
129211,221,315,1028,9,0,31168,0,0,0,6403465,6403465,4442
129226,221,324,1028,9,0,31168,0,0,0,6403968,6403968,4442
129243,221,336,1028,9,0,31168,0,0,0,6404499,6404499,4442
129261,221,350,1028,9,0,31168,0,0,0,6405054,6405054,4442
129276,221,363,1028,9,0,31168,0,0,0,6405479,6405479,4442
129292,221,380,1028,9,0,31168,0,0,0,6405942,6405942,4442
129308,221,397,1028,9,0,31168,0,0,0,6406401,6406401,4442
129323,221,414,1028,9,0,31168,0,0,0,6406875,6406875,4442
129338,221,431,1028,9,0,31168,0,0,0,6407327,6407327,4442
129354,221,444,1028,9,0,31168,0,0,0,6407794,6407794,4442
129369,221,455,1028,9,0,31168,0,0,0,6408291,6408291,4442
129386,221,480,1028,9,0,31168,0,0,0,6408813,6408813,4442
129401,221,493,1028,9,0,31168,0,0,0,6409289,6409289,4442
129418,221,508,1028,9,0,31168,0,0,0,6409760,6409760,4442
129433,221,518,1028,9,0,31168,0,0,0,6410218,6410218,4442
129448,221,528,1028,9,0,31168,0,0,0,6410697,6410697,4442
129464,221,540,1028,9,0,31168,0,0,0,6411144,6411144,4442
129479,221,556,1028,9,0,31168,0,0,0,6411603,6411603,4442
129495,221,570,1028,9,0,31168,0,0,0,6412107,6412107,4442
129512,221,584,1028,9,0,31168,0,0,0,6412631,6412631,4442
129527,221,596,1028,9,0,31168,0,0,0,6413094,6413094,4442
129543,221,610,1028,9,0,31168,0,0,0,6413571,6413571,4442
129559,221,620,1028,9,0,31168,0,0,0,6414038,6414038,4442
129575,221,646,1028,9,0,31168,0,0,0,6414547,6414547,4442
129593,221,668,1028,9,0,31168,0,0,0,6415072,6415072,4442
129609,221,675,1028,9,0,31168,0,0,0,6415573,6415573,4442
129624,221,696,1028,9,0,31168,0,0,0,6416033,6416033,4442
129640,221,705,1028,9,0,31168,0,0,0,6416501,6416501,4442
129655,221,729,1028,9,0,31168,0,0,0,6416964,6416964,4442
129670,221,760,1028,9,0,31168,0,0,0,6417401,6417401,4442
129688,221,782,1028,9,0,31168,0,0,0,6417919,6417919,4442
129704,221,798,1028,9,0,31168,0,0,0,6418361,6418361,4442
129719,221,813,1028,9,0,31168,0,0,0,6418814,6418814,4442
129735,221,834,1028,9,0,31168,0,0,0,6419310,6419310,4442
129751,221,850,1028,9,0,31168,0,0,0,6419778,6419778,4442
129768,221,865,1028,9,0,31168,0,0,0,6420295,6420295,4442
129784,221,885,1028,9,0,31168,0,0,0,6420786,6420786,4442
129799,221,900,1028,9,0,31168,0,0,0,6421251,6421251,4442
129816,221,914,1028,9,0,31168,0,0,0,6421754,6421754,4442
129832,221,936,1028,9,0,31168,0,0,0,6422233,6422233,4442
129849,221,952,1028,9,0,31168,0,0,0,6422765,6422765,4442
129865,221,966,1028,9,0,31168,0,0,0,6423268,6423268,4442
129885,222,978,1028,9,0,31168,0,0,0,6423704,6423704,4442
129902,222,994,1028,9,0,31168,0,0,0,6424180,6424180,4442
129918,222,1022,1028,9,0,31168,0,0,0,6424732,6424732,4442
129933,222,8,1028,9,0,31168,0,0,0,6425250,6425250,4442
129949,222,17,1028,9,0,31168,0,0,0,6425725,6425725,4442
129965,222,31,1028,9,0,31168,0,0,0,6426200,6426200,4442
129981,222,61,1028,9,0,31168,0,0,0,6426677,6426677,4442
129998,222,105,1028,9,0,31168,0,0,0,6427238,6427238,4442
130015,222,125,1028,9,0,31168,0,0,0,6427779,6427779,4442
130030,222,140,1028,9,0,31168,0,0,0,6428279,6428279,4442
130045,222,148,1028,9,0,31168,0,0,0,6428776,6428776,4442
130062,222,160,1028,9,0,31168,0,0,0,6429303,6429303,4442
130081,222,170,1028,9,0,31168,0,0,0,6429912,6429912,4442
130096,222,179,1028,9,0,31168,0,0,0,6430416,6430416,4442
130112,222,186,1028,9,0,31168,0,0,0,6430875,6430875,4442
130130,222,207,1028,9,0,31168,0,0,0,6431451,6431451,4442
130146,222,220,1028,9,0,31168,0,0,0,6431945,6431945,4442
130162,222,234,1028,9,0,31168,0,0,0,6432471,6432471,4442
130179,222,250,1028,9,0,31168,0,0,0,6433004,6433004,4442
130196,222,273,1028,9,0,31168,0,0,0,6433514,6433514,4442
130212,222,301,1028,9,0,31168,0,0,0,6434033,6434033,4442
130230,222,323,1028,9,0,31168,0,0,0,6434608,6434608,4442
130249,222,336,1028,9,0,31168,0,0,0,6435172,6435172,4442
130265,222,352,1028,9,0,31168,0,0,0,6435723,6435723,4442
130282,222,366,1028,9,0,31168,0,0,0,6436235,6436235,4442
130298,222,384,1028,9,0,31168,0,0,0,6436720,6436720,4442
130313,222,398,1028,9,0,31168,0,0,0,6437197,6437197,4442
130331,222,412,1028,9,0,31168,0,0,0,6437695,6437695,4442
130346,222,429,1028,9,0,31168,0,0,0,6438154,6438154,4442
130361,222,440,1028,9,0,31168,0,0,0,6438617,6438617,4442
130377,222,451,1028,9,0,31168,0,0,0,6439096,6439096,4442
130394,222,473,1028,9,0,31168,0,0,0,6439637,6439637,4442
130410,222,480,1028,9,0,31168,0,0,0,6440085,6440085,4442
130427,222,492,1028,9,0,31168,0,0,0,6440621,6440621,4442
130444,222,509,1028,9,0,31168,0,0,0,6441128,6441128,4442
130461,222,520,1028,9,0,31168,0,0,0,6441660,6441660,4442
130477,222,535,1028,9,0,31168,0,0,0,6442160,6442160,4442
130493,222,550,1028,9,0,31168,0,0,0,6442607,6442607,4442
130510,222,570,1028,9,0,31168,0,0,0,6443160,6443160,4442
130528,222,585,1028,9,0,31168,0,0,0,6443688,6443688,4442
130544,222,608,1028,9,0,31168,0,0,0,6444171,6444171,4442
130560,222,628,1028,9,0,31168,0,0,0,6444620,6444620,4442
130577,222,648,1028,9,0,31168,0,0,0,6445127,6445127,4442
130592,222,671,1028,9,0,31168,0,0,0,6445641,6445641,4442
130608,222,696,1028,9,0,31168,0,0,0,6446112,6446112,4442
130623,222,705,1028,9,0,31168,0,0,0,6446554,6446554,4442
130640,222,727,1028,9,0,31168,0,0,0,6447030,6447030,4442
130655,222,737,1028,9,0,31168,0,0,0,6447460,6447460,4442
130671,222,767,1028,9,0,31168,0,0,0,6447915,6447915,4442
130688,222,783,1028,9,0,31168,0,0,0,6448426,6448426,4442
130705,222,801,1028,9,0,31168,0,0,0,6448950,6448950,4442
130722,222,817,1028,9,0,31168,0,0,0,6449474,6449474,4442
130738,222,845,1028,9,0,31168,0,0,0,6449941,6449941,4442
130753,222,862,1028,9,0,31168,0,0,0,6450421,6450421,4442
130770,222,887,1028,9,0,31168,0,0,0,6450935,6450935,4442
130786,222,913,1028,9,0,31168,0,0,0,6451417,6451417,4442
130802,222,931,1028,9,0,31168,0,0,0,6451911,6451911,4442
130819,222,952,1028,9,0,31168,0,0,0,6452471,6452471,4442
130835,222,958,1028,9,0,31168,0,0,0,6452966,6452966,4442
130862,223,978,1028,9,0,31168,0,0,0,6453467,6453467,4442
130878,223,994,1028,9,0,31168,0,0,0,6453952,6453952,4442
130894,223,1015,1028,9,0,31168,0,0,0,6454423,6454423,4442
130910,223,7,1028,9,0,31168,0,0,0,6454938,6454938,4442
130927,223,16,1028,9,0,31168,0,0,0,6455478,6455478,4442
130943,223,30,1028,9,0,31168,0,0,0,6455984,6455984,4442
130958,223,62,1028,9,0,31168,0,0,0,6456475,6456475,4442
130974,223,105,1028,9,0,31168,0,0,0,6456973,6456973,4442
130990,223,114,1028,9,0,31168,0,0,0,6457466,6457466,4442
131007,223,129,1028,9,0,31168,0,0,0,6458034,6458034,4442
131023,223,141,1028,9,0,31168,0,0,0,6458563,6458563,4442
131038,223,149,1028,9,0,31168,0,0,0,6459016,6459016,4442
131056,223,165,1028,9,0,31168,0,0,0,6459587,6459587,4442
131073,223,180,1028,9,0,31168,0,0,0,6460181,6460181,4442
131088,223,188,1028,9,0,31168,0,0,0,6460654,6460654,4442
131104,223,206,1028,9,0,31168,0,0,0,6461146,6461146,4442
131121,223,219,1028,9,0,31168,0,0,0,6461756,6461756,4442
131139,223,229,1028,9,0,31168,0,0,0,6462291,6462291,4442
131154,223,239,1028,9,0,31168,0,0,0,6462758,6462758,4442
131171,223,257,1028,9,0,31168,0,0,0,6463271,6463271,4442
131186,223,271,1028,9,0,31168,0,0,0,6463727,6463727,4442
131203,223,286,1028,9,0,31168,0,0,0,6464299,6464299,4442
131220,223,304,1028,9,0,31168,0,0,0,6464796,6464796,4442
131235,223,317,1028,9,0,31168,0,0,0,6465266,6465266,4442
131253,223,332,1028,9,0,31168,0,0,0,6465838,6465838,4442
131269,223,340,1028,9,0,31168,0,0,0,6466329,6466329,4442
131287,223,366,1028,9,0,31168,0,0,0,6466873,6466873,4442
131303,223,379,1028,9,0,31168,0,0,0,6467371,6467371,4442
131320,223,396,1028,9,0,31168,0,0,0,6467847,6467847,4442
131336,223,414,1028,9,0,31168,0,0,0,6468349,6468349,4442
131352,223,429,1028,9,0,31168,0,0,0,6468830,6468830,4442
131370,223,442,1028,9,0,31168,0,0,0,6469361,6469361,4442
131387,223,453,1028,9,0,31168,0,0,0,6469916,6469916,4442
131402,223,468,1028,9,0,31168,0,0,0,6470408,6470408,4442
131418,223,477,1028,9,0,31168,0,0,0,6470882,6470882,4442
131435,223,494,1028,9,0,31168,0,0,0,6471409,6471409,4442
131453,223,516,1028,9,0,31168,0,0,0,6471926,6471926,4442
131470,223,533,1028,9,0,31168,0,0,0,6472442,6472442,4442
131486,223,547,1028,9,0,31168,0,0,0,6472934,6472934,4442
131502,223,567,1028,9,0,31168,0,0,0,6473407,6473407,4442
131520,223,579,1028,9,0,31168,0,0,0,6473969,6473969,4442
131537,223,591,1028,9,0,31168,0,0,0,6474440,6474440,4442
131553,223,610,1028,9,0,31168,0,0,0,6474927,6474927,4442
131571,223,620,1028,9,0,31168,0,0,0,6475462,6475462,4442
131587,223,643,1028,9,0,31168,0,0,0,6475961,6475961,4442
131603,223,660,1028,9,0,31168,0,0,0,6476413,6476413,4442
131618,223,679,1028,9,0,31168,0,0,0,6476903,6476903,4442
131636,223,703,1028,9,0,31168,0,0,0,6477409,6477409,4442
131652,223,735,1028,9,0,31168,0,0,0,6477887,6477887,4442
131670,223,757,1028,9,0,31168,0,0,0,6478377,6478377,4442
131687,223,771,1028,9,0,31168,0,0,0,6478892,6478892,4442
131702,223,783,1028,9,0,31168,0,0,0,6479335,6479335,4442
131718,223,798,1028,9,0,31168,0,0,0,6479816,6479816,4442
131734,223,817,1028,9,0,31168,0,0,0,6480339,6480339,4442
131752,223,836,1028,9,0,31168,0,0,0,6480819,6480819,4442
131767,223,865,1028,9,0,31168,0,0,0,6481302,6481302,4442
131783,223,887,1028,9,0,31168,0,0,0,6481775,6481775,4442
131799,223,907,1028,9,0,31168,0,0,0,6482210,6482210,4442
131815,223,931,1028,9,0,31168,0,0,0,6482719,6482719,4442
131830,223,952,1028,9,0,31168,0,0,0,6483178,6483178,4442
131846,223,967,1028,9,0,31168,0,0,0,6483693,6483693,4442
131862,224,982,1028,9,0,31168,0,0,0,6484015,6484015,4442
131878,224,993,1028,9,0,31168,0,0,0,6484474,6484474,4442
131893,224,1005,1028,9,0,31168,0,0,0,6484942,6484942,4442
131910,224,1024,1028,9,0,31168,0,0,0,6485425,6485425,4442
131925,224,5,1028,8,0,31168,0,0,0,6485946,6485946,4442
131943,224,17,1028,8,0,31168,0,0,0,6486520,6486520,4442
131959,224,31,1028,8,0,31168,0,0,0,6487023,6487023,4442
131974,224,96,1028,8,0,31168,0,0,0,6487491,6487491,4442
131990,224,110,1028,8,0,31168,0,0,0,6487999,6487999,4442
132006,224,130,1028,8,0,31168,0,0,0,6488568,6488568,4442
132024,224,140,1028,8,0,31168,0,0,0,6489087,6489087,4442
132039,224,151,1029,9,0,31168,0,0,0,6489594,6489594,4442
132055,224,166,1029,9,0,31168,0,0,0,6490092,6490092,4442
132074,224,178,1029,9,0,31168,0,0,0,6490722,6490722,4442
132090,224,186,1029,9,0,31168,0,0,0,6491191,6491191,4442
132105,224,197,1029,9,0,31168,0,0,0,6491671,6491671,4442
132124,224,209,1029,9,0,31168,0,0,0,6492243,6492243,4442
132140,224,221,1029,9,0,31168,0,0,0,6492794,6492794,4442
132155,224,228,1029,9,0,31168,0,0,0,6493272,6493272,4442
132173,224,239,1029,9,0,31168,0,0,0,6493836,6493836,4442
132191,224,256,1029,9,0,31168,0,0,0,6494342,6494342,4442
132207,224,274,1029,9,0,31168,0,0,0,6494864,6494864,4442
132223,224,298,1029,9,0,31168,0,0,0,6495380,6495380,4442
132238,224,315,1029,9,0,31168,0,0,0,6495854,6495854,4442
132254,224,328,1029,9,0,31168,0,0,0,6496373,6496373,4442
132270,224,335,1029,9,0,31168,0,0,0,6496883,6496883,4442
132287,224,347,1029,9,0,31168,0,0,0,6497401,6497401,4442
132303,224,359,1029,9,0,31168,0,0,0,6497922,6497922,4442
132320,224,376,1029,9,0,31168,0,0,0,6498380,6498380,4442
132337,224,393,1029,9,0,31168,0,0,0,6498899,6498899,4442
132355,224,406,1029,9,0,31168,0,0,0,6499427,6499427,4442
132371,224,428,1029,9,0,31168,0,0,0,6499920,6499920,4442
132386,224,437,1029,9,0,31168,0,0,0,6500385,6500385,4442
132402,224,450,1029,9,0,31168,0,0,0,6500917,6500917,4442
132418,224,465,1029,9,0,31168,0,0,0,6501400,6501400,4442
132433,224,477,1029,9,0,31168,0,0,0,6501860,6501860,4442
132448,224,487,1029,9,0,31168,0,0,0,6502284,6502284,4442
132464,224,504,1029,9,0,31168,0,0,0,6502753,6502753,4442
132480,224,514,1029,9,0,31168,0,0,0,6503222,6503222,4442
132496,224,521,1029,9,0,31168,0,0,0,6503686,6503686,4442
132512,224,539,1029,9,0,31168,0,0,0,6504154,6504154,4442
132527,224,553,1029,9,0,31168,0,0,0,6504630,6504630,4442
132544,224,572,1029,9,0,31168,0,0,0,6505143,6505143,4442
132559,224,587,1029,9,0,31168,0,0,0,6505600,6505600,4442
132575,224,603,1029,9,0,31168,0,0,0,6506093,6506093,4442
132592,224,622,1029,9,0,31168,0,0,0,6506595,6506595,4442
132608,224,646,1029,9,0,31168,0,0,0,6507103,6507103,4442
132625,224,668,1029,9,0,31168,0,0,0,6507608,6507608,4442
132642,224,682,1029,9,0,31168,0,0,0,6508163,6508163,4442
132660,224,705,1029,9,0,31168,0,0,0,6508698,6508698,4442
132678,224,728,1029,9,0,31168,0,0,0,6509187,6509187,4442
132696,224,748,1029,9,0,31168,0,0,0,6509717,6509717,4442
132712,224,773,1029,9,0,31168,0,0,0,6510182,6510182,4442
132730,224,784,1029,9,0,31168,0,0,0,6510740,6510740,4442
132745,224,798,1029,9,0,31168,0,0,0,6511226,6511226,4442
132762,224,812,1029,9,0,31168,0,0,0,6511672,6511672,4442
132777,224,824,1029,9,0,31168,0,0,0,6512182,6512182,4442
132793,224,848,1029,9,0,31168,0,0,0,6512641,6512641,4442
132810,224,881,1029,9,0,31168,0,0,0,6513176,6513176,4442
132827,224,893,1029,9,0,31168,0,0,0,6513664,6513664,4442
132845,224,913,1029,9,0,31168,0,0,0,6514227,6514227,4442
132860,224,936,1029,9,0,31168,0,0,0,6514683,6514683,4442
132878,224,955,1029,9,0,31168,0,0,0,6515237,6515237,4442
132893,224,967,1029,9,0,31168,0,0,0,6515745,6515745,4442
132909,225,984,1029,9,0,31168,0,0,0,6516087,6516087,4442
132924,225,1003,1029,9,0,31168,0,0,0,6516553,6516553,4442
132940,225,0,1029,9,0,31168,0,0,0,6517016,6517016,4442
132957,225,13,1029,9,0,31168,0,0,0,6517574,6517574,4442
132973,225,21,1029,9,0,31168,0,0,0,6518077,6518077,4442
132990,225,61,1029,9,0,31168,0,0,0,6518602,6518602,4442
133005,225,100,1029,9,0,31168,0,0,0,6519056,6519056,4442
133023,225,109,1029,9,0,31168,0,0,0,6519578,6519578,4442
133038,225,122,1029,9,0,31168,0,0,0,6520080,6520080,4442
133055,225,138,1029,9,0,31168,0,0,0,6520595,6520595,4442
133071,225,149,1029,9,0,31168,0,0,0,6521110,6521110,4442
133088,225,159,1029,9,0,31168,0,0,0,6521666,6521666,4442
133104,225,168,1029,9,0,31168,0,0,0,6522174,6522174,4442
133120,225,182,1029,9,0,31168,0,0,0,6522681,6522681,4442
133136,225,189,1029,9,0,31168,0,0,0,6523164,6523164,4442
133152,225,200,1029,9,0,31168,0,0,0,6523624,6523624,4442
133167,225,215,1029,9,0,31168,0,0,0,6524127,6524127,4442
133184,225,229,1029,9,0,31168,0,0,0,6524612,6524612,4442
133200,225,239,1029,9,0,31168,0,0,0,6525116,6525116,4442
133216,225,264,1029,9,0,31168,0,0,0,6525600,6525600,4442
133232,225,276,1029,9,0,31168,0,0,0,6526083,6526083,4442
133248,225,295,1029,9,0,31168,0,0,0,6526601,6526601,4442
133264,225,303,1029,9,0,31168,0,0,0,6527086,6527086,4442
133279,225,320,1029,9,0,31168,0,0,0,6527561,6527561,4442
133296,225,333,1029,9,0,31168,0,0,0,6528106,6528106,4442
133311,225,347,1029,9,0,31168,0,0,0,6528599,6528599,4442
133327,225,366,1029,9,0,31168,0,0,0,6529078,6529078,4442
133344,225,380,1029,9,0,31168,0,0,0,6529620,6529620,4442
133360,225,399,1029,9,0,31168,0,0,0,6530092,6530092,4442
133375,225,414,1029,9,0,31168,0,0,0,6530531,6530531,4442
133393,225,434,1029,9,0,31168,0,0,0,6531046,6531046,4442
133409,225,446,1029,9,0,31168,0,0,0,6531539,6531539,4442
133425,225,473,1029,9,0,31168,0,0,0,6532076,6532076,4442
133440,225,481,1029,9,0,31168,0,0,0,6532542,6532542,4442
133455,225,505,1029,9,0,31168,0,0,0,6533022,6533022,4442
133472,225,518,1029,9,0,31168,0,0,0,6533523,6533523,4442
133487,225,528,1029,9,0,31168,0,0,0,6533962,6533962,4442
133504,225,547,1029,9,0,31168,0,0,0,6534483,6534483,4442
133521,225,559,1029,9,0,31168,0,0,0,6534970,6534970,4442
133538,225,572,1029,9,0,31168,0,0,0,6535512,6535512,4442
133554,225,588,1029,9,0,31168,0,0,0,6536038,6536038,4442
133572,225,608,1029,9,0,31168,0,0,0,6536562,6536562,4442
133588,225,624,1029,9,0,31168,0,0,0,6537022,6537022,4442
133604,225,643,1029,9,0,31168,0,0,0,6537557,6537557,4442
133621,225,669,1029,9,0,31168,0,0,0,6538077,6538077,4442
133639,225,689,1029,9,0,31168,0,0,0,6538613,6538613,4442
133656,225,716,1029,9,0,31168,0,0,0,6539121,6539121,4442
133672,225,741,1029,9,0,31168,0,0,0,6539585,6539585,4442
133689,225,769,1029,9,0,31168,0,0,0,6540069,6540069,4442
133705,225,784,1029,9,0,31168,0,0,0,6540510,6540510,4442
133721,225,801,1029,9,0,31168,0,0,0,6540952,6540952,4442
133736,225,817,1029,9,0,31168,0,0,0,6541417,6541417,4442
133751,225,851,1029,9,0,31168,0,0,0,6541891,6541891,4442
133769,225,869,1029,9,0,31168,0,0,0,6542412,6542412,4442
133786,225,885,1029,9,0,31168,0,0,0,6542931,6542931,4442
133803,225,895,1029,9,0,31168,0,0,0,6543429,6543429,4442
133818,225,910,1029,9,0,31168,0,0,0,6543878,6543878,4442
133836,225,933,1029,9,0,31168,0,0,0,6544432,6544432,4442
133852,225,942,1029,9,0,31168,0,0,0,6544923,6544923,4442
133870,225,960,1029,9,0,31168,0,0,0,6545473,6545473,4442
133889,225,978,1029,9,0,31168,0,0,0,6545739,6545739,4442
133907,226,996,1029,9,0,31168,0,0,0,6546257,6546257,4442
133925,226,1028,1029,8,0,31168,0,0,0,6546794,6546794,4442
133941,226,9,1029,8,0,31168,0,0,0,6547335,6547335,4442
133958,226,23,1029,8,0,31168,0,0,0,6547837,6547837,4442
133974,226,44,1029,8,0,31168,0,0,0,6548332,6548332,4442
133990,226,100,1029,8,0,31168,0,0,0,6548810,6548810,4442
134005,226,111,1029,8,0,31168,0,0,0,6549305,6549305,4442
134020,226,125,1029,8,0,31168,0,0,0,6549813,6549813,4442
134036,226,136,1029,8,0,31168,0,0,0,6550325,6550325,4442
134052,226,143,1029,8,0,31168,0,0,0,6550860,6550860,4442
134068,226,152,1029,8,0,31168,0,0,0,6551324,6551324,4442
134084,226,165,1029,8,0,31168,0,0,0,6551845,6551845,4442
134099,226,173,1029,8,0,31168,0,0,0,6552336,6552336,4442
134116,226,189,1029,8,0,31168,0,0,0,6552837,6552837,4442
134132,226,200,1029,8,0,31168,0,0,0,6553309,6553309,4442
134149,226,214,1029,8,0,31168,0,0,0,6553887,6553887,4442
134167,226,234,1029,8,0,31168,0,0,0,6554465,6554465,4442
134183,226,249,1029,8,0,31168,0,0,0,6554964,6554964,4442
134200,226,260,1029,8,0,31168,0,0,0,6555487,6555487,4442
134216,226,282,1029,8,0,31168,0,0,0,6555952,6555952,4442
134233,226,303,1029,8,0,31168,0,0,0,6556485,6556485,4442
134249,226,320,1029,8,0,31168,0,0,0,6556989,6556989,4442
134264,226,333,1029,8,0,31168,0,0,0,6557444,6557444,4442
134279,226,347,1029,8,0,31168,0,0,0,6557914,6557914,4442
134296,226,369,1029,8,0,31168,0,0,0,6558378,6558378,4442
134311,226,385,1029,8,0,31168,0,0,0,6558824,6558824,4442
134329,226,396,1029,8,0,31168,0,0,0,6559348,6559348,4442
134345,226,404,1029,8,0,31168,0,0,0,6559851,6559851,4442
134360,226,424,1029,8,0,31168,0,0,0,6560298,6560298,4442
134378,226,435,1029,8,0,31168,0,0,0,6560872,6560872,4442
134395,226,444,1029,8,0,31168,0,0,0,6561367,6561367,4442
134413,226,451,1029,8,0,31168,0,0,0,6561965,6561965,4442
134429,226,474,1029,8,0,31168,0,0,0,6562490,6562490,4442
134444,226,485,1029,8,0,31168,0,0,0,6562940,6562940,4442
134462,226,502,1029,8,0,31168,0,0,0,6563458,6563458,4442
134478,226,519,1029,8,0,31168,0,0,0,6563941,6563941,4442
134496,226,534,1029,8,0,31168,0,0,0,6564435,6564435,4442
134511,226,551,1029,8,0,31168,0,0,0,6564873,6564873,4442
134529,226,572,1029,8,0,31168,0,0,0,6565435,6565435,4442
134547,226,588,1029,8,0,31168,0,0,0,6565981,6565981,4442
134562,226,602,1029,8,0,31168,0,0,0,6566469,6566469,4442
134578,226,617,1029,8,0,31168,0,0,0,6566926,6566926,4442
134596,226,636,1029,8,0,31168,0,0,0,6567474,6567474,4442
134611,226,668,1029,8,0,31168,0,0,0,6567948,6567948,4442
134627,226,682,1029,8,0,31168,0,0,0,6568428,6568428,4442
134642,226,702,1029,8,0,31168,0,0,0,6568865,6568865,4442
134657,226,716,1029,8,0,31168,0,0,0,6569329,6569329,4442
134675,226,734,1029,8,0,31168,0,0,0,6569841,6569841,4442
134692,226,763,1029,8,0,31168,0,0,0,6570321,6570321,4442
134709,226,792,1029,8,0,31168,0,0,0,6570814,6570814,4442
134727,226,817,1029,8,0,31168,0,0,0,6571359,6571359,4442
134743,226,845,1029,8,0,31168,0,0,0,6571833,6571833,4442
134758,226,862,1029,8,0,31168,0,0,0,6572318,6572318,4442
134773,226,884,1029,8,0,31168,0,0,0,6572782,6572782,4442
134790,226,909,1029,8,0,31168,0,0,0,6573257,6573257,4442
134808,226,931,1029,8,0,31168,0,0,0,6573782,6573782,4442
134823,226,954,1029,8,0,31168,0,0,0,6574278,6574278,4442
134842,226,978,1029,8,0,31168,0,0,0,6574677,6574677,4442
134857,227,996,1029,8,0,31168,0,0,0,6575107,6575107,4442
134873,227,1008,1029,8,0,31168,0,0,0,6575556,6575556,4442
134888,227,4,1029,8,0,31168,0,0,0,6576056,6576056,4442
134905,227,17,1029,8,0,31168,0,0,0,6576642,6576642,4442
134921,227,31,1029,8,0,31168,0,0,0,6577177,6577177,4442
134939,227,61,1029,8,0,31168,0,0,0,6577701,6577701,4442
134955,227,103,1029,8,0,31168,0,0,0,6578177,6578177,4442
134971,227,114,1029,8,0,31168,0,0,0,6578716,6578716,4442
134989,227,129,1029,8,0,31168,0,0,0,6579308,6579308,4442
135008,227,143,1029,8,0,31168,0,0,0,6579878,6579878,4442
135024,227,151,1029,8,0,31168,0,0,0,6580394,6580394,4442
135041,227,163,1029,8,0,31168,0,0,0,6580905,6580905,4442
135056,227,173,1029,8,0,31168,0,0,0,6581412,6581412,4442
135071,227,188,1029,8,0,31168,0,0,0,6581895,6581895,4442
135086,227,204,1029,8,0,31168,0,0,0,6582367,6582367,4442
135102,227,219,1029,8,0,31168,0,0,0,6582888,6582888,4442
135119,227,231,1029,8,0,31168,0,0,0,6583382,6583382,4442
135135,227,238,1029,8,0,31168,0,0,0,6583902,6583902,4442
135152,227,252,1029,8,0,31168,0,0,0,6584387,6584387,4442
135168,227,271,1029,8,0,31168,0,0,0,6584870,6584870,4442
135183,227,282,1029,8,0,31168,0,0,0,6585310,6585310,4442
135200,227,304,1029,8,0,31168,0,0,0,6585844,6585844,4442
135215,227,325,1029,8,0,31168,0,0,0,6586303,6586303,4442
135230,227,336,1029,8,0,31168,0,0,0,6586786,6586786,4442
135246,227,352,1029,8,0,31168,0,0,0,6587309,6587309,4442
135263,227,370,1029,8,0,31168,0,0,0,6587816,6587816,4442
135279,227,388,1029,8,0,31168,0,0,0,6588329,6588329,4442
135295,227,398,1029,8,0,31168,0,0,0,6588770,6588770,4442
135312,227,415,1029,8,0,31168,0,0,0,6589279,6589279,4442
135330,227,435,1029,8,0,31168,0,0,0,6589804,6589804,4442
135345,227,443,1029,8,0,31168,0,0,0,6590235,6590235,4442
135360,227,453,1029,8,0,31168,0,0,0,6590766,6590766,4442
135375,227,464,1029,8,0,31168,0,0,0,6591251,6591251,4442
135392,227,480,1029,8,0,31168,0,0,0,6591733,6591733,4442
135408,227,494,1029,8,0,31168,0,0,0,6592232,6592232,4442
135424,227,508,1029,8,0,31168,0,0,0,6592723,6592723,4442
135440,227,518,1029,8,0,31168,0,0,0,6593191,6593191,4442
135455,227,533,1029,8,0,31168,0,0,0,6593666,6593666,4442
135472,227,550,1029,8,0,31168,0,0,0,6594144,6594144,4442
135489,227,572,1029,8,0,31168,0,0,0,6594645,6594645,4442
135505,227,586,1029,8,0,31168,0,0,0,6595156,6595156,4442
135520,227,596,1029,8,0,31168,0,0,0,6595609,6595609,4442
135536,227,608,1029,8,0,31168,0,0,0,6596068,6596068,4442
135552,227,620,1029,8,0,31168,0,0,0,6596522,6596522,4442
135568,227,645,1029,8,0,31168,0,0,0,6597003,6597003,4442
135584,227,659,1029,8,0,31168,0,0,0,6597477,6597477,4442
135600,227,672,1029,8,0,31168,0,0,0,6598013,6598013,4442
135619,227,686,1029,8,0,31168,0,0,0,6598576,6598576,4442
135635,227,705,1029,8,0,31168,0,0,0,6599063,6599063,4442
135651,227,728,1029,8,0,31168,0,0,0,6599504,6599504,4442
135668,227,746,1029,8,0,31168,0,0,0,6600027,6600027,4442
135684,227,767,1029,8,0,31168,0,0,0,6600478,6600478,4442
135700,227,780,1029,8,0,31168,0,0,0,6600940,6600940,4442
135715,227,793,1029,8,0,31168,0,0,0,6601406,6601406,4442
135731,227,813,1029,8,0,31168,0,0,0,6601904,6601904,4442
135749,227,834,1029,8,0,31168,0,0,0,6602442,6602442,4442
135766,227,865,1029,8,0,31168,0,0,0,6602972,6602972,4442
135784,227,885,1029,8,0,31168,0,0,0,6603497,6603497,4442
135799,227,900,1029,8,0,31168,0,0,0,6603963,6603963,4442
135815,227,921,1029,8,0,31168,0,0,0,6604491,6604491,4442
135831,227,951,1029,8,0,31168,0,0,0,6604924,6604924,4442
135846,227,959,1029,8,0,31168,0,0,0,6605399,6605399,4442
135871,227,978,1029,8,0,31168,0,0,0,6605762,6605762,4442
135887,228,999,1029,8,0,31168,0,0,0,6606233,6606233,4442
135904,228,0,1029,8,0,31168,0,0,0,6606786,6606786,4442
135921,228,11,1029,8,0,31168,0,0,0,6607330,6607330,4442
135936,228,18,1029,8,0,31168,0,0,0,6607775,6607775,4442
135951,228,60,1029,8,0,31168,0,0,0,6608255,6608255,4442
135967,228,100,1029,8,0,31168,0,0,0,6608771,6608771,4442
135983,228,110,1029,8,0,31168,0,0,0,6609269,6609269,4442
136000,228,125,1029,8,0,31168,0,0,0,6609808,6609808,4442
136016,228,138,1029,8,0,31168,0,0,0,6610276,6610276,4442
136031,228,149,1029,8,0,31168,0,0,0,6610783,6610783,4442
136049,228,164,1029,8,0,31168,0,0,0,6611335,6611335,4442
136066,228,172,1029,8,0,31168,0,0,0,6611889,6611889,4442
136084,228,184,1029,8,0,31168,0,0,0,6612459,6612459,4442
136102,228,194,1029,8,0,31168,0,0,0,6613002,6613002,4442
136119,228,208,1029,8,0,31168,0,0,0,6613562,6613562,4442
136135,228,219,1029,8,0,31168,0,0,0,6614105,6614105,4442
136150,228,231,1029,8,0,31168,0,0,0,6614620,6614620,4442
136167,228,249,1029,8,0,31168,0,0,0,6615168,6615168,4442
136182,228,271,1029,8,0,31168,0,0,0,6615644,6615644,4442
136198,228,286,1029,8,0,31168,0,0,0,6616174,6616174,4442
136217,228,309,1029,8,0,31168,0,0,0,6616711,6616711,4442
136233,228,323,1029,8,0,31168,0,0,0,6617211,6617211,4442
136249,228,339,1029,8,0,31168,0,0,0,6617725,6617725,4442
136266,228,352,1029,8,0,31168,0,0,0,6618240,6618240,4442
136281,228,366,1029,8,0,31168,0,0,0,6618729,6618729,4442
136297,228,379,1029,8,0,31168,0,0,0,6619206,6619206,4442
136313,228,394,1029,8,0,31168,0,0,0,6619669,6619669,4442
136328,228,403,1029,8,0,31168,0,0,0,6620157,6620157,4442
136344,228,415,1029,8,0,31168,0,0,0,6620621,6620621,4442
136359,228,434,1029,8,0,31168,0,0,0,6621066,6621066,4442
136374,228,441,1029,8,0,31168,0,0,0,6621526,6621526,4442
136389,228,449,1029,8,0,31168,0,0,0,6622007,6622007,4442
136406,228,463,1029,8,0,31168,0,0,0,6622524,6622524,4442
136423,228,477,1029,8,0,31168,0,0,0,6623065,6623065,4442
136441,228,489,1029,8,0,31168,0,0,0,6623589,6623589,4442
136459,228,504,1029,8,0,31168,0,0,0,6624076,6624076,4442
136475,228,514,1029,8,0,31168,0,0,0,6624555,6624555,4442
136491,228,532,1029,8,0,31168,0,0,0,6625069,6625069,4442
136507,228,551,1029,8,0,31168,0,0,0,6625537,6625537,4442
136522,228,570,1029,8,0,31168,0,0,0,6626035,6626035,4442
136538,228,586,1029,8,0,31168,0,0,0,6626530,6626530,4442
136554,228,603,1029,8,0,31168,0,0,0,6627002,6627002,4442
136569,228,620,1029,8,0,31168,0,0,0,6627483,6627483,4442
136586,228,643,1029,8,0,31168,0,0,0,6627935,6627935,4442
136601,228,660,1029,8,0,31168,0,0,0,6628389,6628389,4442
136619,228,673,1029,8,0,31168,0,0,0,6628964,6628964,4442
136634,228,698,1029,8,0,31168,0,0,0,6629442,6629442,4442
136650,228,706,1029,8,0,31168,0,0,0,6629934,6629934,4442
136665,228,728,1029,8,0,31168,0,0,0,6630377,6630377,4442
136681,228,737,1029,8,0,31168,0,0,0,6630832,6630832,4442
136697,228,760,1029,8,0,31168,0,0,0,6631312,6631312,4442
136713,228,778,1029,8,0,31168,0,0,0,6631779,6631779,4442
136731,228,792,1029,8,0,31168,0,0,0,6632305,6632305,4442
136748,228,806,1029,8,0,31168,0,0,0,6632762,6632762,4442
136764,228,817,1029,8,0,31168,0,0,0,6633252,6633252,4442
136780,228,845,1029,8,0,31168,0,0,0,6633714,6633714,4442
136795,228,856,1029,8,0,31168,0,0,0,6634201,6634201,4442
136811,228,877,1029,8,0,31168,0,0,0,6634617,6634617,4442
136829,228,890,1029,8,0,31168,0,0,0,6635195,6635195,4442
136846,228,910,1029,8,0,31168,0,0,0,6635695,6635695,4442
136861,228,921,1029,8,0,31168,0,0,0,6636172,6636172,4442
136876,228,937,1029,8,0,31168,0,0,0,6636460,6636460,4442
136892,228,956,1029,8,0,31168,0,0,0,6636942,6636942,4442
136907,228,973,1029,8,0,31168,0,0,0,6637409,6637409,4442
136923,229,987,1029,8,0,31168,0,0,0,6637698,6637698,4442
136939,229,996,1029,8,0,31168,0,0,0,6638141,6638141,4442
136954,229,1013,1029,8,0,31168,0,0,0,6638633,6638633,4442
136970,229,7,1029,8,0,31168,0,0,0,6639155,6639155,4442
136986,229,15,1029,8,0,31168,0,0,0,6639629,6639629,4442
137003,229,30,1029,8,0,31168,0,0,0,6640232,6640232,4442
137019,229,61,1029,8,0,31168,0,0,0,6640711,6640711,4442
137036,229,100,1029,8,0,31168,0,0,0,6641254,6641254,4442
137053,229,113,1029,8,0,31168,0,0,0,6641732,6641732,4442
137069,229,136,1029,8,0,31168,0,0,0,6642232,6642232,4442
137085,229,143,1029,8,0,31168,0,0,0,6642780,6642780,4442
137103,229,151,1029,8,0,31168,0,0,0,6643325,6643325,4442
137119,229,165,1029,8,0,31168,0,0,0,6643851,6643851,4442
137135,229,174,1029,8,0,31168,0,0,0,6644382,6644382,4442
137152,229,188,1029,8,0,31168,0,0,0,6644906,6644906,4442
137168,229,206,1029,8,0,31168,0,0,0,6645389,6645389,4442
137185,229,222,1029,8,0,31168,0,0,0,6645912,6645912,4442
137203,229,233,1029,8,0,31168,0,0,0,6646483,6646483,4442
137220,229,249,1029,8,0,31168,0,0,0,6647054,6647054,4442
137236,229,274,1029,8,0,31168,0,0,0,6647520,6647520,4442
137253,229,295,1029,8,0,31168,0,0,0,6648081,6648081,4442
137269,229,312,1029,8,0,31168,0,0,0,6648532,6648532,4442
137284,229,323,1029,8,0,31168,0,0,0,6649008,6649008,4442
137302,229,334,1029,8,0,31168,0,0,0,6649555,6649555,4442
137317,229,350,1029,8,0,31168,0,0,0,6650029,6650029,4442
137333,229,366,1029,8,0,31168,0,0,0,6650499,6650499,4442
137349,229,379,1029,8,0,31168,0,0,0,6650982,6650982,4442
137365,229,397,1029,8,0,31168,0,0,0,6651460,6651460,4442
137380,229,406,1029,8,0,31168,0,0,0,6651918,6651918,4442
137395,229,427,1029,8,0,31168,0,0,0,6652359,6652359,4442
137412,229,441,1029,8,0,31168,0,0,0,6652868,6652868,4442
137428,229,451,1029,8,0,31168,0,0,0,6653420,6653420,4442
137444,229,471,1029,8,0,31168,0,0,0,6653895,6653895,4442
137460,229,481,1029,8,0,31168,0,0,0,6654374,6654374,4442
137477,229,502,1029,8,0,31168,0,0,0,6654912,6654912,4442
137494,229,514,1029,8,0,31168,0,0,0,6655424,6655424,4442
137510,229,524,1029,8,0,31168,0,0,0,6655900,6655900,4442
137528,229,538,1029,8,0,31168,0,0,0,6656429,6656429,4442
137545,229,556,1029,8,0,31168,0,0,0,6656944,6656944,4442
137562,229,577,1029,8,0,31168,0,0,0,6657498,6657498,4442
137579,229,596,1029,8,0,31168,0,0,0,6658021,6658021,4442
137596,229,610,1029,8,0,31168,0,0,0,6658514,6658514,4442
137614,229,620,1029,8,0,31168,0,0,0,6659036,6659036,4442
137630,229,645,1029,8,0,31168,0,0,0,6659561,6659561,4442
137648,229,665,1029,8,0,31168,0,0,0,6660110,6660110,4442
137665,229,682,1029,8,0,31168,0,0,0,6660610,6660610,4442
137680,229,700,1029,8,0,31168,0,0,0,6661048,6661048,4442
137696,229,716,1029,8,0,31168,0,0,0,6661529,6661529,4442
137713,229,735,1029,8,0,31168,0,0,0,6662048,6662048,4442
137729,229,753,1029,8,0,31168,0,0,0,6662540,6662540,4442
137744,229,769,1029,8,0,31168,0,0,0,6662982,6662982,4442
137760,229,781,1029,8,0,31168,0,0,0,6663458,6663458,4442
137777,229,794,1029,8,0,31168,0,0,0,6663968,6663968,4442
137793,229,813,1029,8,0,31168,0,0,0,6664463,6664463,4442
137811,229,834,1029,8,0,31168,0,0,0,6664999,6664999,4442
137826,229,858,1029,8,0,31168,0,0,0,6665460,6665460,4442
137841,229,880,1029,8,0,31168,0,0,0,6665933,6665933,4442
137857,229,892,1029,8,0,31168,0,0,0,6666444,6666444,4442
137874,229,907,1029,8,0,31168,0,0,0,6666985,6666985,4442
137890,229,916,1029,8,0,31168,0,0,0,6667413,6667413,4442
137906,229,938,1029,8,0,31168,0,0,0,6667867,6667867,4442
137921,229,956,1029,8,0,31168,0,0,0,6668376,6668376,4442
137937,229,973,1029,8,0,31168,0,0,0,6668861,6668861,4442
137953,230,982,1029,8,0,31168,0,0,0,6669129,6669129,4442
137968,230,992,1029,8,0,31168,0,0,0,6669573,6669573,4442
137984,230,1006,1029,8,0,31168,0,0,0,6670089,6670089,4442
138001,230,0,1029,7,0,31168,0,0,0,6670547,6670547,4442
138016,230,8,1029,7,0,31168,0,0,0,6671100,6671100,4442
138033,230,19,1029,7,0,31168,0,0,0,6671610,6671610,4442
138049,230,35,1029,7,0,31168,0,0,0,6672131,6672131,4442
138065,230,89,1029,7,0,31168,0,0,0,6672627,6672627,4442
138082,230,109,1029,7,0,31168,0,0,0,6673170,6673170,4442
138100,230,130,1029,7,0,31168,0,0,0,6673706,6673706,4442
138117,230,143,1029,7,0,31168,0,0,0,6674252,6674252,4442
138132,230,159,1029,7,0,31168,0,0,0,6674735,6674735,4442
138148,230,170,1029,7,0,31168,0,0,0,6675244,6675244,4442
138163,230,183,1029,7,0,31168,0,0,0,6675737,6675737,4442
138178,230,192,1030,8,0,31168,0,0,0,6676241,6676241,4444
138194,230,204,1030,8,0,31168,0,0,0,6676745,6676745,4444
138209,230,214,1030,8,0,31168,0,0,0,6677249,6677249,4444
138225,230,227,1030,8,0,31168,0,0,0,6677770,6677770,4444
138242,230,238,1030,8,0,31168,0,0,0,6678335,6678335,4444
138258,230,252,1030,8,0,31168,0,0,0,6678833,6678833,4444
138274,230,264,1030,8,0,31168,0,0,0,6679278,6679278,4444
138290,230,298,1030,8,0,31168,0,0,0,6679751,6679751,4444
138308,230,313,1030,8,0,31168,0,0,0,6680267,6680267,4444
138324,230,327,1030,8,0,31168,0,0,0,6680761,6680761,4444
138339,230,340,1030,8,0,31168,0,0,0,6681268,6681268,4444
138355,230,355,1030,8,0,31168,0,0,0,6681753,6681753,4444
138372,230,370,1030,8,0,31168,0,0,0,6682260,6682260,4444
138388,230,388,1030,8,0,31168,0,0,0,6682783,6682783,4444
138403,230,403,1030,8,0,31168,0,0,0,6683261,6683261,4444
138418,230,415,1030,8,0,31168,0,0,0,6683711,6683711,4444
138433,230,436,1030,8,0,31168,0,0,0,6684195,6684195,4444
138449,230,447,1030,8,0,31168,0,0,0,6684698,6684698,4444
138465,230,459,1030,8,0,31168,0,0,0,6685204,6685204,4444
138482,230,474,1030,8,0,31168,0,0,0,6685726,6685726,4444
138497,230,485,1030,8,0,31168,0,0,0,6686193,6686193,4444
138513,230,502,1030,8,0,31168,0,0,0,6686668,6686668,4444
138530,230,516,1030,8,0,31168,0,0,0,6687180,6687180,4444
138546,230,535,1030,8,0,31168,0,0,0,6687649,6687649,4444
138562,230,550,1030,8,0,31168,0,0,0,6688104,6688104,4444
138578,230,563,1031,9,0,31168,0,0,0,6688588,6688588,4444
138594,230,577,1031,9,0,31168,0,0,0,6689077,6689077,4444
138612,230,589,1031,9,0,31168,0,0,0,6689609,6689609,4444
138628,230,596,1031,9,0,31168,0,0,0,6690065,6690065,4444
138644,230,612,1031,9,0,31168,0,0,0,6690541,6690541,4444
138659,230,620,1031,9,0,31168,0,0,0,6690993,6690993,4444
138675,230,642,1031,9,0,31168,0,0,0,6691494,6691494,4444
138692,230,665,1031,9,0,31168,0,0,0,6692005,6692005,4444
138707,230,683,1031,9,0,31168,0,0,0,6692512,6692512,4444
138724,230,705,1031,9,0,31168,0,0,0,6693049,6693049,4444
138743,230,736,1031,9,0,31168,0,0,0,6693601,6693601,4444
138758,230,764,1031,9,0,31168,0,0,0,6694020,6694020,4444
138773,230,782,1031,9,0,31168,0,0,0,6694493,6694493,4444
138790,230,797,1031,9,0,31168,0,0,0,6694983,6694983,4444
138807,230,817,1031,9,0,31168,0,0,0,6695498,6695498,4444
138822,230,832,1031,9,0,31168,0,0,0,6695973,6695973,4444
138839,230,861,1031,9,0,31168,0,0,0,6696517,6696517,4444
138856,230,877,1031,9,0,31168,0,0,0,6697005,6697005,4444
138874,230,892,1031,9,0,31168,0,0,0,6697588,6697588,4444
138890,230,908,1031,9,0,31168,0,0,0,6698029,6698029,4444
138908,230,937,1031,9,0,31168,0,0,0,6698564,6698564,4444
138924,230,958,1031,9,0,31168,0,0,0,6699091,6699091,4444
138943,230,978,1031,9,0,31168,0,0,0,6699364,6699364,4444
138960,231,993,1031,9,0,31168,0,0,0,6699844,6699844,4444
138976,231,1006,1031,9,0,31168,0,0,0,6700362,6700362,4444
138991,231,1023,1032,8,0,31168,0,0,0,6700842,6700842,4444
139010,231,6,1032,7,0,31168,0,0,0,6701414,6701414,4444
139025,231,17,1032,7,0,31168,0,0,0,6701898,6701898,4444
139041,231,30,1032,7,0,31168,0,0,0,6702388,6702388,4444
139056,231,61,1032,7,0,31168,0,0,0,6702888,6702888,4444
139072,231,104,1033,8,0,31168,0,0,0,6703387,6703387,4444
139089,231,118,1033,8,0,31168,0,0,0,6703926,6703926,4444
139105,231,137,1033,8,0,31168,0,0,0,6704444,6704444,4444
139121,231,146,1033,8,0,31168,0,0,0,6704973,6704973,4444
139137,231,156,1033,8,0,31168,0,0,0,6705445,6705445,4444
139154,231,170,1033,8,0,31168,0,0,0,6705980,6705980,4444
139170,231,183,1033,8,0,31168,0,0,0,6706479,6706479,4444
139188,231,192,1033,8,0,31168,0,0,0,6707012,6707012,4444
139203,231,204,1033,8,0,31168,0,0,0,6707489,6707489,4444
139220,231,220,1033,8,0,31168,0,0,0,6708020,6708020,4444
139236,231,230,1033,8,0,31168,0,0,0,6708520,6708520,4444
139253,231,252,1033,8,0,31168,0,0,0,6709047,6709047,4444
139268,231,265,1033,8,0,31168,0,0,0,6709526,6709526,4444
139285,231,281,1033,8,0,31168,0,0,0,6710001,6710001,4444
139300,231,301,1033,8,0,31168,0,0,0,6710487,6710487,4444
139317,231,316,1033,8,0,31168,0,0,0,6711016,6711016,4444
139332,231,327,1033,8,0,31168,0,0,0,6711508,6711508,4444
139349,231,338,1033,8,0,31168,0,0,0,6712070,6712070,4444
139364,231,350,1033,8,0,31168,0,0,0,6712542,6712542,4444
139380,231,366,1033,8,0,31168,0,0,0,6713020,6713020,4444
139395,231,379,1033,8,0,31168,0,0,0,6713474,6713474,4444
139411,231,398,1033,8,0,31168,0,0,0,6713941,6713941,4444
139427,231,424,1033,8,0,31168,0,0,0,6714406,6714406,4444
139444,231,436,1033,8,0,31168,0,0,0,6714903,6714903,4444
139459,231,444,1033,8,0,31168,0,0,0,6715369,6715369,4444
139475,231,454,1033,8,0,31168,0,0,0,6715889,6715889,4444
139493,231,466,1033,8,0,31168,0,0,0,6716389,6716389,4444
139511,231,478,1033,8,0,31168,0,0,0,6716895,6716895,4444
139526,231,494,1033,8,0,31168,0,0,0,6717364,6717364,4444
139545,231,516,1033,8,0,31168,0,0,0,6717926,6717926,4444
139561,231,528,1033,8,0,31168,0,0,0,6718432,6718432,4444
139578,231,546,1033,8,0,31168,0,0,0,6718919,6718919,4444
139593,231,559,1033,8,0,31168,0,0,0,6719396,6719396,4444
139610,231,574,1033,8,0,31168,0,0,0,6719929,6719929,4444
139627,231,586,1033,8,0,31168,0,0,0,6720423,6720423,4444
139644,231,602,1033,8,0,31168,0,0,0,6720912,6720912,4444
139662,231,619,1033,8,0,31168,0,0,0,6721462,6721462,4444
139677,231,646,1033,8,0,31168,0,0,0,6721922,6721922,4444
139693,231,668,1033,8,0,31168,0,0,0,6722433,6722433,4444
139710,231,689,1033,8,0,31168,0,0,0,6722949,6722949,4444
139726,231,705,1033,8,0,31168,0,0,0,6723407,6723407,4444
139743,231,730,1033,8,0,31168,0,0,0,6723880,6723880,4444
139759,231,757,1033,8,0,31168,0,0,0,6724345,6724345,4444
139774,231,773,1033,8,0,31168,0,0,0,6724771,6724771,4444
139790,231,792,1033,8,0,31168,0,0,0,6725270,6725270,4444
139807,231,812,1033,8,0,31168,0,0,0,6725746,6725746,4444
139823,231,834,1033,8,0,31168,0,0,0,6726252,6726252,4444
139841,231,861,1033,8,0,31168,0,0,0,6726796,6726796,4444
139856,231,880,1033,8,0,31168,0,0,0,6727289,6727289,4444
139872,231,893,1033,8,0,31168,0,0,0,6727733,6727733,4444
139888,231,910,1033,8,0,31168,0,0,0,6728214,6728214,4444
139904,231,930,1033,8,0,31168,0,0,0,6728722,6728722,4444
139920,231,951,1033,8,0,31168,0,0,0,6729225,6729225,4444
139938,231,960,1033,8,0,31168,0,0,0,6729789,6729789,4444
139966,231,978,1033,8,0,31168,0,0,0,6730147,6730147,4444
139981,232,999,1033,8,0,31168,0,0,0,6730605,6730605,4444
139997,232,1029,1033,8,0,31168,0,0,0,6731074,6731074,4444
140012,232,7,1033,8,0,31168,0,0,0,6731610,6731610,4444
140028,232,17,1033,8,0,31168,0,0,0,6732090,6732090,4444
140045,232,44,1033,8,0,31168,0,0,0,6732642,6732642,4444
140062,232,75,1033,8,0,31168,0,0,0,6733179,6733179,4444
140078,232,109,1033,8,0,31168,0,0,0,6733656,6733656,4444
140095,232,125,1033,8,0,31168,0,0,0,6734260,6734260,4444
140110,232,140,1033,8,0,31168,0,0,0,6734714,6734714,4444
140126,232,146,1033,8,0,31168,0,0,0,6735199,6735199,4444
140142,232,161,1033,8,0,31168,0,0,0,6735685,6735685,4444
140157,232,168,1033,8,0,31168,0,0,0,6736192,6736192,4444
140174,232,183,1033,8,0,31168,0,0,0,6736712,6736712,4444
140189,232,194,1033,8,0,31168,0,0,0,6737193,6737193,4444
140206,232,208,1033,8,0,31168,0,0,0,6737763,6737763,4444
140222,232,223,1033,8,0,31168,0,0,0,6738218,6738218,4444
140239,232,233,1033,8,0,31168,0,0,0,6738786,6738786,4444
140257,232,241,1033,8,0,31168,0,0,0,6739368,6739368,4444
140275,232,256,1033,8,0,31168,0,0,0,6739908,6739908,4444
140290,232,274,1033,8,0,31168,0,0,0,6740388,6740388,4444
140305,232,289,1033,8,0,31168,0,0,0,6740880,6740880,4444
140320,232,312,1033,8,0,31168,0,0,0,6741326,6741326,4444
140337,232,323,1033,8,0,31168,0,0,0,6741849,6741849,4444
140352,232,333,1033,8,0,31168,0,0,0,6742316,6742316,4444
140367,232,343,1033,8,0,31168,0,0,0,6742813,6742813,4444
140382,232,356,1033,8,0,31168,0,0,0,6743296,6743296,4444
140400,232,376,1033,8,0,31168,0,0,0,6743843,6743843,4444
140417,232,393,1033,8,0,31168,0,0,0,6744357,6744357,4444
140433,232,399,1033,8,0,31168,0,0,0,6744844,6744844,4444
140449,232,426,1033,8,0,31168,0,0,0,6745321,6745321,4444
140464,232,437,1033,8,0,31168,0,0,0,6745789,6745789,4444
140480,232,443,1033,8,0,31168,0,0,0,6746281,6746281,4444
140495,232,456,1033,8,0,31168,0,0,0,6746759,6746759,4444
140513,232,474,1033,8,0,31168,0,0,0,6747296,6747296,4444
140528,232,484,1033,8,0,31168,0,0,0,6747751,6747751,4444
140543,232,494,1033,8,0,31168,0,0,0,6748179,6748179,4444
140558,232,516,1033,8,0,31168,0,0,0,6748614,6748614,4444
140575,232,531,1033,8,0,31168,0,0,0,6749110,6749110,4444
140590,232,550,1033,8,0,31168,0,0,0,6749535,6749535,4444
140606,232,562,1033,8,0,31168,0,0,0,6750028,6750028,4444
140625,232,576,1033,8,0,31168,0,0,0,6750592,6750592,4444
140641,232,590,1033,8,0,31168,0,0,0,6751080,6751080,4444
140657,232,601,1033,8,0,31168,0,0,0,6751500,6751500,4444
140672,232,618,1033,8,0,31168,0,0,0,6751980,6751980,4444
140690,232,640,1033,8,0,31168,0,0,0,6752521,6752521,4444
140705,232,660,1033,8,0,31168,0,0,0,6752961,6752961,4444
140721,232,675,1033,8,0,31168,0,0,0,6753481,6753481,4444
140737,232,700,1033,8,0,31168,0,0,0,6753969,6753969,4444
140752,232,708,1033,8,0,31168,0,0,0,6754435,6754435,4444
140769,232,728,1033,8,0,31168,0,0,0,6754909,6754909,4444
140785,232,741,1033,8,0,31168,0,0,0,6755397,6755397,4444
140801,232,763,1033,8,0,31168,0,0,0,6755830,6755830,4444
140818,232,781,1033,8,0,31168,0,0,0,6756343,6756343,4444
140834,232,794,1033,8,0,31168,0,0,0,6756841,6756841,4444
140854,232,807,1033,8,0,31168,0,0,0,6757272,6757272,4444
140869,232,832,1033,8,0,31168,0,0,0,6757765,6757765,4444
140886,232,858,1033,8,0,31168,0,0,0,6758296,6758296,4444
140902,232,880,1033,8,0,31168,0,0,0,6758791,6758791,4444
140918,232,892,1033,8,0,31168,0,0,0,6759303,6759303,4444
140933,232,909,1033,8,0,31168,0,0,0,6759749,6759749,4444
140948,232,930,1033,8,0,31168,0,0,0,6760211,6760211,4444
140964,232,951,1033,8,0,31168,0,0,0,6760682,6760682,4444
140979,232,959,1033,8,0,31168,0,0,0,6761165,6761165,4444
140998,232,978,1033,8,0,31168,0,0,0,6761590,6761590,4444
141016,233,994,1033,8,0,31168,0,0,0,6762115,6762115,4444
141032,233,1010,1033,8,0,31168,0,0,0,6762634,6762634,4444
141048,233,1,1033,8,0,31168,0,0,0,6763077,6763077,4444
141064,233,8,1033,8,0,31168,0,0,0,6763634,6763634,4444
141080,233,16,1033,8,0,31168,0,0,0,6764107,6764107,4444
141096,233,35,1033,8,0,31168,0,0,0,6764613,6764613,4444
141112,233,65,1033,8,0,31168,0,0,0,6765096,6765096,4444
141127,233,107,1033,8,0,31168,0,0,0,6765579,6765579,4444
141143,233,122,1033,8,0,31168,0,0,0,6766074,6766074,4444
141161,233,138,1033,8,0,31168,0,0,0,6766692,6766692,4444
141178,233,146,1033,8,0,31168,0,0,0,6767222,6767222,4444
141195,233,159,1033,8,0,31168,0,0,0,6767774,6767774,4444
141210,233,170,1033,8,0,31168,0,0,0,6768299,6768299,4444
141228,233,181,1033,8,0,31168,0,0,0,6768887,6768887,4444
141243,233,186,1033,8,0,31168,0,0,0,6769364,6769364,4444
141260,233,197,1033,8,0,31168,0,0,0,6769870,6769870,4444
141278,233,210,1033,8,0,31168,0,0,0,6770409,6770409,4444
141294,233,221,1033,8,0,31168,0,0,0,6770925,6770925,4444
141311,233,232,1033,8,0,31168,0,0,0,6771474,6771474,4444
141328,233,248,1033,8,0,31168,0,0,0,6772008,6772008,4444
141345,233,271,1033,8,0,31168,0,0,0,6772522,6772522,4444
141360,233,286,1033,8,0,31168,0,0,0,6772999,6772999,4444
141377,233,307,1033,8,0,31168,0,0,0,6773514,6773514,4444
141393,233,322,1033,8,0,31168,0,0,0,6773994,6773994,4444
141410,233,333,1033,8,0,31168,0,0,0,6774519,6774519,4444
141427,233,343,1033,8,0,31168,0,0,0,6775035,6775035,4444
141442,233,357,1033,8,0,31168,0,0,0,6775539,6775539,4444
141458,233,375,1033,8,0,31168,0,0,0,6776027,6776027,4444
141477,233,393,1033,8,0,31168,0,0,0,6776571,6776571,4444
141492,233,409,1033,8,0,31168,0,0,0,6777041,6777041,4444
141508,233,428,1033,8,0,31168,0,0,0,6777561,6777561,4444
141526,233,440,1033,8,0,31168,0,0,0,6778074,6778074,4444
141542,233,446,1034,9,0,31168,0,0,0,6778591,6778591,4444
141557,233,456,1034,9,0,31168,0,0,0,6779108,6779108,4444
141574,233,467,1034,9,0,31168,0,0,0,6779634,6779634,4444
141591,233,481,1034,9,0,31168,0,0,0,6780131,6780131,4444
141610,233,502,1034,9,0,31168,0,0,0,6780696,6780696,4444
141627,233,514,1034,9,0,31168,0,0,0,6781198,6781198,4444
141644,233,524,1034,9,0,31168,0,0,0,6781725,6781725,4444
141659,233,538,1034,9,0,31168,0,0,0,6782158,6782158,4444
141677,233,556,1034,9,0,31168,0,0,0,6782687,6782687,4444
141693,233,572,1034,9,0,31168,0,0,0,6783200,6783200,4444
141710,233,585,1034,9,0,31168,0,0,0,6783731,6783731,4444
141725,233,596,1034,9,0,31168,0,0,0,6784210,6784210,4444
141741,233,610,1034,9,0,31168,0,0,0,6784707,6784707,4444
141758,233,620,1034,9,0,31168,0,0,0,6785186,6785186,4444
141773,233,640,1034,9,0,31168,0,0,0,6785652,6785652,4444
141788,233,655,1034,9,0,31168,0,0,0,6786108,6786108,4444
141805,233,675,1034,9,0,31168,0,0,0,6786628,6786628,4444
141822,233,689,1034,9,0,31168,0,0,0,6787157,6787157,4444
141838,233,705,1034,9,0,31168,0,0,0,6787633,6787633,4444
141854,233,729,1034,9,0,31168,0,0,0,6788138,6788138,4444
141870,233,748,1034,9,0,31168,0,0,0,6788562,6788562,4444
141885,233,767,1034,9,0,31168,0,0,0,6788989,6788989,4444
141900,233,784,1034,9,0,31168,0,0,0,6789465,6789465,4444
141916,233,803,1034,9,0,31168,0,0,0,6789933,6789933,4444
141931,233,819,1034,9,0,31168,0,0,0,6790428,6790428,4444
141947,233,846,1034,9,0,31168,0,0,0,6790887,6790887,4444
141965,233,873,1034,9,0,31168,0,0,0,6791455,6791455,4444
141981,233,890,1034,9,0,31168,0,0,0,6791944,6791944,4444
141996,233,906,1034,9,0,31168,0,0,0,6792415,6792415,4444
142012,233,916,1034,9,0,31168,0,0,0,6792899,6792899,4444
142027,233,939,1034,9,0,31168,0,0,0,6793371,6793371,4444
142043,233,954,1034,9,0,31168,0,0,0,6793903,6793903,4444
142059,233,975,1034,9,0,31168,0,0,0,6794402,6794402,4444
142076,234,984,1034,9,0,31168,0,0,0,6794674,6794674,4444
142093,234,997,1034,9,0,31168,0,0,0,6795214,6795214,4444
142109,234,1024,1034,9,0,31168,0,0,0,6795736,6795736,4444
142127,234,7,1034,9,0,31168,0,0,0,6796309,6796309,4444
142144,234,17,1034,9,0,31168,0,0,0,6796870,6796870,4444
142159,234,35,1034,9,0,31168,0,0,0,6797347,6797347,4444
142175,234,73,1034,9,0,31168,0,0,0,6797834,6797834,4444
142190,234,107,1034,9,0,31168,0,0,0,6798307,6798307,4444
142206,234,118,1034,9,0,31168,0,0,0,6798852,6798852,4444
142222,234,131,1034,9,0,31168,0,0,0,6799357,6799357,4444
142239,234,143,1034,9,0,31168,0,0,0,6799935,6799935,4444
142255,234,152,1034,9,0,31168,0,0,0,6800456,6800456,4444
142272,234,165,1034,9,0,31168,0,0,0,6800978,6800978,4444
142287,234,180,1034,9,0,31168,0,0,0,6801471,6801471,4444
142303,234,192,1034,9,0,31168,0,0,0,6801943,6801943,4444
142320,234,206,1034,9,0,31168,0,0,0,6802441,6802441,4444
142336,234,219,1034,9,0,31168,0,0,0,6802973,6802973,4444
142354,234,229,1034,9,0,31168,0,0,0,6803526,6803526,4444
142370,234,239,1034,9,0,31168,0,0,0,6803992,6803992,4444
142387,234,252,1034,9,0,31168,0,0,0,6804558,6804558,4444
142404,234,276,1034,9,0,31168,0,0,0,6805085,6805085,4444
142421,234,295,1034,9,0,31168,0,0,0,6805617,6805617,4444
142438,234,313,1034,9,0,31168,0,0,0,6806127,6806127,4444
142453,234,322,1034,9,0,31168,0,0,0,6806629,6806629,4444
142471,234,333,1034,9,0,31168,0,0,0,6807189,6807189,4444
142486,234,349,1034,9,0,31168,0,0,0,6807662,6807662,4444
142505,234,359,1034,9,0,31168,0,0,0,6808224,6808224,4444
142521,234,377,1034,9,0,31168,0,0,0,6808713,6808713,4444
142538,234,389,1034,9,0,31168,0,0,0,6809218,6809218,4444
142554,234,406,1034,9,0,31168,0,0,0,6809720,6809720,4444
142570,234,429,1034,9,0,31168,0,0,0,6810202,6810202,4444
142585,234,441,1034,9,0,31168,0,0,0,6810674,6810674,4444
142600,234,453,1034,9,0,31168,0,0,0,6811175,6811175,4444
142616,234,467,1034,9,0,31168,0,0,0,6811665,6811665,4444
142631,234,480,1034,9,0,31168,0,0,0,6812096,6812096,4444
142649,234,494,1034,9,0,31168,0,0,0,6812633,6812633,4444
142665,234,518,1034,9,0,31168,0,0,0,6813127,6813127,4444
142680,234,533,1034,9,0,31168,0,0,0,6813629,6813629,4444
142696,234,547,1034,9,0,31168,0,0,0,6814064,6814064,4444
142712,234,566,1034,9,0,31168,0,0,0,6814550,6814550,4444
142728,234,585,1034,9,0,31168,0,0,0,6815046,6815046,4444
142743,234,597,1034,9,0,31168,0,0,0,6815529,6815529,4444
142759,234,615,1034,9,0,31168,0,0,0,6816028,6816028,4444
142776,234,628,1034,9,0,31168,0,0,0,6816545,6816545,4444
142792,234,646,1034,9,0,31168,0,0,0,6817033,6817033,4444
142808,234,660,1034,9,0,31168,0,0,0,6817509,6817509,4444
142826,234,673,1034,9,0,31168,0,0,0,6818063,6818063,4444
142843,234,696,1034,9,0,31168,0,0,0,6818594,6818594,4444
142860,234,715,1034,9,0,31168,0,0,0,6819072,6819072,4444
142876,234,728,1034,9,0,31168,0,0,0,6819553,6819553,4444
142893,234,743,1034,9,0,31168,0,0,0,6820019,6820019,4444
142909,234,764,1034,9,0,31168,0,0,0,6820484,6820484,4444
142925,234,782,1034,9,0,31168,0,0,0,6820942,6820942,4444
142940,234,801,1034,9,0,31168,0,0,0,6821407,6821407,4444
142957,234,820,1034,9,0,31168,0,0,0,6821929,6821929,4444
142972,234,850,1034,9,0,31168,0,0,0,6822401,6822401,4444
142988,234,862,1034,9,0,31168,0,0,0,6822860,6822860,4444
143003,234,881,1034,9,0,31168,0,0,0,6823352,6823352,4444
143020,234,895,1034,9,0,31168,0,0,0,6823866,6823866,4444
143036,234,913,1034,9,0,31168,0,0,0,6824289,6824289,4444
143054,234,937,1034,9,0,31168,0,0,0,6824797,6824797,4444
143069,234,955,1034,9,0,31168,0,0,0,6825321,6825321,4444
143085,234,975,1034,9,0,31168,0,0,0,6825797,6825797,4444
143101,234,978,1034,9,0,31168,0,0,0,6825914,6825914,4444
143116,235,994,1034,9,0,31168,0,0,0,6826380,6826380,4444
143131,235,1006,1034,9,0,31168,0,0,0,6826843,6826843,4444
143147,235,1029,1034,8,0,31168,0,0,0,6827306,6827306,4444
143163,235,8,1034,7,0,31168,0,0,0,6827880,6827880,4444
143178,235,18,1034,7,0,31168,0,0,0,6828359,6828359,4444
143195,235,26,1034,7,0,31168,0,0,0,6828858,6828858,4444
143210,235,44,1034,7,0,31168,0,0,0,6829346,6829346,4444
143225,235,74,1034,7,0,31168,0,0,0,6829836,6829836,4444
143241,235,113,1034,7,0,31168,0,0,0,6830345,6830345,4444
143258,235,129,1034,7,0,31168,0,0,0,6830937,6830937,4444
143275,235,143,1034,7,0,31168,0,0,0,6831490,6831490,4444
143291,235,152,1034,7,0,31168,0,0,0,6831974,6831974,4444
143307,235,166,1034,7,0,31168,0,0,0,6832515,6832515,4444
143322,235,179,1034,7,0,31168,0,0,0,6833018,6833018,4444
143339,235,189,1034,7,0,31168,0,0,0,6833529,6833529,4444
143356,235,201,1034,7,0,31168,0,0,0,6834041,6834041,4444
143371,235,219,1034,7,0,31168,0,0,0,6834595,6834595,4444
143387,235,230,1034,7,0,31168,0,0,0,6835077,6835077,4444
143403,235,238,1034,7,0,31168,0,0,0,6835593,6835593,4444
143420,235,250,1034,7,0,31168,0,0,0,6836118,6836118,4444
143435,235,265,1034,7,0,31168,0,0,0,6836602,6836602,4444
143450,235,278,1034,7,0,31168,0,0,0,6837047,6837047,4444
143466,235,303,1034,7,0,31168,0,0,0,6837515,6837515,4444
143484,235,320,1034,7,0,31168,0,0,0,6838090,6838090,4444
143500,235,331,1034,7,0,31168,0,0,0,6838599,6838599,4444
143518,235,345,1034,7,0,31168,0,0,0,6839137,6839137,4444
143533,235,359,1034,7,0,31168,0,0,0,6839605,6839605,4444
143550,235,385,1034,7,0,31168,0,0,0,6840137,6840137,4444
143565,235,400,1034,7,0,31168,0,0,0,6840616,6840616,4444
143582,235,415,1034,7,0,31168,0,0,0,6841126,6841126,4444
143598,235,434,1034,7,0,31168,0,0,0,6841593,6841593,4444
143613,235,444,1034,7,0,31168,0,0,0,6842082,6842082,4444
143630,235,459,1034,7,0,31168,0,0,0,6842611,6842611,4444
143646,235,481,1034,7,0,31168,0,0,0,6843109,6843109,4444
143662,235,495,1034,7,0,31168,0,0,0,6843579,6843579,4444
143677,235,518,1034,7,0,31168,0,0,0,6844052,6844052,4444
143692,235,533,1034,7,0,31168,0,0,0,6844517,6844517,4444
143710,235,551,1034,7,0,31168,0,0,0,6845010,6845010,4444
143726,235,570,1034,7,0,31168,0,0,0,6845508,6845508,4444
143741,235,585,1034,7,0,31168,0,0,0,6846006,6846006,4444
143757,235,597,1034,7,0,31168,0,0,0,6846493,6846493,4444
143774,235,615,1034,7,0,31168,0,0,0,6846972,6846972,4444
143792,235,628,1034,7,0,31168,0,0,0,6847510,6847510,4444
143808,235,658,1034,7,0,31168,0,0,0,6848024,6848024,4444
143824,235,669,1034,7,0,31168,0,0,0,6848521,6848521,4444
143839,235,698,1034,7,0,31168,0,0,0,6849000,6849000,4444
143857,235,722,1034,7,0,31168,0,0,0,6849484,6849484,4444
143872,235,741,1034,7,0,31168,0,0,0,6849914,6849914,4444
143891,235,764,1034,7,0,31168,0,0,0,6850468,6850468,4444
143907,235,781,1034,7,0,31168,0,0,0,6850955,6850955,4444
143923,235,792,1034,7,0,31168,0,0,0,6851418,6851418,4444
143939,235,813,1034,7,0,31168,0,0,0,6851911,6851911,4444
143954,235,845,1034,7,0,31168,0,0,0,6852337,6852337,4444
143971,235,861,1034,7,0,31168,0,0,0,6852854,6852854,4444
143987,235,884,1034,7,0,31168,0,0,0,6853275,6853275,4444
144003,235,895,1034,7,0,31168,0,0,0,6853757,6853757,4444
144020,235,916,1034,7,0,31168,0,0,0,6854293,6854293,4444
144036,235,938,1034,7,0,31168,0,0,0,6854776,6854776,4444
144055,235,959,1034,7,0,31168,0,0,0,6855377,6855377,4444
144083,235,978,1034,7,0,31168,0,0,0,6855948,6855948,4444
144098,236,994,1034,7,0,31168,0,0,0,6856417,6856417,4444
144113,236,1015,1034,7,0,31168,0,0,0,6856893,6856893,4444
144130,236,7,1034,7,0,31168,0,0,0,6857437,6857437,4444
144147,236,17,1034,7,0,31168,0,0,0,6857915,6857915,4444
144162,236,43,1034,7,0,31168,0,0,0,6858406,6858406,4444
144178,236,99,1034,7,0,31168,0,0,0,6858906,6858906,4444
144195,236,109,1034,7,0,31168,0,0,0,6859424,6859424,4444
144212,236,125,1034,7,0,31168,0,0,0,6859960,6859960,4444
144227,236,141,1034,7,0,31168,0,0,0,6860450,6860450,4444
144244,236,152,1034,7,0,31168,0,0,0,6860968,6860968,4444
144261,236,170,1034,7,0,31168,0,0,0,6861537,6861537,4444
144278,236,184,1034,7,0,31168,0,0,0,6862064,6862064,4444
144293,236,196,1034,7,0,31168,0,0,0,6862506,6862506,4444
144312,236,208,1034,7,0,31168,0,0,0,6863088,6863088,4444
144328,236,219,1034,7,0,31168,0,0,0,6863613,6863613,4444
144343,236,228,1034,7,0,31168,0,0,0,6864059,6864059,4444
144363,236,239,1034,7,0,31168,0,0,0,6864670,6864670,4444
144379,236,259,1034,7,0,31168,0,0,0,6865173,6865173,4444
144395,236,275,1034,7,0,31168,0,0,0,6865680,6865680,4444
144412,236,295,1034,7,0,31168,0,0,0,6866216,6866216,4444
144427,236,303,1034,7,0,31168,0,0,0,6866666,6866666,4444
144445,236,322,1034,7,0,31168,0,0,0,6867246,6867246,4444
144463,236,336,1034,7,0,31168,0,0,0,6867789,6867789,4444
144478,236,350,1034,7,0,31168,0,0,0,6868260,6868260,4444
144496,236,359,1034,7,0,31168,0,0,0,6868767,6868767,4444
144512,236,380,1034,7,0,31168,0,0,0,6869258,6869258,4444
144528,236,393,1034,7,0,31168,0,0,0,6869706,6869706,4444
144543,236,403,1034,7,0,31168,0,0,0,6870143,6870143,4444
144561,236,426,1034,7,0,31168,0,0,0,6870684,6870684,4444
144578,236,442,1034,7,0,31168,0,0,0,6871236,6871236,4444
144596,236,450,1034,7,0,31168,0,0,0,6871817,6871817,4444
144612,236,464,1034,7,0,31168,0,0,0,6872360,6872360,4444
144632,236,477,1034,7,0,31168,0,0,0,6872949,6872949,4444
144648,236,483,1034,7,0,31168,0,0,0,6873421,6873421,4444
144665,236,502,1034,7,0,31168,0,0,0,6873942,6873942,4444
144682,236,518,1034,7,0,31168,0,0,0,6874452,6874452,4444
144698,236,535,1034,7,0,31168,0,0,0,6874951,6874951,4444
144715,236,556,1034,7,0,31168,0,0,0,6875435,6875435,4444
144730,236,572,1034,7,0,31168,0,0,0,6875927,6875927,4444
144746,236,587,1034,7,0,31168,0,0,0,6876415,6876415,4444
144763,236,602,1034,7,0,31168,0,0,0,6876937,6876937,4444
144779,236,617,1034,7,0,31168,0,0,0,6877410,6877410,4444
144794,236,626,1034,7,0,31168,0,0,0,6877845,6877845,4444
144810,236,646,1034,7,0,31168,0,0,0,6878310,6878310,4444
144825,236,669,1034,7,0,31168,0,0,0,6878783,6878783,4444
144841,236,676,1034,7,0,31168,0,0,0,6879256,6879256,4444
144856,236,700,1034,7,0,31168,0,0,0,6879703,6879703,4444
144873,236,722,1034,7,0,31168,0,0,0,6880191,6880191,4444
144889,236,735,1034,7,0,31168,0,0,0,6880638,6880638,4444
144906,236,749,1034,7,0,31168,0,0,0,6881131,6881131,4444
144921,236,767,1034,7,0,31168,0,0,0,6881561,6881561,4444
144939,236,783,1034,7,0,31168,0,0,0,6882084,6882084,4444
144955,236,801,1034,7,0,31168,0,0,0,6882558,6882558,4444
144970,236,821,1034,7,0,31168,0,0,0,6883003,6883003,4444
144986,236,851,1034,7,0,31168,0,0,0,6883522,6883522,4444
145003,236,880,1034,7,0,31168,0,0,0,6884035,6884035,4444
145020,236,893,1034,7,0,31168,0,0,0,6884526,6884526,4444
145038,236,916,1034,7,0,31168,0,0,0,6885089,6885089,4444
145054,236,936,1034,7,0,31168,0,0,0,6885571,6885571,4444
145072,236,955,1034,7,0,31168,0,0,0,6886118,6886118,4444
145092,236,978,1034,7,0,31168,0,0,0,6886603,6886603,4444
145109,237,994,1034,7,0,31168,0,0,0,6887147,6887147,4444
145125,237,1011,1034,7,0,31168,0,0,0,6887674,6887674,4444
145142,237,5,1034,7,0,31168,0,0,0,6888231,6888231,4444
145159,237,16,1034,7,0,31168,0,0,0,6888760,6888760,4444
145175,237,31,1034,7,0,31168,0,0,0,6889286,6889286,4444
145191,237,65,1034,7,0,31168,0,0,0,6889788,6889788,4444
145208,237,107,1034,7,0,31168,0,0,0,6890280,6890280,4444
145224,237,125,1034,7,0,31168,0,0,0,6890824,6890824,4444
145242,237,138,1034,7,0,31168,0,0,0,6891378,6891378,4444
145259,237,147,1034,7,0,31168,0,0,0,6891929,6891929,4444
145275,237,163,1034,7,0,31168,0,0,0,6892461,6892461,4444
145290,237,173,1034,7,0,31168,0,0,0,6892992,6892992,4444
145305,237,187,1034,7,0,31168,0,0,0,6893484,6893484,4444
145323,237,200,1034,7,0,31168,0,0,0,6894045,6894045,4444
145341,237,218,1034,7,0,31168,0,0,0,6894625,6894625,4444
145358,237,230,1034,7,0,31168,0,0,0,6895143,6895143,4444
145374,237,241,1034,7,0,31168,0,0,0,6895643,6895643,4444
145390,237,257,1034,7,0,31168,0,0,0,6896140,6896140,4444
145406,237,273,1034,7,0,31168,0,0,0,6896605,6896605,4444
145421,237,289,1034,7,0,31168,0,0,0,6897062,6897062,4444
145437,237,313,1034,7,0,31168,0,0,0,6897521,6897521,4444
145455,237,323,1034,7,0,31168,0,0,0,6898120,6898120,4444
145472,237,334,1034,7,0,31168,0,0,0,6898645,6898645,4444
145488,237,343,1034,7,0,31168,0,0,0,6899142,6899142,4444
145504,237,359,1034,7,0,31168,0,0,0,6899640,6899640,4444
145519,237,384,1034,7,0,31168,0,0,0,6900073,6900073,4444
145535,237,399,1034,7,0,31168,0,0,0,6900515,6900515,4444
145551,237,415,1034,7,0,31168,0,0,0,6900996,6900996,4444
145569,237,431,1034,7,0,31168,0,0,0,6901540,6901540,4444
145584,237,443,1034,7,0,31168,0,0,0,6902027,6902027,4444
145602,237,463,1034,7,0,31168,0,0,0,6902575,6902575,4444
145617,237,473,1034,7,0,31168,0,0,0,6903028,6903028,4444
145633,237,480,1034,7,0,31168,0,0,0,6903472,6903472,4444
145650,237,494,1034,7,0,31168,0,0,0,6903965,6903965,4444
145667,237,509,1034,7,0,31168,0,0,0,6904473,6904473,4444
145684,237,524,1034,7,0,31168,0,0,0,6904997,6904997,4444
145699,237,540,1034,7,0,31168,0,0,0,6905441,6905441,4444
145715,237,561,1034,7,0,31168,0,0,0,6905932,6905932,4444
145732,237,574,1034,7,0,31168,0,0,0,6906429,6906429,4444
145747,237,586,1034,7,0,31168,0,0,0,6906907,6906907,4444
145762,237,598,1034,7,0,31168,0,0,0,6907364,6907364,4444
145778,237,615,1034,7,0,31168,0,0,0,6907834,6907834,4444
145794,237,636,1034,7,0,31168,0,0,0,6908316,6908316,4444
145809,237,655,1034,7,0,31168,0,0,0,6908775,6908775,4444
145824,237,671,1034,7,0,31168,0,0,0,6909243,6909243,4444
145843,237,698,1034,7,0,31168,0,0,0,6909785,6909785,4444
145859,237,708,1034,7,0,31168,0,0,0,6910282,6910282,4444
145875,237,737,1034,7,0,31168,0,0,0,6910703,6910703,4444
145890,237,757,1034,7,0,31168,0,0,0,6911153,6911153,4444
145906,237,767,1034,7,0,31168,0,0,0,6911613,6911613,4444
145923,237,790,1034,7,0,31168,0,0,0,6912130,6912130,4444
145938,237,803,1034,7,0,31168,0,0,0,6912577,6912577,4444
145955,237,817,1034,7,0,31168,0,0,0,6913081,6913081,4444
145970,237,836,1034,7,0,31168,0,0,0,6913540,6913540,4444
145987,237,861,1034,7,0,31168,0,0,0,6914058,6914058,4444
146003,237,883,1034,7,0,31168,0,0,0,6914550,6914550,4444
146020,237,892,1034,7,0,31168,0,0,0,6915069,6915069,4444
146036,237,911,1034,7,0,31168,0,0,0,6915554,6915554,4444
146053,237,937,1034,7,0,31168,0,0,0,6916063,6916063,4444
146070,237,959,1034,7,0,31168,0,0,0,6916578,6916578,4444
146098,237,978,1034,7,0,31168,0,0,0,6917016,6917016,4444
146115,238,992,1034,7,0,31168,0,0,0,6917493,6917493,4444
146130,238,1002,1034,7,0,31168,0,0,0,6917956,6917956,4444
146146,238,0,1034,7,0,31168,0,0,0,6918418,6918418,4444
146162,238,9,1034,7,0,31168,0,0,0,6918983,6918983,4444
146179,238,18,1034,7,0,31168,0,0,0,6919467,6919467,4444
146196,238,35,1034,7,0,31168,0,0,0,6919995,6919995,4444
146211,238,86,1034,7,0,31168,0,0,0,6920477,6920477,4444
146227,238,109,1034,7,0,31168,0,0,0,6920963,6920963,4444
146243,238,126,1034,7,0,31168,0,0,0,6921541,6921541,4444
146258,238,140,1034,7,0,31168,0,0,0,6922013,6922013,4444
146275,238,150,1034,7,0,31168,0,0,0,6922578,6922578,4444
146290,238,166,1034,7,0,31168,0,0,0,6923057,6923057,4444
146307,238,174,1034,7,0,31168,0,0,0,6923647,6923647,4444
146324,238,188,1034,7,0,31168,0,0,0,6924145,6924145,4444
146339,238,197,1034,7,0,31168,0,0,0,6924576,6924576,4444
146355,238,218,1034,7,0,31168,0,0,0,6925074,6925074,4444
146370,238,228,1034,7,0,31168,0,0,0,6925539,6925539,4444
146387,238,238,1034,7,0,31168,0,0,0,6926039,6926039,4444
146403,238,250,1034,7,0,31168,0,0,0,6926529,6926529,4444
146418,238,276,1034,7,0,31168,0,0,0,6927028,6927028,4444
146437,238,309,1034,7,0,31168,0,0,0,6927599,6927599,4444
146452,238,322,1034,7,0,31168,0,0,0,6928074,6928074,4444
146470,238,336,1034,7,0,31168,0,0,0,6928646,6928646,4444
146486,238,352,1034,7,0,31168,0,0,0,6929137,6929137,4444
146504,238,369,1034,7,0,31168,0,0,0,6929697,6929697,4444
146521,238,385,1034,7,0,31168,0,0,0,6930209,6930209,4444
146537,238,400,1034,7,0,31168,0,0,0,6930694,6930694,4444
146553,238,415,1034,7,0,31168,0,0,0,6931184,6931184,4444
146572,238,438,1034,7,0,31168,0,0,0,6931752,6931752,4444
146587,238,453,1034,7,0,31168,0,0,0,6932245,6932245,4444
146604,238,468,1034,7,0,31168,0,0,0,6932786,6932786,4444
146620,238,478,1034,7,0,31168,0,0,0,6933237,6933237,4444
146638,238,492,1034,7,0,31168,0,0,0,6933764,6933764,4444
146654,238,505,1034,7,0,31168,0,0,0,6934233,6934233,4444
146670,238,519,1034,7,0,31168,0,0,0,6934704,6934704,4444
146686,238,535,1034,7,0,31168,0,0,0,6935200,6935200,4444
146703,238,557,1034,7,0,31168,0,0,0,6935725,6935725,4444
146721,238,577,1034,7,0,31168,0,0,0,6936282,6936282,4444
146738,238,591,1034,7,0,31168,0,0,0,6936788,6936788,4444
146755,238,610,1034,7,0,31168,0,0,0,6937294,6937294,4444
146771,238,624,1034,7,0,31168,0,0,0,6937744,6937744,4444
146789,238,638,1034,7,0,31168,0,0,0,6938294,6938294,4444
146805,238,651,1034,7,0,31168,0,0,0,6938768,6938768,4444
146822,238,672,1034,7,0,31168,0,0,0,6939314,6939314,4444
146838,238,693,1034,7,0,31168,0,0,0,6939847,6939847,4444
146855,238,705,1034,7,0,31168,0,0,0,6940349,6940349,4444
146870,238,729,1034,7,0,31168,0,0,0,6940746,6940746,4444
146885,238,737,1034,7,0,31168,0,0,0,6941181,6941181,4444
146901,238,760,1034,7,0,31168,0,0,0,6941629,6941629,4444
146916,238,773,1034,7,0,31168,0,0,0,6942123,6942123,4444
146932,238,798,1034,7,0,31168,0,0,0,6942616,6942616,4444
146948,238,813,1034,7,0,31168,0,0,0,6943088,6943088,4444
146963,238,832,1034,7,0,31168,0,0,0,6943536,6943536,4444
146978,238,850,1034,7,0,31168,0,0,0,6944000,6944000,4444
146994,238,865,1034,7,0,31168,0,0,0,6944490,6944490,4444
147010,238,890,1034,7,0,31168,0,0,0,6944936,6944936,4444
147026,238,900,1034,7,0,31168,0,0,0,6945372,6945372,4444
147042,238,913,1034,7,0,31168,0,0,0,6945823,6945823,4444
147058,238,936,1034,7,0,31168,0,0,0,6946301,6946301,4444
147073,238,953,1034,7,0,31168,0,0,0,6946768,6946768,4444
147088,238,972,1034,7,0,31168,0,0,0,6947272,6947272,4444
147103,239,992,1034,7,0,31168,0,0,0,6947736,6947736,4444
147120,239,999,1034,7,0,31168,0,0,0,6948209,6948209,4444
147137,239,1022,1034,7,0,31168,0,0,0,6948731,6948731,4444
147153,239,4,1034,7,0,31168,0,0,0,6949251,6949251,4444
147171,239,14,1034,7,0,31168,0,0,0,6949801,6949801,4444
147188,239,24,1034,7,0,31168,0,0,0,6950304,6950304,4444
147206,239,46,1034,7,0,31168,0,0,0,6950885,6950885,4444
147224,239,109,1034,7,0,31168,0,0,0,6951447,6951447,4444
147243,239,126,1034,7,0,31168,0,0,0,6952078,6952078,4444
147259,239,140,1034,7,0,31168,0,0,0,6952597,6952597,4444
147274,239,149,1034,7,0,31168,0,0,0,6953050,6953050,4444
147291,239,161,1034,7,0,31168,0,0,0,6953591,6953591,4444
147306,239,180,1034,7,0,31168,0,0,0,6954072,6954072,4444
147322,239,189,1034,7,0,31168,0,0,0,6954550,6954550,4444
147340,239,206,1034,7,0,31168,0,0,0,6955115,6955115,4444
147357,239,219,1034,7,0,31168,0,0,0,6955680,6955680,4444
147373,239,226,1034,7,0,31168,0,0,0,6956110,6956110,4444
147389,239,234,1034,7,0,31168,0,0,0,6956641,6956641,4444
147406,239,248,1034,7,0,31168,0,0,0,6957163,6957163,4444
147421,239,265,1034,7,0,31168,0,0,0,6957632,6957632,4444
147438,239,282,1034,7,0,31168,0,0,0,6958140,6958140,4444
147453,239,300,1034,7,0,31168,0,0,0,6958634,6958634,4444
147469,239,313,1034,7,0,31168,0,0,0,6959128,6959128,4444
147485,239,327,1034,7,0,31168,0,0,0,6959666,6959666,4444
147501,239,336,1034,7,0,31168,0,0,0,6960173,6960173,4444
147516,239,345,1034,7,0,31168,0,0,0,6960600,6960600,4444
147532,239,359,1034,7,0,31168,0,0,0,6961113,6961113,4444
147548,239,381,1034,7,0,31168,0,0,0,6961617,6961617,4444
147565,239,398,1034,7,0,31168,0,0,0,6962131,6962131,4444
147581,239,412,1034,7,0,31168,0,0,0,6962643,6962643,4444
147598,239,428,1034,7,0,31168,0,0,0,6963125,6963125,4444
147616,239,441,1034,7,0,31168,0,0,0,6963681,6963681,4444
147633,239,449,1034,7,0,31168,0,0,0,6964224,6964224,4444
147649,239,463,1034,7,0,31168,0,0,0,6964758,6964758,4444
147666,239,478,1034,7,0,31168,0,0,0,6965275,6965275,4444
147681,239,489,1034,7,0,31168,0,0,0,6965749,6965749,4444
147698,239,509,1034,7,0,31168,0,0,0,6966233,6966233,4444
147717,239,528,1034,7,0,31168,0,0,0,6966786,6966786,4444
147733,239,541,1034,7,0,31168,0,0,0,6967275,6967275,4444
147751,239,563,1034,7,0,31168,0,0,0,6967836,6967836,4444
147768,239,577,1034,7,0,31168,0,0,0,6968369,6968369,4444
147786,239,600,1034,7,0,31168,0,0,0,6968911,6968911,4444
147802,239,611,1034,7,0,31168,0,0,0,6969376,6969376,4444
147817,239,628,1034,7,0,31168,0,0,0,6969810,6969810,4444
147833,239,646,1034,7,0,31168,0,0,0,6970302,6970302,4444
147849,239,665,1034,7,0,31168,0,0,0,6970801,6970801,4444
147865,239,681,1034,7,0,31168,0,0,0,6971262,6971262,4444
147882,239,707,1034,7,0,31168,0,0,0,6971775,6971775,4444
147900,239,734,1034,7,0,31168,0,0,0,6972286,6972286,4444
147917,239,746,1034,7,0,31168,0,0,0,6972731,6972731,4444
147936,239,773,1034,7,0,31168,0,0,0,6973292,6973292,4444
147953,239,793,1034,7,0,31168,0,0,0,6973773,6973773,4444
147970,239,813,1034,7,0,31168,0,0,0,6974271,6974271,4444
147986,239,832,1034,7,0,31168,0,0,0,6974748,6974748,4444
148002,239,851,1034,7,0,31168,0,0,0,6975223,6975223,4444
148020,239,865,1034,7,0,31168,0,0,0,6975742,6975742,4444
148035,239,885,1034,7,0,31168,0,0,0,6976199,6976199,4444
148050,239,895,1034,7,0,31168,0,0,0,6976616,6976616,4444
148067,239,916,1034,7,0,31168,0,0,0,6977107,6977107,4444
148083,239,937,1034,7,0,31168,0,0,0,6977563,6977563,4444
148098,239,956,1034,7,0,31168,0,0,0,6978071,6978071,4444
148114,239,975,1034,7,0,31168,0,0,0,6978577,6978577,4444
148129,240,987,1034,7,0,31168,0,0,0,6978920,6978920,4444
148146,240,995,1034,7,0,31168,0,0,0,6979421,6979421,4444
148163,240,1010,1034,7,0,31168,0,0,0,6979999,6979999,4444
148179,240,2,1034,7,0,31168,0,0,0,6980493,6980493,4444
148196,240,11,1034,7,0,31168,0,0,0,6981004,6981004,4444
148212,240,23,1034,7,0,31168,0,0,0,6981466,6981466,4444
148227,240,46,1034,7,0,31168,0,0,0,6981945,6981945,4444
148242,240,103,1034,7,0,31168,0,0,0,6982408,6982408,4444
148258,240,115,1034,7,0,31168,0,0,0,6982930,6982930,4444
148274,240,126,1034,7,0,31168,0,0,0,6983424,6983424,4444
148290,240,138,1034,7,0,31168,0,0,0,6983937,6983937,4444
148306,240,148,1034,7,0,31168,0,0,0,6984465,6984465,4444
148321,240,160,1034,7,0,31168,0,0,0,6984898,6984898,4444
148337,240,167,1034,7,0,31168,0,0,0,6985386,6985386,4444
148355,240,181,1034,7,0,31168,0,0,0,6985972,6985972,4444
148370,240,189,1034,7,0,31168,0,0,0,6986430,6986430,4444
148386,240,197,1034,7,0,31168,0,0,0,6986943,6986943,4444
148402,240,208,1034,7,0,31168,0,0,0,6987417,6987417,4444
148417,240,228,1034,7,0,31168,0,0,0,6987927,6987927,4444
148433,240,239,1034,7,0,31168,0,0,0,6988423,6988423,4444
148448,240,257,1034,7,0,31168,0,0,0,6988896,6988896,4444
148465,240,276,1034,7,0,31168,0,0,0,6989422,6989422,4444
148481,240,300,1034,7,0,31168,0,0,0,6989869,6989869,4444
148497,240,321,1034,7,0,31168,0,0,0,6990369,6990369,4444
148513,240,333,1034,7,0,31168,0,0,0,6990889,6990889,4444
148529,240,340,1034,7,0,31168,0,0,0,6991400,6991400,4444
148546,240,359,1034,7,0,31168,0,0,0,6991959,6991959,4444
148562,240,379,1034,7,0,31168,0,0,0,6992406,6992406,4444
148577,240,396,1034,7,0,31168,0,0,0,6992838,6992838,4444
148593,240,414,1034,7,0,31168,0,0,0,6993300,6993300,4444
148608,240,434,1034,7,0,31168,0,0,0,6993755,6993755,4444
148625,240,442,1034,7,0,31168,0,0,0,6994274,6994274,4444
148643,240,453,1034,7,0,31168,0,0,0,6994825,6994825,4444
148660,240,472,1034,7,0,31168,0,0,0,6995345,6995345,4444
148678,240,484,1034,7,0,31168,0,0,0,6995866,6995866,4444
148695,240,505,1034,7,0,31168,0,0,0,6996313,6996313,4444
148713,240,520,1034,7,0,31168,0,0,0,6996863,6996863,4444
148730,240,533,1034,7,0,31168,0,0,0,6997382,6997382,4444
148746,240,547,1034,7,0,31168,0,0,0,6997836,6997836,4444
148761,240,562,1034,7,0,31168,0,0,0,6998303,6998303,4444
148776,240,576,1034,7,0,31168,0,0,0,6998726,6998726,4444
148793,240,591,1034,7,0,31168,0,0,0,6999243,6999243,4444
148811,240,612,1034,7,0,31168,0,0,0,6999741,6999741,4444
148828,240,627,1034,7,0,31168,0,0,0,7000260,7000260,4444
148844,240,640,1034,7,0,31168,0,0,0,7000778,7000778,4444
148860,240,655,1034,7,0,31168,0,0,0,7001232,7001232,4444
148875,240,672,1034,7,0,31168,0,0,0,7001729,7001729,4444
148892,240,696,1034,7,0,31168,0,0,0,7002252,7002252,4444
148910,240,721,1034,7,0,31168,0,0,0,7002755,7002755,4444
148925,240,743,1034,7,0,31168,0,0,0,7003235,7003235,4444
148941,240,764,1034,7,0,31168,0,0,0,7003647,7003647,4444
148956,240,783,1034,7,0,31168,0,0,0,7004103,7004103,4444
148972,240,806,1034,7,0,31168,0,0,0,7004592,7004592,4444
148987,240,819,1034,7,0,31168,0,0,0,7005122,7005122,4444
149005,240,836,1034,7,0,31168,0,0,0,7005625,7005625,4444
149020,240,851,1034,7,0,31168,0,0,0,7006097,7006097,4444
149037,240,882,1034,7,0,31168,0,0,0,7006606,7006606,4444
149053,240,895,1034,7,0,31168,0,0,0,7007081,7007081,4444
149071,240,914,1034,7,0,31168,0,0,0,7007637,7007637,4444
149088,240,935,1034,7,0,31168,0,0,0,7008107,7008107,4444
149104,240,952,1035,8,0,31168,0,0,0,7008592,7008592,4445
149120,240,972,1035,8,0,31168,0,0,0,7009098,7009098,4445
149136,241,984,1035,8,0,31168,0,0,0,7009327,7009327,4445
149153,241,997,1035,8,0,31168,0,0,0,7009825,7009825,4445
149168,241,1012,1035,8,0,31168,0,0,0,7010290,7010290,4445
149185,241,5,1035,7,0,31168,0,0,0,7010802,7010802,4445
149202,241,16,1035,7,0,31168,0,0,0,7011348,7011348,4445
149218,241,24,1035,7,0,31168,0,0,0,7011855,7011855,4445
149234,241,46,1035,7,0,31168,0,0,0,7012387,7012387,4445
149250,241,61,1035,7,0,31168,0,0,0,7012859,7012859,4445
149265,241,100,1035,7,0,31168,0,0,0,7013315,7013315,4445
149281,241,114,1035,7,0,31168,0,0,0,7013811,7013811,4445
149297,241,131,1035,7,0,31168,0,0,0,7014354,7014354,4445
149314,241,143,1035,7,0,31168,0,0,0,7014890,7014890,4445
149330,241,150,1035,7,0,31168,0,0,0,7015359,7015359,4445
149345,241,164,1035,7,0,31168,0,0,0,7015881,7015881,4445
149362,241,179,1035,7,0,31168,0,0,0,7016410,7016410,4445
149380,241,193,1035,7,0,31168,0,0,0,7016932,7016932,4445
149395,241,209,1035,7,0,31168,0,0,0,7017425,7017425,4445
149413,241,223,1035,7,0,31168,0,0,0,7017972,7017972,4445
149428,241,236,1035,7,0,31168,0,0,0,7018465,7018465,4445
149445,241,250,1035,7,0,31168,0,0,0,7019006,7019006,4445
149462,241,271,1035,7,0,31168,0,0,0,7019527,7019527,4445
149479,241,286,1035,7,0,31168,0,0,0,7020026,7020026,4445
149495,241,303,1035,7,0,31168,0,0,0,7020506,7020506,4445
149510,241,312,1035,7,0,31168,0,0,0,7020959,7020959,4445
149527,241,331,1035,7,0,31168,0,0,0,7021470,7021470,4445
149542,241,340,1035,7,0,31168,0,0,0,7021963,7021963,4445
149558,241,356,1035,7,0,31168,0,0,0,7022458,7022458,4445
149574,241,375,1035,7,0,31168,0,0,0,7022953,7022953,4445
149592,241,385,1035,7,0,31168,0,0,0,7023484,7023484,4445
149607,241,399,1035,7,0,31168,0,0,0,7023962,7023962,4445
149626,241,427,1035,7,0,31168,0,0,0,7024490,7024490,4445
149642,241,437,1035,7,0,31168,0,0,0,7024950,7024950,4445
149658,241,448,1035,7,0,31168,0,0,0,7025484,7025484,4445
149674,241,464,1035,7,0,31168,0,0,0,7025990,7025990,4445
149692,241,477,1035,7,0,31168,0,0,0,7026508,7026508,4445
149710,241,487,1035,7,0,31168,0,0,0,7027057,7027057,4445
149726,241,504,1035,7,0,31168,0,0,0,7027542,7027542,4445
149741,241,517,1035,7,0,31168,0,0,0,7027986,7027986,4445
149756,241,527,1035,7,0,31168,0,0,0,7028473,7028473,4445
149773,241,536,1035,7,0,31168,0,0,0,7028974,7028974,4445
149790,241,553,1035,7,0,31168,0,0,0,7029434,7029434,4445
149808,241,572,1035,7,0,31168,0,0,0,7029984,7029984,4445
149824,241,591,1035,7,0,31168,0,0,0,7030502,7030502,4445
149840,241,612,1035,7,0,31168,0,0,0,7030994,7030994,4445
149856,241,635,1035,7,0,31168,0,0,0,7031469,7031469,4445
149871,241,646,1035,7,0,31168,0,0,0,7031921,7031921,4445
149887,241,672,1035,7,0,31168,0,0,0,7032408,7032408,4445
149904,241,689,1035,7,0,31168,0,0,0,7032937,7032937,4445
149921,241,716,1035,7,0,31168,0,0,0,7033435,7033435,4445
149937,241,735,1035,7,0,31168,0,0,0,7033869,7033869,4445
149953,241,757,1035,7,0,31168,0,0,0,7034347,7034347,4445
149968,241,781,1035,7,0,31168,0,0,0,7034828,7034828,4445
149985,241,794,1035,7,0,31168,0,0,0,7035366,7035366,4445
150000,241,819,1035,7,0,31168,0,0,0,7035836,7035836,4445
150017,241,845,1035,7,0,31168,0,0,0,7036295,7036295,4445
150033,241,858,1035,7,0,31168,0,0,0,7036739,7036739,4445
150050,241,873,1035,7,0,31168,0,0,0,7037223,7037223,4445
150067,241,892,1035,7,0,31168,0,0,0,7037748,7037748,4445
150084,241,911,1035,7,0,31168,0,0,0,7038287,7038287,4445
150100,241,935,1035,7,0,31168,0,0,0,7038719,7038719,4445
150116,241,955,1035,7,0,31168,0,0,0,7039221,7039221,4445
150133,241,967,1035,7,0,31168,0,0,0,7039724,7039724,4445
150149,242,984,1035,7,0,31168,0,0,0,7040066,7040066,4445
150165,242,996,1035,7,0,31168,0,0,0,7040526,7040526,4445
150182,242,1015,1035,7,0,31168,0,0,0,7041081,7041081,4445
150197,242,4,1035,6,0,31168,0,0,0,7041627,7041627,4445
150216,242,11,1035,6,0,31168,0,0,0,7042148,7042148,4445
150233,242,21,1035,6,0,31168,0,0,0,7042680,7042680,4445
150249,242,44,1035,6,0,31168,0,0,0,7043175,7043175,4445
150265,242,91,1035,6,0,31168,0,0,0,7043675,7043675,4445
150280,242,104,1035,6,0,31168,0,0,0,7044139,7044139,4445
150296,242,118,1035,6,0,31168,0,0,0,7044626,7044626,4445
150312,242,130,1035,6,0,31168,0,0,0,7045123,7045123,4445
150328,242,144,1035,6,0,31168,0,0,0,7045680,7045680,4445
150345,242,151,1035,6,0,31168,0,0,0,7046203,7046203,4445
150360,242,161,1036,7,0,31168,0,0,0,7046687,7046687,4445
150376,242,173,1036,7,0,31168,0,0,0,7047218,7047218,4445
150392,242,189,1036,7,0,31168,0,0,0,7047724,7047724,4445
150407,242,204,1036,7,0,31168,0,0,0,7048185,7048185,4445
150423,242,220,1036,7,0,31168,0,0,0,7048697,7048697,4445
150439,242,232,1036,7,0,31168,0,0,0,7049245,7049245,4445
150455,242,250,1036,7,0,31168,0,0,0,7049751,7049751,4445
150470,242,259,1036,7,0,31168,0,0,0,7050183,7050183,4445
150486,242,281,1036,7,0,31168,0,0,0,7050646,7050646,4445
150502,242,298,1036,7,0,31168,0,0,0,7051109,7051109,4445
150519,242,309,1036,7,0,31168,0,0,0,7051667,7051667,4445
150535,242,320,1036,7,0,31168,0,0,0,7052166,7052166,4445
150550,242,332,1036,7,0,31168,0,0,0,7052665,7052665,4445
150567,242,343,1036,7,0,31168,0,0,0,7053188,7053188,4445
150585,242,359,1036,7,0,31168,0,0,0,7053781,7053781,4445
150603,242,377,1036,7,0,31168,0,0,0,7054310,7054310,4445
150619,242,396,1036,7,0,31168,0,0,0,7054801,7054801,4445
150636,242,414,1036,7,0,31168,0,0,0,7055354,7055354,4445
150652,242,431,1036,7,0,31168,0,0,0,7055819,7055819,4445
150669,242,441,1036,7,0,31168,0,0,0,7056334,7056334,4445
150684,242,450,1036,7,0,31168,0,0,0,7056875,7056875,4445
150704,242,466,1036,7,0,31168,0,0,0,7057413,7057413,4445
150720,242,478,1036,7,0,31168,0,0,0,7057884,7057884,4445
150735,242,492,1036,7,0,31168,0,0,0,7058332,7058332,4445
150751,242,508,1036,7,0,31168,0,0,0,7058796,7058796,4445
150767,242,519,1036,7,0,31168,0,0,0,7059259,7059259,4445
150785,242,532,1036,7,0,31168,0,0,0,7059787,7059787,4445
150801,242,541,1036,7,0,31168,0,0,0,7060260,7060260,4445
150816,242,563,1036,7,0,31168,0,0,0,7060713,7060713,4445
150833,242,579,1036,7,0,31168,0,0,0,7061234,7061234,4445
150850,242,593,1036,7,0,31168,0,0,0,7061770,7061770,4445
150866,242,610,1036,7,0,31168,0,0,0,7062248,7062248,4445
150884,242,628,1036,7,0,31168,0,0,0,7062797,7062797,4445
150902,242,645,1036,7,0,31168,0,0,0,7063348,7063348,4445
150919,242,662,1036,7,0,31168,0,0,0,7063862,7063862,4445
150935,242,675,1036,7,0,31168,0,0,0,7064364,7064364,4445
150950,242,698,1036,7,0,31168,0,0,0,7064811,7064811,4445
150966,242,720,1036,7,0,31168,0,0,0,7065308,7065308,4445
150981,242,737,1036,7,0,31168,0,0,0,7065754,7065754,4445
150998,242,759,1036,7,0,31168,0,0,0,7066226,7066226,4445
151013,242,773,1036,7,0,31168,0,0,0,7066663,7066663,4445
151029,242,794,1036,7,0,31168,0,0,0,7067165,7067165,4445
151046,242,813,1036,7,0,31168,0,0,0,7067663,7067663,4445
151062,242,832,1036,7,0,31168,0,0,0,7068126,7068126,4445
151080,242,861,1036,7,0,31168,0,0,0,7068659,7068659,4445
151096,242,882,1036,7,0,31168,0,0,0,7069178,7069178,4445
151111,242,907,1036,7,0,31168,0,0,0,7069655,7069655,4445
151128,242,916,1036,7,0,31168,0,0,0,7070168,7070168,4445
151143,242,940,1036,7,0,31168,0,0,0,7070616,7070616,4445
151159,242,971,1036,7,0,31168,0,0,0,7071157,7071157,4445
151175,242,978,1036,7,0,31168,0,0,0,7071448,7071448,4445
151190,243,992,1036,7,0,31168,0,0,0,7071927,7071927,4445
151209,243,1015,1036,7,0,31168,0,0,0,7072475,7072475,4445
151224,243,2,1036,6,0,31168,0,0,0,7072925,7072925,4445
151240,243,11,1036,6,0,31168,0,0,0,7073453,7073453,4445
151258,243,26,1036,6,0,31168,0,0,0,7074025,7074025,4445
151277,243,66,1036,6,0,31168,0,0,0,7074579,7074579,4445
151293,243,114,1036,6,0,31168,0,0,0,7075091,7075091,4445
151309,243,131,1036,6,0,31168,0,0,0,7075587,7075587,4445
151326,243,145,1036,6,0,31168,0,0,0,7076142,7076142,4445
151342,243,154,1036,6,0,31168,0,0,0,7076620,7076620,4445
151357,243,164,1036,6,0,31168,0,0,0,7077107,7077107,4445
151374,243,174,1036,6,0,31168,0,0,0,7077648,7077648,4445
151393,243,186,1036,6,0,31168,0,0,0,7078190,7078190,4445
151409,243,197,1036,6,0,31168,0,0,0,7078653,7078653,4445
151425,243,209,1036,6,0,31168,0,0,0,7079175,7079175,4445
151440,243,220,1036,6,0,31168,0,0,0,7079658,7079658,4445
151457,243,230,1036,6,0,31168,0,0,0,7080198,7080198,4445
151472,243,245,1036,6,0,31168,0,0,0,7080704,7080704,4445
151491,243,264,1036,6,0,31168,0,0,0,7081275,7081275,4445
151507,243,285,1036,6,0,31168,0,0,0,7081780,7081780,4445
151524,243,304,1036,6,0,31168,0,0,0,7082338,7082338,4445
151539,243,323,1036,6,0,31168,0,0,0,7082856,7082856,4445
151556,243,334,1036,6,0,31168,0,0,0,7083350,7083350,4445
151572,243,350,1036,6,0,31168,0,0,0,7083877,7083877,4445
151588,243,366,1036,6,0,31168,0,0,0,7084349,7084349,4445
151604,243,379,1036,6,0,31168,0,0,0,7084841,7084841,4445
151621,243,396,1036,6,0,31168,0,0,0,7085343,7085343,4445
151636,243,409,1036,6,0,31168,0,0,0,7085825,7085825,4445
151653,243,429,1036,6,0,31168,0,0,0,7086350,7086350,4445
151669,243,444,1036,6,0,31168,0,0,0,7086839,7086839,4445
151685,243,456,1036,6,0,31168,0,0,0,7087382,7087382,4445
151702,243,473,1036,6,0,31168,0,0,0,7087906,7087906,4445
151720,243,481,1036,6,0,31168,0,0,0,7088412,7088412,4445
151738,243,498,1036,6,0,31168,0,0,0,7088906,7088906,4445
151753,243,514,1036,6,0,31168,0,0,0,7089345,7089345,4445
151769,243,532,1036,6,0,31168,0,0,0,7089843,7089843,4445
151786,243,550,1036,6,0,31168,0,0,0,7090315,7090315,4445
151802,243,563,1036,6,0,31168,0,0,0,7090824,7090824,4445
151818,243,583,1036,6,0,31168,0,0,0,7091310,7091310,4445
151833,243,593,1036,6,0,31168,0,0,0,7091761,7091761,4445
151849,243,613,1036,6,0,31168,0,0,0,7092232,7092232,4445
151864,243,633,1036,6,0,31168,0,0,0,7092706,7092706,4445
151879,243,649,1036,6,0,31168,0,0,0,7093162,7093162,4445
151895,243,669,1036,6,0,31168,0,0,0,7093628,7093628,4445
151911,243,682,1036,6,0,31168,0,0,0,7094150,7094150,4445
151928,243,704,1036,6,0,31168,0,0,0,7094687,7094687,4445
151944,243,728,1036,6,0,31168,0,0,0,7095118,7095118,4445
151960,243,748,1036,6,0,31168,0,0,0,7095612,7095612,4445
151977,243,769,1036,6,0,31168,0,0,0,7096142,7096142,4445
151994,243,791,1036,6,0,31168,0,0,0,7096689,7096689,4445
152012,243,806,1036,6,0,31168,0,0,0,7097204,7097204,4445
152028,243,817,1036,6,0,31168,0,0,0,7097678,7097678,4445
152046,243,844,1036,6,0,31168,0,0,0,7098244,7098244,4445
152062,243,865,1036,6,0,31168,0,0,0,7098753,7098753,4445
152078,243,889,1036,6,0,31168,0,0,0,7099241,7099241,4445
152093,243,907,1036,6,0,31168,0,0,0,7099707,7099707,4445
152108,243,916,1036,6,0,31168,0,0,0,7100167,7100167,4445
152126,243,940,1036,6,0,31168,0,0,0,7100697,7100697,4445
152142,243,956,1036,6,0,31168,0,0,0,7101231,7101231,4445
152157,243,971,1036,6,0,31168,0,0,0,7101686,7101686,4445
152174,243,982,1036,6,0,31168,0,0,0,7102126,7102126,4445
152191,244,995,1036,6,0,31168,0,0,0,7102658,7102658,4445
152207,244,1015,1036,6,0,31168,0,0,0,7103141,7103141,4445
152222,244,4,1036,6,0,31168,0,0,0,7103667,7103667,4445
152240,244,14,1036,6,0,31168,0,0,0,7104216,7104216,4445
152256,244,23,1036,6,0,31168,0,0,0,7104703,7104703,4445
152272,244,60,1036,6,0,31168,0,0,0,7105236,7105236,4445
152291,244,105,1036,6,0,31168,0,0,0,7105829,7105829,4445
152309,244,115,1036,6,0,31168,0,0,0,7106407,7106407,4445
152324,244,137,1036,6,0,31168,0,0,0,7106909,7106909,4445
152340,244,146,1036,6,0,31168,0,0,0,7107417,7107417,4445
152356,244,152,1036,6,0,31168,0,0,0,7107921,7107921,4445
152371,244,164,1036,6,0,31168,0,0,0,7108384,7108384,4445
152386,244,179,1036,6,0,31168,0,0,0,7108880,7108880,4445
152402,244,188,1036,6,0,31168,0,0,0,7109380,7109380,4445
152418,244,201,1036,6,0,31168,0,0,0,7109880,7109880,4445
152434,244,215,1036,6,0,31168,0,0,0,7110409,7110409,4445
152450,244,227,1036,6,0,31168,0,0,0,7110909,7110909,4445
152465,244,234,1036,6,0,31168,0,0,0,7111386,7111386,4445
152481,244,245,1036,6,0,31168,0,0,0,7111904,7111904,4445
152498,244,259,1036,6,0,31168,0,0,0,7112449,7112449,4445
152516,244,275,1036,6,0,31168,0,0,0,7113002,7113002,4445
152536,244,298,1036,6,0,31168,0,0,0,7113561,7113561,4445
152551,244,313,1036,6,0,31168,0,0,0,7114044,7114044,4445
152566,244,324,1036,6,0,31168,0,0,0,7114541,7114541,4445
152582,244,337,1036,6,0,31168,0,0,0,7115013,7115013,4445
152597,244,350,1036,6,0,31168,0,0,0,7115556,7115556,4445
152614,244,366,1036,6,0,31168,0,0,0,7116082,7116082,4445
152629,244,378,1036,6,0,31168,0,0,0,7116583,7116583,4445
152646,244,389,1036,6,0,31168,0,0,0,7117080,7117080,4445
152661,244,399,1036,6,0,31168,0,0,0,7117497,7117497,4445
152676,244,415,1036,6,0,31168,0,0,0,7117964,7117964,4445
152693,244,435,1036,6,0,31168,0,0,0,7118480,7118480,4445
152709,244,442,1036,6,0,31168,0,0,0,7118942,7118942,4445
152725,244,453,1036,6,0,31168,0,0,0,7119482,7119482,4445
152741,244,464,1036,6,0,31168,0,0,0,7119981,7119981,4445
152757,244,479,1036,6,0,31168,0,0,0,7120469,7120469,4445
152772,244,492,1036,6,0,31168,0,0,0,7120880,7120880,4445
152790,244,514,1036,6,0,31168,0,0,0,7121424,7121424,4445
152805,244,521,1036,6,0,31168,0,0,0,7121887,7121887,4445
152824,244,538,1036,6,0,31168,0,0,0,7122399,7122399,4445
152840,244,556,1036,6,0,31168,0,0,0,7122884,7122884,4445
152857,244,583,1036,6,0,31168,0,0,0,7123443,7123443,4445
152873,244,593,1036,6,0,31168,0,0,0,7123928,7123928,4445
152889,244,617,1036,6,0,31168,0,0,0,7124398,7124398,4445
152905,244,635,1036,6,0,31168,0,0,0,7124888,7124888,4445
152922,244,654,1036,6,0,31168,0,0,0,7125362,7125362,4445
152938,244,674,1036,6,0,31168,0,0,0,7125914,7125914,4445
152955,244,687,1036,6,0,31168,0,0,0,7126406,7126406,4445
152970,244,703,1036,6,0,31168,0,0,0,7126862,7126862,4445
152986,244,720,1036,6,0,31168,0,0,0,7127319,7127319,4445
153001,244,741,1036,6,0,31168,0,0,0,7127739,7127739,4445
153016,244,769,1036,6,0,31168,0,0,0,7128220,7128220,4445
153035,244,790,1036,6,0,31168,0,0,0,7128795,7128795,4445
153050,244,803,1036,6,0,31168,0,0,0,7129263,7129263,4445
153065,244,821,1036,6,0,31168,0,0,0,7129737,7129737,4445
153081,244,848,1036,6,0,31168,0,0,0,7130211,7130211,4445
153096,244,877,1036,6,0,31168,0,0,0,7130671,7130671,4445
153112,244,889,1036,6,0,31168,0,0,0,7131142,7131142,4445
153130,244,907,1036,6,0,31168,0,0,0,7131677,7131677,4445
153145,244,921,1036,6,0,31168,0,0,0,7132142,7132142,4445
153161,244,948,1036,6,0,31168,0,0,0,7132619,7132619,4445
153178,244,970,1036,6,0,31168,0,0,0,7133163,7133163,4445
153203,244,978,1036,6,0,31168,0,0,0,7133611,7133611,4445
153221,245,987,1036,6,0,31168,0,0,0,7134145,7134145,4445
153237,245,1005,1036,6,0,31168,0,0,0,7134667,7134667,4445
153254,245,1,1036,6,0,31168,0,0,0,7135196,7135196,4445
153270,245,8,1036,6,0,31168,0,0,0,7135718,7135718,4445
153287,245,18,1036,6,0,31168,0,0,0,7136291,7136291,4445
153303,245,35,1036,6,0,31168,0,0,0,7136785,7136785,4445
153318,245,65,1036,6,0,31168,0,0,0,7137279,7137279,4445
153334,245,110,1036,6,0,31168,0,0,0,7137748,7137748,4445
153350,245,125,1036,6,0,31168,0,0,0,7138291,7138291,4445
153367,245,138,1036,6,0,31168,0,0,0,7138811,7138811,4445
153383,245,148,1036,6,0,31168,0,0,0,7139336,7139336,4445
153400,245,160,1036,6,0,31168,0,0,0,7139881,7139881,4445
153416,245,173,1036,6,0,31168,0,0,0,7140414,7140414,4445
153431,245,187,1036,6,0,31168,0,0,0,7140880,7140880,4445
153450,245,197,1036,6,0,31168,0,0,0,7141421,7141421,4445
153466,245,218,1036,6,0,31168,0,0,0,7141982,7141982,4445
153481,245,226,1036,6,0,31168,0,0,0,7142422,7142422,4445
153497,245,233,1036,6,0,31168,0,0,0,7142927,7142927,4445
153513,245,248,1036,6,0,31168,0,0,0,7143438,7143438,4445
153531,245,260,1036,6,0,31168,0,0,0,7143983,7143983,4445
153546,245,276,1036,6,0,31168,0,0,0,7144462,7144462,4445
153562,245,300,1036,6,0,31168,0,0,0,7144930,7144930,4445
153578,245,320,1036,6,0,31168,0,0,0,7145438,7145438,4445
153595,245,336,1036,6,0,31168,0,0,0,7145941,7145941,4445
153611,245,347,1036,6,0,31168,0,0,0,7146460,7146460,4445
153627,245,363,1036,6,0,31168,0,0,0,7146993,7146993,4445
153643,245,380,1036,6,0,31168,0,0,0,7147446,7147446,4445
153659,245,398,1036,6,0,31168,0,0,0,7147968,7147968,4445
153677,245,415,1036,6,0,31168,0,0,0,7148476,7148476,4445
153693,245,435,1036,6,0,31168,0,0,0,7149008,7149008,4445
153709,245,447,1036,6,0,31168,0,0,0,7149509,7149509,4445
153727,245,459,1036,6,0,31168,0,0,0,7150103,7150103,4445
153743,245,473,1036,6,0,31168,0,0,0,7150612,7150612,4445
153759,245,484,1036,6,0,31168,0,0,0,7151092,7151092,4445
153775,245,494,1036,6,0,31168,0,0,0,7151578,7151578,4445
153791,245,514,1036,6,0,31168,0,0,0,7152036,7152036,4445
153808,245,525,1036,6,0,31168,0,0,0,7152525,7152525,4445
153826,245,538,1036,6,0,31168,0,0,0,7153069,7153069,4445
153842,245,560,1036,6,0,31168,0,0,0,7153852,7153852,4445
153858,245,586,1036,6,0,31168,0,0,0,7154721,7154721,4445
153874,245,612,1036,6,0,31168,0,0,0,7155499,7155499,4445
153889,245,635,1036,6,0,31168,0,0,0,7156206,7156206,4445
153905,245,662,1036,6,0,31168,0,0,0,7156973,7156973,4445
153921,245,700,1036,6,0,31168,0,0,0,7157788,7157788,4445
153938,245,734,1036,6,0,31168,0,0,0,7158545,7158545,4445
153954,245,760,1036,6,0,31168,0,0,0,7159311,7159311,4445
153970,245,790,1036,6,0,31168,0,0,0,7160072,7160072,4445
153986,245,812,1036,6,0,31168,0,0,0,7160855,7160855,4445
154001,245,846,1036,6,0,31168,0,0,0,7161631,7161631,4445
154016,245,880,1036,6,0,31168,0,0,0,7162415,7162415,4445
154032,245,907,1036,6,0,31168,0,0,0,7163216,7163216,4445
154048,245,931,1036,6,0,31168,0,0,0,7163928,7163928,4445
154064,245,960,1036,6,0,31168,0,0,0,7164660,7164660,4445
154079,245,978,1036,6,0,31168,0,0,0,7165192,7165192,4445
154095,246,999,1036,6,0,31168,0,0,0,7165981,7165981,4445
154112,246,6,1036,6,0,31168,0,0,0,7166900,7166900,4445
154127,246,24,1036,6,0,31168,0,0,0,7167675,7167675,4445
154142,246,104,1036,6,0,31168,0,0,0,7168543,7168543,4445
154158,246,120,1036,6,0,31168,0,0,0,7169380,7169380,4445
154174,246,140,1036,6,0,31168,0,0,0,7170233,7170233,4445
154189,246,152,1036,6,0,31168,0,0,0,7171096,7171096,4445
154206,246,171,1036,6,0,31168,0,0,0,7171952,7171952,4445
154221,246,193,1036,6,0,31168,0,0,0,7172728,7172728,4445
154236,246,219,1036,6,0,31168,0,0,0,7173556,7173556,4445
154252,246,238,1036,6,0,31168,0,0,0,7174412,7174412,4445
154267,246,260,1036,6,0,31168,0,0,0,7175233,7175233,4445
154283,246,300,1036,6,0,31168,0,0,0,7176068,7176068,4445
154298,246,321,1036,6,0,31168,0,0,0,7176879,7176879,4445
154314,246,338,1036,6,0,31168,0,0,0,7177720,7177720,4445
154331,246,375,1036,6,0,31168,0,0,0,7178583,7178583,4445
154346,246,399,1036,6,0,31168,0,0,0,7179364,7179364,4445
154362,246,435,1036,6,0,31168,0,0,0,7180193,7180193,4445
154378,246,450,1036,6,0,31168,0,0,0,7181025,7181025,4445
154395,246,474,1036,6,0,31168,0,0,0,7181893,7181893,4445
154411,246,502,1036,6,0,31168,0,0,0,7182712,7182712,4445
154428,246,524,1036,6,0,31168,0,0,0,7183549,7183549,4445
154443,246,556,1036,6,0,31168,0,0,0,7184320,7184320,4445
154459,246,583,1036,6,0,31168,0,0,0,7185164,7185164,4445
154474,246,608,1036,6,0,31168,0,0,0,7185935,7185935,4445
154490,246,628,1036,6,0,31168,0,0,0,7186668,7186668,4445
154505,246,661,1036,6,0,31168,0,0,0,7187417,7187417,4445
154522,246,690,1036,6,0,31168,0,0,0,7188188,7188188,4445
154538,246,727,1036,6,0,31168,0,0,0,7189004,7189004,4445
154555,246,756,1036,6,0,31168,0,0,0,7189767,7189767,4445
154570,246,782,1036,6,0,31168,0,0,0,7190530,7190530,4445
154586,246,809,1036,6,0,31168,0,0,0,7191304,7191304,4445
154602,246,846,1036,6,0,31168,0,0,0,7192082,7192082,4445
154618,246,880,1036,6,0,31168,0,0,0,7192898,7192898,4445
154634,246,906,1036,6,0,31168,0,0,0,7193714,7193714,4445
154650,246,938,1036,6,0,31168,0,0,0,7194467,7194467,4445
154666,246,960,1036,6,0,31168,0,0,0,7195357,7195357,4445
154681,247,987,1036,6,0,31168,0,0,0,7195870,7195870,4445
154698,247,1006,1036,6,0,31168,0,0,0,7196707,7196707,4445
154713,247,3,1036,6,0,31168,0,0,0,7197537,7197537,4445
154728,247,19,1036,6,0,31168,0,0,0,7198400,7198400,4445
154743,247,62,1036,6,0,31168,0,0,0,7199194,7199194,4445
154759,247,109,1036,6,0,31168,0,0,0,7199996,7199996,4445
154774,247,140,1036,6,0,31168,0,0,0,7200834,7200834,4445
154789,247,163,1036,6,0,31168,0,0,0,7201669,7201669,4445
154805,247,183,1036,6,0,31168,0,0,0,7202533,7202533,4445
154820,247,204,1036,6,0,31168,0,0,0,7203342,7203342,4445
154836,247,223,1036,6,0,31168,0,0,0,7204184,7204184,4445
154851,247,241,1036,6,0,31168,0,0,0,7204963,7204963,4445
154868,247,274,1036,6,0,31168,0,0,0,7205834,7205834,4445
154884,247,301,1036,6,0,31168,0,0,0,7206583,7206583,4445
154900,247,324,1036,6,0,31168,0,0,0,7207356,7207356,4445
154916,247,339,1036,6,0,31168,0,0,0,7208149,7208149,4445
154932,247,370,1036,6,0,31168,0,0,0,7208946,7208946,4445
154948,247,400,1036,6,0,31168,0,0,0,7209697,7209697,4445
154964,247,435,1036,6,0,31168,0,0,0,7210566,7210566,4445
154980,247,450,1036,6,0,31168,0,0,0,7211375,7211375,4445
154996,247,478,1036,6,0,31168,0,0,0,7212267,7212267,4445
155012,247,504,1036,6,0,31168,0,0,0,7213047,7213047,4445
155027,247,524,1036,6,0,31168,0,0,0,7213799,7213799,4445
155043,247,553,1036,6,0,31168,0,0,0,7214647,7214647,4445
155058,247,577,1036,6,0,31168,0,0,0,7215404,7215404,4445
155074,247,596,1036,6,0,31168,0,0,0,7216191,7216191,4445
155089,247,622,1036,6,0,31168,0,0,0,7216981,7216981,4445
155104,247,645,1036,6,0,31168,0,0,0,7217724,7217724,4445
155119,247,672,1036,6,0,31168,0,0,0,7218524,7218524,4445
155135,247,700,1036,6,0,31168,0,0,0,7219366,7219366,4445
155151,247,728,1036,6,0,31168,0,0,0,7220133,7220133,4445
155166,247,760,1036,6,0,31168,0,0,0,7220882,7220882,4445
155182,247,783,1036,6,0,31168,0,0,0,7221614,7221614,4445
155198,247,810,1036,6,0,31168,0,0,0,7222485,7222485,4445
155215,247,844,1036,6,0,31168,0,0,0,7223314,7223314,4445
155230,247,881,1036,6,0,31168,0,0,0,7224111,7224111,4445
155245,247,906,1036,6,0,31168,0,0,0,7224868,7224868,4445
155260,247,935,1036,6,0,31168,0,0,0,7225580,7225580,4445
155276,247,970,1036,6,0,31168,0,0,0,7226411,7226411,4445
155293,247,978,1036,6,0,31168,0,0,0,7226884,7226884,4445
155308,248,1008,1036,6,0,31168,0,0,0,7227622,7227622,4445
155324,248,6,1036,5,0,31168,0,0,0,7228515,7228515,4445
155340,248,26,1036,5,0,31168,0,0,0,7229330,7229330,4445
155358,248,98,1036,5,0,31168,0,0,0,7230248,7230248,4445
155374,248,115,1036,5,0,31168,0,0,0,7231104,7231104,4445
155389,248,144,1036,5,0,31168,0,0,0,7231919,7231919,4445
155404,248,165,1036,5,0,31168,0,0,0,7232734,7232734,4445
155420,248,181,1036,5,0,31168,0,0,0,7233557,7233557,4445
155435,248,207,1036,5,0,31168,0,0,0,7234417,7234417,4445
155452,248,227,1036,5,0,31168,0,0,0,7235281,7235281,4445
155467,248,252,1036,5,0,31168,0,0,0,7236100,7236100,4445
155483,248,289,1036,5,0,31168,0,0,0,7236934,7236934,4445
155499,248,316,1036,5,0,31168,0,0,0,7237651,7237651,4445
155514,248,334,1036,5,0,31168,0,0,0,7238408,7238408,4445
155529,248,353,1036,5,0,31168,0,0,0,7239189,7239189,4445
155546,248,380,1036,5,0,31168,0,0,0,7240004,7240004,4445
155561,248,406,1036,5,0,31168,0,0,0,7240801,7240801,4445
155578,248,431,1036,5,0,31168,0,0,0,7241636,7241636,4445
155593,248,448,1036,5,0,31168,0,0,0,7242424,7242424,4445
155610,248,472,1036,5,0,31168,0,0,0,7243337,7243337,4445
155626,248,491,1036,5,0,31168,0,0,0,7244157,7244157,4445
155642,248,517,1036,5,0,31168,0,0,0,7244943,7244943,4445
155658,248,538,1036,5,0,31168,0,0,0,7245729,7245729,4445
155675,248,576,1036,5,0,31168,0,0,0,7246632,7246632,4445
155691,248,597,1036,5,0,31168,0,0,0,7247442,7247442,4445
155706,248,617,1036,5,0,31168,0,0,0,7248224,7248224,4445
155722,248,636,1036,5,0,31168,0,0,0,7249063,7249063,4445
155738,248,671,1036,5,0,31168,0,0,0,7249905,7249905,4445
155754,248,704,1036,5,0,31168,0,0,0,7250688,7250688,4445
155769,248,732,1036,5,0,31168,0,0,0,7251424,7251424,4445
155785,248,771,1036,5,0,31168,0,0,0,7252154,7252154,4445
155800,248,809,1036,5,0,31168,0,0,0,7252926,7252926,4445
155816,248,848,1036,5,0,31168,0,0,0,7253733,7253733,4445
155831,248,881,1036,5,0,31168,0,0,0,7254516,7254516,4445
155846,248,907,1036,5,0,31168,0,0,0,7255266,7255266,4445
155862,248,939,1036,5,0,31168,0,0,0,7256031,7256031,4445
155878,248,972,1036,5,0,31168,0,0,0,7256849,7256849,4445
155894,249,995,1036,5,0,31168,0,0,0,7257546,7257546,4445
155909,249,1029,1036,5,0,31168,0,0,0,7258286,7258286,4445
155925,249,11,1036,5,0,31168,0,0,0,7259173,7259173,4445
155941,249,60,1036,5,0,31168,0,0,0,7260034,7260034,4445
155957,249,110,1036,5,0,31168,0,0,0,7260867,7260867,4445
155973,249,140,1036,5,0,31168,0,0,0,7261719,7261719,4445
155988,249,159,1036,5,0,31168,0,0,0,7262580,7262580,4445
156004,249,173,1036,5,0,31168,0,0,0,7263418,7263418,4445
156021,249,193,1036,5,0,31168,0,0,0,7264347,7264347,4445
156037,249,215,1036,5,0,31168,0,0,0,7265219,7265219,4445
156053,249,233,1036,5,0,31168,0,0,0,7266082,7266082,4445
156070,249,250,1036,5,0,31168,0,0,0,7266944,7266944,4445
156085,249,273,1036,5,0,31168,0,0,0,7267741,7267741,4445
156101,249,310,1036,5,0,31168,0,0,0,7268575,7268575,4445
156116,249,335,1036,5,0,31168,0,0,0,7269411,7269411,4445
156132,249,359,1036,5,0,31168,0,0,0,7270237,7270237,4445
156148,249,396,1036,5,0,31168,0,0,0,7270994,7270994,4445
156164,249,414,1036,5,0,31168,0,0,0,7271730,7271730,4445
156179,249,442,1036,5,0,31168,0,0,0,7272520,7272520,4445
156196,249,459,1036,5,0,31168,0,0,0,7273409,7273409,4445
156213,249,480,1036,5,0,31168,0,0,0,7274308,7274308,4445
156229,249,508,1036,5,0,31168,0,0,0,7275162,7275162,4445
156244,249,527,1036,5,0,31168,0,0,0,7275955,7275955,4445
156260,249,548,1036,5,0,31168,0,0,0,7276734,7276734,4445
156276,249,572,1036,5,0,31168,0,0,0,7277567,7277567,4445
156293,249,593,1036,5,0,31168,0,0,0,7278429,7278429,4445
156308,249,627,1036,5,0,31168,0,0,0,7279152,7279152,4445
156324,249,668,1036,5,0,31168,0,0,0,7279967,7279967,4445
156341,249,698,1036,5,0,31168,0,0,0,7280794,7280794,4445
156356,249,727,1036,5,0,31168,0,0,0,7281571,7281571,4445
156373,249,757,1036,5,0,31168,0,0,0,7282350,7282350,4445
156389,249,793,1036,5,0,31168,0,0,0,7283148,7283148,4445
156405,249,834,1036,5,0,31168,0,0,0,7283991,7283991,4445
156420,249,862,1036,5,0,31168,0,0,0,7284763,7284763,4445
156437,249,893,1036,5,0,31168,0,0,0,7285595,7285595,4445
156452,249,921,1036,5,0,31168,0,0,0,7286366,7286366,4445
156469,249,955,1036,5,0,31168,0,0,0,7287193,7287193,4445
156485,249,978,1036,5,0,31168,0,0,0,7287790,7287790,4445
156502,250,1002,1036,5,0,31168,0,0,0,7288548,7288548,4445
156518,250,9,1036,5,0,31168,0,0,0,7289462,7289462,4445
156533,250,23,1036,5,0,31168,0,0,0,7290253,7290253,4445
156548,250,75,1036,5,0,31168,0,0,0,7291131,7291131,4445
156564,250,116,1036,5,0,31168,0,0,0,7291934,7291934,4445
156579,250,143,1036,5,0,31168,0,0,0,7292784,7292784,4445
156594,250,161,1036,5,0,31168,0,0,0,7293592,7293592,4445
156610,250,183,1036,5,0,31168,0,0,0,7294432,7294432,4445
156626,250,204,1036,5,0,31168,0,0,0,7295285,7295285,4445
156642,250,229,1036,5,0,31168,0,0,0,7296106,7296106,4445
156658,250,248,1036,5,0,31168,0,0,0,7296884,7296884,4445
156674,250,275,1036,5,0,31168,0,0,0,7297685,7297685,4445
156690,250,304,1036,5,0,31168,0,0,0,7298433,7298433,4445
156705,250,322,1036,5,0,31168,0,0,0,7299208,7299208,4445
156721,250,340,1036,5,0,31168,0,0,0,7300078,7300078,4445
156736,250,360,1036,5,0,31168,0,0,0,7300878,7300878,4445
156751,250,384,1036,5,0,31168,0,0,0,7301623,7301623,4445
156766,250,406,1036,5,0,31168,0,0,0,7302382,7302382,4445
156782,250,437,1036,5,0,31168,0,0,0,7303158,7303158,4445
156798,250,452,1036,5,0,31168,0,0,0,7304034,7304034,4445
156814,250,478,1036,5,0,31168,0,0,0,7304880,7304880,4445
156830,250,504,1036,5,0,31168,0,0,0,7305690,7305690,4445
156847,250,532,1036,5,0,31168,0,0,0,7306583,7306583,4445
156862,250,557,1036,5,0,31168,0,0,0,7307323,7307323,4445
156878,250,580,1036,5,0,31168,0,0,0,7308097,7308097,4445
156893,250,594,1036,5,0,31168,0,0,0,7308812,7308812,4445
156908,250,612,1037,6,0,31168,0,0,0,7309573,7309573,4445
156923,250,633,1037,6,0,31168,0,0,0,7310251,7310251,4445
156939,250,655,1037,6,0,31168,0,0,0,7311066,7311066,4445
156955,250,689,1037,6,0,31168,0,0,0,7311914,7311914,4445
156972,250,707,1037,6,0,31168,0,0,0,7312548,7312548,4445
156989,250,742,1037,6,0,31168,0,0,0,7313370,7313370,4445
157005,250,771,1037,6,0,31168,0,0,0,7314192,7314192,4445
157021,250,793,1037,6,0,31168,0,0,0,7314946,7314946,4445
157037,250,817,1037,6,0,31168,0,0,0,7315777,7315777,4445
157052,250,848,1037,6,0,31168,0,0,0,7316558,7316558,4445
157067,250,877,1037,6,0,31168,0,0,0,7317295,7317295,4445
157083,250,907,1037,6,0,31168,0,0,0,7318088,7318088,4445
157099,250,937,1037,6,0,31168,0,0,0,7318950,7318950,4445
157115,250,971,1037,6,0,31168,0,0,0,7319801,7319801,4445
157130,251,987,1037,6,0,31168,0,0,0,7320283,7320283,4445
157145,251,1005,1037,6,0,31168,0,0,0,7321042,7321042,4445
157161,251,9,1037,6,0,31168,0,0,0,7321914,7321914,4445
157177,251,36,1037,6,0,31168,0,0,0,7322775,7322775,4445
157193,251,99,1037,6,0,31168,0,0,0,7323590,7323590,4445
157208,251,116,1037,6,0,31168,0,0,0,7324455,7324455,4445
157224,251,143,1037,6,0,31168,0,0,0,7325351,7325351,4445
157241,251,163,1037,6,0,31168,0,0,0,7326208,7326208,4445
157256,251,182,1037,6,0,31168,0,0,0,7327010,7327010,4445
157272,251,201,1037,6,0,31168,0,0,0,7327832,7327832,4445
157287,251,226,1037,6,0,31168,0,0,0,7328667,7328667,4445
157303,251,242,1037,6,0,31168,0,0,0,7329554,7329554,4445
157320,251,264,1037,6,0,31168,0,0,0,7330410,7330410,4445
157335,251,298,1037,6,0,31168,0,0,0,7331184,7331184,4445
157350,251,324,1037,6,0,31168,0,0,0,7331984,7331984,4445
157366,251,343,1037,6,0,31168,0,0,0,7332818,7332818,4445
157382,251,377,1037,6,0,31168,0,0,0,7333616,7333616,4445
157398,251,398,1037,6,0,31168,0,0,0,7334397,7334397,4445
157413,251,434,1037,6,0,31168,0,0,0,7335208,7335208,4445
157429,251,449,1037,6,0,31168,0,0,0,7336029,7336029,4445
157444,251,469,1037,6,0,31168,0,0,0,7336790,7336790,4445
157461,251,492,1037,6,0,31168,0,0,0,7337619,7337619,4445
157477,251,517,1037,6,0,31168,0,0,0,7338446,7338446,4445
157492,251,536,1037,6,0,31168,0,0,0,7339182,7339182,4445
157509,251,562,1037,6,0,31168,0,0,0,7339956,7339956,4445
157524,251,586,1037,6,0,31168,0,0,0,7340787,7340787,4445
157539,251,615,1037,6,0,31168,0,0,0,7341555,7341555,4445
157555,251,636,1037,6,0,31168,0,0,0,7342339,7342339,4445
157570,251,674,1037,6,0,31168,0,0,0,7343134,7343134,4445
157586,251,705,1037,6,0,31168,0,0,0,7343950,7343950,4445
157603,251,735,1038,7,0,31168,0,0,0,7344702,7344702,4445
157620,251,759,1038,7,0,31168,0,0,0,7345457,7345457,4445
157636,251,784,1038,7,0,31168,0,0,0,7346274,7346274,4445
157652,251,816,1038,7,0,31168,0,0,0,7347091,7347091,4445
157667,251,848,1038,7,0,31168,0,0,0,7347864,7347864,4445
157683,251,877,1038,7,0,31168,0,0,0,7348659,7348659,4445
157698,251,895,1038,7,0,31168,0,0,0,7349425,7349425,4445
157714,251,937,1038,7,0,31168,0,0,0,7350205,7350205,4445
157729,251,958,1038,7,0,31168,0,0,0,7351054,7351054,4445
157745,251,981,1038,7,0,31168,0,0,0,7351611,7351611,4445
157760,252,1006,1038,7,0,31168,0,0,0,7352429,7352429,4445
157776,252,11,1038,7,0,31168,0,0,0,7353292,7353292,4445
157792,252,42,1038,7,0,31168,0,0,0,7354132,7354132,4445
157807,252,100,1038,7,0,31168,0,0,0,7354953,7354953,4445
157822,252,122,1038,7,0,31168,0,0,0,7355794,7355794,4445
157838,252,144,1038,7,0,31168,0,0,0,7356652,7356652,4445
157853,252,164,1038,7,0,31168,0,0,0,7357453,7357453,4445
157869,252,182,1038,7,0,31168,0,0,0,7358268,7358268,4445
157884,252,209,1038,7,0,31168,0,0,0,7359076,7359076,4445
157899,252,228,1038,7,0,31168,0,0,0,7359893,7359893,4445
157915,252,249,1038,7,0,31168,0,0,0,7360730,7360730,4445
157932,252,282,1038,7,0,31168,0,0,0,7361612,7361612,4445
157947,252,315,1038,7,0,31168,0,0,0,7362403,7362403,4445
157964,252,335,1038,7,0,31168,0,0,0,7363298,7363298,4445
157980,252,356,1038,7,0,31168,0,0,0,7364141,7364141,4445
157996,252,385,1038,7,0,31168,0,0,0,7364949,7364949,4445
158012,252,406,1038,7,0,31168,0,0,0,7365763,7365763,4445
158028,252,435,1038,7,0,31168,0,0,0,7366520,7366520,4445
158045,252,451,1038,7,0,31168,0,0,0,7367381,7367381,4445
158060,252,478,1038,7,0,31168,0,0,0,7368137,7368137,4445
158075,252,505,1038,7,0,31168,0,0,0,7368940,7368940,4445
158091,252,527,1038,7,0,31168,0,0,0,7369762,7369762,4445
158106,252,548,1038,7,0,31168,0,0,0,7370548,7370548,4445
158121,252,570,1038,7,0,31168,0,0,0,7371340,7371340,4445
158137,252,596,1038,7,0,31168,0,0,0,7372180,7372180,4445
158154,252,618,1038,7,0,31168,0,0,0,7372948,7372948,4445
158170,252,646,1038,7,0,31168,0,0,0,7373728,7373728,4445
158186,252,675,1038,7,0,31168,0,0,0,7374556,7374556,4445
158202,252,707,1038,7,0,31168,0,0,0,7375368,7375368,4445
158217,252,736,1038,7,0,31168,0,0,0,7376071,7376071,4445
158233,252,769,1038,7,0,31168,0,0,0,7376799,7376799,4445
158248,252,794,1038,7,0,31168,0,0,0,7377531,7377531,4445
158265,252,820,1038,7,0,31168,0,0,0,7378344,7378344,4445
158280,252,853,1038,7,0,31168,0,0,0,7379126,7379126,4445
158296,252,881,1038,7,0,31168,0,0,0,7379945,7379945,4445
158311,252,906,1038,7,0,31168,0,0,0,7380758,7380758,4445
158327,252,930,1038,7,0,31168,0,0,0,7381500,7381500,4445
158343,252,966,1038,7,0,31168,0,0,0,7382340,7382340,4445
158359,253,987,1038,7,0,31168,0,0,0,7382851,7382851,4445
158375,253,1005,1038,7,0,31168,0,0,0,7383632,7383632,4445
158391,253,6,1038,7,0,31168,0,0,0,7384498,7384498,4445
158407,253,17,1038,7,0,31168,0,0,0,7385311,7385311,4445
158423,253,44,1038,7,0,31168,0,0,0,7386190,7386190,4445
158438,253,107,1038,7,0,31168,0,0,0,7386998,7386998,4445
158454,253,138,1038,7,0,31168,0,0,0,7387934,7387934,4445
158470,253,159,1038,7,0,31168,0,0,0,7388851,7388851,4445
158485,253,174,1038,7,0,31168,0,0,0,7389670,7389670,4445
158502,253,204,1038,7,0,31168,0,0,0,7390493,7390493,4445
158517,253,223,1038,7,0,31168,0,0,0,7391264,7391264,4445
158533,253,234,1038,7,0,31168,0,0,0,7392039,7392039,4445
158548,253,259,1038,7,0,31168,0,0,0,7392898,7392898,4445
158563,253,300,1038,7,0,31168,0,0,0,7393644,7393644,4445
158580,253,323,1038,7,0,31168,0,0,0,7394403,7394403,4445
158595,253,337,1038,7,0,31168,0,0,0,7395202,7395202,4445
158611,253,358,1038,7,0,31168,0,0,0,7396026,7396026,4445
158627,253,389,1038,7,0,31168,0,0,0,7396859,7396859,4445
158644,253,415,1038,7,0,31168,0,0,0,7397707,7397707,4445
158660,253,441,1038,7,0,31168,0,0,0,7398555,7398555,4445
158676,253,464,1038,7,0,31168,0,0,0,7399375,7399375,4445
158692,253,484,1038,7,0,31168,0,0,0,7400209,7400209,4445
158707,253,510,1038,7,0,31168,0,0,0,7400960,7400960,4445
158723,253,531,1038,7,0,31168,0,0,0,7401728,7401728,4445
158740,253,566,1038,7,0,31168,0,0,0,7402563,7402563,4445
158756,253,588,1038,7,0,31168,0,0,0,7403394,7403394,4445
158771,253,618,1038,7,0,31168,0,0,0,7404191,7404191,4445
158787,253,650,1038,7,0,31168,0,0,0,7404922,7404922,4445
158802,253,682,1038,7,0,31168,0,0,0,7405677,7405677,4445
158817,253,703,1038,7,0,31168,0,0,0,7406348,7406348,4445
158832,253,737,1038,7,0,31168,0,0,0,7407088,7407088,4445
158849,253,767,1038,7,0,31168,0,0,0,7407873,7407873,4445
158864,253,791,1038,7,0,31168,0,0,0,7408637,7408637,4445
158880,253,817,1038,7,0,31168,0,0,0,7409432,7409432,4445
158896,253,865,1038,7,0,31168,0,0,0,7410280,7410280,4445
158911,253,911,1038,7,0,31168,0,0,0,7411085,7411085,4445
158926,253,948,1038,7,0,31168,0,0,0,7411916,7411916,4445
158943,253,978,1038,7,0,31168,0,0,0,7412682,7412682,4445
158960,254,1005,1038,7,0,31168,0,0,0,7413570,7413570,4445
158975,254,4,1038,6,0,31168,0,0,0,7414395,7414395,4445
158991,254,21,1038,6,0,31168,0,0,0,7415153,7415153,4445
159007,254,100,1038,6,0,31168,0,0,0,7415969,7415969,4445
159024,254,116,1038,6,0,31168,0,0,0,7416832,7416832,4445
159039,254,144,1038,6,0,31168,0,0,0,7417653,7417653,4445
159054,254,159,1038,6,0,31168,0,0,0,7418454,7418454,4445
159071,254,179,1038,6,0,31168,0,0,0,7419311,7419311,4445
159088,254,197,1038,6,0,31168,0,0,0,7420176,7420176,4445
159104,254,224,1038,6,0,31168,0,0,0,7421062,7421062,4445
159119,254,249,1038,6,0,31168,0,0,0,7421807,7421807,4445
159136,254,276,1038,6,0,31168,0,0,0,7422675,7422675,4445
159151,254,304,1038,6,0,31168,0,0,0,7423420,7423420,4445
159167,254,328,1038,6,0,31168,0,0,0,7424226,7424226,4445
159184,254,352,1038,6,0,31168,0,0,0,7425154,7425154,4445
159200,254,376,1038,6,0,31168,0,0,0,7425932,7425932,4445
159217,254,397,1038,6,0,31168,0,0,0,7426778,7426778,4445
159233,254,427,1038,6,0,31168,0,0,0,7427604,7427604,4445
159249,254,453,1038,6,0,31168,0,0,0,7428428,7428428,4445
159265,254,475,1038,6,0,31168,0,0,0,7429131,7429131,4445
159280,254,493,1038,6,0,31168,0,0,0,7429830,7429830,4445
159296,254,518,1038,6,0,31168,0,0,0,7430574,7430574,4445
159311,254,536,1038,6,0,31168,0,0,0,7431323,7431323,4445
159326,254,566,1038,6,0,31168,0,0,0,7432076,7432076,4445
159341,254,586,1038,6,0,31168,0,0,0,7432852,7432852,4445
159358,254,610,1038,6,0,31168,0,0,0,7433658,7433658,4445
159373,254,627,1038,6,0,31168,0,0,0,7434425,7434425,4445
159389,254,640,1038,6,0,31168,0,0,0,7435077,7435077,4445
159404,254,669,1038,6,0,31168,0,0,0,7435887,7435887,4445
159420,254,698,1038,6,0,31168,0,0,0,7436659,7436659,4445
159435,254,721,1038,6,0,31168,0,0,0,7437437,7437437,4445
159451,254,743,1038,6,0,31168,0,0,0,7438201,7438201,4445
159466,254,773,1038,6,0,31168,0,0,0,7438921,7438921,4445
159482,254,809,1038,6,0,31168,0,0,0,7439760,7439760,4445
159498,254,828,1038,6,0,31168,0,0,0,7440425,7440425,4445
159513,254,856,1038,6,0,31168,0,0,0,7441127,7441127,4445
159528,254,888,1038,6,0,31168,0,0,0,7441929,7441929,4445
159544,254,931,1038,6,0,31168,0,0,0,7442731,7442731,4445
159559,254,956,1038,6,0,31168,0,0,0,7443556,7443556,4445
159575,255,987,1038,6,0,31168,0,0,0,7444126,7444126,4445
159591,255,1010,1038,6,0,31168,0,0,0,7444919,7444919,4445
159606,255,5,1038,5,0,31168,0,0,0,7445740,7445740,4445
159623,255,23,1038,5,0,31168,0,0,0,7446619,7446619,4445
159638,255,99,1038,5,0,31168,0,0,0,7447436,7447436,4445
159653,255,118,1038,5,0,31168,0,0,0,7448295,7448295,4445
159668,255,141,1038,5,0,31168,0,0,0,7449082,7449082,4445
159684,255,161,1038,5,0,31168,0,0,0,7449917,7449917,4445
159701,255,182,1038,5,0,31168,0,0,0,7450881,7450881,4445
159718,255,204,1038,5,0,31168,0,0,0,7451799,7451799,4445
159734,255,224,1038,5,0,31168,0,0,0,7452647,7452647,4445
159750,255,249,1038,5,0,31168,0,0,0,7453508,7453508,4445
159765,255,265,1038,5,0,31168,0,0,0,7454267,7454267,4445
159782,255,300,1038,5,0,31168,0,0,0,7455158,7455158,4445
159797,255,321,1038,5,0,31168,0,0,0,7455989,7455989,4445
159812,255,337,1038,5,0,31168,0,0,0,7456637,7456637,4445
159827,255,366,1038,5,0,31168,0,0,0,7457422,7457422,4445
159843,255,393,1038,5,0,31168,0,0,0,7458155,7458155,4445
159858,255,414,1038,5,0,31168,0,0,0,7458925,7458925,4445
159874,255,440,1038,5,0,31168,0,0,0,7459707,7459707,4445
159890,255,456,1038,5,0,31168,0,0,0,7460551,7460551,4445
159905,255,481,1038,5,0,31168,0,0,0,7461351,7461351,4445
159921,255,514,1038,5,0,31168,0,0,0,7462163,7462163,4445
159936,255,535,1038,5,0,31168,0,0,0,7462970,7462970,4445
159953,255,570,1038,5,0,31168,0,0,0,7463809,7463809,4445
159969,255,593,1038,5,0,31168,0,0,0,7464643,7464643,4445
159984,255,617,1038,5,0,31168,0,0,0,7465403,7465403,4445
160000,255,643,1038,5,0,31168,0,0,0,7466268,7466268,4445
160016,255,675,1038,5,0,31168,0,0,0,7467092,7467092,4445
160032,255,716,1038,5,0,31168,0,0,0,7467942,7467942,4445
160048,255,759,1038,5,0,31168,0,0,0,7468728,7468728,4445
160064,255,781,1038,5,0,31168,0,0,0,7469518,7469518,4445
160081,255,809,1038,5,0,31168,0,0,0,7470309,7470309,4445
160096,255,848,1038,5,0,31168,0,0,0,7471151,7471151,4445
160113,255,873,1038,5,0,31168,0,0,0,7471908,7471908,4445
160129,255,900,1038,5,0,31168,0,0,0,7472758,7472758,4445
160145,255,935,1038,5,0,31168,0,0,0,7473510,7473510,4445
160160,255,967,1038,5,0,31168,0,0,0,7474390,7474390,4445
160180,255,978,1038,5,0,31168,0,0,0,7474827,7474827,4445
160195,256,996,1038,5,0,31168,0,0,0,7475551,7475551,4445
160211,256,1024,1038,5,0,31168,0,0,0,7476348,7476348,4445
160226,256,16,1038,5,0,31168,0,0,0,7477208,7477208,4445
160242,256,61,1038,5,0,31168,0,0,0,7478083,7478083,4445
160258,256,104,1038,5,0,31168,0,0,0,7478898,7478898,4445
160273,256,129,1038,5,0,31168,0,0,0,7479715,7479715,4445
160290,256,154,1038,5,0,31168,0,0,0,7480601,7480601,4445
160306,256,182,1038,5,0,31168,0,0,0,7481451,7481451,4445
160322,256,197,1038,5,0,31168,0,0,0,7482241,7482241,4445
160338,256,227,1038,5,0,31168,0,0,0,7483143,7483143,4445
160353,256,249,1038,5,0,31168,0,0,0,7483962,7483962,4445
160369,256,276,1038,5,0,31168,0,0,0,7484767,7484767,4445
160385,256,301,1038,5,0,31168,0,0,0,7485510,7485510,4445
160401,256,324,1038,5,0,31168,0,0,0,7486377,7486377,4445
160417,256,345,1038,5,0,31168,0,0,0,7487192,7487192,4445
160433,256,377,1038,5,0,31168,0,0,0,7488009,7488009,4445
160448,256,403,1038,5,0,31168,0,0,0,7488788,7488788,4445
160464,256,431,1038,5,0,31168,0,0,0,7489629,7489629,4445
160480,256,450,1038,5,0,31168,0,0,0,7490437,7490437,4445
160495,256,473,1038,5,0,31168,0,0,0,7491235,7491235,4445
160512,256,505,1038,5,0,31168,0,0,0,7492128,7492128,4445
160527,256,527,1038,5,0,31168,0,0,0,7492956,7492956,4445
160544,256,553,1038,5,0,31168,0,0,0,7493763,7493763,4445
160560,256,577,1038,5,0,31168,0,0,0,7494632,7494632,4445
160576,256,602,1038,5,0,31168,0,0,0,7495461,7495461,4445
160592,256,627,1038,5,0,31168,0,0,0,7496235,7496235,4445
160607,256,655,1038,5,0,31168,0,0,0,7497039,7497039,4445
160624,256,680,1038,5,0,31168,0,0,0,7497933,7497933,4445
160640,256,705,1038,5,0,31168,0,0,0,7498702,7498702,4445
160657,256,748,1038,5,0,31168,0,0,0,7499486,7499486,4445
160673,256,779,1038,5,0,31168,0,0,0,7500298,7500298,4445
160688,256,815,1038,5,0,31168,0,0,0,7501073,7501073,4445
160704,256,847,1038,5,0,31168,0,0,0,7501869,7501869,4445
160720,256,884,1038,5,0,31168,0,0,0,7502662,7502662,4445
160735,256,909,1038,5,0,31168,0,0,0,7503404,7503404,4445
160750,256,937,1038,5,0,31168,0,0,0,7504145,7504145,4445
160766,256,973,1038,5,0,31168,0,0,0,7504989,7504989,4445
160783,257,996,1038,5,0,31168,0,0,0,7505781,7505781,4445
160798,257,1,1038,5,0,31168,0,0,0,7506591,7506591,4445
160815,257,19,1038,5,0,31168,0,0,0,7507526,7507526,4445
160830,257,75,1038,5,0,31168,0,0,0,7508346,7508346,4445
160846,257,109,1038,5,0,31168,0,0,0,7509150,7509150,4445
160861,257,138,1038,5,0,31168,0,0,0,7509984,7509984,4445
160876,257,151,1038,5,0,31168,0,0,0,7510794,7510794,4445
160892,257,170,1038,5,0,31168,0,0,0,7511591,7511591,4445
160907,257,189,1038,5,0,31168,0,0,0,7512413,7512413,4445
160923,257,214,1038,5,0,31168,0,0,0,7513252,7513252,4445
160940,257,231,1038,5,0,31168,0,0,0,7514098,7514098,4445
160956,257,256,1038,5,0,31168,0,0,0,7514962,7514962,4445
160972,257,282,1038,5,0,31168,0,0,0,7515842,7515842,4445
160988,257,309,1038,5,0,31168,0,0,0,7516602,7516602,4445
161003,257,331,1038,5,0,31168,0,0,0,7517430,7517430,4445
161018,257,349,1038,5,0,31168,0,0,0,7518255,7518255,4445
161035,257,370,1038,5,0,31168,0,0,0,7519030,7519030,4445
161051,257,396,1038,5,0,31168,0,0,0,7519797,7519797,4445
161068,257,423,1038,5,0,31168,0,0,0,7520640,7520640,4445
161083,257,441,1038,5,0,31168,0,0,0,7521423,7521423,4445
161099,257,463,1038,5,0,31168,0,0,0,7522255,7522255,4445
161114,257,482,1038,5,0,31168,0,0,0,7523048,7523048,4445
161130,257,499,1038,5,0,31168,0,0,0,7523794,7523794,4445
161146,257,516,1038,5,0,31168,0,0,0,7524526,7524526,4445
161161,257,532,1038,5,0,31168,0,0,0,7525277,7525277,4445
161176,257,556,1038,5,0,31168,0,0,0,7526047,7526047,4445
161192,257,587,1038,5,0,31168,0,0,0,7526870,7526870,4445
161207,257,613,1038,5,0,31168,0,0,0,7527627,7527627,4445
161223,257,636,1038,5,0,31168,0,0,0,7528422,7528422,4445
161239,257,665,1038,5,0,31168,0,0,0,7529182,7529182,4445
161254,257,698,1038,5,0,31168,0,0,0,7529963,7529963,4445
161270,257,729,1038,5,0,31168,0,0,0,7530740,7530740,4445
161285,257,759,1038,5,0,31168,0,0,0,7531442,7531442,4445
161300,257,791,1038,5,0,31168,0,0,0,7532228,7532228,4445
161315,257,809,1038,5,0,31168,0,0,0,7532893,7532893,4445
161332,257,845,1038,5,0,31168,0,0,0,7533712,7533712,4445
161347,257,873,1038,5,0,31168,0,0,0,7534445,7534445,4445
161364,257,906,1038,5,0,31168,0,0,0,7535289,7535289,4445
161379,257,936,1038,5,0,31168,0,0,0,7536090,7536090,4445
161395,257,963,1038,5,0,31168,0,0,0,7536900,7536900,4445
161410,258,990,1038,5,0,31168,0,0,0,7537340,7537340,4445
161426,258,1029,1038,5,0,31168,0,0,0,7538113,7538113,4445
161443,258,13,1038,4,0,31168,0,0,0,7539062,7539062,4445
161459,258,60,1038,4,0,31168,0,0,0,7539950,7539950,4445
161475,258,109,1038,4,0,31168,0,0,0,7540743,7540743,4445
161491,258,138,1038,4,0,31168,0,0,0,7541595,7541595,4445
161506,258,156,1038,4,0,31168,0,0,0,7542374,7542374,4445
161523,258,170,1038,4,0,31168,0,0,0,7543225,7543225,4445
161540,258,186,1038,4,0,31168,0,0,0,7544114,7544114,4445
161556,258,204,1039,5,0,31168,0,0,0,7545041,7545041,4445
161572,258,224,1039,5,0,31168,0,0,0,7545836,7545836,4445
161588,258,239,1039,5,0,31168,0,0,0,7546755,7546755,4445
161604,258,264,1039,5,0,31168,0,0,0,7547562,7547562,4445
161620,258,300,1039,5,0,31168,0,0,0,7548327,7548327,4445
161635,258,320,1039,5,0,31168,0,0,0,7549120,7549120,4445
161650,258,337,1039,5,0,31168,0,0,0,7549924,7549924,4445
161667,258,359,1039,5,0,31168,0,0,0,7550818,7550818,4445
161682,258,388,1039,5,0,31168,0,0,0,7551611,7551611,4445
161698,258,414,1039,5,0,31168,0,0,0,7552445,7552445,4445
161714,258,438,1039,5,0,31168,0,0,0,7553249,7553249,4445
161731,258,459,1039,5,0,31168,0,0,0,7554080,7554080,4445
161747,258,481,1039,5,0,31168,0,0,0,7554889,7554889,4445
161762,258,514,1039,5,0,31168,0,0,0,7555659,7555659,4445
161779,258,536,1039,5,0,31168,0,0,0,7556439,7556439,4445
161795,258,563,1039,5,0,31168,0,0,0,7557245,7557245,4445
161811,258,585,1039,5,0,31168,0,0,0,7558036,7558036,4445
161826,258,615,1039,5,0,31168,0,0,0,7558866,7558866,4445
161842,258,645,1039,5,0,31168,0,0,0,7559624,7559624,4445
161858,258,684,1039,5,0,31168,0,0,0,7560439,7560439,4445
161873,258,720,1039,5,0,31168,0,0,0,7561190,7561190,4445
161889,258,757,1039,5,0,31168,0,0,0,7561943,7561943,4445
161904,258,786,1039,5,0,31168,0,0,0,7562712,7562712,4445
161920,258,816,1039,5,0,31168,0,0,0,7563494,7563494,4445
161936,258,860,1039,5,0,31168,0,0,0,7564287,7564287,4445
161952,258,892,1039,5,0,31168,0,0,0,7565190,7565190,4445
161968,258,914,1039,5,0,31168,0,0,0,7565943,7565943,4445
161983,258,950,1039,5,0,31168,0,0,0,7566744,7566744,4445
162000,258,978,1039,5,0,31168,0,0,0,7567587,7567587,4445
162017,259,1005,1039,5,0,31168,0,0,0,7568442,7568442,4445
162033,259,5,1039,5,0,31168,0,0,0,7569286,7569286,4445
162049,259,30,1039,5,0,31168,0,0,0,7570099,7570099,4445
162064,259,88,1039,5,0,31168,0,0,0,7570871,7570871,4445
162080,259,110,1039,5,0,31168,0,0,0,7571660,7571660,4445
162096,259,137,1039,5,0,31168,0,0,0,7572550,7572550,4445
162111,259,152,1039,5,0,31168,0,0,0,7573395,7573395,4445
162128,259,168,1039,5,0,31168,0,0,0,7574229,7574229,4445
162144,259,186,1039,5,0,31168,0,0,0,7575119,7575119,4445
162160,259,208,1039,5,0,31168,0,0,0,7575920,7575920,4445
162177,259,229,1039,5,0,31168,0,0,0,7576815,7576815,4445
162193,259,249,1039,5,0,31168,0,0,0,7577667,7577667,4445
162208,259,276,1039,5,0,31168,0,0,0,7578503,7578503,4445
162225,259,304,1039,5,0,31168,0,0,0,7579398,7579398,4445
162240,259,331,1039,5,0,31168,0,0,0,7580199,7580199,4445
162255,259,343,1039,5,0,31168,0,0,0,7580950,7580950,4445
162272,259,366,1039,5,0,31168,0,0,0,7581838,7581838,4445
162287,259,393,1039,5,0,31168,0,0,0,7582566,7582566,4445
162304,259,415,1039,5,0,31168,0,0,0,7583397,7583397,4445
162320,259,442,1039,5,0,31168,0,0,0,7584158,7584158,4445
162336,259,456,1039,5,0,31168,0,0,0,7584947,7584947,4445
162352,259,481,1039,5,0,31168,0,0,0,7585773,7585773,4445
162367,259,508,1039,5,0,31168,0,0,0,7586504,7586504,4445
162382,259,532,1039,5,0,31168,0,0,0,7587294,7587294,4445
162398,259,559,1039,5,0,31168,0,0,0,7588116,7588116,4445
162414,259,586,1039,5,0,31168,0,0,0,7588968,7588968,4445
162430,259,613,1039,5,0,31168,0,0,0,7589710,7589710,4445
162446,259,636,1039,5,0,31168,0,0,0,7590520,7590520,4445
162462,259,673,1039,5,0,31168,0,0,0,7591333,7591333,4445
162478,259,720,1039,5,0,31168,0,0,0,7592192,7592192,4445
162495,259,746,1039,5,0,31168,0,0,0,7593002,7593002,4445
162511,259,767,1039,5,0,31168,0,0,0,7593628,7593628,4445
162526,259,792,1039,5,0,31168,0,0,0,7594397,7594397,4445
162541,259,821,1039,5,0,31168,0,0,0,7595173,7595173,4445
162556,259,865,1039,5,0,31168,0,0,0,7595952,7595952,4445
162571,259,892,1039,5,0,31168,0,0,0,7596729,7596729,4445
162588,259,921,1039,5,0,31168,0,0,0,7597517,7597517,4445
162603,259,952,1039,5,0,31168,0,0,0,7598277,7598277,4445
162621,259,978,1039,5,0,31168,0,0,0,7599024,7599024,4445
162636,260,1004,1039,5,0,31168,0,0,0,7599773,7599773,4445
162652,260,1,1039,5,0,31168,0,0,0,7600609,7600609,4445
162668,260,19,1039,5,0,31168,0,0,0,7601512,7601512,4445
162685,260,62,1039,5,0,31168,0,0,0,7602379,7602379,4445
162700,260,116,1039,5,0,31168,0,0,0,7603170,7603170,4445
162717,260,144,1039,5,0,31168,0,0,0,7604025,7604025,4445
162733,260,163,1039,5,0,31168,0,0,0,7604914,7604914,4445
162749,260,181,1039,5,0,31168,0,0,0,7605750,7605750,4445
162765,260,208,1039,5,0,31168,0,0,0,7606555,7606555,4445
162780,260,231,1039,5,0,31168,0,0,0,7607457,7607457,4445
162796,260,252,1039,5,0,31168,0,0,0,7608292,7608292,4445
162812,260,275,1039,5,0,31168,0,0,0,7609090,7609090,4445
162827,260,304,1039,5,0,31168,0,0,0,7609859,7609859,4445
162843,260,327,1039,5,0,31168,0,0,0,7610642,7610642,4445
162859,260,343,1039,5,0,31168,0,0,0,7611402,7611402,4445
162874,260,375,1039,5,0,31168,0,0,0,7612222,7612222,4445
162891,260,400,1039,5,0,31168,0,0,0,7613044,7613044,4445
162907,260,431,1039,5,0,31168,0,0,0,7613834,7613834,4445
162922,260,449,1039,5,0,31168,0,0,0,7614668,7614668,4445
162938,260,475,1039,5,0,31168,0,0,0,7615528,7615528,4445
162954,260,502,1039,5,0,31168,0,0,0,7616396,7616396,4445
162969,260,519,1039,5,0,31168,0,0,0,7617191,7617191,4445
162985,260,538,1039,5,0,31168,0,0,0,7617957,7617957,4445
163001,260,563,1039,5,0,31168,0,0,0,7618718,7618718,4445
163017,260,588,1039,5,0,31168,0,0,0,7619516,7619516,4445
163032,260,608,1039,5,0,31168,0,0,0,7620305,7620305,4445
163047,260,636,1039,5,0,31168,0,0,0,7621070,7621070,4445
163063,260,674,1039,5,0,31168,0,0,0,7621897,7621897,4445
163078,260,703,1039,5,0,31168,0,0,0,7622691,7622691,4445
163094,260,735,1039,5,0,31168,0,0,0,7623447,7623447,4445
163109,260,760,1039,5,0,31168,0,0,0,7624116,7624116,4445
163125,260,784,1039,5,0,31168,0,0,0,7624893,7624893,4445
163142,260,817,1039,5,0,31168,0,0,0,7625746,7625746,4445
163158,260,850,1039,5,0,31168,0,0,0,7626459,7626459,4445
163173,260,892,1039,5,0,31168,0,0,0,7627231,7627231,4445
163188,260,930,1039,5,0,31168,0,0,0,7627939,7627939,4445
163203,260,955,1039,5,0,31168,0,0,0,7628755,7628755,4445
163220,260,987,1039,5,0,31168,0,0,0,7629554,7629554,4445
163236,261,1011,1039,5,0,31168,0,0,0,7630418,7630418,4445
163252,261,8,1039,4,0,31168,0,0,0,7631312,7631312,4445
163267,261,24,1039,4,0,31168,0,0,0,7632017,7632017,4445
163284,261,99,1039,4,0,31168,0,0,0,7632907,7632907,4445
163300,261,126,1039,4,0,31168,0,0,0,7633795,7633795,4445
163315,261,145,1039,4,0,31168,0,0,0,7634646,7634646,4445
163331,261,160,1039,4,0,31168,0,0,0,7635498,7635498,4445
163348,261,179,1039,4,0,31168,0,0,0,7636390,7636390,4445
163363,261,197,1039,4,0,31168,0,0,0,7637217,7637217,4445
163380,261,220,1039,4,0,31168,0,0,0,7638072,7638072,4445
163395,261,236,1039,4,0,31168,0,0,0,7638875,7638875,4445
163412,261,271,1039,4,0,31168,0,0,0,7639723,7639723,4445
163428,261,302,1039,4,0,31168,0,0,0,7640489,7640489,4445
163443,261,324,1039,4,0,31168,0,0,0,7641237,7641237,4445
163458,261,343,1039,4,0,31168,0,0,0,7641992,7641992,4445
163473,261,366,1039,4,0,31168,0,0,0,7642737,7642737,4445
163490,261,398,1039,4,0,31168,0,0,0,7643578,7643578,4445
163505,261,424,1039,4,0,31168,0,0,0,7644313,7644313,4445
163521,261,442,1039,4,0,31168,0,0,0,7645112,7645112,4445
163537,261,462,1039,4,0,31168,0,0,0,7646011,7646011,4445
163553,261,481,1039,4,0,31168,0,0,0,7646838,7646838,4445
163568,261,504,1039,4,0,31168,0,0,0,7647608,7647608,4445
163583,261,528,1039,4,0,31168,0,0,0,7648393,7648393,4445
163598,261,553,1039,4,0,31168,0,0,0,7649053,7649053,4445
163614,261,572,1039,4,0,31168,0,0,0,7649858,7649858,4445
163629,261,591,1039,4,0,31168,0,0,0,7650638,7650638,4445
163645,261,617,1039,4,0,31168,0,0,0,7651347,7651347,4445
163660,261,646,1039,4,0,31168,0,0,0,7652095,7652095,4445
163676,261,675,1039,4,0,31168,0,0,0,7652966,7652966,4445
163692,261,713,1039,4,0,31168,0,0,0,7653744,7653744,4445
163707,261,746,1039,4,0,31168,0,0,0,7654473,7654473,4445
163723,261,779,1039,4,0,31168,0,0,0,7655220,7655220,4445
163740,261,801,1039,4,0,31168,0,0,0,7656063,7656063,4445
163756,261,846,1039,4,0,31168,0,0,0,7656888,7656888,4445
163771,261,877,1039,4,0,31168,0,0,0,7657687,7657687,4445
163787,261,907,1039,4,0,31168,0,0,0,7658488,7658488,4445
163802,261,933,1039,4,0,31168,0,0,0,7659093,7659093,4445
163818,261,960,1039,4,0,31168,0,0,0,7659892,7659892,4445
163833,262,992,1039,4,0,31168,0,0,0,7660638,7660638,4445
163848,262,1015,1039,4,0,31168,0,0,0,7661420,7661420,4445
163864,262,11,1039,3,0,31168,0,0,0,7662340,7662340,4445
163880,262,31,1039,3,0,31168,0,0,0,7663204,7663204,4445
163895,262,104,1039,3,0,31168,0,0,0,7663972,7663972,4445
163911,262,125,1039,3,0,31168,0,0,0,7664750,7664750,4445
163928,262,147,1039,3,0,31168,0,0,0,7665630,7665630,4445
163943,262,164,1039,3,0,31168,0,0,0,7666471,7666471,4445
163958,262,181,1039,3,0,31168,0,0,0,7667249,7667249,4445
163975,262,201,1039,3,0,31168,0,0,0,7668122,7668122,4445
163991,262,218,1039,3,0,31168,0,0,0,7668959,7668959,4445
164006,262,231,1039,3,0,31168,0,0,0,7669694,7669694,4445
164021,262,252,1039,3,0,31168,0,0,0,7670491,7670491,4445
164037,262,288,1039,3,0,31168,0,0,0,7671300,7671300,4445
164052,262,317,1039,3,0,31168,0,0,0,7672079,7672079,4445
164068,262,339,1039,3,0,31168,0,0,0,7672926,7672926,4445
164083,262,359,1039,3,0,31168,0,0,0,7673722,7673722,4445
164099,262,380,1039,3,0,31168,0,0,0,7674487,7674487,4445
164115,262,412,1039,3,0,31168,0,0,0,7675266,7675266,4445
164131,262,440,1039,3,0,31168,0,0,0,7676091,7676091,4445
164147,262,465,1039,3,0,31168,0,0,0,7676909,7676909,4445
164162,262,484,1039,3,0,31168,0,0,0,7677640,7677640,4445
164178,262,510,1039,3,0,31168,0,0,0,7678423,7678423,4445
164194,262,528,1039,3,0,31168,0,0,0,7679238,7679238,4445
164209,262,551,1039,3,0,31168,0,0,0,7679977,7679977,4445
164226,262,580,1039,3,0,31168,0,0,0,7680843,7680843,4445
164242,262,608,1039,3,0,31168,0,0,0,7681689,7681689,4445
164258,262,635,1039,3,0,31168,0,0,0,7682407,7682407,4445
164274,262,660,1039,3,0,31168,0,0,0,7683148,7683148,4445
164289,262,683,1039,3,0,31168,0,0,0,7683970,7683970,4445
164305,262,707,1039,3,0,31168,0,0,0,7684701,7684701,4445
164321,262,748,1039,3,0,31168,0,0,0,7685504,7685504,4445
164338,262,778,1039,3,0,31168,0,0,0,7686318,7686318,4445
164355,262,803,1039,3,0,31168,0,0,0,7687194,7687194,4445
164370,262,834,1039,3,0,31168,0,0,0,7687966,7687966,4445
164385,262,876,1039,3,0,31168,0,0,0,7688731,7688731,4445
164401,262,911,1039,3,0,31168,0,0,0,7689596,7689596,4445
164418,262,936,1039,3,0,31168,0,0,0,7690440,7690440,4445
164434,262,967,1039,3,0,31168,0,0,0,7691295,7691295,4445
164449,262,984,1039,3,0,31168,0,0,0,7691736,7691736,4445
164464,263,996,1039,3,0,31168,0,0,0,7692462,7692462,4445
164479,263,4,1039,3,0,31168,0,0,0,7693249,7693249,4445
164495,263,21,1039,3,0,31168,0,0,0,7694051,7694051,4445
164510,263,64,1039,3,0,31168,0,0,0,7694904,7694904,4445
164527,263,126,1039,3,0,31168,0,0,0,7695793,7695793,4445
164543,263,146,1039,3,0,31168,0,0,0,7696538,7696538,4445
164558,263,161,1039,3,0,31168,0,0,0,7697330,7697330,4445
164574,263,180,1039,3,0,31168,0,0,0,7698142,7698142,4445
164589,263,192,1039,3,0,31168,0,0,0,7698838,7698838,4445
164606,263,219,1039,3,0,31168,0,0,0,7699734,7699734,4445
164621,263,236,1039,3,0,31168,0,0,0,7700553,7700553,4445
164637,263,257,1039,3,0,31168,0,0,0,7701350,7701350,4445
164653,263,286,1039,3,0,31168,0,0,0,7702185,7702185,4445
164669,263,317,1039,3,0,31168,0,0,0,7702962,7702962,4445
164685,263,339,1039,3,0,31168,0,0,0,7703806,7703806,4445
164701,263,359,1039,3,0,31168,0,0,0,7704601,7704601,4445
164716,263,385,1039,3,0,31168,0,0,0,7705386,7705386,4445
164732,263,414,1039,3,0,31168,0,0,0,7706172,7706172,4445
164748,263,442,1039,3,0,31168,0,0,0,7706953,7706953,4445
164763,263,459,1039,3,0,31168,0,0,0,7707805,7707805,4445
164778,263,485,1039,3,0,31168,0,0,0,7708589,7708589,4445
164795,263,516,1039,3,0,31168,0,0,0,7709423,7709423,4445
164811,263,538,1039,3,0,31168,0,0,0,7710191,7710191,4445
164827,263,567,1039,3,0,31168,0,0,0,7710990,7710990,4445
164843,263,593,1039,3,0,31168,0,0,0,7711854,7711854,4445
164859,263,618,1039,3,0,31168,0,0,0,7712661,7712661,4445
164875,263,655,1039,3,0,31168,0,0,0,7713466,7713466,4445
164890,263,683,1039,3,0,31168,0,0,0,7714318,7714318,4445
164905,263,734,1039,3,0,31168,0,0,0,7715041,7715041,4445
164922,263,767,1039,3,0,31168,0,0,0,7715825,7715825,4445
164938,263,792,1039,3,0,31168,0,0,0,7716604,7716604,4445
164953,263,816,1039,3,0,31168,0,0,0,7717373,7717373,4445
164969,263,846,1039,3,0,31168,0,0,0,7718175,7718175,4445
164985,263,884,1039,3,0,31168,0,0,0,7718981,7718981,4445
165001,263,910,1039,3,0,31168,0,0,0,7719817,7719817,4445
165016,263,948,1039,3,0,31168,0,0,0,7720599,7720599,4445
165032,263,971,1039,3,0,31168,0,0,0,7721402,7721402,4445
165051,263,978,1039,3,0,31168,0,0,0,7721706,7721706,4445
165066,264,1002,1039,3,0,31168,0,0,0,7722541,7722541,4445
165081,264,3,1039,3,0,31168,0,0,0,7723319,7723319,4445
165097,264,26,1039,3,0,31168,0,0,0,7724161,7724161,4445
165113,264,98,1039,3,0,31168,0,0,0,7725038,7725038,4445
165129,264,116,1039,3,0,31168,0,0,0,7725947,7725947,4445
165144,264,141,1039,3,0,31168,0,0,0,7726733,7726733,4445
165161,264,160,1039,3,0,31168,0,0,0,7727537,7727537,4445
165176,264,171,1039,3,0,31168,0,0,0,7728320,7728320,4445
165191,264,187,1039,3,0,31168,0,0,0,7729154,7729154,4445
165207,264,214,1039,3,0,31168,0,0,0,7730051,7730051,4445
165223,264,229,1039,3,0,31168,0,0,0,7730804,7730804,4445
165238,264,248,1039,3,0,31168,0,0,0,7731583,7731583,4445
165254,264,274,1039,3,0,31168,0,0,0,7732355,7732355,4445
165271,264,301,1039,3,0,31168,0,0,0,7733142,7733142,4445
165286,264,324,1039,3,0,31168,0,0,0,7733937,7733937,4445
165302,264,345,1039,3,0,31168,0,0,0,7734815,7734815,4445
165317,264,370,1039,3,0,31168,0,0,0,7735587,7735587,4445
165334,264,389,1039,3,0,31168,0,0,0,7736431,7736431,4445
165351,264,409,1039,3,0,31168,0,0,0,7737263,7737263,4445
165367,264,438,1039,3,0,31168,0,0,0,7738083,7738083,4445
165383,264,451,1039,3,0,31168,0,0,0,7739021,7739021,4445
165400,264,473,1039,3,0,31168,0,0,0,7739866,7739866,4445
165416,264,494,1039,3,0,31168,0,0,0,7740748,7740748,4445
165431,264,524,1039,3,0,31168,0,0,0,7741516,7741516,4445
165448,264,551,1039,3,0,31168,0,0,0,7742339,7742339,4445
165464,264,583,1039,3,0,31168,0,0,0,7743145,7743145,4445
165481,264,601,1039,3,0,31168,0,0,0,7744008,7744008,4445
165496,264,643,1039,3,0,31168,0,0,0,7744799,7744799,4445
165511,264,675,1039,3,0,31168,0,0,0,7745604,7745604,4445
165528,264,705,1039,3,0,31168,0,0,0,7746457,7746457,4445
165544,264,741,1039,3,0,31168,0,0,0,7747208,7747208,4445
165562,264,773,1039,3,0,31168,0,0,0,7748048,7748048,4445
165577,264,803,1039,3,0,31168,0,0,0,7748846,7748846,4445
165592,264,845,1039,3,0,31168,0,0,0,7749574,7749574,4445
165608,264,865,1039,3,0,31168,0,0,0,7750383,7750383,4445
165623,264,893,1039,3,0,31168,0,0,0,7751106,7751106,4445
165650,264,927,1039,3,0,31168,0,0,0,7751816,7751816,4445
165666,264,956,1039,3,0,31168,0,0,0,7752635,7752635,4445
165690,264,978,1039,3,0,31168,0,0,0,7753263,7753263,4445
165706,265,1002,1039,3,0,31168,0,0,0,7754050,7754050,4445
165722,265,6,1039,3,0,31168,0,0,0,7754932,7754932,4445
165737,265,19,1039,3,0,31168,0,0,0,7755726,7755726,4445
165754,265,62,1039,3,0,31168,0,0,0,7756616,7756616,4445
165770,265,110,1039,3,0,31168,0,0,0,7757461,7757461,4445
165785,265,138,1039,3,0,31168,0,0,0,7758285,7758285,4445
165800,265,156,1039,3,0,31168,0,0,0,7759095,7759095,4445
165816,265,180,1039,3,0,31168,0,0,0,7759929,7759929,4445
165831,265,201,1039,3,0,31168,0,0,0,7760749,7760749,4445
165846,265,220,1039,3,0,31168,0,0,0,7761498,7761498,4445
165863,265,239,1039,3,0,31168,0,0,0,7762360,7762360,4445
165878,265,271,1039,3,0,31168,0,0,0,7763124,7763124,4445
165893,265,298,1039,3,0,31168,0,0,0,7763879,7763879,4445
165909,265,320,1039,3,0,31168,0,0,0,7764714,7764714,4445
165924,265,338,1039,3,0,31168,0,0,0,7765537,7765537,4445
165940,265,359,1039,3,0,31168,0,0,0,7766298,7766298,4445
165957,265,393,1039,3,0,31168,0,0,0,7767125,7767125,4445
165972,265,409,1039,3,0,31168,0,0,0,7767897,7767897,4445
165989,265,431,1039,3,0,31168,0,0,0,7768709,7768709,4445
166004,265,448,1039,3,0,31168,0,0,0,7769506,7769506,4445
166020,265,473,1039,3,0,31168,0,0,0,7770286,7770286,4445
166036,265,494,1039,3,0,31168,0,0,0,7771074,7771074,4445
166051,265,519,1039,3,0,31168,0,0,0,7771853,7771853,4445
166068,265,550,1039,3,0,31168,0,0,0,7772706,7772706,4445
166084,265,570,1039,3,0,31168,0,0,0,7773519,7773519,4445
166101,265,593,1039,3,0,31168,0,0,0,7774378,7774378,4445
166116,265,620,1039,3,0,31168,0,0,0,7775098,7775098,4445
166132,265,658,1039,3,0,31168,0,0,0,7775847,7775847,4445
166147,265,696,1039,3,0,31168,0,0,0,7776695,7776695,4445
166162,265,728,1039,3,0,31168,0,0,0,7777460,7777460,4445
166178,265,766,1039,3,0,31168,0,0,0,7778236,7778236,4445
166193,265,783,1039,3,0,31168,0,0,0,7778945,7778945,4445
166210,265,815,1039,3,0,31168,0,0,0,7779775,7779775,4445
166225,265,850,1039,3,0,31168,0,0,0,7780551,7780551,4445
166241,265,884,1039,3,0,31168,0,0,0,7781348,7781348,4445
166258,265,909,1039,3,0,31168,0,0,0,7782192,7782192,4445
166275,265,953,1039,3,0,31168,0,0,0,7783067,7783067,4445
166294,265,978,1039,3,0,31168,0,0,0,7783822,7783822,4445
166310,266,1002,1039,3,0,31168,0,0,0,7784651,7784651,4445
166325,266,0,1039,3,0,31168,0,0,0,7785423,7785423,4445
166340,266,21,1039,3,0,31168,0,0,0,7786254,7786254,4445
166356,266,80,1039,3,0,31168,0,0,0,7787043,7787043,4445
166371,266,128,1039,3,0,31168,0,0,0,7787919,7787919,4445
166387,266,147,1039,3,0,31168,0,0,0,7788707,7788707,4445
166403,266,165,1039,3,0,31168,0,0,0,7789527,7789527,4445
166420,266,186,1039,3,0,31168,0,0,0,7790438,7790438,4445
166435,266,215,1039,3,0,31168,0,0,0,7791286,7791286,4445
166452,266,234,1039,3,0,31168,0,0,0,7792140,7792140,4445
166467,266,251,1039,3,0,31168,0,0,0,7792946,7792946,4445
166482,266,282,1039,3,0,31168,0,0,0,7793715,7793715,4445
166497,266,309,1039,3,0,31168,0,0,0,7794458,7794458,4445
166513,266,333,1039,3,0,31168,0,0,0,7795221,7795221,4445
166529,266,357,1039,3,0,31168,0,0,0,7796058,7796058,4445
166545,266,388,1039,3,0,31168,0,0,0,7796873,7796873,4445
166560,266,404,1039,3,0,31168,0,0,0,7797559,7797559,4445
166576,266,435,1039,3,0,31168,0,0,0,7798297,7798297,4445
166591,266,450,1039,3,0,31168,0,0,0,7799059,7799059,4445
166607,266,467,1039,3,0,31168,0,0,0,7799848,7799848,4445
166623,266,485,1039,3,0,31168,0,0,0,7800645,7800645,4445
166638,266,510,1039,3,0,31168,0,0,0,7801457,7801457,4445
166654,266,535,1039,3,0,31168,0,0,0,7802245,7802245,4445
166669,266,563,1039,3,0,31168,0,0,0,7803006,7803006,4445
166685,266,590,1039,3,0,31168,0,0,0,7803817,7803817,4445
166701,266,618,1039,3,0,31168,0,0,0,7804642,7804642,4445
166718,266,655,1039,3,0,31168,0,0,0,7805476,7805476,4445
166733,266,689,1039,3,0,31168,0,0,0,7806304,7806304,4445
166749,266,720,1039,3,0,31168,0,0,0,7807132,7807132,4445
166765,266,757,1039,3,0,31168,0,0,0,7807890,7807890,4445
166782,266,779,1039,3,0,31168,0,0,0,7808677,7808677,4445
166797,266,807,1039,3,0,31168,0,0,0,7809467,7809467,4445
166812,266,836,1039,3,0,31168,0,0,0,7810225,7810225,4445
166829,266,865,1039,3,0,31168,0,0,0,7811061,7811061,4445
166844,266,900,1039,3,0,31168,0,0,0,7811849,7811849,4445
166861,266,930,1039,3,0,31168,0,0,0,7812666,7812666,4445
166877,266,959,1039,3,0,31168,0,0,0,7813467,7813467,4445
166895,266,978,1039,3,0,31168,0,0,0,7814074,7814074,4445
166910,267,996,1039,3,0,31168,0,0,0,7814761,7814761,4445
166926,267,1029,1039,3,0,31168,0,0,0,7815559,7815559,4445
166941,267,13,1039,3,0,31168,0,0,0,7816315,7816315,4445
166957,267,46,1039,3,0,31168,0,0,0,7817239,7817239,4445
166974,267,104,1039,3,0,31168,0,0,0,7818118,7818118,4445
166990,267,136,1039,3,0,31168,0,0,0,7818935,7818935,4445
167005,267,160,1039,3,0,31168,0,0,0,7819762,7819762,4445
167021,267,183,1039,3,0,31168,0,0,0,7820615,7820615,4445
167036,267,207,1039,3,0,31168,0,0,0,7821441,7821441,4445
167051,267,229,1039,3,0,31168,0,0,0,7822246,7822246,4445
167067,267,250,1039,3,0,31168,0,0,0,7823083,7823083,4445
167083,267,276,1039,3,0,31168,0,0,0,7823943,7823943,4445
167098,267,313,1039,3,0,31168,0,0,0,7824800,7824800,4445
167115,267,332,1039,3,0,31168,0,0,0,7825653,7825653,4445
167131,267,353,1039,3,0,31168,0,0,0,7826502,7826502,4445
167147,267,384,1039,3,0,31168,0,0,0,7827263,7827263,4445
167164,267,409,1039,3,0,31168,0,0,0,7828108,7828108,4445
167180,267,441,1039,3,0,31168,0,0,0,7828916,7828916,4445
167197,267,456,1039,3,0,31168,0,0,0,7829791,7829791,4445
167212,267,480,1039,3,0,31168,0,0,0,7830589,7830589,4445
167228,267,502,1039,3,0,31168,0,0,0,7831426,7831426,4445
167243,267,521,1039,3,0,31168,0,0,0,7832200,7832200,4445
167258,267,550,1039,3,0,31168,0,0,0,7832981,7832981,4445
167275,267,585,1039,3,0,31168,0,0,0,7833830,7833830,4445
167290,267,608,1039,3,0,31168,0,0,0,7834591,7834591,4445
167305,267,636,1039,3,0,31168,0,0,0,7835367,7835367,4445
167321,267,669,1039,3,0,31168,0,0,0,7836198,7836198,4445
167337,267,702,1039,3,0,31168,0,0,0,7837021,7837021,4445
167354,267,736,1039,3,0,31168,0,0,0,7837803,7837803,4445
167369,267,769,1039,3,0,31168,0,0,0,7838544,7838544,4445
167385,267,794,1039,3,0,31168,0,0,0,7839292,7839292,4445
167400,267,832,1039,3,0,31168,0,0,0,7840079,7840079,4445
167415,267,860,1039,3,0,31168,0,0,0,7840821,7840821,4445
167431,267,893,1039,3,0,31168,0,0,0,7841618,7841618,4445
167446,267,921,1039,3,0,31168,0,0,0,7842338,7842338,4445
167461,267,953,1039,3,0,31168,0,0,0,7843110,7843110,4445
167477,267,982,1039,3,0,31168,0,0,0,7843582,7843582,4445
167493,268,1005,1039,3,0,31168,0,0,0,7844397,7844397,4445
167509,268,5,1039,3,0,31168,0,0,0,7845271,7845271,4445
167525,268,23,1039,3,0,31168,0,0,0,7846182,7846182,4445
167542,268,99,1039,3,0,31168,0,0,0,7847071,7847071,4445
167558,268,116,1039,3,0,31168,0,0,0,7847889,7847889,4445
167573,268,146,1039,3,0,31168,0,0,0,7848683,7848683,4445
167588,268,170,1039,3,0,31168,0,0,0,7849514,7849514,4445
167604,268,193,1039,3,0,31168,0,0,0,7850347,7850347,4445
167619,268,219,1039,3,0,31168,0,0,0,7851192,7851192,4445
167635,268,231,1039,3,0,31168,0,0,0,7852005,7852005,4445
167650,268,261,1039,3,0,31168,0,0,0,7852860,7852860,4445
167665,268,295,1039,3,0,31168,0,0,0,7853591,7853591,4445
167682,268,324,1039,3,0,31168,0,0,0,7854408,7854408,4445
167697,268,350,1039,3,0,31168,0,0,0,7855206,7855206,4445
167713,268,377,1039,3,0,31168,0,0,0,7855926,7855926,4445
167729,268,399,1039,3,0,31168,0,0,0,7856664,7856664,4445
167744,268,434,1039,3,0,31168,0,0,0,7857452,7857452,4445
167759,268,449,1039,3,0,31168,0,0,0,7858315,7858315,4445
167775,268,477,1039,3,0,31168,0,0,0,7859086,7859086,4445
167790,268,501,1039,3,0,31168,0,0,0,7859888,7859888,4445
167806,268,518,1039,3,0,31168,0,0,0,7860668,7860668,4445
167822,268,540,1039,3,0,31168,0,0,0,7861406,7861406,4445
167837,268,566,1039,3,0,31168,0,0,0,7862148,7862148,4445
167852,268,601,1039,3,0,31168,0,0,0,7862928,7862928,4445
167868,268,635,1039,3,0,31168,0,0,0,7863751,7863751,4445
167884,268,662,1039,3,0,31168,0,0,0,7864527,7864527,4445
167900,268,700,1039,3,0,31168,0,0,0,7865333,7865333,4445
167916,268,729,1039,3,0,31168,0,0,0,7866130,7866130,4445
167931,268,760,1039,3,0,31168,0,0,0,7866859,7866859,4445
167948,268,793,1039,3,0,31168,0,0,0,7867627,7867627,4445
167964,268,820,1039,3,0,31168,0,0,0,7868447,7868447,4445
167980,268,865,1039,3,0,31168,0,0,0,7869272,7869272,4445
167995,268,892,1039,3,0,31168,0,0,0,7870027,7870027,4445
168011,268,916,1039,3,0,31168,0,0,0,7870723,7870723,4445
168027,268,956,1039,3,0,31168,0,0,0,7871539,7871539,4445
168043,268,982,1039,3,0,31168,0,0,0,7872083,7872083,4445
168060,269,1005,1039,3,0,31168,0,0,0,7872935,7872935,4445
168075,269,3,1039,3,0,31168,0,0,0,7873800,7873800,4445
168091,269,19,1039,3,0,31168,0,0,0,7874599,7874599,4445
168106,269,100,1039,3,0,31168,0,0,0,7875415,7875415,4445
168122,269,131,1039,3,0,31168,0,0,0,7876275,7876275,4445
168138,269,149,1039,3,0,31168,0,0,0,7877103,7877103,4445
168154,269,167,1039,3,0,31168,0,0,0,7877960,7877960,4445
168169,269,186,1039,3,0,31168,0,0,0,7878772,7878772,4445
168186,269,208,1039,3,0,31168,0,0,0,7879634,7879634,4445
168202,269,224,1039,3,0,31168,0,0,0,7880425,7880425,4445
168217,269,245,1039,3,0,31168,0,0,0,7881266,7881266,4445
168233,269,271,1039,3,0,31168,0,0,0,7882010,7882010,4445
168250,269,301,1039,3,0,31168,0,0,0,7882817,7882817,4445
168266,269,320,1039,3,0,31168,0,0,0,7883692,7883692,4445
168282,269,337,1039,3,0,31168,0,0,0,7884498,7884498,4445
168297,269,359,1039,3,0,31168,0,0,0,7885265,7885265,4445
168312,269,383,1039,3,0,31168,0,0,0,7886005,7886005,4445
168328,269,409,1039,3,0,31168,0,0,0,7886853,7886853,4445
168344,269,437,1039,3,0,31168,0,0,0,7887630,7887630,4445
168361,269,459,1039,3,0,31168,0,0,0,7888511,7888511,4445
168377,269,482,1039,3,0,31168,0,0,0,7889312,7889312,4445
168392,269,510,1039,3,0,31168,0,0,0,7890069,7890069,4445
168407,269,533,1039,3,0,31168,0,0,0,7890814,7890814,4445
168423,269,559,1039,3,0,31168,0,0,0,7891611,7891611,4445
168439,269,586,1039,3,0,31168,0,0,0,7892393,7892393,4445
168454,269,602,1039,3,0,31168,0,0,0,7893121,7893121,4445
168469,269,628,1039,3,0,31168,0,0,0,7893867,7893867,4445
168485,269,658,1039,3,0,31168,0,0,0,7894620,7894620,4445
168501,269,683,1039,3,0,31168,0,0,0,7895432,7895432,4445
168516,269,728,1039,3,0,31168,0,0,0,7896178,7896178,4445
168533,269,764,1039,3,0,31168,0,0,0,7896919,7896919,4445
168550,269,792,1039,3,0,31168,0,0,0,7897761,7897761,4445
168567,269,820,1039,3,0,31168,0,0,0,7898553,7898553,4445
168584,269,856,1039,3,0,31168,0,0,0,7899385,7899385,4445
168599,269,885,1039,3,0,31168,0,0,0,7900177,7900177,4445
168615,269,908,1039,3,0,31168,0,0,0,7900977,7900977,4445
168631,269,938,1039,3,0,31168,0,0,0,7901787,7901787,4445
168647,269,971,1039,3,0,31168,0,0,0,7902686,7902686,4445
168663,269,982,1039,3,0,31168,0,0,0,7903119,7903119,4445
168679,270,1005,1039,3,0,31168,0,0,0,7903895,7903895,4445
168694,270,3,1039,3,0,31168,0,0,0,7904703,7904703,4445
168709,270,19,1039,3,0,31168,0,0,0,7905576,7905576,4445
168726,270,61,1039,3,0,31168,0,0,0,7906412,7906412,4445
168742,270,118,1039,3,0,31168,0,0,0,7907256,7907256,4445
168757,270,141,1039,3,0,31168,0,0,0,7908048,7908048,4445
168772,270,156,1039,3,0,31168,0,0,0,7908828,7908828,4445
168788,270,170,1039,3,0,31168,0,0,0,7909630,7909630,4445
168804,270,188,1039,3,0,31168,0,0,0,7910495,7910495,4445
168819,270,208,1039,3,0,31168,0,0,0,7911274,7911274,4445
168834,270,233,1039,3,0,31168,0,0,0,7912121,7912121,4445
168850,270,257,1039,3,0,31168,0,0,0,7912931,7912931,4445
168865,270,281,1039,3,0,31168,0,0,0,7913718,7913718,4445
168882,270,315,1039,3,0,31168,0,0,0,7914542,7914542,4445
168897,270,335,1039,3,0,31168,0,0,0,7915384,7915384,4445
168913,270,353,1039,3,0,31168,0,0,0,7916182,7916182,4445
168928,270,379,1039,3,0,31168,0,0,0,7916928,7916928,4445
168943,270,404,1039,3,0,31168,0,0,0,7917708,7917708,4445
168959,270,436,1039,3,0,31168,0,0,0,7918495,7918495,4445
168975,270,455,1039,3,0,31168,0,0,0,7919347,7919347,4445
168991,270,485,1039,3,0,31168,0,0,0,7920172,7920172,4445
169006,270,514,1039,3,0,31168,0,0,0,7920944,7920944,4445
169021,270,538,1039,3,0,31168,0,0,0,7921666,7921666,4445
169038,270,566,1039,3,0,31168,0,0,0,7922479,7922479,4445
169055,270,591,1039,3,0,31168,0,0,0,7923268,7923268,4445
169070,270,615,1039,3,0,31168,0,0,0,7924064,7924064,4445
169086,270,640,1039,3,0,31168,0,0,0,7924877,7924877,4445
169102,270,673,1039,3,0,31168,0,0,0,7925715,7925715,4445
169118,270,702,1039,3,0,31168,0,0,0,7926478,7926478,4445
169133,270,736,1039,3,0,31168,0,0,0,7927218,7927218,4445
169149,270,767,1039,3,0,31168,0,0,0,7928005,7928005,4445
169165,270,801,1039,3,0,31168,0,0,0,7928732,7928732,4445
169181,270,845,1039,3,0,31168,0,0,0,7929555,7929555,4445
169197,270,877,1039,3,0,31168,0,0,0,7930322,7930322,4445
169214,270,900,1039,3,0,31168,0,0,0,7931156,7931156,4445
169230,270,935,1039,3,0,31168,0,0,0,7931927,7931927,4445
169246,270,958,1039,3,0,31168,0,0,0,7932798,7932798,4445
169262,270,978,1039,3,0,31168,0,0,0,7933532,7933532,4445
169277,271,1002,1039,3,0,31168,0,0,0,7934277,7934277,4445
169293,271,1,1039,3,0,31168,0,0,0,7935087,7935087,4445
169309,271,18,1039,3,0,31168,0,0,0,7935904,7935904,4445
169324,271,99,1039,3,0,31168,0,0,0,7936696,7936696,4445
169340,271,128,1039,3,0,31168,0,0,0,7937604,7937604,4445
169355,271,146,1039,3,0,31168,0,0,0,7938370,7938370,4445
169370,271,165,1039,3,0,31168,0,0,0,7939182,7939182,4445
169385,271,181,1039,3,0,31168,0,0,0,7940039,7940039,4445
169401,271,201,1039,3,0,31168,0,0,0,7940848,7940848,4445
169418,271,225,1039,3,0,31168,0,0,0,7941738,7941738,4445
169434,271,241,1039,3,0,31168,0,0,0,7942594,7942594,4445
169450,271,275,1039,3,0,31168,0,0,0,7943415,7943415,4445
169465,271,300,1039,3,0,31168,0,0,0,7944162,7944162,4445
169481,271,322,1039,3,0,31168,0,0,0,7945014,7945014,4445
169497,271,336,1039,3,0,31168,0,0,0,7945834,7945834,4445
169513,271,353,1039,3,0,31168,0,0,0,7946620,7946620,4445
169529,271,384,1039,3,0,31168,0,0,0,7947385,7947385,4445
169544,271,406,1039,3,0,31168,0,0,0,7948116,7948116,4445
169561,271,436,1039,3,0,31168,0,0,0,7948941,7948941,4445
169577,271,451,1039,3,0,31168,0,0,0,7949735,7949735,4445
169592,271,467,1039,3,0,31168,0,0,0,7950422,7950422,4445
169608,271,493,1039,3,0,31168,0,0,0,7951208,7951208,4445
169623,271,519,1039,3,0,31168,0,0,0,7951980,7951980,4445
169639,271,540,1039,3,0,31168,0,0,0,7952792,7952792,4445
169654,271,572,1039,3,0,31168,0,0,0,7953619,7953619,4445
169670,271,591,1039,3,0,31168,0,0,0,7954483,7954483,4445
169686,271,617,1039,3,0,31168,0,0,0,7955289,7955289,4445
169701,271,643,1039,3,0,31168,0,0,0,7955914,7955914,4445
169717,271,672,1039,3,0,31168,0,0,0,7956692,7956692,4445
169732,271,703,1039,3,0,31168,0,0,0,7957482,7957482,4445
169747,271,746,1039,3,0,31168,0,0,0,7958246,7958246,4445
169762,271,781,1039,3,0,31168,0,0,0,7958974,7958974,4445
169777,271,806,1039,3,0,31168,0,0,0,7959730,7959730,4445
169793,271,821,1039,3,0,31168,0,0,0,7960416,7960416,4445
169809,271,862,1039,3,0,31168,0,0,0,7961268,7961268,4445
169824,271,892,1039,3,0,31168,0,0,0,7961995,7961995,4445
169840,271,913,1039,3,0,31168,0,0,0,7962801,7962801,4445
169855,271,951,1039,3,0,31168,0,0,0,7963552,7963552,4445
169871,271,967,1039,3,0,31168,0,0,0,7964353,7964353,4445
169886,271,984,1039,3,0,31168,0,0,0,7964789,7964789,4445
169902,272,999,1039,3,0,31168,0,0,0,7965488,7965488,4445
169917,272,1037,1039,2,0,31168,0,0,0,7966295,7966295,4445
169933,272,15,1039,2,0,31168,0,0,0,7967141,7967141,4445
169948,272,34,1039,2,0,31168,0,0,0,7967950,7967950,4445
169963,272,97,1039,2,0,31168,0,0,0,7968746,7968746,4445
169979,272,128,1039,2,0,31168,0,0,0,7969589,7969589,4445
169994,272,147,1039,2,0,31168,0,0,0,7970417,7970417,4445
170010,272,165,1039,2,0,31168,0,0,0,7971267,7971267,4445
170026,272,188,1039,2,0,31168,0,0,0,7972148,7972148,4445
170042,272,207,1039,2,0,31168,0,0,0,7972979,7972979,4445
170057,272,230,1039,2,0,31168,0,0,0,7973796,7973796,4445
170074,272,248,1039,2,0,31168,0,0,0,7974609,7974609,4445
170090,272,289,1039,2,0,31168,0,0,0,7975487,7975487,4445
170105,272,313,1039,2,0,31168,0,0,0,7976248,7976248,4445
170121,272,331,1039,2,0,31168,0,0,0,7977102,7977102,4445
170136,272,349,1039,2,0,31168,0,0,0,7977882,7977882,4445
170152,272,375,1039,2,0,31168,0,0,0,7978624,7978624,4445
170167,272,398,1039,2,0,31168,0,0,0,7979415,7979415,4445
170183,272,427,1039,2,0,31168,0,0,0,7980224,7980224,4445
170199,272,446,1039,2,0,31168,0,0,0,7981046,7981046,4445
170216,272,468,1039,2,0,31168,0,0,0,7981909,7981909,4445
170232,272,485,1039,2,0,31168,0,0,0,7982743,7982743,4445
170249,272,509,1039,2,0,31168,0,0,0,7983583,7983583,4445
170265,272,533,1039,2,0,31168,0,0,0,7984385,7984385,4445
170280,272,556,1039,2,0,31168,0,0,0,7985122,7985122,4445
170296,272,579,1039,2,0,31168,0,0,0,7985895,7985895,4445
170312,272,601,1039,2,0,31168,0,0,0,7986681,7986681,4445
170329,272,621,1039,2,0,31168,0,0,0,7987386,7987386,4445
170345,272,655,1039,2,0,31168,0,0,0,7988123,7988123,4445
170361,272,679,1039,2,0,31168,0,0,0,7988985,7988985,4445
170378,272,712,1039,2,0,31168,0,0,0,7989766,7989766,4445
170393,272,737,1039,2,0,31168,0,0,0,7990471,7990471,4445
170409,272,769,1039,2,0,31168,0,0,0,7991204,7991204,4445
170424,272,794,1039,2,0,31168,0,0,0,7991967,7991967,4445
170440,272,821,1039,2,0,31168,0,0,0,7992792,7992792,4445
170457,272,861,1039,2,0,31168,0,0,0,7993674,7993674,4445
170472,272,892,1039,2,0,31168,0,0,0,7994428,7994428,4445
170487,272,916,1039,2,0,31168,0,0,0,7995159,7995159,4445
170503,272,940,1040,3,0,31168,0,0,0,7995879,7995879,4446
170519,272,978,1040,3,0,31168,0,0,0,7996686,7996686,4446
170534,273,1004,1040,3,0,31168,0,0,0,7997370,7997370,4446
170551,273,0,1040,1,0,31168,0,0,0,7998197,7998197,4446
170568,273,17,1040,1,0,31168,0,0,0,7999100,7999100,4446
170583,273,60,1040,1,0,31168,0,0,0,7999895,7999895,4446
170600,273,113,1040,1,0,31168,0,0,0,8000800,8000800,4446
170615,273,138,1040,1,0,31168,0,0,0,8001635,8001635,4446
170632,273,152,1040,1,0,31168,0,0,0,8002538,8002538,4446
170648,273,172,1040,1,0,31168,0,0,0,8003417,8003417,4446
170665,273,204,1040,1,0,31168,0,0,0,8004326,8004326,4446
170681,273,224,1040,1,0,31168,0,0,0,8005129,8005129,4446
170697,273,239,1040,1,0,31168,0,0,0,8005967,8005967,4446
170713,273,256,1040,1,0,31168,0,0,0,8006728,8006728,4446
170729,273,298,1040,1,0,31168,0,0,0,8007511,8007511,4446
170744,273,320,1040,1,0,31168,0,0,0,8008271,8008271,4446
170760,273,338,1040,1,0,31168,0,0,0,8009106,8009106,4446
170776,273,356,1040,1,0,31168,0,0,0,8009930,8009930,4446
170791,273,380,1040,1,0,31168,0,0,0,8010651,8010651,4446
170806,273,412,1040,1,0,31168,0,0,0,8011430,8011430,4446
170821,273,441,1040,1,0,31168,0,0,0,8012188,8012188,4446
170836,273,465,1040,1,0,31168,0,0,0,8012979,8012979,4446
170853,273,484,1040,1,0,31168,0,0,0,8013817,8013817,4446
170868,273,510,1040,1,0,31168,0,0,0,8014521,8014521,4446
170884,273,533,1040,1,0,31168,0,0,0,8015269,8015269,4446
170899,273,557,1040,1,0,31168,0,0,0,8016040,8016040,4446
170914,273,586,1040,1,0,31168,0,0,0,8016796,8016796,4446
170930,273,613,1040,1,0,31168,0,0,0,8017555,8017555,4446
170946,273,640,1040,1,0,31168,0,0,0,8018352,8018352,4446
170962,273,674,1040,1,0,31168,0,0,0,8019194,8019194,4446
170978,273,700,1040,1,0,31168,0,0,0,8019943,8019943,4446
170993,273,735,1040,1,0,31168,0,0,0,8020700,8020700,4446
171008,273,781,1040,1,0,31168,0,0,0,8021428,8021428,4446
171024,273,813,1040,1,0,31168,0,0,0,8022251,8022251,4446
171040,273,845,1040,1,0,31168,0,0,0,8023100,8023100,4446
171055,273,870,1040,1,0,31168,0,0,0,8023817,8023817,4446
171071,273,900,1040,1,0,31168,0,0,0,8024635,8024635,4446
171087,273,935,1040,1,0,31168,0,0,0,8025436,8025436,4446
171102,273,955,1040,1,0,31168,0,0,0,8026165,8026165,4446
171122,273,978,1040,1,0,31168,0,0,0,8026866,8026866,4446
171139,274,1004,1040,1,0,31168,0,0,0,8027710,8027710,4446
171154,274,3,1040,1,0,31168,0,0,0,8028504,8028504,4446
171170,274,19,1040,1,0,31168,0,0,0,8029321,8029321,4446
171185,274,46,1040,1,0,31168,0,0,0,8030140,8030140,4446
171200,274,115,1040,1,0,31168,0,0,0,8030955,8030955,4446
171215,274,137,1040,1,0,31168,0,0,0,8031745,8031745,4446
171231,274,152,1040,1,0,31168,0,0,0,8032592,8032592,4446
171246,274,170,1040,1,0,31168,0,0,0,8033415,8033415,4446
171261,274,192,1040,1,0,31168,0,0,0,8034210,8034210,4446
171278,274,210,1040,1,0,31168,0,0,0,8035057,8035057,4446
171293,274,231,1040,1,0,31168,0,0,0,8035880,8035880,4446
171309,274,257,1040,1,0,31168,0,0,0,8036711,8036711,4446
171325,274,289,1040,1,0,31168,0,0,0,8037492,8037492,4446
171340,274,320,1040,1,0,31168,0,0,0,8038289,8038289,4446
171356,274,337,1040,1,0,31168,0,0,0,8039104,8039104,4446
171371,274,363,1040,1,0,31168,0,0,0,8039971,8039971,4446
171388,274,395,1040,1,0,31168,0,0,0,8040817,8040817,4446
171404,274,414,1040,1,0,31168,0,0,0,8041660,8041660,4446
171419,274,440,1040,1,0,31168,0,0,0,8042435,8042435,4446
171434,274,453,1040,1,0,31168,0,0,0,8043285,8043285,4446
171451,274,475,1040,1,0,31168,0,0,0,8044150,8044150,4446
171467,274,495,1040,1,0,31168,0,0,0,8044945,8044945,4446
171483,274,518,1040,1,0,31168,0,0,0,8045757,8045757,4446
171499,274,538,1040,1,0,31168,0,0,0,8046552,8046552,4446
171514,274,566,1040,1,0,31168,0,0,0,8047355,8047355,4446
171530,274,591,1040,1,0,31168,0,0,0,8048135,8048135,4446
171546,274,615,1040,1,0,31168,0,0,0,8048901,8048901,4446
171561,274,645,1040,1,0,31168,0,0,0,8049720,8049720,4446
171577,274,675,1040,1,0,31168,0,0,0,8050530,8050530,4446
171592,274,716,1040,1,0,31168,0,0,0,8051279,8051279,4446
171608,274,740,1040,1,0,31168,0,0,0,8051971,8051971,4446
171625,274,771,1040,1,0,31168,0,0,0,8052783,8052783,4446
171640,274,794,1040,1,0,31168,0,0,0,8053479,8053479,4446
171656,274,821,1040,1,0,31168,0,0,0,8054213,8054213,4446
171672,274,861,1040,1,0,31168,0,0,0,8055003,8055003,4446
171688,274,892,1040,1,0,31168,0,0,0,8055861,8055861,4446
171704,274,921,1040,1,0,31168,0,0,0,8056669,8056669,4446
171719,274,954,1040,1,0,31168,0,0,0,8057422,8057422,4446
171743,274,978,1040,1,0,31168,0,0,0,8058211,8058211,4446
171759,275,1004,1040,1,0,31168,0,0,0,8058967,8058967,4446
171774,275,1039,1040,0,0,31168,0,0,0,8059679,8059679,4446
171790,275,16,1040,0,0,31168,0,0,0,8060543,8060543,4446
171806,275,51,1040,0,0,31168,0,0,0,8061340,8061340,4446
171822,275,113,1040,0,0,31168,0,0,0,8062189,8062189,4446
171838,275,138,1040,0,0,31168,0,0,0,8063028,8063028,4446
171854,275,153,1040,0,0,31168,0,0,0,8063850,8063850,4446
171871,275,171,1040,0,0,31168,0,0,0,8064685,8064685,4446
171887,275,188,1040,0,0,31168,0,0,0,8065521,8065521,4446
171902,275,209,1040,0,0,31168,0,0,0,8066367,8066367,4446
171918,275,226,1040,0,0,31168,0,0,0,8067222,8067222,4446
171935,275,249,1040,0,0,31168,0,0,0,8068136,8068136,4446
171952,275,276,1040,0,0,31168,0,0,0,8068962,8068962,4446
171968,275,309,1040,0,0,31168,0,0,0,8069750,8069750,4446
171985,275,332,1040,0,0,31168,0,0,0,8070605,8070605,4446
172000,275,347,1040,0,0,31168,0,0,0,8071389,8071389,4446
172016,275,376,1040,0,0,31168,0,0,0,8072170,8072170,4446
172031,275,408,1040,0,0,31168,0,0,0,8072921,8072921,4446
172047,275,436,1040,0,0,31168,0,0,0,8073741,8073741,4446
172063,275,450,1040,0,0,31168,0,0,0,8074572,8074572,4446
172079,275,477,1040,0,0,31168,0,0,0,8075301,8075301,4446
172095,275,510,1040,0,0,31168,0,0,0,8076143,8076143,4446
172111,275,536,1040,0,0,31168,0,0,0,8076981,8076981,4446
172128,275,570,1040,0,0,31168,0,0,0,8077816,8077816,4446
172143,275,599,1040,0,0,31168,0,0,0,8078629,8078629,4446
172159,275,628,1040,0,0,31168,0,0,0,8079450,8079450,4446
172175,275,658,1040,0,0,31168,0,0,0,8080291,8080291,4446
172191,275,684,1040,0,0,31168,0,0,0,8081119,8081119,4446
172207,275,720,1040,0,0,31168,0,0,0,8081932,8081932,4446
172222,275,748,1040,0,0,31168,0,0,0,8082722,8082722,4446
172239,275,790,1040,0,0,31168,0,0,0,8083538,8083538,4446
172254,275,815,1040,0,0,31168,0,0,0,8084276,8084276,4446
172270,275,845,1040,0,0,31168,0,0,0,8084965,8084965,4446
172285,275,881,1040,0,0,31168,0,0,0,8085773,8085773,4446
172300,275,906,1040,0,0,31168,0,0,0,8086540,8086540,4446
172317,275,935,1040,0,0,31168,0,0,0,8087261,8087261,4446
172334,275,960,1040,0,0,31168,0,0,0,8088143,8088143,4446
172350,275,984,1040,0,0,31168,0,0,0,8088845,8088845,4446
172365,276,1002,1040,0,0,31168,0,0,0,8089570,8089570,4446
172382,276,6,1040,0,0,31168,0,0,0,8090487,8090487,4446
172398,276,26,1040,0,0,31168,0,0,0,8091262,8091262,4446
172413,276,71,1040,0,0,31168,0,0,0,8092107,8092107,4446
172430,276,116,1040,0,0,31168,0,0,0,8093036,8093036,4446
172446,276,138,1040,0,0,31168,0,0,0,8093925,8093925,4446
172462,276,151,1040,0,0,31168,0,0,0,8094784,8094784,4446
172477,276,172,1040,0,0,31168,0,0,0,8095559,8095559,4446
172493,276,189,1040,0,0,31168,0,0,0,8096358,8096358,4446
172508,276,215,1040,0,0,31168,0,0,0,8097117,8097117,4446
172523,276,232,1040,0,0,31168,0,0,0,8097909,8097909,4446
172539,276,257,1040,0,0,31168,0,0,0,8098719,8098719,4446
172554,276,298,1040,0,0,31168,0,0,0,8099488,8099488,4446
172570,276,324,1040,0,0,31168,0,0,0,8100248,8100248,4446
172586,276,349,1040,0,0,31168,0,0,0,8101088,8101088,4446
172601,276,370,1040,0,0,31168,0,0,0,8101863,8101863,4446
172616,276,399,1040,0,0,31168,0,0,0,8102570,8102570,4446
172633,276,428,1040,0,0,31168,0,0,0,8103419,8103419,4446
172648,276,446,1040,0,0,31168,0,0,0,8104194,8104194,4446
172663,276,464,1040,0,0,31168,0,0,0,8105019,8105019,4446
172680,276,484,1040,0,0,31168,0,0,0,8105889,8105889,4446
172695,276,509,1040,0,0,31168,0,0,0,8106655,8106655,4446
172712,276,536,1040,0,0,31168,0,0,0,8107481,8107481,4446
172727,276,566,1040,0,0,31168,0,0,0,8108164,8108164,4446
172744,276,591,1040,0,0,31168,0,0,0,8109008,8109008,4446
172761,276,619,1040,0,0,31168,0,0,0,8109840,8109840,4446
172776,276,650,1040,0,0,31168,0,0,0,8110489,8110489,4446
172791,276,675,1040,0,0,31168,0,0,0,8111310,8111310,4446
172806,276,716,1040,0,0,31168,0,0,0,8112044,8112044,4446
172822,276,741,1040,0,0,31168,0,0,0,8112788,8112788,4446
172838,276,769,1040,0,0,31168,0,0,0,8113540,8113540,4446
172854,276,797,1040,0,0,31168,0,0,0,8114237,8114237,4446
172869,276,815,1040,0,0,31168,0,0,0,8114974,8114974,4446
172885,276,860,1040,0,0,31168,0,0,0,8115757,8115757,4446
172903,276,890,1040,0,0,31168,0,0,0,8116599,8116599,4446
172918,276,916,1040,0,0,31168,0,0,0,8117351,8117351,4446
172933,276,956,1040,0,0,31168,0,0,0,8118141,8118141,4446
172948,277,992,1040,0,0,31168,0,0,0,8118937,8118937,4446
172964,277,1015,1040,0,0,31168,0,0,0,8119738,8119738,4446
172979,277,7,1040,0,0,31168,0,0,0,8120557,8120557,4446
172994,277,35,1040,0,0,31168,0,0,0,8121360,8121360,4446
173010,277,100,1040,0,0,31168,0,0,0,8122178,8122178,4446
173026,277,131,1040,0,0,31168,0,0,0,8123082,8123082,4446
173041,277,149,1040,0,0,31168,0,0,0,8123887,8123887,4446
173058,277,168,1040,0,0,31168,0,0,0,8124711,8124711,4446
173074,277,187,1040,0,0,31168,0,0,0,8125541,8125541,4446
173090,277,204,1040,0,0,31168,0,0,0,8126399,8126399,4446
173106,277,223,1040,0,0,31168,0,0,0,8127213,8127213,4446
173121,277,240,1040,0,0,31168,0,0,0,8128037,8128037,4446
173136,277,264,1040,0,0,31168,0,0,0,8128837,8128837,4446
173152,277,302,1040,0,0,31168,0,0,0,8129676,8129676,4446
173168,277,328,1040,0,0,31168,0,0,0,8130542,8130542,4446
173184,277,355,1040,0,0,31168,0,0,0,8131346,8131346,4446
173200,277,375,1040,0,0,31168,0,0,0,8132105,8132105,4446
173215,277,399,1040,0,0,31168,0,0,0,8132903,8132903,4446
173231,277,429,1040,0,0,31168,0,0,0,8133676,8133676,4446
173246,277,443,1040,0,0,31168,0,0,0,8134412,8134412,4446
173262,277,468,1040,0,0,31168,0,0,0,8135300,8135300,4446
173277,277,489,1040,0,0,31168,0,0,0,8136091,8136091,4446
173293,277,508,1040,0,0,31168,0,0,0,8136896,8136896,4446
173308,277,528,1040,0,0,31168,0,0,0,8137692,8137692,4446
173323,277,566,1040,0,0,31168,0,0,0,8138430,8138430,4446
