# relative_time, cycles_done, cur_item, corpus_count, pending_total, pending_favs, total_edges, saved_crashes, saved_hangs, max_depth, execs_per_sec, execs_done, edges_found16,0,78,272,239,0,11200,0,0,0,2411,2411,2254
32,0,161,326,249,0,11200,0,0,0,4920,4920,2330
48,0,221,362,246,0,11200,0,0,0,7266,7266,2363
63,0,264,383,235,0,11200,0,0,0,9447,9447,2400
78,0,343,415,229,0,11200,0,0,0,11684,11684,2423
93,0,415,452,230,0,11200,0,0,0,13982,13982,2472
108,0,471,490,234,0,11200,0,0,0,16197,16197,2496
124,1,38,503,236,0,11200,0,0,0,18532,18532,2524
139,1,125,509,237,0,11200,0,0,0,20756,20756,2531
154,1,175,512,240,0,11200,0,0,0,23209,23209,2535
169,1,237,518,244,0,11200,0,0,0,25608,25608,2553
184,1,303,526,252,0,11200,0,0,0,27879,27879,2556
200,1,366,534,259,0,11200,0,0,0,30027,30027,2568
215,1,445,543,266,0,11200,0,0,0,32207,32207,2571
230,1,505,560,274,0,11200,0,0,0,34460,34460,2591
246,1,559,574,258,0,11200,0,0,0,36178,36178,2595
261,2,44,582,256,0,11200,0,0,0,38127,38127,2598
276,2,142,585,258,0,11200,0,0,0,40537,40537,2599
291,2,208,587,257,0,11200,0,0,0,42949,42949,2605
307,2,273,591,260,0,11200,0,0,0,45319,45319,2607
322,2,330,592,258,0,11200,0,0,0,47309,47309,2608
337,2,401,595,259,0,11200,0,0,0,49369,49369,2609
353,2,454,600,262,0,11200,0,0,0,51488,51488,2639
368,2,508,610,269,0,11200,0,0,0,53596,53596,2650
383,2,581,616,270,0,11200,0,0,0,55642,55642,2650
398,3,29,619,253,0,11200,0,0,0,58145,58145,2655
414,3,129,620,251,0,11200,0,0,0,60398,60398,2656
429,3,186,620,248,0,11200,0,0,0,62976,62976,2656
444,3,241,622,248,0,11200,0,0,0,65259,65259,2660
459,3,303,627,250,0,11200,0,0,0,67503,67503,2667
475,3,366,627,249,0,11200,0,0,0,69672,69672,2667
490,3,418,627,246,0,11200,0,0,0,71750,71750,2667
506,3,486,637,255,0,11200,0,0,0,73871,73871,2671
521,3,534,644,259,0,11200,0,0,0,76199,76199,2672
536,3,572,649,260,0,11200,0,0,0,77603,77603,2683
551,3,620,656,261,0,11200,0,0,0,79574,79574,2685
567,4,29,662,248,0,11200,0,0,0,81925,81925,2687
582,4,130,663,246,0,11200,0,0,0,84382,84382,2689
597,4,195,664,246,0,11200,0,0,0,86848,86848,2689
613,4,243,667,249,0,11200,0,0,0,88957,88957,2692
628,4,317,669,248,0,11200,0,0,0,91439,91439,2692
644,4,378,671,248,0,11200,0,0,0,93470,93470,2693
659,4,447,671,247,0,11200,0,0,0,95637,95637,2693
674,4,509,675,251,0,11200,0,0,0,97628,97628,2698
689,4,583,677,252,0,11200,0,0,0,99732,99732,2698
705,4,624,682,255,0,11200,0,0,0,101673,101673,2716
720,5,25,687,250,0,11200,0,0,0,104110,104110,2717
735,5,125,691,252,0,11200,0,0,0,106513,106513,2721
751,5,184,691,251,0,11200,0,0,0,108982,108982,2721
766,5,231,691,250,0,11200,0,0,0,111013,111013,2721
781,5,297,691,250,0,11200,0,0,0,113508,113508,2721
797,5,367,693,251,0,11200,0,0,0,115848,115848,2724
812,5,433,694,251,0,11200,0,0,0,117944,117944,2725
827,5,489,700,257,0,11200,0,0,0,120032,120032,2738
848,5,537,701,258,0,11200,0,0,0,122004,122004,2738
863,5,605,706,258,0,11200,0,0,0,124082,124082,2740
879,5,673,715,265,0,11200,0,0,0,126022,126022,2740
894,6,19,726,253,0,11200,0,0,0,128315,128315,2748
909,6,118,726,251,0,11200,0,0,0,130680,130680,2748
925,6,183,726,249,0,11200,0,0,0,133341,133341,2748
940,6,236,726,249,0,11200,0,0,0,135482,135482,2748
955,6,288,727,248,0,11200,0,0,0,137626,137626,2748
970,6,365,727,247,0,11200,0,0,0,139881,139881,2748
985,6,435,727,246,0,11200,0,0,0,142277,142277,2748
1001,6,495,729,248,0,11200,0,0,0,144324,144324,2749
1016,6,535,730,249,0,11200,0,0,0,146401,146401,2749
1031,6,590,730,247,0,11200,0,0,0,148171,148171,2749
1046,6,651,731,248,0,11200,0,0,0,150388,150388,2751
1062,7,730,733,243,0,11200,0,0,0,152597,152597,2763
1077,7,83,733,239,0,11200,0,0,0,155071,155071,2763
1093,7,161,735,240,0,11200,0,0,0,157717,157717,2763
1108,7,218,736,240,0,11200,0,0,0,160072,160072,2764
1123,7,265,738,242,0,11200,0,0,0,162334,162334,2768
1138,7,330,738,242,0,11200,0,0,0,164484,164484,2768
1154,7,383,738,240,0,11200,0,0,0,166497,166497,2768
1169,7,461,738,239,0,11200,0,0,0,168581,168581,2768
1185,7,515,739,239,0,11200,0,0,0,170588,170588,2768
1200,7,581,739,239,0,11200,0,0,0,172661,172661,2768
1215,7,643,742,242,0,11200,0,0,0,174528,174528,2768
1230,7,706,745,243,0,11200,0,0,0,176752,176752,2768
1246,8,44,749,243,0,11200,0,0,0,179221,179221,2768
1261,8,142,749,240,0,11200,0,0,0,181849,181849,2768
1276,8,194,749,239,0,11200,0,0,0,183986,183986,2768
1292,8,246,750,240,0,11200,0,0,0,186546,186546,2768
1307,8,310,751,240,0,11200,0,0,0,188874,188874,2768
1322,8,385,751,240,0,11200,0,0,0,191025,191025,2768
1337,8,450,751,239,0,11200,0,0,0,193130,193130,2768
1353,8,525,751,238,0,11200,0,0,0,195295,195295,2768
1368,8,586,752,237,0,11200,0,0,0,197356,197356,2770
1384,8,652,754,239,0,11200,0,0,0,199621,199621,2771
1400,8,720,755,240,0,11200,0,0,0,201869,201869,2771
1415,9,22,756,235,0,11200,0,0,0,204164,204164,2771
1430,9,115,756,233,0,11200,0,0,0,206362,206362,2771
1446,9,166,757,233,0,11200,0,0,0,208768,208768,2771
1461,9,221,757,233,0,11200,0,0,0,211204,211204,2771
1476,9,278,758,233,0,11200,0,0,0,213569,213569,2771
1491,9,362,758,232,0,11200,0,0,0,215923,215923,2771
1506,9,418,759,232,0,11200,0,0,0,218079,218079,2771
1522,9,489,760,233,0,11200,0,0,0,220143,220143,2771
1540,9,537,760,233,0,11200,0,0,0,222099,222099,2771
1555,9,596,761,234,0,11200,0,0,0,224030,224030,2771
1570,9,666,761,233,0,11200,0,0,0,226243,226243,2771
1585,9,716,764,234,0,11200,0,0,0,228166,228166,2771
1601,10,26,765,232,0,11200,0,0,0,230610,230610,2771
1617,10,138,765,231,0,11200,0,0,0,233191,233191,2771
1632,10,198,765,231,0,11200,0,0,0,235503,235503,2771
1647,10,249,767,233,0,11200,0,0,0,238018,238018,2771
1662,10,312,768,233,0,11200,0,0,0,240226,240226,2773
1677,10,377,768,232,0,11200,0,0,0,242337,242337,2773
1693,10,435,768,231,0,11200,0,0,0,244448,244448,2773
1708,10,489,769,230,0,11200,0,0,0,246653,246653,2773
1727,10,537,771,232,0,11200,0,0,0,248596,248596,2774
1743,10,592,773,233,0,11200,0,0,0,250592,250592,2774
1758,10,635,774,234,0,11200,0,0,0,252373,252373,2774
1773,10,693,774,231,0,11200,0,0,0,254417,254417,2774
1789,11,1,776,225,0,11200,0,0,0,256606,256606,2774
1805,11,112,777,224,0,11200,0,0,0,259005,259005,2776
1820,11,169,777,224,0,11200,0,0,0,261628,261628,2776
1835,11,215,777,224,0,11200,0,0,0,263895,263895,2776
1850,11,261,777,224,0,11200,0,0,0,266065,266065,2776
1865,11,330,778,224,0,11200,0,0,0,268392,268392,2779
1880,11,380,780,224,0,11200,0,0,0,270319,270319,2781
1895,11,435,782,225,0,11200,0,0,0,272341,272341,2781
1910,11,500,785,227,0,11200,0,0,0,274514,274514,2789
1925,11,548,785,226,0,11200,0,0,0,276353,276353,2789
1941,11,607,785,226,0,11200,0,0,0,278340,278340,2789
1956,11,669,787,227,0,11200,0,0,0,280639,280639,2789
1971,11,740,791,228,0,11200,0,0,0,282732,282732,2789
1987,12,19,791,221,0,11200,0,0,0,284763,284763,2789
2002,12,121,792,221,0,11200,0,0,0,287199,287199,2790
2017,12,184,792,221,0,11200,0,0,0,289688,289688,2790
2032,12,234,792,221,0,11200,0,0,0,291702,291702,2790
2047,12,300,792,221,0,11200,0,0,0,294096,294096,2790
2062,12,369,793,222,0,11200,0,0,0,296229,296229,2792
2078,12,423,793,221,0,11200,0,0,0,298235,298235,2792
2093,12,492,794,221,0,11200,0,0,0,300366,300366,2792
2110,12,537,796,222,0,11200,0,0,0,302603,302603,2793
2125,12,595,796,220,0,11200,0,0,0,304354,304354,2793
2140,12,646,797,220,0,11200,0,0,0,306166,306166,2795
2156,12,713,798,220,0,11200,0,0,0,308420,308420,2795
2171,12,791,803,222,0,11200,0,0,0,310569,310569,2805
2186,13,59,804,213,0,11200,0,0,0,313038,313038,2805
2202,13,150,804,211,0,11200,0,0,0,315565,315565,2805
2217,13,203,806,213,0,11200,0,0,0,317447,317447,2805
2232,13,259,806,212,0,11200,0,0,0,319860,319860,2805
2248,13,323,806,211,0,11200,0,0,0,322272,322272,2805
2263,13,381,807,212,0,11200,0,0,0,324323,324323,2805
2279,13,447,807,212,0,11200,0,0,0,326211,326211,2805
2294,13,505,807,212,0,11200,0,0,0,328361,328361,2805
2311,13,571,807,212,0,11200,0,0,0,330277,330277,2805
2326,13,616,807,211,0,11200,0,0,0,332301,332301,2805
2341,13,697,809,212,0,11200,0,0,0,334477,334477,2805
2357,13,751,810,213,0,11200,0,0,0,336232,336232,2805
2372,14,28,811,212,0,11200,0,0,0,338724,338724,2805
2387,14,133,812,210,0,11200,0,0,0,341334,341334,2805
2402,14,189,812,210,0,11200,0,0,0,343517,343517,2805
2417,14,232,812,210,0,11200,0,0,0,345725,345725,2805
2432,14,298,812,208,0,11200,0,0,0,348102,348102,2805
2448,14,366,814,210,0,11200,0,0,0,350362,350362,2807
2463,14,419,814,209,0,11200,0,0,0,352255,352255,2807
2478,14,473,814,207,0,11200,0,0,0,354259,354259,2807
2494,14,535,814,206,0,11200,0,0,0,356576,356576,2807
2509,14,592,814,205,0,11200,0,0,0,358298,358298,2807
2524,14,654,815,204,0,11200,0,0,0,360331,360331,2807
2539,14,724,816,203,0,11200,0,0,0,362538,362538,2807
2555,14,802,817,202,0,11200,0,0,0,364672,364672,2807
2570,15,65,818,198,0,11200,0,0,0,366936,366936,2807
2586,15,145,818,196,0,11200,0,0,0,369692,369692,2807
2602,15,196,818,195,0,11200,0,0,0,371819,371819,2807
2617,15,243,818,195,0,11200,0,0,0,374078,374078,2807
2632,15,309,818,194,0,11200,0,0,0,376193,376193,2807
2647,15,383,818,193,0,11200,0,0,0,378579,378579,2807
2662,15,438,818,193,0,11200,0,0,0,380655,380655,2807
2677,15,489,819,193,0,11200,0,0,0,382551,382551,2808
2693,15,537,819,193,0,11200,0,0,0,384673,384673,2808
2709,15,599,819,193,0,11200,0,0,0,386817,386817,2808
2724,15,664,819,193,0,11200,0,0,0,389118,389118,2808
2739,15,719,819,193,0,11200,0,0,0,391049,391049,2808
2754,15,796,820,193,0,11200,0,0,0,392801,392801,2810
2770,16,44,823,192,0,11200,0,0,0,395368,395368,2810
2785,16,142,824,192,0,11200,0,0,0,397740,397740,2810
2800,16,205,824,192,0,11200,0,0,0,400033,400033,2810
2815,16,263,824,191,0,11200,0,0,0,402399,402399,2810
2831,16,334,825,191,0,11200,0,0,0,404732,404732,2811
2846,16,397,825,191,0,11200,0,0,0,406838,406838,2811
2861,16,461,826,192,0,11200,0,0,0,408810,408810,2811
2876,16,510,826,191,0,11200,0,0,0,410858,410858,2811
2892,16,571,828,193,0,11200,0,0,0,413097,413097,2811
2907,16,624,828,193,0,11200,0,0,0,415282,415282,2811
2923,16,691,829,193,0,11200,0,0,0,417144,417144,2811
2938,16,752,833,195,0,11200,0,0,0,419245,419245,2812
2953,17,832,834,190,0,11200,0,0,0,421276,421276,2812
2969,17,83,834,188,0,11200,0,0,0,423690,423690,2812
2984,17,158,835,189,0,11200,0,0,0,426211,426211,2812
2999,17,208,835,187,0,11200,0,0,0,428335,428335,2812
3014,17,254,835,187,0,11200,0,0,0,430740,430740,2812
3030,17,319,835,187,0,11200,0,0,0,432929,432929,2812
3045,17,380,835,187,0,11200,0,0,0,435041,435041,2812
3060,17,439,835,187,0,11200,0,0,0,437022,437022,2812
3075,17,486,835,187,0,11200,0,0,0,439017,439017,2812
3091,17,533,836,188,0,11200,0,0,0,441248,441248,2812
3106,17,607,836,188,0,11200,0,0,0,443398,443398,2812
3121,17,669,837,188,0,11200,0,0,0,445540,445540,2812
3137,17,732,838,189,0,11200,0,0,0,447715,447715,2812
3152,17,820,838,187,0,11200,0,0,0,449794,449794,2812
3168,18,83,839,184,0,11200,0,0,0,452138,452138,2814
3183,18,157,839,183,0,11200,0,0,0,454636,454636,2814
3198,18,214,839,182,0,11200,0,0,0,456870,456870,2814
3213,18,259,839,182,0,11200,0,0,0,459138,459138,2814
3228,18,328,839,181,0,11200,0,0,0,461343,461343,2814
3243,18,394,839,181,0,11200,0,0,0,463334,463334,2814
3259,18,452,839,181,0,11200,0,0,0,465412,465412,2814
3274,18,504,839,180,0,11200,0,0,0,467380,467380,2814
3291,18,537,839,179,0,11200,0,0,0,468972,468972,2814
3306,18,591,839,178,0,11200,0,0,0,470814,470814,2814
3321,18,653,841,180,0,11200,0,0,0,472809,472809,2814
3337,18,705,841,180,0,11200,0,0,0,474744,474744,2814
3352,18,792,841,178,0,11200,0,0,0,476709,476709,2814
3368,19,7,845,179,0,11200,0,0,0,478677,478677,2815
3383,19,114,845,179,0,11200,0,0,0,481104,481104,2815
3398,19,172,845,179,0,11200,0,0,0,483570,483570,2815
3413,19,222,846,180,0,11200,0,0,0,486002,486002,2818
3428,19,290,846,180,0,11200,0,0,0,488283,488283,2818
3443,19,377,847,180,0,11200,0,0,0,490465,490465,2819
3459,19,438,847,180,0,11200,0,0,0,492558,492558,2819
3475,19,486,847,178,0,11200,0,0,0,494515,494515,2819
3490,19,537,847,178,0,11200,0,0,0,496596,496596,2819
3506,19,591,847,178,0,11200,0,0,0,498102,498102,2819
3521,19,654,847,178,0,11200,0,0,0,500217,500217,2819
3536,19,717,847,178,0,11200,0,0,0,502393,502393,2819
3552,19,802,847,178,0,11200,0,0,0,504583,504583,2819
3567,20,19,850,176,0,11200,0,0,0,506569,506569,2819
3582,20,121,850,176,0,11200,0,0,0,508901,508901,2819
3598,20,176,850,175,0,11200,0,0,0,511477,511477,2819
3613,20,237,850,175,0,11200,0,0,0,513655,513655,2819
3629,20,297,850,175,0,11200,0,0,0,515990,515990,2819
3644,20,366,850,175,0,11200,0,0,0,518358,518358,2819
3659,20,435,850,174,0,11200,0,0,0,520438,520438,2819
3676,20,502,850,174,0,11200,0,0,0,522561,522561,2819
3691,20,552,851,175,0,11200,0,0,0,524062,524062,2819
3706,20,603,851,174,0,11200,0,0,0,526191,526191,2819
3722,20,653,853,174,0,11200,0,0,0,528156,528156,2819
3737,20,713,853,173,0,11200,0,0,0,530172,530172,2819
3752,20,796,853,170,0,11200,0,0,0,532197,532197,2819
3767,21,29,855,170,0,11200,0,0,0,534291,534291,2819
3783,21,127,856,171,0,11200,0,0,0,536588,536588,2819
3798,21,185,857,171,0,11200,0,0,0,538950,538950,2819
3814,21,243,857,170,0,11200,0,0,0,541364,541364,2819
3829,21,298,857,170,0,11200,0,0,0,543668,543668,2819
3844,21,366,857,170,0,11200,0,0,0,545932,545932,2819
3859,21,424,858,170,0,11200,0,0,0,547808,547808,2819
3874,21,475,858,170,0,11200,0,0,0,549993,549993,2819
3890,21,527,858,170,0,11200,0,0,0,551831,551831,2819
3905,21,592,858,170,0,11200,0,0,0,553821,553821,2819
3920,21,653,858,169,0,11200,0,0,0,555569,555569,2819
3936,21,730,858,168,0,11200,0,0,0,557672,557672,2819
3951,21,819,858,166,0,11200,0,0,0,559654,559654,2819
3966,22,29,859,165,0,11200,0,0,0,562091,562091,2820
3981,22,128,859,163,0,11200,0,0,0,564582,564582,2820
3997,22,186,859,163,0,11200,0,0,0,566964,566964,2820
4012,22,234,859,162,0,11200,0,0,0,568985,568985,2820
4028,22,309,859,162,0,11200,0,0,0,571483,571483,2820
4044,22,380,859,162,0,11200,0,0,0,573674,573674,2820
4059,22,433,859,161,0,11200,0,0,0,575665,575665,2820
4074,22,505,859,160,0,11200,0,0,0,577682,577682,2820
4090,22,555,860,161,0,11200,0,0,0,579339,579339,2820
4105,22,603,860,161,0,11200,0,0,0,581143,581143,2820
4120,22,653,860,160,0,11200,0,0,0,583241,583241,2820
4135,22,716,860,160,0,11200,0,0,0,585356,585356,2820
4151,22,796,860,157,0,11200,0,0,0,587193,587193,2820
4166,23,12,860,155,0,11200,0,0,0,589324,589324,2820
4182,23,111,860,154,0,11200,0,0,0,591727,591727,2820
4197,23,157,861,155,0,11200,0,0,0,594105,594105,2820
4212,23,216,861,154,0,11200,0,0,0,596211,596211,2820
4227,23,266,861,154,0,11200,0,0,0,598503,598503,2820
4242,23,345,861,153,0,11200,0,0,0,600635,600635,2820
4257,23,423,861,152,0,11200,0,0,0,602615,602615,2820
4273,23,474,862,152,0,11200,0,0,0,604762,604762,2820
4288,23,532,862,151,0,11200,0,0,0,606697,606697,2820
4303,23,579,863,151,0,11200,0,0,0,608346,608346,2825
4318,23,625,863,151,0,11200,0,0,0,610304,610304,2825
4333,23,711,863,149,0,11200,0,0,0,612420,612420,2825
4349,23,794,863,149,0,11200,0,0,0,614533,614533,2825
4364,24,3,867,147,0,11200,0,0,0,616388,616388,2831
4379,24,106,867,145,0,11200,0,0,0,618755,618755,2831
4395,24,166,867,145,0,11200,0,0,0,621407,621407,2831
4410,24,221,867,145,0,11200,0,0,0,623688,623688,2831
4425,24,266,867,145,0,11200,0,0,0,625847,625847,2831
4441,24,343,867,144,0,11200,0,0,0,628081,628081,2831
4456,24,410,867,144,0,11200,0,0,0,630060,630060,2831
4472,24,474,867,144,0,11200,0,0,0,632247,632247,2831
4488,24,537,867,144,0,11200,0,0,0,634385,634385,2831
4504,24,591,867,144,0,11200,0,0,0,636190,636190,2831
4519,24,647,867,144,0,11200,0,0,0,638558,638558,2831
4535,24,730,868,145,0,11200,0,0,0,640858,640858,2831
4550,24,822,869,146,0,11200,0,0,0,643001,643001,2833
4565,25,14,869,142,0,11200,0,0,0,645120,645120,2833
4581,25,98,869,142,0,11200,0,0,0,647228,647228,2833
4596,25,167,869,142,0,11200,0,0,0,649944,649944,2833
4612,25,220,871,143,0,11200,0,0,0,652280,652280,2835
4627,25,269,871,143,0,11200,0,0,0,654561,654561,2835
4642,25,349,871,142,0,11200,0,0,0,656680,656680,2835
4658,25,430,871,140,0,11200,0,0,0,658907,658907,2835
4673,25,490,872,141,0,11200,0,0,0,660992,660992,2835
4689,25,533,872,141,0,11200,0,0,0,663088,663088,2835
4704,25,595,872,140,0,11200,0,0,0,665102,665102,2835
4719,25,662,873,141,0,11200,0,0,0,667282,667282,2835
4734,25,730,873,141,0,11200,0,0,0,669206,669206,2835
4749,25,812,873,141,0,11200,0,0,0,671314,671314,2835
4765,26,19,874,140,0,11200,0,0,0,673495,673495,2835
4780,26,112,874,138,0,11200,0,0,0,675630,675630,2835
4795,26,168,874,138,0,11200,0,0,0,678155,678155,2835
4810,26,222,874,138,0,11200,0,0,0,680463,680463,2835
4825,26,275,874,138,0,11200,0,0,0,682791,682791,2835
4841,26,345,874,137,0,11200,0,0,0,684798,684798,2835
4856,26,399,876,139,0,11200,0,0,0,686471,686471,2835
4872,26,454,876,139,0,11200,0,0,0,688523,688523,2835
4887,26,517,876,139,0,11200,0,0,0,690715,690715,2835
4905,26,571,876,139,0,11200,0,0,0,692412,692412,2835
4920,26,619,876,138,0,11200,0,0,0,694486,694486,2835
4936,26,688,876,138,0,11200,0,0,0,696752,696752,2835
4951,26,755,876,137,0,11200,0,0,0,698841,698841,2835
4967,26,845,876,135,0,11200,0,0,0,701004,701004,2835
4982,27,23,878,134,0,11200,0,0,0,703381,703381,2836
4997,27,126,878,133,0,11200,0,0,0,705867,705867,2836
5012,27,181,878,133,0,11200,0,0,0,708212,708212,2836
5028,27,236,878,133,0,11200,0,0,0,710458,710458,2836
5043,27,309,878,133,0,11200,0,0,0,712744,712744,2836
5058,27,383,880,135,0,11200,0,0,0,714803,714803,2837
5074,27,449,880,135,0,11200,0,0,0,716858,716858,2837
5089,27,501,880,134,0,11200,0,0,0,718845,718845,2837
5105,27,557,880,134,0,11200,0,0,0,721082,721082,2837
5120,27,611,880,133,0,11200,0,0,0,723058,723058,2837
5136,27,670,880,132,0,11200,0,0,0,725132,725132,2837
5151,27,733,880,131,0,11200,0,0,0,727227,727227,2837
5166,27,826,880,131,0,11200,0,0,0,729413,729413,2837
5181,28,7,881,130,0,11200,0,0,0,731272,731272,2839
5197,28,98,881,130,0,11200,0,0,0,733512,733512,2839
5213,28,174,881,129,0,11200,0,0,0,736273,736273,2839
5228,28,228,881,129,0,11200,0,0,0,738499,738499,2839
5243,28,286,881,129,0,11200,0,0,0,740731,740731,2839
5259,28,365,881,129,0,11200,0,0,0,742994,742994,2839
5274,28,420,881,128,0,11200,0,0,0,745154,745154,2839
5289,28,486,881,128,0,11200,0,0,0,747057,747057,2839
5305,28,533,881,127,0,11200,0,0,0,749072,749072,2839
5320,28,603,881,127,0,11200,0,0,0,751222,751222,2839
5335,28,664,881,127,0,11200,0,0,0,753121,753121,2839
5350,28,732,881,127,0,11200,0,0,0,755237,755237,2839
5365,28,833,881,125,0,11200,0,0,0,757421,757421,2839
5380,29,24,881,123,0,11200,0,0,0,759726,759726,2839
5396,29,115,881,122,0,11200,0,0,0,761821,761821,2839
5411,29,175,881,122,0,11200,0,0,0,764371,764371,2839
5426,29,224,881,122,0,11200,0,0,0,766485,766485,2839
5441,29,298,881,122,0,11200,0,0,0,768809,768809,2839
5457,29,366,881,122,0,11200,0,0,0,771074,771074,2839
5472,29,420,881,122,0,11200,0,0,0,773184,773184,2839
5487,29,470,881,121,0,11200,0,0,0,775240,775240,2839
5502,29,519,883,123,0,11200,0,0,0,777441,777441,2841
5518,29,577,883,123,0,11200,0,0,0,779069,779069,2841
5533,29,643,884,124,0,11200,0,0,0,781054,781054,2841
5549,29,711,884,124,0,11200,0,0,0,783210,783210,2841
5564,29,778,884,123,0,11200,0,0,0,785085,785085,2841
5579,29,844,885,122,0,11200,0,0,0,786783,786783,2841
5594,30,10,886,119,0,11200,0,0,0,788805,788805,2848
5609,30,117,886,119,0,11200,0,0,0,791167,791167,2848
5624,30,169,887,120,0,11200,0,0,0,793582,793582,2850
5639,30,224,888,121,0,11200,0,0,0,795835,795835,2853
5655,30,286,889,119,0,11200,0,0,0,798245,798245,2855
5670,30,348,889,119,0,11200,0,0,0,800322,800322,2855
5686,30,427,889,119,0,11200,0,0,0,802481,802481,2855
5701,30,471,889,119,0,11200,0,0,0,804467,804467,2855
5717,30,526,889,118,0,11200,0,0,0,806563,806563,2855
5732,30,565,889,117,0,11200,0,0,0,808063,808063,2855
5747,30,614,889,116,0,11200,0,0,0,810006,810006,2855
5762,30,664,890,117,0,11200,0,0,0,811915,811915,2856
5778,30,735,890,117,0,11200,0,0,0,814079,814079,2856
5793,30,820,890,116,0,11200,0,0,0,816057,816057,2856
5811,31,886,891,116,0,11200,0,0,0,817584,817584,2856
5827,31,78,891,112,0,11200,0,0,0,819971,819971,2856
5842,31,157,892,111,0,11200,0,0,0,822603,822603,2856
5857,31,196,892,111,0,11200,0,0,0,824620,824620,2856
5872,31,258,892,111,0,11200,0,0,0,827207,827207,2856
5888,31,317,892,110,0,11200,0,0,0,829416,829416,2856
5903,31,380,892,110,0,11200,0,0,0,831271,831271,2856
5918,31,435,892,110,0,11200,0,0,0,833308,833308,2856
5933,31,498,892,109,0,11200,0,0,0,835369,835369,2856
5948,31,552,892,109,0,11200,0,0,0,837128,837128,2856
5963,31,603,892,109,0,11200,0,0,0,838998,838998,2856
5978,31,669,892,109,0,11200,0,0,0,841196,841196,2856
5994,31,735,892,107,0,11200,0,0,0,843285,843285,2856
6009,31,824,892,107,0,11200,0,0,0,845315,845315,2856
6024,32,7,893,107,0,11200,0,0,0,847449,847449,2859
6040,32,110,893,106,0,11200,0,0,0,849714,849714,2859
6055,32,161,893,106,0,11200,0,0,0,852252,852252,2859
6070,32,215,893,106,0,11200,0,0,0,854367,854367,2859
6086,32,266,893,106,0,11200,0,0,0,856500,856500,2859
6101,32,343,893,106,0,11200,0,0,0,858715,858715,2859
6116,32,414,893,106,0,11200,0,0,0,860781,860781,2859
6131,32,469,893,104,0,11200,0,0,0,862729,862729,2859
6147,32,525,893,103,0,11200,0,0,0,864850,864850,2859
6162,32,572,893,103,0,11200,0,0,0,866226,866226,2859
6177,32,621,893,103,0,11200,0,0,0,868276,868276,2859
6192,32,698,894,104,0,11200,0,0,0,870610,870610,2860
6208,32,778,894,104,0,11200,0,0,0,872691,872691,2860
6223,32,862,894,102,0,11200,0,0,0,874783,874783,2860
6238,33,3,895,101,0,11200,0,0,0,876167,876167,2861
6253,33,117,895,100,0,11200,0,0,0,878515,878515,2861
6269,33,167,895,100,0,11200,0,0,0,880985,880985,2861
6284,33,229,895,100,0,11200,0,0,0,883406,883406,2861
6299,33,284,896,101,0,11200,0,0,0,885599,885599,2862
6314,33,349,896,101,0,11200,0,0,0,887544,887544,2862
6329,33,410,897,102,0,11200,0,0,0,889282,889282,2864
6345,33,469,897,102,0,11200,0,0,0,891272,891272,2864
6360,33,519,897,102,0,11200,0,0,0,893480,893480,2864
6375,33,568,897,102,0,11200,0,0,0,895275,895275,2864
6390,33,625,898,103,0,11200,0,0,0,897253,897253,2864
6406,33,706,898,102,0,11200,0,0,0,899455,899455,2864
6421,33,791,898,102,0,11200,0,0,0,901528,901528,2864
6436,33,876,899,103,0,11200,0,0,0,903555,903555,2864
6451,34,47,899,100,0,11200,0,0,0,906015,906015,2864
6466,34,146,899,100,0,11200,0,0,0,908460,908460,2864
6482,34,209,899,100,0,11200,0,0,0,910586,910586,2864
6497,34,264,899,100,0,11200,0,0,0,912987,912987,2864
6512,34,333,899,99,0,11200,0,0,0,915324,915324,2864
6527,34,397,899,97,0,11200,0,0,0,917367,917367,2864
6543,34,465,900,98,0,11200,0,0,0,919191,919191,2865
6558,34,528,900,98,0,11200,0,0,0,921271,921271,2865
6574,34,575,900,98,0,11200,0,0,0,922921,922921,2865
6589,34,643,900,98,0,11200,0,0,0,924998,924998,2865
6604,34,728,900,98,0,11200,0,0,0,926968,926968,2865
6620,34,821,900,95,0,11200,0,0,0,928965,928965,2865
6636,35,886,901,96,0,11200,0,0,0,931076,931076,2865
6652,35,43,901,93,0,11200,0,0,0,933533,933533,2865
6667,35,143,901,91,0,11200,0,0,0,936075,936075,2865
6682,35,209,901,90,0,11200,0,0,0,938301,938301,2865
6697,35,254,901,90,0,11200,0,0,0,940617,940617,2865
6712,35,327,901,90,0,11200,0,0,0,942837,942837,2865
6727,35,383,901,90,0,11200,0,0,0,944878,944878,2865
6743,35,445,901,89,0,11200,0,0,0,946896,946896,2865
6759,35,498,903,91,0,11200,0,0,0,948773,948773,2866
6774,35,537,903,91,0,11200,0,0,0,950673,950673,2866
6790,35,596,903,91,0,11200,0,0,0,952594,952594,2866
6805,35,652,903,91,0,11200,0,0,0,954635,954635,2866
6820,35,716,903,90,0,11200,0,0,0,956748,956748,2866
6835,35,794,903,90,0,11200,0,0,0,958595,958595,2866
6851,35,880,904,91,0,11200,0,0,0,960543,960543,2866
6866,36,26,904,89,0,11200,0,0,0,962718,962718,2866
6881,36,121,904,89,0,11200,0,0,0,965258,965258,2866
6896,36,167,904,88,0,11200,0,0,0,967686,967686,2866
6912,36,217,904,88,0,11200,0,0,0,969996,969996,2866
6927,36,269,904,88,0,11200,0,0,0,972375,972375,2866
6943,36,345,904,88,0,11200,0,0,0,974523,974523,2866
6958,36,409,905,89,0,11200,0,0,0,976430,976430,2866
6974,36,456,905,89,0,11200,0,0,0,978206,978206,2866
6989,36,505,905,89,0,11200,0,0,0,980256,980256,2866
7006,36,537,905,89,0,11200,0,0,0,981517,981517,2866
7022,36,596,905,89,0,11200,0,0,0,983809,983809,2866
7037,36,647,905,89,0,11200,0,0,0,985658,985658,2866
7052,36,713,905,88,0,11200,0,0,0,987900,987900,2866
7068,36,789,905,88,0,11200,0,0,0,989798,989798,2866
7083,36,863,907,90,0,11200,0,0,0,991797,991797,2866
7098,37,7,908,89,0,11200,0,0,0,993759,993759,2866
7113,37,108,908,88,0,11200,0,0,0,996120,996120,2866
7129,37,168,909,89,0,11200,0,0,0,998710,998710,2866
7144,37,230,909,89,0,11200,0,0,0,1001006,1001006,2866
7160,37,291,909,89,0,11200,0,0,0,1003326,1003326,2866
7175,37,362,909,86,0,11200,0,0,0,1005411,1005411,2866
7190,37,418,909,86,0,11200,0,0,0,1007363,1007363,2866
7205,37,470,909,86,0,11200,0,0,0,1009361,1009361,2866
7221,37,527,909,86,0,11200,0,0,0,1011463,1011463,2866
7236,37,590,909,86,0,11200,0,0,0,1013216,1013216,2866
7251,37,641,909,86,0,11200,0,0,0,1015081,1015081,2866
7267,37,705,909,86,0,11200,0,0,0,1017227,1017227,2866
7282,37,786,909,84,0,11200,0,0,0,1019342,1019342,2866
7297,37,863,911,86,0,11200,0,0,0,1021226,1021226,2866
7312,37,888,911,86,0,11200,0,0,0,1022186,1022186,2866
7327,38,32,911,86,0,11200,0,0,0,1024621,1024621,2866
7343,38,138,911,86,0,11200,0,0,0,1027055,1027055,2866
7358,38,196,911,86,0,11200,0,0,0,1029267,1029267,2866
7373,38,247,911,86,0,11200,0,0,0,1031359,1031359,2866
7389,38,317,911,86,0,11200,0,0,0,1033504,1033504,2866
7405,38,380,911,86,0,11200,0,0,0,1035395,1035395,2866
7420,38,458,911,86,0,11200,0,0,0,1037568,1037568,2866
7436,38,515,911,86,0,11200,0,0,0,1039645,1039645,2866
7451,38,556,911,84,0,11200,0,0,0,1041528,1041528,2866
7467,38,605,911,84,0,11200,0,0,0,1043448,1043448,2866
7482,38,669,911,84,0,11200,0,0,0,1045451,1045451,2866
7497,38,751,911,84,0,11200,0,0,0,1047628,1047628,2866
7513,38,838,911,83,0,11200,0,0,0,1049752,1049752,2866
7529,38,886,911,83,0,11200,0,0,0,1051314,1051314,2866
7545,39,44,911,83,0,11200,0,0,0,1053713,1053713,2866
7561,39,142,911,82,0,11200,0,0,0,1056295,1056295,2866
7576,39,185,912,82,0,11200,0,0,0,1058593,1058593,2867
7591,39,230,912,82,0,11200,0,0,0,1060760,1060760,2867
7607,39,301,912,82,0,11200,0,0,0,1063022,1063022,2867
7622,39,367,912,82,0,11200,0,0,0,1065000,1065000,2867
7637,39,427,912,82,0,11200,0,0,0,1066959,1066959,2867
7652,39,495,912,82,0,11200,0,0,0,1069159,1069159,2867
7668,39,533,912,82,0,11200,0,0,0,1070834,1070834,2867
7683,39,565,912,82,0,11200,0,0,0,1072012,1072012,2867
7698,39,623,913,83,0,11200,0,0,0,1073842,1073842,2867
7713,39,688,913,83,0,11200,0,0,0,1075927,1075927,2867
7729,39,755,913,83,0,11200,0,0,0,1077935,1077935,2867
7744,39,833,913,83,0,11200,0,0,0,1079627,1079627,2867
7759,40,895,913,82,0,11200,0,0,0,1081516,1081516,2867
7775,40,56,913,80,0,11200,0,0,0,1083905,1083905,2867
7790,40,139,913,80,0,11200,0,0,0,1086212,1086212,2867
7805,40,185,913,80,0,11200,0,0,0,1088375,1088375,2867
7820,40,237,914,81,0,11200,0,0,0,1090368,1090368,2867
7835,40,317,914,81,0,11200,0,0,0,1092552,1092552,2867
7851,40,401,914,81,0,11200,0,0,0,1094585,1094585,2867
7867,40,452,914,81,0,11200,0,0,0,1096559,1096559,2867
7882,40,498,914,81,0,11200,0,0,0,1098553,1098553,2867
7897,40,554,914,81,0,11200,0,0,0,1100449,1100449,2867
7912,40,617,914,81,0,11200,0,0,0,1102629,1102629,2867
7928,40,671,914,81,0,11200,0,0,0,1104724,1104724,2867
7943,40,746,914,81,0,11200,0,0,0,1106923,1106923,2867
7959,40,824,914,81,0,11200,0,0,0,1108954,1108954,2867
7974,40,888,914,81,0,11200,0,0,0,1110833,1110833,2867
7990,41,44,914,81,0,11200,0,0,0,1113353,1113353,2867
8005,41,135,914,81,0,11200,0,0,0,1115742,1115742,2867
8020,41,201,915,82,0,11200,0,0,0,1118057,1118057,2867
8035,41,251,915,82,0,11200,0,0,0,1120316,1120316,2867
8050,41,317,915,82,0,11200,0,0,0,1122609,1122609,2867
8066,41,380,915,80,0,11200,0,0,0,1124596,1124596,2867
8081,41,433,915,80,0,11200,0,0,0,1126731,1126731,2867
8096,41,502,915,80,0,11200,0,0,0,1128752,1128752,2867
8111,41,563,915,80,0,11200,0,0,0,1130509,1130509,2867
8126,41,596,915,80,0,11200,0,0,0,1131896,1131896,2867
8142,41,662,915,80,0,11200,0,0,0,1134039,1134039,2867
8157,41,728,915,80,0,11200,0,0,0,1135889,1135889,2867
8172,41,802,915,80,0,11200,0,0,0,1137880,1137880,2867
8188,41,881,916,78,0,11200,0,0,0,1139853,1139853,2868
8203,42,19,916,76,0,11200,0,0,0,1141694,1141694,2868
8218,42,120,916,75,0,11200,0,0,0,1144066,1144066,2868
8233,42,183,916,75,0,11200,0,0,0,1146672,1146672,2868
8249,42,238,916,75,0,11200,0,0,0,1148793,1148793,2868
8264,42,317,916,75,0,11200,0,0,0,1151121,1151121,2868
8279,42,388,916,75,0,11200,0,0,0,1153399,1153399,2868
8295,42,438,916,75,0,11200,0,0,0,1155112,1155112,2868
8310,42,510,916,75,0,11200,0,0,0,1157265,1157265,2868
8326,42,557,916,75,0,11200,0,0,0,1159290,1159290,2868
8341,42,618,916,75,0,11200,0,0,0,1161488,1161488,2868
8356,42,695,916,75,0,11200,0,0,0,1163615,1163615,2868
8372,42,777,916,75,0,11200,0,0,0,1165521,1165521,2868
8387,42,854,918,77,0,11200,0,0,0,1167455,1167455,2868
8403,43,904,918,77,0,11200,0,0,0,1169365,1169365,2868
8418,43,76,918,77,0,11200,0,0,0,1171756,1171756,2868
8433,43,158,919,78,0,11200,0,0,0,1174327,1174327,2868
8449,43,213,919,78,0,11200,0,0,0,1176579,1176579,2868
8464,43,262,919,78,0,11200,0,0,0,1178804,1178804,2868
8479,43,328,919,78,0,11200,0,0,0,1181002,1181002,2868
8495,43,414,921,80,0,11200,0,0,0,1183050,1183050,2870
8510,43,475,922,81,0,11200,0,0,0,1185073,1185073,2871
8525,43,526,922,81,0,11200,0,0,0,1187213,1187213,2871
8540,43,585,923,82,0,11200,0,0,0,1188864,1188864,2877
8556,43,636,923,82,0,11200,0,0,0,1190866,1190866,2877
8571,43,709,923,82,0,11200,0,0,0,1192933,1192933,2877
8586,43,823,923,82,0,11200,0,0,0,1195127,1195127,2877
8601,43,880,925,84,0,11200,0,0,0,1196927,1196927,2877
8617,44,14,926,76,0,11200,0,0,0,1199131,1199131,2878
8632,44,111,926,76,0,11200,0,0,0,1201231,1201231,2878
8647,44,175,926,76,0,11200,0,0,0,1203700,1203700,2878
8662,44,227,926,76,0,11200,0,0,0,1205849,1205849,2878
8677,44,303,926,76,0,11200,0,0,0,1208261,1208261,2878
8692,44,377,926,76,0,11200,0,0,0,1210326,1210326,2878
8708,44,438,927,77,0,11200,0,0,0,1212312,1212312,2878
8724,44,513,927,77,0,11200,0,0,0,1214626,1214626,2878
8739,44,554,927,77,0,11200,0,0,0,1216146,1216146,2878
8755,44,616,927,77,0,11200,0,0,0,1218084,1218084,2878
8770,44,670,927,77,0,11200,0,0,0,1219918,1219918,2878
8786,44,728,927,77,0,11200,0,0,0,1222093,1222093,2878
8801,44,800,927,77,0,11200,0,0,0,1224136,1224136,2878
8816,44,877,927,77,0,11200,0,0,0,1226053,1226053,2878
8832,45,911,927,76,0,11200,0,0,0,1227672,1227672,2878
8847,45,78,927,76,0,11200,0,0,0,1229937,1229937,2878
8863,45,164,927,76,0,11200,0,0,0,1232600,1232600,2878
8878,45,217,928,77,0,11200,0,0,0,1234809,1234809,2879
8893,45,263,928,77,0,11200,0,0,0,1237026,1237026,2879
8908,45,348,928,76,0,11200,0,0,0,1239515,1239515,2879
8923,45,414,928,76,0,11200,0,0,0,1241532,1241532,2879
8939,45,468,928,76,0,11200,0,0,0,1243433,1243433,2879
8955,45,527,928,76,0,11200,0,0,0,1245405,1245405,2879
8979,45,571,928,76,0,11200,0,0,0,1246753,1246753,2879
8994,45,621,928,76,0,11200,0,0,0,1248734,1248734,2879
9009,45,689,928,76,0,11200,0,0,0,1250729,1250729,2879
9024,45,770,928,76,0,11200,0,0,0,1252812,1252812,2879
9040,45,838,929,77,0,11200,0,0,0,1254688,1254688,2882
9055,45,896,930,77,0,11200,0,0,0,1256585,1256585,2884
9070,46,28,930,72,0,11200,0,0,0,1258822,1258822,2884
9085,46,122,930,72,0,11200,0,0,0,1261149,1261149,2884
9100,46,181,930,72,0,11200,0,0,0,1263672,1263672,2884
9115,46,223,930,72,0,11200,0,0,0,1265870,1265870,2884
9131,46,284,930,72,0,11200,0,0,0,1268253,1268253,2884
9146,46,360,930,72,0,11200,0,0,0,1270450,1270450,2884
9162,46,417,930,72,0,11200,0,0,0,1272508,1272508,2884
9177,46,475,931,73,0,11200,0,0,0,1274543,1274543,2884
9193,46,523,931,73,0,11200,0,0,0,1276413,1276413,2884
9210,46,571,931,73,0,11200,0,0,0,1277713,1277713,2884
9225,46,618,931,73,0,11200,0,0,0,1279507,1279507,2884
9240,46,677,931,73,0,11200,0,0,0,1281463,1281463,2884
9256,46,752,931,73,0,11200,0,0,0,1283640,1283640,2884
9271,46,833,931,72,0,11200,0,0,0,1285640,1285640,2884
9286,46,898,931,72,0,11200,0,0,0,1287275,1287275,2884
9301,47,24,932,72,0,11200,0,0,0,1289542,1289542,2884
9317,47,131,932,72,0,11200,0,0,0,1292185,1292185,2884
9332,47,184,932,72,0,11200,0,0,0,1294458,1294458,2884
9347,47,231,932,72,0,11200,0,0,0,1296556,1296556,2884
9363,47,297,932,72,0,11200,0,0,0,1298868,1298868,2884
9378,47,359,932,72,0,11200,0,0,0,1301055,1301055,2884
9394,47,418,933,72,0,11200,0,0,0,1303048,1303048,2884
9409,47,470,933,72,0,11200,0,0,0,1304805,1304805,2884
9424,47,525,933,72,0,11200,0,0,0,1306836,1306836,2884
9441,47,571,933,72,0,11200,0,0,0,1308348,1308348,2884
9456,47,631,933,72,0,11200,0,0,0,1310414,1310414,2884
9472,47,698,933,72,0,11200,0,0,0,1312673,1312673,2884
9487,47,770,933,71,0,11200,0,0,0,1314688,1314688,2884
9502,47,860,934,71,0,11200,0,0,0,1316737,1316737,2884
9518,47,893,934,71,0,11200,0,0,0,1318037,1318037,2884
9533,48,10,934,70,0,11200,0,0,0,1320239,1320239,2884
9549,48,117,934,70,0,11200,0,0,0,1322726,1322726,2884
9564,48,178,934,70,0,11200,0,0,0,1325384,1325384,2884
9579,48,247,934,70,0,11200,0,0,0,1327681,1327681,2884
9594,48,319,934,70,0,11200,0,0,0,1330063,1330063,2884
9610,48,397,934,70,0,11200,0,0,0,1332156,1332156,2884
9625,48,452,934,70,0,11200,0,0,0,1334028,1334028,2884
9641,48,503,934,70,0,11200,0,0,0,1336142,1336142,2884
9656,48,552,934,70,0,11200,0,0,0,1337833,1337833,2884
9671,48,595,934,70,0,11200,0,0,0,1339408,1339408,2884
9687,48,654,934,70,0,11200,0,0,0,1341440,1341440,2884
9702,48,724,934,70,0,11200,0,0,0,1343366,1343366,2884
9717,48,807,934,70,0,11200,0,0,0,1345193,1345193,2884
9734,48,886,937,72,0,11200,0,0,0,1347007,1347007,2884
9749,49,25,937,72,0,11200,0,0,0,1349317,1349317,2884
9764,49,122,937,72,0,11200,0,0,0,1351664,1351664,2884
9779,49,186,937,72,0,11200,0,0,0,1354190,1354190,2884
9794,49,241,937,72,0,11200,0,0,0,1356438,1356438,2884
9809,49,308,937,72,0,11200,0,0,0,1358703,1358703,2884
9825,49,369,937,72,0,11200,0,0,0,1360739,1360739,2884
9840,49,445,937,72,0,11200,0,0,0,1362913,1362913,2884
9855,49,503,937,72,0,11200,0,0,0,1365007,1365007,2884
9870,49,559,937,72,0,11200,0,0,0,1366943,1366943,2884
9885,49,619,937,72,0,11200,0,0,0,1369007,1369007,2884
9901,49,670,937,72,0,11200,0,0,0,1370749,1370749,2884
9916,49,733,938,71,0,11200,0,0,0,1372816,1372816,2885
9931,49,824,938,70,0,11200,0,0,0,1374710,1374710,2885
9951,49,886,938,69,0,11200,0,0,0,1376580,1376580,2885
9966,50,14,938,68,0,11200,0,0,0,1378764,1378764,2885
9981,50,116,938,68,0,11200,0,0,0,1381141,1381141,2885
9996,50,174,938,68,0,11200,0,0,0,1383729,1383729,2885
10011,50,231,938,68,0,11200,0,0,0,1385856,1385856,2885
10027,50,305,938,68,0,11200,0,0,0,1387924,1387924,2885
10042,50,366,938,68,0,11200,0,0,0,1390132,1390132,2885
10057,50,417,938,68,0,11200,0,0,0,1391920,1391920,2885
10072,50,480,938,68,0,11200,0,0,0,1394054,1394054,2885
10089,50,537,938,68,0,11200,0,0,0,1396145,1396145,2885
10104,50,581,939,69,0,11200,0,0,0,1397726,1397726,2885
10120,50,635,939,69,0,11200,0,0,0,1399925,1399925,2885
10135,50,724,939,68,0,11200,0,0,0,1402002,1402002,2885
10151,50,796,939,68,0,11200,0,0,0,1403954,1403954,2885
10168,50,881,939,68,0,11200,0,0,0,1406061,1406061,2885
10183,51,20,939,67,0,11200,0,0,0,1408322,1408322,2885
10198,51,116,939,67,0,11200,0,0,0,1410604,1410604,2885
10214,51,171,939,67,0,11200,0,0,0,1413092,1413092,2885
10229,51,227,939,67,0,11200,0,0,0,1415334,1415334,2885
10244,51,301,939,67,0,11200,0,0,0,1417856,1417856,2885
10259,51,367,939,67,0,11200,0,0,0,1419935,1419935,2885
10274,51,431,939,67,0,11200,0,0,0,1421896,1421896,2885
10289,51,492,939,67,0,11200,0,0,0,1423742,1423742,2885
10307,51,537,939,67,0,11200,0,0,0,1425637,1425637,2885
10322,51,592,939,66,0,11200,0,0,0,1427234,1427234,2885
10337,51,654,939,66,0,11200,0,0,0,1429484,1429484,2885
10352,51,730,940,67,0,11200,0,0,0,1431624,1431624,2886
10367,51,807,941,68,0,11200,0,0,0,1433648,1433648,2889
10383,51,870,941,68,0,11200,0,0,0,1435330,1435330,2889
10398,51,918,943,69,0,11200,0,0,0,1436759,1436759,2889
10413,52,65,943,67,0,11200,0,0,0,1439010,1439010,2889
10429,52,166,943,66,0,11200,0,0,0,1441691,1441691,2889
10444,52,222,943,66,0,11200,0,0,0,1443889,1443889,2889
10459,52,269,943,66,0,11200,0,0,0,1446098,1446098,2889
10474,52,348,943,66,0,11200,0,0,0,1448168,1448168,2889
10490,52,407,943,65,0,11200,0,0,0,1450157,1450157,2889
10505,52,461,943,65,0,11200,0,0,0,1452217,1452217,2889
10520,52,525,943,64,0,11200,0,0,0,1454206,1454206,2889
10535,52,580,943,64,0,11200,0,0,0,1456095,1456095,2889
10551,52,643,944,65,0,11200,0,0,0,1458244,1458244,2890
10566,52,705,944,65,0,11200,0,0,0,1460291,1460291,2890
10581,52,791,944,65,0,11200,0,0,0,1462421,1462421,2890
10597,52,868,944,65,0,11200,0,0,0,1464497,1464497,2890
10612,52,911,944,65,0,11200,0,0,0,1466158,1466158,2890
10628,53,19,944,63,0,11200,0,0,0,1468321,1468321,2890
10643,53,120,944,63,0,11200,0,0,0,1470729,1470729,2890
10658,53,175,944,63,0,11200,0,0,0,1473272,1473272,2890
10673,53,221,944,63,0,11200,0,0,0,1475479,1475479,2890
10689,53,279,944,63,0,11200,0,0,0,1477695,1477695,2890
10704,53,336,944,62,0,11200,0,0,0,1479892,1479892,2890
10719,53,410,944,62,0,11200,0,0,0,1481980,1481980,2890
10735,53,460,944,62,0,11200,0,0,0,1483981,1483981,2890
10750,53,517,944,62,0,11200,0,0,0,1486004,1486004,2890
10765,53,592,944,62,0,11200,0,0,0,1488239,1488239,2890
10781,53,662,944,62,0,11200,0,0,0,1490528,1490528,2890
10796,53,724,944,62,0,11200,0,0,0,1492396,1492396,2890
10811,53,802,945,63,0,11200,0,0,0,1494336,1494336,2890
10827,53,876,945,63,0,11200,0,0,0,1496224,1496224,2890
10842,54,926,945,61,0,11200,0,0,0,1498070,1498070,2890
10858,54,51,945,61,0,11200,0,0,0,1500438,1500438,2890
10873,54,137,945,60,0,11200,0,0,0,1503050,1503050,2890
10889,54,194,946,61,0,11200,0,0,0,1505290,1505290,2890
10904,54,242,946,61,0,11200,0,0,0,1507489,1507489,2890
10919,54,305,946,61,0,11200,0,0,0,1509759,1509759,2890
10934,54,377,946,61,0,11200,0,0,0,1511881,1511881,2890
10950,54,423,946,61,0,11200,0,0,0,1513632,1513632,2890
10965,54,474,946,61,0,11200,0,0,0,1515481,1515481,2890
10980,54,535,946,61,0,11200,0,0,0,1517580,1517580,2890
10996,54,591,946,61,0,11200,0,0,0,1519289,1519289,2890
11012,54,647,946,61,0,11200,0,0,0,1521344,1521344,2890
11028,54,719,946,61,0,11200,0,0,0,1523408,1523408,2890
11043,54,792,946,61,0,11200,0,0,0,1525194,1525194,2890
11058,54,863,946,61,0,11200,0,0,0,1527211,1527211,2890
11073,54,923,946,60,0,11200,0,0,0,1529004,1529004,2890
11088,55,87,946,60,0,11200,0,0,0,1531321,1531321,2890
11104,55,159,946,60,0,11200,0,0,0,1533879,1533879,2890
11119,55,209,946,60,0,11200,0,0,0,1536037,1536037,2890
11135,55,258,946,60,0,11200,0,0,0,1538379,1538379,2890
11150,55,333,946,60,0,11200,0,0,0,1540477,1540477,2890
11165,55,402,946,60,0,11200,0,0,0,1542649,1542649,2890
11180,55,458,946,60,0,11200,0,0,0,1544517,1544517,2890
11195,55,507,946,60,0,11200,0,0,0,1546486,1546486,2890
11211,55,539,946,60,0,11200,0,0,0,1547880,1547880,2890
11226,55,598,946,60,0,11200,0,0,0,1549586,1549586,2890
11241,55,658,946,60,0,11200,0,0,0,1551659,1551659,2890
11256,55,733,946,60,0,11200,0,0,0,1553650,1553650,2890
11272,55,822,946,57,0,11200,0,0,0,1555737,1555737,2890
11287,55,887,946,57,0,11200,0,0,0,1557539,1557539,2890
11302,56,10,946,56,0,11200,0,0,0,1559874,1559874,2890
11318,56,111,946,56,0,11200,0,0,0,1562323,1562323,2890
11333,56,178,946,56,0,11200,0,0,0,1564798,1564798,2890
11348,56,227,946,56,0,11200,0,0,0,1566817,1566817,2890
11363,56,297,946,56,0,11200,0,0,0,1569054,1569054,2890
11378,56,349,946,55,0,11200,0,0,0,1571257,1571257,2890
11393,56,431,946,55,0,11200,0,0,0,1573548,1573548,2890
11409,56,486,946,55,0,11200,0,0,0,1575679,1575679,2890
11427,56,537,946,55,0,11200,0,0,0,1577499,1577499,2890
11442,56,607,947,56,0,11200,0,0,0,1579492,1579492,2892
11457,56,677,947,56,0,11200,0,0,0,1581826,1581826,2892
11472,56,746,947,56,0,11200,0,0,0,1583775,1583775,2892
11488,56,824,947,55,0,11200,0,0,0,1585683,1585683,2892
11505,56,886,947,54,0,11200,0,0,0,1587511,1587511,2892
11521,57,940,947,54,0,11200,0,0,0,1589704,1589704,2892
11536,57,67,947,52,0,11200,0,0,0,1592144,1592144,2892
11551,57,150,947,52,0,11200,0,0,0,1594712,1594712,2892
11567,57,196,947,52,0,11200,0,0,0,1596954,1596954,2892
11582,57,247,947,52,0,11200,0,0,0,1599283,1599283,2892
11597,57,323,947,52,0,11200,0,0,0,1601414,1601414,2892
11613,57,402,947,52,0,11200,0,0,0,1603387,1603387,2892
11628,57,469,947,52,0,11200,0,0,0,1605389,1605389,2892
11643,57,516,948,52,0,11200,0,0,0,1607337,1607337,2892
11658,57,571,948,52,0,11200,0,0,0,1608984,1608984,2892
11674,57,624,948,52,0,11200,0,0,0,1610865,1610865,2892
11689,57,667,948,51,0,11200,0,0,0,1612452,1612452,2892
11705,57,711,948,51,0,11200,0,0,0,1614329,1614329,2892
11720,57,794,948,51,0,11200,0,0,0,1616367,1616367,2892
11738,57,886,948,51,0,11200,0,0,0,1618359,1618359,2892
11753,58,1,948,48,0,11200,0,0,0,1620581,1620581,2892
11768,58,98,948,48,0,11200,0,0,0,1622806,1622806,2892
11784,58,164,948,48,0,11200,0,0,0,1625405,1625405,2892
11799,58,218,948,48,0,11200,0,0,0,1627700,1627700,2892
11814,58,269,948,48,0,11200,0,0,0,1629878,1629878,2892
11829,58,345,948,47,0,11200,0,0,0,1632019,1632019,2892
11845,58,402,948,47,0,11200,0,0,0,1634125,1634125,2892
11860,58,458,948,47,0,11200,0,0,0,1636128,1636128,2892
11876,58,513,948,47,0,11200,0,0,0,1638212,1638212,2892
11891,58,590,948,47,0,11200,0,0,0,1640211,1640211,2892
11906,58,636,948,47,0,11200,0,0,0,1642181,1642181,2892
11921,58,705,948,47,0,11200,0,0,0,1644265,1644265,2892
11936,58,784,948,47,0,11200,0,0,0,1646326,1646326,2892
11951,58,869,948,46,0,11200,0,0,0,1648304,1648304,2892
11966,59,929,948,45,0,11200,0,0,0,1650371,1650371,2892
11982,59,52,948,45,0,11200,0,0,0,1652550,1652550,2892
11998,59,138,948,45,0,11200,0,0,0,1655004,1655004,2892
12013,59,212,948,45,0,11200,0,0,0,1657456,1657456,2892
12028,59,259,948,45,0,11200,0,0,0,1659899,1659899,2892
12044,59,328,948,44,0,11200,0,0,0,1662190,1662190,2892
12059,59,389,948,43,0,11200,0,0,0,1664119,1664119,2892
12074,59,458,948,43,0,11200,0,0,0,1666167,1666167,2892
12089,59,519,948,43,0,11200,0,0,0,1668167,1668167,2892
12105,59,575,950,45,0,11200,0,0,0,1669973,1669973,2894
12120,59,625,950,45,0,11200,0,0,0,1672066,1672066,2894
12135,59,688,951,46,0,11200,0,0,0,1673984,1673984,2894
12151,59,755,951,46,0,11200,0,0,0,1676074,1676074,2894
12166,59,846,951,45,0,11200,0,0,0,1678122,1678122,2894
12182,59,899,951,44,0,11200,0,0,0,1679739,1679739,2894
12197,60,19,953,42,0,11200,0,0,0,1682163,1682163,2896
12212,60,112,953,42,0,11200,0,0,0,1684396,1684396,2896
12227,60,166,953,42,0,11200,0,0,0,1687067,1687067,2896
12242,60,221,953,42,0,11200,0,0,0,1689247,1689247,2896
12257,60,263,953,42,0,11200,0,0,0,1691451,1691451,2896
12273,60,343,953,42,0,11200,0,0,0,1693794,1693794,2896
12288,60,412,953,42,0,11200,0,0,0,1695948,1695948,2896
12303,60,472,953,42,0,11200,0,0,0,1697901,1697901,2896
12319,60,526,953,42,0,11200,0,0,0,1700202,1700202,2896
12337,60,571,953,42,0,11200,0,0,0,1701910,1701910,2896
12352,60,620,953,42,0,11200,0,0,0,1703921,1703921,2896
12368,60,686,953,42,0,11200,0,0,0,1705782,1705782,2896
12383,60,752,953,42,0,11200,0,0,0,1707724,1707724,2896
12398,60,824,953,42,0,11200,0,0,0,1709666,1709666,2896
12414,60,888,953,40,0,11200,0,0,0,1711442,1711442,2896
12429,61,940,955,42,0,11200,0,0,0,1713391,1713391,2896
12445,61,46,955,42,0,11200,0,0,0,1715975,1715975,2896
12460,61,148,955,42,0,11200,0,0,0,1718555,1718555,2896
12475,61,212,955,42,0,11200,0,0,0,1720866,1720866,2896
12491,61,262,955,42,0,11200,0,0,0,1723196,1723196,2896
12506,61,330,955,42,0,11200,0,0,0,1725354,1725354,2896
12521,61,402,955,42,0,11200,0,0,0,1727484,1727484,2896
12536,61,452,955,42,0,11200,0,0,0,1729391,1729391,2896
12551,61,502,955,42,0,11200,0,0,0,1731325,1731325,2896
12567,61,553,955,42,0,11200,0,0,0,1733158,1733158,2896
12582,61,603,955,42,0,11200,0,0,0,1734890,1734890,2896
12597,61,654,955,42,0,11200,0,0,0,1736806,1736806,2896
12613,61,716,955,42,0,11200,0,0,0,1738932,1738932,2896
12628,61,778,955,41,0,11200,0,0,0,1740782,1740782,2896
12644,61,845,955,41,0,11200,0,0,0,1742634,1742634,2896
12659,61,902,955,41,0,11200,0,0,0,1744491,1744491,2896
12674,62,10,955,40,0,11200,0,0,0,1746675,1746675,2896
12689,62,98,955,40,0,11200,0,0,0,1748524,1748524,2896
12704,62,174,955,40,0,11200,0,0,0,1750984,1750984,2896
12719,62,224,955,40,0,11200,0,0,0,1753295,1753295,2896
12735,62,284,955,40,0,11200,0,0,0,1755719,1755719,2896
12750,62,349,955,40,0,11200,0,0,0,1757879,1757879,2896
12765,62,409,955,40,0,11200,0,0,0,1759800,1759800,2896
12781,62,461,955,40,0,11200,0,0,0,1761860,1761860,2896
12796,62,514,955,40,0,11200,0,0,0,1763825,1763825,2896
12811,62,554,955,40,0,11200,0,0,0,1765310,1765310,2896
12827,62,611,955,40,0,11200,0,0,0,1767276,1767276,2896
12842,62,670,955,40,0,11200,0,0,0,1769305,1769305,2896
12858,62,735,955,40,0,11200,0,0,0,1771308,1771308,2896
12873,62,799,955,40,0,11200,0,0,0,1772966,1772966,2896
12888,62,865,955,40,0,11200,0,0,0,1774815,1774815,2896
12903,62,899,955,40,0,11200,0,0,0,1776111,1776111,2896
12918,63,14,955,39,0,11200,0,0,0,1778423,1778423,2896
12934,63,112,955,39,0,11200,0,0,0,1780681,1780681,2896
12949,63,169,955,39,0,11200,0,0,0,1783174,1783174,2896
12964,63,217,955,38,0,11200,0,0,0,1785335,1785335,2896
12979,63,269,955,38,0,11200,0,0,0,1787722,1787722,2896
12995,63,335,955,38,0,11200,0,0,0,1789689,1789689,2896
13010,63,401,955,37,0,11200,0,0,0,1791675,1791675,2896
13025,63,461,955,37,0,11200,0,0,0,1793589,1793589,2896
13040,63,516,955,37,0,11200,0,0,0,1795610,1795610,2896
13056,63,565,955,37,0,11200,0,0,0,1797158,1797158,2896
13071,63,614,955,37,0,11200,0,0,0,1798973,1798973,2896
13087,63,691,955,37,0,11200,0,0,0,1801148,1801148,2896
13102,63,770,955,37,0,11200,0,0,0,1803094,1803094,2896
13118,63,870,955,37,0,11200,0,0,0,1805017,1805017,2896
13134,63,927,955,37,0,11200,0,0,0,1806832,1806832,2896
13149,64,38,955,37,0,11200,0,0,0,1809204,1809204,2896
13164,64,125,955,37,0,11200,0,0,0,1811721,1811721,2896
13179,64,181,955,37,0,11200,0,0,0,1814149,1814149,2896
13195,64,232,956,38,0,11200,0,0,0,1816375,1816375,2896
13210,64,286,956,38,0,11200,0,0,0,1818745,1818745,2896
13225,64,345,956,38,0,11200,0,0,0,1821004,1821004,2896
13242,64,420,956,38,0,11200,0,0,0,1823237,1823237,2896
13257,64,468,956,38,0,11200,0,0,0,1825030,1825030,2896
13272,64,516,956,38,0,11200,0,0,0,1827116,1827116,2896
13287,64,564,956,38,0,11200,0,0,0,1828876,1828876,2896
13303,64,620,956,38,0,11200,0,0,0,1830768,1830768,2896
13318,64,711,957,39,0,11200,0,0,0,1832845,1832845,2896
13334,64,799,957,38,0,11200,0,0,0,1834889,1834889,2896
13349,64,876,957,38,0,11200,0,0,0,1836838,1836838,2896
13364,64,922,957,38,0,11200,0,0,0,1838651,1838651,2896
13379,65,29,957,37,0,11200,0,0,0,1841028,1841028,2896
13394,65,129,957,37,0,11200,0,0,0,1843377,1843377,2896
13409,65,186,957,37,0,11200,0,0,0,1845740,1845740,2896
13425,65,244,957,37,0,11200,0,0,0,1848078,1848078,2896
13440,65,312,957,37,0,11200,0,0,0,1850288,1850288,2896
13456,65,380,957,37,0,11200,0,0,0,1852366,1852366,2896
13471,65,447,957,37,0,11200,0,0,0,1854448,1854448,2896
13487,65,506,957,37,0,11200,0,0,0,1856479,1856479,2896
13502,65,554,957,37,0,11200,0,0,0,1858266,1858266,2896
13518,65,599,957,37,0,11200,0,0,0,1859944,1859944,2896
13534,65,654,957,37,0,11200,0,0,0,1861993,1861993,2896
13549,65,728,957,37,0,11200,0,0,0,1864038,1864038,2896
13564,65,819,957,37,0,11200,0,0,0,1866094,1866094,2896
13579,65,872,957,37,0,11200,0,0,0,1867991,1867991,2896
13594,65,924,957,37,0,11200,0,0,0,1869766,1869766,2896
13609,66,42,958,37,0,11200,0,0,0,1871821,1871821,2897
13625,66,133,958,37,0,11200,0,0,0,1874055,1874055,2897
13640,66,194,958,37,0,11200,0,0,0,1876432,1876432,2897
13655,66,243,958,37,0,11200,0,0,0,1878575,1878575,2897
13670,66,303,958,36,0,11200,0,0,0,1880785,1880785,2897
13685,66,367,958,36,0,11200,0,0,0,1882978,1882978,2897
13701,66,431,958,36,0,11200,0,0,0,1884969,1884969,2897
13716,66,489,958,36,0,11200,0,0,0,1886891,1886891,2897
13731,66,537,958,36,0,11200,0,0,0,1888919,1888919,2897
13746,66,585,958,36,0,11200,0,0,0,1890584,1890584,2897
13762,66,631,959,36,0,11200,0,0,0,1892335,1892335,2897
13777,66,704,959,36,0,11200,0,0,0,1894512,1894512,2897
13792,66,783,959,36,0,11200,0,0,0,1896564,1896564,2897
13808,66,863,959,35,0,11200,0,0,0,1898687,1898687,2897
13823,66,894,959,35,0,11200,0,0,0,1899933,1899933,2897
13838,67,6,961,35,0,11200,0,0,0,1902007,1902007,2897
13853,67,79,961,35,0,11200,0,0,0,1904095,1904095,2897
13868,67,144,961,35,0,11200,0,0,0,1906852,1906852,2897
13884,67,196,961,35,0,11200,0,0,0,1909092,1909092,2897
13899,67,247,961,35,0,11200,0,0,0,1911376,1911376,2897
13914,67,312,961,35,0,11200,0,0,0,1913525,1913525,2897
13929,67,377,961,35,0,11200,0,0,0,1915604,1915604,2897
13945,67,430,962,36,0,11200,0,0,0,1917507,1917507,2897
13960,67,499,962,36,0,11200,0,0,0,1919578,1919578,2897
13975,67,539,962,36,0,11200,0,0,0,1921510,1921510,2897
13991,67,598,962,36,0,11200,0,0,0,1923460,1923460,2897
14006,67,665,962,36,0,11200,0,0,0,1925698,1925698,2897
14021,67,715,962,36,0,11200,0,0,0,1927648,1927648,2897
14037,67,778,962,36,0,11200,0,0,0,1929750,1929750,2897
14052,67,858,962,36,0,11200,0,0,0,1931427,1931427,2897
14067,67,909,963,37,0,11200,0,0,0,1932979,1932979,2897
14082,68,19,963,36,0,11200,0,0,0,1935140,1935140,2897
14098,68,116,963,36,0,11200,0,0,0,1937580,1937580,2897
14113,68,168,963,36,0,11200,0,0,0,1940141,1940141,2897
14128,68,224,963,36,0,11200,0,0,0,1942306,1942306,2897
14143,68,269,963,36,0,11200,0,0,0,1944541,1944541,2897
14159,68,345,963,36,0,11200,0,0,0,1946765,1946765,2897
14174,68,397,963,36,0,11200,0,0,0,1948477,1948477,2897
14189,68,462,963,36,0,11200,0,0,0,1950573,1950573,2897
14205,68,513,963,36,0,11200,0,0,0,1952679,1952679,2897
14221,68,559,963,36,0,11200,0,0,0,1954448,1954448,2897
14236,68,607,963,36,0,11200,0,0,0,1956340,1956340,2897
14251,68,662,964,37,0,11200,0,0,0,1958311,1958311,2898
14267,68,729,964,37,0,11200,0,0,0,1960389,1960389,2898
14282,68,816,964,37,0,11200,0,0,0,1962230,1962230,2898
14297,68,885,964,37,0,11200,0,0,0,1964072,1964072,2898
14312,69,950,964,34,0,11200,0,0,0,1966309,1966309,2898
14327,69,66,964,33,0,11200,0,0,0,1968834,1968834,2898
14343,69,131,964,33,0,11200,0,0,0,1970848,1970848,2898
14358,69,185,964,33,0,11200,0,0,0,1972990,1972990,2898
14373,69,231,964,33,0,11200,0,0,0,1975134,1975134,2898
14388,69,290,964,33,0,11200,0,0,0,1977551,1977551,2898
14403,69,365,964,33,0,11200,0,0,0,1979620,1979620,2898
14418,69,430,964,33,0,11200,0,0,0,1981665,1981665,2898
14434,69,501,964,33,0,11200,0,0,0,1983552,1983552,2898
14449,69,534,964,33,0,11200,0,0,0,1985259,1985259,2898
14464,69,581,964,33,0,11200,0,0,0,1986730,1986730,2898
14480,69,652,965,34,0,11200,0,0,0,1989046,1989046,2898
14495,69,719,965,34,0,11200,0,0,0,1990983,1990983,2898
14511,69,807,965,34,0,11200,0,0,0,1992892,1992892,2898
14526,69,875,965,34,0,11200,0,0,0,1994750,1994750,2898
14541,69,921,965,34,0,11200,0,0,0,1996348,1996348,2898
14556,70,29,965,34,0,11200,0,0,0,1998623,1998623,2898
14572,70,128,965,34,0,11200,0,0,0,2001054,2001054,2898
14587,70,186,965,34,0,11200,0,0,0,2003436,2003436,2898
14602,70,232,965,34,0,11200,0,0,0,2005612,2005612,2898
14617,70,312,965,34,0,11200,0,0,0,2007989,2007989,2898
14633,70,371,965,34,0,11200,0,0,0,2010096,2010096,2898
14648,70,420,965,34,0,11200,0,0,0,2011765,2011765,2898
14663,70,478,965,34,0,11200,0,0,0,2013823,2013823,2898
14679,70,533,965,34,0,11200,0,0,0,2015940,2015940,2898
14694,70,568,965,34,0,11200,0,0,0,2017199,2017199,2898
14709,70,620,965,34,0,11200,0,0,0,2019014,2019014,2898
14725,70,674,965,34,0,11200,0,0,0,2020920,2020920,2898
14740,70,778,965,34,0,11200,0,0,0,2022970,2022970,2898
14756,70,860,965,34,0,11200,0,0,0,2025030,2025030,2898
14771,70,902,965,34,0,11200,0,0,0,2026816,2026816,2898
14786,71,20,966,34,0,11200,0,0,0,2028991,2028991,2900
14801,71,118,966,34,0,11200,0,0,0,2031313,2031313,2900
14816,71,173,966,33,0,11200,0,0,0,2033751,2033751,2900
14832,71,222,966,33,0,11200,0,0,0,2035945,2035945,2900
14847,71,279,966,33,0,11200,0,0,0,2038137,2038137,2900
14863,71,369,966,33,0,11200,0,0,0,2040343,2040343,2900
14878,71,427,966,33,0,11200,0,0,0,2042308,2042308,2900
14893,71,478,966,33,0,11200,0,0,0,2044248,2044248,2900
14910,71,537,966,33,0,11200,0,0,0,2046390,2046390,2900
14926,71,598,966,33,0,11200,0,0,0,2048457,2048457,2900
14941,71,658,966,33,0,11200,0,0,0,2050369,2050369,2900
14957,71,716,966,33,0,11200,0,0,0,2052356,2052356,2900
14972,71,819,966,32,0,11200,0,0,0,2054326,2054326,2900
14988,71,881,966,31,0,11200,0,0,0,2056253,2056253,2900
15003,71,924,966,31,0,11200,0,0,0,2057803,2057803,2900
15019,72,23,966,30,0,11200,0,0,0,2059950,2059950,2900
15034,72,119,966,30,0,11200,0,0,0,2062210,2062210,2900
15049,72,186,966,30,0,11200,0,0,0,2064754,2064754,2900
15065,72,234,966,30,0,11200,0,0,0,2066883,2066883,2900
15080,72,297,966,30,0,11200,0,0,0,2069204,2069204,2900
15095,72,378,966,30,0,11200,0,0,0,2071344,2071344,2900
15111,72,430,966,30,0,11200,0,0,0,2073437,2073437,2900
15126,72,498,966,30,0,11200,0,0,0,2075524,2075524,2900
15147,72,537,966,30,0,11200,0,0,0,2077587,2077587,2900
15162,72,591,966,30,0,11200,0,0,0,2079302,2079302,2900
15177,72,643,966,30,0,11200,0,0,0,2081094,2081094,2900
15192,72,713,966,30,0,11200,0,0,0,2083206,2083206,2900
15208,72,799,966,30,0,11200,0,0,0,2085266,2085266,2900
15224,72,877,966,30,0,11200,0,0,0,2087315,2087315,2900
15239,72,931,966,30,0,11200,0,0,0,2089346,2089346,2900
15254,73,32,966,29,0,11200,0,0,0,2091712,2091712,2900
15270,73,143,966,29,0,11200,0,0,0,2094260,2094260,2900
15285,73,198,966,29,0,11200,0,0,0,2096533,2096533,2900
15300,73,259,966,29,0,11200,0,0,0,2099191,2099191,2900
15316,73,319,966,29,0,11200,0,0,0,2101394,2101394,2900
15331,73,401,966,29,0,11200,0,0,0,2103501,2103501,2900
15346,73,461,966,29,0,11200,0,0,0,2105432,2105432,2900
15361,73,528,966,29,0,11200,0,0,0,2107680,2107680,2900
15376,73,583,966,29,0,11200,0,0,0,2109169,2109169,2900
15391,73,631,966,29,0,11200,0,0,0,2111224,2111224,2900
15407,73,704,966,28,0,11200,0,0,0,2113319,2113319,2900
15422,73,792,966,28,0,11200,0,0,0,2115222,2115222,2900
15437,73,862,967,29,0,11200,0,0,0,2116913,2116913,2900
15452,73,902,968,30,0,11200,0,0,0,2118754,2118754,2900
15467,74,9,968,30,0,11200,0,0,0,2120693,2120693,2900
15482,74,112,969,30,0,11200,0,0,0,2123004,2123004,2900
15498,74,168,969,30,0,11200,0,0,0,2125544,2125544,2900
15513,74,217,969,30,0,11200,0,0,0,2127753,2127753,2900
15528,74,261,969,30,0,11200,0,0,0,2130184,2130184,2900
15543,74,322,969,30,0,11200,0,0,0,2132427,2132427,2900
15558,74,386,969,30,0,11200,0,0,0,2134461,2134461,2900
15574,74,447,969,29,0,11200,0,0,0,2136630,2136630,2900
15589,74,499,969,29,0,11200,0,0,0,2138747,2138747,2900
15604,74,545,969,29,0,11200,0,0,0,2140537,2140537,2900
15619,74,589,969,29,0,11200,0,0,0,2142356,2142356,2900
15634,74,636,970,30,0,11200,0,0,0,2144303,2144303,2900
15650,74,699,970,30,0,11200,0,0,0,2146202,2146202,2900
15665,74,783,970,30,0,11200,0,0,0,2148009,2148009,2900
15680,74,865,970,30,0,11200,0,0,0,2149884,2149884,2900
15695,74,921,970,30,0,11200,0,0,0,2151456,2151456,2900
15710,75,24,970,30,0,11200,0,0,0,2153831,2153831,2900
15725,75,120,970,30,0,11200,0,0,0,2156115,2156115,2900
15741,75,174,970,30,0,11200,0,0,0,2158641,2158641,2900
15756,75,227,970,30,0,11200,0,0,0,2160883,2160883,2900
15771,75,284,970,30,0,11200,0,0,0,2163190,2163190,2900
15786,75,357,970,30,0,11200,0,0,0,2165312,2165312,2900
15802,75,419,970,30,0,11200,0,0,0,2167374,2167374,2900
15817,75,478,970,30,0,11200,0,0,0,2169489,2169489,2900
15832,75,531,970,30,0,11200,0,0,0,2171328,2171328,2900
15848,75,581,970,30,0,11200,0,0,0,2173186,2173186,2900
15864,75,627,970,30,0,11200,0,0,0,2175057,2175057,2900
15879,75,704,970,30,0,11200,0,0,0,2176942,2176942,2900
15894,75,768,970,30,0,11200,0,0,0,2178702,2178702,2900
15909,75,837,970,29,0,11200,0,0,0,2180476,2180476,2900
15925,75,898,971,30,0,11200,0,0,0,2182399,2182399,2900
15940,76,17,972,31,0,11200,0,0,0,2184719,2184719,2900
15955,76,108,972,31,0,11200,0,0,0,2186915,2186915,2900
15970,76,158,972,31,0,11200,0,0,0,2189540,2189540,2900
15985,76,218,972,31,0,11200,0,0,0,2191754,2191754,2900
16001,76,269,972,31,0,11200,0,0,0,2194088,2194088,2900
16016,76,349,972,31,0,11200,0,0,0,2196198,2196198,2900
16032,76,412,972,31,0,11200,0,0,0,2198291,2198291,2900
16047,76,470,972,31,0,11200,0,0,0,2200310,2200310,2900
16063,76,532,972,31,0,11200,0,0,0,2202606,2202606,2900
16078,76,596,972,31,0,11200,0,0,0,2204483,2204483,2900
16094,76,643,973,32,0,11200,0,0,0,2206274,2206274,2901
16109,76,713,973,32,0,11200,0,0,0,2208432,2208432,2901
16125,76,807,973,32,0,11200,0,0,0,2210414,2210414,2901
16140,76,880,973,32,0,11200,0,0,0,2212262,2212262,2901
16155,76,920,973,32,0,11200,0,0,0,2213887,2213887,2901
16170,77,26,973,31,0,11200,0,0,0,2216189,2216189,2901
16185,77,112,973,31,0,11200,0,0,0,2218095,2218095,2901
16200,77,169,973,31,0,11200,0,0,0,2220485,2220485,2901
16216,77,227,973,31,0,11200,0,0,0,2222892,2222892,2901
16231,77,284,973,31,0,11200,0,0,0,2225211,2225211,2901
16246,77,351,973,31,0,11200,0,0,0,2227133,2227133,2901
16262,77,430,973,31,0,11200,0,0,0,2229171,2229171,2901
16277,77,489,973,31,0,11200,0,0,0,2231135,2231135,2901
16294,77,528,973,31,0,11200,0,0,0,2233061,2233061,2901
16311,77,571,973,31,0,11200,0,0,0,2234426,2234426,2901
16326,77,631,973,31,0,11200,0,0,0,2236562,2236562,2901
16341,77,695,973,30,0,11200,0,0,0,2238556,2238556,2901
16357,77,771,973,30,0,11200,0,0,0,2240491,2240491,2901
16372,77,844,974,30,0,11200,0,0,0,2242331,2242331,2901
16387,77,893,974,30,0,11200,0,0,0,2244214,2244214,2901
16402,77,943,974,30,0,11200,0,0,0,2246086,2246086,2901
16418,78,42,974,29,0,11200,0,0,0,2248422,2248422,2901
16433,78,135,974,28,0,11200,0,0,0,2250943,2250943,2901
16449,78,195,974,28,0,11200,0,0,0,2253152,2253152,2901
16464,78,248,974,28,0,11200,0,0,0,2255607,2255607,2901
16480,78,328,974,28,0,11200,0,0,0,2257836,2257836,2901
16495,78,401,974,28,0,11200,0,0,0,2259818,2259818,2901
16510,78,458,974,28,0,11200,0,0,0,2261979,2261979,2901
16526,78,516,974,28,0,11200,0,0,0,2264187,2264187,2901
16542,78,583,974,28,0,11200,0,0,0,2266184,2266184,2901
16557,78,646,974,28,0,11200,0,0,0,2268425,2268425,2901
16572,78,709,974,28,0,11200,0,0,0,2270432,2270432,2901
16588,78,776,974,28,0,11200,0,0,0,2272327,2272327,2901
16603,78,862,974,28,0,11200,0,0,0,2274285,2274285,2901
16618,78,912,974,28,0,11200,0,0,0,2275832,2275832,2901
16633,79,7,974,26,0,11200,0,0,0,2277971,2277971,2901
16649,79,65,974,26,0,11200,0,0,0,2280148,2280148,2901
16664,79,158,974,26,0,11200,0,0,0,2282557,2282557,2901
16679,79,216,974,26,0,11200,0,0,0,2284869,2284869,2901
16695,79,266,974,26,0,11200,0,0,0,2287220,2287220,2901
16710,79,337,974,26,0,11200,0,0,0,2289535,2289535,2901
16725,79,411,974,26,0,11200,0,0,0,2291473,2291473,2901
16740,79,465,974,26,0,11200,0,0,0,2293575,2293575,2901
16756,79,532,974,26,0,11200,0,0,0,2295830,2295830,2901
16771,79,591,974,26,0,11200,0,0,0,2297812,2297812,2901
16786,79,669,974,25,0,11200,0,0,0,2299963,2299963,2901
16801,79,732,974,25,0,11200,0,0,0,2302038,2302038,2901
16817,79,824,974,25,0,11200,0,0,0,2303904,2303904,2901
16836,79,886,974,25,0,11200,0,0,0,2305292,2305292,2901
16851,79,946,974,25,0,11200,0,0,0,2307350,2307350,2901
16866,80,43,974,24,0,11200,0,0,0,2309527,2309527,2901
16881,80,142,974,24,0,11200,0,0,0,2311821,2311821,2901
16896,80,199,975,25,0,11200,0,0,0,2313969,2313969,2901
16911,80,261,976,26,0,11200,0,0,0,2316060,2316060,2901
16927,80,337,976,26,0,11200,0,0,0,2318345,2318345,2901
16942,80,409,976,26,0,11200,0,0,0,2320370,2320370,2901
16957,80,456,976,26,0,11200,0,0,0,2322299,2322299,2901
16972,80,510,976,26,0,11200,0,0,0,2324388,2324388,2901
16987,80,552,976,26,0,11200,0,0,0,2325996,2325996,2901
17002,80,603,977,27,0,11200,0,0,0,2327922,2327922,2901
17017,80,664,977,27,0,11200,0,0,0,2330039,2330039,2901
17033,80,735,977,27,0,11200,0,0,0,2332032,2332032,2901
17049,80,822,977,27,0,11200,0,0,0,2333778,2333778,2901
17070,80,886,977,27,0,11200,0,0,0,2335567,2335567,2901
17085,80,927,977,27,0,11200,0,0,0,2337326,2337326,2901
17100,81,28,977,26,0,11200,0,0,0,2339633,2339633,2901
17115,81,127,977,26,0,11200,0,0,0,2341983,2341983,2901
17131,81,183,977,26,0,11200,0,0,0,2344223,2344223,2901
17146,81,232,977,26,0,11200,0,0,0,2346365,2346365,2901
17161,81,297,977,26,0,11200,0,0,0,2348619,2348619,2901
17177,81,369,977,26,0,11200,0,0,0,2350712,2350712,2901
17192,81,415,977,26,0,11200,0,0,0,2352659,2352659,2901
17207,81,465,977,26,0,11200,0,0,0,2354556,2354556,2901
17223,81,515,977,26,0,11200,0,0,0,2356500,2356500,2901
17238,81,555,977,26,0,11200,0,0,0,2358364,2358364,2901
17253,81,608,977,26,0,11200,0,0,0,2360308,2360308,2901
17268,81,670,977,26,0,11200,0,0,0,2362490,2362490,2901
17284,81,729,977,26,0,11200,0,0,0,2364460,2364460,2901
17299,81,812,977,26,0,11200,0,0,0,2366430,2366430,2901
17314,81,881,977,26,0,11200,0,0,0,2368039,2368039,2901
17330,81,922,977,25,0,11200,0,0,0,2369754,2369754,2901
17345,82,6,977,23,0,11200,0,0,0,2371709,2371709,2901
17361,82,112,977,23,0,11200,0,0,0,2374022,2374022,2901
17376,82,161,977,23,0,11200,0,0,0,2376316,2376316,2901
17392,82,222,977,23,0,11200,0,0,0,2378574,2378574,2901
17408,82,279,977,23,0,11200,0,0,0,2381096,2381096,2901
17423,82,333,977,22,0,11200,0,0,0,2383129,2383129,2901
17438,82,385,977,22,0,11200,0,0,0,2385020,2385020,2901
17453,82,447,977,22,0,11200,0,0,0,2386998,2386998,2901
17468,82,510,977,22,0,11200,0,0,0,2389064,2389064,2901
17484,82,556,977,22,0,11200,0,0,0,2391029,2391029,2901
17499,82,611,977,22,0,11200,0,0,0,2392648,2392648,2901
17517,82,674,977,22,0,11200,0,0,0,2394490,2394490,2901
17532,82,746,977,22,0,11200,0,0,0,2396578,2396578,2901
17547,82,833,977,22,0,11200,0,0,0,2398500,2398500,2901
17563,82,887,977,22,0,11200,0,0,0,2399804,2399804,2901
17578,82,928,977,22,0,11200,0,0,0,2401749,2401749,2901
17594,83,26,977,21,0,11200,0,0,0,2404186,2404186,2901
17609,83,141,977,21,0,11200,0,0,0,2406690,2406690,2901
17625,83,194,977,21,0,11200,0,0,0,2408911,2408911,2901
17640,83,243,977,20,0,11200,0,0,0,2411046,2411046,2901
17655,83,309,977,20,0,11200,0,0,0,2413361,2413361,2901
17670,83,388,977,20,0,11200,0,0,0,2415236,2415236,2901
17685,83,454,977,20,0,11200,0,0,0,2417283,2417283,2901
17701,83,508,977,20,0,11200,0,0,0,2419038,2419038,2901
17720,83,537,977,20,0,11200,0,0,0,2420181,2420181,2901
17735,83,598,978,21,0,11200,0,0,0,2422333,2422333,2901
17750,83,658,979,22,0,11200,0,0,0,2424327,2424327,2901
17765,83,728,979,22,0,11200,0,0,0,2426259,2426259,2901
17780,83,819,979,22,0,11200,0,0,0,2428235,2428235,2901
17799,83,886,979,22,0,11200,0,0,0,2429784,2429784,2901
17814,84,961,980,21,0,11200,0,0,0,2431875,2431875,2901
17829,84,43,980,20,0,11200,0,0,0,2434085,2434085,2901
17845,84,138,981,21,0,11200,0,0,0,2436646,2436646,2904
17860,84,189,981,21,0,11200,0,0,0,2438819,2438819,2904
17875,84,247,981,21,0,11200,0,0,0,2440803,2440803,2904
17890,84,322,981,21,0,11200,0,0,0,2442973,2442973,2904
17905,84,383,981,21,0,11200,0,0,0,2444983,2444983,2904
17921,84,438,981,21,0,11200,0,0,0,2447068,2447068,2904
17936,84,493,981,21,0,11200,0,0,0,2449076,2449076,2904
17951,84,556,981,21,0,11200,0,0,0,2451253,2451253,2904
17967,84,614,981,21,0,11200,0,0,0,2453298,2453298,2904
17982,84,684,981,21,0,11200,0,0,0,2455333,2455333,2904
17997,84,776,981,21,0,11200,0,0,0,2457502,2457502,2904
18012,84,844,981,21,0,11200,0,0,0,2458972,2458972,2904
18028,84,892,981,21,0,11200,0,0,0,2460447,2460447,2904
18043,85,965,981,21,0,11200,0,0,0,2462640,2462640,2904
18059,85,66,984,21,0,11200,0,0,0,2464971,2464971,2907
18074,85,142,984,21,0,11200,0,0,0,2467488,2467488,2907
18089,85,195,984,21,0,11200,0,0,0,2469751,2469751,2907
18104,85,249,984,21,0,11200,0,0,0,2472151,2472151,2907
18119,85,319,984,21,0,11200,0,0,0,2474307,2474307,2907
18135,85,380,984,21,0,11200,0,0,0,2476336,2476336,2907
18150,85,445,984,21,0,11200,0,0,0,2478502,2478502,2907
18166,85,492,984,21,0,11200,0,0,0,2480424,2480424,2907
18181,85,533,984,21,0,11200,0,0,0,2482420,2482420,2907
18196,85,574,984,21,0,11200,0,0,0,2483812,2483812,2907
18211,85,625,984,21,0,11200,0,0,0,2485948,2485948,2907
18227,85,697,984,20,0,11200,0,0,0,2488107,2488107,2907
18242,85,783,984,20,0,11200,0,0,0,2489962,2489962,2907
18258,85,875,984,20,0,11200,0,0,0,2492122,2492122,2907
18273,85,929,985,21,0,11200,0,0,0,2494172,2494172,2907
18288,86,24,985,21,0,11200,0,0,0,2496288,2496288,2907
18303,86,119,985,21,0,11200,0,0,0,2498447,2498447,2907
18318,86,172,985,21,0,11200,0,0,0,2500918,2500918,2907
18334,86,227,985,21,0,11200,0,0,0,2503059,2503059,2907
18349,86,297,985,21,0,11200,0,0,0,2505231,2505231,2907
18364,86,366,985,20,0,11200,0,0,0,2507430,2507430,2907
18379,86,419,985,20,0,11200,0,0,0,2509517,2509517,2907
18395,86,501,985,20,0,11200,0,0,0,2511707,2511707,2907
18410,86,540,985,20,0,11200,0,0,0,2513374,2513374,2907
18426,86,596,985,20,0,11200,0,0,0,2515009,2515009,2907
18441,86,654,985,19,0,11200,0,0,0,2517134,2517134,2907
18456,86,709,985,19,0,11200,0,0,0,2519074,2519074,2907
18472,86,802,985,19,0,11200,0,0,0,2521131,2521131,2907
18487,86,868,986,20,0,11200,0,0,0,2522871,2522871,2908
18502,86,924,986,19,0,11200,0,0,0,2524736,2524736,2908
18517,87,28,986,17,0,11200,0,0,0,2527336,2527336,2908
18532,87,129,986,17,0,11200,0,0,0,2529417,2529417,2908
18548,87,188,986,17,0,11200,0,0,0,2531741,2531741,2908
18563,87,258,986,17,0,11200,0,0,0,2533948,2533948,2908
18578,87,323,986,17,0,11200,0,0,0,2536308,2536308,2908
18594,87,408,986,17,0,11200,0,0,0,2538439,2538439,2908
18609,87,468,986,17,0,11200,0,0,0,2540673,2540673,2908
18624,87,525,986,17,0,11200,0,0,0,2542864,2542864,2908
18640,87,575,986,17,0,11200,0,0,0,2544614,2544614,2908
18655,87,624,986,17,0,11200,0,0,0,2546567,2546567,2908
18670,87,697,986,17,0,11200,0,0,0,2548560,2548560,2908
18686,87,783,986,17,0,11200,0,0,0,2550688,2550688,2908
18701,87,858,986,17,0,11200,0,0,0,2552626,2552626,2908
18716,87,894,986,17,0,11200,0,0,0,2553811,2553811,2908
18731,88,962,986,16,0,11200,0,0,0,2555855,2555855,2908
18746,88,66,986,15,0,11200,0,0,0,2558087,2558087,2908
18762,88,154,986,15,0,11200,0,0,0,2560790,2560790,2908
18777,88,203,986,15,0,11200,0,0,0,2562943,2562943,2908
18792,88,254,986,15,0,11200,0,0,0,2565246,2565246,2908
18807,88,323,986,15,0,11200,0,0,0,2567728,2567728,2908
18822,88,385,986,15,0,11200,0,0,0,2569726,2569726,2908
18837,88,449,986,15,0,11200,0,0,0,2571610,2571610,2908
18853,88,509,986,15,0,11200,0,0,0,2573632,2573632,2908
18869,88,559,986,15,0,11200,0,0,0,2575430,2575430,2908
18884,88,608,986,15,0,11200,0,0,0,2577014,2577014,2908
18899,88,671,986,15,0,11200,0,0,0,2578933,2578933,2908
18914,88,733,986,15,0,11200,0,0,0,2581000,2581000,2908
18929,88,822,986,15,0,11200,0,0,0,2583006,2583006,2908
18945,88,885,986,14,0,11200,0,0,0,2584994,2584994,2908
18960,88,948,986,14,0,11200,0,0,0,2586519,2586519,2908
18975,89,59,986,14,0,11200,0,0,0,2589077,2589077,2908
18990,89,137,986,14,0,11200,0,0,0,2591319,2591319,2908
19006,89,188,986,14,0,11200,0,0,0,2593427,2593427,2908
19021,89,243,986,14,0,11200,0,0,0,2595592,2595592,2908
19037,89,319,986,14,0,11200,0,0,0,2597948,2597948,2908
19052,89,380,986,14,0,11200,0,0,0,2599875,2599875,2908
19067,89,439,986,14,0,11200,0,0,0,2601938,2601938,2908
19082,89,492,986,14,0,11200,0,0,0,2603884,2603884,2908
19097,89,553,986,14,0,11200,0,0,0,2605956,2605956,2908
19113,89,599,986,14,0,11200,0,0,0,2608016,2608016,2908
19128,89,662,986,14,0,11200,0,0,0,2610025,2610025,2908
19144,89,715,986,14,0,11200,0,0,0,2612002,2612002,2908
19159,89,788,986,14,0,11200,0,0,0,2613848,2613848,2908
19174,89,860,986,13,0,11200,0,0,0,2615606,2615606,2908
19189,89,918,986,13,0,11200,0,0,0,2617448,2617448,2908
19204,90,14,986,13,0,11200,0,0,0,2619652,2619652,2908
19220,90,108,986,13,0,11200,0,0,0,2621890,2621890,2908
19235,90,174,986,13,0,11200,0,0,0,2624549,2624549,2908
19250,90,223,986,13,0,11200,0,0,0,2626663,2626663,2908
19266,90,273,986,13,0,11200,0,0,0,2628549,2628549,2908
19281,90,343,986,13,0,11200,0,0,0,2630623,2630623,2908
19296,90,411,986,13,0,11200,0,0,0,2632819,2632819,2908
19312,90,464,986,13,0,11200,0,0,0,2634782,2634782,2908
19327,90,516,986,13,0,11200,0,0,0,2636853,2636853,2908
19342,90,572,986,13,0,11200,0,0,0,2638709,2638709,2908
19357,90,621,986,13,0,11200,0,0,0,2640716,2640716,2908
19373,90,696,986,13,0,11200,0,0,0,2642847,2642847,2908
19388,90,768,986,13,0,11200,0,0,0,2644751,2644751,2908
19404,90,832,986,13,0,11200,0,0,0,2646383,2646383,2908
19419,90,893,986,13,0,11200,0,0,0,2648382,2648382,2908
19434,90,943,986,13,0,11200,0,0,0,2650056,2650056,2908
19449,91,25,986,13,0,11200,0,0,0,2652248,2652248,2908
19464,91,118,986,13,0,11200,0,0,0,2654273,2654273,2908
19480,91,178,986,13,0,11200,0,0,0,2656663,2656663,2908
19495,91,234,986,13,0,11200,0,0,0,2658966,2658966,2908
19511,91,301,986,13,0,11200,0,0,0,2661185,2661185,2908
19526,91,363,986,13,0,11200,0,0,0,2663047,2663047,2908
19541,91,420,986,13,0,11200,0,0,0,2665096,2665096,2908
19556,91,481,986,13,0,11200,0,0,0,2667118,2667118,2908
19571,91,534,986,13,0,11200,0,0,0,2669207,2669207,2908
19586,91,591,986,13,0,11200,0,0,0,2671037,2671037,2908
19602,91,653,986,13,0,11200,0,0,0,2673237,2673237,2908
19617,91,731,986,13,0,11200,0,0,0,2675318,2675318,2908
19634,91,807,986,13,0,11200,0,0,0,2677040,2677040,2908
19649,91,885,986,13,0,11200,0,0,0,2678872,2678872,2908
19665,91,946,986,13,0,11200,0,0,0,2680777,2680777,2908
19680,92,32,986,13,0,11200,0,0,0,2683076,2683076,2908
19695,92,126,986,13,0,11200,0,0,0,2685254,2685254,2908
19710,92,181,986,13,0,11200,0,0,0,2687624,2687624,2908
19725,92,226,986,13,0,11200,0,0,0,2689872,2689872,2908
19740,92,286,986,13,0,11200,0,0,0,2692214,2692214,2908
19755,92,351,986,13,0,11200,0,0,0,2694476,2694476,2908
19771,92,410,986,13,0,11200,0,0,0,2696275,2696275,2908
19786,92,452,986,13,0,11200,0,0,0,2698208,2698208,2908
19801,92,514,986,13,0,11200,0,0,0,2700411,2700411,2908
19818,92,571,986,13,0,11200,0,0,0,2702179,2702179,2908
19833,92,631,986,13,0,11200,0,0,0,2704238,2704238,2908
19849,92,706,986,13,0,11200,0,0,0,2706224,2706224,2908
19864,92,786,986,13,0,11200,0,0,0,2708381,2708381,2908
19879,92,863,986,13,0,11200,0,0,0,2710228,2710228,2908
19895,92,922,986,13,0,11200,0,0,0,2712063,2712063,2908
19910,93,12,986,12,0,11200,0,0,0,2714079,2714079,2908
19925,93,117,986,12,0,11200,0,0,0,2716301,2716301,2908
19941,93,172,986,12,0,11200,0,0,0,2718869,2718869,2908
19956,93,229,986,12,0,11200,0,0,0,2721205,2721205,2908
19972,93,288,986,12,0,11200,0,0,0,2723408,2723408,2908
19987,93,352,986,12,0,11200,0,0,0,2725456,2725456,2908
20003,93,419,986,12,0,11200,0,0,0,2727285,2727285,2908
20018,93,470,986,12,0,11200,0,0,0,2729363,2729363,2908
20033,93,528,987,13,0,11200,0,0,0,2731327,2731327,2908
20052,93,571,987,13,0,11200,0,0,0,2732799,2732799,2908
20067,93,635,987,13,0,11200,0,0,0,2734887,2734887,2908
20082,93,715,987,13,0,11200,0,0,0,2737041,2737041,2908
20097,93,807,987,13,0,11200,0,0,0,2739101,2739101,2908
20112,93,881,987,13,0,11200,0,0,0,2741006,2741006,2908
20127,93,926,987,13,0,11200,0,0,0,2742563,2742563,2908
20143,94,7,987,13,0,11200,0,0,0,2744645,2744645,2908
20158,94,108,987,13,0,11200,0,0,0,2746947,2746947,2908
20174,94,158,987,13,0,11200,0,0,0,2749405,2749405,2908
20189,94,216,987,13,0,11200,0,0,0,2751655,2751655,2908
20204,94,266,987,13,0,11200,0,0,0,2753842,2753842,2908
20219,94,328,987,13,0,11200,0,0,0,2755814,2755814,2908
20234,94,386,987,13,0,11200,0,0,0,2757531,2757531,2908
20249,94,458,987,13,0,11200,0,0,0,2759554,2759554,2908
20265,94,508,987,13,0,11200,0,0,0,2761599,2761599,2908
20282,94,571,987,13,0,11200,0,0,0,2763565,2763565,2908
20297,94,621,987,13,0,11200,0,0,0,2765525,2765525,2908
20312,94,691,987,13,0,11200,0,0,0,2767523,2767523,2908
20327,94,769,987,13,0,11200,0,0,0,2769544,2769544,2908
20343,94,862,987,13,0,11200,0,0,0,2771586,2771586,2908
20358,94,893,987,13,0,11200,0,0,0,2772837,2772837,2908
20373,94,951,987,13,0,11200,0,0,0,2774817,2774817,2908
20389,95,66,987,12,0,11200,0,0,0,2777117,2777117,2908
20404,95,157,987,12,0,11200,0,0,0,2779590,2779590,2908
20419,95,208,987,12,0,11200,0,0,0,2781841,2781841,2908
20434,95,265,987,12,0,11200,0,0,0,2784250,2784250,2908
20449,95,357,987,12,0,11200,0,0,0,2786497,2786497,2908
20464,95,409,987,12,0,11200,0,0,0,2788226,2788226,2908
20480,95,471,987,12,0,11200,0,0,0,2790220,2790220,2908
20495,95,532,987,12,0,11200,0,0,0,2792170,2792170,2908
20511,95,571,987,12,0,11200,0,0,0,2793472,2793472,2908
20527,95,645,987,12,0,11200,0,0,0,2795824,2795824,2908
20542,95,716,987,12,0,11200,0,0,0,2797835,2797835,2908
20557,95,792,987,12,0,11200,0,0,0,2799713,2799713,2908
20573,95,870,987,12,0,11200,0,0,0,2801773,2801773,2908
20588,95,937,987,12,0,11200,0,0,0,2803910,2803910,2908
20603,96,24,987,12,0,11200,0,0,0,2806353,2806353,2908
20618,96,130,987,12,0,11200,0,0,0,2808920,2808920,2908
20633,96,195,987,12,0,11200,0,0,0,2811225,2811225,2908
20648,96,244,987,12,0,11200,0,0,0,2813373,2813373,2908
20663,96,319,987,12,0,11200,0,0,0,2815737,2815737,2908
20678,96,371,987,12,0,11200,0,0,0,2817838,2817838,2908
20694,96,430,988,13,0,11200,0,0,0,2820028,2820028,2908
20709,96,486,988,13,0,11200,0,0,0,2822090,2822090,2908
20725,96,532,988,13,0,11200,0,0,0,2823985,2823985,2908
20740,96,595,988,13,0,11200,0,0,0,2826132,2826132,2908
20756,96,651,988,13,0,11200,0,0,0,2828183,2828183,2908
20771,96,719,988,13,0,11200,0,0,0,2830345,2830345,2908
20786,96,792,988,13,0,11200,0,0,0,2832298,2832298,2908
20802,96,881,988,13,0,11200,0,0,0,2834260,2834260,2908
20817,96,940,988,12,0,11200,0,0,0,2836350,2836350,2908
20832,97,28,988,12,0,11200,0,0,0,2838802,2838802,2908
20847,97,119,988,12,0,11200,0,0,0,2840875,2840875,2908
20862,97,183,988,12,0,11200,0,0,0,2843284,2843284,2908
20877,97,244,988,12,0,11200,0,0,0,2845493,2845493,2908
20892,97,314,988,12,0,11200,0,0,0,2847692,2847692,2908
20907,97,378,988,12,0,11200,0,0,0,2849664,2849664,2908
20922,97,442,988,12,0,11200,0,0,0,2851606,2851606,2908
20938,97,495,988,12,0,11200,0,0,0,2853634,2853634,2908
20959,97,537,988,12,0,11200,0,0,0,2855639,2855639,2908
20974,97,589,988,12,0,11200,0,0,0,2857407,2857407,2908
20989,97,636,988,12,0,11200,0,0,0,2859251,2859251,2908
21005,97,697,988,12,0,11200,0,0,0,2861208,2861208,2908
21021,97,779,988,12,0,11200,0,0,0,2863109,2863109,2908
21036,97,860,988,12,0,11200,0,0,0,2865087,2865087,2908
21051,97,919,989,13,0,11200,0,0,0,2867148,2867148,2908
21066,98,25,989,12,0,11200,0,0,0,2869600,2869600,2908
21081,98,129,989,12,0,11200,0,0,0,2872072,2872072,2908
21096,98,188,989,12,0,11200,0,0,0,2874580,2874580,2908
21112,98,244,989,12,0,11200,0,0,0,2876805,2876805,2908
21127,98,323,989,12,0,11200,0,0,0,2879097,2879097,2908
21143,98,394,989,12,0,11200,0,0,0,2881254,2881254,2908
21158,98,445,989,12,0,11200,0,0,0,2883169,2883169,2908
21173,98,501,989,12,0,11200,0,0,0,2885126,2885126,2908
21189,98,545,989,12,0,11200,0,0,0,2886982,2886982,2908
21204,98,590,990,13,0,11200,0,0,0,2888617,2888617,2909
21220,98,636,990,13,0,11200,0,0,0,2890622,2890622,2909
21235,98,704,990,13,0,11200,0,0,0,2892571,2892571,2909
21250,98,792,990,13,0,11200,0,0,0,2894607,2894607,2909
21266,98,863,990,13,0,11200,0,0,0,2896435,2896435,2909
21291,98,890,990,13,0,11200,0,0,0,2897490,2897490,2909
21306,98,958,990,13,0,11200,0,0,0,2899534,2899534,2909
21322,99,47,990,10,0,11200,0,0,0,2902110,2902110,2909
21337,99,142,990,10,0,11200,0,0,0,2904675,2904675,2909
21353,99,203,990,10,0,11200,0,0,0,2906979,2906979,2909
21368,99,252,990,10,0,11200,0,0,0,2909460,2909460,2909
21383,99,326,991,11,0,11200,0,0,0,2911759,2911759,2909
21399,99,401,991,11,0,11200,0,0,0,2913875,2913875,2909
21414,99,460,991,11,0,11200,0,0,0,2915936,2915936,2909
21429,99,516,991,11,0,11200,0,0,0,2918098,2918098,2909
21444,99,579,991,11,0,11200,0,0,0,2920045,2920045,2909
21460,99,625,991,11,0,11200,0,0,0,2922115,2922115,2909
21475,99,697,991,11,0,11200,0,0,0,2924033,2924033,2909
21490,99,769,991,11,0,11200,0,0,0,2925876,2925876,2909
21505,99,848,991,11,0,11200,0,0,0,2927823,2927823,2909
21520,99,893,991,11,0,11200,0,0,0,2929453,2929453,2909
21536,99,960,991,11,0,11200,0,0,0,2931528,2931528,2909
21551,100,44,991,10,0,11200,0,0,0,2933594,2933594,2909
21567,100,142,991,10,0,11200,0,0,0,2936135,2936135,2909
21582,100,196,991,10,0,11200,0,0,0,2938505,2938505,2909
21597,100,249,991,10,0,11200,0,0,0,2940805,2940805,2909
21613,100,317,991,10,0,11200,0,0,0,2942999,2942999,2909
21629,100,380,991,10,0,11200,0,0,0,2945030,2945030,2909
21644,100,429,991,10,0,11200,0,0,0,2947036,2947036,2909
21659,100,482,991,10,0,11200,0,0,0,2949033,2949033,2909
21674,100,537,991,10,0,11200,0,0,0,2950989,2950989,2909
21689,100,607,991,10,0,11200,0,0,0,2952996,2952996,2909
21706,100,674,991,10,0,11200,0,0,0,2955152,2955152,2909
21721,100,742,991,10,0,11200,0,0,0,2957184,2957184,2909
21737,100,820,992,11,0,11200,0,0,0,2959212,2959212,2909
21753,100,886,992,11,0,11200,0,0,0,2961121,2961121,2909
21768,100,946,992,11,0,11200,0,0,0,2963046,2963046,2909
21783,101,22,992,9,0,11200,0,0,0,2965170,2965170,2909
21799,101,112,992,9,0,11200,0,0,0,2967159,2967159,2909
21814,101,167,992,9,0,11200,0,0,0,2969673,2969673,2909
21829,101,223,992,9,0,11200,0,0,0,2971918,2971918,2909
21844,101,286,992,9,0,11200,0,0,0,2974340,2974340,2909
21859,101,363,992,9,0,11200,0,0,0,2976587,2976587,2909
21874,101,418,992,9,0,11200,0,0,0,2978600,2978600,2909
21890,101,475,992,9,0,11200,0,0,0,2980681,2980681,2909
21905,101,534,992,9,0,11200,0,0,0,2982886,2982886,2909
21920,101,583,992,9,0,11200,0,0,0,2984447,2984447,2909
21936,101,635,992,9,0,11200,0,0,0,2986505,2986505,2909
21951,101,698,992,9,0,11200,0,0,0,2988457,2988457,2909
21966,101,777,992,9,0,11200,0,0,0,2990447,2990447,2909
21981,101,860,992,9,0,11200,0,0,0,2992420,2992420,2909
21997,101,901,992,9,0,11200,0,0,0,2994121,2994121,2909
22012,102,982,992,9,0,11200,0,0,0,2996040,2996040,2909
22027,102,52,992,9,0,11200,0,0,0,2998277,2998277,2909
22043,102,145,992,9,0,11200,0,0,0,3000852,3000852,2909
22058,102,205,992,9,0,11200,0,0,0,3003051,3003051,2909
22073,102,259,992,9,0,11200,0,0,0,3005320,3005320,2909
22089,102,327,992,9,0,11200,0,0,0,3007637,3007637,2909
22104,102,409,992,9,0,11200,0,0,0,3009848,3009848,2909
22119,102,468,992,9,0,11200,0,0,0,3011940,3011940,2909
22134,102,519,992,9,0,11200,0,0,0,3013839,3013839,2909
22150,102,585,992,9,0,11200,0,0,0,3016038,3016038,2909
22165,102,636,992,9,0,11200,0,0,0,3017890,3017890,2909
22181,102,706,992,9,0,11200,0,0,0,3019892,3019892,2909
22196,102,794,992,9,0,11200,0,0,0,3021890,3021890,2909
22212,102,878,992,9,0,11200,0,0,0,3023942,3023942,2909
22227,102,939,993,9,0,11200,0,0,0,3025657,3025657,2909
22242,103,23,993,9,0,11200,0,0,0,3027762,3027762,2909
22257,103,128,993,9,0,11200,0,0,0,3030022,3030022,2909
22273,103,183,993,9,0,11200,0,0,0,3032284,3032284,2909
22288,103,229,993,9,0,11200,0,0,0,3034480,3034480,2909
22303,103,287,993,9,0,11200,0,0,0,3036856,3036856,2909
22318,103,357,993,9,0,11200,0,0,0,3039143,3039143,2909
22333,103,412,993,9,0,11200,0,0,0,3040923,3040923,2909
22349,103,471,993,9,0,11200,0,0,0,3042972,3042972,2909
22364,103,526,993,9,0,11200,0,0,0,3045056,3045056,2909
22379,103,590,993,9,0,11200,0,0,0,3047093,3047093,2909
22394,103,666,993,9,0,11200,0,0,0,3049342,3049342,2909
22410,103,724,993,9,0,11200,0,0,0,3051354,3051354,2909
22426,103,832,993,9,0,11200,0,0,0,3053475,3053475,2909
22441,103,882,993,9,0,11200,0,0,0,3055307,3055307,2909
22456,103,937,993,9,0,11200,0,0,0,3057236,3057236,2909
22471,104,7,993,9,0,11200,0,0,0,3059013,3059013,2909
22487,104,105,993,9,0,11200,0,0,0,3061465,3061465,2909
22502,104,158,993,9,0,11200,0,0,0,3064069,3064069,2909
22518,104,203,993,9,0,11200,0,0,0,3066089,3066089,2909
22533,104,248,993,9,0,11200,0,0,0,3068332,3068332,2909
22548,104,305,993,9,0,11200,0,0,0,3070410,3070410,2909
22564,104,372,993,9,0,11200,0,0,0,3072645,3072645,2909
22579,104,445,993,9,0,11200,0,0,0,3074825,3074825,2909
22594,104,498,993,9,0,11200,0,0,0,3076854,3076854,2909
22610,104,563,993,9,0,11200,0,0,0,3079042,3079042,2909
22625,104,622,993,9,0,11200,0,0,0,3081130,3081130,2909
22640,104,691,993,9,0,11200,0,0,0,3083203,3083203,2909
22655,104,755,993,9,0,11200,0,0,0,3085041,3085041,2909
22671,104,832,993,9,0,11200,0,0,0,3086909,3086909,2909
22686,104,885,993,9,0,11200,0,0,0,3088716,3088716,2909
22701,104,922,993,9,0,11200,0,0,0,3090044,3090044,2909
22717,105,989,993,8,0,11200,0,0,0,3091809,3091809,2909
22732,105,98,993,7,0,11200,0,0,0,3094119,3094119,2909
22747,105,166,993,7,0,11200,0,0,0,3096523,3096523,2909
22763,105,218,993,7,0,11200,0,0,0,3098738,3098738,2909
22778,105,262,993,7,0,11200,0,0,0,3100829,3100829,2909
22793,105,319,994,8,0,11200,0,0,0,3102795,3102795,2909
22808,105,393,994,8,0,11200,0,0,0,3104809,3104809,2909
22824,105,454,994,8,0,11200,0,0,0,3106930,3106930,2909
22839,105,511,994,8,0,11200,0,0,0,3109234,3109234,2909
22855,105,581,994,8,0,11200,0,0,0,3111267,3111267,2909
22870,105,658,994,8,0,11200,0,0,0,3113516,3113516,2909
22885,105,728,994,8,0,11200,0,0,0,3115454,3115454,2909
22900,105,824,994,8,0,11200,0,0,0,3117603,3117603,2909
22919,105,886,994,8,0,11200,0,0,0,3119397,3119397,2909
22934,105,950,994,8,0,11200,0,0,0,3121440,3121440,2909
22949,106,31,994,7,0,11200,0,0,0,3123617,3123617,2909
22965,106,137,994,7,0,11200,0,0,0,3126037,3126037,2909
22980,106,184,994,7,0,11200,0,0,0,3128046,3128046,2909
22995,106,226,994,7,0,11200,0,0,0,3130119,3130119,2909
23010,106,288,994,7,0,11200,0,0,0,3132408,3132408,2909
23026,106,363,994,7,0,11200,0,0,0,3134597,3134597,2909
23041,106,424,994,7,0,11200,0,0,0,3136603,3136603,2909
23056,106,474,994,7,0,11200,0,0,0,3138497,3138497,2909
23072,106,532,994,7,0,11200,0,0,0,3140507,3140507,2909
23087,106,592,994,7,0,11200,0,0,0,3142440,3142440,2909
23102,106,673,994,7,0,11200,0,0,0,3144687,3144687,2909
23117,106,746,994,7,0,11200,0,0,0,3146677,3146677,2909
23133,106,845,994,7,0,11200,0,0,0,3148693,3148693,2909
23148,106,912,994,7,0,11200,0,0,0,3150808,3150808,2909
23164,107,4,994,7,0,11200,0,0,0,3153006,3153006,2909
23179,107,111,994,7,0,11200,0,0,0,3155508,3155508,2909
23195,107,174,994,7,0,11200,0,0,0,3157935,3157935,2909
23210,107,223,994,7,0,11200,0,0,0,3159998,3159998,2909
23225,107,262,994,7,0,11200,0,0,0,3162071,3162071,2909
23240,107,326,994,7,0,11200,0,0,0,3164295,3164295,2909
23255,107,408,994,7,0,11200,0,0,0,3166355,3166355,2909
23270,107,465,994,7,0,11200,0,0,0,3168448,3168448,2909
23285,107,523,994,7,0,11200,0,0,0,3170652,3170652,2909
23302,107,571,994,7,0,11200,0,0,0,3172341,3172341,2909
23317,107,617,994,7,0,11200,0,0,0,3174177,3174177,2909
23332,107,689,994,7,0,11200,0,0,0,3176209,3176209,2909
23347,107,749,994,7,0,11200,0,0,0,3178229,3178229,2909
23362,107,837,994,7,0,11200,0,0,0,3180148,3180148,2909
23377,107,886,994,7,0,11200,0,0,0,3181782,3181782,2909
23393,107,950,994,7,0,11200,0,0,0,3183959,3183959,2909
23408,108,44,995,7,0,11200,0,0,0,3186264,3186264,2910
23423,108,142,995,7,0,11200,0,0,0,3188907,3188907,2910
23438,108,205,995,7,0,11200,0,0,0,3191134,3191134,2910
23454,108,261,995,7,0,11200,0,0,0,3193362,3193362,2910
23469,108,335,995,7,0,11200,0,0,0,3195545,3195545,2910
23484,108,409,995,7,0,11200,0,0,0,3197552,3197552,2910
23499,108,460,995,7,0,11200,0,0,0,3199427,3199427,2910
23514,108,513,995,7,0,11200,0,0,0,3201369,3201369,2910
23529,108,565,995,7,0,11200,0,0,0,3203173,3203173,2910
23545,108,620,995,7,0,11200,0,0,0,3204864,3204864,2910
23560,108,693,995,7,0,11200,0,0,0,3206957,3206957,2910
23576,108,761,995,7,0,11200,0,0,0,3208991,3208991,2910
23592,108,835,995,7,0,11200,0,0,0,3210679,3210679,2910
23608,108,886,995,7,0,11200,0,0,0,3211978,3211978,2910
23623,108,960,995,7,0,11200,0,0,0,3214196,3214196,2910
23639,109,44,995,6,0,11200,0,0,0,3216641,3216641,2910
23654,109,131,995,6,0,11200,0,0,0,3219029,3219029,2910
23669,109,194,995,6,0,11200,0,0,0,3221322,3221322,2910
23685,109,249,995,6,0,11200,0,0,0,3223604,3223604,2910
23700,109,330,995,6,0,11200,0,0,0,3225818,3225818,2910
23715,109,385,995,6,0,11200,0,0,0,3227702,3227702,2910
23730,109,438,995,6,0,11200,0,0,0,3229670,3229670,2910
23745,109,501,995,6,0,11200,0,0,0,3231612,3231612,2910
23760,109,552,995,6,0,11200,0,0,0,3233205,3233205,2910
23776,109,608,995,6,0,11200,0,0,0,3235047,3235047,2910
23791,109,669,996,7,0,11200,0,0,0,3237084,3237084,2910
23807,109,730,996,7,0,11200,0,0,0,3239118,3239118,2910
23822,109,798,996,7,0,11200,0,0,0,3241069,3241069,2910
23837,109,869,996,7,0,11200,0,0,0,3242922,3242922,2910
23853,109,925,996,7,0,11200,0,0,0,3244702,3244702,2910
23868,110,19,997,7,0,11200,0,0,0,3247021,3247021,2911
23883,110,114,997,7,0,11200,0,0,0,3249181,3249181,2911
23899,110,161,997,7,0,11200,0,0,0,3251792,3251792,2911
23914,110,221,997,7,0,11200,0,0,0,3254292,3254292,2911
23929,110,277,997,7,0,11200,0,0,0,3256467,3256467,2911
23945,110,349,997,7,0,11200,0,0,0,3258692,3258692,2911
23960,110,417,997,7,0,11200,0,0,0,3260382,3260382,2911
23976,110,471,997,7,0,11200,0,0,0,3262269,3262269,2911
23991,110,532,997,7,0,11200,0,0,0,3264460,3264460,2911
24007,110,577,997,7,0,11200,0,0,0,3265920,3265920,2911
24022,110,652,997,7,0,11200,0,0,0,3268153,3268153,2911
24038,110,724,997,7,0,11200,0,0,0,3270350,3270350,2911
24053,110,820,997,7,0,11200,0,0,0,3272268,3272268,2911
24069,110,886,997,7,0,11200,0,0,0,3274181,3274181,2911
24084,110,957,997,7,0,11200,0,0,0,3276297,3276297,2911
24099,111,20,997,7,0,11200,0,0,0,3278263,3278263,2911
24114,111,121,997,7,0,11200,0,0,0,3280577,3280577,2911
24130,111,195,997,7,0,11200,0,0,0,3283191,3283191,2911
24145,111,248,997,7,0,11200,0,0,0,3285405,3285405,2911
24160,111,305,997,7,0,11200,0,0,0,3287407,3287407,2911
24175,111,380,997,7,0,11200,0,0,0,3289506,3289506,2911
24191,111,445,997,7,0,11200,0,0,0,3291706,3291706,2911
24206,111,499,997,7,0,11200,0,0,0,3293586,3293586,2911
24221,111,552,997,7,0,11200,0,0,0,3295309,3295309,2911
24236,111,607,997,7,0,11200,0,0,0,3297429,3297429,2911
24252,111,666,997,7,0,11200,0,0,0,3299648,3299648,2911
24268,111,728,997,7,0,11200,0,0,0,3301490,3301490,2911
24283,111,802,997,7,0,11200,0,0,0,3303335,3303335,2911
24298,111,881,997,7,0,11200,0,0,0,3305187,3305187,2911
24316,111,961,997,7,0,11200,0,0,0,3307325,3307325,2911
24331,112,44,997,7,0,11200,0,0,0,3309617,3309617,2911
24347,112,154,997,7,0,11200,0,0,0,3312131,3312131,2911
24362,112,216,997,7,0,11200,0,0,0,3314335,3314335,2911
24377,112,263,997,7,0,11200,0,0,0,3316545,3316545,2911
24392,112,333,997,7,0,11200,0,0,0,3318763,3318763,2911
24408,112,402,997,7,0,11200,0,0,0,3320738,3320738,2911
24423,112,465,997,7,0,11200,0,0,0,3322869,3322869,2911
24438,112,525,997,7,0,11200,0,0,0,3325116,3325116,2911
24454,112,577,997,7,0,11200,0,0,0,3326750,3326750,2911
24469,112,625,997,7,0,11200,0,0,0,3328903,3328903,2911
24484,112,704,997,7,0,11200,0,0,0,3330817,3330817,2911
24499,112,784,997,7,0,11200,0,0,0,3332708,3332708,2911
24515,112,854,997,7,0,11200,0,0,0,3334694,3334694,2911
24530,112,904,997,7,0,11200,0,0,0,3336516,3336516,2911
24546,112,965,997,7,0,11200,0,0,0,3338496,3338496,2911
24561,113,66,997,7,0,11200,0,0,0,3340557,3340557,2911
24576,113,148,997,7,0,11200,0,0,0,3343224,3343224,2911
24592,113,203,997,7,0,11200,0,0,0,3345402,3345402,2911
24607,113,262,998,8,0,11200,0,0,0,3347775,3347775,2911
24623,113,334,998,8,0,11200,0,0,0,3349991,3349991,2911
24638,113,402,999,9,0,11200,0,0,0,3352145,3352145,2912
24653,113,456,999,9,0,11200,0,0,0,3354026,3354026,2912
24668,113,507,999,9,0,11200,0,0,0,3356088,3356088,2912
24686,113,537,999,9,0,11200,0,0,0,3357458,3357458,2912
24702,113,607,999,9,0,11200,0,0,0,3359490,3359490,2912
24717,113,666,999,9,0,11200,0,0,0,3361432,3361432,2912
24732,113,731,999,9,0,11200,0,0,0,3363495,3363495,2912
24747,113,807,999,9,0,11200,0,0,0,3365465,3365465,2912
24763,113,882,999,9,0,11200,0,0,0,3367453,3367453,2912
24779,113,928,999,9,0,11200,0,0,0,3369193,3369193,2912
24794,114,3,999,7,0,11200,0,0,0,3371084,3371084,2912
24809,114,98,999,7,0,11200,0,0,0,3373320,3373320,2912
24825,114,157,999,7,0,11200,0,0,0,3375812,3375812,2912
24840,114,223,999,7,0,11200,0,0,0,3378083,3378083,2912
24855,114,288,999,7,0,11200,0,0,0,3380224,3380224,2912
24870,114,365,999,7,0,11200,0,0,0,3382289,3382289,2912
24885,114,423,999,7,0,11200,0,0,0,3384437,3384437,2912
24900,114,486,999,7,0,11200,0,0,0,3386436,3386436,2912
24918,114,537,999,7,0,11200,0,0,0,3387977,3387977,2912
24933,114,590,999,7,0,11200,0,0,0,3389430,3389430,2912
24949,114,658,999,7,0,11200,0,0,0,3391543,3391543,2912
24964,114,724,999,7,0,11200,0,0,0,3393624,3393624,2912
24980,114,819,999,7,0,11200,0,0,0,3395473,3395473,2912
24995,114,876,999,7,0,11200,0,0,0,3397404,3397404,2912
25010,114,918,999,7,0,11200,0,0,0,3399052,3399052,2912
25025,115,983,999,7,0,11200,0,0,0,3400777,3400777,2912
25041,115,66,999,7,0,11200,0,0,0,3403065,3403065,2912
25056,115,157,999,7,0,11200,0,0,0,3405515,3405515,2912
25071,115,196,999,7,0,11200,0,0,0,3407660,3407660,2912
25087,115,251,999,7,0,11200,0,0,0,3409869,3409869,2912
25103,115,322,999,7,0,11200,0,0,0,3411947,3411947,2912
25118,115,394,999,7,0,11200,0,0,0,3414241,3414241,2912
25133,115,445,999,7,0,11200,0,0,0,3415947,3415947,2912
25148,115,489,999,7,0,11200,0,0,0,3417864,3417864,2912
25164,115,537,999,7,0,11200,0,0,0,3419757,3419757,2912
25181,115,571,999,7,0,11200,0,0,0,3421015,3421015,2912
25196,115,621,999,7,0,11200,0,0,0,3422679,3422679,2912
25211,115,697,999,7,0,11200,0,0,0,3424767,3424767,2912
25227,115,767,1000,8,0,11200,0,0,0,3426777,3426777,2913
25242,115,849,1000,8,0,11200,0,0,0,3428804,3428804,2913
25258,115,904,1000,8,0,11200,0,0,0,3430307,3430307,2913
25273,116,985,1001,9,0,11200,0,0,0,3432343,3432343,2914
25288,116,42,1001,7,0,11200,0,0,0,3434648,3434648,2914
25304,116,130,1001,7,0,11200,0,0,0,3437111,3437111,2914
25319,116,178,1001,7,0,11200,0,0,0,3439313,3439313,2914
25334,116,229,1001,7,0,11200,0,0,0,3441548,3441548,2914
25349,116,301,1001,7,0,11200,0,0,0,3443911,3443911,2914
25364,116,358,1001,7,0,11200,0,0,0,3445872,3445872,2914
25380,116,418,1001,7,0,11200,0,0,0,3448011,3448011,2914
25395,116,482,1001,7,0,11200,0,0,0,3450116,3450116,2914
25411,116,537,1001,7,0,11200,0,0,0,3452035,3452035,2914
25427,116,607,1002,8,0,11200,0,0,0,3453943,3453943,2915
25442,116,671,1002,8,0,11200,0,0,0,3455866,3455866,2915
25457,116,731,1002,8,0,11200,0,0,0,3457826,3457826,2915
25473,116,807,1002,8,0,11200,0,0,0,3459689,3459689,2915
25489,116,881,1002,8,0,11200,0,0,0,3461652,3461652,2915
25504,116,929,1002,8,0,11200,0,0,0,3463074,3463074,2915
25519,117,18,1002,7,0,11200,0,0,0,3465451,3465451,2915
25534,117,120,1002,7,0,11200,0,0,0,3467915,3467915,2915
25549,117,174,1002,7,0,11200,0,0,0,3470227,3470227,2915
25564,117,229,1002,7,0,11200,0,0,0,3472410,3472410,2915
25579,117,279,1002,7,0,11200,0,0,0,3474550,3474550,2915
25595,117,360,1002,7,0,11200,0,0,0,3476853,3476853,2915
25610,117,417,1002,7,0,11200,0,0,0,3478985,3478985,2915
25626,117,478,1002,7,0,11200,0,0,0,3480979,3480979,2915
25643,117,537,1002,7,0,11200,0,0,0,3483023,3483023,2915
25658,117,583,1002,7,0,11200,0,0,0,3484504,3484504,2915
25674,117,641,1003,8,0,11200,0,0,0,3486494,3486494,2916
25689,117,698,1003,8,0,11200,0,0,0,3488535,3488535,2916
25705,117,784,1003,8,0,11200,0,0,0,3490670,3490670,2916
25721,117,862,1003,8,0,11200,0,0,0,3492644,3492644,2916
25740,117,890,1003,8,0,11200,0,0,0,3493536,3493536,2916
25755,117,950,1003,8,0,11200,0,0,0,3495675,3495675,2916
25770,118,24,1003,7,0,11200,0,0,0,3498011,3498011,2916
25786,118,125,1003,7,0,11200,0,0,0,3500311,3500311,2916
25801,118,183,1003,7,0,11200,0,0,0,3502716,3502716,2916
25816,118,234,1003,7,0,11200,0,0,0,3504799,3504799,2916
25831,118,297,1003,7,0,11200,0,0,0,3507080,3507080,2916
25846,118,380,1003,7,0,11200,0,0,0,3509240,3509240,2916
25861,118,451,1003,7,0,11200,0,0,0,3511395,3511395,2916
25878,118,515,1003,7,0,11200,0,0,0,3513494,3513494,2916
25898,118,571,1003,7,0,11200,0,0,0,3515249,3515249,2916
25913,118,623,1003,7,0,11200,0,0,0,3517406,3517406,2916
25929,118,693,1003,7,0,11200,0,0,0,3519134,3519134,2916
25944,118,757,1003,7,0,11200,0,0,0,3521188,3521188,2916
25960,118,832,1003,7,0,11200,0,0,0,3523217,3523217,2916
25980,118,886,1003,7,0,11200,0,0,0,3524933,3524933,2916
25995,118,955,1003,6,0,11200,0,0,0,3526904,3526904,2916
26011,119,16,1003,6,0,11200,0,0,0,3528919,3528919,2916
26026,119,110,1003,6,0,11200,0,0,0,3531189,3531189,2916
26041,119,164,1003,6,0,11200,0,0,0,3533692,3533692,2916
26056,119,210,1003,6,0,11200,0,0,0,3535897,3535897,2916
26071,119,258,1004,7,0,11200,0,0,0,3538110,3538110,2918
26086,119,319,1004,7,0,11200,0,0,0,3540300,3540300,2918
26101,119,385,1004,7,0,11200,0,0,0,3542217,3542217,2918
26117,119,450,1004,7,0,11200,0,0,0,3544279,3544279,2918
26132,119,505,1004,7,0,11200,0,0,0,3546417,3546417,2918
26147,119,556,1004,7,0,11200,0,0,0,3548166,3548166,2918
26162,119,611,1004,7,0,11200,0,0,0,3550313,3550313,2918
26178,119,671,1004,7,0,11200,0,0,0,3552312,3552312,2918
26193,119,749,1004,7,0,11200,0,0,0,3554468,3554468,2918
26209,119,842,1004,7,0,11200,0,0,0,3556509,3556509,2918
26224,119,892,1004,7,0,11200,0,0,0,3558055,3558055,2918
26240,119,957,1004,7,0,11200,0,0,0,3560201,3560201,2918
26255,120,12,1004,6,0,11200,0,0,0,3562157,3562157,2918
26270,120,113,1004,6,0,11200,0,0,0,3564544,3564544,2918
26286,120,183,1004,6,0,11200,0,0,0,3567120,3567120,2918
26301,120,225,1004,6,0,11200,0,0,0,3569231,3569231,2918
26316,120,297,1004,6,0,11200,0,0,0,3571672,3571672,2918
26331,120,370,1004,6,0,11200,0,0,0,3573883,3573883,2918
26347,120,419,1004,6,0,11200,0,0,0,3575840,3575840,2918
26362,120,475,1004,6,0,11200,0,0,0,3577875,3577875,2918
26377,120,528,1004,6,0,11200,0,0,0,3579936,3579936,2918
26393,120,585,1004,6,0,11200,0,0,0,3581838,3581838,2918
26408,120,647,1004,6,0,11200,0,0,0,3583643,3583643,2918
26423,120,716,1004,6,0,11200,0,0,0,3585805,3585805,2918
26438,120,810,1004,6,0,11200,0,0,0,3587638,3587638,2918
26454,120,877,1005,7,0,11200,0,0,0,3589678,3589678,2918
26469,120,924,1005,7,0,11200,0,0,0,3591602,3591602,2918
26485,121,1000,1005,7,0,11200,0,0,0,3593542,3593542,2918
26500,121,47,1005,7,0,11200,0,0,0,3595793,3595793,2918
26515,121,145,1005,7,0,11200,0,0,0,3598322,3598322,2918
26530,121,209,1005,7,0,11200,0,0,0,3600590,3600590,2918
26546,121,260,1005,7,0,11200,0,0,0,3602949,3602949,2918
26562,121,323,1005,7,0,11200,0,0,0,3605337,3605337,2918
26578,121,393,1005,7,0,11200,0,0,0,3607585,3607585,2918
26593,121,458,1005,7,0,11200,0,0,0,3609699,3609699,2918
26608,121,503,1005,7,0,11200,0,0,0,3611728,3611728,2918
26623,121,557,1005,7,0,11200,0,0,0,3613657,3613657,2918
26638,121,613,1006,8,0,11200,0,0,0,3615459,3615459,2919
26653,121,688,1006,8,0,11200,0,0,0,3617552,3617552,2919
26669,121,735,1006,8,0,11200,0,0,0,3619577,3619577,2919
26684,121,822,1006,8,0,11200,0,0,0,3621394,3621394,2919
26700,121,885,1006,8,0,11200,0,0,0,3623312,3623312,2919
26715,121,960,1006,8,0,11200,0,0,0,3625294,3625294,2919
26730,122,14,1006,7,0,11200,0,0,0,3627467,3627467,2919
26746,122,115,1006,7,0,11200,0,0,0,3629595,3629595,2919
26761,122,178,1006,7,0,11200,0,0,0,3632179,3632179,2919
26777,122,227,1006,7,0,11200,0,0,0,3634385,3634385,2919
26792,122,297,1006,7,0,11200,0,0,0,3636662,3636662,2919
26808,122,365,1006,7,0,11200,0,0,0,3638790,3638790,2919
26823,122,430,1006,7,0,11200,0,0,0,3640620,3640620,2919
26838,122,482,1006,7,0,11200,0,0,0,3642464,3642464,2919
26853,122,528,1006,7,0,11200,0,0,0,3644484,3644484,2919
26868,122,589,1006,7,0,11200,0,0,0,3646233,3646233,2919
26883,122,647,1006,7,0,11200,0,0,0,3648244,3648244,2919
26899,122,709,1006,7,0,11200,0,0,0,3650237,3650237,2919
26914,122,791,1006,7,0,11200,0,0,0,3652155,3652155,2919
26930,122,868,1006,7,0,11200,0,0,0,3654283,3654283,2919
26945,122,948,1006,7,0,11200,0,0,0,3656544,3656544,2919
26960,123,6,1006,7,0,11200,0,0,0,3658623,3658623,2919
26976,123,110,1006,7,0,11200,0,0,0,3660952,3660952,2919
26991,123,161,1006,7,0,11200,0,0,0,3663185,3663185,2919
27006,123,208,1006,7,0,11200,0,0,0,3665215,3665215,2919
27022,123,265,1006,7,0,11200,0,0,0,3667596,3667596,2919
27038,123,335,1006,7,0,11200,0,0,0,3669720,3669720,2919
27053,123,397,1006,7,0,11200,0,0,0,3671651,3671651,2919
27068,123,464,1006,7,0,11200,0,0,0,3673544,3673544,2919
27084,123,515,1006,7,0,11200,0,0,0,3675406,3675406,2919
27099,123,565,1006,7,0,11200,0,0,0,3677444,3677444,2919
27114,123,618,1006,7,0,11200,0,0,0,3679034,3679034,2919
27130,123,674,1006,7,0,11200,0,0,0,3680697,3680697,2919
27145,123,735,1006,7,0,11200,0,0,0,3682596,3682596,2919
27160,123,822,1006,7,0,11200,0,0,0,3684593,3684593,2919
27179,123,886,1006,7,0,11200,0,0,0,3686572,3686572,2919
27194,123,947,1006,7,0,11200,0,0,0,3688687,3688687,2919
27209,124,6,1006,7,0,11200,0,0,0,3690737,3690737,2919
27224,124,98,1006,7,0,11200,0,0,0,3693034,3693034,2919
27240,124,166,1006,7,0,11200,0,0,0,3695389,3695389,2919
27255,124,221,1006,7,0,11200,0,0,0,3697856,3697856,2919
27270,124,286,1006,7,0,11200,0,0,0,3700338,3700338,2919
27286,124,360,1006,7,0,11200,0,0,0,3702419,3702419,2919
27301,124,418,1006,7,0,11200,0,0,0,3704492,3704492,2919
27317,124,482,1006,7,0,11200,0,0,0,3706565,3706565,2919
27336,124,537,1006,7,0,11200,0,0,0,3708766,3708766,2919
27351,124,611,1006,7,0,11200,0,0,0,3711005,3711005,2919
27367,124,686,1006,7,0,11200,0,0,0,3713069,3713069,2919
27382,124,735,1006,7,0,11200,0,0,0,3715172,3715172,2919
27397,124,818,1006,7,0,11200,0,0,0,3717111,3717111,2919
27413,124,870,1006,7,0,11200,0,0,0,3718853,3718853,2919
27428,124,904,1006,7,0,11200,0,0,0,3720457,3720457,2919
27444,124,961,1006,7,0,11200,0,0,0,3722282,3722282,2919
27459,125,17,1006,7,0,11200,0,0,0,3724390,3724390,2919
27474,125,114,1006,7,0,11200,0,0,0,3726774,3726774,2919
27489,125,164,1006,7,0,11200,0,0,0,3729211,3729211,2919
27505,125,216,1006,7,0,11200,0,0,0,3731487,3731487,2919
27520,125,262,1006,7,0,11200,0,0,0,3733679,3733679,2919
27535,125,328,1006,7,0,11200,0,0,0,3735946,3735946,2919
27550,125,397,1006,7,0,11200,0,0,0,3738152,3738152,2919
27565,125,461,1006,7,0,11200,0,0,0,3740063,3740063,2919
27581,125,519,1006,7,0,11200,0,0,0,3742047,3742047,2919
27596,125,589,1006,7,0,11200,0,0,0,3743986,3743986,2919
27611,125,631,1006,7,0,11200,0,0,0,3745640,3745640,2919
27627,125,704,1006,7,0,11200,0,0,0,3747611,3747611,2919
27642,125,770,1006,7,0,11200,0,0,0,3749538,3749538,2919
27657,125,845,1006,7,0,11200,0,0,0,3751491,3751491,2919
27672,125,887,1006,7,0,11200,0,0,0,3753018,3753018,2919
27688,125,951,1006,7,0,11200,0,0,0,3755061,3755061,2919
27703,126,20,1006,7,0,11200,0,0,0,3757315,3757315,2919
27718,126,114,1006,7,0,11200,0,0,0,3759376,3759376,2919
27733,126,166,1006,7,0,11200,0,0,0,3761743,3761743,2919
27748,126,221,1006,7,0,11200,0,0,0,3764077,3764077,2919
27763,126,273,1006,7,0,11200,0,0,0,3766411,3766411,2919
27779,126,348,1006,7,0,11200,0,0,0,3768569,3768569,2919
27794,126,418,1006,7,0,11200,0,0,0,3770615,3770615,2919
27809,126,468,1006,7,0,11200,0,0,0,3772719,3772719,2919
27824,126,519,1006,7,0,11200,0,0,0,3774541,3774541,2919
27842,126,571,1006,7,0,11200,0,0,0,3776316,3776316,2919
27858,126,619,1006,7,0,11200,0,0,0,3778479,3778479,2919
27874,126,680,1006,7,0,11200,0,0,0,3780416,3780416,2919
27889,126,749,1006,7,0,11200,0,0,0,3782448,3782448,2919
27904,126,856,1006,7,0,11200,0,0,0,3784392,3784392,2919
27919,126,898,1006,7,0,11200,0,0,0,3786031,3786031,2919
27934,126,963,1006,7,0,11200,0,0,0,3788138,3788138,2919
27950,127,34,1006,7,0,11200,0,0,0,3790603,3790603,2919
27965,127,129,1006,7,0,11200,0,0,0,3792798,3792798,2919
27981,127,178,1006,7,0,11200,0,0,0,3795113,3795113,2919
27996,127,231,1006,7,0,11200,0,0,0,3797397,3797397,2919
28011,127,298,1006,7,0,11200,0,0,0,3799855,3799855,2919
28026,127,363,1006,7,0,11200,0,0,0,3801961,3801961,2919
28042,127,420,1006,7,0,11200,0,0,0,3803784,3803784,2919
28058,127,482,1006,7,0,11200,0,0,0,3805792,3805792,2919
28073,127,537,1006,7,0,11200,0,0,0,3808029,3808029,2919
28088,127,585,1006,7,0,11200,0,0,0,3809474,3809474,2919
28104,127,647,1006,7,0,11200,0,0,0,3811551,3811551,2919
28119,127,713,1006,7,0,11200,0,0,0,3813356,3813356,2919
28134,127,790,1006,7,0,11200,0,0,0,3815302,3815302,2919
28149,127,858,1006,7,0,11200,0,0,0,3817114,3817114,2919
28164,127,901,1006,7,0,11200,0,0,0,3818685,3818685,2919
28179,128,991,1006,6,0,11200,0,0,0,3820644,3820644,2919
28195,128,29,1006,5,0,11200,0,0,0,3822928,3822928,2919
28210,128,137,1006,5,0,11200,0,0,0,3825270,3825270,2919
28225,128,194,1006,5,0,11200,0,0,0,3827559,3827559,2919
28240,128,239,1006,5,0,11200,0,0,0,3829824,3829824,2919
28256,128,298,1006,5,0,11200,0,0,0,3832206,3832206,2919
28271,128,360,1006,5,0,11200,0,0,0,3834431,3834431,2919
28286,128,429,1006,5,0,11200,0,0,0,3836412,3836412,2919
28301,128,492,1006,5,0,11200,0,0,0,3838314,3838314,2919
28317,128,553,1006,5,0,11200,0,0,0,3840524,3840524,2919
28332,128,618,1006,5,0,11200,0,0,0,3842771,3842771,2919
28347,128,688,1006,5,0,11200,0,0,0,3844771,3844771,2919
28363,128,737,1006,5,0,11200,0,0,0,3846597,3846597,2919
28378,128,820,1006,5,0,11200,0,0,0,3848534,3848534,2919
28396,128,886,1006,5,0,11200,0,0,0,3850177,3850177,2919
28412,128,943,1006,5,0,11200,0,0,0,3852135,3852135,2919
28427,129,1005,1007,6,0,11200,0,0,0,3854013,3854013,2920
28442,129,47,1007,5,0,11200,0,0,0,3856116,3856116,2920
28458,129,126,1007,5,0,11200,0,0,0,3858270,3858270,2920
28473,129,179,1007,5,0,11200,0,0,0,3860466,3860466,2920
28488,129,236,1007,5,0,11200,0,0,0,3862719,3862719,2920
28504,129,297,1007,5,0,11200,0,0,0,3864952,3864952,2920
28519,129,366,1007,5,0,11200,0,0,0,3867128,3867128,2920
28534,129,430,1007,5,0,11200,0,0,0,3869041,3869041,2920
28549,129,489,1007,5,0,11200,0,0,0,3871245,3871245,2920
28566,129,537,1007,5,0,11200,0,0,0,3873230,3873230,2920
28581,129,595,1007,5,0,11200,0,0,0,3875039,3875039,2920
28597,129,636,1007,5,0,11200,0,0,0,3876914,3876914,2920
28613,129,699,1008,6,0,11200,0,0,0,3878666,3878666,2920
28629,129,778,1008,6,0,11200,0,0,0,3880698,3880698,2920
28644,129,858,1008,6,0,11200,0,0,0,3882579,3882579,2920
28659,129,896,1008,6,0,11200,0,0,0,3884116,3884116,2920
28674,130,982,1008,6,0,11200,0,0,0,3886138,3886138,2920
28690,130,25,1008,6,0,11200,0,0,0,3888090,3888090,2920
28705,130,126,1008,6,0,11200,0,0,0,3890355,3890355,2920
28720,130,189,1008,6,0,11200,0,0,0,3892630,3892630,2920
28735,130,241,1008,6,0,11200,0,0,0,3894770,3894770,2920
28750,130,303,1008,6,0,11200,0,0,0,3896912,3896912,2920
28765,130,372,1008,6,0,11200,0,0,0,3898893,3898893,2920
28781,130,445,1008,6,0,11200,0,0,0,3901122,3901122,2920
28797,130,503,1008,6,0,11200,0,0,0,3903232,3903232,2920
28812,130,553,1008,6,0,11200,0,0,0,3904847,3904847,2920
28827,130,603,1008,6,0,11200,0,0,0,3906501,3906501,2920
28842,130,669,1008,6,0,11200,0,0,0,3908672,3908672,2920
28858,130,735,1008,6,0,11200,0,0,0,3910702,3910702,2920
28873,130,819,1008,6,0,11200,0,0,0,3912648,3912648,2920
28889,130,876,1008,6,0,11200,0,0,0,3914462,3914462,2920
28904,130,904,1008,6,0,11200,0,0,0,3915679,3915679,2920
28920,130,964,1008,6,0,11200,0,0,0,3917764,3917764,2920
28935,131,19,1008,5,0,11200,0,0,0,3919988,3919988,2920
28951,131,117,1008,5,0,11200,0,0,0,3922420,3922420,2920
28966,131,168,1008,5,0,11200,0,0,0,3924792,3924792,2920
28981,131,222,1008,5,0,11200,0,0,0,3926845,3926845,2920
28996,131,262,1008,5,0,11200,0,0,0,3928944,3928944,2920
29011,131,337,1008,5,0,11200,0,0,0,3931122,3931122,2920
29027,131,412,1008,5,0,11200,0,0,0,3933053,3933053,2920
29042,131,469,1008,5,0,11200,0,0,0,3935030,3935030,2920
29057,131,528,1008,5,0,11200,0,0,0,3937328,3937328,2920
29072,131,575,1008,5,0,11200,0,0,0,3939193,3939193,2920
29087,131,636,1008,5,0,11200,0,0,0,3941253,3941253,2920
29103,131,709,1008,5,0,11200,0,0,0,3943282,3943282,2920
29118,131,791,1008,5,0,11200,0,0,0,3945253,3945253,2920
29134,131,870,1008,5,0,11200,0,0,0,3947159,3947159,2920
29149,131,920,1008,5,0,11200,0,0,0,3948804,3948804,2920
29164,132,993,1008,5,0,11200,0,0,0,3950708,3950708,2920
29179,132,44,1008,5,0,11200,0,0,0,3952963,3952963,2920
29195,132,133,1008,5,0,11200,0,0,0,3955294,3955294,2920
29210,132,175,1008,5,0,11200,0,0,0,3957486,3957486,2920
29226,132,225,1008,5,0,11200,0,0,0,3959660,3959660,2920
29241,132,277,1008,5,0,11200,0,0,0,3961917,3961917,2920
29256,132,337,1008,5,0,11200,0,0,0,3964074,3964074,2920
29271,132,408,1008,5,0,11200,0,0,0,3965949,3965949,2920
29287,132,466,1008,5,0,11200,0,0,0,3967862,3967862,2920
29302,132,531,1008,5,0,11200,0,0,0,3970030,3970030,2920
29317,132,581,1008,5,0,11200,0,0,0,3971641,3971641,2920
29332,132,646,1008,5,0,11200,0,0,0,3973784,3973784,2920
29348,132,709,1008,5,0,11200,0,0,0,3975908,3975908,2920
29363,132,803,1008,5,0,11200,0,0,0,3977923,3977923,2920
29378,132,869,1008,5,0,11200,0,0,0,3979650,3979650,2920
29393,132,924,1008,5,0,11200,0,0,0,3981571,3981571,2920
29409,133,3,1008,5,0,11200,0,0,0,3983739,3983739,2920
29424,133,78,1008,5,0,11200,0,0,0,3985796,3985796,2920
29439,133,154,1008,5,0,11200,0,0,0,3988469,3988469,2920
29454,133,216,1008,5,0,11200,0,0,0,3990685,3990685,2920
29470,133,265,1008,5,0,11200,0,0,0,3992901,3992901,2920
29486,133,330,1008,5,0,11200,0,0,0,3994996,3994996,2920
29501,133,410,1008,5,0,11200,0,0,0,3997120,3997120,2920
29516,133,460,1008,5,0,11200,0,0,0,3998869,3998869,2920
29532,133,515,1008,5,0,11200,0,0,0,4000988,4000988,2920
29547,133,559,1008,5,0,11200,0,0,0,4002556,4002556,2920
29563,133,611,1008,5,0,11200,0,0,0,4004393,4004393,2920
29578,133,664,1008,5,0,11200,0,0,0,4006297,4006297,2920
29593,133,728,1008,5,0,11200,0,0,0,4008499,4008499,2920
29608,133,808,1008,5,0,11200,0,0,0,4010598,4010598,2920
29623,133,880,1008,5,0,11200,0,0,0,4012562,4012562,2920
29639,133,946,1008,5,0,11200,0,0,0,4014488,4014488,2920
29654,134,6,1008,5,0,11200,0,0,0,4016723,4016723,2920
29669,134,99,1008,5,0,11200,0,0,0,4018744,4018744,2920
29685,134,159,1008,5,0,11200,0,0,0,4021376,4021376,2920
29700,134,212,1008,5,0,11200,0,0,0,4023456,4023456,2920
29715,134,259,1008,5,0,11200,0,0,0,4025710,4025710,2920
29730,134,335,1008,5,0,11200,0,0,0,4027781,4027781,2920
29745,134,401,1008,5,0,11200,0,0,0,4029853,4029853,2920
29760,134,461,1008,5,0,11200,0,0,0,4031875,4031875,2920
29776,134,514,1008,5,0,11200,0,0,0,4033895,4033895,2920
29791,134,571,1008,5,0,11200,0,0,0,4035591,4035591,2920
29806,134,621,1008,5,0,11200,0,0,0,4037524,4037524,2920
29821,134,693,1008,5,0,11200,0,0,0,4039268,4039268,2920
29836,134,778,1008,5,0,11200,0,0,0,4041222,4041222,2920
29852,134,856,1008,5,0,11200,0,0,0,4043291,4043291,2920
29867,134,912,1008,5,0,11200,0,0,0,4045130,4045130,2920
29882,135,985,1008,5,0,11200,0,0,0,4047044,4047044,2920
29898,135,32,1008,5,0,11200,0,0,0,4049453,4049453,2920
29914,135,135,1008,5,0,11200,0,0,0,4051638,4051638,2920
29929,135,189,1008,5,0,11200,0,0,0,4053779,4053779,2920
29944,135,247,1008,5,0,11200,0,0,0,4056101,4056101,2920
29960,135,306,1008,5,0,11200,0,0,0,4058220,4058220,2920
29975,135,362,1008,5,0,11200,0,0,0,4060214,4060214,2920
29990,135,433,1008,5,0,11200,0,0,0,4062256,4062256,2920
30005,135,499,1008,5,0,11200,0,0,0,4064214,4064214,2920
30021,135,552,1008,5,0,11200,0,0,0,4066088,4066088,2920
30036,135,599,1008,5,0,11200,0,0,0,4067738,4067738,2920
30051,135,664,1008,5,0,11200,0,0,0,4069811,4069811,2920
30067,135,732,1008,5,0,11200,0,0,0,4071869,4071869,2920
30082,135,799,1008,5,0,11200,0,0,0,4073800,4073800,2920
30097,135,882,1008,5,0,11200,0,0,0,4075707,4075707,2920
30112,135,940,1008,5,0,11200,0,0,0,4077753,4077753,2920
30127,136,4,1008,5,0,11200,0,0,0,4079650,4079650,2920
30143,136,110,1008,5,0,11200,0,0,0,4082212,4082212,2920
30158,136,176,1008,5,0,11200,0,0,0,4084755,4084755,2920
30174,136,235,1008,5,0,11200,0,0,0,4086867,4086867,2920
30190,136,291,1008,5,0,11200,0,0,0,4089034,4089034,2920
30205,136,378,1008,5,0,11200,0,0,0,4091216,4091216,2920
30220,136,429,1008,5,0,11200,0,0,0,4092917,4092917,2920
30236,136,492,1008,5,0,11200,0,0,0,4095019,4095019,2920
30251,136,554,1008,5,0,11200,0,0,0,4096762,4096762,2920
30266,136,607,1008,5,0,11200,0,0,0,4098701,4098701,2920
30282,136,671,1008,5,0,11200,0,0,0,4100928,4100928,2920
30298,136,755,1008,5,0,11200,0,0,0,4102869,4102869,2920
30313,136,826,1008,5,0,11200,0,0,0,4104746,4104746,2920
30330,136,886,1008,5,0,11200,0,0,0,4106259,4106259,2920
30345,136,940,1008,5,0,11200,0,0,0,4108163,4108163,2920
30360,137,4,1008,5,0,11200,0,0,0,4110165,4110165,2920
30375,137,115,1008,5,0,11200,0,0,0,4112404,4112404,2920
30390,137,183,1008,5,0,11200,0,0,0,4114908,4114908,2920
30405,137,230,1008,5,0,11200,0,0,0,4116940,4116940,2920
30421,137,284,1008,5,0,11200,0,0,0,4119110,4119110,2920
30436,137,353,1008,5,0,11200,0,0,0,4121397,4121397,2920
30452,137,420,1008,5,0,11200,0,0,0,4123562,4123562,2920
30467,137,475,1008,5,0,11200,0,0,0,4125570,4125570,2920
30483,137,528,1008,5,0,11200,0,0,0,4127769,4127769,2920
30499,137,571,1008,5,0,11200,0,0,0,4129145,4129145,2920
30514,137,621,1008,5,0,11200,0,0,0,4131100,4131100,2920
30530,137,697,1008,5,0,11200,0,0,0,4133135,4133135,2920
30545,137,776,1008,5,0,11200,0,0,0,4135097,4135097,2920
30560,137,855,1008,5,0,11200,0,0,0,4137075,4137075,2920
30575,137,901,1008,5,0,11200,0,0,0,4138654,4138654,2920
30591,138,983,1008,5,0,11200,0,0,0,4140554,4140554,2920
30606,138,32,1008,5,0,11200,0,0,0,4142745,4142745,2920
30621,138,135,1008,5,0,11200,0,0,0,4145187,4145187,2920
30636,138,189,1008,5,0,11200,0,0,0,4147548,4147548,2920
30652,138,245,1008,5,0,11200,0,0,0,4149805,4149805,2920
30667,138,312,1008,5,0,11200,0,0,0,4151760,4151760,2920
30682,138,371,1008,5,0,11200,0,0,0,4153753,4153753,2920
30697,138,430,1008,5,0,11200,0,0,0,4155696,4155696,2920
30713,138,497,1008,5,0,11200,0,0,0,4157707,4157707,2920
30729,138,554,1008,5,0,11200,0,0,0,4159858,4159858,2920
30744,138,604,1008,5,0,11200,0,0,0,4161779,4161779,2920
30760,138,674,1008,5,0,11200,0,0,0,4163557,4163557,2920
30776,138,752,1008,5,0,11200,0,0,0,4165565,4165565,2920
30791,138,833,1008,5,0,11200,0,0,0,4167488,4167488,2920
30806,138,892,1008,5,0,11200,0,0,0,4169228,4169228,2920
30821,138,943,1008,5,0,11200,0,0,0,4171144,4171144,2920
30837,139,3,1008,5,0,11200,0,0,0,4173127,4173127,2920
30852,139,108,1008,5,0,11200,0,0,0,4175387,4175387,2920
30867,139,159,1008,5,0,11200,0,0,0,4177836,4177836,2920
30882,139,213,1008,5,0,11200,0,0,0,4180115,4180115,2920
30897,139,266,1008,5,0,11200,0,0,0,4182310,4182310,2920
30912,139,334,1008,5,0,11200,0,0,0,4184552,4184552,2920
30928,139,401,1008,5,0,11200,0,0,0,4186417,4186417,2920
30944,139,465,1008,5,0,11200,0,0,0,4188417,4188417,2920
30959,139,528,1008,5,0,11200,0,0,0,4190622,4190622,2920
30975,139,595,1008,5,0,11200,0,0,0,4192603,4192603,2920
30990,139,649,1008,5,0,11200,0,0,0,4194655,4194655,2920
31005,139,711,1008,5,0,11200,0,0,0,4196695,4196695,2920
31020,139,784,1008,5,0,11200,0,0,0,4198571,4198571,2920
31036,139,868,1008,5,0,11200,0,0,0,4200570,4200570,2920
31051,139,912,1008,5,0,11200,0,0,0,4202177,4202177,2920
31066,140,994,1008,5,0,11200,0,0,0,4204163,4204163,2920
31081,140,46,1008,4,0,11200,0,0,0,4206492,4206492,2920
31096,140,133,1008,4,0,11200,0,0,0,4208825,4208825,2920
31112,140,194,1008,4,0,11200,0,0,0,4211092,4211092,2920
31127,140,237,1008,4,0,11200,0,0,0,4213389,4213389,2920
31142,140,310,1008,4,0,11200,0,0,0,4215756,4215756,2920
31158,140,377,1008,4,0,11200,0,0,0,4217872,4217872,2920
31173,140,435,1008,4,0,11200,0,0,0,4219730,4219730,2920
31188,140,489,1008,4,0,11200,0,0,0,4221707,4221707,2920
31203,140,559,1008,4,0,11200,0,0,0,4223827,4223827,2920
31219,140,614,1008,4,0,11200,0,0,0,4225475,4225475,2920
31234,140,686,1008,4,0,11200,0,0,0,4227387,4227387,2920
31249,140,735,1008,4,0,11200,0,0,0,4229343,4229343,2920
31265,140,829,1009,5,0,11200,0,0,0,4231485,4231485,2920
31281,140,901,1009,5,0,11200,0,0,0,4233607,4233607,2920
31296,141,984,1009,5,0,11200,0,0,0,4235292,4235292,2920
31312,141,42,1009,5,0,11200,0,0,0,4237625,4237625,2920
31327,141,145,1009,5,0,11200,0,0,0,4240097,4240097,2920
31343,141,212,1009,5,0,11200,0,0,0,4242392,4242392,2920
31358,141,261,1009,5,0,11200,0,0,0,4244612,4244612,2920
31374,141,328,1009,5,0,11200,0,0,0,4246867,4246867,2920
31389,141,397,1009,5,0,11200,0,0,0,4248974,4248974,2920
31404,141,447,1009,5,0,11200,0,0,0,4250838,4250838,2920
31419,141,500,1009,5,0,11200,0,0,0,4252932,4252932,2920
31436,141,556,1009,5,0,11200,0,0,0,4255041,4255041,2920
31451,141,607,1009,4,0,11200,0,0,0,4256895,4256895,2920
31467,141,669,1009,4,0,11200,0,0,0,4258966,4258966,2920
31482,141,732,1009,4,0,11200,0,0,0,4260923,4260923,2920
31497,141,820,1009,4,0,11200,0,0,0,4262862,4262862,2920
31512,141,878,1009,4,0,11200,0,0,0,4264719,4264719,2920
31527,141,929,1009,4,0,11200,0,0,0,4266751,4266751,2920
31542,142,9,1010,4,0,11200,0,0,0,4269014,4269014,2921
31558,142,111,1010,4,0,11200,0,0,0,4271274,4271274,2921
31573,142,176,1010,4,0,11200,0,0,0,4273884,4273884,2921
31588,142,231,1010,4,0,11200,0,0,0,4276046,4276046,2921
31604,142,290,1010,4,0,11200,0,0,0,4278380,4278380,2921
31619,142,362,1010,4,0,11200,0,0,0,4280507,4280507,2921
31635,142,433,1010,4,0,11200,0,0,0,4282485,4282485,2921
31650,142,497,1010,4,0,11200,0,0,0,4284447,4284447,2921
31665,142,545,1010,4,0,11200,0,0,0,4286283,4286283,2921
31680,142,619,1010,4,0,11200,0,0,0,4288440,4288440,2921
31695,142,689,1010,4,0,11200,0,0,0,4290452,4290452,2921
31711,142,776,1010,4,0,11200,0,0,0,4292572,4292572,2921
31726,142,845,1010,4,0,11200,0,0,0,4294556,4294556,2921
31742,142,900,1010,4,0,11200,0,0,0,4296310,4296310,2921
31758,143,979,1010,4,0,11200,0,0,0,4298466,4298466,2921
31773,143,19,1011,5,0,11200,0,0,0,4300452,4300452,2921
31788,143,98,1011,5,0,11200,0,0,0,4302457,4302457,2921
31803,143,168,1011,5,0,11200,0,0,0,4305004,4305004,2921
31818,143,224,1011,5,0,11200,0,0,0,4307128,4307128,2921
31833,143,284,1011,5,0,11200,0,0,0,4309332,4309332,2921
31848,143,365,1011,5,0,11200,0,0,0,4311519,4311519,2921
31864,143,435,1011,5,0,11200,0,0,0,4313618,4313618,2921
31879,143,482,1011,5,0,11200,0,0,0,4315526,4315526,2921
31894,143,534,1011,5,0,11200,0,0,0,4317551,4317551,2921
31911,143,571,1011,5,0,11200,0,0,0,4318872,4318872,2921
31926,143,631,1011,5,0,11200,0,0,0,4320686,4320686,2921
31942,143,707,1011,5,0,11200,0,0,0,4322798,4322798,2921
31958,143,778,1011,5,0,11200,0,0,0,4324773,4324773,2921
31973,143,856,1011,5,0,11200,0,0,0,4326693,4326693,2921
31988,143,893,1011,5,0,11200,0,0,0,4328128,4328128,2921
32003,143,949,1011,5,0,11200,0,0,0,4330094,4330094,2921
32019,144,9,1011,5,0,11200,0,0,0,4332174,4332174,2921
32034,144,111,1011,5,0,11200,0,0,0,4334448,4334448,2921
32049,144,178,1011,5,0,11200,0,0,0,4336815,4336815,2921
32064,144,241,1011,5,0,11200,0,0,0,4339047,4339047,2921
32080,144,297,1011,5,0,11200,0,0,0,4341234,4341234,2921
32095,144,367,1011,5,0,11200,0,0,0,4343363,4343363,2921
32111,144,445,1011,5,0,11200,0,0,0,4345543,4345543,2921
32126,144,507,1011,5,0,11200,0,0,0,4347636,4347636,2921
32142,144,571,1011,5,0,11200,0,0,0,4349408,4349408,2921
32157,144,617,1011,5,0,11200,0,0,0,4351442,4351442,2921
32172,144,692,1011,5,0,11200,0,0,0,4353401,4353401,2921
32187,144,776,1011,5,0,11200,0,0,0,4355501,4355501,2921
32203,144,862,1012,6,0,11200,0,0,0,4357525,4357525,2922
32218,144,904,1012,6,0,11200,0,0,0,4359321,4359321,2922
32234,145,989,1012,6,0,11200,0,0,0,4361415,4361415,2922
32249,145,26,1012,5,0,11200,0,0,0,4363653,4363653,2922
32264,145,119,1012,5,0,11200,0,0,0,4365595,4365595,2922
32280,145,189,1012,5,0,11200,0,0,0,4368013,4368013,2922
32295,145,252,1012,5,0,11200,0,0,0,4370304,4370304,2922
32310,145,327,1012,5,0,11200,0,0,0,4372566,4372566,2922
32326,145,410,1013,6,0,11200,0,0,0,4374619,4374619,2922
32341,145,473,1013,6,0,11200,0,0,0,4376540,4376540,2922
32356,145,528,1013,6,0,11200,0,0,0,4378760,4378760,2922
32372,145,571,1013,6,0,11200,0,0,0,4379942,4379942,2922
32388,145,622,1013,6,0,11200,0,0,0,4381785,4381785,2922
32403,145,691,1013,6,0,11200,0,0,0,4383862,4383862,2922
32419,145,751,1013,6,0,11200,0,0,0,4385797,4385797,2922
32434,145,831,1013,6,0,11200,0,0,0,4387896,4387896,2922
32450,145,888,1013,6,0,11200,0,0,0,4389738,4389738,2922
32465,145,952,1013,6,0,11200,0,0,0,4391760,4391760,2922
32480,146,21,1013,6,0,11200,0,0,0,4393793,4393793,2922
32495,146,130,1013,6,0,11200,0,0,0,4396210,4396210,2922
32511,146,194,1013,6,0,11200,0,0,0,4398434,4398434,2922
32526,146,243,1013,6,0,11200,0,0,0,4400706,4400706,2922
32541,146,322,1013,6,0,11200,0,0,0,4402888,4402888,2922
32556,146,389,1013,6,0,11200,0,0,0,4404968,4404968,2922
32572,146,462,1013,6,0,11200,0,0,0,4407050,4407050,2922
32587,146,513,1013,6,0,11200,0,0,0,4409019,4409019,2922
32602,146,572,1013,6,0,11200,0,0,0,4410704,4410704,2922
32618,146,623,1013,6,0,11200,0,0,0,4412612,4412612,2922
32633,146,691,1013,6,0,11200,0,0,0,4414538,4414538,2922
32648,146,737,1013,6,0,11200,0,0,0,4416481,4416481,2922
32664,146,819,1013,6,0,11200,0,0,0,4418176,4418176,2922
32682,146,886,1013,6,0,11200,0,0,0,4420082,4420082,2922
32697,146,937,1013,6,0,11200,0,0,0,4422111,4422111,2922
32712,147,1,1013,6,0,11200,0,0,0,4424004,4424004,2922
32727,147,78,1013,6,0,11200,0,0,0,4426256,4426256,2922
32743,147,150,1013,6,0,11200,0,0,0,4428950,4428950,2922
32758,147,203,1013,6,0,11200,0,0,0,4431147,4431147,2922
32773,147,252,1013,6,0,11200,0,0,0,4433394,4433394,2922
32788,147,323,1013,6,0,11200,0,0,0,4435680,4435680,2922
32804,147,382,1013,6,0,11200,0,0,0,4437474,4437474,2922
32819,147,449,1013,6,0,11200,0,0,0,4439639,4439639,2922
32834,147,513,1013,6,0,11200,0,0,0,4441783,4441783,2922
32850,147,553,1013,6,0,11200,0,0,0,4443329,4443329,2922
32865,147,604,1013,6,0,11200,0,0,0,4445127,4445127,2922
32880,147,658,1013,6,0,11200,0,0,0,4447351,4447351,2922
32896,147,724,1013,6,0,11200,0,0,0,4449362,4449362,2922
32912,147,799,1014,7,0,11200,0,0,0,4450970,4450970,2923
32927,147,877,1014,7,0,11200,0,0,0,4452747,4452747,2923
32942,147,924,1014,7,0,11200,0,0,0,4454396,4454396,2923
32957,148,994,1014,7,0,11200,0,0,0,4456260,4456260,2923
32973,148,43,1014,5,0,11200,0,0,0,4458446,4458446,2923
32988,148,135,1014,5,0,11200,0,0,0,4460689,4460689,2923
33003,148,195,1014,5,0,11200,0,0,0,4462846,4462846,2923
33019,148,241,1014,5,0,11200,0,0,0,4465101,4465101,2923
33034,148,314,1014,5,0,11200,0,0,0,4467481,4467481,2923
33050,148,383,1014,5,0,11200,0,0,0,4469634,4469634,2923
33065,148,439,1014,5,0,11200,0,0,0,4471803,4471803,2923
33080,148,502,1014,5,0,11200,0,0,0,4473897,4473897,2923
33096,148,537,1014,5,0,11200,0,0,0,4475171,4475171,2923
33111,148,609,1014,5,0,11200,0,0,0,4477302,4477302,2923
33126,148,664,1014,5,0,11200,0,0,0,4479220,4479220,2923
33141,148,731,1014,5,0,11200,0,0,0,4480892,4480892,2923
33157,148,820,1014,5,0,11200,0,0,0,4482914,4482914,2923
33172,148,885,1015,6,0,11200,0,0,0,4484783,4484783,2923
33187,148,925,1015,6,0,11200,0,0,0,4486351,4486351,2923
33203,149,998,1015,6,0,11200,0,0,0,4488219,4488219,2923
33218,149,42,1015,5,0,11200,0,0,0,4490575,4490575,2923
33233,149,132,1015,5,0,11200,0,0,0,4492869,4492869,2923
33249,149,203,1015,5,0,11200,0,0,0,4495056,4495056,2923
33264,149,252,1015,5,0,11200,0,0,0,4497341,4497341,2923
33279,149,323,1015,5,0,11200,0,0,0,4499562,4499562,2923
33294,149,411,1015,5,0,11200,0,0,0,4501761,4501761,2923
33309,149,462,1015,5,0,11200,0,0,0,4503801,4503801,2923
33326,149,528,1015,5,0,11200,0,0,0,4506086,4506086,2923
33341,149,572,1015,5,0,11200,0,0,0,4507538,4507538,2923
33357,149,620,1015,5,0,11200,0,0,0,4509670,4509670,2923
33372,149,696,1015,5,0,11200,0,0,0,4511709,4511709,2923
33387,149,777,1015,5,0,11200,0,0,0,4513669,4513669,2923
33403,149,861,1015,5,0,11200,0,0,0,4515737,4515737,2923
33418,149,918,1015,5,0,11200,0,0,0,4517513,4517513,2923
33434,150,1003,1015,5,0,11200,0,0,0,4519491,4519491,2923
33449,150,44,1015,4,0,11200,0,0,0,4521735,4521735,2923
33464,150,154,1015,4,0,11200,0,0,0,4524274,4524274,2923
33479,150,199,1015,4,0,11200,0,0,0,4526317,4526317,2923
33494,150,236,1015,4,0,11200,0,0,0,4528401,4528401,2923
33510,150,314,1015,4,0,11200,0,0,0,4530818,4530818,2923
33525,150,381,1015,4,0,11200,0,0,0,4532650,4532650,2923
33541,150,438,1015,4,0,11200,0,0,0,4534636,4534636,2923
33556,150,505,1015,4,0,11200,0,0,0,4536584,4536584,2923
33572,150,537,1015,4,0,11200,0,0,0,4538162,4538162,2923
33588,150,616,1015,4,0,11200,0,0,0,4540286,4540286,2923
33603,150,692,1015,4,0,11200,0,0,0,4542223,4542223,2923
33618,150,783,1015,4,0,11200,0,0,0,4544089,4544089,2923
33633,150,862,1015,4,0,11200,0,0,0,4545984,4545984,2923
33648,150,921,1015,4,0,11200,0,0,0,4547854,4547854,2923
33663,151,1000,1015,4,0,11200,0,0,0,4550014,4550014,2923
33678,151,42,1015,4,0,11200,0,0,0,4552329,4552329,2923
33694,151,133,1015,4,0,11200,0,0,0,4554665,4554665,2923
33709,151,189,1015,4,0,11200,0,0,0,4556862,4556862,2923
33725,151,258,1015,4,0,11200,0,0,0,4559224,4559224,2923
33740,151,314,1015,4,0,11200,0,0,0,4561195,4561195,2923
33755,151,394,1015,4,0,11200,0,0,0,4563405,4563405,2923
33771,151,470,1015,4,0,11200,0,0,0,4565548,4565548,2923
33786,151,525,1015,4,0,11200,0,0,0,4567692,4567692,2923
33801,151,596,1015,4,0,11200,0,0,0,4569511,4569511,2923
33816,151,643,1015,4,0,11200,0,0,0,4571241,4571241,2923
33832,151,713,1015,4,0,11200,0,0,0,4573332,4573332,2923
33849,151,791,1015,4,0,11200,0,0,0,4575265,4575265,2923
33864,151,869,1015,4,0,11200,0,0,0,4577356,4577356,2923
33879,151,918,1015,4,0,11200,0,0,0,4578982,4578982,2923
33895,152,993,1015,4,0,11200,0,0,0,4580772,4580772,2923
33910,152,43,1015,4,0,11200,0,0,0,4583086,4583086,2923
33925,152,145,1015,4,0,11200,0,0,0,4585402,4585402,2923
33940,152,199,1015,4,0,11200,0,0,0,4587327,4587327,2923
33955,152,246,1015,4,0,11200,0,0,0,4589607,4589607,2923
33971,152,303,1015,4,0,11200,0,0,0,4591881,4591881,2923
33986,152,380,1015,4,0,11200,0,0,0,4593826,4593826,2923
34001,152,431,1015,4,0,11200,0,0,0,4595890,4595890,2923
34016,152,492,1015,4,0,11200,0,0,0,4597839,4597839,2923
34038,152,537,1015,4,0,11200,0,0,0,4600069,4600069,2923
34053,152,608,1015,4,0,11200,0,0,0,4602108,4602108,2923
34068,152,669,1015,4,0,11200,0,0,0,4604174,4604174,2923
34084,152,725,1015,4,0,11200,0,0,0,4605864,4605864,2923
34099,152,799,1015,4,0,11200,0,0,0,4607762,4607762,2923
34114,152,881,1015,4,0,11200,0,0,0,4609785,4609785,2923
34130,152,927,1015,4,0,11200,0,0,0,4611260,4611260,2923
34145,153,1013,1015,4,0,11200,0,0,0,4613273,4613273,2923
34160,153,105,1015,4,0,11200,0,0,0,4615554,4615554,2923
34175,153,157,1015,4,0,11200,0,0,0,4618376,4618376,2923
34191,153,212,1015,4,0,11200,0,0,0,4620590,4620590,2923
34206,153,264,1015,4,0,11200,0,0,0,4622915,4622915,2923
34221,153,335,1015,4,0,11200,0,0,0,4625207,4625207,2923
34237,153,412,1015,4,0,11200,0,0,0,4627332,4627332,2923
34253,153,475,1015,4,0,11200,0,0,0,4629511,4629511,2923
34268,153,525,1015,4,0,11200,0,0,0,4631392,4631392,2923
34287,153,571,1015,4,0,11200,0,0,0,4633146,4633146,2923
34302,153,630,1015,4,0,11200,0,0,0,4635076,4635076,2923
34318,153,706,1015,4,0,11200,0,0,0,4637194,4637194,2923
34333,153,786,1015,4,0,11200,0,0,0,4639143,4639143,2923
34348,153,857,1015,4,0,11200,0,0,0,4640869,4640869,2923
34363,153,895,1015,4,0,11200,0,0,0,4642445,4642445,2923
34378,153,979,1015,4,0,11200,0,0,0,4644379,4644379,2923
34393,154,24,1016,4,0,11200,0,0,0,4646511,4646511,2929
34409,154,127,1016,4,0,11200,0,0,0,4648868,4648868,2929
34424,154,196,1016,4,0,11200,0,0,0,4651296,4651296,2929
34439,154,241,1016,4,0,11200,0,0,0,4653410,4653410,2929
34454,154,297,1016,4,0,11200,0,0,0,4655402,4655402,2929
34470,154,366,1016,4,0,11200,0,0,0,4657526,4657526,2929
34485,154,445,1016,4,0,11200,0,0,0,4659447,4659447,2929
34500,154,501,1016,4,0,11200,0,0,0,4661494,4661494,2929
34516,154,537,1016,4,0,11200,0,0,0,4663164,4663164,2929
34531,154,604,1016,4,0,11200,0,0,0,4665496,4665496,2929
34547,154,658,1016,4,0,11200,0,0,0,4667418,4667418,2929
34563,154,725,1016,4,0,11200,0,0,0,4669484,4669484,2929
34578,154,798,1016,4,0,11200,0,0,0,4671407,4671407,2929
34593,154,868,1016,4,0,11200,0,0,0,4673306,4673306,2929
34609,154,950,1017,5,0,11200,0,0,0,4675228,4675228,2932
34624,155,1016,1017,4,0,11200,0,0,0,4677081,4677081,2932
34640,155,83,1017,4,0,11200,0,0,0,4679345,4679345,2932
34655,155,150,1017,4,0,11200,0,0,0,4681825,4681825,2932
34670,155,209,1017,4,0,11200,0,0,0,4684035,4684035,2932
34685,155,262,1017,4,0,11200,0,0,0,4686338,4686338,2932
34700,155,335,1017,4,0,11200,0,0,0,4688417,4688417,2932
34716,155,420,1017,4,0,11200,0,0,0,4690427,4690427,2932
34732,155,479,1017,4,0,11200,0,0,0,4692350,4692350,2932
34747,155,533,1017,4,0,11200,0,0,0,4694323,4694323,2932
34762,155,583,1017,4,0,11200,0,0,0,4696025,4696025,2932
34777,155,624,1017,4,0,11200,0,0,0,4697746,4697746,2932
34792,155,693,1017,4,0,11200,0,0,0,4699942,4699942,2932
34808,155,758,1018,5,0,11200,0,0,0,4701870,4701870,2932
34823,155,831,1018,5,0,11200,0,0,0,4703499,4703499,2932
34838,155,885,1018,5,0,11200,0,0,0,4705217,4705217,2932
34853,155,951,1019,6,0,11200,0,0,0,4707103,4707103,2933
34869,156,1015,1019,6,0,11200,0,0,0,4708936,4708936,2933
34884,156,35,1019,5,0,11200,0,0,0,4711248,4711248,2933
34899,156,133,1019,5,0,11200,0,0,0,4713515,4713515,2933
34914,156,198,1019,5,0,11200,0,0,0,4715711,4715711,2933
34930,156,248,1019,5,0,11200,0,0,0,4717971,4717971,2933
34945,156,323,1019,5,0,11200,0,0,0,4720263,4720263,2933
34960,156,381,1019,5,0,11200,0,0,0,4722070,4722070,2933
34975,156,435,1019,5,0,11200,0,0,0,4723868,4723868,2933
34991,156,501,1019,5,0,11200,0,0,0,4725866,4725866,2933
35007,156,537,1019,5,0,11200,0,0,0,4727338,4727338,2933
35022,156,608,1019,5,0,11200,0,0,0,4729607,4729607,2933
35037,156,677,1019,5,0,11200,0,0,0,4731739,4731739,2933
35053,156,755,1019,5,0,11200,0,0,0,4733959,4733959,2933
35068,156,846,1019,5,0,11200,0,0,0,4735882,4735882,2933
35083,156,902,1019,5,0,11200,0,0,0,4737889,4737889,2933
35099,157,999,1020,6,0,11200,0,0,0,4739917,4739917,2933
35114,157,31,1020,5,0,11200,0,0,0,4742034,4742034,2933
35129,157,127,1020,5,0,11200,0,0,0,4744254,4744254,2933
35144,157,189,1020,5,0,11200,0,0,0,4746460,4746460,2933
35159,157,246,1020,5,0,11200,0,0,0,4748654,4748654,2933
35174,157,310,1020,5,0,11200,0,0,0,4750742,4750742,2933
35190,157,371,1020,5,0,11200,0,0,0,4752765,4752765,2933
35205,157,438,1020,5,0,11200,0,0,0,4754887,4754887,2933
35220,157,495,1020,5,0,11200,0,0,0,4756872,4756872,2933
35239,157,537,1020,5,0,11200,0,0,0,4758542,4758542,2933
35255,157,607,1020,5,0,11200,0,0,0,4760367,4760367,2933
35270,157,668,1020,5,0,11200,0,0,0,4762357,4762357,2933
35285,157,732,1020,5,0,11200,0,0,0,4764332,4764332,2933
35302,157,812,1020,5,0,11200,0,0,0,4766394,4766394,2933
35320,157,886,1020,5,0,11200,0,0,0,4768282,4768282,2933
35335,157,960,1020,5,0,11200,0,0,0,4770295,4770295,2933
35350,158,14,1020,5,0,11200,0,0,0,4772400,4772400,2933
35366,158,112,1020,5,0,11200,0,0,0,4774633,4774633,2933
35381,158,164,1020,5,0,11200,0,0,0,4777254,4777254,2933
35396,158,217,1020,5,0,11200,0,0,0,4779581,4779581,2933
35412,158,263,1020,5,0,11200,0,0,0,4781721,4781721,2933
35427,158,345,1020,5,0,11200,0,0,0,4783762,4783762,2933
35442,158,408,1020,5,0,11200,0,0,0,4785532,4785532,2933
35458,158,456,1020,5,0,11200,0,0,0,4787746,4787746,2933
35473,158,513,1020,5,0,11200,0,0,0,4789818,4789818,2933
35488,158,537,1020,5,0,11200,0,0,0,4790941,4790941,2933
35504,158,596,1020,5,0,11200,0,0,0,4792615,4792615,2933
35519,158,647,1020,5,0,11200,0,0,0,4794328,4794328,2933
35534,158,704,1020,5,0,11200,0,0,0,4796132,4796132,2933
35549,158,779,1020,5,0,11200,0,0,0,4798096,4798096,2933
35565,158,861,1020,5,0,11200,0,0,0,4800053,4800053,2933
35580,158,901,1020,5,0,11200,0,0,0,4801589,4801589,2933
35595,159,994,1020,5,0,11200,0,0,0,4803474,4803474,2933
35611,159,26,1020,5,0,11200,0,0,0,4805727,4805727,2933
35627,159,138,1020,5,0,11200,0,0,0,4808107,4808107,2933
35642,159,189,1020,5,0,11200,0,0,0,4810309,4810309,2933
35657,159,234,1020,5,0,11200,0,0,0,4812443,4812443,2933
35673,159,307,1020,5,0,11200,0,0,0,4814871,4814871,2933
35688,159,377,1020,5,0,11200,0,0,0,4816925,4816925,2933
35703,159,430,1020,5,0,11200,0,0,0,4818773,4818773,2933
35719,159,498,1020,5,0,11200,0,0,0,4820804,4820804,2933
35734,159,547,1020,5,0,11200,0,0,0,4822638,4822638,2933
35749,159,596,1020,5,0,11200,0,0,0,4824137,4824137,2933
35764,159,669,1020,5,0,11200,0,0,0,4826495,4826495,2933
35780,159,731,1020,5,0,11200,0,0,0,4828390,4828390,2933
35795,159,831,1020,5,0,11200,0,0,0,4830346,4830346,2933
35813,159,886,1020,5,0,11200,0,0,0,4832072,4832072,2933
35829,159,961,1020,5,0,11200,0,0,0,4834139,4834139,2933
35844,160,7,1021,6,0,11200,0,0,0,4836243,4836243,2933
35860,160,108,1021,6,0,11200,0,0,0,4838560,4838560,2933
35875,160,168,1021,6,0,11200,0,0,0,4840978,4840978,2933
35890,160,221,1021,6,0,11200,0,0,0,4843111,4843111,2933
35906,160,288,1021,6,0,11200,0,0,0,4845317,4845317,2933
35921,160,358,1021,6,0,11200,0,0,0,4847332,4847332,2933
35937,160,435,1021,6,0,11200,0,0,0,4849622,4849622,2933
35952,160,489,1021,6,0,11200,0,0,0,4851503,4851503,2933
35970,160,537,1021,6,0,11200,0,0,0,4853469,4853469,2933
35986,160,604,1021,6,0,11200,0,0,0,4855595,4855595,2933
36001,160,666,1021,6,0,11200,0,0,0,4857721,4857721,2933
36016,160,718,1021,6,0,11200,0,0,0,4859405,4859405,2933
36032,160,786,1021,6,0,11200,0,0,0,4861442,4861442,2933
36047,160,869,1021,6,0,11200,0,0,0,4863264,4863264,2933
36063,160,900,1021,6,0,11200,0,0,0,4864826,4864826,2933
36078,160,963,1021,6,0,11200,0,0,0,4866891,4866891,2933
36093,161,19,1021,6,0,11200,0,0,0,4869028,4869028,2933
36108,161,118,1021,6,0,11200,0,0,0,4871355,4871355,2933
36124,161,176,1021,6,0,11200,0,0,0,4873802,4873802,2933
36139,161,226,1021,6,0,11200,0,0,0,4875988,4875988,2933
36154,161,286,1021,6,0,11200,0,0,0,4878536,4878536,2933
36169,161,357,1021,6,0,11200,0,0,0,4880654,4880654,2933
36185,161,420,1021,6,0,11200,0,0,0,4882611,4882611,2933
36201,161,478,1021,6,0,11200,0,0,0,4884656,4884656,2933
36216,161,539,1021,6,0,11200,0,0,0,4886678,4886678,2933
36231,161,591,1021,6,0,11200,0,0,0,4888365,4888365,2933
36246,161,646,1021,6,0,11200,0,0,0,4890328,4890328,2933
36261,161,709,1021,6,0,11200,0,0,0,4892318,4892318,2933
36277,161,786,1021,6,0,11200,0,0,0,4894241,4894241,2933
36292,161,846,1022,7,0,11200,0,0,0,4895807,4895807,2934
36307,161,896,1022,7,0,11200,0,0,0,4897667,4897667,2934
36322,161,979,1022,7,0,11200,0,0,0,4899811,4899811,2934
36337,162,23,1022,6,0,11200,0,0,0,4902122,4902122,2934
36353,162,127,1022,6,0,11200,0,0,0,4904503,4904503,2934
36368,162,183,1022,6,0,11200,0,0,0,4906767,4906767,2934
36383,162,231,1022,6,0,11200,0,0,0,4909019,4909019,2934
36399,162,302,1022,6,0,11200,0,0,0,4911456,4911456,2934
36414,162,380,1022,6,0,11200,0,0,0,4913633,4913633,2934
36429,162,445,1022,6,0,11200,0,0,0,4915734,4915734,2934
36445,162,501,1022,6,0,11200,0,0,0,4917702,4917702,2934
36460,162,555,1022,6,0,11200,0,0,0,4919439,4919439,2934
36475,162,608,1022,6,0,11200,0,0,0,4921351,4921351,2934
36491,162,666,1022,6,0,11200,0,0,0,4923485,4923485,2934
36506,162,732,1022,6,0,11200,0,0,0,4925353,4925353,2934
36521,162,820,1022,6,0,11200,0,0,0,4927092,4927092,2934
36537,162,886,1022,6,0,11200,0,0,0,4928903,4928903,2934
36552,162,960,1022,6,0,11200,0,0,0,4931091,4931091,2934
36567,163,22,1022,5,0,11200,0,0,0,4933482,4933482,2934
36583,163,118,1022,5,0,11200,0,0,0,4935792,4935792,2934
36598,163,172,1022,5,0,11200,0,0,0,4938287,4938287,2934
36613,163,230,1022,5,0,11200,0,0,0,4940639,4940639,2934
36628,163,300,1022,5,0,11200,0,0,0,4943085,4943085,2934
36644,163,363,1022,5,0,11200,0,0,0,4945354,4945354,2934
36659,163,423,1022,5,0,11200,0,0,0,4947473,4947473,2934
36674,163,474,1022,5,0,11200,0,0,0,4949292,4949292,2934
36689,163,532,1022,5,0,11200,0,0,0,4951459,4951459,2934
36705,163,598,1022,5,0,11200,0,0,0,4952971,4952971,2934
36720,163,652,1022,5,0,11200,0,0,0,4954922,4954922,2934
36735,163,711,1022,5,0,11200,0,0,0,4956990,4956990,2934
36750,163,799,1022,5,0,11200,0,0,0,4958832,4958832,2934
36766,163,882,1022,5,0,11200,0,0,0,4960750,4960750,2934
36781,163,943,1022,5,0,11200,0,0,0,4962485,4962485,2934
36796,164,1021,1022,5,0,11200,0,0,0,4964593,4964593,2934
36811,164,98,1022,5,0,11200,0,0,0,4967017,4967017,2934
36827,164,167,1022,5,0,11200,0,0,0,4969588,4969588,2934
36842,164,224,1022,5,0,11200,0,0,0,4971810,4971810,2934
36857,164,298,1022,5,0,11200,0,0,0,4974261,4974261,2934
36873,164,367,1022,5,0,11200,0,0,0,4976504,4976504,2934
36888,164,435,1022,5,0,11200,0,0,0,4978590,4978590,2934
36903,164,495,1022,5,0,11200,0,0,0,4980586,4980586,2934
36918,164,552,1022,5,0,11200,0,0,0,4982771,4982771,2934
36933,164,605,1022,5,0,11200,0,0,0,4984611,4984611,2934
36949,164,666,1022,5,0,11200,0,0,0,4986504,4986504,2934
36964,164,728,1022,5,0,11200,0,0,0,4988340,4988340,2934
36979,164,833,1022,5,0,11200,0,0,0,4990252,4990252,2934
36994,164,892,1022,5,0,11200,0,0,0,4991770,4991770,2934
37010,164,980,1022,5,0,11200,0,0,0,4993841,4993841,2934
37025,165,17,1022,5,0,11200,0,0,0,4996048,4996048,2934
37040,165,108,1022,5,0,11200,0,0,0,4998242,4998242,2934
37055,165,159,1022,5,0,11200,0,0,0,5000690,5000690,2934
37070,165,214,1022,5,0,11200,0,0,0,5002963,5002963,2934
37085,165,259,1022,5,0,11200,0,0,0,5005130,5005130,2934
37101,165,333,1022,5,0,11200,0,0,0,5007457,5007457,2934
37116,165,409,1022,5,0,11200,0,0,0,5009658,5009658,2934
37131,165,478,1022,5,0,11200,0,0,0,5011831,5011831,2934
37147,165,537,1022,5,0,11200,0,0,0,5013887,5013887,2934
37162,165,604,1022,5,0,11200,0,0,0,5016010,5016010,2934
37177,165,652,1022,5,0,11200,0,0,0,5017840,5017840,2934
37193,165,713,1022,5,0,11200,0,0,0,5019670,5019670,2934
37208,165,798,1022,5,0,11200,0,0,0,5021682,5021682,2934
37224,165,882,1023,6,0,11200,0,0,0,5023577,5023577,2934
37239,165,946,1023,6,0,11200,0,0,0,5025244,5025244,2934
37255,166,1011,1023,6,0,11200,0,0,0,5027155,5027155,2934
37270,166,52,1023,5,0,11200,0,0,0,5029621,5029621,2934
37286,166,137,1023,5,0,11200,0,0,0,5031931,5031931,2934
37301,166,194,1023,5,0,11200,0,0,0,5034215,5034215,2934
37316,166,237,1023,5,0,11200,0,0,0,5036280,5036280,2934
37331,166,310,1023,5,0,11200,0,0,0,5038706,5038706,2934
37347,166,380,1023,5,0,11200,0,0,0,5040798,5040798,2934
37362,166,435,1023,5,0,11200,0,0,0,5042951,5042951,2934
37377,166,498,1023,5,0,11200,0,0,0,5044988,5044988,2934
37392,166,542,1023,5,0,11200,0,0,0,5046672,5046672,2934
37408,166,592,1023,5,0,11200,0,0,0,5048493,5048493,2934
37423,166,651,1023,5,0,11200,0,0,0,5050512,5050512,2934
37438,166,705,1023,5,0,11200,0,0,0,5052491,5052491,2934
37453,166,786,1023,5,0,11200,0,0,0,5054336,5054336,2934
37469,166,860,1023,5,0,11200,0,0,0,5055922,5055922,2934
37484,166,924,1023,5,0,11200,0,0,0,5057848,5057848,2934
37499,167,996,1023,5,0,11200,0,0,0,5059744,5059744,2934
37515,167,24,1023,5,0,11200,0,0,0,5062032,5062032,2934
37530,167,122,1023,5,0,11200,0,0,0,5064313,5064313,2934
37545,167,183,1023,5,0,11200,0,0,0,5066601,5066601,2934
37560,167,236,1023,5,0,11200,0,0,0,5068874,5068874,2934
37576,167,309,1023,5,0,11200,0,0,0,5071057,5071057,2934
37591,167,369,1023,5,0,11200,0,0,0,5073073,5073073,2934
37606,167,430,1023,5,0,11200,0,0,0,5075030,5075030,2934
37622,167,492,1023,5,0,11200,0,0,0,5077150,5077150,2934
37637,167,539,1023,5,0,11200,0,0,0,5079048,5079048,2934
37652,167,616,1023,5,0,11200,0,0,0,5081129,5081129,2934
37667,167,691,1023,5,0,11200,0,0,0,5083238,5083238,2934
37683,167,751,1023,5,0,11200,0,0,0,5085270,5085270,2934
37698,167,862,1023,5,0,11200,0,0,0,5087173,5087173,2934
37713,167,921,1023,5,0,11200,0,0,0,5089072,5089072,2934
37728,168,994,1023,5,0,11200,0,0,0,5091084,5091084,2934
37744,168,21,1023,4,0,11200,0,0,0,5093150,5093150,2934
37759,168,120,1023,4,0,11200,0,0,0,5095395,5095395,2934
37774,168,172,1023,4,0,11200,0,0,0,5097774,5097774,2934
37789,168,218,1023,4,0,11200,0,0,0,5099801,5099801,2934
37804,168,269,1023,4,0,11200,0,0,0,5102025,5102025,2934
37819,168,345,1023,4,0,11200,0,0,0,5104108,5104108,2934
37835,168,414,1023,4,0,11200,0,0,0,5106360,5106360,2934
37851,168,473,1023,4,0,11200,0,0,0,5108264,5108264,2934
37866,168,533,1023,4,0,11200,0,0,0,5110223,5110223,2934
37881,168,571,1023,4,0,11200,0,0,0,5111501,5111501,2934
37896,168,646,1023,4,0,11200,0,0,0,5113780,5113780,2934
37911,168,713,1023,4,0,11200,0,0,0,5115978,5115978,2934
37927,168,778,1023,4,0,11200,0,0,0,5117917,5117917,2934
37942,168,876,1023,4,0,11200,0,0,0,5120014,5120014,2934
37957,168,899,1023,4,0,11200,0,0,0,5120997,5120997,2934
37973,168,979,1023,3,0,11200,0,0,0,5122815,5122815,2934
37988,169,17,1023,3,0,11200,0,0,0,5124997,5124997,2934
38003,169,87,1024,4,0,11200,0,0,0,5126942,5126942,2935
38019,169,166,1024,4,0,11200,0,0,0,5129313,5129313,2935
38034,169,216,1024,4,0,11200,0,0,0,5131313,5131313,2935
38049,169,282,1024,4,0,11200,0,0,0,5133702,5133702,2935
38064,169,348,1024,4,0,11200,0,0,0,5135718,5135718,2935
38080,169,418,1024,4,0,11200,0,0,0,5137537,5137537,2935
38095,169,474,1024,4,0,11200,0,0,0,5139341,5139341,2935
38110,169,533,1024,4,0,11200,0,0,0,5141167,5141167,2935
38126,169,590,1024,4,0,11200,0,0,0,5143008,5143008,2935
38141,169,645,1024,4,0,11200,0,0,0,5144897,5144897,2935
38156,169,716,1024,4,0,11200,0,0,0,5147136,5147136,2935
38171,169,786,1024,4,0,11200,0,0,0,5149180,5149180,2935
38187,169,863,1024,4,0,11200,0,0,0,5151179,5151179,2935
38202,169,915,1024,4,0,11200,0,0,0,5153054,5153054,2935
38218,169,985,1024,4,0,11200,0,0,0,5154885,5154885,2935
38233,170,18,1024,3,0,11200,0,0,0,5156871,5156871,2935
38248,170,116,1024,3,0,11200,0,0,0,5159177,5159177,2935
38263,170,168,1024,3,0,11200,0,0,0,5161494,5161494,2935
38279,170,214,1024,3,0,11200,0,0,0,5163695,5163695,2935
38294,170,261,1024,3,0,11200,0,0,0,5165622,5165622,2935
38309,170,327,1024,3,0,11200,0,0,0,5167678,5167678,2935
38325,170,393,1024,3,0,11200,0,0,0,5169594,5169594,2935
38340,170,453,1024,3,0,11200,0,0,0,5171494,5171494,2935
38355,170,514,1024,3,0,11200,0,0,0,5173462,5173462,2935
38370,170,583,1024,3,0,11200,0,0,0,5175432,5175432,2935
38386,170,636,1024,3,0,11200,0,0,0,5177573,5177573,2935
38401,170,704,1024,3,0,11200,0,0,0,5179623,5179623,2935
38416,170,779,1024,3,0,11200,0,0,0,5181639,5181639,2935
38432,170,882,1024,3,0,11200,0,0,0,5183719,5183719,2935
38447,170,946,1024,3,0,11200,0,0,0,5185578,5185578,2935
38462,171,1016,1024,3,0,11200,0,0,0,5187526,5187526,2935
38477,171,78,1024,3,0,11200,0,0,0,5189976,5189976,2935
38493,171,145,1024,3,0,11200,0,0,0,5192437,5192437,2935
38508,171,196,1024,3,0,11200,0,0,0,5194606,5194606,2935
38524,171,244,1024,3,0,11200,0,0,0,5196953,5196953,2935
38539,171,322,1024,3,0,11200,0,0,0,5199090,5199090,2935
38554,171,377,1024,3,0,11200,0,0,0,5200943,5200943,2935
38569,171,438,1024,3,0,11200,0,0,0,5202966,5202966,2935
38584,171,498,1024,3,0,11200,0,0,0,5204907,5204907,2935
38600,171,554,1024,3,0,11200,0,0,0,5207060,5207060,2935
38615,171,617,1024,3,0,11200,0,0,0,5209023,5209023,2935
38630,171,688,1024,3,0,11200,0,0,0,5211072,5211072,2935
38646,171,778,1024,3,0,11200,0,0,0,5213097,5213097,2935
38661,171,840,1024,3,0,11200,0,0,0,5215049,5215049,2935
38677,171,894,1024,3,0,11200,0,0,0,5216524,5216524,2935
38692,171,972,1024,3,0,11200,0,0,0,5218570,5218570,2935
38707,172,4,1024,3,0,11200,0,0,0,5220440,5220440,2935
38723,172,65,1024,3,0,11200,0,0,0,5222791,5222791,2935
38738,172,151,1024,3,0,11200,0,0,0,5225205,5225205,2935
38754,172,209,1024,3,0,11200,0,0,0,5227316,5227316,2935
38769,172,262,1024,3,0,11200,0,0,0,5229423,5229423,2935
38784,172,335,1024,3,0,11200,0,0,0,5231559,5231559,2935
38799,172,415,1024,3,0,11200,0,0,0,5233657,5233657,2935
38814,172,482,1024,3,0,11200,0,0,0,5235760,5235760,2935
38830,172,548,1024,3,0,11200,0,0,0,5237849,5237849,2935
38845,172,616,1024,3,0,11200,0,0,0,5240027,5240027,2935
38860,172,677,1024,3,0,11200,0,0,0,5242084,5242084,2935
38876,172,767,1024,3,0,11200,0,0,0,5244124,5244124,2935
38891,172,848,1024,3,0,11200,0,0,0,5245997,5245997,2935
38906,172,899,1024,3,0,11200,0,0,0,5247654,5247654,2935
38921,172,963,1024,3,0,11200,0,0,0,5249487,5249487,2935
38936,173,20,1024,3,0,11200,0,0,0,5251711,5251711,2935
38951,173,126,1024,3,0,11200,0,0,0,5253926,5253926,2935
38967,173,186,1024,3,0,11200,0,0,0,5256317,5256317,2935
38982,173,226,1024,3,0,11200,0,0,0,5258353,5258353,2935
38997,173,288,1024,3,0,11200,0,0,0,5260550,5260550,2935
39013,173,344,1024,3,0,11200,0,0,0,5262712,5262712,2935
39029,173,418,1024,3,0,11200,0,0,0,5264715,5264715,2935
39044,173,471,1024,3,0,11200,0,0,0,5266691,5266691,2935
39059,173,527,1024,3,0,11200,0,0,0,5268803,5268803,2935
39077,173,571,1024,3,0,11200,0,0,0,5270596,5270596,2935
39093,173,614,1024,3,0,11200,0,0,0,5272101,5272101,2935
39108,173,677,1024,3,0,11200,0,0,0,5273957,5273957,2935
39123,173,733,1024,3,0,11200,0,0,0,5275826,5275826,2935
39138,173,826,1024,3,0,11200,0,0,0,5277609,5277609,2935
39153,173,893,1024,3,0,11200,0,0,0,5279385,5279385,2935
39168,173,960,1024,3,0,11200,0,0,0,5281543,5281543,2935
39184,174,1022,1024,2,0,11200,0,0,0,5283682,5283682,2935
39199,174,105,1024,2,0,11200,0,0,0,5285928,5285928,2935
39215,174,183,1024,2,0,11200,0,0,0,5288543,5288543,2935
39230,174,225,1024,2,0,11200,0,0,0,5290559,5290559,2935
39245,174,273,1024,2,0,11200,0,0,0,5292826,5292826,2935
39261,174,335,1024,2,0,11200,0,0,0,5294885,5294885,2935
39276,174,409,1024,2,0,11200,0,0,0,5297065,5297065,2935
39292,174,471,1024,2,0,11200,0,0,0,5299040,5299040,2935
39307,174,533,1024,2,0,11200,0,0,0,5301085,5301085,2935
39323,174,586,1024,2,0,11200,0,0,0,5302768,5302768,2935
39338,174,645,1024,2,0,11200,0,0,0,5305015,5305015,2935
39354,174,706,1024,2,0,11200,0,0,0,5306889,5306889,2935
39369,174,792,1024,2,0,11200,0,0,0,5308854,5308854,2935
39384,174,864,1025,3,0,11200,0,0,0,5310781,5310781,2935
39400,174,921,1026,4,0,11200,0,0,0,5312709,5312709,2935
39415,175,1001,1026,4,0,11200,0,0,0,5314813,5314813,2935
39431,175,26,1026,4,0,11200,0,0,0,5317304,5317304,2935
39446,175,122,1026,4,0,11200,0,0,0,5319602,5319602,2935
39462,175,177,1026,4,0,11200,0,0,0,5321931,5321931,2935
39477,175,236,1026,4,0,11200,0,0,0,5324133,5324133,2935
39492,175,314,1026,4,0,11200,0,0,0,5326350,5326350,2935
39508,175,380,1026,4,0,11200,0,0,0,5328116,5328116,2935
39523,175,449,1026,4,0,11200,0,0,0,5330318,5330318,2935
39539,175,508,1026,4,0,11200,0,0,0,5332288,5332288,2935
39554,175,575,1026,4,0,11200,0,0,0,5334432,5334432,2935
39570,175,631,1026,4,0,11200,0,0,0,5336635,5336635,2935
39585,175,697,1026,4,0,11200,0,0,0,5338722,5338722,2935
39600,175,772,1026,4,0,11200,0,0,0,5340720,5340720,2935
39616,175,856,1026,4,0,11200,0,0,0,5342715,5342715,2935
39631,175,886,1026,4,0,11200,0,0,0,5343870,5343870,2935
39646,175,948,1026,4,0,11200,0,0,0,5345807,5345807,2935
39662,176,1018,1026,4,0,11200,0,0,0,5347806,5347806,2935
39677,176,67,1026,4,0,11200,0,0,0,5350294,5350294,2935
39693,176,140,1026,4,0,11200,0,0,0,5352779,5352779,2935
39708,176,209,1026,4,0,11200,0,0,0,5355093,5355093,2935
39723,176,261,1026,4,0,11200,0,0,0,5357200,5357200,2935
39738,176,319,1026,4,0,11200,0,0,0,5359497,5359497,2935
39753,176,382,1026,4,0,11200,0,0,0,5361468,5361468,2935
39768,176,435,1026,4,0,11200,0,0,0,5363494,5363494,2935
39783,176,489,1026,4,0,11200,0,0,0,5365197,5365197,2935
39799,176,552,1026,4,0,11200,0,0,0,5367234,5367234,2935
39814,176,590,1026,4,0,11200,0,0,0,5368762,5368762,2935
39830,176,645,1026,4,0,11200,0,0,0,5370952,5370952,2935
39845,176,705,1026,4,0,11200,0,0,0,5372913,5372913,2935
39860,176,786,1026,4,0,11200,0,0,0,5374880,5374880,2935
39876,176,877,1026,4,0,11200,0,0,0,5376902,5376902,2935
39891,176,901,1026,4,0,11200,0,0,0,5377979,5377979,2935
39906,176,983,1026,4,0,11200,0,0,0,5380023,5380023,2935
39921,177,19,1026,3,0,11200,0,0,0,5382259,5382259,2935
39937,177,108,1026,3,0,11200,0,0,0,5384366,5384366,2935
39952,177,161,1026,3,0,11200,0,0,0,5386967,5386967,2935
39967,177,213,1026,3,0,11200,0,0,0,5389011,5389011,2935
39983,177,262,1026,3,0,11200,0,0,0,5391370,5391370,2935
39998,177,331,1026,3,0,11200,0,0,0,5393493,5393493,2935
40015,177,401,1026,3,0,11200,0,0,0,5395736,5395736,2935
40030,177,468,1026,3,0,11200,0,0,0,5397730,5397730,2935
40045,177,527,1026,3,0,11200,0,0,0,5399808,5399808,2935
40060,177,589,1026,3,0,11200,0,0,0,5401651,5401651,2935
40076,177,652,1026,3,0,11200,0,0,0,5403734,5403734,2935
40091,177,716,1026,3,0,11200,0,0,0,5405783,5405783,2935
40106,177,802,1026,3,0,11200,0,0,0,5407753,5407753,2935
40121,177,881,1026,3,0,11200,0,0,0,5409673,5409673,2935
40137,177,947,1026,3,0,11200,0,0,0,5411678,5411678,2935
40152,178,1011,1026,3,0,11200,0,0,0,5413342,5413342,2935
40168,178,66,1026,3,0,11200,0,0,0,5415646,5415646,2935
40183,178,154,1026,3,0,11200,0,0,0,5418160,5418160,2935
40199,178,214,1026,3,0,11200,0,0,0,5420487,5420487,2935
40214,178,265,1026,3,0,11200,0,0,0,5422714,5422714,2935
40229,178,328,1026,3,0,11200,0,0,0,5424735,5424735,2935
40244,178,382,1026,3,0,11200,0,0,0,5426695,5426695,2935
40260,178,450,1026,3,0,11200,0,0,0,5428865,5428865,2935
40275,178,511,1026,3,0,11200,0,0,0,5431006,5431006,2935
40290,178,553,1026,3,0,11200,0,0,0,5432441,5432441,2935
40305,178,611,1026,3,0,11200,0,0,0,5434497,5434497,2935
40320,178,674,1026,3,0,11200,0,0,0,5436422,5436422,2935
40336,178,748,1026,3,0,11200,0,0,0,5438398,5438398,2935
40351,178,819,1027,4,0,11200,0,0,0,5440020,5440020,2935
40369,178,886,1027,4,0,11200,0,0,0,5442037,5442037,2935
40384,178,948,1027,4,0,11200,0,0,0,5443926,5443926,2935
40399,179,1016,1027,4,0,11200,0,0,0,5445919,5445919,2935
40414,179,98,1027,4,0,11200,0,0,0,5448259,5448259,2935
40429,179,161,1027,4,0,11200,0,0,0,5450825,5450825,2935
40444,179,218,1027,4,0,11200,0,0,0,5453048,5453048,2935
40460,179,269,1027,4,0,11200,0,0,0,5455296,5455296,2935
40475,179,348,1027,4,0,11200,0,0,0,5457195,5457195,2935
40490,179,410,1027,4,0,11200,0,0,0,5459195,5459195,2935
40505,179,465,1027,4,0,11200,0,0,0,5461143,5461143,2935
40521,179,519,1027,4,0,11200,0,0,0,5463323,5463323,2935
40537,179,571,1027,4,0,11200,0,0,0,5464921,5464921,2935
40553,179,628,1027,4,0,11200,0,0,0,5466798,5466798,2935
40568,179,704,1027,4,0,11200,0,0,0,5468855,5468855,2935
40583,179,779,1028,5,0,11200,0,0,0,5470742,5470742,2935
40598,179,839,1028,5,0,11200,0,0,0,5472515,5472515,2935
40613,179,900,1028,5,0,11200,0,0,0,5474372,5474372,2935
40628,179,972,1028,5,0,11200,0,0,0,5476356,5476356,2935
40643,180,3,1028,4,0,11200,0,0,0,5478442,5478442,2935
40659,180,98,1028,4,0,11200,0,0,0,5480790,5480790,2935
40674,180,161,1028,4,0,11200,0,0,0,5483271,5483271,2935
40689,180,221,1028,4,0,11200,0,0,0,5485445,5485445,2935
40705,180,282,1028,4,0,11200,0,0,0,5487815,5487815,2935
40720,180,349,1028,4,0,11200,0,0,0,5489954,5489954,2935
40735,180,418,1028,4,0,11200,0,0,0,5491932,5491932,2935
40750,180,473,1028,4,0,11200,0,0,0,5493808,5493808,2935
40765,180,526,1028,4,0,11200,0,0,0,5495946,5495946,2935
40781,180,579,1028,4,0,11200,0,0,0,5497666,5497666,2935
40796,180,630,1028,4,0,11200,0,0,0,5499615,5499615,2935
40811,180,704,1028,4,0,11200,0,0,0,5501575,5501575,2935
40826,180,770,1028,4,0,11200,0,0,0,5503591,5503591,2935
40841,180,858,1028,4,0,11200,0,0,0,5505564,5505564,2935
40856,180,904,1028,4,0,11200,0,0,0,5507062,5507062,2935
40872,180,961,1028,4,0,11200,0,0,0,5509069,5509069,2935
40887,181,9,1028,4,0,11200,0,0,0,5511266,5511266,2935
40903,181,110,1028,4,0,11200,0,0,0,5513513,5513513,2935
40918,181,166,1028,4,0,11200,0,0,0,5515897,5515897,2935
40933,181,224,1028,4,0,11200,0,0,0,5518306,5518306,2935
40948,181,282,1028,4,0,11200,0,0,0,5520641,5520641,2935
40963,181,340,1028,4,0,11200,0,0,0,5522799,5522799,2935
40979,181,410,1028,4,0,11200,0,0,0,5524855,5524855,2935
40994,181,468,1028,4,0,11200,0,0,0,5526704,5526704,2935
41009,181,526,1028,4,0,11200,0,0,0,5528661,5528661,2935
41025,181,577,1028,4,0,11200,0,0,0,5530691,5530691,2935
41040,181,641,1028,4,0,11200,0,0,0,5532797,5532797,2935
41055,181,707,1028,4,0,11200,0,0,0,5534780,5534780,2935
41071,181,784,1028,4,0,11200,0,0,0,5536663,5536663,2935
41086,181,854,1028,4,0,11200,0,0,0,5538445,5538445,2935
41101,181,899,1028,4,0,11200,0,0,0,5540069,5540069,2935
41116,181,985,1028,4,0,11200,0,0,0,5542142,5542142,2935
41132,182,12,1028,3,0,11200,0,0,0,5544343,5544343,2935
41147,182,115,1028,3,0,11200,0,0,0,5546730,5546730,2935
41162,182,171,1028,3,0,11200,0,0,0,5549219,5549219,2935
41177,182,231,1028,3,0,11200,0,0,0,5551636,5551636,2935
41192,182,291,1028,3,0,11200,0,0,0,5554073,5554073,2935
41208,182,358,1028,3,0,11200,0,0,0,5556053,5556053,2935
41223,182,430,1028,3,0,11200,0,0,0,5558166,5558166,2935
41238,182,482,1028,3,0,11200,0,0,0,5560059,5560059,2935
41254,182,533,1028,3,0,11200,0,0,0,5562209,5562209,2935
41269,182,577,1028,3,0,11200,0,0,0,5563394,5563394,2935
41285,182,635,1028,3,0,11200,0,0,0,5565341,5565341,2935
41300,182,699,1028,3,0,11200,0,0,0,5567190,5567190,2935
41315,182,768,1028,3,0,11200,0,0,0,5568957,5568957,2935
41330,182,844,1028,3,0,11200,0,0,0,5570882,5570882,2935
41347,182,886,1028,3,0,11200,0,0,0,5572084,5572084,2935
41362,182,963,1028,3,0,11200,0,0,0,5574094,5574094,2935
41378,183,1027,1028,3,0,11200,0,0,0,5576058,5576058,2935
41393,183,61,1028,3,0,11200,0,0,0,5578235,5578235,2935
41408,183,145,1028,3,0,11200,0,0,0,5580607,5580607,2935
41423,183,201,1028,3,0,11200,0,0,0,5582987,5582987,2935
41438,183,254,1028,3,0,11200,0,0,0,5585250,5585250,2935
41453,183,333,1028,3,0,11200,0,0,0,5587454,5587454,2935
41469,183,401,1028,3,0,11200,0,0,0,5589556,5589556,2935
41485,183,449,1029,4,0,11200,0,0,0,5591429,5591429,2935
41500,183,502,1029,4,0,11200,0,0,0,5593377,5593377,2935
41515,183,555,1029,4,0,11200,0,0,0,5595362,5595362,2935
41530,183,598,1029,4,0,11200,0,0,0,5596663,5596663,2935
41546,183,646,1029,4,0,11200,0,0,0,5598487,5598487,2935
41562,183,709,1029,4,0,11200,0,0,0,5600424,5600424,2935
41577,183,794,1029,4,0,11200,0,0,0,5602356,5602356,2935
41592,183,882,1029,4,0,11200,0,0,0,5604180,5604180,2935
41607,183,950,1029,4,0,11200,0,0,0,5606236,5606236,2935
41622,184,1002,1029,4,0,11200,0,0,0,5607797,5607797,2935
41637,184,29,1029,4,0,11200,0,0,0,5610092,5610092,2935
41652,184,132,1029,4,0,11200,0,0,0,5612616,5612616,2935
41667,184,180,1029,4,0,11200,0,0,0,5614862,5614862,2935
41684,184,225,1029,4,0,11200,0,0,0,5617140,5617140,2935
41699,184,288,1029,4,0,11200,0,0,0,5619472,5619472,2935
41714,184,367,1029,4,0,11200,0,0,0,5621587,5621587,2935
41730,184,433,1029,4,0,11200,0,0,0,5623502,5623502,2935
41745,184,499,1029,4,0,11200,0,0,0,5625480,5625480,2935
41760,184,537,1029,4,0,11200,0,0,0,5627286,5627286,2935
41777,184,571,1029,4,0,11200,0,0,0,5628430,5628430,2935
41792,184,620,1029,4,0,11200,0,0,0,5630342,5630342,2935
41807,184,699,1029,4,0,11200,0,0,0,5632484,5632484,2935
41824,184,791,1029,4,0,11200,0,0,0,5634512,5634512,2935
41839,184,869,1029,4,0,11200,0,0,0,5636464,5636464,2935
41854,184,918,1029,4,0,11200,0,0,0,5638118,5638118,2935
41870,185,994,1029,4,0,11200,0,0,0,5639828,5639828,2935
41885,185,12,1029,4,0,11200,0,0,0,5641777,5641777,2935
41900,185,105,1029,4,0,11200,0,0,0,5643838,5643838,2935
41915,185,166,1029,4,0,11200,0,0,0,5646512,5646512,2935
41931,185,225,1029,4,0,11200,0,0,0,5648712,5648712,2935
41946,185,273,1029,4,0,11200,0,0,0,5651128,5651128,2935
41961,185,339,1029,4,0,11200,0,0,0,5653341,5653341,2935
41977,185,411,1029,4,0,11200,0,0,0,5655436,5655436,2935
41993,185,469,1029,4,0,11200,0,0,0,5657441,5657441,2935
42008,185,525,1029,4,0,11200,0,0,0,5659617,5659617,2935
42023,185,564,1029,4,0,11200,0,0,0,5661246,5661246,2935
42040,185,608,1029,4,0,11200,0,0,0,5662898,5662898,2935
42055,185,663,1029,4,0,11200,0,0,0,5664847,5664847,2935
42071,185,728,1029,4,0,11200,0,0,0,5666887,5666887,2935
42087,185,819,1029,4,0,11200,0,0,0,5668975,5668975,2935
42103,185,881,1029,4,0,11200,0,0,0,5670905,5670905,2935
42119,185,919,1029,4,0,11200,0,0,0,5672239,5672239,2935
42134,186,1001,1029,4,0,11200,0,0,0,5674406,5674406,2935
42149,186,32,1029,3,0,11200,0,0,0,5676723,5676723,2935
42164,186,130,1029,3,0,11200,0,0,0,5678922,5678922,2935
42179,186,183,1029,3,0,11200,0,0,0,5681344,5681344,2935
42195,186,235,1029,3,0,11200,0,0,0,5683560,5683560,2935
42211,186,303,1029,3,0,11200,0,0,0,5685959,5685959,2935
42226,186,380,1029,3,0,11200,0,0,0,5687863,5687863,2935
42242,186,447,1029,3,0,11200,0,0,0,5689963,5689963,2935
42257,186,498,1029,3,0,11200,0,0,0,5691813,5691813,2935
42273,186,543,1029,3,0,11200,0,0,0,5693963,5693963,2935
42288,186,595,1029,3,0,11200,0,0,0,5695926,5695926,2935
42303,186,666,1029,3,0,11200,0,0,0,5698198,5698198,2935
42319,186,724,1029,3,0,11200,0,0,0,5700187,5700187,2935
42334,186,799,1029,3,0,11200,0,0,0,5702033,5702033,2935
42349,186,870,1029,3,0,11200,0,0,0,5704004,5704004,2935
42365,186,922,1029,3,0,11200,0,0,0,5705825,5705825,2935
42380,187,1001,1029,3,0,11200,0,0,0,5707727,5707727,2935
42395,187,52,1029,2,0,11200,0,0,0,5710110,5710110,2935
42411,187,143,1029,2,0,11200,0,0,0,5712420,5712420,2935
42426,187,203,1029,2,0,11200,0,0,0,5714625,5714625,2935
42441,187,251,1029,2,0,11200,0,0,0,5716993,5716993,2935
42456,187,314,1029,2,0,11200,0,0,0,5719103,5719103,2935
42471,187,388,1029,2,0,11200,0,0,0,5721188,5721188,2935
42486,187,452,1029,2,0,11200,0,0,0,5723187,5723187,2935
42502,187,508,1029,2,0,11200,0,0,0,5725327,5725327,2935
42518,187,565,1029,2,0,11200,0,0,0,5727131,5727131,2935
42533,187,622,1029,2,0,11200,0,0,0,5728949,5728949,2935
42548,187,709,1029,2,0,11200,0,0,0,5731092,5731092,2935
42563,187,791,1029,2,0,11200,0,0,0,5732972,5732972,2935
42579,187,863,1029,2,0,11200,0,0,0,5734736,5734736,2935
42594,187,918,1029,2,0,11200,0,0,0,5736036,5736036,2935
42610,188,996,1029,2,0,11200,0,0,0,5738024,5738024,2935
42625,188,22,1029,2,0,11200,0,0,0,5740055,5740055,2935
42641,188,126,1029,2,0,11200,0,0,0,5742289,5742289,2935
42656,188,183,1029,2,0,11200,0,0,0,5744679,5744679,2935
42672,188,234,1029,2,0,11200,0,0,0,5746661,5746661,2935
42687,188,298,1029,2,0,11200,0,0,0,5748772,5748772,2935
42702,188,367,1029,2,0,11200,0,0,0,5750851,5750851,2935
42717,188,438,1029,2,0,11200,0,0,0,5753049,5753049,2935
42732,188,502,1029,2,0,11200,0,0,0,5755135,5755135,2935
42748,188,565,1029,2,0,11200,0,0,0,5757214,5757214,2935
42763,188,604,1029,2,0,11200,0,0,0,5758624,5758624,2935
42778,188,658,1029,2,0,11200,0,0,0,5760676,5760676,2935
42793,188,724,1029,2,0,11200,0,0,0,5762728,5762728,2935
42808,188,796,1029,2,0,11200,0,0,0,5764594,5764594,2935
42824,188,864,1029,2,0,11200,0,0,0,5766426,5766426,2935
42839,188,902,1029,2,0,11200,0,0,0,5767982,5767982,2935
42855,188,961,1029,2,0,11200,0,0,0,5769688,5769688,2935
42870,189,3,1029,2,0,11200,0,0,0,5771768,5771768,2935
42885,189,90,1029,2,0,11200,0,0,0,5773885,5773885,2935
42901,189,168,1029,2,0,11200,0,0,0,5776404,5776404,2935
42916,189,227,1029,2,0,11200,0,0,0,5778673,5778673,2935
42932,189,298,1029,2,0,11200,0,0,0,5780864,5780864,2935
42947,189,365,1029,2,0,11200,0,0,0,5782923,5782923,2935
42962,189,435,1029,2,0,11200,0,0,0,5785081,5785081,2935
42978,189,492,1029,2,0,11200,0,0,0,5787105,5787105,2935
42993,189,539,1029,2,0,11200,0,0,0,5789218,5789218,2935
43008,189,609,1030,3,0,11200,0,0,0,5791305,5791305,2935
43024,189,658,1030,3,0,11200,0,0,0,5793194,5793194,2935
43039,189,731,1030,3,0,11200,0,0,0,5795099,5795099,2935
43055,189,807,1030,3,0,11200,0,0,0,5797027,5797027,2935
43070,189,869,1030,3,0,11200,0,0,0,5798885,5798885,2935
43085,189,939,1030,3,0,11200,0,0,0,5800729,5800729,2935
43100,190,998,1030,2,0,11200,0,0,0,5802321,5802321,2935
43115,190,23,1030,2,0,11200,0,0,0,5804393,5804393,2935
43130,190,114,1030,2,0,11200,0,0,0,5806441,5806441,2935
43146,190,171,1030,2,0,11200,0,0,0,5808757,5808757,2935
43161,190,227,1030,2,0,11200,0,0,0,5811052,5811052,2935
43176,190,297,1030,2,0,11200,0,0,0,5813269,5813269,2935
43192,190,382,1030,2,0,11200,0,0,0,5815400,5815400,2935
43207,190,447,1030,2,0,11200,0,0,0,5817376,5817376,2935
43223,190,505,1030,2,0,11200,0,0,0,5819513,5819513,2935
43238,190,552,1030,2,0,11200,0,0,0,5820953,5820953,2935
43254,190,604,1030,2,0,11200,0,0,0,5822876,5822876,2935
43269,190,671,1030,2,0,11200,0,0,0,5825077,5825077,2935
43284,190,733,1030,2,0,11200,0,0,0,5827181,5827181,2935
43299,190,822,1030,2,0,11200,0,0,0,5829042,5829042,2935
43315,190,881,1030,2,0,11200,0,0,0,5831023,5831023,2935
43330,190,927,1030,2,0,11200,0,0,0,5832701,5832701,2935
43345,191,1003,1030,2,0,11200,0,0,0,5834779,5834779,2935
43360,191,43,1030,2,0,11200,0,0,0,5836862,5836862,2935
43375,191,131,1030,2,0,11200,0,0,0,5839265,5839265,2935
43391,191,196,1030,2,0,11200,0,0,0,5841680,5841680,2935
43407,191,234,1030,2,0,11200,0,0,0,5843570,5843570,2935
43423,191,308,1030,2,0,11200,0,0,0,5845873,5845873,2935
43438,191,380,1030,2,0,11200,0,0,0,5847868,5847868,2935
43454,191,434,1030,2,0,11200,0,0,0,5849796,5849796,2935
43469,191,497,1030,2,0,11200,0,0,0,5851692,5851692,2935
43484,191,545,1030,2,0,11200,0,0,0,5853614,5853614,2935
43499,191,592,1030,2,0,11200,0,0,0,5855267,5855267,2935
43515,191,631,1030,2,0,11200,0,0,0,5857187,5857187,2935
43530,191,706,1030,2,0,11200,0,0,0,5859255,5859255,2935
43545,191,777,1030,2,0,11200,0,0,0,5861300,5861300,2935
43561,191,848,1030,2,0,11200,0,0,0,5862950,5862950,2935
43576,191,886,1030,2,0,11200,0,0,0,5864375,5864375,2935
43592,191,945,1030,2,0,11200,0,0,0,5866305,5866305,2935
43607,192,1016,1030,2,0,11200,0,0,0,5868377,5868377,2935
43623,192,59,1030,2,0,11200,0,0,0,5870578,5870578,2935
43638,192,142,1030,2,0,11200,0,0,0,5872966,5872966,2935
43653,192,196,1030,2,0,11200,0,0,0,5875117,5875117,2935
43668,192,235,1030,2,0,11200,0,0,0,5877167,5877167,2935
43683,192,288,1030,2,0,11200,0,0,0,5879285,5879285,2935
43699,192,357,1030,2,0,11200,0,0,0,5881548,5881548,2935
43714,192,414,1030,2,0,11200,0,0,0,5883423,5883423,2935
43730,192,470,1030,2,0,11200,0,0,0,5885356,5885356,2935
43745,192,516,1030,2,0,11200,0,0,0,5887447,5887447,2935
43760,192,568,1030,2,0,11200,0,0,0,5889169,5889169,2935
43775,192,618,1030,2,0,11200,0,0,0,5890966,5890966,2935
43790,192,674,1030,2,0,11200,0,0,0,5892797,5892797,2935
43805,192,737,1030,2,0,11200,0,0,0,5894720,5894720,2935
43820,192,819,1030,2,0,11200,0,0,0,5896562,5896562,2935
43838,192,886,1030,2,0,11200,0,0,0,5898263,5898263,2935
43854,192,946,1030,2,0,11200,0,0,0,5900117,5900117,2935
43870,193,1014,1030,2,0,11200,0,0,0,5901963,5901963,2935
43886,193,46,1030,2,0,11200,0,0,0,5904308,5904308,2935
43901,193,140,1030,2,0,11200,0,0,0,5906774,5906774,2935
43917,193,198,1030,2,0,11200,0,0,0,5909056,5909056,2935
43932,193,269,1030,2,0,11200,0,0,0,5911387,5911387,2935
43948,193,333,1030,2,0,11200,0,0,0,5913474,5913474,2935
43963,193,412,1030,2,0,11200,0,0,0,5915417,5915417,2935
43978,193,471,1030,2,0,11200,0,0,0,5917457,5917457,2935
43993,193,528,1030,2,0,11200,0,0,0,5919643,5919643,2935
44009,193,556,1030,2,0,11200,0,0,0,5920693,5920693,2935
44024,193,595,1030,2,0,11200,0,0,0,5922417,5922417,2935
44039,193,664,1030,2,0,11200,0,0,0,5924544,5924544,2935
44054,193,735,1030,2,0,11200,0,0,0,5926419,5926419,2935
44069,193,837,1030,2,0,11200,0,0,0,5928371,5928371,2935
44084,193,888,1030,2,0,11200,0,0,0,5929923,5929923,2935
44100,193,960,1030,2,0,11200,0,0,0,5932017,5932017,2935
44115,194,1021,1030,2,0,11200,0,0,0,5934026,5934026,2935
44131,194,46,1030,2,0,11200,0,0,0,5936228,5936228,2935
44146,194,145,1030,2,0,11200,0,0,0,5938702,5938702,2935
44161,194,208,1030,2,0,11200,0,0,0,5940836,5940836,2935
44177,194,264,1030,2,0,11200,0,0,0,5943139,5943139,2935
44192,194,337,1030,2,0,11200,0,0,0,5945501,5945501,2935
44207,194,409,1030,2,0,11200,0,0,0,5947293,5947293,2935
44222,194,462,1030,2,0,11200,0,0,0,5949192,5949192,2935
44237,194,511,1030,2,0,11200,0,0,0,5950999,5950999,2935
44253,194,553,1030,2,0,11200,0,0,0,5952482,5952482,2935
44268,194,603,1030,2,0,11200,0,0,0,5954151,5954151,2935
44284,194,658,1030,2,0,11200,0,0,0,5956038,5956038,2935
44299,194,713,1030,2,0,11200,0,0,0,5958137,5958137,2935
44314,194,824,1030,2,0,11200,0,0,0,5960271,5960271,2935
44331,194,886,1030,2,0,11200,0,0,0,5962051,5962051,2935
44347,194,948,1030,2,0,11200,0,0,0,5964099,5964099,2935
44362,195,1015,1030,2,0,11200,0,0,0,5966047,5966047,2935
44378,195,78,1030,2,0,11200,0,0,0,5968437,5968437,2935
44393,195,158,1030,2,0,11200,0,0,0,5970948,5970948,2935
44409,195,208,1030,2,0,11200,0,0,0,5972989,5972989,2935
44424,195,251,1030,2,0,11200,0,0,0,5975158,5975158,2935
44440,195,314,1030,2,0,11200,0,0,0,5977280,5977280,2935
44455,195,369,1030,2,0,11200,0,0,0,5979429,5979429,2935
44470,195,423,1030,2,0,11200,0,0,0,5981498,5981498,2935
44486,195,482,1030,2,0,11200,0,0,0,5983569,5983569,2935
44502,195,536,1030,2,0,11200,0,0,0,5985692,5985692,2935
44517,195,555,1030,2,0,11200,0,0,0,5986599,5986599,2935
44532,195,598,1030,2,0,11200,0,0,0,5988334,5988334,2935
44548,195,670,1030,2,0,11200,0,0,0,5990553,5990553,2935
44563,195,746,1030,2,0,11200,0,0,0,5992583,5992583,2935
44578,195,826,1030,2,0,11200,0,0,0,5994516,5994516,2935
44594,195,888,1030,2,0,11200,0,0,0,5996297,5996297,2935
44610,195,961,1030,2,0,11200,0,0,0,5998321,5998321,2935
44625,196,5,1030,2,0,11200,0,0,0,6000245,6000245,2935
44640,196,112,1030,2,0,11200,0,0,0,6002572,6002572,2935
44655,196,174,1030,2,0,11200,0,0,0,6004938,6004938,2935
44671,196,227,1030,2,0,11200,0,0,0,6007012,6007012,2935
44686,196,288,1030,2,0,11200,0,0,0,6009412,6009412,2935
44702,196,345,1030,2,0,11200,0,0,0,6011459,6011459,2935
44717,196,401,1030,2,0,11200,0,0,0,6013471,6013471,2935
44732,196,461,1030,2,0,11200,0,0,0,6015619,6015619,2935
44747,196,511,1030,2,0,11200,0,0,0,6017475,6017475,2935
44763,196,555,1030,2,0,11200,0,0,0,6018998,6018998,2935
44778,196,621,1030,2,0,11200,0,0,0,6021049,6021049,2935
44794,196,681,1030,2,0,11200,0,0,0,6022943,6022943,2935
44809,196,744,1030,2,0,11200,0,0,0,6024934,6024934,2935
44824,196,819,1030,2,0,11200,0,0,0,6026814,6026814,2935
44845,196,886,1030,2,0,11200,0,0,0,6028607,6028607,2935
44860,196,951,1030,2,0,11200,0,0,0,6030728,6030728,2935
44875,197,1016,1030,2,0,11200,0,0,0,6032203,6032203,2935
44890,197,66,1030,2,0,11200,0,0,0,6034514,6034514,2935
44905,197,161,1030,2,0,11200,0,0,0,6036806,6036806,2935
44921,197,224,1030,2,0,11200,0,0,0,6039153,6039153,2935
44936,197,284,1030,2,0,11200,0,0,0,6041489,6041489,2935
44951,197,358,1030,2,0,11200,0,0,0,6043557,6043557,2935
44967,197,420,1030,2,0,11200,0,0,0,6045510,6045510,2935
44982,197,487,1030,2,0,11200,0,0,0,6047471,6047471,2935
45004,197,537,1030,2,0,11200,0,0,0,6049476,6049476,2935
45021,197,596,1030,2,0,11200,0,0,0,6050974,6050974,2935
45036,197,673,1030,2,0,11200,0,0,0,6052983,6052983,2935
45051,197,737,1030,2,0,11200,0,0,0,6055033,6055033,2935
45066,197,822,1030,2,0,11200,0,0,0,6056730,6056730,2935
45083,197,886,1030,2,0,11200,0,0,0,6058599,6058599,2935
45098,197,960,1030,2,0,11200,0,0,0,6060310,6060310,2935
45113,198,4,1030,2,0,11200,0,0,0,6062225,6062225,2935
45129,198,83,1030,2,0,11200,0,0,0,6064572,6064572,2935
45144,198,154,1030,2,0,11200,0,0,0,6066881,6066881,2935
45159,198,215,1030,2,0,11200,0,0,0,6069074,6069074,2935
45175,198,263,1030,2,0,11200,0,0,0,6071176,6071176,2935
45190,198,343,1030,2,0,11200,0,0,0,6073524,6073524,2935
45205,198,401,1030,2,0,11200,0,0,0,6075488,6075488,2935
45220,198,460,1030,2,0,11200,0,0,0,6077341,6077341,2935
45236,198,516,1030,2,0,11200,0,0,0,6079547,6079547,2935
45251,198,553,1030,2,0,11200,0,0,0,6080945,6080945,2935
45268,198,604,1030,2,0,11200,0,0,0,6082812,6082812,2935
45283,198,654,1030,2,0,11200,0,0,0,6084759,6084759,2935
45298,198,716,1030,2,0,11200,0,0,0,6086633,6086633,2935
45314,198,798,1030,2,0,11200,0,0,0,6088548,6088548,2935
45329,198,870,1030,2,0,11200,0,0,0,6090602,6090602,2935
45344,198,911,1030,2,0,11200,0,0,0,6092063,6092063,2935
45359,199,996,1030,2,0,11200,0,0,0,6093988,6093988,2935
45374,199,28,1031,3,0,11200,0,0,0,6096276,6096276,2935
45390,199,127,1031,3,0,11200,0,0,0,6098547,6098547,2935
45405,199,194,1032,4,0,11200,0,0,0,6100792,6100792,2936
45420,199,244,1032,4,0,11200,0,0,0,6103026,6103026,2936
45435,199,314,1032,4,0,11200,0,0,0,6105263,6105263,2936
45451,199,383,1032,4,0,11200,0,0,0,6107286,6107286,2936
45466,199,445,1032,4,0,11200,0,0,0,6109246,6109246,2936
45482,199,509,1032,4,0,11200,0,0,0,6111251,6111251,2936
45497,199,556,1032,4,0,11200,0,0,0,6112935,6112935,2936
45512,199,609,1032,4,0,11200,0,0,0,6115001,6115001,2936
45527,199,670,1032,4,0,11200,0,0,0,6116959,6116959,2936
45543,199,716,1032,4,0,11200,0,0,0,6118779,6118779,2936
45558,199,797,1032,4,0,11200,0,0,0,6120710,6120710,2936
45573,199,878,1032,4,0,11200,0,0,0,6122643,6122643,2936
45588,199,940,1032,4,0,11200,0,0,0,6124422,6124422,2936
45604,200,1014,1032,4,0,11200,0,0,0,6126449,6126449,2936
45619,200,47,1032,3,0,11200,0,0,0,6128787,6128787,2936
45634,200,145,1032,3,0,11200,0,0,0,6131350,6131350,2936
45649,200,196,1032,3,0,11200,0,0,0,6133463,6133463,2936
45665,200,249,1032,3,0,11200,0,0,0,6135736,6135736,2936
45680,200,322,1032,3,0,11200,0,0,0,6137838,6137838,2936
45695,200,383,1032,3,0,11200,0,0,0,6139862,6139862,2936
45710,200,450,1032,3,0,11200,0,0,0,6141930,6141930,2936
45726,200,514,1032,3,0,11200,0,0,0,6144039,6144039,2936
45741,200,563,1032,3,0,11200,0,0,0,6145912,6145912,2936
45756,200,624,1032,3,0,11200,0,0,0,6148159,6148159,2936
45771,200,691,1032,3,0,11200,0,0,0,6149996,6149996,2936
45787,200,770,1032,3,0,11200,0,0,0,6152065,6152065,2936
45802,200,846,1032,3,0,11200,0,0,0,6153841,6153841,2936
45818,200,920,1032,3,0,11200,0,0,0,6155878,6155878,2936
45833,200,983,1032,3,0,11200,0,0,0,6157654,6157654,2936
45848,201,6,1032,3,0,11200,0,0,0,6159579,6159579,2936
45864,201,98,1032,3,0,11200,0,0,0,6161781,6161781,2936
45879,201,158,1032,3,0,11200,0,0,0,6164522,6164522,2936
45894,201,215,1032,3,0,11200,0,0,0,6166611,6166611,2936
45910,201,286,1032,3,0,11200,0,0,0,6168820,6168820,2936
45925,201,365,1032,3,0,11200,0,0,0,6171117,6171117,2936
45940,201,431,1032,3,0,11200,0,0,0,6173006,6173006,2936
45955,201,475,1032,3,0,11200,0,0,0,6174957,6174957,2936
45971,201,534,1032,3,0,11200,0,0,0,6177162,6177162,2936
45986,201,568,1032,3,0,11200,0,0,0,6178425,6178425,2936
46001,201,618,1032,3,0,11200,0,0,0,6180084,6180084,2936
46016,201,689,1032,3,0,11200,0,0,0,6182261,6182261,2936
46031,201,769,1032,3,0,11200,0,0,0,6184127,6184127,2936
46046,201,838,1032,3,0,11200,0,0,0,6185883,6185883,2936
46062,201,900,1032,3,0,11200,0,0,0,6187812,6187812,2936
46077,201,980,1032,3,0,11200,0,0,0,6189839,6189839,2936
46092,202,2,1032,3,0,11200,0,0,0,6191812,6191812,2936
46107,202,87,1032,3,0,11200,0,0,0,6194158,6194158,2936
46123,202,158,1032,3,0,11200,0,0,0,6196739,6196739,2936
46138,202,212,1032,3,0,11200,0,0,0,6198861,6198861,2936
46153,202,261,1032,3,0,11200,0,0,0,6200970,6200970,2936
46169,202,323,1032,3,0,11200,0,0,0,6203128,6203128,2936
46184,202,386,1032,3,0,11200,0,0,0,6205354,6205354,2936
46199,202,450,1032,3,0,11200,0,0,0,6207400,6207400,2936
46215,202,505,1032,3,0,11200,0,0,0,6209592,6209592,2936
46230,202,552,1032,3,0,11200,0,0,0,6211243,6211243,2936
46245,202,596,1032,3,0,11200,0,0,0,6212984,6212984,2936
46261,202,643,1032,3,0,11200,0,0,0,6214982,6214982,2936
46276,202,713,1032,3,0,11200,0,0,0,6216932,6216932,2936
46291,202,799,1032,3,0,11200,0,0,0,6218806,6218806,2936
46306,202,882,1032,3,0,11200,0,0,0,6220538,6220538,2936
46321,202,929,1032,3,0,11200,0,0,0,6222041,6222041,2936
46336,203,1011,1032,3,0,11200,0,0,0,6224063,6224063,2936
46351,203,47,1032,3,0,11200,0,0,0,6226347,6226347,2936
46367,203,145,1032,3,0,11200,0,0,0,6228782,6228782,2936
46382,203,196,1032,3,0,11200,0,0,0,6230893,6230893,2936
46397,203,249,1032,3,0,11200,0,0,0,6233077,6233077,2936
46413,203,314,1032,3,0,11200,0,0,0,6235272,6235272,2936
46429,203,380,1032,3,0,11200,0,0,0,6237427,6237427,2936
46444,203,445,1032,3,0,11200,0,0,0,6239497,6239497,2936
46459,203,507,1032,3,0,11200,0,0,0,6241646,6241646,2936
46475,203,553,1032,3,0,11200,0,0,0,6243495,6243495,2936
46490,203,604,1032,3,0,11200,0,0,0,6245396,6245396,2936
46505,203,664,1032,3,0,11200,0,0,0,6247200,6247200,2936
46521,203,733,1032,3,0,11200,0,0,0,6249311,6249311,2936
46536,203,794,1032,3,0,11200,0,0,0,6251020,6251020,2936
46552,203,865,1032,3,0,11200,0,0,0,6252975,6252975,2936
46567,203,912,1032,3,0,11200,0,0,0,6254865,6254865,2936
46582,203,963,1032,3,0,11200,0,0,0,6256465,6256465,2936
46597,204,1031,1033,4,0,11200,0,0,0,6258182,6258182,2936
46612,204,106,1033,4,0,11200,0,0,0,6260472,6260472,2936
46628,204,166,1033,4,0,11200,0,0,0,6262931,6262931,2936
46643,204,224,1033,4,0,11200,0,0,0,6265085,6265085,2936
46659,204,269,1033,4,0,11200,0,0,0,6267276,6267276,2936
46675,204,345,1033,4,0,11200,0,0,0,6269538,6269538,2936
46690,204,411,1033,4,0,11200,0,0,0,6271560,6271560,2936
46705,204,478,1033,4,0,11200,0,0,0,6273623,6273623,2936
46720,204,532,1034,5,0,11200,0,0,0,6275810,6275810,2936
46736,204,591,1034,5,0,11200,0,0,0,6277782,6277782,2936
46752,204,654,1034,5,0,11200,0,0,0,6279706,6279706,2936
46767,204,716,1034,5,0,11200,0,0,0,6281774,6281774,2936
46782,204,820,1034,5,0,11200,0,0,0,6283917,6283917,2936
46798,204,884,1034,5,0,11200,0,0,0,6286004,6286004,2936
46813,204,929,1034,5,0,11200,0,0,0,6287770,6287770,2936
46829,205,999,1034,5,0,11200,0,0,0,6289614,6289614,2936
46844,205,38,1034,4,0,11200,0,0,0,6291965,6291965,2936
46859,205,121,1034,4,0,11200,0,0,0,6294220,6294220,2936
46875,205,178,1034,4,0,11200,0,0,0,6296499,6296499,2936
46890,205,227,1034,4,0,11200,0,0,0,6298764,6298764,2936
46905,205,288,1034,4,0,11200,0,0,0,6300990,6300990,2936
46921,205,365,1034,4,0,11200,0,0,0,6303081,6303081,2936
46936,205,427,1034,4,0,11200,0,0,0,6305030,6305030,2936
46952,205,471,1034,4,0,11200,0,0,0,6306899,6306899,2936
46967,205,534,1034,4,0,11200,0,0,0,6309226,6309226,2936
46982,205,609,1034,4,0,11200,0,0,0,6311426,6311426,2936
46998,205,671,1034,4,0,11200,0,0,0,6313582,6313582,2936
47014,205,749,1034,4,0,11200,0,0,0,6315635,6315635,2936
47029,205,845,1034,4,0,11200,0,0,0,6317538,6317538,2936
47044,205,900,1034,4,0,11200,0,0,0,6319391,6319391,2936
47060,205,965,1034,4,0,11200,0,0,0,6321406,6321406,2936
47075,206,1021,1034,4,0,11200,0,0,0,6323373,6323373,2936
47090,206,98,1034,4,0,11200,0,0,0,6325738,6325738,2936
47105,206,151,1034,4,0,11200,0,0,0,6328258,6328258,2936
47121,206,196,1034,4,0,11200,0,0,0,6330461,6330461,2936
47136,206,244,1034,4,0,11200,0,0,0,6332583,6332583,2936
47151,206,297,1034,4,0,11200,0,0,0,6334782,6334782,2936
47166,206,365,1034,4,0,11200,0,0,0,6336857,6336857,2936
47182,206,423,1034,4,0,11200,0,0,0,6338798,6338798,2936
47197,206,486,1034,4,0,11200,0,0,0,6340924,6340924,2936
47212,206,535,1034,4,0,11200,0,0,0,6342892,6342892,2936
47228,206,580,1034,4,0,11200,0,0,0,6344290,6344290,2936
47243,206,636,1034,4,0,11200,0,0,0,6346365,6346365,2936
47258,206,693,1034,4,0,11200,0,0,0,6348438,6348438,2936
47273,206,768,1034,4,0,11200,0,0,0,6350338,6350338,2936
47289,206,826,1034,4,0,11200,0,0,0,6352065,6352065,2936
47312,206,890,1034,4,0,11200,0,0,0,6353588,6353588,2936
47327,206,951,1034,4,0,11200,0,0,0,6355588,6355588,2936
47342,207,1015,1034,4,0,11200,0,0,0,6357564,6357564,2936
47358,207,78,1034,4,0,11200,0,0,0,6359939,6359939,2936
47373,207,154,1034,4,0,11200,0,0,0,6362515,6362515,2936
47389,207,205,1034,4,0,11200,0,0,0,6364722,6364722,2936
47404,207,261,1034,4,0,11200,0,0,0,6366971,6366971,2936
47419,207,330,1034,4,0,11200,0,0,0,6369053,6369053,2936
47434,207,401,1034,4,0,11200,0,0,0,6371134,6371134,2936
47449,207,449,1034,4,0,11200,0,0,0,6373024,6373024,2936
47465,207,508,1034,4,0,11200,0,0,0,6375148,6375148,2936
47481,207,563,1034,4,0,11200,0,0,0,6376768,6376768,2936
47496,207,622,1034,4,0,11200,0,0,0,6378987,6378987,2936
47511,207,696,1034,4,0,11200,0,0,0,6381011,6381011,2936
47527,207,774,1034,4,0,11200,0,0,0,6383131,6383131,2936
47542,207,851,1034,4,0,11200,0,0,0,6385063,6385063,2936
47558,207,898,1035,5,0,11200,0,0,0,6386921,6386921,2936
47575,207,961,1035,5,0,11200,0,0,0,6388885,6388885,2936
47591,208,1033,1035,5,0,11200,0,0,0,6390955,6390955,2936
47606,208,87,1035,5,0,11200,0,0,0,6393183,6393183,2936
47621,208,158,1035,5,0,11200,0,0,0,6395498,6395498,2936
47637,208,219,1035,5,0,11200,0,0,0,6397751,6397751,2936
47652,208,264,1035,5,0,11200,0,0,0,6399749,6399749,2936
47667,208,335,1035,5,0,11200,0,0,0,6401954,6401954,2936
47683,208,412,1035,5,0,11200,0,0,0,6403994,6403994,2936
47698,208,473,1035,5,0,11200,0,0,0,6406041,6406041,2936
47714,208,533,1035,5,0,11200,0,0,0,6408169,6408169,2936
47729,208,595,1035,5,0,11200,0,0,0,6409827,6409827,2936
47744,208,664,1035,5,0,11200,0,0,0,6412059,6412059,2936
47759,208,730,1035,5,0,11200,0,0,0,6413893,6413893,2936
47775,208,822,1035,5,0,11200,0,0,0,6415995,6415995,2936
47790,208,887,1035,5,0,11200,0,0,0,6417950,6417950,2936
47805,208,956,1035,5,0,11200,0,0,0,6420126,6420126,2936
47820,209,1027,1035,5,0,11200,0,0,0,6422217,6422217,2936
47835,209,83,1035,5,0,11200,0,0,0,6424387,6424387,2936
47851,209,167,1035,5,0,11200,0,0,0,6426888,6426888,2936
47866,209,217,1035,5,0,11200,0,0,0,6429069,6429069,2936
47882,209,264,1035,5,0,11200,0,0,0,6431239,6431239,2936
47897,209,336,1035,5,0,11200,0,0,0,6433301,6433301,2936
47912,209,415,1035,5,0,11200,0,0,0,6435340,6435340,2936
47927,209,479,1035,5,0,11200,0,0,0,6437325,6437325,2936
47947,209,537,1035,5,0,11200,0,0,0,6439112,6439112,2936
47963,209,589,1035,5,0,11200,0,0,0,6440967,6440967,2936
47978,209,635,1035,5,0,11200,0,0,0,6442809,6442809,2936
47994,209,698,1035,5,0,11200,0,0,0,6444896,6444896,2936
48009,209,778,1035,5,0,11200,0,0,0,6446802,6446802,2936
48024,209,848,1035,5,0,11200,0,0,0,6448563,6448563,2936
48039,209,901,1035,5,0,11200,0,0,0,6450355,6450355,2936
48054,209,985,1035,5,0,11200,0,0,0,6452361,6452361,2936
48071,210,1033,1035,5,0,11200,0,0,0,6454171,6454171,2936
48086,210,105,1035,4,0,11200,0,0,0,6456555,6456555,2936
48101,210,154,1035,4,0,11200,0,0,0,6458839,6458839,2936
48116,210,209,1035,4,0,11200,0,0,0,6461062,6461062,2936
48132,210,266,1035,4,0,11200,0,0,0,6463480,6463480,2936
48147,210,330,1035,4,0,11200,0,0,0,6465572,6465572,2936
48163,210,394,1035,4,0,11200,0,0,0,6467819,6467819,2936
48178,210,460,1035,4,0,11200,0,0,0,6469737,6469737,2936
48193,210,514,1035,4,0,11200,0,0,0,6471819,6471819,2936
48208,210,575,1035,4,0,11200,0,0,0,6473339,6473339,2936
48223,210,643,1035,4,0,11200,0,0,0,6475354,6475354,2936
48238,210,709,1035,4,0,11200,0,0,0,6477490,6477490,2936
48254,210,807,1035,4,0,11200,0,0,0,6479499,6479499,2936
48269,210,880,1035,4,0,11200,0,0,0,6481366,6481366,2936
48284,210,943,1035,4,0,11200,0,0,0,6483156,6483156,2936
48299,211,1016,1035,4,0,11200,0,0,0,6485079,6485079,2936
48315,211,83,1035,4,0,11200,0,0,0,6487500,6487500,2936
48330,211,158,1035,4,0,11200,0,0,0,6490175,6490175,2936
48345,211,212,1035,4,0,11200,0,0,0,6492107,6492107,2936
48360,211,254,1035,4,0,11200,0,0,0,6494182,6494182,2936
48376,211,327,1035,4,0,11200,0,0,0,6496405,6496405,2936
48392,211,401,1035,4,0,11200,0,0,0,6498621,6498621,2936
48408,211,458,1035,4,0,11200,0,0,0,6500748,6500748,2936
48423,211,510,1035,4,0,11200,0,0,0,6502586,6502586,2936
48438,211,565,1035,4,0,11200,0,0,0,6504610,6504610,2936
48454,211,614,1035,4,0,11200,0,0,0,6506454,6506454,2936
48469,211,674,1035,4,0,11200,0,0,0,6508410,6508410,2936
48485,211,728,1035,4,0,11200,0,0,0,6510358,6510358,2936
48500,211,798,1035,4,0,11200,0,0,0,6512279,6512279,2936
48515,211,870,1035,4,0,11200,0,0,0,6514083,6514083,2936
48531,211,922,1036,5,0,11200,0,0,0,6516061,6516061,2939
48546,212,1000,1036,5,0,11200,0,0,0,6518006,6518006,2939
48562,212,12,1036,4,0,11200,0,0,0,6519971,6519971,2939
48577,212,119,1036,4,0,11200,0,0,0,6522321,6522321,2939
48593,212,174,1036,4,0,11200,0,0,0,6524960,6524960,2939
48608,212,229,1036,4,0,11200,0,0,0,6527147,6527147,2939
48623,212,298,1036,4,0,11200,0,0,0,6529506,6529506,2939
48638,212,378,1036,4,0,11200,0,0,0,6531574,6531574,2939
48654,212,445,1036,4,0,11200,0,0,0,6533807,6533807,2939
48669,212,509,1036,4,0,11200,0,0,0,6535844,6535844,2939
48686,212,571,1036,4,0,11200,0,0,0,6537860,6537860,2939
48701,212,623,1036,4,0,11200,0,0,0,6539904,6539904,2939
48716,212,692,1036,4,0,11200,0,0,0,6541929,6541929,2939
48731,212,770,1036,4,0,11200,0,0,0,6543914,6543914,2939
48747,212,847,1036,4,0,11200,0,0,0,6545939,6545939,2939
48762,212,899,1036,4,0,11200,0,0,0,6547860,6547860,2939
48778,212,996,1036,4,0,11200,0,0,0,6549968,6549968,2939
48794,213,26,1036,4,0,11200,0,0,0,6552286,6552286,2939
48809,213,129,1036,4,0,11200,0,0,0,6554734,6554734,2939
48825,213,184,1036,4,0,11200,0,0,0,6556935,6556935,2939
48840,213,231,1036,4,0,11200,0,0,0,6559128,6559128,2939
48856,213,291,1036,4,0,11200,0,0,0,6561411,6561411,2939
48871,213,367,1036,4,0,11200,0,0,0,6563436,6563436,2939
48886,213,433,1036,4,0,11200,0,0,0,6565503,6565503,2939
48901,213,475,1036,4,0,11200,0,0,0,6567270,6567270,2939
48917,213,533,1036,4,0,11200,0,0,0,6569323,6569323,2939
48932,213,592,1036,4,0,11200,0,0,0,6571140,6571140,2939
48948,213,652,1036,4,0,11200,0,0,0,6572959,6572959,2939
48963,213,705,1036,4,0,11200,0,0,0,6575036,6575036,2939
48979,213,787,1036,4,0,11200,0,0,0,6576992,6576992,2939
48994,213,846,1036,4,0,11200,0,0,0,6578765,6578765,2939
49010,213,898,1036,4,0,11200,0,0,0,6580520,6580520,2939
49025,213,965,1036,4,0,11200,0,0,0,6582684,6582684,2939
49042,214,1033,1036,4,0,11200,0,0,0,6584831,6584831,2939
49057,214,104,1036,4,0,11200,0,0,0,6587182,6587182,2939
49072,214,158,1036,4,0,11200,0,0,0,6589768,6589768,2939
49087,214,215,1036,4,0,11200,0,0,0,6591954,6591954,2939
49102,214,269,1036,4,0,11200,0,0,0,6594272,6594272,2939
49118,214,336,1036,4,0,11200,0,0,0,6596452,6596452,2939
49133,214,415,1036,4,0,11200,0,0,0,6598435,6598435,2939
49148,214,482,1036,4,0,11200,0,0,0,6600438,6600438,2939
49164,214,537,1036,4,0,11200,0,0,0,6602327,6602327,2939
49180,214,589,1036,4,0,11200,0,0,0,6604202,6604202,2939
49196,214,654,1036,4,0,11200,0,0,0,6606289,6606289,2939
49211,214,731,1036,4,0,11200,0,0,0,6608210,6608210,2939
49227,214,838,1036,4,0,11200,0,0,0,6610251,6610251,2939
49242,214,888,1036,4,0,11200,0,0,0,6611816,6611816,2939
49257,214,946,1036,4,0,11200,0,0,0,6613804,6613804,2939
49273,215,1016,1036,4,0,11200,0,0,0,6615815,6615815,2939
49288,215,32,1036,4,0,11200,0,0,0,6618046,6618046,2939
49303,215,129,1036,4,0,11200,0,0,0,6620386,6620386,2939
49318,215,183,1036,4,0,11200,0,0,0,6622810,6622810,2939
49334,215,231,1036,4,0,11200,0,0,0,6624848,6624848,2939
49350,215,297,1036,4,0,11200,0,0,0,6627282,6627282,2939
49365,215,366,1036,4,0,11200,0,0,0,6629358,6629358,2939
49380,215,430,1036,4,0,11200,0,0,0,6631174,6631174,2939
49395,215,478,1036,4,0,11200,0,0,0,6633032,6633032,2939
49410,215,535,1036,4,0,11200,0,0,0,6635053,6635053,2939
49426,215,589,1036,4,0,11200,0,0,0,6636836,6636836,2939
49441,215,642,1036,4,0,11200,0,0,0,6638635,6638635,2939
49457,215,706,1036,4,0,11200,0,0,0,6640519,6640519,2939
49472,215,791,1036,4,0,11200,0,0,0,6642445,6642445,2939
49488,215,868,1036,4,0,11200,0,0,0,6644576,6644576,2939
49503,215,928,1036,4,0,11200,0,0,0,6646362,6646362,2939
49518,216,1002,1036,4,0,11200,0,0,0,6648225,6648225,2939
49534,216,29,1036,4,0,11200,0,0,0,6650547,6650547,2939
49549,216,129,1036,4,0,11200,0,0,0,6653037,6653037,2939
49564,216,186,1036,4,0,11200,0,0,0,6655368,6655368,2939
49579,216,243,1036,4,0,11200,0,0,0,6657575,6657575,2939
49594,216,309,1036,4,0,11200,0,0,0,6659819,6659819,2939
49609,216,372,1036,4,0,11200,0,0,0,6661616,6661616,2939
49625,216,430,1036,4,0,11200,0,0,0,6663529,6663529,2939
49640,216,509,1036,4,0,11200,0,0,0,6665720,6665720,2939
49656,216,563,1036,4,0,11200,0,0,0,6667647,6667647,2939
49671,216,620,1036,4,0,11200,0,0,0,6669710,6669710,2939
49686,216,679,1036,4,0,11200,0,0,0,6671825,6671825,2939
49701,216,756,1036,4,0,11200,0,0,0,6673805,6673805,2939
49717,216,833,1036,4,0,11200,0,0,0,6675888,6675888,2939
49732,216,894,1036,4,0,11200,0,0,0,6677849,6677849,2939
49747,216,963,1036,4,0,11200,0,0,0,6679994,6679994,2939
49763,217,1023,1036,4,0,11200,0,0,0,6681865,6681865,2939
49778,217,52,1036,4,0,11200,0,0,0,6683975,6683975,2939
49793,217,159,1036,4,0,11200,0,0,0,6686554,6686554,2939
49809,217,221,1036,4,0,11200,0,0,0,6688797,6688797,2939
49824,217,284,1036,4,0,11200,0,0,0,6691123,6691123,2939
49840,217,366,1036,4,0,11200,0,0,0,6693176,6693176,2939
49855,217,434,1036,4,0,11200,0,0,0,6695213,6695213,2939
49870,217,497,1036,4,0,11200,0,0,0,6697298,6697298,2939
49888,217,537,1036,4,0,11200,0,0,0,6699111,6699111,2939
49903,217,604,1036,4,0,11200,0,0,0,6700898,6700898,2939
49919,217,662,1036,4,0,11200,0,0,0,6702932,6702932,2939
49934,217,725,1036,4,0,11200,0,0,0,6704981,6704981,2939
49949,217,799,1036,4,0,11200,0,0,0,6706738,6706738,2939
49964,217,882,1036,4,0,11200,0,0,0,6708605,6708605,2939
49980,217,943,1036,4,0,11200,0,0,0,6710443,6710443,2939
49995,218,1015,1036,4,0,11200,0,0,0,6712523,6712523,2939
50011,218,46,1036,3,0,11200,0,0,0,6714772,6714772,2939
50026,218,140,1036,3,0,11200,0,0,0,6717297,6717297,2939
50041,218,184,1036,3,0,11200,0,0,0,6719427,6719427,2939
50056,218,237,1036,3,0,11200,0,0,0,6721757,6721757,2939
50071,218,312,1036,3,0,11200,0,0,0,6724092,6724092,2939
50087,218,386,1036,3,0,11200,0,0,0,6726314,6726314,2939
50102,218,456,1036,3,0,11200,0,0,0,6728446,6728446,2939
50118,218,510,1036,3,0,11200,0,0,0,6730419,6730419,2939
50133,218,564,1036,3,0,11200,0,0,0,6732174,6732174,2939
50148,218,611,1036,3,0,11200,0,0,0,6733954,6733954,2939
50164,218,677,1036,3,0,11200,0,0,0,6736017,6736017,2939
50179,218,749,1036,3,0,11200,0,0,0,6737891,6737891,2939
50194,218,818,1036,3,0,11200,0,0,0,6739654,6739654,2939
50210,218,886,1036,3,0,11200,0,0,0,6741369,6741369,2939
50225,218,940,1036,3,0,11200,0,0,0,6743329,6743329,2939
50241,219,1006,1036,3,0,11200,0,0,0,6745233,6745233,2939
50257,219,52,1036,3,0,11200,0,0,0,6747491,6747491,2939
50272,219,141,1036,3,0,11200,0,0,0,6750042,6750042,2939
50288,219,201,1036,3,0,11200,0,0,0,6752254,6752254,2939
50303,219,251,1036,3,0,11200,0,0,0,6754642,6754642,2939
50318,219,327,1036,3,0,11200,0,0,0,6756941,6756941,2939
50334,219,401,1036,3,0,11200,0,0,0,6759020,6759020,2939
50349,219,469,1036,3,0,11200,0,0,0,6761044,6761044,2939
50364,219,525,1036,3,0,11200,0,0,0,6762943,6762943,2939
50380,219,581,1036,3,0,11200,0,0,0,6764647,6764647,2939
50395,219,622,1036,3,0,11200,0,0,0,6766540,6766540,2939
50410,219,697,1036,3,0,11200,0,0,0,6768506,6768506,2939
50425,219,783,1036,3,0,11200,0,0,0,6770243,6770243,2939
50441,219,854,1036,3,0,11200,0,0,0,6771920,6771920,2939
50456,219,889,1036,3,0,11200,0,0,0,6773545,6773545,2939
50472,219,950,1036,3,0,11200,0,0,0,6775533,6775533,2939
50487,220,1016,1036,3,0,11200,0,0,0,6777630,6777630,2939
50503,220,70,1036,2,0,11200,0,0,0,6779833,6779833,2939
50518,220,146,1036,2,0,11200,0,0,0,6782283,6782283,2939
50533,220,203,1036,2,0,11200,0,0,0,6784428,6784428,2939
50548,220,261,1036,2,0,11200,0,0,0,6786744,6786744,2939
50563,220,327,1036,2,0,11200,0,0,0,6788876,6788876,2939
50578,220,381,1036,2,0,11200,0,0,0,6790664,6790664,2939
50594,220,452,1036,2,0,11200,0,0,0,6792815,6792815,2939
50609,220,513,1036,2,0,11200,0,0,0,6794982,6794982,2939
50625,220,565,1036,2,0,11200,0,0,0,6796813,6796813,2939
50640,220,622,1036,2,0,11200,0,0,0,6798933,6798933,2939
50655,220,698,1036,2,0,11200,0,0,0,6800994,6800994,2939
50671,220,783,1036,2,0,11200,0,0,0,6802960,6802960,2939
50686,220,878,1036,2,0,11200,0,0,0,6805040,6805040,2939
50701,220,899,1036,2,0,11200,0,0,0,6805949,6805949,2939
50717,220,979,1036,2,0,11200,0,0,0,6808015,6808015,2939
50732,221,7,1036,2,0,11200,0,0,0,6810243,6810243,2939
50748,221,83,1036,2,0,11200,0,0,0,6812557,6812557,2939
50763,221,154,1036,2,0,11200,0,0,0,6815164,6815164,2939
50778,221,217,1036,2,0,11200,0,0,0,6817389,6817389,2939
50793,221,265,1036,2,0,11200,0,0,0,6819654,6819654,2939
50808,221,345,1036,2,0,11200,0,0,0,6821942,6821942,2939
50824,221,415,1036,2,0,11200,0,0,0,6824033,6824033,2939
50839,221,469,1036,2,0,11200,0,0,0,6825924,6825924,2939
50854,221,525,1036,2,0,11200,0,0,0,6827830,6827830,2939
50870,221,571,1036,2,0,11200,0,0,0,6829378,6829378,2939
50886,221,631,1036,2,0,11200,0,0,0,6831527,6831527,2939
50901,221,707,1036,2,0,11200,0,0,0,6833631,6833631,2939
50916,221,798,1036,2,0,11200,0,0,0,6835559,6835559,2939
50931,221,882,1036,2,0,11200,0,0,0,6837479,6837479,2939
50947,221,922,1036,2,0,11200,0,0,0,6838992,6838992,2939
50962,222,1000,1036,2,0,11200,0,0,0,6841035,6841035,2939
50977,222,31,1036,2,0,11200,0,0,0,6843175,6843175,2939
50993,222,130,1036,2,0,11200,0,0,0,6845581,6845581,2939
51008,222,194,1036,2,0,11200,0,0,0,6848038,6848038,2939
51023,222,248,1036,2,0,11200,0,0,0,6850346,6850346,2939
51039,222,317,1036,2,0,11200,0,0,0,6852550,6852550,2939
51054,222,397,1036,2,0,11200,0,0,0,6854693,6854693,2939
51069,222,470,1036,2,0,11200,0,0,0,6856675,6856675,2939
51085,222,527,1036,2,0,11200,0,0,0,6858792,6858792,2939
51100,222,556,1036,2,0,11200,0,0,0,6859801,6859801,2939
51115,222,620,1036,2,0,11200,0,0,0,6861884,6861884,2939
51130,222,686,1036,2,0,11200,0,0,0,6863942,6863942,2939
51146,222,768,1036,2,0,11200,0,0,0,6865859,6865859,2939
51161,222,845,1036,2,0,11200,0,0,0,6867690,6867690,2939
51180,222,886,1036,2,0,11200,0,0,0,6869080,6869080,2939
51195,222,963,1036,2,0,11200,0,0,0,6871336,6871336,2939
51210,223,1021,1036,2,0,11200,0,0,0,6873088,6873088,2939
51226,223,44,1036,2,0,11200,0,0,0,6875452,6875452,2939
51241,223,129,1036,2,0,11200,0,0,0,6877775,6877775,2939
51256,223,188,1036,2,0,11200,0,0,0,6880044,6880044,2939
51271,223,232,1036,2,0,11200,0,0,0,6882029,6882029,2939
51286,223,288,1036,2,0,11200,0,0,0,6884437,6884437,2939
51302,223,358,1036,2,0,11200,0,0,0,6886530,6886530,2939
51317,223,423,1036,2,0,11200,0,0,0,6888316,6888316,2939
51333,223,474,1036,2,0,11200,0,0,0,6890266,6890266,2939
51348,223,528,1036,2,0,11200,0,0,0,6892456,6892456,2939
51364,223,599,1036,2,0,11200,0,0,0,6894586,6894586,2939
51379,223,658,1036,2,0,11200,0,0,0,6896621,6896621,2939
51394,223,728,1036,2,0,11200,0,0,0,6898760,6898760,2939
51409,223,807,1037,3,0,11200,0,0,0,6900534,6900534,2939
51424,223,880,1037,3,0,11200,0,0,0,6902390,6902390,2939
51439,223,912,1037,3,0,11200,0,0,0,6903677,6903677,2939
51455,223,998,1037,3,0,11200,0,0,0,6905753,6905753,2939
51470,224,4,1037,3,0,11200,0,0,0,6907429,6907429,2939
51485,224,65,1037,3,0,11200,0,0,0,6909634,6909634,2939
51501,224,157,1037,3,0,11200,0,0,0,6912228,6912228,2939
51516,224,219,1037,3,0,11200,0,0,0,6914356,6914356,2939
51532,224,264,1037,3,0,11200,0,0,0,6916496,6916496,2939
51547,224,345,1037,3,0,11200,0,0,0,6918695,6918695,2939
51562,224,415,1037,3,0,11200,0,0,0,6920696,6920696,2939
51578,224,479,1037,3,0,11200,0,0,0,6922776,6922776,2939
51597,224,537,1037,3,0,11200,0,0,0,6924935,6924935,2939
51613,224,591,1037,3,0,11200,0,0,0,6926657,6926657,2939
51628,224,643,1037,3,0,11200,0,0,0,6928783,6928783,2939
51644,224,704,1037,3,0,11200,0,0,0,6930686,6930686,2939
51660,224,778,1037,3,0,11200,0,0,0,6932622,6932622,2939
51675,224,856,1037,3,0,11200,0,0,0,6934512,6934512,2939
51691,224,900,1037,3,0,11200,0,0,0,6936122,6936122,2939
51706,224,972,1037,3,0,11200,0,0,0,6938163,6938163,2939
51723,225,1033,1037,3,0,11200,0,0,0,6939977,6939977,2939
51738,225,76,1037,3,0,11200,0,0,0,6942292,6942292,2939
51754,225,154,1037,3,0,11200,0,0,0,6944880,6944880,2939
51769,225,209,1037,3,0,11200,0,0,0,6947131,6947131,2939
51784,225,257,1037,3,0,11200,0,0,0,6949246,6949246,2939
51799,225,317,1037,3,0,11200,0,0,0,6951226,6951226,2939
51814,225,382,1037,3,0,11200,0,0,0,6953114,6953114,2939
51830,225,441,1037,3,0,11200,0,0,0,6955219,6955219,2939
51845,225,492,1037,3,0,11200,0,0,0,6957054,6957054,2939
51860,225,555,1037,3,0,11200,0,0,0,6959418,6959418,2939
51875,225,609,1037,3,0,11200,0,0,0,6961304,6961304,2939
51890,225,666,1037,3,0,11200,0,0,0,6963225,6963225,2939
51906,225,728,1037,3,0,11200,0,0,0,6964994,6964994,2939
51921,225,792,1037,3,0,11200,0,0,0,6966759,6966759,2939
51937,225,878,1037,3,0,11200,0,0,0,6968756,6968756,2939
51952,225,913,1037,3,0,11200,0,0,0,6970061,6970061,2939
51967,225,983,1037,3,0,11200,0,0,0,6972156,6972156,2939
51982,226,1031,1037,3,0,11200,0,0,0,6973855,6973855,2939
51997,226,46,1037,3,0,11200,0,0,0,6975967,6975967,2939
52012,226,135,1037,3,0,11200,0,0,0,6978443,6978443,2939
52027,226,198,1037,3,0,11200,0,0,0,6980779,6980779,2939
52043,226,251,1037,3,0,11200,0,0,0,6983077,6983077,2939
52058,226,330,1037,3,0,11200,0,0,0,6985173,6985173,2939
52073,226,410,1037,3,0,11200,0,0,0,6987295,6987295,2939
52089,226,473,1037,3,0,11200,0,0,0,6989263,6989263,2939
52104,226,519,1037,3,0,11200,0,0,0,6991124,6991124,2939
52121,226,571,1037,3,0,11200,0,0,0,6992774,6992774,2939
52136,226,620,1037,3,0,11200,0,0,0,6994910,6994910,2939
52151,226,696,1037,3,0,11200,0,0,0,6996954,6996954,2939
52167,226,791,1037,3,0,11200,0,0,0,6998895,6998895,2939
52182,226,878,1037,3,0,11200,0,0,0,7000888,7000888,2939
52197,226,922,1037,3,0,11200,0,0,0,7002621,7002621,2939
52212,226,1000,1037,3,0,11200,0,0,0,7004826,7004826,2939
52228,227,20,1037,3,0,11200,0,0,0,7006771,7006771,2939
52243,227,112,1037,3,0,11200,0,0,0,7009249,7009249,2939
52258,227,166,1037,3,0,11200,0,0,0,7011626,7011626,2939
52273,227,220,1037,3,0,11200,0,0,0,7013855,7013855,2939
52289,227,279,1037,3,0,11200,0,0,0,7016291,7016291,2939
52304,227,357,1037,3,0,11200,0,0,0,7018511,7018511,2939
52319,227,417,1037,3,0,11200,0,0,0,7020485,7020485,2939
52334,227,478,1037,3,0,11200,0,0,0,7022390,7022390,2939
52350,227,528,1037,3,0,11200,0,0,0,7024383,7024383,2939
52365,227,580,1037,3,0,11200,0,0,0,7026064,7026064,2939
52381,227,627,1037,3,0,11200,0,0,0,7027879,7027879,2939
52396,227,704,1037,3,0,11200,0,0,0,7030007,7030007,2939
52412,227,779,1037,3,0,11200,0,0,0,7031849,7031849,2939
52427,227,866,1037,3,0,11200,0,0,0,7033852,7033852,2939
52442,227,902,1037,3,0,11200,0,0,0,7035488,7035488,2939
52457,227,996,1037,3,0,11200,0,0,0,7037492,7037492,2939
52473,228,28,1037,3,0,11200,0,0,0,7039574,7039574,2939
52488,228,120,1037,3,0,11200,0,0,0,7041899,7041899,2939
52504,228,183,1037,3,0,11200,0,0,0,7044536,7044536,2939
52519,228,236,1037,3,0,11200,0,0,0,7046646,7046646,2939
52535,228,303,1037,3,0,11200,0,0,0,7048910,7048910,2939
52550,228,377,1037,3,0,11200,0,0,0,7050996,7050996,2939
52565,228,434,1037,3,0,11200,0,0,0,7053068,7053068,2939
52580,228,482,1037,3,0,11200,0,0,0,7055035,7055035,2939
52596,228,532,1037,3,0,11200,0,0,0,7057087,7057087,2939
52611,228,577,1037,3,0,11200,0,0,0,7058534,7058534,2939
52627,228,628,1037,3,0,11200,0,0,0,7060414,7060414,2939
52642,228,705,1037,3,0,11200,0,0,0,7062577,7062577,2939
52657,228,777,1037,3,0,11200,0,0,0,7064567,7064567,2939
52672,228,846,1037,3,0,11200,0,0,0,7066358,7066358,2939
52688,228,902,1037,3,0,11200,0,0,0,7067711,7067711,2939
52704,228,981,1037,3,0,11200,0,0,0,7069828,7069828,2939
52719,229,1031,1037,3,0,11200,0,0,0,7071762,7071762,2939
52734,229,98,1037,3,0,11200,0,0,0,7074108,7074108,2939
52749,229,159,1037,3,0,11200,0,0,0,7076661,7076661,2939
52764,229,222,1037,3,0,11200,0,0,0,7079029,7079029,2939
52780,229,278,1037,3,0,11200,0,0,0,7081219,7081219,2939
52795,229,343,1037,3,0,11200,0,0,0,7083309,7083309,2939
52811,229,409,1037,3,0,11200,0,0,0,7085057,7085057,2939
52826,229,464,1037,3,0,11200,0,0,0,7086908,7086908,2939
52841,229,517,1037,3,0,11200,0,0,0,7088940,7088940,2939
52856,229,580,1037,3,0,11200,0,0,0,7090814,7090814,2939
52872,229,622,1037,3,0,11200,0,0,0,7092615,7092615,2939
52887,229,691,1037,3,0,11200,0,0,0,7094499,7094499,2939
52902,229,779,1037,3,0,11200,0,0,0,7096591,7096591,2939
52917,229,870,1037,3,0,11200,0,0,0,7098630,7098630,2939
52932,229,928,1037,3,0,11200,0,0,0,7100363,7100363,2939
52947,230,1009,1037,3,0,11200,0,0,0,7102280,7102280,2939
52962,230,31,1037,3,0,11200,0,0,0,7104290,7104290,2939
52978,230,127,1037,3,0,11200,0,0,0,7106738,7106738,2939
52993,230,178,1037,3,0,11200,0,0,0,7109061,7109061,2939
53008,230,241,1037,3,0,11200,0,0,0,7111296,7111296,2939
53023,230,301,1037,3,0,11200,0,0,0,7113622,7113622,2939
53039,230,377,1037,3,0,11200,0,0,0,7115698,7115698,2939
53054,230,435,1037,3,0,11200,0,0,0,7117556,7117556,2939
53069,230,497,1037,3,0,11200,0,0,0,7119415,7119415,2939
53087,230,537,1037,3,0,11200,0,0,0,7121269,7121269,2939
53102,230,604,1037,3,0,11200,0,0,0,7123153,7123153,2939
53117,230,646,1037,3,0,11200,0,0,0,7125102,7125102,2939
53132,230,724,1037,3,0,11200,0,0,0,7126915,7126915,2939
53148,230,792,1037,3,0,11200,0,0,0,7128921,7128921,2939
53163,230,869,1037,3,0,11200,0,0,0,7130726,7130726,2939
53183,230,890,1037,3,0,11200,0,0,0,7131683,7131683,2939
53198,230,960,1037,3,0,11200,0,0,0,7133655,7133655,2939
53213,231,1027,1037,3,0,11200,0,0,0,7135621,7135621,2939
53229,231,65,1037,3,0,11200,0,0,0,7137829,7137829,2939
53244,231,159,1037,3,0,11200,0,0,0,7140255,7140255,2939
53259,231,221,1037,3,0,11200,0,0,0,7142407,7142407,2939
53275,231,269,1037,3,0,11200,0,0,0,7144544,7144544,2939
53290,231,357,1037,3,0,11200,0,0,0,7146732,7146732,2939
53305,231,418,1037,3,0,11200,0,0,0,7148844,7148844,2939
53320,231,471,1037,3,0,11200,0,0,0,7150687,7150687,2939
53335,231,519,1037,3,0,11200,0,0,0,7152663,7152663,2939
53351,231,575,1037,3,0,11200,0,0,0,7154358,7154358,2939
53366,231,645,1037,3,0,11200,0,0,0,7156498,7156498,2939
53381,231,699,1037,3,0,11200,0,0,0,7158520,7158520,2939
53396,231,755,1037,3,0,11200,0,0,0,7160375,7160375,2939
53411,231,844,1037,3,0,11200,0,0,0,7162259,7162259,2939
53426,231,900,1037,3,0,11200,0,0,0,7164231,7164231,2939
53442,231,993,1037,3,0,11200,0,0,0,7166324,7166324,2939
53457,232,7,1037,3,0,11200,0,0,0,7168083,7168083,2939
53472,232,110,1037,3,0,11200,0,0,0,7170312,7170312,2939
53488,232,164,1037,3,0,11200,0,0,0,7172983,7172983,2939
53503,232,216,1037,3,0,11200,0,0,0,7175240,7175240,2939
53518,232,265,1037,3,0,11200,0,0,0,7177416,7177416,2939
53533,232,343,1037,3,0,11200,0,0,0,7179616,7179616,2939
53549,232,414,1037,3,0,11200,0,0,0,7181723,7181723,2939
53564,232,475,1037,3,0,11200,0,0,0,7183863,7183863,2939
53579,232,515,1037,3,0,11200,0,0,0,7185782,7185782,2939
53596,232,571,1037,3,0,11200,0,0,0,7187474,7187474,2939
53611,232,625,1037,3,0,11200,0,0,0,7189481,7189481,2939
53626,232,688,1037,3,0,11200,0,0,0,7191283,7191283,2939
53642,232,747,1037,3,0,11200,0,0,0,7193171,7193171,2939
53657,232,824,1037,3,0,11200,0,0,0,7195050,7195050,2939
53673,232,886,1037,3,0,11200,0,0,0,7196744,7196744,2939
53688,232,949,1037,3,0,11200,0,0,0,7198752,7198752,2939
53703,233,1014,1037,3,0,11200,0,0,0,7200438,7200438,2939
53719,233,40,1037,2,0,11200,0,0,0,7202681,7202681,2939
53734,233,138,1037,2,0,11200,0,0,0,7204790,7204790,2939
53749,233,198,1037,2,0,11200,0,0,0,7207150,7207150,2939
53764,233,252,1037,2,0,11200,0,0,0,7209317,7209317,2939
53780,233,319,1037,2,0,11200,0,0,0,7211353,7211353,2939
53796,233,380,1037,2,0,11200,0,0,0,7213253,7213253,2939
53811,233,445,1037,2,0,11200,0,0,0,7215283,7215283,2939
53827,233,508,1037,2,0,11200,0,0,0,7217053,7217053,2939
53842,233,557,1037,2,0,11200,0,0,0,7218804,7218804,2939
53857,233,622,1037,2,0,11200,0,0,0,7220760,7220760,2939
53873,233,691,1037,2,0,11200,0,0,0,7222681,7222681,2939
53888,233,769,1037,2,0,11200,0,0,0,7224770,7224770,2939
53903,233,854,1037,2,0,11200,0,0,0,7226470,7226470,2939
53918,233,901,1037,2,0,11200,0,0,0,7228159,7228159,2939
53933,233,999,1037,2,0,11200,0,0,0,7230252,7230252,2939
53949,234,20,1037,2,0,11200,0,0,0,7232087,7232087,2939
53964,234,118,1037,2,0,11200,0,0,0,7234462,7234462,2939
53979,234,166,1037,2,0,11200,0,0,0,7236691,7236691,2939
53995,234,218,1037,2,0,11200,0,0,0,7239125,7239125,2939
54010,234,267,1037,2,0,11200,0,0,0,7241354,7241354,2939
54026,234,328,1037,2,0,11200,0,0,0,7243545,7243545,2939
54041,234,397,1037,2,0,11200,0,0,0,7245460,7245460,2939
54056,234,452,1037,2,0,11200,0,0,0,7247389,7247389,2939
54071,234,509,1037,2,0,11200,0,0,0,7249158,7249158,2939
54086,234,555,1037,2,0,11200,0,0,0,7250769,7250769,2939
54102,234,607,1037,2,0,11200,0,0,0,7252564,7252564,2939
54117,234,696,1037,2,0,11200,0,0,0,7254557,7254557,2939
54132,234,776,1037,2,0,11200,0,0,0,7256523,7256523,2939
54147,234,846,1037,2,0,11200,0,0,0,7258364,7258364,2939
54162,234,899,1037,2,0,11200,0,0,0,7260359,7260359,2939
54178,234,980,1037,2,0,11200,0,0,0,7262259,7262259,2939
54193,235,1033,1037,2,0,11200,0,0,0,7264093,7264093,2939
54209,235,83,1037,2,0,11200,0,0,0,7266438,7266438,2939
54224,235,164,1037,2,0,11200,0,0,0,7268878,7268878,2939
54240,235,223,1037,2,0,11200,0,0,0,7271140,7271140,2939
54255,235,266,1037,2,0,11200,0,0,0,7273358,7273358,2939
54270,235,335,1037,2,0,11200,0,0,0,7275545,7275545,2939
54285,235,409,1037,2,0,11200,0,0,0,7277550,7277550,2939
54301,235,465,1037,2,0,11200,0,0,0,7279613,7279613,2939
54316,235,515,1037,2,0,11200,0,0,0,7281808,7281808,2939
54332,235,592,1037,2,0,11200,0,0,0,7283848,7283848,2939
54347,235,671,1037,2,0,11200,0,0,0,7286037,7286037,2939
54363,235,758,1037,2,0,11200,0,0,0,7288205,7288205,2939
54379,235,832,1037,2,0,11200,0,0,0,7290107,7290107,2939
54395,235,886,1037,2,0,11200,0,0,0,7291830,7291830,2939
54410,235,946,1037,2,0,11200,0,0,0,7293404,7293404,2939
54426,236,1011,1037,2,0,11200,0,0,0,7295317,7295317,2939
54442,236,44,1037,2,0,11200,0,0,0,7297581,7297581,2939
54457,236,138,1037,2,0,11200,0,0,0,7299960,7299960,2939
54472,236,205,1037,2,0,11200,0,0,0,7302311,7302311,2939
54487,236,262,1037,2,0,11200,0,0,0,7304464,7304464,2939
54503,236,322,1037,2,0,11200,0,0,0,7306693,7306693,2939
54518,236,380,1037,2,0,11200,0,0,0,7308633,7308633,2939
54534,236,438,1037,2,0,11200,0,0,0,7310778,7310778,2939
54549,236,500,1037,2,0,11200,0,0,0,7312835,7312835,2939
54567,236,537,1037,2,0,11200,0,0,0,7314747,7314747,2939
54583,236,605,1037,2,0,11200,0,0,0,7316726,7316726,2939
54598,236,675,1037,2,0,11200,0,0,0,7318936,7318936,2939
54614,236,749,1037,2,0,11200,0,0,0,7320935,7320935,2939
54630,236,818,1037,2,0,11200,0,0,0,7322740,7322740,2939
54648,236,886,1037,2,0,11200,0,0,0,7324740,7324740,2939
54663,236,950,1037,2,0,11200,0,0,0,7326924,7326924,2939
54678,237,1018,1037,2,0,11200,0,0,0,7328732,7328732,2939
54694,237,31,1038,2,0,11200,0,0,0,7331095,7331095,2939
54709,237,119,1038,2,0,11200,0,0,0,7333175,7333175,2939
54724,237,175,1038,2,0,11200,0,0,0,7335685,7335685,2939
54739,237,231,1038,2,0,11200,0,0,0,7337846,7337846,2939
54754,237,291,1038,2,0,11200,0,0,0,7340027,7340027,2939
54770,237,344,1038,2,0,11200,0,0,0,7342065,7342065,2939
54785,237,415,1038,2,0,11200,0,0,0,7344044,7344044,2939
54800,237,475,1038,2,0,11200,0,0,0,7345956,7345956,2939
54820,237,537,1038,2,0,11200,0,0,0,7348019,7348019,2939
54835,237,604,1038,2,0,11200,0,0,0,7350089,7350089,2939
54851,237,671,1038,2,0,11200,0,0,0,7352291,7352291,2939
54867,237,730,1038,2,0,11200,0,0,0,7354343,7354343,2939
54882,237,807,1038,2,0,11200,0,0,0,7356098,7356098,2939
54897,237,880,1038,2,0,11200,0,0,0,7357799,7357799,2939
54912,237,924,1038,2,0,11200,0,0,0,7359459,7359459,2939
54927,237,996,1038,2,0,11200,0,0,0,7361009,7361009,2939
54942,238,28,1038,2,0,11200,0,0,0,7363092,7363092,2939
54957,238,129,1038,2,0,11200,0,0,0,7365376,7365376,2939
54972,238,184,1038,2,0,11200,0,0,0,7367575,7367575,2939
54988,238,231,1038,2,0,11200,0,0,0,7369694,7369694,2939
55003,238,290,1038,2,0,11200,0,0,0,7371792,7371792,2939
55018,238,349,1038,2,0,11200,0,0,0,7373874,7373874,2939
55033,238,418,1039,3,0,11200,0,0,0,7375938,7375938,2939
55049,238,482,1039,3,0,11200,0,0,0,7377984,7377984,2939
55064,238,526,1039,3,0,11200,0,0,0,7379816,7379816,2939
55079,238,579,1039,3,0,11200,0,0,0,7381730,7381730,2939
55094,238,636,1039,3,0,11200,0,0,0,7383718,7383718,2939
55110,238,719,1039,3,0,11200,0,0,0,7385929,7385929,2939
55125,238,794,1039,3,0,11200,0,0,0,7387793,7387793,2939
55140,238,863,1039,3,0,11200,0,0,0,7389590,7389590,2939
55155,238,927,1039,3,0,11200,0,0,0,7391624,7391624,2939
55171,239,1006,1039,3,0,11200,0,0,0,7393625,7393625,2939
55186,239,23,1039,3,0,11200,0,0,0,7395950,7395950,2939
55201,239,120,1039,3,0,11200,0,0,0,7398119,7398119,2939
55217,239,174,1039,3,0,11200,0,0,0,7400386,7400386,2939
55233,239,227,1039,3,0,11200,0,0,0,7402511,7402511,2939
55248,239,279,1039,3,0,11200,0,0,0,7404703,7404703,2939
55263,239,348,1039,3,0,11200,0,0,0,7406827,7406827,2939
55279,239,420,1039,3,0,11200,0,0,0,7408790,7408790,2939
55294,239,478,1039,3,0,11200,0,0,0,7410837,7410837,2939
55309,239,553,1039,3,0,11200,0,0,0,7412944,7412944,2939
55324,239,603,1039,3,0,11200,0,0,0,7414672,7414672,2939
55340,239,658,1039,3,0,11200,0,0,0,7416663,7416663,2939
55355,239,731,1039,3,0,11200,0,0,0,7418746,7418746,2939
55370,239,799,1039,3,0,11200,0,0,0,7420697,7420697,2939
55385,239,880,1039,3,0,11200,0,0,0,7422586,7422586,2939
55400,239,928,1039,3,0,11200,0,0,0,7424500,7424500,2939
55416,240,1005,1039,3,0,11200,0,0,0,7426752,7426752,2939
55431,240,24,1039,3,0,11200,0,0,0,7428959,7428959,2939
55446,240,122,1039,3,0,11200,0,0,0,7431346,7431346,2939
55462,240,174,1039,3,0,11200,0,0,0,7433724,7433724,2939
55477,240,227,1039,3,0,11200,0,0,0,7435807,7435807,2939
55493,240,288,1039,3,0,11200,0,0,0,7438124,7438124,2939
55508,240,369,1039,3,0,11200,0,0,0,7440325,7440325,2939
55524,240,425,1039,3,0,11200,0,0,0,7442068,7442068,2939
55539,240,480,1039,3,0,11200,0,0,0,7444095,7444095,2939
55554,240,527,1039,3,0,11200,0,0,0,7446046,7446046,2939
55573,240,571,1039,3,0,11200,0,0,0,7447755,7447755,2939
55589,240,624,1039,3,0,11200,0,0,0,7449824,7449824,2939
55604,240,697,1039,3,0,11200,0,0,0,7451716,7451716,2939
55619,240,773,1039,3,0,11200,0,0,0,7453613,7453613,2939
55634,240,848,1039,3,0,11200,0,0,0,7455633,7455633,2939
55659,240,890,1039,3,0,11200,0,0,0,7457082,7457082,2939
55674,240,949,1039,3,0,11200,0,0,0,7459111,7459111,2939
55689,241,1027,1039,3,0,11200,0,0,0,7461202,7461202,2939
55704,241,72,1039,3,0,11200,0,0,0,7463503,7463503,2939
55720,241,138,1039,3,0,11200,0,0,0,7465706,7465706,2939
55735,241,196,1039,3,0,11200,0,0,0,7467769,7467769,2939
55751,241,259,1039,3,0,11200,0,0,0,7470152,7470152,2939
55766,241,336,1039,3,0,11200,0,0,0,7472052,7472052,2939
55781,241,409,1039,3,0,11200,0,0,0,7473895,7473895,2939
55796,241,461,1039,3,0,11200,0,0,0,7475860,7475860,2939
55811,241,516,1039,3,0,11200,0,0,0,7478088,7478088,2939
55827,241,568,1039,3,0,11200,0,0,0,7479911,7479911,2939
55843,241,616,1039,3,0,11200,0,0,0,7481833,7481833,2939
55858,241,691,1039,3,0,11200,0,0,0,7483986,7483986,2939
55874,241,770,1039,3,0,11200,0,0,0,7485952,7485952,2939
55889,241,837,1039,3,0,11200,0,0,0,7487729,7487729,2939
55905,241,889,1039,3,0,11200,0,0,0,7489437,7489437,2939
55921,241,949,1039,3,0,11200,0,0,0,7491421,7491421,2939
55936,242,1023,1039,3,0,11200,0,0,0,7493467,7493467,2939
55951,242,59,1039,3,0,11200,0,0,0,7495863,7495863,2939
55966,242,141,1039,3,0,11200,0,0,0,7498176,7498176,2939
55981,242,196,1039,3,0,11200,0,0,0,7500315,7500315,2939
55996,242,243,1039,3,0,11200,0,0,0,7502549,7502549,2939
56012,242,297,1039,3,0,11200,0,0,0,7504765,7504765,2939
56027,242,369,1039,3,0,11200,0,0,0,7506859,7506859,2939
56042,242,430,1039,3,0,11200,0,0,0,7508841,7508841,2939
56057,242,492,1039,3,0,11200,0,0,0,7510853,7510853,2939
56073,242,553,1039,3,0,11200,0,0,0,7513209,7513209,2939
56088,242,603,1039,3,0,11200,0,0,0,7515124,7515124,2939
56103,242,677,1039,3,0,11200,0,0,0,7517161,7517161,2939
56119,242,758,1039,3,0,11200,0,0,0,7519176,7519176,2939
56134,242,845,1039,3,0,11200,0,0,0,7520869,7520869,2939
56150,242,912,1039,3,0,11200,0,0,0,7522911,7522911,2939
56165,242,982,1039,3,0,11200,0,0,0,7524821,7524821,2939
56181,243,1033,1039,3,0,11200,0,0,0,7526733,7526733,2939
56196,243,96,1039,3,0,11200,0,0,0,7529068,7529068,2939
56211,243,166,1039,3,0,11200,0,0,0,7531820,7531820,2939
56226,243,217,1039,3,0,11200,0,0,0,7534116,7534116,2939
56242,243,266,1039,3,0,11200,0,0,0,7536518,7536518,2939
56257,243,337,1039,3,0,11200,0,0,0,7538610,7538610,2939
56272,243,418,1039,3,0,11200,0,0,0,7540809,7540809,2939
56288,243,473,1039,3,0,11200,0,0,0,7542663,7542663,2939
56303,243,532,1039,3,0,11200,0,0,0,7544504,7544504,2939
56318,243,596,1039,3,0,11200,0,0,0,7546390,7546390,2939
56333,243,653,1039,3,0,11200,0,0,0,7548311,7548311,2939
56349,243,707,1039,3,0,11200,0,0,0,7550213,7550213,2939
56364,243,784,1039,3,0,11200,0,0,0,7552107,7552107,2939
56379,243,876,1039,3,0,11200,0,0,0,7554121,7554121,2939
56394,243,928,1039,3,0,11200,0,0,0,7555942,7555942,2939
56410,244,1009,1039,3,0,11200,0,0,0,7558028,7558028,2939
56425,244,31,1039,3,0,11200,0,0,0,7560377,7560377,2939
56440,244,138,1039,3,0,11200,0,0,0,7562956,7562956,2939
56455,244,189,1039,3,0,11200,0,0,0,7565232,7565232,2939
56470,244,244,1039,3,0,11200,0,0,0,7567568,7567568,2939
56486,244,305,1039,3,0,11200,0,0,0,7569836,7569836,2939
56501,244,365,1039,3,0,11200,0,0,0,7571872,7571872,2939
56517,244,414,1039,3,0,11200,0,0,0,7573800,7573800,2939
56532,244,469,1039,3,0,11200,0,0,0,7575763,7575763,2939
56547,244,519,1039,3,0,11200,0,0,0,7577774,7577774,2939
56562,244,572,1039,3,0,11200,0,0,0,7579172,7579172,2939
56577,244,618,1039,3,0,11200,0,0,0,7580913,7580913,2939
56593,244,677,1039,3,0,11200,0,0,0,7583082,7583082,2939
56608,244,770,1039,3,0,11200,0,0,0,7585045,7585045,2939
56624,244,832,1039,3,0,11200,0,0,0,7586895,7586895,2939
56640,244,886,1039,3,0,11200,0,0,0,7588697,7588697,2939
56655,244,963,1039,3,0,11200,0,0,0,7590779,7590779,2939
56670,245,1025,1039,3,0,11200,0,0,0,7592595,7592595,2939
56686,245,59,1040,4,0,11200,0,0,0,7594787,7594787,2939
56701,245,145,1040,4,0,11200,0,0,0,7597241,7597241,2939
56717,245,212,1040,4,0,11200,0,0,0,7599537,7599537,2939
56732,245,262,1040,4,0,11200,0,0,0,7601672,7601672,2939
56747,245,337,1040,4,0,11200,0,0,0,7603744,7603744,2939
56762,245,410,1040,4,0,11200,0,0,0,7605683,7605683,2939
56778,245,471,1040,4,0,11200,0,0,0,7607665,7607665,2939
56793,245,516,1040,4,0,11200,0,0,0,7609780,7609780,2939
56809,245,554,1040,4,0,11200,0,0,0,7610788,7610788,2939
56824,245,606,1040,4,0,11200,0,0,0,7612684,7612684,2939
56839,245,669,1040,4,0,11200,0,0,0,7614370,7614370,2939
56854,245,724,1040,4,0,11200,0,0,0,7616266,7616266,2939
56869,245,802,1040,4,0,11200,0,0,0,7618295,7618295,2939
56884,245,863,1040,4,0,11200,0,0,0,7620089,7620089,2939
56900,245,912,1040,4,0,11200,0,0,0,7621784,7621784,2939
56915,245,994,1040,4,0,11200,0,0,0,7623762,7623762,2939
56930,246,4,1040,3,0,11200,0,0,0,7625677,7625677,2939
56945,246,87,1040,3,0,11200,0,0,0,7627949,7627949,2939
56961,246,159,1040,3,0,11200,0,0,0,7630633,7630633,2939
56976,246,221,1040,3,0,11200,0,0,0,7633037,7633037,2939
56991,246,270,1040,3,0,11200,0,0,0,7635219,7635219,2939
57006,246,357,1040,3,0,11200,0,0,0,7637309,7637309,2939
57022,246,417,1040,3,0,11200,0,0,0,7639486,7639486,2939
57037,246,470,1040,3,0,11200,0,0,0,7641239,7641239,2939
57052,246,515,1040,3,0,11200,0,0,0,7642982,7642982,2939
57067,246,585,1040,3,0,11200,0,0,0,7644937,7644937,2939
57084,246,641,1040,3,0,11200,0,0,0,7647030,7647030,2939
57099,246,728,1040,3,0,11200,0,0,0,7648987,7648987,2939
57115,246,835,1040,3,0,11200,0,0,0,7651149,7651149,2939
57130,246,894,1040,3,0,11200,0,0,0,7652935,7652935,2939
57146,246,972,1040,3,0,11200,0,0,0,7655128,7655128,2939
57162,247,1033,1040,3,0,11200,0,0,0,7656834,7656834,2939
57177,247,59,1040,3,0,11200,0,0,0,7659249,7659249,2939
57192,247,141,1040,3,0,11200,0,0,0,7661590,7661590,2939
57208,247,189,1040,3,0,11200,0,0,0,7663838,7663838,2939
57223,247,246,1040,3,0,11200,0,0,0,7666070,7666070,2939
57238,247,310,1040,3,0,11200,0,0,0,7668195,7668195,2939
57254,247,370,1040,3,0,11200,0,0,0,7670288,7670288,2939
57269,247,435,1040,3,0,11200,0,0,0,7672342,7672342,2939
57285,247,497,1040,3,0,11200,0,0,0,7674259,7674259,2939
57301,247,537,1040,3,0,11200,0,0,0,7676102,7676102,2939
57317,247,590,1040,3,0,11200,0,0,0,7677798,7677798,2939
57332,247,652,1040,3,0,11200,0,0,0,7679736,7679736,2939
57347,247,713,1040,3,0,11200,0,0,0,7681682,7681682,2939
57362,247,791,1040,3,0,11200,0,0,0,7683562,7683562,2939
57377,247,862,1040,3,0,11200,0,0,0,7685501,7685501,2939
57396,247,890,1040,3,0,11200,0,0,0,7686746,7686746,2939
57411,247,980,1040,3,0,11200,0,0,0,7688962,7688962,2939
57426,248,0,1040,2,0,11200,0,0,0,7690823,7690823,2939
57441,248,83,1040,2,0,11200,0,0,0,7693067,7693067,2939
57457,248,159,1040,2,0,11200,0,0,0,7695783,7695783,2939
57472,248,215,1040,2,0,11200,0,0,0,7697969,7697969,2939
57487,248,263,1040,2,0,11200,0,0,0,7700119,7700119,2939
57503,248,333,1040,2,0,11200,0,0,0,7702207,7702207,2939
57518,248,411,1040,2,0,11200,0,0,0,7704323,7704323,2939
57533,248,464,1040,2,0,11200,0,0,0,7706351,7706351,2939
57548,248,513,1040,2,0,11200,0,0,0,7708201,7708201,2939
57564,248,556,1040,2,0,11200,0,0,0,7709685,7709685,2939
57579,248,616,1040,2,0,11200,0,0,0,7711900,7711900,2939
57595,248,686,1040,2,0,11200,0,0,0,7714170,7714170,2939
57611,248,752,1040,2,0,11200,0,0,0,7716246,7716246,2939
57627,248,820,1040,2,0,11200,0,0,0,7718178,7718178,2939
57643,248,886,1040,2,0,11200,0,0,0,7719699,7719699,2939
57658,248,948,1040,2,0,11200,0,0,0,7721651,7721651,2939
57673,249,1022,1040,2,0,11200,0,0,0,7723567,7723567,2939
57689,249,59,1040,2,0,11200,0,0,0,7725907,7725907,2939
57705,249,154,1040,2,0,11200,0,0,0,7728385,7728385,2939
57720,249,214,1040,2,0,11200,0,0,0,7730669,7730669,2939
57735,249,259,1040,2,0,11200,0,0,0,7733042,7733042,2939
57751,249,330,1040,2,0,11200,0,0,0,7735211,7735211,2939
57766,249,401,1040,2,0,11200,0,0,0,7737408,7737408,2939
57782,249,461,1040,2,0,11200,0,0,0,7739301,7739301,2939
57797,249,514,1040,2,0,11200,0,0,0,7741289,7741289,2939
57812,249,563,1040,2,0,11200,0,0,0,7742821,7742821,2939
57827,249,614,1040,2,0,11200,0,0,0,7744845,7744845,2939
57842,249,677,1040,2,0,11200,0,0,0,7746683,7746683,2939
57857,249,749,1040,2,0,11200,0,0,0,7748508,7748508,2939
57872,249,824,1040,2,0,11200,0,0,0,7750281,7750281,2939
57887,249,894,1040,2,0,11200,0,0,0,7752091,7752091,2939
57902,249,937,1040,2,0,11200,0,0,0,7753834,7753834,2939
57918,250,1016,1040,2,0,11200,0,0,0,7755949,7755949,2939
57933,250,46,1040,2,0,11200,0,0,0,7758196,7758196,2939
57949,250,146,1040,2,0,11200,0,0,0,7760606,7760606,2939
57964,250,196,1040,2,0,11200,0,0,0,7762759,7762759,2939
57980,250,251,1040,2,0,11200,0,0,0,7765049,7765049,2939
57995,250,309,1040,2,0,11200,0,0,0,7767069,7767069,2939
58011,250,382,1040,2,0,11200,0,0,0,7769052,7769052,2939
58027,250,451,1040,2,0,11200,0,0,0,7771157,7771157,2939
58042,250,522,1040,2,0,11200,0,0,0,7773233,7773233,2939
58061,250,571,1040,2,0,11200,0,0,0,7774697,7774697,2939
58076,250,621,1040,2,0,11200,0,0,0,7776462,7776462,2939
58091,250,689,1040,2,0,11200,0,0,0,7778427,7778427,2939
58107,250,768,1040,2,0,11200,0,0,0,7780207,7780207,2939
58122,250,848,1040,2,0,11200,0,0,0,7782105,7782105,2939
58137,250,896,1040,2,0,11200,0,0,0,7783654,7783654,2939
58152,250,957,1040,2,0,11200,0,0,0,7785443,7785443,2939
58169,251,1033,1040,2,0,11200,0,0,0,7787446,7787446,2939
58184,251,47,1040,2,0,11200,0,0,0,7789407,7789407,2939
58199,251,150,1040,2,0,11200,0,0,0,7791839,7791839,2939
58214,251,201,1040,2,0,11200,0,0,0,7793969,7793969,2939
58229,251,250,1040,2,0,11200,0,0,0,7796148,7796148,2939
58245,251,323,1040,2,0,11200,0,0,0,7798385,7798385,2939
58260,251,382,1040,2,0,11200,0,0,0,7800289,7800289,2939
58275,251,452,1040,2,0,11200,0,0,0,7802432,7802432,2939
58290,251,515,1040,2,0,11200,0,0,0,7804536,7804536,2939
58307,251,571,1040,2,0,11200,0,0,0,7806231,7806231,2939
58323,251,625,1040,2,0,11200,0,0,0,7808311,7808311,2939
58338,251,695,1040,2,0,11200,0,0,0,7810171,7810171,2939
58353,251,776,1040,2,0,11200,0,0,0,7811959,7811959,2939
58369,251,862,1040,2,0,11200,0,0,0,7813775,7813775,2939
58385,251,902,1040,2,0,11200,0,0,0,7815550,7815550,2939
58400,251,985,1040,2,0,11200,0,0,0,7817629,7817629,2939
58415,252,25,1040,2,0,11200,0,0,0,7819816,7819816,2939
58431,252,118,1040,2,0,11200,0,0,0,7822045,7822045,2939
58446,252,181,1040,2,0,11200,0,0,0,7824442,7824442,2939
58461,252,224,1040,2,0,11200,0,0,0,7826560,7826560,2939
58477,252,291,1040,2,0,11200,0,0,0,7828738,7828738,2939
58492,252,366,1040,2,0,11200,0,0,0,7830942,7830942,2939
58508,252,423,1040,2,0,11200,0,0,0,7832734,7832734,2939
58523,252,479,1040,2,0,11200,0,0,0,7834817,7834817,2939
58538,252,552,1040,2,0,11200,0,0,0,7836872,7836872,2939
58554,252,607,1040,2,0,11200,0,0,0,7838805,7838805,2939
58569,252,669,1040,2,0,11200,0,0,0,7840674,7840674,2939
58584,252,730,1040,2,0,11200,0,0,0,7842385,7842385,2939
58600,252,807,1040,2,0,11200,0,0,0,7844284,7844284,2939
58615,252,881,1040,2,0,11200,0,0,0,7846305,7846305,2939
58630,252,929,1040,2,0,11200,0,0,0,7848222,7848222,2939
58646,253,1013,1041,3,0,11200,0,0,0,7850162,7850162,2939
58662,253,22,1041,3,0,11200,0,0,0,7852143,7852143,2939
58677,253,126,1041,3,0,11200,0,0,0,7854402,7854402,2939
58692,253,176,1041,3,0,11200,0,0,0,7856913,7856913,2939
58708,253,234,1041,3,0,11200,0,0,0,7859204,7859204,2939
58723,253,309,1041,3,0,11200,0,0,0,7861389,7861389,2939
58739,253,378,1041,3,0,11200,0,0,0,7863439,7863439,2939
58754,253,450,1041,3,0,11200,0,0,0,7865689,7865689,2939
58769,253,505,1041,3,0,11200,0,0,0,7867734,7867734,2939
58785,253,556,1041,3,0,11200,0,0,0,7869431,7869431,2939
58800,253,607,1041,3,0,11200,0,0,0,7871322,7871322,2939
58815,253,654,1041,3,0,11200,0,0,0,7873369,7873369,2939
58831,253,716,1041,3,0,11200,0,0,0,7875330,7875330,2939
58846,253,794,1041,3,0,11200,0,0,0,7877072,7877072,2939
58861,253,876,1041,3,0,11200,0,0,0,7878896,7878896,2939
58877,253,920,1041,3,0,11200,0,0,0,7880705,7880705,2939
58893,253,998,1041,3,0,11200,0,0,0,7882723,7882723,2939
58909,254,1030,1041,3,0,11200,0,0,0,7884314,7884314,2939
58924,254,52,1041,2,0,11200,0,0,0,7886567,7886567,2939
58940,254,142,1041,2,0,11200,0,0,0,7888946,7888946,2939
58955,254,195,1041,2,0,11200,0,0,0,7891177,7891177,2939
58971,254,251,1041,2,0,11200,0,0,0,7893515,7893515,2939
58986,254,333,1041,2,0,11200,0,0,0,7895636,7895636,2939
59001,254,401,1041,2,0,11200,0,0,0,7897503,7897503,2939
59016,254,458,1041,2,0,11200,0,0,0,7899551,7899551,2939
59032,254,517,1041,2,0,11200,0,0,0,7901868,7901868,2939
59047,254,581,1041,2,0,11200,0,0,0,7903499,7903499,2939
59062,254,631,1041,2,0,11200,0,0,0,7905402,7905402,2939
59078,254,699,1041,2,0,11200,0,0,0,7907428,7907428,2939
59093,254,778,1041,2,0,11200,0,0,0,7909336,7909336,2939
59108,254,839,1041,2,0,11200,0,0,0,7911087,7911087,2939
59123,254,901,1041,2,0,11200,0,0,0,7912991,7912991,2939
59139,254,950,1041,2,0,11200,0,0,0,7914562,7914562,2939
59154,255,1021,1041,2,0,11200,0,0,0,7916298,7916298,2939
59170,255,44,1041,2,0,11200,0,0,0,7918391,7918391,2939
59186,255,138,1041,2,0,11200,0,0,0,7920862,7920862,2939
59201,255,188,1041,2,0,11200,0,0,0,7923100,7923100,2939
59216,255,243,1041,2,0,11200,0,0,0,7925236,7925236,2939
59231,255,303,1041,2,0,11200,0,0,0,7927439,7927439,2939
59246,255,381,1041,2,0,11200,0,0,0,7929600,7929600,2939
59262,255,438,1041,2,0,11200,0,0,0,7931604,7931604,2939
59277,255,499,1041,2,0,11200,0,0,0,7933698,7933698,2939
59292,255,563,1041,2,0,11200,0,0,0,7935854,7935854,2939
59307,255,618,1041,2,0,11200,0,0,0,7937759,7937759,2939
59322,255,695,1041,2,0,11200,0,0,0,7939945,7939945,2939
59338,255,784,1041,2,0,11200,0,0,0,7941850,7941850,2939
59353,255,869,1041,2,0,11200,0,0,0,7943761,7943761,2939
59368,255,915,1041,2,0,11200,0,0,0,7945304,7945304,2939
59384,255,988,1041,2,0,11200,0,0,0,7947057,7947057,2939
59399,256,1031,1041,2,0,11200,0,0,0,7948702,7948702,2939
59414,256,46,1041,2,0,11200,0,0,0,7950880,7950880,2939
59429,256,131,1041,2,0,11200,0,0,0,7953324,7953324,2939
59445,256,195,1041,2,0,11200,0,0,0,7955451,7955451,2939
59460,256,237,1041,2,0,11200,0,0,0,7957612,7957612,2939
59475,256,301,1041,2,0,11200,0,0,0,7959899,7959899,2939
59490,256,378,1041,2,0,11200,0,0,0,7961985,7961985,2939
59505,256,438,1041,2,0,11200,0,0,0,7964049,7964049,2939
59521,256,502,1041,2,0,11200,0,0,0,7966098,7966098,2939
59537,256,568,1041,2,0,11200,0,0,0,7968232,7968232,2939
59552,256,624,1041,2,0,11200,0,0,0,7970446,7970446,2939
59567,256,696,1041,2,0,11200,0,0,0,7972538,7972538,2939
59582,256,778,1041,2,0,11200,0,0,0,7974487,7974487,2939
59597,256,861,1041,2,0,11200,0,0,0,7976293,7976293,2939
59613,256,920,1041,2,0,11200,0,0,0,7978290,7978290,2939
59628,256,998,1041,2,0,11200,0,0,0,7980053,7980053,2939
59643,257,12,1041,2,0,11200,0,0,0,7981890,7981890,2939
59659,257,105,1041,2,0,11200,0,0,0,7984029,7984029,2939
59674,257,169,1041,2,0,11200,0,0,0,7986560,7986560,2939
59689,257,219,1041,2,0,11200,0,0,0,7988752,7988752,2939
59704,257,286,1041,2,0,11200,0,0,0,7990897,7990897,2939
59719,257,363,1041,2,0,11200,0,0,0,7992938,7992938,2939
59735,257,433,1041,2,0,11200,0,0,0,7994923,7994923,2939
59750,257,489,1041,2,0,11200,0,0,0,7996900,7996900,2939
59765,257,534,1042,3,0,11200,0,0,0,7998853,7998853,2939
59781,257,590,1042,3,0,11200,0,0,0,8000723,8000723,2939
59796,257,647,1042,3,0,11200,0,0,0,8002621,8002621,2939
59812,257,724,1042,3,0,11200,0,0,0,8004736,8004736,2939
59827,257,799,1042,3,0,11200,0,0,0,8006795,8006795,2939
59842,257,879,1042,3,0,11200,0,0,0,8008729,8008729,2939
59858,257,900,1042,3,0,11200,0,0,0,8009829,8009829,2939
59873,257,979,1042,3,0,11200,0,0,0,8011941,8011941,2939
59888,258,1025,1042,3,0,11200,0,0,0,8013709,8013709,2939
59904,258,83,1042,3,0,11200,0,0,0,8015911,8015911,2939
59919,258,143,1042,3,0,11200,0,0,0,8018372,8018372,2939
59934,258,198,1042,3,0,11200,0,0,0,8020713,8020713,2939
59949,258,250,1042,3,0,11200,0,0,0,8023005,8023005,2939
59965,258,310,1042,3,0,11200,0,0,0,8024824,8024824,2939
59980,258,383,1042,3,0,11200,0,0,0,8026901,8026901,2939
59995,258,462,1042,3,0,11200,0,0,0,8028986,8028986,2939
60011,258,513,1042,3,0,11200,0,0,0,8031150,8031150,2939
60026,258,577,1042,3,0,11200,0,0,0,8032816,8032816,2939
60042,258,636,1042,3,0,11200,0,0,0,8034770,8034770,2939
60057,258,704,1042,3,0,11200,0,0,0,8036702,8036702,2939
60072,258,786,1042,3,0,11200,0,0,0,8038687,8038687,2939
60087,258,856,1042,3,0,11200,0,0,0,8040461,8040461,2939
60104,258,890,1042,3,0,11200,0,0,0,8041648,8041648,2939
60121,258,961,1042,3,0,11200,0,0,0,8043449,8043449,2939
60136,259,3,1042,3,0,11200,0,0,0,8045559,8045559,2939
60151,259,86,1042,3,0,11200,0,0,0,8047734,8047734,2939
60166,259,154,1042,3,0,11200,0,0,0,8050100,8050100,2939
60182,259,209,1042,3,0,11200,0,0,0,8052189,8052189,2939
60197,259,254,1042,3,0,11200,0,0,0,8054444,8054444,2939
60213,259,317,1042,3,0,11200,0,0,0,8056694,8056694,2939
60229,259,397,1042,3,0,11200,0,0,0,8058834,8058834,2939
60245,259,461,1042,3,0,11200,0,0,0,8060927,8060927,2939
60260,259,511,1042,3,0,11200,0,0,0,8063133,8063133,2939
60275,259,556,1042,3,0,11200,0,0,0,8064626,8064626,2939
60291,259,609,1042,3,0,11200,0,0,0,8066550,8066550,2939
60306,259,691,1042,3,0,11200,0,0,0,8068795,8068795,2939
60322,259,752,1042,3,0,11200,0,0,0,8070665,8070665,2939
60337,259,844,1042,3,0,11200,0,0,0,8072449,8072449,2939
60352,259,901,1042,3,0,11200,0,0,0,8074253,8074253,2939
60368,259,993,1042,3,0,11200,0,0,0,8076346,8076346,2939
60383,260,11,1042,3,0,11200,0,0,0,8078438,8078438,2939
60398,260,105,1042,3,0,11200,0,0,0,8080341,8080341,2939
60413,260,171,1042,3,0,11200,0,0,0,8082864,8082864,2939
60429,260,229,1042,3,0,11200,0,0,0,8085006,8085006,2939
60444,260,284,1042,3,0,11200,0,0,0,8087171,8087171,2939
60459,260,372,1042,3,0,11200,0,0,0,8089371,8089371,2939
60475,260,433,1042,3,0,11200,0,0,0,8091226,8091226,2939
60490,260,482,1042,3,0,11200,0,0,0,8093092,8093092,2939
60505,260,536,1042,3,0,11200,0,0,0,8095000,8095000,2939
60520,260,565,1042,3,0,11200,0,0,0,8095867,8095867,2939
60535,260,619,1042,3,0,11200,0,0,0,8097709,8097709,2939
60551,260,693,1042,3,0,11200,0,0,0,8099738,8099738,2939
60566,260,777,1042,3,0,11200,0,0,0,8101625,8101625,2939
60581,260,848,1042,3,0,11200,0,0,0,8103617,8103617,2939
60596,260,900,1042,3,0,11200,0,0,0,8105364,8105364,2939
60612,260,983,1042,3,0,11200,0,0,0,8107553,8107553,2939
60627,261,29,1042,3,0,11200,0,0,0,8109938,8109938,2939
60642,261,120,1042,3,0,11200,0,0,0,8112030,8112030,2939
60657,261,174,1042,3,0,11200,0,0,0,8114512,8114512,2939
60672,261,227,1042,3,0,11200,0,0,0,8116401,8116401,2939
60687,261,282,1042,3,0,11200,0,0,0,8118535,8118535,2939
60703,261,367,1042,3,0,11200,0,0,0,8120527,8120527,2939
60718,261,419,1042,3,0,11200,0,0,0,8122349,8122349,2939
60733,261,475,1042,3,0,11200,0,0,0,8124359,8124359,2939
60748,261,534,1042,3,0,11200,0,0,0,8126429,8126429,2939
60766,261,571,1042,3,0,11200,0,0,0,8127415,8127415,2939
60782,261,635,1042,3,0,11200,0,0,0,8129574,8129574,2939
60797,261,707,1042,3,0,11200,0,0,0,8131655,8131655,2939
60812,261,792,1042,3,0,11200,0,0,0,8133501,8133501,2939
60828,261,868,1042,3,0,11200,0,0,0,8135440,8135440,2939
60843,261,912,1042,3,0,11200,0,0,0,8137242,8137242,2939
60858,261,984,1042,3,0,11200,0,0,0,8139038,8139038,2939
60873,262,9,1042,3,0,11200,0,0,0,8140994,8140994,2939
60888,262,87,1042,3,0,11200,0,0,0,8143207,8143207,2939
60903,262,166,1042,3,0,11200,0,0,0,8145799,8145799,2939
60919,262,222,1042,3,0,11200,0,0,0,8148218,8148218,2939
60935,262,269,1042,3,0,11200,0,0,0,8150368,8150368,2939
60951,262,358,1042,3,0,11200,0,0,0,8152725,8152725,2939
60966,262,434,1042,3,0,11200,0,0,0,8154641,8154641,2939
60982,262,482,1042,3,0,11200,0,0,0,8156553,8156553,2939
61002,262,537,1042,3,0,11200,0,0,0,8158810,8158810,2939
61017,262,595,1042,3,0,11200,0,0,0,8160757,8160757,2939
61033,262,653,1042,3,0,11200,0,0,0,8162844,8162844,2939
61048,262,731,1042,3,0,11200,0,0,0,8164951,8164951,2939
61063,262,802,1042,3,0,11200,0,0,0,8166855,8166855,2939
61079,262,882,1042,3,0,11200,0,0,0,8168824,8168824,2939
61094,262,951,1042,3,0,11200,0,0,0,8170817,8170817,2939
61110,263,1014,1042,3,0,11200,0,0,0,8172538,8172538,2939
61126,263,38,1042,3,0,11200,0,0,0,8174883,8174883,2939
61141,263,129,1042,3,0,11200,0,0,0,8177097,8177097,2939
61156,263,183,1042,3,0,11200,0,0,0,8179356,8179356,2939
61172,263,231,1042,3,0,11200,0,0,0,8181376,8181376,2939
61187,263,300,1042,3,0,11200,0,0,0,8183580,8183580,2939
61202,263,367,1042,3,0,11200,0,0,0,8185679,8185679,2939
61218,263,423,1042,3,0,11200,0,0,0,8187512,8187512,2939
61233,263,482,1042,3,0,11200,0,0,0,8189403,8189403,2939
61248,263,545,1042,3,0,11200,0,0,0,8191575,8191575,2939
61263,263,603,1042,3,0,11200,0,0,0,8193279,8193279,2939
61278,263,653,1042,3,0,11200,0,0,0,8195014,8195014,2939
61293,263,710,1042,3,0,11200,0,0,0,8196891,8196891,2939
61308,263,784,1042,3,0,11200,0,0,0,8198655,8198655,2939
61324,263,858,1042,3,0,11200,0,0,0,8200318,8200318,2939
61339,263,896,1042,3,0,11200,0,0,0,8201805,8201805,2939
61356,263,961,1042,3,0,11200,0,0,0,8203928,8203928,2939
61371,264,1033,1042,3,0,11200,0,0,0,8205989,8205989,2939
61386,264,78,1042,3,0,11200,0,0,0,8208382,8208382,2939
61402,264,166,1042,3,0,11200,0,0,0,8210857,8210857,2939
61417,264,221,1042,3,0,11200,0,0,0,8213088,8213088,2939
61432,264,291,1042,3,0,11200,0,0,0,8215359,8215359,2939
61448,264,371,1042,3,0,11200,0,0,0,8217439,8217439,2939
61463,264,420,1042,3,0,11200,0,0,0,8219365,8219365,2939
61478,264,481,1042,3,0,11200,0,0,0,8221359,8221359,2939
61493,264,539,1042,3,0,11200,0,0,0,8223503,8223503,2939
61509,264,603,1042,3,0,11200,0,0,0,8225138,8225138,2939
61524,264,671,1042,3,0,11200,0,0,0,8227245,8227245,2939
61539,264,735,1042,3,0,11200,0,0,0,8229121,8229121,2939
61554,264,837,1042,3,0,11200,0,0,0,8231184,8231184,2939
61569,264,893,1042,3,0,11200,0,0,0,8232802,8232802,2939
61585,264,961,1042,3,0,11200,0,0,0,8234761,8234761,2939
61600,265,1033,1042,3,0,11200,0,0,0,8236720,8236720,2939
61615,265,98,1042,3,0,11200,0,0,0,8239024,8239024,2939
61631,265,157,1042,3,0,11200,0,0,0,8241742,8241742,2939
61646,265,203,1042,3,0,11200,0,0,0,8243914,8243914,2939
61662,265,249,1042,3,0,11200,0,0,0,8246106,8246106,2939
61677,265,310,1042,3,0,11200,0,0,0,8248120,8248120,2939
61692,265,377,1042,3,0,11200,0,0,0,8249962,8249962,2939
61708,265,433,1042,3,0,11200,0,0,0,8251964,8251964,2939
61724,265,482,1042,3,0,11200,0,0,0,8253953,8253953,2939
61739,265,535,1042,3,0,11200,0,0,0,8255750,8255750,2939
61754,265,605,1042,3,0,11200,0,0,0,8257708,8257708,2939
61769,265,647,1042,3,0,11200,0,0,0,8259587,8259587,2939
61785,265,724,1042,3,0,11200,0,0,0,8261761,8261761,2939
61800,265,807,1042,3,0,11200,0,0,0,8263590,8263590,2939
61818,265,886,1042,3,0,11200,0,0,0,8265515,8265515,2939
61833,265,943,1042,3,0,11200,0,0,0,8267471,8267471,2939
61849,266,1023,1042,3,0,11200,0,0,0,8269377,8269377,2939
61864,266,46,1042,3,0,11200,0,0,0,8271538,8271538,2939
61879,266,141,1042,3,0,11200,0,0,0,8274196,8274196,2939
61894,266,196,1042,3,0,11200,0,0,0,8276440,8276440,2939
61910,266,251,1042,3,0,11200,0,0,0,8278688,8278688,2939
61925,266,317,1042,3,0,11200,0,0,0,8280894,8280894,2939
61940,266,381,1042,3,0,11200,0,0,0,8282721,8282721,2939
61956,266,439,1042,3,0,11200,0,0,0,8284730,8284730,2939
61971,266,502,1042,3,0,11200,0,0,0,8286706,8286706,2939
61986,266,557,1042,3,0,11200,0,0,0,8288512,8288512,2939
62001,266,609,1042,3,0,11200,0,0,0,8290219,8290219,2939
62016,266,689,1042,3,0,11200,0,0,0,8292257,8292257,2939
62032,266,770,1042,3,0,11200,0,0,0,8294224,8294224,2939
62047,266,856,1042,3,0,11200,0,0,0,8296169,8296169,2939
62063,266,918,1042,3,0,11200,0,0,0,8298191,8298191,2939
62080,266,996,1042,3,0,11200,0,0,0,8300035,8300035,2939
62095,267,14,1042,3,0,11200,0,0,0,8302196,8302196,2939
62110,267,112,1042,3,0,11200,0,0,0,8304339,8304339,2939
62125,267,173,1042,3,0,11200,0,0,0,8306721,8306721,2939
62141,267,231,1042,3,0,11200,0,0,0,8308837,8308837,2939
62156,267,285,1042,3,0,11200,0,0,0,8311149,8311149,2939
62172,267,345,1042,3,0,11200,0,0,0,8313121,8313121,2939
62187,267,412,1042,3,0,11200,0,0,0,8315171,8315171,2939
62202,267,473,1042,3,0,11200,0,0,0,8317109,8317109,2939
62218,267,526,1042,3,0,11200,0,0,0,8319205,8319205,2939
62233,267,596,1042,3,0,11200,0,0,0,8321185,8321185,2939
62249,267,652,1042,3,0,11200,0,0,0,8323321,8323321,2939
62264,267,711,1042,3,0,11200,0,0,0,8325040,8325040,2939
62279,267,784,1042,3,0,11200,0,0,0,8326928,8326928,2939
62294,267,869,1042,3,0,11200,0,0,0,8328743,8328743,2939
62316,267,890,1042,3,0,11200,0,0,0,8329636,8329636,2939
62332,267,961,1042,3,0,11200,0,0,0,8331632,8331632,2939
62347,268,1027,1042,3,0,11200,0,0,0,8333489,8333489,2939
62363,268,43,1042,2,0,11200,0,0,0,8335513,8335513,2939
62378,268,132,1042,2,0,11200,0,0,0,8337821,8337821,2939
62393,268,186,1042,2,0,11200,0,0,0,8339964,8339964,2939
62408,268,235,1042,2,0,11200,0,0,0,8341939,8341939,2939
62424,268,303,1042,2,0,11200,0,0,0,8344122,8344122,2939
62440,268,380,1042,2,0,11200,0,0,0,8346191,8346191,2939
62455,268,434,1042,2,0,11200,0,0,0,8348033,8348033,2939
62470,268,492,1042,2,0,11200,0,0,0,8349963,8349963,2939
62485,268,560,1042,2,0,11200,0,0,0,8352127,8352127,2939
62501,268,616,1042,2,0,11200,0,0,0,8353959,8353959,2939
62516,268,671,1042,2,0,11200,0,0,0,8355985,8355985,2939
62532,268,729,1042,2,0,11200,0,0,0,8357985,8357985,2939
62547,268,818,1042,2,0,11200,0,0,0,8360078,8360078,2939
62562,268,887,1042,2,0,11200,0,0,0,8362172,8362172,2939
62577,268,951,1042,2,0,11200,0,0,0,8364095,8364095,2939
62592,269,1022,1042,2,0,11200,0,0,0,8366128,8366128,2939
62608,269,52,1042,2,0,11200,0,0,0,8368376,8368376,2939
62623,269,145,1042,2,0,11200,0,0,0,8370859,8370859,2939
62638,269,203,1042,2,0,11200,0,0,0,8373054,8373054,2939
62653,269,251,1042,2,0,11200,0,0,0,8375491,8375491,2939
62669,269,314,1042,2,0,11200,0,0,0,8377461,8377461,2939
62684,269,377,1042,2,0,11200,0,0,0,8379574,8379574,2939
62700,269,447,1042,2,0,11200,0,0,0,8381652,8381652,2939
62715,269,500,1042,2,0,11200,0,0,0,8383601,8383601,2939
62731,269,537,1042,2,0,11200,0,0,0,8385064,8385064,2939
62746,269,607,1042,2,0,11200,0,0,0,8386984,8386984,2939
62762,269,652,1042,2,0,11200,0,0,0,8388694,8388694,2939
62777,269,731,1042,2,0,11200,0,0,0,8390627,8390627,2939
62792,269,815,1042,2,0,11200,0,0,0,8392455,8392455,2939
62807,269,881,1042,2,0,11200,0,0,0,8394437,8394437,2939
62822,269,938,1042,2,0,11200,0,0,0,8396395,8396395,2939
62837,270,1011,1042,2,0,11200,0,0,0,8398077,8398077,2939
62852,270,23,1042,2,0,11200,0,0,0,8400130,8400130,2939
62867,270,115,1042,2,0,11200,0,0,0,8402377,8402377,2939
62883,270,171,1042,2,0,11200,0,0,0,8404732,8404732,2939
62898,270,226,1042,2,0,11200,0,0,0,8407004,8407004,2939
62913,270,284,1042,2,0,11200,0,0,0,8409139,8409139,2939
62929,270,371,1042,2,0,11200,0,0,0,8411224,8411224,2939
62944,270,435,1042,2,0,11200,0,0,0,8413341,8413341,2939
62960,270,492,1042,2,0,11200,0,0,0,8415141,8415141,2939
62982,270,537,1042,2,0,11200,0,0,0,8417219,8417219,2939
62997,270,604,1043,3,0,11200,0,0,0,8419325,8419325,2939
63012,270,664,1043,3,0,11200,0,0,0,8421245,8421245,2939
63028,270,725,1043,3,0,11200,0,0,0,8423166,8423166,2939
63043,270,799,1043,3,0,11200,0,0,0,8425124,8425124,2939
63058,270,876,1043,3,0,11200,0,0,0,8426961,8426961,2939
63074,270,915,1043,3,0,11200,0,0,0,8428525,8428525,2939
63089,270,1003,1043,3,0,11200,0,0,0,8430738,8430738,2939
63105,271,29,1043,3,0,11200,0,0,0,8433073,8433073,2939
63120,271,131,1043,3,0,11200,0,0,0,8435456,8435456,2939
63135,271,186,1043,3,0,11200,0,0,0,8437770,8437770,2939
63151,271,244,1043,3,0,11200,0,0,0,8439985,8439985,2939
63166,271,297,1043,3,0,11200,0,0,0,8442062,8442062,2939
63181,271,362,1043,3,0,11200,0,0,0,8444225,8444225,2939
63197,271,420,1043,3,0,11200,0,0,0,8446161,8446161,2939
63212,271,480,1043,3,0,11200,0,0,0,8448105,8448105,2939
63228,271,537,1043,3,0,11200,0,0,0,8450108,8450108,2939
63243,271,599,1043,3,0,11200,0,0,0,8451770,8451770,2939
63258,271,666,1043,3,0,11200,0,0,0,8453930,8453930,2939
63274,271,767,1043,3,0,11200,0,0,0,8456073,8456073,2939
63289,271,838,1043,3,0,11200,0,0,0,8457841,8457841,2939
63304,271,898,1043,3,0,11200,0,0,0,8459745,8459745,2939
63320,271,961,1043,3,0,11200,0,0,0,8461639,8461639,2939
63335,272,1042,1043,2,0,11200,0,0,0,8463699,8463699,2939
63350,272,105,1043,2,0,11200,0,0,0,8466029,8466029,2939
63366,272,166,1043,2,0,11200,0,0,0,8468558,8468558,2939
63381,272,219,1044,3,0,11200,0,0,0,8470846,8470846,2941
63396,272,264,1044,3,0,11200,0,0,0,8473038,8473038,2941
63411,272,335,1044,3,0,11200,0,0,0,8475193,8475193,2941
63427,272,401,1044,3,0,11200,0,0,0,8477148,8477148,2941
63443,272,450,1044,3,0,11200,0,0,0,8479048,8479048,2941
63458,272,509,1044,3,0,11200,0,0,0,8480975,8480975,2941
63473,272,554,1044,3,0,11200,0,0,0,8482421,8482421,2941
63488,272,618,1044,3,0,11200,0,0,0,8484133,8484133,2941
63504,272,698,1044,3,0,11200,0,0,0,8486277,8486277,2941
63519,272,784,1044,3,0,11200,0,0,0,8487978,8487978,2941
63535,272,856,1044,3,0,11200,0,0,0,8489572,8489572,2941
63551,272,918,1044,3,0,11200,0,0,0,8491585,8491585,2941
63566,272,998,1044,3,0,11200,0,0,0,8493426,8493426,2941
63581,273,22,1044,2,0,11200,0,0,0,8495651,8495651,2941
63596,273,127,1044,2,0,11200,0,0,0,8498098,8498098,2941
63612,273,184,1044,2,0,11200,0,0,0,8500382,8500382,2941
63627,273,230,1044,2,0,11200,0,0,0,8502584,8502584,2941
63642,273,291,1044,2,0,11200,0,0,0,8504948,8504948,2941
63657,273,366,1044,2,0,11200,0,0,0,8506940,8506940,2941
63673,273,420,1044,2,0,11200,0,0,0,8508965,8508965,2941
63688,273,489,1045,3,0,11200,0,0,0,8510837,8510837,2942
63703,273,545,1045,3,0,11200,0,0,0,8512689,8512689,2942
63719,273,604,1045,3,0,11200,0,0,0,8514667,8514667,2942
63735,273,674,1045,3,0,11200,0,0,0,8516839,8516839,2942
63750,273,767,1045,3,0,11200,0,0,0,8518761,8518761,2942
63765,273,848,1045,3,0,11200,0,0,0,8520680,8520680,2942
63780,273,893,1045,3,0,11200,0,0,0,8522119,8522119,2942
63796,273,963,1045,3,0,11200,0,0,0,8523934,8523934,2942
63811,274,1035,1045,3,0,11200,0,0,0,8525871,8525871,2942
63826,274,83,1045,2,0,11200,0,0,0,8528242,8528242,2942
63841,274,154,1045,2,0,11200,0,0,0,8530804,8530804,2942
63856,274,214,1045,2,0,11200,0,0,0,8533101,8533101,2942
63872,274,261,1045,2,0,11200,0,0,0,8535456,8535456,2942
63888,274,334,1045,2,0,11200,0,0,0,8537721,8537721,2942
63903,274,419,1045,2,0,11200,0,0,0,8539752,8539752,2942
63918,274,471,1045,2,0,11200,0,0,0,8541562,8541562,2942
63933,274,531,1045,2,0,11200,0,0,0,8543756,8543756,2942
63948,274,591,1046,3,0,11200,0,0,0,8545806,8545806,2942
63963,274,647,1046,3,0,11200,0,0,0,8547696,8547696,2942
63979,274,693,1046,3,0,11200,0,0,0,8549532,8549532,2942
63994,274,767,1046,3,0,11200,0,0,0,8551435,8551435,2942
64010,274,842,1046,3,0,11200,0,0,0,8553453,8553453,2942
64025,274,887,1046,3,0,11200,0,0,0,8555143,8555143,2942
64040,274,949,1046,3,0,11200,0,0,0,8557040,8557040,2942
64055,275,1021,1046,3,0,11200,0,0,0,8559051,8559051,2942
64070,275,42,1046,2,0,11200,0,0,0,8561295,8561295,2942
64086,275,131,1046,2,0,11200,0,0,0,8563648,8563648,2942
64101,275,189,1046,2,0,11200,0,0,0,8565919,8565919,2942
64116,275,232,1046,2,0,11200,0,0,0,8568019,8568019,2942
64131,275,286,1046,2,0,11200,0,0,0,8570404,8570404,2942
64146,275,367,1046,2,0,11200,0,0,0,8572476,8572476,2942
64162,275,422,1046,2,0,11200,0,0,0,8574297,8574297,2942
64177,275,500,1046,2,0,11200,0,0,0,8576313,8576313,2942
64195,275,537,1046,2,0,11200,0,0,0,8577885,8577885,2942
64211,275,604,1046,2,0,11200,0,0,0,8579783,8579783,2942
64226,275,669,1046,2,0,11200,0,0,0,8581746,8581746,2942
64241,275,732,1046,2,0,11200,0,0,0,8583771,8583771,2942
64256,275,802,1046,2,0,11200,0,0,0,8585881,8585881,2942
64271,275,869,1046,2,0,11200,0,0,0,8587572,8587572,2942
64287,275,911,1046,2,0,11200,0,0,0,8589087,8589087,2942
64302,275,993,1046,2,0,11200,0,0,0,8591237,8591237,2942
64317,276,1033,1046,2,0,11200,0,0,0,8592819,8592819,2942
64333,276,83,1047,3,0,11200,0,0,0,8595063,8595063,2942
64348,276,159,1047,3,0,11200,0,0,0,8597735,8597735,2942
64364,276,224,1047,3,0,11200,0,0,0,8600060,8600060,2942
64379,276,278,1047,3,0,11200,0,0,0,8602336,8602336,2942
64395,276,337,1047,3,0,11200,0,0,0,8604387,8604387,2942
64410,276,411,1047,3,0,11200,0,0,0,8606471,8606471,2942
64425,276,479,1047,3,0,11200,0,0,0,8608516,8608516,2942
64440,276,532,1047,3,0,11200,0,0,0,8610337,8610337,2942
64455,276,565,1047,3,0,11200,0,0,0,8611594,8611594,2942
64471,276,616,1047,3,0,11200,0,0,0,8613423,8613423,2942
64486,276,664,1047,3,0,11200,0,0,0,8615012,8615012,2942
64501,276,731,1047,3,0,11200,0,0,0,8616959,8616959,2942
64517,276,799,1047,3,0,11200,0,0,0,8618880,8618880,2942
64535,276,886,1047,3,0,11200,0,0,0,8620716,8620716,2942
64550,276,939,1047,3,0,11200,0,0,0,8622572,8622572,2942
64565,277,1015,1047,3,0,11200,0,0,0,8624734,8624734,2942
64581,277,42,1047,3,0,11200,0,0,0,8627106,8627106,2942
64596,277,151,1047,3,0,11200,0,0,0,8629589,8629589,2942
64611,277,209,1047,3,0,11200,0,0,0,8631630,8631630,2942
64626,277,259,1047,3,0,11200,0,0,0,8633751,8633751,2942
64641,277,337,1047,3,0,11200,0,0,0,8635924,8635924,2942
64656,277,415,1047,3,0,11200,0,0,0,8638077,8638077,2942
64672,277,471,1047,3,0,11200,0,0,0,8640109,8640109,2942
64687,277,527,1047,3,0,11200,0,0,0,8642324,8642324,2942
64702,277,583,1047,3,0,11200,0,0,0,8644026,8644026,2942
64718,277,631,1047,3,0,11200,0,0,0,8645915,8645915,2942
64734,277,696,1047,3,0,11200,0,0,0,8647823,8647823,2942
64749,277,760,1047,3,0,11200,0,0,0,8649460,8649460,2942
64764,277,846,1047,3,0,11200,0,0,0,8651255,8651255,2942
64780,277,892,1047,3,0,11200,0,0,0,8652780,8652780,2942
64795,277,960,1047,3,0,11200,0,0,0,8654754,8654754,2942
64811,278,1031,1047,3,0,11200,0,0,0,8656578,8656578,2942
64826,278,45,1047,3,0,11200,0,0,0,8658817,8658817,2942
64841,278,141,1047,3,0,11200,0,0,0,8661361,8661361,2942
64856,278,195,1047,3,0,11200,0,0,0,8663695,8663695,2942
64872,278,249,1047,3,0,11200,0,0,0,8665979,8665979,2942
64887,278,309,1047,3,0,11200,0,0,0,8668117,8668117,2942
64903,278,380,1047,3,0,11200,0,0,0,8670145,8670145,2942
64918,278,449,1047,3,0,11200,0,0,0,8672134,8672134,2942
64933,278,508,1047,3,0,11200,0,0,0,8674052,8674052,2942
64948,278,559,1047,3,0,11200,0,0,0,8676219,8676219,2942
64964,278,605,1047,3,0,11200,0,0,0,8677844,8677844,2942
64979,278,674,1047,3,0,11200,0,0,0,8680045,8680045,2942
64995,278,748,1047,3,0,11200,0,0,0,8682023,8682023,2942
65010,278,838,1047,3,0,11200,0,0,0,8684077,8684077,2942
65026,278,888,1047,3,0,11200,0,0,0,8685553,8685553,2942
65041,278,961,1047,3,0,11200,0,0,0,8687317,8687317,2942
65057,279,1018,1047,3,0,11200,0,0,0,8689422,8689422,2942
65072,279,31,1047,3,0,11200,0,0,0,8691861,8691861,2942
65087,279,135,1047,3,0,11200,0,0,0,8694425,8694425,2942
65102,279,196,1047,3,0,11200,0,0,0,8696739,8696739,2942
65117,279,248,1047,3,0,11200,0,0,0,8699079,8699079,2942
65132,279,312,1047,3,0,11200,0,0,0,8701155,8701155,2942
65148,279,380,1047,3,0,11200,0,0,0,8703101,8703101,2942
65163,279,435,1047,3,0,11200,0,0,0,8705253,8705253,2942
65178,279,482,1047,3,0,11200,0,0,0,8707084,8707084,2942
65194,279,533,1047,3,0,11200,0,0,0,8708970,8708970,2942
65209,279,575,1047,3,0,11200,0,0,0,8710290,8710290,2942
65224,279,631,1047,3,0,11200,0,0,0,8712414,8712414,2942
65240,279,706,1047,3,0,11200,0,0,0,8714581,8714581,2942
65255,279,786,1047,3,0,11200,0,0,0,8716492,8716492,2942
65271,279,876,1047,3,0,11200,0,0,0,8718525,8718525,2942
65286,279,924,1047,3,0,11200,0,0,0,8720263,8720263,2942
65301,279,1002,1047,3,0,11200,0,0,0,8721976,8721976,2942
65317,280,19,1047,3,0,11200,0,0,0,8724180,8724180,2942
65332,280,121,1047,3,0,11200,0,0,0,8726456,8726456,2942
65348,280,186,1047,3,0,11200,0,0,0,8728677,8728677,2942
65363,280,236,1047,3,0,11200,0,0,0,8730781,8730781,2942
65378,280,303,1047,3,0,11200,0,0,0,8733023,8733023,2942
65393,280,371,1047,3,0,11200,0,0,0,8735174,8735174,2942
65409,280,427,1047,3,0,11200,0,0,0,8736995,8736995,2942
65425,280,489,1047,3,0,11200,0,0,0,8739164,8739164,2942
65441,280,535,1047,3,0,11200,0,0,0,8741267,8741267,2942
65456,280,571,1047,3,0,11200,0,0,0,8742366,8742366,2942
65472,280,630,1047,3,0,11200,0,0,0,8744495,8744495,2942
65487,280,699,1047,3,0,11200,0,0,0,8746478,8746478,2942
65502,280,770,1047,3,0,11200,0,0,0,8748370,8748370,2942
65518,280,846,1047,3,0,11200,0,0,0,8750298,8750298,2942
65533,280,896,1047,3,0,11200,0,0,0,8752121,8752121,2942
65548,280,999,1047,3,0,11200,0,0,0,8754393,8754393,2942
65564,281,24,1047,3,0,11200,0,0,0,8756619,8756619,2942
65579,281,128,1047,3,0,11200,0,0,0,8758981,8758981,2942
65594,281,186,1047,3,0,11200,0,0,0,8761276,8761276,2942
65609,281,232,1047,3,0,11200,0,0,0,8763432,8763432,2942
65624,281,298,1047,3,0,11200,0,0,0,8765605,8765605,2942
65639,281,371,1047,3,0,11200,0,0,0,8767736,8767736,2942
65655,281,439,1047,3,0,11200,0,0,0,8769744,8769744,2942
65670,281,502,1047,3,0,11200,0,0,0,8771859,8771859,2942
65685,281,553,1047,3,0,11200,0,0,0,8773796,8773796,2942
65701,281,605,1047,3,0,11200,0,0,0,8775733,8775733,2942
65716,281,669,1047,3,0,11200,0,0,0,8777757,8777757,2942
65732,281,731,1047,3,0,11200,0,0,0,8779750,8779750,2942
65747,281,818,1047,3,0,11200,0,0,0,8781775,8781775,2942
65762,281,881,1047,3,0,11200,0,0,0,8783522,8783522,2942
65778,281,957,1047,3,0,11200,0,0,0,8785624,8785624,2942
65794,282,1017,1047,3,0,11200,0,0,0,8787423,8787423,2942
65809,282,42,1047,3,0,11200,0,0,0,8789795,8789795,2942
65824,282,140,1047,3,0,11200,0,0,0,8792219,8792219,2942
65839,282,201,1047,3,0,11200,0,0,0,8794549,8794549,2942
65856,282,259,1047,3,0,11200,0,0,0,8796776,8796776,2942
65871,282,335,1047,3,0,11200,0,0,0,8799022,8799022,2942
65887,282,402,1047,3,0,11200,0,0,0,8801191,8801191,2942
65902,282,464,1047,3,0,11200,0,0,0,8803107,8803107,2942
65917,282,525,1047,3,0,11200,0,0,0,8805100,8805100,2942
65932,282,554,1047,3,0,11200,0,0,0,8806205,8806205,2942
65947,282,597,1047,3,0,11200,0,0,0,8807876,8807876,2942
65963,282,653,1047,3,0,11200,0,0,0,8809693,8809693,2942
65978,282,730,1047,3,0,11200,0,0,0,8811614,8811614,2942
65993,282,821,1047,3,0,11200,0,0,0,8813631,8813631,2942
66010,282,886,1047,3,0,11200,0,0,0,8815558,8815558,2942
66026,282,927,1047,3,0,11200,0,0,0,8817409,8817409,2942
66041,282,1003,1047,3,0,11200,0,0,0,8819376,8819376,2942
66056,283,18,1047,3,0,11200,0,0,0,8821525,8821525,2942
66072,283,98,1047,3,0,11200,0,0,0,8823593,8823593,2942
66087,283,164,1047,3,0,11200,0,0,0,8826159,8826159,2942
66102,283,231,1047,3,0,11200,0,0,0,8828552,8828552,2942
66118,283,293,1047,3,0,11200,0,0,0,8830938,8830938,2942
66133,283,366,1047,3,0,11200,0,0,0,8833132,8833132,2942
66149,283,430,1047,3,0,11200,0,0,0,8835188,8835188,2942
66164,283,479,1047,3,0,11200,0,0,0,8837149,8837149,2942
66184,283,537,1047,3,0,11200,0,0,0,8839340,8839340,2942
66200,283,595,1047,3,0,11200,0,0,0,8841146,8841146,2942
66215,283,654,1047,3,0,11200,0,0,0,8843163,8843163,2942
66230,283,709,1047,3,0,11200,0,0,0,8844940,8844940,2942
66246,283,792,1047,3,0,11200,0,0,0,8846898,8846898,2942
66261,283,865,1047,3,0,11200,0,0,0,8848744,8848744,2942
66276,283,921,1047,3,0,11200,0,0,0,8850469,8850469,2942
66292,283,990,1047,3,0,11200,0,0,0,8852449,8852449,2942
66307,284,1035,1047,3,0,11200,0,0,0,8854147,8854147,2942
66322,284,83,1047,3,0,11200,0,0,0,8856486,8856486,2942
66337,284,159,1047,3,0,11200,0,0,0,8859209,8859209,2942
66353,284,217,1047,3,0,11200,0,0,0,8861541,8861541,2942
66369,284,279,1047,3,0,11200,0,0,0,8863937,8863937,2942
66384,284,358,1047,3,0,11200,0,0,0,8865979,8865979,2942
66399,284,420,1047,3,0,11200,0,0,0,8867860,8867860,2942
66415,284,482,1047,3,0,11200,0,0,0,8870059,8870059,2942
66431,284,532,1047,3,0,11200,0,0,0,8872152,8872152,2942
66448,284,571,1047,3,0,11200,0,0,0,8873611,8873611,2942
66463,284,621,1047,3,0,11200,0,0,0,8875303,8875303,2942
66478,284,696,1047,3,0,11200,0,0,0,8877371,8877371,2942
66494,284,751,1047,3,0,11200,0,0,0,8879081,8879081,2942
66509,284,822,1047,3,0,11200,0,0,0,8880898,8880898,2942
66529,284,886,1047,3,0,11200,0,0,0,8882736,8882736,2942
66544,284,951,1047,3,0,11200,0,0,0,8884667,8884667,2942
66559,285,1016,1047,3,0,11200,0,0,0,8886472,8886472,2942
66575,285,46,1048,4,0,11200,0,0,0,8888923,8888923,2942
66590,285,159,1048,4,0,11200,0,0,0,8891660,8891660,2942
66605,285,218,1048,4,0,11200,0,0,0,8894110,8894110,2942
66620,285,259,1048,4,0,11200,0,0,0,8896456,8896456,2942
66635,285,336,1048,4,0,11200,0,0,0,8898617,8898617,2942
66651,285,410,1048,4,0,11200,0,0,0,8900640,8900640,2942
66666,285,462,1048,4,0,11200,0,0,0,8902676,8902676,2942
66681,285,526,1048,4,0,11200,0,0,0,8904787,8904787,2942
66698,285,571,1048,4,0,11200,0,0,0,8906391,8906391,2942
66713,285,631,1048,4,0,11200,0,0,0,8908412,8908412,2942
66728,285,705,1048,4,0,11200,0,0,0,8910289,8910289,2942
66744,285,799,1048,4,0,11200,0,0,0,8912202,8912202,2942
66759,285,885,1048,4,0,11200,0,0,0,8914272,8914272,2942
66775,285,929,1048,4,0,11200,0,0,0,8915630,8915630,2942
66790,285,1002,1048,4,0,11200,0,0,0,8917457,8917457,2942
66805,286,12,1048,4,0,11200,0,0,0,8919548,8919548,2942
66820,286,116,1048,4,0,11200,0,0,0,8921863,8921863,2942
66835,286,168,1048,4,0,11200,0,0,0,8924229,8924229,2942
66850,286,232,1048,4,0,11200,0,0,0,8926482,8926482,2942
66865,286,305,1048,4,0,11200,0,0,0,8928711,8928711,2942
66881,286,366,1048,4,0,11200,0,0,0,8930793,8930793,2942
66896,286,420,1048,4,0,11200,0,0,0,8932660,8932660,2942
66911,286,486,1048,4,0,11200,0,0,0,8934864,8934864,2942
66928,286,537,1048,4,0,11200,0,0,0,8936844,8936844,2942
66943,286,596,1048,4,0,11200,0,0,0,8938367,8938367,2942
66959,286,670,1048,4,0,11200,0,0,0,8940314,8940314,2942
66974,286,732,1048,4,0,11200,0,0,0,8942179,8942179,2942
66989,286,807,1048,4,0,11200,0,0,0,8943915,8943915,2942
67004,286,880,1048,4,0,11200,0,0,0,8945748,8945748,2942
67020,286,937,1048,4,0,11200,0,0,0,8947604,8947604,2942
67035,286,1001,1048,4,0,11200,0,0,0,8949345,8949345,2942
67051,287,9,1048,4,0,11200,0,0,0,8951351,8951351,2942
67066,287,106,1048,4,0,11200,0,0,0,8953643,8953643,2942
67082,287,166,1048,4,0,11200,0,0,0,8955943,8955943,2942
67098,287,221,1048,4,0,11200,0,0,0,8958360,8958360,2942
67113,287,267,1048,4,0,11200,0,0,0,8960550,8960550,2942
67129,287,358,1048,4,0,11200,0,0,0,8962627,8962627,2942
67144,287,423,1048,4,0,11200,0,0,0,8964681,8964681,2942
67159,287,475,1048,4,0,11200,0,0,0,8966616,8966616,2942
67175,287,535,1048,4,0,11200,0,0,0,8968793,8968793,2942
67190,287,603,1048,4,0,11200,0,0,0,8970758,8970758,2942
67205,287,654,1048,4,0,11200,0,0,0,8972600,8972600,2942
67221,287,728,1048,4,0,11200,0,0,0,8974492,8974492,2942
67236,287,799,1048,4,0,11200,0,0,0,8976027,8976027,2942
67252,287,866,1048,4,0,11200,0,0,0,8977776,8977776,2942
67267,287,927,1048,4,0,11200,0,0,0,8979440,8979440,2942
67282,287,998,1048,4,0,11200,0,0,0,8981350,8981350,2942
67297,288,3,1048,4,0,11200,0,0,0,8983143,8983143,2942
67312,288,87,1048,4,0,11200,0,0,0,8985407,8985407,2942
67328,288,154,1048,4,0,11200,0,0,0,8987920,8987920,2942
67343,288,208,1048,4,0,11200,0,0,0,8990049,8990049,2942
67358,288,250,1048,4,0,11200,0,0,0,8992408,8992408,2942
67374,288,322,1048,4,0,11200,0,0,0,8994712,8994712,2942
67389,288,388,1048,4,0,11200,0,0,0,8996706,8996706,2942
67405,288,449,1048,4,0,11200,0,0,0,8998743,8998743,2942
67420,288,503,1048,4,0,11200,0,0,0,9000731,9000731,2942
67436,288,537,1048,4,0,11200,0,0,0,9002433,9002433,2942
67451,288,598,1048,4,0,11200,0,0,0,9004398,9004398,2942
67466,288,671,1048,4,0,11200,0,0,0,9006491,9006491,2942
67481,288,730,1048,4,0,11200,0,0,0,9008520,9008520,2942
67496,288,798,1048,4,0,11200,0,0,0,9010464,9010464,2942
67511,288,881,1048,4,0,11200,0,0,0,9012463,9012463,2942
67528,288,926,1048,4,0,11200,0,0,0,9014215,9014215,2942
67543,288,1005,1048,4,0,11200,0,0,0,9016241,9016241,2942
67559,289,10,1048,3,0,11200,0,0,0,9018263,9018263,2942
67574,289,101,1048,3,0,11200,0,0,0,9020562,9020562,2942
67590,289,157,1048,3,0,11200,0,0,0,9022950,9022950,2942
67605,289,212,1048,3,0,11200,0,0,0,9025044,9025044,2942
67620,289,265,1048,3,0,11200,0,0,0,9027388,9027388,2942
67635,289,348,1048,3,0,11200,0,0,0,9029571,9029571,2942
67650,289,417,1048,3,0,11200,0,0,0,9031440,9031440,2942
67665,289,471,1048,3,0,11200,0,0,0,9033381,9033381,2942
67681,289,527,1048,3,0,11200,0,0,0,9035136,9035136,2942
67696,289,589,1048,3,0,11200,0,0,0,9037082,9037082,2942
67711,289,630,1048,3,0,11200,0,0,0,9038867,9038867,2942
67727,289,677,1048,3,0,11200,0,0,0,9040608,9040608,2942
67742,289,751,1048,3,0,11200,0,0,0,9042582,9042582,2942
67758,289,822,1048,3,0,11200,0,0,0,9044149,9044149,2942
67773,289,888,1048,3,0,11200,0,0,0,9045993,9045993,2942
67789,289,950,1048,3,0,11200,0,0,0,9047872,9047872,2942
67804,290,1009,1048,3,0,11200,0,0,0,9049622,9049622,2942
67819,290,10,1049,4,0,11200,0,0,0,9051334,9051334,2942
67835,290,112,1049,4,0,11200,0,0,0,9053619,9053619,2942
67851,290,159,1049,4,0,11200,0,0,0,9055977,9055977,2942
67866,290,215,1049,4,0,11200,0,0,0,9058163,9058163,2942
67882,290,261,1049,4,0,11200,0,0,0,9060459,9060459,2942
67897,290,330,1049,4,0,11200,0,0,0,9062901,9062901,2942
67913,290,389,1049,4,0,11200,0,0,0,9065081,9065081,2942
67928,290,452,1049,4,0,11200,0,0,0,9066881,9066881,2942
67943,290,510,1049,4,0,11200,0,0,0,9068781,9068781,2942
67958,290,555,1049,4,0,11200,0,0,0,9070186,9070186,2942
67973,290,619,1049,4,0,11200,0,0,0,9072376,9072376,2942
67989,290,697,1049,4,0,11200,0,0,0,9074645,9074645,2942
68005,290,778,1049,4,0,11200,0,0,0,9076576,9076576,2942
68020,290,858,1049,4,0,11200,0,0,0,9078598,9078598,2942
68035,290,895,1049,4,0,11200,0,0,0,9080371,9080371,2942
68050,290,969,1049,4,0,11200,0,0,0,9082369,9082369,2942
68065,291,1027,1049,4,0,11200,0,0,0,9084255,9084255,2942
68081,291,47,1049,3,0,11200,0,0,0,9086499,9086499,2942
68096,291,133,1049,3,0,11200,0,0,0,9088874,9088874,2942
68111,291,186,1049,3,0,11200,0,0,0,9091008,9091008,2942
68127,291,236,1049,3,0,11200,0,0,0,9093325,9093325,2942
68142,291,301,1049,3,0,11200,0,0,0,9095509,9095509,2942
68157,291,367,1049,3,0,11200,0,0,0,9097559,9097559,2942
68172,291,439,1049,3,0,11200,0,0,0,9099566,9099566,2942
68188,291,501,1049,3,0,11200,0,0,0,9101532,9101532,2942
68203,291,542,1049,3,0,11200,0,0,0,9103250,9103250,2942
68218,291,585,1049,3,0,11200,0,0,0,9104667,9104667,2942
68234,291,632,1049,3,0,11200,0,0,0,9106783,9106783,2942
68249,291,704,1049,3,0,11200,0,0,0,9108887,9108887,2942
68264,291,791,1049,3,0,11200,0,0,0,9110816,9110816,2942
68280,291,862,1049,3,0,11200,0,0,0,9112716,9112716,2942
68295,291,920,1049,3,0,11200,0,0,0,9114595,9114595,2942
68311,291,1006,1049,3,0,11200,0,0,0,9116732,9116732,2942
68326,292,22,1049,3,0,11200,0,0,0,9118772,9118772,2942
68341,292,114,1049,3,0,11200,0,0,0,9120731,9120731,2942
68357,292,161,1049,3,0,11200,0,0,0,9123286,9123286,2942
68372,292,219,1049,3,0,11200,0,0,0,9125498,9125498,2942
68387,292,265,1049,3,0,11200,0,0,0,9127735,9127735,2942
68402,292,345,1049,3,0,11200,0,0,0,9129877,9129877,2942
68418,292,401,1049,3,0,11200,0,0,0,9131722,9131722,2942
68433,292,468,1049,3,0,11200,0,0,0,9133707,9133707,2942
68448,292,526,1049,3,0,11200,0,0,0,9135828,9135828,2942
68463,292,577,1049,3,0,11200,0,0,0,9137351,9137351,2942
68478,292,625,1049,3,0,11200,0,0,0,9139355,9139355,2942
68494,292,704,1049,3,0,11200,0,0,0,9141348,9141348,2942
68509,292,776,1049,3,0,11200,0,0,0,9143192,9143192,2942
68525,292,860,1049,3,0,11200,0,0,0,9145250,9145250,2942
68540,292,901,1049,3,0,11200,0,0,0,9146669,9146669,2942
68556,292,985,1050,4,0,11200,0,0,0,9148689,9148689,2942
68571,293,1045,1050,4,0,11200,0,0,0,9150675,9150675,2942
68587,293,87,1050,4,0,11200,0,0,0,9152967,9152967,2942
68602,293,159,1050,4,0,11200,0,0,0,9155558,9155558,2942
68617,293,217,1050,4,0,11200,0,0,0,9157857,9157857,2942
68633,293,267,1050,4,0,11200,0,0,0,9160142,9160142,2942
68648,293,348,1050,4,0,11200,0,0,0,9162360,9162360,2942
68664,293,420,1050,4,0,11200,0,0,0,9164324,9164324,2942
68679,293,486,1050,4,0,11200,0,0,0,9166421,9166421,2942
68695,293,537,1050,4,0,11200,0,0,0,9168127,9168127,2942
68710,293,609,1050,4,0,11200,0,0,0,9170299,9170299,2942
68725,293,671,1050,4,0,11200,0,0,0,9172360,9172360,2942
68740,293,755,1050,4,0,11200,0,0,0,9174280,9174280,2942
68756,293,845,1050,4,0,11200,0,0,0,9176100,9176100,2942
68771,293,889,1050,4,0,11200,0,0,0,9177872,9177872,2942
68786,293,957,1050,4,0,11200,0,0,0,9180093,9180093,2942
68801,294,1022,1050,4,0,11200,0,0,0,9182015,9182015,2942
68817,294,32,1050,4,0,11200,0,0,0,9184420,9184420,2942
68832,294,119,1050,4,0,11200,0,0,0,9186766,9186766,2942
68848,294,178,1050,4,0,11200,0,0,0,9189303,9189303,2942
68863,294,230,1050,4,0,11200,0,0,0,9191368,9191368,2942
68878,294,286,1050,4,0,11200,0,0,0,9193642,9193642,2942
68894,294,365,1050,4,0,11200,0,0,0,9196006,9196006,2942
68909,294,431,1050,4,0,11200,0,0,0,9198049,9198049,2942
68924,294,492,1050,4,0,11200,0,0,0,9199868,9199868,2942
68939,294,527,1050,4,0,11200,0,0,0,9201713,9201713,2942
68956,294,571,1050,4,0,11200,0,0,0,9202866,9202866,2942
68971,294,631,1050,4,0,11200,0,0,0,9204995,9204995,2942
68986,294,700,1050,4,0,11200,0,0,0,9207097,9207097,2942
69002,294,776,1050,4,0,11200,0,0,0,9209082,9209082,2942
69018,294,845,1050,4,0,11200,0,0,0,9210945,9210945,2942
69037,294,890,1050,4,0,11200,0,0,0,9212340,9212340,2942
69053,294,960,1050,4,0,11200,0,0,0,9214504,9214504,2942
69069,295,1015,1050,4,0,11200,0,0,0,9216233,9216233,2942
69084,295,30,1050,4,0,11200,0,0,0,9218401,9218401,2942
69099,295,121,1050,4,0,11200,0,0,0,9220548,9220548,2942
69114,295,185,1050,4,0,11200,0,0,0,9223049,9223049,2942
69129,295,241,1050,4,0,11200,0,0,0,9225230,9225230,2942
69145,295,314,1050,4,0,11200,0,0,0,9227567,9227567,2942
69161,295,389,1050,4,0,11200,0,0,0,9229808,9229808,2942
69176,295,456,1050,4,0,11200,0,0,0,9231760,9231760,2942
69192,295,517,1050,4,0,11200,0,0,0,9233732,9233732,2942
69207,295,556,1050,4,0,11200,0,0,0,9235291,9235291,2942
69222,295,605,1050,4,0,11200,0,0,0,9237002,9237002,2942
69237,295,664,1050,4,0,11200,0,0,0,9238810,9238810,2942
69252,295,711,1050,4,0,11200,0,0,0,9240625,9240625,2942
69267,295,792,1050,4,0,11200,0,0,0,9242388,9242388,2942
69283,295,862,1050,4,0,11200,0,0,0,9244278,9244278,2942
69298,295,911,1050,4,0,11200,0,0,0,9246117,9246117,2942
69314,295,979,1050,4,0,11200,0,0,0,9248066,9248066,2942
69329,296,1033,1050,4,0,11200,0,0,0,9249758,9249758,2942
69345,296,66,1050,3,0,11200,0,0,0,9252066,9252066,2942
69360,296,148,1050,3,0,11200,0,0,0,9254677,9254677,2942
69375,296,210,1050,3,0,11200,0,0,0,9256967,9256967,2942
69390,296,264,1050,3,0,11200,0,0,0,9259297,9259297,2942
69405,296,334,1050,3,0,11200,0,0,0,9261408,9261408,2942
69421,296,409,1050,3,0,11200,0,0,0,9263573,9263573,2942
69436,296,471,1050,3,0,11200,0,0,0,9265564,9265564,2942
69451,296,528,1050,3,0,11200,0,0,0,9267784,9267784,2942
69466,296,563,1050,3,0,11200,0,0,0,9268946,9268946,2942
69482,296,620,1050,3,0,11200,0,0,0,9270941,9270941,2942
69497,296,691,1050,3,0,11200,0,0,0,9272972,9272972,2942
69512,296,770,1050,3,0,11200,0,0,0,9274991,9274991,2942
69528,296,848,1050,3,0,11200,0,0,0,9276864,9276864,2942
69543,296,886,1051,4,0,11200,0,0,0,9278136,9278136,2942
69558,296,965,1051,4,0,11200,0,0,0,9280356,9280356,2942
69574,297,1023,1051,4,0,11200,0,0,0,9282128,9282128,2942
69589,297,32,1051,3,0,11200,0,0,0,9284326,9284326,2942
69606,297,138,1051,3,0,11200,0,0,0,9286602,9286602,2942
69621,297,201,1051,3,0,11200,0,0,0,9288866,9288866,2942
69636,297,252,1051,3,0,11200,0,0,0,9291085,9291085,2942
69652,297,312,1051,3,0,11200,0,0,0,9293350,9293350,2942
69667,297,382,1051,3,0,11200,0,0,0,9295303,9295303,2942
69682,297,445,1051,3,0,11200,0,0,0,9297527,9297527,2942
69698,297,499,1051,3,0,11200,0,0,0,9299597,9299597,2942
69717,297,537,1051,3,0,11200,0,0,0,9301724,9301724,2942
69732,297,589,1051,3,0,11200,0,0,0,9303480,9303480,2942
69747,297,643,1051,3,0,11200,0,0,0,9305357,9305357,2942
69762,297,699,1051,3,0,11200,0,0,0,9307363,9307363,2942
69777,297,782,1051,3,0,11200,0,0,0,9309267,9309267,2942
69793,297,854,1051,3,0,11200,0,0,0,9311287,9311287,2942
69808,297,901,1051,3,0,11200,0,0,0,9313010,9313010,2942
69824,297,989,1051,3,0,11200,0,0,0,9315068,9315068,2942
69839,298,10,1051,3,0,11200,0,0,0,9317053,9317053,2942
69854,298,87,1051,3,0,11200,0,0,0,9319158,9319158,2942
69869,298,151,1051,3,0,11200,0,0,0,9321694,9321694,2942
69884,298,199,1051,3,0,11200,0,0,0,9323558,9323558,2942
69899,298,251,1051,3,0,11200,0,0,0,9325750,9325750,2942
69914,298,326,1051,3,0,11200,0,0,0,9327883,9327883,2942
69929,298,378,1051,3,0,11200,0,0,0,9329848,9329848,2942
69945,298,445,1051,3,0,11200,0,0,0,9331824,9331824,2942
69960,298,502,1051,3,0,11200,0,0,0,9333955,9333955,2942
69975,298,564,1051,3,0,11200,0,0,0,9335849,9335849,2942
69990,298,618,1051,3,0,11200,0,0,0,9337798,9337798,2942
70005,298,684,1051,3,0,11200,0,0,0,9339868,9339868,2942
70021,298,768,1051,3,0,11200,0,0,0,9341773,9341773,2942
70037,298,833,1051,3,0,11200,0,0,0,9343581,9343581,2942
70052,298,892,1051,3,0,11200,0,0,0,9345569,9345569,2942
70067,298,939,1051,3,0,11200,0,0,0,9347375,9347375,2942
70082,298,999,1051,3,0,11200,0,0,0,9348766,9348766,2942
70097,299,14,1052,4,0,11200,0,0,0,9350838,9350838,2942
70113,299,116,1052,4,0,11200,0,0,0,9352953,9352953,2942
70128,299,178,1052,4,0,11200,0,0,0,9355393,9355393,2942
70143,299,231,1052,4,0,11200,0,0,0,9357405,9357405,2942
70158,299,290,1052,4,0,11200,0,0,0,9359639,9359639,2942
70174,299,369,1052,4,0,11200,0,0,0,9361868,9361868,2942
70189,299,430,1052,4,0,11200,0,0,0,9363928,9363928,2942
70204,299,492,1052,4,0,11200,0,0,0,9365765,9365765,2942
70222,299,537,1052,4,0,11200,0,0,0,9367728,9367728,2942
70237,299,583,1052,4,0,11200,0,0,0,9369249,9369249,2942
70252,299,658,1052,4,0,11200,0,0,0,9371521,9371521,2942
70267,299,720,1052,4,0,11200,0,0,0,9373502,9373502,2942
70282,299,799,1052,4,0,11200,0,0,0,9375421,9375421,2942
70298,299,876,1052,4,0,11200,0,0,0,9377220,9377220,2942
70313,299,918,1054,6,0,11200,0,0,0,9378914,9378914,2943
70329,299,996,1054,6,0,11200,0,0,0,9380904,9380904,2943
70344,300,1023,1054,6,0,11200,0,0,0,9382701,9382701,2943
70359,300,43,1054,4,0,11200,0,0,0,9384825,9384825,2943
70374,300,138,1054,4,0,11200,0,0,0,9387231,9387231,2943
70389,300,196,1054,4,0,11200,0,0,0,9389322,9389322,2943
70405,300,258,1054,4,0,11200,0,0,0,9391608,9391608,2943
70420,300,319,1054,4,0,11200,0,0,0,9393823,9393823,2943
70435,300,389,1054,4,0,11200,0,0,0,9395862,9395862,2943
70450,300,450,1054,4,0,11200,0,0,0,9397680,9397680,2943
70465,300,508,1054,4,0,11200,0,0,0,9399820,9399820,2943
70481,300,565,1054,4,0,11200,0,0,0,9401669,9401669,2943
70496,300,619,1054,4,0,11200,0,0,0,9403506,9403506,2943
70512,300,688,1054,4,0,11200,0,0,0,9405675,9405675,2943
70527,300,757,1054,4,0,11200,0,0,0,9407754,9407754,2943
70542,300,846,1054,4,0,11200,0,0,0,9409722,9409722,2943
70557,300,920,1054,4,0,11200,0,0,0,9411678,9411678,2943
70573,301,1013,1054,4,0,11200,0,0,0,9413817,9413817,2943
70589,301,32,1054,4,0,11200,0,0,0,9416154,9416154,2943
70604,301,127,1054,4,0,11200,0,0,0,9418309,9418309,2943
70619,301,175,1054,4,0,11200,0,0,0,9420440,9420440,2943
70635,301,225,1054,4,0,11200,0,0,0,9422477,9422477,2943
70650,301,265,1054,4,0,11200,0,0,0,9424595,9424595,2943
70665,301,330,1054,4,0,11200,0,0,0,9426735,9426735,2943
70680,301,415,1054,4,0,11200,0,0,0,9428808,9428808,2943
70695,301,469,1054,4,0,11200,0,0,0,9430680,9430680,2943
70711,301,533,1054,4,0,11200,0,0,0,9432743,9432743,2943
70727,301,589,1054,4,0,11200,0,0,0,9434613,9434613,2943
70742,301,647,1054,4,0,11200,0,0,0,9436541,9436541,2943
70757,301,716,1054,4,0,11200,0,0,0,9438449,9438449,2943
70773,301,796,1054,4,0,11200,0,0,0,9440479,9440479,2943
70788,301,881,1054,4,0,11200,0,0,0,9442439,9442439,2943
70803,301,946,1054,4,0,11200,0,0,0,9444266,9444266,2943
70819,302,1022,1054,4,0,11200,0,0,0,9446270,9446270,2943
70834,302,32,1054,4,0,11200,0,0,0,9448338,9448338,2943
70849,302,120,1054,4,0,11200,0,0,0,9450576,9450576,2943
70864,302,181,1054,4,0,11200,0,0,0,9453090,9453090,2943
70879,302,226,1054,4,0,11200,0,0,0,9455114,9455114,2943
70895,302,271,1054,4,0,11200,0,0,0,9457465,9457465,2943
70911,302,334,1054,4,0,11200,0,0,0,9459814,9459814,2943
70926,302,394,1054,4,0,11200,0,0,0,9461766,9461766,2943
70941,302,458,1054,4,0,11200,0,0,0,9463656,9463656,2943
70956,302,510,1054,4,0,11200,0,0,0,9465583,9465583,2943
70972,302,571,1054,4,0,11200,0,0,0,9467578,9467578,2943
70988,302,618,1054,4,0,11200,0,0,0,9469249,9469249,2943
71003,302,688,1054,4,0,11200,0,0,0,9471366,9471366,2943
71018,302,767,1054,4,0,11200,0,0,0,9473369,9473369,2943
71034,302,838,1054,4,0,11200,0,0,0,9475344,9475344,2943
71049,302,894,1054,4,0,11200,0,0,0,9477148,9477148,2943
71064,302,961,1054,4,0,11200,0,0,0,9479138,9479138,2943
71080,303,1035,1054,4,0,11200,0,0,0,9480815,9480815,2943
71096,303,59,1054,4,0,11200,0,0,0,9483197,9483197,2943
71111,303,164,1054,4,0,11200,0,0,0,9485695,9485695,2943
71126,303,215,1054,4,0,11200,0,0,0,9487634,9487634,2943
71141,303,269,1054,4,0,11200,0,0,0,9489890,9489890,2943
71156,303,357,1054,4,0,11200,0,0,0,9492067,9492067,2943
71172,303,415,1054,4,0,11200,0,0,0,9493924,9493924,2943
71187,303,468,1054,4,0,11200,0,0,0,9495877,9495877,2943
71202,303,523,1054,4,0,11200,0,0,0,9498152,9498152,2943
71220,303,571,1054,4,0,11200,0,0,0,9499771,9499771,2943
71235,303,645,1054,4,0,11200,0,0,0,9501867,9501867,2943
71251,303,716,1054,4,0,11200,0,0,0,9503918,9503918,2943
71266,303,796,1054,4,0,11200,0,0,0,9505786,9505786,2943
71282,303,870,1054,4,0,11200,0,0,0,9507894,9507894,2943
71297,303,950,1054,4,0,11200,0,0,0,9510161,9510161,2943
71313,304,1022,1054,4,0,11200,0,0,0,9511966,9511966,2943
71328,304,31,1054,4,0,11200,0,0,0,9514213,9514213,2943
71343,304,138,1054,4,0,11200,0,0,0,9516546,9516546,2943
71359,304,196,1054,4,0,11200,0,0,0,9518709,9518709,2943
71375,304,248,1054,4,0,11200,0,0,0,9520993,9520993,2943
71390,304,319,1054,4,0,11200,0,0,0,9523314,9523314,2943
71406,304,380,1054,4,0,11200,0,0,0,9525235,9525235,2943
71421,304,435,1054,4,0,11200,0,0,0,9527374,9527374,2943
71436,304,499,1054,4,0,11200,0,0,0,9529228,9529228,2943
71455,304,537,1054,4,0,11200,0,0,0,9530990,9530990,2943
71471,304,583,1054,4,0,11200,0,0,0,9532388,9532388,2943
71486,304,641,1054,4,0,11200,0,0,0,9534342,9534342,2943
71502,304,704,1054,4,0,11200,0,0,0,9536094,9536094,2943
71517,304,777,1054,4,0,11200,0,0,0,9538009,9538009,2943
71532,304,856,1054,4,0,11200,0,0,0,9539809,9539809,2943
71547,304,896,1054,4,0,11200,0,0,0,9541455,9541455,2943
71563,304,979,1054,4,0,11200,0,0,0,9543554,9543554,2943
71578,305,1037,1054,4,0,11200,0,0,0,9545464,9545464,2943
71593,305,36,1054,4,0,11200,0,0,0,9547640,9547640,2943
71608,305,130,1054,4,0,11200,0,0,0,9550002,9550002,2943
71624,305,176,1054,4,0,11200,0,0,0,9552310,9552310,2943
71639,305,229,1054,4,0,11200,0,0,0,9554375,9554375,2943
71654,305,305,1054,4,0,11200,0,0,0,9556769,9556769,2943
71670,305,380,1054,4,0,11200,0,0,0,9558957,9558957,2943
71686,305,445,1054,4,0,11200,0,0,0,9560991,9560991,2943
71701,305,508,1054,4,0,11200,0,0,0,9563180,9563180,2943
71716,305,552,1054,4,0,11200,0,0,0,9564786,9564786,2943
71732,305,620,1054,4,0,11200,0,0,0,9566907,9566907,2943
71747,305,678,1054,4,0,11200,0,0,0,9568974,9568974,2943
71762,305,767,1054,4,0,11200,0,0,0,9570978,9570978,2943
71777,305,838,1054,4,0,11200,0,0,0,9572768,9572768,2943
71793,305,898,1054,4,0,11200,0,0,0,9574688,9574688,2943
71808,305,963,1054,4,0,11200,0,0,0,9576506,9576506,2943
71824,306,1043,1054,4,0,11200,0,0,0,9578486,9578486,2943
71840,306,52,1054,4,0,11200,0,0,0,9580868,9580868,2943
71856,306,154,1054,4,0,11200,0,0,0,9583391,9583391,2943
71871,306,208,1054,4,0,11200,0,0,0,9585665,9585665,2943
71887,306,261,1054,4,0,11200,0,0,0,9587992,9587992,2943
71902,306,335,1054,4,0,11200,0,0,0,9590083,9590083,2943
71917,306,411,1054,4,0,11200,0,0,0,9591925,9591925,2943
71932,306,473,1054,4,0,11200,0,0,0,9593888,9593888,2943
71948,306,527,1054,4,0,11200,0,0,0,9595951,9595951,2943
71963,306,583,1054,4,0,11200,0,0,0,9597650,9597650,2943
71979,306,647,1054,4,0,11200,0,0,0,9599723,9599723,2943
71994,306,719,1054,4,0,11200,0,0,0,9601786,9601786,2943
72009,306,818,1054,4,0,11200,0,0,0,9603773,9603773,2943
72025,306,877,1054,4,0,11200,0,0,0,9605717,9605717,2943
72040,306,928,1054,4,0,11200,0,0,0,9607531,9607531,2943
72055,306,1004,1054,4,0,11200,0,0,0,9609557,9609557,2943
72070,307,1,1054,4,0,11200,0,0,0,9611327,9611327,2943
72085,307,98,1054,4,0,11200,0,0,0,9613625,9613625,2943
72100,307,168,1054,4,0,11200,0,0,0,9616144,9616144,2943
72116,307,225,1054,4,0,11200,0,0,0,9618467,9618467,2943
72131,307,284,1054,4,0,11200,0,0,0,9620768,9620768,2943
72146,307,363,1054,4,0,11200,0,0,0,9622910,9622910,2943
72161,307,418,1054,4,0,11200,0,0,0,9624611,9624611,2943
72176,307,471,1054,4,0,11200,0,0,0,9626469,9626469,2943
72191,307,534,1054,4,0,11200,0,0,0,9628762,9628762,2943
72207,307,571,1054,4,0,11200,0,0,0,9629687,9629687,2943
72224,307,627,1054,4,0,11200,0,0,0,9631694,9631694,2943
72239,307,705,1054,4,0,11200,0,0,0,9633650,9633650,2943
72255,307,796,1054,4,0,11200,0,0,0,9635645,9635645,2943
72270,307,886,1055,5,0,11200,0,0,0,9637625,9637625,2943
72285,307,943,1055,5,0,11200,0,0,0,9639512,9639512,2943
72300,308,1013,1055,5,0,11200,0,0,0,9641265,9641265,2943
72315,308,42,1055,5,0,11200,0,0,0,9643475,9643475,2943
72331,308,138,1055,5,0,11200,0,0,0,9645824,9645824,2943
72346,308,208,1055,5,0,11200,0,0,0,9648176,9648176,2943
72361,308,251,1055,5,0,11200,0,0,0,9650340,9650340,2943
72377,308,327,1055,5,0,11200,0,0,0,9652583,9652583,2943
72393,308,386,1055,5,0,11200,0,0,0,9654498,9654498,2943
72408,308,454,1055,5,0,11200,0,0,0,9656510,9656510,2943
72423,308,508,1055,5,0,11200,0,0,0,9658672,9658672,2943
72439,308,559,1055,5,0,11200,0,0,0,9660446,9660446,2943
72454,308,606,1055,5,0,11200,0,0,0,9661946,9661946,2943
72469,308,654,1055,5,0,11200,0,0,0,9664061,9664061,2943
72485,308,728,1055,5,0,11200,0,0,0,9666080,9666080,2943
72500,308,812,1055,5,0,11200,0,0,0,9668130,9668130,2943
72515,308,885,1055,5,0,11200,0,0,0,9670200,9670200,2943
72531,308,931,1055,5,0,11200,0,0,0,9671979,9671979,2943
72546,308,1004,1055,5,0,11200,0,0,0,9674223,9674223,2943
72562,309,1052,1055,5,0,11200,0,0,0,9675744,9675744,2943
72577,309,86,1055,5,0,11200,0,0,0,9678140,9678140,2943
72592,309,158,1055,5,0,11200,0,0,0,9680603,9680603,2943
72608,309,209,1055,5,0,11200,0,0,0,9682755,9682755,2943
72623,309,258,1055,5,0,11200,0,0,0,9684741,9684741,2943
72638,309,336,1055,5,0,11200,0,0,0,9686973,9686973,2943
72653,309,420,1055,5,0,11200,0,0,0,9689092,9689092,2943
72669,309,474,1055,5,0,11200,0,0,0,9691065,9691065,2943
72684,309,535,1055,5,0,11200,0,0,0,9693337,9693337,2943
72700,309,598,1055,5,0,11200,0,0,0,9695112,9695112,2943
72715,309,645,1055,5,0,11200,0,0,0,9696575,9696575,2943
72731,309,695,1055,5,0,11200,0,0,0,9698421,9698421,2943
72746,309,770,1055,5,0,11200,0,0,0,9700433,9700433,2943
72762,309,860,1055,5,0,11200,0,0,0,9702452,9702452,2943
72777,309,890,1055,5,0,11200,0,0,0,9703492,9703492,2943
72794,309,961,1055,5,0,11200,0,0,0,9705439,9705439,2943
72810,310,1033,1055,5,0,11200,0,0,0,9707477,9707477,2943
72825,310,47,1055,5,0,11200,0,0,0,9709762,9709762,2943
72840,310,143,1055,5,0,11200,0,0,0,9712143,9712143,2943
72856,310,203,1055,5,0,11200,0,0,0,9714359,9714359,2943
72871,310,249,1055,5,0,11200,0,0,0,9716444,9716444,2943
72887,310,317,1055,5,0,11200,0,0,0,9718578,9718578,2943
72902,310,382,1055,5,0,11200,0,0,0,9720483,9720483,2943
72917,310,451,1055,5,0,11200,0,0,0,9722642,9722642,2943
72933,310,510,1055,5,0,11200,0,0,0,9724730,9724730,2943
72948,310,565,1055,5,0,11200,0,0,0,9726600,9726600,2943
72963,310,608,1055,5,0,11200,0,0,0,9728131,9728131,2943
72978,310,662,1055,5,0,11200,0,0,0,9730157,9730157,2943
72994,310,737,1055,5,0,11200,0,0,0,9732121,9732121,2943
73009,310,822,1055,5,0,11200,0,0,0,9734138,9734138,2943
73026,310,886,1056,6,0,11200,0,0,0,9736250,9736250,2943
73041,310,947,1056,6,0,11200,0,0,0,9738314,9738314,2943
73056,310,1013,1056,6,0,11200,0,0,0,9740391,9740391,2943
73071,311,22,1056,6,0,11200,0,0,0,9742690,9742690,2943
73087,311,120,1056,6,0,11200,0,0,0,9744776,9744776,2943
73102,311,184,1056,6,0,11200,0,0,0,9747285,9747285,2943
73117,311,224,1056,6,0,11200,0,0,0,9749240,9749240,2943
73132,311,264,1056,6,0,11200,0,0,0,9751249,9751249,2943
73148,311,333,1056,6,0,11200,0,0,0,9753486,9753486,2943
73163,311,409,1056,6,0,11200,0,0,0,9755547,9755547,2943
73178,311,465,1056,6,0,11200,0,0,0,9757295,9757295,2943
73193,311,517,1056,6,0,11200,0,0,0,9759300,9759300,2943
73208,311,572,1056,6,0,11200,0,0,0,9760965,9760965,2943
73224,311,631,1056,6,0,11200,0,0,0,9763134,9763134,2943
73239,311,697,1056,6,0,11200,0,0,0,9765213,9765213,2943
73254,311,773,1056,6,0,11200,0,0,0,9767172,9767172,2943
73269,311,856,1056,6,0,11200,0,0,0,9769332,9769332,2943
73285,311,922,1056,6,0,11200,0,0,0,9771352,9771352,2943
73300,311,1002,1056,6,0,11200,0,0,0,9773265,9773265,2943
73316,312,21,1056,5,0,11200,0,0,0,9775451,9775451,2943
73331,312,117,1056,5,0,11200,0,0,0,9777778,9777778,2943
73347,312,172,1056,5,0,11200,0,0,0,9780117,9780117,2943
73362,312,226,1056,5,0,11200,0,0,0,9782280,9782280,2943
73377,312,290,1056,5,0,11200,0,0,0,9784556,9784556,2943
73392,312,369,1056,5,0,11200,0,0,0,9786549,9786549,2943
73407,312,434,1056,5,0,11200,0,0,0,9788434,9788434,2943
73423,312,486,1056,5,0,11200,0,0,0,9790191,9790191,2943
73445,312,537,1056,5,0,11200,0,0,0,9792207,9792207,2943
73460,312,607,1056,5,0,11200,0,0,0,9794117,9794117,2943
73475,312,669,1056,5,0,11200,0,0,0,9796203,9796203,2943
73491,312,737,1056,5,0,11200,0,0,0,9798320,9798320,2943
73506,312,824,1056,5,0,11200,0,0,0,9800396,9800396,2943
73523,312,886,1056,5,0,11200,0,0,0,9801973,9801973,2943
73538,312,960,1056,5,0,11200,0,0,0,9804233,9804233,2943
73554,313,1037,1056,5,0,11200,0,0,0,9806346,9806346,2943
73570,313,65,1056,4,0,11200,0,0,0,9808592,9808592,2943
73586,313,146,1056,4,0,11200,0,0,0,9811224,9811224,2943
73602,313,209,1056,4,0,11200,0,0,0,9813714,9813714,2943
73617,313,249,1056,4,0,11200,0,0,0,9815945,9815945,2943
73632,313,326,1056,4,0,11200,0,0,0,9818042,9818042,2943
73647,313,394,1056,4,0,11200,0,0,0,9819872,9819872,2943
73662,313,451,1056,4,0,11200,0,0,0,9821765,9821765,2943
73678,313,505,1056,4,0,11200,0,0,0,9823707,9823707,2943
73693,313,555,1056,4,0,11200,0,0,0,9825413,9825413,2943
73708,313,614,1056,4,0,11200,0,0,0,9827257,9827257,2943
73724,313,673,1056,4,0,11200,0,0,0,9829235,9829235,2943
73739,313,731,1056,4,0,11200,0,0,0,9831080,9831080,2943
73754,313,817,1056,4,0,11200,0,0,0,9832950,9832950,2943
73770,313,886,1056,4,0,11200,0,0,0,9834771,9834771,2943
73785,313,951,1056,4,0,11200,0,0,0,9836883,9836883,2943
73801,314,1021,1056,4,0,11200,0,0,0,9838880,9838880,2943
73816,314,32,1056,3,0,11200,0,0,0,9841229,9841229,2943
73831,314,133,1056,3,0,11200,0,0,0,9843588,9843588,2943
73846,314,186,1056,3,0,11200,0,0,0,9845882,9845882,2943
73862,314,236,1056,3,0,11200,0,0,0,9848152,9848152,2943
73877,314,309,1056,3,0,11200,0,0,0,9850444,9850444,2943
73892,314,383,1056,3,0,11200,0,0,0,9852460,9852460,2943
73907,314,452,1056,3,0,11200,0,0,0,9854562,9854562,2943
73922,314,508,1056,3,0,11200,0,0,0,9856608,9856608,2943
73938,314,565,1056,3,0,11200,0,0,0,9858654,9858654,2943
73953,314,620,1056,3,0,11200,0,0,0,9860450,9860450,2943
73968,314,697,1056,3,0,11200,0,0,0,9862407,9862407,2943
73983,314,768,1056,3,0,11200,0,0,0,9864106,9864106,2943
73999,314,837,1056,3,0,11200,0,0,0,9865688,9865688,2943
74014,314,902,1056,3,0,11200,0,0,0,9867642,9867642,2943
74029,314,979,1056,3,0,11200,0,0,0,9869441,9869441,2943
74045,315,1052,1056,3,0,11200,0,0,0,9871613,9871613,2943
74060,315,68,1056,3,0,11200,0,0,0,9873949,9873949,2943
74076,315,158,1056,3,0,11200,0,0,0,9876655,9876655,2943
74091,315,213,1056,3,0,11200,0,0,0,9878924,9878924,2943
74106,315,261,1056,3,0,11200,0,0,0,9881074,9881074,2943
74121,315,333,1056,3,0,11200,0,0,0,9883385,9883385,2943
74136,315,394,1056,3,0,11200,0,0,0,9885282,9885282,2943
74151,315,445,1056,3,0,11200,0,0,0,9887057,9887057,2943
74167,315,503,1056,3,0,11200,0,0,0,9889220,9889220,2943
74182,315,554,1056,3,0,11200,0,0,0,9890994,9890994,2943
74197,315,617,1056,3,0,11200,0,0,0,9893277,9893277,2943
74212,315,677,1056,3,0,11200,0,0,0,9894988,9894988,2943
74228,315,755,1056,3,0,11200,0,0,0,9896857,9896857,2943
74243,315,837,1056,3,0,11200,0,0,0,9898608,9898608,2943
74258,315,889,1056,3,0,11200,0,0,0,9899882,9899882,2943
74273,315,980,1056,3,0,11200,0,0,0,9901849,9901849,2943
74288,316,1037,1056,3,0,11200,0,0,0,9903730,9903730,2943
74303,316,42,1056,2,0,11200,0,0,0,9905890,9905890,2943
74318,316,140,1056,2,0,11200,0,0,0,9908262,9908262,2943
74334,316,199,1056,2,0,11200,0,0,0,9910509,9910509,2943
74349,316,252,1056,2,0,11200,0,0,0,9912645,9912645,2943
74364,316,314,1056,2,0,11200,0,0,0,9914738,9914738,2943
74379,316,386,1056,2,0,11200,0,0,0,9916998,9916998,2943
74394,316,462,1056,2,0,11200,0,0,0,9919147,9919147,2943
74409,316,513,1056,2,0,11200,0,0,0,9920917,9920917,2943
74424,316,568,1056,2,0,11200,0,0,0,9922825,9922825,2943
74440,316,623,1056,2,0,11200,0,0,0,9924724,9924724,2943
74455,316,695,1056,2,0,11200,0,0,0,9926668,9926668,2943
74470,316,758,1056,2,0,11200,0,0,0,9928547,9928547,2943
74485,316,838,1056,2,0,11200,0,0,0,9930452,9930452,2943
74501,316,898,1056,2,0,11200,0,0,0,9932183,9932183,2943
74516,316,951,1056,2,0,11200,0,0,0,9934039,9934039,2943
74531,317,1021,1056,2,0,11200,0,0,0,9935811,9935811,2943
74546,317,21,1056,2,0,11200,0,0,0,9937819,9937819,2943
74561,317,114,1056,2,0,11200,0,0,0,9939764,9939764,2943
74576,317,174,1056,2,0,11200,0,0,0,9942241,9942241,2943
74592,317,230,1056,2,0,11200,0,0,0,9944654,9944654,2943
74608,317,297,1056,2,0,11200,0,0,0,9946954,9946954,2943
74623,317,378,1056,2,0,11200,0,0,0,9949073,9949073,2943
74639,317,433,1056,2,0,11200,0,0,0,9951014,9951014,2943
74654,317,503,1056,2,0,11200,0,0,0,9953151,9953151,2943
74670,317,555,1056,2,0,11200,0,0,0,9954953,9954953,2943
74685,317,611,1056,2,0,11200,0,0,0,9957051,9957051,2943
74701,317,674,1056,2,0,11200,0,0,0,9958975,9958975,2943
74716,317,733,1056,2,0,11200,0,0,0,9960805,9960805,2943
74732,317,820,1056,2,0,11200,0,0,0,9962650,9962650,2943
74747,317,878,1057,3,0,11200,0,0,0,9964269,9964269,2943
74762,317,929,1057,3,0,11200,0,0,0,9966107,9966107,2943
74777,317,1005,1057,3,0,11200,0,0,0,9968151,9968151,2943
74792,318,4,1057,3,0,11200,0,0,0,9969979,9969979,2943
74808,318,83,1057,3,0,11200,0,0,0,9972135,9972135,2943
74823,318,158,1057,3,0,11200,0,0,0,9974532,9974532,2943
74839,318,215,1057,3,0,11200,0,0,0,9976855,9976855,2943
74854,318,263,1057,3,0,11200,0,0,0,9979269,9979269,2943
74869,318,343,1057,3,0,11200,0,0,0,9981457,9981457,2943
74884,318,408,1057,3,0,11200,0,0,0,9983481,9983481,2943
74899,318,460,1057,3,0,11200,0,0,0,9985560,9985560,2943
74914,318,511,1057,3,0,11200,0,0,0,9987620,9987620,2943
74930,318,554,1057,3,0,11200,0,0,0,9989041,9989041,2943
74945,318,620,1057,3,0,11200,0,0,0,9991330,9991330,2943
74960,318,693,1057,3,0,11200,0,0,0,9993373,9993373,2943
74976,318,778,1057,3,0,11200,0,0,0,9995246,9995246,2943
74991,318,865,1057,3,0,11200,0,0,0,9997165,9997165,2943
75006,318,901,1057,3,0,11200,0,0,0,9998554,9998554,2943
75022,318,991,1057,3,0,11200,0,0,0,10000559,10000559,2943
75037,319,4,1057,3,0,11200,0,0,0,10002411,10002411,2943
75052,319,108,1057,3,0,11200,0,0,0,10004612,10004612,2943
75067,319,172,1057,3,0,11200,0,0,0,10006906,10006906,2943
75083,319,222,1057,3,0,11200,0,0,0,10008764,10008764,2943
75098,319,269,1057,3,0,11200,0,0,0,10011018,10011018,2943
75113,319,335,1057,3,0,11200,0,0,0,10013247,10013247,2943
75129,319,411,1057,3,0,11200,0,0,0,10015177,10015177,2943
75144,319,482,1057,3,0,11200,0,0,0,10017214,10017214,2943
75164,319,537,1057,3,0,11200,0,0,0,10019149,10019149,2943
75179,319,607,1057,3,0,11200,0,0,0,10021349,10021349,2943
75194,319,664,1057,3,0,11200,0,0,0,10023290,10023290,2943
75210,319,737,1057,3,0,11200,0,0,0,10025302,10025302,2943
75225,319,824,1057,3,0,11200,0,0,0,10027328,10027328,2943
75242,319,886,1057,3,0,11200,0,0,0,10029061,10029061,2943
75257,319,963,1057,3,0,11200,0,0,0,10031168,10031168,2943
75274,320,1033,1057,3,0,11200,0,0,0,10032908,10032908,2943
75289,320,52,1057,3,0,11200,0,0,0,10035218,10035218,2943
75304,320,142,1057,3,0,11200,0,0,0,10037674,10037674,2943
75320,320,198,1057,3,0,11200,0,0,0,10039947,10039947,2943
75336,320,251,1057,3,0,11200,0,0,0,10042093,10042093,2943
75351,320,314,1057,3,0,11200,0,0,0,10044230,10044230,2943
75366,320,387,1057,3,0,11200,0,0,0,10046310,10046310,2943
75381,320,441,1057,3,0,11200,0,0,0,10048379,10048379,2943
75397,320,498,1057,3,0,11200,0,0,0,10050413,10050413,2943
75414,320,537,1057,3,0,11200,0,0,0,10051999,10051999,2943
75429,320,608,1057,3,0,11200,0,0,0,10054064,10054064,2943
75444,320,674,1057,3,0,11200,0,0,0,10056049,10056049,2943
75459,320,752,1057,3,0,11200,0,0,0,10058072,10058072,2943
75476,320,810,1057,3,0,11200,0,0,0,10059501,10059501,2943
75491,320,886,1057,3,0,11200,0,0,0,10061219,10061219,2943
75506,320,959,1057,3,0,11200,0,0,0,10063273,10063273,2943
75522,321,1022,1057,3,0,11200,0,0,0,10065137,10065137,2943
75538,321,42,1057,3,0,11200,0,0,0,10067475,10067475,2943
75553,321,138,1057,3,0,11200,0,0,0,10069904,10069904,2943
75568,321,196,1057,3,0,11200,0,0,0,10072129,10072129,2943
75583,321,236,1057,3,0,11200,0,0,0,10074213,10074213,2943
75598,321,282,1057,3,0,11200,0,0,0,10076173,10076173,2943
75613,321,357,1057,3,0,11200,0,0,0,10078303,10078303,2943
75629,321,417,1057,3,0,11200,0,0,0,10080299,10080299,2943
75644,321,471,1057,3,0,11200,0,0,0,10082284,10082284,2943
75659,321,528,1057,3,0,11200,0,0,0,10084372,10084372,2943
75675,321,581,1057,3,0,11200,0,0,0,10086075,10086075,2943
75690,321,641,1057,3,0,11200,0,0,0,10088206,10088206,2943
75705,321,698,1057,3,0,11200,0,0,0,10090068,10090068,2943
75720,321,766,1057,3,0,11200,0,0,0,10091975,10091975,2943
75735,321,833,1057,3,0,11200,0,0,0,10093902,10093902,2943
75750,321,896,1057,3,0,11200,0,0,0,10095592,10095592,2943
75766,321,963,1057,3,0,11200,0,0,0,10097469,10097469,2943
75781,322,1043,1057,3,0,11200,0,0,0,10099401,10099401,2943
75796,322,65,1057,3,0,11200,0,0,0,10101604,10101604,2943
75811,322,142,1057,3,0,11200,0,0,0,10103864,10103864,2943
75827,322,195,1057,3,0,11200,0,0,0,10106082,10106082,2943
75842,322,246,1057,3,0,11200,0,0,0,10108428,10108428,2943
75858,322,322,1057,3,0,11200,0,0,0,10110377,10110377,2943
75873,322,389,1057,3,0,11200,0,0,0,10112412,10112412,2943
75888,322,450,1057,3,0,11200,0,0,0,10114319,10114319,2943
75903,322,503,1057,3,0,11200,0,0,0,10116145,10116145,2943
75918,322,539,1057,3,0,11200,0,0,0,10117528,10117528,2943
75934,322,590,1057,3,0,11200,0,0,0,10118806,10118806,2943
75949,322,647,1057,3,0,11200,0,0,0,10120689,10120689,2943
75965,322,709,1057,3,0,11200,0,0,0,10122655,10122655,2943
75980,322,791,1057,3,0,11200,0,0,0,10124623,10124623,2943
75995,322,870,1058,4,0,11200,0,0,0,10126448,10126448,2943
76010,322,925,1058,4,0,11200,0,0,0,10128375,10128375,2943
76025,322,1013,1058,4,0,11200,0,0,0,10130499,10130499,2943
76041,323,21,1058,4,0,11200,0,0,0,10132709,10132709,2943
76056,323,126,1058,4,0,11200,0,0,0,10134755,10134755,2943
76071,323,184,1058,4,0,11200,0,0,0,10136932,10136932,2943
76087,323,234,1058,4,0,11200,0,0,0,10139047,10139047,2943
76102,323,297,1058,4,0,11200,0,0,0,10141305,10141305,2943
76117,323,381,1058,4,0,11200,0,0,0,10143323,10143323,2943
76132,323,449,1058,4,0,11200,0,0,0,10145362,10145362,2943
76148,323,497,1058,4,0,11200,0,0,0,10147205,10147205,2943
76163,323,552,1058,4,0,11200,0,0,0,10149286,10149286,2943
76178,323,609,1058,4,0,11200,0,0,0,10151140,10151140,2943
76194,323,666,1058,4,0,11200,0,0,0,10153222,10153222,2943
76209,323,735,1058,4,0,11200,0,0,0,10155081,10155081,2943
76224,323,833,1058,4,0,11200,0,0,0,10157093,10157093,2943
76239,323,894,1058,4,0,11200,0,0,0,10158687,10158687,2943
76258,323,961,1058,4,0,11200,0,0,0,10160710,10160710,2943
76273,324,1027,1058,4,0,11200,0,0,0,10162553,10162553,2943
76288,324,28,1058,4,0,11200,0,0,0,10164764,10164764,2943
76303,324,120,1058,4,0,11200,0,0,0,10166926,10166926,2943
76319,324,161,1058,4,0,11200,0,0,0,10169009,10169009,2943
76334,324,217,1058,4,0,11200,0,0,0,10171021,10171021,2943
76349,324,257,1058,4,0,11200,0,0,0,10173321,10173321,2943
76365,324,326,1058,4,0,11200,0,0,0,10175640,10175640,2943
76380,324,383,1058,4,0,11200,0,0,0,10177272,10177272,2943
76395,324,431,1058,4,0,11200,0,0,0,10179329,10179329,2943
76410,324,499,1058,4,0,11200,0,0,0,10181338,10181338,2943
76425,324,548,1058,4,0,11200,0,0,0,10183002,10183002,2943
76441,324,598,1058,4,0,11200,0,0,0,10184877,10184877,2943
76456,324,664,1058,4,0,11200,0,0,0,10186777,10186777,2943
76471,324,730,1058,4,0,11200,0,0,0,10188754,10188754,2943
76486,324,824,1058,4,0,11200,0,0,0,10190685,10190685,2943
76505,324,886,1058,4,0,11200,0,0,0,10192478,10192478,2943
76520,324,946,1058,4,0,11200,0,0,0,10194461,10194461,2943
76535,324,1006,1058,4,0,11200,0,0,0,10196251,10196251,2943
76550,325,1045,1058,4,0,11200,0,0,0,10197872,10197872,2943
76565,325,65,1058,4,0,11200,0,0,0,10200134,10200134,2943
76580,325,161,1058,4,0,11200,0,0,0,10202626,10202626,2943
76596,325,209,1058,4,0,11200,0,0,0,10204508,10204508,2943
76611,325,264,1058,4,0,11200,0,0,0,10206642,10206642,2943
76626,325,335,1058,4,0,11200,0,0,0,10208854,10208854,2943
76641,325,393,1058,4,0,11200,0,0,0,10210748,10210748,2943
76657,325,470,1058,4,0,11200,0,0,0,10212746,10212746,2943
76672,325,532,1058,4,0,11200,0,0,0,10214881,10214881,2943
76688,325,565,1058,4,0,11200,0,0,0,10216139,10216139,2943
76703,325,609,1058,4,0,11200,0,0,0,10217697,10217697,2943
76719,325,674,1058,4,0,11200,0,0,0,10219527,10219527,2943
76735,325,735,1058,4,0,11200,0,0,0,10221474,10221474,2943
76750,325,832,1058,4,0,11200,0,0,0,10223389,10223389,2943
76765,325,888,1058,4,0,11200,0,0,0,10225009,10225009,2943
76781,325,951,1058,4,0,11200,0,0,0,10226930,10226930,2943
76796,325,1014,1058,4,0,11200,0,0,0,10228855,10228855,2943
76811,326,21,1058,4,0,11200,0,0,0,10230718,10230718,2943
76826,326,129,1058,4,0,11200,0,0,0,10233126,10233126,2943
76841,326,186,1058,4,0,11200,0,0,0,10235289,10235289,2943
76856,326,234,1058,4,0,11200,0,0,0,10237505,10237505,2943
76872,326,288,1058,4,0,11200,0,0,0,10239884,10239884,2943
76887,326,359,1058,4,0,11200,0,0,0,10242042,10242042,2943
76902,326,434,1058,4,0,11200,0,0,0,10244067,10244067,2943
76917,326,492,1058,4,0,11200,0,0,0,10246016,10246016,2943
76933,326,548,1058,4,0,11200,0,0,0,10248000,10248000,2943
76948,326,604,1058,4,0,11200,0,0,0,10249894,10249894,2943
76963,326,677,1058,4,0,11200,0,0,0,10251984,10251984,2943
76978,326,751,1058,4,0,11200,0,0,0,10253927,10253927,2943
76994,326,824,1058,4,0,11200,0,0,0,10255722,10255722,2943
77009,326,888,1058,4,0,11200,0,0,0,10257386,10257386,2943
77025,326,940,1058,4,0,11200,0,0,0,10259451,10259451,2943
77041,326,1009,1058,4,0,11200,0,0,0,10261484,10261484,2943
77056,327,9,1058,4,0,11200,0,0,0,10263326,10263326,2943
77071,327,116,1058,4,0,11200,0,0,0,10265697,10265697,2943
77086,327,171,1058,4,0,11200,0,0,0,10268145,10268145,2943
77101,327,226,1058,4,0,11200,0,0,0,10270265,10270265,2943
77116,327,317,1058,4,0,11200,0,0,0,10272693,10272693,2943
77131,327,377,1058,4,0,11200,0,0,0,10274786,10274786,2943
77146,327,430,1058,4,0,11200,0,0,0,10276661,10276661,2943
77161,327,497,1058,4,0,11200,0,0,0,10278722,10278722,2943
77176,327,557,1058,4,0,11200,0,0,0,10280843,10280843,2943
77191,327,622,1058,4,0,11200,0,0,0,10282795,10282795,2943
77207,327,671,1058,4,0,11200,0,0,0,10284215,10284215,2943
77224,327,751,1058,4,0,11200,0,0,0,10286210,10286210,2943
77239,327,826,1059,5,0,11200,0,0,0,10288030,10288030,2943
77254,327,882,1059,5,0,11200,0,0,0,10289914,10289914,2943
77269,327,943,1059,5,0,11200,0,0,0,10291860,10291860,2943
77285,327,1014,1059,5,0,11200,0,0,0,10293776,10293776,2943
77300,328,23,1059,5,0,11200,0,0,0,10296149,10296149,2943
77315,328,118,1059,5,0,11200,0,0,0,10298329,10298329,2943
77330,328,181,1059,5,0,11200,0,0,0,10300633,10300633,2943
77346,328,230,1059,5,0,11200,0,0,0,10302748,10302748,2943
77361,328,269,1059,5,0,11200,0,0,0,10305028,10305028,2943
77376,328,360,1059,5,0,11200,0,0,0,10307182,10307182,2943
77391,328,418,1059,5,0,11200,0,0,0,10309261,10309261,2943
77407,328,475,1059,5,0,11200,0,0,0,10311438,10311438,2943
77422,328,533,1059,5,0,11200,0,0,0,10313419,10313419,2943
77437,328,590,1059,5,0,11200,0,0,0,10315106,10315106,2943
77452,328,641,1059,5,0,11200,0,0,0,10316962,10316962,2943
77468,328,699,1059,5,0,11200,0,0,0,10319098,10319098,2943
77483,328,777,1059,5,0,11200,0,0,0,10320693,10320693,2943
77499,328,847,1059,5,0,11200,0,0,0,10322668,10322668,2943
77514,328,899,1059,5,0,11200,0,0,0,10324311,10324311,2943
77529,328,979,1059,5,0,11200,0,0,0,10326327,10326327,2943
77544,329,1044,1059,5,0,11200,0,0,0,10328187,10328187,2943
77559,329,52,1059,4,0,11200,0,0,0,10330289,10330289,2943
77575,329,145,1059,4,0,11200,0,0,0,10332689,10332689,2943
77591,329,188,1059,4,0,11200,0,0,0,10334792,10334792,2943
77606,329,235,1059,4,0,11200,0,0,0,10336791,10336791,2943
77621,329,305,1059,4,0,11200,0,0,0,10338951,10338951,2943
77636,329,369,1059,4,0,11200,0,0,0,10341023,10341023,2943
77652,329,427,1059,4,0,11200,0,0,0,10342868,10342868,2943
77668,329,495,1059,4,0,11200,0,0,0,10344960,10344960,2943
77685,329,537,1059,4,0,11200,0,0,0,10346510,10346510,2943
77700,329,608,1059,4,0,11200,0,0,0,10348302,10348302,2943
77715,329,673,1060,5,0,11200,0,0,0,10350407,10350407,2943
77730,329,752,1060,5,0,11200,0,0,0,10352245,10352245,2943
77745,329,826,1060,5,0,11200,0,0,0,10354043,10354043,2943
77763,329,890,1060,5,0,11200,0,0,0,10355680,10355680,2943
77778,329,927,1060,5,0,11200,0,0,0,10357347,10357347,2943
77794,329,1001,1060,5,0,11200,0,0,0,10359079,10359079,2943
77809,330,4,1060,5,0,11200,0,0,0,10360938,10360938,2943
77824,330,65,1060,5,0,11200,0,0,0,10363111,10363111,2943
77839,330,154,1060,5,0,11200,0,0,0,10365546,10365546,2943
77854,330,213,1060,5,0,11200,0,0,0,10367890,10367890,2943
77869,330,263,1060,5,0,11200,0,0,0,10370091,10370091,2943
77885,330,330,1060,5,0,11200,0,0,0,10372296,10372296,2943
77900,330,386,1060,5,0,11200,0,0,0,10374176,10374176,2943
77915,330,447,1060,5,0,11200,0,0,0,10376184,10376184,2943
77930,330,495,1060,5,0,11200,0,0,0,10378115,10378115,2943
77945,330,554,1060,5,0,11200,0,0,0,10380191,10380191,2943
77960,330,604,1060,5,0,11200,0,0,0,10382081,10382081,2943
77975,330,656,1060,5,0,11200,0,0,0,10383880,10383880,2943
77990,330,719,1060,5,0,11200,0,0,0,10385806,10385806,2943
78005,330,822,1060,5,0,11200,0,0,0,10387752,10387752,2943
78021,330,891,1061,6,0,11200,0,0,0,10389584,10389584,2943
78036,330,961,1061,6,0,11200,0,0,0,10391434,10391434,2943
78052,331,1033,1061,6,0,11200,0,0,0,10393390,10393390,2943
78067,331,43,1061,6,0,11200,0,0,0,10395649,10395649,2943
78083,331,142,1061,6,0,11200,0,0,0,10398014,10398014,2943
78098,331,203,1061,6,0,11200,0,0,0,10400083,10400083,2943
78114,331,259,1061,6,0,11200,0,0,0,10402320,10402320,2943
78129,331,333,1061,6,0,11200,0,0,0,10404419,10404419,2943
78144,331,408,1061,6,0,11200,0,0,0,10406651,10406651,2943
78159,331,462,1061,6,0,11200,0,0,0,10408683,10408683,2943
78174,331,513,1062,7,0,11200,0,0,0,10410701,10410701,2943
78190,331,572,1062,7,0,11200,0,0,0,10412706,10412706,2943
78205,331,623,1062,7,0,11200,0,0,0,10414717,10414717,2943
78220,331,704,1062,7,0,11200,0,0,0,10416844,10416844,2943
78236,331,778,1062,7,0,11200,0,0,0,10418722,10418722,2943
78251,331,865,1062,7,0,11200,0,0,0,10420647,10420647,2943
78267,331,940,1062,7,0,11200,0,0,0,10422800,10422800,2943
78282,331,1003,1062,7,0,11200,0,0,0,10424685,10424685,2943
78297,332,10,1062,7,0,11200,0,0,0,10426807,10426807,2943
78312,332,114,1062,7,0,11200,0,0,0,10428984,10428984,2943
78327,332,178,1062,7,0,11200,0,0,0,10431349,10431349,2943
78342,332,225,1062,7,0,11200,0,0,0,10433513,10433513,2943
78358,332,280,1062,7,0,11200,0,0,0,10435777,10435777,2943
78373,332,337,1062,7,0,11200,0,0,0,10437937,10437937,2943
78388,332,412,1062,7,0,11200,0,0,0,10439796,10439796,2943
78403,332,469,1062,7,0,11200,0,0,0,10441709,10441709,2943
78419,332,513,1062,7,0,11200,0,0,0,10443748,10443748,2943
78434,332,565,1062,7,0,11200,0,0,0,10445483,10445483,2943
78450,332,623,1062,7,0,11200,0,0,0,10447409,10447409,2943
78466,332,697,1062,7,0,11200,0,0,0,10449496,10449496,2943
78481,332,783,1062,7,0,11200,0,0,0,10451363,10451363,2943
78496,332,869,1062,7,0,11200,0,0,0,10453351,10453351,2943
78511,332,920,1062,7,0,11200,0,0,0,10454789,10454789,2943
78527,332,999,1062,7,0,11200,0,0,0,10456810,10456810,2943
78542,333,3,1062,6,0,11200,0,0,0,10458769,10458769,2943
78557,333,110,1062,6,0,11200,0,0,0,10461211,10461211,2943
78572,333,166,1062,6,0,11200,0,0,0,10463663,10463663,2943
78587,333,223,1062,6,0,11200,0,0,0,10465907,10465907,2943
78603,333,278,1062,6,0,11200,0,0,0,10468071,10468071,2943
78618,333,358,1062,6,0,11200,0,0,0,10470237,10470237,2943
78633,333,419,1062,6,0,11200,0,0,0,10472344,10472344,2943
78648,333,474,1062,6,0,11200,0,0,0,10474215,10474215,2943
78664,333,527,1062,6,0,11200,0,0,0,10476306,10476306,2943
78679,333,580,1062,6,0,11200,0,0,0,10477840,10477840,2943
78694,333,631,1062,6,0,11200,0,0,0,10479834,10479834,2943
78709,333,713,1062,6,0,11200,0,0,0,10482009,10482009,2943
78724,333,792,1062,6,0,11200,0,0,0,10483964,10483964,2943
78740,333,880,1062,6,0,11200,0,0,0,10485936,10485936,2943
78755,333,948,1062,6,0,11200,0,0,0,10487805,10487805,2943
78771,333,1014,1063,7,0,11200,0,0,0,10489708,10489708,2943
78786,334,21,1063,6,0,11200,0,0,0,10491808,10491808,2943
78801,334,121,1063,6,0,11200,0,0,0,10494189,10494189,2943
78816,334,174,1063,6,0,11200,0,0,0,10496653,10496653,2943
78832,334,231,1063,6,0,11200,0,0,0,10498863,10498863,2943
78847,334,301,1063,6,0,11200,0,0,0,10501012,10501012,2943
78862,334,366,1063,6,0,11200,0,0,0,10503001,10503001,2943
78878,334,419,1063,6,0,11200,0,0,0,10505035,10505035,2943
78893,334,471,1063,6,0,11200,0,0,0,10506996,10506996,2943
78908,334,525,1063,6,0,11200,0,0,0,10509001,10509001,2943
78923,334,572,1063,6,0,11200,0,0,0,10510598,10510598,2943
78939,334,630,1063,6,0,11200,0,0,0,10512639,10512639,2943
78954,334,692,1063,6,0,11200,0,0,0,10514261,10514261,2943
78969,334,768,1063,6,0,11200,0,0,0,10516304,10516304,2943
78984,334,856,1063,6,0,11200,0,0,0,10518295,10518295,2943
79007,334,890,1063,6,0,11200,0,0,0,10519547,10519547,2943
79022,334,960,1063,6,0,11200,0,0,0,10521756,10521756,2943
79038,335,1023,1063,6,0,11200,0,0,0,10523578,10523578,2943
79053,335,28,1063,6,0,11200,0,0,0,10525834,10525834,2943
79068,335,115,1063,6,0,11200,0,0,0,10527818,10527818,2943
79083,335,185,1064,7,0,11200,0,0,0,10530345,10530345,2943
79098,335,236,1064,7,0,11200,0,0,0,10532451,10532451,2943
79113,335,298,1064,7,0,11200,0,0,0,10534695,10534695,2943
79128,335,367,1064,7,0,11200,0,0,0,10536696,10536696,2943
79144,335,423,1064,7,0,11200,0,0,0,10538713,10538713,2943
79159,335,474,1064,7,0,11200,0,0,0,10540455,10540455,2943
79174,335,533,1064,7,0,11200,0,0,0,10542397,10542397,2943
79190,335,598,1064,7,0,11200,0,0,0,10544415,10544415,2943
79205,335,654,1064,7,0,11200,0,0,0,10546530,10546530,2943
79220,335,728,1064,7,0,11200,0,0,0,10548540,10548540,2943
79235,335,822,1064,7,0,11200,0,0,0,10550467,10550467,2943
79251,335,888,1064,7,0,11200,0,0,0,10552338,10552338,2943
79267,335,961,1064,7,0,11200,0,0,0,10554375,10554375,2943
79282,336,1033,1064,7,0,11200,0,0,0,10556252,10556252,2943
79298,336,21,1064,5,0,11200,0,0,0,10558107,10558107,2943
79313,336,118,1064,5,0,11200,0,0,0,10560358,10560358,2943
79328,336,171,1064,5,0,11200,0,0,0,10562800,10562800,2943
79343,336,221,1064,5,0,11200,0,0,0,10564913,10564913,2943
79358,336,269,1064,5,0,11200,0,0,0,10567071,10567071,2943
79373,336,357,1064,5,0,11200,0,0,0,10569200,10569200,2943
79389,336,417,1064,5,0,11200,0,0,0,10571017,10571017,2943
79404,336,474,1064,5,0,11200,0,0,0,10572997,10572997,2943
79420,336,528,1064,5,0,11200,0,0,0,10574913,10574913,2943
79435,336,563,1064,5,0,11200,0,0,0,10575917,10575917,2943
79451,336,619,1064,5,0,11200,0,0,0,10577985,10577985,2943
79466,336,688,1064,5,0,11200,0,0,0,10579797,10579797,2943
79482,336,751,1064,5,0,11200,0,0,0,10581682,10581682,2943
79497,336,844,1064,5,0,11200,0,0,0,10583490,10583490,2943
79512,336,928,1064,5,0,11200,0,0,0,10585409,10585409,2943
79528,336,1001,1064,5,0,11200,0,0,0,10587244,10587244,2943
79544,337,1052,1064,5,0,11200,0,0,0,10588992,10588992,2943
79560,337,78,1064,5,0,11200,0,0,0,10591255,10591255,2943
79575,337,151,1064,5,0,11200,0,0,0,10593715,10593715,2943
79590,337,201,1064,5,0,11200,0,0,0,10595768,10595768,2943
79606,337,252,1064,5,0,11200,0,0,0,10597997,10597997,2943
79621,337,334,1064,5,0,11200,0,0,0,10600276,10600276,2943
79636,337,397,1064,5,0,11200,0,0,0,10602145,10602145,2943
79652,337,465,1064,5,0,11200,0,0,0,10604120,10604120,2943
79668,337,525,1064,5,0,11200,0,0,0,10606003,10606003,2943
79683,337,565,1064,5,0,11200,0,0,0,10607599,10607599,2943
79699,337,620,1064,5,0,11200,0,0,0,10609330,10609330,2943
79714,337,691,1064,5,0,11200,0,0,0,10611312,10611312,2943
79729,337,778,1064,5,0,11200,0,0,0,10613261,10613261,2943
79744,337,848,1064,5,0,11200,0,0,0,10615144,10615144,2943
79759,337,911,1064,5,0,11200,0,0,0,10616878,10616878,2943
79775,337,983,1064,5,0,11200,0,0,0,10618908,10618908,2943
79790,338,1035,1064,5,0,11200,0,0,0,10620718,10620718,2943
79805,338,46,1064,5,0,11200,0,0,0,10622947,10622947,2943
79820,338,141,1064,5,0,11200,0,0,0,10625213,10625213,2943
79835,338,208,1064,5,0,11200,0,0,0,10627564,10627564,2943
79851,338,262,1064,5,0,11200,0,0,0,10629873,10629873,2943
79866,338,333,1064,5,0,11200,0,0,0,10632113,10632113,2943
79881,338,394,1064,5,0,11200,0,0,0,10634156,10634156,2943
79896,338,468,1064,5,0,11200,0,0,0,10636226,10636226,2943
79912,338,527,1064,5,0,11200,0,0,0,10638249,10638249,2943
79928,338,571,1064,5,0,11200,0,0,0,10639724,10639724,2943
79943,338,623,1064,5,0,11200,0,0,0,10641763,10641763,2943
79958,338,689,1064,5,0,11200,0,0,0,10643741,10643741,2943
79975,338,778,1064,5,0,11200,0,0,0,10645854,10645854,2943
79990,338,869,1064,5,0,11200,0,0,0,10647889,10647889,2943
80006,338,912,1064,5,0,11200,0,0,0,10649585,10649585,2943
80021,338,985,1064,5,0,11200,0,0,0,10651913,10651913,2943
80037,339,1023,1064,5,0,11200,0,0,0,10653551,10653551,2943
80052,339,32,1064,5,0,11200,0,0,0,10655829,10655829,2943
80067,339,142,1064,5,0,11200,0,0,0,10658047,10658047,2943
80082,339,195,1064,5,0,11200,0,0,0,10660108,10660108,2943
80097,339,244,1064,5,0,11200,0,0,0,10662156,10662156,2943
80113,339,317,1064,5,0,11200,0,0,0,10664348,10664348,2943
80128,339,381,1064,5,0,11200,0,0,0,10666329,10666329,2943
80143,339,445,1064,5,0,11200,0,0,0,10668272,10668272,2943
80158,339,509,1064,5,0,11200,0,0,0,10670246,10670246,2943
80173,339,554,1064,5,0,11200,0,0,0,10671866,10671866,2943
80189,339,608,1064,5,0,11200,0,0,0,10673766,10673766,2943
80204,339,669,1064,5,0,11200,0,0,0,10675837,10675837,2943
80219,339,731,1064,5,0,11200,0,0,0,10677849,10677849,2943
80234,339,838,1064,5,0,11200,0,0,0,10680007,10680007,2943
80250,339,889,1064,5,0,11200,0,0,0,10681759,10681759,2943
80265,339,957,1064,5,0,11200,0,0,0,10683799,10683799,2943
80281,340,1023,1064,5,0,11200,0,0,0,10685801,10685801,2943
80296,340,28,1064,3,0,11200,0,0,0,10688268,10688268,2943
80311,340,117,1064,3,0,11200,0,0,0,10690257,10690257,2943
80326,340,167,1064,3,0,11200,0,0,0,10692452,10692452,2943
80342,340,215,1064,3,0,11200,0,0,0,10694598,10694598,2943
80357,340,259,1064,3,0,11200,0,0,0,10696797,10696797,2943
80373,340,323,1064,3,0,11200,0,0,0,10699057,10699057,2943
80389,340,381,1064,3,0,11200,0,0,0,10701048,10701048,2943
80404,340,450,1064,3,0,11200,0,0,0,10703091,10703091,2943
80420,340,506,1064,3,0,11200,0,0,0,10705134,10705134,2943
80435,340,557,1064,3,0,11200,0,0,0,10706866,10706866,2943
80450,340,609,1064,3,0,11200,0,0,0,10708624,10708624,2943
80466,340,689,1064,3,0,11200,0,0,0,10710774,10710774,2943
80482,340,733,1064,3,0,11200,0,0,0,10712388,10712388,2943
80497,340,826,1064,3,0,11200,0,0,0,10714409,10714409,2943
80512,340,901,1064,3,0,11200,0,0,0,10716474,10716474,2943
80527,340,961,1064,3,0,11200,0,0,0,10718094,10718094,2943
80542,340,1018,1064,3,0,11200,0,0,0,10719825,10719825,2943
80557,341,31,1064,3,0,11200,0,0,0,10722193,10722193,2943
80572,341,133,1064,3,0,11200,0,0,0,10724715,10724715,2943
80588,341,198,1064,3,0,11200,0,0,0,10726982,10726982,2943
80603,341,247,1064,3,0,11200,0,0,0,10729219,10729219,2943
80618,341,317,1064,3,0,11200,0,0,0,10731434,10731434,2943
80633,341,381,1064,3,0,11200,0,0,0,10733320,10733320,2943
80649,341,433,1064,3,0,11200,0,0,0,10735286,10735286,2943
80664,341,498,1064,3,0,11200,0,0,0,10737172,10737172,2943
80679,341,548,1064,3,0,11200,0,0,0,10738940,10738940,2943
80694,341,598,1064,3,0,11200,0,0,0,10740882,10740882,2943
80710,341,652,1064,3,0,11200,0,0,0,10742702,10742702,2943
80725,341,705,1064,3,0,11200,0,0,0,10744533,10744533,2943
80740,341,792,1064,3,0,11200,0,0,0,10746526,10746526,2943
80755,341,868,1064,3,0,11200,0,0,0,10748345,10748345,2943
80771,341,921,1064,3,0,11200,0,0,0,10749971,10749971,2943
80786,341,1001,1064,3,0,11200,0,0,0,10751815,10751815,2943
80801,342,1,1064,3,0,11200,0,0,0,10753434,10753434,2943
80816,342,66,1064,3,0,11200,0,0,0,10755549,10755549,2943
80831,342,157,1064,3,0,11200,0,0,0,10758097,10758097,2943
80846,342,209,1064,3,0,11200,0,0,0,10760321,10760321,2943
80862,342,261,1064,3,0,11200,0,0,0,10762504,10762504,2943
80877,342,329,1064,3,0,11200,0,0,0,10764631,10764631,2943
80892,342,388,1064,3,0,11200,0,0,0,10766543,10766543,2943
80907,342,460,1064,3,0,11200,0,0,0,10768427,10768427,2943
80923,342,514,1064,3,0,11200,0,0,0,10770593,10770593,2943
80938,342,565,1064,3,0,11200,0,0,0,10772542,10772542,2943
80953,342,616,1064,3,0,11200,0,0,0,10774275,10774275,2943
80969,342,689,1064,3,0,11200,0,0,0,10776425,10776425,2943
80984,342,762,1064,3,0,11200,0,0,0,10778415,10778415,2943
80999,342,837,1064,3,0,11200,0,0,0,10780275,10780275,2943
81015,342,888,1064,3,0,11200,0,0,0,10781975,10781975,2943
81030,342,961,1064,3,0,11200,0,0,0,10784081,10784081,2943
81045,343,1037,1064,3,0,11200,0,0,0,10786017,10786017,2943
81061,343,42,1064,3,0,11200,0,0,0,10788010,10788010,2943
81076,343,140,1064,3,0,11200,0,0,0,10790420,10790420,2943
81091,343,205,1064,3,0,11200,0,0,0,10792651,10792651,2943
81106,343,259,1064,3,0,11200,0,0,0,10794843,10794843,2943
81121,343,327,1064,3,0,11200,0,0,0,10797003,10797003,2943
81137,343,410,1064,3,0,11200,0,0,0,10799138,10799138,2943
81152,343,470,1064,3,0,11200,0,0,0,10801094,10801094,2943
81168,343,526,1064,3,0,11200,0,0,0,10803212,10803212,2943
81183,343,579,1064,3,0,11200,0,0,0,10804927,10804927,2943
81198,343,631,1064,3,0,11200,0,0,0,10806794,10806794,2943
81213,343,706,1064,3,0,11200,0,0,0,10808861,10808861,2943
81229,343,786,1064,3,0,11200,0,0,0,10810751,10810751,2943
81245,343,856,1064,3,0,11200,0,0,0,10812738,10812738,2943
81260,343,902,1064,3,0,11200,0,0,0,10814368,10814368,2943
81276,343,998,1064,3,0,11200,0,0,0,10816480,10816480,2943
81291,344,4,1064,3,0,11200,0,0,0,10818326,10818326,2943
81306,344,84,1064,3,0,11200,0,0,0,10820624,10820624,2943
81321,344,168,1064,3,0,11200,0,0,0,10823075,10823075,2943
81336,344,219,1064,3,0,11200,0,0,0,10825292,10825292,2943
81352,344,262,1064,3,0,11200,0,0,0,10827308,10827308,2943
81367,344,330,1064,3,0,11200,0,0,0,10829526,10829526,2943
81383,344,417,1064,3,0,11200,0,0,0,10831576,10831576,2943
81398,344,461,1064,3,0,11200,0,0,0,10833431,10833431,2943
81413,344,517,1064,3,0,11200,0,0,0,10835325,10835325,2943
81428,344,562,1064,3,0,11200,0,0,0,10836762,10836762,2943
81444,344,617,1064,3,0,11200,0,0,0,10838638,10838638,2943
81459,344,686,1064,3,0,11200,0,0,0,10840380,10840380,2943
81474,344,737,1064,3,0,11200,0,0,0,10842104,10842104,2943
81490,344,818,1064,3,0,11200,0,0,0,10844035,10844035,2943
81506,344,886,1064,3,0,11200,0,0,0,10845681,10845681,2943
81522,344,946,1064,3,0,11200,0,0,0,10847775,10847775,2943
81538,344,1018,1064,3,0,11200,0,0,0,10849838,10849838,2943
81553,345,24,1064,3,0,11200,0,0,0,10852073,10852073,2943
81568,345,126,1064,3,0,11200,0,0,0,10854364,10854364,2943
81583,345,175,1064,3,0,11200,0,0,0,10856647,10856647,2943
81598,345,227,1064,3,0,11200,0,0,0,10858813,10858813,2943
81614,345,284,1064,3,0,11200,0,0,0,10861211,10861211,2943
81629,345,367,1064,3,0,11200,0,0,0,10863421,10863421,2943
81645,345,439,1064,3,0,11200,0,0,0,10865784,10865784,2943
81660,345,503,1064,3,0,11200,0,0,0,10867908,10867908,2943
81676,345,555,1064,3,0,11200,0,0,0,10869502,10869502,2943
81691,345,611,1064,3,0,11200,0,0,0,10871436,10871436,2943
81706,345,671,1064,3,0,11200,0,0,0,10873366,10873366,2943
81721,345,728,1064,3,0,11200,0,0,0,10874994,10874994,2943
81736,345,796,1064,3,0,11200,0,0,0,10876718,10876718,2943
81752,345,868,1064,3,0,11200,0,0,0,10878715,10878715,2943
81767,345,912,1064,3,0,11200,0,0,0,10880193,10880193,2943
81783,345,998,1064,3,0,11200,0,0,0,10882106,10882106,2943
81798,346,2,1064,3,0,11200,0,0,0,10883912,10883912,2943
81813,346,110,1064,3,0,11200,0,0,0,10886355,10886355,2943
81828,346,161,1064,3,0,11200,0,0,0,10888815,10888815,2943
81843,346,217,1064,3,0,11200,0,0,0,10891102,10891102,2943
81859,346,279,1064,3,0,11200,0,0,0,10893322,10893322,2943
81874,346,349,1064,3,0,11200,0,0,0,10895473,10895473,2943
81890,346,420,1064,3,0,11200,0,0,0,10897638,10897638,2943
81905,346,475,1064,3,0,11200,0,0,0,10899661,10899661,2943
81920,346,533,1064,3,0,11200,0,0,0,10901791,10901791,2943
81936,346,583,1064,3,0,11200,0,0,0,10903430,10903430,2943
81952,346,639,1064,3,0,11200,0,0,0,10905600,10905600,2943
81967,346,706,1064,3,0,11200,0,0,0,10907465,10907465,2943
81982,346,777,1064,3,0,11200,0,0,0,10909289,10909289,2943
81997,346,846,1064,3,0,11200,0,0,0,10911041,10911041,2943
82012,346,888,1064,3,0,11200,0,0,0,10912542,10912542,2943
82028,346,948,1064,3,0,11200,0,0,0,10914506,10914506,2943
82043,346,998,1064,3,0,11200,0,0,0,10916132,10916132,2943
82058,347,10,1064,3,0,11200,0,0,0,10918133,10918133,2943
82073,347,125,1064,3,0,11200,0,0,0,10920542,10920542,2943
82088,347,173,1064,3,0,11200,0,0,0,10922777,10922777,2943
82104,347,232,1064,3,0,11200,0,0,0,10924888,10924888,2943
82119,347,297,1064,3,0,11200,0,0,0,10927081,10927081,2943
82134,347,357,1064,3,0,11200,0,0,0,10929241,10929241,2943
82149,347,409,1064,3,0,11200,0,0,0,10931036,10931036,2943
82164,347,464,1064,3,0,11200,0,0,0,10932832,10932832,2943
82180,347,514,1064,3,0,11200,0,0,0,10934901,10934901,2943
82195,347,571,1064,3,0,11200,0,0,0,10936673,10936673,2943
82211,347,624,1064,3,0,11200,0,0,0,10938728,10938728,2943
82226,347,693,1064,3,0,11200,0,0,0,10940369,10940369,2943
82241,347,769,1064,3,0,11200,0,0,0,10942288,10942288,2943
82256,347,846,1064,3,0,11200,0,0,0,10944156,10944156,2943
82272,347,886,1064,3,0,11200,0,0,0,10945097,10945097,2943
82287,347,939,1064,3,0,11200,0,0,0,10947057,10947057,2943
82303,347,1016,1064,3,0,11200,0,0,0,10948942,10948942,2943
82318,348,28,1064,3,0,11200,0,0,0,10951140,10951140,2943
82333,348,119,1064,3,0,11200,0,0,0,10953367,10953367,2943
82348,348,185,1064,3,0,11200,0,0,0,10955937,10955937,2943
82364,348,241,1064,3,0,11200,0,0,0,10958294,10958294,2943
82379,348,314,1064,3,0,11200,0,0,0,10960560,10960560,2943
82394,348,385,1064,3,0,11200,0,0,0,10962763,10962763,2943
82410,348,450,1064,3,0,11200,0,0,0,10965041,10965041,2943
82425,348,505,1064,3,0,11200,0,0,0,10967031,10967031,2943
82440,348,555,1064,3,0,11200,0,0,0,10969198,10969198,2943
82455,348,609,1064,3,0,11200,0,0,0,10971190,10971190,2943
82470,348,673,1064,3,0,11200,0,0,0,10973159,10973159,2943
82486,348,749,1064,3,0,11200,0,0,0,10975006,10975006,2943
82501,348,819,1064,3,0,11200,0,0,0,10976675,10976675,2943
82516,348,892,1064,3,0,11200,0,0,0,10978445,10978445,2943
82532,348,950,1064,3,0,11200,0,0,0,10980391,10980391,2943
82547,348,1018,1064,3,0,11200,0,0,0,10982126,10982126,2943
82562,349,18,1064,3,0,11200,0,0,0,10983998,10983998,2943
82577,349,126,1064,3,0,11200,0,0,0,10986535,10986535,2943
82592,349,183,1064,3,0,11200,0,0,0,10988901,10988901,2943
82608,349,229,1064,3,0,11200,0,0,0,10991099,10991099,2943
82623,349,300,1064,3,0,11200,0,0,0,10993178,10993178,2943
82639,349,378,1064,3,0,11200,0,0,0,10995437,10995437,2943
82654,349,438,1064,3,0,11200,0,0,0,10997522,10997522,2943
82669,349,499,1064,3,0,11200,0,0,0,10999504,10999504,2943
82686,349,537,1064,3,0,11200,0,0,0,11001209,11001209,2943
82701,349,599,1064,3,0,11200,0,0,0,11003084,11003084,2943
82716,349,641,1064,3,0,11200,0,0,0,11004969,11004969,2943
82732,349,693,1064,3,0,11200,0,0,0,11006975,11006975,2943
82747,349,768,1064,3,0,11200,0,0,0,11008737,11008737,2943
82762,349,845,1064,3,0,11200,0,0,0,11010593,11010593,2943
82781,349,886,1064,3,0,11200,0,0,0,11012051,11012051,2943
82796,349,960,1064,3,0,11200,0,0,0,11014065,11014065,2943
82811,350,1037,1064,3,0,11200,0,0,0,11016154,11016154,2943
82827,350,59,1064,3,0,11200,0,0,0,11018451,11018451,2943
82842,350,138,1064,3,0,11200,0,0,0,11020836,11020836,2943
82858,350,188,1064,3,0,11200,0,0,0,11023049,11023049,2943
82873,350,231,1064,3,0,11200,0,0,0,11025015,11025015,2943
82888,350,297,1064,3,0,11200,0,0,0,11027281,11027281,2943
82903,350,377,1064,3,0,11200,0,0,0,11029372,11029372,2943
82919,350,427,1064,3,0,11200,0,0,0,11031199,11031199,2943
82934,350,495,1064,3,0,11200,0,0,0,11033341,11033341,2943
82949,350,552,1064,3,0,11200,0,0,0,11035297,11035297,2943
82964,350,611,1064,3,0,11200,0,0,0,11037224,11037224,2943
82979,350,683,1064,3,0,11200,0,0,0,11039396,11039396,2943
82995,350,735,1064,3,0,11200,0,0,0,11041394,11041394,2943
83010,350,819,1064,3,0,11200,0,0,0,11043104,11043104,2943
83026,350,869,1064,3,0,11200,0,0,0,11044804,11044804,2943
83041,350,915,1064,3,0,11200,0,0,0,11046518,11046518,2943
83056,350,978,1064,3,0,11200,0,0,0,11048386,11048386,2943
83071,351,1054,1064,3,0,11200,0,0,0,11050313,11050313,2943
83086,351,52,1064,2,0,11200,0,0,0,11052633,11052633,2943
83101,351,141,1064,2,0,11200,0,0,0,11055007,11055007,2943
83116,351,212,1064,2,0,11200,0,0,0,11057042,11057042,2943
83132,351,258,1064,2,0,11200,0,0,0,11059290,11059290,2943
83147,351,314,1064,2,0,11200,0,0,0,11061402,11061402,2943
83162,351,381,1064,2,0,11200,0,0,0,11063304,11063304,2943
83177,351,435,1064,2,0,11200,0,0,0,11065231,11065231,2943
83192,351,502,1064,2,0,11200,0,0,0,11067246,11067246,2943
83208,351,549,1064,2,0,11200,0,0,0,11068969,11068969,2943
83223,351,611,1064,2,0,11200,0,0,0,11071115,11071115,2943
83239,351,670,1064,2,0,11200,0,0,0,11073137,11073137,2943
83254,351,735,1064,2,0,11200,0,0,0,11074992,11074992,2943
83269,351,796,1064,2,0,11200,0,0,0,11076670,11076670,2943
83285,351,882,1064,2,0,11200,0,0,0,11078568,11078568,2943
83300,351,940,1064,2,0,11200,0,0,0,11080453,11080453,2943
83315,351,1001,1064,2,0,11200,0,0,0,11082125,11082125,2943
83330,352,4,1064,2,0,11200,0,0,0,11083993,11083993,2943
83346,352,106,1064,2,0,11200,0,0,0,11086183,11086183,2943
83361,352,161,1064,2,0,11200,0,0,0,11088818,11088818,2943
83377,352,214,1064,2,0,11200,0,0,0,11090992,11090992,2943
83392,352,264,1064,2,0,11200,0,0,0,11093293,11093293,2943
83407,352,329,1064,2,0,11200,0,0,0,11095388,11095388,2943
83423,352,397,1064,2,0,11200,0,0,0,11097405,11097405,2943
83438,352,458,1064,2,0,11200,0,0,0,11099285,11099285,2943
83453,352,525,1064,2,0,11200,0,0,0,11101548,11101548,2943
83469,352,568,1064,2,0,11200,0,0,0,11103090,11103090,2943
83484,352,623,1064,2,0,11200,0,0,0,11104954,11104954,2943
83499,352,698,1064,2,0,11200,0,0,0,11106971,11106971,2943
83514,352,783,1064,2,0,11200,0,0,0,11108780,11108780,2943
83530,352,846,1064,2,0,11200,0,0,0,11110543,11110543,2943
83545,352,911,1064,2,0,11200,0,0,0,11112510,11112510,2943
83560,352,995,1064,2,0,11200,0,0,0,11114409,11114409,2943
83576,353,1053,1064,2,0,11200,0,0,0,11116111,11116111,2943
83591,353,50,1064,2,0,11200,0,0,0,11118259,11118259,2943
83606,353,138,1064,2,0,11200,0,0,0,11120750,11120750,2943
83622,353,188,1064,2,0,11200,0,0,0,11123024,11123024,2943
83637,353,243,1064,2,0,11200,0,0,0,11125172,11125172,2943
83653,353,308,1064,2,0,11200,0,0,0,11127470,11127470,2943
83669,353,383,1064,2,0,11200,0,0,0,11129624,11129624,2943
83684,353,447,1064,2,0,11200,0,0,0,11131606,11131606,2943
83699,353,500,1064,2,0,11200,0,0,0,11133693,11133693,2943
83717,353,537,1064,2,0,11200,0,0,0,11135614,11135614,2943
83733,353,589,1064,2,0,11200,0,0,0,11137302,11137302,2943
83748,353,653,1064,2,0,11200,0,0,0,11139315,11139315,2943
83764,353,709,1064,2,0,11200,0,0,0,11141441,11141441,2943
83779,353,791,1064,2,0,11200,0,0,0,11143271,11143271,2943
83794,353,859,1064,2,0,11200,0,0,0,11145055,11145055,2943
83809,353,915,1064,2,0,11200,0,0,0,11146787,11146787,2943
83825,353,1000,1064,2,0,11200,0,0,0,11148903,11148903,2943
83840,354,4,1064,2,0,11200,0,0,0,11150856,11150856,2943
83855,354,99,1064,2,0,11200,0,0,0,11153135,11153135,2943
83871,354,164,1064,2,0,11200,0,0,0,11155653,11155653,2943
83886,354,215,1064,2,0,11200,0,0,0,11157896,11157896,2943
83901,354,261,1064,2,0,11200,0,0,0,11159937,11159937,2943
83916,354,337,1064,2,0,11200,0,0,0,11162136,11162136,2943
83932,354,411,1064,2,0,11200,0,0,0,11164144,11164144,2943
83947,354,470,1064,2,0,11200,0,0,0,11166054,11166054,2943
83962,354,534,1064,2,0,11200,0,0,0,11168219,11168219,2943
83978,354,571,1064,2,0,11200,0,0,0,11169492,11169492,2943
83993,354,636,1064,2,0,11200,0,0,0,11171383,11171383,2943
84008,354,704,1064,2,0,11200,0,0,0,11173314,11173314,2943
84024,354,776,1064,2,0,11200,0,0,0,11175137,11175137,2943
84039,354,848,1064,2,0,11200,0,0,0,11176989,11176989,2943
84055,354,901,1064,2,0,11200,0,0,0,11178688,11178688,2943
84070,354,996,1064,2,0,11200,0,0,0,11180805,11180805,2943
84085,355,1062,1064,2,0,11200,0,0,0,11182841,11182841,2943
84101,355,52,1064,2,0,11200,0,0,0,11184808,11184808,2943
84116,355,142,1064,2,0,11200,0,0,0,11187197,11187197,2943
84131,355,198,1064,2,0,11200,0,0,0,11189647,11189647,2943
84147,355,244,1064,2,0,11200,0,0,0,11191848,11191848,2943
84162,355,314,1064,2,0,11200,0,0,0,11193983,11193983,2943
84177,355,408,1064,2,0,11200,0,0,0,11196077,11196077,2943
84192,355,471,1064,2,0,11200,0,0,0,11198149,11198149,2943
84208,355,532,1064,2,0,11200,0,0,0,11200361,11200361,2943
84223,355,581,1064,2,0,11200,0,0,0,11201925,11201925,2943
84238,355,636,1064,2,0,11200,0,0,0,11203805,11203805,2943
84254,355,707,1064,2,0,11200,0,0,0,11205799,11205799,2943
84269,355,777,1064,2,0,11200,0,0,0,11207755,11207755,2943
84284,355,858,1064,2,0,11200,0,0,0,11209607,11209607,2943
84299,355,912,1064,2,0,11200,0,0,0,11211451,11211451,2943
84316,355,985,1064,2,0,11200,0,0,0,11213449,11213449,2943
84332,356,1058,1064,1,0,11200,0,0,0,11215370,11215370,2943
84348,356,83,1064,1,0,11200,0,0,0,11217749,11217749,2943
84363,356,161,1064,1,0,11200,0,0,0,11219965,11219965,2943
84378,356,226,1064,1,0,11200,0,0,0,11222146,11222146,2943
84394,356,288,1064,1,0,11200,0,0,0,11224451,11224451,2943
84409,356,380,1064,1,0,11200,0,0,0,11226510,11226510,2943
84425,356,450,1064,1,0,11200,0,0,0,11228528,11228528,2943
84441,356,502,1064,1,0,11200,0,0,0,11230636,11230636,2943
84456,356,564,1064,1,0,11200,0,0,0,11232794,11232794,2943
84471,356,605,1064,1,0,11200,0,0,0,11234254,11234254,2943
84487,356,651,1064,1,0,11200,0,0,0,11235902,11235902,2943
84502,356,706,1064,1,0,11200,0,0,0,11237722,11237722,2943
84517,356,783,1064,1,0,11200,0,0,0,11239508,11239508,2943
84532,356,863,1064,1,0,11200,0,0,0,11241292,11241292,2943
84547,356,902,1064,1,0,11200,0,0,0,11242661,11242661,2943
84563,356,980,1064,1,0,11200,0,0,0,11244475,11244475,2943
84578,357,1037,1064,1,0,11200,0,0,0,11246263,11246263,2943
84594,357,32,1064,1,0,11200,0,0,0,11248349,11248349,2943
84609,357,133,1064,1,0,11200,0,0,0,11250794,11250794,2943
84624,357,186,1064,1,0,11200,0,0,0,11252948,11252948,2943
84639,357,241,1064,1,0,11200,0,0,0,11255027,11255027,2943
84654,357,297,1064,1,0,11200,0,0,0,11257187,11257187,2943
84669,357,369,1064,1,0,11200,0,0,0,11259341,11259341,2943
84684,357,431,1064,1,0,11200,0,0,0,11261144,11261144,2943
84700,357,490,1064,1,0,11200,0,0,0,11263172,11263172,2943
84716,357,537,1064,1,0,11200,0,0,0,11264976,11264976,2943
84731,357,604,1064,1,0,11200,0,0,0,11266964,11266964,2943
84748,357,674,1064,1,0,11200,0,0,0,11269216,11269216,2943
84763,357,735,1064,1,0,11200,0,0,0,11271153,11271153,2943
84779,357,838,1064,1,0,11200,0,0,0,11273179,11273179,2943
84794,357,889,1064,1,0,11200,0,0,0,11274704,11274704,2943
84810,357,961,1064,1,0,11200,0,0,0,11276611,11276611,2943
84826,357,1018,1064,1,0,11200,0,0,0,11278542,11278542,2943
84841,358,24,1064,1,0,11200,0,0,0,11280687,11280687,2943
84856,358,115,1064,1,0,11200,0,0,0,11282888,11282888,2943
84871,358,175,1064,1,0,11200,0,0,0,11285406,11285406,2943
84887,358,227,1064,1,0,11200,0,0,0,11287335,11287335,2943
84902,358,282,1064,1,0,11200,0,0,0,11289593,11289593,2943
84917,358,367,1064,1,0,11200,0,0,0,11291822,11291822,2943
84932,358,429,1064,1,0,11200,0,0,0,11293704,11293704,2943
84947,358,499,1064,1,0,11200,0,0,0,11295731,11295731,2943
84962,358,554,1064,1,0,11200,0,0,0,11297785,11297785,2943
84978,358,609,1064,1,0,11200,0,0,0,11299862,11299862,2943
84993,358,662,1064,1,0,11200,0,0,0,11301782,11301782,2943
85008,358,725,1064,1,0,11200,0,0,0,11303766,11303766,2943
85024,358,812,1064,1,0,11200,0,0,0,11305830,11305830,2943
85039,358,886,1064,1,0,11200,0,0,0,11307542,11307542,2943
85054,358,951,1064,1,0,11200,0,0,0,11309553,11309553,2943
85069,358,1016,1064,1,0,11200,0,0,0,11311216,11311216,2943
85085,359,28,1064,1,0,11200,0,0,0,11313550,11313550,2943
85100,359,130,1064,1,0,11200,0,0,0,11315724,11315724,2943
85115,359,189,1064,1,0,11200,0,0,0,11317862,11317862,2943
85130,359,243,1064,1,0,11200,0,0,0,11320047,11320047,2943
85146,359,298,1064,1,0,11200,0,0,0,11322072,11322072,2943
85161,359,377,1064,1,0,11200,0,0,0,11324342,11324342,2943
85177,359,427,1064,1,0,11200,0,0,0,11326044,11326044,2943
85193,359,495,1064,1,0,11200,0,0,0,11328041,11328041,2943
85208,359,527,1064,1,0,11200,0,0,0,11330007,11330007,2943
85223,359,579,1064,1,0,11200,0,0,0,11331437,11331437,2943
85238,359,631,1064,1,0,11200,0,0,0,11333498,11333498,2943
85254,359,709,1064,1,0,11200,0,0,0,11335580,11335580,2943
85269,359,769,1064,1,0,11200,0,0,0,11337205,11337205,2943
85284,359,838,1064,1,0,11200,0,0,0,11339135,11339135,2943
85300,359,889,1064,1,0,11200,0,0,0,11340657,11340657,2943
85315,359,951,1064,1,0,11200,0,0,0,11342784,11342784,2943
85330,360,1023,1064,1,0,11200,0,0,0,11344863,11344863,2943
85346,360,13,1064,1,0,11200,0,0,0,11346482,11346482,2943
85361,360,105,1064,1,0,11200,0,0,0,11348554,11348554,2943
85376,360,161,1064,1,0,11200,0,0,0,11350941,11350941,2943
85391,360,216,1064,1,0,11200,0,0,0,11353043,11353043,2943
85406,360,263,1064,1,0,11200,0,0,0,11355105,11355105,2943
85421,360,335,1064,1,0,11200,0,0,0,11357376,11357376,2943
85438,360,401,1064,1,0,11200,0,0,0,11359471,11359471,2943
85453,360,461,1064,1,0,11200,0,0,0,11361398,11361398,2943
85468,360,510,1064,1,0,11200,0,0,0,11363302,11363302,2943
85484,360,553,1064,1,0,11200,0,0,0,11364871,11364871,2943
85499,360,609,1064,1,0,11200,0,0,0,11366940,11366940,2943
85514,360,678,1064,1,0,11200,0,0,0,11369146,11369146,2943
85529,360,737,1064,1,0,11200,0,0,0,11371019,11371019,2943
85545,360,808,1064,1,0,11200,0,0,0,11372664,11372664,2943
85563,360,886,1064,1,0,11200,0,0,0,11374578,11374578,2943
85578,360,972,1064,1,0,11200,0,0,0,11376733,11376733,2943
85594,361,1044,1064,1,0,11200,0,0,0,11378360,11378360,2943
85609,361,43,1064,1,0,11200,0,0,0,11380372,11380372,2943
85625,361,138,1064,1,0,11200,0,0,0,11382842,11382842,2943
85640,361,194,1064,1,0,11200,0,0,0,11384805,11384805,2943
85655,361,250,1064,1,0,11200,0,0,0,11387046,11387046,2943
85671,361,322,1064,1,0,11200,0,0,0,11389126,11389126,2943
85686,361,378,1064,1,0,11200,0,0,0,11391232,11391232,2943
85701,361,442,1064,1,0,11200,0,0,0,11393133,11393133,2943
85717,361,501,1064,1,0,11200,0,0,0,11395133,11395133,2943
85732,361,554,1064,1,0,11200,0,0,0,11396955,11396955,2943
85747,361,611,1064,1,0,11200,0,0,0,11399107,11399107,2943
85762,361,669,1064,1,0,11200,0,0,0,11401187,11401187,2943
85777,361,747,1064,1,0,11200,0,0,0,11403154,11403154,2943
85793,361,832,1064,1,0,11200,0,0,0,11404893,11404893,2943
85808,361,889,1064,1,0,11200,0,0,0,11406547,11406547,2943
85823,361,951,1064,1,0,11200,0,0,0,11408523,11408523,2943
85839,361,1016,1064,1,0,11200,0,0,0,11410427,11410427,2943
85854,362,17,1064,1,0,11200,0,0,0,11412214,11412214,2943
85869,362,112,1064,1,0,11200,0,0,0,11414418,11414418,2943
85885,362,171,1064,1,0,11200,0,0,0,11416896,11416896,2943
85900,362,226,1064,1,0,11200,0,0,0,11418967,11418967,2943
85915,362,287,1064,1,0,11200,0,0,0,11421220,11421220,2943
85931,362,357,1064,1,0,11200,0,0,0,11423382,11423382,2943
85946,362,414,1064,1,0,11200,0,0,0,11425316,11425316,2943
85961,362,461,1064,1,0,11200,0,0,0,11427111,11427111,2943
85976,362,514,1064,1,0,11200,0,0,0,11429157,11429157,2943
85992,362,568,1064,1,0,11200,0,0,0,11430875,11430875,2943
86007,362,641,1064,1,0,11200,0,0,0,11433055,11433055,2943
86022,362,719,1064,1,0,11200,0,0,0,11435097,11435097,2943
86038,362,818,1064,1,0,11200,0,0,0,11437075,11437075,2943
86053,362,878,1064,1,0,11200,0,0,0,11438796,11438796,2943
86068,362,915,1064,1,0,11200,0,0,0,11440060,11440060,2943
86085,362,998,1064,1,0,11200,0,0,0,11442077,11442077,2943
86100,363,1050,1064,1,0,11200,0,0,0,11443773,11443773,2943
86115,363,46,1064,1,0,11200,0,0,0,11445778,11445778,2943
86131,363,135,1064,1,0,11200,0,0,0,11447996,11447996,2943
86146,363,188,1064,1,0,11200,0,0,0,11449978,11449978,2943
86161,363,250,1064,1,0,11200,0,0,0,11452295,11452295,2943
86177,363,333,1064,1,0,11200,0,0,0,11454739,11454739,2943
86192,363,389,1064,1,0,11200,0,0,0,11456509,11456509,2943
86207,363,460,1064,1,0,11200,0,0,0,11458478,11458478,2943
86222,363,516,1064,1,0,11200,0,0,0,11460590,11460590,2943
86239,363,571,1064,1,0,11200,0,0,0,11462376,11462376,2943
86254,363,620,1064,1,0,11200,0,0,0,11464444,11464444,2943
86269,363,688,1064,1,0,11200,0,0,0,11466425,11466425,2943
86285,363,746,1064,1,0,11200,0,0,0,11468250,11468250,2943
86300,363,822,1064,1,0,11200,0,0,0,11470121,11470121,2943
86315,363,882,1064,1,0,11200,0,0,0,11471858,11471858,2943
86331,363,946,1064,1,0,11200,0,0,0,11473598,11473598,2943
86346,363,1005,1064,1,0,11200,0,0,0,11475371,11475371,2943
86362,364,1053,1064,1,0,11200,0,0,0,11477000,11477000,2943
86377,364,52,1064,1,0,11200,0,0,0,11479195,11479195,2943
86392,364,138,1064,1,0,11200,0,0,0,11481602,11481602,2943
86407,364,194,1064,1,0,11200,0,0,0,11483831,11483831,2943
86423,364,247,1064,1,0,11200,0,0,0,11485971,11485971,2943
86438,364,303,1064,1,0,11200,0,0,0,11488242,11488242,2943
86454,364,367,1064,1,0,11200,0,0,0,11490404,11490404,2943
86469,364,420,1064,1,0,11200,0,0,0,11492312,11492312,2943
86484,364,489,1064,1,0,11200,0,0,0,11494190,11494190,2943
86500,364,552,1064,1,0,11200,0,0,0,11496060,11496060,2943
86515,364,601,1064,1,0,11200,0,0,0,11497572,11497572,2943
86530,364,669,1064,1,0,11200,0,0,0,11499677,11499677,2943
86545,364,724,1064,1,0,11200,0,0,0,11501360,11501360,2943
86561,364,832,1064,1,0,11200,0,0,0,11503352,11503352,2943
86576,364,904,1064,1,0,11200,0,0,0,11505193,11505193,2943
86593,364,982,1064,1,0,11200,0,0,0,11507317,11507317,2943
86608,365,1037,1065,2,0,11200,0,0,0,11509001,11509001,2947
86623,365,57,1065,1,0,11200,0,0,0,11511383,11511383,2947
86639,365,137,1065,1,0,11200,0,0,0,11513770,11513770,2947
86654,365,188,1065,1,0,11200,0,0,0,11515898,11515898,2947
86670,365,249,1065,1,0,11200,0,0,0,11518303,11518303,2947
86685,365,319,1065,1,0,11200,0,0,0,11520407,11520407,2947
86700,365,388,1065,1,0,11200,0,0,0,11522377,11522377,2947
86715,365,450,1065,1,0,11200,0,0,0,11524313,11524313,2947
86731,365,500,1065,1,0,11200,0,0,0,11526329,11526329,2947
86746,365,555,1065,1,0,11200,0,0,0,11528092,11528092,2947
86761,365,603,1065,1,0,11200,0,0,0,11529773,11529773,2947
86777,365,669,1065,1,0,11200,0,0,0,11531725,11531725,2947
86792,365,755,1065,1,0,11200,0,0,0,11533778,11533778,2947
86808,365,852,1065,1,0,11200,0,0,0,11535672,11535672,2947
86823,365,894,1065,1,0,11200,0,0,0,11537056,11537056,2947
86838,365,980,1065,1,0,11200,0,0,0,11539074,11539074,2947
86853,366,1044,1065,1,0,11200,0,0,0,11541069,11541069,2947
86868,366,44,1065,1,0,11200,0,0,0,11543355,11543355,2947
86884,366,138,1065,1,0,11200,0,0,0,11545856,11545856,2947
86899,366,203,1065,1,0,11200,0,0,0,11548011,11548011,2947
86914,366,246,1065,1,0,11200,0,0,0,11550013,11550013,2947
86929,366,314,1065,1,0,11200,0,0,0,11552052,11552052,2947
86944,366,385,1065,1,0,11200,0,0,0,11554135,11554135,2947
86959,366,449,1065,1,0,11200,0,0,0,11556217,11556217,2947
86975,366,513,1065,1,0,11200,0,0,0,11558176,11558176,2947
86990,366,565,1065,1,0,11200,0,0,0,11560344,11560344,2947
87006,366,618,1065,1,0,11200,0,0,0,11562203,11562203,2947
87021,366,669,1065,1,0,11200,0,0,0,11564118,11564118,2947
87037,366,737,1065,1,0,11200,0,0,0,11566047,11566047,2947
87052,366,832,1065,1,0,11200,0,0,0,11567773,11567773,2947
87067,366,904,1065,1,0,11200,0,0,0,11569781,11569781,2947
87083,366,981,1065,1,0,11200,0,0,0,11571850,11571850,2947
87098,367,1045,1065,1,0,11200,0,0,0,11573632,11573632,2947
87113,367,98,1065,1,0,11200,0,0,0,11576012,11576012,2947
87129,367,172,1065,1,0,11200,0,0,0,11578437,11578437,2947
87144,367,227,1065,1,0,11200,0,0,0,11580530,11580530,2947
87159,367,288,1065,1,0,11200,0,0,0,11582710,11582710,2947
87174,367,350,1065,1,0,11200,0,0,0,11584790,11584790,2947
87190,367,414,1065,1,0,11200,0,0,0,11586637,11586637,2947
87205,367,464,1065,1,0,11200,0,0,0,11588379,11588379,2947
87220,367,527,1065,1,0,11200,0,0,0,11590398,11590398,2947
87235,367,585,1065,1,0,11200,0,0,0,11591906,11591906,2947
87250,367,658,1065,1,0,11200,0,0,0,11593983,11593983,2947
87265,367,724,1065,1,0,11200,0,0,0,11595958,11595958,2947
87280,367,810,1065,1,0,11200,0,0,0,11597825,11597825,2947
87297,367,889,1065,1,0,11200,0,0,0,11599789,11599789,2947
87312,367,948,1065,1,0,11200,0,0,0,11601785,11601785,2947
87328,367,1021,1065,1,0,11200,0,0,0,11603938,11603938,2947
87343,368,23,1065,1,0,11200,0,0,0,11606096,11606096,2947
87359,368,115,1065,1,0,11200,0,0,0,11608010,11608010,2947
87374,368,176,1065,1,0,11200,0,0,0,11610423,11610423,2947
87389,368,230,1065,1,0,11200,0,0,0,11612668,11612668,2947
87405,368,298,1065,1,0,11200,0,0,0,11614975,11614975,2947
87420,368,367,1065,1,0,11200,0,0,0,11617138,11617138,2947
87435,368,431,1065,1,0,11200,0,0,0,11619224,11619224,2947
87451,368,502,1065,1,0,11200,0,0,0,11621286,11621286,2947
87466,368,539,1065,1,0,11200,0,0,0,11622817,11622817,2947
87481,368,595,1065,1,0,11200,0,0,0,11624689,11624689,2947
87496,368,662,1065,1,0,11200,0,0,0,11626856,11626856,2947
87512,368,730,1065,1,0,11200,0,0,0,11628781,11628781,2947
87527,368,819,1065,1,0,11200,0,0,0,11630684,11630684,2947
87542,368,892,1065,1,0,11200,0,0,0,11632705,11632705,2947
87557,368,957,1065,1,0,11200,0,0,0,11634684,11634684,2947
87573,368,1011,1065,1,0,11200,0,0,0,11636655,11636655,2947
87588,369,9,1065,1,0,11200,0,0,0,11638817,11638817,2947
87603,369,111,1065,1,0,11200,0,0,0,11641010,11641010,2947
87618,369,167,1065,1,0,11200,0,0,0,11643339,11643339,2947
87633,369,215,1065,1,0,11200,0,0,0,11645472,11645472,2947
87649,369,263,1065,1,0,11200,0,0,0,11647717,11647717,2947
87664,369,330,1065,1,0,11200,0,0,0,11649880,11649880,2947
87679,369,389,1065,1,0,11200,0,0,0,11651665,11651665,2947
87695,369,452,1065,1,0,11200,0,0,0,11653692,11653692,2947
87710,369,511,1065,1,0,11200,0,0,0,11655857,11655857,2947
87729,369,537,1065,1,0,11200,0,0,0,11657086,11657086,2947
87744,369,589,1065,1,0,11200,0,0,0,11658586,11658586,2947
87759,369,654,1065,1,0,11200,0,0,0,11660648,11660648,2947
87774,369,716,1065,1,0,11200,0,0,0,11662351,11662351,2947
87789,369,794,1065,1,0,11200,0,0,0,11664337,11664337,2947
87805,369,866,1065,1,0,11200,0,0,0,11666220,11666220,2947
87820,369,922,1065,1,0,11200,0,0,0,11668016,11668016,2947
87836,369,1000,1065,1,0,11200,0,0,0,11669952,11669952,2947
87851,370,2,1065,1,0,11200,0,0,0,11671877,11671877,2947
87866,370,105,1065,1,0,11200,0,0,0,11674012,11674012,2947
87882,370,158,1065,1,0,11200,0,0,0,11676527,11676527,2947
87897,370,214,1065,1,0,11200,0,0,0,11678700,11678700,2947
87912,370,263,1065,1,0,11200,0,0,0,11680834,11680834,2947
87928,370,345,1065,1,0,11200,0,0,0,11683042,11683042,2947
87943,370,418,1065,1,0,11200,0,0,0,11685138,11685138,2947
87958,370,471,1065,1,0,11200,0,0,0,11687087,11687087,2947
87973,370,533,1065,1,0,11200,0,0,0,11689210,11689210,2947
87989,370,571,1065,1,0,11200,0,0,0,11690348,11690348,2947
88005,370,624,1065,1,0,11200,0,0,0,11692258,11692258,2947
88021,370,694,1065,1,0,11200,0,0,0,11694158,11694158,2947
88037,370,770,1065,1,0,11200,0,0,0,11696157,11696157,2947
88052,370,856,1065,1,0,11200,0,0,0,11698144,11698144,2947
88068,370,901,1065,1,0,11200,0,0,0,11699744,11699744,2947
88083,370,963,1065,1,0,11200,0,0,0,11701747,11701747,2947
88098,371,1029,1065,1,0,11200,0,0,0,11703511,11703511,2947
88113,371,14,1065,1,0,11200,0,0,0,11705145,11705145,2947
88129,371,122,1065,1,0,11200,0,0,0,11707322,11707322,2947
88145,371,184,1065,1,0,11200,0,0,0,11709873,11709873,2947
88160,371,227,1065,1,0,11200,0,0,0,11711922,11711922,2947
88175,371,303,1065,1,0,11200,0,0,0,11714230,11714230,2947
88191,371,366,1065,1,0,11200,0,0,0,11716368,11716368,2947
88206,371,430,1065,1,0,11200,0,0,0,11718256,11718256,2947
88222,371,495,1065,1,0,11200,0,0,0,11720314,11720314,2947
88241,371,537,1065,1,0,11200,0,0,0,11722172,11722172,2947
88256,371,591,1065,1,0,11200,0,0,0,11723874,11723874,2947
88272,371,623,1065,1,0,11200,0,0,0,11725518,11725518,2947
88287,371,688,1065,1,0,11200,0,0,0,11727398,11727398,2947
88302,371,755,1065,1,0,11200,0,0,0,11729191,11729191,2947
88318,371,837,1065,1,0,11200,0,0,0,11731222,11731222,2947
88333,371,886,1065,1,0,11200,0,0,0,11732846,11732846,2947
88349,371,961,1065,1,0,11200,0,0,0,11734773,11734773,2947
88364,372,1022,1065,1,0,11200,0,0,0,11736667,11736667,2947
88379,372,59,1065,1,0,11200,0,0,0,11738964,11738964,2947
88395,372,138,1065,1,0,11200,0,0,0,11741284,11741284,2947
88410,372,199,1065,1,0,11200,0,0,0,11743556,11743556,2947
88425,372,246,1065,1,0,11200,0,0,0,11745677,11745677,2947
88440,372,297,1065,1,0,11200,0,0,0,11747532,11747532,2947
88455,372,366,1065,1,0,11200,0,0,0,11749609,11749609,2947
88471,372,427,1065,1,0,11200,0,0,0,11751545,11751545,2947
88486,372,497,1065,1,0,11200,0,0,0,11753450,11753450,2947
88501,372,545,1065,1,0,11200,0,0,0,11755194,11755194,2947
88517,372,583,1065,1,0,11200,0,0,0,11756739,11756739,2947
88533,372,630,1065,1,0,11200,0,0,0,11758850,11758850,2947
88548,372,692,1065,1,0,11200,0,0,0,11760799,11760799,2947
88563,372,767,1065,1,0,11200,0,0,0,11762547,11762547,2947
88579,372,832,1065,1,0,11200,0,0,0,11764328,11764328,2947
88594,372,899,1065,1,0,11200,0,0,0,11766245,11766245,2947
88609,372,989,1065,1,0,11200,0,0,0,11768318,11768318,2947
88624,373,1045,1065,1,0,11200,0,0,0,11770057,11770057,2947
88640,373,65,1065,1,0,11200,0,0,0,11772371,11772371,2947
88656,373,137,1065,1,0,11200,0,0,0,11774745,11774745,2947
88671,373,186,1065,1,0,11200,0,0,0,11776839,11776839,2947
88686,373,243,1065,1,0,11200,0,0,0,11779363,11779363,2947
88701,373,310,1065,1,0,11200,0,0,0,11781394,11781394,2947
88717,373,377,1065,1,0,11200,0,0,0,11783405,11783405,2947
88732,373,435,1065,1,0,11200,0,0,0,11785523,11785523,2947
88747,373,492,1065,1,0,11200,0,0,0,11787557,11787557,2947
88763,373,554,1065,1,0,11200,0,0,0,11789612,11789612,2947
88778,373,604,1065,1,0,11200,0,0,0,11791321,11791321,2947
88793,373,664,1065,1,0,11200,0,0,0,11793456,11793456,2947
88808,373,728,1065,1,0,11200,0,0,0,11795186,11795186,2947
88824,373,799,1065,1,0,11200,0,0,0,11796874,11796874,2947
88840,373,886,1065,1,0,11200,0,0,0,11798813,11798813,2947
88856,373,950,1065,1,0,11200,0,0,0,11800602,11800602,2947
88871,373,1009,1065,1,0,11200,0,0,0,11802516,11802516,2947
88886,374,14,1065,1,0,11200,0,0,0,11804908,11804908,2947
88902,374,83,1065,1,0,11200,0,0,0,11807000,11807000,2947
88917,374,158,1065,1,0,11200,0,0,0,11809526,11809526,2947
88933,374,209,1065,1,0,11200,0,0,0,11811575,11811575,2947
88948,374,254,1065,1,0,11200,0,0,0,11813845,11813845,2947
88963,374,327,1065,1,0,11200,0,0,0,11816072,11816072,2947
88978,374,380,1065,1,0,11200,0,0,0,11817993,11817993,2947
88994,374,452,1065,1,0,11200,0,0,0,11820054,11820054,2947
89009,374,503,1065,1,0,11200,0,0,0,11821963,11821963,2947
89024,374,563,1065,1,0,11200,0,0,0,11823975,11823975,2947
89040,374,618,1065,1,0,11200,0,0,0,11825783,11825783,2947
89055,374,673,1065,1,0,11200,0,0,0,11827735,11827735,2947
89070,374,731,1065,1,0,11200,0,0,0,11829598,11829598,2947
89086,374,812,1065,1,0,11200,0,0,0,11831404,11831404,2947
89101,374,878,1065,1,0,11200,0,0,0,11833218,11833218,2947
89117,374,929,1065,1,0,11200,0,0,0,11835075,11835075,2947
89132,374,1001,1065,1,0,11200,0,0,0,11836694,11836694,2947
89147,375,1064,1066,2,0,11200,0,0,0,11838346,11838346,2947
89162,375,105,1066,2,0,11200,0,0,0,11840701,11840701,2947
89178,375,171,1066,2,0,11200,0,0,0,11843354,11843354,2947
89193,375,221,1066,2,0,11200,0,0,0,11845547,11845547,2947
89208,375,288,1066,2,0,11200,0,0,0,11847909,11847909,2947
89224,375,369,1066,2,0,11200,0,0,0,11849973,11849973,2947
89239,375,424,1066,2,0,11200,0,0,0,11851963,11851963,2947
89255,375,475,1066,2,0,11200,0,0,0,11853879,11853879,2947
89270,375,527,1066,2,0,11200,0,0,0,11855834,11855834,2947
89286,375,572,1066,2,0,11200,0,0,0,11857195,11857195,2947
89301,375,634,1066,2,0,11200,0,0,0,11859354,11859354,2947
89316,375,709,1066,2,0,11200,0,0,0,11861456,11861456,2947
89331,375,796,1066,2,0,11200,0,0,0,11863243,11863243,2947
89347,375,862,1066,2,0,11200,0,0,0,11865008,11865008,2947
89363,375,901,1066,2,0,11200,0,0,0,11866455,11866455,2947
89378,375,983,1066,2,0,11200,0,0,0,11868481,11868481,2947
89393,376,1052,1066,2,0,11200,0,0,0,11870527,11870527,2947
89409,376,65,1066,1,0,11200,0,0,0,11872823,11872823,2947
89424,376,157,1066,1,0,11200,0,0,0,11875166,11875166,2947
89439,376,209,1066,1,0,11200,0,0,0,11877232,11877232,2947
89454,376,252,1066,1,0,11200,0,0,0,11879313,11879313,2947
89469,376,312,1066,1,0,11200,0,0,0,11881342,11881342,2947
89485,376,382,1066,1,0,11200,0,0,0,11883493,11883493,2947
89500,376,449,1066,1,0,11200,0,0,0,11885737,11885737,2947
89515,376,508,1066,1,0,11200,0,0,0,11887907,11887907,2947
89531,376,565,1066,1,0,11200,0,0,0,11889826,11889826,2947
89546,376,636,1066,1,0,11200,0,0,0,11891937,11891937,2947
89561,376,713,1066,1,0,11200,0,0,0,11894029,11894029,2947
89576,376,794,1066,1,0,11200,0,0,0,11896008,11896008,2947
89592,376,877,1066,1,0,11200,0,0,0,11897824,11897824,2947
89607,376,925,1066,1,0,11200,0,0,0,11899727,11899727,2947
89622,376,999,1066,1,0,11200,0,0,0,11901681,11901681,2947
89637,377,1062,1066,1,0,11200,0,0,0,11903637,11903637,2947
89653,377,83,1066,1,0,11200,0,0,0,11905972,11905972,2947
89668,377,158,1066,1,0,11200,0,0,0,11908479,11908479,2947
89684,377,221,1066,1,0,11200,0,0,0,11910631,11910631,2947
89699,377,269,1066,1,0,11200,0,0,0,11912638,11912638,2947
89715,377,349,1066,1,0,11200,0,0,0,11914811,11914811,2947
89731,377,420,1066,1,0,11200,0,0,0,11916945,11916945,2947
89746,377,479,1066,1,0,11200,0,0,0,11918896,11918896,2947
89762,377,534,1066,1,0,11200,0,0,0,11921159,11921159,2947
89778,377,580,1066,1,0,11200,0,0,0,11922745,11922745,2947
89793,377,636,1066,1,0,11200,0,0,0,11924918,11924918,2947
89808,377,707,1066,1,0,11200,0,0,0,11926866,11926866,2947
89824,377,791,1066,1,0,11200,0,0,0,11928926,11928926,2947
89839,377,862,1066,1,0,11200,0,0,0,11930780,11930780,2947
89854,377,911,1066,1,0,11200,0,0,0,11932166,11932166,2947
89869,377,989,1066,1,0,11200,0,0,0,11934177,11934177,2947
89885,378,1045,1066,1,0,11200,0,0,0,11935844,11935844,2947
89900,378,65,1066,1,0,11200,0,0,0,11938126,11938126,2947
89916,378,154,1066,1,0,11200,0,0,0,11940543,11940543,2947
89931,378,203,1066,1,0,11200,0,0,0,11942688,11942688,2947
89946,378,252,1066,1,0,11200,0,0,0,11944953,11944953,2947
89961,378,319,1066,1,0,11200,0,0,0,11946998,11946998,2947
89976,378,388,1066,1,0,11200,0,0,0,11949024,11949024,2947
89992,378,458,1066,1,0,11200,0,0,0,11951081,11951081,2947
90008,378,510,1066,1,0,11200,0,0,0,11952864,11952864,2947
90024,378,565,1066,1,0,11200,0,0,0,11954953,11954953,2947
90039,378,635,1066,1,0,11200,0,0,0,11957090,11957090,2947
90054,378,699,1066,1,0,11200,0,0,0,11959062,11959062,2947
90069,378,783,1066,1,0,11200,0,0,0,11960912,11960912,2947
90085,378,838,1066,1,0,11200,0,0,0,11962533,11962533,2947
90100,378,895,1066,1,0,11200,0,0,0,11964367,11964367,2947
90119,378,961,1066,1,0,11200,0,0,0,11966498,11966498,2947
90134,379,1043,1066,1,0,11200,0,0,0,11968488,11968488,2947
90150,379,44,1066,1,0,11200,0,0,0,11970730,11970730,2947
90165,379,137,1066,1,0,11200,0,0,0,11973078,11973078,2947
90180,379,185,1066,1,0,11200,0,0,0,11975371,11975371,2947
90195,379,235,1066,1,0,11200,0,0,0,11977480,11977480,2947
90210,379,298,1066,1,0,11200,0,0,0,11979401,11979401,2947
90226,379,357,1066,1,0,11200,0,0,0,11981370,11981370,2947
90241,379,417,1066,1,0,11200,0,0,0,11983213,11983213,2947
90257,379,473,1066,1,0,11200,0,0,0,11985062,11985062,2947
90272,379,528,1066,1,0,11200,0,0,0,11987228,11987228,2947
90288,379,583,1066,1,0,11200,0,0,0,11988904,11988904,2947
90303,379,652,1066,1,0,11200,0,0,0,11991179,11991179,2947
90319,379,716,1066,1,0,11200,0,0,0,11993116,11993116,2947
90334,379,776,1066,1,0,11200,0,0,0,11994732,11994732,2947
90349,379,856,1066,1,0,11200,0,0,0,11996693,11996693,2947
90364,379,887,1066,1,0,11200,0,0,0,11997913,11997913,2947
90379,379,979,1066,1,0,11200,0,0,0,12000015,12000015,2947
90395,380,1035,1066,1,0,11200,0,0,0,12001736,12001736,2947
90410,380,52,1066,1,0,11200,0,0,0,12004072,12004072,2947
90425,380,146,1066,1,0,11200,0,0,0,12006661,12006661,2947
90440,380,212,1066,1,0,11200,0,0,0,12008827,12008827,2947
90455,380,251,1066,1,0,11200,0,0,0,12011017,12011017,2947
90471,380,335,1066,1,0,11200,0,0,0,12013180,12013180,2947
90486,380,408,1066,1,0,11200,0,0,0,12015108,12015108,2947
90501,380,464,1066,1,0,11200,0,0,0,12017016,12017016,2947
90516,380,528,1066,1,0,11200,0,0,0,12019004,12019004,2947
90531,380,572,1066,1,0,11200,0,0,0,12020345,12020345,2947
90546,380,620,1066,1,0,11200,0,0,0,12022259,12022259,2947
90561,380,692,1066,1,0,11200,0,0,0,12024357,12024357,2947
90576,380,752,1066,1,0,11200,0,0,0,12026098,12026098,2947
90591,380,832,1066,1,0,11200,0,0,0,12028044,12028044,2947
90607,380,899,1066,1,0,11200,0,0,0,12029847,12029847,2947
90622,380,1000,1066,1,0,11200,0,0,0,12031992,12031992,2947
90637,381,1064,1066,1,0,11200,0,0,0,12033898,12033898,2947
90652,381,103,1066,1,0,11200,0,0,0,12036362,12036362,2947
90667,381,166,1066,1,0,11200,0,0,0,12038775,12038775,2947
90682,381,222,1066,1,0,11200,0,0,0,12041202,12041202,2947
90697,381,290,1066,1,0,11200,0,0,0,12043305,12043305,2947
90713,381,365,1066,1,0,11200,0,0,0,12045453,12045453,2947
90729,381,427,1066,1,0,11200,0,0,0,12047348,12047348,2947
90744,381,487,1066,1,0,11200,0,0,0,12049352,12049352,2947
90760,381,537,1066,1,0,11200,0,0,0,12051033,12051033,2947
90775,381,617,1066,1,0,11200,0,0,0,12053051,12053051,2947
90790,381,674,1066,1,0,11200,0,0,0,12054878,12054878,2947
90805,381,770,1066,1,0,11200,0,0,0,12056889,12056889,2947
90820,381,865,1066,1,0,11200,0,0,0,12058727,12058727,2947
90836,381,924,1066,1,0,11200,0,0,0,12060668,12060668,2947
90851,381,998,1066,1,0,11200,0,0,0,12062445,12062445,2947
90866,382,1052,1066,1,0,11200,0,0,0,12064192,12064192,2947
90881,382,58,1066,1,0,11200,0,0,0,12066642,12066642,2947
90897,382,154,1066,1,0,11200,0,0,0,12069335,12069335,2947
90912,382,199,1066,1,0,11200,0,0,0,12071580,12071580,2947
90928,382,258,1066,1,0,11200,0,0,0,12073913,12073913,2947
90943,382,336,1066,1,0,11200,0,0,0,12076198,12076198,2947
90958,382,402,1066,1,0,11200,0,0,0,12078131,12078131,2947
90974,382,458,1066,1,0,11200,0,0,0,12080204,12080204,2947
90989,382,524,1066,1,0,11200,0,0,0,12082357,12082357,2947
91004,382,575,1066,1,0,11200,0,0,0,12083967,12083967,2947
91020,382,653,1066,1,0,11200,0,0,0,12086121,12086121,2947
91036,382,724,1067,2,0,11200,0,0,0,12088074,12088074,2948
91051,382,798,1067,2,0,11200,0,0,0,12089847,12089847,2948
91066,382,870,1067,2,0,11200,0,0,0,12091688,12091688,2948
91082,382,940,1067,2,0,11200,0,0,0,12093655,12093655,2948
91097,382,1018,1067,2,0,11200,0,0,0,12095595,12095595,2948
91112,383,3,1067,1,0,11200,0,0,0,12096968,12096968,2948
91128,383,98,1067,1,0,11200,0,0,0,12099134,12099134,2948
91143,383,169,1067,1,0,11200,0,0,0,12101695,12101695,2948
91158,383,232,1067,1,0,11200,0,0,0,12103869,12103869,2948
91173,383,291,1067,1,0,11200,0,0,0,12106295,12106295,2948
91189,383,367,1067,1,0,11200,0,0,0,12108455,12108455,2948
91204,383,435,1067,1,0,11200,0,0,0,12110453,12110453,2948
91219,383,499,1067,1,0,11200,0,0,0,12112567,12112567,2948
91239,383,537,1067,1,0,11200,0,0,0,12114289,12114289,2948
91254,383,605,1067,1,0,11200,0,0,0,12116183,12116183,2948
91269,383,671,1067,1,0,11200,0,0,0,12118374,12118374,2948
91284,383,768,1067,1,0,11200,0,0,0,12120354,12120354,2948
91300,383,856,1067,1,0,11200,0,0,0,12122201,12122201,2948
91315,383,886,1067,1,0,11200,0,0,0,12123488,12123488,2948
91331,383,946,1067,1,0,11200,0,0,0,12125342,12125342,2948
91346,383,1005,1067,1,0,11200,0,0,0,12127178,12127178,2948
91361,384,1,1067,1,0,11200,0,0,0,12129155,12129155,2948
91377,384,83,1067,1,0,11200,0,0,0,12131179,12131179,2948
91392,384,164,1067,1,0,11200,0,0,0,12133727,12133727,2948
91407,384,217,1067,1,0,11200,0,0,0,12135865,12135865,2948
91422,384,282,1067,1,0,11200,0,0,0,12138183,12138183,2948
91437,384,337,1067,1,0,11200,0,0,0,12140327,12140327,2948
91453,384,412,1067,1,0,11200,0,0,0,12142282,12142282,2948
91468,384,466,1067,1,0,11200,0,0,0,12144127,12144127,2948
91483,384,518,1068,2,0,11200,0,0,0,12146072,12146072,2949
91500,384,571,1068,2,0,11200,0,0,0,12147779,12147779,2949
91516,384,623,1068,2,0,11200,0,0,0,12149916,12149916,2949
91531,384,699,1068,2,0,11200,0,0,0,12152060,12152060,2949
91546,384,769,1068,2,0,11200,0,0,0,12153846,12153846,2949
91561,384,826,1068,2,0,11200,0,0,0,12155601,12155601,2949
91576,384,888,1068,2,0,11200,0,0,0,12157097,12157097,2949
91592,384,946,1068,2,0,11200,0,0,0,12158855,12158855,2949
91607,385,1027,1068,2,0,11200,0,0,0,12160923,12160923,2949
91622,385,20,1068,1,0,11200,0,0,0,12162871,12162871,2949
91638,385,106,1068,1,0,11200,0,0,0,12164993,12164993,2949
91653,385,161,1068,1,0,11200,0,0,0,12167260,12167260,2949
91668,385,221,1068,1,0,11200,0,0,0,12169214,12169214,2949
91683,385,265,1068,1,0,11200,0,0,0,12171148,12171148,2949
91698,385,335,1068,1,0,11200,0,0,0,12173159,12173159,2949
91713,385,402,1068,1,0,11200,0,0,0,12174988,12174988,2949
91729,385,460,1068,1,0,11200,0,0,0,12176870,12176870,2949
91744,385,517,1068,1,0,11200,0,0,0,12178899,12178899,2949
91759,385,575,1068,1,0,11200,0,0,0,12180649,12180649,2949
91775,385,631,1068,1,0,11200,0,0,0,12182763,12182763,2949
91790,385,698,1068,1,0,11200,0,0,0,12184456,12184456,2949
91805,385,769,1068,1,0,11200,0,0,0,12186231,12186231,2949
91820,385,845,1068,1,0,11200,0,0,0,12188146,12188146,2949
91837,385,886,1068,1,0,11200,0,0,0,12189488,12189488,2949
91852,385,949,1068,1,0,11200,0,0,0,12191524,12191524,2949
91868,385,1016,1068,1,0,11200,0,0,0,12193342,12193342,2949
91883,386,20,1068,1,0,11200,0,0,0,12195260,12195260,2949
91899,386,129,1068,1,0,11200,0,0,0,12197741,12197741,2949
91914,386,196,1068,1,0,11200,0,0,0,12199952,12199952,2949
91929,386,258,1068,1,0,11200,0,0,0,12202139,12202139,2949
91945,386,314,1068,1,0,11200,0,0,0,12203964,12203964,2949
91960,386,380,1068,1,0,11200,0,0,0,12205950,12205950,2949
91976,386,439,1068,1,0,11200,0,0,0,12207978,12207978,2949
91991,386,499,1068,1,0,11200,0,0,0,12210027,12210027,2949
92007,386,555,1068,1,0,11200,0,0,0,12211787,12211787,2949
92022,386,607,1068,1,0,11200,0,0,0,12213496,12213496,2949
92037,386,680,1068,1,0,11200,0,0,0,12215636,12215636,2949
92052,386,749,1068,1,0,11200,0,0,0,12217482,12217482,2949
92067,386,837,1068,1,0,11200,0,0,0,12219417,12219417,2949
92083,386,899,1068,1,0,11200,0,0,0,12221444,12221444,2949
92098,386,996,1068,1,0,11200,0,0,0,12223352,12223352,2949
92114,387,1053,1068,1,0,11200,0,0,0,12225408,12225408,2949
92129,387,43,1068,1,0,11200,0,0,0,12227464,12227464,2949
92144,387,140,1068,1,0,11200,0,0,0,12229904,12229904,2949
92159,387,208,1068,1,0,11200,0,0,0,12232064,12232064,2949
92175,387,258,1068,1,0,11200,0,0,0,12234192,12234192,2949
92191,387,323,1068,1,0,11200,0,0,0,12236265,12236265,2949
92206,387,386,1068,1,0,11200,0,0,0,12238187,12238187,2949
92221,387,458,1068,1,0,11200,0,0,0,12240170,12240170,2949
92236,387,505,1068,1,0,11200,0,0,0,12242117,12242117,2949
92252,387,552,1068,1,0,11200,0,0,0,12244061,12244061,2949
92267,387,616,1068,1,0,11200,0,0,0,12246185,12246185,2949
92282,387,670,1068,1,0,11200,0,0,0,12248254,12248254,2949
92298,387,725,1068,1,0,11200,0,0,0,12250005,12250005,2949
92313,387,812,1068,1,0,11200,0,0,0,12251932,12251932,2949
92328,387,877,1068,1,0,11200,0,0,0,12253761,12253761,2949
92343,387,927,1068,1,0,11200,0,0,0,12255557,12255557,2949
92358,387,1009,1068,1,0,11200,0,0,0,12257489,12257489,2949
92374,388,2,1068,1,0,11200,0,0,0,12259183,12259183,2949
92389,388,106,1068,1,0,11200,0,0,0,12261449,12261449,2949
92404,388,166,1068,1,0,11200,0,0,0,12264039,12264039,2949
92419,388,226,1068,1,0,11200,0,0,0,12266279,12266279,2949
92435,388,269,1068,1,0,11200,0,0,0,12268388,12268388,2949
92450,388,345,1068,1,0,11200,0,0,0,12270563,12270563,2949
92465,388,419,1068,1,0,11200,0,0,0,12272560,12272560,2949
92480,388,469,1068,1,0,11200,0,0,0,12274510,12274510,2949
92495,388,513,1068,1,0,11200,0,0,0,12276363,12276363,2949
92511,388,556,1068,1,0,11200,0,0,0,12277951,12277951,2949
92527,388,605,1068,1,0,11200,0,0,0,12279802,12279802,2949
92542,388,691,1068,1,0,11200,0,0,0,12282026,12282026,2949
92557,388,752,1068,1,0,11200,0,0,0,12283941,12283941,2949
92572,388,844,1068,1,0,11200,0,0,0,12285707,12285707,2949
92587,388,889,1068,1,0,11200,0,0,0,12287377,12287377,2949
92603,388,957,1068,1,0,11200,0,0,0,12289392,12289392,2949
92618,388,1023,1068,1,0,11200,0,0,0,12291333,12291333,2949
92634,389,26,1068,1,0,11200,0,0,0,12293734,12293734,2949
92649,389,132,1068,1,0,11200,0,0,0,12296109,12296109,2949
92664,389,185,1068,1,0,11200,0,0,0,12298380,12298380,2949
92679,389,230,1068,1,0,11200,0,0,0,12300434,12300434,2949
92695,389,300,1068,1,0,11200,0,0,0,12302911,12302911,2949
92710,389,380,1068,1,0,11200,0,0,0,12305016,12305016,2949
92726,389,433,1068,1,0,11200,0,0,0,12306868,12306868,2949
92741,389,486,1068,1,0,11200,0,0,0,12308869,12308869,2949
92756,389,532,1068,1,0,11200,0,0,0,12310805,12310805,2949
92771,389,595,1068,1,0,11200,0,0,0,12312664,12312664,2949
92786,389,650,1068,1,0,11200,0,0,0,12314523,12314523,2949
92801,389,719,1068,1,0,11200,0,0,0,12316560,12316560,2949
92817,389,799,1068,1,0,11200,0,0,0,12318383,12318383,2949
92832,389,881,1068,1,0,11200,0,0,0,12320374,12320374,2949
92848,389,920,1068,1,0,11200,0,0,0,12321725,12321725,2949
92863,389,989,1068,1,0,11200,0,0,0,12323592,12323592,2949
92879,390,1043,1068,1,0,11200,0,0,0,12325439,12325439,2949
92894,390,26,1068,1,0,11200,0,0,0,12327199,12327199,2949
92909,390,140,1068,1,0,11200,0,0,0,12329545,12329545,2949
92924,390,196,1068,1,0,11200,0,0,0,12331788,12331788,2949
92940,390,235,1068,1,0,11200,0,0,0,12334092,12334092,2949
92955,390,298,1068,1,0,11200,0,0,0,12336326,12336326,2949
92972,390,380,1068,1,0,11200,0,0,0,12338603,12338603,2949
92987,390,438,1068,1,0,11200,0,0,0,12340705,12340705,2949
93002,390,502,1068,1,0,11200,0,0,0,12342642,12342642,2949
93018,390,556,1068,1,0,11200,0,0,0,12344524,12344524,2949
93033,390,611,1068,1,0,11200,0,0,0,12346478,12346478,2949
93048,390,678,1068,1,0,11200,0,0,0,12348587,12348587,2949
93064,390,737,1068,1,0,11200,0,0,0,12350410,12350410,2949
93079,390,799,1068,1,0,11200,0,0,0,12352103,12352103,2949
93094,390,876,1068,1,0,11200,0,0,0,12353879,12353879,2949
93110,390,902,1068,1,0,11200,0,0,0,12355214,12355214,2949
93125,390,957,1068,1,0,11200,0,0,0,12356755,12356755,2949
93140,390,1023,1068,1,0,11200,0,0,0,12358616,12358616,2949
93155,391,25,1068,1,0,11200,0,0,0,12360632,12360632,2949
93171,391,121,1068,1,0,11200,0,0,0,12362764,12362764,2949
93186,391,181,1068,1,0,11200,0,0,0,12365246,12365246,2949
93201,391,225,1068,1,0,11200,0,0,0,12367312,12367312,2949
93216,391,284,1068,1,0,11200,0,0,0,12369536,12369536,2949
93232,391,367,1068,1,0,11200,0,0,0,12371808,12371808,2949
93248,391,454,1068,1,0,11200,0,0,0,12374119,12374119,2949
93263,391,514,1068,1,0,11200,0,0,0,12376390,12376390,2949
93278,391,563,1068,1,0,11200,0,0,0,12377981,12377981,2949
93293,391,619,1068,1,0,11200,0,0,0,12379737,12379737,2949
93308,391,673,1068,1,0,11200,0,0,0,12381902,12381902,2949
93324,391,733,1068,1,0,11200,0,0,0,12383781,12383781,2949
93339,391,846,1068,1,0,11200,0,0,0,12385790,12385790,2949
93354,391,899,1068,1,0,11200,0,0,0,12387521,12387521,2949
93370,391,960,1068,1,0,11200,0,0,0,12389502,12389502,2949
93385,391,1023,1068,1,0,11200,0,0,0,12391218,12391218,2949
93400,392,23,1068,1,0,11200,0,0,0,12393399,12393399,2949
93415,392,116,1068,1,0,11200,0,0,0,12395492,12395492,2949
93430,392,168,1068,1,0,11200,0,0,0,12397569,12397569,2949
93445,392,222,1068,1,0,11200,0,0,0,12399674,12399674,2949
93460,392,264,1068,1,0,11200,0,0,0,12401759,12401759,2949
93476,392,345,1068,1,0,11200,0,0,0,12404037,12404037,2949
93491,392,418,1068,1,0,11200,0,0,0,12406073,12406073,2949
93507,392,482,1068,1,0,11200,0,0,0,12408080,12408080,2949
93522,392,532,1068,1,0,11200,0,0,0,12410122,12410122,2949
93538,392,593,1068,1,0,11200,0,0,0,12411858,12411858,2949
93553,392,658,1068,1,0,11200,0,0,0,12414064,12414064,2949
93568,392,716,1068,1,0,11200,0,0,0,12416002,12416002,2949
93583,392,791,1068,1,0,11200,0,0,0,12417713,12417713,2949
93598,392,854,1068,1,0,11200,0,0,0,12419371,12419371,2949
93614,392,896,1068,1,0,11200,0,0,0,12420801,12420801,2949
93629,392,965,1068,1,0,11200,0,0,0,12422790,12422790,2949
93644,392,1023,1068,1,0,11200,0,0,0,12424288,12424288,2949
93659,393,29,1068,1,0,11200,0,0,0,12426666,12426666,2949
93674,393,121,1068,1,0,11200,0,0,0,12428846,12428846,2949
93690,393,176,1068,1,0,11200,0,0,0,12431201,12431201,2949
93705,393,227,1068,1,0,11200,0,0,0,12433372,12433372,2949
93720,393,288,1068,1,0,11200,0,0,0,12435692,12435692,2949
93735,393,358,1068,1,0,11200,0,0,0,12437663,12437663,2949
93751,393,415,1068,1,0,11200,0,0,0,12439673,12439673,2949
93766,393,475,1068,1,0,11200,0,0,0,12441772,12441772,2949
93781,393,534,1068,1,0,11200,0,0,0,12444030,12444030,2949
93797,393,595,1068,1,0,11200,0,0,0,12445848,12445848,2949
93812,393,669,1068,1,0,11200,0,0,0,12448181,12448181,2949
93828,393,755,1068,1,0,11200,0,0,0,12450185,12450185,2949
93843,393,845,1068,1,0,11200,0,0,0,12452305,12452305,2949
93866,393,890,1068,1,0,11200,0,0,0,12453826,12453826,2949
93881,393,946,1068,1,0,11200,0,0,0,12455886,12455886,2949
93897,393,1013,1068,1,0,11200,0,0,0,12457896,12457896,2949
93913,394,1064,1068,1,0,11200,0,0,0,12459279,12459279,2949
93928,394,75,1068,1,0,11200,0,0,0,12461500,12461500,2949
93943,394,140,1068,1,0,11200,0,0,0,12464061,12464061,2949
93959,394,186,1068,1,0,11200,0,0,0,12466118,12466118,2949
93975,394,258,1068,1,0,11200,0,0,0,12468558,12468558,2949
93990,394,328,1068,1,0,11200,0,0,0,12470661,12470661,2949
94005,394,385,1068,1,0,11200,0,0,0,12472419,12472419,2949
94020,394,445,1068,1,0,11200,0,0,0,12474590,12474590,2949
94035,394,500,1068,1,0,11200,0,0,0,12476745,12476745,2949
94050,394,552,1068,1,0,11200,0,0,0,12478965,12478965,2949
94066,394,603,1068,1,0,11200,0,0,0,12480863,12480863,2949
94081,394,664,1068,1,0,11200,0,0,0,12483017,12483017,2949
94097,394,730,1068,1,0,11200,0,0,0,12484987,12484987,2949
94112,394,819,1068,1,0,11200,0,0,0,12486982,12486982,2949
94132,394,886,1068,1,0,11200,0,0,0,12488983,12488983,2949
94148,394,950,1068,1,0,11200,0,0,0,12491101,12491101,2949
94163,394,1009,1068,1,0,11200,0,0,0,12492876,12492876,2949
94178,395,9,1068,1,0,11200,0,0,0,12494809,12494809,2949
94193,395,98,1068,1,0,11200,0,0,0,12496901,12496901,2949
94209,395,158,1068,1,0,11200,0,0,0,12499401,12499401,2949
94225,395,224,1068,1,0,11200,0,0,0,12501594,12501594,2949
94240,395,284,1068,1,0,11200,0,0,0,12503660,12503660,2949
94255,395,362,1068,1,0,11200,0,0,0,12505779,12505779,2949
94271,395,411,1068,1,0,11200,0,0,0,12507717,12507717,2949
94286,395,462,1068,1,0,11200,0,0,0,12509849,12509849,2949
94301,395,517,1068,1,0,11200,0,0,0,12511818,12511818,2949
94317,395,591,1068,1,0,11200,0,0,0,12513790,12513790,2949
94332,395,652,1068,1,0,11200,0,0,0,12515923,12515923,2949
94347,395,735,1068,1,0,11200,0,0,0,12517867,12517867,2949
94363,395,833,1068,1,0,11200,0,0,0,12519870,12519870,2949
94382,395,886,1068,1,0,11200,0,0,0,12521685,12521685,2949
94397,395,971,1068,1,0,11200,0,0,0,12523834,12523834,2949
94412,396,1037,1068,1,0,11200,0,0,0,12525733,12525733,2949
94428,396,44,1068,1,0,11200,0,0,0,12528050,12528050,2949
94443,396,140,1068,1,0,11200,0,0,0,12530607,12530607,2949
94458,396,205,1068,1,0,11200,0,0,0,12533042,12533042,2949
94474,396,251,1068,1,0,11200,0,0,0,12535075,12535075,2949
94490,396,330,1068,1,0,11200,0,0,0,12537554,12537554,2949
94505,396,411,1068,1,0,11200,0,0,0,12539643,12539643,2949
94520,396,474,1068,1,0,11200,0,0,0,12541706,12541706,2949
94535,396,532,1068,1,0,11200,0,0,0,12543693,12543693,2949
94550,396,589,1068,1,0,11200,0,0,0,12545526,12545526,2949
94565,396,643,1068,1,0,11200,0,0,0,12547538,12547538,2949
94580,396,719,1068,1,0,11200,0,0,0,12549663,12549663,2949
94596,396,802,1068,1,0,11200,0,0,0,12551709,12551709,2949
94611,396,881,1068,1,0,11200,0,0,0,12553728,12553728,2949
94626,396,925,1068,1,0,11200,0,0,0,12555646,12555646,2949
94641,396,1006,1068,1,0,11200,0,0,0,12557790,12557790,2949
94656,397,2,1068,1,0,11200,0,0,0,12559888,12559888,2949
94671,397,92,1068,1,0,11200,0,0,0,12561931,12561931,2949
94686,397,153,1068,1,0,11200,0,0,0,12564325,12564325,2949
94701,397,199,1068,1,0,11200,0,0,0,12566412,12566412,2949
94717,397,250,1068,1,0,11200,0,0,0,12568627,12568627,2949
94732,397,310,1068,1,0,11200,0,0,0,12570658,12570658,2949
94747,397,382,1068,1,0,11200,0,0,0,12572502,12572502,2949
94762,397,458,1068,1,0,11200,0,0,0,12574494,12574494,2949
94777,397,517,1068,1,0,11200,0,0,0,12576659,12576659,2949
94792,397,580,1068,1,0,11200,0,0,0,12578558,12578558,2949
94807,397,636,1068,1,0,11200,0,0,0,12580568,12580568,2949
94823,397,698,1068,1,0,11200,0,0,0,12582675,12582675,2949
94838,397,792,1068,1,0,11200,0,0,0,12584664,12584664,2949
94853,397,877,1068,1,0,11200,0,0,0,12586642,12586642,2949
94868,397,957,1068,1,0,11200,0,0,0,12588874,12588874,2949
94885,398,1033,1068,1,0,11200,0,0,0,12590952,12590952,2949
94900,398,25,1068,1,0,11200,0,0,0,12593255,12593255,2949
94915,398,126,1068,1,0,11200,0,0,0,12595628,12595628,2949
94930,398,190,1068,1,0,11200,0,0,0,12598048,12598048,2949
94945,398,244,1068,1,0,11200,0,0,0,12600347,12600347,2949
94961,398,309,1068,1,0,11200,0,0,0,12602587,12602587,2949
94978,398,380,1068,1,0,11200,0,0,0,12604704,12604704,2949
94993,398,451,1068,1,0,11200,0,0,0,12606847,12606847,2949
95008,398,511,1068,1,0,11200,0,0,0,12608946,12608946,2949
95023,398,554,1068,1,0,11200,0,0,0,12610094,12610094,2949
95038,398,617,1068,1,0,11200,0,0,0,12612064,12612064,2949
95054,398,671,1068,1,0,11200,0,0,0,12613801,12613801,2949
95069,398,737,1068,1,0,11200,0,0,0,12615737,12615737,2949
95084,398,837,1068,1,0,11200,0,0,0,12617829,12617829,2949
95100,398,886,1068,1,0,11200,0,0,0,12619184,12619184,2949
95117,398,940,1068,1,0,11200,0,0,0,12620965,12620965,2949
95132,398,1011,1068,1,0,11200,0,0,0,12623057,12623057,2949
95147,399,6,1068,0,0,11200,0,0,0,12624769,12624769,2949
95162,399,106,1068,0,0,11200,0,0,0,12627100,12627100,2949
95178,399,164,1068,0,0,11200,0,0,0,12629780,12629780,2949
95193,399,226,1068,0,0,11200,0,0,0,12632145,12632145,2949
95208,399,290,1068,0,0,11200,0,0,0,12634385,12634385,2949
95224,399,362,1068,0,0,11200,0,0,0,12636643,12636643,2949
95239,399,420,1068,0,0,11200,0,0,0,12638552,12638552,2949
95255,399,470,1068,0,0,11200,0,0,0,12640429,12640429,2949
95271,399,527,1068,0,0,11200,0,0,0,12642663,12642663,2949
95287,399,571,1068,0,0,11200,0,0,0,12643981,12643981,2949
95303,399,636,1068,0,0,11200,0,0,0,12646214,12646214,2949
95318,399,711,1068,0,0,11200,0,0,0,12648384,12648384,2949
95334,399,791,1068,0,0,11200,0,0,0,12650195,12650195,2949
95349,399,854,1068,0,0,11200,0,0,0,12651928,12651928,2949
95365,399,902,1068,0,0,11200,0,0,0,12653805,12653805,2949
95381,399,996,1068,0,0,11200,0,0,0,12655835,12655835,2949
95398,400,1067,1068,0,0,11200,0,0,0,12657650,12657650,2949
95413,400,98,1068,0,0,11200,0,0,0,12659909,12659909,2949
95428,400,172,1068,0,0,11200,0,0,0,12662371,12662371,2949
95443,400,236,1068,0,0,11200,0,0,0,12664558,12664558,2949
95458,400,290,1068,0,0,11200,0,0,0,12666609,12666609,2949
95473,400,358,1068,0,0,11200,0,0,0,12668622,12668622,2949
95488,400,413,1068,0,0,11200,0,0,0,12670434,12670434,2949
95504,400,470,1068,0,0,11200,0,0,0,12672331,12672331,2949
95519,400,525,1068,0,0,11200,0,0,0,12674330,12674330,2949
95535,400,571,1068,0,0,11200,0,0,0,12675901,12675901,2949
95550,400,617,1068,0,0,11200,0,0,0,12677656,12677656,2949
95566,400,670,1068,0,0,11200,0,0,0,12679510,12679510,2949
95583,400,751,1068,0,0,11200,0,0,0,12681553,12681553,2949
95598,400,820,1068,0,0,11200,0,0,0,12683172,12683172,2949
95616,400,886,1068,0,0,11200,0,0,0,12684895,12684895,2949
95632,400,950,1068,0,0,11200,0,0,0,12686937,12686937,2949
95647,400,1014,1068,0,0,11200,0,0,0,12688610,12688610,2949
95662,401,22,1068,0,0,11200,0,0,0,12690742,12690742,2949
95678,401,126,1068,0,0,11200,0,0,0,12693017,12693017,2949
95693,401,176,1068,0,0,11200,0,0,0,12695277,12695277,2949
95708,401,223,1068,0,0,11200,0,0,0,12697382,12697382,2949
95724,401,297,1068,0,0,11200,0,0,0,12699812,12699812,2949
95739,401,365,1068,0,0,11200,0,0,0,12701926,12701926,2949
95755,401,430,1068,0,0,11200,0,0,0,12704029,12704029,2949
95770,401,497,1068,0,0,11200,0,0,0,12706051,12706051,2949
95786,401,545,1068,0,0,11200,0,0,0,12708017,12708017,2949
95801,401,595,1068,0,0,11200,0,0,0,12709711,12709711,2949
95816,401,654,1068,0,0,11200,0,0,0,12711787,12711787,2949
95831,401,735,1068,0,0,11200,0,0,0,12713732,12713732,2949
95846,401,792,1068,0,0,11200,0,0,0,12715131,12715131,2949
95862,401,861,1068,0,0,11200,0,0,0,12716901,12716901,2949
95877,401,893,1068,0,0,11200,0,0,0,12718297,12718297,2949
95892,401,965,1068,0,0,11200,0,0,0,12720235,12720235,2949
95908,402,1033,1068,0,0,11200,0,0,0,12722043,12722043,2949
95923,402,23,1068,0,0,11200,0,0,0,12724022,12724022,2949
95938,402,119,1068,0,0,11200,0,0,0,12726013,12726013,2949
95954,402,186,1068,0,0,11200,0,0,0,12728376,12728376,2949
95969,402,227,1068,0,0,11200,0,0,0,12730278,12730278,2949
95984,402,290,1068,0,0,11200,0,0,0,12732563,12732563,2949
96000,402,348,1068,0,0,11200,0,0,0,12734504,12734504,2949
96015,402,410,1068,0,0,11200,0,0,0,12736515,12736515,2949
96030,402,465,1068,0,0,11200,0,0,0,12738329,12738329,2949
96045,402,515,1068,0,0,11200,0,0,0,12740286,12740286,2949
96062,402,565,1068,0,0,11200,0,0,0,12742057,12742057,2949
96077,402,620,1068,0,0,11200,0,0,0,12743774,12743774,2949
96092,402,693,1068,0,0,11200,0,0,0,12745753,12745753,2949
96108,402,784,1068,0,0,11200,0,0,0,12747530,12747530,2949
96123,402,860,1068,0,0,11200,0,0,0,12749272,12749272,2949
96138,402,894,1068,0,0,11200,0,0,0,12750647,12750647,2949
96153,402,957,1068,0,0,11200,0,0,0,12752635,12752635,2949
96168,403,1043,1068,0,0,11200,0,0,0,12754533,12754533,2949
96183,403,29,1068,0,0,11200,0,0,0,12756819,12756819,2949
96199,403,138,1068,0,0,11200,0,0,0,12759047,12759047,2949
96215,403,194,1068,0,0,11200,0,0,0,12761187,12761187,2949
96230,403,235,1068,0,0,11200,0,0,0,12763074,12763074,2949
96245,403,301,1068,0,0,11200,0,0,0,12765271,12765271,2949
96261,403,366,1068,0,0,11200,0,0,0,12767072,12767072,2949
96277,403,427,1068,0,0,11200,0,0,0,12769017,12769017,2949
96292,403,497,1068,0,0,11200,0,0,0,12770943,12770943,2949
96309,403,537,1068,0,0,11200,0,0,0,12772600,12772600,2949
96324,403,598,1068,0,0,11200,0,0,0,12774306,12774306,2949
96339,403,671,1068,0,0,11200,0,0,0,12776324,12776324,2949
96355,403,737,1068,0,0,11200,0,0,0,12778308,12778308,2949
96370,403,807,1068,0,0,11200,0,0,0,12780070,12780070,2949
96385,403,880,1068,0,0,11200,0,0,0,12781906,12781906,2949
96401,403,915,1068,0,0,11200,0,0,0,12783375,12783375,2949
96416,403,994,1068,0,0,11200,0,0,0,12785284,12785284,2949
96431,404,1043,1068,0,0,11200,0,0,0,12787022,12787022,2949
96446,404,65,1068,0,0,11200,0,0,0,12789122,12789122,2949
96461,404,141,1068,0,0,11200,0,0,0,12791544,12791544,2949
96477,404,196,1068,0,0,11200,0,0,0,12793630,12793630,2949
96492,404,247,1068,0,0,11200,0,0,0,12795784,12795784,2949
96507,404,309,1068,0,0,11200,0,0,0,12797922,12797922,2949
96523,404,380,1068,0,0,11200,0,0,0,12799654,12799654,2949
96538,404,450,1068,0,0,11200,0,0,0,12801713,12801713,2949
96554,404,497,1068,0,0,11200,0,0,0,12803687,12803687,2949
96569,404,537,1068,0,0,11200,0,0,0,12805462,12805462,2949
96584,404,609,1068,0,0,11200,0,0,0,12807356,12807356,2949
96599,404,671,1068,0,0,11200,0,0,0,12809232,12809232,2949
96614,404,728,1068,0,0,11200,0,0,0,12811096,12811096,2949
96629,404,818,1068,0,0,11200,0,0,0,12812954,12812954,2949
96645,404,882,1068,0,0,11200,0,0,0,12814798,12814798,2949
96660,404,925,1068,0,0,11200,0,0,0,12816011,12816011,2949
96676,404,1001,1068,0,0,11200,0,0,0,12817994,12817994,2949
96691,405,1064,1068,0,0,11200,0,0,0,12819776,12819776,2949
96706,405,66,1068,0,0,11200,0,0,0,12822242,12822242,2949
96722,405,142,1068,0,0,11200,0,0,0,12824816,12824816,2949
96738,405,196,1068,0,0,11200,0,0,0,12826852,12826852,2949
96753,405,244,1068,0,0,11200,0,0,0,12828942,12828942,2949
96768,405,317,1068,0,0,11200,0,0,0,12831223,12831223,2949
96784,405,380,1068,0,0,11200,0,0,0,12833187,12833187,2949
96799,405,456,1068,0,0,11200,0,0,0,12835234,12835234,2949
96814,405,513,1068,0,0,11200,0,0,0,12837365,12837365,2949
96829,405,579,1068,0,0,11200,0,0,0,12839460,12839460,2949
96847,405,627,1068,0,0,11200,0,0,0,12841287,12841287,2949
96863,405,696,1068,0,0,11200,0,0,0,12843211,12843211,2949
96878,405,777,1068,0,0,11200,0,0,0,12845051,12845051,2949
96894,405,838,1068,0,0,11200,0,0,0,12846688,12846688,2949
96909,405,899,1068,0,0,11200,0,0,0,12848392,12848392,2949
96925,405,963,1068,0,0,11200,0,0,0,12850432,12850432,2949
96940,406,1035,1068,0,0,11200,0,0,0,12852509,12852509,2949
96955,406,52,1068,0,0,11200,0,0,0,12855097,12855097,2949
96970,406,137,1068,0,0,11200,0,0,0,12857341,12857341,2949
96986,406,198,1068,0,0,11200,0,0,0,12859587,12859587,2949
97001,406,250,1068,0,0,11200,0,0,0,12861807,12861807,2949
97016,406,312,1068,0,0,11200,0,0,0,12863999,12863999,2949
97031,406,381,1068,0,0,11200,0,0,0,12866001,12866001,2949
97046,406,445,1068,0,0,11200,0,0,0,12868074,12868074,2949
97061,406,502,1068,0,0,11200,0,0,0,12870167,12870167,2949
97078,406,571,1068,0,0,11200,0,0,0,12872247,12872247,2949
97094,406,622,1068,0,0,11200,0,0,0,12874287,12874287,2949
97109,406,693,1068,0,0,11200,0,0,0,12876171,12876171,2949
97124,406,769,1068,0,0,11200,0,0,0,12878057,12878057,2949
97139,406,856,1068,0,0,11200,0,0,0,12880001,12880001,2949
97155,406,901,1068,0,0,11200,0,0,0,12881418,12881418,2949
97170,406,996,1068,0,0,11200,0,0,0,12883524,12883524,2949
97186,407,1052,1068,0,0,11200,0,0,0,12885401,12885401,2949
97201,407,66,1068,0,0,11200,0,0,0,12887794,12887794,2949
97216,407,154,1068,0,0,11200,0,0,0,12890239,12890239,2949
97231,407,219,1068,0,0,11200,0,0,0,12892629,12892629,2949
97247,407,269,1068,0,0,11200,0,0,0,12895031,12895031,2949
97262,407,337,1068,0,0,11200,0,0,0,12897189,12897189,2949
97278,407,422,1068,0,0,11200,0,0,0,12899227,12899227,2949
97293,407,471,1068,0,0,11200,0,0,0,12901165,12901165,2949
97311,407,537,1068,0,0,11200,0,0,0,12903426,12903426,2949
97327,407,609,1068,0,0,11200,0,0,0,12905490,12905490,2949
97342,407,677,1068,0,0,11200,0,0,0,12907702,12907702,2949
97358,407,735,1068,0,0,11200,0,0,0,12909728,12909728,2949
97373,407,815,1068,0,0,11200,0,0,0,12911606,12911606,2949
97390,407,886,1068,0,0,11200,0,0,0,12913507,12913507,2949
97406,407,940,1068,0,0,11200,0,0,0,12915415,12915415,2949
97421,407,1014,1068,0,0,11200,0,0,0,12917241,12917241,2949
97436,408,23,1068,0,0,11200,0,0,0,12919524,12919524,2949
97451,408,126,1068,0,0,11200,0,0,0,12921699,12921699,2949
97466,408,181,1068,0,0,11200,0,0,0,12923994,12923994,2949
97482,408,235,1068,0,0,11200,0,0,0,12926241,12926241,2949
97497,408,298,1068,0,0,11200,0,0,0,12928541,12928541,2949
97512,408,367,1068,0,0,11200,0,0,0,12930802,12930802,2949
97528,408,429,1068,0,0,11200,0,0,0,12932658,12932658,2949
97543,408,482,1068,0,0,11200,0,0,0,12934556,12934556,2949
97559,408,535,1068,0,0,11200,0,0,0,12936596,12936596,2949
97574,408,583,1068,0,0,11200,0,0,0,12938132,12938132,2949
97589,408,623,1068,0,0,11200,0,0,0,12940159,12940159,2949
97604,408,693,1068,0,0,11200,0,0,0,12942040,12942040,2949
97619,408,769,1068,0,0,11200,0,0,0,12943959,12943959,2949
97635,408,856,1068,0,0,11200,0,0,0,12945741,12945741,2949
97650,408,886,1068,0,0,11200,0,0,0,12946915,12946915,2949
97665,408,950,1068,0,0,11200,0,0,0,12948921,12948921,2949
97681,408,1006,1068,0,0,11200,0,0,0,12950523,12950523,2949
97696,409,4,1068,0,0,11200,0,0,0,12952207,12952207,2949
97711,409,105,1068,0,0,11200,0,0,0,12954458,12954458,2949
97726,409,166,1068,0,0,11200,0,0,0,12956762,12956762,2949
97741,409,222,1068,0,0,11200,0,0,0,12958975,12958975,2949
97757,409,259,1068,0,0,11200,0,0,0,12960965,12960965,2949
97772,409,317,1068,0,0,11200,0,0,0,12962962,12962962,2949
97788,409,380,1068,0,0,11200,0,0,0,12964892,12964892,2949
97804,409,439,1068,0,0,11200,0,0,0,12967035,12967035,2949
97819,409,495,1068,0,0,11200,0,0,0,12968907,12968907,2949
97834,409,553,1068,0,0,11200,0,0,0,12971086,12971086,2949
97849,409,605,1068,0,0,11200,0,0,0,12973090,12973090,2949
97865,409,641,1068,0,0,11200,0,0,0,12974757,12974757,2949
97880,409,705,1068,0,0,11200,0,0,0,12976826,12976826,2949
97895,409,794,1068,0,0,11200,0,0,0,12978748,12978748,2949
97910,409,868,1068,0,0,11200,0,0,0,12980725,12980725,2949
97926,409,902,1068,0,0,11200,0,0,0,12982241,12982241,2949
97941,409,977,1068,0,0,11200,0,0,0,12984261,12984261,2949
97956,410,1035,1068,0,0,11200,0,0,0,12986139,12986139,2949
97972,410,32,1068,0,0,11200,0,0,0,12988344,12988344,2949
97987,410,142,1068,0,0,11200,0,0,0,12990868,12990868,2949
98002,410,205,1069,1,0,11200,0,0,0,12992955,12992955,2951
98017,410,259,1069,1,0,11200,0,0,0,12995228,12995228,2951
98033,410,334,1069,1,0,11200,0,0,0,12997343,12997343,2951
98048,410,408,1069,1,0,11200,0,0,0,12999437,12999437,2951
98063,410,469,1069,1,0,11200,0,0,0,13001351,13001351,2951
98078,410,516,1069,1,0,11200,0,0,0,13003319,13003319,2951
98093,410,564,1069,1,0,11200,0,0,0,13004768,13004768,2951
98108,410,619,1069,1,0,11200,0,0,0,13006777,13006777,2951
98123,410,674,1069,1,0,11200,0,0,0,13008474,13008474,2951
98139,410,751,1069,1,0,11200,0,0,0,13010334,13010334,2951
98154,410,846,1069,1,0,11200,0,0,0,13012218,13012218,2951
98169,410,901,1069,1,0,11200,0,0,0,13013729,13013729,2951
98184,410,982,1069,1,0,11200,0,0,0,13015854,13015854,2951
98199,411,1044,1069,1,0,11200,0,0,0,13017745,13017745,2951
98214,411,59,1069,0,0,11200,0,0,0,13020170,13020170,2951
98230,411,145,1069,0,0,11200,0,0,0,13022732,13022732,2951
98245,411,196,1069,0,0,11200,0,0,0,13024893,13024893,2951
98260,411,250,1069,0,0,11200,0,0,0,13027187,13027187,2951
98275,411,322,1069,0,0,11200,0,0,0,13029384,13029384,2951
98290,411,383,1069,0,0,11200,0,0,0,13031185,13031185,2951
98305,411,433,1069,0,0,11200,0,0,0,13033142,13033142,2951
98321,411,498,1069,0,0,11200,0,0,0,13035232,13035232,2951
98340,411,537,1069,0,0,11200,0,0,0,13037020,13037020,2951
98356,411,599,1069,0,0,11200,0,0,0,13038880,13038880,2951
98371,411,658,1069,0,0,11200,0,0,0,13040749,13040749,2951
98387,411,716,1069,0,0,11200,0,0,0,13042525,13042525,2951
98403,411,791,1069,0,0,11200,0,0,0,13044338,13044338,2951
98418,411,873,1069,0,0,11200,0,0,0,13046231,13046231,2951
98433,411,921,1069,0,0,11200,0,0,0,13047827,13047827,2951
98449,411,996,1069,0,0,11200,0,0,0,13049853,13049853,2951
98464,412,1044,1069,0,0,11200,0,0,0,13051597,13051597,2951
98479,412,46,1069,0,0,11200,0,0,0,13053840,13053840,2951
98494,412,138,1069,0,0,11200,0,0,0,13056223,13056223,2951
98510,412,187,1069,0,0,11200,0,0,0,13058373,13058373,2951
98525,412,235,1069,0,0,11200,0,0,0,13060675,13060675,2951
98541,412,309,1069,0,0,11200,0,0,0,13062724,13062724,2951
98557,412,380,1069,0,0,11200,0,0,0,13064641,13064641,2951
98573,412,449,1069,0,0,11200,0,0,0,13066801,13066801,2951
98588,412,508,1069,0,0,11200,0,0,0,13068655,13068655,2951
98604,412,571,1069,0,0,11200,0,0,0,13070496,13070496,2951
98619,412,645,1069,0,0,11200,0,0,0,13072710,13072710,2951
98635,412,706,1069,0,0,11200,0,0,0,13074747,13074747,2951
98650,412,793,1069,0,0,11200,0,0,0,13076731,13076731,2951
98665,412,848,1069,0,0,11200,0,0,0,13078277,13078277,2951
98680,412,904,1069,0,0,11200,0,0,0,13079682,13079682,2951
98696,412,985,1069,0,0,11200,0,0,0,13081650,13081650,2951
98712,413,1066,1069,0,0,11200,0,0,0,13083996,13083996,2951
98727,413,83,1069,0,0,11200,0,0,0,13086358,13086358,2951
98743,413,166,1069,0,0,11200,0,0,0,13089016,13089016,2951
98758,413,227,1069,0,0,11200,0,0,0,13091332,13091332,2951
98774,413,291,1069,0,0,11200,0,0,0,13093748,13093748,2951
98789,413,362,1069,0,0,11200,0,0,0,13095814,13095814,2951
98804,413,412,1069,0,0,11200,0,0,0,13097551,13097551,2951
98819,413,468,1069,0,0,11200,0,0,0,13099261,13099261,2951
98835,413,527,1069,0,0,11200,0,0,0,13101359,13101359,2951
98850,413,571,1069,0,0,11200,0,0,0,13102761,13102761,2951
98866,413,625,1069,0,0,11200,0,0,0,13104577,13104577,2951
98881,413,695,1069,0,0,11200,0,0,0,13106582,13106582,2951
98896,413,778,1069,0,0,11200,0,0,0,13108523,13108523,2951
98912,413,869,1069,0,0,11200,0,0,0,13110634,13110634,2951
98927,413,928,1069,0,0,11200,0,0,0,13112209,13112209,2951
98942,413,1014,1070,1,0,11200,0,0,0,13114232,13114232,2951
98958,414,17,1070,1,0,11200,0,0,0,13116335,13116335,2951
98973,414,126,1070,1,0,11200,0,0,0,13118641,13118641,2951
98988,414,178,1070,1,0,11200,0,0,0,13121099,13121099,2951
99004,414,234,1070,1,0,11200,0,0,0,13123443,13123443,2951
99019,414,308,1070,1,0,11200,0,0,0,13125954,13125954,2951
99034,414,383,1070,1,0,11200,0,0,0,13127861,13127861,2951
99050,414,435,1070,1,0,11200,0,0,0,13129969,13129969,2951
99065,414,475,1070,1,0,11200,0,0,0,13131952,13131952,2951
99080,414,515,1070,1,0,11200,0,0,0,13133656,13133656,2951
99097,414,571,1070,1,0,11200,0,0,0,13135506,13135506,2951
99112,414,622,1070,1,0,11200,0,0,0,13137269,13137269,2951
99128,414,696,1070,1,0,11200,0,0,0,13139434,13139434,2951
99143,414,777,1070,1,0,11200,0,0,0,13141186,13141186,2951
99158,414,856,1070,1,0,11200,0,0,0,13143050,13143050,2951
99174,414,901,1070,1,0,11200,0,0,0,13144509,13144509,2951
99189,414,980,1070,1,0,11200,0,0,0,13146625,13146625,2951
99205,415,1044,1070,1,0,11200,0,0,0,13148621,13148621,2951
99220,415,42,1070,1,0,11200,0,0,0,13150931,13150931,2951
99235,415,143,1070,1,0,11200,0,0,0,13153702,13153702,2951
99251,415,196,1070,1,0,11200,0,0,0,13155867,13155867,2951
99266,415,241,1070,1,0,11200,0,0,0,13157907,13157907,2951
99281,415,291,1070,1,0,11200,0,0,0,13159798,13159798,2951
99296,415,365,1070,1,0,11200,0,0,0,13162022,13162022,2951
99311,415,423,1070,1,0,11200,0,0,0,13164148,13164148,2951
99327,415,479,1070,1,0,11200,0,0,0,13166137,13166137,2951
99343,415,533,1070,1,0,11200,0,0,0,13168169,13168169,2951
99358,415,565,1070,1,0,11200,0,0,0,13169288,13169288,2951
99373,415,619,1070,1,0,11200,0,0,0,13171142,13171142,2951
99389,415,697,1070,1,0,11200,0,0,0,13172995,13172995,2951
99404,415,776,1070,1,0,11200,0,0,0,13175009,13175009,2951
99420,415,863,1070,1,0,11200,0,0,0,13176919,13176919,2951
99435,415,894,1070,1,0,11200,0,0,0,13177965,13177965,2951
99450,415,965,1070,1,0,11200,0,0,0,13179877,13179877,2951
99466,415,1022,1070,1,0,11200,0,0,0,13181411,13181411,2951
99481,416,23,1070,1,0,11200,0,0,0,13183642,13183642,2951
99496,416,127,1070,1,0,11200,0,0,0,13186054,13186054,2951
99511,416,178,1070,1,0,11200,0,0,0,13188420,13188420,2951
99526,416,235,1070,1,0,11200,0,0,0,13190794,13190794,2951
99542,416,297,1070,1,0,11200,0,0,0,13193001,13193001,2951
99557,416,358,1070,1,0,11200,0,0,0,13194933,13194933,2951
99573,416,414,1070,1,0,11200,0,0,0,13196888,13196888,2951
99588,416,465,1070,1,0,11200,0,0,0,13198884,13198884,2951
99604,416,527,1070,1,0,11200,0,0,0,13201095,13201095,2951
99620,416,589,1070,1,0,11200,0,0,0,13202951,13202951,2951
99635,416,643,1070,1,0,11200,0,0,0,13204826,13204826,2951
99650,416,706,1070,1,0,11200,0,0,0,13206692,13206692,2951
99666,416,787,1070,1,0,11200,0,0,0,13208610,13208610,2951
99682,416,881,1070,1,0,11200,0,0,0,13210777,13210777,2951
99706,416,890,1070,1,0,11200,0,0,0,13211496,13211496,2951
99721,416,972,1070,1,0,11200,0,0,0,13213462,13213462,2951
99737,417,1036,1070,1,0,11200,0,0,0,13215510,13215510,2951
99752,417,32,1070,1,0,11200,0,0,0,13217707,13217707,2951
99767,417,130,1070,1,0,11200,0,0,0,13220029,13220029,2951
99783,417,186,1070,1,0,11200,0,0,0,13222344,13222344,2951
99798,417,236,1070,1,0,11200,0,0,0,13224623,13224623,2951
99813,417,300,1070,1,0,11200,0,0,0,13226883,13226883,2951
99828,417,369,1070,1,0,11200,0,0,0,13229004,13229004,2951
99843,417,445,1070,1,0,11200,0,0,0,13231090,13231090,2951
99859,417,507,1070,1,0,11200,0,0,0,13233203,13233203,2951
99874,417,548,1070,1,0,11200,0,0,0,13234851,13234851,2951
99889,417,607,1070,1,0,11200,0,0,0,13236766,13236766,2951
99907,417,674,1070,1,0,11200,0,0,0,13238877,13238877,2951
99923,417,749,1070,1,0,11200,0,0,0,13240558,13240558,2951
99939,417,832,1070,1,0,11200,0,0,0,13242309,13242309,2951
99955,417,886,1070,1,0,11200,0,0,0,13243956,13243956,2951
99971,417,950,1070,1,0,11200,0,0,0,13245922,13245922,2951
99986,417,1016,1070,1,0,11200,0,0,0,13247775,13247775,2951
100001,418,17,1070,1,0,11200,0,0,0,13249729,13249729,2951
100017,418,93,1070,1,0,11200,0,0,0,13251682,13251682,2951
100032,418,166,1070,1,0,11200,0,0,0,13254098,13254098,2951
100047,418,223,1070,1,0,11200,0,0,0,13256424,13256424,2951
100062,418,278,1070,1,0,11200,0,0,0,13258623,13258623,2951
100078,418,345,1070,1,0,11200,0,0,0,13260698,13260698,2951
100093,418,402,1070,1,0,11200,0,0,0,13262655,13262655,2951
100109,418,468,1070,1,0,11200,0,0,0,13264867,13264867,2951
100124,418,519,1070,1,0,11200,0,0,0,13266791,13266791,2951
100141,418,571,1070,1,0,11200,0,0,0,13268368,13268368,2951
100157,418,631,1070,1,0,11200,0,0,0,13270579,13270579,2951
100173,418,698,1070,1,0,11200,0,0,0,13272549,13272549,2951
100189,418,783,1070,1,0,11200,0,0,0,13274525,13274525,2951
100204,418,868,1070,1,0,11200,0,0,0,13276328,13276328,2951
100219,418,902,1070,1,0,11200,0,0,0,13277629,13277629,2951
100235,418,998,1070,1,0,11200,0,0,0,13279599,13279599,2951
100250,419,1067,1070,1,0,11200,0,0,0,13281326,13281326,2951
100266,419,87,1070,1,0,11200,0,0,0,13283602,13283602,2951
100281,419,167,1070,1,0,11200,0,0,0,13286136,13286136,2951
100297,419,227,1070,1,0,11200,0,0,0,13288404,13288404,2951
100312,419,292,1070,1,0,11200,0,0,0,13290657,13290657,2951
100328,419,366,1070,1,0,11200,0,0,0,13292692,13292692,2951
100343,419,447,1070,1,0,11200,0,0,0,13294619,13294619,2951
100359,419,508,1070,1,0,11200,0,0,0,13296654,13296654,2951
100375,419,568,1070,1,0,11200,0,0,0,13298839,13298839,2951
100390,419,617,1071,2,0,11200,0,0,0,13300596,13300596,2951
100406,419,671,1071,2,0,11200,0,0,0,13302525,13302525,2951
100421,419,751,1071,2,0,11200,0,0,0,13304532,13304532,2951
100436,419,824,1071,2,0,11200,0,0,0,13306162,13306162,2951
100451,419,895,1071,2,0,11200,0,0,0,13308068,13308068,2951
100467,419,957,1071,2,0,11200,0,0,0,13310152,13310152,2951
100482,420,1027,1071,2,0,11200,0,0,0,13311993,13311993,2951
100497,420,26,1071,2,0,11200,0,0,0,13314089,13314089,2951
100513,420,118,1071,2,0,11200,0,0,0,13316179,13316179,2951
100528,420,171,1071,2,0,11200,0,0,0,13318527,13318527,2951
100543,420,224,1071,2,0,11200,0,0,0,13320749,13320749,2951
100558,420,279,1071,2,0,11200,0,0,0,13322936,13322936,2951
100574,420,336,1071,2,0,11200,0,0,0,13324872,13324872,2951
100590,420,412,1071,2,0,11200,0,0,0,13326914,13326914,2951
100605,420,475,1071,2,0,11200,0,0,0,13328809,13328809,2951
100620,420,527,1071,2,0,11200,0,0,0,13330528,13330528,2951
100635,420,577,1071,2,0,11200,0,0,0,13332024,13332024,2951
100651,420,647,1071,2,0,11200,0,0,0,13334148,13334148,2951
100666,420,706,1071,2,0,11200,0,0,0,13335894,13335894,2951
100681,420,783,1071,2,0,11200,0,0,0,13337900,13337900,2951
100696,420,865,1071,2,0,11200,0,0,0,13339777,13339777,2951
100711,420,901,1071,2,0,11200,0,0,0,13340965,13340965,2951
100726,420,987,1071,2,0,11200,0,0,0,13342936,13342936,2951
100741,421,1062,1071,2,0,11200,0,0,0,13344918,13344918,2951
100757,421,83,1071,1,0,11200,0,0,0,13347356,13347356,2951
100772,421,148,1071,1,0,11200,0,0,0,13349807,13349807,2951
100787,421,199,1071,1,0,11200,0,0,0,13351992,13351992,2951
100803,421,254,1071,1,0,11200,0,0,0,13354260,13354260,2951
100818,421,334,1071,1,0,11200,0,0,0,13356363,13356363,2951
100833,421,411,1071,1,0,11200,0,0,0,13358476,13358476,2951
100848,421,473,1071,1,0,11200,0,0,0,13360496,13360496,2951
100864,421,531,1071,1,0,11200,0,0,0,13362475,13362475,2951
100879,421,572,1071,1,0,11200,0,0,0,13363844,13363844,2951
100894,421,630,1071,1,0,11200,0,0,0,13365781,13365781,2951
100910,421,711,1071,1,0,11200,0,0,0,13367878,13367878,2951
100925,421,792,1071,1,0,11200,0,0,0,13369879,13369879,2951
100940,421,884,1071,1,0,11200,0,0,0,13371896,13371896,2951
100956,421,929,1071,1,0,11200,0,0,0,13373644,13373644,2951
100971,421,1006,1071,1,0,11200,0,0,0,13375580,13375580,2951
100986,422,1059,1071,1,0,11200,0,0,0,13377164,13377164,2951
101002,422,47,1071,1,0,11200,0,0,0,13379457,13379457,2951
101017,422,151,1071,1,0,11200,0,0,0,13381796,13381796,2951
101032,422,208,1071,1,0,11200,0,0,0,13383838,13383838,2951
101047,422,264,1071,1,0,11200,0,0,0,13386077,13386077,2951
101063,422,327,1071,1,0,11200,0,0,0,13388032,13388032,2951
101078,422,393,1071,1,0,11200,0,0,0,13390220,13390220,2951
101094,422,447,1071,1,0,11200,0,0,0,13391930,13391930,2951
101109,422,499,1071,1,0,11200,0,0,0,13393755,13393755,2951
101127,422,537,1071,1,0,11200,0,0,0,13395792,13395792,2951
101142,422,611,1071,1,0,11200,0,0,0,13397976,13397976,2951
101157,422,677,1071,1,0,11200,0,0,0,13400030,13400030,2951
101173,422,755,1071,1,0,11200,0,0,0,13402075,13402075,2951
101188,422,862,1071,1,0,11200,0,0,0,13404099,13404099,2951
101204,422,900,1071,1,0,11200,0,0,0,13405499,13405499,2951
101219,422,951,1071,1,0,11200,0,0,0,13407379,13407379,2951
101234,422,1016,1071,1,0,11200,0,0,0,13409187,13409187,2951
101249,423,4,1071,1,0,11200,0,0,0,13411119,13411119,2951
101264,423,112,1071,1,0,11200,0,0,0,13413507,13413507,2951
101280,423,174,1071,1,0,11200,0,0,0,13415945,13415945,2951
101295,423,231,1071,1,0,11200,0,0,0,13418350,13418350,2951
101311,423,298,1071,1,0,11200,0,0,0,13420653,13420653,2951
101326,423,371,1071,1,0,11200,0,0,0,13422797,13422797,2951
101341,423,430,1071,1,0,11200,0,0,0,13424782,13424782,2951
101357,423,479,1071,1,0,11200,0,0,0,13426719,13426719,2951
101372,423,528,1071,1,0,11200,0,0,0,13428720,13428720,2951
101387,423,579,1071,1,0,11200,0,0,0,13430313,13430313,2951
101402,423,617,1071,1,0,11200,0,0,0,13431982,13431982,2951
101418,423,688,1071,1,0,11200,0,0,0,13434168,13434168,2951
101433,423,755,1071,1,0,11200,0,0,0,13436143,13436143,2951
101448,423,819,1071,1,0,11200,0,0,0,13437935,13437935,2951
101464,423,881,1071,1,0,11200,0,0,0,13439798,13439798,2951
101479,423,927,1071,1,0,11200,0,0,0,13441255,13441255,2951
101494,423,1001,1071,1,0,11200,0,0,0,13443219,13443219,2951
101510,424,1064,1071,1,0,11200,0,0,0,13445144,13445144,2951
101525,424,61,1071,1,0,11200,0,0,0,13447633,13447633,2951
101540,424,145,1071,1,0,11200,0,0,0,13450148,13450148,2951
101556,424,199,1071,1,0,11200,0,0,0,13452266,13452266,2951
101571,424,247,1071,1,0,11200,0,0,0,13454476,13454476,2951
101587,424,305,1071,1,0,11200,0,0,0,13456645,13456645,2951
101602,424,378,1071,1,0,11200,0,0,0,13458862,13458862,2951
101617,424,440,1071,1,0,11200,0,0,0,13460640,13460640,2951
101633,424,499,1071,1,0,11200,0,0,0,13462488,13462488,2951
101648,424,553,1071,1,0,11200,0,0,0,13464587,13464587,2951
101663,424,614,1071,1,0,11200,0,0,0,13466584,13466584,2951
101678,424,697,1071,1,0,11200,0,0,0,13468689,13468689,2951
101694,424,779,1071,1,0,11200,0,0,0,13470383,13470383,2951
101709,424,856,1071,1,0,11200,0,0,0,13472231,13472231,2951
101724,424,892,1071,1,0,11200,0,0,0,13473378,13473378,2951
101739,424,951,1071,1,0,11200,0,0,0,13475326,13475326,2951
101755,424,1017,1071,1,0,11200,0,0,0,13477299,13477299,2951
101771,425,20,1071,1,0,11200,0,0,0,13479444,13479444,2951
101786,425,120,1071,1,0,11200,0,0,0,13481761,13481761,2951
101801,425,174,1071,1,0,11200,0,0,0,13484174,13484174,2951
101816,425,225,1071,1,0,11200,0,0,0,13486450,13486450,2951
101832,425,297,1071,1,0,11200,0,0,0,13488878,13488878,2951
101847,425,377,1071,1,0,11200,0,0,0,13490973,13490973,2951
101863,425,427,1071,1,0,11200,0,0,0,13493057,13493057,2951
101878,425,495,1071,1,0,11200,0,0,0,13495177,13495177,2951
101893,425,534,1071,1,0,11200,0,0,0,13497005,13497005,2951
101909,425,581,1071,1,0,11200,0,0,0,13498833,13498833,2951
101924,425,641,1071,1,0,11200,0,0,0,13500478,13500478,2951
101939,425,711,1071,1,0,11200,0,0,0,13502145,13502145,2951
101954,425,802,1071,1,0,11200,0,0,0,13504032,13504032,2951
101969,425,876,1071,1,0,11200,0,0,0,13505721,13505721,2951
101985,425,928,1071,1,0,11200,0,0,0,13507299,13507299,2951
102000,425,996,1071,1,0,11200,0,0,0,13508903,13508903,2951
102017,426,1067,1071,1,0,11200,0,0,0,13510845,13510845,2951
102032,426,52,1071,1,0,11200,0,0,0,13513017,13513017,2951
102047,426,151,1071,1,0,11200,0,0,0,13515664,13515664,2951
102063,426,216,1071,1,0,11200,0,0,0,13517777,13517777,2951
102078,426,264,1071,1,0,11200,0,0,0,13519933,13519933,2951
102094,426,349,1071,1,0,11200,0,0,0,13522261,13522261,2951
102109,426,417,1071,1,0,11200,0,0,0,13524150,13524150,2951
102125,426,475,1071,1,0,11200,0,0,0,13526182,13526182,2951
102145,426,537,1071,1,0,11200,0,0,0,13528264,13528264,2951
102160,426,603,1071,1,0,11200,0,0,0,13530279,13530279,2951
102175,426,664,1071,1,0,11200,0,0,0,13532370,13532370,2951
102191,426,730,1071,1,0,11200,0,0,0,13534173,13534173,2951
102207,426,832,1071,1,0,11200,0,0,0,13536184,13536184,2951
102222,426,885,1071,1,0,11200,0,0,0,13537887,13537887,2951
102237,426,940,1071,1,0,11200,0,0,0,13539636,13539636,2951
102252,426,1003,1071,1,0,11200,0,0,0,13541172,13541172,2951
102268,427,12,1071,1,0,11200,0,0,0,13543379,13543379,2951
102283,427,119,1071,1,0,11200,0,0,0,13545860,13545860,2951
102298,427,169,1071,1,0,11200,0,0,0,13547933,13547933,2951
102314,427,221,1071,1,0,11200,0,0,0,13550148,13550148,2951
102329,427,262,1071,1,0,11200,0,0,0,13552373,13552373,2951
102344,427,323,1071,1,0,11200,0,0,0,13554500,13554500,2951
102360,427,399,1071,1,0,11200,0,0,0,13556723,13556723,2951
102375,427,468,1071,1,0,11200,0,0,0,13558812,13558812,2951
102391,427,523,1071,1,0,11200,0,0,0,13560909,13560909,2951
102406,427,552,1071,1,0,11200,0,0,0,13561786,13561786,2951
102421,427,614,1071,1,0,11200,0,0,0,13563826,13563826,2951
102436,427,686,1071,1,0,11200,0,0,0,13565890,13565890,2951
102452,427,757,1071,1,0,11200,0,0,0,13567835,13567835,2951
102467,427,832,1071,1,0,11200,0,0,0,13569655,13569655,2951
102482,427,894,1071,1,0,11200,0,0,0,13571461,13571461,2951
102498,427,978,1071,1,0,11200,0,0,0,13573575,13573575,2951
102513,428,1033,1071,1,0,11200,0,0,0,13575531,13575531,2951
102528,428,21,1071,1,0,11200,0,0,0,13577611,13577611,2951
102543,428,110,1071,1,0,11200,0,0,0,13579861,13579861,2951
102559,428,172,1071,1,0,11200,0,0,0,13582395,13582395,2951
102574,428,225,1071,1,0,11200,0,0,0,13584529,13584529,2951
102589,428,287,1071,1,0,11200,0,0,0,13586671,13586671,2951
102604,428,362,1071,1,0,11200,0,0,0,13588776,13588776,2951
102620,428,420,1071,1,0,11200,0,0,0,13590746,13590746,2951
102635,428,470,1071,1,0,11200,0,0,0,13592570,13592570,2951
102650,428,533,1071,1,0,11200,0,0,0,13594858,13594858,2951
102665,428,590,1071,1,0,11200,0,0,0,13596502,13596502,2951
102681,428,643,1071,1,0,11200,0,0,0,13598410,13598410,2951
102696,428,697,1071,1,0,11200,0,0,0,13600237,13600237,2951
102711,428,769,1071,1,0,11200,0,0,0,13602117,13602117,2951
102726,428,838,1071,1,0,11200,0,0,0,13603878,13603878,2951
102741,428,895,1071,1,0,11200,0,0,0,13605697,13605697,2951
102756,428,956,1071,1,0,11200,0,0,0,13607754,13607754,2951
102772,428,1015,1071,1,0,11200,0,0,0,13609596,13609596,2951
102787,429,10,1071,1,0,11200,0,0,0,13611646,13611646,2951
102802,429,106,1071,1,0,11200,0,0,0,13613802,13613802,2951
102818,429,159,1071,1,0,11200,0,0,0,13616503,13616503,2951
102834,429,218,1071,1,0,11200,0,0,0,13618871,13618871,2951
102849,429,264,1071,1,0,11200,0,0,0,13620812,13620812,2951
102864,429,327,1071,1,0,11200,0,0,0,13622642,13622642,2951
102879,429,389,1071,1,0,11200,0,0,0,13624390,13624390,2951
102894,429,445,1071,1,0,11200,0,0,0,13626176,13626176,2951
102909,429,501,1071,1,0,11200,0,0,0,13627912,13627912,2951
102925,429,539,1071,1,0,11200,0,0,0,13629478,13629478,2951
102940,429,592,1071,1,0,11200,0,0,0,13630941,13630941,2951
102955,429,636,1071,1,0,11200,0,0,0,13632716,13632716,2951
102971,429,691,1071,1,0,11200,0,0,0,13634261,13634261,2951
102986,429,754,1071,1,0,11200,0,0,0,13635874,13635874,2951
103001,429,820,1071,1,0,11200,0,0,0,13637285,13637285,2951
103016,429,877,1071,1,0,11200,0,0,0,13638885,13638885,2951
103031,429,890,1071,1,0,11200,0,0,0,13639400,13639400,2951
103047,429,948,1071,1,0,11200,0,0,0,13641008,13641008,2951
103062,429,1015,1071,1,0,11200,0,0,0,13643012,13643012,2951
103077,430,6,1071,1,0,11200,0,0,0,13644768,13644768,2951
103093,430,66,1071,1,0,11200,0,0,0,13646787,13646787,2951
103108,430,158,1071,1,0,11200,0,0,0,13649079,13649079,2951
103124,430,214,1071,1,0,11200,0,0,0,13650972,13650972,2951
103139,430,251,1071,1,0,11200,0,0,0,13653005,13653005,2951
103154,430,317,1071,1,0,11200,0,0,0,13655218,13655218,2951
103169,430,385,1071,1,0,11200,0,0,0,13657044,13657044,2951
103185,430,454,1071,1,0,11200,0,0,0,13658900,13658900,2951
103200,430,501,1071,1,0,11200,0,0,0,13660660,13660660,2951
103217,430,537,1071,1,0,11200,0,0,0,13662233,13662233,2951
103233,430,609,1071,1,0,11200,0,0,0,13664013,13664013,2951
103248,430,669,1071,1,0,11200,0,0,0,13665717,13665717,2951
103264,430,733,1071,1,0,11200,0,0,0,13667455,13667455,2951
103279,430,798,1071,1,0,11200,0,0,0,13668892,13668892,2951
103295,430,866,1071,1,0,11200,0,0,0,13670657,13670657,2951
103310,430,911,1071,1,0,11200,0,0,0,13672409,13672409,2951
103325,430,965,1071,1,0,11200,0,0,0,13673973,13673973,2951
103341,431,1035,1071,1,0,11200,0,0,0,13675819,13675819,2951
103356,431,19,1071,1,0,11200,0,0,0,13677838,13677838,2951
103371,431,105,1071,1,0,11200,0,0,0,13679834,13679834,2951
103387,431,164,1071,1,0,11200,0,0,0,13682199,13682199,2951
103402,431,214,1071,1,0,11200,0,0,0,13684009,13684009,2951
103417,431,264,1071,1,0,11200,0,0,0,13686111,13686111,2951
103433,431,335,1071,1,0,11200,0,0,0,13688047,13688047,2951
103448,431,392,1071,1,0,11200,0,0,0,13689839,13689839,2951
103463,431,447,1071,1,0,11200,0,0,0,13691455,13691455,2951
103478,431,495,1071,1,0,11200,0,0,0,13693145,13693145,2951
103494,431,546,1071,1,0,11200,0,0,0,13694979,13694979,2951
103510,431,572,1071,1,0,11200,0,0,0,13695879,13695879,2951
103525,431,624,1071,1,0,11200,0,0,0,13697607,13697607,2951
103541,431,692,1071,1,0,11200,0,0,0,13699440,13699440,2951
103557,431,767,1071,1,0,11200,0,0,0,13701202,13701202,2951
103572,431,802,1071,1,0,11200,0,0,0,13702483,13702483,2951
103587,431,863,1071,1,0,11200,0,0,0,13703889,13703889,2951
103602,431,902,1071,1,0,11200,0,0,0,13705347,13705347,2951
103618,431,979,1071,1,0,11200,0,0,0,13707165,13707165,2951
103633,431,1023,1071,1,0,11200,0,0,0,13708721,13708721,2951
103649,432,17,1071,1,0,11200,0,0,0,13710397,13710397,2951
103664,432,106,1071,1,0,11200,0,0,0,13712430,13712430,2951
103679,432,161,1071,1,0,11200,0,0,0,13714789,13714789,2951
103694,432,212,1071,1,0,11200,0,0,0,13716862,13716862,2951
103710,432,258,1071,1,0,11200,0,0,0,13718968,13718968,2951
103725,432,323,1071,1,0,11200,0,0,0,13720869,13720869,2951
103741,432,380,1071,1,0,11200,0,0,0,13722554,13722554,2951
103756,432,430,1071,1,0,11200,0,0,0,13724261,13724261,2951
103771,432,495,1071,1,0,11200,0,0,0,13725935,13725935,2951
103787,432,533,1071,1,0,11200,0,0,0,13727570,13727570,2951
103802,432,583,1071,1,0,11200,0,0,0,13729228,13729228,2951
103817,432,643,1071,1,0,11200,0,0,0,13731019,13731019,2951
103832,432,699,1071,1,0,11200,0,0,0,13732539,13732539,2951
103848,432,777,1071,1,0,11200,0,0,0,13734203,13734203,2951
103864,432,844,1071,1,0,11200,0,0,0,13735633,13735633,2951
103879,432,894,1071,1,0,11200,0,0,0,13737119,13737119,2951
103896,432,961,1071,1,0,11200,0,0,0,13738971,13738971,2951
103911,432,1018,1071,1,0,11200,0,0,0,13740660,13740660,2951
103926,433,2,1071,0,0,11200,0,0,0,13742356,13742356,2951
103941,433,83,1071,0,0,11200,0,0,0,13744171,13744171,2951
103956,433,148,1071,0,0,11200,0,0,0,13746526,13746526,2951
103972,433,205,1071,0,0,11200,0,0,0,13748577,13748577,2951
103987,433,248,1071,0,0,11200,0,0,0,13750607,13750607,2951
104002,433,325,1071,0,0,11200,0,0,0,13752480,13752480,2951
104017,433,388,1071,0,0,11200,0,0,0,13754342,13754342,2951
104032,433,450,1071,0,0,11200,0,0,0,13755973,13755973,2951
104047,433,505,1071,0,0,11200,0,0,0,13757769,13757769,2951
104063,433,537,1071,0,0,11200,0,0,0,13759077,13759077,2951
104078,433,607,1071,0,0,11200,0,0,0,13760800,13760800,2951
104093,433,663,1071,0,0,11200,0,0,0,13762484,13762484,2951
104109,433,707,1071,0,0,11200,0,0,0,13764250,13764250,2951
104124,433,798,1071,0,0,11200,0,0,0,13766032,13766032,2951
104139,433,865,1071,0,0,11200,0,0,0,13767563,13767563,2951
104162,433,890,1071,0,0,11200,0,0,0,13768669,13768669,2951
104177,433,949,1071,0,0,11200,0,0,0,13770356,13770356,2951
104193,433,1005,1071,0,0,11200,0,0,0,13771907,13771907,2951
104208,434,4,1071,0,0,11200,0,0,0,13773772,13773772,2951
104223,434,98,1071,0,0,11200,0,0,0,13775785,13775785,2951
104238,434,151,1071,0,0,11200,0,0,0,13777937,13777937,2951
104254,434,203,1071,0,0,11200,0,0,0,13779778,13779778,2951
104269,434,246,1071,0,0,11200,0,0,0,13781841,13781841,2951
104284,434,297,1071,0,0,11200,0,0,0,13783662,13783662,2951
104300,434,362,1071,0,0,11200,0,0,0,13785558,13785558,2951
104315,434,427,1071,0,0,11200,0,0,0,13787449,13787449,2951
104331,434,482,1071,0,0,11200,0,0,0,13789303,13789303,2951
104346,434,528,1071,0,0,11200,0,0,0,13791333,13791333,2951
104362,434,571,1071,0,0,11200,0,0,0,13792544,13792544,2951
104378,434,619,1071,0,0,11200,0,0,0,13794253,13794253,2951
104393,434,688,1071,0,0,11200,0,0,0,13796098,13796098,2951
104409,434,719,1071,0,0,11200,0,0,0,13797588,13797588,2951
104425,434,786,1071,0,0,11200,0,0,0,13799288,13799288,2951
104440,434,845,1071,0,0,11200,0,0,0,13800977,13800977,2951
104456,434,889,1071,0,0,11200,0,0,0,13802319,13802319,2951
104471,434,940,1071,0,0,11200,0,0,0,13803969,13803969,2951
104487,434,1014,1071,0,0,11200,0,0,0,13805790,13805790,2951
104503,435,7,1071,0,0,11200,0,0,0,13807600,13807600,2951
104519,435,95,1071,0,0,11200,0,0,0,13809561,13809561,2951
104534,435,157,1071,0,0,11200,0,0,0,13811726,13811726,2951
104550,435,198,1071,0,0,11200,0,0,0,13813817,13813817,2951
104565,435,243,1071,0,0,11200,0,0,0,13815854,13815854,2951
104581,435,301,1071,0,0,11200,0,0,0,13817970,13817970,2951
104596,435,360,1071,0,0,11200,0,0,0,13819848,13819848,2951
104611,435,410,1071,0,0,11200,0,0,0,13821462,13821462,2951
104627,435,462,1071,0,0,11200,0,0,0,13823109,13823109,2951
104642,435,509,1071,0,0,11200,0,0,0,13825014,13825014,2951
104658,435,541,1071,0,0,11200,0,0,0,13826210,13826210,2951
104673,435,593,1071,0,0,11200,0,0,0,13827807,13827807,2951
104688,435,643,1071,0,0,11200,0,0,0,13829573,13829573,2951
104703,435,694,1071,0,0,11200,0,0,0,13831300,13831300,2951
104718,435,746,1071,0,0,11200,0,0,0,13832874,13832874,2951
104734,435,819,1071,0,0,11200,0,0,0,13834689,13834689,2951
104749,435,886,1071,0,0,11200,0,0,0,13836276,13836276,2951
104764,435,914,1071,0,0,11200,0,0,0,13837275,13837275,2951
104779,435,987,1071,0,0,11200,0,0,0,13839305,13839305,2951
104794,436,1052,1071,0,0,11200,0,0,0,13841188,13841188,2951
104809,436,26,1071,0,0,11200,0,0,0,13843339,13843339,2951
104825,436,126,1071,0,0,11200,0,0,0,13845678,13845678,2951
104840,436,196,1071,0,0,11200,0,0,0,13848218,13848218,2951
104855,436,248,1071,0,0,11200,0,0,0,13850465,13850465,2951
104871,436,330,1071,0,0,11200,0,0,0,13852691,13852691,2951
104886,436,397,1071,0,0,11200,0,0,0,13854671,13854671,2951
104901,436,456,1071,0,0,11200,0,0,0,13856627,13856627,2951
104916,436,510,1071,0,0,11200,0,0,0,13858702,13858702,2951
104931,436,557,1071,0,0,11200,0,0,0,13860618,13860618,2951
104946,436,600,1071,0,0,11200,0,0,0,13862152,13862152,2951
104962,436,664,1071,0,0,11200,0,0,0,13864275,13864275,2951
104977,436,719,1071,0,0,11200,0,0,0,13866075,13866075,2951
104992,436,794,1071,0,0,11200,0,0,0,13867705,13867705,2951
105008,436,877,1071,0,0,11200,0,0,0,13869612,13869612,2951
105023,436,921,1071,0,0,11200,0,0,0,13871143,13871143,2951
105038,436,1011,1071,0,0,11200,0,0,0,13873248,13873248,2951
105054,437,6,1071,0,0,11200,0,0,0,13875315,13875315,2951
105069,437,111,1071,0,0,11200,0,0,0,13877887,13877887,2951
105084,437,172,1071,0,0,11200,0,0,0,13880407,13880407,2951
105099,437,215,1071,0,0,11200,0,0,0,13882493,13882493,2951
105114,437,291,1071,0,0,11200,0,0,0,13884610,13884610,2951
105129,437,377,1071,0,0,11200,0,0,0,13886733,13886733,2951
105144,437,433,1071,0,0,11200,0,0,0,13888615,13888615,2951
105160,437,486,1071,0,0,11200,0,0,0,13890623,13890623,2951
105176,437,552,1071,0,0,11200,0,0,0,13892842,13892842,2951
105191,437,589,1071,0,0,11200,0,0,0,13893922,13893922,2951
105206,437,644,1071,0,0,11200,0,0,0,13895961,13895961,2951
105222,437,707,1071,0,0,11200,0,0,0,13897921,13897921,2951
105237,437,778,1071,0,0,11200,0,0,0,13899812,13899812,2951
105253,437,858,1071,0,0,11200,0,0,0,13901608,13901608,2951
105268,437,918,1071,0,0,11200,0,0,0,13903586,13903586,2951
105283,437,983,1071,0,0,11200,0,0,0,13905455,13905455,2951
105298,438,1033,1071,0,0,11200,0,0,0,13907103,13907103,2951
105313,438,23,1071,0,0,11200,0,0,0,13908873,13908873,2951
105329,438,132,1071,0,0,11200,0,0,0,13911397,13911397,2951
105344,438,186,1071,0,0,11200,0,0,0,13913697,13913697,2951
105360,438,241,1071,0,0,11200,0,0,0,13915867,13915867,2951
105375,438,305,1071,0,0,11200,0,0,0,13918134,13918134,2951
105390,438,380,1071,0,0,11200,0,0,0,13920200,13920200,2951
105406,438,450,1071,0,0,11200,0,0,0,13922105,13922105,2951
105421,438,507,1071,0,0,11200,0,0,0,13924097,13924097,2951
105436,438,561,1071,0,0,11200,0,0,0,13925979,13925979,2951
105451,438,611,1071,0,0,11200,0,0,0,13927549,13927549,2951
105467,438,671,1071,0,0,11200,0,0,0,13929484,13929484,2951
105482,438,728,1071,0,0,11200,0,0,0,13931366,13931366,2951
105498,438,798,1071,0,0,11200,0,0,0,13933267,13933267,2951
105513,438,877,1071,0,0,11200,0,0,0,13935179,13935179,2951
105528,438,922,1071,0,0,11200,0,0,0,13936763,13936763,2951
105544,438,1009,1071,0,0,11200,0,0,0,13938897,13938897,2951
105559,439,3,1071,0,0,11200,0,0,0,13940876,13940876,2951
105574,439,78,1071,0,0,11200,0,0,0,13943162,13943162,2951
105590,439,162,1071,0,0,11200,0,0,0,13945720,13945720,2951
105605,439,221,1071,0,0,11200,0,0,0,13947870,13947870,2951
105620,439,262,1071,0,0,11200,0,0,0,13950070,13950070,2951
105636,439,326,1071,0,0,11200,0,0,0,13952445,13952445,2951
105651,439,397,1071,0,0,11200,0,0,0,13954538,13954538,2951
105666,439,456,1071,0,0,11200,0,0,0,13956602,13956602,2951
105684,439,508,1071,0,0,11200,0,0,0,13958565,13958565,2951
105699,439,555,1071,0,0,11200,0,0,0,13960328,13960328,2951
105715,439,604,1071,0,0,11200,0,0,0,13962273,13962273,2951
105730,439,653,1071,0,0,11200,0,0,0,13964121,13964121,2951
105745,439,730,1071,0,0,11200,0,0,0,13965841,13965841,2951
105760,439,812,1071,0,0,11200,0,0,0,13967670,13967670,2951
105775,439,876,1071,0,0,11200,0,0,0,13969407,13969407,2951
105791,439,912,1071,0,0,11200,0,0,0,13970763,13970763,2951
105806,439,989,1071,0,0,11200,0,0,0,13972555,13972555,2951
105821,440,1037,1071,0,0,11200,0,0,0,13974445,13974445,2951
105837,440,19,1071,0,0,11200,0,0,0,13976497,13976497,2951
105852,440,127,1071,0,0,11200,0,0,0,13979061,13979061,2951
105867,440,176,1071,0,0,11200,0,0,0,13981429,13981429,2951
105882,440,229,1071,0,0,11200,0,0,0,13983439,13983439,2951
105897,440,301,1071,0,0,11200,0,0,0,13985932,13985932,2951
105913,440,383,1071,0,0,11200,0,0,0,13988123,13988123,2951
105928,440,447,1071,0,0,11200,0,0,0,13990260,13990260,2951
105943,440,501,1071,0,0,11200,0,0,0,13992389,13992389,2951
105959,440,552,1071,0,0,11200,0,0,0,13994078,13994078,2951
105974,440,604,1071,0,0,11200,0,0,0,13995906,13995906,2951
105990,440,654,1071,0,0,11200,0,0,0,13997782,13997782,2951
106005,440,727,1071,0,0,11200,0,0,0,13999658,13999658,2951
106021,440,818,1071,0,0,11200,0,0,0,14001526,14001526,2951
106036,440,880,1071,0,0,11200,0,0,0,14003232,14003232,2951
106051,440,912,1071,0,0,11200,0,0,0,14004517,14004517,2951
106066,440,987,1071,0,0,11200,0,0,0,14006480,14006480,2951
106082,441,1035,1071,0,0,11200,0,0,0,14007980,14007980,2951
106097,441,29,1071,0,0,11200,0,0,0,14010347,14010347,2951
106112,441,128,1071,0,0,11200,0,0,0,14012747,14012747,2951
106127,441,188,1071,0,0,11200,0,0,0,14015074,14015074,2951
106142,441,251,1071,0,0,11200,0,0,0,14017267,14017267,2951
106158,441,322,1071,0,0,11200,0,0,0,14019579,14019579,2951
106173,441,378,1071,0,0,11200,0,0,0,14021632,14021632,2951
106189,441,452,1071,0,0,11200,0,0,0,14023702,14023702,2951
106204,441,509,1071,0,0,11200,0,0,0,14025750,14025750,2951
106219,441,556,1071,0,0,11200,0,0,0,14027358,14027358,2951
106235,441,608,1071,0,0,11200,0,0,0,14029108,14029108,2951
106251,441,671,1071,0,0,11200,0,0,0,14031131,14031131,2951
106266,441,731,1071,0,0,11200,0,0,0,14033181,14033181,2951
106281,441,835,1071,0,0,11200,0,0,0,14035063,14035063,2951
106296,441,892,1071,0,0,11200,0,0,0,14036544,14036544,2951
106311,441,950,1071,0,0,11200,0,0,0,14038336,14038336,2951
106327,441,1014,1071,0,0,11200,0,0,0,14040165,14040165,2951
106342,442,19,1071,0,0,11200,0,0,0,14042038,14042038,2951
106358,442,114,1071,0,0,11200,0,0,0,14044057,14044057,2951
106374,442,174,1071,0,0,11200,0,0,0,14046657,14046657,2951
106389,442,219,1071,0,0,11200,0,0,0,14048961,14048961,2951
106404,442,269,1071,0,0,11200,0,0,0,14051133,14051133,2951
106419,442,348,1071,0,0,11200,0,0,0,14053327,14053327,2951
106434,442,418,1071,0,0,11200,0,0,0,14055244,14055244,2951
106450,442,495,1071,0,0,11200,0,0,0,14057293,14057293,2951
106466,442,554,1071,0,0,11200,0,0,0,14059579,14059579,2951
106481,442,614,1071,0,0,11200,0,0,0,14061735,14061735,2951
106496,442,677,1071,0,0,11200,0,0,0,14063682,14063682,2951
106511,442,778,1071,0,0,11200,0,0,0,14065686,14065686,2951
106527,442,860,1071,0,0,11200,0,0,0,14067424,14067424,2951
106542,442,893,1071,0,0,11200,0,0,0,14068667,14068667,2951
106557,442,951,1071,0,0,11200,0,0,0,14070531,14070531,2951
106573,443,1027,1071,0,0,11200,0,0,0,14072433,14072433,2951
106588,443,30,1071,0,0,11200,0,0,0,14074806,14074806,2951
106603,443,127,1071,0,0,11200,0,0,0,14076949,14076949,2951
106618,443,175,1071,0,0,11200,0,0,0,14079024,14079024,2951
106634,443,227,1071,0,0,11200,0,0,0,14081098,14081098,2951
106649,443,297,1071,0,0,11200,0,0,0,14083375,14083375,2951
106665,443,371,1071,0,0,11200,0,0,0,14085651,14085651,2951
106680,443,439,1071,0,0,11200,0,0,0,14087712,14087712,2951
106695,443,501,1071,0,0,11200,0,0,0,14089712,14089712,2951
106710,443,537,1071,0,0,11200,0,0,0,14091149,14091149,2951
106726,443,607,1071,0,0,11200,0,0,0,14093211,14093211,2951
106741,443,674,1071,0,0,11200,0,0,0,14095252,14095252,2951
106756,443,769,1071,0,0,11200,0,0,0,14097390,14097390,2951
106772,443,845,1071,0,0,11200,0,0,0,14099315,14099315,2951
106787,443,886,1071,0,0,11200,0,0,0,14100887,14100887,2951
106803,443,961,1071,0,0,11200,0,0,0,14102963,14102963,2951
106818,444,1031,1071,0,0,11200,0,0,0,14104830,14104830,2951
106834,444,26,1071,0,0,11200,0,0,0,14107173,14107173,2951
106849,444,116,1071,0,0,11200,0,0,0,14109190,14109190,2951
106864,444,178,1071,0,0,11200,0,0,0,14111640,14111640,2951
106880,444,234,1071,0,0,11200,0,0,0,14113811,14113811,2951
106895,444,300,1071,0,0,11200,0,0,0,14115937,14115937,2951
106910,444,366,1071,0,0,11200,0,0,0,14118021,14118021,2951
106925,444,430,1071,0,0,11200,0,0,0,14120031,14120031,2951
106940,444,489,1071,0,0,11200,0,0,0,14122042,14122042,2951
106956,444,535,1071,0,0,11200,0,0,0,14123942,14123942,2951
106972,444,604,1071,0,0,11200,0,0,0,14125859,14125859,2951
106987,444,664,1071,0,0,11200,0,0,0,14127874,14127874,2951
107002,444,746,1071,0,0,11200,0,0,0,14129703,14129703,2951
107017,444,838,1071,0,0,11200,0,0,0,14131703,14131703,2951
107036,444,886,1071,0,0,11200,0,0,0,14133399,14133399,2951
107051,444,961,1071,0,0,11200,0,0,0,14135439,14135439,2951
107067,445,1033,1071,0,0,11200,0,0,0,14137522,14137522,2951
107082,445,32,1071,0,0,11200,0,0,0,14139712,14139712,2951
107097,445,128,1071,0,0,11200,0,0,0,14141915,14141915,2951
107113,445,178,1071,0,0,11200,0,0,0,14144274,14144274,2951
107128,445,229,1071,0,0,11200,0,0,0,14146340,14146340,2951
107144,445,297,1071,0,0,11200,0,0,0,14148705,14148705,2951
107159,445,363,1071,0,0,11200,0,0,0,14150870,14150870,2951
107174,445,416,1071,0,0,11200,0,0,0,14152702,14152702,2951
107189,445,471,1071,0,0,11200,0,0,0,14154584,14154584,2951
107204,445,528,1071,0,0,11200,0,0,0,14156632,14156632,2951
107220,445,590,1071,0,0,11200,0,0,0,14158307,14158307,2951
107235,445,654,1071,0,0,11200,0,0,0,14160568,14160568,2951
107250,445,732,1071,0,0,11200,0,0,0,14162606,14162606,2951
107265,445,822,1071,0,0,11200,0,0,0,14164585,14164585,2951
107281,445,892,1071,0,0,11200,0,0,0,14166587,14166587,2951
107296,445,965,1071,0,0,11200,0,0,0,14168601,14168601,2951
107311,446,1053,1071,0,0,11200,0,0,0,14170743,14170743,2951
107326,446,31,1071,0,0,11200,0,0,0,14172996,14172996,2951
107342,446,130,1071,0,0,11200,0,0,0,14175524,14175524,2951
107357,446,188,1071,0,0,11200,0,0,0,14177798,14177798,2951
107372,446,254,1071,0,0,11200,0,0,0,14179897,14179897,2951
107387,446,323,1071,0,0,11200,0,0,0,14182064,14182064,2951
107402,446,388,1071,0,0,11200,0,0,0,14184007,14184007,2951
107417,446,462,1071,0,0,11200,0,0,0,14186149,14186149,2951
107433,446,523,1071,0,0,11200,0,0,0,14188148,14188148,2951
107448,446,571,1071,0,0,11200,0,0,0,14189611,14189611,2951
107463,446,625,1071,0,0,11200,0,0,0,14191582,14191582,2951
107478,446,689,1071,0,0,11200,0,0,0,14193662,14193662,2951
107494,446,776,1071,0,0,11200,0,0,0,14195600,14195600,2951
107509,446,854,1071,0,0,11200,0,0,0,14197654,14197654,2951
107524,446,900,1071,0,0,11200,0,0,0,14199686,14199686,2951
107539,446,994,1071,0,0,11200,0,0,0,14201565,14201565,2951
107555,447,1066,1071,0,0,11200,0,0,0,14203386,14203386,2951
107570,447,66,1071,0,0,11200,0,0,0,14205745,14205745,2951
107585,447,154,1071,0,0,11200,0,0,0,14208278,14208278,2951
107601,447,212,1071,0,0,11200,0,0,0,14210393,14210393,2951
107616,447,254,1071,0,0,11200,0,0,0,14212682,14212682,2951
107631,447,328,1071,0,0,11200,0,0,0,14214988,14214988,2951
107647,447,410,1071,0,0,11200,0,0,0,14217060,14217060,2951
107662,447,460,1071,0,0,11200,0,0,0,14218966,14218966,2951
107678,447,516,1071,0,0,11200,0,0,0,14221117,14221117,2951
107693,447,568,1071,0,0,11200,0,0,0,14222950,14222950,2951
107709,447,630,1071,0,0,11200,0,0,0,14224849,14224849,2951
107724,447,697,1071,0,0,11200,0,0,0,14226657,14226657,2951
107739,447,769,1071,0,0,11200,0,0,0,14228492,14228492,2951
107754,447,848,1071,0,0,11200,0,0,0,14230381,14230381,2951
107769,447,901,1071,0,0,11200,0,0,0,14232220,14232220,2951
107785,447,985,1071,0,0,11200,0,0,0,14234211,14234211,2951
107801,448,1033,1071,0,0,11200,0,0,0,14235808,14235808,2951
107816,448,26,1071,0,0,11200,0,0,0,14238165,14238165,2951
107831,448,119,1071,0,0,11200,0,0,0,14240389,14240389,2951
107847,448,174,1071,0,0,11200,0,0,0,14242876,14242876,2951
107863,448,232,1071,0,0,11200,0,0,0,14245154,14245154,2951
107878,448,297,1071,0,0,11200,0,0,0,14247624,14247624,2951
107893,448,367,1071,0,0,11200,0,0,0,14249780,14249780,2951
107909,448,429,1071,0,0,11200,0,0,0,14251739,14251739,2951
107924,448,489,1071,0,0,11200,0,0,0,14253861,14253861,2951
107946,448,537,1071,0,0,11200,0,0,0,14255967,14255967,2951
107961,448,594,1071,0,0,11200,0,0,0,14258014,14258014,2951
107976,448,625,1071,0,0,11200,0,0,0,14259710,14259710,2951
107991,448,693,1071,0,0,11200,0,0,0,14261481,14261481,2951
108007,448,777,1071,0,0,11200,0,0,0,14263229,14263229,2951
108022,448,852,1071,0,0,11200,0,0,0,14265023,14265023,2951
108037,448,911,1071,0,0,11200,0,0,0,14266845,14266845,2951
108053,448,982,1071,0,0,11200,0,0,0,14268836,14268836,2951
108068,449,1031,1071,0,0,11200,0,0,0,14270653,14270653,2951
108083,449,21,1071,0,0,11200,0,0,0,14272767,14272767,2951
108099,449,120,1071,0,0,11200,0,0,0,14275165,14275165,2951
108114,449,178,1071,0,0,11200,0,0,0,14277576,14277576,2951
108129,449,235,1071,0,0,11200,0,0,0,14279758,14279758,2951
108145,449,300,1071,0,0,11200,0,0,0,14282079,14282079,2951
108160,449,365,1071,0,0,11200,0,0,0,14284231,14284231,2951
108176,449,420,1071,0,0,11200,0,0,0,14286095,14286095,2951
108191,449,497,1071,0,0,11200,0,0,0,14288148,14288148,2951
108206,449,539,1071,0,0,11200,0,0,0,14289738,14289738,2951
108222,449,602,1071,0,0,11200,0,0,0,14291764,14291764,2951
108237,449,647,1071,0,0,11200,0,0,0,14293636,14293636,2951
108253,449,711,1071,0,0,11200,0,0,0,14295425,14295425,2951
108268,449,791,1071,0,0,11200,0,0,0,14297316,14297316,2951
108284,449,870,1071,0,0,11200,0,0,0,14299044,14299044,2951
108299,449,904,1071,0,0,11200,0,0,0,14300400,14300400,2951
108314,449,991,1071,0,0,11200,0,0,0,14302468,14302468,2951
108329,449,1023,1071,0,0,11200,0,0,0,14304057,14304057,2951
108345,450,7,1071,0,0,11200,0,0,0,14305734,14305734,2951
108360,450,87,1071,0,0,11200,0,0,0,14307794,14307794,2951
108375,450,161,1071,0,0,11200,0,0,0,14310209,14310209,2951
108391,450,213,1071,0,0,11200,0,0,0,14312401,14312401,2951
108406,450,258,1071,0,0,11200,0,0,0,14314758,14314758,2951
108421,450,323,1071,0,0,11200,0,0,0,14316958,14316958,2951
108437,450,385,1071,0,0,11200,0,0,0,14319131,14319131,2951
108452,450,452,1071,0,0,11200,0,0,0,14321254,14321254,2951
108467,450,510,1071,0,0,11200,0,0,0,14323305,14323305,2951
108482,450,568,1071,0,0,11200,0,0,0,14325307,14325307,2951
108497,450,619,1071,0,0,11200,0,0,0,14327272,14327272,2951
108513,450,688,1071,0,0,11200,0,0,0,14329427,14329427,2951
108528,450,742,1071,0,0,11200,0,0,0,14331202,14331202,2951
108543,450,822,1071,0,0,11200,0,0,0,14333155,14333155,2951
108559,450,882,1071,0,0,11200,0,0,0,14334969,14334969,2951
108574,450,943,1071,0,0,11200,0,0,0,14336679,14336679,2951
108589,450,1022,1071,0,0,11200,0,0,0,14338516,14338516,2951
108605,451,28,1071,0,0,11200,0,0,0,14340656,14340656,2951
108620,451,121,1071,0,0,11200,0,0,0,14342796,14342796,2951
108635,451,178,1071,0,0,11200,0,0,0,14345188,14345188,2951
108651,451,237,1071,0,0,11200,0,0,0,14347515,14347515,2951
108666,451,323,1071,0,0,11200,0,0,0,14349745,14349745,2951
108681,451,394,1071,0,0,11200,0,0,0,14351991,14351991,2951
108696,451,462,1071,0,0,11200,0,0,0,14354054,14354054,2951
108711,451,516,1071,0,0,11200,0,0,0,14356011,14356011,2951
108726,451,565,1071,0,0,11200,0,0,0,14357810,14357810,2951
108742,451,609,1071,0,0,11200,0,0,0,14359443,14359443,2951
108757,451,651,1071,0,0,11200,0,0,0,14361129,14361129,2951
108772,451,713,1071,0,0,11200,0,0,0,14362988,14362988,2951
108787,451,796,1071,0,0,11200,0,0,0,14364854,14364854,2951
108803,451,863,1071,0,0,11200,0,0,0,14366541,14366541,2951
108818,451,912,1071,0,0,11200,0,0,0,14368137,14368137,2951
108833,451,1001,1071,0,0,11200,0,0,0,14370365,14370365,2951
108848,452,2,1071,0,0,11200,0,0,0,14372226,14372226,2951
108864,452,78,1071,0,0,11200,0,0,0,14374394,14374394,2951
108880,452,154,1071,0,0,11200,0,0,0,14376778,14376778,2951
108895,452,203,1071,0,0,11200,0,0,0,14378803,14378803,2951
108910,452,250,1071,0,0,11200,0,0,0,14380926,14380926,2951
108925,452,317,1071,0,0,11200,0,0,0,14383049,14383049,2951
108940,452,383,1071,0,0,11200,0,0,0,14385065,14385065,2951
108955,452,449,1071,0,0,11200,0,0,0,14387178,14387178,2951
108971,452,511,1071,0,0,11200,0,0,0,14389314,14389314,2951
108986,452,581,1071,0,0,11200,0,0,0,14391247,14391247,2951
109002,452,643,1071,0,0,11200,0,0,0,14393266,14393266,2951
109017,452,707,1071,0,0,11200,0,0,0,14395357,14395357,2951
109033,452,777,1071,0,0,11200,0,0,0,14397202,14397202,2951
109048,452,863,1071,0,0,11200,0,0,0,14399037,14399037,2951
109063,452,920,1071,0,0,11200,0,0,0,14401012,14401012,2951
109078,452,989,1071,0,0,11200,0,0,0,14402917,14402917,2951
109094,453,1044,1071,0,0,11200,0,0,0,14404759,14404759,2951
109109,453,25,1071,0,0,11200,0,0,0,14406755,14406755,2951
109124,453,122,1071,0,0,11200,0,0,0,14409063,14409063,2951
109139,453,171,1071,0,0,11200,0,0,0,14411484,14411484,2951
109154,453,225,1071,0,0,11200,0,0,0,14413589,14413589,2951
109170,453,305,1071,0,0,11200,0,0,0,14415850,14415850,2951
109185,453,378,1071,0,0,11200,0,0,0,14418016,14418016,2951
109201,453,454,1071,0,0,11200,0,0,0,14420007,14420007,2951
109216,453,516,1071,0,0,11200,0,0,0,14422101,14422101,2951
109231,453,577,1071,0,0,11200,0,0,0,14424219,14424219,2951
109247,453,635,1071,0,0,11200,0,0,0,14426118,14426118,2951
109262,453,711,1071,0,0,11200,0,0,0,14428247,14428247,2951
109277,453,794,1071,0,0,11200,0,0,0,14430270,14430270,2951
109292,453,863,1071,0,0,11200,0,0,0,14432005,14432005,2951
109308,453,904,1071,0,0,11200,0,0,0,14433890,14433890,2951
109323,453,971,1071,0,0,11200,0,0,0,14435528,14435528,2951
109338,453,1023,1071,0,0,11200,0,0,0,14437307,14437307,2951
109354,454,17,1071,0,0,11200,0,0,0,14439275,14439275,2951
109369,454,117,1071,0,0,11200,0,0,0,14441614,14441614,2951
109385,454,177,1071,0,0,11200,0,0,0,14444052,14444052,2951
109400,454,225,1071,0,0,11200,0,0,0,14446076,14446076,2951
109415,454,279,1071,0,0,11200,0,0,0,14448237,14448237,2951
109430,454,336,1071,0,0,11200,0,0,0,14450149,14450149,2951
109445,454,397,1071,0,0,11200,0,0,0,14452042,14452042,2951
109461,454,458,1071,0,0,11200,0,0,0,14454071,14454071,2951
109476,454,510,1071,0,0,11200,0,0,0,14456038,14456038,2951
109494,454,571,1071,0,0,11200,0,0,0,14457856,14457856,2951
109509,454,632,1071,0,0,11200,0,0,0,14460011,14460011,2951
109524,454,699,1071,0,0,11200,0,0,0,14461914,14461914,2951
109539,454,779,1071,0,0,11200,0,0,0,14463791,14463791,2951
109555,454,865,1071,0,0,11200,0,0,0,14465669,14465669,2951
109570,454,925,1071,0,0,11200,0,0,0,14467527,14467527,2951
109585,454,1014,1071,0,0,11200,0,0,0,14469737,14469737,2951
109600,455,3,1071,0,0,11200,0,0,0,14471557,14471557,2951
109616,455,89,1071,0,0,11200,0,0,0,14473840,14473840,2951
109631,455,154,1071,0,0,11200,0,0,0,14476215,14476215,2951
109647,455,209,1071,0,0,11200,0,0,0,14478385,14478385,2951
109662,455,246,1071,0,0,11200,0,0,0,14480457,14480457,2951
109677,455,319,1071,0,0,11200,0,0,0,14482697,14482697,2951
109693,455,378,1071,0,0,11200,0,0,0,14484687,14484687,2951
109708,455,433,1071,0,0,11200,0,0,0,14486609,14486609,2951
109723,455,486,1071,0,0,11200,0,0,0,14488599,14488599,2951
109742,455,537,1071,0,0,11200,0,0,0,14490656,14490656,2951
109757,455,599,1071,0,0,11200,0,0,0,14492617,14492617,2951
109774,455,669,1071,0,0,11200,0,0,0,14494758,14494758,2951
109789,455,735,1071,0,0,11200,0,0,0,14496731,14496731,2951
109805,455,843,1071,0,0,11200,0,0,0,14498605,14498605,2951
109820,455,895,1071,0,0,11200,0,0,0,14500309,14500309,2951
109836,455,985,1071,0,0,11200,0,0,0,14502537,14502537,2951
109851,456,1064,1072,1,0,11200,0,0,0,14504673,14504673,2951
109867,456,59,1072,1,0,11200,0,0,0,14506924,14506924,2951
109882,456,157,1072,1,0,11200,0,0,0,14509485,14509485,2951
109897,456,213,1072,1,0,11200,0,0,0,14511520,14511520,2951
109912,456,264,1072,1,0,11200,0,0,0,14513734,14513734,2951
109927,456,330,1072,1,0,11200,0,0,0,14515773,14515773,2951
109943,456,388,1072,1,0,11200,0,0,0,14517699,14517699,2951
109958,456,451,1072,1,0,11200,0,0,0,14519785,14519785,2951
109973,456,507,1072,1,0,11200,0,0,0,14521821,14521821,2951
109988,456,552,1072,1,0,11200,0,0,0,14523462,14523462,2951
110004,456,607,1072,1,0,11200,0,0,0,14525546,14525546,2951
110019,456,671,1072,1,0,11200,0,0,0,14527544,14527544,2951
110035,456,762,1072,1,0,11200,0,0,0,14529627,14529627,2951
110050,456,833,1072,1,0,11200,0,0,0,14531405,14531405,2951
110066,456,886,1072,1,0,11200,0,0,0,14532862,14532862,2951
110082,456,951,1072,1,0,11200,0,0,0,14534900,14534900,2951
110097,456,1011,1072,1,0,11200,0,0,0,14536534,14536534,2951
110112,457,10,1072,1,0,11200,0,0,0,14538764,14538764,2951
110127,457,83,1072,1,0,11200,0,0,0,14541047,14541047,2951
110143,457,161,1072,1,0,11200,0,0,0,14543686,14543686,2951
110158,457,218,1072,1,0,11200,0,0,0,14545860,14545860,2951
110173,457,278,1072,1,0,11200,0,0,0,14548012,14548012,2951
110188,457,348,1072,1,0,11200,0,0,0,14550021,14550021,2951
110204,457,415,1072,1,0,11200,0,0,0,14552165,14552165,2951
110219,457,475,1072,1,0,11200,0,0,0,14554024,14554024,2951
110236,457,537,1072,1,0,11200,0,0,0,14556185,14556185,2951
110252,457,571,1072,1,0,11200,0,0,0,14557507,14557507,2951
110267,457,635,1072,1,0,11200,0,0,0,14559513,14559513,2951
110282,457,706,1072,1,0,11200,0,0,0,14561598,14561598,2951
110297,457,777,1072,1,0,11200,0,0,0,14563531,14563531,2951
110313,457,862,1072,1,0,11200,0,0,0,14565441,14565441,2951
110328,457,893,1072,1,0,11200,0,0,0,14566559,14566559,2951
110344,457,957,1072,1,0,11200,0,0,0,14568512,14568512,2951
110359,458,1043,1072,1,0,11200,0,0,0,14570601,14570601,2951
110375,458,21,1072,1,0,11200,0,0,0,14572546,14572546,2951
110390,458,117,1072,1,0,11200,0,0,0,14574888,14574888,2951
110406,458,179,1072,1,0,11200,0,0,0,14577234,14577234,2951
110421,458,227,1072,1,0,11200,0,0,0,14579265,14579265,2951
110436,458,286,1072,1,0,11200,0,0,0,14581537,14581537,2951
110452,458,358,1072,1,0,11200,0,0,0,14583497,14583497,2951
110467,458,420,1072,1,0,11200,0,0,0,14585315,14585315,2951
110483,458,486,1072,1,0,11200,0,0,0,14587491,14587491,2951
110499,458,539,1072,1,0,11200,0,0,0,14589577,14589577,2951
110514,458,598,1072,1,0,11200,0,0,0,14591380,14591380,2951
110529,458,651,1072,1,0,11200,0,0,0,14593205,14593205,2951
110544,458,705,1072,1,0,11200,0,0,0,14594967,14594967,2951
110559,458,777,1072,1,0,11200,0,0,0,14596662,14596662,2951
110574,458,867,1072,1,0,11200,0,0,0,14598430,14598430,2951
110590,458,927,1072,1,0,11200,0,0,0,14600581,14600581,2951
110605,458,1005,1072,1,0,11200,0,0,0,14602380,14602380,2951
110620,459,17,1072,1,0,11200,0,0,0,14604604,14604604,2951
110636,459,111,1072,1,0,11200,0,0,0,14606826,14606826,2951
110651,459,166,1072,1,0,11200,0,0,0,14609172,14609172,2951
110666,459,217,1072,1,0,11200,0,0,0,14611259,14611259,2951
110681,459,280,1072,1,0,11200,0,0,0,14613394,14613394,2951
110696,459,358,1072,1,0,11200,0,0,0,14615493,14615493,2951
110712,459,411,1072,1,0,11200,0,0,0,14617342,14617342,2951
110728,459,464,1072,1,0,11200,0,0,0,14619294,14619294,2951
110743,459,515,1072,1,0,11200,0,0,0,14621300,14621300,2951
110758,459,557,1072,1,0,11200,0,0,0,14622702,14622702,2951
110773,459,609,1072,1,0,11200,0,0,0,14624396,14624396,2951
110789,459,670,1072,1,0,11200,0,0,0,14626488,14626488,2951
110804,459,752,1072,1,0,11200,0,0,0,14628605,14628605,2951
110819,459,822,1072,1,0,11200,0,0,0,14630419,14630419,2951
110834,459,886,1072,1,0,11200,0,0,0,14632236,14632236,2951
110849,459,940,1072,1,0,11200,0,0,0,14634188,14634188,2951
110864,459,1016,1072,1,0,11200,0,0,0,14636105,14636105,2951
110880,460,10,1072,1,0,11200,0,0,0,14638218,14638218,2951
110895,460,116,1072,1,0,11200,0,0,0,14640609,14640609,2951
110910,460,172,1072,1,0,11200,0,0,0,14643046,14643046,2951
110925,460,223,1072,1,0,11200,0,0,0,14645298,14645298,2951
110941,460,269,1072,1,0,11200,0,0,0,14647533,14647533,2951
110956,460,336,1072,1,0,11200,0,0,0,14649467,14649467,2951
110971,460,410,1072,1,0,11200,0,0,0,14651582,14651582,2951
110986,460,468,1072,1,0,11200,0,0,0,14653450,14653450,2951
111001,460,526,1072,1,0,11200,0,0,0,14655518,14655518,2951
111017,460,581,1072,1,0,11200,0,0,0,14657320,14657320,2951
111032,460,631,1072,1,0,11200,0,0,0,14659228,14659228,2951
111047,460,706,1072,1,0,11200,0,0,0,14661228,14661228,2951
111062,460,791,1072,1,0,11200,0,0,0,14663151,14663151,2951
111078,460,870,1072,1,0,11200,0,0,0,14665161,14665161,2951
111093,460,892,1072,1,0,11200,0,0,0,14665839,14665839,2951
111108,460,963,1072,1,0,11200,0,0,0,14667733,14667733,2951
111123,461,1027,1072,1,0,11200,0,0,0,14669636,14669636,2951
111139,461,43,1072,1,0,11200,0,0,0,14672238,14672238,2951
111154,461,143,1072,1,0,11200,0,0,0,14674481,14674481,2951
111169,461,218,1072,1,0,11200,0,0,0,14676781,14676781,2951
111185,461,290,1072,1,0,11200,0,0,0,14679014,14679014,2951
111200,461,378,1072,1,0,11200,0,0,0,14681361,14681361,2951
111215,461,438,1072,1,0,11200,0,0,0,14683327,14683327,2951
111231,461,486,1072,1,0,11200,0,0,0,14685441,14685441,2951
111247,461,532,1072,1,0,11200,0,0,0,14687442,14687442,2951
111262,461,580,1072,1,0,11200,0,0,0,14689223,14689223,2951
111277,461,645,1072,1,0,11200,0,0,0,14691219,14691219,2951
111293,461,697,1072,1,0,11200,0,0,0,14693257,14693257,2951
111308,461,777,1072,1,0,11200,0,0,0,14695163,14695163,2951
111323,461,848,1072,1,0,11200,0,0,0,14697084,14697084,2951
111339,461,886,1072,1,0,11200,0,0,0,14698319,14698319,2951
111354,461,960,1072,1,0,11200,0,0,0,14700429,14700429,2951
111370,461,1025,1072,1,0,11200,0,0,0,14702351,14702351,2951
111385,462,44,1072,1,0,11200,0,0,0,14704650,14704650,2951
111400,462,140,1072,1,0,11200,0,0,0,14707084,14707084,2951
111415,462,189,1072,1,0,11200,0,0,0,14709433,14709433,2951
111431,462,248,1072,1,0,11200,0,0,0,14711631,14711631,2951
111447,462,314,1072,1,0,11200,0,0,0,14713722,14713722,2951
111462,462,389,1072,1,0,11200,0,0,0,14715761,14715761,2951
111477,462,462,1072,1,0,11200,0,0,0,14717796,14717796,2951
111492,462,523,1072,1,0,11200,0,0,0,14719773,14719773,2951
111507,462,589,1072,1,0,11200,0,0,0,14721479,14721479,2951
111522,462,635,1072,1,0,11200,0,0,0,14723352,14723352,2951
111537,462,704,1072,1,0,11200,0,0,0,14725278,14725278,2951
111553,462,778,1072,1,0,11200,0,0,0,14727073,14727073,2951
111569,462,858,1072,1,0,11200,0,0,0,14729176,14729176,2951
111584,462,902,1072,1,0,11200,0,0,0,14731074,14731074,2951
111599,462,983,1072,1,0,11200,0,0,0,14733031,14733031,2951
111615,463,1050,1072,1,0,11200,0,0,0,14735115,14735115,2951
111630,463,42,1072,1,0,11200,0,0,0,14737389,14737389,2951
111645,463,132,1072,1,0,11200,0,0,0,14739833,14739833,2951
111660,463,189,1072,1,0,11200,0,0,0,14742065,14742065,2951
111676,463,251,1072,1,0,11200,0,0,0,14744238,14744238,2951
111691,463,328,1072,1,0,11200,0,0,0,14746613,14746613,2951
111706,463,418,1072,1,0,11200,0,0,0,14748515,14748515,2951
111721,463,477,1072,1,0,11200,0,0,0,14750639,14750639,2951
111737,463,533,1072,1,0,11200,0,0,0,14752743,14752743,2951
111752,463,585,1072,1,0,11200,0,0,0,14754179,14754179,2951
111767,463,645,1072,1,0,11200,0,0,0,14756195,14756195,2951
111782,463,716,1072,1,0,11200,0,0,0,14758227,14758227,2951
111797,463,799,1072,1,0,11200,0,0,0,14760175,14760175,2951
111813,463,865,1072,1,0,11200,0,0,0,14762048,14762048,2951
111828,463,901,1072,1,0,11200,0,0,0,14763182,14763182,2951
111844,463,961,1072,1,0,11200,0,0,0,14764831,14764831,2951
111859,464,1029,1072,1,0,11200,0,0,0,14766762,14766762,2951
111874,464,44,1072,1,0,11200,0,0,0,14769123,14769123,2951
111890,464,141,1072,1,0,11200,0,0,0,14771426,14771426,2951
111905,464,190,1072,1,0,11200,0,0,0,14773592,14773592,2951
111921,464,244,1072,1,0,11200,0,0,0,14775701,14775701,2951
111936,464,302,1072,1,0,11200,0,0,0,14777963,14777963,2951
111951,464,366,1072,1,0,11200,0,0,0,14779824,14779824,2951
111966,464,427,1072,1,0,11200,0,0,0,14781629,14781629,2951
111982,464,475,1072,1,0,11200,0,0,0,14783671,14783671,2951
111997,464,532,1072,1,0,11200,0,0,0,14785881,14785881,2951
112012,464,583,1072,1,0,11200,0,0,0,14787427,14787427,2951
112028,464,635,1072,1,0,11200,0,0,0,14789450,14789450,2951
112043,464,713,1072,1,0,11200,0,0,0,14791255,14791255,2951
112058,464,791,1072,1,0,11200,0,0,0,14793044,14793044,2951
112073,464,877,1072,1,0,11200,0,0,0,14794986,14794986,2951
112089,464,902,1072,1,0,11200,0,0,0,14796367,14796367,2951
112105,464,961,1072,1,0,11200,0,0,0,14798111,14798111,2951
112122,465,1033,1072,1,0,11200,0,0,0,14800218,14800218,2951
112137,465,29,1072,1,0,11200,0,0,0,14802466,14802466,2951
112152,465,131,1072,1,0,11200,0,0,0,14804814,14804814,2951
112168,465,189,1072,1,0,11200,0,0,0,14807127,14807127,2951
112183,465,232,1072,1,0,11200,0,0,0,14809217,14809217,2951
112199,465,293,1072,1,0,11200,0,0,0,14811514,14811514,2951
112214,465,362,1072,1,0,11200,0,0,0,14813677,14813677,2951
112230,465,419,1072,1,0,11200,0,0,0,14815415,14815415,2951
112245,465,465,1072,1,0,11200,0,0,0,14817216,14817216,2951
112260,465,515,1072,1,0,11200,0,0,0,14819278,14819278,2951
112275,465,562,1072,1,0,11200,0,0,0,14820813,14820813,2951
112291,465,631,1072,1,0,11200,0,0,0,14823156,14823156,2951
112306,465,707,1072,1,0,11200,0,0,0,14825305,14825305,2951
112322,465,796,1072,1,0,11200,0,0,0,14827391,14827391,2951
112343,465,886,1072,1,0,11200,0,0,0,14829380,14829380,2951
112358,465,993,1072,1,0,11200,0,0,0,14831497,14831497,2951
112373,466,1053,1072,1,0,11200,0,0,0,14833392,14833392,2951
112389,466,59,1072,1,0,11200,0,0,0,14835680,14835680,2951
112404,466,154,1072,1,0,11200,0,0,0,14838198,14838198,2951
112419,466,208,1072,1,0,11200,0,0,0,14840512,14840512,2951
112434,466,250,1072,1,0,11200,0,0,0,14842598,14842598,2951
112449,466,335,1072,1,0,11200,0,0,0,14844809,14844809,2951
112465,466,401,1072,1,0,11200,0,0,0,14846793,14846793,2951
112480,466,457,1072,1,0,11200,0,0,0,14848829,14848829,2951
112495,466,515,1072,1,0,11200,0,0,0,14850957,14850957,2951
112512,466,571,1072,1,0,11200,0,0,0,14852706,14852706,2951
112527,466,629,1072,1,0,11200,0,0,0,14854738,14854738,2951
112542,466,691,1072,1,0,11200,0,0,0,14856753,14856753,2951
112557,466,770,1072,1,0,11200,0,0,0,14858713,14858713,2951
112573,466,845,1072,1,0,11200,0,0,0,14860480,14860480,2951
112588,466,901,1072,1,0,11200,0,0,0,14862483,14862483,2951
112604,466,985,1072,1,0,11200,0,0,0,14864524,14864524,2951
112619,467,1043,1072,1,0,11200,0,0,0,14866280,14866280,2951
112634,467,32,1072,1,0,11200,0,0,0,14868687,14868687,2951
112649,467,130,1072,1,0,11200,0,0,0,14870901,14870901,2951
112665,467,188,1072,1,0,11200,0,0,0,14873154,14873154,2951
112680,467,249,1072,1,0,11200,0,0,0,14875440,14875440,2951
112695,467,327,1072,1,0,11200,0,0,0,14877569,14877569,2951
112710,467,402,1072,1,0,11200,0,0,0,14879749,14879749,2951
112725,467,465,1072,1,0,11200,0,0,0,14881824,14881824,2951
112741,467,532,1072,1,0,11200,0,0,0,14883867,14883867,2951
112756,467,588,1072,1,0,11200,0,0,0,14885595,14885595,2951
112771,467,653,1072,1,0,11200,0,0,0,14887678,14887678,2951
112787,467,728,1072,1,0,11200,0,0,0,14889756,14889756,2951
112803,467,812,1072,1,0,11200,0,0,0,14891429,14891429,2951
112818,467,892,1072,1,0,11200,0,0,0,14893426,14893426,2951
112833,467,957,1072,1,0,11200,0,0,0,14895363,14895363,2951
112848,467,1023,1072,1,0,11200,0,0,0,14897238,14897238,2951
112864,468,12,1072,1,0,11200,0,0,0,14899048,14899048,2951
112879,468,117,1072,1,0,11200,0,0,0,14901451,14901451,2951
112894,468,178,1072,1,0,11200,0,0,0,14903685,14903685,2951
112909,468,218,1072,1,0,11200,0,0,0,14905545,14905545,2951
112925,468,275,1072,1,0,11200,0,0,0,14908155,14908155,2951
112941,468,345,1072,1,0,11200,0,0,0,14910278,14910278,2951
112956,468,411,1072,1,0,11200,0,0,0,14912174,14912174,2951
112972,468,464,1072,1,0,11200,0,0,0,14914173,14914173,2951
112987,468,519,1072,1,0,11200,0,0,0,14916234,14916234,2951
113002,468,589,1072,1,0,11200,0,0,0,14918313,14918313,2951
113018,468,651,1072,1,0,11200,0,0,0,14920367,14920367,2951
113033,468,752,1072,1,0,11200,0,0,0,14922306,14922306,2951
113048,468,820,1072,1,0,11200,0,0,0,14924187,14924187,2951
113064,468,878,1072,1,0,11200,0,0,0,14925791,14925791,2951
113079,468,920,1072,1,0,11200,0,0,0,14927407,14927407,2951
113094,468,994,1072,1,0,11200,0,0,0,14929426,14929426,2951
113109,469,1043,1072,1,0,11200,0,0,0,14931091,14931091,2951
113125,469,28,1072,1,0,11200,0,0,0,14932974,14932974,2951
113140,469,122,1072,1,0,11200,0,0,0,14935201,14935201,2951
113155,469,181,1072,1,0,11200,0,0,0,14937583,14937583,2951
113170,469,247,1072,1,0,11200,0,0,0,14939843,14939843,2951
113185,469,312,1072,1,0,11200,0,0,0,14941900,14941900,2951
113201,469,380,1072,1,0,11200,0,0,0,14943884,14943884,2951
113216,469,438,1072,1,0,11200,0,0,0,14946000,14946000,2951
113232,469,495,1072,1,0,11200,0,0,0,14947896,14947896,2951
113247,469,532,1072,1,0,11200,0,0,0,14949454,14949454,2951
113263,469,604,1072,1,0,11200,0,0,0,14951464,14951464,2951
113278,469,661,1072,1,0,11200,0,0,0,14953360,14953360,2951
113293,469,713,1072,1,0,11200,0,0,0,14955281,14955281,2951
113308,469,784,1072,1,0,11200,0,0,0,14957036,14957036,2951
113323,469,860,1072,1,0,11200,0,0,0,14958790,14958790,2951
113338,469,902,1072,1,0,11200,0,0,0,14960471,14960471,2951
113353,469,966,1072,1,0,11200,0,0,0,14962270,14962270,2951
113370,470,1033,1072,1,0,11200,0,0,0,14964200,14964200,2951
113385,470,41,1072,1,0,11200,0,0,0,14966413,14966413,2951
113401,470,138,1072,1,0,11200,0,0,0,14968794,14968794,2951
113416,470,209,1072,1,0,11200,0,0,0,14970988,14970988,2951
113431,470,262,1072,1,0,11200,0,0,0,14973157,14973157,2951
113446,470,334,1072,1,0,11200,0,0,0,14975307,14975307,2951
113461,470,400,1072,1,0,11200,0,0,0,14977427,14977427,2951
113476,470,462,1072,1,0,11200,0,0,0,14979500,14979500,2951
113492,470,516,1072,1,0,11200,0,0,0,14981571,14981571,2951
113507,470,557,1072,1,0,11200,0,0,0,14983304,14983304,2951
113522,470,608,1072,1,0,11200,0,0,0,14984904,14984904,2951
113537,470,671,1072,1,0,11200,0,0,0,14986993,14986993,2951
113553,470,735,1072,1,0,11200,0,0,0,14988886,14988886,2951
113568,470,807,1072,1,0,11200,0,0,0,14990666,14990666,2951
113583,470,869,1072,1,0,11200,0,0,0,14992294,14992294,2951
113599,470,916,1072,1,0,11200,0,0,0,14993821,14993821,2951
113614,470,996,1072,1,0,11200,0,0,0,14995841,14995841,2951
113630,471,1061,1072,1,0,11200,0,0,0,14997981,14997981,2951
113645,471,42,1072,1,0,11200,0,0,0,15000046,15000046,2951
113660,471,132,1072,1,0,11200,0,0,0,15002411,15002411,2951
113675,471,195,1072,1,0,11200,0,0,0,15004570,15004570,2951
113690,471,244,1072,1,0,11200,0,0,0,15006541,15006541,2951
113705,471,317,1072,1,0,11200,0,0,0,15008710,15008710,2951
113720,471,371,1072,1,0,11200,0,0,0,15010784,15010784,2951
113736,471,449,1072,1,0,11200,0,0,0,15012745,15012745,2951
113751,471,502,1072,1,0,11200,0,0,0,15014560,15014560,2951
113767,471,552,1072,1,0,11200,0,0,0,15016274,15016274,2951
113782,471,605,1072,1,0,11200,0,0,0,15017884,15017884,2951
113797,471,666,1072,1,0,11200,0,0,0,15019958,15019958,2951
113812,471,728,1072,1,0,11200,0,0,0,15021776,15021776,2951
113827,471,819,1072,1,0,11200,0,0,0,15023595,15023595,2951
113843,471,887,1072,1,0,11200,0,0,0,15025256,15025256,2951
113858,471,945,1072,1,0,11200,0,0,0,15027142,15027142,2951
113874,471,1018,1072,1,0,11200,0,0,0,15029019,15029019,2951
113889,472,1067,1072,1,0,11200,0,0,0,15030564,15030564,2951
113904,472,66,1072,1,0,11200,0,0,0,15032847,15032847,2951
113919,472,145,1072,1,0,11200,0,0,0,15035381,15035381,2951
113934,472,203,1072,1,0,11200,0,0,0,15037785,15037785,2951
113949,472,252,1072,1,0,11200,0,0,0,15040057,15040057,2951
113964,472,322,1072,1,0,11200,0,0,0,15042325,15042325,2951
113980,472,380,1072,1,0,11200,0,0,0,15044093,15044093,2951
113996,472,449,1072,1,0,11200,0,0,0,15046242,15046242,2951
114011,472,498,1072,1,0,11200,0,0,0,15048036,15048036,2951
114026,472,555,1072,1,0,11200,0,0,0,15050043,15050043,2951
114042,472,607,1072,1,0,11200,0,0,0,15051804,15051804,2951
114057,472,670,1072,1,0,11200,0,0,0,15053812,15053812,2951
114072,472,739,1072,1,0,11200,0,0,0,15055693,15055693,2951
114087,472,812,1072,1,0,11200,0,0,0,15057616,15057616,2951
114105,472,886,1072,1,0,11200,0,0,0,15059335,15059335,2951
114121,472,950,1072,1,0,11200,0,0,0,15061397,15061397,2951
114136,473,1031,1072,1,0,11200,0,0,0,15063402,15063402,2951
114151,473,23,1072,1,0,11200,0,0,0,15065420,15065420,2951
114166,473,114,1072,1,0,11200,0,0,0,15067546,15067546,2951
114182,473,168,1072,1,0,11200,0,0,0,15069927,15069927,2951
114197,473,226,1072,1,0,11200,0,0,0,15072207,15072207,2951
114212,473,282,1072,1,0,11200,0,0,0,15074553,15074553,2951
114228,473,365,1072,1,0,11200,0,0,0,15076851,15076851,2951
114243,473,423,1072,1,0,11200,0,0,0,15078712,15078712,2951
114258,473,489,1072,1,0,11200,0,0,0,15080628,15080628,2951
114273,473,555,1072,1,0,11200,0,0,0,15082676,15082676,2951
114289,473,614,1072,1,0,11200,0,0,0,15084536,15084536,2951
114304,473,686,1072,1,0,11200,0,0,0,15086615,15086615,2951
114319,473,752,1072,1,0,11200,0,0,0,15088443,15088443,2951
114334,473,819,1072,1,0,11200,0,0,0,15090234,15090234,2951
114349,473,887,1072,1,0,11200,0,0,0,15092150,15092150,2951
114365,473,960,1072,1,0,11200,0,0,0,15094173,15094173,2951
114380,473,1021,1072,1,0,11200,0,0,0,15095933,15095933,2951
114396,474,19,1073,2,0,11200,0,0,0,15097945,15097945,2951
114411,474,111,1073,2,0,11200,0,0,0,15099936,15099936,2951
114426,474,171,1073,2,0,11200,0,0,0,15102551,15102551,2951
114441,474,227,1073,2,0,11200,0,0,0,15104539,15104539,2951
114456,474,286,1073,2,0,11200,0,0,0,15106945,15106945,2951
114471,474,367,1073,2,0,11200,0,0,0,15108944,15108944,2951
114487,474,423,1073,2,0,11200,0,0,0,15110856,15110856,2951
114502,474,489,1073,2,0,11200,0,0,0,15112843,15112843,2951
114517,474,552,1073,2,0,11200,0,0,0,15115012,15115012,2951
114532,474,590,1073,2,0,11200,0,0,0,15116315,15116315,2951
114547,474,642,1073,2,0,11200,0,0,0,15118285,15118285,2951
114562,474,699,1073,2,0,11200,0,0,0,15120302,15120302,2951
114578,474,784,1073,2,0,11200,0,0,0,15122214,15122214,2951
114594,474,862,1073,2,0,11200,0,0,0,15123898,15123898,2951
114609,474,901,1073,2,0,11200,0,0,0,15125498,15125498,2951
114624,474,979,1073,2,0,11200,0,0,0,15127595,15127595,2951
114640,474,1018,1073,2,0,11200,0,0,0,15129266,15129266,2951
114655,475,30,1073,2,0,11200,0,0,0,15131633,15131633,2951
114670,475,128,1073,2,0,11200,0,0,0,15133932,15133932,2951
114685,475,178,1073,2,0,11200,0,0,0,15136292,15136292,2951
114701,475,230,1073,2,0,11200,0,0,0,15138325,15138325,2951
114716,475,279,1073,2,0,11200,0,0,0,15140589,15140589,2951
114731,475,345,1073,2,0,11200,0,0,0,15142709,15142709,2951
114747,475,401,1073,2,0,11200,0,0,0,15144561,15144561,2951
114762,475,464,1073,2,0,11200,0,0,0,15146421,15146421,2951
114777,475,515,1073,2,0,11200,0,0,0,15148548,15148548,2951
114793,475,554,1073,2,0,11200,0,0,0,15149878,15149878,2951
114808,475,614,1073,2,0,11200,0,0,0,15151835,15151835,2951
114823,475,666,1073,2,0,11200,0,0,0,15153701,15153701,2951
114839,475,735,1073,2,0,11200,0,0,0,15155552,15155552,2951
114854,475,820,1073,2,0,11200,0,0,0,15157231,15157231,2951
114869,475,885,1073,2,0,11200,0,0,0,15158760,15158760,2951
114885,475,915,1073,2,0,11200,0,0,0,15159772,15159772,2951
114900,475,985,1073,2,0,11200,0,0,0,15161277,15161277,2951
114915,475,1021,1073,2,0,11200,0,0,0,15162644,15162644,2951
114931,476,1067,1073,2,0,11200,0,0,0,15164055,15164055,2951
114947,476,46,1073,2,0,11200,0,0,0,15165969,15165969,2951
114962,476,126,1073,2,0,11200,0,0,0,15167606,15167606,2951
114977,476,173,1073,2,0,11200,0,0,0,15169146,15169146,2951
114992,476,209,1073,2,0,11200,0,0,0,15170764,15170764,2951
115008,476,246,1073,2,0,11200,0,0,0,15172467,15172467,2951
115023,476,290,1073,2,0,11200,0,0,0,15174170,15174170,2951
115038,476,335,1073,2,0,11200,0,0,0,15175764,15175764,2951
115054,476,380,1073,2,0,11200,0,0,0,15177220,15177220,2951
115069,476,420,1073,2,0,11200,0,0,0,15178768,15178768,2951
115084,476,468,1073,2,0,11200,0,0,0,15180246,15180246,2951
115099,476,503,1073,2,0,11200,0,0,0,15181802,15181802,2951
115114,476,548,1073,2,0,11200,0,0,0,15183125,15183125,2951
115129,476,592,1073,2,0,11200,0,0,0,15184455,15184455,2951
115145,476,643,1073,2,0,11200,0,0,0,15186050,15186050,2951
115160,476,688,1073,2,0,11200,0,0,0,15187557,15187557,2951
115175,476,733,1073,2,0,11200,0,0,0,15188864,15188864,2951
115191,476,799,1073,2,0,11200,0,0,0,15190382,15190382,2951
115207,476,866,1073,2,0,11200,0,0,0,15191890,15191890,2951
115222,476,899,1073,2,0,11200,0,0,0,15193256,15193256,2951
115237,476,951,1073,2,0,11200,0,0,0,15194798,15194798,2951
115253,476,1006,1073,2,0,11200,0,0,0,15196181,15196181,2951
115268,477,1052,1073,2,0,11200,0,0,0,15197372,15197372,2951
115283,477,24,1073,1,0,11200,0,0,0,15198914,15198914,2951
115298,477,127,1073,1,0,11200,0,0,0,15200918,15200918,2951
115314,477,150,1073,1,0,11200,0,0,0,15202011,15202011,2951
115330,477,183,1073,1,0,11200,0,0,0,15203144,15203144,2951
115345,477,203,1073,1,0,11200,0,0,0,15204049,15204049,2951
115361,477,230,1073,1,0,11200,0,0,0,15205067,15205067,2951
115376,477,252,1073,1,0,11200,0,0,0,15206151,15206151,2951
115392,477,290,1073,1,0,11200,0,0,0,15207314,15207314,2951
115408,477,330,1073,1,0,11200,0,0,0,15208407,15208407,2951
115423,477,362,1073,1,0,11200,0,0,0,15209481,15209481,2951
115439,477,394,1073,1,0,11200,0,0,0,15210521,15210521,2951
115454,477,431,1073,1,0,11200,0,0,0,15211547,15211547,2951
115470,477,454,1073,1,0,11200,0,0,0,15212503,15212503,2951
115487,477,497,1073,1,0,11200,0,0,0,15213585,15213585,2951
115502,477,523,1073,1,0,11200,0,0,0,15214591,15214591,2951
115517,477,545,1073,1,0,11200,0,0,0,15215519,15215519,2951
115533,477,579,1073,1,0,11200,0,0,0,15216549,15216549,2951
115548,477,611,1073,1,0,11200,0,0,0,15217599,15217599,2951
115564,477,645,1073,1,0,11200,0,0,0,15218651,15218651,2951
115581,477,688,1073,1,0,11200,0,0,0,15219789,15219789,2951
115596,477,708,1073,1,0,11200,0,0,0,15220730,15220730,2951
115612,477,763,1073,1,0,11200,0,0,0,15221685,15221685,2951
115628,477,799,1073,1,0,11200,0,0,0,15222537,15222537,2951
115644,477,845,1073,1,0,11200,0,0,0,15223566,15223566,2951
115660,477,881,1073,1,0,11200,0,0,0,15224526,15224526,2951
115676,477,890,1073,1,0,11200,0,0,0,15224970,15224970,2951
115691,477,915,1073,1,0,11200,0,0,0,15225903,15225903,2951
115706,477,951,1073,1,0,11200,0,0,0,15226868,15226868,2951
115722,477,998,1073,1,0,11200,0,0,0,15227834,15227834,2951
115737,478,1033,1073,1,0,11200,0,0,0,15228792,15228792,2951
115753,478,1068,1073,1,0,11200,0,0,0,15229729,15229729,2951
115768,478,26,1073,1,0,11200,0,0,0,15230998,15230998,2951
115783,478,59,1073,1,0,11200,0,0,0,15231854,15231854,2951
115799,478,130,1073,1,0,11200,0,0,0,15233112,15233112,2951
115815,478,164,1073,1,0,11200,0,0,0,15234342,15234342,2951
115830,478,183,1073,1,0,11200,0,0,0,15235345,15235345,2951
115845,478,215,1073,1,0,11200,0,0,0,15236380,15236380,2951
115860,478,234,1073,1,0,11200,0,0,0,15237294,15237294,2951
115876,478,262,1073,1,0,11200,0,0,0,15238355,15238355,2951
115892,478,303,1073,1,0,11200,0,0,0,15239458,15239458,2951
115907,478,337,1073,1,0,11200,0,0,0,15240536,15240536,2951
115923,478,378,1073,1,0,11200,0,0,0,15241598,15241598,2951
115938,478,415,1073,1,0,11200,0,0,0,15242583,15242583,2951
115954,478,438,1073,1,0,11200,0,0,0,15243423,15243423,2951
115969,478,468,1073,1,0,11200,0,0,0,15244434,15244434,2951
115985,478,495,1073,1,0,11200,0,0,0,15245380,15245380,2951
116001,478,517,1073,1,0,11200,0,0,0,15246415,15246415,2951
116017,478,553,1073,1,0,11200,0,0,0,15247345,15247345,2951
116033,478,577,1073,1,0,11200,0,0,0,15248368,15248368,2951
116049,478,614,1073,1,0,11200,0,0,0,15249369,15249369,2951
116065,478,635,1073,1,0,11200,0,0,0,15250346,15250346,2951
116080,478,671,1073,1,0,11200,0,0,0,15251270,15251270,2951
116095,478,698,1073,1,0,11200,0,0,0,15252115,15252115,2951
116111,478,719,1073,1,0,11200,0,0,0,15253005,15253005,2951
116126,478,755,1073,1,0,11200,0,0,0,15253949,15253949,2951
116142,478,794,1073,1,0,11200,0,0,0,15254854,15254854,2951
116158,478,844,1073,1,0,11200,0,0,0,15255805,15255805,2951
116173,478,876,1073,1,0,11200,0,0,0,15256685,15256685,2951
116189,478,894,1073,1,0,11200,0,0,0,15257602,15257602,2951
116204,478,924,1073,1,0,11200,0,0,0,15258585,15258585,2951
116219,478,987,1073,1,0,11200,0,0,0,15259579,15259579,2951
116235,478,1018,1073,1,0,11200,0,0,0,15260584,15260584,2951
116250,479,1053,1073,1,0,11200,0,0,0,15261517,15261517,2951
116266,479,8,1073,1,0,11200,0,0,0,15262471,15262471,2951
116281,479,37,1073,1,0,11200,0,0,0,15263611,15263611,2951
116297,479,67,1073,1,0,11200,0,0,0,15264441,15264441,2951
116312,479,118,1073,1,0,11200,0,0,0,15265455,15265455,2951
116328,479,142,1073,1,0,11200,0,0,0,15266647,15266647,2951
116344,479,166,1073,1,0,11200,0,0,0,15267608,15267608,2951
116359,479,186,1073,1,0,11200,0,0,0,15268643,15268643,2951
116375,479,221,1073,1,0,11200,0,0,0,15269836,15269836,2951
116391,479,243,1073,1,0,11200,0,0,0,15270990,15270990,2951
116406,479,266,1073,1,0,11200,0,0,0,15271803,15271803,2951
116421,479,312,1073,1,0,11200,0,0,0,15272862,15272862,2951
116437,479,345,1073,1,0,11200,0,0,0,15273867,15273867,2951
116452,479,385,1073,1,0,11200,0,0,0,15274865,15274865,2951
116468,479,427,1073,1,0,11200,0,0,0,15275898,15275898,2951
116484,479,456,1073,1,0,11200,0,0,0,15276920,15276920,2951
116499,479,482,1073,1,0,11200,0,0,0,15277882,15277882,2951
116515,479,511,1073,1,0,11200,0,0,0,15278938,15278938,2951
116531,479,545,1073,1,0,11200,0,0,0,15279980,15279980,2951
116547,479,571,1073,1,0,11200,0,0,0,15281070,15281070,2951
116562,479,607,1073,1,0,11200,0,0,0,15282043,15282043,2951
116577,479,622,1073,1,0,11200,0,0,0,15282975,15282975,2951
116593,479,654,1073,1,0,11200,0,0,0,15284093,15284093,2951
116609,479,692,1073,1,0,11200,0,0,0,15284994,15284994,2951
116624,479,719,1073,1,0,11200,0,0,0,15285961,15285961,2951
116640,479,768,1073,1,0,11200,0,0,0,15286995,15286995,2951
116656,479,791,1073,1,0,11200,0,0,0,15287876,15287876,2951
116671,479,822,1073,1,0,11200,0,0,0,15288732,15288732,2951
116687,479,862,1073,1,0,11200,0,0,0,15289703,15289703,2951
116702,479,888,1073,1,0,11200,0,0,0,15290544,15290544,2951
116718,479,918,1073,1,0,11200,0,0,0,15291638,15291638,2951
116733,479,948,1073,1,0,11200,0,0,0,15292655,15292655,2951
116748,479,993,1073,1,0,11200,0,0,0,15293678,15293678,2951
116763,479,1015,1073,1,0,11200,0,0,0,15294629,15294629,2951
116778,480,1037,1074,2,0,11200,0,0,0,15295461,15295461,2951
116794,480,7,1074,2,0,11200,0,0,0,15296493,15296493,2951
116810,480,29,1074,2,0,11200,0,0,0,15297731,15297731,2951
116826,480,87,1074,2,0,11200,0,0,0,15298648,15298648,2951
116842,480,119,1074,2,0,11200,0,0,0,15299722,15299722,2951
116858,480,141,1074,2,0,11200,0,0,0,15300903,15300903,2951
116873,480,171,1074,2,0,11200,0,0,0,15301921,15301921,2951
116889,480,208,1074,2,0,11200,0,0,0,15302980,15302980,2951
116904,480,232,1074,2,0,11200,0,0,0,15303970,15303970,2951
116920,480,265,1074,2,0,11200,0,0,0,15305048,15305048,2951
116936,480,312,1074,2,0,11200,0,0,0,15306263,15306263,2951
116952,480,343,1074,2,0,11200,0,0,0,15307349,15307349,2951
116967,480,377,1074,2,0,11200,0,0,0,15308408,15308408,2951
116984,480,410,1074,2,0,11200,0,0,0,15309442,15309442,2951
116999,480,439,1074,2,0,11200,0,0,0,15310429,15310429,2951
117015,480,470,1074,2,0,11200,0,0,0,15311418,15311418,2951
117030,480,501,1074,2,0,11200,0,0,0,15312418,15312418,2951
117046,480,523,1074,2,0,11200,0,0,0,15313271,15313271,2951
117061,480,554,1074,2,0,11200,0,0,0,15314198,15314198,2951
117077,480,591,1074,2,0,11200,0,0,0,15315207,15315207,2951
117093,480,619,1074,2,0,11200,0,0,0,15316248,15316248,2951
117108,480,652,1074,2,0,11200,0,0,0,15317371,15317371,2951
117124,480,689,1074,2,0,11200,0,0,0,15318309,15318309,2951
117139,480,719,1074,2,0,11200,0,0,0,15319273,15319273,2951
117154,480,755,1074,2,0,11200,0,0,0,15320181,15320181,2951
117169,480,791,1074,2,0,11200,0,0,0,15320962,15320962,2951
117184,480,834,1074,2,0,11200,0,0,0,15321889,15321889,2951
117200,480,869,1074,2,0,11200,0,0,0,15322745,15322745,2951
117216,480,895,1074,2,0,11200,0,0,0,15323673,15323673,2951
117233,480,928,1074,2,0,11200,0,0,0,15324757,15324757,2951
117248,480,976,1074,2,0,11200,0,0,0,15325788,15325788,2951
117264,480,1006,1074,2,0,11200,0,0,0,15326847,15326847,2951
117279,481,1037,1074,2,0,11200,0,0,0,15327761,15327761,2951
117295,481,3,1074,2,0,11200,0,0,0,15328754,15328754,2951
117310,481,28,1074,2,0,11200,0,0,0,15329950,15329950,2951
117327,481,78,1074,2,0,11200,0,0,0,15330898,15330898,2951
117342,481,116,1074,2,0,11200,0,0,0,15332047,15332047,2951
117357,481,143,1074,2,0,11200,0,0,0,15333323,15333323,2951
117372,481,175,1074,2,0,11200,0,0,0,15334381,15334381,2951
117387,481,203,1074,2,0,11200,0,0,0,15335358,15335358,2951
117402,481,225,1074,2,0,11200,0,0,0,15336338,15336338,2951
117418,481,249,1074,2,0,11200,0,0,0,15337492,15337492,2951
117434,481,276,1074,2,0,11200,0,0,0,15338587,15338587,2951
117449,481,319,1074,2,0,11200,0,0,0,15339546,15339546,2951
117464,481,357,1074,2,0,11200,0,0,0,15340629,15340629,2951
117480,481,383,1074,2,0,11200,0,0,0,15341519,15341519,2951
117495,481,418,1074,2,0,11200,0,0,0,15342583,15342583,2951
117510,481,452,1074,2,0,11200,0,0,0,15343613,15343613,2951
117526,481,498,1074,2,0,11200,0,0,0,15344602,15344602,2951
117542,481,523,1074,2,0,11200,0,0,0,15345711,15345711,2951
117558,481,553,1074,2,0,11200,0,0,0,15346650,15346650,2951
117573,481,579,1074,2,0,11200,0,0,0,15347648,15347648,2951
117589,481,603,1074,2,0,11200,0,0,0,15348698,15348698,2951
117604,481,620,1074,2,0,11200,0,0,0,15349666,15349666,2951
117620,481,653,1074,2,0,11200,0,0,0,15350737,15350737,2951
117637,481,689,1074,2,0,11200,0,0,0,15351893,15351893,2951
117654,481,727,1074,2,0,11200,0,0,0,15352887,15352887,2951
117669,481,770,1074,2,0,11200,0,0,0,15353854,15353854,2951
117685,481,802,1074,2,0,11200,0,0,0,15354875,15354875,2951
117701,481,845,1074,2,0,11200,0,0,0,15355817,15355817,2951
117717,481,888,1074,2,0,11200,0,0,0,15356748,15356748,2951
117733,481,921,1074,2,0,11200,0,0,0,15357774,15357774,2951
117748,481,951,1074,2,0,11200,0,0,0,15358855,15358855,2951
117764,481,998,1074,2,0,11200,0,0,0,15359864,15359864,2951
117780,482,1032,1074,2,0,11200,0,0,0,15360962,15360962,2951
117796,482,1067,1074,2,0,11200,0,0,0,15361900,15361900,2951
117811,482,23,1074,2,0,11200,0,0,0,15363001,15363001,2951
117826,482,65,1074,2,0,11200,0,0,0,15363891,15363891,2951
117842,482,121,1074,2,0,11200,0,0,0,15365027,15365027,2951
117857,482,145,1074,2,0,11200,0,0,0,15366358,15366358,2951
117873,482,174,1074,2,0,11200,0,0,0,15367417,15367417,2951
117888,482,199,1074,2,0,11200,0,0,0,15368483,15368483,2951
117905,482,217,1074,2,0,11200,0,0,0,15369619,15369619,2951
117920,482,232,1074,2,0,11200,0,0,0,15370559,15370559,2951
117936,482,261,1074,2,0,11200,0,0,0,15371660,15371660,2951
117952,482,290,1074,2,0,11200,0,0,0,15372728,15372728,2951
117969,482,326,1074,2,0,11200,0,0,0,15373787,15373787,2951
117985,482,366,1074,2,0,11200,0,0,0,15374894,15374894,2951
118000,482,401,1074,2,0,11200,0,0,0,15375870,15375870,2951
118015,482,433,1074,2,0,11200,0,0,0,15376927,15376927,2951
118031,482,456,1074,2,0,11200,0,0,0,15377867,15377867,2951
118046,482,474,1074,2,0,11200,0,0,0,15378821,15378821,2951
118062,482,506,1074,2,0,11200,0,0,0,15379766,15379766,2951
118077,482,526,1074,2,0,11200,0,0,0,15380770,15380770,2951
118092,482,553,1074,2,0,11200,0,0,0,15381640,15381640,2951
118108,482,585,1074,2,0,11200,0,0,0,15382729,15382729,2951
118123,482,620,1074,2,0,11200,0,0,0,15383695,15383695,2951
118139,482,651,1074,2,0,11200,0,0,0,15384686,15384686,2951
118154,482,692,1074,2,0,11200,0,0,0,15385668,15385668,2951
118170,482,725,1074,2,0,11200,0,0,0,15386658,15386658,2951
118185,482,767,1074,2,0,11200,0,0,0,15387596,15387596,2951
118201,482,792,1074,2,0,11200,0,0,0,15388529,15388529,2951
118216,482,845,1074,2,0,11200,0,0,0,15389422,15389422,2951
118231,482,882,1074,2,0,11200,0,0,0,15390355,15390355,2951
118247,482,902,1074,2,0,11200,0,0,0,15391242,15391242,2951
118262,482,948,1074,2,0,11200,0,0,0,15392258,15392258,2951
118278,482,987,1074,2,0,11200,0,0,0,15393205,15393205,2951
118294,482,1006,1074,2,0,11200,0,0,0,15394113,15394113,2951
118310,483,1037,1074,2,0,11200,0,0,0,15395018,15395018,2951
118327,483,7,1074,2,0,11200,0,0,0,15396156,15396156,2951
118343,483,42,1074,2,0,11200,0,0,0,15397437,15397437,2951
118358,483,87,1074,2,0,11200,0,0,0,15398350,15398350,2951
118374,483,130,1074,2,0,11200,0,0,0,15399769,15399769,2951
118390,483,159,1074,2,0,11200,0,0,0,15400894,15400894,2951
118406,483,184,1074,2,0,11200,0,0,0,15401999,15401999,2951
118422,483,213,1074,2,0,11200,0,0,0,15403102,15403102,2951
118439,483,227,1074,2,0,11200,0,0,0,15404082,15404082,2951
118454,483,252,1074,2,0,11200,0,0,0,15405128,15405128,2951
118470,483,284,1074,2,0,11200,0,0,0,15406251,15406251,2951
118486,483,333,1074,2,0,11200,0,0,0,15407359,15407359,2951
118503,483,366,1074,2,0,11200,0,0,0,15408272,15408272,2951
118518,483,394,1074,2,0,11200,0,0,0,15409237,15409237,2951
118533,483,429,1074,2,0,11200,0,0,0,15410226,15410226,2951
118548,483,461,1074,2,0,11200,0,0,0,15411303,15411303,2951
118564,483,497,1074,2,0,11200,0,0,0,15412276,15412276,2951
118579,483,525,1074,2,0,11200,0,0,0,15413322,15413322,2951
118594,483,555,1074,2,0,11200,0,0,0,15414288,15414288,2951
118610,483,583,1074,2,0,11200,0,0,0,15415263,15415263,2951
118626,483,615,1074,2,0,11200,0,0,0,15416300,15416300,2951
118641,483,646,1074,2,0,11200,0,0,0,15417237,15417237,2951
118657,483,686,1074,2,0,11200,0,0,0,15418249,15418249,2951
118674,483,724,1074,2,0,11200,0,0,0,15419318,15419318,2951
118690,483,755,1074,2,0,11200,0,0,0,15420243,15420243,2951
118705,483,794,1074,2,0,11200,0,0,0,15421161,15421161,2951
118721,483,845,1074,2,0,11200,0,0,0,15422264,15422264,2951
118739,483,875,1074,2,0,11200,0,0,0,15423245,15423245,2951
118754,483,895,1074,2,0,11200,0,0,0,15424103,15424103,2951
118770,483,924,1074,2,0,11200,0,0,0,15425149,15425149,2951
118786,483,960,1074,2,0,11200,0,0,0,15426203,15426203,2951
118802,483,996,1074,2,0,11200,0,0,0,15427144,15427144,2951
118817,483,1023,1074,2,0,11200,0,0,0,15428073,15428073,2951
118832,484,4,1074,2,0,11200,0,0,0,15429079,15429079,2951
118848,484,26,1074,2,0,11200,0,0,0,15430225,15430225,2951
118864,484,66,1074,2,0,11200,0,0,0,15431195,15431195,2951
118880,484,117,1074,2,0,11200,0,0,0,15432300,15432300,2951
118897,484,141,1074,2,0,11200,0,0,0,15433604,15433604,2951
118913,484,169,1074,2,0,11200,0,0,0,15434694,15434694,2951
118928,484,201,1074,2,0,11200,0,0,0,15435763,15435763,2951
118943,484,229,1074,2,0,11200,0,0,0,15436779,15436779,2951
118959,484,259,1074,2,0,11200,0,0,0,15437805,15437805,2951
118975,484,297,1074,2,0,11200,0,0,0,15438818,15438818,2951
118990,484,327,1074,2,0,11200,0,0,0,15439821,15439821,2951
119005,484,349,1074,2,0,11200,0,0,0,15440809,15440809,2951
119022,484,383,1074,2,0,11200,0,0,0,15441766,15441766,2951
119037,484,412,1074,2,0,11200,0,0,0,15442871,15442871,2951
119053,484,442,1074,2,0,11200,0,0,0,15443777,15443777,2951
119068,484,468,1074,2,0,11200,0,0,0,15444675,15444675,2951
119084,484,492,1074,2,0,11200,0,0,0,15445590,15445590,2951
119099,484,517,1074,2,0,11200,0,0,0,15446607,15446607,2951
119115,484,537,1074,2,0,11200,0,0,0,15447473,15447473,2951
119131,484,568,1074,2,0,11200,0,0,0,15448495,15448495,2951
119146,484,604,1074,2,0,11200,0,0,0,15449499,15449499,2951
119161,484,630,1074,2,0,11200,0,0,0,15450544,15450544,2951
119177,484,666,1074,2,0,11200,0,0,0,15451556,15451556,2951
119192,484,693,1074,2,0,11200,0,0,0,15452635,15452635,2951
119208,484,724,1074,2,0,11200,0,0,0,15453595,15453595,2951
119223,484,767,1074,2,0,11200,0,0,0,15454551,15454551,2951
119239,484,798,1074,2,0,11200,0,0,0,15455512,15455512,2951
119255,484,844,1074,2,0,11200,0,0,0,15456516,15456516,2951
119270,484,877,1074,2,0,11200,0,0,0,15457407,15457407,2951
119286,484,901,1074,2,0,11200,0,0,0,15458396,15458396,2951
119301,484,951,1074,2,0,11200,0,0,0,15459424,15459424,2951
119316,484,993,1074,2,0,11200,0,0,0,15460393,15460393,2951
119334,484,1015,1074,2,0,11200,0,0,0,15461452,15461452,2951
119349,485,1053,1074,2,0,11200,0,0,0,15462334,15462334,2951
119366,485,7,1074,1,0,11200,0,0,0,15463423,15463423,2951
119381,485,32,1074,1,0,11200,0,0,0,15464647,15464647,2951
119397,485,70,1074,1,0,11200,0,0,0,15465536,15465536,2951
119412,485,117,1074,1,0,11200,0,0,0,15466673,15466673,2951
119427,485,143,1074,1,0,11200,0,0,0,15467900,15467900,2951
119443,485,174,1074,1,0,11200,0,0,0,15468970,15468970,2951
119458,485,200,1074,1,0,11200,0,0,0,15469951,15469951,2951
119473,485,226,1074,1,0,11200,0,0,0,15471063,15471063,2951
119489,485,249,1074,1,0,11200,0,0,0,15472250,15472250,2951
119505,485,276,1074,1,0,11200,0,0,0,15473228,15473228,2951
119521,485,312,1074,1,0,11200,0,0,0,15474354,15474354,2951
119536,485,357,1074,1,0,11200,0,0,0,15475401,15475401,2951
119553,485,381,1074,1,0,11200,0,0,0,15476286,15476286,2951
119568,485,414,1074,1,0,11200,0,0,0,15477397,15477397,2951
119584,485,451,1074,1,0,11200,0,0,0,15478488,15478488,2951
119600,485,473,1074,1,0,11200,0,0,0,15479414,15479414,2951
119616,485,509,1074,1,0,11200,0,0,0,15480510,15480510,2951
119631,485,533,1074,1,0,11200,0,0,0,15481555,15481555,2951
119646,485,561,1074,1,0,11200,0,0,0,15482511,15482511,2951
119662,485,592,1074,1,0,11200,0,0,0,15483523,15483523,2951
119678,485,617,1074,1,0,11200,0,0,0,15484506,15484506,2951
119693,485,653,1074,1,0,11200,0,0,0,15485568,15485568,2951
119710,485,697,1074,1,0,11200,0,0,0,15486526,15486526,2951
119726,485,731,1074,1,0,11200,0,0,0,15487494,15487494,2951
119741,485,784,1074,1,0,11200,0,0,0,15488433,15488433,2951
119757,485,826,1074,1,0,11200,0,0,0,15489438,15489438,2951
119773,485,869,1074,1,0,11200,0,0,0,15490430,15490430,2951
119790,485,893,1074,1,0,11200,0,0,0,15491433,15491433,2951
119806,485,924,1074,1,0,11200,0,0,0,15492426,15492426,2951
119821,485,963,1074,1,0,11200,0,0,0,15493479,15493479,2951
119837,485,1003,1074,1,0,11200,0,0,0,15494530,15494530,2951
119852,486,1037,1074,1,0,11200,0,0,0,15495464,15495464,2951
119867,486,7,1074,1,0,11200,0,0,0,15496466,15496466,2951
119883,486,29,1074,1,0,11200,0,0,0,15497679,15497679,2951
119899,486,78,1074,1,0,11200,0,0,0,15498585,15498585,2951
119914,486,127,1074,1,0,11200,0,0,0,15499762,15499762,2951
119930,486,164,1074,1,0,11200,0,0,0,15500854,15500854,2951
119946,486,186,1074,1,0,11200,0,0,0,15501876,15501876,2951
119961,486,213,1074,1,0,11200,0,0,0,15502862,15502862,2951
119977,486,235,1074,1,0,11200,0,0,0,15503854,15503854,2951
119992,486,264,1074,1,0,11200,0,0,0,15504983,15504983,2951
120009,486,305,1074,1,0,11200,0,0,0,15506305,15506305,2951
120024,486,346,1074,1,0,11200,0,0,0,15507378,15507378,2951
120040,486,382,1074,1,0,11200,0,0,0,15508302,15508302,2951
120055,486,420,1074,1,0,11200,0,0,0,15509192,15509192,2951
120070,486,451,1074,1,0,11200,0,0,0,15510102,15510102,2951
120087,486,479,1074,1,0,11200,0,0,0,15511060,15511060,2951
120103,486,513,1074,1,0,11200,0,0,0,15512213,15512213,2951
120119,486,537,1074,1,0,11200,0,0,0,15513235,15513235,2951
120135,486,571,1074,1,0,11200,0,0,0,15514104,15514104,2951
120150,486,599,1074,1,0,11200,0,0,0,15515227,15515227,2951
120166,486,621,1074,1,0,11200,0,0,0,15516252,15516252,2951
120181,486,652,1074,1,0,11200,0,0,0,15517258,15517258,2951
120197,486,691,1074,1,0,11200,0,0,0,15518236,15518236,2951
120212,486,716,1074,1,0,11200,0,0,0,15519178,15519178,2951
120227,486,755,1074,1,0,11200,0,0,0,15520159,15520159,2951
120242,486,799,1074,1,0,11200,0,0,0,15520998,15520998,2951
120258,486,845,1074,1,0,11200,0,0,0,15522003,15522003,2951
120274,486,876,1074,1,0,11200,0,0,0,15522920,15522920,2951
120289,486,904,1074,1,0,11200,0,0,0,15523917,15523917,2951
120305,486,946,1074,1,0,11200,0,0,0,15525017,15525017,2951
120320,486,989,1074,1,0,11200,0,0,0,15526014,15526014,2951
120336,486,1013,1074,1,0,11200,0,0,0,15526966,15526966,2951
120351,487,1050,1074,1,0,11200,0,0,0,15527896,15527896,2951
120367,487,18,1074,1,0,11200,0,0,0,15529083,15529083,2951
120384,487,59,1074,1,0,11200,0,0,0,15530142,15530142,2951
120400,487,111,1074,1,0,11200,0,0,0,15531210,15531210,2951
120416,487,138,1074,1,0,11200,0,0,0,15532568,15532568,2951
120432,487,167,1074,1,0,11200,0,0,0,15533595,15533595,2951
120449,487,196,1074,1,0,11200,0,0,0,15534618,15534618,2951
120465,487,222,1074,1,0,11200,0,0,0,15535741,15535741,2951
120480,487,247,1074,1,0,11200,0,0,0,15536756,15536756,2951
120496,487,266,1074,1,0,11200,0,0,0,15537717,15537717,2951
120512,487,310,1074,1,0,11200,0,0,0,15538809,15538809,2951
120527,487,357,1074,1,0,11200,0,0,0,15539910,15539910,2951
120543,487,382,1074,1,0,11200,0,0,0,15540813,15540813,2951
120559,487,419,1074,1,0,11200,0,0,0,15541881,15541881,2951
120575,487,450,1074,1,0,11200,0,0,0,15542903,15542903,2951
120591,487,470,1074,1,0,11200,0,0,0,15543925,15543925,2951
120606,487,500,1074,1,0,11200,0,0,0,15544909,15544909,2951
120622,487,532,1074,1,0,11200,0,0,0,15545978,15545978,2951
120638,487,564,1074,1,0,11200,0,0,0,15546980,15546980,2951
120654,487,596,1074,1,0,11200,0,0,0,15548028,15548028,2951
120669,487,622,1074,1,0,11200,0,0,0,15549019,15549019,2951
120685,487,664,1074,1,0,11200,0,0,0,15550074,15550074,2951
120701,487,702,1074,1,0,11200,0,0,0,15551025,15551025,2951
120716,487,732,1074,1,0,11200,0,0,0,15551926,15551926,2951
120733,487,777,1074,1,0,11200,0,0,0,15552952,15552952,2951
120748,487,818,1074,1,0,11200,0,0,0,15553871,15553871,2951
120763,487,856,1074,1,0,11200,0,0,0,15554822,15554822,2951
120778,487,889,1074,1,0,11200,0,0,0,15555716,15555716,2951
120797,487,916,1074,1,0,11200,0,0,0,15556808,15556808,2951
120813,487,961,1074,1,0,11200,0,0,0,15557841,15557841,2951
120829,487,1005,1074,1,0,11200,0,0,0,15558830,15558830,2951
120844,488,1035,1074,1,0,11200,0,0,0,15559894,15559894,2951
120859,488,1072,1074,1,0,11200,0,0,0,15560754,15560754,2951
120875,488,23,1074,1,0,11200,0,0,0,15562021,15562021,2951
120890,488,78,1074,1,0,11200,0,0,0,15562924,15562924,2951
120905,488,117,1074,1,0,11200,0,0,0,15564068,15564068,2951
120920,488,143,1074,1,0,11200,0,0,0,15565336,15565336,2951
120936,488,172,1074,1,0,11200,0,0,0,15566432,15566432,2951
120952,488,199,1074,1,0,11200,0,0,0,15567410,15567410,2951
120968,488,226,1074,1,0,11200,0,0,0,15568483,15568483,2951
120984,488,252,1074,1,0,11200,0,0,0,15569580,15569580,2951
120999,488,297,1074,1,0,11200,0,0,0,15570616,15570616,2951
121014,488,328,1074,1,0,11200,0,0,0,15571521,15571521,2951
121030,488,366,1074,1,0,11200,0,0,0,15572434,15572434,2951
121046,488,393,1074,1,0,11200,0,0,0,15573369,15573369,2951
121061,488,423,1074,1,0,11200,0,0,0,15574288,15574288,2951
121078,488,458,1074,1,0,11200,0,0,0,15575307,15575307,2951
121094,488,479,1074,1,0,11200,0,0,0,15576363,15576363,2951
121109,488,510,1074,1,0,11200,0,0,0,15577429,15577429,2951
121125,488,531,1074,1,0,11200,0,0,0,15578355,15578355,2951
121140,488,564,1074,1,0,11200,0,0,0,15579325,15579325,2951
121156,488,596,1074,1,0,11200,0,0,0,15580337,15580337,2951
121172,488,621,1074,1,0,11200,0,0,0,15581353,15581353,2951
121188,488,662,1074,1,0,11200,0,0,0,15582404,15582404,2951
121203,488,695,1074,1,0,11200,0,0,0,15583405,15583405,2951
121219,488,719,1074,1,0,11200,0,0,0,15584287,15584287,2951
121235,488,755,1074,1,0,11200,0,0,0,15585236,15585236,2951
121250,488,785,1074,1,0,11200,0,0,0,15586176,15586176,2951
121265,488,824,1074,1,0,11200,0,0,0,15587172,15587172,2951
121280,488,870,1074,1,0,11200,0,0,0,15588125,15588125,2951
121296,488,901,1074,1,0,11200,0,0,0,15589006,15589006,2951
121312,488,939,1074,1,0,11200,0,0,0,15590074,15590074,2951
121327,488,980,1074,1,0,11200,0,0,0,15591111,15591111,2951
121343,488,1009,1074,1,0,11200,0,0,0,15592065,15592065,2951
121358,489,1045,1074,1,0,11200,0,0,0,15593018,15593018,2951
121373,489,4,1074,1,0,11200,0,0,0,15593990,15593990,2951
121389,489,29,1074,1,0,11200,0,0,0,15595257,15595257,2951
121405,489,83,1074,1,0,11200,0,0,0,15596169,15596169,2951
121420,489,117,1074,1,0,11200,0,0,0,15597306,15597306,2951
121435,489,145,1074,1,0,11200,0,0,0,15598501,15598501,2951
121450,489,172,1074,1,0,11200,0,0,0,15599572,15599572,2951
121465,489,196,1074,1,0,11200,0,0,0,15600540,15600540,2951
121481,489,221,1074,1,0,11200,0,0,0,15601618,15601618,2951
121496,489,250,1074,1,0,11200,0,0,0,15602765,15602765,2951
121512,489,269,1074,1,0,11200,0,0,0,15603768,15603768,2951
121527,489,314,1074,1,0,11200,0,0,0,15604878,15604878,2951
121543,489,349,1074,1,0,11200,0,0,0,15605954,15605954,2951
121559,489,386,1074,1,0,11200,0,0,0,15606955,15606955,2951
121574,489,420,1074,1,0,11200,0,0,0,15607987,15607987,2951
121589,489,452,1074,1,0,11200,0,0,0,15608932,15608932,2951
121605,489,473,1074,1,0,11200,0,0,0,15609831,15609831,2951
121621,489,503,1074,1,0,11200,0,0,0,15610902,15610902,2951
121636,489,528,1074,1,0,11200,0,0,0,15611928,15611928,2951
121651,489,556,1074,1,0,11200,0,0,0,15612873,15612873,2951
121668,489,589,1074,1,0,11200,0,0,0,15613883,15613883,2951
121683,489,611,1074,1,0,11200,0,0,0,15614919,15614919,2951
121699,489,628,1074,1,0,11200,0,0,0,15615791,15615791,2951
121714,489,662,1074,1,0,11200,0,0,0,15616764,15616764,2951
121730,489,699,1074,1,0,11200,0,0,0,15617776,15617776,2951
121746,489,730,1074,1,0,11200,0,0,0,15618668,15618668,2951
121762,489,778,1074,1,0,11200,0,0,0,15619561,15619561,2951
121779,489,805,1074,1,0,11200,0,0,0,15620464,15620464,2951
121794,489,845,1074,1,0,11200,0,0,0,15621416,15621416,2951
121809,489,870,1074,1,0,11200,0,0,0,15622347,15622347,2951
121825,489,898,1074,1,0,11200,0,0,0,15623360,15623360,2951
121840,489,937,1074,1,0,11200,0,0,0,15624348,15624348,2951
121855,489,989,1074,1,0,11200,0,0,0,15625344,15625344,2951
121871,489,1015,1074,1,0,11200,0,0,0,15626312,15626312,2951
121886,490,1053,1074,1,0,11200,0,0,0,15627186,15627186,2951
121902,490,20,1074,1,0,11200,0,0,0,15628486,15628486,2951
121918,490,47,1074,1,0,11200,0,0,0,15629453,15629453,2951
121934,490,115,1074,1,0,11200,0,0,0,15630609,15630609,2951
121949,490,142,1074,1,0,11200,0,0,0,15631934,15631934,2951
121964,490,174,1074,1,0,11200,0,0,0,15632984,15632984,2951
121980,490,209,1074,1,0,11200,0,0,0,15634108,15634108,2951
121996,490,226,1074,1,0,11200,0,0,0,15635146,15635146,2951
122011,490,248,1074,1,0,11200,0,0,0,15636291,15636291,2951
122028,490,264,1074,1,0,11200,0,0,0,15637220,15637220,2951
122044,490,308,1074,1,0,11200,0,0,0,15638477,15638477,2951
122060,490,348,1074,1,0,11200,0,0,0,15639495,15639495,2951
122075,490,385,1074,1,0,11200,0,0,0,15640358,15640358,2951
122090,490,418,1074,1,0,11200,0,0,0,15641381,15641381,2951
122106,490,450,1074,1,0,11200,0,0,0,15642288,15642288,2951
122121,490,474,1074,1,0,11200,0,0,0,15643204,15643204,2951
122137,490,510,1074,1,0,11200,0,0,0,15644168,15644168,2951
122153,490,537,1074,1,0,11200,0,0,0,15645188,15645188,2951
122168,490,573,1074,1,0,11200,0,0,0,15646170,15646170,2951
122184,490,603,1074,1,0,11200,0,0,0,15647126,15647126,2951
122199,490,625,1074,1,0,11200,0,0,0,15648199,15648199,2951
122215,490,669,1074,1,0,11200,0,0,0,15649228,15649228,2951
122230,490,696,1074,1,0,11200,0,0,0,15650088,15650088,2951
122247,490,724,1074,1,0,11200,0,0,0,15651044,15651044,2951
122262,490,770,1074,1,0,11200,0,0,0,15652034,15652034,2951
122277,490,798,1074,1,0,11200,0,0,0,15652890,15652890,2951
122293,490,845,1074,1,0,11200,0,0,0,15653910,15653910,2951
122308,490,882,1074,1,0,11200,0,0,0,15654916,15654916,2951
122324,490,900,1074,1,0,11200,0,0,0,15655851,15655851,2951
122339,490,943,1074,1,0,11200,0,0,0,15656827,15656827,2951
122355,490,985,1074,1,0,11200,0,0,0,15657863,15657863,2951
122372,490,1014,1074,1,0,11200,0,0,0,15658942,15658942,2951
122387,491,1066,1074,1,0,11200,0,0,0,15659933,15659933,2951
122403,491,21,1074,1,0,11200,0,0,0,15661179,15661179,2951
122418,491,46,1074,1,0,11200,0,0,0,15662242,15662242,2951
122433,491,87,1074,1,0,11200,0,0,0,15663047,15663047,2951
122449,491,128,1074,1,0,11200,0,0,0,15664438,15664438,2951
122464,491,159,1074,1,0,11200,0,0,0,15665514,15665514,2951
122481,491,184,1074,1,0,11200,0,0,0,15666665,15666665,2951
122496,491,217,1074,1,0,11200,0,0,0,15667704,15667704,2951
122511,491,248,1074,1,0,11200,0,0,0,15668879,15668879,2951
122528,491,269,1074,1,0,11200,0,0,0,15669844,15669844,2951
122543,491,310,1074,1,0,11200,0,0,0,15670923,15670923,2951
122559,491,345,1074,1,0,11200,0,0,0,15671934,15671934,2951
122575,491,378,1074,1,0,11200,0,0,0,15673039,15673039,2951
122590,491,412,1074,1,0,11200,0,0,0,15673995,15673995,2951
122606,491,447,1074,1,0,11200,0,0,0,15674993,15674993,2951
122621,491,473,1074,1,0,11200,0,0,0,15675975,15675975,2951
122636,491,502,1074,1,0,11200,0,0,0,15676882,15676882,2951
122652,491,526,1074,1,0,11200,0,0,0,15678023,15678023,2951
122669,491,554,1074,1,0,11200,0,0,0,15678989,15678989,2951
122684,491,583,1074,1,0,11200,0,0,0,15680000,15680000,2951
122700,491,611,1074,1,0,11200,0,0,0,15680981,15680981,2951
122715,491,646,1074,1,0,11200,0,0,0,15682021,15682021,2951
122731,491,670,1074,1,0,11200,0,0,0,15683031,15683031,2951
122747,491,707,1074,1,0,11200,0,0,0,15684020,15684020,2951
122763,491,751,1074,1,0,11200,0,0,0,15684938,15684938,2951
122778,491,798,1074,1,0,11200,0,0,0,15685933,15685933,2951
122793,491,838,1074,1,0,11200,0,0,0,15686842,15686842,2951
122809,491,877,1074,1,0,11200,0,0,0,15687820,15687820,2951
122825,491,897,1074,1,0,11200,0,0,0,15688765,15688765,2951
122841,491,929,1074,1,0,11200,0,0,0,15689829,15689829,2951
122857,491,983,1074,1,0,11200,0,0,0,15690880,15690880,2951
122872,491,1009,1074,1,0,11200,0,0,0,15691886,15691886,2951
122888,492,1037,1074,1,0,11200,0,0,0,15692743,15692743,2951
122903,492,10,1074,1,0,11200,0,0,0,15693885,15693885,2951
122920,492,47,1074,1,0,11200,0,0,0,15694854,15694854,2951
122935,492,112,1074,1,0,11200,0,0,0,15695812,15695812,2951
122951,492,137,1074,1,0,11200,0,0,0,15697102,15697102,2951
122966,492,168,1074,1,0,11200,0,0,0,15698150,15698150,2951
122981,492,195,1074,1,0,11200,0,0,0,15699126,15699126,2951
122996,492,222,1075,2,0,11200,0,0,0,15700140,15700140,2951
123012,492,249,1075,2,0,11200,0,0,0,15701259,15701259,2951
123027,492,288,1075,2,0,11200,0,0,0,15702295,15702295,2951
123043,492,319,1075,2,0,11200,0,0,0,15703381,15703381,2951
123058,492,353,1075,2,0,11200,0,0,0,15704450,15704450,2951
123073,492,386,1075,2,0,11200,0,0,0,15705498,15705498,2951
123089,492,423,1075,2,0,11200,0,0,0,15706626,15706626,2951
123105,492,460,1075,2,0,11200,0,0,0,15707595,15707595,2951
123121,492,486,1075,2,0,11200,0,0,0,15708627,15708627,2951
123137,492,516,1075,2,0,11200,0,0,0,15709671,15709671,2951
123153,492,552,1075,2,0,11200,0,0,0,15710664,15710664,2951
123168,492,579,1075,2,0,11200,0,0,0,15711714,15711714,2951
123184,492,605,1075,2,0,11200,0,0,0,15712647,15712647,2951
123199,492,631,1075,2,0,11200,0,0,0,15713670,15713670,2951
123215,492,664,1075,2,0,11200,0,0,0,15714642,15714642,2951
123230,492,697,1075,2,0,11200,0,0,0,15715649,15715649,2951
123245,492,725,1075,2,0,11200,0,0,0,15716597,15716597,2951
123261,492,770,1075,2,0,11200,0,0,0,15717570,15717570,2951
123276,492,796,1075,2,0,11200,0,0,0,15718413,15718413,2951
123292,492,844,1075,2,0,11200,0,0,0,15719442,15719442,2951
123309,492,875,1075,2,0,11200,0,0,0,15720379,15720379,2951
123324,492,902,1075,2,0,11200,0,0,0,15721354,15721354,2951
123341,492,950,1075,2,0,11200,0,0,0,15722483,15722483,2951
123357,492,998,1075,2,0,11200,0,0,0,15723426,15723426,2951
123372,492,1027,1075,2,0,11200,0,0,0,15724418,15724418,2951
123389,493,3,1075,2,0,11200,0,0,0,15725322,15725322,2951
123404,493,42,1075,2,0,11200,0,0,0,15726389,15726389,2951
123420,493,87,1075,2,0,11200,0,0,0,15727347,15727347,2951
123436,493,129,1075,2,0,11200,0,0,0,15728614,15728614,2951
123452,493,155,1075,2,0,11200,0,0,0,15729690,15729690,2951
123467,493,176,1075,2,0,11200,0,0,0,15730845,15730845,2951
123484,493,201,1075,2,0,11200,0,0,0,15731843,15731843,2951
123500,493,227,1075,2,0,11200,0,0,0,15732919,15732919,2951
123515,493,258,1075,2,0,11200,0,0,0,15734013,15734013,2951
123530,493,282,1075,2,0,11200,0,0,0,15735042,15735042,2951
123546,493,310,1075,2,0,11200,0,0,0,15736068,15736068,2951
123561,493,358,1075,2,0,11200,0,0,0,15737051,15737051,2951
123577,493,393,1075,2,0,11200,0,0,0,15738187,15738187,2951
123592,493,435,1075,2,0,11200,0,0,0,15739111,15739111,2951
123608,493,469,1075,2,0,11200,0,0,0,15740070,15740070,2951
123623,493,499,1075,2,0,11200,0,0,0,15741069,15741069,2951
123639,493,531,1075,2,0,11200,0,0,0,15742158,15742158,2951
123654,493,559,1075,2,0,11200,0,0,0,15743136,15743136,2951
123670,493,591,1075,2,0,11200,0,0,0,15744228,15744228,2951
123686,493,618,1075,2,0,11200,0,0,0,15745229,15745229,2951
123701,493,653,1075,2,0,11200,0,0,0,15746251,15746251,2951
123716,493,686,1075,2,0,11200,0,0,0,15747173,15747173,2951
123732,493,711,1075,2,0,11200,0,0,0,15748080,15748080,2951
123747,493,751,1075,2,0,11200,0,0,0,15749019,15749019,2951
123762,493,799,1075,2,0,11200,0,0,0,15749947,15749947,2951
123778,493,845,1075,2,0,11200,0,0,0,15750744,15750744,2951
123793,493,876,1075,2,0,11200,0,0,0,15751639,15751639,2951
123808,493,894,1075,2,0,11200,0,0,0,15752477,15752477,2951
123824,493,924,1075,2,0,11200,0,0,0,15753524,15753524,2951
123840,493,961,1075,2,0,11200,0,0,0,15754517,15754517,2951
123855,493,998,1075,2,0,11200,0,0,0,15755436,15755436,2951
123870,493,1022,1075,2,0,11200,0,0,0,15756319,15756319,2951
123885,494,1067,1075,2,0,11200,0,0,0,15757289,15757289,2951
123901,494,24,1075,2,0,11200,0,0,0,15758565,15758565,2951
123916,494,66,1075,2,0,11200,0,0,0,15759430,15759430,2951
123931,494,120,1075,2,0,11200,0,0,0,15760567,15760567,2951
123946,494,146,1075,2,0,11200,0,0,0,15761771,15761771,2951
123961,494,178,1075,2,0,11200,0,0,0,15762856,15762856,2951
123978,494,209,1075,2,0,11200,0,0,0,15764016,15764016,2951
123994,494,234,1075,2,0,11200,0,0,0,15765118,15765118,2951
124009,494,262,1075,2,0,11200,0,0,0,15766171,15766171,2951
124025,494,305,1075,2,0,11200,0,0,0,15767265,15767265,2951
124040,494,336,1075,2,0,11200,0,0,0,15768326,15768326,2951
124056,494,378,1075,2,0,11200,0,0,0,15769394,15769394,2951
124071,494,417,1075,2,0,11200,0,0,0,15770383,15770383,2951
124086,494,449,1075,2,0,11200,0,0,0,15771282,15771282,2951
124101,494,471,1075,2,0,11200,0,0,0,15772249,15772249,2951
124118,494,503,1075,2,0,11200,0,0,0,15773328,15773328,2951
124133,494,528,1075,2,0,11200,0,0,0,15774354,15774354,2951
124148,494,555,1075,2,0,11200,0,0,0,15775103,15775103,2951
124165,494,580,1075,2,0,11200,0,0,0,15776134,15776134,2951
124180,494,604,1075,2,0,11200,0,0,0,15777130,15777130,2951
124195,494,625,1075,2,0,11200,0,0,0,15778134,15778134,2951
124211,494,651,1075,2,0,11200,0,0,0,15779026,15779026,2951
124228,494,686,1075,2,0,11200,0,0,0,15780059,15780059,2951
124244,494,711,1075,2,0,11200,0,0,0,15780994,15780994,2951
124259,494,749,1075,2,0,11200,0,0,0,15781847,15781847,2951
124274,494,786,1075,2,0,11200,0,0,0,15782753,15782753,2951
124290,494,838,1075,2,0,11200,0,0,0,15783701,15783701,2951
124305,494,870,1075,2,0,11200,0,0,0,15784623,15784623,2951
124322,494,902,1075,2,0,11200,0,0,0,15785540,15785540,2951
124338,494,937,1075,2,0,11200,0,0,0,15786479,15786479,2951
124353,494,990,1075,2,0,11200,0,0,0,15787603,15787603,2951
124370,494,1016,1075,2,0,11200,0,0,0,15788720,15788720,2951
124386,495,1053,1075,2,0,11200,0,0,0,15789637,15789637,2951
124401,495,20,1075,2,0,11200,0,0,0,15790657,15790657,2951
124417,495,46,1075,2,0,11200,0,0,0,15791637,15791637,2951
124432,495,111,1075,2,0,11200,0,0,0,15792724,15792724,2951
124448,495,137,1075,2,0,11200,0,0,0,15793985,15793985,2951
124463,495,166,1075,2,0,11200,0,0,0,15795045,15795045,2951
124479,495,194,1075,2,0,11200,0,0,0,15796175,15796175,2951
124495,495,223,1075,2,0,11200,0,0,0,15797273,15797273,2951
124510,495,247,1075,2,0,11200,0,0,0,15798265,15798265,2951
124525,495,273,1075,2,0,11200,0,0,0,15799286,15799286,2951
124541,495,312,1075,2,0,11200,0,0,0,15800355,15800355,2951
124556,495,348,1075,2,0,11200,0,0,0,15801432,15801432,2951
124572,495,380,1075,2,0,11200,0,0,0,15802428,15802428,2951
124587,495,411,1075,2,0,11200,0,0,0,15803499,15803499,2951
124603,495,435,1075,2,0,11200,0,0,0,15804455,15804455,2951
124619,495,464,1075,2,0,11200,0,0,0,15805381,15805381,2951
124635,495,497,1075,2,0,11200,0,0,0,15806415,15806415,2951
124651,495,517,1075,2,0,11200,0,0,0,15807462,15807462,2951
124666,495,553,1075,2,0,11200,0,0,0,15808514,15808514,2951
124683,495,581,1075,2,0,11200,0,0,0,15809599,15809599,2951
124698,495,616,1075,2,0,11200,0,0,0,15810669,15810669,2951
124715,495,641,1075,2,0,11200,0,0,0,15811698,15811698,2951
124731,495,669,1075,2,0,11200,0,0,0,15812744,15812744,2951
124747,495,699,1075,2,0,11200,0,0,0,15813603,15813603,2951
124762,495,735,1075,2,0,11200,0,0,0,15814553,15814553,2951
124777,495,769,1075,2,0,11200,0,0,0,15815559,15815559,2951
124792,495,810,1075,2,0,11200,0,0,0,15816516,15816516,2951
124808,495,845,1075,2,0,11200,0,0,0,15817537,15817537,2951
124823,495,870,1075,2,0,11200,0,0,0,15818454,15818454,2951
124838,495,901,1075,2,0,11200,0,0,0,15819515,15819515,2951
124854,495,925,1075,2,0,11200,0,0,0,15820469,15820469,2951
124870,495,951,1075,2,0,11200,0,0,0,15821564,15821564,2951
124886,495,999,1075,2,0,11200,0,0,0,15822533,15822533,2951
124901,496,1031,1075,2,0,11200,0,0,0,15823460,15823460,2951
124917,496,1062,1075,2,0,11200,0,0,0,15824325,15824325,2951
124932,496,20,1075,2,0,11200,0,0,0,15825430,15825430,2951
124947,496,43,1075,2,0,11200,0,0,0,15826391,15826391,2951
124962,496,105,1075,2,0,11200,0,0,0,15827281,15827281,2951
124978,496,131,1075,2,0,11200,0,0,0,15828605,15828605,2951
124993,496,164,1075,2,0,11200,0,0,0,15829674,15829674,2951
125010,496,196,1075,2,0,11200,0,0,0,15830776,15830776,2951
125025,496,221,1075,2,0,11200,0,0,0,15831948,15831948,2951
125041,496,249,1075,2,0,11200,0,0,0,15833012,15833012,2951
125057,496,286,1075,2,0,11200,0,0,0,15834118,15834118,2951
125072,496,323,1075,2,0,11200,0,0,0,15835146,15835146,2951
125089,496,358,1075,2,0,11200,0,0,0,15836215,15836215,2951
125104,496,399,1075,2,0,11200,0,0,0,15837227,15837227,2951
125119,496,431,1075,2,0,11200,0,0,0,15838274,15838274,2951
125135,496,465,1075,2,0,11200,0,0,0,15839241,15839241,2951
125150,496,499,1075,2,0,11200,0,0,0,15840209,15840209,2951
125166,496,526,1075,2,0,11200,0,0,0,15841356,15841356,2951
125181,496,552,1075,2,0,11200,0,0,0,15842308,15842308,2951
125197,496,580,1075,2,0,11200,0,0,0,15843313,15843313,2951
125212,496,607,1075,2,0,11200,0,0,0,15844245,15844245,2951
125227,496,635,1075,2,0,11200,0,0,0,15845242,15845242,2951
125243,496,662,1075,2,0,11200,0,0,0,15846296,15846296,2951
125260,496,692,1075,2,0,11200,0,0,0,15847152,15847152,2951
125275,496,719,1075,2,0,11200,0,0,0,15848076,15848076,2951
125290,496,770,1075,2,0,11200,0,0,0,15849090,15849090,2951
125307,496,805,1075,2,0,11200,0,0,0,15849952,15849952,2951
125322,496,838,1075,2,0,11200,0,0,0,15850815,15850815,2951
125338,496,878,1075,2,0,11200,0,0,0,15851835,15851835,2951
125353,496,896,1075,2,0,11200,0,0,0,15852666,15852666,2951
125369,496,924,1075,2,0,11200,0,0,0,15853620,15853620,2951
125385,496,963,1075,2,0,11200,0,0,0,15854717,15854717,2951
125400,496,1002,1075,2,0,11200,0,0,0,15855732,15855732,2951
125416,497,1033,1075,2,0,11200,0,0,0,15856720,15856720,2951
125431,497,1062,1075,2,0,11200,0,0,0,15857535,15857535,2951
125446,497,26,1075,2,0,11200,0,0,0,15858704,15858704,2951
125462,497,67,1075,2,0,11200,0,0,0,15859643,15859643,2951
125477,497,120,1075,2,0,11200,0,0,0,15860721,15860721,2951
125492,497,148,1075,2,0,11200,0,0,0,15862039,15862039,2951
125508,497,176,1075,2,0,11200,0,0,0,15863138,15863138,2951
125524,497,199,1075,2,0,11200,0,0,0,15864155,15864155,2951
125541,497,225,1075,2,0,11200,0,0,0,15865236,15865236,2951
125556,497,248,1075,2,0,11200,0,0,0,15866402,15866402,2951
125571,497,267,1075,2,0,11200,0,0,0,15867431,15867431,2951
125587,497,310,1075,2,0,11200,0,0,0,15868543,15868543,2951
125602,497,349,1075,2,0,11200,0,0,0,15869561,15869561,2951
125618,497,380,1075,2,0,11200,0,0,0,15870510,15870510,2951
125634,497,409,1075,2,0,11200,0,0,0,15871611,15871611,2951
125649,497,434,1075,2,0,11200,0,0,0,15872614,15872614,2951
125665,497,454,1075,2,0,11200,0,0,0,15873555,15873555,2951
125680,497,479,1075,2,0,11200,0,0,0,15874558,15874558,2951
125696,497,510,1075,2,0,11200,0,0,0,15875601,15875601,2951
125711,497,533,1075,2,0,11200,0,0,0,15876542,15876542,2951
125729,497,571,1075,2,0,11200,0,0,0,15877609,15877609,2951
125744,497,599,1075,2,0,11200,0,0,0,15878596,15878596,2951
125759,497,621,1075,2,0,11200,0,0,0,15879533,15879533,2951
125776,497,654,1075,2,0,11200,0,0,0,15880658,15880658,2951
125792,497,691,1075,2,0,11200,0,0,0,15881717,15881717,2951
125807,497,716,1075,2,0,11200,0,0,0,15882620,15882620,2951
125822,497,749,1075,2,0,11200,0,0,0,15883501,15883501,2951
125837,497,792,1075,2,0,11200,0,0,0,15884367,15884367,2951
125854,497,837,1075,2,0,11200,0,0,0,15885401,15885401,2951
125870,497,879,1075,2,0,11200,0,0,0,15886335,15886335,2951
125886,497,901,1075,2,0,11200,0,0,0,15887404,15887404,2951
125902,497,944,1075,2,0,11200,0,0,0,15888492,15888492,2951
125917,497,983,1075,2,0,11200,0,0,0,15889431,15889431,2951
125933,497,1016,1075,2,0,11200,0,0,0,15890425,15890425,2951
125949,498,1064,1075,2,0,11200,0,0,0,15891482,15891482,2951
125965,498,19,1075,2,0,11200,0,0,0,15892719,15892719,2951
125981,498,52,1075,2,0,11200,0,0,0,15893830,15893830,2951
125997,498,112,1075,2,0,11200,0,0,0,15894789,15894789,2951
126012,498,137,1075,2,0,11200,0,0,0,15896025,15896025,2951
126027,498,166,1075,2,0,11200,0,0,0,15896985,15896985,2951
126042,498,188,1075,2,0,11200,0,0,0,15898001,15898001,2951
126059,498,219,1075,2,0,11200,0,0,0,15899010,15899010,2951
126074,498,236,1075,2,0,11200,0,0,0,15900020,15900020,2951
126089,498,259,1075,2,0,11200,0,0,0,15901084,15901084,2951
126106,498,297,1075,2,0,11200,0,0,0,15902153,15902153,2951
126121,498,335,1075,2,0,11200,0,0,0,15903234,15903234,2951
126136,498,366,1075,2,0,11200,0,0,0,15904178,15904178,2951
126151,498,389,1075,2,0,11200,0,0,0,15905312,15905312,2951
126167,498,430,1075,2,0,11200,0,0,0,15906323,15906323,2951
126182,498,458,1076,3,0,11200,0,0,0,15907322,15907322,2951
126198,498,479,1076,3,0,11200,0,0,0,15908280,15908280,2951
126214,498,509,1076,3,0,11200,0,0,0,15909354,15909354,2951
126229,498,532,1076,3,0,11200,0,0,0,15910408,15910408,2951
126244,498,556,1076,3,0,11200,0,0,0,15911244,15911244,2951
126259,498,589,1076,3,0,11200,0,0,0,15912223,15912223,2951
126275,498,616,1076,3,0,11200,0,0,0,15913060,15913060,2951
126291,498,641,1076,3,0,11200,0,0,0,15914096,15914096,2951
126307,498,685,1076,3,0,11200,0,0,0,15915226,15915226,2951
126323,498,707,1076,3,0,11200,0,0,0,15916190,15916190,2951
126339,498,735,1076,3,0,11200,0,0,0,15917161,15917161,2951
126354,498,791,1076,3,0,11200,0,0,0,15918108,15918108,2951
126369,498,845,1076,3,0,11200,0,0,0,15919001,15919001,2951
126384,498,878,1076,3,0,11200,0,0,0,15919858,15919858,2951
126400,498,894,1076,3,0,11200,0,0,0,15920638,15920638,2951
126415,498,922,1076,3,0,11200,0,0,0,15921527,15921527,2951
126430,498,960,1076,3,0,11200,0,0,0,15922499,15922499,2951
126447,498,998,1076,3,0,11200,0,0,0,15923488,15923488,2951
126463,498,1023,1076,3,0,11200,0,0,0,15924442,15924442,2951
126478,499,1064,1076,3,0,11200,0,0,0,15925342,15925342,2951
126493,499,22,1076,3,0,11200,0,0,0,15926306,15926306,2951
126508,499,47,1076,3,0,11200,0,0,0,15927296,15927296,2951
126524,499,115,1076,3,0,11200,0,0,0,15928299,15928299,2951
126540,499,143,1076,3,0,11200,0,0,0,15929584,15929584,2951
126555,499,168,1076,3,0,11200,0,0,0,15930626,15930626,2951
126570,499,194,1076,3,0,11200,0,0,0,15931696,15931696,2951
126586,499,223,1076,3,0,11200,0,0,0,15932789,15932789,2951
126601,499,248,1076,3,0,11200,0,0,0,15933944,15933944,2951
126617,499,273,1076,3,0,11200,0,0,0,15934914,15934914,2951
126632,499,314,1076,3,0,11200,0,0,0,15935919,15935919,2951
126647,499,354,1076,3,0,11200,0,0,0,15936957,15936957,2951
126663,499,377,1076,3,0,11200,0,0,0,15937998,15937998,2951
126678,499,410,1076,3,0,11200,0,0,0,15939078,15939078,2951
126694,499,431,1076,3,0,11200,0,0,0,15939971,15939971,2951
126710,499,462,1076,3,0,11200,0,0,0,15940971,15940971,2951
126726,499,500,1076,3,0,11200,0,0,0,15942027,15942027,2951
126742,499,523,1076,3,0,11200,0,0,0,15943024,15943024,2951
126757,499,553,1076,3,0,11200,0,0,0,15944010,15944010,2951
126772,499,575,1076,3,0,11200,0,0,0,15944986,15944986,2951
126788,499,607,1076,3,0,11200,0,0,0,15945956,15945956,2951
126803,499,636,1076,3,0,11200,0,0,0,15946900,15946900,2951
126819,499,669,1076,3,0,11200,0,0,0,15947962,15947962,2951
126834,499,706,1076,3,0,11200,0,0,0,15948962,15948962,2951
126849,499,737,1076,3,0,11200,0,0,0,15949909,15949909,2951
126864,499,784,1076,3,0,11200,0,0,0,15950774,15950774,2951
126881,499,822,1076,3,0,11200,0,0,0,15951850,15951850,2951
126896,499,850,1076,3,0,11200,0,0,0,15952747,15952747,2951
126911,499,888,1076,3,0,11200,0,0,0,15953775,15953775,2951
126926,499,919,1076,3,0,11200,0,0,0,15954749,15954749,2951
126942,499,943,1076,3,0,11200,0,0,0,15955755,15955755,2951
126958,499,963,1076,3,0,11200,0,0,0,15956775,15956775,2951
126973,499,1006,1076,3,0,11200,0,0,0,15957772,15957772,2951
126989,500,1035,1076,3,0,11200,0,0,0,15958718,15958718,2951
127005,500,6,1076,3,0,11200,0,0,0,15959881,15959881,2951
127021,500,31,1076,3,0,11200,0,0,0,15961095,15961095,2951
127036,500,83,1076,3,0,11200,0,0,0,15961951,15961951,2951
127051,500,129,1076,3,0,11200,0,0,0,15963137,15963137,2951
127066,500,151,1076,3,0,11200,0,0,0,15964187,15964187,2951
127083,500,176,1076,3,0,11200,0,0,0,15965350,15965350,2951
127098,500,201,1076,3,0,11200,0,0,0,15966359,15966359,2951
127114,500,229,1076,3,0,11200,0,0,0,15967475,15967475,2951
127130,500,261,1076,3,0,11200,0,0,0,15968580,15968580,2951
127145,500,298,1076,3,0,11200,0,0,0,15969719,15969719,2951
127162,500,334,1076,3,0,11200,0,0,0,15970853,15970853,2951
127177,500,378,1076,3,0,11200,0,0,0,15971868,15971868,2951
127192,500,415,1076,3,0,11200,0,0,0,15972780,15972780,2951
127208,500,456,1076,3,0,11200,0,0,0,15973713,15973713,2951
127223,500,475,1076,3,0,11200,0,0,0,15974638,15974638,2951
127239,500,503,1076,3,0,11200,0,0,0,15975722,15975722,2951
127255,500,535,1076,3,0,11200,0,0,0,15976822,15976822,2951
127270,500,566,1076,3,0,11200,0,0,0,15977800,15977800,2951
127286,500,596,1076,3,0,11200,0,0,0,15978811,15978811,2951
127301,500,622,1076,3,0,11200,0,0,0,15979748,15979748,2951
127317,500,669,1076,3,0,11200,0,0,0,15980862,15980862,2951
127334,500,697,1076,3,0,11200,0,0,0,15981797,15981797,2951
127349,500,749,1076,3,0,11200,0,0,0,15982744,15982744,2951
127365,500,819,1076,3,0,11200,0,0,0,15983726,15983726,2951
127381,500,860,1076,3,0,11200,0,0,0,15984662,15984662,2951
127396,500,887,1076,3,0,11200,0,0,0,15985560,15985560,2951
127411,500,912,1076,3,0,11200,0,0,0,15986587,15986587,2951
127427,500,950,1076,3,0,11200,0,0,0,15987603,15987603,2951
127444,500,996,1076,3,0,11200,0,0,0,15988626,15988626,2951
127459,500,1022,1076,3,0,11200,0,0,0,15989616,15989616,2951
127475,501,1,1076,2,0,11200,0,0,0,15990617,15990617,2951
127490,501,29,1076,2,0,11200,0,0,0,15991837,15991837,2951
127506,501,66,1076,2,0,11200,0,0,0,15992710,15992710,2951
127522,501,119,1076,2,0,11200,0,0,0,15993845,15993845,2951
127537,501,145,1076,2,0,11200,0,0,0,15995031,15995031,2951
127552,501,172,1076,2,0,11200,0,0,0,15996025,15996025,2951
127568,501,197,1076,2,0,11200,0,0,0,15997128,15997128,2951
127583,501,223,1076,2,0,11200,0,0,0,15998271,15998271,2951
127600,501,245,1076,2,0,11200,0,0,0,15999415,15999415,2951
127615,501,265,1076,2,0,11200,0,0,0,16000410,16000410,2951
127630,501,293,1076,2,0,11200,0,0,0,16001536,16001536,2951
127646,501,326,1076,2,0,11200,0,0,0,16002634,16002634,2951
127662,501,363,1076,2,0,11200,0,0,0,16003724,16003724,2951
127678,501,397,1076,2,0,11200,0,0,0,16004655,16004655,2951
127694,501,423,1076,2,0,11200,0,0,0,16005683,16005683,2951
127710,501,458,1076,2,0,11200,0,0,0,16006600,16006600,2951
127726,501,486,1076,2,0,11200,0,0,0,16007610,16007610,2951
127742,501,510,1076,2,0,11200,0,0,0,16008568,16008568,2951
127757,501,532,1076,2,0,11200,0,0,0,16009562,16009562,2951
127772,501,559,1076,2,0,11200,0,0,0,16010471,16010471,2951
127788,501,595,1076,2,0,11200,0,0,0,16011492,16011492,2951
127803,501,625,1076,2,0,11200,0,0,0,16012495,16012495,2951
127818,501,662,1076,2,0,11200,0,0,0,16013505,16013505,2951
127834,501,699,1076,2,0,11200,0,0,0,16014479,16014479,2951
127850,501,737,1076,2,0,11200,0,0,0,16015434,16015434,2951
127866,501,783,1076,2,0,11200,0,0,0,16016369,16016369,2951
127881,501,822,1076,2,0,11200,0,0,0,16017335,16017335,2951
127897,501,876,1076,2,0,11200,0,0,0,16018298,16018298,2951
127912,501,899,1076,2,0,11200,0,0,0,16019291,16019291,2951
127928,501,932,1076,2,0,11200,0,0,0,16020335,16020335,2951
127944,501,979,1076,2,0,11200,0,0,0,16021437,16021437,2951
127959,501,1005,1076,2,0,11200,0,0,0,16022412,16022412,2951
127975,502,1043,1076,2,0,11200,0,0,0,16023405,16023405,2951
127990,502,4,1076,2,0,11200,0,0,0,16024454,16024454,2951
128007,502,42,1076,2,0,11200,0,0,0,16025523,16025523,2951
128023,502,87,1076,2,0,11200,0,0,0,16026392,16026392,2951
128038,502,127,1076,2,0,11200,0,0,0,16027687,16027687,2951
128053,502,146,1076,2,0,11200,0,0,0,16028692,16028692,2951
128069,502,172,1076,2,0,11200,0,0,0,16029689,16029689,2951
128085,502,197,1076,2,0,11200,0,0,0,16030843,16030843,2951
128101,502,223,1076,2,0,11200,0,0,0,16031885,16031885,2951
128117,502,246,1076,2,0,11200,0,0,0,16032931,16032931,2951
128133,502,278,1076,2,0,11200,0,0,0,16034060,16034060,2951
128149,502,312,1076,2,0,11200,0,0,0,16035148,16035148,2951
128165,502,358,1076,2,0,11200,0,0,0,16036256,16036256,2951
128181,502,394,1076,2,0,11200,0,0,0,16037317,16037317,2951
128197,502,427,1076,2,0,11200,0,0,0,16038310,16038310,2951
128212,502,460,1076,2,0,11200,0,0,0,16039337,16039337,2951
128228,502,486,1076,2,0,11200,0,0,0,16040344,16040344,2951
128243,502,515,1076,2,0,11200,0,0,0,16041499,16041499,2951
128259,502,534,1076,2,0,11200,0,0,0,16042433,16042433,2951
128275,502,571,1076,2,0,11200,0,0,0,16043461,16043461,2951
128291,502,598,1076,2,0,11200,0,0,0,16044431,16044431,2951
128306,502,625,1076,2,0,11200,0,0,0,16045459,16045459,2951
128322,502,662,1076,2,0,11200,0,0,0,16046492,16046492,2951
128337,502,689,1076,2,0,11200,0,0,0,16047425,16047425,2951
128354,502,716,1076,2,0,11200,0,0,0,16048372,16048372,2951
128369,502,769,1076,2,0,11200,0,0,0,16049253,16049253,2951
128385,502,799,1076,2,0,11200,0,0,0,16050158,16050158,2951
128400,502,838,1076,2,0,11200,0,0,0,16051157,16051157,2951
128417,502,869,1076,2,0,11200,0,0,0,16052143,16052143,2951
128432,502,899,1076,2,0,11200,0,0,0,16053080,16053080,2951
128448,502,927,1076,2,0,11200,0,0,0,16054009,16054009,2951
128464,502,957,1076,2,0,11200,0,0,0,16055036,16055036,2951
128479,502,1003,1076,2,0,11200,0,0,0,16056132,16056132,2951
128495,503,1043,1076,2,0,11200,0,0,0,16057072,16057072,2951
128511,503,4,1076,1,0,11200,0,0,0,16058055,16058055,2951
128526,503,31,1076,1,0,11200,0,0,0,16059190,16059190,2951
128542,503,78,1076,1,0,11200,0,0,0,16059985,16059985,2951
128557,503,125,1076,1,0,11200,0,0,0,16061134,16061134,2951
128572,503,151,1076,1,0,11200,0,0,0,16062271,16062271,2951
128588,503,174,1076,1,0,11200,0,0,0,16063337,16063337,2951
128603,503,209,1076,1,0,11200,0,0,0,16064394,16064394,2951
128618,503,227,1076,1,0,11200,0,0,0,16065345,16065345,2951
128634,503,249,1076,1,0,11200,0,0,0,16066517,16066517,2951
128649,503,273,1076,1,0,11200,0,0,0,16067674,16067674,2951
128664,503,314,1076,1,0,11200,0,0,0,16068806,16068806,2951
128680,503,345,1076,1,0,11200,0,0,0,16069793,16069793,2951
128695,503,380,1076,1,0,11200,0,0,0,16070735,16070735,2951
128710,503,411,1076,1,0,11200,0,0,0,16071777,16071777,2951
128725,503,445,1076,1,0,11200,0,0,0,16072770,16072770,2951
128741,503,470,1076,1,0,11200,0,0,0,16073688,16073688,2951
128757,503,502,1076,1,0,11200,0,0,0,16074712,16074712,2951
128772,503,525,1076,1,0,11200,0,0,0,16075787,16075787,2951
128789,503,552,1076,1,0,11200,0,0,0,16076824,16076824,2951
128805,503,580,1076,1,0,11200,0,0,0,16077761,16077761,2951
128820,503,607,1076,1,0,11200,0,0,0,16078686,16078686,2951
128836,503,634,1076,1,0,11200,0,0,0,16079750,16079750,2951
128852,503,662,1076,1,0,11200,0,0,0,16080782,16080782,2951
128867,503,699,1076,1,0,11200,0,0,0,16081720,16081720,2951
128882,503,733,1076,1,0,11200,0,0,0,16082635,16082635,2951
128897,503,769,1076,1,0,11200,0,0,0,16083539,16083539,2951
128914,503,820,1076,1,0,11200,0,0,0,16084552,16084552,2951
128929,503,862,1076,1,0,11200,0,0,0,16085432,16085432,2951
128946,503,886,1076,1,0,11200,0,0,0,16086396,16086396,2951
128961,503,911,1076,1,0,11200,0,0,0,16087399,16087399,2951
128976,503,946,1076,1,0,11200,0,0,0,16088430,16088430,2951
128992,503,996,1076,1,0,11200,0,0,0,16089480,16089480,2951
129007,503,1018,1076,1,0,11200,0,0,0,16090542,16090542,2951
129023,504,1062,1076,1,0,11200,0,0,0,16091559,16091559,2951
129039,504,14,1076,1,0,11200,0,0,0,16092693,16092693,2951
129054,504,40,1076,1,0,11200,0,0,0,16093754,16093754,2951
129069,504,98,1076,1,0,11200,0,0,0,16094659,16094659,2951
129085,504,132,1076,1,0,11200,0,0,0,16095920,16095920,2951
129101,504,159,1076,1,0,11200,0,0,0,16096950,16096950,2951
129117,504,183,1076,1,0,11200,0,0,0,16097983,16097983,2951
129133,504,214,1076,1,0,11200,0,0,0,16099152,16099152,2951
129148,504,237,1076,1,0,11200,0,0,0,16100220,16100220,2951
129164,504,264,1076,1,0,11200,0,0,0,16101242,16101242,2951
129179,504,300,1076,1,0,11200,0,0,0,16102317,16102317,2951
129195,504,330,1076,1,0,11200,0,0,0,16103323,16103323,2951
129210,504,378,1076,1,0,11200,0,0,0,16104393,16104393,2951
129226,504,406,1076,1,0,11200,0,0,0,16105413,16105413,2951
129242,504,430,1076,1,0,11200,0,0,0,16106462,16106462,2951
129258,504,462,1076,1,0,11200,0,0,0,16107457,16107457,2951
129274,504,501,1076,1,0,11200,0,0,0,16108538,16108538,2951
129289,504,523,1076,1,0,11200,0,0,0,16109606,16109606,2951
129305,504,556,1076,1,0,11200,0,0,0,16110506,16110506,2951
129320,504,591,1076,1,0,11200,0,0,0,16111518,16111518,2951
129336,504,616,1076,1,0,11200,0,0,0,16112498,16112498,2951
129351,504,645,1076,1,0,11200,0,0,0,16113508,16113508,2951
129367,504,673,1076,1,0,11200,0,0,0,16114486,16114486,2951
129382,504,706,1076,1,0,11200,0,0,0,16115448,16115448,2951
129397,504,747,1076,1,0,11200,0,0,0,16116487,16116487,2951
129413,504,796,1076,1,0,11200,0,0,0,16117530,16117530,2951
129430,504,846,1076,1,0,11200,0,0,0,16118541,16118541,2951
129445,504,877,1076,1,0,11200,0,0,0,16119448,16119448,2951
129460,504,896,1076,1,0,11200,0,0,0,16120321,16120321,2951
129476,504,925,1076,1,0,11200,0,0,0,16121326,16121326,2951
129492,504,961,1076,1,0,11200,0,0,0,16122369,16122369,2951
129507,504,1009,1076,1,0,11200,0,0,0,16123448,16123448,2951
129522,505,1031,1076,1,0,11200,0,0,0,16124359,16124359,2951
129539,505,1064,1076,1,0,11200,0,0,0,16125363,16125363,2951
129554,505,21,1076,1,0,11200,0,0,0,16126532,16126532,2951
129570,505,63,1076,1,0,11200,0,0,0,16127505,16127505,2951
129586,505,120,1076,1,0,11200,0,0,0,16128651,16128651,2951
129601,505,145,1076,1,0,11200,0,0,0,16129842,16129842,2951
129617,505,175,1076,1,0,11200,0,0,0,16131011,16131011,2951
129632,505,215,1076,1,0,11200,0,0,0,16132045,16132045,2951
129647,505,244,1076,1,0,11200,0,0,0,16133163,16133163,2951
129663,505,282,1076,1,0,11200,0,0,0,16134252,16134252,2951
129678,505,326,1076,1,0,11200,0,0,0,16135330,16135330,2951
129694,505,358,1076,1,0,11200,0,0,0,16136345,16136345,2951
129709,505,386,1076,1,0,11200,0,0,0,16137357,16137357,2951
129725,505,423,1076,1,0,11200,0,0,0,16138359,16138359,2951
129740,505,456,1076,1,0,11200,0,0,0,16139332,16139332,2951
129756,505,479,1076,1,0,11200,0,0,0,16140280,16140280,2951
129771,505,508,1076,1,0,11200,0,0,0,16141384,16141384,2951
129787,505,542,1076,1,0,11200,0,0,0,16142439,16142439,2951
129803,505,585,1076,1,0,11200,0,0,0,16143469,16143469,2951
129818,505,609,1076,1,0,11200,0,0,0,16144436,16144436,2951
129833,505,646,1076,1,0,11200,0,0,0,16145457,16145457,2951
129849,505,693,1076,1,0,11200,0,0,0,16146528,16146528,2951
129865,505,728,1076,1,0,11200,0,0,0,16147566,16147566,2951
129882,505,779,1076,1,0,11200,0,0,0,16148602,16148602,2951
129898,505,807,1076,1,0,11200,0,0,0,16149460,16149460,2951
129914,505,856,1076,1,0,11200,0,0,0,16150393,16150393,2951
129936,505,886,1076,1,0,11200,0,0,0,16151389,16151389,2951
129951,505,912,1076,1,0,11200,0,0,0,16152400,16152400,2951
129966,505,948,1076,1,0,11200,0,0,0,16153356,16153356,2951
129983,505,994,1076,1,0,11200,0,0,0,16154376,16154376,2951
129998,505,1015,1076,1,0,11200,0,0,0,16155363,16155363,2951
130014,506,1045,1076,1,0,11200,0,0,0,16156350,16156350,2951
130029,506,9,1077,1,0,11200,0,0,0,16157385,16157385,2952
130045,506,32,1077,1,0,11200,0,0,0,16158505,16158505,2952
130060,506,66,1077,1,0,11200,0,0,0,16159378,16159378,2952
130076,506,125,1077,1,0,11200,0,0,0,16160640,16160640,2952
130092,506,151,1077,1,0,11200,0,0,0,16161801,16161801,2952
130108,506,176,1077,1,0,11200,0,0,0,16162825,16162825,2952
130123,506,207,1077,1,0,11200,0,0,0,16163836,16163836,2952
130139,506,229,1077,1,0,11200,0,0,0,16164940,16164940,2952
130154,506,259,1077,1,0,11200,0,0,0,16166007,16166007,2952
130171,506,297,1077,1,0,11200,0,0,0,16167198,16167198,2952
130187,506,323,1077,1,0,11200,0,0,0,16168263,16168263,2952
130203,506,360,1077,1,0,11200,0,0,0,16169285,16169285,2952
130219,506,389,1077,1,0,11200,0,0,0,16170335,16170335,2952
130234,506,423,1077,1,0,11200,0,0,0,16171341,16171341,2952
130250,506,452,1077,1,0,11200,0,0,0,16172402,16172402,2952
130266,506,474,1077,1,0,11200,0,0,0,16173490,16173490,2952
130281,506,507,1077,1,0,11200,0,0,0,16174565,16174565,2952
130297,506,532,1077,1,0,11200,0,0,0,16175606,16175606,2952
130313,506,557,1077,1,0,11200,0,0,0,16176516,16176516,2952
130328,506,590,1077,1,0,11200,0,0,0,16177570,16177570,2952
130343,506,616,1077,1,0,11200,0,0,0,16178594,16178594,2952
130358,506,652,1077,1,0,11200,0,0,0,16179665,16179665,2952
130374,506,691,1077,1,0,11200,0,0,0,16180739,16180739,2952
130389,506,725,1077,1,0,11200,0,0,0,16181733,16181733,2952
130406,506,776,1077,1,0,11200,0,0,0,16182741,16182741,2952
130423,506,802,1077,1,0,11200,0,0,0,16183707,16183707,2952
130438,506,839,1077,1,0,11200,0,0,0,16184661,16184661,2952
130453,506,866,1077,1,0,11200,0,0,0,16185411,16185411,2952
130468,506,889,1077,1,0,11200,0,0,0,16186205,16186205,2952
130484,506,921,1077,1,0,11200,0,0,0,16187168,16187168,2952
130499,506,957,1077,1,0,11200,0,0,0,16188154,16188154,2952
130514,506,1003,1077,1,0,11200,0,0,0,16189169,16189169,2952
130530,507,1044,1077,1,0,11200,0,0,0,16190154,16190154,2952
130545,507,9,1077,1,0,11200,0,0,0,16191209,16191209,2952
130561,507,42,1077,1,0,11200,0,0,0,16192417,16192417,2952
130577,507,98,1077,1,0,11200,0,0,0,16193280,16193280,2952
130592,507,127,1077,1,0,11200,0,0,0,16194653,16194653,2952
130608,507,146,1077,1,0,11200,0,0,0,16195866,16195866,2952
130625,507,174,1077,1,0,11200,0,0,0,16196971,16196971,2952
130640,507,203,1077,1,0,11200,0,0,0,16197972,16197972,2952
130656,507,227,1077,1,0,11200,0,0,0,16198952,16198952,2952
130671,507,262,1077,1,0,11200,0,0,0,16200034,16200034,2952
130686,507,308,1077,1,0,11200,0,0,0,16201141,16201141,2952
130702,507,343,1077,1,0,11200,0,0,0,16202198,16202198,2952
130720,507,380,1077,1,0,11200,0,0,0,16203273,16203273,2952
130735,507,415,1077,1,0,11200,0,0,0,16204325,16204325,2952
130751,507,456,1077,1,0,11200,0,0,0,16205341,16205341,2952
130767,507,483,1077,1,0,11200,0,0,0,16206409,16206409,2952
130782,507,511,1077,1,0,11200,0,0,0,16207372,16207372,2952
130798,507,545,1077,1,0,11200,0,0,0,16208463,16208463,2952
130814,507,583,1077,1,0,11200,0,0,0,16209575,16209575,2952
130830,507,608,1077,1,0,11200,0,0,0,16210531,16210531,2952
130845,507,643,1077,1,0,11200,0,0,0,16211454,16211454,2952
130861,507,674,1077,1,0,11200,0,0,0,16212504,16212504,2952
130877,507,705,1077,1,0,11200,0,0,0,16213442,16213442,2952
130893,507,733,1077,1,0,11200,0,0,0,16214355,16214355,2952
130908,507,777,1077,1,0,11200,0,0,0,16215309,16215309,2952
130923,507,798,1077,1,0,11200,0,0,0,16216219,16216219,2952
130939,507,844,1077,1,0,11200,0,0,0,16217238,16217238,2952
130955,507,868,1077,1,0,11200,0,0,0,16218177,16218177,2952
130970,507,889,1077,1,0,11200,0,0,0,16218959,16218959,2952
130986,507,925,1077,1,0,11200,0,0,0,16219872,16219872,2952
131001,507,979,1077,1,0,11200,0,0,0,16221013,16221013,2952
131017,507,1013,1077,1,0,11200,0,0,0,16222039,16222039,2952
131032,508,1049,1077,1,0,11200,0,0,0,16223006,16223006,2952
131048,508,17,1077,1,0,11200,0,0,0,16224190,16224190,2952
131064,508,52,1077,1,0,11200,0,0,0,16225219,16225219,2952
131080,508,105,1077,1,0,11200,0,0,0,16226156,16226156,2952
131096,508,130,1077,1,0,11200,0,0,0,16227540,16227540,2952
131112,508,161,1077,1,0,11200,0,0,0,16228753,16228753,2952
131128,508,194,1077,1,0,11200,0,0,0,16229901,16229901,2952
131144,508,222,1077,1,0,11200,0,0,0,16231016,16231016,2952
131159,508,247,1077,1,0,11200,0,0,0,16232051,16232051,2952
131174,508,269,1077,1,0,11200,0,0,0,16233029,16233029,2952
131189,508,312,1077,1,0,11200,0,0,0,16234074,16234074,2952
131205,508,343,1077,1,0,11200,0,0,0,16235111,16235111,2952
131220,508,380,1077,1,0,11200,0,0,0,16236051,16236051,2952
131235,508,411,1077,1,0,11200,0,0,0,16237079,16237079,2952
131251,508,435,1077,1,0,11200,0,0,0,16238100,16238100,2952
131267,508,471,1077,1,0,11200,0,0,0,16239151,16239151,2952
131282,508,508,1077,1,0,11200,0,0,0,16240141,16240141,2952
131299,508,532,1077,1,0,11200,0,0,0,16241150,16241150,2952
131315,508,563,1077,1,0,11200,0,0,0,16242176,16242176,2952
131330,508,595,1077,1,0,11200,0,0,0,16243164,16243164,2952
131345,508,619,1077,1,0,11200,0,0,0,16244280,16244280,2952
131362,508,648,1077,1,0,11200,0,0,0,16245336,16245336,2952
131378,508,677,1077,1,0,11200,0,0,0,16246278,16246278,2952
131393,508,724,1077,1,0,11200,0,0,0,16247185,16247185,2952
131408,508,776,1077,1,0,11200,0,0,0,16248169,16248169,2952
131423,508,812,1077,1,0,11200,0,0,0,16249074,16249074,2952
131439,508,860,1077,1,0,11200,0,0,0,16250088,16250088,2952
131455,508,894,1077,1,0,11200,0,0,0,16251008,16251008,2952
131470,508,920,1077,1,0,11200,0,0,0,16251783,16251783,2952
131487,508,979,1077,1,0,11200,0,0,0,16252943,16252943,2952
131502,508,1000,1077,1,0,11200,0,0,0,16253903,16253903,2952
131517,509,1037,1077,1,0,11200,0,0,0,16254830,16254830,2952
131533,509,9,1077,1,0,11200,0,0,0,16255912,16255912,2952
131548,509,59,1077,1,0,11200,0,0,0,16256923,16256923,2952
131563,509,125,1077,1,0,11200,0,0,0,16258168,16258168,2952
131579,509,146,1077,1,0,11200,0,0,0,16259374,16259374,2952
131594,509,171,1077,1,0,11200,0,0,0,16260447,16260447,2952
131609,509,201,1077,1,0,11200,0,0,0,16261436,16261436,2952
131627,509,226,1077,1,0,11200,0,0,0,16262523,16262523,2952
131642,509,261,1077,1,0,11200,0,0,0,16263565,16263565,2952
131657,509,300,1077,1,0,11200,0,0,0,16264728,16264728,2952
131673,509,323,1077,1,0,11200,0,0,0,16265610,16265610,2952
131688,509,358,1077,1,0,11200,0,0,0,16266621,16266621,2952
131703,509,401,1077,1,0,11200,0,0,0,16267605,16267605,2952
131719,509,433,1077,1,0,11200,0,0,0,16268498,16268498,2952
131734,509,464,1077,1,0,11200,0,0,0,16269482,16269482,2952
131750,509,495,1077,1,0,11200,0,0,0,16270515,16270515,2952
131766,509,511,1077,1,0,11200,0,0,0,16271538,16271538,2952
131781,509,537,1077,1,0,11200,0,0,0,16272524,16272524,2952
131797,509,575,1077,1,0,11200,0,0,0,16273658,16273658,2952
131812,509,599,1077,1,0,11200,0,0,0,16274637,16274637,2952
131828,509,620,1077,1,0,11200,0,0,0,16275692,16275692,2952
131844,509,651,1077,1,0,11200,0,0,0,16276710,16276710,2952
131859,509,674,1077,1,0,11200,0,0,0,16277572,16277572,2952
131875,509,713,1077,1,0,11200,0,0,0,16278637,16278637,2952
131891,509,768,1077,1,0,11200,0,0,0,16279635,16279635,2952
131906,509,792,1077,1,0,11200,0,0,0,16280432,16280432,2952
131921,509,846,1077,1,0,11200,0,0,0,16281418,16281418,2952
131938,509,893,1077,1,0,11200,0,0,0,16282526,16282526,2952
131953,509,929,1077,1,0,11200,0,0,0,16283436,16283436,2952
131969,509,994,1077,1,0,11200,0,0,0,16284522,16284522,2952
131985,509,1017,1077,1,0,11200,0,0,0,16285446,16285446,2952
132002,510,1050,1077,1,0,11200,0,0,0,16286404,16286404,2952
132017,510,9,1077,1,0,11200,0,0,0,16287395,16287395,2952
132032,510,32,1077,1,0,11200,0,0,0,16288446,16288446,2952
132048,510,72,1077,1,0,11200,0,0,0,16289317,16289317,2952
132064,510,125,1077,1,0,11200,0,0,0,16290487,16290487,2952
132080,510,161,1077,1,0,11200,0,0,0,16291795,16291795,2952
132096,510,185,1077,1,0,11200,0,0,0,16292841,16292841,2952
132111,510,216,1077,1,0,11200,0,0,0,16293918,16293918,2952
132127,510,235,1077,1,0,11200,0,0,0,16294917,16294917,2952
132143,510,262,1077,1,0,11200,0,0,0,16296128,16296128,2952
132159,510,291,1077,1,0,11200,0,0,0,16297182,16297182,2952
132174,510,335,1077,1,0,11200,0,0,0,16298262,16298262,2952
132190,510,366,1077,1,0,11200,0,0,0,16299229,16299229,2952
132205,510,394,1077,1,0,11200,0,0,0,16300322,16300322,2952
132221,510,425,1077,1,0,11200,0,0,0,16301263,16301263,2952
132236,510,460,1077,1,0,11200,0,0,0,16302229,16302229,2952
132252,510,482,1077,1,0,11200,0,0,0,16303145,16303145,2952
132269,510,513,1077,1,0,11200,0,0,0,16304159,16304159,2952
132285,510,553,1077,1,0,11200,0,0,0,16305143,16305143,2952
132300,510,579,1077,1,0,11200,0,0,0,16306045,16306045,2952
132317,510,604,1077,1,0,11200,0,0,0,16307135,16307135,2952
132333,510,625,1077,1,0,11200,0,0,0,16308285,16308285,2952
132348,510,674,1077,1,0,11200,0,0,0,16309325,16309325,2952
132363,510,699,1077,1,0,11200,0,0,0,16310207,16310207,2952
132378,510,746,1077,1,0,11200,0,0,0,16311139,16311139,2952
132393,510,792,1077,1,0,11200,0,0,0,16312112,16312112,2952
132409,510,832,1077,1,0,11200,0,0,0,16313045,16313045,2952
132425,510,866,1077,1,0,11200,0,0,0,16314106,16314106,2952
132441,510,896,1077,1,0,11200,0,0,0,16315115,16315115,2952
132457,510,929,1077,1,0,11200,0,0,0,16316218,16316218,2952
132472,510,972,1077,1,0,11200,0,0,0,16317207,16317207,2952
132488,510,1001,1077,1,0,11200,0,0,0,16318103,16318103,2952
132503,511,1033,1077,1,0,11200,0,0,0,16319089,16319089,2952
132518,511,1068,1077,1,0,11200,0,0,0,16320076,16320076,2952
132533,511,24,1077,1,0,11200,0,0,0,16321263,16321263,2952
132550,511,66,1077,1,0,11200,0,0,0,16322257,16322257,2952
132566,511,120,1077,1,0,11200,0,0,0,16323385,16323385,2952
132581,511,157,1077,1,0,11200,0,0,0,16324604,16324604,2952
132597,511,183,1077,1,0,11200,0,0,0,16325752,16325752,2952
132614,511,212,1077,1,0,11200,0,0,0,16326897,16326897,2952
132630,511,229,1077,1,0,11200,0,0,0,16327945,16327945,2952
132646,511,264,1077,1,0,11200,0,0,0,16329125,16329125,2952
132661,511,300,1077,1,0,11200,0,0,0,16330247,16330247,2952
132676,511,334,1077,1,0,11200,0,0,0,16331209,16331209,2952
132692,511,371,1077,1,0,11200,0,0,0,16332248,16332248,2952
132707,511,409,1077,1,0,11200,0,0,0,16333263,16333263,2952
132722,511,432,1077,1,0,11200,0,0,0,16334236,16334236,2952
132738,511,458,1077,1,0,11200,0,0,0,16335236,16335236,2952
132754,511,486,1077,1,0,11200,0,0,0,16336210,16336210,2952
132770,511,511,1077,1,0,11200,0,0,0,16337167,16337167,2952
132786,511,533,1077,1,0,11200,0,0,0,16338314,16338314,2952
132801,511,564,1077,1,0,11200,0,0,0,16339309,16339309,2952
132817,511,590,1077,1,0,11200,0,0,0,16340355,16340355,2952
132832,511,614,1077,1,0,11200,0,0,0,16341303,16341303,2952
132848,511,645,1077,1,0,11200,0,0,0,16342346,16342346,2952
132864,511,687,1077,1,0,11200,0,0,0,16343389,16343389,2952
132880,511,728,1077,1,0,11200,0,0,0,16344426,16344426,2952
132895,511,769,1077,1,0,11200,0,0,0,16345401,16345401,2952
132911,511,811,1077,1,0,11200,0,0,0,16346320,16346320,2952
132926,511,856,1077,1,0,11200,0,0,0,16347329,16347329,2952
132941,511,880,1077,1,0,11200,0,0,0,16348249,16348249,2952
132957,511,901,1077,1,0,11200,0,0,0,16349203,16349203,2952
132973,511,929,1077,1,0,11200,0,0,0,16350253,16350253,2952
132989,511,985,1077,1,0,11200,0,0,0,16351334,16351334,2952
133006,511,1016,1077,1,0,11200,0,0,0,16352350,16352350,2952
133021,512,1052,1077,1,0,11200,0,0,0,16353363,16353363,2952
133036,512,17,1077,1,0,11200,0,0,0,16354586,16354586,2952
133051,512,52,1077,1,0,11200,0,0,0,16355629,16355629,2952
133067,512,106,1077,1,0,11200,0,0,0,16356511,16356511,2952
133082,512,132,1077,1,0,11200,0,0,0,16357887,16357887,2952
133097,512,167,1077,1,0,11200,0,0,0,16359006,16359006,2952
133113,512,194,1077,1,0,11200,0,0,0,16359876,16359876,2952
133129,512,218,1077,1,0,11200,0,0,0,16361039,16361039,2952
133145,512,246,1077,1,0,11200,0,0,0,16362138,16362138,2952
133161,512,269,1077,1,0,11200,0,0,0,16363212,16363212,2952
133177,512,314,1077,1,0,11200,0,0,0,16364449,16364449,2952
133193,512,349,1077,1,0,11200,0,0,0,16365472,16365472,2952
133209,512,381,1077,1,0,11200,0,0,0,16366406,16366406,2952
133225,512,415,1077,1,0,11200,0,0,0,16367467,16367467,2952
133240,512,454,1077,1,0,11200,0,0,0,16368438,16368438,2952
133256,512,495,1077,1,0,11200,0,0,0,16369447,16369447,2952
133271,512,517,1077,1,0,11200,0,0,0,16370399,16370399,2952
133287,512,549,1077,1,0,11200,0,0,0,16371389,16371389,2952
133303,512,579,1077,1,0,11200,0,0,0,16372402,16372402,2952
133319,512,614,1077,1,0,11200,0,0,0,16373419,16373419,2952
133335,512,647,1077,1,0,11200,0,0,0,16374515,16374515,2952
133350,512,689,1077,1,0,11200,0,0,0,16375564,16375564,2952
133365,512,711,1077,1,0,11200,0,0,0,16376538,16376538,2952
133380,512,752,1077,1,0,11200,0,0,0,16377482,16377482,2952
133396,512,799,1077,1,0,11200,0,0,0,16378341,16378341,2952
133411,512,838,1077,1,0,11200,0,0,0,16379198,16379198,2952
133427,512,870,1077,1,0,11200,0,0,0,16380101,16380101,2952
133444,512,886,1077,1,0,11200,0,0,0,16380739,16380739,2952
133459,512,915,1077,1,0,11200,0,0,0,16381696,16381696,2952
133475,512,961,1077,1,0,11200,0,0,0,16382736,16382736,2952
133490,512,1009,1077,1,0,11200,0,0,0,16383698,16383698,2952
133505,513,1033,1077,1,0,11200,0,0,0,16384493,16384493,2952
133520,513,3,1077,0,0,11200,0,0,0,16385491,16385491,2952
133536,513,32,1077,0,0,11200,0,0,0,16386686,16386686,2952
133552,513,78,1077,0,0,11200,0,0,0,16387533,16387533,2952
133567,513,126,1077,0,0,11200,0,0,0,16388755,16388755,2952
133582,513,154,1077,0,0,11200,0,0,0,16389876,16389876,2952
133598,513,189,1077,0,0,11200,0,0,0,16390893,16390893,2952
133615,513,217,1077,0,0,11200,0,0,0,16392070,16392070,2952
133630,513,241,1077,0,0,11200,0,0,0,16393159,16393159,2952
133646,513,266,1077,0,0,11200,0,0,0,16394102,16394102,2952
133661,513,309,1077,0,0,11200,0,0,0,16395184,16395184,2952
133677,513,348,1077,0,0,11200,0,0,0,16396287,16396287,2952
133693,513,380,1077,0,0,11200,0,0,0,16397208,16397208,2952
133709,513,409,1077,0,0,11200,0,0,0,16398353,16398353,2952
133725,513,439,1077,0,0,11200,0,0,0,16399385,16399385,2952
133741,513,468,1077,0,0,11200,0,0,0,16400409,16400409,2952
133757,513,499,1077,0,0,11200,0,0,0,16401519,16401519,2952
133772,513,525,1077,0,0,11200,0,0,0,16402644,16402644,2952
133788,513,552,1077,0,0,11200,0,0,0,16403537,16403537,2952
133803,513,575,1077,0,0,11200,0,0,0,16404564,16404564,2952
133819,513,607,1077,0,0,11200,0,0,0,16405620,16405620,2952
133835,513,635,1077,0,0,11200,0,0,0,16406683,16406683,2952
133850,513,674,1077,0,0,11200,0,0,0,16407723,16407723,2952
133866,513,709,1077,0,0,11200,0,0,0,16408692,16408692,2952
133881,513,751,1077,0,0,11200,0,0,0,16409720,16409720,2952
133897,513,786,1077,0,0,11200,0,0,0,16410724,16410724,2952
133912,513,822,1077,0,0,11200,0,0,0,16411697,16411697,2952
133927,513,860,1077,0,0,11200,0,0,0,16412672,16412672,2952
133946,513,886,1077,0,0,11200,0,0,0,16413571,16413571,2952
133962,513,902,1077,0,0,11200,0,0,0,16414517,16414517,2952
133977,513,940,1077,0,0,11200,0,0,0,16415515,16415515,2952
133992,513,985,1077,0,0,11200,0,0,0,16416521,16416521,2952
134009,513,1016,1077,0,0,11200,0,0,0,16417633,16417633,2952
134025,514,1059,1077,0,0,11200,0,0,0,16418644,16418644,2952
134040,514,7,1077,0,0,11200,0,0,0,16419525,16419525,2952
134056,514,37,1077,0,0,11200,0,0,0,16420680,16420680,2952
134071,514,105,1077,0,0,11200,0,0,0,16421546,16421546,2952
134086,514,128,1077,0,0,11200,0,0,0,16422931,16422931,2952
134102,514,151,1077,0,0,11200,0,0,0,16424086,16424086,2952
134118,514,183,1077,0,0,11200,0,0,0,16425190,16425190,2952
134134,514,209,1077,0,0,11200,0,0,0,16426200,16426200,2952
134150,514,227,1077,0,0,11200,0,0,0,16427310,16427310,2952
134166,514,249,1077,0,0,11200,0,0,0,16428512,16428512,2952
134182,514,269,1077,0,0,11200,0,0,0,16429503,16429503,2952
134198,514,305,1077,0,0,11200,0,0,0,16430565,16430565,2952
134213,514,331,1077,0,0,11200,0,0,0,16431676,16431676,2952
134229,514,363,1077,0,0,11200,0,0,0,16432748,16432748,2952
134244,514,393,1077,0,0,11200,0,0,0,16433724,16433724,2952
134260,514,419,1077,0,0,11200,0,0,0,16434744,16434744,2952
134277,514,458,1077,0,0,11200,0,0,0,16435839,16435839,2952
134292,514,486,1077,0,0,11200,0,0,0,16436758,16436758,2952
134309,514,517,1077,0,0,11200,0,0,0,16437859,16437859,2952
134324,514,553,1077,0,0,11200,0,0,0,16438884,16438884,2952
134339,514,583,1077,0,0,11200,0,0,0,16439886,16439886,2952
134355,514,618,1077,0,0,11200,0,0,0,16440925,16440925,2952
134371,514,645,1077,0,0,11200,0,0,0,16441943,16441943,2952
134388,514,688,1077,0,0,11200,0,0,0,16443033,16443033,2952
134404,514,728,1077,0,0,11200,0,0,0,16444017,16444017,2952
134420,514,770,1077,0,0,11200,0,0,0,16444958,16444958,2952
134435,514,799,1077,0,0,11200,0,0,0,16445892,16445892,2952
134450,514,848,1077,0,0,11200,0,0,0,16446854,16446854,2952
134466,514,881,1077,0,0,11200,0,0,0,16447818,16447818,2952
134481,514,899,1077,0,0,11200,0,0,0,16448688,16448688,2952
134496,514,928,1077,0,0,11200,0,0,0,16449739,16449739,2952
134513,514,982,1077,0,0,11200,0,0,0,16450739,16450739,2952
134528,514,1013,1077,0,0,11200,0,0,0,16451713,16451713,2952
134543,515,1043,1077,0,0,11200,0,0,0,16452512,16452512,2952
134559,515,1076,1077,0,0,11200,0,0,0,16453406,16453406,2952
134575,515,29,1077,0,0,11200,0,0,0,16454582,16454582,2952
134590,515,87,1077,0,0,11200,0,0,0,16455390,16455390,2952
134606,515,128,1077,0,0,11200,0,0,0,16456741,16456741,2952
134621,515,158,1077,0,0,11200,0,0,0,16457861,16457861,2952
134637,515,183,1077,0,0,11200,0,0,0,16458960,16458960,2952
134653,515,212,1077,0,0,11200,0,0,0,16459980,16459980,2952
134669,515,233,1077,0,0,11200,0,0,0,16460988,16460988,2952
134685,515,263,1077,0,0,11200,0,0,0,16462096,16462096,2952
134700,515,297,1077,0,0,11200,0,0,0,16463102,16463102,2952
134716,515,330,1077,0,0,11200,0,0,0,16464149,16464149,2952
134731,515,381,1077,0,0,11200,0,0,0,16465091,16465091,2952
134747,515,417,1077,0,0,11200,0,0,0,16466220,16466220,2952
134763,515,451,1077,0,0,11200,0,0,0,16467294,16467294,2952
134779,515,479,1077,0,0,11200,0,0,0,16468320,16468320,2952
134794,515,508,1077,0,0,11200,0,0,0,16469200,16469200,2952
134810,515,545,1077,0,0,11200,0,0,0,16470221,16470221,2952
134825,515,580,1077,0,0,11200,0,0,0,16471226,16471226,2952
134840,515,609,1077,0,0,11200,0,0,0,16472315,16472315,2952
134855,515,636,1077,0,0,11200,0,0,0,16473340,16473340,2952
134872,515,686,1077,0,0,11200,0,0,0,16474541,16474541,2952
134888,515,709,1077,0,0,11200,0,0,0,16475470,16475470,2952
134903,515,755,1077,0,0,11200,0,0,0,16476463,16476463,2952
134919,515,798,1077,0,0,11200,0,0,0,16477447,16477447,2952
134934,515,832,1077,0,0,11200,0,0,0,16478415,16478415,2952
134950,515,866,1077,0,0,11200,0,0,0,16479344,16479344,2952
134965,515,892,1077,0,0,11200,0,0,0,16480281,16480281,2952
134981,515,929,1077,0,0,11200,0,0,0,16481352,16481352,2952
134997,515,980,1078,1,0,11200,0,0,0,16482310,16482310,2952
135012,515,1009,1078,1,0,11200,0,0,0,16483277,16483277,2952
135027,516,1058,1078,1,0,11200,0,0,0,16484292,16484292,2952
135042,516,18,1078,1,0,11200,0,0,0,16485429,16485429,2952
135059,516,45,1078,1,0,11200,0,0,0,16486536,16486536,2952
135074,516,98,1078,1,0,11200,0,0,0,16487406,16487406,2952
135089,516,130,1078,1,0,11200,0,0,0,16488765,16488765,2952
135105,516,169,1078,1,0,11200,0,0,0,16489894,16489894,2952
135121,516,198,1078,1,0,11200,0,0,0,16490958,16490958,2952
135136,516,223,1079,2,0,11200,0,0,0,16492071,16492071,2952
135152,516,248,1079,2,0,11200,0,0,0,16493159,16493159,2952
135167,516,265,1079,2,0,11200,0,0,0,16494097,16494097,2952
135184,516,297,1079,2,0,11200,0,0,0,16495304,16495304,2952
135199,516,326,1079,2,0,11200,0,0,0,16496399,16496399,2952
135215,516,358,1079,2,0,11200,0,0,0,16497450,16497450,2952
135231,516,393,1079,2,0,11200,0,0,0,16498513,16498513,2952
135247,516,424,1079,2,0,11200,0,0,0,16499471,16499471,2952
135263,516,452,1079,2,0,11200,0,0,0,16500482,16500482,2952
135279,516,478,1079,2,0,11200,0,0,0,16501518,16501518,2952
135294,516,505,1079,2,0,11200,0,0,0,16502501,16502501,2952
135310,516,532,1079,2,0,11200,0,0,0,16503599,16503599,2952
135325,516,568,1079,2,0,11200,0,0,0,16504613,16504613,2952
135341,516,607,1079,2,0,11200,0,0,0,16505581,16505581,2952
135356,516,625,1079,2,0,11200,0,0,0,16506593,16506593,2952
135372,516,666,1079,2,0,11200,0,0,0,16507560,16507560,2952
135387,516,704,1079,2,0,11200,0,0,0,16508529,16508529,2952
135403,516,746,1079,2,0,11200,0,0,0,16509497,16509497,2952
135419,516,784,1079,2,0,11200,0,0,0,16510444,16510444,2952
135435,516,833,1079,2,0,11200,0,0,0,16511506,16511506,2952
135451,516,865,1079,2,0,11200,0,0,0,16512432,16512432,2952
135469,516,886,1079,2,0,11200,0,0,0,16513257,16513257,2952
135485,516,904,1079,2,0,11200,0,0,0,16514163,16514163,2952
135501,516,951,1079,2,0,11200,0,0,0,16515153,16515153,2952
135516,516,998,1079,2,0,11200,0,0,0,16516151,16516151,2952
135531,516,1023,1079,2,0,11200,0,0,0,16517022,16517022,2952
135547,517,3,1079,2,0,11200,0,0,0,16518175,16518175,2952
135563,517,31,1079,2,0,11200,0,0,0,16519314,16519314,2952
135578,517,100,1079,2,0,11200,0,0,0,16520186,16520186,2952
135593,517,137,1079,2,0,11200,0,0,0,16521564,16521564,2952
135609,517,158,1079,2,0,11200,0,0,0,16522622,16522622,2952
135624,517,186,1079,2,0,11200,0,0,0,16523680,16523680,2952
135639,517,215,1079,2,0,11200,0,0,0,16524741,16524741,2952
135655,517,243,1079,2,0,11200,0,0,0,16525774,16525774,2952
135670,517,267,1079,2,0,11200,0,0,0,16526742,16526742,2952
135685,517,309,1079,2,0,11200,0,0,0,16527795,16527795,2952
135700,517,335,1079,2,0,11200,0,0,0,16528738,16528738,2952
135715,517,377,1079,2,0,11200,0,0,0,16529706,16529706,2952
135731,517,415,1079,2,0,11200,0,0,0,16530745,16530745,2952
135747,517,447,1079,2,0,11200,0,0,0,16531701,16531701,2952
135762,517,475,1079,2,0,11200,0,0,0,16532592,16532592,2952
135778,517,505,1079,2,0,11200,0,0,0,16533572,16533572,2952
135793,517,532,1079,2,0,11200,0,0,0,16534632,16534632,2952
135809,517,568,1079,2,0,11200,0,0,0,16535601,16535601,2952
135825,517,598,1079,2,0,11200,0,0,0,16536609,16536609,2952
135841,517,622,1079,2,0,11200,0,0,0,16537590,16537590,2952
135856,517,654,1079,2,0,11200,0,0,0,16538648,16538648,2952
135872,517,696,1079,2,0,11200,0,0,0,16539625,16539625,2952
135887,517,731,1079,2,0,11200,0,0,0,16540506,16540506,2952
135902,517,776,1079,2,0,11200,0,0,0,16541461,16541461,2952
135918,517,818,1079,2,0,11200,0,0,0,16542404,16542404,2952
135934,517,854,1079,2,0,11200,0,0,0,16543320,16543320,2952
135954,517,886,1079,2,0,11200,0,0,0,16544292,16544292,2952
135969,517,920,1079,2,0,11200,0,0,0,16545316,16545316,2952
135985,517,960,1079,2,0,11200,0,0,0,16546336,16546336,2952
136000,517,1001,1079,2,0,11200,0,0,0,16547382,16547382,2952
136017,518,1033,1079,2,0,11200,0,0,0,16548426,16548426,2952
136034,518,1076,1079,2,0,11200,0,0,0,16549437,16549437,2952
136049,518,29,1079,2,0,11200,0,0,0,16550606,16550606,2952
136065,518,98,1079,2,0,11200,0,0,0,16551561,16551561,2952
136081,518,131,1079,2,0,11200,0,0,0,16552814,16552814,2952
136097,518,161,1079,2,0,11200,0,0,0,16553893,16553893,2952
136112,518,194,1079,2,0,11200,0,0,0,16554998,16554998,2952
136128,518,221,1079,2,0,11200,0,0,0,16556172,16556172,2952
136144,518,249,1079,2,0,11200,0,0,0,16557385,16557385,2952
136159,518,286,1079,2,0,11200,0,0,0,16558476,16558476,2952
136175,518,319,1079,2,0,11200,0,0,0,16559511,16559511,2952
136191,518,356,1079,2,0,11200,0,0,0,16560565,16560565,2952
136206,518,389,1079,2,0,11200,0,0,0,16561475,16561475,2952
136221,518,415,1079,2,0,11200,0,0,0,16562406,16562406,2952
136237,518,447,1079,2,0,11200,0,0,0,16563349,16563349,2952
136252,518,473,1079,2,0,11200,0,0,0,16564254,16564254,2952
136267,518,503,1079,2,0,11200,0,0,0,16565252,16565252,2952
136283,518,527,1079,2,0,11200,0,0,0,16566316,16566316,2952
136299,518,553,1079,2,0,11200,0,0,0,16567329,16567329,2952
136314,518,581,1079,2,0,11200,0,0,0,16568314,16568314,2952
136330,518,605,1079,2,0,11200,0,0,0,16569341,16569341,2952
136345,518,635,1079,2,0,11200,0,0,0,16570299,16570299,2952
136362,518,674,1079,2,0,11200,0,0,0,16571279,16571279,2952
136378,518,706,1079,2,0,11200,0,0,0,16572301,16572301,2952
136393,518,755,1079,2,0,11200,0,0,0,16573226,16573226,2952
136409,518,799,1079,2,0,11200,0,0,0,16574133,16574133,2952
136425,518,848,1079,2,0,11200,0,0,0,16575145,16575145,2952
136440,518,885,1079,2,0,11200,0,0,0,16576106,16576106,2952
136455,518,901,1079,2,0,11200,0,0,0,16576990,16576990,2952
136471,518,950,1079,2,0,11200,0,0,0,16577990,16577990,2952
136487,518,985,1079,2,0,11200,0,0,0,16578975,16578975,2952
136503,518,1013,1079,2,0,11200,0,0,0,16579867,16579867,2952
136518,519,1044,1079,2,0,11200,0,0,0,16580780,16580780,2952
136533,519,1,1079,2,0,11200,0,0,0,16581558,16581558,2952
136549,519,30,1079,2,0,11200,0,0,0,16582756,16582756,2952
136565,519,98,1079,2,0,11200,0,0,0,16583658,16583658,2952
136581,519,135,1079,2,0,11200,0,0,0,16585013,16585013,2952
136596,519,169,1079,2,0,11200,0,0,0,16586131,16586131,2952
136612,519,198,1079,2,0,11200,0,0,0,16587129,16587129,2952
136627,519,229,1079,2,0,11200,0,0,0,16588202,16588202,2952
136643,519,250,1079,2,0,11200,0,0,0,16589308,16589308,2952
136659,519,297,1079,2,0,11200,0,0,0,16590428,16590428,2952
136675,519,330,1079,2,0,11200,0,0,0,16591532,16591532,2952
136690,519,366,1079,2,0,11200,0,0,0,16592585,16592585,2952
136706,519,394,1079,2,0,11200,0,0,0,16593598,16593598,2952
136721,519,423,1079,2,0,11200,0,0,0,16594527,16594527,2952
136736,519,456,1079,2,0,11200,0,0,0,16595497,16595497,2952
136751,519,497,1079,2,0,11200,0,0,0,16596481,16596481,2952
136767,519,515,1079,2,0,11200,0,0,0,16597467,16597467,2952
136782,519,552,1079,2,0,11200,0,0,0,16598398,16598398,2952
136798,519,579,1079,2,0,11200,0,0,0,16599414,16599414,2952
136813,519,607,1079,2,0,11200,0,0,0,16600386,16600386,2952
136829,519,647,1079,2,0,11200,0,0,0,16601442,16601442,2952
136845,519,691,1079,2,0,11200,0,0,0,16602439,16602439,2952
136860,519,719,1079,2,0,11200,0,0,0,16603319,16603319,2952
136875,519,752,1079,2,0,11200,0,0,0,16604288,16604288,2952
136891,519,791,1079,2,0,11200,0,0,0,16605220,16605220,2952
136906,519,837,1079,2,0,11200,0,0,0,16606141,16606141,2952
136921,519,880,1079,2,0,11200,0,0,0,16607103,16607103,2952
136937,519,902,1079,2,0,11200,0,0,0,16608070,16608070,2952
136952,519,943,1079,2,0,11200,0,0,0,16609113,16609113,2952
136967,519,998,1079,2,0,11200,0,0,0,16610083,16610083,2952
136983,519,1027,1079,2,0,11200,0,0,0,16611124,16611124,2952
136998,520,1066,1079,2,0,11200,0,0,0,16612007,16612007,2952
137014,520,23,1079,2,0,11200,0,0,0,16613206,16613206,2952
137030,520,66,1079,2,0,11200,0,0,0,16614213,16614213,2952
137045,520,112,1079,2,0,11200,0,0,0,16615248,16615248,2952
137060,520,137,1079,2,0,11200,0,0,0,16616506,16616506,2952
137076,520,159,1079,2,0,11200,0,0,0,16617548,16617548,2952
137092,520,186,1079,2,0,11200,0,0,0,16618658,16618658,2952
137107,520,223,1079,2,0,11200,0,0,0,16619742,16619742,2952
137122,520,244,1079,2,0,11200,0,0,0,16620756,16620756,2952
137138,520,266,1079,2,0,11200,0,0,0,16621792,16621792,2952
137153,520,308,1079,2,0,11200,0,0,0,16622955,16622955,2952
137168,520,337,1079,2,0,11200,0,0,0,16623998,16623998,2952
137183,520,375,1079,2,0,11200,0,0,0,16624972,16624972,2952
137199,520,408,1079,2,0,11200,0,0,0,16626029,16626029,2952
137215,520,435,1079,2,0,11200,0,0,0,16627111,16627111,2952
137231,520,468,1079,2,0,11200,0,0,0,16628078,16628078,2952
137246,520,498,1079,2,0,11200,0,0,0,16629006,16629006,2952
137261,520,515,1079,2,0,11200,0,0,0,16630047,16630047,2952
137277,520,537,1079,2,0,11200,0,0,0,16630910,16630910,2952
137292,520,568,1079,2,0,11200,0,0,0,16631926,16631926,2952
137308,520,595,1079,2,0,11200,0,0,0,16632910,16632910,2952
137323,520,643,1079,2,0,11200,0,0,0,16634028,16634028,2952
137338,520,677,1079,2,0,11200,0,0,0,16635013,16635013,2952
137355,520,709,1079,2,0,11200,0,0,0,16635981,16635981,2952
137370,520,751,1079,2,0,11200,0,0,0,16636960,16636960,2952
137385,520,796,1079,2,0,11200,0,0,0,16637887,16637887,2952
137401,520,834,1079,2,0,11200,0,0,0,16638794,16638794,2952
137416,520,869,1079,2,0,11200,0,0,0,16639785,16639785,2952
137432,520,893,1079,2,0,11200,0,0,0,16640647,16640647,2952
137448,520,922,1079,2,0,11200,0,0,0,16641694,16641694,2952
137464,520,979,1079,2,0,11200,0,0,0,16642715,16642715,2952
137479,520,1015,1079,2,0,11200,0,0,0,16643762,16643762,2952
137494,521,1050,1079,2,0,11200,0,0,0,16644678,16644678,2952
137510,521,12,1079,2,0,11200,0,0,0,16645725,16645725,2952
137525,521,44,1079,2,0,11200,0,0,0,16646752,16646752,2952
137541,521,118,1079,2,0,11200,0,0,0,16647786,16647786,2952
137557,521,145,1079,2,0,11200,0,0,0,16649068,16649068,2952
137573,521,176,1079,2,0,11200,0,0,0,16650256,16650256,2952
137589,521,209,1079,2,0,11200,0,0,0,16651286,16651286,2952
137604,521,241,1079,2,0,11200,0,0,0,16652386,16652386,2952
137619,521,273,1079,2,0,11200,0,0,0,16653519,16653519,2952
137635,521,308,1079,2,0,11200,0,0,0,16654557,16654557,2952
137651,521,351,1079,2,0,11200,0,0,0,16655660,16655660,2952
137666,521,380,1079,2,0,11200,0,0,0,16656602,16656602,2952
137681,521,411,1079,2,0,11200,0,0,0,16657639,16657639,2952
137696,521,435,1079,2,0,11200,0,0,0,16658638,16658638,2952
137712,521,461,1079,2,0,11200,0,0,0,16659626,16659626,2952
137727,521,492,1079,2,0,11200,0,0,0,16660595,16660595,2952
137744,521,517,1079,2,0,11200,0,0,0,16661741,16661741,2952
137761,521,552,1079,2,0,11200,0,0,0,16662766,16662766,2952
137776,521,581,1079,2,0,11200,0,0,0,16663806,16663806,2952
137792,521,607,1079,2,0,11200,0,0,0,16664785,16664785,2952
137807,521,641,1079,2,0,11200,0,0,0,16665867,16665867,2952
137822,521,671,1079,2,0,11200,0,0,0,16666773,16666773,2952
137838,521,704,1079,2,0,11200,0,0,0,16667828,16667828,2952
137855,521,739,1079,2,0,11200,0,0,0,16668790,16668790,2952
137870,521,786,1079,2,0,11200,0,0,0,16669814,16669814,2952
137886,521,844,1079,2,0,11200,0,0,0,16670803,16670803,2952
137901,521,881,1079,2,0,11200,0,0,0,16671721,16671721,2952
137917,521,911,1079,2,0,11200,0,0,0,16672756,16672756,2952
137933,521,946,1079,2,0,11200,0,0,0,16673839,16673839,2952
137950,521,998,1079,2,0,11200,0,0,0,16674911,16674911,2952
137966,521,1023,1079,2,0,11200,0,0,0,16675887,16675887,2952
137981,522,1077,1079,1,0,11200,0,0,0,16676849,16676849,2952
137996,522,26,1079,1,0,11200,0,0,0,16678008,16678008,2952
138012,522,83,1079,1,0,11200,0,0,0,16678922,16678922,2952
138027,522,125,1079,1,0,11200,0,0,0,16680283,16680283,2952
138042,522,150,1079,1,0,11200,0,0,0,16681466,16681466,2952
138057,522,185,1079,1,0,11200,0,0,0,16682464,16682464,2952
138073,522,215,1079,1,0,11200,0,0,0,16683539,16683539,2952
138090,522,235,1079,1,0,11200,0,0,0,16684641,16684641,2952
138105,522,263,1079,1,0,11200,0,0,0,16685824,16685824,2952
138121,522,308,1079,1,0,11200,0,0,0,16686989,16686989,2952
138137,522,334,1079,1,0,11200,0,0,0,16688035,16688035,2952
138153,522,380,1079,1,0,11200,0,0,0,16688960,16688960,2952
138169,522,411,1079,1,0,11200,0,0,0,16690113,16690113,2952
138185,522,438,1079,1,0,11200,0,0,0,16691155,16691155,2952
138200,522,470,1079,1,0,11200,0,0,0,16692114,16692114,2952
138215,522,505,1079,1,0,11200,0,0,0,16693151,16693151,2952
138231,522,533,1079,1,0,11200,0,0,0,16694237,16694237,2952
138246,522,564,1079,1,0,11200,0,0,0,16695300,16695300,2952
138262,522,596,1079,1,0,11200,0,0,0,16696362,16696362,2952
138279,522,620,1079,1,0,11200,0,0,0,16697402,16697402,2952
138294,522,653,1079,1,0,11200,0,0,0,16698409,16698409,2952
138310,522,695,1079,1,0,11200,0,0,0,16699361,16699361,2952
138325,522,735,1079,1,0,11200,0,0,0,16700306,16700306,2952
138341,522,784,1079,1,0,11200,0,0,0,16701338,16701338,2952
138356,522,837,1079,1,0,11200,0,0,0,16702364,16702364,2952
138372,522,873,1079,1,0,11200,0,0,0,16703268,16703268,2952
138388,522,895,1079,1,0,11200,0,0,0,16704187,16704187,2952
138403,522,924,1079,1,0,11200,0,0,0,16705175,16705175,2952
138419,522,972,1079,1,0,11200,0,0,0,16706259,16706259,2952
138434,522,1014,1079,1,0,11200,0,0,0,16707216,16707216,2952
138450,523,1062,1079,1,0,11200,0,0,0,16708199,16708199,2952
138465,523,19,1079,1,0,11200,0,0,0,16709312,16709312,2952
138481,523,49,1079,1,0,11200,0,0,0,16710360,16710360,2952
138497,523,111,1079,1,0,11200,0,0,0,16711285,16711285,2952
138512,523,133,1079,1,0,11200,0,0,0,16712646,16712646,2952
138529,523,161,1079,1,0,11200,0,0,0,16713756,16713756,2952
138544,523,189,1079,1,0,11200,0,0,0,16714775,16714775,2952
138560,523,217,1079,1,0,11200,0,0,0,16715937,16715937,2952
138575,523,235,1079,1,0,11200,0,0,0,16716926,16716926,2952
138592,523,261,1079,1,0,11200,0,0,0,16718093,16718093,2952
138608,523,290,1079,1,0,11200,0,0,0,16719164,16719164,2952
138624,523,326,1079,1,0,11200,0,0,0,16720227,16720227,2952
138639,523,358,1079,1,0,11200,0,0,0,16721182,16721182,2952
138655,523,389,1079,1,0,11200,0,0,0,16722253,16722253,2952
138672,523,420,1079,1,0,11200,0,0,0,16723300,16723300,2952
138688,523,458,1079,1,0,11200,0,0,0,16724344,16724344,2952
138703,523,495,1079,1,0,11200,0,0,0,16725387,16725387,2952
138720,523,519,1079,1,0,11200,0,0,0,16726579,16726579,2952
138735,523,553,1079,1,0,11200,0,0,0,16727471,16727471,2952
138750,523,581,1079,1,0,11200,0,0,0,16728461,16728461,2952
138765,523,617,1079,1,0,11200,0,0,0,16729467,16729467,2952
138781,523,651,1079,1,0,11200,0,0,0,16730442,16730442,2952
138797,523,677,1079,1,0,11200,0,0,0,16731380,16731380,2952
138812,523,716,1079,1,0,11200,0,0,0,16732379,16732379,2952
138827,523,769,1079,1,0,11200,0,0,0,16733345,16733345,2952
138843,523,807,1079,1,0,11200,0,0,0,16734335,16734335,2952
138858,523,847,1079,1,0,11200,0,0,0,16735268,16735268,2952
138873,523,888,1079,1,0,11200,0,0,0,16736140,16736140,2952
138888,523,921,1079,1,0,11200,0,0,0,16737154,16737154,2952
138904,523,956,1079,1,0,11200,0,0,0,16738213,16738213,2952
138920,523,993,1079,1,0,11200,0,0,0,16739221,16739221,2952
138935,523,1016,1079,1,0,11200,0,0,0,16740263,16740263,2952
138951,524,1064,1079,1,0,11200,0,0,0,16741315,16741315,2952
138967,524,25,1079,1,0,11200,0,0,0,16742462,16742462,2952
138982,524,65,1079,1,0,11200,0,0,0,16743377,16743377,2952
138997,524,114,1079,1,0,11200,0,0,0,16744405,16744405,2952
139013,524,140,1079,1,0,11200,0,0,0,16745650,16745650,2952
139029,524,169,1079,1,0,11200,0,0,0,16746693,16746693,2952
139046,524,196,1079,1,0,11200,0,0,0,16747808,16747808,2952
139063,524,222,1079,1,0,11200,0,0,0,16748988,16748988,2952
139078,524,240,1079,1,0,11200,0,0,0,16750031,16750031,2952
139094,524,264,1079,1,0,11200,0,0,0,16751108,16751108,2952
139110,524,300,1079,1,0,11200,0,0,0,16752286,16752286,2952
139125,524,328,1079,1,0,11200,0,0,0,16753270,16753270,2952
139140,524,371,1079,1,0,11200,0,0,0,16754303,16754303,2952
139155,524,412,1079,1,0,11200,0,0,0,16755315,16755315,2952
139170,524,438,1079,1,0,11200,0,0,0,16756303,16756303,2952
139186,524,461,1079,1,0,11200,0,0,0,16757231,16757231,2952
139201,524,496,1079,1,0,11200,0,0,0,16758226,16758226,2952
139216,524,516,1079,1,0,11200,0,0,0,16759203,16759203,2952
139232,524,553,1079,1,0,11200,0,0,0,16760184,16760184,2952
139247,524,585,1079,1,0,11200,0,0,0,16761200,16761200,2952
139263,524,611,1079,1,0,11200,0,0,0,16762256,16762256,2952
139278,524,636,1079,1,0,11200,0,0,0,16763191,16763191,2952
139294,524,671,1079,1,0,11200,0,0,0,16764199,16764199,2952
139309,524,716,1079,1,0,11200,0,0,0,16765172,16765172,2952
139325,524,767,1079,1,0,11200,0,0,0,16766258,16766258,2952
139341,524,807,1079,1,0,11200,0,0,0,16767224,16767224,2952
139357,524,848,1079,1,0,11200,0,0,0,16768127,16768127,2952
139373,524,881,1079,1,0,11200,0,0,0,16769077,16769077,2952
139388,524,899,1079,1,0,11200,0,0,0,16769983,16769983,2952
139404,524,928,1079,1,0,11200,0,0,0,16771026,16771026,2952
139420,524,979,1079,1,0,11200,0,0,0,16772054,16772054,2952
139435,524,1005,1079,1,0,11200,0,0,0,16773021,16773021,2952
139451,525,1035,1079,1,0,11200,0,0,0,16773950,16773950,2952
139466,525,1068,1079,1,0,11200,0,0,0,16774856,16774856,2952
139483,525,32,1079,1,0,11200,0,0,0,16776071,16776071,2952
139498,525,83,1079,1,0,11200,0,0,0,16776904,16776904,2952
139515,525,127,1079,1,0,11200,0,0,0,16778235,16778235,2952
139530,525,157,1079,1,0,11200,0,0,0,16779454,16779454,2952
139546,525,185,1079,1,0,11200,0,0,0,16780478,16780478,2952
139562,525,221,1079,1,0,11200,0,0,0,16781649,16781649,2952
139577,525,243,1079,1,0,11200,0,0,0,16782727,16782727,2952
139593,525,264,1079,1,0,11200,0,0,0,16783714,16783714,2952
139608,525,301,1079,1,0,11200,0,0,0,16784817,16784817,2952
139623,525,333,1079,1,0,11200,0,0,0,16785890,16785890,2952
139639,525,371,1079,1,0,11200,0,0,0,16786959,16786959,2952
139655,525,409,1079,1,0,11200,0,0,0,16788044,16788044,2952
139671,525,433,1079,1,0,11200,0,0,0,16789073,16789073,2952
139686,525,459,1079,1,0,11200,0,0,0,16790013,16790013,2952
139701,525,495,1079,1,0,11200,0,0,0,16790981,16790981,2952
139718,525,516,1079,1,0,11200,0,0,0,16792151,16792151,2952
139733,525,554,1079,1,0,11200,0,0,0,16793148,16793148,2952
139749,525,583,1079,1,0,11200,0,0,0,16794149,16794149,2952
139764,525,609,1079,1,0,11200,0,0,0,16795121,16795121,2952
139781,525,643,1079,1,0,11200,0,0,0,16796182,16796182,2952
139797,525,689,1079,1,0,11200,0,0,0,16797158,16797158,2952
139814,525,724,1079,1,0,11200,0,0,0,16798188,16798188,2952
139829,525,757,1079,1,0,11200,0,0,0,16799173,16799173,2952
139845,525,792,1079,1,0,11200,0,0,0,16799976,16799976,2952
139860,525,832,1079,1,0,11200,0,0,0,16800935,16800935,2952
139875,525,866,1079,1,0,11200,0,0,0,16801836,16801836,2952
139890,525,895,1079,1,0,11200,0,0,0,16802811,16802811,2952
139905,525,924,1079,1,0,11200,0,0,0,16803790,16803790,2952
139921,525,951,1079,1,0,11200,0,0,0,16804832,16804832,2952
139937,525,996,1079,1,0,11200,0,0,0,16805833,16805833,2952
139952,525,1023,1079,1,0,11200,0,0,0,16806929,16806929,2952
139969,526,1066,1079,1,0,11200,0,0,0,16807940,16807940,2952
139985,526,21,1079,1,0,11200,0,0,0,16809126,16809126,2952
140001,526,52,1079,1,0,11200,0,0,0,16810256,16810256,2952
140016,526,112,1079,1,0,11200,0,0,0,16811224,16811224,2952
140032,526,143,1079,1,0,11200,0,0,0,16812580,16812580,2952
140048,526,169,1079,1,0,11200,0,0,0,16813633,16813633,2952
140063,526,196,1079,1,0,11200,0,0,0,16814618,16814618,2952
140079,526,222,1079,1,0,11200,0,0,0,16815754,16815754,2952
140095,526,246,1079,1,0,11200,0,0,0,16816791,16816791,2952
140110,526,269,1079,1,0,11200,0,0,0,16817746,16817746,2952
140127,526,309,1079,1,0,11200,0,0,0,16818945,16818945,2952
140142,526,333,1079,1,0,11200,0,0,0,16819926,16819926,2952
140157,526,365,1079,1,0,11200,0,0,0,16820867,16820867,2952
140172,526,394,1079,1,0,11200,0,0,0,16821725,16821725,2952
140188,526,427,1079,1,0,11200,0,0,0,16822858,16822858,2952
140204,526,462,1079,1,0,11200,0,0,0,16823905,16823905,2952
140219,526,489,1079,1,0,11200,0,0,0,16824838,16824838,2952
140236,526,517,1079,1,0,11200,0,0,0,16825943,16825943,2952
140252,526,548,1079,1,0,11200,0,0,0,16826950,16826950,2952
140267,526,572,1079,1,0,11200,0,0,0,16827894,16827894,2952
140283,526,603,1079,1,0,11200,0,0,0,16828897,16828897,2952
140299,526,630,1079,1,0,11200,0,0,0,16829878,16829878,2952
140315,526,664,1079,1,0,11200,0,0,0,16830882,16830882,2952
140331,526,695,1079,1,0,11200,0,0,0,16831869,16831869,2952
140348,526,725,1079,1,0,11200,0,0,0,16832842,16832842,2952
140363,526,770,1079,1,0,11200,0,0,0,16833724,16833724,2952
140379,526,818,1079,1,0,11200,0,0,0,16834696,16834696,2952
140394,526,865,1079,1,0,11200,0,0,0,16835684,16835684,2952
140410,526,896,1079,1,0,11200,0,0,0,16836698,16836698,2952
140425,526,929,1079,1,0,11200,0,0,0,16837627,16837627,2952
140440,526,962,1079,1,0,11200,0,0,0,16838765,16838765,2952
140456,526,996,1079,1,0,11200,0,0,0,16839743,16839743,2952
140472,526,1022,1079,1,0,11200,0,0,0,16840741,16840741,2952
140488,527,1068,1079,1,0,11200,0,0,0,16841779,16841779,2952
140503,527,25,1079,1,0,11200,0,0,0,16842952,16842952,2952
140519,527,66,1079,1,0,11200,0,0,0,16843892,16843892,2952
140534,527,131,1079,1,0,11200,0,0,0,16845248,16845248,2952
140550,527,159,1079,1,0,11200,0,0,0,16846337,16846337,2952
140565,527,186,1079,1,0,11200,0,0,0,16847387,16847387,2952
140581,527,218,1079,1,0,11200,0,0,0,16848532,16848532,2952
140597,527,242,1079,1,0,11200,0,0,0,16849578,16849578,2952
140612,527,266,1079,1,0,11200,0,0,0,16850592,16850592,2952
140628,527,303,1079,1,0,11200,0,0,0,16851722,16851722,2952
140643,527,334,1079,1,0,11200,0,0,0,16852726,16852726,2952
140659,527,380,1079,1,0,11200,0,0,0,16853692,16853692,2952
140674,527,414,1079,1,0,11200,0,0,0,16854739,16854739,2952
140691,527,456,1079,1,0,11200,0,0,0,16855747,16855747,2952
140707,527,482,1079,1,0,11200,0,0,0,16856757,16856757,2952
140723,527,515,1079,1,0,11200,0,0,0,16857863,16857863,2952
140739,527,548,1079,1,0,11200,0,0,0,16858827,16858827,2952
140755,527,583,1079,1,0,11200,0,0,0,16859883,16859883,2952
140770,527,610,1079,1,0,11200,0,0,0,16860810,16860810,2952
140786,527,641,1079,1,0,11200,0,0,0,16861781,16861781,2952
140801,527,675,1079,1,0,11200,0,0,0,16862661,16862661,2952
140816,527,716,1079,1,0,11200,0,0,0,16863566,16863566,2952
140832,527,752,1079,1,0,11200,0,0,0,16864429,16864429,2952
140848,527,791,1079,1,0,11200,0,0,0,16865323,16865323,2952
140863,527,826,1079,1,0,11200,0,0,0,16866285,16866285,2952
140879,527,863,1079,1,0,11200,0,0,0,16867231,16867231,2952
140895,527,894,1079,1,0,11200,0,0,0,16868227,16868227,2952
140910,527,925,1079,1,0,11200,0,0,0,16869246,16869246,2952
140926,527,976,1079,1,0,11200,0,0,0,16870422,16870422,2952
140942,527,1013,1079,1,0,11200,0,0,0,16871460,16871460,2952
140957,528,1053,1079,1,0,11200,0,0,0,16872507,16872507,2952
140973,528,21,1079,1,0,11200,0,0,0,16873622,16873622,2952
140988,528,66,1079,1,0,11200,0,0,0,16874612,16874612,2952
141003,528,122,1079,1,0,11200,0,0,0,16875807,16875807,2952
141018,528,158,1079,1,0,11200,0,0,0,16876927,16876927,2952
141034,528,186,1079,1,0,11200,0,0,0,16877980,16877980,2952
141049,528,219,1079,1,0,11200,0,0,0,16879011,16879011,2952
141064,528,241,1079,1,0,11200,0,0,0,16880032,16880032,2952
141079,528,266,1079,1,0,11200,0,0,0,16880964,16880964,2952
141095,528,305,1079,1,0,11200,0,0,0,16882135,16882135,2952
141110,528,335,1079,1,0,11200,0,0,0,16883210,16883210,2952
141127,528,378,1079,1,0,11200,0,0,0,16884227,16884227,2952
141142,528,410,1079,1,0,11200,0,0,0,16885187,16885187,2952
141158,528,433,1079,1,0,11200,0,0,0,16886176,16886176,2952
141174,528,462,1079,1,0,11200,0,0,0,16887133,16887133,2952
141189,528,486,1079,1,0,11200,0,0,0,16888029,16888029,2952
141205,528,515,1079,1,0,11200,0,0,0,16889091,16889091,2952
141220,528,535,1079,1,0,11200,0,0,0,16890032,16890032,2952
141237,528,571,1079,1,0,11200,0,0,0,16891104,16891104,2952
141252,528,591,1079,1,0,11200,0,0,0,16892062,16892062,2952
141268,528,620,1079,1,0,11200,0,0,0,16893046,16893046,2952
141284,528,662,1079,1,0,11200,0,0,0,16894148,16894148,2952
141300,528,696,1079,1,0,11200,0,0,0,16895225,16895225,2952
141315,528,732,1079,1,0,11200,0,0,0,16896182,16896182,2952
141331,528,777,1079,1,0,11200,0,0,0,16897146,16897146,2952
141347,528,807,1079,1,0,11200,0,0,0,16898109,16898109,2952
141363,528,854,1079,1,0,11200,0,0,0,16899056,16899056,2952
141378,528,880,1079,1,0,11200,0,0,0,16899956,16899956,2952
141393,528,904,1079,1,0,11200,0,0,0,16900852,16900852,2952
141410,528,937,1079,1,0,11200,0,0,0,16901905,16901905,2952
141425,528,985,1079,1,0,11200,0,0,0,16902955,16902955,2952
141440,528,1016,1079,1,0,11200,0,0,0,16903989,16903989,2952
141456,529,1052,1079,1,0,11200,0,0,0,16905068,16905068,2952
141471,529,7,1079,1,0,11200,0,0,0,16906022,16906022,2952
141487,529,44,1079,1,0,11200,0,0,0,16907267,16907267,2952
141503,529,119,1079,1,0,11200,0,0,0,16908484,16908484,2952
141519,529,151,1079,1,0,11200,0,0,0,16909718,16909718,2952
141535,529,184,1079,1,0,11200,0,0,0,16910760,16910760,2952
141551,529,212,1079,1,0,11200,0,0,0,16911774,16911774,2952
141566,529,227,1079,1,0,11200,0,0,0,16912679,16912679,2952
141582,529,251,1079,1,0,11200,0,0,0,16913788,16913788,2952
141597,529,281,1079,1,0,11200,0,0,0,16914844,16914844,2952
141613,529,328,1079,1,0,11200,0,0,0,16916022,16916022,2952
141628,529,371,1079,1,0,11200,0,0,0,16917005,16917005,2952
141644,529,414,1079,1,0,11200,0,0,0,16918127,16918127,2952
141660,529,438,1079,1,0,11200,0,0,0,16919138,16919138,2952
141677,529,464,1079,1,0,11200,0,0,0,16920164,16920164,2952
141693,529,497,1079,1,0,11200,0,0,0,16921094,16921094,2952
141708,529,523,1079,1,0,11200,0,0,0,16922168,16922168,2952
141724,529,545,1079,1,0,11200,0,0,0,16923140,16923140,2952
141739,529,575,1079,1,0,11200,0,0,0,16924059,16924059,2952
141756,529,608,1079,1,0,11200,0,0,0,16925082,16925082,2952
141772,529,631,1079,1,0,11200,0,0,0,16926108,16926108,2952
141787,529,674,1079,1,0,11200,0,0,0,16927210,16927210,2952
141803,529,713,1079,1,0,11200,0,0,0,16928192,16928192,2952
141819,529,752,1079,1,0,11200,0,0,0,16929112,16929112,2952
141835,529,798,1079,1,0,11200,0,0,0,16930050,16930050,2952
141851,529,838,1079,1,0,11200,0,0,0,16930986,16930986,2952
141867,529,866,1079,1,0,11200,0,0,0,16931919,16931919,2952
141883,529,888,1079,1,0,11200,0,0,0,16932808,16932808,2952
141899,529,911,1079,1,0,11200,0,0,0,16933759,16933759,2952
141915,529,946,1079,1,0,11200,0,0,0,16934786,16934786,2952
141931,529,993,1079,1,0,11200,0,0,0,16935787,16935787,2952
141947,529,1021,1079,1,0,11200,0,0,0,16936781,16936781,2952
141962,530,1053,1079,1,0,11200,0,0,0,16937715,16937715,2952
141977,530,9,1079,1,0,11200,0,0,0,16938755,16938755,2952
141993,530,32,1079,1,0,11200,0,0,0,16939981,16939981,2952
142010,530,88,1079,1,0,11200,0,0,0,16940868,16940868,2952
142025,530,135,1079,1,0,11200,0,0,0,16942210,16942210,2952
142041,530,174,1079,1,0,11200,0,0,0,16943397,16943397,2952
142057,530,203,1079,1,0,11200,0,0,0,16944541,16944541,2952
142072,530,226,1079,1,0,11200,0,0,0,16945675,16945675,2952
142087,530,250,1079,1,0,11200,0,0,0,16946853,16946853,2952
142103,530,279,1079,1,0,11200,0,0,0,16947806,16947806,2952
142118,530,310,1079,1,0,11200,0,0,0,16948869,16948869,2952
142133,530,357,1079,1,0,11200,0,0,0,16949898,16949898,2952
142149,530,389,1079,1,0,11200,0,0,0,16950918,16950918,2952
142164,530,431,1079,1,0,11200,0,0,0,16951897,16951897,2952
142180,530,458,1079,1,0,11200,0,0,0,16952862,16952862,2952
142195,530,489,1079,1,0,11200,0,0,0,16953881,16953881,2952
142210,530,511,1079,1,0,11200,0,0,0,16954918,16954918,2952
142226,530,552,1079,1,0,11200,0,0,0,16955975,16955975,2952
142242,530,581,1079,1,0,11200,0,0,0,16956967,16956967,2952
142257,530,604,1079,1,0,11200,0,0,0,16957916,16957916,2952
142273,530,630,1079,1,0,11200,0,0,0,16958924,16958924,2952
142288,530,669,1079,1,0,11200,0,0,0,16959847,16959847,2952
142304,530,695,1079,1,0,11200,0,0,0,16960747,16960747,2952
142319,530,716,1079,1,0,11200,0,0,0,16961648,16961648,2952
142334,530,752,1079,1,0,11200,0,0,0,16962569,16962569,2952
142350,530,784,1079,1,0,11200,0,0,0,16963501,16963501,2952
142365,530,833,1080,2,0,11200,0,0,0,16964460,16964460,2952
142381,530,870,1080,2,0,11200,0,0,0,16965349,16965349,2952
142397,530,902,1080,2,0,11200,0,0,0,16966429,16966429,2952
142412,530,940,1080,2,0,11200,0,0,0,16967359,16967359,2952
142427,530,994,1080,2,0,11200,0,0,0,16968278,16968278,2952
142442,530,1015,1080,2,0,11200,0,0,0,16969211,16969211,2952
142458,531,1044,1080,2,0,11200,0,0,0,16970050,16970050,2952
142474,531,6,1080,2,0,11200,0,0,0,16971036,16971036,2952
142490,531,43,1080,2,0,11200,0,0,0,16972134,16972134,2952
142505,531,116,1080,2,0,11200,0,0,0,16973333,16973333,2952
142520,531,143,1080,2,0,11200,0,0,0,16974642,16974642,2952
142536,531,178,1080,2,0,11200,0,0,0,16975760,16975760,2952
142551,531,212,1080,2,0,11200,0,0,0,16976894,16976894,2952
142567,531,236,1080,2,0,11200,0,0,0,16977954,16977954,2952
142582,531,265,1080,2,0,11200,0,0,0,16979048,16979048,2952
142598,531,319,1080,2,0,11200,0,0,0,16980167,16980167,2952
142614,531,358,1080,2,0,11200,0,0,0,16981218,16981218,2952
142629,531,382,1080,2,0,11200,0,0,0,16982117,16982117,2952
142645,531,415,1080,2,0,11200,0,0,0,16983238,16983238,2952
142662,531,455,1080,2,0,11200,0,0,0,16984260,16984260,2952
142678,531,492,1080,2,0,11200,0,0,0,16985197,16985197,2952
142694,531,517,1080,2,0,11200,0,0,0,16986381,16986381,2952
142710,531,539,1080,2,0,11200,0,0,0,16987439,16987439,2952
142726,531,575,1080,2,0,11200,0,0,0,16988494,16988494,2952
142741,531,614,1080,2,0,11200,0,0,0,16989545,16989545,2952
142757,531,651,1080,2,0,11200,0,0,0,16990533,16990533,2952
142773,531,695,1081,3,0,11200,0,0,0,16991592,16991592,2952
142788,531,713,1081,3,0,11200,0,0,0,16992453,16992453,2952
142803,531,755,1081,3,0,11200,0,0,0,16993439,16993439,2952
142820,531,799,1081,3,0,11200,0,0,0,16994444,16994444,2952
142836,531,846,1081,3,0,11200,0,0,0,16995488,16995488,2952
142858,531,886,1081,3,0,11200,0,0,0,16996527,16996527,2952
142873,531,911,1081,3,0,11200,0,0,0,16997484,16997484,2952
142890,531,926,1081,3,0,11200,0,0,0,16998214,16998214,2952
142906,531,957,1081,3,0,11200,0,0,0,16999143,16999143,2952
142921,531,1001,1081,3,0,11200,0,0,0,17000117,17000117,2952
142936,531,1021,1081,3,0,11200,0,0,0,17001098,17001098,2952
142952,532,1062,1081,3,0,11200,0,0,0,17001993,17001993,2952
142968,532,21,1081,3,0,11200,0,0,0,17003252,17003252,2952
142985,532,52,1082,4,0,11200,0,0,0,17004308,17004308,2952
143000,532,118,1082,4,0,11200,0,0,0,17005403,17005403,2952
143016,532,148,1082,4,0,11200,0,0,0,17006729,17006729,2952
143032,532,172,1082,4,0,11200,0,0,0,17007756,17007756,2952
143047,532,199,1082,4,0,11200,0,0,0,17008816,17008816,2952
143063,532,229,1082,4,0,11200,0,0,0,17009848,17009848,2952
143079,532,253,1082,4,0,11200,0,0,0,17010965,17010965,2952
143095,532,288,1082,4,0,11200,0,0,0,17012009,17012009,2952
143110,532,323,1082,4,0,11200,0,0,0,17013121,17013121,2952
143126,532,369,1082,4,0,11200,0,0,0,17014141,17014141,2952
143141,532,409,1082,4,0,11200,0,0,0,17015254,17015254,2952
143156,532,433,1082,4,0,11200,0,0,0,17016172,17016172,2952
143172,532,461,1082,4,0,11200,0,0,0,17017162,17017162,2952
143188,532,501,1082,4,0,11200,0,0,0,17018198,17018198,2952
143203,532,523,1082,4,0,11200,0,0,0,17019268,17019268,2952
143218,532,553,1082,4,0,11200,0,0,0,17020208,17020208,2952
143234,532,595,1082,4,0,11200,0,0,0,17021218,17021218,2952
143249,532,621,1082,4,0,11200,0,0,0,17022232,17022232,2952
143264,532,651,1082,4,0,11200,0,0,0,17023274,17023274,2952
143280,532,690,1082,4,0,11200,0,0,0,17024206,17024206,2952
143296,532,724,1082,4,0,11200,0,0,0,17025139,17025139,2952
143311,532,768,1082,4,0,11200,0,0,0,17026128,17026128,2952
143327,532,791,1082,4,0,11200,0,0,0,17026981,17026981,2952
143343,532,844,1082,4,0,11200,0,0,0,17027965,17027965,2952
143358,532,880,1082,4,0,11200,0,0,0,17028874,17028874,2952
143375,532,901,1082,4,0,11200,0,0,0,17029841,17029841,2952
143390,532,943,1082,4,0,11200,0,0,0,17030800,17030800,2952
143405,532,994,1082,4,0,11200,0,0,0,17031821,17031821,2952
143421,532,1022,1082,4,0,11200,0,0,0,17032879,17032879,2952
143436,533,1067,1082,4,0,11200,0,0,0,17033773,17033773,2952
143452,533,21,1082,4,0,11200,0,0,0,17034961,17034961,2952
143467,533,73,1082,4,0,11200,0,0,0,17035928,17035928,2952
143482,533,120,1082,4,0,11200,0,0,0,17037109,17037109,2952
143497,533,145,1082,4,0,11200,0,0,0,17038395,17038395,2952
143513,533,175,1082,4,0,11200,0,0,0,17039459,17039459,2952
143528,533,198,1082,4,0,11200,0,0,0,17040382,17040382,2952
143545,533,225,1082,4,0,11200,0,0,0,17041599,17041599,2952
143561,533,251,1082,4,0,11200,0,0,0,17042747,17042747,2952
143576,533,286,1082,4,0,11200,0,0,0,17043916,17043916,2952
143592,533,326,1082,4,0,11200,0,0,0,17044980,17044980,2952
143607,533,358,1082,4,0,11200,0,0,0,17045911,17045911,2952
143623,533,388,1082,4,0,11200,0,0,0,17046933,17046933,2952
143639,533,414,1082,4,0,11200,0,0,0,17047903,17047903,2952
143655,533,439,1082,4,0,11200,0,0,0,17048928,17048928,2952
143670,533,462,1082,4,0,11200,0,0,0,17049879,17049879,2952
143686,533,481,1082,4,0,11200,0,0,0,17050788,17050788,2952
143701,533,510,1082,4,0,11200,0,0,0,17051818,17051818,2952
143718,533,531,1082,4,0,11200,0,0,0,17052833,17052833,2952
143733,533,571,1082,4,0,11200,0,0,0,17053850,17053850,2952
143750,533,603,1082,4,0,11200,0,0,0,17054954,17054954,2952
143765,533,624,1082,4,0,11200,0,0,0,17055922,17055922,2952
143781,533,666,1082,4,0,11200,0,0,0,17056953,17056953,2952
143797,533,706,1082,4,0,11200,0,0,0,17057919,17057919,2952
143812,533,733,1082,4,0,11200,0,0,0,17058850,17058850,2952
143827,533,778,1082,4,0,11200,0,0,0,17059737,17059737,2952
143843,533,820,1082,4,0,11200,0,0,0,17060861,17060861,2952
143859,533,858,1082,4,0,11200,0,0,0,17061751,17061751,2952
143874,533,887,1082,4,0,11200,0,0,0,17062709,17062709,2952
143891,533,920,1082,4,0,11200,0,0,0,17063818,17063818,2952
143906,533,957,1082,4,0,11200,0,0,0,17064829,17064829,2952
143921,533,995,1082,4,0,11200,0,0,0,17065824,17065824,2952
143936,533,1018,1082,4,0,11200,0,0,0,17066848,17066848,2952
143952,534,1053,1082,4,0,11200,0,0,0,17067841,17067841,2952
143968,534,6,1082,3,0,11200,0,0,0,17068903,17068903,2952
143984,534,26,1082,3,0,11200,0,0,0,17069992,17069992,2952
144000,534,65,1082,3,0,11200,0,0,0,17070882,17070882,2952
144015,534,119,1082,3,0,11200,0,0,0,17072081,17072081,2952
144031,534,143,1082,3,0,11200,0,0,0,17073378,17073378,2952
144046,534,173,1082,3,0,11200,0,0,0,17074446,17074446,2952
144062,534,203,1082,3,0,11200,0,0,0,17075552,17075552,2952
144078,534,232,1082,3,0,11200,0,0,0,17076652,17076652,2952
144095,534,259,1082,3,0,11200,0,0,0,17077807,17077807,2952
144110,534,301,1082,3,0,11200,0,0,0,17078964,17078964,2952
144125,534,335,1082,3,0,11200,0,0,0,17080048,17080048,2952
144142,534,380,1082,3,0,11200,0,0,0,17081091,17081091,2952
144158,534,412,1082,3,0,11200,0,0,0,17082184,17082184,2952
144173,534,447,1082,3,0,11200,0,0,0,17083146,17083146,2952
144189,534,481,1082,3,0,11200,0,0,0,17084101,17084101,2952
144205,534,515,1082,3,0,11200,0,0,0,17085201,17085201,2952
144221,534,556,1082,3,0,11200,0,0,0,17086205,17086205,2952
144237,534,585,1082,3,0,11200,0,0,0,17087170,17087170,2952
144252,534,607,1082,3,0,11200,0,0,0,17088046,17088046,2952
144268,534,636,1082,3,0,11200,0,0,0,17089167,17089167,2952
144283,534,664,1082,3,0,11200,0,0,0,17090063,17090063,2952
144298,534,695,1082,3,0,11200,0,0,0,17090986,17090986,2952
144314,534,725,1082,3,0,11200,0,0,0,17091901,17091901,2952
144330,534,769,1082,3,0,11200,0,0,0,17092917,17092917,2952
144347,534,799,1082,3,0,11200,0,0,0,17093917,17093917,2952
144363,534,845,1082,3,0,11200,0,0,0,17094808,17094808,2952
144379,534,878,1082,3,0,11200,0,0,0,17095775,17095775,2952
144394,534,898,1082,3,0,11200,0,0,0,17096522,17096522,2952
144410,534,931,1082,3,0,11200,0,0,0,17097627,17097627,2952
144426,534,980,1082,3,0,11200,0,0,0,17098601,17098601,2952
144442,534,1015,1082,3,0,11200,0,0,0,17099578,17099578,2952
144457,535,1063,1082,3,0,11200,0,0,0,17100588,17100588,2952
144472,535,18,1082,2,0,11200,0,0,0,17101655,17101655,2952
144489,535,44,1082,2,0,11200,0,0,0,17102704,17102704,2952
144505,535,92,1082,2,0,11200,0,0,0,17103549,17103549,2952
144522,535,138,1082,2,0,11200,0,0,0,17104967,17104967,2952
144537,535,166,1082,2,0,11200,0,0,0,17106108,17106108,2952
144552,535,194,1082,2,0,11200,0,0,0,17107201,17107201,2952
144569,535,221,1082,2,0,11200,0,0,0,17108468,17108468,2952
144584,535,248,1082,2,0,11200,0,0,0,17109577,17109577,2952
144599,535,282,1082,2,0,11200,0,0,0,17110686,17110686,2952
144614,535,323,1082,2,0,11200,0,0,0,17111696,17111696,2952
144630,535,366,1082,2,0,11200,0,0,0,17112753,17112753,2952
144646,535,401,1082,2,0,11200,0,0,0,17113696,17113696,2952
144662,535,438,1082,2,0,11200,0,0,0,17114759,17114759,2952
144678,535,474,1082,2,0,11200,0,0,0,17115675,17115675,2952
144693,535,507,1082,2,0,11200,0,0,0,17116683,17116683,2952
144708,535,531,1082,2,0,11200,0,0,0,17117776,17117776,2952
144726,535,571,1082,2,0,11200,0,0,0,17118772,17118772,2952
144742,535,598,1082,2,0,11200,0,0,0,17119769,17119769,2952
144757,535,622,1082,2,0,11200,0,0,0,17120698,17120698,2952
144773,535,662,1082,2,0,11200,0,0,0,17121761,17121761,2952
144790,535,691,1082,2,0,11200,0,0,0,17122833,17122833,2952
144805,535,724,1082,2,0,11200,0,0,0,17123741,17123741,2952
144821,535,768,1082,2,0,11200,0,0,0,17124756,17124756,2952
144838,535,802,1082,2,0,11200,0,0,0,17125745,17125745,2952
144853,535,839,1082,2,0,11200,0,0,0,17126757,17126757,2952
144869,535,876,1082,2,0,11200,0,0,0,17127656,17127656,2952
144884,535,893,1082,2,0,11200,0,0,0,17128391,17128391,2952
144899,535,949,1082,2,0,11200,0,0,0,17129388,17129388,2952
144914,535,990,1082,2,0,11200,0,0,0,17130385,17130385,2952
144930,535,1013,1082,2,0,11200,0,0,0,17131474,17131474,2952
144946,536,1044,1082,2,0,11200,0,0,0,17132335,17132335,2952
144961,536,1,1082,2,0,11200,0,0,0,17133181,17133181,2952
144976,536,25,1082,2,0,11200,0,0,0,17134278,17134278,2952
144992,536,78,1082,2,0,11200,0,0,0,17135230,17135230,2952
145008,536,131,1082,2,0,11200,0,0,0,17136543,17136543,2952
145024,536,161,1082,2,0,11200,0,0,0,17137611,17137611,2952
145039,536,188,1082,2,0,11200,0,0,0,17138722,17138722,2952
145055,536,221,1082,2,0,11200,0,0,0,17139779,17139779,2952
145070,536,246,1082,2,0,11200,0,0,0,17140908,17140908,2952
145086,536,265,1082,2,0,11200,0,0,0,17141901,17141901,2952
145102,536,303,1082,2,0,11200,0,0,0,17143064,17143064,2952
145117,536,343,1082,2,0,11200,0,0,0,17144118,17144118,2952
145133,536,380,1082,2,0,11200,0,0,0,17145018,17145018,2952
145148,536,419,1082,2,0,11200,0,0,0,17146024,17146024,2952
145164,536,458,1082,2,0,11200,0,0,0,17147027,17147027,2952
145180,536,493,1082,2,0,11200,0,0,0,17148059,17148059,2952
145196,536,516,1082,2,0,11200,0,0,0,17149087,17149087,2952
145211,536,553,1082,2,0,11200,0,0,0,17149959,17149959,2952
145227,536,579,1082,2,0,11200,0,0,0,17150956,17150956,2952
145242,536,608,1082,2,0,11200,0,0,0,17151968,17151968,2952
145258,536,641,1082,2,0,11200,0,0,0,17153009,17153009,2952
145274,536,686,1082,2,0,11200,0,0,0,17153966,17153966,2952
145289,536,719,1082,2,0,11200,0,0,0,17154992,17154992,2952
145304,536,769,1082,2,0,11200,0,0,0,17156009,17156009,2952
145320,536,822,1082,2,0,11200,0,0,0,17157019,17157019,2952
145336,536,856,1082,2,0,11200,0,0,0,17157912,17157912,2952
145354,536,886,1082,2,0,11200,0,0,0,17158983,17158983,2952
145370,536,920,1082,2,0,11200,0,0,0,17159940,17159940,2952
145385,536,950,1082,2,0,11200,0,0,0,17160887,17160887,2952
145402,536,996,1082,2,0,11200,0,0,0,17161723,17161723,2952
145418,536,1021,1082,2,0,11200,0,0,0,17162820,17162820,2952
145434,537,1064,1082,2,0,11200,0,0,0,17163781,17163781,2952
145449,537,19,1082,2,0,11200,0,0,0,17164931,17164931,2952
145465,537,47,1082,2,0,11200,0,0,0,17165962,17165962,2952
145480,537,121,1082,2,0,11200,0,0,0,17167077,17167077,2952
145495,537,148,1082,2,0,11200,0,0,0,17168211,17168211,2952
145511,537,171,1082,2,0,11200,0,0,0,17169168,17169168,2952
145526,537,194,1082,2,0,11200,0,0,0,17170163,17170163,2952
145541,537,218,1082,2,0,11200,0,0,0,17171287,17171287,2952
145557,537,246,1082,2,0,11200,0,0,0,17172358,17172358,2952
145573,537,266,1082,2,0,11200,0,0,0,17173268,17173268,2952
145588,537,303,1082,2,0,11200,0,0,0,17174412,17174412,2952
145603,537,327,1082,2,0,11200,0,0,0,17175404,17175404,2952
145620,537,366,1082,2,0,11200,0,0,0,17176505,17176505,2952
145635,537,394,1082,2,0,11200,0,0,0,17177539,17177539,2952
145650,537,423,1082,2,0,11200,0,0,0,17178535,17178535,2952
145666,537,456,1082,2,0,11200,0,0,0,17179582,17179582,2952
145682,537,486,1082,2,0,11200,0,0,0,17180532,17180532,2952
145697,537,508,1082,2,0,11200,0,0,0,17181522,17181522,2952
145712,537,528,1082,2,0,11200,0,0,0,17182447,17182447,2952
145728,537,555,1082,2,0,11200,0,0,0,17183363,17183363,2952
145744,537,580,1082,2,0,11200,0,0,0,17184387,17184387,2952
145759,537,606,1082,2,0,11200,0,0,0,17185339,17185339,2952
145775,537,641,1082,2,0,11200,0,0,0,17186370,17186370,2952
145791,537,671,1082,2,0,11200,0,0,0,17187247,17187247,2952
145807,537,704,1082,2,0,11200,0,0,0,17188221,17188221,2952
145823,537,749,1082,2,0,11200,0,0,0,17189165,17189165,2952
145839,537,779,1082,2,0,11200,0,0,0,17190127,17190127,2952
145854,537,820,1082,2,0,11200,0,0,0,17191104,17191104,2952
145870,537,854,1082,2,0,11200,0,0,0,17192051,17192051,2952
145885,537,882,1082,2,0,11200,0,0,0,17193039,17193039,2952
145901,537,901,1082,2,0,11200,0,0,0,17193903,17193903,2952
145916,537,922,1082,2,0,11200,0,0,0,17194903,17194903,2952
145932,537,960,1082,2,0,11200,0,0,0,17195974,17195974,2952
145948,537,999,1082,2,0,11200,0,0,0,17196966,17196966,2952
145963,537,1021,1082,2,0,11200,0,0,0,17198024,17198024,2952
145979,538,4,1082,2,0,11200,0,0,0,17199037,17199037,2952
145994,538,29,1082,2,0,11200,0,0,0,17200250,17200250,2952
146010,538,76,1082,2,0,11200,0,0,0,17201066,17201066,2952
146025,538,122,1082,2,0,11200,0,0,0,17202219,17202219,2952
146040,538,154,1082,2,0,11200,0,0,0,17203453,17203453,2952
146056,538,178,1082,2,0,11200,0,0,0,17204497,17204497,2952
146072,538,206,1082,2,0,11200,0,0,0,17205518,17205518,2952
146087,538,232,1082,2,0,11200,0,0,0,17206602,17206602,2952
146103,538,262,1082,2,0,11200,0,0,0,17207728,17207728,2952
146118,538,308,1082,2,0,11200,0,0,0,17208867,17208867,2952
146134,538,345,1082,2,0,11200,0,0,0,17209908,17209908,2952
146149,538,387,1082,2,0,11200,0,0,0,17210909,17210909,2952
146165,538,423,1082,2,0,11200,0,0,0,17211976,17211976,2952
146181,538,458,1082,2,0,11200,0,0,0,17213035,17213035,2952
146197,538,487,1082,2,0,11200,0,0,0,17213968,17213968,2952
146213,538,523,1082,2,0,11200,0,0,0,17215043,17215043,2952
146228,538,555,1082,2,0,11200,0,0,0,17215985,17215985,2952
146245,538,581,1082,2,0,11200,0,0,0,17217065,17217065,2952
146260,538,614,1082,2,0,11200,0,0,0,17218091,17218091,2952
146275,538,653,1082,2,0,11200,0,0,0,17219080,17219080,2952
146291,538,695,1082,2,0,11200,0,0,0,17220113,17220113,2952
146307,538,725,1082,2,0,11200,0,0,0,17221039,17221039,2952
146322,538,776,1082,2,0,11200,0,0,0,17221989,17221989,2952
146338,538,796,1082,2,0,11200,0,0,0,17222834,17222834,2952
146354,538,828,1082,2,0,11200,0,0,0,17223888,17223888,2952
146369,538,869,1082,2,0,11200,0,0,0,17224832,17224832,2952
146385,538,892,1082,2,0,11200,0,0,0,17225667,17225667,2952
146401,538,918,1082,2,0,11200,0,0,0,17226631,17226631,2952
146417,538,951,1082,2,0,11200,0,0,0,17227653,17227653,2952
146432,538,983,1082,2,0,11200,0,0,0,17228587,17228587,2952
146448,538,1013,1082,2,0,11200,0,0,0,17229481,17229481,2952
146463,539,1053,1082,2,0,11200,0,0,0,17230404,17230404,2952
146478,539,18,1082,2,0,11200,0,0,0,17231603,17231603,2952
146495,539,47,1082,2,0,11200,0,0,0,17232611,17232611,2952
146510,539,100,1082,2,0,11200,0,0,0,17233457,17233457,2952
146526,539,130,1082,2,0,11200,0,0,0,17234768,17234768,2952
146541,539,151,1082,2,0,11200,0,0,0,17235906,17235906,2952
146557,539,176,1082,2,0,11200,0,0,0,17236950,17236950,2952
146572,539,203,1082,2,0,11200,0,0,0,17237908,17237908,2952
146588,539,226,1082,2,0,11200,0,0,0,17238948,17238948,2952
146603,539,251,1082,2,0,11200,0,0,0,17240015,17240015,2952
146619,539,278,1082,2,0,11200,0,0,0,17241088,17241088,2952
146634,539,309,1082,2,0,11200,0,0,0,17242125,17242125,2952
146650,539,348,1082,2,0,11200,0,0,0,17243261,17243261,2952
146665,539,381,1082,2,0,11200,0,0,0,17244265,17244265,2952
146680,539,414,1082,2,0,11200,0,0,0,17245287,17245287,2952
146696,539,450,1082,2,0,11200,0,0,0,17246315,17246315,2952
146711,539,489,1082,2,0,11200,0,0,0,17247294,17247294,2952
146726,539,516,1082,2,0,11200,0,0,0,17248350,17248350,2952
146742,539,552,1082,2,0,11200,0,0,0,17249222,17249222,2952
146757,539,581,1082,2,0,11200,0,0,0,17250112,17250112,2952
146773,539,607,1082,2,0,11200,0,0,0,17251033,17251033,2952
146789,539,627,1082,2,0,11200,0,0,0,17251919,17251919,2952
146805,539,664,1082,2,0,11200,0,0,0,17252971,17252971,2952
146821,539,697,1082,2,0,11200,0,0,0,17254020,17254020,2952
146837,539,737,1082,2,0,11200,0,0,0,17255063,17255063,2952
146854,539,786,1082,2,0,11200,0,0,0,17255981,17255981,2952
146870,539,822,1082,2,0,11200,0,0,0,17256911,17256911,2952
146886,539,868,1082,2,0,11200,0,0,0,17257867,17257867,2952
146901,539,889,1082,2,0,11200,0,0,0,17258618,17258618,2952
146916,539,919,1082,2,0,11200,0,0,0,17259508,17259508,2952
146932,539,961,1082,2,0,11200,0,0,0,17260622,17260622,2952
146947,539,1002,1082,2,0,11200,0,0,0,17261596,17261596,2952
146963,540,1045,1082,2,0,11200,0,0,0,17262666,17262666,2952
146978,540,4,1082,2,0,11200,0,0,0,17263572,17263572,2952
146993,540,40,1082,2,0,11200,0,0,0,17264672,17264672,2952
147008,540,106,1082,2,0,11200,0,0,0,17265594,17265594,2952
147023,540,137,1082,2,0,11200,0,0,0,17266909,17266909,2952
147039,540,173,1082,2,0,11200,0,0,0,17267972,17267972,2952
147054,540,208,1082,2,0,11200,0,0,0,17268973,17268973,2952
147071,540,229,1082,2,0,11200,0,0,0,17269977,17269977,2952
147086,540,258,1082,2,0,11200,0,0,0,17271047,17271047,2952
147101,540,294,1082,2,0,11200,0,0,0,17272111,17272111,2952
147116,540,330,1082,2,0,11200,0,0,0,17273076,17273076,2952
147132,540,365,1082,2,0,11200,0,0,0,17274130,17274130,2952
147148,540,401,1082,2,0,11200,0,0,0,17275193,17275193,2952
147164,540,431,1082,2,0,11200,0,0,0,17276225,17276225,2952
147179,540,464,1082,2,0,11200,0,0,0,17277191,17277191,2952
147195,540,498,1082,2,0,11200,0,0,0,17278267,17278267,2952
147211,540,519,1082,2,0,11200,0,0,0,17279272,17279272,2952
147226,540,539,1082,2,0,11200,0,0,0,17280149,17280149,2952
147242,540,572,1082,2,0,11200,0,0,0,17281179,17281179,2952
147258,540,604,1082,2,0,11200,0,0,0,17282196,17282196,2952
147273,540,622,1082,2,0,11200,0,0,0,17283117,17283117,2952
147289,540,662,1082,2,0,11200,0,0,0,17284192,17284192,2952
147305,540,697,1082,2,0,11200,0,0,0,17285243,17285243,2952
147320,540,725,1082,2,0,11200,0,0,0,17286159,17286159,2952
147337,540,771,1082,2,0,11200,0,0,0,17287168,17287168,2952
147352,540,819,1082,2,0,11200,0,0,0,17288151,17288151,2952
147368,540,863,1082,2,0,11200,0,0,0,17289111,17289111,2952
147388,540,886,1082,2,0,11200,0,0,0,17289751,17289751,2952
147403,540,912,1082,2,0,11200,0,0,0,17290782,17290782,2952
147419,540,947,1082,2,0,11200,0,0,0,17291862,17291862,2952
147435,540,996,1082,2,0,11200,0,0,0,17292871,17292871,2952
147451,540,1023,1082,2,0,11200,0,0,0,17293848,17293848,2952
147467,541,1053,1082,2,0,11200,0,0,0,17294737,17294737,2952
147482,541,12,1082,2,0,11200,0,0,0,17295747,17295747,2952
147498,541,43,1082,2,0,11200,0,0,0,17296841,17296841,2952
147513,541,112,1082,2,0,11200,0,0,0,17297852,17297852,2952
147529,541,142,1082,2,0,11200,0,0,0,17299168,17299168,2952
147544,541,181,1082,2,0,11200,0,0,0,17300307,17300307,2952
147560,541,209,1082,2,0,11200,0,0,0,17301408,17301408,2952
147575,541,231,1082,2,0,11200,0,0,0,17302422,17302422,2952
147590,541,262,1082,2,0,11200,0,0,0,17303576,17303576,2952
147605,541,300,1082,2,0,11200,0,0,0,17304634,17304634,2952
147620,541,329,1082,2,0,11200,0,0,0,17305622,17305622,2952
147636,541,362,1082,2,0,11200,0,0,0,17306619,17306619,2952
147652,541,389,1082,2,0,11200,0,0,0,17307560,17307560,2952
147668,541,423,1082,2,0,11200,0,0,0,17308550,17308550,2952
147683,541,462,1082,2,0,11200,0,0,0,17309494,17309494,2952
147698,541,501,1082,2,0,11200,0,0,0,17310487,17310487,2952
147714,541,527,1082,2,0,11200,0,0,0,17311524,17311524,2952
147729,541,557,1082,2,0,11200,0,0,0,17312457,17312457,2952
147745,541,589,1082,2,0,11200,0,0,0,17313418,17313418,2952
147762,541,614,1082,2,0,11200,0,0,0,17314408,17314408,2952
147778,541,662,1082,2,0,11200,0,0,0,17315509,17315509,2952
147793,541,692,1082,2,0,11200,0,0,0,17316461,17316461,2952
147808,541,724,1082,2,0,11200,0,0,0,17317334,17317334,2952
147825,541,769,1082,2,0,11200,0,0,0,17318355,17318355,2952
147841,541,808,1082,2,0,11200,0,0,0,17319298,17319298,2952
147857,541,863,1082,2,0,11200,0,0,0,17320306,17320306,2952
147873,541,888,1082,2,0,11200,0,0,0,17321288,17321288,2952
147889,541,915,1082,2,0,11200,0,0,0,17322270,17322270,2952
147904,541,963,1082,2,0,11200,0,0,0,17323224,17323224,2952
147920,541,999,1082,2,0,11200,0,0,0,17324256,17324256,2952
147936,541,1023,1082,2,0,11200,0,0,0,17325290,17325290,2952
147952,542,3,1082,2,0,11200,0,0,0,17326278,17326278,2952
147967,542,28,1082,2,0,11200,0,0,0,17327311,17327311,2952
147982,542,66,1082,2,0,11200,0,0,0,17328245,17328245,2952
147997,542,121,1082,2,0,11200,0,0,0,17329450,17329450,2952
148013,542,154,1082,2,0,11200,0,0,0,17330657,17330657,2952
148028,542,175,1082,2,0,11200,0,0,0,17331684,17331684,2952
148044,542,209,1082,2,0,11200,0,0,0,17332707,17332707,2952
148061,542,229,1082,2,0,11200,0,0,0,17333830,17333830,2952
148076,542,251,1082,2,0,11200,0,0,0,17334958,17334958,2952
148092,542,284,1082,2,0,11200,0,0,0,17336040,17336040,2952
148107,542,316,1082,2,0,11200,0,0,0,17337161,17337161,2952
148123,542,349,1082,2,0,11200,0,0,0,17338224,17338224,2952
148139,542,385,1082,2,0,11200,0,0,0,17339245,17339245,2952
148155,542,414,1082,2,0,11200,0,0,0,17340298,17340298,2952
148171,542,438,1082,2,0,11200,0,0,0,17341305,17341305,2952
148186,542,468,1082,2,0,11200,0,0,0,17342241,17342241,2952
148201,542,498,1082,2,0,11200,0,0,0,17343267,17343267,2952
148217,542,519,1082,2,0,11200,0,0,0,17344354,17344354,2952
148232,542,548,1082,2,0,11200,0,0,0,17345371,17345371,2952
148248,542,590,1082,2,0,11200,0,0,0,17346391,17346391,2952
148263,542,608,1082,2,0,11200,0,0,0,17347388,17347388,2952
148278,542,635,1082,2,0,11200,0,0,0,17348348,17348348,2952
148293,542,673,1082,2,0,11200,0,0,0,17349285,17349285,2952
148309,542,697,1082,2,0,11200,0,0,0,17350233,17350233,2952
148324,542,733,1082,2,0,11200,0,0,0,17351148,17351148,2952
148339,542,783,1082,2,0,11200,0,0,0,17352027,17352027,2952
148355,542,820,1082,2,0,11200,0,0,0,17352982,17352982,2952
148371,542,865,1082,2,0,11200,0,0,0,17353967,17353967,2952
148387,542,888,1082,2,0,11200,0,0,0,17354822,17354822,2952
148402,542,922,1082,2,0,11200,0,0,0,17355786,17355786,2952
148418,542,961,1082,2,0,11200,0,0,0,17356871,17356871,2952
148434,542,1003,1082,2,0,11200,0,0,0,17357922,17357922,2952
148449,542,1033,1083,3,0,11200,0,0,0,17358883,17358883,2952
148466,543,1067,1083,3,0,11200,0,0,0,17359793,17359793,2952
148481,543,12,1083,2,0,11200,0,0,0,17360896,17360896,2952
148496,543,42,1083,2,0,11200,0,0,0,17361961,17361961,2952
148513,543,91,1083,2,0,11200,0,0,0,17362850,17362850,2952
148528,543,131,1083,2,0,11200,0,0,0,17364200,17364200,2952
148544,543,164,1083,2,0,11200,0,0,0,17365274,17365274,2952
148559,543,183,1083,2,0,11200,0,0,0,17366291,17366291,2952
148575,543,215,1083,2,0,11200,0,0,0,17367324,17367324,2952
148590,543,230,1083,2,0,11200,0,0,0,17368229,17368229,2952
148605,543,251,1083,2,0,11200,0,0,0,17369449,17369449,2952
148621,543,278,1083,2,0,11200,0,0,0,17370578,17370578,2952
148637,543,323,1084,3,0,11200,0,0,0,17371634,17371634,2952
148652,543,363,1084,3,0,11200,0,0,0,17372617,17372617,2952
148667,543,394,1084,3,0,11200,0,0,0,17373675,17373675,2952
148684,543,427,1084,3,0,11200,0,0,0,17374716,17374716,2952
148700,543,454,1084,3,0,11200,0,0,0,17375638,17375638,2952
148715,543,475,1084,3,0,11200,0,0,0,17376488,17376488,2952
148730,543,501,1084,3,0,11200,0,0,0,17377419,17377419,2952
148745,543,526,1084,3,0,11200,0,0,0,17378407,17378407,2952
148761,543,554,1084,3,0,11200,0,0,0,17379334,17379334,2952
148776,543,583,1084,3,0,11200,0,0,0,17380391,17380391,2952
148792,543,611,1084,3,0,11200,0,0,0,17381444,17381444,2952
148808,543,631,1084,3,0,11200,0,0,0,17382504,17382504,2952
148823,543,658,1084,3,0,11200,0,0,0,17383519,17383519,2952
148838,543,695,1084,3,0,11200,0,0,0,17384474,17384474,2952
148854,543,724,1084,3,0,11200,0,0,0,17385455,17385455,2952
148869,543,769,1084,3,0,11200,0,0,0,17386460,17386460,2952
148885,543,801,1084,3,0,11200,0,0,0,17387438,17387438,2952
148900,543,844,1084,3,0,11200,0,0,0,17388443,17388443,2952
148917,543,886,1084,3,0,11200,0,0,0,17389342,17389342,2952
148933,543,911,1084,3,0,11200,0,0,0,17390316,17390316,2952
148948,543,948,1084,3,0,11200,0,0,0,17391335,17391335,2952
148964,543,998,1084,3,0,11200,0,0,0,17392376,17392376,2952
148981,543,1026,1084,3,0,11200,0,0,0,17393485,17393485,2952
148996,544,1063,1084,3,0,11200,0,0,0,17394490,17394490,2952
149012,544,17,1084,3,0,11200,0,0,0,17395619,17395619,2952
149027,544,46,1084,3,0,11200,0,0,0,17396610,17396610,2952
149043,544,115,1084,3,0,11200,0,0,0,17397700,17397700,2952
149059,544,146,1084,3,0,11200,0,0,0,17398927,17398927,2952
149074,544,176,1084,3,0,11200,0,0,0,17400058,17400058,2952
149090,544,196,1084,3,0,11200,0,0,0,17401001,17401001,2952
149106,544,224,1084,3,0,11200,0,0,0,17402088,17402088,2952
149121,544,249,1084,3,0,11200,0,0,0,17403299,17403299,2952
149137,544,284,1084,3,0,11200,0,0,0,17404331,17404331,2952
149152,544,320,1084,3,0,11200,0,0,0,17405386,17405386,2952
149168,544,358,1084,3,0,11200,0,0,0,17406400,17406400,2952
149184,544,380,1084,3,0,11200,0,0,0,17407345,17407345,2952
149199,544,419,1084,3,0,11200,0,0,0,17408392,17408392,2952
149215,544,451,1084,3,0,11200,0,0,0,17409450,17409450,2952
149231,544,482,1084,3,0,11200,0,0,0,17410427,17410427,2952
149246,544,509,1084,3,0,11200,0,0,0,17411530,17411530,2952
149261,544,532,1084,3,0,11200,0,0,0,17412451,17412451,2952
149277,544,563,1084,3,0,11200,0,0,0,17413495,17413495,2952
149293,544,589,1084,3,0,11200,0,0,0,17414504,17414504,2952
149309,544,609,1084,3,0,11200,0,0,0,17415513,17415513,2952
149325,544,643,1084,3,0,11200,0,0,0,17416482,17416482,2952
149341,544,674,1084,3,0,11200,0,0,0,17417510,17417510,2952
149357,544,711,1084,3,0,11200,0,0,0,17418499,17418499,2952
149373,544,737,1084,3,0,11200,0,0,0,17419454,17419454,2952
149388,544,783,1084,3,0,11200,0,0,0,17420374,17420374,2952
149403,544,826,1084,3,0,11200,0,0,0,17421306,17421306,2952
149419,544,863,1084,3,0,11200,0,0,0,17422214,17422214,2952
149435,544,889,1084,3,0,11200,0,0,0,17423214,17423214,2952
149450,544,924,1084,3,0,11200,0,0,0,17424239,17424239,2952
149466,544,966,1084,3,0,11200,0,0,0,17425339,17425339,2952
149482,544,1013,1084,3,0,11200,0,0,0,17426344,17426344,2952
149498,545,1052,1084,3,0,11200,0,0,0,17427293,17427293,2952
149514,545,6,1084,3,0,11200,0,0,0,17428329,17428329,2952
149530,545,42,1084,3,0,11200,0,0,0,17429507,17429507,2952
149545,545,105,1084,3,0,11200,0,0,0,17430453,17430453,2952
149560,545,131,1084,3,0,11200,0,0,0,17431823,17431823,2952
149577,545,154,1084,3,0,11200,0,0,0,17433130,17433130,2952
149593,545,188,1084,3,0,11200,0,0,0,17434202,17434202,2952
149608,545,216,1084,3,0,11200,0,0,0,17435254,17435254,2952
149623,545,238,1084,3,0,11200,0,0,0,17436308,17436308,2952
149638,545,263,1084,3,0,11200,0,0,0,17437416,17437416,2952
149654,545,301,1084,3,0,11200,0,0,0,17438560,17438560,2952
149669,545,337,1084,3,0,11200,0,0,0,17439529,17439529,2952
149685,545,380,1084,3,0,11200,0,0,0,17440488,17440488,2952
149700,545,419,1084,3,0,11200,0,0,0,17441594,17441594,2952
149716,545,456,1084,3,0,11200,0,0,0,17442665,17442665,2952
149731,545,482,1084,3,0,11200,0,0,0,17443643,17443643,2952
149747,545,513,1084,3,0,11200,0,0,0,17444742,17444742,2952
149763,545,539,1084,3,0,11200,0,0,0,17445679,17445679,2952
149779,545,571,1084,3,0,11200,0,0,0,17446630,17446630,2952
149794,545,608,1084,3,0,11200,0,0,0,17447620,17447620,2952
149810,545,635,1084,3,0,11200,0,0,0,17448631,17448631,2952
149826,545,677,1084,3,0,11200,0,0,0,17449710,17449710,2952
149842,545,707,1084,3,0,11200,0,0,0,17450678,17450678,2952
149857,545,745,1084,3,0,11200,0,0,0,17451698,17451698,2952
149874,545,778,1084,3,0,11200,0,0,0,17452539,17452539,2952
149889,545,819,1084,3,0,11200,0,0,0,17453520,17453520,2952
149905,545,861,1084,3,0,11200,0,0,0,17454481,17454481,2952
149920,545,894,1084,3,0,11200,0,0,0,17455461,17455461,2952
149936,545,925,1084,3,0,11200,0,0,0,17456502,17456502,2952
149953,545,985,1084,3,0,11200,0,0,0,17457513,17457513,2952
149968,545,1016,1084,3,0,11200,0,0,0,17458471,17458471,2952
149984,546,1059,1084,3,0,11200,0,0,0,17459487,17459487,2952
150000,546,12,1084,3,0,11200,0,0,0,17460605,17460605,2952
150015,546,47,1084,3,0,11200,0,0,0,17461761,17461761,2952
150030,546,110,1084,3,0,11200,0,0,0,17462726,17462726,2952
150046,546,134,1084,3,0,11200,0,0,0,17464054,17464054,2952
150061,546,158,1084,3,0,11200,0,0,0,17465074,17465074,2952
150077,546,203,1084,3,0,11200,0,0,0,17466192,17466192,2952
150093,546,229,1084,3,0,11200,0,0,0,17467254,17467254,2952
150108,546,258,1084,3,0,11200,0,0,0,17468341,17468341,2952
150124,546,290,1084,3,0,11200,0,0,0,17469424,17469424,2952
150139,546,330,1084,3,0,11200,0,0,0,17470473,17470473,2952
150155,546,367,1084,3,0,11200,0,0,0,17471523,17471523,2952
150170,546,402,1084,3,0,11200,0,0,0,17472464,17472464,2952
150186,546,434,1084,3,0,11200,0,0,0,17473550,17473550,2952
150202,546,460,1084,3,0,11200,0,0,0,17474448,17474448,2952
150217,546,482,1084,3,0,11200,0,0,0,17475308,17475308,2952
150233,546,503,1084,3,0,11200,0,0,0,17476302,17476302,2952
150248,546,527,1084,3,0,11200,0,0,0,17477408,17477408,2952
150263,546,555,1084,3,0,11200,0,0,0,17478252,17478252,2952
150278,546,591,1084,3,0,11200,0,0,0,17479227,17479227,2952
150294,546,620,1084,3,0,11200,0,0,0,17480252,17480252,2952
150309,546,651,1084,3,0,11200,0,0,0,17481313,17481313,2952
150325,546,697,1084,3,0,11200,0,0,0,17482304,17482304,2952
150340,546,731,1084,3,0,11200,0,0,0,17483177,17483177,2952
150356,546,778,1084,3,0,11200,0,0,0,17484070,17484070,2952
150372,546,819,1084,3,0,11200,0,0,0,17485009,17485009,2952
150387,546,860,1084,3,0,11200,0,0,0,17485935,17485935,2952
150407,546,886,1084,3,0,11200,0,0,0,17486892,17486892,2952
150423,546,918,1084,3,0,11200,0,0,0,17487999,17487999,2952
150439,546,960,1084,3,0,11200,0,0,0,17489071,17489071,2952
150455,546,994,1084,3,0,11200,0,0,0,17489952,17489952,2952
150471,546,1022,1084,3,0,11200,0,0,0,17491053,17491053,2952
150487,547,1066,1084,3,0,11200,0,0,0,17492091,17492091,2952
150502,547,23,1084,3,0,11200,0,0,0,17493240,17493240,2952
150517,547,65,1084,3,0,11200,0,0,0,17494136,17494136,2952
150533,547,117,1084,3,0,11200,0,0,0,17495253,17495253,2952
150549,547,146,1084,3,0,11200,0,0,0,17496495,17496495,2952
150564,547,171,1084,3,0,11200,0,0,0,17497605,17497605,2952
150580,547,199,1084,3,0,11200,0,0,0,17498626,17498626,2952
150595,547,226,1084,3,0,11200,0,0,0,17499682,17499682,2952
150611,547,252,1084,3,0,11200,0,0,0,17500850,17500850,2952
150627,547,291,1084,3,0,11200,0,0,0,17501904,17501904,2952
150642,547,330,1084,3,0,11200,0,0,0,17502968,17502968,2952
150658,547,371,1084,3,0,11200,0,0,0,17504046,17504046,2952
150673,547,411,1084,3,0,11200,0,0,0,17505111,17505111,2952
150689,547,447,1084,3,0,11200,0,0,0,17506142,17506142,2952
150704,547,473,1084,3,0,11200,0,0,0,17507126,17507126,2952
150719,547,501,1084,3,0,11200,0,0,0,17508119,17508119,2952
150734,547,523,1084,3,0,11200,0,0,0,17509212,17509212,2952
150749,547,557,1084,3,0,11200,0,0,0,17510236,17510236,2952
150765,547,590,1084,3,0,11200,0,0,0,17511092,17511092,2952
150781,547,616,1084,3,0,11200,0,0,0,17512052,17512052,2952
150797,547,652,1084,3,0,11200,0,0,0,17513142,17513142,2952
150814,547,688,1084,3,0,11200,0,0,0,17514172,17514172,2952
150830,547,725,1084,3,0,11200,0,0,0,17515147,17515147,2952
150845,547,777,1084,3,0,11200,0,0,0,17516090,17516090,2952
150861,547,820,1084,3,0,11200,0,0,0,17517008,17517008,2952
150876,547,848,1084,3,0,11200,0,0,0,17517982,17517982,2952
150892,547,885,1084,3,0,11200,0,0,0,17518963,17518963,2952
150907,547,920,1084,3,0,11200,0,0,0,17519984,17519984,2952
150923,547,957,1084,3,0,11200,0,0,0,17521061,17521061,2952
150938,547,1001,1084,3,0,11200,0,0,0,17522042,17522042,2952
150953,547,1033,1084,3,0,11200,0,0,0,17523044,17523044,2952
150968,548,2,1084,3,0,11200,0,0,0,17523988,17523988,2952
150983,548,31,1084,3,0,11200,0,0,0,17525174,17525174,2952
150999,548,83,1084,3,0,11200,0,0,0,17526067,17526067,2952
151015,548,129,1084,3,0,11200,0,0,0,17527401,17527401,2952
151030,548,164,1084,3,0,11200,0,0,0,17528396,17528396,2952
151047,548,194,1084,3,0,11200,0,0,0,17529533,17529533,2952
151062,548,221,1084,3,0,11200,0,0,0,17530618,17530618,2952
151077,548,243,1084,3,0,11200,0,0,0,17531689,17531689,2952
151093,548,265,1084,3,0,11200,0,0,0,17532764,17532764,2952
151108,548,308,1084,3,0,11200,0,0,0,17533881,17533881,2952
151123,548,343,1084,3,0,11200,0,0,0,17534879,17534879,2952
151139,548,377,1084,3,0,11200,0,0,0,17535882,17535882,2952
151154,548,401,1084,3,0,11200,0,0,0,17536825,17536825,2952
151170,548,429,1084,3,0,11200,0,0,0,17537809,17537809,2952
151186,548,462,1084,3,0,11200,0,0,0,17538822,17538822,2952
151202,548,495,1084,3,0,11200,0,0,0,17539812,17539812,2952
151218,548,517,1084,3,0,11200,0,0,0,17540898,17540898,2952
151234,548,548,1085,4,0,11200,0,0,0,17541890,17541890,2952
151250,548,579,1085,4,0,11200,0,0,0,17542866,17542866,2952
151266,548,604,1085,4,0,11200,0,0,0,17543806,17543806,2952
151281,548,623,1085,4,0,11200,0,0,0,17544711,17544711,2952
151297,548,652,1085,4,0,11200,0,0,0,17545776,17545776,2952
151314,548,697,1085,4,0,11200,0,0,0,17546839,17546839,2952
151330,548,732,1085,4,0,11200,0,0,0,17547840,17547840,2952
151346,548,777,1085,4,0,11200,0,0,0,17548780,17548780,2952
151362,548,826,1085,4,0,11200,0,0,0,17549841,17549841,2952
151377,548,868,1085,4,0,11200,0,0,0,17550743,17550743,2952
151393,548,893,1085,4,0,11200,0,0,0,17551575,17551575,2952
151408,548,924,1085,4,0,11200,0,0,0,17552516,17552516,2952
151424,548,965,1085,4,0,11200,0,0,0,17553630,17553630,2952
151439,548,1009,1085,4,0,11200,0,0,0,17554623,17554623,2952
151455,549,1043,1085,4,0,11200,0,0,0,17555626,17555626,2952
151471,549,6,1085,4,0,11200,0,0,0,17556763,17556763,2952
151488,549,44,1085,4,0,11200,0,0,0,17557895,17557895,2952
151503,549,105,1085,4,0,11200,0,0,0,17558749,17558749,2952
151519,549,132,1085,4,0,11200,0,0,0,17560141,17560141,2952
151534,549,158,1085,4,0,11200,0,0,0,17561207,17561207,2952
151549,549,189,1085,4,0,11200,0,0,0,17562278,17562278,2952
151564,549,221,1085,4,0,11200,0,0,0,17563316,17563316,2952
151580,549,241,1085,4,0,11200,0,0,0,17564328,17564328,2952
151595,549,266,1085,4,0,11200,0,0,0,17565376,17565376,2952
151610,549,308,1085,4,0,11200,0,0,0,17566547,17566547,2952
151625,549,333,1085,4,0,11200,0,0,0,17567583,17567583,2952
151641,549,367,1085,4,0,11200,0,0,0,17568640,17568640,2952
151656,549,402,1085,4,0,11200,0,0,0,17569669,17569669,2952
151671,549,423,1085,4,0,11200,0,0,0,17570561,17570561,2952
151686,549,460,1085,4,0,11200,0,0,0,17571526,17571526,2952
151702,549,479,1085,4,0,11200,0,0,0,17572484,17572484,2952
151717,549,514,1085,4,0,11200,0,0,0,17573516,17573516,2952
151734,549,537,1085,4,0,11200,0,0,0,17574465,17574465,2952
151749,549,580,1085,4,0,11200,0,0,0,17575539,17575539,2952
151765,549,607,1085,4,0,11200,0,0,0,17576467,17576467,2952
151781,549,627,1085,4,0,11200,0,0,0,17577480,17577480,2952
151797,549,666,1085,4,0,11200,0,0,0,17578503,17578503,2952
151813,549,698,1085,4,0,11200,0,0,0,17579477,17579477,2952
151829,549,735,1085,4,0,11200,0,0,0,17580351,17580351,2952
151844,549,784,1085,4,0,11200,0,0,0,17581253,17581253,2952
151860,549,824,1085,4,0,11200,0,0,0,17582174,17582174,2952
151876,549,876,1085,4,0,11200,0,0,0,17583205,17583205,2952
151892,549,893,1085,4,0,11200,0,0,0,17584000,17584000,2952
151907,549,915,1085,4,0,11200,0,0,0,17584913,17584913,2952
151923,549,950,1085,4,0,11200,0,0,0,17585931,17585931,2952
151939,549,998,1086,5,0,11200,0,0,0,17586868,17586868,2953
151955,549,1027,1086,5,0,11200,0,0,0,17587922,17587922,2953
151971,550,1076,1086,5,0,11200,0,0,0,17588907,17588907,2953
151986,550,22,1086,4,0,11200,0,0,0,17590077,17590077,2953
152001,550,59,1086,4,0,11200,0,0,0,17591129,17591129,2953
152017,550,121,1086,4,0,11200,0,0,0,17592349,17592349,2953
152032,550,148,1086,4,0,11200,0,0,0,17593604,17593604,2953
152047,550,176,1086,4,0,11200,0,0,0,17594703,17594703,2953
152064,550,212,1086,4,0,11200,0,0,0,17595838,17595838,2953
152079,550,231,1086,4,0,11200,0,0,0,17596908,17596908,2953
152096,550,252,1086,4,0,11200,0,0,0,17598027,17598027,2953
152112,550,288,1086,4,0,11200,0,0,0,17599131,17599131,2953
152127,550,322,1086,4,0,11200,0,0,0,17600150,17600150,2953
152142,550,358,1086,4,0,11200,0,0,0,17601175,17601175,2953
152158,550,397,1086,4,0,11200,0,0,0,17602241,17602241,2953
152174,550,427,1086,4,0,11200,0,0,0,17603295,17603295,2953
152189,550,449,1086,4,0,11200,0,0,0,17604265,17604265,2953
152206,550,473,1086,4,0,11200,0,0,0,17605311,17605311,2953
152222,550,503,1086,4,0,11200,0,0,0,17606297,17606297,2953
152238,550,527,1086,4,0,11200,0,0,0,17607395,17607395,2953
152254,550,568,1086,4,0,11200,0,0,0,17608496,17608496,2953
152270,550,609,1086,4,0,11200,0,0,0,17609491,17609491,2953
152285,550,643,1086,4,0,11200,0,0,0,17610508,17610508,2953
152301,550,677,1086,4,0,11200,0,0,0,17611664,17611664,2953
152317,550,716,1086,4,0,11200,0,0,0,17612587,17612587,2953
152333,550,769,1086,4,0,11200,0,0,0,17613597,17613597,2953
152350,550,808,1086,4,0,11200,0,0,0,17614604,17614604,2953
152366,550,862,1086,4,0,11200,0,0,0,17615548,17615548,2953
152381,550,887,1086,4,0,11200,0,0,0,17616446,17616446,2953
152397,550,922,1086,4,0,11200,0,0,0,17617513,17617513,2953
152412,550,957,1086,4,0,11200,0,0,0,17618548,17618548,2953
152427,550,989,1086,4,0,11200,0,0,0,17619502,17619502,2953
152443,550,1013,1086,4,0,11200,0,0,0,17620500,17620500,2953
152459,551,1044,1086,4,0,11200,0,0,0,17621467,17621467,2953
152474,551,6,1086,4,0,11200,0,0,0,17622431,17622431,2953
152490,551,29,1086,4,0,11200,0,0,0,17623680,17623680,2953
152506,551,83,1086,4,0,11200,0,0,0,17624610,17624610,2953
152521,551,127,1086,4,0,11200,0,0,0,17625927,17625927,2953
152537,551,154,1086,4,0,11200,0,0,0,17627009,17627009,2953
152552,551,185,1086,4,0,11200,0,0,0,17628012,17628012,2953
152567,551,214,1086,4,0,11200,0,0,0,17629064,17629064,2953
152583,551,239,1086,4,0,11200,0,0,0,17630138,17630138,2953
152598,551,264,1086,4,0,11200,0,0,0,17631155,17631155,2953
152614,551,310,1086,4,0,11200,0,0,0,17632314,17632314,2953
152629,551,349,1086,4,0,11200,0,0,0,17633380,17633380,2953
152645,551,385,1086,4,0,11200,0,0,0,17634420,17634420,2953
152661,551,411,1086,4,0,11200,0,0,0,17635466,17635466,2953
152676,551,434,1086,4,0,11200,0,0,0,17636473,17636473,2953
152691,551,460,1086,4,0,11200,0,0,0,17637406,17637406,2953
152707,551,497,1086,4,0,11200,0,0,0,17638454,17638454,2953
152723,551,519,1086,4,0,11200,0,0,0,17639575,17639575,2953
152739,551,546,1086,4,0,11200,0,0,0,17640540,17640540,2953
152755,551,582,1086,4,0,11200,0,0,0,17641602,17641602,2953
152770,551,609,1086,4,0,11200,0,0,0,17642476,17642476,2953
152785,551,646,1086,4,0,11200,0,0,0,17643524,17643524,2953
152801,551,670,1086,4,0,11200,0,0,0,17644530,17644530,2953
152817,551,704,1086,4,0,11200,0,0,0,17645505,17645505,2953
152832,551,731,1086,4,0,11200,0,0,0,17646389,17646389,2953
152848,551,777,1086,4,0,11200,0,0,0,17647421,17647421,2953
152863,551,809,1086,4,0,11200,0,0,0,17648337,17648337,2953
152880,551,851,1086,4,0,11200,0,0,0,17649338,17649338,2953
152901,551,886,1086,4,0,11200,0,0,0,17650296,17650296,2953
152917,551,915,1086,4,0,11200,0,0,0,17651260,17651260,2953
152933,551,951,1086,4,0,11200,0,0,0,17652305,17652305,2953
152948,551,1000,1086,4,0,11200,0,0,0,17653293,17653293,2953
152964,551,1017,1086,4,0,11200,0,0,0,17654133,17654133,2953
152979,552,1045,1086,4,0,11200,0,0,0,17655122,17655122,2953
152995,552,6,1086,4,0,11200,0,0,0,17656135,17656135,2953
153011,552,41,1086,4,0,11200,0,0,0,17657353,17657353,2953
153027,552,110,1086,4,0,11200,0,0,0,17658277,17658277,2953
153043,552,135,1086,4,0,11200,0,0,0,17659725,17659725,2953
153060,552,161,1086,4,0,11200,0,0,0,17660872,17660872,2953
153076,552,196,1086,4,0,11200,0,0,0,17661990,17661990,2953
153092,552,221,1086,4,0,11200,0,0,0,17663093,17663093,2953
153108,552,244,1086,4,0,11200,0,0,0,17664160,17664160,2953
153124,552,279,1086,4,0,11200,0,0,0,17665368,17665368,2953
153140,552,314,1086,4,0,11200,0,0,0,17666472,17666472,2953
153156,552,345,1086,4,0,11200,0,0,0,17667594,17667594,2953
153172,552,385,1086,4,0,11200,0,0,0,17668685,17668685,2953
153188,552,418,1086,4,0,11200,0,0,0,17669790,17669790,2953
153204,552,454,1086,4,0,11200,0,0,0,17670818,17670818,2953
153220,552,478,1086,4,0,11200,0,0,0,17671831,17671831,2953
153236,552,507,1086,4,0,11200,0,0,0,17672904,17672904,2953
153251,552,531,1086,4,0,11200,0,0,0,17673912,17673912,2953
153267,552,565,1086,4,0,11200,0,0,0,17675018,17675018,2953
153284,552,598,1086,4,0,11200,0,0,0,17676099,17676099,2953
153299,552,625,1086,4,0,11200,0,0,0,17677063,17677063,2953
153315,552,654,1086,4,0,11200,0,0,0,17678045,17678045,2953
153331,552,692,1086,4,0,11200,0,0,0,17679059,17679059,2953
153346,552,731,1086,4,0,11200,0,0,0,17679999,17679999,2953
153363,552,777,1086,4,0,11200,0,0,0,17681096,17681096,2953
153378,552,824,1086,4,0,11200,0,0,0,17681976,17681976,2953
153395,552,870,1086,4,0,11200,0,0,0,17683022,17683022,2953
153411,552,893,1086,4,0,11200,0,0,0,17683794,17683794,2953
153426,552,920,1086,4,0,11200,0,0,0,17684672,17684672,2953
153442,552,951,1086,4,0,11200,0,0,0,17685720,17685720,2953
153457,552,996,1086,4,0,11200,0,0,0,17686728,17686728,2953
153473,552,1021,1086,4,0,11200,0,0,0,17687686,17687686,2953
153488,553,1064,1086,4,0,11200,0,0,0,17688669,17688669,2953
153503,553,19,1086,4,0,11200,0,0,0,17689680,17689680,2953
153518,553,52,1086,4,0,11200,0,0,0,17690689,17690689,2953
153534,553,118,1086,4,0,11200,0,0,0,17691826,17691826,2953
153550,553,143,1086,4,0,11200,0,0,0,17693144,17693144,2953
153565,553,169,1086,4,0,11200,0,0,0,17694114,17694114,2953
153581,553,199,1086,4,0,11200,0,0,0,17695135,17695135,2953
153596,553,219,1086,4,0,11200,0,0,0,17696304,17696304,2953
153611,553,248,1086,4,0,11200,0,0,0,17697470,17697470,2953
153627,553,273,1086,4,0,11200,0,0,0,17698442,17698442,2953
153642,553,314,1086,4,0,11200,0,0,0,17699480,17699480,2953
153658,553,348,1086,4,0,11200,0,0,0,17700542,17700542,2953
153674,553,380,1086,4,0,11200,0,0,0,17701471,17701471,2953
153690,553,412,1086,4,0,11200,0,0,0,17702451,17702451,2953
153705,553,439,1086,4,0,11200,0,0,0,17703507,17703507,2953
153720,553,469,1086,4,0,11200,0,0,0,17704420,17704420,2953
153737,553,503,1086,4,0,11200,0,0,0,17705491,17705491,2953
153752,553,533,1086,4,0,11200,0,0,0,17706498,17706498,2953
153767,553,565,1086,4,0,11200,0,0,0,17707488,17707488,2953
153782,553,598,1086,4,0,11200,0,0,0,17708475,17708475,2953
153798,553,630,1086,4,0,11200,0,0,0,17709445,17709445,2953
153814,553,671,1086,4,0,11200,0,0,0,17710497,17710497,2953
153830,553,719,1086,4,0,11200,0,0,0,17711701,17711701,2953
153845,553,789,1086,4,0,11200,0,0,0,17713355,17713355,2953
153861,553,860,1086,4,0,11200,0,0,0,17715237,17715237,2953
153876,553,904,1086,4,0,11200,0,0,0,17716967,17716967,2953
153891,553,985,1086,4,0,11200,0,0,0,17718755,17718755,2953
153907,554,1045,1086,4,0,11200,0,0,0,17720719,17720719,2953
153922,554,29,1086,4,0,11200,0,0,0,17723012,17723012,2953
153937,554,142,1086,4,0,11200,0,0,0,17725256,17725256,2953
153953,554,198,1086,4,0,11200,0,0,0,17727378,17727378,2953
153968,554,249,1086,4,0,11200,0,0,0,17729629,17729629,2953
153984,554,314,1086,4,0,11200,0,0,0,17732058,17732058,2953
153999,554,385,1086,4,0,11200,0,0,0,17734127,17734127,2953
154015,554,454,1086,4,0,11200,0,0,0,17736199,17736199,2953
154030,554,509,1086,4,0,11200,0,0,0,17738266,17738266,2953
154045,554,565,1086,4,0,11200,0,0,0,17740082,17740082,2953
154061,554,617,1086,4,0,11200,0,0,0,17741946,17741946,2953
154079,554,674,1086,4,0,11200,0,0,0,17743824,17743824,2953
154094,554,755,1086,4,0,11200,0,0,0,17745744,17745744,2953
154110,554,838,1086,4,0,11200,0,0,0,17747550,17747550,2953
154125,554,902,1086,4,0,11200,0,0,0,17749225,17749225,2953
154140,554,985,1086,4,0,11200,0,0,0,17751029,17751029,2953
154156,555,1043,1086,4,0,11200,0,0,0,17752719,17752719,2953
154171,555,31,1086,4,0,11200,0,0,0,17755069,17755069,2953
154186,555,127,1086,4,0,11200,0,0,0,17757409,17757409,2953
154202,555,178,1086,4,0,11200,0,0,0,17759710,17759710,2953
154217,555,230,1086,4,0,11200,0,0,0,17761721,17761721,2953
154232,555,301,1086,4,0,11200,0,0,0,17764016,17764016,2953
154248,555,367,1086,4,0,11200,0,0,0,17765993,17765993,2953
154263,555,431,1086,4,0,11200,0,0,0,17768104,17768104,2953
154278,555,486,1086,4,0,11200,0,0,0,17770075,17770075,2953
154293,555,532,1086,4,0,11200,0,0,0,17771876,17771876,2953
154309,555,577,1086,4,0,11200,0,0,0,17773166,17773166,2953
154324,555,645,1086,4,0,11200,0,0,0,17775259,17775259,2953
154339,555,719,1086,4,0,11200,0,0,0,17777360,17777360,2953
154355,555,807,1086,4,0,11200,0,0,0,17779272,17779272,2953
154370,555,885,1086,4,0,11200,0,0,0,17781098,17781098,2953
154385,555,943,1086,4,0,11200,0,0,0,17782980,17782980,2953
154400,555,1014,1086,4,0,11200,0,0,0,17785157,17785157,2953
154416,556,1068,1086,4,0,11200,0,0,0,17786803,17786803,2953
154431,556,81,1086,4,0,11200,0,0,0,17789123,17789123,2953
154446,556,159,1086,4,0,11200,0,0,0,17791578,17791578,2953
154461,556,218,1086,4,0,11200,0,0,0,17793714,17793714,2953
154477,556,282,1086,4,0,11200,0,0,0,17795954,17795954,2953
154492,556,345,1086,4,0,11200,0,0,0,17797944,17797944,2953
154507,556,427,1086,4,0,11200,0,0,0,17799820,17799820,2953
154522,556,492,1086,4,0,11200,0,0,0,17801846,17801846,2953
154537,556,545,1086,4,0,11200,0,0,0,17803828,17803828,2953
154552,556,599,1086,4,0,11200,0,0,0,17805801,17805801,2953
154568,556,662,1086,4,0,11200,0,0,0,17807818,17807818,2953
154583,556,733,1086,4,0,11200,0,0,0,17809761,17809761,2953
154598,556,832,1086,4,0,11200,0,0,0,17811487,17811487,2953
154615,556,886,1086,4,0,11200,0,0,0,17813058,17813058,2953
154631,556,946,1086,4,0,11200,0,0,0,17815158,17815158,2953
154647,556,1009,1086,4,0,11200,0,0,0,17817171,17817171,2953
154662,557,1063,1086,4,0,11200,0,0,0,17818800,17818800,2953
154678,557,52,1086,4,0,11200,0,0,0,17821043,17821043,2953
154693,557,157,1086,4,0,11200,0,0,0,17823426,17823426,2953
154708,557,216,1086,4,0,11200,0,0,0,17825737,17825737,2953
154723,557,266,1086,4,0,11200,0,0,0,17827925,17827925,2953
154738,557,336,1086,4,0,11200,0,0,0,17830061,17830061,2953
154754,557,388,1086,4,0,11200,0,0,0,17832053,17832053,2953
154769,557,452,1086,4,0,11200,0,0,0,17834260,17834260,2953
154784,557,502,1086,4,0,11200,0,0,0,17836157,17836157,2953
154800,557,559,1086,4,0,11200,0,0,0,17838109,17838109,2953
154815,557,606,1086,4,0,11200,0,0,0,17839876,17839876,2953
154830,557,658,1086,4,0,11200,0,0,0,17841828,17841828,2953
154845,557,728,1086,4,0,11200,0,0,0,17843645,17843645,2953
154861,557,812,1086,4,0,11200,0,0,0,17845318,17845318,2953
154876,557,885,1086,4,0,11200,0,0,0,17847101,17847101,2953
154891,557,943,1086,4,0,11200,0,0,0,17848915,17848915,2953
154906,557,1006,1086,4,0,11200,0,0,0,17850570,17850570,2953
154921,558,1085,1086,4,0,11200,0,0,0,17852533,17852533,2953
154937,558,105,1086,4,0,11200,0,0,0,17854917,17854917,2953
154952,558,173,1086,4,0,11200,0,0,0,17857394,17857394,2953
154967,558,234,1086,4,0,11200,0,0,0,17859478,17859478,2953
154983,558,297,1086,4,0,11200,0,0,0,17861676,17861676,2953
154998,558,369,1086,4,0,11200,0,0,0,17863894,17863894,2953
155013,558,438,1086,4,0,11200,0,0,0,17865861,17865861,2953
155028,558,500,1086,4,0,11200,0,0,0,17867671,17867671,2953
155043,558,554,1086,4,0,11200,0,0,0,17869566,17869566,2953
155058,558,616,1086,4,0,11200,0,0,0,17871433,17871433,2953
155074,558,691,1086,4,0,11200,0,0,0,17873563,17873563,2953
155089,558,733,1086,4,0,11200,0,0,0,17875368,17875368,2953
155104,558,799,1086,4,0,11200,0,0,0,17876990,17876990,2953
155119,558,888,1086,4,0,11200,0,0,0,17878918,17878918,2953
155135,558,952,1086,4,0,11200,0,0,0,17880966,17880966,2953
155150,558,1023,1086,4,0,11200,0,0,0,17882922,17882922,2953
155165,559,12,1086,4,0,11200,0,0,0,17884702,17884702,2953
155181,559,80,1086,4,0,11200,0,0,0,17886667,17886667,2953
155197,559,161,1086,4,0,11200,0,0,0,17889229,17889229,2953
155212,559,219,1086,4,0,11200,0,0,0,17891455,17891455,2953
155227,559,264,1086,4,0,11200,0,0,0,17893572,17893572,2953
155243,559,334,1086,4,0,11200,0,0,0,17895725,17895725,2953
155258,559,401,1086,4,0,11200,0,0,0,17897877,17897877,2953
155274,559,468,1086,4,0,11200,0,0,0,17899891,17899891,2953
155289,559,519,1086,4,0,11200,0,0,0,17902016,17902016,2953
155306,559,571,1086,4,0,11200,0,0,0,17903605,17903605,2953
155321,559,620,1086,4,0,11200,0,0,0,17905513,17905513,2953
155336,559,690,1086,4,0,11200,0,0,0,17907591,17907591,2953
155352,559,752,1086,4,0,11200,0,0,0,17909319,17909319,2953
155368,559,821,1086,4,0,11200,0,0,0,17910934,17910934,2953
155383,559,887,1086,4,0,11200,0,0,0,17912737,17912737,2953
155398,559,948,1086,4,0,11200,0,0,0,17914510,17914510,2953
155413,559,1009,1086,4,0,11200,0,0,0,17916116,17916116,2953
155429,560,1076,1086,4,0,11200,0,0,0,17917664,17917664,2953
155444,560,66,1086,4,0,11200,0,0,0,17919901,17919901,2953
155459,560,146,1086,4,0,11200,0,0,0,17922258,17922258,2953
155474,560,205,1086,4,0,11200,0,0,0,17924482,17924482,2953
155490,560,252,1086,4,0,11200,0,0,0,17926797,17926797,2953
155505,560,314,1086,4,0,11200,0,0,0,17928742,17928742,2953
155520,560,382,1086,4,0,11200,0,0,0,17930769,17930769,2953
155536,560,460,1086,4,0,11200,0,0,0,17932916,17932916,2953
155551,560,516,1086,4,0,11200,0,0,0,17935271,17935271,2953
155567,560,565,1086,4,0,11200,0,0,0,17936983,17936983,2953
155582,560,623,1086,4,0,11200,0,0,0,17938944,17938944,2953
155597,560,692,1086,4,0,11200,0,0,0,17940973,17940973,2953
155612,560,769,1086,4,0,11200,0,0,0,17942715,17942715,2953
155628,560,844,1086,4,0,11200,0,0,0,17944250,17944250,2953
155643,560,902,1086,4,0,11200,0,0,0,17946192,17946192,2953
155658,560,967,1086,4,0,11200,0,0,0,17948054,17948054,2953
155673,560,1014,1086,4,0,11200,0,0,0,17949572,17949572,2953
155689,561,1067,1086,4,0,11200,0,0,0,17951104,17951104,2953
155704,561,83,1086,4,0,11200,0,0,0,17953311,17953311,2953
155720,561,161,1086,4,0,11200,0,0,0,17955757,17955757,2953
155735,561,212,1086,4,0,11200,0,0,0,17957703,17957703,2953
155750,561,264,1086,4,0,11200,0,0,0,17959882,17959882,2953
155765,561,346,1086,4,0,11200,0,0,0,17962132,17962132,2953
155781,561,409,1086,4,0,11200,0,0,0,17964085,17964085,2953
155796,561,469,1086,4,0,11200,0,0,0,17966000,17966000,2953
155811,561,525,1086,4,0,11200,0,0,0,17968216,17968216,2953
155827,561,590,1086,4,0,11200,0,0,0,17970121,17970121,2953
155842,561,654,1086,4,0,11200,0,0,0,17972233,17972233,2953
155858,561,728,1086,4,0,11200,0,0,0,17974239,17974239,2953
155873,561,791,1086,4,0,11200,0,0,0,17975788,17975788,2953
155888,561,856,1086,4,0,11200,0,0,0,17977599,17977599,2953
155903,561,900,1086,4,0,11200,0,0,0,17979249,17979249,2953
155919,561,972,1086,4,0,11200,0,0,0,17981205,17981205,2953
155934,561,1023,1086,4,0,11200,0,0,0,17982966,17982966,2953
155949,562,20,1086,4,0,11200,0,0,0,17985355,17985355,2953
155965,562,119,1086,4,0,11200,0,0,0,17987598,17987598,2953
155980,562,168,1086,4,0,11200,0,0,0,17989676,17989676,2953
155995,562,223,1086,4,0,11200,0,0,0,17991737,17991737,2953
156010,562,284,1086,4,0,11200,0,0,0,17994055,17994055,2953
156026,562,358,1086,4,0,11200,0,0,0,17996199,17996199,2953
156041,562,417,1086,4,0,11200,0,0,0,17998098,17998098,2953
156057,562,476,1086,4,0,11200,0,0,0,18000218,18000218,2953
156072,562,523,1086,4,0,11200,0,0,0,18001823,18001823,2953
156087,562,571,1086,4,0,11200,0,0,0,18003095,18003095,2953
156102,562,625,1086,4,0,11200,0,0,0,18005228,18005228,2953
156118,562,696,1086,4,0,11200,0,0,0,18007212,18007212,2953
156133,562,768,1086,4,0,11200,0,0,0,18009052,18009052,2953
156148,562,837,1086,4,0,11200,0,0,0,18010614,18010614,2953
156164,562,896,1086,4,0,11200,0,0,0,18012307,18012307,2953
156180,562,961,1086,4,0,11200,0,0,0,18014383,18014383,2953
156196,562,1021,1086,4,0,11200,0,0,0,18016108,18016108,2953
156211,563,25,1086,4,0,11200,0,0,0,18018279,18018279,2953
156226,563,133,1086,4,0,11200,0,0,0,18020697,18020697,2953
156241,563,188,1086,4,0,11200,0,0,0,18023042,18023042,2953
156256,563,247,1086,4,0,11200,0,0,0,18025279,18025279,2953
156272,563,319,1086,4,0,11200,0,0,0,18027432,18027432,2953
156287,563,389,1086,4,0,11200,0,0,0,18029411,18029411,2953
156302,563,461,1086,4,0,11200,0,0,0,18031371,18031371,2953
156318,563,516,1086,4,0,11200,0,0,0,18033467,18033467,2953
156333,563,583,1086,4,0,11200,0,0,0,18035407,18035407,2953
156349,563,652,1086,4,0,11200,0,0,0,18037434,18037434,2953
156364,563,728,1086,4,0,11200,0,0,0,18039262,18039262,2953
156379,563,792,1086,4,0,11200,0,0,0,18041036,18041036,2953
156394,563,878,1086,4,0,11200,0,0,0,18043052,18043052,2953
156410,563,928,1086,4,0,11200,0,0,0,18045018,18045018,2953
156425,563,994,1086,4,0,11200,0,0,0,18046774,18046774,2953
156440,564,1045,1086,4,0,11200,0,0,0,18048548,18048548,2953
156456,564,26,1086,3,0,11200,0,0,0,18050575,18050575,2953
156471,564,126,1086,3,0,11200,0,0,0,18052722,18052722,2953
156486,564,184,1086,3,0,11200,0,0,0,18055143,18055143,2953
156501,564,243,1086,3,0,11200,0,0,0,18057300,18057300,2953
156517,564,301,1086,3,0,11200,0,0,0,18059650,18059650,2953
156532,564,369,1086,3,0,11200,0,0,0,18061718,18061718,2953
156547,564,433,1086,3,0,11200,0,0,0,18063826,18063826,2953
156563,564,479,1086,3,0,11200,0,0,0,18065679,18065679,2953
156578,564,527,1086,3,0,11200,0,0,0,18067564,18067564,2953
156593,564,585,1086,3,0,11200,0,0,0,18069187,18069187,2953
156608,564,651,1086,3,0,11200,0,0,0,18071405,18071405,2953
156624,564,728,1086,3,0,11200,0,0,0,18073513,18073513,2953
156639,564,820,1086,3,0,11200,0,0,0,18075455,18075455,2953
156654,564,885,1086,3,0,11200,0,0,0,18077172,18077172,2953
156670,564,925,1086,3,0,11200,0,0,0,18078808,18078808,2953
156685,564,1002,1086,3,0,11200,0,0,0,18080608,18080608,2953
156700,565,1072,1086,3,0,11200,0,0,0,18082550,18082550,2953
156715,565,52,1086,3,0,11200,0,0,0,18084756,18084756,2953
156730,565,146,1086,3,0,11200,0,0,0,18087221,18087221,2953
156746,565,209,1086,3,0,11200,0,0,0,18089227,18089227,2953
156761,565,251,1086,3,0,11200,0,0,0,18091326,18091326,2953
156777,565,323,1086,3,0,11200,0,0,0,18093564,18093564,2953
156792,565,401,1086,3,0,11200,0,0,0,18095670,18095670,2953
156808,565,462,1086,3,0,11200,0,0,0,18097681,18097681,2953
156823,565,525,1086,3,0,11200,0,0,0,18099634,18099634,2953
156838,565,568,1086,3,0,11200,0,0,0,18101446,18101446,2953
156854,565,613,1086,3,0,11200,0,0,0,18103084,18103084,2953
156869,565,673,1086,3,0,11200,0,0,0,18105032,18105032,2953
156885,565,733,1086,3,0,11200,0,0,0,18107013,18107013,2953
156900,565,802,1086,3,0,11200,0,0,0,18108743,18108743,2953
156915,565,885,1086,3,0,11200,0,0,0,18110663,18110663,2953
156930,565,949,1086,3,0,11200,0,0,0,18112528,18112528,2953
156946,565,1023,1086,3,0,11200,0,0,0,18114553,18114553,2953
156961,566,23,1086,3,0,11200,0,0,0,18116785,18116785,2953
156976,566,118,1086,3,0,11200,0,0,0,18119132,18119132,2953
156992,566,176,1086,3,0,11200,0,0,0,18121594,18121594,2953
157007,566,237,1086,3,0,11200,0,0,0,18123736,18123736,2953
157022,566,290,1086,3,0,11200,0,0,0,18125861,18125861,2953
157037,566,357,1086,3,0,11200,0,0,0,18127983,18127983,2953
157052,566,422,1086,3,0,11200,0,0,0,18129989,18129989,2953
157068,566,472,1086,3,0,11200,0,0,0,18131781,18131781,2953
157083,566,532,1086,3,0,11200,0,0,0,18133935,18133935,2953
157098,566,579,1086,3,0,11200,0,0,0,18135597,18135597,2953
157114,566,621,1086,3,0,11200,0,0,0,18137544,18137544,2953
157129,566,688,1086,3,0,11200,0,0,0,18139363,18139363,2953
157145,566,767,1086,3,0,11200,0,0,0,18141204,18141204,2953
157160,566,848,1086,3,0,11200,0,0,0,18143113,18143113,2953
157175,566,904,1086,3,0,11200,0,0,0,18144850,18144850,2953
157191,566,982,1086,3,0,11200,0,0,0,18146870,18146870,2953
157207,567,1045,1086,3,0,11200,0,0,0,18148822,18148822,2953
157223,567,40,1086,3,0,11200,0,0,0,18151066,18151066,2953
157238,567,135,1086,3,0,11200,0,0,0,18153235,18153235,2953
157253,567,196,1086,3,0,11200,0,0,0,18155562,18155562,2953
157269,567,234,1086,3,0,11200,0,0,0,18157835,18157835,2953
157284,567,297,1086,3,0,11200,0,0,0,18160066,18160066,2953
157299,567,362,1086,3,0,11200,0,0,0,18162204,18162204,2953
157314,567,418,1086,3,0,11200,0,0,0,18164152,18164152,2953
157330,567,471,1086,3,0,11200,0,0,0,18166046,18166046,2953
157345,567,531,1086,3,0,11200,0,0,0,18168166,18168166,2953
157361,567,571,1086,3,0,11200,0,0,0,18169322,18169322,2953
157377,567,647,1086,3,0,11200,0,0,0,18171543,18171543,2953
157392,567,709,1086,3,0,11200,0,0,0,18173364,18173364,2953
157407,567,807,1086,3,0,11200,0,0,0,18175423,18175423,2953
157425,567,886,1086,3,0,11200,0,0,0,18177244,18177244,2953
157440,567,927,1086,3,0,11200,0,0,0,18179153,18179153,2953
157455,567,1011,1086,3,0,11200,0,0,0,18181220,18181220,2953
157470,568,12,1086,3,0,11200,0,0,0,18183295,18183295,2953
157486,568,98,1086,3,0,11200,0,0,0,18185606,18185606,2953
157501,568,157,1086,3,0,11200,0,0,0,18188039,18188039,2953
157516,568,217,1086,3,0,11200,0,0,0,18190330,18190330,2953
157531,568,259,1086,3,0,11200,0,0,0,18192595,18192595,2953
157547,568,327,1086,3,0,11200,0,0,0,18194749,18194749,2953
157562,568,402,1086,3,0,11200,0,0,0,18196651,18196651,2953
157578,568,470,1086,3,0,11200,0,0,0,18198658,18198658,2953
157593,568,532,1086,3,0,11200,0,0,0,18200764,18200764,2953
157609,568,605,1086,3,0,11200,0,0,0,18202590,18202590,2953
157624,568,670,1086,3,0,11200,0,0,0,18204602,18204602,2953
157639,568,735,1086,3,0,11200,0,0,0,18206319,18206319,2953
157654,568,820,1086,3,0,11200,0,0,0,18208169,18208169,2953
157670,568,888,1086,3,0,11200,0,0,0,18210077,18210077,2953
157685,568,949,1086,3,0,11200,0,0,0,18212094,18212094,2953
157701,568,1001,1086,3,0,11200,0,0,0,18213633,18213633,2953
157716,569,1066,1086,3,0,11200,0,0,0,18215554,18215554,2953
157731,569,65,1086,3,0,11200,0,0,0,18217844,18217844,2953
157747,569,143,1086,3,0,11200,0,0,0,18220140,18220140,2953
157762,569,205,1086,3,0,11200,0,0,0,18222524,18222524,2953
157777,569,251,1086,3,0,11200,0,0,0,18224606,18224606,2953
157792,569,319,1086,3,0,11200,0,0,0,18226872,18226872,2953
157808,569,383,1086,3,0,11200,0,0,0,18228834,18228834,2953
157823,569,447,1086,3,0,11200,0,0,0,18230633,18230633,2953
157839,569,502,1086,3,0,11200,0,0,0,18232548,18232548,2953
157854,569,555,1086,3,0,11200,0,0,0,18234311,18234311,2953
157869,569,596,1086,3,0,11200,0,0,0,18235631,18235631,2953
157884,569,653,1086,3,0,11200,0,0,0,18237451,18237451,2953
157900,569,724,1086,3,0,11200,0,0,0,18239409,18239409,2953
157916,569,822,1086,3,0,11200,0,0,0,18241230,18241230,2953
157931,569,889,1086,3,0,11200,0,0,0,18243034,18243034,2953
157946,569,957,1086,3,0,11200,0,0,0,18245064,18245064,2953
157961,569,1018,1086,3,0,11200,0,0,0,18246878,18246878,2953
157976,570,22,1086,3,0,11200,0,0,0,18249029,18249029,2953
157991,570,127,1086,3,0,11200,0,0,0,18251379,18251379,2953
158007,570,184,1086,3,0,11200,0,0,0,18253617,18253617,2953
158022,570,246,1086,3,0,11200,0,0,0,18255882,18255882,2953
158038,570,309,1086,3,0,11200,0,0,0,18257903,18257903,2953
158053,570,394,1086,3,0,11200,0,0,0,18260163,18260163,2953
158068,570,460,1086,3,0,11200,0,0,0,18262184,18262184,2953
158084,570,511,1086,3,0,11200,0,0,0,18264118,18264118,2953
158100,570,571,1086,3,0,11200,0,0,0,18265989,18265989,2953
158115,570,625,1086,3,0,11200,0,0,0,18267903,18267903,2953
158131,570,692,1086,3,0,11200,0,0,0,18269648,18269648,2953
158146,570,777,1086,3,0,11200,0,0,0,18271631,18271631,2953
158161,570,844,1086,3,0,11200,0,0,0,18273183,18273183,2953
158177,570,888,1086,3,0,11200,0,0,0,18274572,18274572,2953
158192,570,960,1086,3,0,11200,0,0,0,18276500,18276500,2953
158207,570,1031,1086,3,0,11200,0,0,0,18278473,18278473,2953
158222,571,20,1086,3,0,11200,0,0,0,18280191,18280191,2953
158237,571,119,1086,3,0,11200,0,0,0,18282283,18282283,2953
158253,571,184,1086,3,0,11200,0,0,0,18284767,18284767,2953
158268,571,232,1086,3,0,11200,0,0,0,18286849,18286849,2953
158284,571,286,1086,3,0,11200,0,0,0,18288993,18288993,2953
158299,571,358,1086,3,0,11200,0,0,0,18290978,18290978,2953
158314,571,417,1086,3,0,11200,0,0,0,18293055,18293055,2953
158329,571,478,1086,3,0,11200,0,0,0,18294888,18294888,2953
158344,571,533,1086,3,0,11200,0,0,0,18296723,18296723,2953
158359,571,565,1086,3,0,11200,0,0,0,18297877,18297877,2953
158375,571,625,1086,3,0,11200,0,0,0,18300076,18300076,2953
158390,571,697,1086,3,0,11200,0,0,0,18302021,18302021,2953
158405,571,768,1086,3,0,11200,0,0,0,18303737,18303737,2953
158420,571,858,1086,3,0,11200,0,0,0,18305577,18305577,2953
158435,571,898,1086,3,0,11200,0,0,0,18307016,18307016,2953
158450,571,980,1086,3,0,11200,0,0,0,18308982,18308982,2953
158466,571,1027,1086,3,0,11200,0,0,0,18310839,18310839,2953
158481,572,19,1086,2,0,11200,0,0,0,18312855,18312855,2953
158496,572,100,1086,2,0,11200,0,0,0,18314787,18314787,2953
158512,572,159,1086,2,0,11200,0,0,0,18317111,18317111,2953
158527,572,212,1086,2,0,11200,0,0,0,18319038,18319038,2953
158542,572,262,1086,2,0,11200,0,0,0,18321136,18321136,2953
158557,572,326,1086,2,0,11200,0,0,0,18323117,18323117,2953
158572,572,386,1086,2,0,11200,0,0,0,18325052,18325052,2953
158587,572,458,1086,2,0,11200,0,0,0,18327071,18327071,2953
158603,572,513,1086,2,0,11200,0,0,0,18329049,18329049,2953
158618,572,580,1086,2,0,11200,0,0,0,18330977,18330977,2953
158633,572,636,1086,2,0,11200,0,0,0,18333006,18333006,2953
158648,572,697,1086,2,0,11200,0,0,0,18334927,18334927,2953
158664,572,755,1086,2,0,11200,0,0,0,18336706,18336706,2953
158680,572,832,1086,2,0,11200,0,0,0,18338526,18338526,2953
158701,572,886,1086,2,0,11200,0,0,0,18340442,18340442,2953
158716,572,929,1086,2,0,11200,0,0,0,18342252,18342252,2953
158731,572,1006,1086,2,0,11200,0,0,0,18344326,18344326,2953
158747,573,1064,1086,2,0,11200,0,0,0,18346034,18346034,2953
158763,573,59,1086,2,0,11200,0,0,0,18348221,18348221,2953
158778,573,142,1086,2,0,11200,0,0,0,18350715,18350715,2953
158794,573,196,1086,2,0,11200,0,0,0,18352613,18352613,2953
158810,573,251,1086,2,0,11200,0,0,0,18354804,18354804,2953
158825,573,314,1086,2,0,11200,0,0,0,18356745,18356745,2953
158841,573,389,1086,2,0,11200,0,0,0,18358797,18358797,2953
158856,573,450,1086,2,0,11200,0,0,0,18360810,18360810,2953
158871,573,509,1086,2,0,11200,0,0,0,18362919,18362919,2953
158887,573,564,1086,2,0,11200,0,0,0,18364901,18364901,2953
158902,573,622,1086,2,0,11200,0,0,0,18366878,18366878,2953
158918,573,695,1086,2,0,11200,0,0,0,18369056,18369056,2953
158933,573,755,1086,2,0,11200,0,0,0,18371143,18371143,2953
158948,573,835,1086,2,0,11200,0,0,0,18372857,18372857,2953
158963,573,899,1086,2,0,11200,0,0,0,18374922,18374922,2953
158979,573,961,1086,2,0,11200,0,0,0,18376901,18376901,2953
158994,573,1031,1086,2,0,11200,0,0,0,18378778,18378778,2953
159010,574,32,1086,2,0,11200,0,0,0,18380898,18380898,2953
159025,574,127,1086,2,0,11200,0,0,0,18382969,18382969,2953
159040,574,178,1086,2,0,11200,0,0,0,18385341,18385341,2953
159056,574,225,1086,2,0,11200,0,0,0,18387339,18387339,2953
159072,574,269,1086,2,0,11200,0,0,0,18389495,18389495,2953
159087,574,334,1086,2,0,11200,0,0,0,18391555,18391555,2953
159103,574,410,1086,2,0,11200,0,0,0,18393615,18393615,2953
159119,574,462,1086,2,0,11200,0,0,0,18395341,18395341,2953
159134,574,534,1086,2,0,11200,0,0,0,18397589,18397589,2953
159149,574,591,1086,2,0,11200,0,0,0,18399237,18399237,2953
159164,574,654,1086,2,0,11200,0,0,0,18401398,18401398,2953
159179,574,731,1086,2,0,11200,0,0,0,18403299,18403299,2953
159195,574,807,1086,2,0,11200,0,0,0,18405205,18405205,2953
159210,574,882,1086,2,0,11200,0,0,0,18407115,18407115,2953
159225,574,929,1086,2,0,11200,0,0,0,18408916,18408916,2953
159240,574,1018,1086,2,0,11200,0,0,0,18411056,18411056,2953
159256,575,29,1086,2,0,11200,0,0,0,18413360,18413360,2953
159271,575,137,1086,2,0,11200,0,0,0,18415678,18415678,2953
159286,575,181,1086,2,0,11200,0,0,0,18417613,18417613,2953
159301,575,225,1086,2,0,11200,0,0,0,18419629,18419629,2953
159317,575,284,1086,2,0,11200,0,0,0,18421658,18421658,2953
159332,575,343,1086,2,0,11200,0,0,0,18423722,18423722,2953
159347,575,408,1086,2,0,11200,0,0,0,18425859,18425859,2953
159362,575,464,1086,2,0,11200,0,0,0,18427917,18427917,2953
159377,575,519,1086,2,0,11200,0,0,0,18429923,18429923,2953
159392,575,568,1086,2,0,11200,0,0,0,18431626,18431626,2953
159408,575,616,1086,2,0,11200,0,0,0,18433128,18433128,2953
159423,575,686,1087,3,0,11200,0,0,0,18434965,18434965,2953
159438,575,732,1087,3,0,11200,0,0,0,18436811,18436811,2953
159454,575,824,1087,3,0,11200,0,0,0,18438610,18438610,2953
159469,575,889,1087,3,0,11200,0,0,0,18440353,18440353,2953
159485,575,961,1087,3,0,11200,0,0,0,18442351,18442351,2953
159501,575,1023,1087,3,0,11200,0,0,0,18444353,18444353,2953
159516,576,18,1087,3,0,11200,0,0,0,18446442,18446442,2953
159531,576,98,1087,3,0,11200,0,0,0,18448522,18448522,2953
159547,576,159,1087,3,0,11200,0,0,0,18450978,18450978,2953
159563,576,215,1087,3,0,11200,0,0,0,18453275,18453275,2953
159578,576,259,1087,3,0,11200,0,0,0,18455288,18455288,2953
159594,576,330,1087,3,0,11200,0,0,0,18457425,18457425,2953
159609,576,394,1087,3,0,11200,0,0,0,18459349,18459349,2953
159624,576,456,1087,3,0,11200,0,0,0,18461394,18461394,2953
159640,576,510,1087,3,0,11200,0,0,0,18463480,18463480,2953
159655,576,552,1087,3,0,11200,0,0,0,18464746,18464746,2953
159670,576,608,1087,3,0,11200,0,0,0,18466466,18466466,2953
159685,576,688,1087,3,0,11200,0,0,0,18468338,18468338,2953
159701,576,778,1087,3,0,11200,0,0,0,18470468,18470468,2953
159716,576,878,1087,3,0,11200,0,0,0,18472651,18472651,2953
159732,576,939,1087,3,0,11200,0,0,0,18474237,18474237,2953
159747,576,1011,1087,3,0,11200,0,0,0,18475922,18475922,2953
159762,577,6,1088,4,0,11200,0,0,0,18477832,18477832,2953
159777,577,106,1088,4,0,11200,0,0,0,18480077,18480077,2953
159792,577,167,1088,4,0,11200,0,0,0,18482499,18482499,2953
159808,577,225,1088,4,0,11200,0,0,0,18484608,18484608,2953
159823,577,278,1088,4,0,11200,0,0,0,18486670,18486670,2953
159839,577,345,1088,4,0,11200,0,0,0,18488797,18488797,2953
159854,577,415,1088,4,0,11200,0,0,0,18490793,18490793,2953
159869,577,475,1088,4,0,11200,0,0,0,18492527,18492527,2953
159884,577,532,1088,4,0,11200,0,0,0,18494618,18494618,2953
159899,577,572,1088,4,0,11200,0,0,0,18496016,18496016,2953
159914,577,621,1088,4,0,11200,0,0,0,18497714,18497714,2953
159930,577,696,1088,4,0,11200,0,0,0,18499784,18499784,2953
159945,577,784,1088,4,0,11200,0,0,0,18501624,18501624,2953
159960,577,868,1088,4,0,11200,0,0,0,18503689,18503689,2953
159976,577,893,1088,4,0,11200,0,0,0,18504551,18504551,2953
159991,577,979,1088,4,0,11200,0,0,0,18506450,18506450,2953
160006,578,1049,1088,4,0,11200,0,0,0,18508074,18508074,2953
160021,578,29,1088,4,0,11200,0,0,0,18510252,18510252,2953
160036,578,150,1088,4,0,11200,0,0,0,18512565,18512565,2953
160052,578,209,1088,4,0,11200,0,0,0,18514683,18514683,2953
160067,578,247,1088,4,0,11200,0,0,0,18516968,18516968,2953
160082,578,309,1088,4,0,11200,0,0,0,18518893,18518893,2953
160098,578,381,1088,4,0,11200,0,0,0,18521023,18521023,2953
160113,578,447,1088,4,0,11200,0,0,0,18522933,18522933,2953
160128,578,503,1088,4,0,11200,0,0,0,18525149,18525149,2953
160143,578,554,1088,4,0,11200,0,0,0,18526756,18526756,2953
160159,578,614,1088,4,0,11200,0,0,0,18528934,18528934,2953
160174,578,686,1088,4,0,11200,0,0,0,18530962,18530962,2953
160189,578,740,1088,4,0,11200,0,0,0,18532703,18532703,2953
160204,578,812,1088,4,0,11200,0,0,0,18534366,18534366,2953
160220,578,881,1088,4,0,11200,0,0,0,18536132,18536132,2953
160236,578,940,1088,4,0,11200,0,0,0,18537824,18537824,2953
160251,578,1018,1088,4,0,11200,0,0,0,18539905,18539905,2953
160266,579,2,1088,4,0,11200,0,0,0,18541770,18541770,2953
160282,579,87,1088,4,0,11200,0,0,0,18544019,18544019,2953
160298,579,161,1088,4,0,11200,0,0,0,18546627,18546627,2953
160313,579,217,1088,4,0,11200,0,0,0,18548769,18548769,2953
160328,579,264,1088,4,0,11200,0,0,0,18550870,18550870,2953
160343,579,345,1088,4,0,11200,0,0,0,18553056,18553056,2953
160358,579,420,1088,4,0,11200,0,0,0,18555080,18555080,2953
160374,579,479,1088,4,0,11200,0,0,0,18557108,18557108,2953
160389,579,531,1088,4,0,11200,0,0,0,18558957,18558957,2953
160404,579,603,1088,4,0,11200,0,0,0,18561005,18561005,2953
160420,579,671,1088,4,0,11200,0,0,0,18562942,18562942,2953
160435,579,733,1088,4,0,11200,0,0,0,18564821,18564821,2953
160450,579,838,1088,4,0,11200,0,0,0,18566789,18566789,2953
160466,579,901,1088,4,0,11200,0,0,0,18568609,18568609,2953
160481,579,1000,1088,4,0,11200,0,0,0,18570561,18570561,2953
160497,580,1068,1088,4,0,11200,0,0,0,18572736,18572736,2953
160512,580,98,1088,4,0,11200,0,0,0,18575032,18575032,2953
160527,580,159,1088,4,0,11200,0,0,0,18577580,18577580,2953
160542,580,214,1088,4,0,11200,0,0,0,18579832,18579832,2953
160557,580,261,1088,4,0,11200,0,0,0,18581977,18581977,2953
160572,580,322,1088,4,0,11200,0,0,0,18584204,18584204,2953
160588,580,381,1088,4,0,11200,0,0,0,18586172,18586172,2953
160604,580,450,1088,4,0,11200,0,0,0,18588284,18588284,2953
160619,580,501,1088,4,0,11200,0,0,0,18590247,18590247,2953
160634,580,548,1088,4,0,11200,0,0,0,18591863,18591863,2953
160650,580,599,1088,4,0,11200,0,0,0,18593841,18593841,2953
160665,580,651,1088,4,0,11200,0,0,0,18595758,18595758,2953
160681,580,719,1088,4,0,11200,0,0,0,18597696,18597696,2953
160696,580,807,1088,4,0,11200,0,0,0,18599643,18599643,2953
160714,580,886,1088,4,0,11200,0,0,0,18601566,18601566,2953
160730,580,927,1088,4,0,11200,0,0,0,18603391,18603391,2953
160745,580,999,1088,4,0,11200,0,0,0,18605232,18605232,2953
160760,581,1064,1088,4,0,11200,0,0,0,18607096,18607096,2953
160775,581,43,1088,3,0,11200,0,0,0,18609141,18609141,2953
160790,581,135,1088,3,0,11200,0,0,0,18611573,18611573,2953
160805,581,189,1088,3,0,11200,0,0,0,18613851,18613851,2953
160820,581,241,1088,3,0,11200,0,0,0,18615710,18615710,2953
160836,581,319,1088,3,0,11200,0,0,0,18617865,18617865,2953
160854,581,380,1088,3,0,11200,0,0,0,18619990,18619990,2953
160869,581,445,1088,3,0,11200,0,0,0,18622206,18622206,2953
160885,581,502,1088,3,0,11200,0,0,0,18624146,18624146,2953
160900,581,563,1088,3,0,11200,0,0,0,18626186,18626186,2953
160915,581,620,1088,3,0,11200,0,0,0,18628060,18628060,2953
160930,581,689,1088,3,0,11200,0,0,0,18629967,18629967,2953
160945,581,765,1088,3,0,11200,0,0,0,18631704,18631704,2953
160960,581,848,1088,3,0,11200,0,0,0,18633531,18633531,2953
160975,581,896,1088,3,0,11200,0,0,0,18635435,18635435,2953
160991,581,965,1088,3,0,11200,0,0,0,18637241,18637241,2953
161006,581,1026,1088,3,0,11200,0,0,0,18639135,18639135,2953
161021,582,19,1088,3,0,11200,0,0,0,18641112,18641112,2953
161036,582,121,1088,3,0,11200,0,0,0,18643328,18643328,2953
161052,582,184,1088,3,0,11200,0,0,0,18645366,18645366,2953
161067,582,234,1088,3,0,11200,0,0,0,18647269,18647269,2953
161082,582,309,1088,3,0,11200,0,0,0,18649511,18649511,2953
161098,582,377,1088,3,0,11200,0,0,0,18651593,18651593,2953
161113,582,434,1088,3,0,11200,0,0,0,18653518,18653518,2953
161128,582,492,1088,3,0,11200,0,0,0,18655428,18655428,2953
161143,582,545,1088,3,0,11200,0,0,0,18657349,18657349,2953
161158,582,596,1088,3,0,11200,0,0,0,18659040,18659040,2953
161174,582,647,1088,3,0,11200,0,0,0,18660876,18660876,2953
161189,582,711,1088,3,0,11200,0,0,0,18662862,18662862,2953
161205,582,792,1088,3,0,11200,0,0,0,18664843,18664843,2953
161220,582,862,1088,3,0,11200,0,0,0,18666598,18666598,2953
161236,582,902,1088,3,0,11200,0,0,0,18668135,18668135,2953
161252,582,993,1088,3,0,11200,0,0,0,18670093,18670093,2953
161267,583,1056,1088,3,0,11200,0,0,0,18672272,18672272,2953
161283,583,43,1088,3,0,11200,0,0,0,18674546,18674546,2953
161298,583,150,1088,3,0,11200,0,0,0,18677058,18677058,2953
161313,583,209,1088,3,0,11200,0,0,0,18679140,18679140,2953
161328,583,263,1088,3,0,11200,0,0,0,18681201,18681201,2953
161343,583,333,1088,3,0,11200,0,0,0,18683462,18683462,2953
161358,583,386,1088,3,0,11200,0,0,0,18685319,18685319,2953
161373,583,439,1088,3,0,11200,0,0,0,18687294,18687294,2953
161389,583,503,1088,3,0,11200,0,0,0,18689229,18689229,2953
161404,583,550,1088,3,0,11200,0,0,0,18690729,18690729,2953
161419,583,603,1088,3,0,11200,0,0,0,18692868,18692868,2953
161434,583,670,1088,3,0,11200,0,0,0,18694900,18694900,2953
161450,583,756,1088,3,0,11200,0,0,0,18696870,18696870,2953
161465,583,853,1088,3,0,11200,0,0,0,18698736,18698736,2953
161481,583,902,1088,3,0,11200,0,0,0,18700439,18700439,2953
161496,583,960,1088,3,0,11200,0,0,0,18702145,18702145,2953
161511,583,1022,1088,3,0,11200,0,0,0,18703975,18703975,2953
161526,584,17,1088,2,0,11200,0,0,0,18706163,18706163,2953
161541,584,119,1088,2,0,11200,0,0,0,18708244,18708244,2953
161557,584,183,1088,2,0,11200,0,0,0,18710680,18710680,2953
161572,584,237,1088,2,0,11200,0,0,0,18713038,18713038,2953
161587,584,300,1088,2,0,11200,0,0,0,18715224,18715224,2953
161602,584,365,1088,2,0,11200,0,0,0,18717207,18717207,2953
161617,584,419,1088,2,0,11200,0,0,0,18719042,18719042,2953
161633,584,474,1088,2,0,11200,0,0,0,18721055,18721055,2953
161649,584,532,1088,2,0,11200,0,0,0,18723292,18723292,2953
161664,584,579,1088,2,0,11200,0,0,0,18724546,18724546,2953
161680,584,643,1088,2,0,11200,0,0,0,18726621,18726621,2953
161695,584,706,1088,2,0,11200,0,0,0,18728455,18728455,2953
161710,584,786,1088,2,0,11200,0,0,0,18730371,18730371,2953
161726,584,870,1088,2,0,11200,0,0,0,18732243,18732243,2953
161741,584,915,1088,2,0,11200,0,0,0,18733870,18733870,2953
161756,584,993,1088,2,0,11200,0,0,0,18735819,18735819,2953
161771,585,1053,1088,2,0,11200,0,0,0,18737705,18737705,2953
161787,585,52,1088,2,0,11200,0,0,0,18739932,18739932,2953
161802,585,154,1088,2,0,11200,0,0,0,18742449,18742449,2953
161818,585,212,1088,2,0,11200,0,0,0,18744543,18744543,2953
161833,585,264,1088,2,0,11200,0,0,0,18746707,18746707,2953
161849,585,336,1088,2,0,11200,0,0,0,18748923,18748923,2953
161864,585,408,1088,2,0,11200,0,0,0,18750807,18750807,2953
161879,585,464,1088,2,0,11200,0,0,0,18752829,18752829,2953
161894,585,514,1088,2,0,11200,0,0,0,18754769,18754769,2953
161914,585,571,1088,2,0,11200,0,0,0,18756355,18756355,2953
161929,585,623,1088,2,0,11200,0,0,0,18758212,18758212,2953
161945,585,686,1088,2,0,11200,0,0,0,18760019,18760019,2953
161960,585,770,1088,2,0,11200,0,0,0,18762066,18762066,2953
161975,585,863,1088,2,0,11200,0,0,0,18764016,18764016,2953
161991,585,920,1088,2,0,11200,0,0,0,18766015,18766015,2953
162007,585,1003,1088,2,0,11200,0,0,0,18768079,18768079,2953
162022,586,1064,1088,2,0,11200,0,0,0,18769863,18769863,2953
162037,586,59,1088,2,0,11200,0,0,0,18771975,18771975,2953
162052,586,148,1088,2,0,11200,0,0,0,18774308,18774308,2953
162067,586,201,1088,2,0,11200,0,0,0,18776444,18776444,2953
162082,586,258,1088,2,0,11200,0,0,0,18778640,18778640,2953
162098,586,327,1088,2,0,11200,0,0,0,18780820,18780820,2953
162113,586,397,1088,2,0,11200,0,0,0,18783009,18783009,2953
162128,586,458,1088,2,0,11200,0,0,0,18784632,18784632,2953
162143,586,531,1088,2,0,11200,0,0,0,18786792,18786792,2953
162158,586,590,1088,2,0,11200,0,0,0,18788430,18788430,2953
162174,586,652,1088,2,0,11200,0,0,0,18790552,18790552,2953
162189,586,716,1088,2,0,11200,0,0,0,18792458,18792458,2953
162205,586,779,1088,2,0,11200,0,0,0,18794188,18794188,2953
162220,586,868,1088,2,0,11200,0,0,0,18796119,18796119,2953
162235,586,890,1088,2,0,11200,0,0,0,18796796,18796796,2953
162251,586,956,1088,2,0,11200,0,0,0,18798822,18798822,2953
162266,586,1009,1088,2,0,11200,0,0,0,18800606,18800606,2953
162281,587,1,1088,2,0,11200,0,0,0,18802364,18802364,2953
162297,587,78,1088,2,0,11200,0,0,0,18804510,18804510,2953
162312,587,154,1088,2,0,11200,0,0,0,18806981,18806981,2953
162327,587,213,1088,2,0,11200,0,0,0,18809154,18809154,2953
162342,587,284,1088,2,0,11200,0,0,0,18811392,18811392,2953
162358,587,348,1088,2,0,11200,0,0,0,18813364,18813364,2953
162373,587,415,1088,2,0,11200,0,0,0,18815425,18815425,2953
162388,587,461,1088,2,0,11200,0,0,0,18817252,18817252,2953
162403,587,509,1088,2,0,11200,0,0,0,18819108,18819108,2953
162418,587,564,1088,2,0,11200,0,0,0,18820879,18820879,2953
162436,587,608,1088,2,0,11200,0,0,0,18822337,18822337,2953
162451,587,677,1088,2,0,11200,0,0,0,18824375,18824375,2953
162466,587,746,1088,2,0,11200,0,0,0,18826296,18826296,2953
162481,587,824,1088,2,0,11200,0,0,0,18828298,18828298,2953
162497,587,888,1088,2,0,11200,0,0,0,18830069,18830069,2953
162512,587,957,1088,2,0,11200,0,0,0,18832073,18832073,2953
162528,587,1015,1088,2,0,11200,0,0,0,18833786,18833786,2953
162543,588,12,1088,2,0,11200,0,0,0,18835775,18835775,2953
162559,588,83,1088,2,0,11200,0,0,0,18837812,18837812,2953
162574,588,168,1088,2,0,11200,0,0,0,18840210,18840210,2953
162589,588,222,1088,2,0,11200,0,0,0,18842347,18842347,2953
162605,588,266,1088,2,0,11200,0,0,0,18844420,18844420,2953
162620,588,333,1088,2,0,11200,0,0,0,18846463,18846463,2953
162636,588,394,1088,2,0,11200,0,0,0,18848504,18848504,2953
162652,588,450,1088,2,0,11200,0,0,0,18850298,18850298,2953
162667,588,511,1088,2,0,11200,0,0,0,18852231,18852231,2953
162682,588,537,1088,2,0,11200,0,0,0,18853394,18853394,2953
162697,588,596,1088,2,0,11200,0,0,0,18855369,18855369,2953
162712,588,658,1088,2,0,11200,0,0,0,18857373,18857373,2953
162727,588,725,1088,2,0,11200,0,0,0,18859396,18859396,2953
162743,588,792,1088,2,0,11200,0,0,0,18861218,18861218,2953
162758,588,885,1088,2,0,11200,0,0,0,18863027,18863027,2953
162773,588,925,1088,2,0,11200,0,0,0,18864471,18864471,2953
162789,588,1006,1088,2,0,11200,0,0,0,18866473,18866473,2953
162804,589,17,1088,2,0,11200,0,0,0,18868539,18868539,2953
162819,589,114,1088,2,0,11200,0,0,0,18870612,18870612,2953
162834,589,168,1088,2,0,11200,0,0,0,18872952,18872952,2953
162849,589,217,1088,2,0,11200,0,0,0,18875082,18875082,2953
162865,589,263,1088,2,0,11200,0,0,0,18877091,18877091,2953
162880,589,337,1088,2,0,11200,0,0,0,18879235,18879235,2953
162895,589,410,1088,2,0,11200,0,0,0,18881103,18881103,2953
162911,589,454,1088,2,0,11200,0,0,0,18882857,18882857,2953
162927,589,508,1088,2,0,11200,0,0,0,18884674,18884674,2953
162944,589,537,1088,2,0,11200,0,0,0,18885813,18885813,2953
162959,589,609,1088,2,0,11200,0,0,0,18887865,18887865,2953
162975,589,674,1088,2,0,11200,0,0,0,18889765,18889765,2953
162990,589,776,1088,2,0,11200,0,0,0,18891729,18891729,2953
163006,589,876,1088,2,0,11200,0,0,0,18893616,18893616,2953
163021,589,939,1088,2,0,11200,0,0,0,18895506,18895506,2953
163036,589,1014,1088,2,0,11200,0,0,0,18897310,18897310,2953
163051,590,7,1088,1,0,11200,0,0,0,18899237,18899237,2953
163067,590,98,1088,1,0,11200,0,0,0,18901426,18901426,2953
163082,590,158,1088,1,0,11200,0,0,0,18904012,18904012,2953
163097,590,216,1088,1,0,11200,0,0,0,18906134,18906134,2953
163112,590,258,1088,1,0,11200,0,0,0,18908341,18908341,2953
163128,590,330,1088,1,0,11200,0,0,0,18910441,18910441,2953
163143,590,411,1088,1,0,11200,0,0,0,18912598,18912598,2953
163159,590,462,1088,1,0,11200,0,0,0,18914356,18914356,2953
163174,590,531,1088,1,0,11200,0,0,0,18916430,18916430,2953
163189,590,583,1088,1,0,11200,0,0,0,18918086,18918086,2953
163204,590,645,1088,1,0,11200,0,0,0,18919985,18919985,2953
163219,590,707,1088,1,0,11200,0,0,0,18921843,18921843,2953
163235,590,792,1088,1,0,11200,0,0,0,18923717,18923717,2953
163250,590,869,1088,1,0,11200,0,0,0,18925519,18925519,2953
163265,590,927,1088,1,0,11200,0,0,0,18927275,18927275,2953
163281,590,1006,1088,1,0,11200,0,0,0,18929308,18929308,2953
163299,591,1067,1088,1,0,11200,0,0,0,18930956,18930956,2953
163314,591,65,1088,1,0,11200,0,0,0,18933185,18933185,2953
163329,591,150,1088,1,0,11200,0,0,0,18935608,18935608,2953
163344,591,210,1088,1,0,11200,0,0,0,18937792,18937792,2953
163360,591,259,1088,1,0,11200,0,0,0,18939976,18939976,2953
163375,591,334,1088,1,0,11200,0,0,0,18942098,18942098,2953
163390,591,401,1088,1,0,11200,0,0,0,18944272,18944272,2953
163406,591,462,1088,1,0,11200,0,0,0,18946140,18946140,2953
163421,591,527,1088,1,0,11200,0,0,0,18948352,18948352,2953
163437,591,590,1088,1,0,11200,0,0,0,18950027,18950027,2953
163452,591,647,1088,1,0,11200,0,0,0,18951865,18951865,2953
163468,591,728,1088,1,0,11200,0,0,0,18953848,18953848,2953
163483,591,796,1088,1,0,11200,0,0,0,18955539,18955539,2953
163499,591,886,1088,1,0,11200,0,0,0,18957530,18957530,2953
163514,591,943,1088,1,0,11200,0,0,0,18959573,18959573,2953
163529,591,1018,1088,1,0,11200,0,0,0,18961489,18961489,2953
163545,592,22,1088,1,0,11200,0,0,0,18963485,18963485,2953
163560,592,114,1088,1,0,11200,0,0,0,18965519,18965519,2953
163575,592,167,1088,1,0,11200,0,0,0,18967882,18967882,2953
163590,592,222,1088,1,0,11200,0,0,0,18970076,18970076,2953
163605,592,282,1088,1,0,11200,0,0,0,18972415,18972415,2953
163620,592,366,1088,1,0,11200,0,0,0,18974438,18974438,2953
163635,592,433,1088,1,0,11200,0,0,0,18976436,18976436,2953
163651,592,499,1088,1,0,11200,0,0,0,18978389,18978389,2953
163666,592,545,1088,1,0,11200,0,0,0,18979827,18979827,2953
163681,592,609,1088,1,0,11200,0,0,0,18981693,18981693,2953
163697,592,666,1088,1,0,11200,0,0,0,18983703,18983703,2953
163712,592,731,1088,1,0,11200,0,0,0,18985656,18985656,2953
163727,592,807,1088,1,0,11200,0,0,0,18987413,18987413,2953
163742,592,865,1088,1,0,11200,0,0,0,18989030,18989030,2953
163757,592,922,1088,1,0,11200,0,0,0,18990771,18990771,2953
163772,592,1002,1088,1,0,11200,0,0,0,18992772,18992772,2953
163788,593,1052,1088,1,0,11200,0,0,0,18994561,18994561,2953
163803,593,46,1088,1,0,11200,0,0,0,18996773,18996773,2953
163818,593,138,1088,1,0,11200,0,0,0,18999191,18999191,2953
163834,593,189,1088,1,0,11200,0,0,0,19001324,19001324,2953
163849,593,243,1088,1,0,11200,0,0,0,19003334,19003334,2953
163864,593,318,1088,1,0,11200,0,0,0,19005509,19005509,2953
163879,593,380,1088,1,0,11200,0,0,0,19007441,19007441,2953
163895,593,435,1088,1,0,11200,0,0,0,19009413,19009413,2953
163910,593,499,1088,1,0,11200,0,0,0,19011259,19011259,2953
163926,593,539,1088,1,0,11200,0,0,0,19013068,19013068,2953
163941,593,605,1088,1,0,11200,0,0,0,19014856,19014856,2953
163956,593,654,1088,1,0,11200,0,0,0,19016928,19016928,2953
163971,593,724,1088,1,0,11200,0,0,0,19018908,19018908,2953
163986,593,807,1088,1,0,11200,0,0,0,19020687,19020687,2953
164001,593,885,1088,1,0,11200,0,0,0,19022528,19022528,2953
164017,593,947,1088,1,0,11200,0,0,0,19024438,19024438,2953
164032,593,1035,1088,1,0,11200,0,0,0,19026406,19026406,2953
164047,594,43,1088,1,0,11200,0,0,0,19028814,19028814,2953
164062,594,130,1088,1,0,11200,0,0,0,19031035,19031035,2953
164078,594,189,1088,1,0,11200,0,0,0,19033313,19033313,2953
164093,594,242,1088,1,0,11200,0,0,0,19035514,19035514,2953
164109,594,305,1088,1,0,11200,0,0,0,19037629,19037629,2953
164124,594,371,1088,1,0,11200,0,0,0,19039707,19039707,2953
164139,594,433,1088,1,0,11200,0,0,0,19041636,19041636,2953
164155,594,495,1088,1,0,11200,0,0,0,19043521,19043521,2953
164170,594,554,1088,1,0,11200,0,0,0,19045501,19045501,2953
164185,594,599,1088,1,0,11200,0,0,0,19047324,19047324,2953
164200,594,658,1088,1,0,11200,0,0,0,19049189,19049189,2953
164216,594,724,1088,1,0,11200,0,0,0,19051050,19051050,2953
164231,594,812,1088,1,0,11200,0,0,0,19052992,19052992,2953
164246,594,885,1088,1,0,11200,0,0,0,19054955,19054955,2953
164262,594,946,1088,1,0,11200,0,0,0,19056779,19056779,2953
164277,594,1005,1088,1,0,11200,0,0,0,19058421,19058421,2953
164293,595,1072,1088,1,0,11200,0,0,0,19060342,19060342,2953
164308,595,52,1088,1,0,11200,0,0,0,19062299,19062299,2953
164323,595,140,1088,1,0,11200,0,0,0,19064789,19064789,2953
164338,595,205,1088,1,0,11200,0,0,0,19067143,19067143,2953
164353,595,248,1088,1,0,11200,0,0,0,19069406,19069406,2953
164368,595,312,1088,1,0,11200,0,0,0,19071507,19071507,2953
164383,595,373,1088,1,0,11200,0,0,0,19073568,19073568,2953
164399,595,431,1088,1,0,11200,0,0,0,19075663,19075663,2953
164414,595,482,1088,1,0,11200,0,0,0,19077648,19077648,2953
164432,595,537,1088,1,0,11200,0,0,0,19079789,19079789,2953
164447,595,599,1088,1,0,11200,0,0,0,19081801,19081801,2953
164462,595,647,1088,1,0,11200,0,0,0,19083537,19083537,2953
164477,595,713,1088,1,0,11200,0,0,0,19085361,19085361,2953
164492,595,799,1088,1,0,11200,0,0,0,19087331,19087331,2953
164508,595,869,1088,1,0,11200,0,0,0,19089084,19089084,2953
164523,595,927,1088,1,0,11200,0,0,0,19090941,19090941,2953
164538,595,1005,1088,1,0,11200,0,0,0,19092772,19092772,2953
164553,596,1068,1088,1,0,11200,0,0,0,19094244,19094244,2953
164569,596,87,1088,1,0,11200,0,0,0,19096578,19096578,2953
164585,596,157,1088,1,0,11200,0,0,0,19098916,19098916,2953
164600,596,219,1088,1,0,11200,0,0,0,19101186,19101186,2953
164615,596,265,1088,1,0,11200,0,0,0,19103256,19103256,2953
164631,596,345,1088,1,0,11200,0,0,0,19105560,19105560,2953
164646,596,417,1088,1,0,11200,0,0,0,19107507,19107507,2953
164661,596,469,1088,1,0,11200,0,0,0,19109363,19109363,2953
164676,596,519,1088,1,0,11200,0,0,0,19111248,19111248,2953
164692,596,555,1088,1,0,11200,0,0,0,19112388,19112388,2953
164707,596,596,1088,1,0,11200,0,0,0,19113728,19113728,2953
164722,596,658,1088,1,0,11200,0,0,0,19115685,19115685,2953
164737,596,719,1088,1,0,11200,0,0,0,19117658,19117658,2953
164752,596,786,1088,1,0,11200,0,0,0,19119328,19119328,2953
164768,596,877,1088,1,0,11200,0,0,0,19121235,19121235,2953
164783,596,937,1088,1,0,11200,0,0,0,19123057,19123057,2953
164799,596,998,1088,1,0,11200,0,0,0,19124787,19124787,2953
164815,597,1067,1088,1,0,11200,0,0,0,19126674,19126674,2953
164830,597,46,1088,1,0,11200,0,0,0,19128940,19128940,2953
164846,597,154,1088,1,0,11200,0,0,0,19131312,19131312,2953
164861,597,215,1088,1,0,11200,0,0,0,19133444,19133444,2953
164877,597,284,1088,1,0,11200,0,0,0,19135702,19135702,2953
164892,597,360,1088,1,0,11200,0,0,0,19137991,19137991,2953
164908,597,430,1088,1,0,11200,0,0,0,19139986,19139986,2953
164923,597,484,1088,1,0,11200,0,0,0,19141852,19141852,2953
164939,597,537,1088,1,0,11200,0,0,0,19143776,19143776,2953
164954,597,590,1088,1,0,11200,0,0,0,19145545,19145545,2953
164969,597,664,1088,1,0,11200,0,0,0,19147616,19147616,2953
164985,597,721,1088,1,0,11200,0,0,0,19149314,19149314,2953
165001,597,807,1088,1,0,11200,0,0,0,19151097,19151097,2953
165016,597,880,1088,1,0,11200,0,0,0,19153004,19153004,2953
165031,597,927,1088,1,0,11200,0,0,0,19154573,19154573,2953
165047,597,1015,1088,1,0,11200,0,0,0,19156462,19156462,2953
165062,598,17,1088,1,0,11200,0,0,0,19158577,19158577,2953
165077,598,116,1088,1,0,11200,0,0,0,19160805,19160805,2953
165092,598,178,1088,1,0,11200,0,0,0,19163246,19163246,2953
165107,598,235,1088,1,0,11200,0,0,0,19165463,19165463,2953
165123,598,301,1088,1,0,11200,0,0,0,19167664,19167664,2953
165138,598,381,1088,1,0,11200,0,0,0,19169685,19169685,2953
165154,598,449,1088,1,0,11200,0,0,0,19171636,19171636,2953
165169,598,509,1088,1,0,11200,0,0,0,19173735,19173735,2953
165188,598,537,1088,1,0,11200,0,0,0,19174913,19174913,2953
165204,598,598,1088,1,0,11200,0,0,0,19176943,19176943,2953
165219,598,658,1088,1,0,11200,0,0,0,19179055,19179055,2953
165235,598,724,1088,1,0,11200,0,0,0,19180802,19180802,2953
165251,598,792,1088,1,0,11200,0,0,0,19182541,19182541,2953
165266,598,863,1088,1,0,11200,0,0,0,19184198,19184198,2953
165281,598,901,1088,1,0,11200,0,0,0,19185496,19185496,2953
165297,598,989,1088,1,0,11200,0,0,0,19187749,19187749,2953
165313,599,1062,1088,1,0,11200,0,0,0,19189696,19189696,2953
165328,599,52,1088,1,0,11200,0,0,0,19191938,19191938,2953
165343,599,148,1088,1,0,11200,0,0,0,19194479,19194479,2953
165359,599,199,1088,1,0,11200,0,0,0,19196581,19196581,2953
165374,599,259,1088,1,0,11200,0,0,0,19198997,19198997,2953
165389,599,330,1088,1,0,11200,0,0,0,19201132,19201132,2953
165405,599,393,1088,1,0,11200,0,0,0,19202907,19202907,2953
165420,599,456,1088,1,0,11200,0,0,0,19204988,19204988,2953
165435,599,510,1088,1,0,11200,0,0,0,19207013,19207013,2953
165450,599,559,1088,1,0,11200,0,0,0,19208818,19208818,2953
165466,599,624,1088,1,0,11200,0,0,0,19210813,19210813,2953
165481,599,703,1088,1,0,11200,0,0,0,19212407,19212407,2953
165497,599,769,1088,1,0,11200,0,0,0,19214277,19214277,2953
165512,599,846,1088,1,0,11200,0,0,0,19216091,19216091,2953
165527,599,888,1088,1,0,11200,0,0,0,19217402,19217402,2953
165542,599,963,1088,1,0,11200,0,0,0,19219327,19219327,2953
165558,600,1044,1088,1,0,11200,0,0,0,19221388,19221388,2953
165573,600,42,1088,1,0,11200,0,0,0,19223737,19223737,2953
165588,600,141,1088,1,0,11200,0,0,0,19226119,19226119,2953
165603,600,208,1088,1,0,11200,0,0,0,19228320,19228320,2953
165618,600,258,1088,1,0,11200,0,0,0,19230580,19230580,2953
165634,600,322,1088,1,0,11200,0,0,0,19232829,19232829,2953
165649,600,397,1088,1,0,11200,0,0,0,19235023,19235023,2953
165665,600,470,1088,1,0,11200,0,0,0,19237051,19237051,2953
165680,600,523,1088,1,0,11200,0,0,0,19239032,19239032,2953
165696,600,577,1088,1,0,11200,0,0,0,19240844,19240844,2953
165711,600,635,1088,1,0,11200,0,0,0,19242611,19242611,2953
165726,600,718,1088,1,0,11200,0,0,0,19244750,19244750,2953
165742,600,802,1088,1,0,11200,0,0,0,19246699,19246699,2953
165757,600,893,1088,1,0,11200,0,0,0,19248855,19248855,2953
165773,600,943,1088,1,0,11200,0,0,0,19250871,19250871,2953
165788,600,1022,1088,1,0,11200,0,0,0,19252855,19252855,2953
165803,601,18,1088,1,0,11200,0,0,0,19254876,19254876,2953
165818,601,108,1088,1,0,11200,0,0,0,19256871,19256871,2953
165834,601,166,1088,1,0,11200,0,0,0,19259281,19259281,2953
165849,601,226,1088,1,0,11200,0,0,0,19261516,19261516,2953
165865,601,279,1088,1,0,11200,0,0,0,19263708,19263708,2953
165881,601,358,1088,1,0,11200,0,0,0,19265768,19265768,2953
165897,601,427,1088,1,0,11200,0,0,0,19267848,19267848,2953
165912,601,475,1088,1,0,11200,0,0,0,19269698,19269698,2953
165928,601,537,1088,1,0,11200,0,0,0,19271625,19271625,2953
165943,601,590,1088,1,0,11200,0,0,0,19273474,19273474,2953
165959,601,653,1088,1,0,11200,0,0,0,19275580,19275580,2953
165974,601,720,1088,1,0,11200,0,0,0,19277509,19277509,2953
165989,601,818,1088,1,0,11200,0,0,0,19279219,19279219,2953
166004,601,887,1088,1,0,11200,0,0,0,19281118,19281118,2953
166019,601,949,1088,1,0,11200,0,0,0,19283001,19283001,2953
166034,601,1023,1088,1,0,11200,0,0,0,19284917,19284917,2953
166049,602,26,1088,1,0,11200,0,0,0,19287126,19287126,2953
166064,602,120,1088,1,0,11200,0,0,0,19289300,19289300,2953
166080,602,175,1088,1,0,11200,0,0,0,19291621,19291621,2953
166095,602,230,1088,1,0,11200,0,0,0,19293779,19293779,2953
166111,602,303,1088,1,0,11200,0,0,0,19296160,19296160,2953
166126,602,380,1088,1,0,11200,0,0,0,19298076,19298076,2953
166142,602,435,1088,1,0,11200,0,0,0,19300124,19300124,2953
166157,602,502,1088,1,0,11200,0,0,0,19302205,19302205,2953
166172,602,555,1088,1,0,11200,0,0,0,19303993,19303993,2953
166188,602,612,1088,1,0,11200,0,0,0,19305904,19305904,2953
166203,602,677,1088,1,0,11200,0,0,0,19307800,19307800,2953
166218,602,746,1088,1,0,11200,0,0,0,19309544,19309544,2953
166234,602,812,1088,1,0,11200,0,0,0,19311223,19311223,2953
166249,602,877,1088,1,0,11200,0,0,0,19312986,19312986,2953
166264,602,921,1088,1,0,11200,0,0,0,19314540,19314540,2953
166279,602,996,1088,1,0,11200,0,0,0,19316303,19316303,2953
166295,603,1052,1088,1,0,11200,0,0,0,19317896,19317896,2953
166311,603,65,1088,1,0,11200,0,0,0,19320349,19320349,2953
166327,603,146,1088,1,0,11200,0,0,0,19322776,19322776,2953
166342,603,201,1088,1,0,11200,0,0,0,19324990,19324990,2953
166357,603,251,1088,1,0,11200,0,0,0,19327168,19327168,2953
166373,603,322,1088,1,0,11200,0,0,0,19329329,19329329,2953
166388,603,397,1088,1,0,11200,0,0,0,19331356,19331356,2953
166403,603,451,1088,1,0,11200,0,0,0,19333318,19333318,2953
166419,603,505,1088,1,0,11200,0,0,0,19335372,19335372,2953
166434,603,568,1088,1,0,11200,0,0,0,19337370,19337370,2953
166449,603,622,1088,1,0,11200,0,0,0,19339181,19339181,2953
166464,603,699,1088,1,0,11200,0,0,0,19341218,19341218,2953
166480,603,768,1088,1,0,11200,0,0,0,19343000,19343000,2953
166495,603,845,1088,1,0,11200,0,0,0,19344801,19344801,2953
166514,603,886,1088,1,0,11200,0,0,0,19346127,19346127,2953
166529,603,946,1088,1,0,11200,0,0,0,19347969,19347969,2953
166544,603,1005,1088,1,0,11200,0,0,0,19349822,19349822,2953
166560,604,2,1088,1,0,11200,0,0,0,19351605,19351605,2953
166575,604,115,1088,1,0,11200,0,0,0,19353768,19353768,2953
166590,604,175,1088,1,0,11200,0,0,0,19356080,19356080,2953
166605,604,221,1088,1,0,11200,0,0,0,19358216,19358216,2953
166620,604,266,1088,1,0,11200,0,0,0,19360258,19360258,2953
166636,604,360,1088,1,0,11200,0,0,0,19362622,19362622,2953
166651,604,418,1088,1,0,11200,0,0,0,19364461,19364461,2953
166666,604,474,1088,1,0,11200,0,0,0,19366468,19366468,2953
166681,604,528,1088,1,0,11200,0,0,0,19368353,19368353,2953
166698,604,571,1088,1,0,11200,0,0,0,19369836,19369836,2953
166715,604,621,1088,1,0,11200,0,0,0,19371947,19371947,2953
166730,604,691,1088,1,0,11200,0,0,0,19373967,19373967,2953
166745,604,769,1088,1,0,11200,0,0,0,19376030,19376030,2953
166760,604,838,1088,1,0,11200,0,0,0,19377691,19377691,2953
166776,604,894,1088,1,0,11200,0,0,0,19379354,19379354,2953
166791,604,965,1088,1,0,11200,0,0,0,19381425,19381425,2953
166807,604,1033,1088,1,0,11200,0,0,0,19383308,19383308,2953
166822,605,17,1088,1,0,11200,0,0,0,19385241,19385241,2953
166837,605,112,1088,1,0,11200,0,0,0,19387368,19387368,2953
166852,605,174,1088,1,0,11200,0,0,0,19389844,19389844,2953
166868,605,227,1088,1,0,11200,0,0,0,19391923,19391923,2953
166883,605,297,1088,1,0,11200,0,0,0,19394163,19394163,2953
166898,605,358,1088,1,0,11200,0,0,0,19396278,19396278,2953
166913,605,427,1088,1,0,11200,0,0,0,19398355,19398355,2953
166929,605,479,1088,1,0,11200,0,0,0,19400430,19400430,2953
166944,605,553,1088,1,0,11200,0,0,0,19402328,19402328,2953
166959,605,603,1088,1,0,11200,0,0,0,19403819,19403819,2953
166975,605,658,1088,1,0,11200,0,0,0,19405859,19405859,2953
166990,605,735,1088,1,0,11200,0,0,0,19407669,19407669,2953
167005,605,820,1088,1,0,11200,0,0,0,19409581,19409581,2953
167021,605,881,1088,1,0,11200,0,0,0,19411332,19411332,2953
167036,605,957,1088,1,0,11200,0,0,0,19413383,19413383,2953
167051,605,1021,1088,1,0,11200,0,0,0,19415233,19415233,2953
167066,606,6,1088,1,0,11200,0,0,0,19416852,19416852,2953
167082,606,105,1088,1,0,11200,0,0,0,19419028,19419028,2953
167097,606,167,1088,1,0,11200,0,0,0,19421487,19421487,2953
167112,606,224,1088,1,0,11200,0,0,0,19423813,19423813,2953
167127,606,278,1088,1,0,11200,0,0,0,19425993,19425993,2953
167142,606,366,1088,1,0,11200,0,0,0,19428194,19428194,2953
167158,606,435,1088,1,0,11200,0,0,0,19430173,19430173,2953
167173,606,502,1088,1,0,11200,0,0,0,19432259,19432259,2953
167188,606,556,1088,1,0,11200,0,0,0,19434320,19434320,2953
167203,606,608,1088,1,0,11200,0,0,0,19436119,19436119,2953
167219,606,669,1088,1,0,11200,0,0,0,19438253,19438253,2953
167234,606,730,1088,1,0,11200,0,0,0,19440058,19440058,2953
167249,606,812,1088,1,0,11200,0,0,0,19441898,19441898,2953
167264,606,878,1088,1,0,11200,0,0,0,19443601,19443601,2953
167279,606,946,1088,1,0,11200,0,0,0,19445440,19445440,2953
167295,606,1027,1088,1,0,11200,0,0,0,19447458,19447458,2953
167310,607,12,1088,1,0,11200,0,0,0,19449151,19449151,2953
167325,607,105,1088,1,0,11200,0,0,0,19451355,19451355,2953
167341,607,167,1088,1,0,11200,0,0,0,19453889,19453889,2953
167356,607,224,1088,1,0,11200,0,0,0,19456066,19456066,2953
167371,607,271,1088,1,0,11200,0,0,0,19458167,19458167,2953
167387,607,345,1088,1,0,11200,0,0,0,19460342,19460342,2953
167403,607,418,1088,1,0,11200,0,0,0,19462236,19462236,2953
167418,607,474,1088,1,0,11200,0,0,0,19464094,19464094,2953
167433,607,539,1088,1,0,11200,0,0,0,19466066,19466066,2953
167449,607,596,1088,1,0,11200,0,0,0,19467697,19467697,2953
167464,607,662,1088,1,0,11200,0,0,0,19469743,19469743,2953
167480,607,724,1088,1,0,11200,0,0,0,19471447,19471447,2953
167496,607,796,1088,1,0,11200,0,0,0,19473446,19473446,2953
167513,607,886,1088,1,0,11200,0,0,0,19475352,19475352,2953
167529,607,963,1088,1,0,11200,0,0,0,19477243,19477243,2953
167544,607,1031,1088,1,0,11200,0,0,0,19478973,19478973,2953
167559,608,20,1088,1,0,11200,0,0,0,19480908,19480908,2953
167575,608,120,1088,1,0,11200,0,0,0,19483042,19483042,2953
167590,608,178,1088,1,0,11200,0,0,0,19485248,19485248,2953
167606,608,234,1088,1,0,11200,0,0,0,19487377,19487377,2953
167621,608,305,1088,1,0,11200,0,0,0,19489603,19489603,2953
167636,608,369,1088,1,0,11200,0,0,0,19491776,19491776,2953
167651,608,433,1088,1,0,11200,0,0,0,19493820,19493820,2953
167667,608,489,1088,1,0,11200,0,0,0,19495629,19495629,2953
167682,608,535,1088,1,0,11200,0,0,0,19497390,19497390,2953
167697,608,607,1088,1,0,11200,0,0,0,19499433,19499433,2953
167712,608,677,1088,1,0,11200,0,0,0,19501350,19501350,2953
167727,608,768,1088,1,0,11200,0,0,0,19503198,19503198,2953
167743,608,860,1088,1,0,11200,0,0,0,19505115,19505115,2953
167758,608,898,1088,1,0,11200,0,0,0,19506823,19506823,2953
167774,608,961,1088,1,0,11200,0,0,0,19508681,19508681,2953
167789,608,1037,1088,1,0,11200,0,0,0,19510727,19510727,2953
167804,609,26,1088,1,0,11200,0,0,0,19512953,19512953,2953
167820,609,111,1088,1,0,11200,0,0,0,19514773,19514773,2953
167835,609,161,1088,1,0,11200,0,0,0,19517229,19517229,2953
167851,609,221,1088,1,0,11200,0,0,0,19519469,19519469,2953
167866,609,269,1088,1,0,11200,0,0,0,19521655,19521655,2953
167881,609,335,1088,1,0,11200,0,0,0,19523725,19523725,2953
167896,609,415,1088,1,0,11200,0,0,0,19525844,19525844,2953
167912,609,462,1088,1,0,11200,0,0,0,19527750,19527750,2953
167927,609,525,1088,1,0,11200,0,0,0,19529713,19529713,2953
167942,609,581,1088,1,0,11200,0,0,0,19531507,19531507,2953
167958,609,630,1088,1,0,11200,0,0,0,19533400,19533400,2953
167973,609,705,1088,1,0,11200,0,0,0,19535208,19535208,2953
167989,609,769,1088,1,0,11200,0,0,0,19537046,19537046,2953
168004,609,855,1088,1,0,11200,0,0,0,19538986,19538986,2953
168020,609,901,1088,1,0,11200,0,0,0,19540306,19540306,2953
168035,609,963,1088,1,0,11200,0,0,0,19542189,19542189,2953
168050,609,1027,1088,1,0,11200,0,0,0,19543795,19543795,2953
168066,610,21,1088,1,0,11200,0,0,0,19546065,19546065,2953
168081,610,116,1088,1,0,11200,0,0,0,19548176,19548176,2953
168096,610,173,1088,1,0,11200,0,0,0,19550499,19550499,2953
168111,610,226,1088,1,0,11200,0,0,0,19552606,19552606,2953
168126,610,301,1088,1,0,11200,0,0,0,19554838,19554838,2953
168141,610,369,1088,1,0,11200,0,0,0,19556771,19556771,2953
168157,610,433,1088,1,0,11200,0,0,0,19558819,19558819,2953
168172,610,489,1088,1,0,11200,0,0,0,19560793,19560793,2953
168187,610,537,1088,1,0,11200,0,0,0,19562443,19562443,2953
168202,610,609,1088,1,0,11200,0,0,0,19564371,19564371,2953
168217,610,674,1088,1,0,11200,0,0,0,19566499,19566499,2953
168232,610,751,1088,1,0,11200,0,0,0,19568280,19568280,2953
168248,610,832,1088,1,0,11200,0,0,0,19570022,19570022,2953
168264,610,886,1088,1,0,11200,0,0,0,19571851,19571851,2953
168279,610,952,1088,1,0,11200,0,0,0,19573820,19573820,2953
168295,610,1033,1088,1,0,11200,0,0,0,19575850,19575850,2953
168310,611,13,1088,1,0,11200,0,0,0,19577643,19577643,2953
168325,611,108,1088,1,0,11200,0,0,0,19579846,19579846,2953
168341,611,167,1088,1,0,11200,0,0,0,19582186,19582186,2953
168356,611,221,1088,1,0,11200,0,0,0,19584412,19584412,2953
168372,611,273,1088,1,0,11200,0,0,0,19586342,19586342,2953
168387,611,335,1088,1,0,11200,0,0,0,19588319,19588319,2953
168402,611,402,1088,1,0,11200,0,0,0,19590188,19590188,2953
168418,611,469,1088,1,0,11200,0,0,0,19592105,19592105,2953
168433,611,531,1088,1,0,11200,0,0,0,19594235,19594235,2953
168448,611,592,1088,1,0,11200,0,0,0,19596265,19596265,2953
168463,611,654,1088,1,0,11200,0,0,0,19598270,19598270,2953
168479,611,722,1088,1,0,11200,0,0,0,19600143,19600143,2953
168494,611,807,1088,1,0,11200,0,0,0,19601823,19601823,2953
168509,611,886,1088,1,0,11200,0,0,0,19603527,19603527,2953
168525,611,939,1088,1,0,11200,0,0,0,19605247,19605247,2953
168540,611,998,1088,1,0,11200,0,0,0,19606872,19606872,2953
168556,612,1063,1088,1,0,11200,0,0,0,19608716,19608716,2953
168571,612,44,1088,1,0,11200,0,0,0,19610654,19610654,2953
168586,612,138,1088,1,0,11200,0,0,0,19613121,19613121,2953
168601,612,185,1088,1,0,11200,0,0,0,19615148,19615148,2953
168617,612,246,1088,1,0,11200,0,0,0,19617325,19617325,2953
168632,612,308,1088,1,0,11200,0,0,0,19619716,19619716,2953
168647,612,377,1088,1,0,11200,0,0,0,19621843,19621843,2953
168663,612,439,1088,1,0,11200,0,0,0,19623673,19623673,2953
168678,612,486,1088,1,0,11200,0,0,0,19625476,19625476,2953
168693,612,554,1088,1,0,11200,0,0,0,19627448,19627448,2953
168708,612,581,1088,1,0,11200,0,0,0,19628466,19628466,2953
168723,612,625,1088,1,0,11200,0,0,0,19630377,19630377,2953
168739,612,689,1088,1,0,11200,0,0,0,19632464,19632464,2953
168754,612,751,1088,1,0,11200,0,0,0,19634433,19634433,2953
168769,612,822,1088,1,0,11200,0,0,0,19636353,19636353,2953
168785,612,882,1088,1,0,11200,0,0,0,19638004,19638004,2953
168800,612,942,1088,1,0,11200,0,0,0,19639495,19639495,2953
168815,612,1018,1088,1,0,11200,0,0,0,19641414,19641414,2953
168830,613,7,1088,1,0,11200,0,0,0,19643109,19643109,2953
168846,613,115,1088,1,0,11200,0,0,0,19645484,19645484,2953
168861,613,173,1088,1,0,11200,0,0,0,19647727,19647727,2953
168876,613,226,1088,1,0,11200,0,0,0,19649871,19649871,2953
168892,613,290,1088,1,0,11200,0,0,0,19652140,19652140,2953
168907,613,362,1088,1,0,11200,0,0,0,19654275,19654275,2953
168923,613,420,1088,1,0,11200,0,0,0,19656166,19656166,2953
168938,613,492,1088,1,0,11200,0,0,0,19658204,19658204,2953
168953,613,537,1088,1,0,11200,0,0,0,19659829,19659829,2953
168969,613,609,1088,1,0,11200,0,0,0,19661962,19661962,2953
168984,613,671,1088,1,0,11200,0,0,0,19663978,19663978,2953
169000,613,752,1088,1,0,11200,0,0,0,19665902,19665902,2953
169015,613,812,1088,1,0,11200,0,0,0,19667575,19667575,2953
169030,613,881,1088,1,0,11200,0,0,0,19669366,19669366,2953
169045,613,920,1088,1,0,11200,0,0,0,19670995,19670995,2953
169061,613,998,1088,1,0,11200,0,0,0,19672770,19672770,2953
169076,614,1064,1088,1,0,11200,0,0,0,19674583,19674583,2953
169092,614,54,1088,1,0,11200,0,0,0,19676787,19676787,2953
169107,614,145,1088,1,0,11200,0,0,0,19679229,19679229,2953
169123,614,215,1088,1,0,11200,0,0,0,19681458,19681458,2953
169138,614,266,1088,1,0,11200,0,0,0,19683507,19683507,2953
169153,614,348,1088,1,0,11200,0,0,0,19685906,19685906,2953
169169,614,420,1088,1,0,11200,0,0,0,19688010,19688010,2953
169184,614,486,1088,1,0,11200,0,0,0,19690109,19690109,2953
169199,614,528,1088,1,0,11200,0,0,0,19691830,19691830,2953
169215,614,590,1088,1,0,11200,0,0,0,19693507,19693507,2953
169230,614,653,1088,1,0,11200,0,0,0,19695607,19695607,2953
169246,614,733,1088,1,0,11200,0,0,0,19697549,19697549,2953
169261,614,802,1088,1,0,11200,0,0,0,19699195,19699195,2953
169278,614,886,1088,1,0,11200,0,0,0,19701147,19701147,2953
169294,614,949,1088,1,0,11200,0,0,0,19703025,19703025,2953
169309,614,1016,1088,1,0,11200,0,0,0,19704707,19704707,2953
169324,615,28,1088,1,0,11200,0,0,0,19706948,19706948,2953
169339,615,130,1088,1,0,11200,0,0,0,19709304,19709304,2953
169354,615,176,1088,1,0,11200,0,0,0,19711530,19711530,2953
169370,615,224,1088,1,0,11200,0,0,0,19713656,19713656,2953
169385,615,286,1088,1,0,11200,0,0,0,19715975,19715975,2953
169400,615,361,1088,1,0,11200,0,0,0,19718236,19718236,2953
169416,615,427,1088,1,0,11200,0,0,0,19720268,19720268,2953
169432,615,475,1088,1,0,11200,0,0,0,19722233,19722233,2953
169447,615,539,1088,1,0,11200,0,0,0,19724368,19724368,2953
169462,615,591,1088,1,0,11200,0,0,0,19725822,19725822,2953
169478,615,647,1088,1,0,11200,0,0,0,19727634,19727634,2953
169493,615,716,1088,1,0,11200,0,0,0,19729542,19729542,2953
169509,615,784,1088,1,0,11200,0,0,0,19731217,19731217,2953
169524,615,862,1088,1,0,11200,0,0,0,19733032,19733032,2953
169539,615,901,1088,1,0,11200,0,0,0,19734370,19734370,2953
169554,615,993,1088,1,0,11200,0,0,0,19736494,19736494,2953
169569,616,1052,1088,1,0,11200,0,0,0,19738349,19738349,2953
169585,616,59,1088,1,0,11200,0,0,0,19740550,19740550,2953
169601,616,154,1088,1,0,11200,0,0,0,19743112,19743112,2953
169616,616,203,1088,1,0,11200,0,0,0,19745048,19745048,2953
169631,616,266,1088,1,0,11200,0,0,0,19747248,19747248,2953
169646,616,345,1088,1,0,11200,0,0,0,19749316,19749316,2953
169662,616,427,1088,1,0,11200,0,0,0,19751134,19751134,2953
169677,616,498,1088,1,0,11200,0,0,0,19753228,19753228,2953
169692,616,537,1088,1,0,11200,0,0,0,19754791,19754791,2953
169707,616,609,1088,1,0,11200,0,0,0,19756629,19756629,2953
169722,616,688,1088,1,0,11200,0,0,0,19758676,19758676,2953
169738,616,777,1088,1,0,11200,0,0,0,19760771,19760771,2953
169753,616,856,1088,1,0,11200,0,0,0,19762613,19762613,2953
169768,616,911,1088,1,0,11200,0,0,0,19764465,19764465,2953
169783,616,993,1088,1,0,11200,0,0,0,19766418,19766418,2953
169799,616,1033,1088,1,0,11200,0,0,0,19768056,19768056,2953
169814,617,28,1089,1,0,11200,0,0,0,19770405,19770405,2954
169829,617,119,1089,1,0,11200,0,0,0,19772238,19772238,2954
169845,617,169,1089,1,0,11200,0,0,0,19774216,19774216,2954
169860,617,221,1089,1,0,11200,0,0,0,19776382,19776382,2954
169876,617,269,1089,1,0,11200,0,0,0,19778615,19778615,2954
169891,617,357,1089,1,0,11200,0,0,0,19780826,19780826,2954
169906,617,408,1089,1,0,11200,0,0,0,19782568,19782568,2954
169921,617,465,1089,1,0,11200,0,0,0,19784694,19784694,2954
169936,617,523,1089,1,0,11200,0,0,0,19786656,19786656,2954
169951,617,563,1089,1,0,11200,0,0,0,19788203,19788203,2954
169967,617,625,1089,1,0,11200,0,0,0,19790162,19790162,2954
169982,617,689,1089,1,0,11200,0,0,0,19792069,19792069,2954
169997,617,770,1089,1,0,11200,0,0,0,19793969,19793969,2954
170012,617,848,1089,1,0,11200,0,0,0,19795576,19795576,2954
170028,617,912,1089,1,0,11200,0,0,0,19797530,19797530,2954
170044,617,996,1089,1,0,11200,0,0,0,19799412,19799412,2954
170059,618,1053,1089,1,0,11200,0,0,0,19801221,19801221,2954
170075,618,29,1089,1,0,11200,0,0,0,19803162,19803162,2954
170090,618,132,1089,1,0,11200,0,0,0,19805625,19805625,2954
170105,618,189,1089,1,0,11200,0,0,0,19807953,19807953,2954
170120,618,248,1089,1,0,11200,0,0,0,19810098,19810098,2954
170135,618,309,1089,1,0,11200,0,0,0,19812236,19812236,2954
170151,618,393,1089,1,0,11200,0,0,0,19814416,19814416,2954
170166,618,458,1089,1,0,11200,0,0,0,19816468,19816468,2954
170181,618,515,1089,1,0,11200,0,0,0,19818530,19818530,2954
170197,618,565,1089,1,0,11200,0,0,0,19820240,19820240,2954
170212,618,619,1089,1,0,11200,0,0,0,19822212,19822212,2954
170227,618,689,1089,1,0,11200,0,0,0,19824134,19824134,2954
170243,618,749,1089,1,0,11200,0,0,0,19825965,19825965,2954
170258,618,837,1089,1,0,11200,0,0,0,19827884,19827884,2954
170274,618,901,1089,1,0,11200,0,0,0,19829595,19829595,2954
170289,618,961,1089,1,0,11200,0,0,0,19831414,19831414,2954
170304,618,1018,1089,1,0,11200,0,0,0,19833207,19833207,2954
170319,619,8,1089,0,0,11200,0,0,0,19835050,19835050,2954
170335,619,83,1089,0,0,11200,0,0,0,19837157,19837157,2954
170350,619,158,1089,0,0,11200,0,0,0,19839562,19839562,2954
170365,619,216,1089,0,0,11200,0,0,0,19841654,19841654,2954
170380,619,262,1089,0,0,11200,0,0,0,19843812,19843812,2954
170395,619,330,1089,0,0,11200,0,0,0,19845907,19845907,2954
170411,619,402,1089,0,0,11200,0,0,0,19848018,19848018,2954
170426,619,473,1089,0,0,11200,0,0,0,19850053,19850053,2954
170442,619,537,1089,0,0,11200,0,0,0,19852218,19852218,2954
170458,619,603,1089,0,0,11200,0,0,0,19854201,19854201,2954
170473,619,653,1089,0,0,11200,0,0,0,19856121,19856121,2954
170489,619,719,1089,0,0,11200,0,0,0,19858063,19858063,2954
170504,619,787,1089,0,0,11200,0,0,0,19859741,19859741,2954
170520,619,869,1089,0,0,11200,0,0,0,19861694,19861694,2954
170538,619,890,1089,0,0,11200,0,0,0,19862440,19862440,2954
170553,619,961,1089,0,0,11200,0,0,0,19864123,19864123,2954
170568,619,1035,1089,0,0,11200,0,0,0,19866018,19866018,2954
170584,620,26,1089,0,0,11200,0,0,0,19868057,19868057,2954
170599,620,120,1089,0,0,11200,0,0,0,19870293,19870293,2954
170614,620,172,1089,0,0,11200,0,0,0,19872579,19872579,2954
170630,620,226,1089,0,0,11200,0,0,0,19874675,19874675,2954
170645,620,284,1089,0,0,11200,0,0,0,19876775,19876775,2954
170660,620,359,1089,0,0,11200,0,0,0,19878750,19878750,2954
170675,620,418,1089,0,0,11200,0,0,0,19880717,19880717,2954
170691,620,473,1089,0,0,11200,0,0,0,19882536,19882536,2954
170706,620,533,1089,0,0,11200,0,0,0,19884585,19884585,2954
170722,620,571,1089,0,0,11200,0,0,0,19885511,19885511,2954
170737,620,622,1089,0,0,11200,0,0,0,19887263,19887263,2954
170752,620,689,1089,0,0,11200,0,0,0,19889132,19889132,2954
170768,620,746,1089,0,0,11200,0,0,0,19890772,19890772,2954
170784,620,821,1089,0,0,11200,0,0,0,19892402,19892402,2954
170799,620,894,1089,0,0,11200,0,0,0,19894424,19894424,2954
170814,620,960,1089,0,0,11200,0,0,0,19896416,19896416,2954
170830,620,1021,1089,0,0,11200,0,0,0,19897961,19897961,2954
170845,621,21,1089,0,0,11200,0,0,0,19900058,19900058,2954
170861,621,128,1089,0,0,11200,0,0,0,19902358,19902358,2954
170876,621,183,1089,0,0,11200,0,0,0,19904593,19904593,2954
170891,621,229,1089,0,0,11200,0,0,0,19906684,19906684,2954
170906,621,286,1089,0,0,11200,0,0,0,19908887,19908887,2954
170922,621,337,1089,0,0,11200,0,0,0,19910876,19910876,2954
170937,621,415,1089,0,0,11200,0,0,0,19912779,19912779,2954
170952,621,464,1089,0,0,11200,0,0,0,19914454,19914454,2954
170967,621,519,1089,0,0,11200,0,0,0,19916311,19916311,2954
170983,621,571,1089,0,0,11200,0,0,0,19917684,19917684,2954
170998,621,630,1089,0,0,11200,0,0,0,19919696,19919696,2954
171014,621,706,1089,0,0,11200,0,0,0,19921754,19921754,2954
171029,621,798,1089,0,0,11200,0,0,0,19923604,19923604,2954
171044,621,866,1089,0,0,11200,0,0,0,19925499,19925499,2954
171059,621,921,1089,0,0,11200,0,0,0,19927192,19927192,2954
171075,621,1003,1089,0,0,11200,0,0,0,19929394,19929394,2954
171090,622,1068,1089,0,0,11200,0,0,0,19931149,19931149,2954
171105,622,44,1089,0,0,11200,0,0,0,19933284,19933284,2954
171121,622,146,1089,0,0,11200,0,0,0,19935605,19935605,2954
171136,622,219,1089,0,0,11200,0,0,0,19937728,19937728,2954
171151,622,261,1089,0,0,11200,0,0,0,19939845,19939845,2954
171167,622,317,1089,0,0,11200,0,0,0,19941720,19941720,2954
171182,622,386,1089,0,0,11200,0,0,0,19943684,19943684,2954
171197,622,456,1089,0,0,11200,0,0,0,19945692,19945692,2954
171212,622,517,1089,0,0,11200,0,0,0,19947587,19947587,2954
171232,622,571,1089,0,0,11200,0,0,0,19949252,19949252,2954
171247,622,624,1089,0,0,11200,0,0,0,19951268,19951268,2954
171262,622,706,1089,0,0,11200,0,0,0,19953285,19953285,2954
171277,622,777,1089,0,0,11200,0,0,0,19955234,19955234,2954
171293,622,848,1089,0,0,11200,0,0,0,19957021,19957021,2954
171308,622,894,1089,0,0,11200,0,0,0,19958350,19958350,2954
171323,622,979,1089,0,0,11200,0,0,0,19960350,19960350,2954
171338,623,1050,1089,0,0,11200,0,0,0,19961960,19961960,2954
171353,623,29,1089,0,0,11200,0,0,0,19964239,19964239,2954
171368,623,132,1089,0,0,11200,0,0,0,19966396,19966396,2954
171384,623,189,1089,0,0,11200,0,0,0,19968719,19968719,2954
171399,623,249,1089,0,0,11200,0,0,0,19971007,19971007,2954
171415,623,326,1089,0,0,11200,0,0,0,19973248,19973248,2954
171430,623,378,1089,0,0,11200,0,0,0,19975247,19975247,2954
171445,623,431,1089,0,0,11200,0,0,0,19977146,19977146,2954
171461,623,489,1089,0,0,11200,0,0,0,19979211,19979211,2954
171476,623,535,1089,0,0,11200,0,0,0,19981223,19981223,2954
171491,623,591,1089,0,0,11200,0,0,0,19982676,19982676,2954
171506,623,652,1089,0,0,11200,0,0,0,19984740,19984740,2954
171521,623,725,1089,0,0,11200,0,0,0,19986641,19986641,2954
171537,623,796,1089,0,0,11200,0,0,0,19988298,19988298,2954
171552,623,885,1089,0,0,11200,0,0,0,19990239,19990239,2954
171568,623,939,1089,0,0,11200,0,0,0,19992025,19992025,2954
171583,623,1002,1089,0,0,11200,0,0,0,19993794,19993794,2954
171598,624,6,1089,0,0,11200,0,0,0,19995733,19995733,2954
171613,624,98,1089,0,0,11200,0,0,0,19997804,19997804,2954
171629,624,158,1089,0,0,11200,0,0,0,20000456,20000456,2954
171644,624,215,1089,0,0,11200,0,0,0,20002470,20002470,2954
171659,624,265,1089,0,0,11200,0,0,0,20004692,20004692,2954
171674,624,335,1089,0,0,11200,0,0,0,20006865,20006865,2954
171690,624,401,1089,0,0,11200,0,0,0,20009012,20009012,2954
171706,624,464,1089,0,0,11200,0,0,0,20011159,20011159,2954
171721,624,531,1089,0,0,11200,0,0,0,20013155,20013155,2954
171736,624,539,1089,0,0,11200,0,0,0,20013501,20013501,2954
171752,624,579,1089,0,0,11200,0,0,0,20014924,20014924,2954
171767,624,631,1089,0,0,11200,0,0,0,20016989,20016989,2954
171782,624,693,1089,0,0,11200,0,0,0,20018787,20018787,2954
171798,624,777,1089,0,0,11200,0,0,0,20020702,20020702,2954
171813,624,858,1089,0,0,11200,0,0,0,20022616,20022616,2954
171828,624,893,1089,0,0,11200,0,0,0,20023764,20023764,2954
171844,624,965,1089,0,0,11200,0,0,0,20025855,20025855,2954
171859,624,1031,1089,0,0,11200,0,0,0,20027757,20027757,2954
171874,625,24,1089,0,0,11200,0,0,0,20029871,20029871,2954
171890,625,115,1089,0,0,11200,0,0,0,20032067,20032067,2954
171905,625,168,1089,0,0,11200,0,0,0,20034021,20034021,2954
171920,625,221,1089,0,0,11200,0,0,0,20036228,20036228,2954
171935,625,277,1089,0,0,11200,0,0,0,20038467,20038467,2954
171950,625,367,1089,0,0,11200,0,0,0,20040536,20040536,2954
171965,625,427,1089,0,0,11200,0,0,0,20042336,20042336,2954
171980,625,486,1089,0,0,11200,0,0,0,20044384,20044384,2954
171995,625,537,1089,0,0,11200,0,0,0,20046279,20046279,2954
172011,625,604,1089,0,0,11200,0,0,0,20048495,20048495,2954
172026,625,666,1089,0,0,11200,0,0,0,20050513,20050513,2954
172041,625,730,1089,0,0,11200,0,0,0,20052431,20052431,2954
172056,625,832,1089,0,0,11200,0,0,0,20054358,20054358,2954
172072,625,894,1089,0,0,11200,0,0,0,20056039,20056039,2954
172087,625,943,1089,0,0,11200,0,0,0,20057565,20057565,2954
172103,625,1006,1089,0,0,11200,0,0,0,20059292,20059292,2954
172119,626,1067,1089,0,0,11200,0,0,0,20061160,20061160,2954
172135,626,66,1089,0,0,11200,0,0,0,20063277,20063277,2954
172150,626,158,1089,0,0,11200,0,0,0,20065761,20065761,2954
172165,626,216,1089,0,0,11200,0,0,0,20068073,20068073,2954
172180,626,267,1089,0,0,11200,0,0,0,20070255,20070255,2954
172196,626,335,1089,0,0,11200,0,0,0,20072482,20072482,2954
172212,626,412,1089,0,0,11200,0,0,0,20074612,20074612,2954
172227,626,475,1089,0,0,11200,0,0,0,20076582,20076582,2954
172243,626,528,1089,0,0,11200,0,0,0,20078578,20078578,2954
172258,626,599,1089,0,0,11200,0,0,0,20080466,20080466,2954
172273,626,646,1089,0,0,11200,0,0,0,20082247,20082247,2954
172288,626,716,1089,0,0,11200,0,0,0,20084166,20084166,2954
172304,626,786,1089,0,0,11200,0,0,0,20085740,20085740,2954
172319,626,866,1089,0,0,11200,0,0,0,20087595,20087595,2954
172334,626,918,1089,0,0,11200,0,0,0,20089484,20089484,2954
172349,626,998,1089,0,0,11200,0,0,0,20091296,20091296,2954
172365,627,1053,1089,0,0,11200,0,0,0,20093123,20093123,2954
172380,627,47,1089,0,0,11200,0,0,0,20095399,20095399,2954
172395,627,146,1089,0,0,11200,0,0,0,20097504,20097504,2954
172410,627,199,1089,0,0,11200,0,0,0,20099345,20099345,2954
172425,627,249,1089,0,0,11200,0,0,0,20101611,20101611,2954
172440,627,310,1089,0,0,11200,0,0,0,20103643,20103643,2954
172455,627,377,1089,0,0,11200,0,0,0,20105807,20105807,2954
172470,627,433,1089,0,0,11200,0,0,0,20107642,20107642,2954
172486,627,501,1089,0,0,11200,0,0,0,20109584,20109584,2954
172502,627,537,1089,0,0,11200,0,0,0,20111020,20111020,2954
172517,627,592,1089,0,0,11200,0,0,0,20112599,20112599,2954
172533,627,647,1089,0,0,11200,0,0,0,20114369,20114369,2954
172548,627,705,1089,0,0,11200,0,0,0,20116328,20116328,2954
172563,627,777,1089,0,0,11200,0,0,0,20118118,20118118,2954
172578,627,865,1089,0,0,11200,0,0,0,20119771,20119771,2954
172594,627,899,1089,0,0,11200,0,0,0,20121263,20121263,2954
172609,627,972,1089,0,0,11200,0,0,0,20123149,20123149,2954
172624,627,1023,1090,1,0,11200,0,0,0,20124972,20124972,2954
172640,628,14,1090,1,0,11200,0,0,0,20126705,20126705,2954
172655,628,110,1090,1,0,11200,0,0,0,20128705,20128705,2954
172670,628,168,1090,1,0,11200,0,0,0,20131101,20131101,2954
172685,628,226,1090,1,0,11200,0,0,0,20133332,20133332,2954
172700,628,279,1090,1,0,11200,0,0,0,20135573,20135573,2954
172716,628,360,1090,1,0,11200,0,0,0,20137630,20137630,2954
172731,628,430,1090,1,0,11200,0,0,0,20139647,20139647,2954
172746,628,489,1090,1,0,11200,0,0,0,20141623,20141623,2954
172761,628,545,1090,1,0,11200,0,0,0,20143583,20143583,2954
172776,628,604,1090,1,0,11200,0,0,0,20145473,20145473,2954
172791,628,664,1090,1,0,11200,0,0,0,20147408,20147408,2954
172806,628,724,1090,1,0,11200,0,0,0,20149185,20149185,2954
172821,628,796,1090,1,0,11200,0,0,0,20151076,20151076,2954
172837,628,863,1090,1,0,11200,0,0,0,20152781,20152781,2954
172852,628,919,1090,1,0,11200,0,0,0,20154654,20154654,2954
172868,628,982,1090,1,0,11200,0,0,0,20156248,20156248,2954
172883,629,1045,1090,1,0,11200,0,0,0,20157990,20157990,2954
172899,629,28,1090,1,0,11200,0,0,0,20159879,20159879,2954
172914,629,129,1090,1,0,11200,0,0,0,20161905,20161905,2954
172929,629,185,1090,1,0,11200,0,0,0,20164269,20164269,2954
172944,629,235,1090,1,0,11200,0,0,0,20166343,20166343,2954
172959,629,300,1090,1,0,11200,0,0,0,20168431,20168431,2954
172975,629,378,1090,1,0,11200,0,0,0,20170393,20170393,2954
172990,629,450,1090,1,0,11200,0,0,0,20172485,20172485,2954
173006,629,508,1090,1,0,11200,0,0,0,20174452,20174452,2954
173021,629,559,1090,1,0,11200,0,0,0,20176271,20176271,2954
173037,629,611,1090,1,0,11200,0,0,0,20177875,20177875,2954
173052,629,688,1090,1,0,11200,0,0,0,20179815,20179815,2954
173067,629,742,1090,1,0,11200,0,0,0,20181667,20181667,2954
173083,629,819,1090,1,0,11200,0,0,0,20183359,20183359,2954
173098,629,876,1090,1,0,11200,0,0,0,20185213,20185213,2954
173113,629,939,1090,1,0,11200,0,0,0,20187150,20187150,2954
173129,629,1015,1090,1,0,11200,0,0,0,20189061,20189061,2954
173144,630,12,1090,1,0,11200,0,0,0,20191140,20191140,2954
173159,630,100,1090,1,0,11200,0,0,0,20193306,20193306,2954
173175,630,159,1090,1,0,11200,0,0,0,20195832,20195832,2954
173190,630,217,1090,1,0,11200,0,0,0,20197771,20197771,2954
173205,630,263,1090,1,0,11200,0,0,0,20199750,20199750,2954
173220,630,336,1090,1,0,11200,0,0,0,20201921,20201921,2954
173236,630,402,1090,1,0,11200,0,0,0,20203751,20203751,2954
173251,630,458,1090,1,0,11200,0,0,0,20205798,20205798,2954
173266,630,515,1090,1,0,11200,0,0,0,20207828,20207828,2954
173281,630,577,1090,1,0,11200,0,0,0,20209482,20209482,2954
173296,630,645,1090,1,0,11200,0,0,0,20211499,20211499,2954
173312,630,704,1090,1,0,11200,0,0,0,20213247,20213247,2954
173328,630,791,1090,1,0,11200,0,0,0,20215256,20215256,2954
