=== fuzz_combined_afl: Campaign 3 — Nautilus config + FUSE rootfs ===
  crun    : /nix/store/arwkshyi5pj6f4j6a6nrvrf89irhgdp4-crun-harness-1.23.1/bin/crun
  grammar : /nix/store/2hpav3yiv5fffrs9g3mf0lx21y7dxk41-crun-fuzzer-0.0.1/share/grammar.py
FUSE mounted at /tmp/campaign3-fuse-55619
  rootfs  : /tmp/campaign3-fuse-55619
<string>:215: SyntaxWarning: invalid escape sequence '\{'
<string>:216: SyntaxWarning: invalid escape sequence '\{'
<string>:217: SyntaxWarning: invalid escape sequence '\{'
<string>:236: SyntaxWarning: invalid escape sequence '\{'
<string>:237: SyntaxWarning: invalid escape sequence '\{'
<string>:238: SyntaxWarning: invalid escape sequence '\{'
<string>:239: SyntaxWarning: invalid escape sequence '\{'
<string>:286: SyntaxWarning: invalid escape sequence '\{'
<string>:287: SyntaxWarning: invalid escape sequence '\{'
<string>:288: SyntaxWarning: invalid escape sequence '\{'
<string>:328: SyntaxWarning: invalid escape sequence '\{'
<string>:447: SyntaxWarning: invalid escape sequence '\{'
[UserStats #0] run time: 0s, clients: 1, corpus: 0, objectives: 0, executions: 1, exec/sec: 0.000, shared_mem: 273/11072 (2%)
[Testcase #0] run time: 0s, clients: 1, corpus: 1, objectives: 0, executions: 1, exec/sec: 0.000, shared_mem: 273/11072 (2%)
[UserStats #0] run time: 0s, clients: 1, corpus: 1, objectives: 0, executions: 2, exec/sec: 0.000, shared_mem: 357/11072 (3%)
[Testcase #0] run time: 0s, clients: 1, corpus: 2, objectives: 0, executions: 2, exec/sec: 0.000, shared_mem: 357/11072 (3%)
[UserStats #0] run time: 0s, clients: 1, corpus: 2, objectives: 0, executions: 3, exec/sec: 0.000, shared_mem: 390/11072 (3%)
[Testcase #0] run time: 0s, clients: 1, corpus: 3, objectives: 0, executions: 3, exec/sec: 0.000, shared_mem: 390/11072 (3%)
[UserStats #0] run time: 0s, clients: 1, corpus: 3, objectives: 0, executions: 4, exec/sec: 0.000, shared_mem: 399/11072 (3%)
[Testcase #0] run time: 0s, clients: 1, corpus: 4, objectives: 0, executions: 4, exec/sec: 0.000, shared_mem: 399/11072 (3%)
[UserStats #0] run time: 0s, clients: 1, corpus: 4, objectives: 0, executions: 5, exec/sec: 0.000, shared_mem: 706/11072 (6%)
[Testcase #0] run time: 0s, clients: 1, corpus: 5, objectives: 0, executions: 5, exec/sec: 0.000, shared_mem: 706/11072 (6%)
[UserStats #0] run time: 0s, clients: 1, corpus: 5, objectives: 0, executions: 6, exec/sec: 0.000, shared_mem: 729/11072 (6%)
[Testcase #0] run time: 0s, clients: 1, corpus: 6, objectives: 0, executions: 6, exec/sec: 0.000, shared_mem: 729/11072 (6%)
[UserStats #0] run time: 0s, clients: 1, corpus: 6, objectives: 0, executions: 7, exec/sec: 0.000, shared_mem: 731/11072 (6%)
[Testcase #0] run time: 0s, clients: 1, corpus: 7, objectives: 0, executions: 7, exec/sec: 0.000, shared_mem: 731/11072 (6%)
[UserStats #0] run time: 0s, clients: 1, corpus: 7, objectives: 0, executions: 8, exec/sec: 0.000, shared_mem: 755/11072 (6%)
[Testcase #0] run time: 0s, clients: 1, corpus: 8, objectives: 0, executions: 8, exec/sec: 0.000, shared_mem: 755/11072 (6%)
[UserStats #0] run time: 0s, clients: 1, corpus: 8, objectives: 0, executions: 9, exec/sec: 0.000, shared_mem: 756/11072 (6%)
[Testcase #0] run time: 0s, clients: 1, corpus: 9, objectives: 0, executions: 9, exec/sec: 0.000, shared_mem: 756/11072 (6%)
[UserStats #0] run time: 0s, clients: 1, corpus: 9, objectives: 0, executions: 10, exec/sec: 0.000, shared_mem: 801/11072 (7%)
[Testcase #0] run time: 0s, clients: 1, corpus: 10, objectives: 0, executions: 10, exec/sec: 0.000, shared_mem: 801/11072 (7%)
[UserStats #0] run time: 0s, clients: 1, corpus: 10, objectives: 0, executions: 11, exec/sec: 0.000, shared_mem: 868/11072 (7%)
[Testcase #0] run time: 0s, clients: 1, corpus: 11, objectives: 0, executions: 11, exec/sec: 0.000, shared_mem: 868/11072 (7%)
[UserStats #0] run time: 0s, clients: 1, corpus: 11, objectives: 0, executions: 12, exec/sec: 0.000, shared_mem: 868/11072 (7%)
[Testcase #0] run time: 0s, clients: 1, corpus: 12, objectives: 0, executions: 12, exec/sec: 0.000, shared_mem: 868/11072 (7%)
[UserStats #0] run time: 0s, clients: 1, corpus: 12, objectives: 0, executions: 13, exec/sec: 0.000, shared_mem: 933/11072 (8%)
[Testcase #0] run time: 0s, clients: 1, corpus: 13, objectives: 0, executions: 13, exec/sec: 0.000, shared_mem: 933/11072 (8%)
[UserStats #0] run time: 0s, clients: 1, corpus: 13, objectives: 0, executions: 14, exec/sec: 0.000, shared_mem: 933/11072 (8%)
[Testcase #0] run time: 0s, clients: 1, corpus: 14, objectives: 0, executions: 14, exec/sec: 0.000, shared_mem: 933/11072 (8%)
[UserStats #0] run time: 0s, clients: 1, corpus: 14, objectives: 0, executions: 15, exec/sec: 0.000, shared_mem: 1001/11072 (9%)
[Testcase #0] run time: 0s, clients: 1, corpus: 15, objectives: 0, executions: 15, exec/sec: 0.000, shared_mem: 1001/11072 (9%)
[UserStats #0] run time: 0s, clients: 1, corpus: 15, objectives: 0, executions: 16, exec/sec: 0.000, shared_mem: 1009/11072 (9%)
[Testcase #0] run time: 0s, clients: 1, corpus: 16, objectives: 0, executions: 16, exec/sec: 0.000, shared_mem: 1009/11072 (9%)
[UserStats #0] run time: 0s, clients: 1, corpus: 16, objectives: 0, executions: 17, exec/sec: 0.000, shared_mem: 1009/11072 (9%)
[Testcase #0] run time: 0s, clients: 1, corpus: 17, objectives: 0, executions: 17, exec/sec: 0.000, shared_mem: 1009/11072 (9%)
[UserStats #0] run time: 0s, clients: 1, corpus: 17, objectives: 0, executions: 18, exec/sec: 0.000, shared_mem: 1009/11072 (9%)
[Testcase #0] run time: 0s, clients: 1, corpus: 18, objectives: 0, executions: 18, exec/sec: 0.000, shared_mem: 1009/11072 (9%)
[UserStats #0] run time: 0s, clients: 1, corpus: 18, objectives: 0, executions: 19, exec/sec: 0.000, shared_mem: 1009/11072 (9%)
[Testcase #0] run time: 0s, clients: 1, corpus: 19, objectives: 0, executions: 19, exec/sec: 0.000, shared_mem: 1009/11072 (9%)
[UserStats #0] run time: 0s, clients: 1, corpus: 19, objectives: 0, executions: 20, exec/sec: 0.000, shared_mem: 1009/11072 (9%)
[Testcase #0] run time: 0s, clients: 1, corpus: 20, objectives: 0, executions: 20, exec/sec: 0.000, shared_mem: 1009/11072 (9%)
[UserStats #0] run time: 0s, clients: 1, corpus: 20, objectives: 0, executions: 21, exec/sec: 0.000, shared_mem: 1016/11072 (9%)
[Testcase #0] run time: 0s, clients: 1, corpus: 21, objectives: 0, executions: 21, exec/sec: 0.000, shared_mem: 1016/11072 (9%)
[UserStats #0] run time: 0s, clients: 1, corpus: 21, objectives: 0, executions: 22, exec/sec: 0.000, shared_mem: 1055/11072 (9%)
[Testcase #0] run time: 0s, clients: 1, corpus: 22, objectives: 0, executions: 22, exec/sec: 0.000, shared_mem: 1055/11072 (9%)
[UserStats #0] run time: 0s, clients: 1, corpus: 22, objectives: 0, executions: 23, exec/sec: 0.000, shared_mem: 1055/11072 (9%)
[Testcase #0] run time: 0s, clients: 1, corpus: 23, objectives: 0, executions: 23, exec/sec: 0.000, shared_mem: 1055/11072 (9%)
[UserStats #0] run time: 0s, clients: 1, corpus: 23, objectives: 0, executions: 24, exec/sec: 0.000, shared_mem: 1055/11072 (9%)
[Testcase #0] run time: 0s, clients: 1, corpus: 24, objectives: 0, executions: 24, exec/sec: 0.000, shared_mem: 1055/11072 (9%)
[UserStats #0] run time: 0s, clients: 1, corpus: 24, objectives: 0, executions: 25, exec/sec: 0.000, shared_mem: 1055/11072 (9%)
[Testcase #0] run time: 0s, clients: 1, corpus: 25, objectives: 0, executions: 25, exec/sec: 0.000, shared_mem: 1055/11072 (9%)
[UserStats #0] run time: 0s, clients: 1, corpus: 25, objectives: 0, executions: 26, exec/sec: 0.000, shared_mem: 1055/11072 (9%)
[Testcase #0] run time: 0s, clients: 1, corpus: 26, objectives: 0, executions: 26, exec/sec: 0.000, shared_mem: 1055/11072 (9%)
[UserStats #0] run time: 0s, clients: 1, corpus: 26, objectives: 0, executions: 27, exec/sec: 0.000, shared_mem: 1055/11072 (9%)
[Testcase #0] run time: 0s, clients: 1, corpus: 27, objectives: 0, executions: 27, exec/sec: 0.000, shared_mem: 1055/11072 (9%)
[UserStats #0] run time: 0s, clients: 1, corpus: 27, objectives: 0, executions: 28, exec/sec: 0.000, shared_mem: 1055/11072 (9%)
[Testcase #0] run time: 0s, clients: 1, corpus: 28, objectives: 0, executions: 28, exec/sec: 0.000, shared_mem: 1055/11072 (9%)
[UserStats #0] run time: 0s, clients: 1, corpus: 28, objectives: 0, executions: 29, exec/sec: 0.000, shared_mem: 1085/11072 (9%)
[Testcase #0] run time: 0s, clients: 1, corpus: 29, objectives: 0, executions: 29, exec/sec: 0.000, shared_mem: 1085/11072 (9%)
[UserStats #0] run time: 0s, clients: 1, corpus: 29, objectives: 0, executions: 30, exec/sec: 0.000, shared_mem: 1086/11072 (9%)
[Testcase #0] run time: 0s, clients: 1, corpus: 30, objectives: 0, executions: 30, exec/sec: 0.000, shared_mem: 1086/11072 (9%)
[UserStats #0] run time: 0s, clients: 1, corpus: 30, objectives: 0, executions: 31, exec/sec: 0.000, shared_mem: 1086/11072 (9%)
[Testcase #0] run time: 0s, clients: 1, corpus: 31, objectives: 0, executions: 31, exec/sec: 0.000, shared_mem: 1086/11072 (9%)
[UserStats #0] run time: 0s, clients: 1, corpus: 31, objectives: 0, executions: 32, exec/sec: 0.000, shared_mem: 1092/11072 (9%)
[Testcase #0] run time: 0s, clients: 1, corpus: 32, objectives: 0, executions: 32, exec/sec: 0.000, shared_mem: 1092/11072 (9%)
[UserStats #0] run time: 0s, clients: 1, corpus: 32, objectives: 0, executions: 33, exec/sec: 0.000, shared_mem: 1095/11072 (9%)
[Testcase #0] run time: 0s, clients: 1, corpus: 33, objectives: 0, executions: 33, exec/sec: 0.000, shared_mem: 1095/11072 (9%)
[UserStats #0] run time: 0s, clients: 1, corpus: 33, objectives: 0, executions: 34, exec/sec: 0.000, shared_mem: 1095/11072 (9%)
[Testcase #0] run time: 0s, clients: 1, corpus: 34, objectives: 0, executions: 34, exec/sec: 0.000, shared_mem: 1095/11072 (9%)
[UserStats #0] run time: 0s, clients: 1, corpus: 34, objectives: 0, executions: 35, exec/sec: 0.000, shared_mem: 1095/11072 (9%)
[Testcase #0] run time: 0s, clients: 1, corpus: 35, objectives: 0, executions: 35, exec/sec: 0.000, shared_mem: 1095/11072 (9%)
[UserStats #0] run time: 0s, clients: 1, corpus: 35, objectives: 0, executions: 36, exec/sec: 0.000, shared_mem: 1095/11072 (9%)
[Testcase #0] run time: 0s, clients: 1, corpus: 36, objectives: 0, executions: 36, exec/sec: 0.000, shared_mem: 1095/11072 (9%)
[UserStats #0] run time: 0s, clients: 1, corpus: 36, objectives: 0, executions: 37, exec/sec: 0.000, shared_mem: 1095/11072 (9%)
[Testcase #0] run time: 0s, clients: 1, corpus: 37, objectives: 0, executions: 37, exec/sec: 0.000, shared_mem: 1095/11072 (9%)
[UserStats #0] run time: 0s, clients: 1, corpus: 37, objectives: 0, executions: 38, exec/sec: 0.000, shared_mem: 1095/11072 (9%)
[Testcase #0] run time: 0s, clients: 1, corpus: 38, objectives: 0, executions: 38, exec/sec: 0.000, shared_mem: 1095/11072 (9%)
[UserStats #0] run time: 0s, clients: 1, corpus: 38, objectives: 0, executions: 39, exec/sec: 0.000, shared_mem: 1095/11072 (9%)
[Testcase #0] run time: 0s, clients: 1, corpus: 39, objectives: 0, executions: 39, exec/sec: 0.000, shared_mem: 1095/11072 (9%)
[UserStats #0] run time: 0s, clients: 1, corpus: 39, objectives: 0, executions: 40, exec/sec: 0.000, shared_mem: 1095/11072 (9%)
[Testcase #0] run time: 0s, clients: 1, corpus: 40, objectives: 0, executions: 40, exec/sec: 0.000, shared_mem: 1095/11072 (9%)
[UserStats #0] run time: 0s, clients: 1, corpus: 40, objectives: 0, executions: 41, exec/sec: 0.000, shared_mem: 1095/11072 (9%)
[Testcase #0] run time: 0s, clients: 1, corpus: 41, objectives: 0, executions: 41, exec/sec: 0.000, shared_mem: 1095/11072 (9%)
[UserStats #0] run time: 0s, clients: 1, corpus: 41, objectives: 0, executions: 42, exec/sec: 0.000, shared_mem: 1095/11072 (9%)
[Testcase #0] run time: 0s, clients: 1, corpus: 42, objectives: 0, executions: 42, exec/sec: 0.000, shared_mem: 1095/11072 (9%)
[UserStats #0] run time: 0s, clients: 1, corpus: 42, objectives: 0, executions: 43, exec/sec: 0.000, shared_mem: 1095/11072 (9%)
[Testcase #0] run time: 0s, clients: 1, corpus: 43, objectives: 0, executions: 43, exec/sec: 0.000, shared_mem: 1095/11072 (9%)
[UserStats #0] run time: 0s, clients: 1, corpus: 43, objectives: 0, executions: 44, exec/sec: 0.000, shared_mem: 1095/11072 (9%)
[Testcase #0] run time: 0s, clients: 1, corpus: 44, objectives: 0, executions: 44, exec/sec: 0.000, shared_mem: 1095/11072 (9%)
[UserStats #0] run time: 0s, clients: 1, corpus: 44, objectives: 0, executions: 45, exec/sec: 0.000, shared_mem: 1095/11072 (9%)
[Testcase #0] run time: 0s, clients: 1, corpus: 45, objectives: 0, executions: 45, exec/sec: 0.000, shared_mem: 1095/11072 (9%)
[UserStats #0] run time: 0s, clients: 1, corpus: 45, objectives: 0, executions: 46, exec/sec: 0.000, shared_mem: 1095/11072 (9%)
[Testcase #0] run time: 0s, clients: 1, corpus: 46, objectives: 0, executions: 46, exec/sec: 0.000, shared_mem: 1095/11072 (9%)
[UserStats #0] run time: 0s, clients: 1, corpus: 46, objectives: 0, executions: 47, exec/sec: 0.000, shared_mem: 1095/11072 (9%)
[Testcase #0] run time: 0s, clients: 1, corpus: 47, objectives: 0, executions: 47, exec/sec: 0.000, shared_mem: 1095/11072 (9%)
[UserStats #0] run time: 0s, clients: 1, corpus: 47, objectives: 0, executions: 48, exec/sec: 0.000, shared_mem: 1095/11072 (9%)
[Testcase #0] run time: 0s, clients: 1, corpus: 48, objectives: 0, executions: 48, exec/sec: 0.000, shared_mem: 1095/11072 (9%)
[UserStats #0] run time: 0s, clients: 1, corpus: 48, objectives: 0, executions: 49, exec/sec: 0.000, shared_mem: 1095/11072 (9%)
[Testcase #0] run time: 0s, clients: 1, corpus: 49, objectives: 0, executions: 49, exec/sec: 0.000, shared_mem: 1095/11072 (9%)
[UserStats #0] run time: 0s, clients: 1, corpus: 49, objectives: 0, executions: 50, exec/sec: 0.000, shared_mem: 1095/11072 (9%)
[Testcase #0] run time: 0s, clients: 1, corpus: 50, objectives: 0, executions: 50, exec/sec: 0.000, shared_mem: 1095/11072 (9%)
[UserStats #0] run time: 0s, clients: 1, corpus: 50, objectives: 0, executions: 51, exec/sec: 0.000, shared_mem: 1095/11072 (9%)
[Testcase #0] run time: 0s, clients: 1, corpus: 51, objectives: 0, executions: 51, exec/sec: 0.000, shared_mem: 1095/11072 (9%)
[UserStats #0] run time: 0s, clients: 1, corpus: 51, objectives: 0, executions: 52, exec/sec: 0.000, shared_mem: 1095/11072 (9%)
[Testcase #0] run time: 0s, clients: 1, corpus: 52, objectives: 0, executions: 52, exec/sec: 0.000, shared_mem: 1095/11072 (9%)
[UserStats #0] run time: 0s, clients: 1, corpus: 52, objectives: 0, executions: 53, exec/sec: 0.000, shared_mem: 1095/11072 (9%)
[Testcase #0] run time: 0s, clients: 1, corpus: 53, objectives: 0, executions: 53, exec/sec: 0.000, shared_mem: 1095/11072 (9%)
[UserStats #0] run time: 0s, clients: 1, corpus: 53, objectives: 0, executions: 54, exec/sec: 0.000, shared_mem: 1095/11072 (9%)
[Testcase #0] run time: 0s, clients: 1, corpus: 54, objectives: 0, executions: 54, exec/sec: 0.000, shared_mem: 1095/11072 (9%)
[UserStats #0] run time: 0s, clients: 1, corpus: 54, objectives: 0, executions: 55, exec/sec: 0.000, shared_mem: 1095/11072 (9%)
[Testcase #0] run time: 0s, clients: 1, corpus: 55, objectives: 0, executions: 55, exec/sec: 0.000, shared_mem: 1095/11072 (9%)
[UserStats #0] run time: 0s, clients: 1, corpus: 55, objectives: 0, executions: 56, exec/sec: 0.000, shared_mem: 1095/11072 (9%)
[Testcase #0] run time: 0s, clients: 1, corpus: 56, objectives: 0, executions: 56, exec/sec: 0.000, shared_mem: 1095/11072 (9%)
[UserStats #0] run time: 0s, clients: 1, corpus: 56, objectives: 0, executions: 57, exec/sec: 0.000, shared_mem: 1095/11072 (9%)
[Testcase #0] run time: 0s, clients: 1, corpus: 57, objectives: 0, executions: 57, exec/sec: 0.000, shared_mem: 1095/11072 (9%)
[UserStats #0] run time: 0s, clients: 1, corpus: 57, objectives: 0, executions: 58, exec/sec: 0.000, shared_mem: 1095/11072 (9%)
[Testcase #0] run time: 0s, clients: 1, corpus: 58, objectives: 0, executions: 58, exec/sec: 0.000, shared_mem: 1095/11072 (9%)
[UserStats #0] run time: 0s, clients: 1, corpus: 58, objectives: 0, executions: 59, exec/sec: 0.000, shared_mem: 1095/11072 (9%)
[Testcase #0] run time: 0s, clients: 1, corpus: 59, objectives: 0, executions: 59, exec/sec: 0.000, shared_mem: 1095/11072 (9%)
[UserStats #0] run time: 0s, clients: 1, corpus: 59, objectives: 0, executions: 60, exec/sec: 0.000, shared_mem: 1095/11072 (9%)
[Testcase #0] run time: 0s, clients: 1, corpus: 60, objectives: 0, executions: 60, exec/sec: 0.000, shared_mem: 1095/11072 (9%)
[UserStats #0] run time: 0s, clients: 1, corpus: 60, objectives: 0, executions: 61, exec/sec: 0.000, shared_mem: 1095/11072 (9%)
[Testcase #0] run time: 0s, clients: 1, corpus: 61, objectives: 0, executions: 61, exec/sec: 0.000, shared_mem: 1095/11072 (9%)
[UserStats #0] run time: 0s, clients: 1, corpus: 61, objectives: 0, executions: 62, exec/sec: 0.000, shared_mem: 1095/11072 (9%)
[Testcase #0] run time: 0s, clients: 1, corpus: 62, objectives: 0, executions: 62, exec/sec: 0.000, shared_mem: 1095/11072 (9%)
[UserStats #0] run time: 0s, clients: 1, corpus: 62, objectives: 0, executions: 63, exec/sec: 0.000, shared_mem: 1095/11072 (9%)
[Testcase #0] run time: 0s, clients: 1, corpus: 63, objectives: 0, executions: 63, exec/sec: 0.000, shared_mem: 1095/11072 (9%)
[UserStats #0] run time: 0s, clients: 1, corpus: 63, objectives: 0, executions: 64, exec/sec: 0.000, shared_mem: 1095/11072 (9%)
[Testcase #0] run time: 0s, clients: 1, corpus: 64, objectives: 0, executions: 64, exec/sec: 0.000, shared_mem: 1095/11072 (9%)
[UserStats #0] run time: 0s, clients: 1, corpus: 64, objectives: 0, executions: 65, exec/sec: 0.000, shared_mem: 1095/11072 (9%)
[Testcase #0] run time: 0s, clients: 1, corpus: 65, objectives: 0, executions: 65, exec/sec: 0.000, shared_mem: 1095/11072 (9%)
[UserStats #0] run time: 0s, clients: 1, corpus: 65, objectives: 0, executions: 66, exec/sec: 0.000, shared_mem: 1095/11072 (9%)
[Testcase #0] run time: 0s, clients: 1, corpus: 66, objectives: 0, executions: 66, exec/sec: 0.000, shared_mem: 1095/11072 (9%)
[UserStats #0] run time: 0s, clients: 1, corpus: 66, objectives: 0, executions: 67, exec/sec: 0.000, shared_mem: 1095/11072 (9%)
[Testcase #0] run time: 0s, clients: 1, corpus: 67, objectives: 0, executions: 67, exec/sec: 0.000, shared_mem: 1095/11072 (9%)
[UserStats #0] run time: 0s, clients: 1, corpus: 67, objectives: 0, executions: 68, exec/sec: 0.000, shared_mem: 1095/11072 (9%)
[Testcase #0] run time: 0s, clients: 1, corpus: 68, objectives: 0, executions: 68, exec/sec: 0.000, shared_mem: 1095/11072 (9%)
[UserStats #0] run time: 0s, clients: 1, corpus: 68, objectives: 0, executions: 69, exec/sec: 0.000, shared_mem: 1095/11072 (9%)
[Testcase #0] run time: 0s, clients: 1, corpus: 69, objectives: 0, executions: 69, exec/sec: 0.000, shared_mem: 1095/11072 (9%)
[UserStats #0] run time: 0s, clients: 1, corpus: 69, objectives: 0, executions: 70, exec/sec: 0.000, shared_mem: 1095/11072 (9%)
[Testcase #0] run time: 0s, clients: 1, corpus: 70, objectives: 0, executions: 70, exec/sec: 0.000, shared_mem: 1095/11072 (9%)
[UserStats #0] run time: 0s, clients: 1, corpus: 70, objectives: 0, executions: 71, exec/sec: 0.000, shared_mem: 1095/11072 (9%)
[Testcase #0] run time: 0s, clients: 1, corpus: 71, objectives: 0, executions: 71, exec/sec: 0.000, shared_mem: 1095/11072 (9%)
[UserStats #0] run time: 0s, clients: 1, corpus: 71, objectives: 0, executions: 72, exec/sec: 0.000, shared_mem: 1099/11072 (9%)
[Testcase #0] run time: 0s, clients: 1, corpus: 72, objectives: 0, executions: 72, exec/sec: 0.000, shared_mem: 1099/11072 (9%)
[UserStats #0] run time: 0s, clients: 1, corpus: 72, objectives: 0, executions: 73, exec/sec: 0.000, shared_mem: 1099/11072 (9%)
[Testcase #0] run time: 0s, clients: 1, corpus: 73, objectives: 0, executions: 73, exec/sec: 0.000, shared_mem: 1099/11072 (9%)
[UserStats #0] run time: 0s, clients: 1, corpus: 73, objectives: 0, executions: 74, exec/sec: 0.000, shared_mem: 1099/11072 (9%)
[Testcase #0] run time: 0s, clients: 1, corpus: 74, objectives: 0, executions: 74, exec/sec: 0.000, shared_mem: 1099/11072 (9%)
[UserStats #0] run time: 0s, clients: 1, corpus: 74, objectives: 0, executions: 75, exec/sec: 0.000, shared_mem: 1099/11072 (9%)
[Testcase #0] run time: 0s, clients: 1, corpus: 75, objectives: 0, executions: 75, exec/sec: 0.000, shared_mem: 1099/11072 (9%)
[UserStats #0] run time: 0s, clients: 1, corpus: 75, objectives: 0, executions: 76, exec/sec: 0.000, shared_mem: 1099/11072 (9%)
[Testcase #0] run time: 0s, clients: 1, corpus: 76, objectives: 0, executions: 76, exec/sec: 0.000, shared_mem: 1099/11072 (9%)
[UserStats #0] run time: 0s, clients: 1, corpus: 76, objectives: 0, executions: 77, exec/sec: 0.000, shared_mem: 1099/11072 (9%)
[Testcase #0] run time: 0s, clients: 1, corpus: 77, objectives: 0, executions: 77, exec/sec: 0.000, shared_mem: 1099/11072 (9%)
[UserStats #0] run time: 0s, clients: 1, corpus: 77, objectives: 0, executions: 78, exec/sec: 0.000, shared_mem: 1099/11072 (9%)
[Testcase #0] run time: 0s, clients: 1, corpus: 78, objectives: 0, executions: 78, exec/sec: 0.000, shared_mem: 1099/11072 (9%)
[UserStats #0] run time: 0s, clients: 1, corpus: 78, objectives: 0, executions: 79, exec/sec: 0.000, shared_mem: 1099/11072 (9%)
[Testcase #0] run time: 0s, clients: 1, corpus: 79, objectives: 0, executions: 79, exec/sec: 0.000, shared_mem: 1099/11072 (9%)
[UserStats #0] run time: 0s, clients: 1, corpus: 79, objectives: 0, executions: 80, exec/sec: 0.000, shared_mem: 1099/11072 (9%)
[Testcase #0] run time: 0s, clients: 1, corpus: 80, objectives: 0, executions: 80, exec/sec: 0.000, shared_mem: 1099/11072 (9%)
[UserStats #0] run time: 0s, clients: 1, corpus: 80, objectives: 0, executions: 81, exec/sec: 0.000, shared_mem: 1099/11072 (9%)
[Testcase #0] run time: 0s, clients: 1, corpus: 81, objectives: 0, executions: 81, exec/sec: 0.000, shared_mem: 1099/11072 (9%)
[UserStats #0] run time: 0s, clients: 1, corpus: 81, objectives: 0, executions: 82, exec/sec: 0.000, shared_mem: 1099/11072 (9%)
[Testcase #0] run time: 0s, clients: 1, corpus: 82, objectives: 0, executions: 82, exec/sec: 0.000, shared_mem: 1099/11072 (9%)
[UserStats #0] run time: 0s, clients: 1, corpus: 82, objectives: 0, executions: 83, exec/sec: 0.000, shared_mem: 1099/11072 (9%)
[Testcase #0] run time: 0s, clients: 1, corpus: 83, objectives: 0, executions: 83, exec/sec: 0.000, shared_mem: 1099/11072 (9%)
[UserStats #0] run time: 0s, clients: 1, corpus: 83, objectives: 0, executions: 84, exec/sec: 0.000, shared_mem: 1099/11072 (9%)
[Testcase #0] run time: 0s, clients: 1, corpus: 84, objectives: 0, executions: 84, exec/sec: 0.000, shared_mem: 1099/11072 (9%)
[UserStats #0] run time: 0s, clients: 1, corpus: 84, objectives: 0, executions: 85, exec/sec: 0.000, shared_mem: 1099/11072 (9%)
[Testcase #0] run time: 0s, clients: 1, corpus: 85, objectives: 0, executions: 85, exec/sec: 0.000, shared_mem: 1099/11072 (9%)
[UserStats #0] run time: 0s, clients: 1, corpus: 85, objectives: 0, executions: 86, exec/sec: 0.000, shared_mem: 1099/11072 (9%)
[Testcase #0] run time: 0s, clients: 1, corpus: 86, objectives: 0, executions: 86, exec/sec: 0.000, shared_mem: 1099/11072 (9%)
[UserStats #0] run time: 0s, clients: 1, corpus: 86, objectives: 0, executions: 87, exec/sec: 0.000, shared_mem: 1099/11072 (9%)
[Testcase #0] run time: 0s, clients: 1, corpus: 87, objectives: 0, executions: 87, exec/sec: 0.000, shared_mem: 1099/11072 (9%)
[UserStats #0] run time: 0s, clients: 1, corpus: 87, objectives: 0, executions: 88, exec/sec: 0.000, shared_mem: 1099/11072 (9%)
[Testcase #0] run time: 0s, clients: 1, corpus: 88, objectives: 0, executions: 88, exec/sec: 0.000, shared_mem: 1099/11072 (9%)
[UserStats #0] run time: 0s, clients: 1, corpus: 88, objectives: 0, executions: 89, exec/sec: 0.000, shared_mem: 1099/11072 (9%)
[Testcase #0] run time: 0s, clients: 1, corpus: 89, objectives: 0, executions: 89, exec/sec: 0.000, shared_mem: 1099/11072 (9%)
[UserStats #0] run time: 0s, clients: 1, corpus: 89, objectives: 0, executions: 90, exec/sec: 0.000, shared_mem: 1099/11072 (9%)
[Testcase #0] run time: 0s, clients: 1, corpus: 90, objectives: 0, executions: 90, exec/sec: 0.000, shared_mem: 1099/11072 (9%)
[UserStats #0] run time: 0s, clients: 1, corpus: 90, objectives: 0, executions: 91, exec/sec: 0.000, shared_mem: 1099/11072 (9%)
[Testcase #0] run time: 0s, clients: 1, corpus: 91, objectives: 0, executions: 91, exec/sec: 0.000, shared_mem: 1099/11072 (9%)
[UserStats #0] run time: 0s, clients: 1, corpus: 91, objectives: 0, executions: 92, exec/sec: 0.000, shared_mem: 1099/11072 (9%)
[Testcase #0] run time: 0s, clients: 1, corpus: 92, objectives: 0, executions: 92, exec/sec: 0.000, shared_mem: 1099/11072 (9%)
[UserStats #0] run time: 0s, clients: 1, corpus: 92, objectives: 0, executions: 93, exec/sec: 0.000, shared_mem: 1099/11072 (9%)
[Testcase #0] run time: 0s, clients: 1, corpus: 93, objectives: 0, executions: 93, exec/sec: 0.000, shared_mem: 1099/11072 (9%)
[UserStats #0] run time: 0s, clients: 1, corpus: 93, objectives: 0, executions: 94, exec/sec: 0.000, shared_mem: 1099/11072 (9%)
[Testcase #0] run time: 0s, clients: 1, corpus: 94, objectives: 0, executions: 94, exec/sec: 0.000, shared_mem: 1099/11072 (9%)
[UserStats #0] run time: 0s, clients: 1, corpus: 94, objectives: 0, executions: 95, exec/sec: 0.000, shared_mem: 1099/11072 (9%)
[Testcase #0] run time: 0s, clients: 1, corpus: 95, objectives: 0, executions: 95, exec/sec: 0.000, shared_mem: 1099/11072 (9%)
[UserStats #0] run time: 0s, clients: 1, corpus: 95, objectives: 0, executions: 96, exec/sec: 0.000, shared_mem: 1099/11072 (9%)
[Testcase #0] run time: 0s, clients: 1, corpus: 96, objectives: 0, executions: 96, exec/sec: 0.000, shared_mem: 1099/11072 (9%)
[UserStats #0] run time: 0s, clients: 1, corpus: 96, objectives: 0, executions: 97, exec/sec: 0.000, shared_mem: 1099/11072 (9%)
[Testcase #0] run time: 0s, clients: 1, corpus: 97, objectives: 0, executions: 97, exec/sec: 0.000, shared_mem: 1099/11072 (9%)
[UserStats #0] run time: 0s, clients: 1, corpus: 97, objectives: 0, executions: 98, exec/sec: 0.000, shared_mem: 1099/11072 (9%)
[Testcase #0] run time: 0s, clients: 1, corpus: 98, objectives: 0, executions: 98, exec/sec: 0.000, shared_mem: 1099/11072 (9%)
[UserStats #0] run time: 0s, clients: 1, corpus: 98, objectives: 0, executions: 99, exec/sec: 0.000, shared_mem: 1099/11072 (9%)
[Testcase #0] run time: 0s, clients: 1, corpus: 99, objectives: 0, executions: 99, exec/sec: 0.000, shared_mem: 1099/11072 (9%)
[UserStats #0] run time: 0s, clients: 1, corpus: 99, objectives: 0, executions: 100, exec/sec: 0.000, shared_mem: 1099/11072 (9%)
[Testcase #0] run time: 0s, clients: 1, corpus: 100, objectives: 0, executions: 100, exec/sec: 0.000, shared_mem: 1099/11072 (9%)
[UserStats #0] run time: 0s, clients: 1, corpus: 100, objectives: 0, executions: 101, exec/sec: 0.000, shared_mem: 1099/11072 (9%)
[Testcase #0] run time: 0s, clients: 1, corpus: 101, objectives: 0, executions: 101, exec/sec: 0.000, shared_mem: 1099/11072 (9%)
[UserStats #0] run time: 0s, clients: 1, corpus: 101, objectives: 0, executions: 102, exec/sec: 0.000, shared_mem: 1099/11072 (9%)
[Testcase #0] run time: 0s, clients: 1, corpus: 102, objectives: 0, executions: 102, exec/sec: 0.000, shared_mem: 1099/11072 (9%)
[UserStats #0] run time: 0s, clients: 1, corpus: 102, objectives: 0, executions: 103, exec/sec: 0.000, shared_mem: 1099/11072 (9%)
[Testcase #0] run time: 0s, clients: 1, corpus: 103, objectives: 0, executions: 103, exec/sec: 0.000, shared_mem: 1099/11072 (9%)
Corpus: 103 seeds loaded
Starting Campaign 3 fuzzing loop — Ctrl-C to stop
  corpus  → /tmp/c3_0/corpus/
  crashes → /tmp/c3_0/crashes/
  config  → /tmp/c3_0/config.json
  stats   → fuzzer_stats, plot_data

[UserStats #0] run time: 0s, clients: 1, corpus: 103, objectives: 0, executions: 109, exec/sec: 0.000, shared_mem: 1114/11072 (10%)
[Testcase #0] run time: 0s, clients: 1, corpus: 104, objectives: 0, executions: 109, exec/sec: 0.000, shared_mem: 1114/11072 (10%)
[UserStats #0] run time: 0s, clients: 1, corpus: 104, objectives: 0, executions: 112, exec/sec: 0.000, shared_mem: 1120/11072 (10%)
[Testcase #0] run time: 0s, clients: 1, corpus: 105, objectives: 0, executions: 112, exec/sec: 0.000, shared_mem: 1120/11072 (10%)
[UserStats #0] run time: 0s, clients: 1, corpus: 105, objectives: 0, executions: 114, exec/sec: 0.000, shared_mem: 1121/11072 (10%)
[Testcase #0] run time: 0s, clients: 1, corpus: 106, objectives: 0, executions: 114, exec/sec: 0.000, shared_mem: 1121/11072 (10%)
[UserStats #0] run time: 0s, clients: 1, corpus: 106, objectives: 0, executions: 120, exec/sec: 0.000, shared_mem: 1123/11072 (10%)
[Testcase #0] run time: 0s, clients: 1, corpus: 107, objectives: 0, executions: 120, exec/sec: 0.000, shared_mem: 1123/11072 (10%)
[UserStats #0] run time: 0s, clients: 1, corpus: 107, objectives: 0, executions: 125, exec/sec: 0.000, shared_mem: 1124/11072 (10%)
[Testcase #0] run time: 0s, clients: 1, corpus: 108, objectives: 0, executions: 125, exec/sec: 0.000, shared_mem: 1124/11072 (10%)
[UserStats #0] run time: 0s, clients: 1, corpus: 108, objectives: 0, executions: 130, exec/sec: 0.000, shared_mem: 1129/11072 (10%)
[Testcase #0] run time: 0s, clients: 1, corpus: 109, objectives: 0, executions: 130, exec/sec: 0.000, shared_mem: 1129/11072 (10%)
[UserStats #0] run time: 0s, clients: 1, corpus: 109, objectives: 0, executions: 131, exec/sec: 0.000, shared_mem: 1132/11072 (10%)
[Testcase #0] run time: 0s, clients: 1, corpus: 110, objectives: 0, executions: 131, exec/sec: 0.000, shared_mem: 1132/11072 (10%)
[UserStats #0] run time: 0s, clients: 1, corpus: 110, objectives: 0, executions: 138, exec/sec: 0.000, shared_mem: 1136/11072 (10%)
[Testcase #0] run time: 0s, clients: 1, corpus: 111, objectives: 0, executions: 138, exec/sec: 0.000, shared_mem: 1136/11072 (10%)
[UserStats #0] run time: 0s, clients: 1, corpus: 111, objectives: 0, executions: 139, exec/sec: 0.000, shared_mem: 1138/11072 (10%)
[Testcase #0] run time: 0s, clients: 1, corpus: 112, objectives: 0, executions: 139, exec/sec: 0.000, shared_mem: 1138/11072 (10%)
[UserStats #0] run time: 0s, clients: 1, corpus: 112, objectives: 0, executions: 149, exec/sec: 0.000, shared_mem: 1138/11072 (10%)
[Testcase #0] run time: 0s, clients: 1, corpus: 113, objectives: 0, executions: 149, exec/sec: 0.000, shared_mem: 1138/11072 (10%)
[UserStats #0] run time: 0s, clients: 1, corpus: 113, objectives: 0, executions: 166, exec/sec: 0.000, shared_mem: 1141/11072 (10%)
[Testcase #0] run time: 0s, clients: 1, corpus: 114, objectives: 0, executions: 166, exec/sec: 0.000, shared_mem: 1141/11072 (10%)
[UserStats #0] run time: 0s, clients: 1, corpus: 114, objectives: 0, executions: 176, exec/sec: 0.000, shared_mem: 1143/11072 (10%)
[Testcase #0] run time: 0s, clients: 1, corpus: 115, objectives: 0, executions: 176, exec/sec: 0.000, shared_mem: 1143/11072 (10%)
[UserStats #0] run time: 0s, clients: 1, corpus: 115, objectives: 0, executions: 190, exec/sec: 0.000, shared_mem: 1144/11072 (10%)
[Testcase #0] run time: 0s, clients: 1, corpus: 116, objectives: 0, executions: 190, exec/sec: 0.000, shared_mem: 1144/11072 (10%)
[UserStats #0] run time: 0s, clients: 1, corpus: 116, objectives: 0, executions: 192, exec/sec: 0.000, shared_mem: 1161/11072 (10%)
[Testcase #0] run time: 0s, clients: 1, corpus: 117, objectives: 0, executions: 192, exec/sec: 0.000, shared_mem: 1161/11072 (10%)
[UserStats #0] run time: 0s, clients: 1, corpus: 117, objectives: 0, executions: 193, exec/sec: 0.000, shared_mem: 1161/11072 (10%)
[Testcase #0] run time: 0s, clients: 1, corpus: 118, objectives: 0, executions: 193, exec/sec: 0.000, shared_mem: 1161/11072 (10%)
[UserStats #0] run time: 0s, clients: 1, corpus: 118, objectives: 0, executions: 198, exec/sec: 0.000, shared_mem: 1163/11072 (10%)
[Testcase #0] run time: 0s, clients: 1, corpus: 119, objectives: 0, executions: 198, exec/sec: 0.000, shared_mem: 1163/11072 (10%)
[UserStats #0] run time: 0s, clients: 1, corpus: 119, objectives: 0, executions: 200, exec/sec: 0.000, shared_mem: 1165/11072 (10%)
[Testcase #0] run time: 0s, clients: 1, corpus: 120, objectives: 0, executions: 200, exec/sec: 0.000, shared_mem: 1165/11072 (10%)
[UserStats #0] run time: 0s, clients: 1, corpus: 120, objectives: 0, executions: 202, exec/sec: 0.000, shared_mem: 1166/11072 (10%)
[Testcase #0] run time: 0s, clients: 1, corpus: 121, objectives: 0, executions: 202, exec/sec: 0.000, shared_mem: 1166/11072 (10%)
[UserStats #0] run time: 0s, clients: 1, corpus: 121, objectives: 0, executions: 209, exec/sec: 0.000, shared_mem: 1166/11072 (10%)
[Testcase #0] run time: 0s, clients: 1, corpus: 122, objectives: 0, executions: 209, exec/sec: 0.000, shared_mem: 1166/11072 (10%)
[UserStats #0] run time: 0s, clients: 1, corpus: 122, objectives: 0, executions: 215, exec/sec: 0.000, shared_mem: 1166/11072 (10%)
[Testcase #0] run time: 0s, clients: 1, corpus: 123, objectives: 0, executions: 215, exec/sec: 0.000, shared_mem: 1166/11072 (10%)
[UserStats #0] run time: 0s, clients: 1, corpus: 123, objectives: 0, executions: 217, exec/sec: 0.000, shared_mem: 1166/11072 (10%)
[Testcase #0] run time: 0s, clients: 1, corpus: 124, objectives: 0, executions: 217, exec/sec: 0.000, shared_mem: 1166/11072 (10%)
[UserStats #0] run time: 0s, clients: 1, corpus: 124, objectives: 0, executions: 272, exec/sec: 0.000, shared_mem: 1167/11072 (10%)
[Testcase #0] run time: 0s, clients: 1, corpus: 125, objectives: 0, executions: 272, exec/sec: 0.000, shared_mem: 1167/11072 (10%)
[UserStats #0] run time: 1s, clients: 1, corpus: 125, objectives: 0, executions: 287, exec/sec: 0.000, shared_mem: 1168/11072 (10%)
[Testcase #0] run time: 1s, clients: 1, corpus: 126, objectives: 0, executions: 287, exec/sec: 0.000, shared_mem: 1168/11072 (10%)
[UserStats #0] run time: 1s, clients: 1, corpus: 126, objectives: 0, executions: 298, exec/sec: 291.6, shared_mem: 1168/11072 (10%)
[Testcase #0] run time: 1s, clients: 1, corpus: 127, objectives: 0, executions: 298, exec/sec: 291.4, shared_mem: 1168/11072 (10%)
[UserStats #0] run time: 1s, clients: 1, corpus: 127, objectives: 0, executions: 363, exec/sec: 310.0, shared_mem: 1169/11072 (10%)
[Testcase #0] run time: 1s, clients: 1, corpus: 128, objectives: 0, executions: 363, exec/sec: 309.8, shared_mem: 1169/11072 (10%)
[UserStats #0] run time: 1s, clients: 1, corpus: 128, objectives: 0, executions: 379, exec/sec: 312.8, shared_mem: 1169/11072 (10%)
[Testcase #0] run time: 1s, clients: 1, corpus: 129, objectives: 0, executions: 379, exec/sec: 312.5, shared_mem: 1169/11072 (10%)
[UserStats #0] run time: 1s, clients: 1, corpus: 129, objectives: 0, executions: 383, exec/sec: 313.3, shared_mem: 1174/11072 (10%)
[Testcase #0] run time: 1s, clients: 1, corpus: 130, objectives: 0, executions: 383, exec/sec: 313.1, shared_mem: 1174/11072 (10%)
[UserStats #0] run time: 1s, clients: 1, corpus: 130, objectives: 0, executions: 401, exec/sec: 316.0, shared_mem: 1176/11072 (10%)
[Testcase #0] run time: 1s, clients: 1, corpus: 131, objectives: 0, executions: 401, exec/sec: 315.9, shared_mem: 1176/11072 (10%)
[UserStats #0] run time: 1s, clients: 1, corpus: 131, objectives: 0, executions: 406, exec/sec: 316.2, shared_mem: 1185/11072 (10%)
[Testcase #0] run time: 1s, clients: 1, corpus: 132, objectives: 0, executions: 406, exec/sec: 316.0, shared_mem: 1185/11072 (10%)
[UserStats #0] run time: 1s, clients: 1, corpus: 132, objectives: 0, executions: 441, exec/sec: 319.9, shared_mem: 1186/11072 (10%)
[Testcase #0] run time: 1s, clients: 1, corpus: 133, objectives: 0, executions: 441, exec/sec: 319.7, shared_mem: 1186/11072 (10%)
[UserStats #0] run time: 1s, clients: 1, corpus: 133, objectives: 0, executions: 508, exec/sec: 325.9, shared_mem: 1187/11072 (10%)
[Testcase #0] run time: 1s, clients: 1, corpus: 134, objectives: 0, executions: 508, exec/sec: 325.8, shared_mem: 1187/11072 (10%)
[UserStats #0] run time: 1s, clients: 1, corpus: 134, objectives: 0, executions: 510, exec/sec: 325.6, shared_mem: 1187/11072 (10%)
[Testcase #0] run time: 1s, clients: 1, corpus: 135, objectives: 0, executions: 510, exec/sec: 325.3, shared_mem: 1187/11072 (10%)
[UserStats #0] run time: 1s, clients: 1, corpus: 135, objectives: 0, executions: 513, exec/sec: 325.5, shared_mem: 1188/11072 (10%)
[Testcase #0] run time: 1s, clients: 1, corpus: 136, objectives: 0, executions: 513, exec/sec: 325.3, shared_mem: 1188/11072 (10%)
[UserStats #0] run time: 1s, clients: 1, corpus: 136, objectives: 0, executions: 519, exec/sec: 325.4, shared_mem: 1281/11072 (11%)
[Testcase #0] run time: 1s, clients: 1, corpus: 137, objectives: 0, executions: 519, exec/sec: 325.1, shared_mem: 1281/11072 (11%)
[UserStats #0] run time: 1s, clients: 1, corpus: 137, objectives: 0, executions: 534, exec/sec: 326.1, shared_mem: 1281/11072 (11%)
[Testcase #0] run time: 1s, clients: 1, corpus: 138, objectives: 0, executions: 534, exec/sec: 326.0, shared_mem: 1281/11072 (11%)
[UserStats #0] run time: 1s, clients: 1, corpus: 138, objectives: 0, executions: 577, exec/sec: 330.2, shared_mem: 1311/11072 (11%)
[Testcase #0] run time: 1s, clients: 1, corpus: 139, objectives: 0, executions: 577, exec/sec: 330.0, shared_mem: 1311/11072 (11%)
[UserStats #0] run time: 1s, clients: 1, corpus: 139, objectives: 0, executions: 588, exec/sec: 330.0, shared_mem: 1312/11072 (11%)
[Testcase #0] run time: 1s, clients: 1, corpus: 140, objectives: 0, executions: 588, exec/sec: 329.9, shared_mem: 1312/11072 (11%)
[UserStats #0] run time: 1s, clients: 1, corpus: 140, objectives: 0, executions: 613, exec/sec: 329.5, shared_mem: 1312/11072 (11%)
[Testcase #0] run time: 1s, clients: 1, corpus: 141, objectives: 0, executions: 613, exec/sec: 329.4, shared_mem: 1312/11072 (11%)
[UserStats #0] run time: 1s, clients: 1, corpus: 141, objectives: 0, executions: 618, exec/sec: 329.8, shared_mem: 1313/11072 (11%)
[Testcase #0] run time: 1s, clients: 1, corpus: 142, objectives: 0, executions: 618, exec/sec: 329.7, shared_mem: 1313/11072 (11%)
[UserStats #0] run time: 2s, clients: 1, corpus: 142, objectives: 0, executions: 660, exec/sec: 333.0, shared_mem: 1313/11072 (11%)
[Testcase #0] run time: 2s, clients: 1, corpus: 143, objectives: 0, executions: 660, exec/sec: 332.9, shared_mem: 1313/11072 (11%)
[UserStats #0] run time: 2s, clients: 1, corpus: 143, objectives: 0, executions: 694, exec/sec: 334.0, shared_mem: 1314/11072 (11%)
[Testcase #0] run time: 2s, clients: 1, corpus: 144, objectives: 0, executions: 694, exec/sec: 333.9, shared_mem: 1314/11072 (11%)
[UserStats #0] run time: 2s, clients: 1, corpus: 144, objectives: 0, executions: 696, exec/sec: 330.6, shared_mem: 1314/11072 (11%)
[Testcase #0] run time: 2s, clients: 1, corpus: 145, objectives: 0, executions: 696, exec/sec: 330.3, shared_mem: 1314/11072 (11%)
[UserStats #0] run time: 2s, clients: 1, corpus: 145, objectives: 0, executions: 707, exec/sec: 331.3, shared_mem: 1322/11072 (11%)
[Testcase #0] run time: 2s, clients: 1, corpus: 146, objectives: 0, executions: 707, exec/sec: 331.1, shared_mem: 1322/11072 (11%)
[UserStats #0] run time: 2s, clients: 1, corpus: 146, objectives: 0, executions: 708, exec/sec: 330.9, shared_mem: 1323/11072 (11%)
[Testcase #0] run time: 2s, clients: 1, corpus: 147, objectives: 0, executions: 708, exec/sec: 330.8, shared_mem: 1323/11072 (11%)
[UserStats #0] run time: 2s, clients: 1, corpus: 147, objectives: 0, executions: 745, exec/sec: 332.0, shared_mem: 1352/11072 (12%)
[Testcase #0] run time: 2s, clients: 1, corpus: 148, objectives: 0, executions: 745, exec/sec: 331.8, shared_mem: 1352/11072 (12%)
[UserStats #0] run time: 2s, clients: 1, corpus: 148, objectives: 0, executions: 746, exec/sec: 331.7, shared_mem: 1352/11072 (12%)
[Testcase #0] run time: 2s, clients: 1, corpus: 149, objectives: 0, executions: 746, exec/sec: 331.7, shared_mem: 1352/11072 (12%)
[UserStats #0] run time: 2s, clients: 1, corpus: 149, objectives: 0, executions: 760, exec/sec: 331.4, shared_mem: 1354/11072 (12%)
[Testcase #0] run time: 2s, clients: 1, corpus: 150, objectives: 0, executions: 760, exec/sec: 331.3, shared_mem: 1354/11072 (12%)
[UserStats #0] run time: 2s, clients: 1, corpus: 150, objectives: 0, executions: 768, exec/sec: 330.9, shared_mem: 1361/11072 (12%)
[Testcase #0] run time: 2s, clients: 1, corpus: 151, objectives: 0, executions: 768, exec/sec: 330.8, shared_mem: 1361/11072 (12%)
[Client Heartbeat #0] run time: 2s, clients: 1, corpus: 151, objectives: 0, executions: 840, exec/sec: 334.4, shared_mem: 1361/11072 (12%)
[UserStats #0] run time: 2s, clients: 1, corpus: 151, objectives: 0, executions: 981, exec/sec: 330.8, shared_mem: 1406/11072 (12%)
[Testcase #0] run time: 2s, clients: 1, corpus: 152, objectives: 0, executions: 981, exec/sec: 330.7, shared_mem: 1406/11072 (12%)
[UserStats #0] run time: 2s, clients: 1, corpus: 152, objectives: 0, executions: 982, exec/sec: 330.7, shared_mem: 1406/11072 (12%)
[Testcase #0] run time: 2s, clients: 1, corpus: 153, objectives: 0, executions: 982, exec/sec: 330.7, shared_mem: 1406/11072 (12%)
[UserStats #0] run time: 3s, clients: 1, corpus: 153, objectives: 0, executions: 1077, exec/sec: 323.8, shared_mem: 1406/11072 (12%)
[Testcase #0] run time: 3s, clients: 1, corpus: 154, objectives: 0, executions: 1077, exec/sec: 323.8, shared_mem: 1406/11072 (12%)
[UserStats #0] run time: 3s, clients: 1, corpus: 154, objectives: 0, executions: 1123, exec/sec: 322.3, shared_mem: 1406/11072 (12%)
[Testcase #0] run time: 3s, clients: 1, corpus: 155, objectives: 0, executions: 1123, exec/sec: 322.3, shared_mem: 1406/11072 (12%)
[UserStats #0] run time: 3s, clients: 1, corpus: 155, objectives: 0, executions: 1174, exec/sec: 323.1, shared_mem: 1406/11072 (12%)
[Testcase #0] run time: 3s, clients: 1, corpus: 156, objectives: 0, executions: 1174, exec/sec: 323.0, shared_mem: 1406/11072 (12%)
[UserStats #0] run time: 3s, clients: 1, corpus: 156, objectives: 0, executions: 1264, exec/sec: 319.9, shared_mem: 1415/11072 (12%)
[Testcase #0] run time: 3s, clients: 1, corpus: 157, objectives: 0, executions: 1264, exec/sec: 319.8, shared_mem: 1415/11072 (12%)
[UserStats #0] run time: 4s, clients: 1, corpus: 157, objectives: 0, executions: 1388, exec/sec: 312.4, shared_mem: 1415/11072 (12%)
[Testcase #0] run time: 4s, clients: 1, corpus: 158, objectives: 0, executions: 1388, exec/sec: 312.3, shared_mem: 1415/11072 (12%)
[Client Heartbeat #0] run time: 4s, clients: 1, corpus: 158, objectives: 0, executions: 1409, exec/sec: 303.1, shared_mem: 1415/11072 (12%)
[UserStats #0] run time: 5s, clients: 1, corpus: 158, objectives: 0, executions: 1573, exec/sec: 287.0, shared_mem: 1416/11072 (12%)
[Testcase #0] run time: 5s, clients: 1, corpus: 159, objectives: 0, executions: 1573, exec/sec: 286.9, shared_mem: 1416/11072 (12%)
[UserStats #0] run time: 6s, clients: 1, corpus: 159, objectives: 0, executions: 1726, exec/sec: 288.4, shared_mem: 1421/11072 (12%)
[Testcase #0] run time: 6s, clients: 1, corpus: 160, objectives: 0, executions: 1726, exec/sec: 288.3, shared_mem: 1421/11072 (12%)
[UserStats #0] run time: 6s, clients: 1, corpus: 160, objectives: 0, executions: 1755, exec/sec: 289.7, shared_mem: 1421/11072 (12%)
[Testcase #0] run time: 6s, clients: 1, corpus: 161, objectives: 0, executions: 1755, exec/sec: 289.7, shared_mem: 1421/11072 (12%)
[UserStats #0] run time: 6s, clients: 1, corpus: 161, objectives: 0, executions: 1775, exec/sec: 290.7, shared_mem: 1421/11072 (12%)
[Testcase #0] run time: 6s, clients: 1, corpus: 162, objectives: 0, executions: 1775, exec/sec: 290.6, shared_mem: 1421/11072 (12%)
[UserStats #0] run time: 6s, clients: 1, corpus: 162, objectives: 0, executions: 1953, exec/sec: 293.0, shared_mem: 1421/11072 (12%)
[Testcase #0] run time: 6s, clients: 1, corpus: 163, objectives: 0, executions: 1953, exec/sec: 293.0, shared_mem: 1421/11072 (12%)
[Client Heartbeat #0] run time: 6s, clients: 1, corpus: 163, objectives: 0, executions: 2002, exec/sec: 293.7, shared_mem: 1421/11072 (12%)
[UserStats #0] run time: 7s, clients: 1, corpus: 163, objectives: 0, executions: 2113, exec/sec: 295.9, shared_mem: 1422/11072 (12%)
[Testcase #0] run time: 7s, clients: 1, corpus: 164, objectives: 0, executions: 2113, exec/sec: 295.8, shared_mem: 1422/11072 (12%)
[UserStats #0] run time: 7s, clients: 1, corpus: 164, objectives: 0, executions: 2291, exec/sec: 300.8, shared_mem: 1424/11072 (12%)
[Testcase #0] run time: 7s, clients: 1, corpus: 165, objectives: 0, executions: 2291, exec/sec: 300.8, shared_mem: 1424/11072 (12%)
[UserStats #0] run time: 8s, clients: 1, corpus: 165, objectives: 0, executions: 2444, exec/sec: 304.2, shared_mem: 1424/11072 (12%)
[Testcase #0] run time: 8s, clients: 1, corpus: 166, objectives: 0, executions: 2444, exec/sec: 304.2, shared_mem: 1424/11072 (12%)
[Client Heartbeat #0] run time: 9s, clients: 1, corpus: 166, objectives: 0, executions: 2818, exec/sec: 310.6, shared_mem: 1424/11072 (12%)
[UserStats #0] run time: 10s, clients: 1, corpus: 166, objectives: 0, executions: 3224, exec/sec: 310.4, shared_mem: 1425/11072 (12%)
[Testcase #0] run time: 10s, clients: 1, corpus: 167, objectives: 0, executions: 3224, exec/sec: 310.4, shared_mem: 1425/11072 (12%)
[UserStats #0] run time: 10s, clients: 1, corpus: 167, objectives: 0, executions: 3256, exec/sec: 308.2, shared_mem: 1427/11072 (12%)
[Testcase #0] run time: 10s, clients: 1, corpus: 168, objectives: 0, executions: 3256, exec/sec: 308.2, shared_mem: 1427/11072 (12%)
[UserStats #0] run time: 10s, clients: 1, corpus: 168, objectives: 0, executions: 3273, exec/sec: 308.2, shared_mem: 1427/11072 (12%)
[Testcase #0] run time: 10s, clients: 1, corpus: 169, objectives: 0, executions: 3273, exec/sec: 308.1, shared_mem: 1427/11072 (12%)
[UserStats #0] run time: 10s, clients: 1, corpus: 169, objectives: 0, executions: 3276, exec/sec: 308.2, shared_mem: 1429/11072 (12%)
[Testcase #0] run time: 10s, clients: 1, corpus: 170, objectives: 0, executions: 3276, exec/sec: 308.1, shared_mem: 1429/11072 (12%)
[UserStats #0] run time: 11s, clients: 1, corpus: 170, objectives: 0, executions: 3446, exec/sec: 306.6, shared_mem: 1431/11072 (12%)
[Testcase #0] run time: 11s, clients: 1, corpus: 171, objectives: 0, executions: 3446, exec/sec: 306.6, shared_mem: 1431/11072 (12%)
[Client Heartbeat #0] run time: 11s, clients: 1, corpus: 171, objectives: 0, executions: 3462, exec/sec: 306.2, shared_mem: 1431/11072 (12%)
[UserStats #0] run time: 11s, clients: 1, corpus: 171, objectives: 0, executions: 3531, exec/sec: 306.8, shared_mem: 1431/11072 (12%)
[Testcase #0] run time: 11s, clients: 1, corpus: 172, objectives: 0, executions: 3531, exec/sec: 306.7, shared_mem: 1431/11072 (12%)
[UserStats #0] run time: 12s, clients: 1, corpus: 172, objectives: 0, executions: 3893, exec/sec: 301.4, shared_mem: 1432/11072 (12%)
[Testcase #0] run time: 12s, clients: 1, corpus: 173, objectives: 0, executions: 3893, exec/sec: 301.4, shared_mem: 1432/11072 (12%)
[Client Heartbeat #0] run time: 13s, clients: 1, corpus: 173, objectives: 0, executions: 4043, exec/sec: 302.9, shared_mem: 1432/11072 (12%)
[UserStats #0] run time: 14s, clients: 1, corpus: 173, objectives: 0, executions: 4300, exec/sec: 300.0, shared_mem: 1436/11072 (12%)
[Testcase #0] run time: 14s, clients: 1, corpus: 174, objectives: 0, executions: 4300, exec/sec: 299.9, shared_mem: 1436/11072 (12%)
[UserStats #0] run time: 15s, clients: 1, corpus: 174, objectives: 0, executions: 4527, exec/sec: 301.7, shared_mem: 1436/11072 (12%), AflStats: {"pending":97,"pending_fav":0,"own_finds":174,"imported":0}
[Client Heartbeat #0] run time: 15s, clients: 1, corpus: 174, objectives: 0, executions: 4651, exec/sec: 302.3, shared_mem: 1436/11072 (12%), AflStats: {"pending":97,"pending_fav":0,"own_finds":174,"imported":0}
[UserStats #0] run time: 16s, clients: 1, corpus: 174, objectives: 0, executions: 5005, exec/sec: 301.1, shared_mem: 1440/11072 (13%), AflStats: {"pending":97,"pending_fav":0,"own_finds":174,"imported":0}
[Testcase #0] run time: 16s, clients: 1, corpus: 175, objectives: 0, executions: 5005, exec/sec: 301.1, shared_mem: 1440/11072 (13%), AflStats: {"pending":97,"pending_fav":0,"own_finds":174,"imported":0}
[UserStats #0] run time: 17s, clients: 1, corpus: 175, objectives: 0, executions: 5125, exec/sec: 301.4, shared_mem: 1440/11072 (13%), AflStats: {"pending":97,"pending_fav":0,"own_finds":174,"imported":0}
[Testcase #0] run time: 17s, clients: 1, corpus: 176, objectives: 0, executions: 5125, exec/sec: 301.4, shared_mem: 1440/11072 (13%), AflStats: {"pending":97,"pending_fav":0,"own_finds":174,"imported":0}
[UserStats #0] run time: 17s, clients: 1, corpus: 176, objectives: 0, executions: 5196, exec/sec: 300.4, shared_mem: 1441/11072 (13%), AflStats: {"pending":97,"pending_fav":0,"own_finds":174,"imported":0}
[Testcase #0] run time: 17s, clients: 1, corpus: 177, objectives: 0, executions: 5196, exec/sec: 300.4, shared_mem: 1441/11072 (13%), AflStats: {"pending":97,"pending_fav":0,"own_finds":174,"imported":0}
[Client Heartbeat #0] run time: 17s, clients: 1, corpus: 177, objectives: 0, executions: 5282, exec/sec: 299.3, shared_mem: 1441/11072 (13%), AflStats: {"pending":97,"pending_fav":0,"own_finds":174,"imported":0}
[UserStats #0] run time: 19s, clients: 1, corpus: 177, objectives: 0, executions: 5589, exec/sec: 292.3, shared_mem: 1445/11072 (13%), AflStats: {"pending":97,"pending_fav":0,"own_finds":174,"imported":0}
[Testcase #0] run time: 19s, clients: 1, corpus: 178, objectives: 0, executions: 5589, exec/sec: 292.3, shared_mem: 1445/11072 (13%), AflStats: {"pending":97,"pending_fav":0,"own_finds":174,"imported":0}
[UserStats #0] run time: 19s, clients: 1, corpus: 178, objectives: 0, executions: 5750, exec/sec: 289.9, shared_mem: 1445/11072 (13%), AflStats: {"pending":97,"pending_fav":0,"own_finds":174,"imported":0}
[Testcase #0] run time: 19s, clients: 1, corpus: 179, objectives: 0, executions: 5750, exec/sec: 289.9, shared_mem: 1445/11072 (13%), AflStats: {"pending":97,"pending_fav":0,"own_finds":174,"imported":0}
[Client Heartbeat #0] run time: 19s, clients: 1, corpus: 179, objectives: 0, executions: 5791, exec/sec: 290.2, shared_mem: 1445/11072 (13%), AflStats: {"pending":97,"pending_fav":0,"own_finds":174,"imported":0}
[UserStats #0] run time: 20s, clients: 1, corpus: 179, objectives: 0, executions: 5876, exec/sec: 289.7, shared_mem: 1447/11072 (13%), AflStats: {"pending":97,"pending_fav":0,"own_finds":174,"imported":0}
[Testcase #0] run time: 20s, clients: 1, corpus: 180, objectives: 0, executions: 5876, exec/sec: 289.7, shared_mem: 1447/11072 (13%), AflStats: {"pending":97,"pending_fav":0,"own_finds":174,"imported":0}
[UserStats #0] run time: 20s, clients: 1, corpus: 180, objectives: 0, executions: 5958, exec/sec: 290.5, shared_mem: 1448/11072 (13%), AflStats: {"pending":97,"pending_fav":0,"own_finds":174,"imported":0}
[Testcase #0] run time: 20s, clients: 1, corpus: 181, objectives: 0, executions: 5958, exec/sec: 290.5, shared_mem: 1448/11072 (13%), AflStats: {"pending":97,"pending_fav":0,"own_finds":174,"imported":0}
[Client Heartbeat #0] run time: 22s, clients: 1, corpus: 181, objectives: 0, executions: 6471, exec/sec: 292.2, shared_mem: 1448/11072 (13%), AflStats: {"pending":97,"pending_fav":0,"own_finds":174,"imported":0}
[UserStats #0] run time: 22s, clients: 1, corpus: 181, objectives: 0, executions: 6688, exec/sec: 294.1, shared_mem: 1450/11072 (13%), AflStats: {"pending":97,"pending_fav":0,"own_finds":174,"imported":0}
[Testcase #0] run time: 22s, clients: 1, corpus: 182, objectives: 0, executions: 6688, exec/sec: 294.1, shared_mem: 1450/11072 (13%), AflStats: {"pending":97,"pending_fav":0,"own_finds":174,"imported":0}
[Client Heartbeat #0] run time: 24s, clients: 1, corpus: 182, objectives: 0, executions: 7195, exec/sec: 294.7, shared_mem: 1450/11072 (13%), AflStats: {"pending":97,"pending_fav":0,"own_finds":174,"imported":0}
[UserStats #0] run time: 26s, clients: 1, corpus: 182, objectives: 0, executions: 7832, exec/sec: 294.8, shared_mem: 1451/11072 (13%), AflStats: {"pending":97,"pending_fav":0,"own_finds":174,"imported":0}
[Testcase #0] run time: 26s, clients: 1, corpus: 183, objectives: 0, executions: 7832, exec/sec: 294.8, shared_mem: 1451/11072 (13%), AflStats: {"pending":97,"pending_fav":0,"own_finds":174,"imported":0}
[Client Heartbeat #0] run time: 26s, clients: 1, corpus: 183, objectives: 0, executions: 7857, exec/sec: 294.6, shared_mem: 1451/11072 (13%), AflStats: {"pending":97,"pending_fav":0,"own_finds":174,"imported":0}
[UserStats #0] run time: 27s, clients: 1, corpus: 183, objectives: 0, executions: 7979, exec/sec: 294.7, shared_mem: 1452/11072 (13%), AflStats: {"pending":97,"pending_fav":0,"own_finds":174,"imported":0}
[Testcase #0] run time: 27s, clients: 1, corpus: 184, objectives: 0, executions: 7979, exec/sec: 294.7, shared_mem: 1452/11072 (13%), AflStats: {"pending":97,"pending_fav":0,"own_finds":174,"imported":0}
[UserStats #0] run time: 28s, clients: 1, corpus: 184, objectives: 0, executions: 8305, exec/sec: 294.7, shared_mem: 1458/11072 (13%), AflStats: {"pending":97,"pending_fav":0,"own_finds":174,"imported":0}
[Testcase #0] run time: 28s, clients: 1, corpus: 185, objectives: 0, executions: 8305, exec/sec: 294.7, shared_mem: 1458/11072 (13%), AflStats: {"pending":97,"pending_fav":0,"own_finds":174,"imported":0}
[Client Heartbeat #0] run time: 29s, clients: 1, corpus: 185, objectives: 0, executions: 8487, exec/sec: 292.8, shared_mem: 1458/11072 (13%), AflStats: {"pending":97,"pending_fav":0,"own_finds":174,"imported":0}
[UserStats #0] run time: 30s, clients: 1, corpus: 185, objectives: 0, executions: 8863, exec/sec: 292.8, shared_mem: 1458/11072 (13%), AflStats: {"pending":103,"pending_fav":0,"own_finds":185,"imported":0}
[UserStats #0] run time: 30s, clients: 1, corpus: 185, objectives: 0, executions: 8995, exec/sec: 292.9, shared_mem: 1459/11072 (13%), AflStats: {"pending":103,"pending_fav":0,"own_finds":185,"imported":0}
[Testcase #0] run time: 30s, clients: 1, corpus: 186, objectives: 0, executions: 8995, exec/sec: 292.9, shared_mem: 1459/11072 (13%), AflStats: {"pending":103,"pending_fav":0,"own_finds":185,"imported":0}
[Client Heartbeat #0] run time: 31s, clients: 1, corpus: 186, objectives: 0, executions: 9062, exec/sec: 291.9, shared_mem: 1459/11072 (13%), AflStats: {"pending":103,"pending_fav":0,"own_finds":185,"imported":0}
[UserStats #0] run time: 32s, clients: 1, corpus: 186, objectives: 0, executions: 9441, exec/sec: 289.1, shared_mem: 1459/11072 (13%), AflStats: {"pending":103,"pending_fav":0,"own_finds":185,"imported":0}
[Testcase #0] run time: 32s, clients: 1, corpus: 187, objectives: 0, executions: 9441, exec/sec: 289.0, shared_mem: 1459/11072 (13%), AflStats: {"pending":103,"pending_fav":0,"own_finds":185,"imported":0}
[UserStats #0] run time: 32s, clients: 1, corpus: 187, objectives: 0, executions: 9453, exec/sec: 289.0, shared_mem: 1460/11072 (13%), AflStats: {"pending":103,"pending_fav":0,"own_finds":185,"imported":0}
[Testcase #0] run time: 32s, clients: 1, corpus: 188, objectives: 0, executions: 9453, exec/sec: 289.0, shared_mem: 1460/11072 (13%), AflStats: {"pending":103,"pending_fav":0,"own_finds":185,"imported":0}
[Client Heartbeat #0] run time: 33s, clients: 1, corpus: 188, objectives: 0, executions: 9532, exec/sec: 287.5, shared_mem: 1460/11072 (13%), AflStats: {"pending":103,"pending_fav":0,"own_finds":185,"imported":0}
[UserStats #0] run time: 33s, clients: 1, corpus: 188, objectives: 0, executions: 9744, exec/sec: 288.2, shared_mem: 1460/11072 (13%), AflStats: {"pending":103,"pending_fav":0,"own_finds":185,"imported":0}
[Testcase #0] run time: 33s, clients: 1, corpus: 189, objectives: 0, executions: 9744, exec/sec: 288.2, shared_mem: 1460/11072 (13%), AflStats: {"pending":103,"pending_fav":0,"own_finds":185,"imported":0}
[Client Heartbeat #0] run time: 35s, clients: 1, corpus: 189, objectives: 0, executions: 10335, exec/sec: 291.8, shared_mem: 1460/11072 (13%), AflStats: {"pending":103,"pending_fav":0,"own_finds":185,"imported":0}
[Client Heartbeat #0] run time: 37s, clients: 1, corpus: 189, objectives: 0, executions: 10985, exec/sec: 293.3, shared_mem: 1460/11072 (13%), AflStats: {"pending":103,"pending_fav":0,"own_finds":185,"imported":0}
[Client Heartbeat #0] run time: 39s, clients: 1, corpus: 189, objectives: 0, executions: 11541, exec/sec: 292.2, shared_mem: 1460/11072 (13%), AflStats: {"pending":103,"pending_fav":0,"own_finds":185,"imported":0}
[UserStats #0] run time: 40s, clients: 1, corpus: 189, objectives: 0, executions: 11859, exec/sec: 293.3, shared_mem: 1461/11072 (13%), AflStats: {"pending":103,"pending_fav":0,"own_finds":185,"imported":0}
[Testcase #0] run time: 40s, clients: 1, corpus: 190, objectives: 0, executions: 11859, exec/sec: 293.3, shared_mem: 1461/11072 (13%), AflStats: {"pending":103,"pending_fav":0,"own_finds":185,"imported":0}
[Client Heartbeat #0] run time: 41s, clients: 1, corpus: 190, objectives: 0, executions: 12247, exec/sec: 293.6, shared_mem: 1461/11072 (13%), AflStats: {"pending":103,"pending_fav":0,"own_finds":185,"imported":0}
[UserStats #0] run time: 42s, clients: 1, corpus: 190, objectives: 0, executions: 12546, exec/sec: 293.5, shared_mem: 1463/11072 (13%), AflStats: {"pending":103,"pending_fav":0,"own_finds":185,"imported":0}
[Testcase #0] run time: 42s, clients: 1, corpus: 191, objectives: 0, executions: 12546, exec/sec: 293.5, shared_mem: 1463/11072 (13%), AflStats: {"pending":103,"pending_fav":0,"own_finds":185,"imported":0}
[Client Heartbeat #0] run time: 43s, clients: 1, corpus: 191, objectives: 0, executions: 12866, exec/sec: 293.7, shared_mem: 1463/11072 (13%), AflStats: {"pending":103,"pending_fav":0,"own_finds":185,"imported":0}
[UserStats #0] run time: 43s, clients: 1, corpus: 191, objectives: 0, executions: 12903, exec/sec: 293.9, shared_mem: 1464/11072 (13%), AflStats: {"pending":103,"pending_fav":0,"own_finds":185,"imported":0}
[Testcase #0] run time: 43s, clients: 1, corpus: 192, objectives: 0, executions: 12903, exec/sec: 293.9, shared_mem: 1464/11072 (13%), AflStats: {"pending":103,"pending_fav":0,"own_finds":185,"imported":0}
[UserStats #0] run time: 45s, clients: 1, corpus: 192, objectives: 0, executions: 13328, exec/sec: 294.1, shared_mem: 1464/11072 (13%), AflStats: {"pending":93,"pending_fav":0,"own_finds":192,"imported":0}
[UserStats #0] run time: 45s, clients: 1, corpus: 192, objectives: 0, executions: 13333, exec/sec: 294.1, shared_mem: 1470/11072 (13%), AflStats: {"pending":93,"pending_fav":0,"own_finds":192,"imported":0}
[Testcase #0] run time: 45s, clients: 1, corpus: 193, objectives: 0, executions: 13333, exec/sec: 294.1, shared_mem: 1470/11072 (13%), AflStats: {"pending":93,"pending_fav":0,"own_finds":192,"imported":0}
[UserStats #0] run time: 45s, clients: 1, corpus: 193, objectives: 0, executions: 13469, exec/sec: 294.7, shared_mem: 1472/11072 (13%), AflStats: {"pending":93,"pending_fav":0,"own_finds":192,"imported":0}
[Testcase #0] run time: 45s, clients: 1, corpus: 194, objectives: 0, executions: 13469, exec/sec: 294.6, shared_mem: 1472/11072 (13%), AflStats: {"pending":93,"pending_fav":0,"own_finds":192,"imported":0}
[UserStats #0] run time: 46s, clients: 1, corpus: 194, objectives: 0, executions: 13544, exec/sec: 294.5, shared_mem: 1473/11072 (13%), AflStats: {"pending":93,"pending_fav":0,"own_finds":192,"imported":0}
[Testcase #0] run time: 46s, clients: 1, corpus: 195, objectives: 0, executions: 13544, exec/sec: 294.5, shared_mem: 1473/11072 (13%), AflStats: {"pending":93,"pending_fav":0,"own_finds":192,"imported":0}
[Client Heartbeat #0] run time: 46s, clients: 1, corpus: 195, objectives: 0, executions: 13561, exec/sec: 294.6, shared_mem: 1473/11072 (13%), AflStats: {"pending":93,"pending_fav":0,"own_finds":192,"imported":0}
[UserStats #0] run time: 46s, clients: 1, corpus: 195, objectives: 0, executions: 13688, exec/sec: 295.0, shared_mem: 1473/11072 (13%), AflStats: {"pending":93,"pending_fav":0,"own_finds":192,"imported":0}
[Testcase #0] run time: 46s, clients: 1, corpus: 196, objectives: 0, executions: 13688, exec/sec: 295.0, shared_mem: 1473/11072 (13%), AflStats: {"pending":93,"pending_fav":0,"own_finds":192,"imported":0}
[UserStats #0] run time: 47s, clients: 1, corpus: 196, objectives: 0, executions: 14106, exec/sec: 294.2, shared_mem: 1474/11072 (13%), AflStats: {"pending":93,"pending_fav":0,"own_finds":192,"imported":0}
[Testcase #0] run time: 47s, clients: 1, corpus: 197, objectives: 0, executions: 14106, exec/sec: 294.2, shared_mem: 1474/11072 (13%), AflStats: {"pending":93,"pending_fav":0,"own_finds":192,"imported":0}
[Client Heartbeat #0] run time: 48s, clients: 1, corpus: 197, objectives: 0, executions: 14162, exec/sec: 294.4, shared_mem: 1474/11072 (13%), AflStats: {"pending":93,"pending_fav":0,"own_finds":192,"imported":0}
[UserStats #0] run time: 48s, clients: 1, corpus: 197, objectives: 0, executions: 14346, exec/sec: 294.8, shared_mem: 1475/11072 (13%), AflStats: {"pending":93,"pending_fav":0,"own_finds":192,"imported":0}
[Testcase #0] run time: 48s, clients: 1, corpus: 198, objectives: 0, executions: 14346, exec/sec: 294.8, shared_mem: 1475/11072 (13%), AflStats: {"pending":93,"pending_fav":0,"own_finds":192,"imported":0}
[Client Heartbeat #0] run time: 50s, clients: 1, corpus: 198, objectives: 0, executions: 14822, exec/sec: 294.6, shared_mem: 1475/11072 (13%), AflStats: {"pending":93,"pending_fav":0,"own_finds":192,"imported":0}
[Client Heartbeat #0] run time: 52s, clients: 1, corpus: 198, objectives: 0, executions: 15429, exec/sec: 294.5, shared_mem: 1475/11072 (13%), AflStats: {"pending":93,"pending_fav":0,"own_finds":192,"imported":0}
[UserStats #0] run time: 53s, clients: 1, corpus: 198, objectives: 0, executions: 15618, exec/sec: 293.4, shared_mem: 1475/11072 (13%), AflStats: {"pending":93,"pending_fav":0,"own_finds":192,"imported":0}
[Testcase #0] run time: 53s, clients: 1, corpus: 199, objectives: 0, executions: 15618, exec/sec: 293.4, shared_mem: 1475/11072 (13%), AflStats: {"pending":93,"pending_fav":0,"own_finds":192,"imported":0}
[UserStats #0] run time: 53s, clients: 1, corpus: 199, objectives: 0, executions: 15623, exec/sec: 293.1, shared_mem: 1475/11072 (13%), AflStats: {"pending":93,"pending_fav":0,"own_finds":192,"imported":0}
[Testcase #0] run time: 53s, clients: 1, corpus: 200, objectives: 0, executions: 15623, exec/sec: 293.1, shared_mem: 1475/11072 (13%), AflStats: {"pending":93,"pending_fav":0,"own_finds":192,"imported":0}
[Client Heartbeat #0] run time: 54s, clients: 1, corpus: 200, objectives: 0, executions: 15919, exec/sec: 291.3, shared_mem: 1475/11072 (13%), AflStats: {"pending":93,"pending_fav":0,"own_finds":192,"imported":0}
[UserStats #0] run time: 56s, clients: 1, corpus: 200, objectives: 0, executions: 16447, exec/sec: 290.8, shared_mem: 1482/11072 (13%), AflStats: {"pending":93,"pending_fav":0,"own_finds":192,"imported":0}
[Testcase #0] run time: 56s, clients: 1, corpus: 201, objectives: 0, executions: 16447, exec/sec: 290.7, shared_mem: 1482/11072 (13%), AflStats: {"pending":93,"pending_fav":0,"own_finds":192,"imported":0}
[Client Heartbeat #0] run time: 56s, clients: 1, corpus: 201, objectives: 0, executions: 16520, exec/sec: 290.9, shared_mem: 1482/11072 (13%), AflStats: {"pending":93,"pending_fav":0,"own_finds":192,"imported":0}
[Client Heartbeat #0] run time: 59s, clients: 1, corpus: 201, objectives: 0, executions: 17287, exec/sec: 292.4, shared_mem: 1482/11072 (13%), AflStats: {"pending":93,"pending_fav":0,"own_finds":192,"imported":0}
[UserStats #0] run time: 1m-0s, clients: 1, corpus: 201, objectives: 0, executions: 17662, exec/sec: 292.7, shared_mem: 1482/11072 (13%), AflStats: {"pending":85,"pending_fav":0,"own_finds":201,"imported":0}
[Client Heartbeat #0] run time: 1m-1s, clients: 1, corpus: 201, objectives: 0, executions: 17938, exec/sec: 292.2, shared_mem: 1482/11072 (13%), AflStats: {"pending":85,"pending_fav":0,"own_finds":201,"imported":0}
[Client Heartbeat #0] run time: 1m-3s, clients: 1, corpus: 201, objectives: 0, executions: 18588, exec/sec: 292.4, shared_mem: 1482/11072 (13%), AflStats: {"pending":85,"pending_fav":0,"own_finds":201,"imported":0}
[UserStats #0] run time: 1m-5s, clients: 1, corpus: 201, objectives: 0, executions: 19110, exec/sec: 292.0, shared_mem: 1483/11072 (13%), AflStats: {"pending":85,"pending_fav":0,"own_finds":201,"imported":0}
[Testcase #0] run time: 1m-5s, clients: 1, corpus: 202, objectives: 0, executions: 19110, exec/sec: 292.0, shared_mem: 1483/11072 (13%), AflStats: {"pending":85,"pending_fav":0,"own_finds":201,"imported":0}
[Client Heartbeat #0] run time: 1m-5s, clients: 1, corpus: 202, objectives: 0, executions: 19229, exec/sec: 292.4, shared_mem: 1483/11072 (13%), AflStats: {"pending":85,"pending_fav":0,"own_finds":201,"imported":0}
[Client Heartbeat #0] run time: 1m-7s, clients: 1, corpus: 202, objectives: 0, executions: 19827, exec/sec: 292.5, shared_mem: 1483/11072 (13%), AflStats: {"pending":85,"pending_fav":0,"own_finds":201,"imported":0}
[Client Heartbeat #0] run time: 1m-10s, clients: 1, corpus: 202, objectives: 0, executions: 20556, exec/sec: 293.0, shared_mem: 1483/11072 (13%), AflStats: {"pending":85,"pending_fav":0,"own_finds":201,"imported":0}
[UserStats #0] run time: 1m-11s, clients: 1, corpus: 202, objectives: 0, executions: 20819, exec/sec: 292.7, shared_mem: 1483/11072 (13%), AflStats: {"pending":85,"pending_fav":0,"own_finds":201,"imported":0}
[Testcase #0] run time: 1m-11s, clients: 1, corpus: 203, objectives: 0, executions: 20819, exec/sec: 292.7, shared_mem: 1483/11072 (13%), AflStats: {"pending":85,"pending_fav":0,"own_finds":201,"imported":0}
[Client Heartbeat #0] run time: 1m-12s, clients: 1, corpus: 203, objectives: 0, executions: 21153, exec/sec: 293.1, shared_mem: 1483/11072 (13%), AflStats: {"pending":85,"pending_fav":0,"own_finds":201,"imported":0}
[UserStats #0] run time: 1m-13s, clients: 1, corpus: 203, objectives: 0, executions: 21644, exec/sec: 293.1, shared_mem: 1509/11072 (13%), AflStats: {"pending":85,"pending_fav":0,"own_finds":201,"imported":0}
[Testcase #0] run time: 1m-13s, clients: 1, corpus: 204, objectives: 0, executions: 21644, exec/sec: 293.1, shared_mem: 1509/11072 (13%), AflStats: {"pending":85,"pending_fav":0,"own_finds":201,"imported":0}
[UserStats #0] run time: 1m-14s, clients: 1, corpus: 204, objectives: 0, executions: 21761, exec/sec: 293.2, shared_mem: 1509/11072 (13%), AflStats: {"pending":85,"pending_fav":0,"own_finds":201,"imported":0}
[Testcase #0] run time: 1m-14s, clients: 1, corpus: 205, objectives: 0, executions: 21761, exec/sec: 293.2, shared_mem: 1509/11072 (13%), AflStats: {"pending":85,"pending_fav":0,"own_finds":201,"imported":0}
[Client Heartbeat #0] run time: 1m-14s, clients: 1, corpus: 205, objectives: 0, executions: 21761, exec/sec: 293.2, shared_mem: 1509/11072 (13%), AflStats: {"pending":85,"pending_fav":0,"own_finds":201,"imported":0}
[UserStats #0] run time: 1m-14s, clients: 1, corpus: 205, objectives: 0, executions: 21800, exec/sec: 293.2, shared_mem: 1509/11072 (13%), AflStats: {"pending":85,"pending_fav":0,"own_finds":201,"imported":0}
[Testcase #0] run time: 1m-14s, clients: 1, corpus: 206, objectives: 0, executions: 21800, exec/sec: 293.2, shared_mem: 1509/11072 (13%), AflStats: {"pending":85,"pending_fav":0,"own_finds":201,"imported":0}
[UserStats #0] run time: 1m-15s, clients: 1, corpus: 206, objectives: 0, executions: 22050, exec/sec: 293.1, shared_mem: 1512/11072 (13%), AflStats: {"pending":85,"pending_fav":0,"own_finds":201,"imported":0}
[Testcase #0] run time: 1m-15s, clients: 1, corpus: 207, objectives: 0, executions: 22050, exec/sec: 293.1, shared_mem: 1512/11072 (13%), AflStats: {"pending":85,"pending_fav":0,"own_finds":201,"imported":0}
[UserStats #0] run time: 1m-15s, clients: 1, corpus: 207, objectives: 0, executions: 22129, exec/sec: 293.2, shared_mem: 1512/11072 (13%), AflStats: {"pending":89,"pending_fav":0,"own_finds":207,"imported":0}
[Client Heartbeat #0] run time: 1m-16s, clients: 1, corpus: 207, objectives: 0, executions: 22353, exec/sec: 293.1, shared_mem: 1512/11072 (13%), AflStats: {"pending":89,"pending_fav":0,"own_finds":207,"imported":0}
[UserStats #0] run time: 1m-16s, clients: 1, corpus: 207, objectives: 0, executions: 22366, exec/sec: 293.0, shared_mem: 1512/11072 (13%), AflStats: {"pending":89,"pending_fav":0,"own_finds":207,"imported":0}
[Testcase #0] run time: 1m-16s, clients: 1, corpus: 208, objectives: 0, executions: 22366, exec/sec: 293.0, shared_mem: 1512/11072 (13%), AflStats: {"pending":89,"pending_fav":0,"own_finds":207,"imported":0}
[UserStats #0] run time: 1m-16s, clients: 1, corpus: 208, objectives: 0, executions: 22389, exec/sec: 292.8, shared_mem: 1512/11072 (13%), AflStats: {"pending":89,"pending_fav":0,"own_finds":207,"imported":0}
[Testcase #0] run time: 1m-16s, clients: 1, corpus: 209, objectives: 0, executions: 22389, exec/sec: 292.8, shared_mem: 1512/11072 (13%), AflStats: {"pending":89,"pending_fav":0,"own_finds":207,"imported":0}
[UserStats #0] run time: 1m-17s, clients: 1, corpus: 209, objectives: 0, executions: 22461, exec/sec: 291.6, shared_mem: 1513/11072 (13%), AflStats: {"pending":89,"pending_fav":0,"own_finds":207,"imported":0}
[Testcase #0] run time: 1m-17s, clients: 1, corpus: 210, objectives: 0, executions: 22461, exec/sec: 291.6, shared_mem: 1513/11072 (13%), AflStats: {"pending":89,"pending_fav":0,"own_finds":207,"imported":0}
[UserStats #0] run time: 1m-17s, clients: 1, corpus: 210, objectives: 0, executions: 22528, exec/sec: 291.4, shared_mem: 1513/11072 (13%), AflStats: {"pending":89,"pending_fav":0,"own_finds":207,"imported":0}
[Testcase #0] run time: 1m-17s, clients: 1, corpus: 211, objectives: 0, executions: 22528, exec/sec: 291.4, shared_mem: 1513/11072 (13%), AflStats: {"pending":89,"pending_fav":0,"own_finds":207,"imported":0}
[Client Heartbeat #0] run time: 1m-18s, clients: 1, corpus: 211, objectives: 0, executions: 22804, exec/sec: 291.0, shared_mem: 1513/11072 (13%), AflStats: {"pending":89,"pending_fav":0,"own_finds":207,"imported":0}
[Client Heartbeat #0] run time: 1m-20s, clients: 1, corpus: 211, objectives: 0, executions: 23576, exec/sec: 292.8, shared_mem: 1513/11072 (13%), AflStats: {"pending":89,"pending_fav":0,"own_finds":207,"imported":0}
[Client Heartbeat #0] run time: 1m-22s, clients: 1, corpus: 211, objectives: 0, executions: 24136, exec/sec: 292.2, shared_mem: 1513/11072 (13%), AflStats: {"pending":89,"pending_fav":0,"own_finds":207,"imported":0}
[Client Heartbeat #0] run time: 1m-24s, clients: 1, corpus: 211, objectives: 0, executions: 24752, exec/sec: 292.4, shared_mem: 1513/11072 (13%), AflStats: {"pending":89,"pending_fav":0,"own_finds":207,"imported":0}
[Client Heartbeat #0] run time: 1m-26s, clients: 1, corpus: 211, objectives: 0, executions: 25412, exec/sec: 293.0, shared_mem: 1513/11072 (13%), AflStats: {"pending":89,"pending_fav":0,"own_finds":207,"imported":0}
[Client Heartbeat #0] run time: 1m-28s, clients: 1, corpus: 211, objectives: 0, executions: 25999, exec/sec: 293.0, shared_mem: 1513/11072 (13%), AflStats: {"pending":89,"pending_fav":0,"own_finds":207,"imported":0}
[UserStats #0] run time: 1m-30s, clients: 1, corpus: 211, objectives: 0, executions: 26548, exec/sec: 293.1, shared_mem: 1513/11072 (13%), AflStats: {"pending":84,"pending_fav":0,"own_finds":211,"imported":0}
[Client Heartbeat #0] run time: 1m-30s, clients: 1, corpus: 211, objectives: 0, executions: 26656, exec/sec: 293.1, shared_mem: 1513/11072 (13%), AflStats: {"pending":84,"pending_fav":0,"own_finds":211,"imported":0}
[Client Heartbeat #0] run time: 1m-33s, clients: 1, corpus: 211, objectives: 0, executions: 27246, exec/sec: 293.0, shared_mem: 1513/11072 (13%), AflStats: {"pending":84,"pending_fav":0,"own_finds":211,"imported":0}
[Client Heartbeat #0] run time: 1m-35s, clients: 1, corpus: 211, objectives: 0, executions: 27904, exec/sec: 293.0, shared_mem: 1513/11072 (13%), AflStats: {"pending":84,"pending_fav":0,"own_finds":211,"imported":0}
[Client Heartbeat #0] run time: 1m-37s, clients: 1, corpus: 211, objectives: 0, executions: 28520, exec/sec: 292.9, shared_mem: 1513/11072 (13%), AflStats: {"pending":84,"pending_fav":0,"own_finds":211,"imported":0}
[UserStats #0] run time: 1m-37s, clients: 1, corpus: 211, objectives: 0, executions: 28534, exec/sec: 292.9, shared_mem: 1515/11072 (13%), AflStats: {"pending":84,"pending_fav":0,"own_finds":211,"imported":0}
[Testcase #0] run time: 1m-37s, clients: 1, corpus: 212, objectives: 0, executions: 28534, exec/sec: 292.9, shared_mem: 1515/11072 (13%), AflStats: {"pending":84,"pending_fav":0,"own_finds":211,"imported":0}
[Client Heartbeat #0] run time: 1m-39s, clients: 1, corpus: 212, objectives: 0, executions: 29140, exec/sec: 292.6, shared_mem: 1515/11072 (13%), AflStats: {"pending":84,"pending_fav":0,"own_finds":211,"imported":0}
[UserStats #0] run time: 1m-39s, clients: 1, corpus: 212, objectives: 0, executions: 29179, exec/sec: 292.5, shared_mem: 1515/11072 (13%), AflStats: {"pending":84,"pending_fav":0,"own_finds":211,"imported":0}
[Testcase #0] run time: 1m-39s, clients: 1, corpus: 213, objectives: 0, executions: 29179, exec/sec: 292.5, shared_mem: 1515/11072 (13%), AflStats: {"pending":84,"pending_fav":0,"own_finds":211,"imported":0}
[UserStats #0] run time: 1m-40s, clients: 1, corpus: 213, objectives: 0, executions: 29261, exec/sec: 292.5, shared_mem: 1518/11072 (13%), AflStats: {"pending":84,"pending_fav":0,"own_finds":211,"imported":0}
[Testcase #0] run time: 1m-40s, clients: 1, corpus: 214, objectives: 0, executions: 29261, exec/sec: 292.5, shared_mem: 1518/11072 (13%), AflStats: {"pending":84,"pending_fav":0,"own_finds":211,"imported":0}
[Client Heartbeat #0] run time: 1m-41s, clients: 1, corpus: 214, objectives: 0, executions: 29763, exec/sec: 292.8, shared_mem: 1518/11072 (13%), AflStats: {"pending":84,"pending_fav":0,"own_finds":211,"imported":0}
[UserStats #0] run time: 1m-43s, clients: 1, corpus: 214, objectives: 0, executions: 30311, exec/sec: 292.4, shared_mem: 1518/11072 (13%), AflStats: {"pending":84,"pending_fav":0,"own_finds":211,"imported":0}
[Testcase #0] run time: 1m-43s, clients: 1, corpus: 215, objectives: 0, executions: 30311, exec/sec: 292.4, shared_mem: 1518/11072 (13%), AflStats: {"pending":84,"pending_fav":0,"own_finds":211,"imported":0}
[Client Heartbeat #0] run time: 1m-43s, clients: 1, corpus: 215, objectives: 0, executions: 30326, exec/sec: 292.4, shared_mem: 1518/11072 (13%), AflStats: {"pending":84,"pending_fav":0,"own_finds":211,"imported":0}
[UserStats #0] run time: 1m-45s, clients: 1, corpus: 215, objectives: 0, executions: 30819, exec/sec: 291.5, shared_mem: 1518/11072 (13%), AflStats: {"pending":82,"pending_fav":0,"own_finds":215,"imported":0}
[Client Heartbeat #0] run time: 1m-45s, clients: 1, corpus: 215, objectives: 0, executions: 30819, exec/sec: 291.5, shared_mem: 1518/11072 (13%), AflStats: {"pending":82,"pending_fav":0,"own_finds":215,"imported":0}
[Client Heartbeat #0] run time: 1m-47s, clients: 1, corpus: 215, objectives: 0, executions: 31473, exec/sec: 292.0, shared_mem: 1518/11072 (13%), AflStats: {"pending":82,"pending_fav":0,"own_finds":215,"imported":0}
[Client Heartbeat #0] run time: 1m-49s, clients: 1, corpus: 215, objectives: 0, executions: 32092, exec/sec: 292.0, shared_mem: 1518/11072 (13%), AflStats: {"pending":82,"pending_fav":0,"own_finds":215,"imported":0}
[Client Heartbeat #0] run time: 1m-52s, clients: 1, corpus: 215, objectives: 0, executions: 32719, exec/sec: 291.6, shared_mem: 1518/11072 (13%), AflStats: {"pending":82,"pending_fav":0,"own_finds":215,"imported":0}
[Client Heartbeat #0] run time: 1m-54s, clients: 1, corpus: 215, objectives: 0, executions: 33354, exec/sec: 291.9, shared_mem: 1518/11072 (13%), AflStats: {"pending":82,"pending_fav":0,"own_finds":215,"imported":0}
[Client Heartbeat #0] run time: 1m-56s, clients: 1, corpus: 215, objectives: 0, executions: 34028, exec/sec: 292.1, shared_mem: 1518/11072 (13%), AflStats: {"pending":82,"pending_fav":0,"own_finds":215,"imported":0}
[UserStats #0] run time: 1m-57s, clients: 1, corpus: 215, objectives: 0, executions: 34315, exec/sec: 292.2, shared_mem: 1521/11072 (13%), AflStats: {"pending":82,"pending_fav":0,"own_finds":215,"imported":0}
[Testcase #0] run time: 1m-57s, clients: 1, corpus: 216, objectives: 0, executions: 34315, exec/sec: 292.2, shared_mem: 1521/11072 (13%), AflStats: {"pending":82,"pending_fav":0,"own_finds":215,"imported":0}
[Client Heartbeat #0] run time: 1m-58s, clients: 1, corpus: 216, objectives: 0, executions: 34631, exec/sec: 291.6, shared_mem: 1521/11072 (13%), AflStats: {"pending":82,"pending_fav":0,"own_finds":215,"imported":0}
[UserStats #0] run time: 2m-1s, clients: 1, corpus: 216, objectives: 0, executions: 35342, exec/sec: 291.5, shared_mem: 1521/11072 (13%), AflStats: {"pending":83,"pending_fav":0,"own_finds":216,"imported":0}
[Client Heartbeat #0] run time: 2m-1s, clients: 1, corpus: 216, objectives: 0, executions: 35342, exec/sec: 291.5, shared_mem: 1521/11072 (13%), AflStats: {"pending":83,"pending_fav":0,"own_finds":216,"imported":0}
[UserStats #0] run time: 2m-2s, clients: 1, corpus: 216, objectives: 0, executions: 35764, exec/sec: 291.2, shared_mem: 1521/11072 (13%), AflStats: {"pending":83,"pending_fav":0,"own_finds":216,"imported":0}
[Testcase #0] run time: 2m-2s, clients: 1, corpus: 217, objectives: 0, executions: 35764, exec/sec: 291.2, shared_mem: 1521/11072 (13%), AflStats: {"pending":83,"pending_fav":0,"own_finds":216,"imported":0}
[Client Heartbeat #0] run time: 2m-3s, clients: 1, corpus: 217, objectives: 0, executions: 35881, exec/sec: 291.1, shared_mem: 1521/11072 (13%), AflStats: {"pending":83,"pending_fav":0,"own_finds":216,"imported":0}
[Client Heartbeat #0] run time: 2m-5s, clients: 1, corpus: 217, objectives: 0, executions: 36550, exec/sec: 291.4, shared_mem: 1521/11072 (13%), AflStats: {"pending":83,"pending_fav":0,"own_finds":216,"imported":0}
[Client Heartbeat #0] run time: 2m-7s, clients: 1, corpus: 217, objectives: 0, executions: 37174, exec/sec: 291.6, shared_mem: 1521/11072 (13%), AflStats: {"pending":83,"pending_fav":0,"own_finds":216,"imported":0}
[Client Heartbeat #0] run time: 2m-9s, clients: 1, corpus: 217, objectives: 0, executions: 37854, exec/sec: 291.5, shared_mem: 1521/11072 (13%), AflStats: {"pending":83,"pending_fav":0,"own_finds":216,"imported":0}
[Client Heartbeat #0] run time: 2m-11s, clients: 1, corpus: 217, objectives: 0, executions: 38441, exec/sec: 291.5, shared_mem: 1521/11072 (13%), AflStats: {"pending":83,"pending_fav":0,"own_finds":216,"imported":0}
[Client Heartbeat #0] run time: 2m-13s, clients: 1, corpus: 217, objectives: 0, executions: 38948, exec/sec: 290.8, shared_mem: 1521/11072 (13%), AflStats: {"pending":83,"pending_fav":0,"own_finds":216,"imported":0}
[UserStats #0] run time: 2m-15s, clients: 1, corpus: 217, objectives: 0, executions: 39336, exec/sec: 291.2, shared_mem: 1522/11072 (13%), AflStats: {"pending":83,"pending_fav":0,"own_finds":216,"imported":0}
[Testcase #0] run time: 2m-15s, clients: 1, corpus: 218, objectives: 0, executions: 39336, exec/sec: 291.2, shared_mem: 1522/11072 (13%), AflStats: {"pending":83,"pending_fav":0,"own_finds":216,"imported":0}
[Client Heartbeat #0] run time: 2m-15s, clients: 1, corpus: 218, objectives: 0, executions: 39644, exec/sec: 291.6, shared_mem: 1522/11072 (13%), AflStats: {"pending":83,"pending_fav":0,"own_finds":216,"imported":0}
[UserStats #0] run time: 2m-16s, clients: 1, corpus: 218, objectives: 0, executions: 39742, exec/sec: 291.6, shared_mem: 1522/11072 (13%), AflStats: {"pending":82,"pending_fav":0,"own_finds":218,"imported":0}
[Client Heartbeat #0] run time: 2m-17s, clients: 1, corpus: 218, objectives: 0, executions: 40195, exec/sec: 291.3, shared_mem: 1522/11072 (13%), AflStats: {"pending":82,"pending_fav":0,"own_finds":218,"imported":0}
[Client Heartbeat #0] run time: 2m-20s, clients: 1, corpus: 218, objectives: 0, executions: 40829, exec/sec: 291.1, shared_mem: 1522/11072 (13%), AflStats: {"pending":82,"pending_fav":0,"own_finds":218,"imported":0}
[Client Heartbeat #0] run time: 2m-22s, clients: 1, corpus: 218, objectives: 0, executions: 41440, exec/sec: 291.2, shared_mem: 1522/11072 (13%), AflStats: {"pending":82,"pending_fav":0,"own_finds":218,"imported":0}
[Client Heartbeat #0] run time: 2m-24s, clients: 1, corpus: 218, objectives: 0, executions: 42038, exec/sec: 290.8, shared_mem: 1522/11072 (13%), AflStats: {"pending":82,"pending_fav":0,"own_finds":218,"imported":0}
[Client Heartbeat #0] run time: 2m-26s, clients: 1, corpus: 218, objectives: 0, executions: 42709, exec/sec: 291.2, shared_mem: 1522/11072 (13%), AflStats: {"pending":82,"pending_fav":0,"own_finds":218,"imported":0}
[Client Heartbeat #0] run time: 2m-28s, clients: 1, corpus: 218, objectives: 0, executions: 43302, exec/sec: 291.1, shared_mem: 1522/11072 (13%), AflStats: {"pending":82,"pending_fav":0,"own_finds":218,"imported":0}
[Client Heartbeat #0] run time: 2m-30s, clients: 1, corpus: 218, objectives: 0, executions: 43955, exec/sec: 291.5, shared_mem: 1522/11072 (13%), AflStats: {"pending":82,"pending_fav":0,"own_finds":218,"imported":0}
[UserStats #0] run time: 2m-31s, clients: 1, corpus: 218, objectives: 0, executions: 44156, exec/sec: 291.6, shared_mem: 1522/11072 (13%), AflStats: {"pending":80,"pending_fav":0,"own_finds":218,"imported":0}
[Client Heartbeat #0] run time: 2m-32s, clients: 1, corpus: 218, objectives: 0, executions: 44560, exec/sec: 291.5, shared_mem: 1522/11072 (13%), AflStats: {"pending":80,"pending_fav":0,"own_finds":218,"imported":0}
[Client Heartbeat #0] run time: 2m-35s, clients: 1, corpus: 218, objectives: 0, executions: 45135, exec/sec: 291.2, shared_mem: 1522/11072 (13%), AflStats: {"pending":80,"pending_fav":0,"own_finds":218,"imported":0}
[Client Heartbeat #0] run time: 2m-37s, clients: 1, corpus: 218, objectives: 0, executions: 45871, exec/sec: 291.7, shared_mem: 1522/11072 (13%), AflStats: {"pending":80,"pending_fav":0,"own_finds":218,"imported":0}
[Client Heartbeat #0] run time: 2m-39s, clients: 1, corpus: 218, objectives: 0, executions: 46552, exec/sec: 292.0, shared_mem: 1522/11072 (13%), AflStats: {"pending":80,"pending_fav":0,"own_finds":218,"imported":0}
[Client Heartbeat #0] run time: 2m-41s, clients: 1, corpus: 218, objectives: 0, executions: 47185, exec/sec: 291.9, shared_mem: 1522/11072 (13%), AflStats: {"pending":80,"pending_fav":0,"own_finds":218,"imported":0}
[Client Heartbeat #0] run time: 2m-43s, clients: 1, corpus: 218, objectives: 0, executions: 47793, exec/sec: 291.8, shared_mem: 1522/11072 (13%), AflStats: {"pending":80,"pending_fav":0,"own_finds":218,"imported":0}
[Client Heartbeat #0] run time: 2m-45s, clients: 1, corpus: 218, objectives: 0, executions: 48328, exec/sec: 291.5, shared_mem: 1522/11072 (13%), AflStats: {"pending":80,"pending_fav":0,"own_finds":218,"imported":0}
[UserStats #0] run time: 2m-45s, clients: 1, corpus: 218, objectives: 0, executions: 48370, exec/sec: 291.5, shared_mem: 1526/11072 (13%), AflStats: {"pending":80,"pending_fav":0,"own_finds":218,"imported":0}
[Testcase #0] run time: 2m-45s, clients: 1, corpus: 219, objectives: 0, executions: 48370, exec/sec: 291.5, shared_mem: 1526/11072 (13%), AflStats: {"pending":80,"pending_fav":0,"own_finds":218,"imported":0}
[UserStats #0] run time: 2m-46s, clients: 1, corpus: 219, objectives: 0, executions: 48632, exec/sec: 291.6, shared_mem: 1526/11072 (13%), AflStats: {"pending":80,"pending_fav":0,"own_finds":219,"imported":0}
[Client Heartbeat #0] run time: 2m-47s, clients: 1, corpus: 219, objectives: 0, executions: 49005, exec/sec: 291.8, shared_mem: 1526/11072 (13%), AflStats: {"pending":80,"pending_fav":0,"own_finds":219,"imported":0}
[Client Heartbeat #0] run time: 2m-50s, clients: 1, corpus: 219, objectives: 0, executions: 49680, exec/sec: 292.2, shared_mem: 1526/11072 (13%), AflStats: {"pending":80,"pending_fav":0,"own_finds":219,"imported":0}
[UserStats #0] run time: 2m-50s, clients: 1, corpus: 219, objectives: 0, executions: 49695, exec/sec: 292.2, shared_mem: 1528/11072 (13%), AflStats: {"pending":80,"pending_fav":0,"own_finds":219,"imported":0}
[Testcase #0] run time: 2m-50s, clients: 1, corpus: 220, objectives: 0, executions: 49695, exec/sec: 292.2, shared_mem: 1528/11072 (13%), AflStats: {"pending":80,"pending_fav":0,"own_finds":219,"imported":0}
[Client Heartbeat #0] run time: 2m-52s, clients: 1, corpus: 220, objectives: 0, executions: 50252, exec/sec: 291.9, shared_mem: 1528/11072 (13%), AflStats: {"pending":80,"pending_fav":0,"own_finds":219,"imported":0}
[Client Heartbeat #0] run time: 2m-54s, clients: 1, corpus: 220, objectives: 0, executions: 50888, exec/sec: 291.9, shared_mem: 1528/11072 (13%), AflStats: {"pending":80,"pending_fav":0,"own_finds":219,"imported":0}
[Client Heartbeat #0] run time: 2m-56s, clients: 1, corpus: 220, objectives: 0, executions: 51571, exec/sec: 292.4, shared_mem: 1528/11072 (13%), AflStats: {"pending":80,"pending_fav":0,"own_finds":219,"imported":0}
[Client Heartbeat #0] run time: 2m-58s, clients: 1, corpus: 220, objectives: 0, executions: 52153, exec/sec: 292.4, shared_mem: 1528/11072 (13%), AflStats: {"pending":80,"pending_fav":0,"own_finds":219,"imported":0}
[Client Heartbeat #0] run time: 3m-0s, clients: 1, corpus: 220, objectives: 0, executions: 52851, exec/sec: 292.5, shared_mem: 1528/11072 (13%), AflStats: {"pending":80,"pending_fav":0,"own_finds":219,"imported":0}
[UserStats #0] run time: 3m-2s, clients: 1, corpus: 220, objectives: 0, executions: 53297, exec/sec: 292.8, shared_mem: 1528/11072 (13%), AflStats: {"pending":79,"pending_fav":0,"own_finds":220,"imported":0}
[Client Heartbeat #0] run time: 3m-2s, clients: 1, corpus: 220, objectives: 0, executions: 53491, exec/sec: 292.5, shared_mem: 1528/11072 (13%), AflStats: {"pending":79,"pending_fav":0,"own_finds":220,"imported":0}
[Client Heartbeat #0] run time: 3m-5s, clients: 1, corpus: 220, objectives: 0, executions: 54173, exec/sec: 292.6, shared_mem: 1528/11072 (13%), AflStats: {"pending":79,"pending_fav":0,"own_finds":220,"imported":0}
[Client Heartbeat #0] run time: 3m-7s, clients: 1, corpus: 220, objectives: 0, executions: 54773, exec/sec: 292.7, shared_mem: 1528/11072 (13%), AflStats: {"pending":79,"pending_fav":0,"own_finds":220,"imported":0}
[Client Heartbeat #0] run time: 3m-9s, clients: 1, corpus: 220, objectives: 0, executions: 55395, exec/sec: 292.7, shared_mem: 1528/11072 (13%), AflStats: {"pending":79,"pending_fav":0,"own_finds":220,"imported":0}
[Client Heartbeat #0] run time: 3m-11s, clients: 1, corpus: 220, objectives: 0, executions: 55993, exec/sec: 292.6, shared_mem: 1528/11072 (13%), AflStats: {"pending":79,"pending_fav":0,"own_finds":220,"imported":0}
[UserStats #0] run time: 3m-13s, clients: 1, corpus: 220, objectives: 0, executions: 56403, exec/sec: 292.3, shared_mem: 1528/11072 (13%), AflStats: {"pending":79,"pending_fav":0,"own_finds":220,"imported":0}
[Testcase #0] run time: 3m-13s, clients: 1, corpus: 221, objectives: 0, executions: 56403, exec/sec: 292.3, shared_mem: 1528/11072 (13%), AflStats: {"pending":79,"pending_fav":0,"own_finds":220,"imported":0}
[Client Heartbeat #0] run time: 3m-13s, clients: 1, corpus: 221, objectives: 0, executions: 56549, exec/sec: 292.0, shared_mem: 1528/11072 (13%), AflStats: {"pending":79,"pending_fav":0,"own_finds":220,"imported":0}
[Client Heartbeat #0] run time: 3m-15s, clients: 1, corpus: 221, objectives: 0, executions: 57078, exec/sec: 291.7, shared_mem: 1528/11072 (13%), AflStats: {"pending":79,"pending_fav":0,"own_finds":220,"imported":0}
[UserStats #0] run time: 3m-17s, clients: 1, corpus: 221, objectives: 0, executions: 57433, exec/sec: 291.4, shared_mem: 1528/11072 (13%), AflStats: {"pending":79,"pending_fav":0,"own_finds":221,"imported":0}
[Client Heartbeat #0] run time: 3m-17s, clients: 1, corpus: 221, objectives: 0, executions: 57660, exec/sec: 291.7, shared_mem: 1528/11072 (13%), AflStats: {"pending":79,"pending_fav":0,"own_finds":221,"imported":0}
[Client Heartbeat #0] run time: 3m-19s, clients: 1, corpus: 221, objectives: 0, executions: 58375, exec/sec: 292.0, shared_mem: 1528/11072 (13%), AflStats: {"pending":79,"pending_fav":0,"own_finds":221,"imported":0}
[UserStats #0] run time: 3m-20s, clients: 1, corpus: 221, objectives: 0, executions: 58558, exec/sec: 292.0, shared_mem: 1624/11072 (14%), AflStats: {"pending":79,"pending_fav":0,"own_finds":221,"imported":0}
[Testcase #0] run time: 3m-20s, clients: 1, corpus: 222, objectives: 0, executions: 58558, exec/sec: 292.0, shared_mem: 1624/11072 (14%), AflStats: {"pending":79,"pending_fav":0,"own_finds":221,"imported":0}
[Client Heartbeat #0] run time: 3m-22s, clients: 1, corpus: 222, objectives: 0, executions: 59007, exec/sec: 292.1, shared_mem: 1624/11072 (14%), AflStats: {"pending":79,"pending_fav":0,"own_finds":221,"imported":0}
[UserStats #0] run time: 3m-22s, clients: 1, corpus: 222, objectives: 0, executions: 59066, exec/sec: 292.2, shared_mem: 1625/11072 (14%), AflStats: {"pending":79,"pending_fav":0,"own_finds":221,"imported":0}
[Testcase #0] run time: 3m-22s, clients: 1, corpus: 223, objectives: 0, executions: 59066, exec/sec: 292.2, shared_mem: 1625/11072 (14%), AflStats: {"pending":79,"pending_fav":0,"own_finds":221,"imported":0}
[Client Heartbeat #0] run time: 3m-24s, clients: 1, corpus: 223, objectives: 0, executions: 59677, exec/sec: 292.1, shared_mem: 1625/11072 (14%), AflStats: {"pending":79,"pending_fav":0,"own_finds":221,"imported":0}
[Client Heartbeat #0] run time: 3m-26s, clients: 1, corpus: 223, objectives: 0, executions: 60214, exec/sec: 291.8, shared_mem: 1625/11072 (14%), AflStats: {"pending":79,"pending_fav":0,"own_finds":221,"imported":0}
[Client Heartbeat #0] run time: 3m-28s, clients: 1, corpus: 223, objectives: 0, executions: 60885, exec/sec: 292.0, shared_mem: 1625/11072 (14%), AflStats: {"pending":79,"pending_fav":0,"own_finds":221,"imported":0}
[Client Heartbeat #0] run time: 3m-30s, clients: 1, corpus: 223, objectives: 0, executions: 61491, exec/sec: 291.9, shared_mem: 1625/11072 (14%), AflStats: {"pending":79,"pending_fav":0,"own_finds":221,"imported":0}
[UserStats #0] run time: 3m-32s, clients: 1, corpus: 223, objectives: 0, executions: 61968, exec/sec: 291.9, shared_mem: 1625/11072 (14%), AflStats: {"pending":79,"pending_fav":0,"own_finds":223,"imported":0}
[Client Heartbeat #0] run time: 3m-32s, clients: 1, corpus: 223, objectives: 0, executions: 62097, exec/sec: 291.9, shared_mem: 1625/11072 (14%), AflStats: {"pending":79,"pending_fav":0,"own_finds":223,"imported":0}
[Client Heartbeat #0] run time: 3m-35s, clients: 1, corpus: 223, objectives: 0, executions: 62831, exec/sec: 292.1, shared_mem: 1625/11072 (14%), AflStats: {"pending":79,"pending_fav":0,"own_finds":223,"imported":0}
[Client Heartbeat #0] run time: 3m-37s, clients: 1, corpus: 223, objectives: 0, executions: 63372, exec/sec: 291.3, shared_mem: 1625/11072 (14%), AflStats: {"pending":79,"pending_fav":0,"own_finds":223,"imported":0}
[UserStats #0] run time: 3m-39s, clients: 1, corpus: 223, objectives: 0, executions: 63863, exec/sec: 291.3, shared_mem: 1637/11072 (14%), AflStats: {"pending":79,"pending_fav":0,"own_finds":223,"imported":0}
[Testcase #0] run time: 3m-39s, clients: 1, corpus: 224, objectives: 0, executions: 63863, exec/sec: 291.3, shared_mem: 1637/11072 (14%), AflStats: {"pending":79,"pending_fav":0,"own_finds":223,"imported":0}
[Client Heartbeat #0] run time: 3m-39s, clients: 1, corpus: 224, objectives: 0, executions: 63932, exec/sec: 291.1, shared_mem: 1637/11072 (14%), AflStats: {"pending":79,"pending_fav":0,"own_finds":223,"imported":0}
[Client Heartbeat #0] run time: 3m-41s, clients: 1, corpus: 224, objectives: 0, executions: 64539, exec/sec: 291.2, shared_mem: 1637/11072 (14%), AflStats: {"pending":79,"pending_fav":0,"own_finds":223,"imported":0}
[UserStats #0] run time: 3m-42s, clients: 1, corpus: 224, objectives: 0, executions: 64794, exec/sec: 291.1, shared_mem: 1639/11072 (14%), AflStats: {"pending":79,"pending_fav":0,"own_finds":223,"imported":0}
[Testcase #0] run time: 3m-42s, clients: 1, corpus: 225, objectives: 0, executions: 64794, exec/sec: 291.1, shared_mem: 1639/11072 (14%), AflStats: {"pending":79,"pending_fav":0,"own_finds":223,"imported":0}
[Client Heartbeat #0] run time: 3m-44s, clients: 1, corpus: 225, objectives: 0, executions: 65238, exec/sec: 291.2, shared_mem: 1639/11072 (14%), AflStats: {"pending":79,"pending_fav":0,"own_finds":223,"imported":0}
[Client Heartbeat #0] run time: 3m-46s, clients: 1, corpus: 225, objectives: 0, executions: 65892, exec/sec: 291.4, shared_mem: 1639/11072 (14%), AflStats: {"pending":79,"pending_fav":0,"own_finds":223,"imported":0}
[UserStats #0] run time: 3m-47s, clients: 1, corpus: 225, objectives: 0, executions: 66189, exec/sec: 291.2, shared_mem: 1639/11072 (14%), AflStats: {"pending":76,"pending_fav":0,"own_finds":225,"imported":0}
[Client Heartbeat #0] run time: 3m-48s, clients: 1, corpus: 225, objectives: 0, executions: 66475, exec/sec: 291.3, shared_mem: 1639/11072 (14%), AflStats: {"pending":76,"pending_fav":0,"own_finds":225,"imported":0}
[Client Heartbeat #0] run time: 3m-50s, clients: 1, corpus: 225, objectives: 0, executions: 67284, exec/sec: 291.8, shared_mem: 1639/11072 (14%), AflStats: {"pending":76,"pending_fav":0,"own_finds":225,"imported":0}
[Client Heartbeat #0] run time: 3m-52s, clients: 1, corpus: 225, objectives: 0, executions: 67916, exec/sec: 291.9, shared_mem: 1639/11072 (14%), AflStats: {"pending":76,"pending_fav":0,"own_finds":225,"imported":0}
[Client Heartbeat #0] run time: 3m-54s, clients: 1, corpus: 225, objectives: 0, executions: 68579, exec/sec: 292.1, shared_mem: 1639/11072 (14%), AflStats: {"pending":76,"pending_fav":0,"own_finds":225,"imported":0}
[Client Heartbeat #0] run time: 3m-57s, clients: 1, corpus: 225, objectives: 0, executions: 69099, exec/sec: 291.6, shared_mem: 1639/11072 (14%), AflStats: {"pending":76,"pending_fav":0,"own_finds":225,"imported":0}
[Client Heartbeat #0] run time: 3m-59s, clients: 1, corpus: 225, objectives: 0, executions: 69676, exec/sec: 291.5, shared_mem: 1639/11072 (14%), AflStats: {"pending":76,"pending_fav":0,"own_finds":225,"imported":0}
[Client Heartbeat #0] run time: 4m-1s, clients: 1, corpus: 225, objectives: 0, executions: 70287, exec/sec: 291.4, shared_mem: 1639/11072 (14%), AflStats: {"pending":76,"pending_fav":0,"own_finds":225,"imported":0}
[UserStats #0] run time: 4m-2s, clients: 1, corpus: 225, objectives: 0, executions: 70606, exec/sec: 291.4, shared_mem: 1639/11072 (14%), AflStats: {"pending":75,"pending_fav":0,"own_finds":225,"imported":0}
[Client Heartbeat #0] run time: 4m-3s, clients: 1, corpus: 225, objectives: 0, executions: 70911, exec/sec: 291.3, shared_mem: 1639/11072 (14%), AflStats: {"pending":75,"pending_fav":0,"own_finds":225,"imported":0}
[UserStats #0] run time: 4m-3s, clients: 1, corpus: 225, objectives: 0, executions: 70958, exec/sec: 291.4, shared_mem: 1646/11072 (14%), AflStats: {"pending":75,"pending_fav":0,"own_finds":225,"imported":0}
[Testcase #0] run time: 4m-3s, clients: 1, corpus: 226, objectives: 0, executions: 70958, exec/sec: 291.4, shared_mem: 1646/11072 (14%), AflStats: {"pending":75,"pending_fav":0,"own_finds":225,"imported":0}
[UserStats #0] run time: 4m-4s, clients: 1, corpus: 226, objectives: 0, executions: 71158, exec/sec: 291.4, shared_mem: 1647/11072 (14%), AflStats: {"pending":75,"pending_fav":0,"own_finds":225,"imported":0}
[Testcase #0] run time: 4m-4s, clients: 1, corpus: 227, objectives: 0, executions: 71158, exec/sec: 291.4, shared_mem: 1647/11072 (14%), AflStats: {"pending":75,"pending_fav":0,"own_finds":225,"imported":0}
[Objective #0] run time: 4m-4s, clients: 1, corpus: 227, objectives: 1, executions: 71339, exec/sec: 291.2, shared_mem: 1647/11072 (14%), AflStats: {"pending":75,"pending_fav":0,"own_finds":225,"imported":0}
[Client Heartbeat #0] run time: 4m-5s, clients: 1, corpus: 227, objectives: 1, executions: 71516, exec/sec: 291.0, shared_mem: 1647/11072 (14%), AflStats: {"pending":75,"pending_fav":0,"own_finds":225,"imported":0}
[Client Heartbeat #0] run time: 4m-7s, clients: 1, corpus: 227, objectives: 1, executions: 72201, exec/sec: 291.2, shared_mem: 1647/11072 (14%), AflStats: {"pending":75,"pending_fav":0,"own_finds":225,"imported":0}
[Client Heartbeat #0] run time: 4m-10s, clients: 1, corpus: 227, objectives: 1, executions: 72851, exec/sec: 291.3, shared_mem: 1647/11072 (14%), AflStats: {"pending":75,"pending_fav":0,"own_finds":225,"imported":0}
[Client Heartbeat #0] run time: 4m-12s, clients: 1, corpus: 227, objectives: 1, executions: 73458, exec/sec: 291.2, shared_mem: 1647/11072 (14%), AflStats: {"pending":75,"pending_fav":0,"own_finds":225,"imported":0}
[Client Heartbeat #0] run time: 4m-14s, clients: 1, corpus: 227, objectives: 1, executions: 74142, exec/sec: 291.5, shared_mem: 1647/11072 (14%), AflStats: {"pending":75,"pending_fav":0,"own_finds":225,"imported":0}
[Client Heartbeat #0] run time: 4m-16s, clients: 1, corpus: 227, objectives: 1, executions: 74824, exec/sec: 291.6, shared_mem: 1647/11072 (14%), AflStats: {"pending":75,"pending_fav":0,"own_finds":225,"imported":0}
[UserStats #0] run time: 4m-17s, clients: 1, corpus: 227, objectives: 1, executions: 75090, exec/sec: 291.8, shared_mem: 1647/11072 (14%), AflStats: {"pending":68,"pending_fav":0,"own_finds":227,"imported":0}
[UserStats #0] run time: 4m-18s, clients: 1, corpus: 227, objectives: 1, executions: 75300, exec/sec: 291.6, shared_mem: 1647/11072 (14%), AflStats: {"pending":68,"pending_fav":0,"own_finds":227,"imported":0}
[Testcase #0] run time: 4m-18s, clients: 1, corpus: 228, objectives: 1, executions: 75300, exec/sec: 291.6, shared_mem: 1647/11072 (14%), AflStats: {"pending":68,"pending_fav":0,"own_finds":227,"imported":0}
[Client Heartbeat #0] run time: 4m-18s, clients: 1, corpus: 228, objectives: 1, executions: 75517, exec/sec: 291.6, shared_mem: 1647/11072 (14%), AflStats: {"pending":68,"pending_fav":0,"own_finds":227,"imported":0}
[Client Heartbeat #0] run time: 4m-21s, clients: 1, corpus: 228, objectives: 1, executions: 76140, exec/sec: 291.7, shared_mem: 1647/11072 (14%), AflStats: {"pending":68,"pending_fav":0,"own_finds":227,"imported":0}
[Client Heartbeat #0] run time: 4m-23s, clients: 1, corpus: 228, objectives: 1, executions: 76785, exec/sec: 291.8, shared_mem: 1647/11072 (14%), AflStats: {"pending":68,"pending_fav":0,"own_finds":227,"imported":0}
[Client Heartbeat #0] run time: 4m-25s, clients: 1, corpus: 228, objectives: 1, executions: 77465, exec/sec: 291.8, shared_mem: 1647/11072 (14%), AflStats: {"pending":68,"pending_fav":0,"own_finds":227,"imported":0}
[Client Heartbeat #0] run time: 4m-27s, clients: 1, corpus: 228, objectives: 1, executions: 78057, exec/sec: 291.7, shared_mem: 1647/11072 (14%), AflStats: {"pending":68,"pending_fav":0,"own_finds":227,"imported":0}
[UserStats #0] run time: 4m-29s, clients: 1, corpus: 228, objectives: 1, executions: 78658, exec/sec: 291.7, shared_mem: 1647/11072 (14%), AflStats: {"pending":68,"pending_fav":0,"own_finds":227,"imported":0}
[Testcase #0] run time: 4m-29s, clients: 1, corpus: 229, objectives: 1, executions: 78658, exec/sec: 291.7, shared_mem: 1647/11072 (14%), AflStats: {"pending":68,"pending_fav":0,"own_finds":227,"imported":0}
[Client Heartbeat #0] run time: 4m-29s, clients: 1, corpus: 229, objectives: 1, executions: 78687, exec/sec: 291.7, shared_mem: 1647/11072 (14%), AflStats: {"pending":68,"pending_fav":0,"own_finds":227,"imported":0}
[Client Heartbeat #0] run time: 4m-31s, clients: 1, corpus: 229, objectives: 1, executions: 79314, exec/sec: 291.6, shared_mem: 1647/11072 (14%), AflStats: {"pending":68,"pending_fav":0,"own_finds":227,"imported":0}
[UserStats #0] run time: 4m-32s, clients: 1, corpus: 229, objectives: 1, executions: 79473, exec/sec: 291.6, shared_mem: 1647/11072 (14%), AflStats: {"pending":68,"pending_fav":0,"own_finds":229,"imported":0}
[Objective #0] run time: 4m-32s, clients: 1, corpus: 229, objectives: 2, executions: 79600, exec/sec: 291.6, shared_mem: 1647/11072 (14%), AflStats: {"pending":68,"pending_fav":0,"own_finds":229,"imported":0}
[Client Heartbeat #0] run time: 4m-34s, clients: 1, corpus: 229, objectives: 2, executions: 79946, exec/sec: 291.5, shared_mem: 1647/11072 (14%), AflStats: {"pending":68,"pending_fav":0,"own_finds":229,"imported":0}
[Client Heartbeat #0] run time: 4m-36s, clients: 1, corpus: 229, objectives: 2, executions: 80589, exec/sec: 291.6, shared_mem: 1647/11072 (14%), AflStats: {"pending":68,"pending_fav":0,"own_finds":229,"imported":0}
[Client Heartbeat #0] run time: 4m-38s, clients: 1, corpus: 229, objectives: 2, executions: 81185, exec/sec: 291.4, shared_mem: 1647/11072 (14%), AflStats: {"pending":68,"pending_fav":0,"own_finds":229,"imported":0}
[Client Heartbeat #0] run time: 4m-40s, clients: 1, corpus: 229, objectives: 2, executions: 81905, exec/sec: 291.7, shared_mem: 1647/11072 (14%), AflStats: {"pending":68,"pending_fav":0,"own_finds":229,"imported":0}
[Client Heartbeat #0] run time: 4m-42s, clients: 1, corpus: 229, objectives: 2, executions: 82521, exec/sec: 291.6, shared_mem: 1647/11072 (14%), AflStats: {"pending":68,"pending_fav":0,"own_finds":229,"imported":0}
[Client Heartbeat #0] run time: 4m-45s, clients: 1, corpus: 229, objectives: 2, executions: 83076, exec/sec: 291.5, shared_mem: 1647/11072 (14%), AflStats: {"pending":68,"pending_fav":0,"own_finds":229,"imported":0}
[UserStats #0] run time: 4m-45s, clients: 1, corpus: 229, objectives: 2, executions: 83211, exec/sec: 291.4, shared_mem: 1649/11072 (14%), AflStats: {"pending":68,"pending_fav":0,"own_finds":229,"imported":0}
[Testcase #0] run time: 4m-45s, clients: 1, corpus: 230, objectives: 2, executions: 83211, exec/sec: 291.4, shared_mem: 1649/11072 (14%), AflStats: {"pending":68,"pending_fav":0,"own_finds":229,"imported":0}
[Client Heartbeat #0] run time: 4m-47s, clients: 1, corpus: 230, objectives: 2, executions: 83562, exec/sec: 291.1, shared_mem: 1649/11072 (14%), AflStats: {"pending":68,"pending_fav":0,"own_finds":229,"imported":0}
[UserStats #0] run time: 4m-47s, clients: 1, corpus: 230, objectives: 2, executions: 83725, exec/sec: 291.1, shared_mem: 1649/11072 (14%), AflStats: {"pending":66,"pending_fav":0,"own_finds":230,"imported":0}
[Client Heartbeat #0] run time: 4m-49s, clients: 1, corpus: 230, objectives: 2, executions: 84234, exec/sec: 291.2, shared_mem: 1649/11072 (14%), AflStats: {"pending":66,"pending_fav":0,"own_finds":230,"imported":0}
[Client Heartbeat #0] run time: 4m-51s, clients: 1, corpus: 230, objectives: 2, executions: 84814, exec/sec: 291.1, shared_mem: 1649/11072 (14%), AflStats: {"pending":66,"pending_fav":0,"own_finds":230,"imported":0}
[Client Heartbeat #0] run time: 4m-53s, clients: 1, corpus: 230, objectives: 2, executions: 85397, exec/sec: 291.1, shared_mem: 1649/11072 (14%), AflStats: {"pending":66,"pending_fav":0,"own_finds":230,"imported":0}
[Client Heartbeat #0] run time: 4m-55s, clients: 1, corpus: 230, objectives: 2, executions: 85929, exec/sec: 290.9, shared_mem: 1649/11072 (14%), AflStats: {"pending":66,"pending_fav":0,"own_finds":230,"imported":0}
[Client Heartbeat #0] run time: 4m-57s, clients: 1, corpus: 230, objectives: 2, executions: 86509, exec/sec: 290.7, shared_mem: 1649/11072 (14%), AflStats: {"pending":66,"pending_fav":0,"own_finds":230,"imported":0}
[Client Heartbeat #0] run time: 4m-59s, clients: 1, corpus: 230, objectives: 2, executions: 87089, exec/sec: 290.7, shared_mem: 1649/11072 (14%), AflStats: {"pending":66,"pending_fav":0,"own_finds":230,"imported":0}
[Client Heartbeat #0] run time: 5m-1s, clients: 1, corpus: 230, objectives: 2, executions: 87785, exec/sec: 291.0, shared_mem: 1649/11072 (14%), AflStats: {"pending":66,"pending_fav":0,"own_finds":230,"imported":0}
[UserStats #0] run time: 5m-2s, clients: 1, corpus: 230, objectives: 2, executions: 88060, exec/sec: 291.0, shared_mem: 1649/11072 (14%), AflStats: {"pending":61,"pending_fav":0,"own_finds":230,"imported":0}
[Client Heartbeat #0] run time: 5m-3s, clients: 1, corpus: 230, objectives: 2, executions: 88460, exec/sec: 291.1, shared_mem: 1649/11072 (14%), AflStats: {"pending":61,"pending_fav":0,"own_finds":230,"imported":0}
[Client Heartbeat #0] run time: 5m-6s, clients: 1, corpus: 230, objectives: 2, executions: 89089, exec/sec: 290.9, shared_mem: 1649/11072 (14%), AflStats: {"pending":61,"pending_fav":0,"own_finds":230,"imported":0}
[Client Heartbeat #0] run time: 5m-8s, clients: 1, corpus: 230, objectives: 2, executions: 89660, exec/sec: 290.8, shared_mem: 1649/11072 (14%), AflStats: {"pending":61,"pending_fav":0,"own_finds":230,"imported":0}
[Client Heartbeat #0] run time: 5m-10s, clients: 1, corpus: 230, objectives: 2, executions: 90227, exec/sec: 290.8, shared_mem: 1649/11072 (14%), AflStats: {"pending":61,"pending_fav":0,"own_finds":230,"imported":0}
[Client Heartbeat #0] run time: 5m-12s, clients: 1, corpus: 230, objectives: 2, executions: 90786, exec/sec: 290.7, shared_mem: 1649/11072 (14%), AflStats: {"pending":61,"pending_fav":0,"own_finds":230,"imported":0}
[Client Heartbeat #0] run time: 5m-14s, clients: 1, corpus: 230, objectives: 2, executions: 91440, exec/sec: 290.7, shared_mem: 1649/11072 (14%), AflStats: {"pending":61,"pending_fav":0,"own_finds":230,"imported":0}
[Client Heartbeat #0] run time: 5m-16s, clients: 1, corpus: 230, objectives: 2, executions: 92170, exec/sec: 290.8, shared_mem: 1649/11072 (14%), AflStats: {"pending":61,"pending_fav":0,"own_finds":230,"imported":0}
[UserStats #0] run time: 5m-17s, clients: 1, corpus: 230, objectives: 2, executions: 92358, exec/sec: 290.8, shared_mem: 1649/11072 (14%), AflStats: {"pending":60,"pending_fav":0,"own_finds":230,"imported":0}
[Client Heartbeat #0] run time: 5m-19s, clients: 1, corpus: 230, objectives: 2, executions: 92693, exec/sec: 290.5, shared_mem: 1649/11072 (14%), AflStats: {"pending":60,"pending_fav":0,"own_finds":230,"imported":0}
[UserStats #0] run time: 5m-20s, clients: 1, corpus: 230, objectives: 2, executions: 92993, exec/sec: 290.5, shared_mem: 1651/11072 (14%), AflStats: {"pending":60,"pending_fav":0,"own_finds":230,"imported":0}
[Testcase #0] run time: 5m-20s, clients: 1, corpus: 231, objectives: 2, executions: 92993, exec/sec: 290.5, shared_mem: 1651/11072 (14%), AflStats: {"pending":60,"pending_fav":0,"own_finds":230,"imported":0}
[Client Heartbeat #0] run time: 5m-21s, clients: 1, corpus: 231, objectives: 2, executions: 93263, exec/sec: 290.4, shared_mem: 1651/11072 (14%), AflStats: {"pending":60,"pending_fav":0,"own_finds":230,"imported":0}
[Client Heartbeat #0] run time: 5m-23s, clients: 1, corpus: 231, objectives: 2, executions: 93859, exec/sec: 290.4, shared_mem: 1651/11072 (14%), AflStats: {"pending":60,"pending_fav":0,"own_finds":230,"imported":0}
[UserStats #0] run time: 5m-24s, clients: 1, corpus: 231, objectives: 2, executions: 94325, exec/sec: 290.6, shared_mem: 1651/11072 (14%), AflStats: {"pending":60,"pending_fav":0,"own_finds":230,"imported":0}
[Testcase #0] run time: 5m-24s, clients: 1, corpus: 232, objectives: 2, executions: 94325, exec/sec: 290.6, shared_mem: 1651/11072 (14%), AflStats: {"pending":60,"pending_fav":0,"own_finds":230,"imported":0}
[Client Heartbeat #0] run time: 5m-25s, clients: 1, corpus: 232, objectives: 2, executions: 94574, exec/sec: 290.7, shared_mem: 1651/11072 (14%), AflStats: {"pending":60,"pending_fav":0,"own_finds":230,"imported":0}
[Client Heartbeat #0] run time: 5m-27s, clients: 1, corpus: 232, objectives: 2, executions: 95128, exec/sec: 290.6, shared_mem: 1651/11072 (14%), AflStats: {"pending":60,"pending_fav":0,"own_finds":230,"imported":0}
[Client Heartbeat #0] run time: 5m-29s, clients: 1, corpus: 232, objectives: 2, executions: 95809, exec/sec: 290.8, shared_mem: 1651/11072 (14%), AflStats: {"pending":60,"pending_fav":0,"own_finds":230,"imported":0}
[Client Heartbeat #0] run time: 5m-31s, clients: 1, corpus: 232, objectives: 2, executions: 96482, exec/sec: 291.0, shared_mem: 1651/11072 (14%), AflStats: {"pending":60,"pending_fav":0,"own_finds":230,"imported":0}
[UserStats #0] run time: 5m-33s, clients: 1, corpus: 232, objectives: 2, executions: 96813, exec/sec: 290.7, shared_mem: 1651/11072 (14%), AflStats: {"pending":56,"pending_fav":0,"own_finds":232,"imported":0}
[Client Heartbeat #0] run time: 5m-33s, clients: 1, corpus: 232, objectives: 2, executions: 97074, exec/sec: 290.8, shared_mem: 1651/11072 (14%), AflStats: {"pending":56,"pending_fav":0,"own_finds":232,"imported":0}
[Client Heartbeat #0] run time: 5m-35s, clients: 1, corpus: 232, objectives: 2, executions: 97684, exec/sec: 290.8, shared_mem: 1651/11072 (14%), AflStats: {"pending":56,"pending_fav":0,"own_finds":232,"imported":0}
[Client Heartbeat #0] run time: 5m-37s, clients: 1, corpus: 232, objectives: 2, executions: 98325, exec/sec: 291.0, shared_mem: 1651/11072 (14%), AflStats: {"pending":56,"pending_fav":0,"own_finds":232,"imported":0}
[Client Heartbeat #0] run time: 5m-40s, clients: 1, corpus: 232, objectives: 2, executions: 98865, exec/sec: 290.5, shared_mem: 1651/11072 (14%), AflStats: {"pending":56,"pending_fav":0,"own_finds":232,"imported":0}
[Client Heartbeat #0] run time: 5m-42s, clients: 1, corpus: 232, objectives: 2, executions: 99436, exec/sec: 290.4, shared_mem: 1651/11072 (14%), AflStats: {"pending":56,"pending_fav":0,"own_finds":232,"imported":0}
[Client Heartbeat #0] run time: 5m-44s, clients: 1, corpus: 232, objectives: 2, executions: 100072, exec/sec: 290.3, shared_mem: 1651/11072 (14%), AflStats: {"pending":56,"pending_fav":0,"own_finds":232,"imported":0}
[Client Heartbeat #0] run time: 5m-46s, clients: 1, corpus: 232, objectives: 2, executions: 100667, exec/sec: 290.2, shared_mem: 1651/11072 (14%), AflStats: {"pending":56,"pending_fav":0,"own_finds":232,"imported":0}
[UserStats #0] run time: 5m-48s, clients: 1, corpus: 232, objectives: 2, executions: 101017, exec/sec: 290.1, shared_mem: 1651/11072 (14%), AflStats: {"pending":56,"pending_fav":0,"own_finds":232,"imported":0}
[UserStats #0] run time: 5m-48s, clients: 1, corpus: 232, objectives: 2, executions: 101290, exec/sec: 290.3, shared_mem: 1651/11072 (14%), AflStats: {"pending":56,"pending_fav":0,"own_finds":232,"imported":0}
[Testcase #0] run time: 5m-48s, clients: 1, corpus: 233, objectives: 2, executions: 101290, exec/sec: 290.3, shared_mem: 1651/11072 (14%), AflStats: {"pending":56,"pending_fav":0,"own_finds":232,"imported":0}
[Client Heartbeat #0] run time: 5m-49s, clients: 1, corpus: 233, objectives: 2, executions: 101321, exec/sec: 290.3, shared_mem: 1651/11072 (14%), AflStats: {"pending":56,"pending_fav":0,"own_finds":232,"imported":0}
[Client Heartbeat #0] run time: 5m-51s, clients: 1, corpus: 233, objectives: 2, executions: 101890, exec/sec: 290.1, shared_mem: 1651/11072 (14%), AflStats: {"pending":56,"pending_fav":0,"own_finds":232,"imported":0}
[UserStats #0] run time: 5m-52s, clients: 1, corpus: 233, objectives: 2, executions: 102371, exec/sec: 290.1, shared_mem: 1657/11072 (14%), AflStats: {"pending":56,"pending_fav":0,"own_finds":232,"imported":0}
[Testcase #0] run time: 5m-52s, clients: 1, corpus: 234, objectives: 2, executions: 102371, exec/sec: 290.1, shared_mem: 1657/11072 (14%), AflStats: {"pending":56,"pending_fav":0,"own_finds":232,"imported":0}
[Client Heartbeat #0] run time: 5m-53s, clients: 1, corpus: 234, objectives: 2, executions: 102522, exec/sec: 290.1, shared_mem: 1657/11072 (14%), AflStats: {"pending":56,"pending_fav":0,"own_finds":232,"imported":0}
[Client Heartbeat #0] run time: 5m-55s, clients: 1, corpus: 234, objectives: 2, executions: 103198, exec/sec: 290.2, shared_mem: 1657/11072 (14%), AflStats: {"pending":56,"pending_fav":0,"own_finds":232,"imported":0}
[Client Heartbeat #0] run time: 5m-57s, clients: 1, corpus: 234, objectives: 2, executions: 103845, exec/sec: 290.4, shared_mem: 1657/11072 (14%), AflStats: {"pending":56,"pending_fav":0,"own_finds":232,"imported":0}
[UserStats #0] run time: 5m-57s, clients: 1, corpus: 234, objectives: 2, executions: 103879, exec/sec: 290.4, shared_mem: 1658/11072 (14%), AflStats: {"pending":56,"pending_fav":0,"own_finds":232,"imported":0}
[Testcase #0] run time: 5m-57s, clients: 1, corpus: 235, objectives: 2, executions: 103879, exec/sec: 290.4, shared_mem: 1658/11072 (14%), AflStats: {"pending":56,"pending_fav":0,"own_finds":232,"imported":0}
[Client Heartbeat #0] run time: 5m-59s, clients: 1, corpus: 235, objectives: 2, executions: 104461, exec/sec: 290.4, shared_mem: 1658/11072 (14%), AflStats: {"pending":56,"pending_fav":0,"own_finds":232,"imported":0}
[Client Heartbeat #0] run time: 6m-1s, clients: 1, corpus: 235, objectives: 2, executions: 105011, exec/sec: 290.3, shared_mem: 1658/11072 (14%), AflStats: {"pending":56,"pending_fav":0,"own_finds":232,"imported":0}
[UserStats #0] run time: 6m-3s, clients: 1, corpus: 235, objectives: 2, executions: 105459, exec/sec: 290.3, shared_mem: 1658/11072 (14%), AflStats: {"pending":59,"pending_fav":0,"own_finds":235,"imported":0}
[Client Heartbeat #0] run time: 6m-3s, clients: 1, corpus: 235, objectives: 2, executions: 105631, exec/sec: 290.4, shared_mem: 1658/11072 (14%), AflStats: {"pending":59,"pending_fav":0,"own_finds":235,"imported":0}
[Client Heartbeat #0] run time: 6m-5s, clients: 1, corpus: 235, objectives: 2, executions: 106234, exec/sec: 290.4, shared_mem: 1658/11072 (14%), AflStats: {"pending":59,"pending_fav":0,"own_finds":235,"imported":0}
[Client Heartbeat #0] run time: 6m-8s, clients: 1, corpus: 235, objectives: 2, executions: 106820, exec/sec: 290.2, shared_mem: 1658/11072 (14%), AflStats: {"pending":59,"pending_fav":0,"own_finds":235,"imported":0}
[Client Heartbeat #0] run time: 6m-10s, clients: 1, corpus: 235, objectives: 2, executions: 107471, exec/sec: 290.3, shared_mem: 1658/11072 (14%), AflStats: {"pending":59,"pending_fav":0,"own_finds":235,"imported":0}
[Client Heartbeat #0] run time: 6m-12s, clients: 1, corpus: 235, objectives: 2, executions: 108121, exec/sec: 290.3, shared_mem: 1658/11072 (14%), AflStats: {"pending":59,"pending_fav":0,"own_finds":235,"imported":0}
[UserStats #0] run time: 6m-12s, clients: 1, corpus: 235, objectives: 2, executions: 108126, exec/sec: 290.3, shared_mem: 1660/11072 (14%), AflStats: {"pending":59,"pending_fav":0,"own_finds":235,"imported":0}
[Testcase #0] run time: 6m-12s, clients: 1, corpus: 236, objectives: 2, executions: 108126, exec/sec: 290.3, shared_mem: 1660/11072 (14%), AflStats: {"pending":59,"pending_fav":0,"own_finds":235,"imported":0}
[UserStats #0] run time: 6m-13s, clients: 1, corpus: 236, objectives: 2, executions: 108324, exec/sec: 290.2, shared_mem: 1662/11072 (15%), AflStats: {"pending":59,"pending_fav":0,"own_finds":235,"imported":0}
[Testcase #0] run time: 6m-13s, clients: 1, corpus: 237, objectives: 2, executions: 108324, exec/sec: 290.2, shared_mem: 1662/11072 (15%), AflStats: {"pending":59,"pending_fav":0,"own_finds":235,"imported":0}
[Client Heartbeat #0] run time: 6m-14s, clients: 1, corpus: 237, objectives: 2, executions: 108518, exec/sec: 289.7, shared_mem: 1662/11072 (15%), AflStats: {"pending":59,"pending_fav":0,"own_finds":235,"imported":0}
[Client Heartbeat #0] run time: 6m-16s, clients: 1, corpus: 237, objectives: 2, executions: 109164, exec/sec: 289.8, shared_mem: 1662/11072 (15%), AflStats: {"pending":59,"pending_fav":0,"own_finds":235,"imported":0}
[UserStats #0] run time: 6m-18s, clients: 1, corpus: 237, objectives: 2, executions: 109607, exec/sec: 289.8, shared_mem: 1662/11072 (15%), AflStats: {"pending":56,"pending_fav":0,"own_finds":237,"imported":0}
[Client Heartbeat #0] run time: 6m-18s, clients: 1, corpus: 237, objectives: 2, executions: 109794, exec/sec: 289.8, shared_mem: 1662/11072 (15%), AflStats: {"pending":56,"pending_fav":0,"own_finds":237,"imported":0}
[Client Heartbeat #0] run time: 6m-21s, clients: 1, corpus: 237, objectives: 2, executions: 110456, exec/sec: 289.9, shared_mem: 1662/11072 (15%), AflStats: {"pending":56,"pending_fav":0,"own_finds":237,"imported":0}
[Client Heartbeat #0] run time: 6m-23s, clients: 1, corpus: 237, objectives: 2, executions: 111125, exec/sec: 290.0, shared_mem: 1662/11072 (15%), AflStats: {"pending":56,"pending_fav":0,"own_finds":237,"imported":0}
[Client Heartbeat #0] run time: 6m-25s, clients: 1, corpus: 237, objectives: 2, executions: 111904, exec/sec: 290.3, shared_mem: 1662/11072 (15%), AflStats: {"pending":56,"pending_fav":0,"own_finds":237,"imported":0}
[Client Heartbeat #0] run time: 6m-27s, clients: 1, corpus: 237, objectives: 2, executions: 112471, exec/sec: 290.2, shared_mem: 1662/11072 (15%), AflStats: {"pending":56,"pending_fav":0,"own_finds":237,"imported":0}
[Client Heartbeat #0] run time: 6m-29s, clients: 1, corpus: 237, objectives: 2, executions: 113018, exec/sec: 290.1, shared_mem: 1662/11072 (15%), AflStats: {"pending":56,"pending_fav":0,"own_finds":237,"imported":0}
[UserStats #0] run time: 6m-30s, clients: 1, corpus: 237, objectives: 2, executions: 113120, exec/sec: 290.0, shared_mem: 1664/11072 (15%), AflStats: {"pending":56,"pending_fav":0,"own_finds":237,"imported":0}
[Testcase #0] run time: 6m-30s, clients: 1, corpus: 238, objectives: 2, executions: 113120, exec/sec: 290.0, shared_mem: 1664/11072 (15%), AflStats: {"pending":56,"pending_fav":0,"own_finds":237,"imported":0}
[UserStats #0] run time: 6m-30s, clients: 1, corpus: 238, objectives: 2, executions: 113121, exec/sec: 290.0, shared_mem: 1666/11072 (15%), AflStats: {"pending":56,"pending_fav":0,"own_finds":237,"imported":0}
[Testcase #0] run time: 6m-30s, clients: 1, corpus: 239, objectives: 2, executions: 113121, exec/sec: 290.0, shared_mem: 1666/11072 (15%), AflStats: {"pending":56,"pending_fav":0,"own_finds":237,"imported":0}
[UserStats #0] run time: 6m-30s, clients: 1, corpus: 239, objectives: 2, executions: 113153, exec/sec: 290.0, shared_mem: 1667/11072 (15%), AflStats: {"pending":56,"pending_fav":0,"own_finds":237,"imported":0}
[Testcase #0] run time: 6m-30s, clients: 1, corpus: 240, objectives: 2, executions: 113153, exec/sec: 290.0, shared_mem: 1667/11072 (15%), AflStats: {"pending":56,"pending_fav":0,"own_finds":237,"imported":0}
[UserStats #0] run time: 6m-30s, clients: 1, corpus: 240, objectives: 2, executions: 113247, exec/sec: 290.0, shared_mem: 1668/11072 (15%), AflStats: {"pending":56,"pending_fav":0,"own_finds":237,"imported":0}
[Testcase #0] run time: 6m-30s, clients: 1, corpus: 241, objectives: 2, executions: 113247, exec/sec: 290.0, shared_mem: 1668/11072 (15%), AflStats: {"pending":56,"pending_fav":0,"own_finds":237,"imported":0}
[UserStats #0] run time: 6m-30s, clients: 1, corpus: 241, objectives: 2, executions: 113315, exec/sec: 289.9, shared_mem: 1669/11072 (15%), AflStats: {"pending":56,"pending_fav":0,"own_finds":237,"imported":0}
[Testcase #0] run time: 6m-30s, clients: 1, corpus: 242, objectives: 2, executions: 113315, exec/sec: 289.9, shared_mem: 1669/11072 (15%), AflStats: {"pending":56,"pending_fav":0,"own_finds":237,"imported":0}
[Client Heartbeat #0] run time: 6m-31s, clients: 1, corpus: 242, objectives: 2, executions: 113531, exec/sec: 289.9, shared_mem: 1669/11072 (15%), AflStats: {"pending":56,"pending_fav":0,"own_finds":237,"imported":0}
[UserStats #0] run time: 6m-33s, clients: 1, corpus: 242, objectives: 2, executions: 114016, exec/sec: 289.9, shared_mem: 1669/11072 (15%), AflStats: {"pending":59,"pending_fav":0,"own_finds":242,"imported":0}
[Client Heartbeat #0] run time: 6m-33s, clients: 1, corpus: 242, objectives: 2, executions: 114196, exec/sec: 290.0, shared_mem: 1669/11072 (15%), AflStats: {"pending":59,"pending_fav":0,"own_finds":242,"imported":0}
[Client Heartbeat #0] run time: 6m-35s, clients: 1, corpus: 242, objectives: 2, executions: 114831, exec/sec: 290.0, shared_mem: 1669/11072 (15%), AflStats: {"pending":59,"pending_fav":0,"own_finds":242,"imported":0}
[UserStats #0] run time: 6m-35s, clients: 1, corpus: 242, objectives: 2, executions: 114833, exec/sec: 290.0, shared_mem: 1670/11072 (15%), AflStats: {"pending":59,"pending_fav":0,"own_finds":242,"imported":0}
[Testcase #0] run time: 6m-35s, clients: 1, corpus: 243, objectives: 2, executions: 114833, exec/sec: 290.0, shared_mem: 1670/11072 (15%), AflStats: {"pending":59,"pending_fav":0,"own_finds":242,"imported":0}
[Client Heartbeat #0] run time: 6m-38s, clients: 1, corpus: 243, objectives: 2, executions: 115463, exec/sec: 290.0, shared_mem: 1670/11072 (15%), AflStats: {"pending":59,"pending_fav":0,"own_finds":242,"imported":0}
[Client Heartbeat #0] run time: 6m-40s, clients: 1, corpus: 243, objectives: 2, executions: 116071, exec/sec: 290.1, shared_mem: 1670/11072 (15%), AflStats: {"pending":59,"pending_fav":0,"own_finds":242,"imported":0}
[Client Heartbeat #0] run time: 6m-42s, clients: 1, corpus: 243, objectives: 2, executions: 116644, exec/sec: 290.1, shared_mem: 1670/11072 (15%), AflStats: {"pending":59,"pending_fav":0,"own_finds":242,"imported":0}
[UserStats #0] run time: 6m-42s, clients: 1, corpus: 243, objectives: 2, executions: 116694, exec/sec: 290.0, shared_mem: 1671/11072 (15%), AflStats: {"pending":59,"pending_fav":0,"own_finds":242,"imported":0}
[Testcase #0] run time: 6m-42s, clients: 1, corpus: 244, objectives: 2, executions: 116694, exec/sec: 290.0, shared_mem: 1671/11072 (15%), AflStats: {"pending":59,"pending_fav":0,"own_finds":242,"imported":0}
[Client Heartbeat #0] run time: 6m-44s, clients: 1, corpus: 244, objectives: 2, executions: 117216, exec/sec: 289.8, shared_mem: 1671/11072 (15%), AflStats: {"pending":59,"pending_fav":0,"own_finds":242,"imported":0}
[Client Heartbeat #0] run time: 6m-46s, clients: 1, corpus: 244, objectives: 2, executions: 117807, exec/sec: 289.8, shared_mem: 1671/11072 (15%), AflStats: {"pending":59,"pending_fav":0,"own_finds":242,"imported":0}
[UserStats #0] run time: 6m-48s, clients: 1, corpus: 244, objectives: 2, executions: 118433, exec/sec: 289.8, shared_mem: 1671/11072 (15%), AflStats: {"pending":53,"pending_fav":0,"own_finds":244,"imported":0}
[Client Heartbeat #0] run time: 6m-48s, clients: 1, corpus: 244, objectives: 2, executions: 118433, exec/sec: 289.8, shared_mem: 1671/11072 (15%), AflStats: {"pending":53,"pending_fav":0,"own_finds":244,"imported":0}
[Client Heartbeat #0] run time: 6m-50s, clients: 1, corpus: 244, objectives: 2, executions: 118921, exec/sec: 289.5, shared_mem: 1671/11072 (15%), AflStats: {"pending":53,"pending_fav":0,"own_finds":244,"imported":0}
[Client Heartbeat #0] run time: 6m-52s, clients: 1, corpus: 244, objectives: 2, executions: 119609, exec/sec: 289.7, shared_mem: 1671/11072 (15%), AflStats: {"pending":53,"pending_fav":0,"own_finds":244,"imported":0}
[Client Heartbeat #0] run time: 6m-54s, clients: 1, corpus: 244, objectives: 2, executions: 120308, exec/sec: 289.9, shared_mem: 1671/11072 (15%), AflStats: {"pending":53,"pending_fav":0,"own_finds":244,"imported":0}
[Client Heartbeat #0] run time: 6m-57s, clients: 1, corpus: 244, objectives: 2, executions: 120834, exec/sec: 289.8, shared_mem: 1671/11072 (15%), AflStats: {"pending":53,"pending_fav":0,"own_finds":244,"imported":0}
[Client Heartbeat #0] run time: 6m-59s, clients: 1, corpus: 244, objectives: 2, executions: 121481, exec/sec: 289.8, shared_mem: 1671/11072 (15%), AflStats: {"pending":53,"pending_fav":0,"own_finds":244,"imported":0}
[Client Heartbeat #0] run time: 7m-1s, clients: 1, corpus: 244, objectives: 2, executions: 122112, exec/sec: 289.9, shared_mem: 1671/11072 (15%), AflStats: {"pending":53,"pending_fav":0,"own_finds":244,"imported":0}
[Client Heartbeat #0] run time: 7m-3s, clients: 1, corpus: 244, objectives: 2, executions: 122753, exec/sec: 289.9, shared_mem: 1671/11072 (15%), AflStats: {"pending":53,"pending_fav":0,"own_finds":244,"imported":0}
[UserStats #0] run time: 7m-3s, clients: 1, corpus: 244, objectives: 2, executions: 122862, exec/sec: 289.9, shared_mem: 1671/11072 (15%), AflStats: {"pending":50,"pending_fav":0,"own_finds":244,"imported":0}
[Client Heartbeat #0] run time: 7m-5s, clients: 1, corpus: 244, objectives: 2, executions: 123244, exec/sec: 289.7, shared_mem: 1671/11072 (15%), AflStats: {"pending":50,"pending_fav":0,"own_finds":244,"imported":0}
[Client Heartbeat #0] run time: 7m-7s, clients: 1, corpus: 244, objectives: 2, executions: 123937, exec/sec: 289.8, shared_mem: 1671/11072 (15%), AflStats: {"pending":50,"pending_fav":0,"own_finds":244,"imported":0}
[Client Heartbeat #0] run time: 7m-10s, clients: 1, corpus: 244, objectives: 2, executions: 124533, exec/sec: 289.5, shared_mem: 1671/11072 (15%), AflStats: {"pending":50,"pending_fav":0,"own_finds":244,"imported":0}
[Client Heartbeat #0] run time: 7m-12s, clients: 1, corpus: 244, objectives: 2, executions: 125036, exec/sec: 289.3, shared_mem: 1671/11072 (15%), AflStats: {"pending":50,"pending_fav":0,"own_finds":244,"imported":0}
[Client Heartbeat #0] run time: 7m-14s, clients: 1, corpus: 244, objectives: 2, executions: 125693, exec/sec: 289.3, shared_mem: 1671/11072 (15%), AflStats: {"pending":50,"pending_fav":0,"own_finds":244,"imported":0}
[Client Heartbeat #0] run time: 7m-16s, clients: 1, corpus: 244, objectives: 2, executions: 126363, exec/sec: 289.4, shared_mem: 1671/11072 (15%), AflStats: {"pending":50,"pending_fav":0,"own_finds":244,"imported":0}
[Client Heartbeat #0] run time: 7m-18s, clients: 1, corpus: 244, objectives: 2, executions: 126966, exec/sec: 289.4, shared_mem: 1671/11072 (15%), AflStats: {"pending":50,"pending_fav":0,"own_finds":244,"imported":0}
[UserStats #0] run time: 7m-18s, clients: 1, corpus: 244, objectives: 2, executions: 127058, exec/sec: 289.5, shared_mem: 1671/11072 (15%), AflStats: {"pending":49,"pending_fav":0,"own_finds":244,"imported":0}
[Client Heartbeat #0] run time: 7m-20s, clients: 1, corpus: 244, objectives: 2, executions: 127587, exec/sec: 289.5, shared_mem: 1671/11072 (15%), AflStats: {"pending":49,"pending_fav":0,"own_finds":244,"imported":0}
[Client Heartbeat #0] run time: 7m-23s, clients: 1, corpus: 244, objectives: 2, executions: 128305, exec/sec: 289.5, shared_mem: 1671/11072 (15%), AflStats: {"pending":49,"pending_fav":0,"own_finds":244,"imported":0}
[Client Heartbeat #0] run time: 7m-25s, clients: 1, corpus: 244, objectives: 2, executions: 128922, exec/sec: 289.5, shared_mem: 1671/11072 (15%), AflStats: {"pending":49,"pending_fav":0,"own_finds":244,"imported":0}
[Client Heartbeat #0] run time: 7m-27s, clients: 1, corpus: 244, objectives: 2, executions: 129556, exec/sec: 289.6, shared_mem: 1671/11072 (15%), AflStats: {"pending":49,"pending_fav":0,"own_finds":244,"imported":0}
[Client Heartbeat #0] run time: 7m-29s, clients: 1, corpus: 244, objectives: 2, executions: 130227, exec/sec: 289.5, shared_mem: 1671/11072 (15%), AflStats: {"pending":49,"pending_fav":0,"own_finds":244,"imported":0}
[Client Heartbeat #0] run time: 7m-32s, clients: 1, corpus: 244, objectives: 2, executions: 130817, exec/sec: 289.4, shared_mem: 1671/11072 (15%), AflStats: {"pending":49,"pending_fav":0,"own_finds":244,"imported":0}

thread 'main' (55619) panicked at src/bin/fuzz_combined_afl.rs:956:14:
fuzz_one failed: Unknown("Unable to communicate with fork server (OOM?)",    0: libafl::executors::forkserver::Forkserver::read_st_timed
   1: <libafl::fuzzer::StdFuzzer<CS,F,IC,IF,OF> as libafl::fuzzer::ExecutesInput<E,EM,I,S>>::execute_input
   2: <libafl::fuzzer::StdFuzzer<CS,F,IC,IF,OF> as libafl::fuzzer::Evaluator<E,EM,I,S>>::evaluate_filtered
   3: <ST as libafl::stages::RestartableStage<E,EM,S,Z>>::perform_restartable
   4: <(Head,Tail) as libafl::stages::StagesTuple<E,EM,S,Z>>::perform_all
   5: <libafl::fuzzer::StdFuzzer<CS,F,IC,IF,OF> as libafl::fuzzer::Fuzzer<E,EM,I,S,ST>>::fuzz_one
   6: fuzz_combined_afl::main
   7: std::sys::backtrace::__rust_begin_short_backtrace
   8: std::rt::lang_start::{{closure}}
   9: std::rt::lang_start_internal
  10: main
  11: __libc_start_call_main
             at ./csu/../sysdeps/nptl/libc_start_call_main.h:58:16
  12: __libc_start_main_impl
             at ./csu/../csu/libc-start.c:360:3
  13: _start
)
note: run with `RUST_BACKTRACE=1` environment variable to display a backtrace
